id,ticket_id,organization_id,resolution_type,service_type,vendor_id,vendor_name_manual,items_used,total_parts_cost,total_labour_cost,total_cost,closure_summary,resolved_at,resolved_by,created_at,bank_account_id,payment_date,payment_reference_no,proof_of_purchase_url,proof_of_payment_url,actual_items_used,actual_total_cost,diagnostic_estimated_cost,updated_at
498db7d1-6417-42fe-89f0-cc686eb74e88,912ad16c-a1c2-48c6-b445-1685778c106f,00000000-0000-0000-0000-000000000001,inhouse,condition_service,null,null,[],0,0,0,AC general service and remote working well. It is cooling . Work done,2026-04-22 10:33:29.725593+00,bd081ad6-5fe3-4c1d-a919-81b1055efa19,2026-04-22 10:33:29.725593+00,null,null,null,null,null,[],0,null,2026-06-09 05:54:53.679362+00
696bfae3-1e4f-429b-adfa-9ae94f31c8ec,a7e318bc-fde2-4691-a766-fbdf9b064f4d,00000000-0000-0000-0000-000000000001,inhouse,repair,null,null,[],0,0,0,A c not water leaking,2026-06-18 07:39:38.449321+00,bd081ad6-5fe3-4c1d-a919-81b1055efa19,2026-06-18 07:39:38.449321+00,null,null,null,null,null,[],0,null,2026-06-18 07:39:38.449321+00
3f22d0a7-c44e-4b71-8c94-6c4ee9563e19,2403da27-4924-4f3d-8754-1a476c834283,00000000-0000-0000-0000-000000000001,inhouse,condition_service,null,null,[],0,0,0,House keeping Bathroom  cleaning work done,2026-05-19 07:07:48.109636+00,bd081ad6-5fe3-4c1d-a919-81b1055efa19,2026-05-19 07:07:48.109636+00,null,null,null,null,null,[],0,null,2026-05-19 07:07:52.645714+00
22793f5a-d8e4-4450-8331-af6760efcabc,a2c8ff46-ac0a-424a-bcae-582dfd6db28e,00000000-0000-0000-0000-000000000001,inhouse,replaced,null,null,[],0,0,0,The mattress has been replaced.,2026-04-17 10:42:21.591228+00,bd081ad6-5fe3-4c1d-a919-81b1055efa19,2026-04-17 10:42:21.591228+00,null,null,null,null,null,null,null,null,2026-04-28 08:59:46.424551+00
feb1ab37-4527-455e-95a9-1f7e9566a7fa,3145b7a3-f9b8-4b69-be75-cf0d3ead40f9,00000000-0000-0000-0000-000000000001,inhouse,repair,null,null,[],0,0,0,,2026-04-18 12:30:36.928068+00,bd081ad6-5fe3-4c1d-a919-81b1055efa19,2026-04-18 12:30:36.928068+00,null,null,null,null,null,null,null,null,2026-04-28 08:59:46.424551+00
c9ea238a-cd91-4802-b04a-00aa4b129d28,d92a4b99-dbe6-4eed-81d5-fa375a71c0f8,00000000-0000-0000-0000-000000000001,inhouse,repair,null,null,[],0,0,0,,2026-04-20 12:11:36.792526+00,bd081ad6-5fe3-4c1d-a919-81b1055efa19,2026-04-20 12:11:36.792526+00,null,null,null,null,null,null,null,null,2026-04-28 08:59:46.424551+00
91393abd-f7c7-48cc-8855-ece3c837dc26,57973195-46ef-4872-a4bc-28f3eab8fd71,00000000-0000-0000-0000-000000000001,inhouse,repair,null,null,[],0,0,0,,2026-04-20 12:15:22.054549+00,bd081ad6-5fe3-4c1d-a919-81b1055efa19,2026-04-20 12:15:22.054549+00,null,null,null,null,null,null,null,null,2026-04-28 08:59:46.424551+00
49c9c787-8b70-44aa-a101-8f91f64ab57d,3292aeda-c013-4eff-8508-3770a7fc120e,00000000-0000-0000-0000-000000000001,inhouse,repair,null,null,[],0,0,0,C43-C2 AC water leaking. Work done,2026-04-20 12:18:15.18478+00,bd081ad6-5fe3-4c1d-a919-81b1055efa19,2026-04-20 12:18:15.18478+00,null,null,null,null,null,null,null,null,2026-04-28 08:59:46.424551+00
d8bf8dbc-9628-421a-9f1a-12befff72a62,f0de0900-6a45-49e5-87a7-f90468c0021f,00000000-0000-0000-0000-000000000001,inhouse,repair,null,null,[],0,0,0,,2026-04-21 19:35:53.575749+00,bd081ad6-5fe3-4c1d-a919-81b1055efa19,2026-04-21 19:35:53.575749+00,null,null,null,null,null,null,null,null,2026-04-28 08:59:46.424551+00
30563c48-85f0-4f92-868c-48c579ce857d,76d61ead-a174-4c32-b826-99c5a6277e1f,00000000-0000-0000-0000-000000000001,inhouse,repair,null,null,[],0,0,0,,2026-04-21 19:36:47.006227+00,bd081ad6-5fe3-4c1d-a919-81b1055efa19,2026-04-21 19:36:47.006227+00,null,null,null,null,null,null,null,null,2026-04-28 08:59:46.424551+00
14d341a1-dd25-4abb-b151-068c876acc13,872eb121-c785-416c-b0f2-20227d911d53,00000000-0000-0000-0000-000000000001,inhouse,repair,null,null,[],0,0,0,,2026-04-22 04:38:58.767921+00,bd081ad6-5fe3-4c1d-a919-81b1055efa19,2026-04-22 04:38:58.767921+00,null,null,null,null,null,null,null,null,2026-04-28 08:59:46.424551+00
2993020e-528d-4e6a-b434-14aac2a77854,fe68f9b2-11d4-4da9-8573-21a5fad9d663,00000000-0000-0000-0000-000000000001,inhouse,repair,null,null,[],0,0,0,"Work done ",2026-04-22 07:36:24.786641+00,bd081ad6-5fe3-4c1d-a919-81b1055efa19,2026-04-22 07:36:24.786641+00,null,null,null,null,null,null,null,null,2026-04-28 08:59:46.424551+00
5d01bd3c-3ebf-48cd-bb94-5e926cbecf40,0a249101-dd5f-4a12-9c3a-07a92226137a,00000000-0000-0000-0000-000000000001,inhouse,repair,null,null,[],0,0,0,,2026-04-22 07:50:51.097494+00,8c42685b-f2df-4dec-96bd-0e77b715e33e,2026-04-22 07:50:51.097494+00,null,null,null,null,null,null,null,null,2026-04-28 08:59:46.424551+00
82efb062-c995-479e-8e37-27df3f9a739e,cc255e0c-64bf-46b2-bb50-08ab25d1c967,00000000-0000-0000-0000-000000000001,inhouse,repair,null,null,[],0,0,0,,2026-04-22 07:53:39.968412+00,8c42685b-f2df-4dec-96bd-0e77b715e33e,2026-04-22 07:53:39.968412+00,null,null,null,null,null,null,null,null,2026-04-28 08:59:46.424551+00
9734e04f-8329-4baf-a519-6cf4048dc242,33aba1c2-3617-474c-a622-dc3f9c58140f,00000000-0000-0000-0000-000000000001,inhouse,condition_service,null,null,[],0,0,0,"Flash tank valve cleaning. Work done ",2026-04-23 06:47:43.325042+00,bd081ad6-5fe3-4c1d-a919-81b1055efa19,2026-04-23 06:47:43.325042+00,null,null,null,null,null,null,null,null,2026-04-28 08:59:46.424551+00
7fefeb7d-5726-40ae-9a7b-519704246533,ae92473e-7b54-4b9d-9518-1a34e5d7f714,00000000-0000-0000-0000-000000000001,inhouse,condition_service,null,null,[],0,0,0,AC  water servicing after good calling,2026-07-03 05:18:36.784264+00,bd081ad6-5fe3-4c1d-a919-81b1055efa19,2026-07-03 05:18:36.784264+00,null,null,null,null,null,[],0,null,2026-07-16 12:23:58.114596+00
04aea2b2-0273-4d40-ad71-5e36086d8c77,7a84dc8b-7e56-4002-b996-5d8ebf44054f,00000000-0000-0000-0000-000000000001,inhouse,condition_service,null,null,[],0,0,0,Reported issue class: Cleaning Issues. Resolution performed: condition service via inhouse.,2026-04-24 11:37:02.110969+00,bd081ad6-5fe3-4c1d-a919-81b1055efa19,2026-04-24 11:37:02.110969+00,null,null,null,null,null,[],0,null,2026-04-28 08:59:46.424551+00
6ea4c601-b8db-42e5-87d5-e19743b9a6fa,b1787bae-d6e8-4586-8858-0cb87ce35efc,00000000-0000-0000-0000-000000000001,inhouse,repair,null,null,[],0,0,0,Reported issue class: Furniture. Resolution performed: repair via inhouse.,2026-04-24 11:40:36.393883+00,bd081ad6-5fe3-4c1d-a919-81b1055efa19,2026-04-24 11:40:36.393883+00,null,null,null,null,null,[],0,null,2026-04-28 08:59:46.424551+00
676235c5-2bc0-4740-ab0c-933ce6285d0a,1a7ff493-ce01-4c1a-b20d-7b9d7aa55994,00000000-0000-0000-0000-000000000001,inhouse,repair,null,null,[],0,0,0,"The washing machine pipe is leaking, likely due to a loose connection or a damaged hose. The issue is minor and was noticed today for the first time. Resolution performed: repair via inhouse.",2026-04-24 13:08:37.176395+00,e4897d45-cba7-4d8a-ade0-d6014ccba68d,2026-04-24 13:08:37.176395+00,null,null,null,null,null,[],0,null,2026-04-28 08:59:46.424551+00
4b49ac27-cdf2-4364-8a58-f3a0aa2f9a54,2d713c73-7e76-4895-a544-5c78e46173fb,00000000-0000-0000-0000-000000000001,inhouse,replaced,null,null,"[{""qty"":1,""name"":""Health Faucet Set (With Hose)"",""total"":300,""unit_cost"":300,""vendor_name"":null,""usage_source"":""new_purchase"",""invoice_number"":null,""maintenance_item_id"":""2c334f29-895e-4c3b-a26a-b68cc4ec9f39""}]",300,0,300,"The toilet flush gun in the common washroom is leaking. The issue was noticed today, is minor, and is a first-time occurrence with no specific trigger. It is only affecting this washroom. Resolution performed: replaced via inhouse — parts/materials addressed: Health Faucet Set (With Hose).",2026-04-24 13:24:40.373247+00,e4897d45-cba7-4d8a-ade0-d6014ccba68d,2026-04-24 13:24:40.373247+00,e4b192b6-9da9-485c-b5be-26f3de3bea71,2026-04-23,122033547413,https://slljsigvfaxngpjaajjd.supabase.co/storage/v1/object/public/documents/ticket-proof-of-purchase/1777036453805-1o6l9vile4m.png,https://slljsigvfaxngpjaajjd.supabase.co/storage/v1/object/public/documents/ticket-proof-of-payment/1777037057969-x63j7i6tmp8.png,"[{""qty"":1,""name"":""Health Faucet Set (With Hose)"",""total"":300,""unit_cost"":300,""vendor_name"":null,""usage_source"":""new_purchase"",""invoice_number"":null,""maintenance_item_id"":""2c334f29-895e-4c3b-a26a-b68cc4ec9f39""}]",300,null,2026-04-28 08:59:46.424551+00
0beb1b3c-1145-48ea-b605-cf8fb5826352,5d341a5d-b7e7-4e8d-97fb-bf57a2426652,00000000-0000-0000-0000-000000000001,inhouse,repair,null,null,[],0,0,0,"The washing machine is receiving very little water, making it difficult to operate effectively. This is a new issue and only affects your room. Resolution performed: repair via inhouse.",2026-04-24 13:54:54.364904+00,e4897d45-cba7-4d8a-ade0-d6014ccba68d,2026-04-24 13:54:54.364904+00,null,null,null,null,null,[],0,null,2026-04-28 08:59:46.424551+00
78ef4026-b657-4c98-88bf-2cf8ab848d04,4c3d4b48-972e-46e0-90d8-d6b7a2653e36,00000000-0000-0000-0000-000000000001,inhouse,repair,null,null,[],0,0,0,"The entire room B34 has no power, and the MCB has tripped. Other rooms have power, and the issue occurred suddenly. Resolution performed: repair via inhouse.",2026-04-24 13:56:01.85549+00,e4897d45-cba7-4d8a-ade0-d6014ccba68d,2026-04-24 13:56:01.85549+00,null,null,null,null,null,[],0,null,2026-04-28 08:59:46.424551+00
3d3fe98f-7c58-40b9-a26e-62f16a8e571e,d722759f-6f57-45cf-bb2e-49ce36bafeeb,00000000-0000-0000-0000-000000000001,inhouse,condition_service,null,null,[],0,0,0,Reported issue class: RO Water Issues. Resolution performed: condition service via inhouse.,2026-04-25 06:03:52.735078+00,bd081ad6-5fe3-4c1d-a919-81b1055efa19,2026-04-25 06:03:52.735078+00,null,null,null,null,null,[],0,null,2026-04-28 08:59:46.424551+00
e792a1cb-f108-454a-8af5-8972b71b6408,ac597c1a-68f7-49a5-8760-11224712adb6,00000000-0000-0000-0000-000000000001,inhouse,condition_service,null,null,[],0,0,0,The customer has lost their keys for both the main door and their room. This is a minor issue and has not happened before. It only affects their room. Resolution performed: condition service via inhouse.,2026-04-25 06:32:13.262165+00,8c42685b-f2df-4dec-96bd-0e77b715e33e,2026-04-25 06:32:13.262165+00,null,null,null,null,null,[],0,null,2026-04-28 08:59:46.424551+00
152a80f3-4bbe-4375-a150-e44fcfca9e4c,4f43e97f-c4e1-4156-988a-54c9f6c99e72,00000000-0000-0000-0000-000000000001,inhouse,repair,null,null,[],0,0,0,The office key B44-A for your room is currently unavailable or not working. This is a minor issue affecting only your room and was noticed today for the first time. Resolution performed: repair via inhouse.,2026-04-25 06:34:27.885047+00,8c42685b-f2df-4dec-96bd-0e77b715e33e,2026-04-25 06:34:27.885047+00,null,null,null,null,null,[],0,null,2026-04-28 08:59:46.424551+00
9efca62e-8f41-4c2d-b068-2e363619623f,b88e51a5-f3cb-4174-bcae-781487f61548,00000000-0000-0000-0000-000000000001,inhouse,condition_service,null,null,[],0,0,0,Reported issue class: AC Issues. Resolution performed: condition service via inhouse.,2026-04-25 13:53:21.606657+00,bd081ad6-5fe3-4c1d-a919-81b1055efa19,2026-04-25 13:53:21.606657+00,null,null,null,null,null,[],0,null,2026-04-28 08:59:46.424551+00
49af0bdd-2bcc-46ee-9604-2dd231e93dd8,2500da24-9030-4a35-bdca-c1175df4b2ff,00000000-0000-0000-0000-000000000001,inhouse,repair,null,null,[],0,0,0,"The primary issue is a dipping mattress causing backache, likely due to wear and tear. The secondary issue is a creaking bed frame, which could be due to loose joints or damaged slats. Resolution performed: repair via inhouse.",2026-04-25 13:58:40.887599+00,bd081ad6-5fe3-4c1d-a919-81b1055efa19,2026-04-25 13:58:40.887599+00,null,null,null,null,null,[],0,null,2026-04-28 08:59:46.424551+00
f567f976-541b-490b-8811-88ba70ccf7b2,768547d3-d472-4ce0-9930-cfe1ef655793,00000000-0000-0000-0000-000000000001,inhouse,repair,null,null,[],0,0,0,Reported issue class: Other. Resolution performed: repair via inhouse.,2026-04-25 14:00:04.340538+00,bd081ad6-5fe3-4c1d-a919-81b1055efa19,2026-04-25 14:00:04.340538+00,null,null,null,null,null,[],0,null,2026-04-28 08:59:46.424551+00
0dc55982-4d58-434f-bd4c-0bf22c1c19a1,ba75932d-0505-4a0c-949b-84bc22c5eb59,00000000-0000-0000-0000-000000000001,inhouse,repair,null,null,[],0,0,0,Reported issue class: Furniture. Resolution performed: repair via inhouse.,2026-04-25 14:04:45.624459+00,bd081ad6-5fe3-4c1d-a919-81b1055efa19,2026-04-25 14:04:45.624459+00,null,null,null,null,null,[],0,null,2026-04-28 08:59:46.424551+00
5c87fa31-ea50-49a5-ab02-1c6dad71c75c,3617c754-2014-417f-89e9-872fdc322560,00000000-0000-0000-0000-000000000001,inhouse,repair,null,null,[],0,0,0,Washing machine working good,2026-05-19 12:23:31.234279+00,bd081ad6-5fe3-4c1d-a919-81b1055efa19,2026-05-19 12:23:31.234279+00,null,null,null,null,null,[],0,null,2026-05-19 12:23:31.234279+00
d2eb2942-a436-43e9-9973-5b1c1a96ec5d,58187d60-a167-4ff1-b719-83401928ff54,00000000-0000-0000-0000-000000000001,inhouse,repair,null,null,[],0,0,0,AC working good cooling. Work done,2026-04-18 12:31:06.112696+00,bd081ad6-5fe3-4c1d-a919-81b1055efa19,2026-04-18 12:31:06.112696+00,null,null,null,null,null,[],0,null,2026-05-22 05:55:29.126594+00
eb5a1d83-b4ad-4d5f-93ed-a5f50170a95e,32cb1ee0-419b-40de-aef5-b94e94f94f20,00000000-0000-0000-0000-000000000001,inhouse,condition_service,null,null,[],0,0,0,We did not spot any rats in the hall located in front of your room. We are taking steps to catch them using rat traps.,2026-05-19 05:02:50.475165+00,bd081ad6-5fe3-4c1d-a919-81b1055efa19,2026-05-19 05:02:50.475165+00,null,null,null,null,null,[],0,null,2026-05-19 05:02:53.53518+00
c8054987-48e7-4b8b-b04e-7a4d058fd597,488572a1-3596-4a89-9d85-69a2b47f3300,00000000-0000-0000-0000-000000000001,inhouse,condition_service,null,null,[],0,0,0,Work done,2026-04-29 05:05:56.111965+00,bd081ad6-5fe3-4c1d-a919-81b1055efa19,2026-04-29 05:05:56.111965+00,null,null,null,null,null,[],0,null,2026-05-20 13:40:58.670207+00
95578448-06d6-44b8-9ede-dd33b1349a31,7b5a60ef-d1f2-4f62-943f-59506796ec43,00000000-0000-0000-0000-000000000001,inhouse,condition_service,null,null,[],0,0,0,New look changed,2026-06-03 04:28:22.427493+00,bd081ad6-5fe3-4c1d-a919-81b1055efa19,2026-06-03 04:28:22.427493+00,null,null,null,null,null,[],0,null,2026-06-03 04:28:33.384824+00
48db448a-1a18-47db-9a1f-a2f8a054047f,6655ddc8-ece3-485d-a194-14d08986ba03,00000000-0000-0000-0000-000000000001,inhouse,condition_service,null,null,[],0,0,0,"C42-B B42 restroom drain pipe water not going , The blockage has been cleared. with CAUSTIC SODA",2026-05-20 11:59:46.52623+00,bd081ad6-5fe3-4c1d-a919-81b1055efa19,2026-05-20 11:59:46.52623+00,null,null,null,null,null,[],0,null,2026-06-03 04:37:10.228457+00
d30e77b2-7b4c-41f5-a596-97c383001efe,c1b52572-c0ee-4d6f-8b4b-19e97105217b,00000000-0000-0000-0000-000000000001,inhouse,condition_service,null,null,[],0,0,0,Reported issue class: Washing machine Issue. Resolution performed: condition service via inhouse.,2026-04-28 04:37:59.790237+00,bd081ad6-5fe3-4c1d-a919-81b1055efa19,2026-04-28 04:37:59.790237+00,null,null,null,null,null,[],0,null,2026-04-28 10:11:39.943579+00
adab97be-4e8d-4773-ac99-3f3a0abd7078,204275a1-d75e-4b2f-ad2f-ae607f40730a,00000000-0000-0000-0000-000000000001,inhouse,repair,null,null,[],0,0,0,New tube light changed,2026-06-04 10:08:00.149355+00,bd081ad6-5fe3-4c1d-a919-81b1055efa19,2026-06-04 10:08:00.149355+00,null,null,null,null,null,[],0,null,2026-06-04 10:08:02.650161+00
6cff93e7-d9d0-4d07-abe0-096b2c29520d,30f4d87a-751c-4266-ad46-975889178700,00000000-0000-0000-0000-000000000001,inhouse,repair,null,null,[],0,0,0,Housekeeping cleaning work done,2026-06-04 10:25:41.035116+00,bd081ad6-5fe3-4c1d-a919-81b1055efa19,2026-06-04 10:25:41.035116+00,null,null,null,null,null,[],0,null,2026-06-04 10:25:41.035116+00
6afcd29b-a44c-4658-a9fc-465ca0e25db0,e4be2723-0b34-4274-a153-d5586ae48053,00000000-0000-0000-0000-000000000001,inhouse,repair,null,null,[],0,0,0,Reported issue class: Toilet Issues. Resolution performed: repair via inhouse.,2026-04-28 05:18:34.187817+00,bd081ad6-5fe3-4c1d-a919-81b1055efa19,2026-04-28 05:18:34.187817+00,null,null,null,null,null,[],0,null,2026-04-28 08:59:46.424551+00
e9b0b4d1-6092-4628-8bfb-08fcfd98752b,2d04137c-1bbf-4263-b67e-e5d876b7df10,00000000-0000-0000-0000-000000000001,inhouse,repair,null,null,[],0,0,0,Reported issue class: Internet Issues. Resolution performed: repair via inhouse.,2026-04-28 05:49:14.334957+00,bd081ad6-5fe3-4c1d-a919-81b1055efa19,2026-04-28 05:49:14.334957+00,null,null,null,null,null,[],0,null,2026-04-28 08:59:46.424551+00
086c1093-4c45-46bb-aa2d-89775d8d8028,bdd973e0-2c3c-4f59-91eb-6b511ab1f88e,00000000-0000-0000-0000-000000000001,inhouse,condition_service,null,null,[],0,0,0,Reported issue class: Washing machine Issue. Resolution performed: condition service via inhouse.,2026-04-28 07:45:16.867033+00,bd081ad6-5fe3-4c1d-a919-81b1055efa19,2026-04-28 07:45:16.867033+00,null,null,null,null,null,[],0,null,2026-04-28 08:59:46.424551+00
dc0934cc-9541-4179-ac07-01e6cddd57ab,084a0c36-2582-40e3-8475-6aba20bc16fc,00000000-0000-0000-0000-000000000001,inhouse,repair,null,null,[],0,0,0,"The fridge is experiencing heavy ice buildup in the freezer, despite the motor running and the door sealing properly. This suggests an issue with the defrost system. Resolution performed: repair via inhouse.",2026-04-27 11:53:05.283239+00,bd081ad6-5fe3-4c1d-a919-81b1055efa19,2026-04-27 11:53:05.283239+00,null,null,null,null,null,[],0,null,2026-04-28 10:49:52.405554+00
1c12565e-b672-4c18-ac1e-20dd2bf4820c,9bd4d358-7776-4a11-a6f5-84023090ca9c,00000000-0000-0000-0000-000000000001,inhouse,repair,null,null,[],0,0,0,Reported issue class: Electrical Issues. Resolution performed: repair via inhouse.,2026-04-29 04:43:15.544139+00,bd081ad6-5fe3-4c1d-a919-81b1055efa19,2026-04-29 04:43:15.544139+00,null,null,null,null,null,[],0,null,2026-04-29 04:43:15.544139+00
175798fe-a0ef-467a-bc75-22848e16a224,4f67d38e-db9d-4de3-be89-726052bf6887,00000000-0000-0000-0000-000000000001,inhouse,condition_service,null,null,[],0,0,0,Reported issue class: RO Water Issues. Resolution performed: condition service via inhouse.,2026-04-29 06:48:40.717885+00,bd081ad6-5fe3-4c1d-a919-81b1055efa19,2026-04-29 06:48:40.717885+00,null,null,null,null,null,[],0,null,2026-04-29 06:48:40.717885+00
066333ff-c2e0-4f3f-8290-25cc48f2798c,f8c6f83f-55ab-4ed2-a212-452d032d8223,00000000-0000-0000-0000-000000000001,inhouse,condition_service,null,null,[],0,0,0,Reported issue class: Washing machine Issue. Resolution performed: condition service via inhouse.,2026-04-29 06:51:27.01037+00,bd081ad6-5fe3-4c1d-a919-81b1055efa19,2026-04-29 06:51:27.01037+00,null,null,null,null,null,[],0,null,2026-04-29 06:51:27.01037+00
4edf8988-dc47-428b-ad62-e0d1791fb81f,f81606ff-f03d-4d5c-b8fb-6c0f5b46f70d,00000000-0000-0000-0000-000000000001,inhouse,repair,null,null,[],0,0,0,Reported issue class: RO Water Issues. Resolution performed: repair via inhouse.,2026-04-29 06:55:41.418222+00,bd081ad6-5fe3-4c1d-a919-81b1055efa19,2026-04-29 06:55:41.418222+00,null,null,null,null,null,[],0,null,2026-04-29 06:55:41.418222+00
70a7f451-40ed-4201-ba2a-b75b1d82d45d,9ef8dcc4-03ec-4ce8-82ed-9048516978d0,00000000-0000-0000-0000-000000000001,inhouse,repair,null,null,[],0,0,0,"The entire room has no power due to a tripped MCB, while other rooms have power. This occurred suddenly. The induction stove is also mentioned as an issue, which could be related to the electrical problem. Resolution performed: repair via inhouse.",2026-04-29 12:31:53.951649+00,bd081ad6-5fe3-4c1d-a919-81b1055efa19,2026-04-29 12:31:53.951649+00,null,null,null,null,null,[],0,null,2026-04-29 12:31:53.951649+00
ab6a2ef0-cb3b-474d-88f6-e1d2f68ed294,38e5fe3c-4ec9-4649-bf1a-efd37e8651e2,00000000-0000-0000-0000-000000000001,inhouse,repair,null,null,[],0,0,0,"The main issue is the relocation of sofas between rooms D11, D13, and B42, along with the cleaning of one sofa. This is a logistical task rather than a repair. Resolution performed: repair via inhouse.",2026-04-29 12:34:16.291048+00,bd081ad6-5fe3-4c1d-a919-81b1055efa19,2026-04-29 12:34:16.291048+00,null,null,null,null,null,[],0,null,2026-04-29 12:34:16.291048+00
5fca35d9-ea3b-4897-8df8-2f240d8ce123,81a80b7e-da29-4044-be0e-fcccd3afe7fd,00000000-0000-0000-0000-000000000001,inhouse,repair,null,null,[],0,0,0,"The tenant requires furniture rearrangement, including moving chairs, repairing and relocating a study table, and moving an extra cupboard while checking the existing one. The issues are minor and were noticed today for… Resolution performed: repair via inhouse.",2026-04-29 12:36:02.364263+00,bd081ad6-5fe3-4c1d-a919-81b1055efa19,2026-04-29 12:36:02.364263+00,null,null,null,null,null,[],0,null,2026-04-29 12:36:02.364263+00
9c380fe1-2690-47cd-baf2-63c9396b94d2,ed0e68ba-fe8c-4d06-a47a-284d03626f7e,00000000-0000-0000-0000-000000000001,inhouse,repair,null,null,[],0,0,0,ac issues,2026-04-30 09:15:38.651+00,bd081ad6-5fe3-4c1d-a919-81b1055efa19,2026-04-30 09:15:38.814525+00,null,null,null,null,null,[],0,null,2026-04-30 09:15:38.814525+00
8c4c4143-f080-4f5e-a12d-5ec8e0fbec90,34bf23b2-e00f-44e4-892d-93409d666322,00000000-0000-0000-0000-000000000001,inhouse,condition_service,null,null,[],0,0,0,Work done,2026-05-01 06:33:53.848953+00,bd081ad6-5fe3-4c1d-a919-81b1055efa19,2026-05-01 06:33:53.848953+00,null,null,null,null,null,[],0,null,2026-05-01 06:42:22.158792+00
59b76f41-5458-4f05-a2c0-7db8f1a82bcd,d574a779-6597-4856-988f-98fb961bbacc,00000000-0000-0000-0000-000000000001,inhouse,condition_service,null,null,[],0,0,0,Reported issue class: Washing machine Issue. Resolution performed: condition service via inhouse.,2026-04-28 05:33:06.941466+00,bd081ad6-5fe3-4c1d-a919-81b1055efa19,2026-04-28 05:33:06.941466+00,null,null,null,null,null,[],0,null,2026-05-01 07:06:49.161018+00
9e8876f8-0070-4bbc-8f57-0fdd71d5a6fd,a4a43033-febe-41a9-bbdd-2cfc86099aef,00000000-0000-0000-0000-000000000001,inhouse,repair,null,null,[],0,0,0,Reported issue class: Plumbing. Resolution performed: repair via inhouse.,2026-05-01 08:30:43.619223+00,bd081ad6-5fe3-4c1d-a919-81b1055efa19,2026-05-01 08:30:43.619223+00,null,null,null,null,null,[],0,null,2026-05-01 08:30:43.619223+00
b75f6346-032e-49cd-830e-62a13fe98771,8aa5cc61-6d57-4c38-ac7a-f4ac6c478ff1,00000000-0000-0000-0000-000000000001,inhouse,repair,null,null,[],0,0,0,"The bathroom is experiencing slow water flow, noticed today and only in your room. It's a minor issue and hasn't happened before. Resolution performed: repair via inhouse.",2026-05-02 06:13:13.218629+00,bd081ad6-5fe3-4c1d-a919-81b1055efa19,2026-05-02 06:13:13.218629+00,null,null,null,null,null,[],0,null,2026-05-02 06:13:13.218629+00
4f2edfc7-fe59-459c-bb62-04c4cf3d47be,d656424e-37a1-4a40-8922-ea466c6ab0e1,00000000-0000-0000-0000-000000000001,inhouse,condition_service,null,null,[],0,0,0,The washing machine in C-34 is experiencing slow water flow. This is a new issue and only affects this room. The severity is minor. Resolution performed: repair via inhouse.,2026-05-02 09:52:10.271343+00,bd081ad6-5fe3-4c1d-a919-81b1055efa19,2026-05-02 09:52:10.271343+00,null,null,null,null,null,[],0,null,2026-05-02 09:52:45.189018+00
d82b39dc-dc0d-47f2-a20c-ac93572d43a1,17a66482-faa4-4cad-a904-e869812f2950,00000000-0000-0000-0000-000000000001,inhouse,repair,null,null,[],0,0,0,"The entire bathroom has no power, and the MCB for that circuit has tripped suddenly. Other rooms have power. Resolution performed: repair via inhouse.",2026-05-02 11:35:20.852963+00,bd081ad6-5fe3-4c1d-a919-81b1055efa19,2026-05-02 11:35:20.852963+00,null,null,null,null,null,[],0,null,2026-05-02 11:35:20.852963+00
7d4f43a4-fba9-40a2-ab5d-fc9cde889b9b,fbb9b65c-9764-4f57-908b-cb419814fd61,00000000-0000-0000-0000-000000000001,inhouse,repair,null,null,[],0,0,0,The AC is leaking water and has weak airflow despite turning on and having a recently cleaned filter. The remote is working. Resolution performed: repair via inhouse.,2026-05-04 10:07:55.854337+00,bd081ad6-5fe3-4c1d-a919-81b1055efa19,2026-05-04 10:07:55.854337+00,null,null,null,null,null,[],0,null,2026-05-04 10:07:55.854337+00
7e4bd0de-04e8-4e76-b3d7-f132da0c4645,79834947-5612-4e83-9890-f9f95e4e0c0a,00000000-0000-0000-0000-000000000001,inhouse,repair,null,null,[],0,0,0,"The hall fan is not working, and the entire room has no power, despite the MCB being on and other rooms having power. This indicates a localized electrical issue affecting the fan circuit. Resolution performed: repair via inhouse.",2026-05-06 07:09:39.437232+00,bd081ad6-5fe3-4c1d-a919-81b1055efa19,2026-05-06 07:09:39.437232+00,null,null,null,null,null,[],0,null,2026-05-06 07:09:39.437232+00
eeca0d99-6ed1-4660-aefa-68f8708e2006,281b94ee-eecc-417c-8cf9-25b2cb80a2bc,00000000-0000-0000-0000-000000000001,inhouse,repair,null,null,[],0,0,0,"The AC is not turning on and is blowing warm air, indicating a potential issue with the cooling system or power supply to key components. The remote is working, ruling out remote-related issues. Resolution performed: repair via inhouse.",2026-05-06 12:08:17.751182+00,bd081ad6-5fe3-4c1d-a919-81b1055efa19,2026-05-06 12:08:17.751182+00,null,null,null,null,null,[],0,null,2026-05-06 12:08:17.751182+00
65ae01d1-823b-4edb-9ca5-379a0b0beaab,b16a2495-69ed-4671-9dfd-adf008115c06,00000000-0000-0000-0000-000000000001,inhouse,repair,null,null,[],0,0,0,The AC is experiencing weak airflow and emitting a bad smell. The remote control functionality is contradictory in the provided information. Resolution performed: repair via inhouse.,2026-05-06 07:07:42.298586+00,bd081ad6-5fe3-4c1d-a919-81b1055efa19,2026-05-06 07:07:42.298586+00,null,null,null,null,null,[],0,null,2026-05-06 12:11:14.168303+00
294a88f9-39f0-4298-82a5-aadb4c75e057,610ea2c6-67f4-40c1-a0d2-df6fe5f536f6,00000000-0000-0000-0000-000000000001,inhouse,repair,null,null,[],0,0,0,"The primary issue is that garbage was not collected from the bathroom during today's cleaning, despite cleaning being performed. This appears to be a one-time oversight. Resolution performed: repair via inhouse.",2026-05-07 07:03:38.264646+00,8c42685b-f2df-4dec-96bd-0e77b715e33e,2026-05-07 07:03:38.264646+00,null,null,null,null,null,[],0,null,2026-05-07 07:03:38.264646+00
d32c4931-0d32-4799-8747-bcf89a7d1ebb,51dfc044-dc6f-4a50-af93-7e9e8d15e46d,00000000-0000-0000-0000-000000000001,inhouse,condition_service,null,null,[],0,0,0,AC water not coming,2026-05-15 10:51:31.125862+00,bd081ad6-5fe3-4c1d-a919-81b1055efa19,2026-05-15 10:51:31.125862+00,null,null,null,null,null,[],0,null,2026-05-15 10:51:36.984895+00
c9a4502d-ac02-4a56-9701-14bc2bf618e9,5a1bcddb-2d8c-46b9-836e-c9260fac9645,00000000-0000-0000-0000-000000000001,inhouse,repair,null,null,[],0,0,0,Clening Done,2026-05-07 07:08:22.909234+00,8c42685b-f2df-4dec-96bd-0e77b715e33e,2026-05-07 07:08:22.909234+00,null,null,null,null,null,[],0,null,2026-05-07 07:08:22.909234+00
b7c43310-4329-4837-8f83-b259d544c5c8,22eb3c39-c0bd-440d-b24b-ba80aa6cdb26,00000000-0000-0000-0000-000000000001,inhouse,repair,null,null,[],0,0,0,One new mat ginven,2026-05-07 07:12:27.306+00,8c42685b-f2df-4dec-96bd-0e77b715e33e,2026-05-07 07:12:27.306+00,null,null,null,null,null,[],0,null,2026-05-07 07:12:27.306+00
b857c6c2-e54f-4629-a315-50101e9c7925,f7a042a6-0da1-4ed0-8ec9-1df4485f0395,00000000-0000-0000-0000-000000000001,inhouse,repair,null,null,[],0,0,0,Clening Done,2026-05-07 07:13:08.294205+00,8c42685b-f2df-4dec-96bd-0e77b715e33e,2026-05-07 07:13:08.294205+00,null,null,null,null,null,[],0,null,2026-05-07 07:13:08.294205+00
3d75f82b-c1ec-4850-82a9-2eff2905b65d,e4dde419-3a46-4d6e-b263-48266ba1c497,00000000-0000-0000-0000-000000000001,inhouse,repair,null,null,[],0,0,0,Clening Done,2026-05-07 07:13:43.814433+00,8c42685b-f2df-4dec-96bd-0e77b715e33e,2026-05-07 07:13:43.814433+00,null,null,null,null,null,[],0,null,2026-05-07 07:13:43.814433+00
e1b2852f-3586-47a3-8949-bfc9611ac3c1,68542466-9525-4a7a-bad1-384981867a1a,00000000-0000-0000-0000-000000000001,inhouse,repair,null,null,[],0,0,0,Clening Done,2026-05-07 07:14:19.4002+00,8c42685b-f2df-4dec-96bd-0e77b715e33e,2026-05-07 07:14:19.4002+00,null,null,null,null,null,[],0,null,2026-05-07 07:14:19.4002+00
f623db49-fee3-4bfd-9bac-981f33d21946,f43974a5-c1b8-4d39-9446-5bfe0f18fcd3,00000000-0000-0000-0000-000000000001,inhouse,repair,null,null,[],0,0,0,Clening Done,2026-05-07 07:15:46.804532+00,8c42685b-f2df-4dec-96bd-0e77b715e33e,2026-05-07 07:15:46.804532+00,null,null,null,null,null,[],0,null,2026-06-15 10:11:48.530277+00
c5cdab85-9eb7-4d34-aa57-9a9a741ace6b,0c36c099-242f-4649-b3a0-3a16774d674f,00000000-0000-0000-0000-000000000001,inhouse,repair,null,null,[],0,0,0,Clening Done,2026-05-07 07:14:56.046364+00,8c42685b-f2df-4dec-96bd-0e77b715e33e,2026-05-07 07:14:56.046364+00,null,null,null,null,null,[],0,null,2026-05-07 07:14:59.974413+00
17b027e0-f54b-45fe-bf5b-81f05a69768a,cd9d1309-4a43-4af2-85c7-a8f6aa98cc45,00000000-0000-0000-0000-000000000001,inhouse,condition_service,null,null,[],0,0,0,Housekeeping cleaning work done,2026-07-15 15:00:09.617787+00,bd081ad6-5fe3-4c1d-a919-81b1055efa19,2026-07-15 15:00:09.617787+00,null,null,null,null,null,[],0,null,2026-07-15 15:00:16.696273+00
0a38f6d2-2237-45ef-b506-4a072ed2b5d5,25627ef2-0336-47f6-8a33-cf89a60ab7c7,00000000-0000-0000-0000-000000000001,inhouse,repair,null,null,[],0,0,0,Work done,2026-06-18 07:29:25.567054+00,bd081ad6-5fe3-4c1d-a919-81b1055efa19,2026-06-18 07:29:25.567054+00,null,null,null,null,null,[],0,null,2026-06-18 07:29:30.751441+00
3474898f-92e6-46f9-ae62-9f9c028b703b,195b33de-b770-4b0e-bd94-babf652a0704,00000000-0000-0000-0000-000000000001,inhouse,repair,null,null,[],0,0,0,Reported issue class: Cleaning Issues. Resolution performed: repair via inhouse.,2026-05-07 10:53:58.57917+00,bd081ad6-5fe3-4c1d-a919-81b1055efa19,2026-05-07 10:53:58.57917+00,null,null,null,null,null,[],0,null,2026-05-07 10:53:58.57917+00
30f24ff8-3b45-429a-b3e4-70c22e09b168,96ac38f2-88f0-4bad-b91f-7e63474cbd8a,00000000-0000-0000-0000-000000000001,inhouse,condition_service,null,null,[],0,0,0,New cupboard lock changed,2026-05-19 07:12:09.79543+00,bd081ad6-5fe3-4c1d-a919-81b1055efa19,2026-05-19 07:12:09.79543+00,null,null,null,null,null,[],0,null,2026-05-19 07:12:13.909822+00
cd69edeb-a60b-4bd9-a3c3-0561b0a21bf6,ef8c3a1d-43af-4961-8357-cf070d80c051,00000000-0000-0000-0000-000000000001,inhouse,repair,null,null,[],0,0,0,"The Wi-Fi is connected but there is no internet access on your specific device, while other users in the same area are unaffected and the router lights are normal. This strongly suggests an issue with your device's netw… Resolution performed: repair via inhouse.",2026-05-07 11:07:07.104856+00,bd081ad6-5fe3-4c1d-a919-81b1055efa19,2026-05-07 11:07:07.104856+00,null,null,null,null,null,[],0,null,2026-05-07 11:07:17.255489+00
276b96e3-1f15-47f5-b0c2-8356d7716dbf,563ac94b-7456-4248-8168-c966fdfc62e8,00000000-0000-0000-0000-000000000001,inhouse,repair,null,null,[],0,0,0,"The C21 router is showing a 'LOS' error, and there is no WiFi signal. All router lights are green, and restarting the device did not resolve the issue. Only your connection is affected. Resolution performed: repair via inhouse.",2026-05-07 11:13:06.934924+00,bd081ad6-5fe3-4c1d-a919-81b1055efa19,2026-05-07 11:13:06.934924+00,null,null,null,null,null,[],0,null,2026-05-07 11:13:06.934924+00
5c024e15-6d58-449a-bd53-148bf9dad993,fb3b774d-c4e5-489d-8094-e94fab7628a7,00000000-0000-0000-0000-000000000001,inhouse,repair,null,null,[],0,0,0,Fan motor and gas 32 refilling,2026-05-08 04:56:46.874742+00,bd081ad6-5fe3-4c1d-a919-81b1055efa19,2026-05-08 04:56:46.874742+00,null,null,null,null,null,[],0,null,2026-05-08 04:56:46.874742+00
1ae243ea-75c3-44dc-9824-5d59f3517c03,d0bf3299-2a22-4fa7-afd0-0b9ffc93ad76,00000000-0000-0000-0000-000000000001,inhouse,condition_service,null,null,[],0,0,0,'AC indoor unit. PCB board sent to service.,2026-05-08 06:58:12.082759+00,bd081ad6-5fe3-4c1d-a919-81b1055efa19,2026-05-08 06:58:12.082759+00,null,null,null,null,null,[],0,null,2026-05-08 06:58:12.082759+00
9b76b45b-8bed-4be5-9ebd-2c4d37fdaf10,469fe91b-3816-4adf-b5c6-7ba012838bc2,00000000-0000-0000-0000-000000000001,inhouse,repair,null,null,[],0,0,0,'AC indoor unit. PCB board sent to service.,2026-05-08 07:00:08.814354+00,bd081ad6-5fe3-4c1d-a919-81b1055efa19,2026-05-08 07:00:08.814354+00,null,null,null,null,null,[],0,null,2026-05-08 07:00:08.814354+00
5225fd9d-ab45-4729-8ce6-3fb7444457ac,a9ad55bd-fdac-45ed-a18c-868bf93c9793,00000000-0000-0000-0000-000000000001,inhouse,condition_service,null,null,[],0,0,0,".B43 - C.The AC cooling that room , yet those staying there claim that it is not sufficient for them.",2026-05-09 04:47:30.253512+00,bd081ad6-5fe3-4c1d-a919-81b1055efa19,2026-05-09 04:47:30.253512+00,null,null,null,null,null,[],0,null,2026-05-09 04:47:30.253512+00
352d7d5a-036c-4637-b969-a7f4341060ba,a50a8d0f-4ac8-43e0-87cb-ca92f4dffab0,00000000-0000-0000-0000-000000000001,inhouse,condition_service,null,null,[],0,0,0,"The AC in Room B44 is not cooling despite being set to 16 degrees Celsius, and the airflow is weak. This indicates a problem with the cooling system's ability to produce and distribute cold air. Resolution performed: condition service via inhouse.",2026-05-09 09:02:36.761291+00,bd081ad6-5fe3-4c1d-a919-81b1055efa19,2026-05-09 09:02:36.761291+00,null,null,null,null,null,[],0,null,2026-05-09 09:02:42.788666+00
df59c265-855b-4cab-87f7-227268a63138,ff484b1a-5e85-4d57-8f3d-8e514b8f76ac,00000000-0000-0000-0000-000000000001,inhouse,repair,null,null,[],0,0,0,Clening Done,2026-05-11 04:42:30.718513+00,8c42685b-f2df-4dec-96bd-0e77b715e33e,2026-05-11 04:42:30.718513+00,null,null,null,null,null,[],0,null,2026-05-11 04:42:39.467292+00
85596623-c32e-4d45-95a6-9d2a59f628ff,107a789d-01e3-48fc-a5fa-f82cba3dfbf8,00000000-0000-0000-0000-000000000001,inhouse,repair,null,null,[],0,0,0,"The primary issue is a termite infestation in the ceiling, leading to dirt particles falling onto the bed. This is compounded by a general lack of thorough cleaning, despite a recent attempt. The termite issue needs imm… Resolution performed: repair via inhouse.",2026-05-11 05:04:19.852234+00,8c42685b-f2df-4dec-96bd-0e77b715e33e,2026-05-11 05:04:19.852234+00,null,null,null,null,null,[],0,null,2026-05-11 05:04:24.360009+00
599b5b66-31da-407a-ab07-349d529b7d6d,d1a9b329-dee6-4993-be04-11fe8c8aca0f,00000000-0000-0000-0000-000000000001,inhouse,repair,null,null,[],0,0,0,"The primary issue is a termite infestation in the corner of the wall. While poor cleaning might be a contributing factor, the presence of termites indicates a more significant problem that requires professional interven… Resolution performed: repair via inhouse.",2026-05-11 05:05:49.781739+00,8c42685b-f2df-4dec-96bd-0e77b715e33e,2026-05-11 05:05:49.781739+00,null,null,null,null,null,[],0,null,2026-05-11 05:05:49.781739+00
2395c6e0-16e1-42d6-ad44-b3f8f4bbc027,dda32688-cb21-4683-b49b-1b75f6b72771,00000000-0000-0000-0000-000000000001,inhouse,repair,null,null,[],0,0,0,New tube light changed,2026-05-11 06:30:22.804907+00,bd081ad6-5fe3-4c1d-a919-81b1055efa19,2026-05-11 06:30:22.804907+00,null,null,null,null,null,[],0,null,2026-05-11 06:30:22.804907+00
73f7431d-9594-4ecb-bf18-860d48a2afb7,5eb5b237-34c0-4960-904f-f1aa99aa5a5c,00000000-0000-0000-0000-000000000001,inhouse,condition_service,null,null,[],0,0,0,Cleaning Room floor work Done,2026-05-12 04:38:44.464458+00,bd081ad6-5fe3-4c1d-a919-81b1055efa19,2026-05-12 04:38:44.464458+00,null,null,null,null,null,[],0,null,2026-05-12 04:38:44.464458+00
b20ef8d1-3b55-4d5e-a012-751c1c3a83a4,a20d3286-8cc7-4f31-84b3-1cb544e2756a,00000000-0000-0000-0000-000000000001,inhouse,condition_service,null,null,[],0,0,0,New tube light changed,2026-05-12 04:41:55.284633+00,bd081ad6-5fe3-4c1d-a919-81b1055efa19,2026-05-12 04:41:55.284633+00,null,null,null,null,null,[],0,null,2026-05-12 04:41:55.284633+00
9c178e0d-0b81-4147-9ff3-0602f3aeb17e,b6942741-3835-40eb-9c00-66dd29bc7170,00000000-0000-0000-0000-000000000001,inhouse,repair,null,null,[],0,0,0,New tube light changed,2026-05-12 04:43:37.663587+00,bd081ad6-5fe3-4c1d-a919-81b1055efa19,2026-05-12 04:43:37.663587+00,null,null,null,null,null,[],0,null,2026-05-12 04:43:37.663587+00
ea0023e9-afdb-466e-b1b7-334013843f56,e94fedc0-9209-4678-8a9d-4b3a6cd644f6,00000000-0000-0000-0000-000000000001,inhouse,condition_service,null,null,[],0,0,0,New tube light changed,2026-05-12 04:44:57.009761+00,bd081ad6-5fe3-4c1d-a919-81b1055efa19,2026-05-12 04:44:57.009761+00,null,null,null,null,null,[],0,null,2026-05-12 04:44:57.009761+00
82b3b37e-50b6-44b0-a261-c8f0af7f8c21,da7414fa-6c44-4570-ab9e-7a4d39ccda5d,00000000-0000-0000-0000-000000000001,inhouse,repair,null,null,[],0,0,0,"Ro water old machine spare taken changed 

WATER VALVE
PRESSURE:0.02-0.8mpa
POWER:5.0W
VOLTAGE:DC24V",2026-05-12 04:47:13.399949+00,bd081ad6-5fe3-4c1d-a919-81b1055efa19,2026-05-12 04:47:13.399949+00,null,null,null,null,null,[],0,null,2026-05-12 04:47:13.399949+00
dd3370fb-4171-4b82-bb54-0ba631e08969,33131087-1090-40d4-9806-6c96010d12a8,00000000-0000-0000-0000-000000000001,inhouse,condition_service,null,null,[],0,0,0,I brought the old bed plywood and installed it in the C31-C1. room.,2026-05-12 04:49:04.965988+00,bd081ad6-5fe3-4c1d-a919-81b1055efa19,2026-05-12 04:49:04.965988+00,null,null,null,null,null,[],0,null,2026-05-12 04:49:04.965988+00
1dc6e6f8-9d13-4597-b189-9a8602f4a320,b518acf6-04cd-4e30-90bb-ae78d57b50a0,00000000-0000-0000-0000-000000000001,inhouse,condition_service,null,null,[],0,0,0,Work done,2026-05-12 04:51:10.362319+00,bd081ad6-5fe3-4c1d-a919-81b1055efa19,2026-05-12 04:51:10.362319+00,null,null,null,null,null,[],0,null,2026-05-12 04:51:10.362319+00
cbd4d20a-e971-4eac-adff-2cf6bc3c8481,fc9e112d-5e63-4203-8b16-d7f1d68e10da,00000000-0000-0000-0000-000000000001,inhouse,condition_service,null,null,[],0,0,0,Fan working,2026-05-12 04:59:46.977663+00,bd081ad6-5fe3-4c1d-a919-81b1055efa19,2026-05-12 04:59:46.977663+00,null,null,null,null,null,[],0,null,2026-05-12 04:59:51.795433+00
d8e07b7f-4c28-48df-a723-16c6cb5785ce,5a4b0eb5-ffd2-4be2-aeea-8d02f0ac9d36,00000000-0000-0000-0000-000000000001,inhouse,condition_service,null,null,[],0,0,0,Shower head install work Done,2026-05-12 07:09:43.172556+00,bd081ad6-5fe3-4c1d-a919-81b1055efa19,2026-05-12 07:09:43.172556+00,null,null,null,null,null,[],0,null,2026-05-12 07:09:43.172556+00
cd0cfc3b-3c32-4854-b6b2-717344554a53,c34a5a2b-2e66-4e2a-9596-193484fbb757,00000000-0000-0000-0000-000000000001,inhouse,repair,null,null,[],0,0,0,"The sofa in the common area is infested with cockroaches and emitting a foul odor, indicating a severe hygiene issue. This is likely due to a combination of pest infestation and lack of thorough cleaning. Resolution performed: repair via inhouse.",2026-05-07 07:07:01.425901+00,8c42685b-f2df-4dec-96bd-0e77b715e33e,2026-05-07 07:07:01.425901+00,null,null,null,null,null,[],0,null,2026-05-12 07:31:36.042317+00
2d73c31b-2fb4-4f5e-8767-e52c9fd3d66d,cc8dabc0-557f-445d-9bf0-6297ded41835,00000000-0000-0000-0000-000000000001,inhouse,condition_service,null,null,[],0,0,0,Tube light work Done,2026-05-12 07:47:08.956261+00,bd081ad6-5fe3-4c1d-a919-81b1055efa19,2026-05-12 07:47:08.956261+00,null,null,null,null,null,[],0,null,2026-05-12 07:47:08.956261+00
56d5c0f1-3027-4049-a634-2d8b64efd02b,dc2e91e2-69aa-4915-a6dd-b84ead36f658,00000000-0000-0000-0000-000000000001,inhouse,condition_service,null,null,[],0,0,0,"The AC is turning on and air is coming out, but it's very weak and not cooling. The AC filter has not been cleaned or the cleaning history is unknown. Resolution performed: condition service via inhouse.",2026-05-12 08:22:18.756044+00,bd081ad6-5fe3-4c1d-a919-81b1055efa19,2026-05-12 08:22:18.756044+00,null,null,null,null,null,[],0,null,2026-05-12 08:22:18.756044+00
c8a233a8-9bc1-460c-9a68-8d8fd8616e46,3c0f2d94-6e2b-4bdb-9426-6c887f11be91,00000000-0000-0000-0000-000000000001,inhouse,condition_service,null,null,[],0,0,0,B14-B.AC General service work done,2026-05-13 07:04:56.255921+00,bd081ad6-5fe3-4c1d-a919-81b1055efa19,2026-05-13 07:04:56.255921+00,null,null,null,null,null,[],0,null,2026-05-13 07:05:19.895439+00
a1fa5b1f-67f1-4ba7-a80e-1861feb87db5,51d838ab-d34d-458d-8ba4-a58d1c010c5f,00000000-0000-0000-0000-000000000001,inhouse,repair,null,null,[],0,0,0,Work done,2026-06-18 07:31:17.059679+00,bd081ad6-5fe3-4c1d-a919-81b1055efa19,2026-06-18 07:31:17.059679+00,null,null,null,null,null,[],0,null,2026-06-18 07:31:21.019577+00
22b0f08f-4c58-4d62-a910-50ee006faafd,a1c5eb64-147d-4345-bcf9-908919babb90,00000000-0000-0000-0000-000000000001,inhouse,condition_service,null,null,[],0,0,0,Washing machine water coming work done,2026-05-13 07:06:52.547142+00,bd081ad6-5fe3-4c1d-a919-81b1055efa19,2026-05-13 07:06:52.547142+00,null,null,null,null,null,[],0,null,2026-05-13 07:07:02.848229+00
1a1533a4-0749-49ca-8cdc-7ac0b712c3cc,9c3cf2fa-b5d4-46e0-b7a6-a3acfca2c674,00000000-0000-0000-0000-000000000001,inhouse,condition_service,null,null,[],0,0,0,Shower head cleaning work done,2026-05-19 04:54:50.794807+00,bd081ad6-5fe3-4c1d-a919-81b1055efa19,2026-05-19 04:54:50.794807+00,null,null,null,null,null,[],0,null,2026-05-19 04:54:53.401999+00
9a5a393e-83d8-4a26-a22e-dc0da524f9e6,ef1e06ce-5ac7-4ad8-a668-f0ebffab0a86,00000000-0000-0000-0000-000000000001,inhouse,condition_service,null,null,[],0,0,0,The restroom door will be repaired shortly.The restroom door will be repaired shortly. we will processing,2026-05-13 07:11:02.993598+00,bd081ad6-5fe3-4c1d-a919-81b1055efa19,2026-05-13 07:11:02.993598+00,null,null,null,null,null,[],0,null,2026-05-13 07:11:06.11463+00
b095e1c9-0141-4635-8e86-d8ef4526a60b,696afd2a-6b96-4a16-91bd-92de7377802a,00000000-0000-0000-0000-000000000001,inhouse,condition_service,null,null,[],0,0,0,"The AC cools well, there are no problems with the AC.",2026-05-19 07:05:36.204492+00,bd081ad6-5fe3-4c1d-a919-81b1055efa19,2026-05-19 07:05:36.204492+00,null,null,null,null,null,[],0,null,2026-05-19 07:05:41.435396+00
0784f2d0-f7ae-4bb5-b75a-6b759f4800f2,9c6f1860-b99a-4590-a537-7b0051409a06,00000000-0000-0000-0000-000000000001,inhouse,condition_service,null,null,[],0,0,0,"The AC cools well, there are no problems with the AC.",2026-05-19 07:10:27.804566+00,bd081ad6-5fe3-4c1d-a919-81b1055efa19,2026-05-19 07:10:27.804566+00,null,null,null,null,null,[],0,null,2026-05-19 07:10:33.059607+00
9f9c8ba7-6894-4103-a2a0-887d956d51cd,64ee36db-ed0b-4fe8-bbfe-d5aa6e77423f,00000000-0000-0000-0000-000000000001,inhouse,repair,null,null,[],0,0,0,No water leaking,2026-06-18 08:31:18.792189+00,bd081ad6-5fe3-4c1d-a919-81b1055efa19,2026-06-18 08:31:18.792189+00,null,null,null,null,null,[],0,null,2026-06-18 08:31:26.888961+00
3e10a17f-0a2e-41c3-a1af-087ff7059a45,188b1fdb-205f-470f-b9f4-db6e18d74a41,00000000-0000-0000-0000-000000000001,inhouse,repair,null,null,[],0,0,0,HK fan cleaning work done,2026-06-03 06:09:33.189263+00,bd081ad6-5fe3-4c1d-a919-81b1055efa19,2026-06-03 06:09:33.189263+00,null,null,null,null,null,[],0,null,2026-06-03 06:09:37.981014+00
ec834c4b-7123-4b62-b6be-38893e4a0033,11dcf269-8bc3-4127-94ad-49b9f248cbb2,00000000-0000-0000-0000-000000000001,inhouse,condition_service,null,null,[],0,0,0,"There is electricity in your apartment now, no problem.",2026-05-19 07:14:30.958929+00,bd081ad6-5fe3-4c1d-a919-81b1055efa19,2026-05-19 07:14:30.958929+00,null,null,null,null,null,[],0,null,2026-05-19 07:14:37.988152+00
a4940a9b-27dd-48b4-a442-dd6af6dc78f7,30f4d87a-751c-4266-ad46-975889178700,00000000-0000-0000-0000-000000000001,inhouse,repair,null,null,[],0,0,0,Housekeeping cleaning work done,2026-06-04 10:25:52.416282+00,bd081ad6-5fe3-4c1d-a919-81b1055efa19,2026-06-04 10:25:52.416282+00,null,null,null,null,null,[],0,null,2026-06-04 10:25:52.416282+00
6beb67fe-ff58-45b2-9dcb-359677ae7316,2c8244de-5eb7-4650-b53e-707875513366,00000000-0000-0000-0000-000000000001,inhouse,condition_service,null,null,[],0,0,0,"There is electricity in your apartment now, no problem.",2026-05-19 07:19:03.789344+00,bd081ad6-5fe3-4c1d-a919-81b1055efa19,2026-05-19 07:19:03.789344+00,null,null,null,null,null,[],0,null,2026-05-19 07:19:06.475353+00
b62d7c0e-4240-493e-933a-eef814561943,3be84f30-5349-486b-a4a2-d5e936abdba5,00000000-0000-0000-0000-000000000001,inhouse,repair,null,null,[],0,0,0,We have turned our attention to that specific cupboard. We will get it fixed for you.,2026-05-13 09:58:11.618819+00,bd081ad6-5fe3-4c1d-a919-81b1055efa19,2026-05-13 09:58:11.618819+00,null,null,null,null,null,[],0,null,2026-05-13 09:58:17.539235+00
c20b44b4-dde7-4ea8-be35-078283f1c7cd,aac4f5a4-d8d3-4cc8-9292-e01278f8efc2,00000000-0000-0000-0000-000000000001,inhouse,condition_service,null,null,[],0,0,0,House keeping Balcony cleaning work done,2026-05-19 07:24:11.854781+00,bd081ad6-5fe3-4c1d-a919-81b1055efa19,2026-05-19 07:24:11.854781+00,null,null,null,null,null,[],0,null,2026-05-19 07:24:15.778271+00
1666ac60-5f3d-4cad-bb9b-c76b44661200,35df53c4-12a2-4134-a0ae-df8575e49a09,00000000-0000-0000-0000-000000000001,inhouse,condition_service,null,null,[],0,0,0,New cupboard lock changed,2026-05-19 07:26:41.747124+00,bd081ad6-5fe3-4c1d-a919-81b1055efa19,2026-05-19 07:26:41.747124+00,null,null,null,null,null,[],0,null,2026-05-19 07:26:44.760068+00
baee863d-c156-4530-acda-aae716837d85,4dc1661f-4f6f-480f-914b-c4c531a02740,00000000-0000-0000-0000-000000000001,inhouse,condition_service,null,null,[],0,0,0,"The AC cools well, there are no problems with the AC.",2026-05-19 08:18:00.344114+00,bd081ad6-5fe3-4c1d-a919-81b1055efa19,2026-05-19 08:18:00.344114+00,null,null,null,null,null,[],0,null,2026-05-19 08:18:03.995514+00
c4f1029b-f9a1-4583-bede-cec732c2919b,2e126a23-8caf-4f95-8de0-b745519555c4,00000000-0000-0000-0000-000000000001,inhouse,repair,null,null,[],0,0,0,New regulator changed,2026-05-19 12:18:33.678706+00,bd081ad6-5fe3-4c1d-a919-81b1055efa19,2026-05-19 12:18:33.678706+00,null,null,null,null,null,[],0,null,2026-05-19 12:18:51.935883+00
2e14d1b1-e55d-4614-8fbd-63aaaef42ff0,eed88ead-3973-4643-8814-412fdd2ad9be,00000000-0000-0000-0000-000000000001,inhouse,condition_service,null,null,[],0,0,0,AC working good cooling,2026-05-19 12:20:44.027457+00,bd081ad6-5fe3-4c1d-a919-81b1055efa19,2026-05-19 12:20:44.027457+00,null,null,null,null,null,[],0,null,2026-05-19 12:20:46.371037+00
42bb6480-6ff1-4fa2-afe2-7ce8f18be1ab,c3120da0-ba49-4a90-872a-19d881add1e0,00000000-0000-0000-0000-000000000001,inhouse,condition_service,null,null,[],0,0,0,AC working good,2026-04-25 14:18:38.875523+00,bd081ad6-5fe3-4c1d-a919-81b1055efa19,2026-04-25 14:18:38.875523+00,null,null,null,null,null,[],0,null,2026-05-19 12:24:28.18382+00
c0e8780b-a974-40a0-9c3e-48ec8705bc3a,3d7e8e75-3347-4c38-9518-8b60c3c5e3fd,00000000-0000-0000-0000-000000000001,inhouse,condition_service,null,null,[],0,0,0,AC water servicing work done,2026-05-15 07:16:09.528152+00,bd081ad6-5fe3-4c1d-a919-81b1055efa19,2026-05-15 07:16:09.528152+00,null,2026-05-30,615001810044,null,null,[],0,null,2026-06-13 04:45:32.063212+00
606b91e7-d16d-4531-b204-1db6fa109835,98d1b7f5-3d99-479d-85a5-0bed2c1b5252,00000000-0000-0000-0000-000000000001,inhouse,repair,null,null,[],0,0,0,Drain pipe cleaning with Caustic soda.work done,2026-05-19 12:44:52.202719+00,bd081ad6-5fe3-4c1d-a919-81b1055efa19,2026-05-19 12:44:52.202719+00,null,null,null,null,null,[],0,null,2026-05-19 12:44:55.788258+00
efed27f1-24f0-4c33-b4a0-c63e48ce803c,a038450b-915e-4336-ab94-04b54c883858,00000000-0000-0000-0000-000000000001,inhouse,condition_service,null,null,[],0,0,0,"The entire room has no power, despite the MCB being on and other rooms having power. This indicates an issue specific to the room's electrical circuit. Resolution performed: condition service via inhouse.",2026-05-20 12:02:50.950343+00,bd081ad6-5fe3-4c1d-a919-81b1055efa19,2026-05-20 12:02:50.950343+00,null,null,null,null,null,[],0,null,2026-05-20 12:02:53.503704+00
b14ace5e-a7b7-4d8d-95ec-71b97c771023,7c159bf0-6ac6-4788-984f-258e0cd2aa6f,00000000-0000-0000-0000-000000000001,inhouse,repair,null,null,[],0,0,0,Work done,2026-05-20 13:46:20.382342+00,bd081ad6-5fe3-4c1d-a919-81b1055efa19,2026-05-20 13:46:20.382342+00,null,null,null,null,null,[],0,null,2026-05-20 13:46:31.535911+00
ebe4e4a7-8476-4b03-86a1-9f2c22f76eac,1b950245-c697-47aa-a34d-c8c230097405,00000000-0000-0000-0000-000000000001,inhouse,repair,null,null,[],0,0,0,Work done,2026-05-20 13:48:35.504938+00,bd081ad6-5fe3-4c1d-a919-81b1055efa19,2026-05-20 13:48:35.504938+00,null,null,null,null,null,[],0,null,2026-05-20 13:48:44.598067+00
55164e86-675a-475f-8430-55caa5d9dfdd,c9127618-abb9-4756-bae1-5ac6e8ed51c6,00000000-0000-0000-0000-000000000001,inhouse,repair,null,null,[],0,0,0,Work done,2026-05-20 13:50:29.43384+00,bd081ad6-5fe3-4c1d-a919-81b1055efa19,2026-05-20 13:50:29.43384+00,null,null,null,null,null,[],0,null,2026-05-20 13:50:50.227783+00
fe2dfb87-916c-47d5-a92a-bf133edb559e,65de8cca-e13c-44ee-8b37-0a8f33e93223,00000000-0000-0000-0000-000000000001,inhouse,condition_service,null,null,[],0,0,0,Work done,2026-05-20 13:52:30.622217+00,bd081ad6-5fe3-4c1d-a919-81b1055efa19,2026-05-20 13:52:30.622217+00,null,null,null,null,null,[],0,null,2026-05-20 13:52:41.292407+00
6eb8c8f6-b344-4013-90df-a59cdf385e76,6178a47c-c209-4050-bbd3-46234b2010e5,00000000-0000-0000-0000-000000000001,inhouse,condition_service,null,null,[],0,0,0,Work done,2026-05-22 05:45:08.493296+00,bd081ad6-5fe3-4c1d-a919-81b1055efa19,2026-05-22 05:45:08.493296+00,null,null,null,null,null,[],0,null,2026-05-22 05:45:17.491832+00
9c900d81-8956-413f-900e-973be6942efb,e61d2cb9-3140-4ef0-b62a-d73a1c750756,00000000-0000-0000-0000-000000000001,inhouse,condition_service,null,null,[],0,0,0,mattressi changed,2026-05-13 09:53:36.965921+00,bd081ad6-5fe3-4c1d-a919-81b1055efa19,2026-05-13 09:53:36.965921+00,null,null,null,null,null,[],0,null,2026-05-22 10:37:02.43132+00
7a309f11-a10f-4e70-9f4f-00a89ad54bab,fd2babd5-9005-450a-ae03-3489776a5eae,00000000-0000-0000-0000-000000000001,inhouse,condition_service,null,null,[],0,0,0,Fridge cleaning & freezer door work Done,2026-05-13 07:22:19.554783+00,bd081ad6-5fe3-4c1d-a919-81b1055efa19,2026-05-13 07:22:19.554783+00,null,null,null,null,null,[],0,null,2026-05-25 05:01:56.624021+00
d4444ff7-3d75-4d60-99a1-76112a518536,6d5795dc-528f-4803-9e0f-be060bc4f7af,00000000-0000-0000-0000-000000000001,inhouse,condition_service,null,null,[],0,0,0,The roommate who was in your room is no longer in your room and has moved to another room.,2026-05-20 13:55:10.99364+00,bd081ad6-5fe3-4c1d-a919-81b1055efa19,2026-05-20 13:55:10.99364+00,null,null,null,null,null,[],0,null,2026-05-26 08:52:27.463804+00
b1284483-5aee-4200-b7f1-584ba39b0556,8d86ddd2-88ae-48c2-8c5d-dfa12df947e1,00000000-0000-0000-0000-000000000001,inhouse,condition_service,null,null,[],0,0,0,Work done,2026-05-20 16:16:13.281672+00,bd081ad6-5fe3-4c1d-a919-81b1055efa19,2026-05-20 16:16:13.281672+00,null,null,null,null,null,[],0,null,2026-06-01 06:49:18.400082+00
96e6fc8a-e6ac-4919-acf1-0cae03b3dbf7,edd4ab1d-1d4d-4acd-9e82-f4fcc0e3288a,00000000-0000-0000-0000-000000000001,inhouse,condition_service,null,null,[],0,0,0,Work done,2026-05-22 05:47:32.677733+00,bd081ad6-5fe3-4c1d-a919-81b1055efa19,2026-05-22 05:47:32.677733+00,null,null,null,null,null,[],0,null,2026-05-22 05:47:36.215972+00
5b6145a5-ec14-4067-8012-18e6d9683c58,c357bd0c-ed09-4aed-9e47-2952abc4b848,00000000-0000-0000-0000-000000000001,inhouse,condition_service,null,null,[],0,0,0,We take care of housekeeping without making mistakes like this.,2026-05-25 18:41:06.742497+00,bd081ad6-5fe3-4c1d-a919-81b1055efa19,2026-05-25 18:41:06.742497+00,null,null,null,null,null,[],0,null,2026-06-03 04:31:54.747403+00
c841889e-6788-4e82-aedc-673d06894447,5dbc9be1-a8a1-487f-84b3-2100742c5039,00000000-0000-0000-0000-000000000001,inhouse,condition_service,null,null,[],0,0,0,AC Good cooling,2026-05-22 10:18:56.557228+00,bd081ad6-5fe3-4c1d-a919-81b1055efa19,2026-05-22 10:18:56.557228+00,null,null,null,null,null,[],0,null,2026-05-22 10:19:03.709179+00
05b04e22-8b92-487e-a736-407fceb11924,298b0b9f-9d4c-4ef2-a37f-7d9e7d35910d,00000000-0000-0000-0000-000000000001,inhouse,condition_service,null,null,[],0,0,0,The air conditioner works well and cools usefully.,2026-05-28 04:40:39.132935+00,bd081ad6-5fe3-4c1d-a919-81b1055efa19,2026-05-28 04:40:39.132935+00,null,null,null,null,null,[],0,null,2026-06-03 04:39:09.993844+00
a55a8afe-40ed-4e05-8a33-776954d6a1c8,fee940e2-83d1-4749-ab17-a7df7d3e1905,00000000-0000-0000-0000-000000000001,inhouse,condition_service,null,null,[],0,0,0,EB power coming,2026-05-22 10:22:58.596307+00,bd081ad6-5fe3-4c1d-a919-81b1055efa19,2026-05-22 10:22:58.596307+00,null,null,null,null,null,[],0,null,2026-05-22 10:23:46.110944+00
0e016db2-8da0-4d98-a4c8-08e815b88075,7c2663ac-612b-417d-9bf7-5e6ac8d3efe5,00000000-0000-0000-0000-000000000001,inhouse,repair,null,null,[],0,0,0,AC Good cooling,2026-05-22 10:25:49.361075+00,bd081ad6-5fe3-4c1d-a919-81b1055efa19,2026-05-22 10:25:49.361075+00,null,null,null,null,null,[],0,null,2026-05-22 10:25:55.606167+00
ff02b311-8a02-4877-9611-92574d4c1247,96c1cf88-5d0c-4449-a197-7c8bc5fd4dc3,00000000-0000-0000-0000-000000000001,inhouse,repair,null,null,[],0,0,0,Wastewater is flowing in the bathroom; there is no blockage whatsoever in the drainpipe.,2026-06-04 10:14:25.22478+00,bd081ad6-5fe3-4c1d-a919-81b1055efa19,2026-06-04 10:14:25.22478+00,null,null,null,null,null,[],0,null,2026-06-04 10:14:27.880589+00
4a4458e1-6759-491e-8e03-15902146b96b,9351a6f4-4c82-419b-a851-61ee8fd6b403,00000000-0000-0000-0000-000000000001,inhouse,repair,null,null,[],0,0,0,AC working good cooling,2026-05-22 10:29:08.560668+00,bd081ad6-5fe3-4c1d-a919-81b1055efa19,2026-05-22 10:29:08.560668+00,null,null,null,null,null,[],0,null,2026-05-22 10:29:15.545825+00
5527aa42-792b-4cbb-8107-d3949213715c,206f2473-1864-4ba9-ae6a-109ee0fa0150,00000000-0000-0000-0000-000000000001,inhouse,condition_service,null,null,[],0,0,0,No leaking,2026-05-22 10:31:17.077586+00,bd081ad6-5fe3-4c1d-a919-81b1055efa19,2026-05-22 10:31:17.077586+00,null,null,null,null,null,[],0,null,2026-05-22 10:31:28.990507+00
01ed7a1a-f562-47f1-8130-0a4ff7a1faea,793f193e-cb76-43f3-991d-36b8179160da,00000000-0000-0000-0000-000000000001,inhouse,condition_service,null,null,[],0,0,0,Yes working,2026-05-22 10:34:29.452444+00,bd081ad6-5fe3-4c1d-a919-81b1055efa19,2026-05-22 10:34:29.452444+00,null,null,null,null,null,[],0,null,2026-05-22 10:34:33.495772+00
435249f8-7cae-4952-a2d6-2c00763ce346,fbfcd225-fb5b-43dc-b136-702c313ae190,00000000-0000-0000-0000-000000000001,inhouse,repair,null,null,[],0,0,0,Switch New changed,2026-05-23 05:52:09.002361+00,bd081ad6-5fe3-4c1d-a919-81b1055efa19,2026-05-23 05:52:09.002361+00,null,null,null,null,null,[],0,null,2026-05-23 05:52:11.591359+00
0965a760-c9d0-4abd-84a2-8c540e40c284,2ccf9bff-aca4-4df0-9b53-338cff2175f1,00000000-0000-0000-0000-000000000001,inhouse,condition_service,null,null,[],0,0,0,PCB board repair . Work done ac good cooling no issue,2026-05-23 05:55:42.95145+00,bd081ad6-5fe3-4c1d-a919-81b1055efa19,2026-05-23 05:55:42.95145+00,null,null,null,null,null,[],0,null,2026-05-23 05:55:45.262175+00
bc833236-88cd-47d7-bd0f-6d19ee415dbd,4d777e0e-07ea-4138-9065-e0405fe2debb,00000000-0000-0000-0000-000000000001,inhouse,condition_service,null,null,[],0,0,0,AC working good cooling,2026-05-25 06:47:09.116493+00,bd081ad6-5fe3-4c1d-a919-81b1055efa19,2026-05-25 06:47:09.116493+00,null,null,null,null,null,[],0,null,2026-05-25 06:47:12.642558+00
319da8d4-f543-44c8-a8a3-c4271df85e4e,e9107c13-9b09-4dd1-817c-bf01b8d59ab9,00000000-0000-0000-0000-000000000001,inhouse,condition_service,null,null,[],0,0,0,WC New seat cover changed,2026-05-25 18:15:45.657898+00,bd081ad6-5fe3-4c1d-a919-81b1055efa19,2026-05-25 18:15:45.657898+00,null,null,null,null,null,[],0,null,2026-05-25 18:15:48.597368+00
b3f11b7d-a285-43ee-a309-b4a02daa48c7,b09e510e-96ad-4622-8e2b-5fb39c8d213b,00000000-0000-0000-0000-000000000001,inhouse,condition_service,null,null,[],0,0,0,No water leaking AC,2026-05-25 18:19:24.342615+00,bd081ad6-5fe3-4c1d-a919-81b1055efa19,2026-05-25 18:19:24.342615+00,null,null,null,null,null,[],0,null,2026-05-25 18:19:27.946159+00
2d0259c3-0567-4008-ba84-b38309582e90,f9b32676-14df-4807-b389-ab327909f7ab,00000000-0000-0000-0000-000000000001,inhouse,condition_service,null,null,[],0,0,0,New changed,2026-05-25 18:22:34.943904+00,bd081ad6-5fe3-4c1d-a919-81b1055efa19,2026-05-25 18:22:34.943904+00,null,null,null,null,null,[],0,null,2026-05-25 18:22:38.920965+00
f4059480-0f30-4c3c-887a-88cb3e2572be,3beee66c-b10d-4d92-ad2f-d084d2754066,00000000-0000-0000-0000-000000000001,inhouse,condition_service,null,null,[],0,0,0,New tube light changed,2026-05-25 18:24:19.646821+00,bd081ad6-5fe3-4c1d-a919-81b1055efa19,2026-05-25 18:24:19.646821+00,null,null,null,null,null,[],0,null,2026-05-25 18:24:23.790522+00
4b804b3d-506e-405c-ad39-7feeee9bfb73,3b217359-2d33-49eb-9efa-90da713930cb,00000000-0000-0000-0000-000000000001,inhouse,condition_service,null,null,[],0,0,0,Tube light fixing,2026-05-25 18:26:31.520385+00,bd081ad6-5fe3-4c1d-a919-81b1055efa19,2026-05-25 18:26:31.520385+00,null,null,null,null,null,[],0,null,2026-05-25 18:26:34.854224+00
1150a92f-0330-4167-addb-b36afa79ba8a,c8d729d3-993e-4f49-80c3-95b036fee0ce,00000000-0000-0000-0000-000000000001,inhouse,condition_service,null,null,[],0,0,0,New pipe changed,2026-05-25 18:28:22.220494+00,bd081ad6-5fe3-4c1d-a919-81b1055efa19,2026-05-25 18:28:22.220494+00,null,null,null,null,null,[],0,null,2026-05-25 18:28:25.573917+00
c5278879-289e-44d1-acef-c85bedab842a,04617c6a-c9d0-4f9c-845e-a513b686709a,00000000-0000-0000-0000-000000000001,inhouse,condition_service,null,null,[],0,0,0,New tube light changed,2026-05-25 18:30:42.604133+00,bd081ad6-5fe3-4c1d-a919-81b1055efa19,2026-05-25 18:30:42.604133+00,null,null,null,null,null,[],0,null,2026-05-25 18:30:45.204261+00
ca9f9240-7791-4cef-8bcf-01d83fb8fbfc,b30178f4-4a1c-4469-9255-be9eed264561,00000000-0000-0000-0000-000000000001,inhouse,condition_service,null,null,[],0,0,0,AC working good cooling.new remote changed,2026-05-25 18:33:45.658538+00,bd081ad6-5fe3-4c1d-a919-81b1055efa19,2026-05-25 18:33:45.658538+00,null,null,null,null,null,[],0,null,2026-05-25 18:33:52.309216+00
3497c952-916b-4211-955c-4285ea1d3764,23895d1d-2d76-4fb4-9dbd-d0ff1b8eedff,00000000-0000-0000-0000-000000000001,inhouse,repair,null,null,[],0,0,0,"The lift is stuck, and this is the first time this issue has occurred. The severity is currently minor, but the exact cause is unknown. Resolution performed: repair via inhouse.",2026-05-26 07:25:14.590153+00,8c42685b-f2df-4dec-96bd-0e77b715e33e,2026-05-26 07:25:14.590153+00,null,null,null,null,null,[],0,null,2026-05-26 07:25:17.914168+00
3fea8381-f51b-47d5-9300-e48de84e5474,b78384d6-f204-47ff-9590-9608188a8126,00000000-0000-0000-0000-000000000001,inhouse,repair,null,null,[],0,0,0,clening Done,2026-05-26 07:26:15.324821+00,8c42685b-f2df-4dec-96bd-0e77b715e33e,2026-05-26 07:26:15.324821+00,null,null,null,null,null,[],0,null,2026-05-26 07:26:21.208343+00
ed418232-5de9-44eb-8f67-a24fab21b98b,8a21f623-e774-4f1e-ab8c-83fbcc18c810,00000000-0000-0000-0000-000000000001,inhouse,condition_service,null,null,[],0,0,0,No water dripping AC,2026-05-26 07:28:33.910519+00,bd081ad6-5fe3-4c1d-a919-81b1055efa19,2026-05-26 07:28:33.910519+00,null,null,null,null,null,[],0,null,2026-05-26 07:28:37.234724+00
66baa159-00de-4492-83af-8d5506341b71,b53c8057-ceb7-453d-ba81-05a80347d635,00000000-0000-0000-0000-000000000001,inhouse,condition_service,null,null,[],0,0,0,Washroom cleaning work done,2026-05-26 07:29:57.680566+00,bd081ad6-5fe3-4c1d-a919-81b1055efa19,2026-05-26 07:29:57.680566+00,null,null,null,null,null,[],0,null,2026-05-26 07:30:01.824252+00
5121b2bf-b243-42b5-ac49-6314d9ab6b9f,5745ae7c-577e-45ee-8306-282882275a32,00000000-0000-0000-0000-000000000001,inhouse,condition_service,null,null,[],0,0,0,Car parking place changed,2026-05-26 07:42:38.09896+00,bd081ad6-5fe3-4c1d-a919-81b1055efa19,2026-05-26 07:42:38.09896+00,null,null,null,null,null,[],0,null,2026-05-26 07:42:38.09896+00
57c074c3-76af-4126-b6db-02ceb45d0d41,a212351e-fd47-4d4f-b06f-cfd544db2630,00000000-0000-0000-0000-000000000001,inhouse,condition_service,null,null,[],0,0,0,Wi-Fi network working,2026-05-26 07:46:16.295756+00,bd081ad6-5fe3-4c1d-a919-81b1055efa19,2026-05-26 07:46:16.295756+00,null,null,null,null,null,[],0,null,2026-05-26 07:46:19.441139+00
1e6cdc13-c265-430a-aed2-666bcab95a74,3452ec27-2423-4f26-b3e8-61abde88cb0d,00000000-0000-0000-0000-000000000001,outside,new_install,a955f0b4-9279-a80c-df59-b74588c36720,null,"[{""qty"":1,""name"":""indection"",""total"":1948,""unit_cost"":1948,""vendor_name"":""amezon"",""usage_source"":""new_purchase"",""invoice_number"":""mAA4373139"",""maintenance_item_id"":""a8c5150b-6e9f-4aba-9dd5-aa369a9e4222""}]",1948,0,1948,new indetion is alloted,2026-05-26 08:00:57.477219+00,8c42685b-f2df-4dec-96bd-0e77b715e33e,2026-05-26 08:00:57.477219+00,e4b192b6-9da9-485c-b5be-26f3de3bea71,2026-05-19,ameson,https://slljsigvfaxngpjaajjd.supabase.co/storage/v1/object/public/documents/ticket-proof-of-purchase/1779782340243-kmkis9omxk.jpg,null,"[{""qty"":1,""name"":""indection"",""total"":1948,""unit_cost"":1948,""vendor_name"":""amezon"",""usage_source"":""new_purchase"",""invoice_number"":""mAA4373139"",""maintenance_item_id"":""a8c5150b-6e9f-4aba-9dd5-aa369a9e4222""}]",1948,null,2026-05-26 08:01:03.997063+00
e01679ea-1ee3-4506-a22b-065ebbf3bdb6,32eeede6-e4e3-40c2-9aab-c6ec2fe74563,00000000-0000-0000-0000-000000000001,inhouse,condition_service,null,null,[],0,0,0,Wifi network working,2026-05-26 08:36:57.151668+00,bd081ad6-5fe3-4c1d-a919-81b1055efa19,2026-05-26 08:36:57.151668+00,null,null,null,null,null,[],0,null,2026-05-26 08:37:02.452381+00
377ed523-38e8-4251-9982-6b3668e1b8a1,1c905e75-7535-416d-a137-8dc916747194,00000000-0000-0000-0000-000000000001,inhouse,condition_service,null,null,[],0,0,0,Wifi network working,2026-05-26 08:38:23.847026+00,bd081ad6-5fe3-4c1d-a919-81b1055efa19,2026-05-26 08:38:23.847026+00,null,null,null,null,null,[],0,null,2026-05-26 08:38:47.37582+00
a01d2492-6041-4bd1-9df9-8691c0b7c434,01e761fc-cf80-46dc-99fc-90cec18565a9,00000000-0000-0000-0000-000000000001,inhouse,condition_service,null,null,[],0,0,0,"The furniture lock in your room is not working. This is a minor issue, noticed today for the first time, and is isolated to your room. There was no specific trigger. Resolution performed: condition service via inhouse.",2026-05-26 08:45:31.251423+00,bd081ad6-5fe3-4c1d-a919-81b1055efa19,2026-05-26 08:45:31.251423+00,null,null,null,null,null,[],0,null,2026-05-26 08:45:35.270545+00
9805b13b-b7c4-42b2-955c-57e096bbfb56,2d51794c-13c3-46fb-9138-15f4b9c36f32,00000000-0000-0000-0000-000000000001,inhouse,condition_service,null,null,[],0,0,0,Geyser 16 amp switch changed,2026-05-28 04:43:01.617968+00,bd081ad6-5fe3-4c1d-a919-81b1055efa19,2026-05-28 04:43:01.617968+00,null,null,null,null,null,[],0,null,2026-05-28 04:43:04.054649+00
c76abac2-56b6-465e-a135-a7a289950b9b,49b58c99-5f2f-43ea-aa8e-87a305d018af,00000000-0000-0000-0000-000000000001,inhouse,condition_service,null,null,[],0,0,0,Work done,2026-05-28 04:50:01.585984+00,bd081ad6-5fe3-4c1d-a919-81b1055efa19,2026-05-28 04:50:01.585984+00,null,null,null,null,null,[],0,null,2026-05-28 04:50:01.585984+00
6dc1f32f-a8cb-443d-bd26-2e6a556ea051,aecce5fb-e812-42f2-9ac3-2c17e70ce753,00000000-0000-0000-0000-000000000001,inhouse,condition_service,null,null,[],0,0,0,Work done,2026-05-28 04:51:17.130674+00,bd081ad6-5fe3-4c1d-a919-81b1055efa19,2026-05-28 04:51:17.130674+00,null,null,null,null,null,[],0,null,2026-05-28 04:51:17.130674+00
3177dfe6-6a35-4b3f-b239-74dc4da6f748,2a30d99f-9ee0-433b-83d4-e4038d28c669,00000000-0000-0000-0000-000000000001,inhouse,condition_service,null,null,[],0,0,0,Shower head water coming,2026-05-26 08:48:21.469652+00,bd081ad6-5fe3-4c1d-a919-81b1055efa19,2026-05-26 08:48:21.469652+00,null,null,null,null,null,[],0,null,2026-05-28 04:52:34.474337+00
2c5e0483-44b4-449e-89a7-7c2dc6168e9e,87886ad5-efc3-47b9-8ef3-65cef3bd906a,00000000-0000-0000-0000-000000000001,inhouse,condition_service,null,null,[],0,0,0,"The AC is turning on and air is coming out, but it's very weak and not cooling. The most likely cause is a dirty AC filter, which restricts airflow. Other possibilities include low refrigerant or a faulty blower motor. Resolution performed: repair via inhouse.",2026-05-01 07:04:56.85246+00,bd081ad6-5fe3-4c1d-a919-81b1055efa19,2026-05-01 07:04:56.85246+00,null,null,null,null,null,[],0,null,2026-06-02 06:34:25.413756+00
7ef247fa-5b6c-42ee-8d61-be50bbfe0fbc,3938fc58-441d-46d3-b350-690023ef2634,00000000-0000-0000-0000-000000000001,inhouse,repair,null,null,[],0,0,0,"The induction cooktop in your room is not allowing temperature reduction and other functions are not working. This is likely due to a faulty temperature sensor, control knob, or a malfunctioning control board. Loose wir… Resolution performed: repair via inhouse.",2026-06-02 10:39:17.945636+00,8c42685b-f2df-4dec-96bd-0e77b715e33e,2026-06-02 10:39:17.945636+00,null,null,null,null,null,[],0,null,2026-06-02 10:39:17.945636+00
c53e50db-16ee-4a55-a881-c8ab00238dac,1253875a-f6c4-4ed0-92d1-c3e6e7a4dabb,00000000-0000-0000-0000-000000000001,inhouse,condition_service,null,null,[],0,0,0,No water dripping AC,2026-05-28 09:52:34.257335+00,bd081ad6-5fe3-4c1d-a919-81b1055efa19,2026-05-28 09:52:34.257335+00,null,null,null,null,null,[],0,null,2026-05-28 09:52:37.811979+00
ac74b5c5-780f-46a5-8433-067b6674bf08,83d03c23-f8b3-4f6c-8f52-e156f3fc8823,00000000-0000-0000-0000-000000000001,inhouse,condition_service,null,null,[],0,0,0,2 lock changed,2026-05-28 09:58:03.337116+00,bd081ad6-5fe3-4c1d-a919-81b1055efa19,2026-05-28 09:58:03.337116+00,null,null,null,null,null,[],0,null,2026-05-28 09:58:06.366841+00
af8cd367-2e1a-4518-bc4b-7b903e34758a,327e384f-e936-47d9-9cfb-ca1b41bc8f1c,00000000-0000-0000-0000-000000000001,inhouse,condition_service,null,null,[],0,0,0,Tap water coming and  water draining,2026-06-18 09:48:39.75408+00,bd081ad6-5fe3-4c1d-a919-81b1055efa19,2026-06-18 09:48:39.75408+00,null,null,null,null,null,[],0,null,2026-06-18 09:48:49.188832+00
b61b0108-4a3e-4fb1-9757-0fb23c87a031,0235df0d-e86c-43df-8113-5df1701a4bd2,00000000-0000-0000-0000-000000000001,inhouse,condition_service,null,null,[],0,0,0,2 lock changed,2026-05-28 09:59:54.899602+00,bd081ad6-5fe3-4c1d-a919-81b1055efa19,2026-05-28 09:59:54.899602+00,null,null,null,null,null,[],0,null,2026-05-28 09:59:58.379481+00
3b26b991-8ce6-4f89-88bc-92164f1334df,35dd8f94-4c35-4169-a395-42d399fd0956,00000000-0000-0000-0000-000000000001,inhouse,condition_service,null,null,[],0,0,0,WC repairing work done,2026-05-28 10:20:00.750134+00,bd081ad6-5fe3-4c1d-a919-81b1055efa19,2026-05-28 10:20:00.750134+00,null,null,null,null,null,[],0,null,2026-06-03 04:22:24.5795+00
8c2916f0-6db7-4535-adea-502df769aab2,b013dda1-2181-41f8-a9c3-db8acdeaca2d,00000000-0000-0000-0000-000000000001,inhouse,condition_service,null,null,[],0,0,0,Water coming Work done,2026-05-28 09:38:12.988492+00,bd081ad6-5fe3-4c1d-a919-81b1055efa19,2026-05-28 09:38:12.988492+00,null,null,null,null,null,[],0,null,2026-06-03 04:29:31.88423+00
03c32597-e4d7-47fb-8442-86fd9cdd67b4,8acb89e3-ea87-4013-8fdf-7f56b6d7f6b2,00000000-0000-0000-0000-000000000001,inhouse,condition_service,null,null,[],0,0,0,AC Good cooling,2026-05-28 10:21:16.318879+00,bd081ad6-5fe3-4c1d-a919-81b1055efa19,2026-05-28 10:21:16.318879+00,null,null,null,null,null,[],0,null,2026-05-28 10:21:19.398973+00
5e4a6c95-1125-44f8-84f5-8c3e7e0f5833,ebb855b4-4121-4659-977f-638e2ffdeb75,00000000-0000-0000-0000-000000000001,inhouse,condition_service,null,null,[],0,0,0,The washing machine is not draining water. This is a minor issue that started yesterday and has not happened before. It is only affecting one room. Resolution performed: condition service via inhouse.,2026-06-02 04:19:35.110405+00,bd081ad6-5fe3-4c1d-a919-81b1055efa19,2026-06-02 04:19:35.110405+00,null,null,null,null,null,[],0,null,2026-06-02 04:19:43.215747+00
83ddb600-045c-4980-9f88-2dc71758b41e,48a7025a-a65f-4b80-914c-984259833370,00000000-0000-0000-0000-000000000001,inhouse,condition_service,null,null,[],0,0,0,Work done,2026-06-02 04:22:15.245604+00,bd081ad6-5fe3-4c1d-a919-81b1055efa19,2026-06-02 04:22:15.245604+00,null,null,null,null,null,[],0,null,2026-06-02 04:22:18.731887+00
7014821b-e0a4-43ad-b3b7-086a55658d82,61d72347-fcd7-4363-94c2-e82a2a80912c,00000000-0000-0000-0000-000000000001,inhouse,repair,null,null,[],0,0,0,Housekeeping cleaning work done,2026-06-04 10:21:05.116262+00,bd081ad6-5fe3-4c1d-a919-81b1055efa19,2026-06-04 10:21:05.116262+00,null,null,null,null,null,[],0,null,2026-06-04 10:21:08.488396+00
c4167f35-b65d-4c39-9dc4-8e3a3e539a14,4b313b65-29bc-4a38-9c5c-a7db2daa1745,00000000-0000-0000-0000-000000000001,inhouse,repair,null,null,[],0,0,0,Tap water coming work done,2026-06-02 05:51:36.19741+00,bd081ad6-5fe3-4c1d-a919-81b1055efa19,2026-06-02 05:51:36.19741+00,null,null,null,null,null,[],0,null,2026-06-02 05:51:44.892573+00
dc377732-1de0-4b03-a098-89dbae4f56d0,2f821a1a-cdee-4e0b-b688-83e9e30edf93,00000000-0000-0000-0000-000000000001,inhouse,condition_service,null,null,[],0,0,0,We have treated the bed and mattress with bedbug insecticide and cleaned them.,2026-06-02 05:56:24.598357+00,bd081ad6-5fe3-4c1d-a919-81b1055efa19,2026-06-02 05:56:24.598357+00,null,null,null,null,null,[],0,null,2026-06-02 05:56:34.459808+00
b4251421-e444-479e-9113-1564c7f1c8ec,715031c3-cc29-4ff1-ae30-4ac0fcb63e01,00000000-0000-0000-0000-000000000001,inhouse,repair,null,null,[],0,0,0,"The AC is working fine, no problems with it.",2026-06-04 10:32:01.346925+00,bd081ad6-5fe3-4c1d-a919-81b1055efa19,2026-06-04 10:32:01.346925+00,null,null,null,null,null,[],0,null,2026-06-04 10:32:03.496437+00
d681944c-d308-4ac9-90b5-d3c617291e1d,f113e226-b3c6-4360-9d6d-eaf9928fcd6c,00000000-0000-0000-0000-000000000001,inhouse,repair,null,null,[],0,0,0,Fan AC  and room all dust cleaning work done,2026-06-04 10:35:25.853613+00,bd081ad6-5fe3-4c1d-a919-81b1055efa19,2026-06-04 10:35:25.853613+00,null,null,null,null,null,[],0,300500,2026-06-04 10:35:29.172302+00
c55aa12a-03b8-41fc-9a75-c5dd7804491f,de3748e9-f438-493b-9322-b16d547efa5c,00000000-0000-0000-0000-000000000001,inhouse,repair,null,null,[],0,0,0,16 amp plug 3pin top changed,2026-06-04 10:36:57.163941+00,bd081ad6-5fe3-4c1d-a919-81b1055efa19,2026-06-04 10:36:57.163941+00,null,null,null,null,null,[],0,null,2026-06-04 10:36:57.163941+00
64718a0e-8799-4a3a-8fa5-88c575c22cce,047c498a-6455-4af2-a829-3e20b6f96ed3,00000000-0000-0000-0000-000000000001,inhouse,condition_service,null,null,[],0,0,0,New LED tube light fixing,2026-06-05 04:56:24.584825+00,bd081ad6-5fe3-4c1d-a919-81b1055efa19,2026-06-05 04:56:24.584825+00,null,null,null,null,null,[],0,null,2026-06-05 04:56:45.061897+00
a897426e-a8f7-4c5e-94a3-f73f53a8c491,ddbe9afe-17ac-4cbf-aba7-3713ac3dcd53,00000000-0000-0000-0000-000000000001,inhouse,repair,null,null,[],0,0,0,Bathroom cleaning work done,2026-06-06 04:12:05.60325+00,bd081ad6-5fe3-4c1d-a919-81b1055efa19,2026-06-06 04:12:05.60325+00,null,null,null,null,null,[],0,null,2026-06-06 04:12:22.58881+00
c7b3f076-0e6c-42b8-b5f1-b7be2d733325,313e7f25-536e-4c44-bcbc-aeeed7545253,00000000-0000-0000-0000-000000000001,inhouse,condition_service,null,null,[],0,0,0,The AC is cooling well.,2026-06-06 04:18:48.50685+00,bd081ad6-5fe3-4c1d-a919-81b1055efa19,2026-06-06 04:18:48.50685+00,null,null,null,null,null,[],0,null,2026-06-06 04:18:56.772067+00
191fa6e2-ac38-4032-a237-a5be227808ad,54316a65-9440-462b-b7db-271a2192364b,00000000-0000-0000-0000-000000000001,inhouse,condition_service,null,null,[],0,0,0,Housekeeping sofa cleaning work done,2026-06-04 10:28:08.669083+00,bd081ad6-5fe3-4c1d-a919-81b1055efa19,2026-06-04 10:28:08.669083+00,null,null,null,null,null,[],0,null,2026-06-06 04:19:45.472256+00
eb1abfc2-9f4c-4dd9-90e5-ef79322a3cba,07125828-0af2-447b-88e1-cafa8a322705,00000000-0000-0000-0000-000000000001,inhouse,condition_service,null,null,[],0,0,0,We have sealed the hole in the wall where the AC piping comes through.,2026-06-06 04:36:21.248589+00,bd081ad6-5fe3-4c1d-a919-81b1055efa19,2026-06-06 04:36:21.248589+00,null,null,null,null,null,[],0,null,2026-06-06 04:36:26.57911+00
8841818b-635a-4ed2-a083-2955a0513066,00442f6b-bad8-4efc-9138-a7fe5a491665,00000000-0000-0000-0000-000000000001,inhouse,condition_service,null,null,[],0,0,0,Work done. No issues in the lock,2026-06-06 05:34:51.810341+00,bd081ad6-5fe3-4c1d-a919-81b1055efa19,2026-06-06 05:34:51.810341+00,null,null,null,null,null,[],0,null,2026-06-06 05:34:54.047464+00
f8e34a1a-e52c-4f39-8502-00ebbfc13872,6bc1941f-b4b3-4f5e-8b26-8d0ed2d7ac25,00000000-0000-0000-0000-000000000001,inhouse,condition_service,null,null,[],0,0,0,"RO water testing TDS meter.PPM 85 is good for drinking .

The water is good to drink.
TDS meter PPM 85 .",2026-04-25 13:56:10.495199+00,bd081ad6-5fe3-4c1d-a919-81b1055efa19,2026-04-25 13:56:10.495199+00,null,null,null,null,null,[],0,null,2026-06-06 09:15:36.66335+00
b207ac07-50ce-470c-bf96-c9aa4ea5f7db,617dfc67-d0d6-429a-bfa5-06460a2c98da,00000000-0000-0000-0000-000000000001,inhouse,repair,null,null,[],0,0,0,The rent amount on your bill is slightly incorrect (under ₹500 difference compared to the previous month). This is likely due to a minor administrative error or an unclarified small charge. Resolution performed: repair via inhouse.,2026-06-08 06:41:27.058399+00,8c42685b-f2df-4dec-96bd-0e77b715e33e,2026-06-08 06:41:27.058399+00,null,null,null,null,null,[],0,null,2026-06-08 06:41:31.729527+00
91a426cd-a642-4c6c-851b-0887a196c5d3,42c21bca-c32d-4c2d-b7d4-23f8666ab04d,00000000-0000-0000-0000-000000000001,inhouse,repair,null,null,[],0,0,0,AC PCB board repairing work done,2026-06-09 05:57:24.381799+00,bd081ad6-5fe3-4c1d-a919-81b1055efa19,2026-06-09 05:57:24.381799+00,null,null,null,null,null,[],0,null,2026-06-09 05:57:29.583907+00
e2a86779-fc69-443a-902a-4bc16d0d574d,ecfd4173-3aef-4da2-8aa5-f03fe01f639e,00000000-0000-0000-0000-000000000001,inhouse,repair,null,null,[],0,0,0,Bed repairing work done,2026-06-04 10:03:56.333232+00,bd081ad6-5fe3-4c1d-a919-81b1055efa19,2026-06-04 10:03:56.333232+00,null,null,null,null,null,[],0,null,2026-06-09 05:58:38.441503+00
854c88a7-2d19-4d1a-85ea-c17531e08272,c50579e1-6a2e-452e-a149-b4be524cb522,00000000-0000-0000-0000-000000000001,inhouse,repair,null,null,[],0,0,0,Bike was moved overnight. Need cctv footage.,2026-06-09 06:00:51.116503+00,bd081ad6-5fe3-4c1d-a919-81b1055efa19,2026-06-09 06:00:51.116503+00,null,null,null,null,null,[],0,null,2026-06-09 06:00:53.323811+00
f5908792-4d8e-417f-9a1f-7b498b5bf405,ec7dd572-aa06-43eb-8cf4-469684996ac1,00000000-0000-0000-0000-000000000001,inhouse,repair,null,null,[],0,0,0,We will repair the AC and return it as soon as possible.,2026-06-09 06:04:47.974233+00,bd081ad6-5fe3-4c1d-a919-81b1055efa19,2026-06-09 06:04:47.974233+00,null,null,null,null,null,[],0,null,2026-06-09 06:04:51.03615+00
625f8802-802e-496a-bf57-4ff6cc3cafce,60a2a5bb-341e-440a-9008-8eedeba17856,00000000-0000-0000-0000-000000000001,inhouse,repair,null,null,[],0,0,0,"Kitchen sink drain is leaking.
Work done",2026-06-09 06:40:59.791879+00,bd081ad6-5fe3-4c1d-a919-81b1055efa19,2026-06-09 06:40:59.791879+00,null,null,null,null,null,[],0,null,2026-06-09 06:41:02.604114+00
745b9959-ff90-465c-be2f-dd056fb667c4,131febae-d05e-4205-a572-c63a9cc4a124,00000000-0000-0000-0000-000000000001,inhouse,repair,null,null,[],0,0,0,Washing machine working good,2026-06-09 06:44:03.946823+00,bd081ad6-5fe3-4c1d-a919-81b1055efa19,2026-06-09 06:44:03.946823+00,null,null,null,null,null,[],0,null,2026-06-09 06:44:07.613522+00
1c10d50f-8d36-46e4-aa0b-b9ce8fa24293,53f77ddc-446d-4480-a617-de536961a1e0,00000000-0000-0000-0000-000000000001,inhouse,repair,null,null,[],0,0,0,RO water pipe changed,2026-06-09 06:49:35.414131+00,bd081ad6-5fe3-4c1d-a919-81b1055efa19,2026-06-09 06:49:35.414131+00,null,null,null,null,null,[],0,null,2026-06-09 06:49:39.827289+00
64ad0e80-ed47-471c-ba2f-f22b762386a4,de899f7a-76a9-4f06-bf71-892c57ca7b22,00000000-0000-0000-0000-000000000001,inhouse,repair,null,null,[],0,0,0,Room cleaning work done,2026-06-09 07:02:46.954047+00,bd081ad6-5fe3-4c1d-a919-81b1055efa19,2026-06-09 07:02:46.954047+00,null,null,null,null,null,[],0,null,2026-06-09 07:02:46.954047+00
ac332bb2-9a8b-4bc2-9541-04263847fbfe,b6252b1a-ee47-4f4d-8e22-212452907c29,00000000-0000-0000-0000-000000000001,inhouse,repair,null,null,[],0,0,0,Washing machine cleaning work done,2026-06-09 06:46:12.502873+00,bd081ad6-5fe3-4c1d-a919-81b1055efa19,2026-06-09 06:46:12.502873+00,null,null,null,null,null,[],0,null,2026-06-12 05:39:32.359134+00
47dd0c54-fbd9-404a-9650-5a0fc6ada53c,a63e7669-3fd6-4fdc-a961-ad40190c10fa,00000000-0000-0000-0000-000000000001,inhouse,condition_service,null,null,[],0,0,0,We have cleaned the room and bathroom.,2026-06-09 07:44:13.721842+00,bd081ad6-5fe3-4c1d-a919-81b1055efa19,2026-06-09 07:44:13.721842+00,null,null,null,null,null,[],0,null,2026-06-09 07:44:16.776779+00
6afc987b-e31d-4dfb-932b-425c38b98964,37683b76-a4d2-4af4-ad50-56ccab7e8556,00000000-0000-0000-0000-000000000001,inhouse,condition_service,null,null,[],0,0,0,AC working good,2026-07-16 07:50:21.843895+00,bd081ad6-5fe3-4c1d-a919-81b1055efa19,2026-07-16 07:50:21.843895+00,null,null,null,null,null,[],0,null,2026-07-16 07:50:30.842082+00
1f3ea2c4-099c-48be-9912-bcfed20ccc83,8c965ce1-1fdc-4f92-b919-e5bad7017ebf,00000000-0000-0000-0000-000000000001,inhouse,repair,null,null,[],0,0,0,No water leaking,2026-06-18 08:34:07.385925+00,bd081ad6-5fe3-4c1d-a919-81b1055efa19,2026-06-18 08:34:07.385925+00,null,null,null,null,null,[],0,null,2026-06-18 08:34:15.633767+00
696949a6-bd18-4106-a03f-e41df8bed56d,f0affaee-a05c-4cd9-97b6-f6b895f55ad6,00000000-0000-0000-0000-000000000001,inhouse,condition_service,null,null,[],0,0,0,New AC switch changed,2026-06-09 10:37:43.458675+00,bd081ad6-5fe3-4c1d-a919-81b1055efa19,2026-06-09 10:37:43.458675+00,null,null,null,null,null,[],0,null,2026-06-09 10:37:45.84675+00
5b54a193-0639-4cdb-b5ec-1bc2f6a825bc,61640151-5e67-4bdf-854e-05c78cf4a317,00000000-0000-0000-0000-000000000001,inhouse,condition_service,null,null,[],0,0,0,The water is suitable for drinking.,2026-07-16 07:58:40.286855+00,bd081ad6-5fe3-4c1d-a919-81b1055efa19,2026-07-16 07:58:40.286855+00,null,null,null,null,null,[],0,null,2026-07-16 07:58:42.902608+00
d633a0e0-1bee-4315-805f-c6d8d02b7371,c94b4387-b104-49de-a22d-136c17203559,00000000-0000-0000-0000-000000000001,inhouse,repair,null,null,[],0,0,0,Shower head cleaning work done,2026-06-19 10:23:09.622337+00,bd081ad6-5fe3-4c1d-a919-81b1055efa19,2026-06-19 10:23:09.622337+00,null,null,null,null,null,[],0,null,2026-06-19 10:23:12.666064+00
ed636858-84f6-4a9f-877a-b4562eac7a2b,32dfcd89-4de1-4165-bbc4-a648bc99f9f5,00000000-0000-0000-0000-000000000001,inhouse,condition_service,null,null,[],0,0,0,New tubelight changed,2026-06-12 05:30:01.823619+00,bd081ad6-5fe3-4c1d-a919-81b1055efa19,2026-06-12 05:30:01.823619+00,null,null,null,null,null,[],0,null,2026-06-12 05:30:05.209521+00
6d70bac1-6cf8-4e43-8752-c2b21ea1c880,8b77d984-c02f-4275-97fa-4e5696f7ff85,00000000-0000-0000-0000-000000000001,inhouse,condition_service,null,null,[],0,0,0,Full room cleaning work done,2026-06-12 05:33:04.736072+00,bd081ad6-5fe3-4c1d-a919-81b1055efa19,2026-06-12 05:33:04.736072+00,null,null,null,null,null,[],0,null,2026-06-12 05:33:12.933304+00
bd499c6c-9058-4d5a-b287-c15940296f71,af56a3bd-431e-4109-a114-dd960d9d2ba2,00000000-0000-0000-0000-000000000001,inhouse,condition_service,null,null,[],0,0,0,Washing Machine - good working,2026-06-12 05:37:17.136512+00,bd081ad6-5fe3-4c1d-a919-81b1055efa19,2026-06-12 05:37:17.136512+00,null,null,null,null,null,[],0,null,2026-06-12 05:37:20.646624+00
e67b0f87-8c02-4d89-8ae9-ae6f6d41b52d,5d9d7a1b-fb90-40b5-9623-002f5c788745,00000000-0000-0000-0000-000000000001,inhouse,condition_service,null,null,[],0,0,0,Washing machine cleaning work done,2026-06-12 05:43:22.063638+00,bd081ad6-5fe3-4c1d-a919-81b1055efa19,2026-06-12 05:43:22.063638+00,null,null,null,null,null,[],0,null,2026-06-12 05:43:25.306178+00
6ecb97bc-9957-47ab-b8ff-04a72bff8add,5247abe6-4cde-420c-886d-569651233596,00000000-0000-0000-0000-000000000001,inhouse,condition_service,null,null,[],0,0,0,New Shower head changed.Work done,2026-06-13 04:43:19.307747+00,bd081ad6-5fe3-4c1d-a919-81b1055efa19,2026-06-13 04:43:19.307747+00,null,null,null,null,null,[],0,200500,2026-06-29 12:15:45.791428+00
16935a6c-5ec7-46e2-bf79-33a109236f0c,96abc1f1-6f1a-4e36-a35f-b1432c33a3be,00000000-0000-0000-0000-000000000001,inhouse,condition_service,null,null,[],0,0,0,Washing machine - water coming work done,2026-06-12 05:57:22.376849+00,bd081ad6-5fe3-4c1d-a919-81b1055efa19,2026-06-12 05:57:22.376849+00,null,null,null,null,null,[],0,null,2026-06-12 05:57:28.193414+00
f2759d62-177a-4f09-bd60-93e62445bf4b,273cfd52-9861-4f44-9271-39952f4c6a35,00000000-0000-0000-0000-000000000001,inhouse,condition_service,null,null,[],0,0,0,Cleaning work done,2026-06-13 04:42:01.505572+00,bd081ad6-5fe3-4c1d-a919-81b1055efa19,2026-06-13 04:42:01.505572+00,null,null,null,null,null,[],0,null,2026-06-30 04:03:55.617724+00
d764a822-995b-4e62-8b50-d3a2e1a630b8,49b3a5c8-bea6-4e84-afdb-52c0b6f5cc67,00000000-0000-0000-0000-000000000001,inhouse,repair,null,null,[],0,0,0,New tube light changed,2026-06-12 05:59:13.754242+00,bd081ad6-5fe3-4c1d-a919-81b1055efa19,2026-06-12 05:59:13.754242+00,null,null,null,null,null,[],0,null,2026-06-12 05:59:16.287228+00
7d83073d-ef38-4230-9d66-a47f27bca3e3,7a7ada9a-c432-4664-af52-bb993b0c52c7,00000000-0000-0000-0000-000000000001,inhouse,condition_service,null,null,[],0,0,0,We will quickly put up the mosquito net.,2026-05-13 07:13:34.834915+00,bd081ad6-5fe3-4c1d-a919-81b1055efa19,2026-05-13 07:13:34.834915+00,null,null,null,null,null,[],0,null,2026-06-30 04:05:12.267519+00
f1568c3c-42ea-4ed5-80f1-a184be9f094b,91c3df30-8736-4363-afda-343891a9380a,00000000-0000-0000-0000-000000000001,inhouse,condition_service,null,null,[],0,0,0,Ro water TDS meter PPM 97,2026-06-12 06:02:46.199025+00,bd081ad6-5fe3-4c1d-a919-81b1055efa19,2026-06-12 06:02:46.199025+00,null,null,null,null,null,[],0,null,2026-06-12 06:02:50.063069+00
56c0fed4-6ef4-47d4-b21e-ed79b43911a3,6fe8eb8d-4e64-4977-8968-772d400d759e,00000000-0000-0000-0000-000000000001,inhouse,condition_service,null,null,[],0,0,0,AC working good,2026-06-13 06:38:50.545956+00,bd081ad6-5fe3-4c1d-a919-81b1055efa19,2026-06-13 06:38:50.545956+00,null,null,null,null,null,[],0,null,2026-06-13 06:38:53.019545+00
e056e946-b8c5-4e9d-a928-1ba7a71a7e23,4916dbd8-2371-41fd-aae7-9946532592bd,00000000-0000-0000-0000-000000000001,inhouse,condition_service,null,null,[],0,0,0,Bed repairing work done,2026-06-13 06:56:51.960114+00,bd081ad6-5fe3-4c1d-a919-81b1055efa19,2026-06-13 06:56:51.960114+00,null,null,null,null,null,[],0,null,2026-06-13 06:56:56.58065+00
d87fc9cb-ff10-49ed-85d5-5cbcbe59f5f6,255bff17-c0f3-4eb4-810b-05df5eb3c360,00000000-0000-0000-0000-000000000001,inhouse,condition_service,null,null,[],0,0,0,Restroom water coming,2026-06-13 12:03:00.779454+00,bd081ad6-5fe3-4c1d-a919-81b1055efa19,2026-06-13 12:03:00.779454+00,null,null,null,null,null,[],0,null,2026-06-13 12:03:04.674179+00
30340ef3-3428-45f4-9d81-84aa3cb05164,1a95484c-9172-45a3-b983-a8d8aa409c42,00000000-0000-0000-0000-000000000001,inhouse,condition_service,null,null,[],0,0,0,electricity working,2026-06-13 12:05:52.996706+00,bd081ad6-5fe3-4c1d-a919-81b1055efa19,2026-06-13 12:05:52.996706+00,null,null,null,null,null,[],0,null,2026-06-13 12:06:03.204034+00
31e62fe0-11b6-404f-b7a9-46ae148e4f5f,84606359-3085-4e82-8854-11ac5b5045e7,00000000-0000-0000-0000-000000000001,inhouse,condition_service,null,null,[],0,0,0,Work done,2026-06-13 12:08:33.20398+00,bd081ad6-5fe3-4c1d-a919-81b1055efa19,2026-06-13 12:08:33.20398+00,null,null,null,null,null,[],0,null,2026-06-13 12:08:36.463722+00
9096ba31-987d-4bd6-818c-dc259ed9437a,4505aa76-6647-4ef0-b86d-d332e066828a,00000000-0000-0000-0000-000000000001,inhouse,condition_service,null,null,[],0,0,0,"The AC in room B24 is turning on but no air is coming out from the vents, indicating a problem with the airflow system. The filter has not been cleaned or the cleaning history is unknown. Resolution performed: condition service via inhouse.",2026-06-13 12:13:14.560714+00,bd081ad6-5fe3-4c1d-a919-81b1055efa19,2026-06-13 12:13:14.560714+00,null,null,null,null,null,[],0,null,2026-06-13 12:13:18.41592+00
aeafa120-3ac3-471a-8edd-af40ef9edcdc,2a619afd-a49f-45c5-a21c-eb85d9784f98,00000000-0000-0000-0000-000000000001,inhouse,condition_service,null,null,[],0,0,0,New tubelight changed,2026-06-13 12:16:41.251602+00,bd081ad6-5fe3-4c1d-a919-81b1055efa19,2026-06-13 12:16:41.251602+00,null,null,null,null,null,[],0,null,2026-06-13 12:16:48.848579+00
64042afc-b108-4053-bf55-a1b694cdbc98,72f49c21-8aa8-45bb-a4c7-4954fcb84481,00000000-0000-0000-0000-000000000001,inhouse,repair,null,null,[],0,0,0,"The user is experiencing no Wi-Fi signal on their device, despite the router lights being green. They have not yet tried restarting their device. Resolution performed: repair via inhouse.",2026-06-13 12:19:41.914293+00,bd081ad6-5fe3-4c1d-a919-81b1055efa19,2026-06-13 12:19:41.914293+00,null,null,null,null,null,[],0,null,2026-06-13 12:19:41.914293+00
b4c1e46b-3ad0-4c9a-9273-854243b49656,ba000612-08eb-466e-a200-9116b2f0ab0f,00000000-0000-0000-0000-000000000001,inhouse,repair,null,null,[],0,0,0,New tubelight changed,2026-06-15 08:36:59.067589+00,bd081ad6-5fe3-4c1d-a919-81b1055efa19,2026-06-15 08:36:59.067589+00,null,null,null,null,null,[],0,null,2026-06-15 08:37:02.742361+00
89bb3df3-d37d-43dc-90f8-7a86d0ca3f95,42068e51-cf17-44bb-9dd2-2b27cec6e39e,00000000-0000-0000-0000-000000000001,inhouse,repair,null,null,[],0,0,0,Wifi network working,2026-06-15 08:41:00.962071+00,bd081ad6-5fe3-4c1d-a919-81b1055efa19,2026-06-15 08:41:00.962071+00,null,null,null,null,null,[],0,null,2026-06-15 08:42:15.248443+00
1b74bbb8-0368-4163-bf06-57d32da7516e,c1a019ae-9535-418f-a544-5a76ab8b9f50,00000000-0000-0000-0000-000000000001,inhouse,repair,null,null,[],0,0,0,"The electricity bill for apartment A23 appears unusually high, with a small difference (under ₹500) compared to the previous month, but the overall amount is concerning. The tenant suspects incorrect billing or high con… Resolution performed: repair via inhouse.",2026-06-15 10:11:24.102248+00,8c42685b-f2df-4dec-96bd-0e77b715e33e,2026-06-15 10:11:24.102248+00,null,null,null,null,null,[],0,null,2026-06-15 10:11:29.595984+00
ab2efb63-bd01-48f4-a86c-a5215a57bcd5,b9b6ff6a-a698-42ae-b3b3-76647096971e,00000000-0000-0000-0000-000000000001,inhouse,repair,null,null,[],0,0,0,New Health Faucet Set changed,2026-06-16 04:56:40.263287+00,bd081ad6-5fe3-4c1d-a919-81b1055efa19,2026-06-16 04:56:40.263287+00,null,null,null,null,null,[],0,null,2026-06-16 04:56:42.302851+00
7a9bd5bb-d60b-4f52-83da-65d01bbeb0f2,230eeb01-de31-420e-bcc1-9eaee856ece8,00000000-0000-0000-0000-000000000001,inhouse,repair,null,null,[],0,0,0,New Shower Head For Bathroom changed,2026-06-16 05:06:38.791152+00,bd081ad6-5fe3-4c1d-a919-81b1055efa19,2026-06-16 05:06:38.791152+00,null,null,null,null,null,[],0,null,2026-06-16 05:06:44.783425+00
d2566ab8-df80-4ce8-af1d-dd09662e8807,ccba095f-b24b-4f5b-8598-7c8389259de9,00000000-0000-0000-0000-000000000001,inhouse,repair,null,null,[],0,0,0,housekeeping cleaning work done,2026-06-16 05:10:08.048188+00,bd081ad6-5fe3-4c1d-a919-81b1055efa19,2026-06-16 05:10:08.048188+00,null,null,null,null,null,[],0,null,2026-06-16 05:10:10.801221+00
306c4147-2576-4f32-99ab-3ca9ead2deee,7ec25312-d183-4981-b47a-4c126bd9f97e,00000000-0000-0000-0000-000000000001,inhouse,repair,null,null,[],0,0,0,Fan Properly fixed,2026-06-16 05:13:24.353922+00,bd081ad6-5fe3-4c1d-a919-81b1055efa19,2026-06-16 05:13:24.353922+00,null,null,null,null,null,[],0,null,2026-06-16 05:13:36.955584+00
3bce401f-a96c-439e-b8a7-642837144684,8048197e-b83c-45a0-bf10-7a52115667e4,00000000-0000-0000-0000-000000000001,inhouse,repair,null,null,[],0,0,0,Wall fan cleaning work done,2026-06-16 05:18:33.975027+00,bd081ad6-5fe3-4c1d-a919-81b1055efa19,2026-06-16 05:18:33.975027+00,null,null,null,null,null,[],0,null,2026-06-16 05:18:37.204328+00
c35c5838-bca1-4f94-9b34-f82c43c2cdef,4f8b2dee-434d-4bea-8392-a77c7e9c5362,00000000-0000-0000-0000-000000000001,inhouse,repair,null,null,[],0,0,0,"The AC cools well, no problems.",2026-06-16 05:22:22.081372+00,bd081ad6-5fe3-4c1d-a919-81b1055efa19,2026-06-16 05:22:22.081372+00,null,null,null,null,null,[],0,null,2026-06-16 05:22:23.909472+00
31d2b716-ed0d-462c-b8df-dc277cfb3d66,79ca95c6-84d4-4fe7-b054-b7e9588ce30d,00000000-0000-0000-0000-000000000001,inhouse,condition_service,null,null,[],0,0,0,Wifi network working,2026-06-16 05:29:25.576979+00,bd081ad6-5fe3-4c1d-a919-81b1055efa19,2026-06-16 05:29:25.576979+00,null,null,null,null,null,[],0,null,2026-06-16 05:29:29.978929+00
687d5f2d-9b24-4241-a206-de932e23c4d8,73752713-dfcb-4eff-8ce4-b47bbb904804,00000000-0000-0000-0000-000000000001,inhouse,repair,null,null,[],0,0,0,Ro water working good,2026-06-15 08:38:46.895623+00,bd081ad6-5fe3-4c1d-a919-81b1055efa19,2026-06-15 08:38:46.895623+00,null,null,null,null,null,[],0,null,2026-06-16 09:35:25.588061+00
85812e89-a453-4052-894e-796f5d3f5d43,93da2cb6-2365-4ade-b0a3-bffbb5fc56fe,00000000-0000-0000-0000-000000000001,inhouse,condition_service,null,null,[],0,0,0,Housekeeping cleaning work done,2026-06-13 12:11:35.505795+00,bd081ad6-5fe3-4c1d-a919-81b1055efa19,2026-06-13 12:11:35.505795+00,null,null,null,null,null,[],0,null,2026-06-16 09:36:06.115726+00
9f6242bf-3b07-4af1-b2b7-c98da642247e,fd2604e2-76a9-40ac-b9cb-34f60454de15,00000000-0000-0000-0000-000000000001,inhouse,repair,null,null,[],0,0,0,"The microwave in your room is not working. This is the first time this issue has occurred, and it started yesterday without any specific trigger. The issue is minor and only affects your room. Resolution performed: repair via inhouse.",2026-06-16 05:31:42.559281+00,bd081ad6-5fe3-4c1d-a919-81b1055efa19,2026-06-16 05:31:42.559281+00,null,null,null,null,null,[],0,null,2026-06-16 05:31:44.906802+00
b5b2a2f7-40f7-4c2e-a7e0-3427f39899df,3d9e2a93-f4a4-4d7c-b921-19347f1c1403,00000000-0000-0000-0000-000000000001,inhouse,repair,null,null,[],0,0,0,The cleaning staff have placed a bucket and a mug in the room.,2026-06-16 09:34:31.826385+00,bd081ad6-5fe3-4c1d-a919-81b1055efa19,2026-06-16 09:34:31.826385+00,null,null,null,null,null,[],0,null,2026-06-16 09:34:35.067369+00
7afc91fa-6b21-4703-a709-dcc72b34ff48,b04c6dc7-ef50-48b8-937b-f6b9039c131a,00000000-0000-0000-0000-000000000001,inhouse,repair,null,null,[],0,0,0,Work done,2026-06-18 07:35:09.852625+00,bd081ad6-5fe3-4c1d-a919-81b1055efa19,2026-06-18 07:35:09.852625+00,null,null,null,null,null,[],0,null,2026-06-18 07:35:14.321308+00
febc5544-d0fa-4fa8-ba20-81fd49a561dc,2e989071-829e-4249-8612-aa3fcf326aa7,00000000-0000-0000-0000-000000000001,inhouse,repair,null,null,[],0,0,0,New glass and frame changed,2026-06-18 04:53:19.579785+00,bd081ad6-5fe3-4c1d-a919-81b1055efa19,2026-06-18 04:53:19.579785+00,null,null,null,null,null,[],0,null,2026-06-18 04:53:22.718145+00
c1dfae84-a073-4244-82e9-655d185c22d9,697a386b-0c0f-44c4-8653-96a72084bcec,00000000-0000-0000-0000-000000000001,inhouse,repair,null,null,[],0,0,0,"The water flow from the taps in room 13 B 13 is a trickle, indicating a problem with water pressure or a blockage within the tap or supply line. Since it's a new issue and only affects one room, it's likely a localized… Resolution performed: repair via inhouse.",2026-06-18 08:29:41.386613+00,bd081ad6-5fe3-4c1d-a919-81b1055efa19,2026-06-18 08:29:41.386613+00,null,null,null,null,null,[],0,null,2026-06-18 08:29:46.353279+00
153468b5-d763-4125-955a-1f66931bda05,f066b048-d1c1-461f-9f98-1db50a26d591,00000000-0000-0000-0000-000000000001,inhouse,repair,null,null,[],0,0,0,"The kitchen is experiencing water leakage and a foul smell, likely due to a plumbing issue. Although currently minor, it needs to be addressed to prevent further damage and hygiene concerns. Resolution performed: repair via inhouse.",2026-06-18 04:55:36.766521+00,bd081ad6-5fe3-4c1d-a919-81b1055efa19,2026-06-18 04:55:36.766521+00,null,null,null,null,null,[],0,null,2026-06-18 04:55:39.178774+00
22c51a5c-45ba-404f-ae41-412e06129bd1,ff9f72a4-de0c-4964-840e-34556c799035,00000000-0000-0000-0000-000000000001,inhouse,repair,null,null,[],0,0,0,Housekeeping cleaning work done,2026-07-16 07:52:35.013777+00,bd081ad6-5fe3-4c1d-a919-81b1055efa19,2026-07-16 07:52:35.013777+00,null,null,null,null,null,[],0,null,2026-07-16 07:52:42.271961+00
7426dbbb-0a32-4b74-bfc1-ae8c756378e9,659960b4-5804-4736-8e20-c646a5ef5c4b,00000000-0000-0000-0000-000000000001,inhouse,condition_service,null,null,[],0,0,0,New Shower head changed,2026-06-19 04:57:07.334923+00,bd081ad6-5fe3-4c1d-a919-81b1055efa19,2026-06-19 04:57:07.334923+00,null,null,null,null,null,[],0,null,2026-06-19 04:57:17.923149+00
069bfa4b-4e69-421b-b596-21a26d2cbbc8,4a230654-886f-4fc0-99ed-f669b07f509f,00000000-0000-0000-0000-000000000001,inhouse,repair,null,null,[],0,0,0,RO filter tank cleaning work done,2026-07-16 08:07:58.538211+00,bd081ad6-5fe3-4c1d-a919-81b1055efa19,2026-07-16 08:07:58.538211+00,null,null,null,null,null,[],0,null,2026-07-16 08:08:02.546643+00
40dc4bcf-beb6-4b45-9087-1a93def2d542,fe5a5b64-d81e-45cf-be23-0471b912df3c,00000000-0000-0000-0000-000000000001,inhouse,condition_service,null,null,[],0,0,0,RO water sarvice work done,2026-06-20 05:37:59.781114+00,bd081ad6-5fe3-4c1d-a919-81b1055efa19,2026-06-20 05:37:59.781114+00,null,null,null,null,null,[],0,null,2026-06-20 05:38:03.908764+00
4b9a5f93-48fe-4362-b0f2-dca78c621cc4,31b72d96-b600-47b9-864d-47d51f9766f0,00000000-0000-0000-0000-000000000001,inhouse,condition_service,null,null,[],0,0,0,AC working good,2026-06-20 05:39:31.937727+00,bd081ad6-5fe3-4c1d-a919-81b1055efa19,2026-06-20 05:39:31.937727+00,null,null,null,null,null,[],0,null,2026-06-20 05:39:35.025856+00
e0630975-7ca0-4f1b-b528-3208bc95105b,0fa32228-d1f8-4453-90d2-a0553412b2f1,00000000-0000-0000-0000-000000000001,inhouse,repair,null,null,[],0,0,0,Washing machine servicing and cleaning work done,2026-06-19 10:25:41.637264+00,bd081ad6-5fe3-4c1d-a919-81b1055efa19,2026-06-19 10:25:41.637264+00,null,null,null,null,null,[],0,null,2026-06-22 05:23:06.26621+00
5b105df5-0fd0-4c66-a988-edf3c1584ea6,6fe04578-66d9-4f36-a50d-df7ac49d7c3e,00000000-0000-0000-0000-000000000001,inhouse,condition_service,null,null,[],0,0,0,AC no Water leaking,2026-06-18 07:26:16.980212+00,bd081ad6-5fe3-4c1d-a919-81b1055efa19,2026-06-18 07:26:16.980212+00,null,null,null,null,null,[],0,null,2026-06-22 06:26:14.755662+00
905537fa-0887-4538-a7d0-ce791e288473,43e6cbf0-e2d4-40ae-bf20-4df7b23cf915,00000000-0000-0000-0000-000000000001,inhouse,condition_service,null,null,[],0,0,0,AC working good,2026-06-22 06:27:51.508288+00,bd081ad6-5fe3-4c1d-a919-81b1055efa19,2026-06-22 06:27:51.508288+00,null,null,null,null,null,[],0,null,2026-06-22 06:28:00.016345+00
20a7a2be-9f7f-405d-8161-182a8e34bd63,430db962-2353-4fd9-912d-297e09e7bf28,00000000-0000-0000-0000-000000000001,inhouse,repair,null,null,[],0,0,0,Kitchen cleaning work done,2026-06-22 06:30:41.724183+00,bd081ad6-5fe3-4c1d-a919-81b1055efa19,2026-06-22 06:30:41.724183+00,null,null,null,null,null,[],0,null,2026-06-22 06:30:47.158557+00
cce18f41-efa2-4353-a9d8-e7c4bce32d0c,5a5c1abb-862e-439f-b206-930acf2ac60a,00000000-0000-0000-0000-000000000001,inhouse,condition_service,null,null,[],0,0,0,New RO Membrane Spun Filter changed,2026-06-22 06:45:58.560723+00,bd081ad6-5fe3-4c1d-a919-81b1055efa19,2026-06-22 06:45:58.560723+00,null,null,null,null,null,[],0,null,2026-06-22 06:46:01.009898+00
b2838bff-5fe5-4a76-9e86-362d6865633b,3d9051cc-ec57-4acb-89ea-b68821421808,00000000-0000-0000-0000-000000000001,inhouse,condition_service,null,null,[],0,0,0,New cupboard lock changed,2026-06-22 06:47:47.834392+00,bd081ad6-5fe3-4c1d-a919-81b1055efa19,2026-06-22 06:47:47.834392+00,null,null,null,null,null,[],0,null,2026-06-22 06:47:50.77508+00
26fc948a-0fbe-429d-b16d-02e5b4a8bca5,984460d4-41c3-4c2d-93ce-47902e5c6391,00000000-0000-0000-0000-000000000001,inhouse,condition_service,null,null,[],0,0,0,Mattress replacing,2026-06-22 10:39:43.663634+00,bd081ad6-5fe3-4c1d-a919-81b1055efa19,2026-06-22 10:39:43.663634+00,null,null,null,null,null,[],0,null,2026-06-22 10:39:46.55309+00
8b02c02c-5afc-4518-ad60-4bdfe6e441f0,c0ddb057-58a9-457b-af08-0bb6312b17ab,00000000-0000-0000-0000-000000000001,inhouse,condition_service,null,null,[],0,0,0,Mattress replacing,2026-06-22 10:41:49.194409+00,bd081ad6-5fe3-4c1d-a919-81b1055efa19,2026-06-22 10:41:49.194409+00,null,null,null,null,null,[],0,null,2026-06-22 10:41:51.931122+00
d6efd48e-b2f3-4371-9f1d-231d3bb3af81,421bb1d1-5097-4c05-a533-97860e8a541c,00000000-0000-0000-0000-000000000001,inhouse,condition_service,null,null,[],0,0,0,New RO Membrane with four filters changed,2026-06-24 07:47:31.568576+00,bd081ad6-5fe3-4c1d-a919-81b1055efa19,2026-06-24 07:47:31.568576+00,null,null,null,null,null,[],0,null,2026-06-24 07:47:33.77142+00
28b5bf5a-ef78-4a98-8d35-de5a6e091418,949e7e59-6b77-4b9a-8372-85cdc319db87,00000000-0000-0000-0000-000000000001,inhouse,condition_service,null,null,[],0,0,0,Housekeeping cleaning work done,2026-06-24 07:48:51.119303+00,bd081ad6-5fe3-4c1d-a919-81b1055efa19,2026-06-24 07:48:51.119303+00,null,null,null,null,null,[],0,null,2026-06-24 07:48:52.437351+00
5a0ab1a2-c787-4e0b-88cd-8ffbf591b44a,83656a61-e193-4ff2-8091-fbb5a8f2c5ad,00000000-0000-0000-0000-000000000001,inhouse,condition_service,null,null,[],0,0,0,Lock repairing work done,2026-06-24 07:50:57.02463+00,bd081ad6-5fe3-4c1d-a919-81b1055efa19,2026-06-24 07:50:57.02463+00,null,null,null,null,null,[],0,null,2026-06-24 07:50:58.459726+00
b1e759fe-6f89-4807-a86b-5c1372e672b9,2c2c0970-fdfc-4d72-8cbb-8d434cb6233d,00000000-0000-0000-0000-000000000001,inhouse,condition_service,null,null,[],0,0,0,We will quickly put up the bird's net.,2026-05-12 04:56:48.698148+00,bd081ad6-5fe3-4c1d-a919-81b1055efa19,2026-05-12 04:56:48.698148+00,null,null,null,null,null,[],0,null,2026-06-30 04:04:50.487979+00
05a19dc8-a512-40cc-85e5-587d87915e9b,7a34f85d-6bcf-47c5-a0e3-2b6bc3123ff4,00000000-0000-0000-0000-000000000001,inhouse,condition_service,null,null,[],0,0,0,New fan regulator changed,2026-06-30 04:10:30.633038+00,bd081ad6-5fe3-4c1d-a919-81b1055efa19,2026-06-30 04:10:30.633038+00,null,null,null,null,null,[],0,null,2026-06-30 04:10:35.821087+00
58c78c95-2b6e-450f-a373-6910daaef117,86745b91-6f81-4ee1-b55f-e981c6de7b5c,00000000-0000-0000-0000-000000000001,inhouse,condition_service,null,null,[],0,0,0,Cleaning work done,2026-06-30 04:14:34.69909+00,bd081ad6-5fe3-4c1d-a919-81b1055efa19,2026-06-30 04:14:34.69909+00,null,null,null,null,null,[],0,null,2026-06-30 04:14:39.629521+00
22fbe77a-7972-48d2-99d4-bf4404b0e79d,a654bf9b-1cb0-4547-a58d-48ada2ec7a05,00000000-0000-0000-0000-000000000001,inhouse,condition_service,null,null,[],0,0,0,New cupboard lock changed,2026-06-30 04:17:18.749472+00,bd081ad6-5fe3-4c1d-a919-81b1055efa19,2026-06-30 04:17:18.749472+00,null,null,null,null,null,[],0,null,2026-06-30 04:17:22.340833+00
ebb6e835-b5ed-4a2c-bd18-331fcd2ae015,89fb6e9b-199c-475d-afcf-8e705a911f49,00000000-0000-0000-0000-000000000001,inhouse,condition_service,null,null,[],0,0,0,Bed side table given,2026-06-30 04:24:43.087794+00,bd081ad6-5fe3-4c1d-a919-81b1055efa19,2026-06-30 04:24:43.087794+00,null,null,null,null,null,[],0,null,2026-06-30 04:24:46.663492+00
e3195ff8-832d-4bc7-9b66-729fbfae5013,d5643989-a331-4967-ba63-11ee9e1e1f64,00000000-0000-0000-0000-000000000001,inhouse,condition_service,null,null,[],0,0,0,Cleaning work done,2026-06-30 04:54:25.119099+00,bd081ad6-5fe3-4c1d-a919-81b1055efa19,2026-06-30 04:54:25.119099+00,null,null,null,null,null,[],0,null,2026-06-30 04:57:38.177948+00
adac337d-b125-490b-bb60-313f60bf3322,2a3b7aa4-41df-4598-804a-40c35246e4fe,00000000-0000-0000-0000-000000000001,inhouse,condition_service,null,null,[],0,0,0,Cleaning work done,2026-06-30 04:59:36.404594+00,bd081ad6-5fe3-4c1d-a919-81b1055efa19,2026-06-30 04:59:36.404594+00,null,null,null,null,null,[],0,null,2026-06-30 04:59:39.369572+00
34d3b9a2-ce9a-4ff9-bd9e-95c28604c03f,63d1eaff-e400-4032-a823-9494310f2bba,00000000-0000-0000-0000-000000000001,inhouse,condition_service,null,null,[],0,0,0,Electricity work Done,2026-06-30 08:13:40.918743+00,bd081ad6-5fe3-4c1d-a919-81b1055efa19,2026-06-30 08:13:40.918743+00,null,null,null,null,null,[],0,null,2026-06-30 08:13:45.329081+00
f5b90170-775c-4691-826d-46f950a8754c,b61f51cf-1bc4-4f30-a118-dfda4bb62988,00000000-0000-0000-0000-000000000001,inhouse,condition_service,null,null,[],0,0,0,EB work Done,2026-06-30 08:17:58.658356+00,bd081ad6-5fe3-4c1d-a919-81b1055efa19,2026-06-30 08:17:58.658356+00,null,null,null,null,null,[],0,null,2026-06-30 08:18:00.851234+00
f178913d-c9b1-482e-8074-7083d7b114bd,53040f7e-89a2-4c5c-9f73-71feae903e1a,00000000-0000-0000-0000-000000000001,inhouse,condition_service,null,null,[],0,0,0,Electrical working,2026-06-30 08:30:25.840928+00,bd081ad6-5fe3-4c1d-a919-81b1055efa19,2026-06-30 08:30:25.840928+00,null,null,null,null,null,[],0,null,2026-06-30 08:30:35.432227+00
5e71828a-295c-4f43-b6eb-eae671058d7f,e0e94ac2-9af5-4194-ba97-3caff204496e,00000000-0000-0000-0000-000000000001,inhouse,condition_service,null,null,[],0,0,0,New cupboard lock changed,2026-06-30 08:34:39.233317+00,bd081ad6-5fe3-4c1d-a919-81b1055efa19,2026-06-30 08:34:39.233317+00,null,null,null,null,null,[],0,null,2026-06-30 08:34:41.202904+00
ffa71ba7-e740-4be8-8e80-3a2014d0c001,943908d6-ee9a-4bf4-aeab-eff7fb4ae697,00000000-0000-0000-0000-000000000001,inhouse,condition_service,null,null,[],0,0,0,Washing machine water coming,2026-06-30 08:38:05.97327+00,bd081ad6-5fe3-4c1d-a919-81b1055efa19,2026-06-30 08:38:05.97327+00,null,null,null,null,null,[],0,null,2026-06-30 08:38:09.533899+00
7fc9570e-7825-4e31-b096-19b9c9c9ef80,b361c9dd-e7af-4f37-b4cf-ca5fd454fc99,00000000-0000-0000-0000-000000000001,inhouse,repair,null,null,[],0,0,0,Geyser switch new changed.,2026-06-30 08:21:35.452481+00,bd081ad6-5fe3-4c1d-a919-81b1055efa19,2026-06-30 08:21:35.452481+00,null,null,null,null,null,[],0,null,2026-07-02 08:47:44.473605+00
ffb7ae83-12e5-42c5-af52-0404626aab94,1b24e22a-8d8f-4237-80aa-4709478acf52,00000000-0000-0000-0000-000000000001,inhouse,condition_service,null,null,[],0,0,0,AC and remote working,2026-06-30 08:40:03.179509+00,bd081ad6-5fe3-4c1d-a919-81b1055efa19,2026-06-30 08:40:03.179509+00,null,null,null,null,null,[],0,null,2026-07-02 08:48:41.530479+00
36b92c22-44e5-4851-8139-c4185d3e982b,1061922a-6df4-4740-b754-7677e856b7b9,00000000-0000-0000-0000-000000000001,inhouse,condition_service,null,null,[],0,0,0,Restroom water going,2026-06-30 08:41:57.721706+00,bd081ad6-5fe3-4c1d-a919-81b1055efa19,2026-06-30 08:41:57.721706+00,null,null,null,null,null,[],0,null,2026-06-30 08:42:00.214266+00
25b38541-4ca4-4a14-b4fb-97a7a15b8ad5,c5937030-097a-4c7d-8437-21c5444641a3,00000000-0000-0000-0000-000000000001,inhouse,condition_service,null,null,[],0,0,0,AC working cooling good water looking work done,2026-06-30 08:50:48.857455+00,bd081ad6-5fe3-4c1d-a919-81b1055efa19,2026-06-30 08:50:48.857455+00,null,null,null,null,null,[],0,null,2026-07-15 15:02:08.247038+00
d4d1aaa5-48f7-44ca-8b70-f1856be63791,dc7afc7b-d90e-4653-bc2a-9c1262ca0c1a,00000000-0000-0000-0000-000000000001,inhouse,condition_service,null,null,[],0,0,0,AC working,2026-06-30 08:43:26.429057+00,bd081ad6-5fe3-4c1d-a919-81b1055efa19,2026-06-30 08:43:26.429057+00,null,null,null,null,null,[],0,null,2026-06-30 08:43:29.308796+00
628bd0f2-503b-4a57-9618-1961eb0ba54c,72306fae-1737-4c53-917b-4a0408a78a10,00000000-0000-0000-0000-000000000001,inhouse,condition_service,null,null,[],0,0,0,Washing machine cleaning work done,2026-06-30 08:46:14.17425+00,bd081ad6-5fe3-4c1d-a919-81b1055efa19,2026-06-30 08:46:14.17425+00,null,null,null,null,null,[],0,null,2026-06-30 08:46:19.748593+00
25525b4e-6036-41db-bb1b-0e673adf6272,e7cfc06b-7da6-4d99-969d-c03e52298b47,00000000-0000-0000-0000-000000000001,inhouse,condition_service,null,null,[],0,0,0,Housekeeping cleaning work done,2026-07-16 08:03:25.377659+00,bd081ad6-5fe3-4c1d-a919-81b1055efa19,2026-07-16 08:03:25.377659+00,null,null,null,null,null,[],0,null,2026-07-16 08:03:29.823865+00
9e8aa262-26bf-4d49-acd6-9e23967a115f,82050226-2a78-428a-8c04-cca4feae40a3,00000000-0000-0000-0000-000000000001,inhouse,condition_service,null,null,[],0,0,0,AC working leaking work done,2026-07-16 08:14:37.291856+00,bd081ad6-5fe3-4c1d-a919-81b1055efa19,2026-07-16 08:14:37.291856+00,null,null,null,null,null,[],0,null,2026-07-16 08:14:40.628234+00
e15c9ae3-80cb-47a0-bc9a-3daa0624dd2b,e7593d52-e92f-42a7-99c4-947533f6baeb,00000000-0000-0000-0000-000000000001,inhouse,condition_service,null,null,[],0,0,0,Alamarai repairing work done,2026-07-16 12:18:06.899571+00,bd081ad6-5fe3-4c1d-a919-81b1055efa19,2026-07-16 12:18:06.899571+00,null,null,null,null,null,[],0,null,2026-07-16 12:18:09.053317+00
7df220c1-ffd5-40cf-9f3f-53be046d2a8a,85812d2d-2e47-47d4-af86-ec809ed46287,00000000-0000-0000-0000-000000000001,inhouse,condition_service,null,null,[],0,0,0,Housekeeping cleaning work done,2026-06-30 09:20:54.067399+00,bd081ad6-5fe3-4c1d-a919-81b1055efa19,2026-06-30 09:20:54.067399+00,null,null,null,null,null,[],0,null,2026-06-30 09:20:59.99353+00
1bd4a0ca-64bf-4d5d-8f95-0ac072028646,ecfb0f75-5c43-4830-9b47-4228d3dbdaaf,00000000-0000-0000-0000-000000000001,inhouse,condition_service,null,null,[],0,0,0,Housekeeping cleaning work done,2026-07-16 08:01:10.156181+00,bd081ad6-5fe3-4c1d-a919-81b1055efa19,2026-07-16 08:01:10.156181+00,null,null,null,null,null,[],0,null,2026-07-19 05:05:12.041018+00
411374d7-7e37-43d5-9c66-22e7c0632052,9d46f760-21e0-4282-b63b-f6dc832bec8d,00000000-0000-0000-0000-000000000001,inhouse,condition_service,null,null,[],0,0,0,Housekeeping cleaning work done,2026-07-02 07:10:12.710023+00,bd081ad6-5fe3-4c1d-a919-81b1055efa19,2026-07-02 07:10:12.710023+00,null,null,null,null,null,[],0,null,2026-07-02 07:10:18.546979+00
cf3bfc49-bd30-4d05-983e-eaaf4e22315d,445453be-c171-4a6e-bda4-13f01b7ca1cd,00000000-0000-0000-0000-000000000001,inhouse,condition_service,null,null,[],0,0,0,Washing machine tab cleaning work done,2026-07-02 07:14:17.397991+00,bd081ad6-5fe3-4c1d-a919-81b1055efa19,2026-07-02 07:14:17.397991+00,null,null,null,null,null,[],0,null,2026-07-02 07:14:23.128297+00
92ba8de3-60cf-4f66-8702-e67415eeb10e,ef1af8f2-6c30-4d1a-bbb3-76b45a1ef0b6,00000000-0000-0000-0000-000000000001,inhouse,condition_service,null,null,[],0,0,0,New cupboard lock changed,2026-07-02 07:16:39.859301+00,bd081ad6-5fe3-4c1d-a919-81b1055efa19,2026-07-02 07:16:39.859301+00,null,null,null,null,null,[],0,null,2026-07-02 07:16:43.267069+00
a6190027-69ba-4a2e-9e67-4c504e45fb7b,32c3b5d6-227c-4abf-a0dd-463cbafae316,00000000-0000-0000-0000-000000000001,inhouse,condition_service,null,null,[],0,0,0,Housekeeping cleaning work done,2026-07-02 07:18:45.183363+00,bd081ad6-5fe3-4c1d-a919-81b1055efa19,2026-07-02 07:18:45.183363+00,null,null,null,null,null,[],0,null,2026-07-02 07:18:48.427664+00
3bfee1c4-f699-4b04-b10b-10042100f685,457efb24-90c0-41ae-bb6b-5a047470eec7,00000000-0000-0000-0000-000000000001,inhouse,condition_service,null,null,[],0,0,0,AC working good cooling,2026-07-02 08:23:48.737984+00,bd081ad6-5fe3-4c1d-a919-81b1055efa19,2026-07-02 08:23:48.737984+00,null,null,null,null,null,[],0,null,2026-07-02 08:23:51.34342+00
37fd4012-91b0-4970-bca4-4d1f75250ec5,9b7123f6-8720-4828-b7e3-5bbf68a2a78b,00000000-0000-0000-0000-000000000001,inhouse,condition_service,null,null,[],0,0,0,missing Keys she find out,2026-07-02 08:30:56.045901+00,bd081ad6-5fe3-4c1d-a919-81b1055efa19,2026-07-02 08:30:56.045901+00,null,null,null,null,null,[],0,null,2026-07-02 08:31:02.412054+00
01592a0c-7514-4881-b09a-a312d693615e,851326b0-8cf3-4659-b4b4-fc42713f3a40,00000000-0000-0000-0000-000000000001,inhouse,condition_service,null,null,[],0,0,0,Electricity working now,2026-07-02 08:35:08.248117+00,bd081ad6-5fe3-4c1d-a919-81b1055efa19,2026-07-02 08:35:08.248117+00,null,null,null,null,null,[],0,null,2026-07-02 08:35:12.789285+00
baef6631-b7ea-4ab8-a88b-10210dc3ed7f,5553e210-3933-4725-864c-1919c0e8afc0,00000000-0000-0000-0000-000000000001,inhouse,condition_service,null,null,[],0,0,0,hanger  fixed.,2026-07-02 08:39:36.181464+00,bd081ad6-5fe3-4c1d-a919-81b1055efa19,2026-07-02 08:39:36.181464+00,null,null,null,null,null,[],0,null,2026-07-02 08:39:52.361722+00
e8eec262-b2ae-4fc2-854f-019a2105d14b,f8701579-a3ae-4b19-abbe-d3c7bd436263,00000000-0000-0000-0000-000000000001,inhouse,condition_service,null,null,[],0,0,0,No Sound No noise working well good cooling,2026-07-02 09:02:52.09745+00,bd081ad6-5fe3-4c1d-a919-81b1055efa19,2026-07-02 09:02:52.09745+00,null,null,null,null,null,[],0,null,2026-07-02 09:02:56.44146+00
9aa3dd4f-f0eb-452b-8891-ad635a5c27b5,b34f7660-d7e5-4c73-8b44-1b710f3ab3b1,00000000-0000-0000-0000-000000000001,inhouse,condition_service,null,null,[],0,0,0,Wifi network working,2026-06-30 11:01:01.782782+00,bd081ad6-5fe3-4c1d-a919-81b1055efa19,2026-06-30 11:01:01.782782+00,null,null,null,null,null,[],0,null,2026-07-02 09:23:46.15999+00
96f323f2-4bfb-4eef-b33c-1912df4bd6d8,07adc185-f2be-4bc2-b209-4e93f7b77682,00000000-0000-0000-0000-000000000001,inhouse,condition_service,null,null,[],0,0,0,AC working good cooling,2026-07-03 05:14:34.23494+00,bd081ad6-5fe3-4c1d-a919-81b1055efa19,2026-07-03 05:14:34.23494+00,null,null,null,null,null,[],0,null,2026-07-03 05:14:38.26758+00
e7297add-f601-458f-977e-f90ccb75c629,938c7806-1f83-4034-a447-087e1dd599b1,00000000-0000-0000-0000-000000000001,inhouse,condition_service,null,null,[],0,0,0,AC working good cooling,2026-07-03 05:16:39.935466+00,bd081ad6-5fe3-4c1d-a919-81b1055efa19,2026-07-03 05:16:39.935466+00,null,null,null,null,null,[],0,null,2026-07-03 05:16:44.024209+00
36b07d95-52a8-4532-acda-ca9221c68429,7f5ea07a-701f-4fd0-8473-2918e35dd085,00000000-0000-0000-0000-000000000001,inhouse,condition_service,null,null,[],0,0,0,AC working good cooling,2026-07-03 05:21:05.87681+00,bd081ad6-5fe3-4c1d-a919-81b1055efa19,2026-07-03 05:21:05.87681+00,null,null,null,null,null,[],0,null,2026-07-03 05:21:42.972482+00
676bad48-86d2-48cc-a7d0-4d4b1caae514,d01d2356-1785-4413-a34d-b32eec8aa9f6,00000000-0000-0000-0000-000000000001,inhouse,condition_service,null,null,[],0,0,0,"""RO membrane and full filter sets"" changed",2026-07-03 05:27:04.152503+00,bd081ad6-5fe3-4c1d-a919-81b1055efa19,2026-07-03 05:27:04.152503+00,null,null,null,null,null,[],0,null,2026-07-03 05:27:08.690958+00
d7b71893-75b2-4854-af08-532fb29686c4,2c290b85-57fd-4fca-8a21-5f6dab2423bf,00000000-0000-0000-0000-000000000001,inhouse,condition_service,null,null,[],0,0,0,AC observation,2026-06-30 09:11:26.492661+00,bd081ad6-5fe3-4c1d-a919-81b1055efa19,2026-06-30 09:11:26.492661+00,null,null,null,null,null,[],0,null,2026-07-03 05:28:53.556946+00
e01f8cca-ca8f-45c2-a444-ef68d830223e,e05c3490-500a-433e-a722-65a282a41f7f,00000000-0000-0000-0000-000000000001,inhouse,condition_service,null,null,[],0,0,0,electricity have this room,2026-07-11 06:26:56.706039+00,bd081ad6-5fe3-4c1d-a919-81b1055efa19,2026-07-11 06:26:56.706039+00,null,null,null,null,null,[],0,null,2026-07-11 06:27:05.080259+00
a07bb9ef-6fbd-4852-b7c8-dc261421e6a0,cfed9c1c-ee04-4342-958d-a727582d4c36,00000000-0000-0000-0000-000000000001,inhouse,condition_service,null,null,[],0,0,0,Door lock work no issues,2026-07-11 06:32:58.245419+00,bd081ad6-5fe3-4c1d-a919-81b1055efa19,2026-07-11 06:32:58.245419+00,null,null,null,null,null,[],0,null,2026-07-11 06:33:10.085515+00
41967cd7-06c4-4f1c-9dd2-897a4ffc3617,bd43c120-eb3a-4a87-b4b5-0d005353802b,00000000-0000-0000-0000-000000000001,inhouse,condition_service,null,null,[],0,0,0,AC working good cooling,2026-07-11 06:37:09.876609+00,bd081ad6-5fe3-4c1d-a919-81b1055efa19,2026-07-11 06:37:09.876609+00,null,null,null,null,null,[],0,null,2026-07-11 06:37:20.155365+00
ecbdf687-69b2-4810-a60e-e0581fdd7421,013fcae1-a397-4cf1-821c-16365a1cf07d,00000000-0000-0000-0000-000000000001,inhouse,condition_service,null,null,[],0,0,0,AC working good cooling filter cleaning,2026-07-11 06:52:47.604737+00,bd081ad6-5fe3-4c1d-a919-81b1055efa19,2026-07-11 06:52:47.604737+00,null,null,null,null,null,[],0,null,2026-07-11 06:53:04.202925+00
9daa481f-e0b7-43e7-8195-6c6d6ad76cc7,455d5545-85c3-4b43-a944-e788c3257855,00000000-0000-0000-0000-000000000001,inhouse,condition_service,null,null,[],0,0,0,All working no issues,2026-07-11 06:57:37.443111+00,bd081ad6-5fe3-4c1d-a919-81b1055efa19,2026-07-11 06:57:37.443111+00,null,null,null,null,null,[],0,null,2026-07-11 06:57:44.951895+00
8de9abba-aec7-46d3-93fe-b8a72a61c513,1c260e7d-b201-4d78-84c7-5f7d98da6011,00000000-0000-0000-0000-000000000001,inhouse,condition_service,null,null,[],0,0,0,Water coming,2026-07-11 07:10:49.340652+00,bd081ad6-5fe3-4c1d-a919-81b1055efa19,2026-07-11 07:10:49.340652+00,null,null,null,null,null,[],0,null,2026-07-11 07:10:55.077602+00
79455ba8-68d3-46ca-bb5d-0933a03c75dc,15917ad7-bf88-4861-8777-e736a43024ee,00000000-0000-0000-0000-000000000001,inhouse,condition_service,null,null,[],0,0,0,sink(wash basin) drain water going,2026-07-11 07:15:08.083143+00,bd081ad6-5fe3-4c1d-a919-81b1055efa19,2026-07-11 07:15:08.083143+00,null,null,null,null,null,[],0,null,2026-07-11 07:15:18.436585+00
c3b57441-697f-45ff-a223-381fd147f7f5,898a6115-b421-4261-8349-932ff12befac,00000000-0000-0000-0000-000000000001,inhouse,condition_service,null,null,[],0,0,0,Kitchen sink and washroom sink water going,2026-07-11 07:19:13.089999+00,bd081ad6-5fe3-4c1d-a919-81b1055efa19,2026-07-11 07:19:13.089999+00,null,null,null,null,null,[],0,null,2026-07-11 07:19:18.299494+00
834e5c59-20e4-49c1-bceb-d74524bf070f,a919aa54-ea64-4420-a732-20ffe4a13f83,00000000-0000-0000-0000-000000000001,inhouse,condition_service,null,null,[],0,0,0,Ro water working,2026-07-11 07:23:01.114199+00,bd081ad6-5fe3-4c1d-a919-81b1055efa19,2026-07-11 07:23:01.114199+00,null,null,null,null,null,[],0,null,2026-07-11 07:23:09.216154+00
d9c90772-74f9-445c-9dbb-5e41c96d4248,16a8aad8-07c4-4f3e-b978-32bed777aa47,00000000-0000-0000-0000-000000000001,inhouse,condition_service,null,null,[],0,0,0,washroom mirror cleaning work done,2026-07-11 07:27:04.059421+00,bd081ad6-5fe3-4c1d-a919-81b1055efa19,2026-07-11 07:27:04.059421+00,null,null,null,null,null,[],0,null,2026-07-11 07:27:04.059421+00
c3e2eabc-74c9-4915-8ea2-d79899c1064e,3f4b31f7-20c0-4b8d-a196-07787b68fbfc,00000000-0000-0000-0000-000000000001,inhouse,condition_service,null,null,[],0,0,0,Main door lock working properly,2026-07-11 07:35:20.628152+00,bd081ad6-5fe3-4c1d-a919-81b1055efa19,2026-07-11 07:35:20.628152+00,null,null,null,null,null,[],0,null,2026-07-11 07:35:28.683267+00
7faf1948-32ea-467e-8dc5-d41043927c62,74a97d36-3046-4f66-924e-bbb4af23bdb6,00000000-0000-0000-0000-000000000001,inhouse,condition_service,null,null,[],0,0,0,Washroom window glass with aluminium frame fixing work done,2026-07-11 07:38:19.336266+00,bd081ad6-5fe3-4c1d-a919-81b1055efa19,2026-07-11 07:38:19.336266+00,null,null,null,null,null,[],0,null,2026-07-11 07:38:34.053948+00
ad4d05b3-3b47-4342-af7d-32a45751ed1f,4d73f96e-77f8-414a-a140-29330161d3e6,00000000-0000-0000-0000-000000000001,inhouse,condition_service,null,null,[],0,0,0,We provide this service during deep cleaning.,2026-07-11 07:47:32.764369+00,bd081ad6-5fe3-4c1d-a919-81b1055efa19,2026-07-11 07:47:32.764369+00,null,null,null,null,null,[],0,null,2026-07-11 07:47:38.558566+00
5311c508-2ff3-4b18-bfc3-45573ba79413,1bafcc2f-7872-4122-a353-d5d40de70cb8,00000000-0000-0000-0000-000000000001,inhouse,condition_service,null,null,[],0,0,0,Water pressure coming,2026-06-30 09:56:41.00436+00,bd081ad6-5fe3-4c1d-a919-81b1055efa19,2026-06-30 09:56:41.00436+00,null,null,null,null,null,[],0,null,2026-07-11 07:53:03.355506+00
1e3e3a23-6294-4533-a2d7-2f120e0992c8,8b3527cf-868d-4d7a-9efc-63713caae3ef,00000000-0000-0000-0000-000000000001,inhouse,condition_service,null,null,[],0,0,0,The bed and mattress have been replaced.,2026-07-11 07:50:50.267959+00,bd081ad6-5fe3-4c1d-a919-81b1055efa19,2026-07-11 07:50:50.267959+00,null,null,null,null,null,[],0,null,2026-07-13 12:21:06.108846+00
cb6a32d8-f8c4-47da-b2cd-e16733f63970,84f6d1b5-9225-49f1-bebb-82dd005821d9,00000000-0000-0000-0000-000000000001,inhouse,condition_service,null,null,[],0,0,0,WC not water leaking,2026-07-13 11:33:26.607203+00,bd081ad6-5fe3-4c1d-a919-81b1055efa19,2026-07-13 11:33:26.607203+00,null,null,null,null,null,[],0,null,2026-07-13 11:33:36.509319+00
db20c0f6-2268-47d8-8f5e-1034b3be7a63,698d27f3-fc36-4b88-97b9-bf260b25c5fb,00000000-0000-0000-0000-000000000001,inhouse,condition_service,null,null,[],0,0,0,"AC cooling good, remote working no issues",2026-07-13 11:36:38.634829+00,bd081ad6-5fe3-4c1d-a919-81b1055efa19,2026-07-13 11:36:38.634829+00,null,null,null,null,null,[],0,null,2026-07-13 11:36:40.845403+00
ab85530c-e39e-45a8-8d56-7304ae3ef541,7934badb-1059-4191-a4f4-a54e31d99bba,00000000-0000-0000-0000-000000000001,inhouse,repair,null,null,"[{""qty"":1,""name"":""RO Membrane"",""total"":650,""unit_cost"":650,""vendor_name"":null,""usage_source"":""new_purchase"",""invoice_number"":null,""maintenance_item_id"":""88cf5349-74f4-4ebb-9d19-0cfc011d3bd8""},{""qty"":1,""name"":""Carbon Filter"",""total"":450,""unit_cost"":450,""vendor_name"":null,""usage_source"":""new_purchase"",""invoice_number"":null,""maintenance_item_id"":""88dc5cc6-7338-402b-a444-4891ea25f01e""},{""qty"":1,""name"":""filter span"",""total"":80,""unit_cost"":80,""vendor_name"":null,""usage_source"":""new_purchase"",""invoice_number"":null,""maintenance_item_id"":""e7f9f70f-daee-4b34-9de2-011a1a78ea16""}]",1180,0,1180,Work done,2026-06-18 07:33:13.972395+00,8c42685b-f2df-4dec-96bd-0e77b715e33e,2026-06-18 07:33:13.972395+00,e4b192b6-9da9-485c-b5be-26f3de3bea71,2026-07-21,1,https://slljsigvfaxngpjaajjd.supabase.co/storage/v1/object/public/documents/ticket-proof-of-purchase/1784187414728-3qr7oen3vgr.jpg,null,"[{""qty"":1,""name"":""RO Membrane"",""total"":650,""unit_cost"":650,""vendor_name"":null,""usage_source"":""new_purchase"",""invoice_number"":null,""maintenance_item_id"":""88cf5349-74f4-4ebb-9d19-0cfc011d3bd8""},{""qty"":1,""name"":""Carbon Filter"",""total"":450,""unit_cost"":450,""vendor_name"":null,""usage_source"":""new_purchase"",""invoice_number"":null,""maintenance_item_id"":""88dc5cc6-7338-402b-a444-4891ea25f01e""},{""qty"":1,""name"":""filter span"",""total"":80,""unit_cost"":80,""vendor_name"":null,""usage_source"":""new_purchase"",""invoice_number"":null,""maintenance_item_id"":""e7f9f70f-daee-4b34-9de2-011a1a78ea16""}]",1180,null,2026-07-16 07:41:21.375436+00
137691d2-a16b-49db-b00f-a6c6a5ded6fe,43c9bb6f-ada1-4ef5-b08b-2fc02cc53600,00000000-0000-0000-0000-000000000001,inhouse,condition_service,null,null,[],0,0,0,New tubelight changed,2026-07-13 11:38:12.147259+00,bd081ad6-5fe3-4c1d-a919-81b1055efa19,2026-07-13 11:38:12.147259+00,null,null,null,null,null,[],0,null,2026-07-13 11:38:15.136067+00
03288fd5-de13-4623-aadb-1d234eef1f02,e6339d7a-b25b-431d-b995-64c4abff9132,00000000-0000-0000-0000-000000000001,inhouse,condition_service,null,null,[],0,0,0,"B14-RO  TDS meter PPM 71
The water is suitable for drinking.",2026-07-16 07:55:52.584654+00,bd081ad6-5fe3-4c1d-a919-81b1055efa19,2026-07-16 07:55:52.584654+00,null,null,null,null,null,[],0,null,2026-07-16 07:55:58.383411+00
c6bc4814-b9e0-44cf-b119-82a1d7e596a7,52ec5ab0-c642-4dbb-af9f-e9065cf605f6,00000000-0000-0000-0000-000000000001,inhouse,condition_service,null,null,[],0,0,0,Washing Machine now working,2026-07-13 11:42:27.640407+00,bd081ad6-5fe3-4c1d-a919-81b1055efa19,2026-07-13 11:42:27.640407+00,null,null,null,null,null,[],0,null,2026-07-13 11:42:31.439616+00
b20ecafe-7e06-405d-ae3c-e65009e011d0,bd5b38ff-32d9-4213-b0a7-c9fb8fbbbdc2,00000000-0000-0000-0000-000000000001,inhouse,condition_service,null,null,[],0,0,0,Housekeeping cleaning work done,2026-07-16 08:05:39.879065+00,bd081ad6-5fe3-4c1d-a919-81b1055efa19,2026-07-16 08:05:39.879065+00,null,null,null,null,null,[],0,null,2026-07-16 08:05:41.687678+00
1abe29bc-2cdc-4306-89e3-e0ddf10ff1b0,4e0f6b2d-05e5-4010-aff3-66ad287fe7fd,00000000-0000-0000-0000-000000000001,inhouse,condition_service,null,null,[],0,0,0,"The WiFi router in flat B11D is not emitting a signal, and its indicator lights are either off or red, suggesting a problem with the router hardware, its power supply, or the internet connection from the service provide… Resolution performed: condition service via inhouse.",2026-07-13 11:50:23.372093+00,bd081ad6-5fe3-4c1d-a919-81b1055efa19,2026-07-13 11:50:23.372093+00,null,null,null,null,null,[],0,null,2026-07-13 11:50:25.568038+00
8f30a539-6950-4d8c-9939-51eb90e8e1ff,1faa1b2c-b5ba-4cca-8c28-4159fd9ad188,00000000-0000-0000-0000-000000000001,inhouse,condition_service,null,null,[],0,0,0,AC remote working,2026-07-13 11:52:18.18178+00,bd081ad6-5fe3-4c1d-a919-81b1055efa19,2026-07-13 11:52:18.18178+00,null,null,null,null,null,[],0,null,2026-07-13 11:52:20.381161+00
9ca66cab-43b7-44e7-9a06-12cc7a95be70,0f181edc-4747-445a-bbe5-135dba418948,00000000-0000-0000-0000-000000000001,inhouse,condition_service,null,null,[],0,0,0,"Ro water leak
We will do shortly.",2026-07-13 11:40:31.098438+00,bd081ad6-5fe3-4c1d-a919-81b1055efa19,2026-07-13 11:40:31.098438+00,null,null,null,null,null,[],0,null,2026-07-16 08:12:15.748315+00
52ca4f26-52e9-4f01-8f55-b625c85def38,1615e90e-84bc-49bc-8702-f4fdc175dc8e,00000000-0000-0000-0000-000000000001,inhouse,condition_service,null,null,[],0,0,0,New 16amp switch and socket changed,2026-07-13 11:54:54.057415+00,bd081ad6-5fe3-4c1d-a919-81b1055efa19,2026-07-13 11:54:54.057415+00,null,null,null,null,null,[],0,null,2026-07-13 11:54:59.636245+00
81911c8f-47fa-4320-a8c1-2524c29ab09b,3c33e01e-12af-4544-98dd-09399c2c61db,00000000-0000-0000-0000-000000000001,inhouse,condition_service,null,null,[],0,0,0,We will get your AC fixed as soon as possible.,2026-07-02 08:54:36.407491+00,bd081ad6-5fe3-4c1d-a919-81b1055efa19,2026-07-02 08:54:36.407491+00,null,null,null,null,null,[],0,null,2026-07-16 08:16:04.163644+00
75e3eb50-fb44-4b6c-9cfa-4b2481c9c152,996519c8-a521-4d07-aabf-e0a8c185663c,00000000-0000-0000-0000-000000000001,inhouse,condition_service,null,null,[],0,0,0,Remote working no issues,2026-07-13 11:57:17.521582+00,bd081ad6-5fe3-4c1d-a919-81b1055efa19,2026-07-13 11:57:17.521582+00,null,null,null,null,null,[],0,null,2026-07-13 11:57:19.712787+00
3061fe10-5c18-4aaa-82ff-6534d825b2f3,91dbe4c0-bd94-4588-a0a2-ad0961eda292,00000000-0000-0000-0000-000000000001,inhouse,condition_service,null,null,[],0,0,0,The AC is working very well; there are no issues at all.,2026-07-13 11:59:40.837864+00,bd081ad6-5fe3-4c1d-a919-81b1055efa19,2026-07-13 11:59:40.837864+00,null,null,null,null,null,[],0,null,2026-07-13 11:59:42.84029+00
5f829041-d601-4f57-a31e-a6a1abbd4f26,11cae148-c552-4a96-98ac-1230d988e8cf,00000000-0000-0000-0000-000000000001,inhouse,condition_service,null,null,[],0,0,0,Fan motor capacitor compressor capacitor changed,2026-07-16 12:21:30.421124+00,bd081ad6-5fe3-4c1d-a919-81b1055efa19,2026-07-16 12:21:30.421124+00,null,null,null,null,null,[],0,null,2026-07-16 12:21:35.74086+00
9288e534-55fa-4dda-adb3-0b7f688352cc,3452ef1d-d432-41d4-879e-15bc3ffea536,00000000-0000-0000-0000-000000000001,inhouse,condition_service,null,null,[],0,0,0,AC working good cooling,2026-07-13 12:05:41.144493+00,bd081ad6-5fe3-4c1d-a919-81b1055efa19,2026-07-13 12:05:41.144493+00,null,null,null,null,null,[],0,null,2026-07-13 12:05:43.321347+00
543a5424-4f9e-4c5f-9a1a-b7b56b4b2e43,5e89f675-cd07-456b-89e4-d141040c2f0e,00000000-0000-0000-0000-000000000001,inhouse,condition_service,null,null,[],0,0,0,AC filter cleaning work done,2026-07-18 11:11:53.3384+00,bd081ad6-5fe3-4c1d-a919-81b1055efa19,2026-07-18 11:11:53.3384+00,null,null,null,null,null,[],0,null,2026-07-18 11:12:05.458818+00
52763f9d-77a7-449a-93c3-8c6c2095d1da,fe8f1d7d-eb10-411e-9658-5287792fd4fe,00000000-0000-0000-0000-000000000001,inhouse,condition_service,null,null,[],0,0,0,Main door keys. three rooms keys working,2026-07-13 12:14:42.775417+00,bd081ad6-5fe3-4c1d-a919-81b1055efa19,2026-07-13 12:14:42.775417+00,null,null,null,null,null,[],0,null,2026-07-13 12:14:57.324894+00
99dd2f0b-b840-42a0-b210-55fc649b0e8d,6ee7e61a-b10e-4a6d-95c2-02b365bb774e,00000000-0000-0000-0000-000000000001,inhouse,condition_service,null,null,[],0,0,0,AC water leaking work Done,2026-07-18 11:14:35.788449+00,bd081ad6-5fe3-4c1d-a919-81b1055efa19,2026-07-18 11:14:35.788449+00,null,null,null,null,null,[],0,null,2026-07-18 11:14:42.608862+00
272ce327-0001-4faf-bb5f-ef9f560489c5,00c4b59e-970d-4075-a3b1-5c88a14a036c,00000000-0000-0000-0000-000000000001,inhouse,condition_service,null,null,[],0,0,0,AC working good cooling,2026-07-13 12:17:01.130705+00,bd081ad6-5fe3-4c1d-a919-81b1055efa19,2026-07-13 12:17:01.130705+00,null,null,null,null,null,[],0,null,2026-07-13 12:17:10.442037+00
6dfd2a9a-47f5-4259-9075-07cbb287d592,e4a24fa5-dd00-43f6-b93d-0f314865648a,00000000-0000-0000-0000-000000000001,inhouse,condition_service,null,null,[],0,0,0,Broken drawer knob,2026-07-18 11:32:32.972157+00,bd081ad6-5fe3-4c1d-a919-81b1055efa19,2026-07-18 11:32:32.972157+00,null,null,null,null,null,[],0,null,2026-07-18 11:32:50.325776+00
81aac12d-e2d5-4e2f-a67a-06f506acf164,e2f11fa3-0123-4cab-a9e4-46d077572c09,00000000-0000-0000-0000-000000000001,outside,replaced,null,null,"[{""qty"":1,""name"":""RO Membrane"",""total"":1500,""unit_cost"":1500,""vendor_name"":null,""usage_source"":""new_purchase"",""invoice_number"":null,""maintenance_item_id"":""88cf5349-74f4-4ebb-9d19-0cfc011d3bd8""}]",1500,1000,2500,RO water not dropping,2026-07-02 07:12:32.048513+00,f6623646-3abe-4faf-bff7-684ea1f04e96,2026-07-02 07:12:32.048513+00,e4b192b6-9da9-485c-b5be-26f3de3bea71,2026-07-15,1,https://slljsigvfaxngpjaajjd.supabase.co/storage/v1/object/public/documents/ticket-proof-of-purchase/1784086555934-xvm6qs6q7qp.jpg,null,"[{""qty"":1,""name"":""RO Membrane"",""total"":1500,""unit_cost"":1500,""vendor_name"":null,""usage_source"":""new_purchase"",""invoice_number"":null,""maintenance_item_id"":""88cf5349-74f4-4ebb-9d19-0cfc011d3bd8""}]",2500,null,2026-07-15 03:36:37.3582+00
598435e4-2b51-4e00-883e-56f4cbd9a782,f136cc5b-30b5-4357-ad73-b4d6604fc7df,00000000-0000-0000-0000-000000000001,inhouse,condition_service,null,null,[],0,0,0,Washing machine working last week work done,2026-07-15 14:52:29.400422+00,bd081ad6-5fe3-4c1d-a919-81b1055efa19,2026-07-15 14:52:29.400422+00,null,null,null,null,null,[],0,null,2026-07-15 14:52:35.303899+00
18784422-5931-4851-afc3-06f88d3da651,925b5fb4-9735-4f08-b8bb-e93d33cc14e1,00000000-0000-0000-0000-000000000001,inhouse,condition_service,null,null,[],0,0,0,AC no water licking,2026-07-16 08:10:40.614609+00,bd081ad6-5fe3-4c1d-a919-81b1055efa19,2026-07-16 08:10:40.614609+00,null,null,null,null,null,[],0,null,2026-07-22 11:20:17.698127+00
7b7602f3-c8ab-43fb-b349-4c4b4548856a,7ae58cd2-f723-43f4-9507-209bed09b762,00000000-0000-0000-0000-000000000001,inhouse,condition_service,null,null,[],0,0,0,We have cleaned the area and sprayed insecticide to treat the bedbug infestation.,2026-07-15 14:59:20.328088+00,bd081ad6-5fe3-4c1d-a919-81b1055efa19,2026-07-15 14:59:20.328088+00,null,null,null,null,null,[],0,null,2026-07-15 14:59:25.047149+00
b170401e-137e-4b19-a4cc-3f52fc83e768,f90ebf64-ee75-41cd-8a53-e97d7aad40da,00000000-0000-0000-0000-000000000001,inhouse,repair,null,null,"[{""qty"":1,""name"":""new lock"",""total"":28,""unit_cost"":28,""vendor_name"":""madurai sri meenaxi"",""usage_source"":""new_purchase"",""invoice_number"":null,""maintenance_item_id"":""77513902-5d2c-4be3-a287-e2a0a5772f1c""}]",28,0,28,new door lock chnage,2026-07-17 07:41:48.912798+00,bd081ad6-5fe3-4c1d-a919-81b1055efa19,2026-07-17 07:41:48.912798+00,e4b192b6-9da9-485c-b5be-26f3de3bea71,2026-07-16,1,https://slljsigvfaxngpjaajjd.supabase.co/storage/v1/object/public/documents/ticket-proof-of-purchase/1784274039212-bcep73fdefh.jpg,null,"[{""qty"":1,""name"":""new lock"",""total"":28,""unit_cost"":28,""vendor_name"":""madurai sri meenaxi"",""usage_source"":""new_purchase"",""invoice_number"":null,""maintenance_item_id"":""77513902-5d2c-4be3-a287-e2a0a5772f1c""}]",28,null,2026-07-17 07:41:51.766339+00
7ef5b965-1d3c-4ee1-b4ae-5d0971a15cab,f130f31f-51cd-41f5-a55e-46d12e05aa48,00000000-0000-0000-0000-000000000001,inhouse,repair,null,null,"[{""qty"":1,""name"":""Lock (Cupboard)"",""total"":50,""unit_cost"":50,""vendor_name"":null,""usage_source"":""new_purchase"",""invoice_number"":null,""maintenance_item_id"":""03fbeec3-8103-4622-9df5-ab6a977763bb""}]",50,0,50,D13 cupboard lock one changed in stock,2026-07-18 12:15:08.582298+00,bd081ad6-5fe3-4c1d-a919-81b1055efa19,2026-07-18 12:15:08.582298+00,e4b192b6-9da9-485c-b5be-26f3de3bea71,2026-07-14,8122164784@axl,https://slljsigvfaxngpjaajjd.supabase.co/storage/v1/object/public/documents/ticket-proof-of-purchase/1784375905615-eziyk20ar25.jpg,null,"[{""qty"":1,""name"":""Lock (Cupboard)"",""total"":50,""unit_cost"":50,""vendor_name"":null,""usage_source"":""new_purchase"",""invoice_number"":null,""maintenance_item_id"":""03fbeec3-8103-4622-9df5-ab6a977763bb""}]",50,null,2026-07-18 12:15:29.344837+00
c0784824-7bad-4349-a3f5-094ae556de33,9e794fe8-7c9d-4006-b59c-a654afcd2644,00000000-0000-0000-0000-000000000001,outside,repair,null,null,[],0,3400,3400,Pump and filter changing,2026-07-20 09:33:52.652436+00,bd081ad6-5fe3-4c1d-a919-81b1055efa19,2026-07-20 09:33:52.652436+00,e4b192b6-9da9-485c-b5be-26f3de3bea71,2026-07-18,18072026,https://slljsigvfaxngpjaajjd.supabase.co/storage/v1/object/public/documents/ticket-proof-of-purchase/1784540019571-9710wiotf48.jpg,null,[],3400,null,2026-07-20 09:33:59.22326+00
3048f856-4b64-4c9c-b419-f40527c6a7fb,8a683947-442d-4763-bd18-02ba97a44a81,00000000-0000-0000-0000-000000000001,inhouse,condition_service,null,null,[],0,0,0,Mosquito nets will be installed soon.,2026-05-13 07:12:57.863599+00,bd081ad6-5fe3-4c1d-a919-81b1055efa19,2026-05-13 07:12:57.863599+00,null,null,null,null,null,[],0,null,2026-07-21 06:20:53.946813+00
79fa8b98-f3fc-4680-8c09-b633fb063cce,b68b2bcf-ceb9-4cdc-8e0a-fdf2e5fd8d30,00000000-0000-0000-0000-000000000001,inhouse,condition_service,null,null,[],0,0,0,RO water tank cleaning work done,2026-07-22 05:32:08.061671+00,bd081ad6-5fe3-4c1d-a919-81b1055efa19,2026-07-22 05:32:08.061671+00,null,null,null,null,null,[],0,null,2026-07-22 05:32:12.640559+00
f2fca5eb-0d5d-4c8b-b3ad-11d1044a8fe7,ede434ad-c70c-40a2-9485-b640ab90663c,00000000-0000-0000-0000-000000000001,inhouse,condition_service,null,null,[],0,0,0,Fan capacitor compressor capacitor outdoor unit fan motor changed,2026-07-22 05:38:25.028297+00,bd081ad6-5fe3-4c1d-a919-81b1055efa19,2026-07-22 05:38:25.028297+00,null,null,null,null,null,[],0,null,2026-07-22 05:38:32.429474+00
f39926fb-369c-4d3a-aeb2-2d66461a32e7,81ffd7e3-ee08-4ada-9643-ae1f91da4b26,00000000-0000-0000-0000-000000000001,inhouse,condition_service,null,null,[],0,0,0,The drinking water is suitable for consumption.,2026-07-22 05:44:05.763359+00,bd081ad6-5fe3-4c1d-a919-81b1055efa19,2026-07-22 05:44:05.763359+00,null,null,null,null,null,[],0,null,2026-07-22 05:44:08.434383+00
37dad094-2e76-400e-9840-6cef0f97e982,8d75fa92-677d-4efd-ab0f-c81b150830e1,00000000-0000-0000-0000-000000000001,inhouse,condition_service,null,null,[],0,0,0,Curtain pipe repairing work done,2026-07-22 05:46:36.070896+00,bd081ad6-5fe3-4c1d-a919-81b1055efa19,2026-07-22 05:46:36.070896+00,null,null,null,null,null,[],0,null,2026-07-22 05:46:42.999411+00
bbf061b7-03b3-47cd-831d-f37b467fa583,74c37e82-2a93-41d5-8930-07d0d6ff11ef,00000000-0000-0000-0000-000000000001,inhouse,condition_service,null,null,[],0,0,0,Ceiling fan no noise in the room,2026-07-22 05:50:14.483754+00,bd081ad6-5fe3-4c1d-a919-81b1055efa19,2026-07-22 05:50:14.483754+00,null,null,null,null,null,[],0,null,2026-07-22 05:50:17.068631+00
170dd985-e166-4e52-a387-ad43e9a558e9,3d26fc71-98fb-4052-a26c-40e7b044d63b,00000000-0000-0000-0000-000000000001,inhouse,repair,null,null,[],0,210,210,New geyser switch changed,2026-07-22 05:55:46.397877+00,bd081ad6-5fe3-4c1d-a919-81b1055efa19,2026-07-22 05:55:46.397877+00,e4b192b6-9da9-485c-b5be-26f3de3bea71,2026-07-21,620239118172,https://slljsigvfaxngpjaajjd.supabase.co/storage/v1/object/public/documents/ticket-proof-of-purchase/1784699684053-yryv916zl3b.jpg,null,[],210,null,2026-07-22 05:55:46.397877+00
429b7f13-ea64-48f4-85f8-b72474bfe52c,e8661742-3adc-4507-9241-bca7836274a8,00000000-0000-0000-0000-000000000001,inhouse,condition_service,null,null,[],0,0,0,Freezer Door repairing work done,2026-07-22 05:59:33.333298+00,bd081ad6-5fe3-4c1d-a919-81b1055efa19,2026-07-22 05:59:33.333298+00,null,null,null,null,null,[],0,null,2026-07-22 05:59:36.59476+00
f0ea15ad-5587-4349-a6c9-14f413717670,328c45b0-3fca-4e12-a210-b04df5c758e4,00000000-0000-0000-0000-000000000001,inhouse,repair,null,null,[],0,0,0,"C42-C2 common washroom shawer head block
The shower head belongs to him.",2026-07-22 06:07:20.715769+00,bd081ad6-5fe3-4c1d-a919-81b1055efa19,2026-07-22 06:07:20.715769+00,null,null,null,null,null,[],0,null,2026-07-22 06:07:20.715769+00
9f88978e-64b8-4974-90a6-b835ac144a48,2186bdc7-f92c-4cce-95be-2dc2d768696f,00000000-0000-0000-0000-000000000001,inhouse,condition_service,null,null,[],0,2500,2500,Fan capacitor compressor capacitor outdoor unit fan motor changed,2026-07-22 06:38:55.497855+00,bd081ad6-5fe3-4c1d-a919-81b1055efa19,2026-07-22 06:38:55.497855+00,e4b192b6-9da9-485c-b5be-26f3de3bea71,2026-07-16,1234567890,https://slljsigvfaxngpjaajjd.supabase.co/storage/v1/object/public/documents/ticket-proof-of-purchase/1784701941134-tvqg4wmb04.jpg,null,[],2500,null,2026-07-22 06:39:05.306948+00
63a05950-407b-4c1d-b1bb-cac08fe29aaa,e1a9d3c0-7527-430e-bee5-117e4b5c944b,00000000-0000-0000-0000-000000000001,inhouse,condition_service,null,null,[],0,0,0,"New LED tube light changed 
Stock tubelight",2026-07-22 07:01:51.498729+00,bd081ad6-5fe3-4c1d-a919-81b1055efa19,2026-07-22 07:01:51.498729+00,null,null,null,null,null,[],0,null,2026-07-22 07:01:51.498729+00
d09d09cb-793d-4c7e-8eec-f58194d11714,32a14c06-3cab-4503-98f6-4a02c22f776b,00000000-0000-0000-0000-000000000001,inhouse,condition_service,null,null,[],0,1120,1120,New tubelight changed,2026-07-22 09:29:42.016166+00,bd081ad6-5fe3-4c1d-a919-81b1055efa19,2026-07-22 09:29:42.016166+00,e4b192b6-9da9-485c-b5be-26f3de3bea71,2026-07-22,620338480991,https://slljsigvfaxngpjaajjd.supabase.co/storage/v1/object/public/documents/ticket-proof-of-purchase/1784712551742-uu9wfsl0myq.jpg,null,[],1120,null,2026-07-22 09:29:50.28263+00
a8c5f38e-0c04-4a5d-8a75-635d7a3141bf,e689126d-d5a7-4935-ba4d-1f17097d2393,00000000-0000-0000-0000-000000000001,inhouse,condition_service,null,null,[],0,0,0,We will fix the power outage as soon as possible.,2026-07-22 05:13:28.816475+00,bd081ad6-5fe3-4c1d-a919-81b1055efa19,2026-07-22 05:13:28.816475+00,null,null,null,null,null,[],0,null,2026-08-01 05:18:01.632438+00
267b43af-ce79-4b5c-b93e-be2ab874fbac,4530a003-d425-4d3c-be37-5eef89668fa4,00000000-0000-0000-0000-000000000001,inhouse,condition_service,null,null,[],0,0,0,The inside of the door is well sealed and locked.,2026-07-22 05:17:16.276981+00,bd081ad6-5fe3-4c1d-a919-81b1055efa19,2026-07-22 05:17:16.276981+00,null,null,null,null,null,[],0,null,2026-08-01 05:18:19.752262+00
e450395c-ee9d-4b6e-ae0a-99d46130c393,48862e77-53fa-42d1-a7e4-5082320b4b33,00000000-0000-0000-0000-000000000001,inhouse,condition_service,null,null,[],0,0,0,Mattress replacing,2026-07-22 09:32:24.740541+00,bd081ad6-5fe3-4c1d-a919-81b1055efa19,2026-07-22 09:32:24.740541+00,null,null,null,null,null,[],0,null,2026-07-22 09:32:35.660599+00
c0bc3f9c-5790-4931-b0bf-935d58855278,ac72e508-b892-459e-8fa3-0ed87a7ab484,00000000-0000-0000-0000-000000000001,inhouse,condition_service,null,null,[],0,0,0,water no Leaking,2026-07-22 11:05:08.67881+00,bd081ad6-5fe3-4c1d-a919-81b1055efa19,2026-07-22 11:05:08.67881+00,null,null,null,null,null,[],0,null,2026-07-22 11:05:08.67881+00
457da752-5cba-472a-93ce-dc68c4413e2b,f578ef87-8153-4c0a-98bd-4feed4ac6d3c,00000000-0000-0000-0000-000000000001,inhouse,condition_service,null,null,[],0,660,660,A44 main door key handover to Anudatt Sunith,2026-06-18 08:37:47.823322+00,bd081ad6-5fe3-4c1d-a919-81b1055efa19,2026-06-18 08:37:47.823322+00,e4b192b6-9da9-485c-b5be-26f3de3bea71,2026-07-14,0987654321,https://slljsigvfaxngpjaajjd.supabase.co/storage/v1/object/public/documents/ticket-proof-of-purchase/1784872706448-ordxk0m2vb8.jpg,null,[],660,null,2026-07-24 06:00:47.261367+00
a8961058-7ff9-4e3a-8d55-2a610b9f9df1,f1c62a11-792d-4692-9de7-fc5834c32a22,00000000-0000-0000-0000-000000000001,inhouse,repair,null,null,[],0,440,440,Duplicate keys handover,2026-07-24 11:04:29.238791+00,bd081ad6-5fe3-4c1d-a919-81b1055efa19,2026-07-24 11:04:29.238791+00,e4b192b6-9da9-485c-b5be-26f3de3bea71,2026-07-22,620343232951,https://slljsigvfaxngpjaajjd.supabase.co/storage/v1/object/public/documents/ticket-proof-of-purchase/1784891033759-9q3posca0t.jpg,null,[],440,null,2026-07-24 11:04:29.238791+00
023e100c-c91b-43dc-b3da-1fa936c28a5e,3bbdb1e6-97f8-4bf0-a3da-9ac0e18a1030,00000000-0000-0000-0000-000000000001,inhouse,condition_service,null,null,[],0,0,0,New Cloth wall hanger fixed,2026-07-24 11:10:29.128157+00,bd081ad6-5fe3-4c1d-a919-81b1055efa19,2026-07-24 11:10:29.128157+00,null,null,null,null,null,[],0,null,2026-07-24 11:10:29.128157+00
b34cb74d-223a-47ed-9e5d-5e5b60774d1c,3bbdb1e6-97f8-4bf0-a3da-9ac0e18a1030,00000000-0000-0000-0000-000000000001,inhouse,condition_service,null,null,[],0,0,0,New Cloth wall hanger fixed,2026-07-24 11:10:30.302751+00,bd081ad6-5fe3-4c1d-a919-81b1055efa19,2026-07-24 11:10:30.302751+00,null,null,null,null,null,[],0,null,2026-07-24 11:10:30.302751+00
49315109-7bd0-4104-bcef-856300cb9063,808da367-8dc0-49dd-b070-e86ed899354d,00000000-0000-0000-0000-000000000001,inhouse,condition_service,null,null,[],0,0,0,Fan working no issues,2026-07-24 11:13:48.897198+00,bd081ad6-5fe3-4c1d-a919-81b1055efa19,2026-07-24 11:13:48.897198+00,null,null,null,null,null,[],0,null,2026-07-24 11:13:51.765317+00
3c6d1618-f31a-4e2a-b472-51fb868efe34,e71f6cdc-2ec5-44e4-bed4-87a615cec1e9,00000000-0000-0000-0000-000000000001,inhouse,condition_service,null,null,[],0,0,0,Shower head work water coming,2026-07-24 11:18:00.674385+00,bd081ad6-5fe3-4c1d-a919-81b1055efa19,2026-07-24 11:18:00.674385+00,null,null,null,null,null,[],0,null,2026-07-24 11:18:02.416876+00
7cba447c-3261-432f-8173-da1af79dddb5,c213fe10-5678-4492-a4c9-be13015463c6,00000000-0000-0000-0000-000000000001,inhouse,condition_service,null,null,[],0,0,0,WC cover repairing work done,2026-07-24 11:20:33.412944+00,bd081ad6-5fe3-4c1d-a919-81b1055efa19,2026-07-24 11:20:33.412944+00,null,null,null,null,null,[],0,null,2026-07-24 11:20:39.447117+00
44ea9e82-36da-4d28-be97-9ee7cdf1481c,d536308a-d7cc-4c83-a9d6-e86527a6682e,00000000-0000-0000-0000-000000000001,inhouse,condition_service,null,null,[],0,0,0,Washroom Door lock repairing work done,2026-07-24 11:25:11.61699+00,bd081ad6-5fe3-4c1d-a919-81b1055efa19,2026-07-24 11:25:11.61699+00,null,null,null,null,null,[],0,null,2026-07-24 11:25:11.61699+00
0d9d8c2f-2020-4bae-926a-36294bb815d5,e30e43e2-9262-49e8-b618-095bf27ff69b,00000000-0000-0000-0000-000000000001,inhouse,condition_service,null,null,[],0,0,0,Health Faucet repairing work done,2026-07-24 11:36:36.413099+00,bd081ad6-5fe3-4c1d-a919-81b1055efa19,2026-07-24 11:36:36.413099+00,null,null,null,null,null,[],0,null,2026-07-24 11:37:44.990491+00
d5c6ce4e-0882-4313-a8dd-b8a5ab2c3a66,9fd43c4c-a469-4f74-8c15-74a116f26187,00000000-0000-0000-0000-000000000001,inhouse,condition_service,null,null,[],0,0,0,B33 to A33 cupboard shifting,2026-07-24 11:54:55.108176+00,bd081ad6-5fe3-4c1d-a919-81b1055efa19,2026-07-24 11:54:55.108176+00,null,null,null,null,null,[],0,null,2026-07-24 11:54:55.108176+00
b77863b2-ddae-4a5e-bf3e-372fd854bbf3,3e24dc37-f8e6-4813-8301-873c8f0cba33,00000000-0000-0000-0000-000000000001,inhouse,condition_service,null,null,[],0,0,0,Alamari door work all we will do shortly.,2026-07-24 11:57:39.079895+00,bd081ad6-5fe3-4c1d-a919-81b1055efa19,2026-07-24 11:57:39.079895+00,null,null,null,null,null,[],0,null,2026-07-24 11:57:40.596193+00
faa1e703-e299-4e38-8cea-c59e55e9e75f,39c0d310-1634-4544-a11f-6e2978cf42c4,00000000-0000-0000-0000-000000000001,inhouse,condition_service,null,null,[],0,0,0,AC working good cooling,2026-07-25 10:43:22.779521+00,bd081ad6-5fe3-4c1d-a919-81b1055efa19,2026-07-25 10:43:22.779521+00,null,null,null,null,null,[],0,null,2026-07-25 10:43:25.297587+00
c606a579-8ac8-4b75-8ea2-1d496016e39f,d07d886a-50cd-43dd-b8a2-efdc5353759b,00000000-0000-0000-0000-000000000001,inhouse,repair,null,null,[],0,0,0,New tubelight changed,2026-07-27 11:22:50.785564+00,bd081ad6-5fe3-4c1d-a919-81b1055efa19,2026-07-27 11:22:50.785564+00,null,null,null,null,null,[],0,null,2026-07-27 11:23:01.98755+00
6ba35bad-b54e-4138-8699-e02fecc86b24,8709bba9-ca03-4034-9bc8-85f2f2143034,00000000-0000-0000-0000-000000000001,outside,repair,null,null,[],0,5500,5500,"B13,-C AC water service 
B24 -A AC water service 
C12 - B Gas refill,   Rs,5500",2026-07-28 09:12:49.761611+00,bd081ad6-5fe3-4c1d-a919-81b1055efa19,2026-07-28 09:12:49.761611+00,e4b192b6-9da9-485c-b5be-26f3de3bea71,2026-07-15,0987654321,https://slljsigvfaxngpjaajjd.supabase.co/storage/v1/object/public/documents/ticket-proof-of-purchase/1785229764306-p4x9yowm6s.jpg,null,[],5500,null,2026-07-28 09:13:09.884467+00
445f4c29-db88-4604-92af-abb9760d0ac0,0e095d80-8ab7-4313-9958-5f31427e3a26,00000000-0000-0000-0000-000000000001,inhouse,repair,null,null,[],0,0,0,Housekeeping room cleaning work done with washroom,2026-07-28 09:15:37.932353+00,bd081ad6-5fe3-4c1d-a919-81b1055efa19,2026-07-28 09:15:37.932353+00,null,null,null,null,null,[],0,null,2026-07-28 09:15:42.14794+00
af628676-986a-4ddd-9b49-353b5ef055f5,6b2280fc-f664-4c8c-953b-18db76713171,00000000-0000-0000-0000-000000000001,inhouse,repair,null,null,[],0,0,0,Washroom door lock repairing lwork done,2026-07-28 09:18:29.03891+00,bd081ad6-5fe3-4c1d-a919-81b1055efa19,2026-07-28 09:18:29.03891+00,null,null,null,null,null,[],0,null,2026-07-28 09:18:35.802228+00
ea1fe9e0-50ac-491d-9a2c-66407ac4b5a1,72f721e8-8e16-444d-b150-09b3385ae141,00000000-0000-0000-0000-000000000001,inhouse,condition_service,null,null,[],0,0,0,Water leaking work done now no leaking,2026-07-28 09:20:28.048911+00,bd081ad6-5fe3-4c1d-a919-81b1055efa19,2026-07-28 09:20:28.048911+00,null,null,null,null,null,[],0,null,2026-07-28 09:21:17.3336+00
6e871ef0-61c8-49c2-9836-6a0cfe974896,e0606954-e645-47ed-8008-f5ace1c87acc,00000000-0000-0000-0000-000000000001,inhouse,condition_service,null,null,[],0,0,0,AC water service work done,2026-07-28 09:31:15.738886+00,bd081ad6-5fe3-4c1d-a919-81b1055efa19,2026-07-28 09:31:15.738886+00,null,null,null,null,null,[],0,null,2026-07-28 09:31:24.709753+00
eab54355-a8c0-4570-a49e-4ff26b08f68b,3f7257c9-29d8-41bb-a4d5-18b68bbeba1f,00000000-0000-0000-0000-000000000001,inhouse,condition_service,null,null,[],0,0,0,New fan regulator changed,2026-06-09 10:40:05.088116+00,bd081ad6-5fe3-4c1d-a919-81b1055efa19,2026-06-09 10:40:05.088116+00,null,null,null,null,null,[],0,null,2026-07-28 10:39:30.25079+00
bc1681e5-325a-4dbb-baae-8330058598de,c72ab07c-8f4a-421d-b919-a30f5b493712,00000000-0000-0000-0000-000000000001,inhouse,condition_service,null,null,[],0,0,0,Shower handle repairing work done,2026-07-29 09:24:14.22263+00,bd081ad6-5fe3-4c1d-a919-81b1055efa19,2026-07-29 09:24:14.22263+00,null,null,null,null,null,[],0,null,2026-07-29 09:24:23.120618+00
7c079623-fd6a-4be8-b02a-a1c759ad0d3b,a99ead9e-4fc7-4128-bf2c-9a69cd0a8215,00000000-0000-0000-0000-000000000001,inhouse,condition_service,null,null,[],0,270,270,New shower head changed,2026-07-29 09:53:44.542789+00,bd081ad6-5fe3-4c1d-a919-81b1055efa19,2026-07-29 09:53:44.542789+00,e4b192b6-9da9-485c-b5be-26f3de3bea71,2026-07-29,0987654321,https://slljsigvfaxngpjaajjd.supabase.co/storage/v1/object/public/documents/ticket-proof-of-purchase/1785318733172-y97tl9ogwqp.jpg,null,[],270,null,2026-07-29 09:54:07.625257+00
cfde4c58-56e4-4c14-a039-71ec79112c31,4d818673-1496-448a-854e-3c4f180a1ee3,00000000-0000-0000-0000-000000000001,inhouse,condition_service,null,null,[],0,0,0,Wi-Fi network working,2026-05-26 07:44:33.124637+00,bd081ad6-5fe3-4c1d-a919-81b1055efa19,2026-05-26 07:44:33.124637+00,null,null,null,null,null,[],0,null,2026-08-01 05:12:51.188065+00
931f7ed1-c6c3-4fae-ac47-18f5f6b13765,8cb5baa2-ecba-4c2a-bb26-fab56d983ce5,00000000-0000-0000-0000-000000000001,inhouse,condition_service,null,null,[],0,0,0,AC no water leaking,2026-08-01 05:24:59.017946+00,bd081ad6-5fe3-4c1d-a919-81b1055efa19,2026-08-01 05:24:59.017946+00,null,null,null,null,null,[],0,null,2026-08-01 05:25:04.691876+00
37e06227-02c5-4681-9f46-e6050368cc5b,f48522e3-b70e-4caf-95c4-4c64695c632a,00000000-0000-0000-0000-000000000001,inhouse,repair,null,null,[],0,0,0,Wifi network working,2026-08-01 05:27:33.885594+00,bd081ad6-5fe3-4c1d-a919-81b1055efa19,2026-08-01 05:27:33.885594+00,null,null,null,null,null,[],0,null,2026-08-01 05:27:36.764278+00
b4b5a72d-0773-4532-a49d-075d29ddc9d9,094ec329-57a6-4e2d-8f07-52e271c7ba66,00000000-0000-0000-0000-000000000001,inhouse,condition_service,null,null,[],0,0,0,Wifi network working,2026-08-01 05:30:58.267724+00,bd081ad6-5fe3-4c1d-a919-81b1055efa19,2026-08-01 05:30:58.267724+00,null,null,null,null,null,[],0,null,2026-08-01 05:31:01.315576+00
14ad87a7-8963-4bb9-96e5-73cc3b739cd5,fe9ab246-7529-4e14-b17d-18d0309e4131,00000000-0000-0000-0000-000000000001,inhouse,condition_service,null,null,[],0,0,0,Now Wifi network working,2026-08-01 05:36:43.103796+00,bd081ad6-5fe3-4c1d-a919-81b1055efa19,2026-08-01 05:36:43.103796+00,null,null,null,null,null,[],0,null,2026-08-01 05:36:48.175524+00
1d25fca5-946f-4aa3-85ba-125a415ffe3e,3cb45ade-a1b3-4a3e-a5ad-afb563541fbe,00000000-0000-0000-0000-000000000001,inhouse,condition_service,null,null,[],0,0,0,"When the power goes out, the generator power backup will be fixed as soon as possible.",2026-08-01 06:04:53.894436+00,bd081ad6-5fe3-4c1d-a919-81b1055efa19,2026-08-01 06:04:53.894436+00,null,null,null,null,null,[],0,null,2026-08-01 06:06:54.456975+00
821ba579-8269-4554-947f-3dd851ec51a7,17fe2cf1-0e71-401f-984f-ad4d7ad1e0c0,00000000-0000-0000-0000-000000000001,inhouse,repair,null,null,[],0,0,0,AC no water leaking,2026-08-01 06:08:44.229528+00,bd081ad6-5fe3-4c1d-a919-81b1055efa19,2026-08-01 06:08:44.229528+00,null,null,null,null,null,[],0,null,2026-08-01 06:08:56.513079+00
34bb8a8c-b22a-465b-a104-4a92d58dfa61,d8a3ea93-5c3b-4388-ad6b-03f15dad3785,00000000-0000-0000-0000-000000000001,inhouse,repair,null,null,[],0,0,0,The main door lock will be fixed as soon as possible.,2026-07-28 09:24:42.299555+00,bd081ad6-5fe3-4c1d-a919-81b1055efa19,2026-07-28 09:24:42.299555+00,null,null,null,null,null,[],0,null,2026-08-02 08:42:31.552358+00
746e7320-3ddf-4d37-830a-01943966a862,40746a5e-55d4-43cb-ae82-27d92f2ed6fa,00000000-0000-0000-0000-000000000001,inhouse,condition_service,null,null,[],0,0,0,Wifi network working,2026-08-01 05:29:11.64783+00,bd081ad6-5fe3-4c1d-a919-81b1055efa19,2026-08-01 05:29:11.64783+00,null,null,null,null,null,[],0,null,2026-08-03 07:04:14.91306+00
e4474ec9-0b56-49ca-b029-f0f282e75898,ae295f50-0b70-4196-8d65-0167a77cbbe1,00000000-0000-0000-0000-000000000001,outside,condition_service,null,null,[],0,4500,4500,"The AC is turning on, but no air is coming out of the vents, and the filter cleaning history is unknown/never. This strongly suggests an airflow obstruction, most likely a severely clogged air filter, or a problem with… Resolution performed: condition service via outside.",2026-08-02 08:40:32.602032+00,bd081ad6-5fe3-4c1d-a919-81b1055efa19,2026-08-02 08:40:32.602032+00,e4b192b6-9da9-485c-b5be-26f3de3bea71,2026-07-29,0987654321,https://slljsigvfaxngpjaajjd.supabase.co/storage/v1/object/public/documents/ticket-proof-of-purchase/1785659983757-hd0506h6x2.jpg,null,[],4500,null,2026-08-02 08:40:36.588312+00
39502859-8368-4cb7-bebe-3c53987b537d,ad324cb8-a2b5-4f1a-bf19-9d194430678b,00000000-0000-0000-0000-000000000001,inhouse,repair,null,null,[],0,0,0,The main door lock will be fixed as soon as possible.,2026-08-02 08:46:14.581454+00,bd081ad6-5fe3-4c1d-a919-81b1055efa19,2026-08-02 08:46:14.581454+00,null,null,null,null,null,[],0,null,2026-08-02 08:46:20.320736+00
080bbb00-138a-42eb-861e-e1b4451379ab,a314d053-3615-4d81-80cb-094770185f15,00000000-0000-0000-0000-000000000001,inhouse,condition_service,null,null,[],0,0,0,Water licking repairing work done,2026-08-02 08:56:30.69847+00,bd081ad6-5fe3-4c1d-a919-81b1055efa19,2026-08-02 08:56:30.69847+00,null,null,null,null,null,[],0,null,2026-08-02 08:56:33.653508+00
c311b37f-31ca-47e7-9563-9d809cd83ae7,fe56c106-be83-4065-bacb-790bee4ee22f,00000000-0000-0000-0000-000000000001,inhouse,condition_service,null,null,[],0,0,0,Ac remote working,2026-08-02 09:01:52.046411+00,bd081ad6-5fe3-4c1d-a919-81b1055efa19,2026-08-02 09:01:52.046411+00,null,null,null,null,null,[],0,null,2026-08-02 09:01:56.20319+00
66930f03-9b95-4383-92da-4a3f44b9c8c9,12683646-ca80-4749-baf9-654e9c8c6b08,00000000-0000-0000-0000-000000000001,inhouse,repair,null,null,[],0,0,0,We will fix the marble corner of the kitchen table soon.,2026-08-02 11:35:11.861346+00,bd081ad6-5fe3-4c1d-a919-81b1055efa19,2026-08-02 11:35:11.861346+00,null,null,null,null,null,[],0,null,2026-08-02 11:35:16.640452+00
c54607c9-f61a-453c-8a61-ade89a0360d9,0780c700-c404-4944-abab-6c90a1c92975,00000000-0000-0000-0000-000000000001,inhouse,repair,null,null,[],0,0,0,Ac no Water leaking,2026-08-03 07:06:08.332666+00,bd081ad6-5fe3-4c1d-a919-81b1055efa19,2026-08-03 07:06:08.332666+00,null,null,null,null,null,[],0,null,2026-08-03 07:06:16.418912+00
0593ceb3-585b-438f-8652-dc489a64bfc7,cd746238-e268-40f5-950a-46720e40182d,00000000-0000-0000-0000-000000000001,inhouse,repair,null,null,[],0,0,0,Wi-Fi Network  working,2026-08-03 11:20:44.297115+00,bd081ad6-5fe3-4c1d-a919-81b1055efa19,2026-08-03 11:20:44.297115+00,null,null,null,null,null,[],0,null,2026-08-03 11:20:47.025899+00
f87b0375-9d0a-412f-908e-4aa7da377e65,7556746e-5ab5-45c5-9a9d-bb283b5604dc,00000000-0000-0000-0000-000000000001,inhouse,repair,null,null,[],0,0,0,"When the power goes out, the generator power backup will be fixed as soon as possible.",2026-08-03 11:23:55.237649+00,bd081ad6-5fe3-4c1d-a919-81b1055efa19,2026-08-03 11:23:55.237649+00,null,null,null,null,null,[],0,null,2026-08-03 11:23:58.463471+00
acd506dd-5db4-4e11-99f7-cf22edb9d89a,690ced8f-1267-4d45-b938-e08f24469ebf,00000000-0000-0000-0000-000000000001,inhouse,repair,null,null,[],0,0,0,Main door lock working properly,2026-08-03 11:26:14.14127+00,bd081ad6-5fe3-4c1d-a919-81b1055efa19,2026-08-03 11:26:14.14127+00,null,null,null,null,null,[],0,null,2026-08-03 11:26:17.47143+00
d77bc95d-25fb-4d24-bd97-34c5ce6151fc,448b2e41-abe4-42f1-9e4c-dacecd396019,00000000-0000-0000-0000-000000000001,inhouse,condition_service,null,null,[],0,0,0,Shower handle repairing work done,2026-08-05 06:11:43.486666+00,bd081ad6-5fe3-4c1d-a919-81b1055efa19,2026-08-05 06:11:43.486666+00,null,null,null,null,null,[],0,null,2026-08-05 06:11:54.042893+00
709426e2-cbb1-4334-8749-79cfb5773b0f,67123f11-5721-4f52-950f-d91b623d5cc2,00000000-0000-0000-0000-000000000001,inhouse,condition_service,null,null,[],0,0,0,We will fix the AC swing very quickly.,2026-08-02 11:48:06.973748+00,bd081ad6-5fe3-4c1d-a919-81b1055efa19,2026-08-02 11:48:06.973748+00,null,null,null,null,null,[],0,null,2026-08-05 06:26:49.235144+00
cad0dc6d-7ba3-4180-9572-2c8e644e56ac,6857ae26-4fb8-4fa9-8386-a7a8942fb816,00000000-0000-0000-0000-000000000001,inhouse,repair,null,null,[],0,0,0,Housekeeping cleaning work done near the cupboard area,2026-08-05 08:24:49.482321+00,bd081ad6-5fe3-4c1d-a919-81b1055efa19,2026-08-05 08:24:49.482321+00,null,null,null,null,null,[],0,null,2026-08-05 08:24:49.482321+00
5a9c10d4-fc41-480b-a466-e0e245008197,f4d053ac-3a5f-4d6c-9fe8-ebc83f9c0c4e,00000000-0000-0000-0000-000000000001,inhouse,condition_service,null,null,[],0,0,0,Geyser is working hot water coming working good,2026-08-05 08:29:41.849267+00,bd081ad6-5fe3-4c1d-a919-81b1055efa19,2026-08-05 08:29:41.849267+00,null,null,null,null,null,[],0,null,2026-08-05 08:29:48.434618+00
7519adfa-a9ec-4f7b-baec-384657378ac0,b741eb67-7ee0-4f55-b9ab-b99322f2d859,00000000-0000-0000-0000-000000000001,inhouse,condition_service,null,null,[],0,0,0,AC no water leaking,2026-08-05 08:33:24.880292+00,bd081ad6-5fe3-4c1d-a919-81b1055efa19,2026-08-05 08:33:24.880292+00,null,null,null,null,null,[],0,null,2026-08-05 08:33:33.120008+00
f41ede66-2441-493e-b11e-733a5be81f5a,aa847ef5-cce0-4546-a849-20d43ecb9f08,00000000-0000-0000-0000-000000000001,inhouse,condition_service,null,null,[],0,0,0,Washing machine tub cleaning work done,2026-08-05 08:35:24.985379+00,bd081ad6-5fe3-4c1d-a919-81b1055efa19,2026-08-05 08:35:24.985379+00,null,null,null,null,null,[],0,null,2026-08-05 08:35:30.166986+00
516fabee-b458-4921-8f85-dddc3a7fbaf2,17d1f848-18a0-4be8-915f-b1bd213b79f3,00000000-0000-0000-0000-000000000001,inhouse,condition_service,null,null,[],0,0,0,AC working good cooling,2026-08-05 08:49:38.092026+00,bd081ad6-5fe3-4c1d-a919-81b1055efa19,2026-08-05 08:49:38.092026+00,null,null,null,null,null,[],0,null,2026-08-05 08:49:45.923558+00
1b201a6f-b7ad-45ac-b717-cc099433468b,8ff9e815-22fc-4901-8096-cd2d0ae81176,00000000-0000-0000-0000-000000000001,inhouse,repair,null,null,[],0,0,0,"AC working good cooling, voltage issues
Three booster stabilizer need",2026-08-05 08:51:44.222699+00,bd081ad6-5fe3-4c1d-a919-81b1055efa19,2026-08-05 08:51:44.222699+00,null,null,null,null,null,[],0,null,2026-08-05 08:52:14.074005+00
40aa3b59-4307-468b-916c-6e7dc0e578db,3151f7a1-adad-4329-925b-3375c30dae24,00000000-0000-0000-0000-000000000001,inhouse,condition_service,null,null,[],0,0,0,"the Cupboard has got Termites, the entire cupboard has been damaged, we will fix it soon",2026-08-05 08:59:03.16881+00,bd081ad6-5fe3-4c1d-a919-81b1055efa19,2026-08-05 08:59:03.16881+00,null,null,null,null,null,[],0,null,2026-08-05 08:59:08.958398+00
e033e19c-c067-4f14-a0b4-8730afc22fef,8e34dbc4-946b-4970-aecc-e5988930a00b,00000000-0000-0000-0000-000000000001,inhouse,repair,null,null,[],0,0,0,C42- common washroom shower water coming,2026-08-06 05:17:07.507991+00,bd081ad6-5fe3-4c1d-a919-81b1055efa19,2026-08-06 05:17:07.507991+00,null,null,null,null,null,[],0,null,2026-08-06 05:17:11.954858+00
a63c768e-dc50-48ac-badf-b9e574727364,d513cc24-826a-428b-b67e-a909f76f2842,00000000-0000-0000-0000-000000000001,inhouse,condition_service,null,null,[],0,0,0,Wash basin drain water going,2026-08-06 05:24:35.446428+00,bd081ad6-5fe3-4c1d-a919-81b1055efa19,2026-08-06 05:24:35.446428+00,null,null,null,null,null,[],0,null,2026-08-06 05:24:43.87019+00
b1de93ac-542e-4e8b-b622-7e24744261c7,f14e8248-c15f-48e6-9393-6548916183c2,00000000-0000-0000-0000-000000000001,inhouse,condition_service,null,null,[],0,0,0,AC  remote working AC good cooling,2026-08-06 10:35:55.14911+00,bd081ad6-5fe3-4c1d-a919-81b1055efa19,2026-08-06 10:35:55.14911+00,null,null,null,null,null,[],0,null,2026-08-06 10:36:07.402353+00
44df6ac6-86be-444f-bfd3-39628792083b,c49eb0f0-97c2-4aef-87a4-f012ea413af1,00000000-0000-0000-0000-000000000001,inhouse,condition_service,null,null,[],0,0,0,WC housekeeping clean work done washroom,2026-08-07 05:11:22.131441+00,bd081ad6-5fe3-4c1d-a919-81b1055efa19,2026-08-07 05:11:22.131441+00,null,null,null,null,null,[],0,null,2026-08-07 05:12:11.472419+00
e72e15e5-1d74-4778-b517-6048dd113797,d54bda01-3bf2-4b38-8627-56ba63374724,00000000-0000-0000-0000-000000000001,inhouse,condition_service,null,null,[],0,0,0,"Housekeeping took the bucket and mug only after your friend, who was in your room, told them to take them.",2026-08-07 06:41:48.379339+00,bd081ad6-5fe3-4c1d-a919-81b1055efa19,2026-08-07 06:41:48.379339+00,null,null,null,null,null,[],0,null,2026-08-07 06:41:54.660319+00
d8f5ea05-9eb0-47e1-a4c4-da86d0fc953e,7fe2e0cb-2f58-44ae-b927-0f8a9d52a273,00000000-0000-0000-0000-000000000001,inhouse,condition_service,null,null,[],0,0,0,Wifi network working,2026-08-07 06:51:10.352928+00,bd081ad6-5fe3-4c1d-a919-81b1055efa19,2026-08-07 06:51:10.352928+00,null,null,null,null,null,[],0,null,2026-08-07 06:51:14.426862+00