id,invoice_id,apartment_id,billing_month,total_apartment_bill,total_tenant_days,per_day_rate,tenant_stay_days,tenant_eb_charge,total_units,unit_cost,created_at,organization_id,tenant_id
b053a446-ee19-48e9-ab9b-a963a247b086,21dcf37a-937c-416d-b0c4-8bd06131bf0b,0a839c14-2a88-9896-c2f2-8d51fe610405,Apr-26,8155,173,47,5,235,709.1000000000022,11.5,2026-05-05 11:14:29.597207+00,00000000-0000-0000-0000-000000000001,null
11a67514-1416-43c1-baec-a8a076f3e966,48894d02-2c1a-4b28-9031-e012585e4649,417c9738-a0f7-5a00-1091-37a9fd083dd6,Apr-26,8272,153,54,3,162,719.3000000000029,11.5,2026-05-05 11:14:29.597207+00,00000000-0000-0000-0000-000000000001,null
3d20ec55-c79a-4de0-a981-1b7eac151b81,ba758cf4-5700-470e-9e24-85000cce9bb9,b0d4d2c8-f6ee-bc16-ffd7-fc33c8db8571,Apr-26,8697,120,72,11,792,756.2000000000007,11.5,2026-05-05 11:14:29.597207+00,00000000-0000-0000-0000-000000000001,null
5aa29b5d-3e12-4722-9578-94cedf81fd0e,19de3e02-ae8a-41db-86b3-805610d7c655,77c3a6fd-4651-d880-29aa-abd19c8324df,Apr-26,5635,160,35,10,350,490,11.5,2026-05-05 11:14:29.597207+00,00000000-0000-0000-0000-000000000001,null
be8da81d-0248-4ebf-bc32-b58d0d7c1279,b4fc6e19-e5dc-4efd-a083-229d7de49dcc,85292340-826d-52c1-65c7-7f2a9eb2c2c4,Apr-26,11083,138,80,19,1520,963.7000000000044,11.5,2026-05-05 11:14:29.597207+00,00000000-0000-0000-0000-000000000001,null
091a3141-a614-4608-af58-9f247ae8fde6,1419d272-e40c-4f1c-9f9d-76c561c8491b,86ad1ceb-8d81-a926-d998-3a2f1cafba06,Apr-26,8086,107,76,17,1292,703.0999999999985,11.5,2026-05-05 11:14:29.597207+00,00000000-0000-0000-0000-000000000001,null
08c6c487-086d-47d8-8bb5-de56e74a1f2c,556071ad-6c53-4b32-99a5-44865f77c00d,85292340-826d-52c1-65c7-7f2a9eb2c2c4,Apr-26,11083,138,80,19,1520,963.7000000000044,11.5,2026-05-05 11:14:29.597207+00,00000000-0000-0000-0000-000000000001,null
be51aa38-75a3-4865-b8b8-e4cf6f118133,6e717f04-d67a-4aef-93fa-3aeb2e23791b,49ed1c8e-3653-c89b-ec74-16d8e20bb923,Apr-26,10730,146,73,26,1898,933,11.5,2026-05-05 11:14:29.597207+00,00000000-0000-0000-0000-000000000001,null
b934d04a-ca34-4711-831a-2299ddff887a,664fa28f-555a-4f05-a331-f19b45a02bcb,188aee4d-68e0-1ddb-38e6-a946bc75072d,Apr-26,6391,142,45,25,1125,555.6999999999998,11.5,2026-05-05 11:14:29.597207+00,00000000-0000-0000-0000-000000000001,null
70865195-4ee2-43ff-a2ed-266426a46183,4e6ddba4-4e4a-46bb-ae96-387f2fcea997,fb5cedd6-2992-1c62-7fba-4a7a6b43b2ff,Apr-26,14395,146,99,26,2574,1251.7000000000007,11.5,2026-05-05 11:14:29.597207+00,00000000-0000-0000-0000-000000000001,null
2bb1ea28-fb00-416e-aba6-805113ba0e01,7940abf2-435d-428a-afd9-afbac1a22324,233cca0e-efcf-e631-d2fc-9997a6ba5706,Apr-26,12380,146,85,26,2210,1076.5,11.5,2026-05-05 11:14:29.597207+00,00000000-0000-0000-0000-000000000001,null
4c97a1d3-e413-41b3-81a7-0e296dcd87b2,f048cb30-8bd5-4098-b7ab-64a6122dd64f,bde00681-ebfc-ef38-4f6e-4906a012de6b,Apr-26,12026,134,90,15,1350,1045.7000000000044,11.5,2026-05-05 11:14:29.597207+00,00000000-0000-0000-0000-000000000001,null
eae229ef-94d9-42a2-8cb6-454c3109ea4a,803e0d7c-0165-4a5e-8143-993641d99cc7,b0d4d2c8-f6ee-bc16-ffd7-fc33c8db8571,Apr-26,8697,120,72,15,1080,756.2000000000007,11.5,2026-05-05 11:14:29.597207+00,00000000-0000-0000-0000-000000000001,null
17278208-a4e7-4bb0-9a66-272d5a4d5b0d,fd6d9ee7-09f2-4707-8c74-07b74684c53a,a361bd0d-c2c1-2aee-6303-d65de004edd0,Apr-26,7099,152,47,30,1410,617.2999999999956,11.5,2026-05-05 11:14:29.597207+00,00000000-0000-0000-0000-000000000001,null
895155a5-2507-49cf-9748-a838d38392e4,3579c39c-6c79-4981-8f9c-433e7fa9128f,fb5cedd6-2992-1c62-7fba-4a7a6b43b2ff,Apr-26,14395,146,99,30,2970,1251.7000000000007,11.5,2026-05-05 11:14:29.597207+00,00000000-0000-0000-0000-000000000001,null
f5fb0327-1d88-4ee1-afdb-4e81bc8b5ec7,5889a0a5-8910-4d05-b0c9-2dc9ab10bbd0,aa73cade-c28c-dc5b-5980-55801ea0d415,Apr-26,7042,149,47,30,1410,612.3000000000029,11.5,2026-05-05 11:14:29.597207+00,00000000-0000-0000-0000-000000000001,null
22e52311-a834-4e40-9e91-c2a4ac116419,a7bb02b9-7563-470b-bf34-1a408ff62c86,0a839c14-2a88-9896-c2f2-8d51fe610405,Apr-26,8155,173,47,30,1410,709.1000000000022,11.5,2026-05-05 11:14:29.597207+00,00000000-0000-0000-0000-000000000001,null
0016399c-f450-4d35-9716-548aeb9d7994,6a3ed4a5-541f-445a-808a-f85851190bc4,03edc7c5-4c46-b55e-523d-9fb7be29910b,Apr-26,12103,150,81,30,2430,1052.4000000000015,11.5,2026-05-05 11:14:29.597207+00,00000000-0000-0000-0000-000000000001,null
5688b6b5-e8d5-449b-84de-ed9ea4a464fa,b9225742-6213-48b3-a2f7-1b4d21213d61,9d5d0096-0b78-a663-1142-be871dfa2bda,Apr-26,9141,120,76,30,2280,794.7999999999956,11.5,2026-05-05 11:14:29.597207+00,00000000-0000-0000-0000-000000000001,null
2bf9bf27-aeb0-4bce-96db-b7e9f310631f,2f4acbe0-8b5a-4b1b-8744-c7854d308bdf,10c6863d-07c3-4fc4-94f9-6adc29157ce1,Apr-26,7650,151,51,30,1530,665.2000000000044,11.5,2026-05-05 11:14:29.597207+00,00000000-0000-0000-0000-000000000001,null
03892be3-7c19-4bf6-b2a9-59bc267285cf,b284c0db-1aa9-4b1f-9229-b82a784c7b99,bc7f358d-0d6d-f95f-ff80-9089eefdef69,Apr-26,6436,90,72,30,2160,559.5999999999985,11.5,2026-05-05 11:14:29.597207+00,00000000-0000-0000-0000-000000000001,null
58dcea99-e962-45fe-9c24-67057e437080,3daed8ae-40f1-4090-b5c0-99e6f16bacfa,10c6863d-07c3-4fc4-94f9-6adc29157ce1,Apr-26,7650,151,51,30,1530,665.2000000000044,11.5,2026-05-05 11:14:29.597207+00,00000000-0000-0000-0000-000000000001,null
97eda651-68b9-487c-9b7e-a82e3f3aced8,4cfcc5cd-2680-4f78-96ba-ed9846f8e6ab,c17c5093-48b7-139f-ebfc-1cd33ef5179c,Apr-26,5282,116,46,30,1380,459.3000000000029,11.5,2026-05-05 11:14:29.597207+00,00000000-0000-0000-0000-000000000001,null
5ada008e-f388-4af6-b3b1-5e87b3d8216e,66aef6d0-962d-4082-86f5-bee17ffa4451,0a839c14-2a88-9896-c2f2-8d51fe610405,Apr-26,8155,173,47,30,1410,709.1000000000022,11.5,2026-05-05 11:14:29.597207+00,00000000-0000-0000-0000-000000000001,null
1ea75197-1d72-4148-b202-646a2b5382af,a5990e77-517b-451b-9935-0a3696ab7f33,a361bd0d-c2c1-2aee-6303-d65de004edd0,Apr-26,7099,152,47,30,1410,617.2999999999956,11.5,2026-05-05 11:14:29.597207+00,00000000-0000-0000-0000-000000000001,null
4fd1c72f-180f-4f73-8508-ea04c31c6bf5,dc524efe-0181-4e3d-92be-fb71dd89c4fc,82b270bf-e567-2deb-5ef3-495baafd7645,Apr-26,5414,150,36,30,1080,470.6999999999971,11.5,2026-05-05 11:14:29.597207+00,00000000-0000-0000-0000-000000000001,null
19779817-93cf-47fa-86c7-c502955bea12,73776e7f-89b8-491f-a803-dc229d28d67d,211a2b33-4e94-3da1-7d97-406bc26036f5,Apr-26,6201,150,41,30,1230,539.2000000000003,11.5,2026-05-05 11:14:29.597207+00,00000000-0000-0000-0000-000000000001,null
f4039234-528a-459d-ab57-73dcb652713f,9ef81a96-aa0b-490d-889c-f8d213e5e5bf,0a839c14-2a88-9896-c2f2-8d51fe610405,Apr-26,8155,173,47,30,1410,709.1000000000022,11.5,2026-05-05 11:14:29.597207+00,00000000-0000-0000-0000-000000000001,null
8884d5fe-680a-4022-bf79-bfc71d8fcab9,df6b98e5-55c2-4165-a00d-3285fdd7dc19,9d5d0096-0b78-a663-1142-be871dfa2bda,Apr-26,9141,120,76,30,2280,794.7999999999956,11.5,2026-05-05 11:14:29.597207+00,00000000-0000-0000-0000-000000000001,null
fab42909-203b-4c91-ba88-b9a28b693701,61b78d3c-d9ac-431a-8941-4f7db6a92659,a361bd0d-c2c1-2aee-6303-d65de004edd0,Apr-26,7099,152,47,30,1410,617.2999999999956,11.5,2026-05-05 11:14:29.597207+00,00000000-0000-0000-0000-000000000001,null
b777ce37-4c2c-4a0f-9bc5-df21047169a3,91fd5125-0192-4f95-99e9-f347ae8c3914,77c3a6fd-4651-d880-29aa-abd19c8324df,Apr-26,5635,160,35,30,1050,490,11.5,2026-05-05 11:14:29.597207+00,00000000-0000-0000-0000-000000000001,null
bd2c72d5-d698-433c-84ae-51167778da9a,8b5a89a4-988e-44e7-a52d-5ff71470f299,ffbd5fe0-d9b3-cb55-cfd7-2d72a3498109,Apr-26,9276,150,62,30,1860,806.5999999999985,11.5,2026-05-05 11:14:29.597207+00,00000000-0000-0000-0000-000000000001,null
281c29a3-7f85-4185-86b2-882b924f053e,8758c70b-6334-499f-964f-5acf0748cd2a,990e8a3e-a69c-7b31-f606-3eeb21e3d4c6,Apr-26,5339,150,36,30,1080,464.1999999999971,11.5,2026-05-05 11:14:29.597207+00,00000000-0000-0000-0000-000000000001,null
57be8275-95d2-46aa-af36-88cea2d78025,45ba56c0-17d5-4b41-a489-7ff5886ccb51,c17c5093-48b7-139f-ebfc-1cd33ef5179c,Apr-26,5282,116,46,30,1380,459.3000000000029,11.5,2026-05-05 11:14:29.597207+00,00000000-0000-0000-0000-000000000001,null
c41ce26b-3181-426f-ab10-0f1c3114f97f,07fed98d-22f8-4112-9f46-42df861edfb3,10c6863d-07c3-4fc4-94f9-6adc29157ce1,Apr-26,7650,151,51,30,1530,665.2000000000044,11.5,2026-05-05 11:14:29.597207+00,00000000-0000-0000-0000-000000000001,null
f48b45c3-2c3d-43ee-9f60-3460ee0c371c,90978e61-6b38-4a2c-b96d-55ecbd9f7deb,dd96a329-ec95-e96a-1348-69d976f39cd4,Apr-26,9654,150,64,30,1920,839.3999999999942,11.5,2026-05-05 11:14:29.597207+00,00000000-0000-0000-0000-000000000001,null
b02c9d18-afbb-43e0-aa6d-244a26118a61,5b41cedb-01c5-498b-b1ff-3284c3913628,a361bd0d-c2c1-2aee-6303-d65de004edd0,Apr-26,7099,152,47,2,94,617.2999999999956,11.5,2026-05-05 11:14:29.597207+00,00000000-0000-0000-0000-000000000001,null
4f19021f-a863-4a7c-bd9d-5f7b6124f8c0,e8676339-74f3-4124-a2b5-5107746d045c,aa73cade-c28c-dc5b-5980-55801ea0d415,Apr-26,7042,149,47,30,1410,612.3000000000029,11.5,2026-05-05 11:14:29.597207+00,00000000-0000-0000-0000-000000000001,null
29ff1c9b-6a39-4d9b-8110-cf1e881cb5fc,ce21c63c-11f2-4f43-817a-13ccdd4672b8,9d5d0096-0b78-a663-1142-be871dfa2bda,Apr-26,9141,120,76,30,2280,794.7999999999956,11.5,2026-05-05 11:14:29.597207+00,00000000-0000-0000-0000-000000000001,null
5bacd559-b0b4-461a-8856-ad910d57566d,44d6a69a-d3e5-4456-9024-da8ad680e017,b0d4d2c8-f6ee-bc16-ffd7-fc33c8db8571,Mar-26,9407,130,72,6,432,818,11.5,2026-04-07 07:48:35.486464+00,00000000-0000-0000-0000-000000000001,d751c131-c1c9-4f5c-88f8-7e4c6cb710b3
6bc24378-1914-4eb3-8d14-fb4176b47c5c,2676b772-c7a4-47a1-a156-1ac20ff3033b,dd96a329-ec95-e96a-1348-69d976f39cd4,Apr-26,9654,150,64,30,1920,839.3999999999942,11.5,2026-05-05 11:14:29.597207+00,00000000-0000-0000-0000-000000000001,null
d0dee981-5b69-41bb-9330-3c41cdfcc7d2,387609f1-cdc9-4fc5-a377-c81c04b99ad4,211a2b33-4e94-3da1-7d97-406bc26036f5,Apr-26,6201,150,41,30,1230,539.2000000000003,11.5,2026-05-05 11:14:29.597207+00,00000000-0000-0000-0000-000000000001,null
039e37dc-5914-4db9-9fc1-7796c642427a,57e3b4e2-e145-4fbc-86f3-efb3db0d19f0,79853a4a-cb02-508c-e041-7e23378aec9c,Apr-26,15617,240,65,30,1950,1358,11.5,2026-05-05 11:14:29.597207+00,00000000-0000-0000-0000-000000000001,null
feefb540-a250-423c-bda1-7455a62028ec,e51c64ad-5a34-4862-9f09-ccc6a0b89db0,211a2b33-4e94-3da1-7d97-406bc26036f5,Apr-26,6201,150,41,30,1230,539.2000000000003,11.5,2026-05-05 11:14:29.597207+00,00000000-0000-0000-0000-000000000001,null
fe1ce377-54c7-498f-8d19-1145fcd55eb4,4dd3acf8-8d3d-41bc-8581-3547cf7cd343,1b4d1066-8fe4-199b-7b3b-39e4bded9714,Apr-26,13125,180,73,30,2190,1141.300000000003,11.5,2026-05-05 11:14:29.597207+00,00000000-0000-0000-0000-000000000001,null
e72f1eef-7b0e-41b1-947a-67915394444c,c13419cb-9070-40db-90f1-30e73770f5de,188aee4d-68e0-1ddb-38e6-a946bc75072d,Apr-26,6391,142,45,30,1350,555.6999999999998,11.5,2026-05-05 11:14:29.597207+00,00000000-0000-0000-0000-000000000001,null
2c103540-8e49-4c44-a766-dab5bdbe1ee9,7bb14fea-307a-4322-b155-d1c72b0867a5,233cca0e-efcf-e631-d2fc-9997a6ba5706,Apr-26,12380,146,85,30,2550,1076.5,11.5,2026-05-05 11:14:29.597207+00,00000000-0000-0000-0000-000000000001,null
7f3777bb-34aa-423f-9f3f-2e0007fcf05d,5145a725-83d7-4cb2-9509-109b181f6c45,79853a4a-cb02-508c-e041-7e23378aec9c,Apr-26,15617,240,65,30,1950,1358,11.5,2026-05-05 11:14:29.597207+00,00000000-0000-0000-0000-000000000001,null
656a665d-a527-4e67-b247-df75d22ecbc8,bd2c2c4a-ec21-4452-a63b-9556ed2653ee,ffbd5fe0-d9b3-cb55-cfd7-2d72a3498109,Apr-26,9276,150,62,30,1860,806.5999999999985,11.5,2026-05-05 11:14:29.597207+00,00000000-0000-0000-0000-000000000001,null
b5a6711a-d9c6-4306-b73f-ed509d905e14,09e3d8c1-0e3e-4a15-9f52-23c2dfb73651,82b270bf-e567-2deb-5ef3-495baafd7645,Apr-26,5414,150,36,30,1080,470.6999999999971,11.5,2026-05-05 11:14:29.597207+00,00000000-0000-0000-0000-000000000001,null
7fc99c88-f973-419d-b442-ac5ddb4a91ee,09e3a2c6-fc72-4b79-9c73-630b0fafd10d,49ed1c8e-3653-c89b-ec74-16d8e20bb923,Apr-26,10730,146,73,30,2190,933,11.5,2026-05-05 11:14:29.597207+00,00000000-0000-0000-0000-000000000001,null
1df75ec1-568d-4e83-ba38-233800e889c6,6ca67d11-3a09-47d0-80a6-e5943a53649e,c2ff0c11-4d1b-7b9b-b93c-aa37c9b6c40b,Apr-26,6407,180,36,30,1080,557.0999999999985,11.5,2026-05-05 11:14:29.597207+00,00000000-0000-0000-0000-000000000001,null
d25583c2-9b5e-4800-b33e-a8049b47143e,d4b7581f-2cc5-4da4-a166-58d77dd07263,9d5d0096-0b78-a663-1142-be871dfa2bda,Apr-26,9141,120,76,30,2280,794.7999999999956,11.5,2026-05-05 11:14:29.597207+00,00000000-0000-0000-0000-000000000001,null
9f820b75-a9ad-4043-a3ce-5988feda7978,f5876dc4-ad8e-4166-a669-21854fe7bb5c,ffbd5fe0-d9b3-cb55-cfd7-2d72a3498109,Apr-26,9276,150,62,30,1860,806.5999999999985,11.5,2026-05-05 11:14:29.597207+00,00000000-0000-0000-0000-000000000001,null
84583add-ba9a-4412-a022-f1a9c6e73685,9f80a3ee-1755-485d-8e91-3bb6d59bf807,03edc7c5-4c46-b55e-523d-9fb7be29910b,Apr-26,12103,150,81,30,2430,1052.4000000000015,11.5,2026-05-05 11:14:29.597207+00,00000000-0000-0000-0000-000000000001,null
ca6e70e9-4649-4ce1-be32-4c41a2964ac8,739896ef-11ac-48ce-a0b4-575127b8c25a,323c0dff-be56-f6ee-f053-ee37de806dea,Apr-26,10784,150,72,30,2160,937.6999999999971,11.5,2026-05-05 11:14:29.597207+00,00000000-0000-0000-0000-000000000001,null
56dc03bc-b7f0-4484-9bb9-835743d58048,20b5c43a-41ca-4b30-980a-38eac0346b91,ffbd5fe0-d9b3-cb55-cfd7-2d72a3498109,Apr-26,9276,150,62,30,1860,806.5999999999985,11.5,2026-05-05 11:14:29.597207+00,00000000-0000-0000-0000-000000000001,null
dc5c53d8-3e03-49c2-81c8-279495c5cdb1,da08b73a-ab0d-4549-b1fe-83f8358f2cbd,d2298bb8-a5e5-735a-c8ca-9b18c7daacd6,Apr-26,7632,90,85,30,2550,663.5999999999985,11.5,2026-05-05 11:14:29.597207+00,00000000-0000-0000-0000-000000000001,null
11cc00dd-641e-4fbd-a832-d8aa7d8e4d2a,94720a0a-582b-42ae-aad6-6d2bd04f0388,77c3a6fd-4651-d880-29aa-abd19c8324df,Apr-26,5635,160,35,30,1050,490,11.5,2026-05-05 11:14:29.597207+00,00000000-0000-0000-0000-000000000001,null
67f9de9b-8ace-4dc0-a205-f6bc57bd4df5,4ae1e277-92af-428d-9a9f-b091e9c0278c,990e8a3e-a69c-7b31-f606-3eeb21e3d4c6,Apr-26,5339,150,36,30,1080,464.1999999999971,11.5,2026-05-05 11:14:29.597207+00,00000000-0000-0000-0000-000000000001,null
e076f92a-d5a2-478a-aa8b-504ac40b91e1,3b50d04e-c37d-47e5-acfd-b84355f0687b,8767525e-d22f-a295-bc29-ba104fdc589a,Apr-26,3003,120,25,30,750,261.09999999999854,11.5,2026-05-05 11:14:29.597207+00,00000000-0000-0000-0000-000000000001,null
fe519ca5-2540-4f1f-afaf-1e99a3351232,60e21be4-bfa1-4ecf-b3b0-f39e627e4999,49ed1c8e-3653-c89b-ec74-16d8e20bb923,Apr-26,10730,146,73,30,2190,933,11.5,2026-05-05 11:14:29.597207+00,00000000-0000-0000-0000-000000000001,null
da9ce2c6-77c7-42a5-b73d-833b3f6e3fc5,b383f970-f9b3-4a94-93ee-d4951ddc172d,49ed1c8e-3653-c89b-ec74-16d8e20bb923,Apr-26,10730,146,73,30,2190,933,11.5,2026-05-05 11:14:29.597207+00,00000000-0000-0000-0000-000000000001,null
b7599d23-5cb6-4997-9a80-bbb101a22742,dad6e88d-db9d-4300-94a7-749a5c73618b,323c0dff-be56-f6ee-f053-ee37de806dea,Apr-26,10784,150,72,30,2160,937.6999999999971,11.5,2026-05-05 11:14:29.597207+00,00000000-0000-0000-0000-000000000001,null
14240fd8-e558-4c7c-93d0-a8061bbecaba,991f4961-c3ff-4d41-8e4a-ef7a5ebb0d32,ffbd5fe0-d9b3-cb55-cfd7-2d72a3498109,Apr-26,9276,150,62,30,1860,806.5999999999985,11.5,2026-05-05 11:14:29.597207+00,00000000-0000-0000-0000-000000000001,null
e136b3a1-d5d4-436c-aa52-2bbe2a0cd71e,6b26b104-c8d9-49a7-b290-c8286531c82d,77c3a6fd-4651-d880-29aa-abd19c8324df,Apr-26,5635,160,35,30,1050,490,11.5,2026-05-05 11:14:29.597207+00,00000000-0000-0000-0000-000000000001,null
f81e06ca-ebcd-45e7-bb29-99f5ba08f7bf,e69cb29c-cddf-4353-bfba-0ecbf833d4b5,a361bd0d-c2c1-2aee-6303-d65de004edd0,Apr-26,7099,152,47,30,1410,617.2999999999956,11.5,2026-05-05 11:14:29.597207+00,00000000-0000-0000-0000-000000000001,null
b65f2323-1f12-4cea-a75e-af910de4f3b5,724253de-c42c-402c-aff8-23806a4c7776,77c3a6fd-4651-d880-29aa-abd19c8324df,Apr-26,5635,160,35,30,1050,490,11.5,2026-05-05 11:14:29.597207+00,00000000-0000-0000-0000-000000000001,null
5bfdb114-8cd0-48b3-ab29-46f988174e1e,ee25bcb1-772e-4e3a-9148-f175e1132f53,b0d4d2c8-f6ee-bc16-ffd7-fc33c8db8571,Apr-26,8697,120,72,30,2160,756.2000000000007,11.5,2026-05-05 11:14:29.597207+00,00000000-0000-0000-0000-000000000001,null
22677424-2648-4aa9-adef-f555b796b048,370b8c73-d4c3-418b-ae66-3ee657c74191,2fc42a4f-fe5a-ae08-0e4e-2c89ca71db85,Apr-26,11353,180,63,30,1890,987.1999999999971,11.5,2026-05-05 11:14:29.597207+00,00000000-0000-0000-0000-000000000001,null
94ce0085-6dd2-488d-9ead-9b3b5c6d091e,42403e01-c976-4d55-882e-68899e02783e,c17c5093-48b7-139f-ebfc-1cd33ef5179c,Apr-26,5282,116,46,26,1196,459.3000000000029,11.5,2026-05-05 11:14:29.597207+00,00000000-0000-0000-0000-000000000001,null
b3c33a1c-d493-45f5-9c6e-f131749561a4,5be3830f-d794-4a79-9a3f-5a8ba67b84ca,1b4d1066-8fe4-199b-7b3b-39e4bded9714,Apr-26,13125,180,73,30,2190,1141.300000000003,11.5,2026-05-05 11:14:29.597207+00,00000000-0000-0000-0000-000000000001,null
8e8c264c-573f-4da7-a8aa-4d019fe44a96,a657ebf6-b0ad-421c-9c37-7d3bb134b643,d2298bb8-a5e5-735a-c8ca-9b18c7daacd6,Apr-26,7632,90,85,30,2550,663.5999999999985,11.5,2026-05-05 11:14:29.597207+00,00000000-0000-0000-0000-000000000001,null
5c83ed21-a5d5-452f-857c-634c62b29fbc,049f22b7-40ed-47ea-bd54-1edd076dbc51,0a839c14-2a88-9896-c2f2-8d51fe610405,Apr-26,8155,173,47,30,1410,709.1000000000022,11.5,2026-05-05 11:14:29.597207+00,00000000-0000-0000-0000-000000000001,null
16768ed6-82c0-4709-bc74-477cef0a68cf,d2ace94e-e138-46e8-bb90-ea69748afdee,990e8a3e-a69c-7b31-f606-3eeb21e3d4c6,Apr-26,5339,150,36,30,1080,464.1999999999971,11.5,2026-05-05 11:14:29.597207+00,00000000-0000-0000-0000-000000000001,null
2723348b-9684-43f2-96b9-e97b93b434f1,e256b45d-2876-4e12-8839-a1781b93f231,79853a4a-cb02-508c-e041-7e23378aec9c,Apr-26,15617,240,65,30,1950,1358,11.5,2026-05-05 11:14:29.597207+00,00000000-0000-0000-0000-000000000001,null
de191085-a9d9-40c1-930b-ccd8d6b4bfce,97a9b403-bd76-42ad-af22-f28c43e4183a,85292340-826d-52c1-65c7-7f2a9eb2c2c4,Apr-26,11083,138,80,30,2400,963.7000000000044,11.5,2026-05-05 11:14:29.597207+00,00000000-0000-0000-0000-000000000001,null
6e39c745-c914-4870-b69b-cca5e348c24f,f625ae0f-4607-4368-940a-cd67b50ab5c4,233cca0e-efcf-e631-d2fc-9997a6ba5706,Apr-26,12380,146,85,30,2550,1076.5,11.5,2026-05-05 11:14:29.597207+00,00000000-0000-0000-0000-000000000001,null
8e1b611f-2952-4624-b686-34984a594667,49a37923-7e5e-43b8-88d3-8f425886e9cf,0a839c14-2a88-9896-c2f2-8d51fe610405,Apr-26,8155,173,47,30,1410,709.1000000000022,11.5,2026-05-05 11:14:29.597207+00,00000000-0000-0000-0000-000000000001,null
548b6604-0c5c-40fd-ade9-0d169f498160,6ca4fc21-9115-4621-bd34-53bf625b555a,2fc42a4f-fe5a-ae08-0e4e-2c89ca71db85,Apr-26,11353,180,63,30,1890,987.1999999999971,11.5,2026-05-05 11:14:29.597207+00,00000000-0000-0000-0000-000000000001,null
fcf2fefc-6576-416d-b5d0-52ee51d31fdb,c7a9d7b0-b57e-43c0-94ee-ea985c37eb7a,211a2b33-4e94-3da1-7d97-406bc26036f5,Apr-26,6201,150,41,30,1230,539.2000000000003,11.5,2026-05-05 11:14:29.597207+00,00000000-0000-0000-0000-000000000001,null
1a34fce8-f253-4f8a-a800-5f5dd1931fcf,d91668ed-aa03-441f-8b73-39fee18deaa4,574de174-c7bb-bc11-f282-cff2aa2501c5,Apr-26,4170,150,28,30,840,362.60000000000036,11.5,2026-05-05 11:14:29.597207+00,00000000-0000-0000-0000-000000000001,null
7224ce95-f400-4c23-8291-17e6f092153c,72aeae08-25a1-4fa9-9dfb-9fcc2d19b913,b0d4d2c8-f6ee-bc16-ffd7-fc33c8db8571,Apr-26,8697,120,72,30,2160,756.2000000000007,11.5,2026-05-05 11:14:29.597207+00,00000000-0000-0000-0000-000000000001,null
21ea92c8-d509-46da-94d2-c7ecf2e5d14d,c81b2f3a-d5da-4854-9135-ac3fd42bd399,574de174-c7bb-bc11-f282-cff2aa2501c5,Apr-26,4170,150,28,30,840,362.60000000000036,11.5,2026-05-05 11:14:29.597207+00,00000000-0000-0000-0000-000000000001,null
c9069208-bdd5-406d-8a62-835288893322,b83c1575-e9ae-4c3e-af1b-23164a42dfd3,b0875d50-a469-821b-57c3-03ac62809198,Apr-26,11078,136,81,30,2430,963.3000000000029,11.5,2026-05-05 11:14:29.597207+00,00000000-0000-0000-0000-000000000001,null
1ff256c4-edd6-4bb0-aa6f-8a02efb3965f,b7ce3f4c-95aa-440a-84b8-bef1c906043d,79853a4a-cb02-508c-e041-7e23378aec9c,Apr-26,15617,240,65,30,1950,1358,11.5,2026-05-05 11:14:29.597207+00,00000000-0000-0000-0000-000000000001,null
e6d8d148-61ec-447e-84a8-aa8379dec57b,32aa50a4-680a-4714-8c1d-2d0d82386d1f,990e8a3e-a69c-7b31-f606-3eeb21e3d4c6,Mar-26,3835,150,26,31,806,333.40000000000146,11.5,2026-04-07 07:48:35.653242+00,00000000-0000-0000-0000-000000000001,a4709d2c-85e2-3d68-7467-1eaf879ba2c9
64e2ed75-01c7-48b7-b5ea-4f1e9dee5820,ddba7785-afb6-42c3-b748-600f9c8c79ca,b0875d50-a469-821b-57c3-03ac62809198,Apr-26,11078,136,81,30,2430,963.3000000000029,11.5,2026-05-05 11:14:29.597207+00,00000000-0000-0000-0000-000000000001,null
640f33dc-ab89-4771-a0a5-69caeb0139da,b28d2d63-3777-4062-bce7-7de2dc31f82b,d2298bb8-a5e5-735a-c8ca-9b18c7daacd6,Apr-26,7632,90,85,30,2550,663.5999999999985,11.5,2026-05-05 11:14:29.597207+00,00000000-0000-0000-0000-000000000001,null
3c849010-865d-477f-adce-079bc5c1e555,01452897-5644-4775-8d8a-787b17863c4d,188aee4d-68e0-1ddb-38e6-a946bc75072d,Apr-26,6391,142,45,30,1350,555.6999999999998,11.5,2026-05-05 11:14:29.597207+00,00000000-0000-0000-0000-000000000001,null
452d0eb8-6fe6-4477-9f85-ad75f0a501d1,976afe53-a6f0-4838-b453-8cd244c4c01a,03edc7c5-4c46-b55e-523d-9fb7be29910b,Apr-26,12103,150,81,30,2430,1052.4000000000015,11.5,2026-05-05 11:14:29.597207+00,00000000-0000-0000-0000-000000000001,null
cfc6a4b7-9877-4a2b-b42e-e19a58bcb13f,67b6da93-eda5-4201-9906-50967f49dd29,b0875d50-a469-821b-57c3-03ac62809198,Apr-26,11078,136,81,30,2430,963.3000000000029,11.5,2026-05-05 11:14:29.597207+00,00000000-0000-0000-0000-000000000001,null
9a5ffa49-ecf3-4ba1-82c3-ce48272955ea,23254c1f-0a9d-4bd3-9b74-4692bcbbab5a,c2ff0c11-4d1b-7b9b-b93c-aa37c9b6c40b,Apr-26,6407,180,36,30,1080,557.0999999999985,11.5,2026-05-05 11:14:29.597207+00,00000000-0000-0000-0000-000000000001,null
561da2ff-ba1d-4fd6-bdcd-1922cbd934ba,11562014-78b0-4a3b-aae4-51d75520aaf9,dc4adc21-f501-0573-2e9a-d7bbbc89e5d6,Apr-26,9252,136,68,30,2040,804.5,11.5,2026-05-05 11:14:29.597207+00,00000000-0000-0000-0000-000000000001,null
53834faf-7a6d-433e-b264-7a7a58afeeab,79ab1b34-83fb-48f4-89e2-f0758b7b1d97,188aee4d-68e0-1ddb-38e6-a946bc75072d,Apr-26,6391,142,45,30,1350,555.6999999999998,11.5,2026-05-05 11:14:29.597207+00,00000000-0000-0000-0000-000000000001,null
bf64bc89-2615-4818-8e69-5d6bc2682227,38a905fa-689c-496a-8636-af778e7e8c80,dd96a329-ec95-e96a-1348-69d976f39cd4,Apr-26,9654,150,64,30,1920,839.3999999999942,11.5,2026-05-05 11:14:29.597207+00,00000000-0000-0000-0000-000000000001,null
65cd5f19-c1d1-45d7-a9fb-ef7a32ee7a0f,2b27310e-f7d9-423e-b9f0-6664815c3ed3,79853a4a-cb02-508c-e041-7e23378aec9c,Apr-26,15617,240,65,30,1950,1358,11.5,2026-05-05 11:14:29.597207+00,00000000-0000-0000-0000-000000000001,null
f5833f34-3bfb-45a1-842c-2240f7f631b5,395347d3-8979-4310-a00a-ce0b94a21128,a361bd0d-c2c1-2aee-6303-d65de004edd0,Apr-26,7099,152,47,30,1410,617.2999999999956,11.5,2026-05-05 11:14:29.597207+00,00000000-0000-0000-0000-000000000001,null
3578b272-e9be-4972-8664-f14160b1bcfd,d57dac34-52de-4133-a54e-d4c65dd9889e,dd96a329-ec95-e96a-1348-69d976f39cd4,Apr-26,9654,150,64,30,1920,839.3999999999942,11.5,2026-05-05 11:14:29.597207+00,00000000-0000-0000-0000-000000000001,null
3dcd5ced-fda9-49c3-a568-324a43801235,7bf10a82-fc7b-4824-884e-8cd93e40a99c,2fc42a4f-fe5a-ae08-0e4e-2c89ca71db85,Apr-26,11353,180,63,30,1890,987.1999999999971,11.5,2026-05-05 11:14:29.597207+00,00000000-0000-0000-0000-000000000001,null
e258291a-6988-4857-9581-c933d1a4451c,5a9d3a75-f299-4ef8-af50-ffaed5d693d7,323c0dff-be56-f6ee-f053-ee37de806dea,Apr-26,10784,150,72,30,2160,937.6999999999971,11.5,2026-05-05 11:14:29.597207+00,00000000-0000-0000-0000-000000000001,null
e7fb4c54-1696-4250-99d7-1539f5ca5762,f5839a02-4ac0-4b2f-b927-d70d2e296e11,79853a4a-cb02-508c-e041-7e23378aec9c,Apr-26,15617,240,65,30,1950,1358,11.5,2026-05-05 11:14:29.597207+00,00000000-0000-0000-0000-000000000001,null
330c5b49-6cef-4ac2-962e-c296e89116d0,53588af2-427b-4396-9b6d-47a020aed546,85292340-826d-52c1-65c7-7f2a9eb2c2c4,Apr-26,11083,138,80,30,2400,963.7000000000044,11.5,2026-05-05 11:14:29.597207+00,00000000-0000-0000-0000-000000000001,null
a79c2809-9f46-4b57-a29c-1a765f18a6d7,2c2ab409-b403-4ff3-9e87-ce92d20ab3ab,bde00681-ebfc-ef38-4f6e-4906a012de6b,Apr-26,12026,134,90,30,2700,1045.7000000000044,11.5,2026-05-05 11:14:29.597207+00,00000000-0000-0000-0000-000000000001,null
87e962c0-784c-4a3b-af73-b4752c6bc9c8,700088aa-e515-4ef3-aa7d-1ed1484eaa2c,8767525e-d22f-a295-bc29-ba104fdc589a,Apr-26,3003,120,25,30,750,261.09999999999854,11.5,2026-05-05 11:14:29.597207+00,00000000-0000-0000-0000-000000000001,null
50a42697-265e-4a77-88a4-b631412234ea,347ec16e-5d53-4b36-b05a-167446febf3e,417c9738-a0f7-5a00-1091-37a9fd083dd6,Apr-26,8272,153,54,30,1620,719.3000000000029,11.5,2026-05-05 11:14:29.597207+00,00000000-0000-0000-0000-000000000001,null
9f6358d4-4219-404b-a77e-3a71e471c5b6,d8d3e854-54b3-4a72-9139-b97e95e88ba2,c17c5093-48b7-139f-ebfc-1cd33ef5179c,Apr-26,5282,116,46,30,1380,459.3000000000029,11.5,2026-05-05 11:14:29.597207+00,00000000-0000-0000-0000-000000000001,null
d0413f85-1a15-4148-a06a-b7b20c5b16cb,2a5975e1-e8bb-480e-a97c-b9b210fa2f71,8767525e-d22f-a295-bc29-ba104fdc589a,Apr-26,3003,120,25,30,750,261.09999999999854,11.5,2026-05-05 11:14:29.597207+00,00000000-0000-0000-0000-000000000001,null
b0a6b167-258f-4ccf-b5b2-8866fa1ef7b8,b2b73058-bd58-4cae-94d3-0a8d8b7de8a1,233cca0e-efcf-e631-d2fc-9997a6ba5706,Apr-26,12380,146,85,30,2550,1076.5,11.5,2026-05-05 11:14:29.597207+00,00000000-0000-0000-0000-000000000001,null
3997a27d-3177-49ae-973b-90603ad41236,21e84ddc-b7f7-48f6-81a1-8582de15898e,574de174-c7bb-bc11-f282-cff2aa2501c5,Apr-26,4170,150,28,30,840,362.60000000000036,11.5,2026-05-05 11:14:29.597207+00,00000000-0000-0000-0000-000000000001,null
38390108-342d-4a91-a61b-725ea8776645,731bbf73-5cbb-49fd-be30-df45a62a12be,82b270bf-e567-2deb-5ef3-495baafd7645,Apr-26,5414,150,36,30,1080,470.6999999999971,11.5,2026-05-05 11:14:29.597207+00,00000000-0000-0000-0000-000000000001,null
8aa17e8a-e272-4c97-948a-e7da47880f3e,c89c0a45-ad31-40ec-8ce3-f9be02d8cb70,86ad1ceb-8d81-a926-d998-3a2f1cafba06,Apr-26,8086,107,76,30,2280,703.0999999999985,11.5,2026-05-05 11:14:29.597207+00,00000000-0000-0000-0000-000000000001,null
03bd0589-f6f0-4863-aabb-fb6879f956a8,e3fe5bf2-9320-4883-934b-424aeb1bf9db,86ad1ceb-8d81-a926-d998-3a2f1cafba06,Apr-26,8086,107,76,30,2280,703.0999999999985,11.5,2026-05-05 11:14:29.597207+00,00000000-0000-0000-0000-000000000001,null
e63a9133-4771-49fd-b028-ec37404a79eb,3eb741a7-adaf-4a51-bcaa-6f25e7e1e6b6,574de174-c7bb-bc11-f282-cff2aa2501c5,Apr-26,4170,150,28,30,840,362.60000000000036,11.5,2026-05-05 11:14:29.597207+00,00000000-0000-0000-0000-000000000001,null
ee271266-d978-45b6-9065-3dbddd1df21d,420cdf9c-e8a0-4b94-9446-01c85c9acd88,85292340-826d-52c1-65c7-7f2a9eb2c2c4,Apr-26,11083,138,80,30,2400,963.7000000000044,11.5,2026-05-05 11:14:29.597207+00,00000000-0000-0000-0000-000000000001,null
7088a1ef-71e1-4e26-854a-a8ca38e90320,21f69f96-f542-4293-b70a-4c1ca17e1f24,bc7f358d-0d6d-f95f-ff80-9089eefdef69,Apr-26,6436,90,72,30,2160,559.5999999999985,11.5,2026-05-05 11:14:29.597207+00,00000000-0000-0000-0000-000000000001,null
55ceb19b-0ee0-4b43-904d-78267c350713,bcb4b7a2-53a7-422d-b5b6-648f26af8e7f,77c3a6fd-4651-d880-29aa-abd19c8324df,Apr-26,5635,160,35,30,1050,490,11.5,2026-05-05 11:14:29.597207+00,00000000-0000-0000-0000-000000000001,null
79b39c93-46f5-45b2-8c4f-87851a279b7b,0d763e43-edca-47b5-8806-499ffacc7607,03edc7c5-4c46-b55e-523d-9fb7be29910b,Apr-26,12103,150,81,30,2430,1052.4000000000015,11.5,2026-05-05 11:14:29.597207+00,00000000-0000-0000-0000-000000000001,null
9dcd3f71-0ee3-4019-81f3-820bca763163,cdc36256-5e6d-4ef5-bcc9-5c91f8cb6a7f,aa73cade-c28c-dc5b-5980-55801ea0d415,Apr-26,7042,149,47,30,1410,612.3000000000029,11.5,2026-05-05 11:14:29.597207+00,00000000-0000-0000-0000-000000000001,null
304ca48a-6033-4302-99f5-83e2b6c2648a,2395ef8e-74ce-4e3f-9b43-e303b1b3de02,c2ff0c11-4d1b-7b9b-b93c-aa37c9b6c40b,Apr-26,6407,180,36,30,1080,557.0999999999985,11.5,2026-05-05 11:14:29.597207+00,00000000-0000-0000-0000-000000000001,null
d673085d-f89b-409f-aaaa-7f66f4d5fe85,6ac3f15b-cdcb-4f96-b597-66d91fe7df88,c2ff0c11-4d1b-7b9b-b93c-aa37c9b6c40b,Apr-26,6407,180,36,30,1080,557.0999999999985,11.5,2026-05-05 11:14:29.597207+00,00000000-0000-0000-0000-000000000001,null
7e6d0a3d-bef5-4603-accd-3746336ba0fc,11ccade9-03d7-4a1d-b4aa-24acb06e0133,574de174-c7bb-bc11-f282-cff2aa2501c5,Apr-26,4170,150,28,30,840,362.60000000000036,11.5,2026-05-05 11:14:29.597207+00,00000000-0000-0000-0000-000000000001,null
ccb388d3-e7aa-4fe3-b94b-1ea970b9d9c0,984a330e-27e5-4536-a350-8e83302052af,dc4adc21-f501-0573-2e9a-d7bbbc89e5d6,Apr-26,9252,136,68,30,2040,804.5,11.5,2026-05-05 11:14:29.597207+00,00000000-0000-0000-0000-000000000001,null
06c93c44-bdb6-46fe-8650-cbbacb518111,85fb6e9e-5991-4895-81c5-b0dfab90e5c3,dd96a329-ec95-e96a-1348-69d976f39cd4,Apr-26,9654,150,64,30,1920,839.3999999999942,11.5,2026-05-05 11:14:29.597207+00,00000000-0000-0000-0000-000000000001,null
af7e54e8-2ff7-4ae5-aabf-b16d7a8004b8,f6962bbc-bf6f-4b53-8875-be03f44b5a95,417c9738-a0f7-5a00-1091-37a9fd083dd6,Apr-26,8272,153,54,30,1620,719.3000000000029,11.5,2026-05-05 11:14:29.597207+00,00000000-0000-0000-0000-000000000001,null
1b78fde9-5324-4ecb-a1ad-9d819ef99624,0866240f-3ffa-4536-a7cc-4f4e8de6af82,233cca0e-efcf-e631-d2fc-9997a6ba5706,Apr-26,12380,146,85,30,2550,1076.5,11.5,2026-05-05 11:14:29.597207+00,00000000-0000-0000-0000-000000000001,null
90cfaf7c-4e7c-43b0-9d52-8e0ef7cf5b32,1ab87862-d6aa-4d35-b20f-aed276559134,c2ff0c11-4d1b-7b9b-b93c-aa37c9b6c40b,Apr-26,6407,180,36,30,1080,557.0999999999985,11.5,2026-05-05 11:14:29.597207+00,00000000-0000-0000-0000-000000000001,null
24c7ddf1-90bc-4d3c-bd6b-f9310e794636,8330b831-c377-4107-933f-ef28802680b3,dc4adc21-f501-0573-2e9a-d7bbbc89e5d6,Apr-26,9252,136,68,30,2040,804.5,11.5,2026-05-05 11:14:29.597207+00,00000000-0000-0000-0000-000000000001,null
6b13027d-9833-402c-812d-89636323cd86,241670b9-1d14-4816-89be-c0a6649af1d9,417c9738-a0f7-5a00-1091-37a9fd083dd6,Apr-26,8272,153,54,30,1620,719.3000000000029,11.5,2026-05-05 11:14:29.597207+00,00000000-0000-0000-0000-000000000001,null
0d934bc4-9bf3-4a03-9d40-609c5d418111,79d1926f-f2aa-4ea3-96a9-2db20fa37bc3,8767525e-d22f-a295-bc29-ba104fdc589a,Apr-26,3003,120,25,30,750,261.09999999999854,11.5,2026-05-05 11:14:29.597207+00,00000000-0000-0000-0000-000000000001,null
58744093-044f-4562-bf11-17c58639bcc9,ac8c6948-1ff8-4f63-ad33-3d3d15cd6126,1b4d1066-8fe4-199b-7b3b-39e4bded9714,Apr-26,13125,180,73,30,2190,1141.300000000003,11.5,2026-05-05 11:14:29.597207+00,00000000-0000-0000-0000-000000000001,null
b6e139b6-1670-4898-951b-7715a3e2a062,92713bad-c8a3-4768-bfd2-ceaa59f5a23f,49ed1c8e-3653-c89b-ec74-16d8e20bb923,Apr-26,10730,146,73,30,2190,933,11.5,2026-05-05 11:14:29.597207+00,00000000-0000-0000-0000-000000000001,null
25604d01-e909-4752-974e-6c7fe44fff3b,48439ffa-584f-4b0c-8cc3-767ced84a37e,86ad1ceb-8d81-a926-d998-3a2f1cafba06,Apr-26,8086,107,76,30,2280,703.0999999999985,11.5,2026-05-05 11:14:29.597207+00,00000000-0000-0000-0000-000000000001,null
ec654f16-7e78-4291-a718-7c4cf5377d49,c789191c-3098-4db9-9bb8-d3f3579a26c1,417c9738-a0f7-5a00-1091-37a9fd083dd6,Apr-26,8272,153,54,30,1620,719.3000000000029,11.5,2026-05-05 11:14:29.597207+00,00000000-0000-0000-0000-000000000001,null
49ecc7c7-9da6-4ab2-b125-76ed0b6fd7d2,a29b871e-5a23-42b6-b8d5-b8b17fb01e36,c2ff0c11-4d1b-7b9b-b93c-aa37c9b6c40b,Apr-26,6407,180,36,30,1080,557.0999999999985,11.5,2026-05-05 11:14:29.597207+00,00000000-0000-0000-0000-000000000001,null
98dbb2f9-c628-41e6-83eb-fd87d386fc9a,106b6880-6150-41b6-a58d-de92cb77b39d,10c6863d-07c3-4fc4-94f9-6adc29157ce1,Apr-26,7650,151,51,30,1530,665.2000000000044,11.5,2026-05-05 11:14:29.597207+00,00000000-0000-0000-0000-000000000001,null
e0558889-6480-4ef2-94a7-456e161c35e1,a9dfe59c-69ec-4b48-8625-95c1a163a5d7,fb5cedd6-2992-1c62-7fba-4a7a6b43b2ff,Mar-26,9092,96,95,3,285,790.5999999999985,11.5,2026-04-07 07:48:35.486464+00,00000000-0000-0000-0000-000000000001,d178a884-0bd1-601d-4cd1-042bac71c6db
77ef9da7-ba26-402d-9ae5-cd97731293a7,748cb6b3-0f2d-4b28-b7ab-19ff016c8288,79853a4a-cb02-508c-e041-7e23378aec9c,Mar-26,11026,246,45,31,1395,958.6999999999971,11.5,2026-04-07 07:48:35.486464+00,00000000-0000-0000-0000-000000000001,c0791d4c-9325-bf1b-30af-7af648c26338
7fae06e8-b92f-456f-9c6d-15e654071ac2,db10cefb-86f4-4e2c-9331-d79cf507c7af,c17c5093-48b7-139f-ebfc-1cd33ef5179c,Mar-26,5618,155,36,31,1116,488.5,11.5,2026-04-07 07:48:35.486464+00,00000000-0000-0000-0000-000000000001,aa88d180-8c53-dbe4-70de-ecf38130d3ce
f229f691-c04a-46b8-b038-03613d3363e8,f6071b68-300c-4f42-b009-d08ad932fa40,77c3a6fd-4651-d880-29aa-abd19c8324df,Mar-26,4646,124,37,31,1147,404,11.5,2026-04-07 07:48:35.486464+00,00000000-0000-0000-0000-000000000001,9541a16d-d020-eb78-80f1-a4a2d4b7775f
88f58205-c1fb-4339-8186-743bb1e0b315,ea5189cf-de7f-4a35-b7df-9a0ad8645bd3,990e8a3e-a69c-7b31-f606-3eeb21e3d4c6,Mar-26,3835,150,26,26,676,333.40000000000146,11.5,2026-04-07 07:48:35.486464+00,00000000-0000-0000-0000-000000000001,a4ef95bf-1c7c-4c4d-0497-ae38085af6cc
70c9bb51-7e26-42ee-834e-215b0ff01bc3,a42660dc-2d60-4857-b100-b65adfe8dd25,211a2b33-4e94-3da1-7d97-406bc26036f5,Mar-26,5813,155,38,31,1178,505.39999999999964,11.5,2026-04-07 07:48:35.486464+00,00000000-0000-0000-0000-000000000001,89d188b4-94a9-2f97-e068-155ed8ec3f5e
064bf6ef-dac1-4655-83ad-7d775cba277e,859e9270-2a62-4c5f-b000-e60d7ba57f5c,aa73cade-c28c-dc5b-5980-55801ea0d415,Mar-26,6557,155,42,31,1302,570.0999999999985,11.5,2026-04-07 07:48:35.486464+00,00000000-0000-0000-0000-000000000001,630c8120-bdbc-832c-24ca-aca9e6b49891
1adb3896-c850-4ff5-b783-279349cae03c,a94d9e7a-351a-4ee8-b7ba-cdf0a75b22a8,211a2b33-4e94-3da1-7d97-406bc26036f5,Mar-26,5813,155,38,31,1178,505.39999999999964,11.5,2026-04-07 07:48:35.486464+00,00000000-0000-0000-0000-000000000001,8334eb99-0bc0-3c80-9ff8-83bea3d7b5ef
ee12f150-aaca-4c82-9764-4ac932f40379,31e58578-c836-41a3-bd67-b18b6488638f,10c6863d-07c3-4fc4-94f9-6adc29157ce1,Mar-26,6028,152,40,31,1240,524.0999999999985,11.5,2026-04-07 07:48:35.486464+00,00000000-0000-0000-0000-000000000001,a7dadee2-80e3-eba0-084f-5f1847bb3aa4
1eb3bc8b-1aa2-4cd8-b545-4b5a553a10ee,4a42a261-d92d-4461-b8d1-6e075ab4b06e,a361bd0d-c2c1-2aee-6303-d65de004edd0,Mar-26,8015,155,52,31,1612,696.9000000000015,11.5,2026-04-07 07:48:35.486464+00,00000000-0000-0000-0000-000000000001,1a171004-7682-1c39-e6a2-758b668c33b0
ce9c2b38-12c8-4693-9f08-7a4294485fa7,f4e7b91f-e55b-436d-b82c-8c44585d21ec,bc7f358d-0d6d-f95f-ff80-9089eefdef69,Mar-26,8291,92,90,31,2790,720.9000000000015,11.5,2026-04-07 07:48:35.486464+00,00000000-0000-0000-0000-000000000001,ba90613b-fe14-4fa4-d646-199878d3f058
de4387d9-9e51-4101-af5e-e7dd949ad074,4d8029a9-3dc0-4c27-8017-8c690c0787ce,dd96a329-ec95-e96a-1348-69d976f39cd4,Mar-26,6715,155,43,31,1333,583.8999999999942,11.5,2026-04-07 07:48:35.486464+00,00000000-0000-0000-0000-000000000001,2ac2da6e-0954-f906-32d7-a1f55477c590
fae2f365-fa53-49d8-aae3-110f3673dfa6,b4a4cc62-5354-4d91-8def-d8e41ea7986e,10c6863d-07c3-4fc4-94f9-6adc29157ce1,Mar-26,6028,152,40,31,1240,524.0999999999985,11.5,2026-04-07 07:48:35.486464+00,00000000-0000-0000-0000-000000000001,00ff5468-3680-2a12-23e4-82855ab3c697
61a3b4bf-2861-484c-9688-38fa6a9a1c45,79296736-7ed4-4b6d-bd3b-d35691ae0637,c17c5093-48b7-139f-ebfc-1cd33ef5179c,Mar-26,5618,155,36,31,1116,488.5,11.5,2026-04-07 07:48:35.486464+00,00000000-0000-0000-0000-000000000001,618f174c-7c45-cb54-907b-cacc78483918
3da0676c-2850-420e-9951-9482c5ebb487,cbdeffc1-d6d1-43dc-9b0e-010a9c428f98,1b4d1066-8fe4-199b-7b3b-39e4bded9714,Mar-26,11276,186,61,31,1891,980.5,11.5,2026-04-07 07:48:35.486464+00,00000000-0000-0000-0000-000000000001,51403227-2816-46f5-cdc7-feaa35b7c061
f9dec026-ff1d-433a-a0db-c57116636461,37da861c-5db8-4bd4-9e2f-450d014a1ec1,ffbd5fe0-d9b3-cb55-cfd7-2d72a3498109,Mar-26,7817,155,50,31,1550,679.6999999999971,11.5,2026-04-07 07:48:35.486464+00,00000000-0000-0000-0000-000000000001,7e2a1e58-e10a-4352-ca15-59fd22f2c07e
eb682512-0eac-448b-a60b-d2053dcdee5e,9420de5b-beb1-4cf1-9d1c-599fd74a7679,03edc7c5-4c46-b55e-523d-9fb7be29910b,Mar-26,10877,155,70,31,2170,945.8000000000029,11.5,2026-04-07 07:48:35.486464+00,00000000-0000-0000-0000-000000000001,024cbfa9-4c24-ccad-9d51-c10966293351
09985c92-450b-49ba-a3a6-7f08ef924986,c4dceaf8-603e-4be3-9b65-31c9fcd3cd54,dc4adc21-f501-0573-2e9a-d7bbbc89e5d6,Mar-26,7778,116,67,23,1541,676.3000000000029,11.5,2026-04-07 07:48:35.486464+00,00000000-0000-0000-0000-000000000001,c7e6aeb2-e9e9-328e-5313-6707fdea4eaa
4474a076-cde9-41ff-b185-cd19d930d433,84cd01cd-483f-4389-8c70-93120bdbe65a,9d5d0096-0b78-a663-1142-be871dfa2bda,Mar-26,8144,124,66,31,2046,708.0999999999985,11.5,2026-04-07 07:48:35.486464+00,00000000-0000-0000-0000-000000000001,55e779dc-a32b-2acb-173b-7de67750927a
85cd876a-b203-4dff-8c67-2b43a387becd,7c3ff9d4-5257-49e1-9388-59d2155492b3,aa73cade-c28c-dc5b-5980-55801ea0d415,Mar-26,6557,155,42,31,1302,570.0999999999985,11.5,2026-04-07 07:48:35.486464+00,00000000-0000-0000-0000-000000000001,87a1e515-e2e0-110f-05d1-04f5a83c066a
dfb4becf-f223-4cf1-ba0f-c6f65357c9e0,3ab2ceeb-b937-4c82-ba59-c7bfcb671c55,0a839c14-2a88-9896-c2f2-8d51fe610405,Mar-26,7319,149,49,20,980,636.3999999999978,11.5,2026-04-07 07:48:35.486464+00,00000000-0000-0000-0000-000000000001,a6037691-771e-8146-3714-f9dedb8acbcc
0397a963-aa7e-4740-bfba-bf94dc38b0b2,d6ccbd45-a857-42bd-acd7-a6ad13b1f6a7,1b4d1066-8fe4-199b-7b3b-39e4bded9714,Mar-26,11276,186,61,31,1891,980.5,11.5,2026-04-07 07:48:35.486464+00,00000000-0000-0000-0000-000000000001,f16a668c-ea8a-b26d-9dff-4da3c53fccc7
e1cf797c-de81-49c0-97b0-845657737a4d,bc8dda1a-66ab-4d60-af92-adcb6cfc0f4c,a361bd0d-c2c1-2aee-6303-d65de004edd0,Mar-26,8015,155,52,31,1612,696.9000000000015,11.5,2026-04-07 07:48:35.486464+00,00000000-0000-0000-0000-000000000001,43774f3c-9ce6-fc78-7857-b8607c3e1966
249b6173-01dd-4322-800c-279eeaa6266f,87ddd459-6e44-4e91-944f-b55ed0f661ad,211a2b33-4e94-3da1-7d97-406bc26036f5,Mar-26,5813,155,38,31,1178,505.39999999999964,11.5,2026-04-07 07:48:35.486464+00,00000000-0000-0000-0000-000000000001,f59fa4ad-6dca-c7e7-d459-5326609a6412
a95fa5a5-88f2-4993-b089-21b31f37f336,007bc6b1-4149-4553-b0cb-6854a9b36e2e,10c6863d-07c3-4fc4-94f9-6adc29157ce1,Mar-26,6028,152,40,19,760,524.0999999999985,11.5,2026-04-07 07:48:35.486464+00,00000000-0000-0000-0000-000000000001,b2f85d5d-acf9-7c53-dc5b-0d3b67b462c5
953317c7-cc26-4d60-8bf2-6b950459f8ea,78f5cffd-d22f-4e57-926a-6f2fc2cd7598,9d5d0096-0b78-a663-1142-be871dfa2bda,Mar-26,8144,124,66,31,2046,708.0999999999985,11.5,2026-04-07 07:48:35.486464+00,00000000-0000-0000-0000-000000000001,d69476f4-ff97-e238-b732-85cc4b70703d
317f7dce-2221-47a6-8277-7b2db67efbad,cec19fbd-a44b-4a82-91ee-60df50154be1,1b4d1066-8fe4-199b-7b3b-39e4bded9714,Mar-26,11276,186,61,31,1891,980.5,11.5,2026-04-07 07:48:35.486464+00,00000000-0000-0000-0000-000000000001,e2ee0891-8bc9-980a-ba57-b0a11ba15019
e7f3d145-40b5-4843-97eb-d73687801450,7a4dd3c4-3ee0-4a07-adc8-ca0ddc9489f9,dd96a329-ec95-e96a-1348-69d976f39cd4,Mar-26,6715,155,43,31,1333,583.8999999999942,11.5,2026-04-07 07:48:35.486464+00,00000000-0000-0000-0000-000000000001,e99afa10-6249-3f5b-4364-da75f89e34f9
dc96cb3a-1d45-4054-a96d-d04575100e96,23e88acb-e394-4fa9-b683-15c2d58f5183,9d5d0096-0b78-a663-1142-be871dfa2bda,Mar-26,8144,124,66,31,2046,708.0999999999985,11.5,2026-04-07 07:48:35.486464+00,00000000-0000-0000-0000-000000000001,1422ace8-beea-6d1b-73fd-1d30597b40d5
9576d99f-3cfd-440f-bf8e-4ac76958a30c,6ecfa375-80fb-4422-b0fc-183941a88505,a361bd0d-c2c1-2aee-6303-d65de004edd0,Mar-26,8015,155,52,31,1612,696.9000000000015,11.5,2026-04-07 07:48:35.486464+00,00000000-0000-0000-0000-000000000001,26b16f30-da65-8aa3-d1ec-4867ac2a8f35
1ddc7957-42f3-478c-97b7-e40f5773b87d,4a3ac8ca-abcf-4fe5-9d2c-22de6c8f49a0,0a839c14-2a88-9896-c2f2-8d51fe610405,Mar-26,7319,149,49,31,1519,636.3999999999978,11.5,2026-04-07 07:48:35.486464+00,00000000-0000-0000-0000-000000000001,83af11b3-a274-7404-3265-ec658f74f8cf
da7a6069-caee-4791-b404-07138b66f2db,589265cc-f9c0-4e9d-8dd7-52e75a47428f,82b270bf-e567-2deb-5ef3-495baafd7645,Mar-26,4163,146,29,31,899,362,11.5,2026-04-07 07:48:35.486464+00,00000000-0000-0000-0000-000000000001,1fc0c3bb-f35c-8d5d-a4fa-a9c1723cd8ab
72d951aa-6c55-45a0-b4be-568f71fb4acc,691b808f-39d7-40a8-9b23-bb5e5d36cb80,d2298bb8-a5e5-735a-c8ca-9b18c7daacd6,Mar-26,5914,93,64,31,1984,514.2000000000044,11.5,2026-04-07 07:48:35.486464+00,00000000-0000-0000-0000-000000000001,d225973a-f437-d98e-4e24-0fb32a7bfbe8
dccc9431-4b65-4012-84c2-533710cde181,a891dcad-bbd7-4cc1-bfd9-671e2b8127ba,188aee4d-68e0-1ddb-38e6-a946bc75072d,Mar-26,4375,155,28,31,868,380.4000000000001,11.5,2026-04-07 07:48:35.486464+00,00000000-0000-0000-0000-000000000001,22b0be2d-52c5-1127-642d-4f1083b404ca
389e808c-c5f1-427f-a6de-95b06921d53e,9b25ba23-0010-447f-91c6-0bc2d3bdacf2,ffbd5fe0-d9b3-cb55-cfd7-2d72a3498109,Mar-26,7817,155,50,31,1550,679.6999999999971,11.5,2026-04-07 07:48:35.486464+00,00000000-0000-0000-0000-000000000001,73715344-908a-b7fa-00cc-34358ffb16f0
3a1abe78-02bb-49aa-83d3-67f3571c57d1,5201f493-621a-4021-8155-61f5417af8e1,b0d4d2c8-f6ee-bc16-ffd7-fc33c8db8571,Mar-26,9407,130,72,31,2232,818,11.5,2026-04-07 07:48:35.486464+00,00000000-0000-0000-0000-000000000001,21e237d1-286e-324e-0cef-45725d629768
c36ce21f-8da4-47d7-baeb-2200ac696f93,5993e962-c484-4202-bfcd-984871bd2c6c,79853a4a-cb02-508c-e041-7e23378aec9c,Mar-26,11026,246,45,31,1395,958.6999999999971,11.5,2026-04-07 07:48:35.486464+00,00000000-0000-0000-0000-000000000001,3e50af3d-452f-d098-b3bc-3c2a64576d55
b41dbaf2-2b15-4971-8b29-44124549d9e8,cc7a2a01-c1b4-49b4-a1f4-50a67205a98a,ffbd5fe0-d9b3-cb55-cfd7-2d72a3498109,Mar-26,7817,155,50,31,1550,679.6999999999971,11.5,2026-04-07 07:48:35.486464+00,00000000-0000-0000-0000-000000000001,104a66bf-0d87-2acc-ec03-a73d1c1cfd53
77347303-25a1-4c2b-bf53-5ba609fef98b,8687e053-2286-4ed0-909a-a0df45cc6b35,aa73cade-c28c-dc5b-5980-55801ea0d415,Mar-26,6557,155,42,31,1302,570.0999999999985,11.5,2026-04-07 07:48:35.486464+00,00000000-0000-0000-0000-000000000001,b285539d-6e4c-f6f5-ee68-2dc683541067
746cf3cc-b0a5-4f22-a97c-3ad7bc1d8fb1,7c3435b7-cd21-4da5-abc6-402d6434dde8,5d204545-2f72-b89b-3190-a826b5ab6512,Mar-26,10914,124,88,31,2728,949,11.5,2026-04-07 07:48:35.486464+00,00000000-0000-0000-0000-000000000001,5925134f-40a7-6834-930a-b8d6906bd2a4
8c95b376-817b-4755-9c14-7ed025b3a83e,2992fb32-9dad-410d-8705-29adebe67d2c,c2ff0c11-4d1b-7b9b-b93c-aa37c9b6c40b,Mar-26,7641,155,49,31,1519,664.4000000000015,11.5,2026-04-07 07:48:35.486464+00,00000000-0000-0000-0000-000000000001,890b32d9-f754-8150-5a18-8a21fcdf3828
26f73d10-2330-4d58-97b8-bfbac84f1e95,d193494b-b4b8-495e-b7c4-24c873d942da,49ed1c8e-3653-c89b-ec74-16d8e20bb923,Mar-26,9873,138,72,31,2232,858.5,11.5,2026-04-07 07:48:35.486464+00,00000000-0000-0000-0000-000000000001,9defe9e8-4059-ba6b-5abd-0d1304e73008
05380c8a-2534-4c54-a40b-5d9c63e9921b,a860393a-dd0a-4bb9-a430-020e152cb8d9,77c3a6fd-4651-d880-29aa-abd19c8324df,Mar-26,4646,124,37,31,1147,404,11.5,2026-04-07 07:48:35.486464+00,00000000-0000-0000-0000-000000000001,e426d68a-16d2-9097-ff7d-ae2521fb52e5
d140e220-2f84-4903-93df-96cfb8a98500,d572fd26-7a34-4962-a9ae-d25c8172bcb1,323c0dff-be56-f6ee-f053-ee37de806dea,Mar-26,8745,131,67,31,2077,760.4000000000015,11.5,2026-04-07 07:48:35.653242+00,00000000-0000-0000-0000-000000000001,4f75b0ca-7bed-c37c-cfd4-1e361a1bb6d4
231595e5-bd77-4ee3-ba7f-9bece9e7492a,4566ba95-831c-492b-8a56-3393a0d3016a,77c3a6fd-4651-d880-29aa-abd19c8324df,Mar-26,4646,124,37,31,1147,404,11.5,2026-04-07 07:48:35.653242+00,00000000-0000-0000-0000-000000000001,72ac33cc-b9b2-9cc4-47fd-d37096c8f30d
04f02b4d-63b1-4c20-8572-ee3440e4e961,495c575d-96b8-446f-9f56-e4c3d283f992,a361bd0d-c2c1-2aee-6303-d65de004edd0,Mar-26,8015,155,52,31,1612,696.9000000000015,11.5,2026-04-07 07:48:35.653242+00,00000000-0000-0000-0000-000000000001,c3c77367-5f51-f7a7-e667-0e3480f53751
6aaea6ac-9bfd-42dc-920f-d7fcd1309f04,0fcf5699-4322-4bda-831d-cbbe2460c39e,49ed1c8e-3653-c89b-ec74-16d8e20bb923,Mar-26,9873,138,72,31,2232,858.5,11.5,2026-04-07 07:48:35.653242+00,00000000-0000-0000-0000-000000000001,d77b5c1e-605d-6795-5eee-1e2f9b83e069
1c04bd9e-b12c-4c62-a31e-b68f28ea9606,83f8b482-9e05-4f93-bb55-dd491922a23a,ffbd5fe0-d9b3-cb55-cfd7-2d72a3498109,Mar-26,7817,155,50,31,1550,679.6999999999971,11.5,2026-04-07 07:48:35.653242+00,00000000-0000-0000-0000-000000000001,c02eb961-2471-c285-9c28-fb9a12aaf70a
c951e029-cf86-419c-8a8a-8821908b48c1,8f77ce97-c6e0-4b43-864a-41059bd29724,323c0dff-be56-f6ee-f053-ee37de806dea,Mar-26,8745,131,67,31,2077,760.4000000000015,11.5,2026-04-07 07:48:35.653242+00,00000000-0000-0000-0000-000000000001,c39e5b6a-5497-09b6-25cc-89f1ea8a608c
d770e689-4733-48cc-83a8-8ad2b86154ae,513c6d4d-991e-4a9e-9a2e-d67937569b93,9d5d0096-0b78-a663-1142-be871dfa2bda,Mar-26,8144,124,66,31,2046,708.0999999999985,11.5,2026-04-07 07:48:35.653242+00,00000000-0000-0000-0000-000000000001,8fd367e7-7404-4ef6-530b-a40219a48f1e
20d3ccc2-126c-4bf5-91c3-67f1e7331557,4bb9b181-c43f-4e27-8dc4-97c1aa3b3d3a,233cca0e-efcf-e631-d2fc-9997a6ba5706,Mar-26,9559,146,65,31,2015,831.2000000000007,11.5,2026-04-07 07:48:35.653242+00,00000000-0000-0000-0000-000000000001,25aa2406-e171-b558-8249-7a525d126d8f
978b382f-e11a-41fe-8e76-32e6affd9540,b83f8be6-e1d1-48cb-b3d4-2b2347da2f79,03edc7c5-4c46-b55e-523d-9fb7be29910b,Mar-26,10877,155,70,31,2170,945.8000000000029,11.5,2026-04-07 07:48:35.653242+00,00000000-0000-0000-0000-000000000001,8123af5e-305b-80f8-20db-4d54b7f628c7
1fb55ac0-5c36-4804-80c9-48c11c325c67,3eb0bacb-50e2-4036-bffc-a5d0af7f9e24,49ed1c8e-3653-c89b-ec74-16d8e20bb923,Mar-26,9873,138,72,31,2232,858.5,11.5,2026-04-07 07:48:35.653242+00,00000000-0000-0000-0000-000000000001,491b8136-32a1-37c5-5253-b53ff3991d86
a624d4be-9a08-4a48-a62d-a437b5ad21de,0e951cd0-58a1-4202-9a75-9450fc7c958f,ffbd5fe0-d9b3-cb55-cfd7-2d72a3498109,Mar-26,7817,155,50,31,1550,679.6999999999971,11.5,2026-04-07 07:48:35.653242+00,00000000-0000-0000-0000-000000000001,1a3b6c74-26e1-7124-0b5c-7f783d71624d
5ca3459c-b0e8-4801-a473-330798b441d7,c45197fa-7716-4667-90a9-f56d4bc1bfee,49ed1c8e-3653-c89b-ec74-16d8e20bb923,Mar-26,9873,138,72,31,2232,858.5,11.5,2026-04-07 07:48:35.653242+00,00000000-0000-0000-0000-000000000001,d497808b-36e2-ea42-d247-85b4e409078c
d7531464-2eb5-4c7d-9d28-c4205ce119e8,06b7cd8c-e88d-4117-aff3-09e50b847a8a,8767525e-d22f-a295-bc29-ba104fdc589a,Mar-26,2404,124,19,31,589,209,11.5,2026-04-07 07:48:35.653242+00,00000000-0000-0000-0000-000000000001,82be44de-b1d6-4e48-e6bb-33ec98b83c7d
6a6600b4-ad12-4f2d-bb1a-84b18f7bbb8d,6d2567bb-9f58-4d4b-852f-73a2ba42a499,82b270bf-e567-2deb-5ef3-495baafd7645,Mar-26,4163,146,29,31,899,362,11.5,2026-04-07 07:48:35.653242+00,00000000-0000-0000-0000-000000000001,011b7d1c-5697-5394-c05b-fa0473640657
edad2715-3a3f-4519-bbfb-7efb85084e7d,48b3edde-0bd7-4a76-ac7c-0be436d7f3d8,233cca0e-efcf-e631-d2fc-9997a6ba5706,Mar-26,9559,146,65,31,2015,831.2000000000007,11.5,2026-04-07 07:48:35.653242+00,00000000-0000-0000-0000-000000000001,c511ac63-cb7e-1453-92d5-ea4ffba1c360
29ac64a2-41f5-4bb9-b3df-ec5cda2320f2,7712f1a2-81c7-4713-b341-70752bb1db8b,79853a4a-cb02-508c-e041-7e23378aec9c,Mar-26,11026,246,45,31,1395,958.6999999999971,11.5,2026-04-07 07:48:35.653242+00,00000000-0000-0000-0000-000000000001,cda37b51-1bbc-af0d-a560-49af88fdc751
54deca81-369e-4683-ad16-e96f6c6b76e9,3e684edb-602d-4ff2-b048-3020cc0517b5,2fc42a4f-fe5a-ae08-0e4e-2c89ca71db85,Mar-26,12676,186,68,31,2108,1102.199999999997,11.5,2026-04-07 07:48:35.653242+00,00000000-0000-0000-0000-000000000001,2c1980eb-be51-916e-8f61-1e8fe83afb0c
e41e93f7-eba4-4e42-a5cf-2a530bc626cf,c6aedbb4-ca83-45d5-aa11-f88b9c3b0458,1b4d1066-8fe4-199b-7b3b-39e4bded9714,Mar-26,11276,186,61,31,1891,980.5,11.5,2026-04-07 07:48:35.653242+00,00000000-0000-0000-0000-000000000001,e093abe2-fae5-a599-2ee8-ce612d47e63e
b0a89909-84a1-432d-a301-99539b86bc27,ab07e8db-b506-4883-a725-33534ee871b5,b0d4d2c8-f6ee-bc16-ffd7-fc33c8db8571,Mar-26,9407,130,72,31,2232,818,11.5,2026-04-07 07:48:35.653242+00,00000000-0000-0000-0000-000000000001,3b02f95a-b47e-1037-4f8a-f2f31e35c98e
4443caa1-ad0a-4bf2-9da2-4b9a459a9b5c,ef373c4d-eea3-4dac-b27a-5728f84fbb92,990e8a3e-a69c-7b31-f606-3eeb21e3d4c6,Mar-26,3835,150,26,31,806,333.40000000000146,11.5,2026-04-07 07:48:35.653242+00,00000000-0000-0000-0000-000000000001,79d4d3fe-73c5-a965-030f-c60220ee20cb
bdd81e7a-3ee5-40e9-9059-640ddd9f77dc,69bd4a9f-f3c9-47e1-bee0-ea342ab2551f,c17c5093-48b7-139f-ebfc-1cd33ef5179c,Mar-26,5618,155,36,31,1116,488.5,11.5,2026-04-07 07:48:35.653242+00,00000000-0000-0000-0000-000000000001,4505ca5d-0961-03c9-5943-ffda2a5ae270
2dbd66b2-49d3-4048-b47d-6810f8585120,6c822743-46a7-4e98-95c9-5cf3f229a50d,0a839c14-2a88-9896-c2f2-8d51fe610405,Mar-26,7319,149,49,31,1519,636.3999999999978,11.5,2026-04-07 07:48:35.653242+00,00000000-0000-0000-0000-000000000001,11316c38-dc08-4983-3588-fcadd88bd5d2
dab34bce-d686-47c3-a458-a8b07a865b93,282ee740-0f66-45e9-8853-5bde5df56f2a,85292340-826d-52c1-65c7-7f2a9eb2c2c4,Mar-26,7625,140,54,31,1674,663,11.5,2026-04-07 07:48:35.653242+00,00000000-0000-0000-0000-000000000001,d6268133-5904-3e9a-6956-9493d2f78a1d
7831c5ec-4838-4b94-86de-ce41a66c4e92,7e27a9ec-1564-486b-a2fe-9e114466399c,d2298bb8-a5e5-735a-c8ca-9b18c7daacd6,Mar-26,5914,93,64,31,1984,514.2000000000044,11.5,2026-04-07 07:48:35.653242+00,00000000-0000-0000-0000-000000000001,982397b8-b96b-4d87-eb8b-62916e148d45
d9b90f88-3e9d-422d-b5fd-72cc4ed68a26,237472fc-6142-4df0-a712-98bb24275b23,2fc42a4f-fe5a-ae08-0e4e-2c89ca71db85,Mar-26,12676,186,68,31,2108,1102.199999999997,11.5,2026-04-07 07:48:35.653242+00,00000000-0000-0000-0000-000000000001,f8723af2-2adb-2870-b160-e1ad562524be
f8ec3f68-7c9c-48aa-948c-7a6524a02810,c65b80a0-6fd6-473c-b321-75ed3e5c798e,0a839c14-2a88-9896-c2f2-8d51fe610405,Mar-26,7319,149,49,31,1519,636.3999999999978,11.5,2026-04-07 07:48:35.653242+00,00000000-0000-0000-0000-000000000001,d6d33436-345a-e39c-9f8d-91c76dca514e
b6c8dcd4-543b-4ad1-b92e-a21701be9f56,565908a9-ee71-488c-8af5-39f39586fb6f,574de174-c7bb-bc11-f282-cff2aa2501c5,Mar-26,4338,135,32,31,992,377.2000000000007,11.5,2026-04-07 07:48:35.653242+00,00000000-0000-0000-0000-000000000001,b4a50439-db13-dc26-d980-eb079b321460
3ad3a22a-53d8-48f6-a3d5-4c9e798aab91,f498e1c6-fc1e-4c0f-9bb2-174a9d8ffee5,79853a4a-cb02-508c-e041-7e23378aec9c,Mar-26,11026,246,45,31,1395,958.6999999999971,11.5,2026-04-07 07:48:35.653242+00,00000000-0000-0000-0000-000000000001,af8d560f-407a-4e9b-49e9-88f54d8671f4
8cc2a76d-458f-4396-af44-bb0502b3dc95,eadb97f1-faba-4608-b995-a31ce392126f,574de174-c7bb-bc11-f282-cff2aa2501c5,Mar-26,4338,135,32,31,992,377.2000000000007,11.5,2026-04-07 07:48:35.653242+00,00000000-0000-0000-0000-000000000001,c675e97a-0958-0695-90b3-49311eec8fd7
b92bfccf-ddab-4147-bd04-23d9ddb1ed30,3ebe6b8a-b647-4130-8032-dd6b2ed0db08,c2ff0c11-4d1b-7b9b-b93c-aa37c9b6c40b,Mar-26,7641,155,49,31,1519,664.4000000000015,11.5,2026-04-07 07:48:35.653242+00,00000000-0000-0000-0000-000000000001,733dd472-3b1e-dd43-76e5-082ddfe66c5b
015354f4-a840-48a5-8bfd-5aa06b71fcff,983a8bb5-a98c-463a-a322-34cbca620924,b0875d50-a469-821b-57c3-03ac62809198,Mar-26,7531,124,61,31,1891,654.8000000000029,11.5,2026-04-07 07:48:35.653242+00,00000000-0000-0000-0000-000000000001,fc8a412e-e0d4-35e1-37fa-5f798b7dc7f4
d58c142b-b10e-49d0-a24d-6244cabb6447,aae88da9-b7a6-4aac-b32f-b63d81428597,188aee4d-68e0-1ddb-38e6-a946bc75072d,Mar-26,4375,155,28,31,868,380.4000000000001,11.5,2026-04-07 07:48:35.653242+00,00000000-0000-0000-0000-000000000001,f2a00e3d-de04-40a3-6f41-a3ebfcab4a3c
c7af7e71-76a5-41a4-bdb5-b8b225ce8d92,e244dc61-ecf1-4d31-b3ef-cc5da2e19b99,188aee4d-68e0-1ddb-38e6-a946bc75072d,Mar-26,4375,155,28,31,868,380.4000000000001,11.5,2026-04-07 07:48:35.653242+00,00000000-0000-0000-0000-000000000001,83f51f9d-9d36-eda9-e7fb-5b1badbbd5d9
60989079-0801-4ca6-bd16-4216c7c0fd4a,62a95d3c-c31d-4f1d-b4d9-6c5cc3b40f3b,b0875d50-a469-821b-57c3-03ac62809198,Mar-26,7531,124,61,31,1891,654.8000000000029,11.5,2026-04-07 07:48:35.653242+00,00000000-0000-0000-0000-000000000001,6542b72b-196a-4538-a690-2db7cc212936
db885264-76bc-4cce-8363-7a187be33c5a,1e882c51-7beb-4cfd-a760-f93f1d5858c1,03edc7c5-4c46-b55e-523d-9fb7be29910b,Mar-26,10877,155,70,31,2170,945.8000000000029,11.5,2026-04-07 07:48:35.653242+00,00000000-0000-0000-0000-000000000001,5e901269-d116-cf62-7661-df859f5b02dc
26d53be5-fb37-4a31-a9da-4d596680179b,8938cd6f-1f28-4b04-a4b2-35725335ecbc,b0875d50-a469-821b-57c3-03ac62809198,Mar-26,7531,124,61,31,1891,654.8000000000029,11.5,2026-04-07 07:48:35.653242+00,00000000-0000-0000-0000-000000000001,2bd67002-1f8f-faff-efc5-5063dbedf10f
a66d22eb-2f84-4725-abd9-7c7d3320ef3a,88058c59-110c-4e4e-bd45-8a7dbc03b56b,d2298bb8-a5e5-735a-c8ca-9b18c7daacd6,Mar-26,5914,93,64,31,1984,514.2000000000044,11.5,2026-04-07 07:48:35.653242+00,00000000-0000-0000-0000-000000000001,8b48adf3-c14a-fa6d-9785-b4bcb35f8fbb
4653cceb-fe26-4ccb-bc18-b5fe2ef2f562,a76870f8-23cd-4c6c-8ee4-7e5f713fad05,dc4adc21-f501-0573-2e9a-d7bbbc89e5d6,Mar-26,7778,116,67,31,2077,676.3000000000029,11.5,2026-04-07 07:48:35.653242+00,00000000-0000-0000-0000-000000000001,5b45a840-9d6c-242e-0e2f-2e2c972c2eec
c6262ceb-e530-416f-9f0c-49922406c5b6,b9a30dd8-f635-4a88-b857-e713e382de8a,a361bd0d-c2c1-2aee-6303-d65de004edd0,Mar-26,8015,155,52,31,1612,696.9000000000015,11.5,2026-04-07 07:48:35.653242+00,00000000-0000-0000-0000-000000000001,be68c44d-d4d2-478a-7b1e-c9c3fefac406
922ebc44-4a5a-44ac-9794-9481288b849f,34644208-9485-4129-92cf-b8f5109096b4,2fc42a4f-fe5a-ae08-0e4e-2c89ca71db85,Mar-26,12676,186,68,31,2108,1102.199999999997,11.5,2026-04-07 07:48:35.653242+00,00000000-0000-0000-0000-000000000001,ec6bd398-2413-2c67-18db-10bdd92ee4f9
fc3e416e-c309-494e-9009-190aabf87e14,aa1c0801-b478-4ab9-8eb5-e7c0c4ebaee6,dd96a329-ec95-e96a-1348-69d976f39cd4,Mar-26,6715,155,43,31,1333,583.8999999999942,11.5,2026-04-07 07:48:35.653242+00,00000000-0000-0000-0000-000000000001,0278721a-a690-833b-298a-16a351fb7a3a
ff8ea924-9bc1-4adc-aa77-bd91fd12cba2,f6661df1-7c29-4161-8aad-b1695af69a76,79853a4a-cb02-508c-e041-7e23378aec9c,Mar-26,11026,246,45,31,1395,958.6999999999971,11.5,2026-04-07 07:48:35.653242+00,00000000-0000-0000-0000-000000000001,1d4c0119-5151-7a5b-2266-f16e44f67157
e06b538c-6817-4dd2-a823-7427dccaddc3,982b6360-27af-4721-aa71-400e11c1ff1b,03edc7c5-4c46-b55e-523d-9fb7be29910b,Mar-26,10877,155,70,31,2170,945.8000000000029,11.5,2026-04-07 07:48:35.653242+00,00000000-0000-0000-0000-000000000001,3b27dc97-dafa-0480-7b61-5549a3ea7eee
e32a3696-1c1d-49d1-8440-611ef9b11cee,97b8843b-0571-4405-9fbb-a0a7583b2b97,dd96a329-ec95-e96a-1348-69d976f39cd4,Mar-26,6715,155,43,31,1333,583.8999999999942,11.5,2026-04-07 07:48:35.653242+00,00000000-0000-0000-0000-000000000001,3b48ac67-d1fa-b227-f284-5da0a25e5ac0
af0bba7e-76da-42fd-b102-ca80cea8451d,d546e046-2bb8-4221-b827-e38323a43217,85292340-826d-52c1-65c7-7f2a9eb2c2c4,Mar-26,7625,140,54,31,1674,663,11.5,2026-04-07 07:48:35.653242+00,00000000-0000-0000-0000-000000000001,3e99437f-aaa3-5ffe-27bc-cffb9898080d
22c6500d-d73a-4fb5-bdfe-260db2ac3836,1a0cd49c-5ac2-4aa3-9abe-9e8b435d6dcd,417c9738-a0f7-5a00-1091-37a9fd083dd6,Mar-26,6722,155,43,31,1333,584.5,11.5,2026-04-07 07:48:35.653242+00,00000000-0000-0000-0000-000000000001,03ce56c0-8798-b95d-7125-311b80363e74
a3fb9d5f-a900-44b1-8ccc-3c82e85a3824,0b9fda07-1826-4a53-9e13-9c9a7563bb4c,8767525e-d22f-a295-bc29-ba104fdc589a,Mar-26,2404,124,19,31,589,209,11.5,2026-04-07 07:48:35.653242+00,00000000-0000-0000-0000-000000000001,417cb75b-9992-4df9-28ae-ad4d2313621f
020cc7ef-1fd8-4204-915b-25c583c988f6,b79f3a84-8140-47ac-b833-481b655e9e50,574de174-c7bb-bc11-f282-cff2aa2501c5,Mar-26,4338,135,32,31,992,377.2000000000007,11.5,2026-04-07 07:48:35.766689+00,00000000-0000-0000-0000-000000000001,2b785f57-1c4f-d4a8-d486-b69e7b2db5bc
e1146276-48b2-452c-944e-79f7f1a4cfb3,685bc1c5-548c-48d9-b372-66352c97bc8d,323c0dff-be56-f6ee-f053-ee37de806dea,Mar-26,8745,131,67,31,2077,760.4000000000015,11.5,2026-04-07 07:48:35.766689+00,00000000-0000-0000-0000-000000000001,55ca6f7c-112a-ec33-7c1c-987508bc9e41
b6bb9ffb-91a1-4840-a198-6878c42f2edb,ed1d3993-b9a1-486a-994a-c202f9e08d88,233cca0e-efcf-e631-d2fc-9997a6ba5706,Mar-26,9559,146,65,31,2015,831.2000000000007,11.5,2026-04-07 07:48:35.766689+00,00000000-0000-0000-0000-000000000001,1b003ea3-bdcb-0416-c3c2-8ff60f2f65f5
7438aedb-154b-475d-9c14-d965971f767f,51787c96-86e9-4006-9c4d-46908814901f,bde00681-ebfc-ef38-4f6e-4906a012de6b,Mar-26,9573,154,62,31,1922,832.3999999999942,11.5,2026-04-07 07:48:35.766689+00,00000000-0000-0000-0000-000000000001,e6dde6a9-4da9-d1a2-802a-faf5db207e8e
55d44d6d-11ca-4232-ae6d-c3efc2aa32a6,e81fdc92-206c-4484-9d9e-2ca34d4aaf87,8767525e-d22f-a295-bc29-ba104fdc589a,Mar-26,2404,124,19,31,589,209,11.5,2026-04-07 07:48:35.766689+00,00000000-0000-0000-0000-000000000001,b0a6f0b5-9fd8-112e-2bfa-24fa8a25779b
5eb90e94-26b8-4c0f-93dd-bb3a27febb44,e6356412-6ef4-4ad7-a6f8-f1965a44e853,85292340-826d-52c1-65c7-7f2a9eb2c2c4,Mar-26,7625,140,54,31,1674,663,11.5,2026-04-07 07:48:35.766689+00,00000000-0000-0000-0000-000000000001,af12a12c-92bf-088b-3073-292fe4dfc478
48ef273f-dc25-4143-8cc9-f03141a8a7ab,5b19c5f4-65a9-428c-8548-e6123c058fc7,c17c5093-48b7-139f-ebfc-1cd33ef5179c,Mar-26,5618,155,36,31,1116,488.5,11.5,2026-04-07 07:48:35.766689+00,00000000-0000-0000-0000-000000000001,04ba1c6f-6c06-819d-9ecc-a0c5f795b922
4bc627c5-21bd-4e46-ae78-c3c5eb05645c,65b2fef4-39ed-4bc6-9a8d-576d9baa2441,79853a4a-cb02-508c-e041-7e23378aec9c,Mar-26,11026,246,45,31,1395,958.6999999999971,11.5,2026-04-07 07:48:35.766689+00,00000000-0000-0000-0000-000000000001,122c395f-56fd-4482-fe33-7fa3c3cd30b5
685fb75c-2d30-47c9-bd65-d855a3305094,498e0503-dcf4-4bc8-b482-a779dd6db0c8,86ad1ceb-8d81-a926-d998-3a2f1cafba06,Mar-26,4795,93,52,31,1612,416.90000000000146,11.5,2026-04-07 07:48:35.766689+00,00000000-0000-0000-0000-000000000001,31f3f7a3-5dc4-21cd-ba54-b41347a7822a
a3129e57-09f8-4dda-abc3-2e39c34a61a1,fd70a6e8-c870-47b0-b3e6-87fb1b355fdc,574de174-c7bb-bc11-f282-cff2aa2501c5,Mar-26,4338,135,32,11,352,377.2000000000007,11.5,2026-04-07 07:48:35.766689+00,00000000-0000-0000-0000-000000000001,5fee0a79-3970-704a-2332-f7c7598e86c1
7832e2d9-ad69-46a9-922d-cbe76cba663f,2ba18814-cc9d-49ca-917f-a50eef1cdbbb,86ad1ceb-8d81-a926-d998-3a2f1cafba06,Mar-26,4795,93,52,31,1612,416.90000000000146,11.5,2026-04-07 07:48:35.766689+00,00000000-0000-0000-0000-000000000001,23f7ef5f-6b26-a104-b616-b438d7e9243c
3eef123f-7ac6-4b6f-a87d-bb5643272afd,154e0d44-5cbd-4449-be93-ae3e75219088,77c3a6fd-4651-d880-29aa-abd19c8324df,Mar-26,4646,124,37,31,1147,404,11.5,2026-04-07 07:48:35.766689+00,00000000-0000-0000-0000-000000000001,2631ddfd-660e-8719-1876-82cf88e13a60
43370b50-9a8b-4161-a17d-00aca0d85a86,802d8eb7-fa87-428d-bf68-3b567fca669a,bc7f358d-0d6d-f95f-ff80-9089eefdef69,Mar-26,8291,92,90,31,2790,720.9000000000015,11.5,2026-04-07 07:48:35.766689+00,00000000-0000-0000-0000-000000000001,bdcc24e3-6077-3ea9-b25e-2747d0f07be7
b612ca8e-bc15-478f-a4af-bfd4eb324bc5,b708485e-a99d-4dd4-a047-9d4d3cca8786,85292340-826d-52c1-65c7-7f2a9eb2c2c4,Mar-26,7625,140,54,31,1674,663,11.5,2026-04-07 07:48:35.766689+00,00000000-0000-0000-0000-000000000001,238b347e-e7e9-b1a3-31a8-a2f8fed99f55
bb4d0003-d617-4357-8550-d524cbb5af39,97103a3b-e67d-4dad-9b14-590096f3f116,03edc7c5-4c46-b55e-523d-9fb7be29910b,Mar-26,10877,155,70,31,2170,945.8000000000029,11.5,2026-04-07 07:48:35.766689+00,00000000-0000-0000-0000-000000000001,86cd2239-fa55-0389-437e-e8fd505dc931
375b6da8-7a94-4342-bf24-e02f2d26b3fa,bbc88630-1ca0-47e7-b0d3-96277e03cc40,aa73cade-c28c-dc5b-5980-55801ea0d415,Mar-26,6557,155,42,31,1302,570.0999999999985,11.5,2026-04-07 07:48:35.766689+00,00000000-0000-0000-0000-000000000001,e17238d1-34ce-0cbb-4dc0-f65e60ff52f7
f19568d1-4ec9-4ea7-ba56-9a8319d8dd1d,30a9f857-7ce4-41b5-b2a9-f4cc4ce56fb3,82b270bf-e567-2deb-5ef3-495baafd7645,Mar-26,4163,146,29,31,899,362,11.5,2026-04-07 07:48:35.766689+00,00000000-0000-0000-0000-000000000001,1287ac56-adee-78b5-6a6b-56b3e8dd7d48
04a59124-eb27-44e5-a5b8-0f4d2e32256d,fd9ef054-b259-4553-9313-ec35c400d31d,574de174-c7bb-bc11-f282-cff2aa2501c5,Mar-26,4338,135,32,31,992,377.2000000000007,11.5,2026-04-07 07:48:35.766689+00,00000000-0000-0000-0000-000000000001,f284b25b-d762-1399-a12e-ba7ffa6b6f97
4987a74f-d513-4ce7-b9ba-614c267719fa,2e27f64d-5ed4-4f51-837f-9d40d6f11e55,c2ff0c11-4d1b-7b9b-b93c-aa37c9b6c40b,Mar-26,7641,155,49,31,1519,664.4000000000015,11.5,2026-04-07 07:48:35.766689+00,00000000-0000-0000-0000-000000000001,b0348aa8-ad9f-d0dd-94e8-c71a6627c930
ad12f2ef-dd45-4945-9de4-753d86661bcd,505959d4-1ad4-49b8-88ae-92d89388ec08,c2ff0c11-4d1b-7b9b-b93c-aa37c9b6c40b,Mar-26,7641,155,49,31,1519,664.4000000000015,11.5,2026-04-07 07:48:35.766689+00,00000000-0000-0000-0000-000000000001,1932ea80-c6eb-874e-eca8-12410fa7a608
bba8be6b-8642-47ab-917a-21d5482df996,9d2c22d5-38cf-4727-b8d6-5f147893208b,233cca0e-efcf-e631-d2fc-9997a6ba5706,Mar-26,9559,146,65,31,2015,831.2000000000007,11.5,2026-04-07 07:48:35.766689+00,00000000-0000-0000-0000-000000000001,251051cf-e3b5-5d37-918f-bf22b4875790
e0005a90-05d3-4745-8999-6762a12d9307,550a1ca1-1af9-4b2c-a43e-d15fa59b44f6,dd96a329-ec95-e96a-1348-69d976f39cd4,Mar-26,6715,155,43,31,1333,583.8999999999942,11.5,2026-04-07 07:48:35.766689+00,00000000-0000-0000-0000-000000000001,6162731a-4a9c-e887-e586-1ea574985777
8008d913-feb0-4a4f-8241-a7be94f249e8,77462aeb-5270-4795-8262-3d2eda93478b,417c9738-a0f7-5a00-1091-37a9fd083dd6,Mar-26,6722,155,43,31,1333,584.5,11.5,2026-04-07 07:48:35.766689+00,00000000-0000-0000-0000-000000000001,510cd475-6538-7d02-413c-1a0f553ba4e6
bafecab4-9b1e-4807-a849-c6057bf3deaf,2731c5ed-e876-4d7e-a619-74b652ca2cf5,dc4adc21-f501-0573-2e9a-d7bbbc89e5d6,Mar-26,7778,116,67,31,2077,676.3000000000029,11.5,2026-04-07 07:48:35.766689+00,00000000-0000-0000-0000-000000000001,ba8dd5e0-ed0e-8b6a-7098-2732476feb31
cff878fb-f66d-4e13-95db-02ce542ad087,b78f98c2-b829-4e2a-abdb-a37164cafcab,49ed1c8e-3653-c89b-ec74-16d8e20bb923,Mar-26,9873,138,72,14,1008,858.5,11.5,2026-04-07 07:48:35.766689+00,00000000-0000-0000-0000-000000000001,9653a402-ff75-bbdf-8cc6-1cb0ca01f233
90013217-a88d-431a-8b31-c94e5806fcf8,1c05e219-6db8-4840-ae6b-6f8bc62039ea,1b4d1066-8fe4-199b-7b3b-39e4bded9714,Mar-26,11276,186,61,31,1891,980.5,11.5,2026-04-07 07:48:35.766689+00,00000000-0000-0000-0000-000000000001,854c86e3-8b7f-0ca8-f4ac-c6a073699611
128bdd82-d0ab-470b-b0e5-d86240935ee4,36de7873-343c-47d4-846a-a8d86f146097,8767525e-d22f-a295-bc29-ba104fdc589a,Mar-26,2404,124,19,31,589,209,11.5,2026-04-07 07:48:35.766689+00,00000000-0000-0000-0000-000000000001,c2329858-525d-2f70-5e31-bf9a8358eb3e
f53f0143-b63c-4bde-ae6a-d3b194c54c4b,2a5103d7-23f3-470a-ba73-d4f86fe42901,417c9738-a0f7-5a00-1091-37a9fd083dd6,Mar-26,6722,155,43,31,1333,584.5,11.5,2026-04-07 07:48:35.766689+00,00000000-0000-0000-0000-000000000001,22a9494d-0e02-6fba-4aee-7947f1e6110b
98502783-8f2b-49ba-8a0b-961f44fd77b8,2f064813-8f1a-40e6-a8b1-be7db59342f3,417c9738-a0f7-5a00-1091-37a9fd083dd6,Mar-26,6722,155,43,31,1333,584.5,11.5,2026-04-07 07:48:35.766689+00,00000000-0000-0000-0000-000000000001,be84008a-74d3-3cc1-6fd6-bcef998f7bff
db83589b-5af0-4feb-9a16-8c8179d387a5,6ce15619-f068-46a1-a826-6b3751a79e7b,86ad1ceb-8d81-a926-d998-3a2f1cafba06,Mar-26,4795,93,52,31,1612,416.90000000000146,11.5,2026-04-07 07:48:35.766689+00,00000000-0000-0000-0000-000000000001,38069f8b-d44e-0b86-a0d1-dafac5ae1232
7b18936c-00e9-4d67-bd87-ed1376dc1dcc,c7dae9af-f342-41bb-a00b-ba14cb4fae28,c2ff0c11-4d1b-7b9b-b93c-aa37c9b6c40b,Mar-26,7641,155,49,31,1519,664.4000000000015,11.5,2026-04-07 07:48:35.766689+00,00000000-0000-0000-0000-000000000001,bcf8ffc1-fd5c-f6ab-0453-7a73c73786dd
25d8dfb2-fdbe-4f0c-ad18-069cd8239569,1bf45702-17c3-45b0-a6dc-1f9e7de87c35,5d204545-2f72-b89b-3190-a826b5ab6512,Mar-26,10914,124,88,31,2728,949,11.5,2026-04-07 07:48:35.766689+00,00000000-0000-0000-0000-000000000001,18788fe2-f6a2-826e-2199-6cec118c6d00
71f8f635-a75a-431f-9a23-8f21484c8249,e815d6ce-afd5-4f8a-b987-6f878cf441c3,10c6863d-07c3-4fc4-94f9-6adc29157ce1,Mar-26,6028,152,40,31,1240,524.0999999999985,11.5,2026-04-07 07:48:35.766689+00,00000000-0000-0000-0000-000000000001,146a8458-f956-54ed-317f-b99f7d16fff8
01494285-b1f6-442d-9ca5-4171929ccf99,05b2f0b4-cba2-4536-b997-216166969ad0,b0d4d2c8-f6ee-bc16-ffd7-fc33c8db8571,Mar-26,9407,130,72,31,2232,818,11.5,2026-04-07 07:48:35.766689+00,00000000-0000-0000-0000-000000000001,77dd12b8-a20b-05c8-2372-79ba1b1624a9
a3834792-0cd3-4d23-9a27-9345fce019fd,662e89df-bb54-4f53-83cc-41f3da763c03,323c0dff-be56-f6ee-f053-ee37de806dea,Mar-26,8745,131,67,7,469,760.4000000000015,11.5,2026-04-07 07:48:35.766689+00,00000000-0000-0000-0000-000000000001,b19dfc6c-a5d5-734c-3d3d-6389c281b3bb
03bf46ea-12f5-4b12-8b5f-f6201d739c76,8559893e-0b5f-4f27-a7bd-70cbb3b353d0,b0d4d2c8-f6ee-bc16-ffd7-fc33c8db8571,Apr-26,8697,120,72,30,2160,756.2000000000007,11.5,2026-05-05 11:14:29.597207+00,00000000-0000-0000-0000-000000000001,null
2bd1ee90-1f43-4e1f-ac41-aa05e53ade7c,f89545f2-35cd-40fd-b6d5-22539d84dbab,2fc42a4f-fe5a-ae08-0e4e-2c89ca71db85,Mar-26,12676,186,68,31,2108,1102.199999999997,11.5,2026-04-07 07:48:35.766689+00,00000000-0000-0000-0000-000000000001,6dd50e39-9843-4442-cc09-3b49fbe97fb9
ae49f33f-94aa-4cee-a17b-0a2796e88f7f,c1d53b18-807b-4535-a702-78fa7947db3d,1b4d1066-8fe4-199b-7b3b-39e4bded9714,Mar-26,11276,186,61,31,1891,980.5,11.5,2026-04-07 07:48:35.766689+00,00000000-0000-0000-0000-000000000001,d257c87f-0e42-048c-8409-362e925d86fc
24bb093b-6810-4430-9d68-2dbd80db4340,bd80a42e-bf13-43e7-be84-b7e5c42af474,2fc42a4f-fe5a-ae08-0e4e-2c89ca71db85,Mar-26,12676,186,68,31,2108,1102.199999999997,11.5,2026-04-07 07:48:35.766689+00,00000000-0000-0000-0000-000000000001,61031b0a-ef18-26aa-64b7-d412d7b3d276
fc4823ee-bdae-4669-8e52-a3fcf3e0526c,f0563784-ae81-4f0b-b5f2-0782af0ab6ad,79853a4a-cb02-508c-e041-7e23378aec9c,Mar-26,11026,246,45,31,1395,958.6999999999971,11.5,2026-04-07 07:48:35.766689+00,00000000-0000-0000-0000-000000000001,cd2c3f97-4df7-b32f-d0c0-12031beae516
837e933e-cbd4-4eeb-8e3e-3b511b792d3a,36d0cb1b-c3c4-4745-a896-06eecebc9b0d,990e8a3e-a69c-7b31-f606-3eeb21e3d4c6,Mar-26,3835,150,26,31,806,333.40000000000146,11.5,2026-04-07 07:48:35.766689+00,00000000-0000-0000-0000-000000000001,93eb3d6a-d35b-ef1f-83b8-7430b6ad1674
e92868ec-1651-427c-9e58-92e405eb9406,4c263db6-1ecb-4bf2-8fa1-1dabb807ebec,fb5cedd6-2992-1c62-7fba-4a7a6b43b2ff,Mar-26,9092,96,95,31,2945,790.5999999999985,11.5,2026-04-07 07:48:35.766689+00,00000000-0000-0000-0000-000000000001,227f376b-633a-5615-5670-c29559d0a08b
11887425-d9c3-4d1e-a19b-520c2b88757b,c64e9962-a1de-4836-ab2e-d1bc9511b66a,bde00681-ebfc-ef38-4f6e-4906a012de6b,Mar-26,9573,154,62,31,1922,832.3999999999942,11.5,2026-04-07 07:48:35.766689+00,00000000-0000-0000-0000-000000000001,a7798da2-f8ee-1840-a1f3-f29a9e764b97
b76c3b9d-2ce8-44ca-8153-6958a7ca5ee2,9fbebba8-4b3a-4c4a-a399-22a0a13b9d40,fb5cedd6-2992-1c62-7fba-4a7a6b43b2ff,Mar-26,9092,96,95,31,2945,790.5999999999985,11.5,2026-04-07 07:48:35.766689+00,00000000-0000-0000-0000-000000000001,18d86801-3cb7-11d4-8b9d-433429296014
6450fa1d-6fd6-486e-a365-d6e3a18b40b3,ea64a29f-8b8f-4c30-a7c6-9a7a62c31b59,fb5cedd6-2992-1c62-7fba-4a7a6b43b2ff,Mar-26,9092,96,95,31,2945,790.5999999999985,11.5,2026-04-07 07:48:35.766689+00,00000000-0000-0000-0000-000000000001,79e31f6f-69dc-a40c-27d7-3f076878f83c
890fe4d7-295b-42b0-9514-1d3477866211,7a525886-53d0-4216-a073-a2e129518553,bde00681-ebfc-ef38-4f6e-4906a012de6b,Mar-26,9573,154,62,31,1922,832.3999999999942,11.5,2026-04-07 07:48:35.766689+00,00000000-0000-0000-0000-000000000001,5d4122d1-48a3-607c-cb72-e1956caece73
111b89a7-8b89-4d14-9df8-e705e844c9bd,5fe90f5f-2491-41e0-9191-949e7d33532b,990e8a3e-a69c-7b31-f606-3eeb21e3d4c6,Mar-26,3835,150,26,31,806,333.40000000000146,11.5,2026-04-07 07:48:35.766689+00,00000000-0000-0000-0000-000000000001,8aacbc78-5e56-b3c0-f8bc-fcb5490b94f3
8d35774c-c7fb-4fc2-a7a2-88319f7b6782,85317201-88df-4eb2-a10b-75f42b7ca4f1,323c0dff-be56-f6ee-f053-ee37de806dea,Mar-26,8745,131,67,31,2077,760.4000000000015,11.5,2026-04-07 07:48:35.766689+00,00000000-0000-0000-0000-000000000001,855f3f6a-72ae-46f4-4cc2-a9a0d5df5b70
568804ac-c865-46c0-926c-6078df84736a,4c3e09ff-7f56-4a6c-9d8e-c65aa09acebc,5d204545-2f72-b89b-3190-a826b5ab6512,Mar-26,10914,124,88,31,2728,949,11.5,2026-04-07 07:48:35.766689+00,00000000-0000-0000-0000-000000000001,cf1318a5-0564-4af6-d90e-c3e76de1ef08
ce61ceb4-9b7d-42b4-b792-ea8a2ace1dd7,94261730-487e-43d4-b977-e31d775c5454,dc4adc21-f501-0573-2e9a-d7bbbc89e5d6,Mar-26,7778,116,67,31,2077,676.3000000000029,11.5,2026-04-07 07:48:35.766689+00,00000000-0000-0000-0000-000000000001,10f3edc6-4b03-b82d-8df1-09ddaf031c0c
08adcbcc-6015-48ce-8266-9bce80bf7fb4,0ce80cc2-7614-4403-851a-c810f9344622,10c6863d-07c3-4fc4-94f9-6adc29157ce1,Mar-26,6028,152,40,31,1240,524.0999999999985,11.5,2026-04-07 07:48:35.890971+00,00000000-0000-0000-0000-000000000001,c09e703c-d287-38c8-d1c1-239145e17df9
0d349873-aa3c-44ef-9e90-db420de6038c,f7c88513-86bd-4a27-b6a0-884dd9a12cef,5d204545-2f72-b89b-3190-a826b5ab6512,Mar-26,10914,124,88,31,2728,949,11.5,2026-04-07 07:48:35.890971+00,00000000-0000-0000-0000-000000000001,49355947-7605-ec5f-7d81-a6597f38d76b
39d4862b-7aa8-4acb-aee1-d77b04e6d600,bc7369ee-b0a8-4f94-b4ea-724ce11746d9,bde00681-ebfc-ef38-4f6e-4906a012de6b,Mar-26,9573,154,62,31,1922,832.3999999999942,11.5,2026-04-07 07:48:35.890971+00,00000000-0000-0000-0000-000000000001,df5ea39c-c069-5211-271d-f0d3831adefa
e1d317cd-e020-49d5-869f-08c6b7d9b020,83b51aff-9b3a-447c-8af2-2535dc38f0c2,82b270bf-e567-2deb-5ef3-495baafd7645,Mar-26,4163,146,29,31,899,362,11.5,2026-04-07 07:48:35.890971+00,00000000-0000-0000-0000-000000000001,950dd22f-78fa-d205-48b3-fe5a5cc7438e
099cd63b-05d2-4019-84a9-2729b34027c5,e208b66c-60c8-4be6-b2ce-2a850293806a,82b270bf-e567-2deb-5ef3-495baafd7645,Mar-26,4163,146,29,22,638,362,11.5,2026-04-07 07:48:35.890971+00,00000000-0000-0000-0000-000000000001,4628a4bf-d4c5-9e5d-471c-271b9f3e7d03
31022cfe-4c25-499a-96d1-9779e4b7f82c,b4fbac70-a15e-4efb-8f75-c25525cdcfb5,211a2b33-4e94-3da1-7d97-406bc26036f5,Mar-26,5813,155,38,31,1178,505.39999999999964,11.5,2026-04-07 11:54:55.115253+00,00000000-0000-0000-0000-000000000001,38305983-db92-2c3c-7949-96f7ca7833eb
25b62bbc-dbe9-4b08-ba36-025298d7ac2c,b99e64a3-213a-43b1-b757-6bb334d42169,211a2b33-4e94-3da1-7d97-406bc26036f5,Mar-26,5813,155,38,31,1178,505.39999999999964,11.5,2026-04-07 11:54:55.115253+00,00000000-0000-0000-0000-000000000001,11e96dd2-92f4-f793-56db-439d5b3de156
334702b1-5811-4dab-8561-fdeb2b7b5d18,24580c4e-7836-4cb4-aa96-dc079ee8eb7e,5d204545-2f72-b89b-3190-a826b5ab6512,Apr-26,7505,102,74,30,2220,652.5999999999985,11.5,2026-05-05 11:14:29.597207+00,00000000-0000-0000-0000-000000000001,null
03a5e8e1-e265-4833-b0e0-958744d1c1f7,edf64777-6eec-4f1b-909d-d0e0f3e17804,323c0dff-be56-f6ee-f053-ee37de806dea,Apr-26,10784,150,72,30,2160,937.6999999999971,11.5,2026-05-05 11:14:29.597207+00,00000000-0000-0000-0000-000000000001,null
51f2b336-9bd9-4b39-b27f-ee44fc945635,1623c485-bdf5-48c1-830a-6f6de87a238c,1b4d1066-8fe4-199b-7b3b-39e4bded9714,Apr-26,13125,180,73,30,2190,1141.300000000003,11.5,2026-05-05 11:14:29.597207+00,00000000-0000-0000-0000-000000000001,null
b83580a0-84aa-4923-b2e2-b6a6d175cb81,bb3258d4-67de-4588-9d1e-9660043cc74e,990e8a3e-a69c-7b31-f606-3eeb21e3d4c6,Apr-26,5339,150,36,30,1080,464.1999999999971,11.5,2026-05-05 11:14:29.597207+00,00000000-0000-0000-0000-000000000001,null
8c7079a6-fac1-4bd0-bf11-13b8c1c53e24,7942bb97-ced6-45c6-8d8a-34b67dec316e,79853a4a-cb02-508c-e041-7e23378aec9c,Apr-26,15617,240,65,30,1950,1358,11.5,2026-05-05 11:14:29.597207+00,00000000-0000-0000-0000-000000000001,null
7be57e2f-2fda-47e2-badf-c685e98c3f5d,04716353-4f44-4f86-a034-55f9ef19df62,2fc42a4f-fe5a-ae08-0e4e-2c89ca71db85,Apr-26,11353,180,63,30,1890,987.1999999999971,11.5,2026-05-05 11:14:29.597207+00,00000000-0000-0000-0000-000000000001,null
747c5abb-1b78-4e1f-8757-36211a9f060c,cc890810-159b-4044-8fc1-4e366e9ad61d,bde00681-ebfc-ef38-4f6e-4906a012de6b,Apr-26,12026,134,90,30,2700,1045.7000000000044,11.5,2026-05-05 11:14:29.597207+00,00000000-0000-0000-0000-000000000001,null
7df65808-9c92-4a54-b922-9c9bd6dd79a1,94d67da8-d3da-4fe9-9d05-d224b064979c,fb5cedd6-2992-1c62-7fba-4a7a6b43b2ff,Apr-26,14395,146,99,30,2970,1251.7000000000007,11.5,2026-05-05 11:14:29.597207+00,00000000-0000-0000-0000-000000000001,null
1b2f76dd-38f0-46c3-8c46-9bbb6f1f743e,c789feca-58d8-4689-843b-c7c36445b9af,fb5cedd6-2992-1c62-7fba-4a7a6b43b2ff,Apr-26,14395,146,99,30,2970,1251.7000000000007,11.5,2026-05-05 11:14:29.597207+00,00000000-0000-0000-0000-000000000001,null
ccab6898-8fcf-4f9c-a30d-d7066092ce4a,e79609c8-e158-43ba-be1a-b8fde712e87f,fb5cedd6-2992-1c62-7fba-4a7a6b43b2ff,Apr-26,14395,146,99,30,2970,1251.7000000000007,11.5,2026-05-05 11:14:29.597207+00,00000000-0000-0000-0000-000000000001,null
a9b3e544-8935-4d04-83d0-e9bd004d1c26,f6d43da9-e5bb-4140-8f20-df29d285d361,323c0dff-be56-f6ee-f053-ee37de806dea,Apr-26,10784,150,72,30,2160,937.6999999999971,11.5,2026-05-05 11:14:29.597207+00,00000000-0000-0000-0000-000000000001,null
65d3d213-9c9e-4525-8205-a80b5d38dea0,c3d61140-6c28-4297-87fa-94975529cba4,5d204545-2f72-b89b-3190-a826b5ab6512,Apr-26,7505,102,74,30,2220,652.5999999999985,11.5,2026-05-05 11:14:29.597207+00,00000000-0000-0000-0000-000000000001,null
fefe8b59-641b-4dae-b408-e6c586e2b05d,a74ce17f-3060-4b5d-a1e9-334575bfbff0,990e8a3e-a69c-7b31-f606-3eeb21e3d4c6,Apr-26,5339,150,36,30,1080,464.1999999999971,11.5,2026-05-05 11:14:29.597207+00,00000000-0000-0000-0000-000000000001,null
668b3f4b-7451-49b5-bc5a-8ca6874dfd55,3e09f83a-de0d-46c3-a9b3-5a760f3efc2e,dc4adc21-f501-0573-2e9a-d7bbbc89e5d6,Apr-26,9252,136,68,30,2040,804.5,11.5,2026-05-05 11:14:29.597207+00,00000000-0000-0000-0000-000000000001,null
f15bc94d-151b-47be-828a-0799fb0a0521,dca3dcd7-a67c-4d47-be48-ebbf4f6ef4cf,10c6863d-07c3-4fc4-94f9-6adc29157ce1,Apr-26,7650,151,51,30,1530,665.2000000000044,11.5,2026-05-05 11:14:29.597207+00,00000000-0000-0000-0000-000000000001,null
e07314d6-c8d1-4fc5-8b2b-b63eb321564c,5f97fdd6-1653-4ff6-8a36-ab13b7d24e7f,5d204545-2f72-b89b-3190-a826b5ab6512,Apr-26,7505,102,74,30,2220,652.5999999999985,11.5,2026-05-05 11:14:29.597207+00,00000000-0000-0000-0000-000000000001,null
01fed7d3-d828-4330-8342-f687a0ae8393,ece48847-f454-45b9-8fcf-2ecc01c6656f,82b270bf-e567-2deb-5ef3-495baafd7645,Apr-26,5414,150,36,30,1080,470.6999999999971,11.5,2026-05-05 11:14:29.597207+00,00000000-0000-0000-0000-000000000001,null
27b9beaf-a91b-4547-a184-ea980030ac23,fdaa7154-f6ce-41fc-a2cc-ca5920decd96,bde00681-ebfc-ef38-4f6e-4906a012de6b,Apr-26,12026,134,90,30,2700,1045.7000000000044,11.5,2026-05-05 11:14:29.597207+00,00000000-0000-0000-0000-000000000001,null
9f163f79-8833-48f6-8456-858fe0a1ec44,41ca7270-5b70-4075-93bb-cd825f74fa9c,82b270bf-e567-2deb-5ef3-495baafd7645,Apr-26,5414,150,36,30,1080,470.6999999999971,11.5,2026-05-05 11:14:29.597207+00,00000000-0000-0000-0000-000000000001,null
373ae469-da00-4348-949d-aff1ce20d78b,a2c1cdbf-5a72-460e-9fc7-58144eedc6ad,211a2b33-4e94-3da1-7d97-406bc26036f5,Apr-26,6201,150,41,30,1230,539.2000000000003,11.5,2026-05-12 12:44:26.479117+00,00000000-0000-0000-0000-000000000001,null
66e2cebb-5714-4210-b0d0-c7dac28799c9,71740e90-ffba-4edf-a801-83676a3fbd10,85292340-826d-52c1-65c7-7f2a9eb2c2c4,May-26,15122,199,76,8,608,1314.9000000000015,11.5,2026-05-31 16:14:13.067744+00,00000000-0000-0000-0000-000000000001,null
a1f00758-c136-4f59-8b2c-65bec707f5c9,92bbbea4-449e-41e2-b076-30ebb1382850,85292340-826d-52c1-65c7-7f2a9eb2c2c4,May-26,15122,199,76,8,608,1314.9000000000015,11.5,2026-05-31 16:14:13.067744+00,00000000-0000-0000-0000-000000000001,null
7b113ce3-b452-4fb7-8664-bba6c404fdde,d5bc16ab-3cbd-442b-9f1f-f2f0c3dda027,49ed1c8e-3653-c89b-ec74-16d8e20bb923,May-26,10763,149,72,7,504,935.9000000000015,11.5,2026-05-31 16:14:13.067744+00,00000000-0000-0000-0000-000000000001,null
713b33e0-4a57-4db8-8a10-1c76f6bef65c,6a10c039-6957-4ade-b075-984ad0ba54b1,1b4d1066-8fe4-199b-7b3b-39e4bded9714,May-26,17064,187,91,5,455,1483.7999999999993,11.5,2026-05-31 16:14:13.067744+00,00000000-0000-0000-0000-000000000001,null
014fb4a7-e828-48fa-a5f2-6f0c12ff44c1,6bb8bc3b-6238-46fc-8be1-387487cde0b0,dd96a329-ec95-e96a-1348-69d976f39cd4,May-26,13455,200,67,9,603,1170,11.5,2026-05-31 16:14:13.067744+00,00000000-0000-0000-0000-000000000001,null
7cbc998f-a3ae-496f-8e31-17be78d3089a,59ac5c9a-976c-40ad-95de-dfb8d9fed6bb,85292340-826d-52c1-65c7-7f2a9eb2c2c4,May-26,15122,199,76,7,532,1314.9000000000015,11.5,2026-05-31 16:14:13.067744+00,00000000-0000-0000-0000-000000000001,null
230954f1-0a27-4a7d-9966-2ba8c7b23a7d,f73ebdb6-6e89-4b63-9332-6b07b15d4e09,03edc7c5-4c46-b55e-523d-9fb7be29910b,May-26,13605,175,78,9,702,1183,11.5,2026-05-31 16:14:13.067744+00,00000000-0000-0000-0000-000000000001,null
72a58c79-f8c0-4de5-aa81-50b16608d1e5,6168dce2-96d4-46ab-a7d7-b1cca6e4f2b8,fb5cedd6-2992-1c62-7fba-4a7a6b43b2ff,May-26,14601,149,98,6,588,1269.5999999999985,11.5,2026-05-31 16:14:13.067744+00,00000000-0000-0000-0000-000000000001,null
72a5022c-1ba0-4452-9de6-40eb666a9b89,ca15eb7d-f523-410c-a641-d9237f18279c,bc7f358d-0d6d-f95f-ff80-9089eefdef69,May-26,12849,105,122,8,976,1117.2999999999956,11.5,2026-05-31 16:14:13.067744+00,00000000-0000-0000-0000-000000000001,null
87548b3e-5ff3-4271-b280-6caf33255247,b1e34004-5d96-4056-a872-629eaa1d22ff,5d204545-2f72-b89b-3190-a826b5ab6512,May-26,4873,134,36,9,324,423.6999999999971,11.5,2026-05-31 16:14:13.067744+00,00000000-0000-0000-0000-000000000001,null
06783bbd-38cc-4b21-b348-c70e75de5c21,f4957456-caad-4172-ab02-ea2a2836a044,c17c5093-48b7-139f-ebfc-1cd33ef5179c,May-26,5404,108,50,15,750,469.8999999999978,11.5,2026-05-31 16:14:13.067744+00,00000000-0000-0000-0000-000000000001,null
85dd8b69-2c40-4e22-a1ff-8442dc8a4f33,b1dcd897-8ef1-4639-b7dc-c21bc2679649,9d5d0096-0b78-a663-1142-be871dfa2bda,May-26,10424,134,78,16,1248,906.4000000000015,11.5,2026-05-31 16:14:13.067744+00,00000000-0000-0000-0000-000000000001,null
d359c583-e104-43f8-ab0a-541637bc622a,e424ddf7-4d65-4a25-8c6c-01725d21c3c3,9d5d0096-0b78-a663-1142-be871dfa2bda,May-26,10424,134,78,16,1248,906.4000000000015,11.5,2026-05-31 16:14:13.067744+00,00000000-0000-0000-0000-000000000001,null
66a8666f-5af8-48d2-9d90-6fb3bd77c4b3,28a0b27b-0e72-437c-99af-6c44a369980f,dd96a329-ec95-e96a-1348-69d976f39cd4,May-26,13455,200,67,2,134,1170,11.5,2026-05-31 16:14:13.067744+00,00000000-0000-0000-0000-000000000001,null
98b69715-8070-4aa1-9256-3edf03288d70,6e571587-64e1-460b-836f-85d0bcb8fd51,188aee4d-68e0-1ddb-38e6-a946bc75072d,May-26,8115,151,54,26,1404,705.6000000000004,11.5,2026-05-31 16:14:13.067744+00,00000000-0000-0000-0000-000000000001,null
bce52287-7783-42be-97c9-f84141130d42,1c029563-3a0d-4b3d-8ab3-c989e00682c7,aa73cade-c28c-dc5b-5980-55801ea0d415,May-26,9633,156,62,29,1798,837.5999999999985,11.5,2026-05-31 16:14:13.067744+00,00000000-0000-0000-0000-000000000001,null
16e0446b-72d0-40c5-81b6-8ca30a8f55d6,f6c0eb96-f85a-4ca6-8e81-1c87ee2f8c1b,aa73cade-c28c-dc5b-5980-55801ea0d415,May-26,9633,156,62,30,1860,837.5999999999985,11.5,2026-05-31 16:14:13.067744+00,00000000-0000-0000-0000-000000000001,null
89bfba85-dfef-4bf6-93d9-f4471dd0a260,7cdcce0d-5187-42ce-9f52-e2544fb7b7b2,bde00681-ebfc-ef38-4f6e-4906a012de6b,May-26,14895,155,96,31,2976,1295.199999999997,11.5,2026-05-31 16:14:13.067744+00,00000000-0000-0000-0000-000000000001,null
335a47f9-6927-4750-a547-af04906000d9,924f351a-6fe4-4dc4-8016-ea6cd9c56a14,dd96a329-ec95-e96a-1348-69d976f39cd4,May-26,13455,200,67,29,1943,1170,11.5,2026-05-31 16:14:13.067744+00,00000000-0000-0000-0000-000000000001,null
f66f85eb-ca28-41b0-be82-b9a0b449fa4f,6a05b2a8-2d2d-45af-9d20-ba50a177596d,dd96a329-ec95-e96a-1348-69d976f39cd4,May-26,13455,200,67,29,1943,1170,11.5,2026-05-31 16:14:13.067744+00,00000000-0000-0000-0000-000000000001,null
03c3c958-6336-4363-b161-cce260a6110a,f78c40b2-5d45-40df-999d-349bf44a6199,03edc7c5-4c46-b55e-523d-9fb7be29910b,May-26,13605,175,78,27,2106,1183,11.5,2026-05-31 16:14:13.067744+00,00000000-0000-0000-0000-000000000001,null
ab28f943-dfbd-4641-88a6-fa3b9c4a4736,a992ca37-36de-4658-a023-2670277318a7,85292340-826d-52c1-65c7-7f2a9eb2c2c4,May-26,15122,199,76,29,2204,1314.9000000000015,11.5,2026-05-31 16:14:13.067744+00,00000000-0000-0000-0000-000000000001,null
264cfd10-68f6-40eb-b4ef-a18ddb2738aa,842cfc29-7370-4f51-ae55-5be74031a9ea,5d204545-2f72-b89b-3190-a826b5ab6512,May-26,4873,134,36,26,936,423.6999999999971,11.5,2026-05-31 16:14:13.067744+00,00000000-0000-0000-0000-000000000001,null
2fbadfdf-4d9f-4b02-9409-78c867a56f20,71467e0f-1914-4958-9fa9-969c10246ac9,86ad1ceb-8d81-a926-d998-3a2f1cafba06,May-26,10746,154,70,30,2100,934.4000000000015,11.5,2026-05-31 16:14:13.067744+00,00000000-0000-0000-0000-000000000001,null
53a0a14d-5d99-40dc-a993-4a9dec4852da,88dbc566-3129-40b1-828d-485c0464e233,1b4d1066-8fe4-199b-7b3b-39e4bded9714,May-26,17064,187,91,31,2821,1483.7999999999993,11.5,2026-05-31 16:14:13.067744+00,00000000-0000-0000-0000-000000000001,null
6790641b-607f-4ec7-805e-52f66d7758b3,c27ed1c7-76de-4503-918e-7340596b4d8b,bc7f358d-0d6d-f95f-ff80-9089eefdef69,May-26,12849,105,122,22,2684,1117.2999999999956,11.5,2026-05-31 16:14:13.067744+00,00000000-0000-0000-0000-000000000001,null
a2915386-c204-4e01-9b59-0b29bfd6ac66,85d84dd0-37dc-4f6b-a9a5-23a9fe86cb9e,bc7f358d-0d6d-f95f-ff80-9089eefdef69,May-26,12849,105,122,22,2684,1117.2999999999956,11.5,2026-05-31 16:14:13.067744+00,00000000-0000-0000-0000-000000000001,null
4ed34088-0696-4433-b847-b8194d3814e3,8ad508c0-7d2c-4990-b6b0-dd20da8517a2,fad74a92-8e64-787e-38c3-8ebdb9db6511,May-26,1188,28,42,28,1176,103.29999999999927,11.5,2026-05-31 16:14:13.067744+00,00000000-0000-0000-0000-000000000001,null
29524247-79b3-49da-8dff-669f84a37556,34e3b517-bf8f-49c3-9b92-939cdc1038df,0a839c14-2a88-9896-c2f2-8d51fe610405,May-26,12360,169,73,31,2263,1074.7000000000007,11.5,2026-05-31 16:14:13.067744+00,00000000-0000-0000-0000-000000000001,null
fdcb174f-80fc-4c5f-aabb-b29092112bfc,32e019ff-ab6a-4518-a337-57427a9971ac,417c9738-a0f7-5a00-1091-37a9fd083dd6,May-26,10095,156,65,31,2015,877.7999999999956,11.5,2026-05-31 16:14:13.067744+00,00000000-0000-0000-0000-000000000001,null
6df07759-890b-425d-a7b7-965edafde379,4360fad3-1493-48cc-9f2d-e3101572876b,b0d4d2c8-f6ee-bc16-ffd7-fc33c8db8571,May-26,11019,124,89,31,2759,958.0999999999985,11.5,2026-05-31 16:14:13.067744+00,00000000-0000-0000-0000-000000000001,null
11e68cb6-ea7a-44c8-8455-184017c4305a,53e89399-8a99-469e-b877-39bab546775c,77c3a6fd-4651-d880-29aa-abd19c8324df,May-26,8862,186,48,31,1488,770.5999999999985,11.5,2026-05-31 16:14:13.067744+00,00000000-0000-0000-0000-000000000001,null
76a706c5-34e0-455a-8997-dae94a298dc7,21c35f69-116d-478b-b666-d298211ecbf8,49ed1c8e-3653-c89b-ec74-16d8e20bb923,May-26,10763,149,72,31,2232,935.9000000000015,11.5,2026-05-31 16:14:13.067744+00,00000000-0000-0000-0000-000000000001,null
4c9718ff-a6fc-42ea-b062-80de9f15c78e,b0d39c84-bf49-4cee-a1fe-9fa020326455,188aee4d-68e0-1ddb-38e6-a946bc75072d,May-26,8115,151,54,31,1674,705.6000000000004,11.5,2026-05-31 16:14:13.067744+00,00000000-0000-0000-0000-000000000001,null
0897892a-38c1-40e3-b5d8-d5e2f0aa44dd,92c66d08-fcfe-41e6-8d7b-5a87ba4572bd,fb5cedd6-2992-1c62-7fba-4a7a6b43b2ff,May-26,14601,149,98,31,3038,1269.5999999999985,11.5,2026-05-31 16:14:13.067744+00,00000000-0000-0000-0000-000000000001,null
a2bfadce-4325-43e6-8dd1-5e6abf28bb74,a01658e3-746c-422b-8fdf-3c0b37f5c7f5,233cca0e-efcf-e631-d2fc-9997a6ba5706,May-26,11931,153,78,31,2418,1037.3999999999978,11.5,2026-05-31 16:14:13.067744+00,00000000-0000-0000-0000-000000000001,null
c8172e37-d84d-4dad-a6a6-3974b615ef13,b0bcb2c8-816c-488e-89bf-28b79c76d2c3,bde00681-ebfc-ef38-4f6e-4906a012de6b,May-26,14895,155,96,31,2976,1295.199999999997,11.5,2026-05-31 16:14:13.067744+00,00000000-0000-0000-0000-000000000001,null
29d3bc0e-42f1-4689-975a-29a17797be30,c772c2a2-ae87-470d-99a2-1998c87717df,a361bd0d-c2c1-2aee-6303-d65de004edd0,May-26,12545,183,69,31,2139,1090.800000000003,11.5,2026-05-31 16:14:13.067744+00,00000000-0000-0000-0000-000000000001,null
b010f203-fc46-4d42-b0ae-0875ea29e119,2513a20a-f905-4480-aa9e-acfa165ddb54,dd96a329-ec95-e96a-1348-69d976f39cd4,May-26,13455,200,67,31,2077,1170,11.5,2026-05-31 16:14:13.067744+00,00000000-0000-0000-0000-000000000001,null
955adaeb-aea3-493f-bea2-3a1de4dabfd1,401b1c0c-d8a7-4488-be16-f2b336a5b881,aa73cade-c28c-dc5b-5980-55801ea0d415,May-26,9633,156,62,31,1922,837.5999999999985,11.5,2026-05-31 16:14:13.067744+00,00000000-0000-0000-0000-000000000001,null
df943a0e-1d73-4882-ab8d-ea1d4323abf9,5b4eb65b-4a0f-43a5-8529-c8f0459131b3,10c6863d-07c3-4fc4-94f9-6adc29157ce1,May-26,8131,155,52,31,1612,707,11.5,2026-05-31 16:14:13.067744+00,00000000-0000-0000-0000-000000000001,null
0896c23a-293c-4bbe-86bc-99bdbfaa0ec8,730c44cc-1264-49dc-920c-e48dd9ad1db2,c17c5093-48b7-139f-ebfc-1cd33ef5179c,May-26,5404,108,50,31,1550,469.8999999999978,11.5,2026-05-31 16:14:13.067744+00,00000000-0000-0000-0000-000000000001,null
e81faaa5-8c4e-459c-b707-5c86745b94cb,f236deea-7c9c-4ebc-8161-33049185fa90,10c6863d-07c3-4fc4-94f9-6adc29157ce1,May-26,8131,155,52,31,1612,707,11.5,2026-05-31 16:14:13.067744+00,00000000-0000-0000-0000-000000000001,null
52064c45-a928-4704-a8de-a24c30ea5fea,627dcd37-5668-4135-a0dd-267b3c063f02,ffbd5fe0-d9b3-cb55-cfd7-2d72a3498109,May-26,10764,155,69,31,2139,936,11.5,2026-05-31 16:14:13.067744+00,00000000-0000-0000-0000-000000000001,null
058bd740-4125-42e4-af3e-c4b7bc7cd903,f564dcac-5cc9-4f33-8e11-85ef336fa05e,0a839c14-2a88-9896-c2f2-8d51fe610405,May-26,12360,169,73,31,2263,1074.7000000000007,11.5,2026-05-31 16:14:13.067744+00,00000000-0000-0000-0000-000000000001,null
9f4c5754-8bf4-4cd6-8ff8-7e1be392fcc7,76b11326-2207-4085-a534-c74bc9d34107,a361bd0d-c2c1-2aee-6303-d65de004edd0,May-26,12545,183,69,31,2139,1090.800000000003,11.5,2026-05-31 16:14:13.067744+00,00000000-0000-0000-0000-000000000001,null
072d2989-0c11-4282-a262-1a211b5227cd,2c18e639-d2eb-42fc-90f5-904f95b10c98,82b270bf-e567-2deb-5ef3-495baafd7645,May-26,5970,155,39,31,1209,519.1000000000022,11.5,2026-05-31 16:14:13.067744+00,00000000-0000-0000-0000-000000000001,null
c7948f25-11e2-49bf-b123-0bda4d66d948,5e703096-bb76-4706-8d06-c3fee91f1431,211a2b33-4e94-3da1-7d97-406bc26036f5,May-26,7482,130,58,6,348,650.5999999999999,11.5,2026-05-31 16:14:13.067744+00,00000000-0000-0000-0000-000000000001,null
f3d4ddfd-35c5-4f17-b5d5-1af18797f5c8,76c6b23e-75d4-4b3a-af19-eec5eb313331,0a839c14-2a88-9896-c2f2-8d51fe610405,May-26,12360,169,73,31,2263,1074.7000000000007,11.5,2026-05-31 16:14:13.067744+00,00000000-0000-0000-0000-000000000001,null
d3cf94b9-aa8a-43ee-9bb1-e4fbab1d30ca,384949bf-2d5e-407d-a871-651a76f67e6c,211a2b33-4e94-3da1-7d97-406bc26036f5,May-26,7482,130,58,31,1798,650.5999999999999,11.5,2026-05-31 16:14:13.067744+00,00000000-0000-0000-0000-000000000001,null
bf70bc4d-ac04-4efa-a758-28dc06091325,55c0761a-dc41-4055-940f-2f15cbded99c,1b4d1066-8fe4-199b-7b3b-39e4bded9714,May-26,17064,187,91,31,2821,1483.7999999999993,11.5,2026-05-31 16:14:13.067744+00,00000000-0000-0000-0000-000000000001,null
1e8af328-a549-4ba4-953c-d82e62175fba,6057d9fa-5459-4984-a02f-abdeb420d146,79853a4a-cb02-508c-e041-7e23378aec9c,May-26,15162,248,61,31,1891,1318.4000000000015,11.5,2026-05-31 16:14:13.067744+00,00000000-0000-0000-0000-000000000001,null
38297cdd-3b6f-45e4-b1df-401d6b6074b1,5d386fa7-f8db-427a-abcd-eb179cfbd70f,a361bd0d-c2c1-2aee-6303-d65de004edd0,May-26,12545,183,69,31,2139,1090.800000000003,11.5,2026-05-31 16:14:13.067744+00,00000000-0000-0000-0000-000000000001,null
2466a7ed-ac12-4fa2-9a05-eebffb290741,6a930926-d66b-4d7c-9093-a436184b20d3,77c3a6fd-4651-d880-29aa-abd19c8324df,May-26,8862,186,48,31,1488,770.5999999999985,11.5,2026-05-31 16:14:13.067744+00,00000000-0000-0000-0000-000000000001,null
99701ce1-2ce0-491a-85ec-f2c2ccd0cb07,4d40725c-ef8f-46c6-b127-f959734f006d,990e8a3e-a69c-7b31-f606-3eeb21e3d4c6,May-26,6650,147,45,31,1395,578.2000000000044,11.5,2026-05-31 16:14:13.067744+00,00000000-0000-0000-0000-000000000001,null
a99fa50f-b005-4fec-aba5-e31196e3f02c,c10582bd-9a77-447d-a93a-cf820985be8d,c17c5093-48b7-139f-ebfc-1cd33ef5179c,May-26,5404,108,50,31,1550,469.8999999999978,11.5,2026-05-31 16:14:13.067744+00,00000000-0000-0000-0000-000000000001,null
bb9e1001-a674-4bd4-bf5c-181bdcfcb283,cfa9f7e0-2f6e-483d-bef5-0dd5231493fc,dd96a329-ec95-e96a-1348-69d976f39cd4,May-26,13455,200,67,31,2077,1170,11.5,2026-05-31 16:14:13.067744+00,00000000-0000-0000-0000-000000000001,null
d13e34c5-3e82-431e-b3a3-991a9228b5ef,bbac482a-02d5-4974-ba85-9c368501dae5,a361bd0d-c2c1-2aee-6303-d65de004edd0,May-26,12545,183,69,28,1932,1090.800000000003,11.5,2026-05-31 16:14:13.067744+00,00000000-0000-0000-0000-000000000001,null
b14900e8-3544-4a51-b135-e70a6a788be7,84ae2da5-7a20-426f-9398-6a60a4dba71f,aa73cade-c28c-dc5b-5980-55801ea0d415,May-26,9633,156,62,31,1922,837.5999999999985,11.5,2026-05-31 16:14:13.067744+00,00000000-0000-0000-0000-000000000001,null
37bd5c0f-bb32-42dd-937a-a999e78673bc,c36fe7e2-0b38-42ad-9b67-35bf71637ca7,9d5d0096-0b78-a663-1142-be871dfa2bda,May-26,10424,134,78,31,2418,906.4000000000015,11.5,2026-05-31 16:14:13.067744+00,00000000-0000-0000-0000-000000000001,null
4a2d25c9-c176-465d-bd27-603022951004,1af6205f-dfe7-4728-ba3f-b17f7807d342,211a2b33-4e94-3da1-7d97-406bc26036f5,May-26,7482,130,58,31,1798,650.5999999999999,11.5,2026-05-31 16:14:13.067744+00,00000000-0000-0000-0000-000000000001,null
f61c1179-051b-401c-a8b4-af8b0b51bfff,d061f6c3-e6d5-4165-96f5-2caea06fb567,211a2b33-4e94-3da1-7d97-406bc26036f5,May-26,7482,130,58,31,1798,650.5999999999999,11.5,2026-05-31 16:14:13.067744+00,00000000-0000-0000-0000-000000000001,null
3b563979-c2ce-42b0-b11b-afa3c6b9079e,32a08994-42d7-4203-ae0d-c671bb00185f,10c6863d-07c3-4fc4-94f9-6adc29157ce1,May-26,8131,155,52,31,1612,707,11.5,2026-05-31 16:14:13.067744+00,00000000-0000-0000-0000-000000000001,null
94582285-6e35-4bb6-a521-852c985b9730,1b9c0ad8-039d-4a01-bc2c-5b6ec6e6e4a0,990e8a3e-a69c-7b31-f606-3eeb21e3d4c6,May-26,6650,147,45,31,1395,578.2000000000044,11.5,2026-05-31 16:14:13.067744+00,00000000-0000-0000-0000-000000000001,null
71cdf93d-e6e8-4541-b2f0-3df6dc8c7818,5f983963-2837-4828-b201-605ec79a4842,323c0dff-be56-f6ee-f053-ee37de806dea,May-26,11679,155,75,31,2325,1015.5,11.5,2026-05-31 16:14:13.067744+00,00000000-0000-0000-0000-000000000001,null
23e10c1e-1676-4993-b416-187899f4d2db,d31f6db6-16a2-4399-ba8d-add63c5042b2,77c3a6fd-4651-d880-29aa-abd19c8324df,May-26,8862,186,48,31,1488,770.5999999999985,11.5,2026-05-31 16:14:13.067744+00,00000000-0000-0000-0000-000000000001,null
ead822eb-114f-43a6-bb7f-c313b6db5a3a,66029766-6767-47e3-87d3-a14faa740f27,ffbd5fe0-d9b3-cb55-cfd7-2d72a3498109,May-26,10764,155,69,31,2139,936,11.5,2026-05-31 16:14:13.067744+00,00000000-0000-0000-0000-000000000001,null
4d44b332-f49e-44fb-ac31-a9655a098449,9bbaf1d2-9556-4e96-a75d-a03d2c32a81d,77c3a6fd-4651-d880-29aa-abd19c8324df,May-26,8862,186,48,31,1488,770.5999999999985,11.5,2026-05-31 16:14:13.067744+00,00000000-0000-0000-0000-000000000001,null
584ffa8b-ce5d-4139-806f-c441108e65cc,38583d2b-78db-488c-a6ca-865fe2d6faa3,49ed1c8e-3653-c89b-ec74-16d8e20bb923,May-26,10763,149,72,31,2232,935.9000000000015,11.5,2026-05-31 16:14:13.067744+00,00000000-0000-0000-0000-000000000001,null
4097321f-b806-47e5-b8d7-28fd89564100,144059cb-16a7-4c24-8ba1-ed28121fe89c,9d5d0096-0b78-a663-1142-be871dfa2bda,May-26,10424,134,78,31,2418,906.4000000000015,11.5,2026-05-31 16:14:13.067744+00,00000000-0000-0000-0000-000000000001,null
abfae52e-43f1-44d5-bba0-9268fac54759,c40bfee7-9fd5-48d0-b42c-00ad44a8e295,ffbd5fe0-d9b3-cb55-cfd7-2d72a3498109,May-26,10764,155,69,31,2139,936,11.5,2026-05-31 16:14:13.067744+00,00000000-0000-0000-0000-000000000001,null
9583aed6-b53e-4d44-b370-11be5ae694a5,8167f5f2-208d-4f14-95b6-c335d1d7bef2,8767525e-d22f-a295-bc29-ba104fdc589a,May-26,1965,124,16,31,496,170.79999999999927,11.5,2026-05-31 16:14:13.067744+00,00000000-0000-0000-0000-000000000001,null
ebf5ca74-f6f9-4417-a1b2-8fdf154d5132,7447a5d8-d5ce-418b-a899-45dafef1fa0b,ffbd5fe0-d9b3-cb55-cfd7-2d72a3498109,May-26,10764,155,69,31,2139,936,11.5,2026-05-31 16:14:13.067744+00,00000000-0000-0000-0000-000000000001,null
5c05a20b-bb60-445f-9e0a-f385ab391984,81f8ef84-d02e-4b2c-916c-5c14207f60c3,82b270bf-e567-2deb-5ef3-495baafd7645,May-26,5970,155,39,31,1209,519.1000000000022,11.5,2026-05-31 16:14:13.067744+00,00000000-0000-0000-0000-000000000001,null
3c006005-11dd-4110-87fd-bcb66f3065bd,742bfb7a-1992-49a0-90d5-28b3f78d1a50,323c0dff-be56-f6ee-f053-ee37de806dea,May-26,11679,155,75,31,2325,1015.5,11.5,2026-05-31 16:14:13.067744+00,00000000-0000-0000-0000-000000000001,null
9ad0513c-4007-447c-bce2-da196227e51b,082075d2-3696-4472-8518-a23944d03905,ffbd5fe0-d9b3-cb55-cfd7-2d72a3498109,May-26,10764,155,69,31,2139,936,11.5,2026-05-31 16:14:13.067744+00,00000000-0000-0000-0000-000000000001,null
0143c586-2175-4521-8ea0-adbf83cf3329,1eef1d60-b37c-4f76-a1a1-d39dda75e0f9,233cca0e-efcf-e631-d2fc-9997a6ba5706,May-26,11931,153,78,31,2418,1037.3999999999978,11.5,2026-05-31 16:14:13.067744+00,00000000-0000-0000-0000-000000000001,null
0fe1304c-31cb-4e9e-8ac8-24eabb5ce009,de3dca5a-d7a8-4688-8959-03118db0cd0e,79853a4a-cb02-508c-e041-7e23378aec9c,May-26,15162,248,61,31,1891,1318.4000000000015,11.5,2026-05-31 16:14:13.067744+00,00000000-0000-0000-0000-000000000001,null
098a5b6b-91a6-471e-8584-dab3f0b8dd8d,f94d68a8-f62b-433f-9196-96a0decfafd2,49ed1c8e-3653-c89b-ec74-16d8e20bb923,May-26,10763,149,72,31,2232,935.9000000000015,11.5,2026-05-31 16:14:13.067744+00,00000000-0000-0000-0000-000000000001,null
0f654e6a-91cd-41e1-bec5-ebfb093bc1ff,9a48b076-b047-4d6d-b705-a707d61b1e48,a361bd0d-c2c1-2aee-6303-d65de004edd0,May-26,12545,183,69,31,2139,1090.800000000003,11.5,2026-05-31 16:14:13.067744+00,00000000-0000-0000-0000-000000000001,null
66046ae4-a1f5-4cb4-9732-eabcdf15e0cb,facf7e24-4a01-4507-ac3c-87d1a475290e,188aee4d-68e0-1ddb-38e6-a946bc75072d,May-26,8115,151,54,31,1674,705.6000000000004,11.5,2026-05-31 16:14:13.067744+00,00000000-0000-0000-0000-000000000001,null
081c5829-636e-45cc-8af6-b073041f7fd3,8f47eaf9-548e-43d7-8e93-5232aeaabb4a,c2ff0c11-4d1b-7b9b-b93c-aa37c9b6c40b,May-26,10912,186,59,31,1829,948.7999999999993,11.5,2026-05-31 16:14:13.067744+00,00000000-0000-0000-0000-000000000001,null
7db4d17f-8a2f-46da-bb97-fd5fcd26495c,d3ae9c54-bc74-4012-9bc8-36fd7124eb93,77c3a6fd-4651-d880-29aa-abd19c8324df,May-26,8862,186,48,31,1488,770.5999999999985,11.5,2026-05-31 16:14:13.067744+00,00000000-0000-0000-0000-000000000001,null
97fb7487-107e-48a6-88c0-645f9a8cac18,85bd615a-ccaa-49aa-b5b9-9aef4e7d4fd8,03edc7c5-4c46-b55e-523d-9fb7be29910b,May-26,13605,175,78,31,2418,1183,11.5,2026-05-31 16:14:13.067744+00,00000000-0000-0000-0000-000000000001,null
cbefc545-4df2-4f4d-802b-82944b8fe62b,06b36665-76a8-4c92-af85-2d603dd80907,b0d4d2c8-f6ee-bc16-ffd7-fc33c8db8571,May-26,11019,124,89,31,2759,958.0999999999985,11.5,2026-05-31 16:14:13.067744+00,00000000-0000-0000-0000-000000000001,null
4fb52982-fdaa-4718-96af-9a4e95b81901,c96d1c54-a71a-4a6e-b714-d4039446e653,2fc42a4f-fe5a-ae08-0e4e-2c89ca71db85,May-26,11850,159,75,31,2325,1030.4000000000015,11.5,2026-05-31 16:14:13.067744+00,00000000-0000-0000-0000-000000000001,null
36099f7f-ece5-40fe-bac0-494481e402f1,ac672ba2-c09e-4272-9b4d-68f7accef501,79853a4a-cb02-508c-e041-7e23378aec9c,May-26,15162,248,61,31,1891,1318.4000000000015,11.5,2026-05-31 16:14:13.067744+00,00000000-0000-0000-0000-000000000001,null
ed010ac9-4f43-4a2d-8c7f-98d7f254d88c,cdf4b178-5979-48fe-95a8-ba7e1b94f0a3,b0d4d2c8-f6ee-bc16-ffd7-fc33c8db8571,May-26,11019,124,89,31,2759,958.0999999999985,11.5,2026-05-31 16:14:13.067744+00,00000000-0000-0000-0000-000000000001,null
ba2ea66b-900a-4a7c-9d5a-5454dc46f6ee,af1742e5-5350-41c4-b4da-505392e69b75,0a839c14-2a88-9896-c2f2-8d51fe610405,May-26,12360,169,73,31,2263,1074.7000000000007,11.5,2026-05-31 16:14:13.067744+00,00000000-0000-0000-0000-000000000001,null
1e750224-c4ab-42c0-acfc-dbc38131a14e,04cb70b9-bc83-4ef6-8593-25648856b7e7,574de174-c7bb-bc11-f282-cff2aa2501c5,May-26,4922,155,32,31,992,428,11.5,2026-05-31 16:14:13.067744+00,00000000-0000-0000-0000-000000000001,null
b20344d7-0e7f-42e8-8877-c898936fd19f,d167904b-afd2-4a4c-b2c7-8982bb636ded,0a839c14-2a88-9896-c2f2-8d51fe610405,May-26,12360,169,73,31,2263,1074.7000000000007,11.5,2026-05-31 16:14:13.067744+00,00000000-0000-0000-0000-000000000001,null
dd3f4978-e89f-4ca1-8766-4161d63ba5b4,4b177a6d-59fd-4066-94c5-ae9da7939b97,211a2b33-4e94-3da1-7d97-406bc26036f5,May-26,7482,130,58,31,1798,650.5999999999999,11.5,2026-05-31 16:14:13.067744+00,00000000-0000-0000-0000-000000000001,null
40a68d4f-34e2-4d8d-b783-8e73f27b07dd,90a2e0c4-c24e-4bdb-bbd1-a37a96290721,233cca0e-efcf-e631-d2fc-9997a6ba5706,May-26,11931,153,78,31,2418,1037.3999999999978,11.5,2026-05-31 16:14:13.067744+00,00000000-0000-0000-0000-000000000001,null
f75f8803-7b63-4446-b327-45e960af9fa2,81693c98-b6db-44aa-aa79-e9c611db15fd,b0875d50-a469-821b-57c3-03ac62809198,May-26,14839,148,100,31,3100,1290.2999999999956,11.5,2026-05-31 16:14:13.067744+00,00000000-0000-0000-0000-000000000001,null
dbe39446-ff27-475f-acea-42545afdeba6,2c079c1d-4673-4f59-814f-dfa839749a84,574de174-c7bb-bc11-f282-cff2aa2501c5,May-26,4922,155,32,31,992,428,11.5,2026-05-31 16:14:13.067744+00,00000000-0000-0000-0000-000000000001,null
1f830c06-d730-4821-8326-6ddac4a7e9dd,b7d46798-ce9c-44c4-a43d-7864c9f62b1b,b0875d50-a469-821b-57c3-03ac62809198,May-26,14839,148,100,31,3100,1290.2999999999956,11.5,2026-05-31 16:14:13.067744+00,00000000-0000-0000-0000-000000000001,null
e4dbc759-a857-4c4b-9dac-53c7e8418d48,7913c48a-1d55-410a-802b-6b64b3fc57df,79853a4a-cb02-508c-e041-7e23378aec9c,May-26,15162,248,61,31,1891,1318.4000000000015,11.5,2026-05-31 16:14:13.067744+00,00000000-0000-0000-0000-000000000001,null
0b9a7318-9411-4499-9a13-d42cc021954f,2c168206-6149-4b19-886e-53c485a8365d,188aee4d-68e0-1ddb-38e6-a946bc75072d,May-26,8115,151,54,31,1674,705.6000000000004,11.5,2026-05-31 16:14:13.067744+00,00000000-0000-0000-0000-000000000001,null
953114be-460d-43dc-8c5b-9459758b488f,5653465d-545f-438d-b299-0b891fe29e1d,c2ff0c11-4d1b-7b9b-b93c-aa37c9b6c40b,May-26,10912,186,59,31,1829,948.7999999999993,11.5,2026-05-31 16:14:13.067744+00,00000000-0000-0000-0000-000000000001,null
d711ecae-a673-4792-b6f3-e38d6ae3d17b,f5af5018-c06d-49c9-8626-85ca9c126c87,188aee4d-68e0-1ddb-38e6-a946bc75072d,May-26,8115,151,54,31,1674,705.6000000000004,11.5,2026-05-31 16:14:13.067744+00,00000000-0000-0000-0000-000000000001,null
1d23cfa2-6048-44ca-a8d7-f8c0883be753,3834592e-8e3a-4d3b-a693-079f6c3cfb21,b0875d50-a469-821b-57c3-03ac62809198,May-26,14839,148,100,31,3100,1290.2999999999956,11.5,2026-05-31 16:14:13.067744+00,00000000-0000-0000-0000-000000000001,null
13ea56f7-12f6-4d92-beb6-7372d4ec3153,e0f6ba74-a34d-4af2-ba8a-db4ab06b6278,03edc7c5-4c46-b55e-523d-9fb7be29910b,May-26,13605,175,78,31,2418,1183,11.5,2026-05-31 16:14:13.067744+00,00000000-0000-0000-0000-000000000001,null
b98fe5d5-c804-4628-a4da-9e096adf3235,88a104ce-6141-464b-a7a2-0f06de161952,dc4adc21-f501-0573-2e9a-d7bbbc89e5d6,May-26,12353,124,100,31,3100,1074.0999999999985,11.5,2026-05-31 16:14:13.067744+00,00000000-0000-0000-0000-000000000001,null
c49e0eb2-fca8-49cc-8541-0b645974fb06,e974da76-40eb-4c6d-bb0e-c202758fc74c,2fc42a4f-fe5a-ae08-0e4e-2c89ca71db85,May-26,11850,159,75,31,2325,1030.4000000000015,11.5,2026-05-31 16:14:13.067744+00,00000000-0000-0000-0000-000000000001,null
af501789-38ae-4e0c-89f3-2eee4c80c8c3,3ea01ac3-a05c-45af-8988-3258247149ca,a361bd0d-c2c1-2aee-6303-d65de004edd0,May-26,12545,183,69,31,2139,1090.800000000003,11.5,2026-05-31 16:14:13.067744+00,00000000-0000-0000-0000-000000000001,null
b3d8e893-8412-4691-aa34-9bd076cc1996,92d58620-5b1e-4630-819b-3860eae2a5a7,03edc7c5-4c46-b55e-523d-9fb7be29910b,May-26,13605,175,78,31,2418,1183,11.5,2026-05-31 16:14:13.067744+00,00000000-0000-0000-0000-000000000001,null
edfa2a59-3b50-4727-9673-3e18de8d8b4b,76d250e6-ef95-4196-9d89-5520f555dc86,dd96a329-ec95-e96a-1348-69d976f39cd4,May-26,13455,200,67,31,2077,1170,11.5,2026-05-31 16:14:13.067744+00,00000000-0000-0000-0000-000000000001,null
1c02a84a-e4da-4cf4-b462-a21cab9f32d9,0bb193c0-88c2-4a69-8ed6-c106f4678ee0,79853a4a-cb02-508c-e041-7e23378aec9c,May-26,15162,248,61,31,1891,1318.4000000000015,11.5,2026-05-31 16:14:13.067744+00,00000000-0000-0000-0000-000000000001,null
8f804ff0-9cd0-4ba8-a779-e25451326472,54568dd8-1bad-493d-a7a4-56804a056cbe,c17c5093-48b7-139f-ebfc-1cd33ef5179c,May-26,5404,108,50,31,1550,469.8999999999978,11.5,2026-05-31 16:14:13.067744+00,00000000-0000-0000-0000-000000000001,null
a2cdf479-aa25-47d7-a945-afc9cf69e0af,36e62893-634f-4869-944a-7d042c763eaf,bde00681-ebfc-ef38-4f6e-4906a012de6b,May-26,14895,155,96,31,2976,1295.199999999997,11.5,2026-05-31 16:14:13.067744+00,00000000-0000-0000-0000-000000000001,null
650ecbee-6756-43fa-9154-6f51f20d3c45,9509d90b-6577-4650-866d-5be2c07c1767,417c9738-a0f7-5a00-1091-37a9fd083dd6,May-26,10095,156,65,31,2015,877.7999999999956,11.5,2026-05-31 16:14:13.067744+00,00000000-0000-0000-0000-000000000001,null
c13ee633-0534-452f-9e0c-3bf36048a8df,0e661b29-2042-48c4-9c52-27d4104299a1,85292340-826d-52c1-65c7-7f2a9eb2c2c4,May-26,15122,199,76,31,2356,1314.9000000000015,11.5,2026-05-31 16:14:13.067744+00,00000000-0000-0000-0000-000000000001,null
d29f3e38-2e22-4072-a349-7a38413b30aa,bcbcc705-b0f9-44a4-9f7a-fd1f8704ad1b,8767525e-d22f-a295-bc29-ba104fdc589a,May-26,1965,124,16,31,496,170.79999999999927,11.5,2026-05-31 16:14:13.067744+00,00000000-0000-0000-0000-000000000001,null
b164ef41-43cc-43bb-b021-47b7c3401805,0e79836f-bc38-48d2-b2fb-35560ceca93e,79853a4a-cb02-508c-e041-7e23378aec9c,May-26,15162,248,61,31,1891,1318.4000000000015,11.5,2026-05-31 16:14:13.067744+00,00000000-0000-0000-0000-000000000001,null
0c29d577-1669-4873-8814-383821b5c712,e7823f02-eee8-4a4a-8c2f-bb4d0f71417b,574de174-c7bb-bc11-f282-cff2aa2501c5,May-26,4922,155,32,31,992,428,11.5,2026-05-31 16:14:13.067744+00,00000000-0000-0000-0000-000000000001,null
1c90a36a-9eab-4cd6-88bf-ccefe2ee8dc7,25e63110-07c2-4bde-8332-b2071d1be070,233cca0e-efcf-e631-d2fc-9997a6ba5706,May-26,11931,153,78,31,2418,1037.3999999999978,11.5,2026-05-31 16:14:13.067744+00,00000000-0000-0000-0000-000000000001,null
ff8f710b-18fc-43ea-8e20-cf8c0c91a53d,15c6194f-93cb-41fd-99e3-d2d468d82292,323c0dff-be56-f6ee-f053-ee37de806dea,May-26,11679,155,75,31,2325,1015.5,11.5,2026-05-31 16:14:13.067744+00,00000000-0000-0000-0000-000000000001,null
fb87c9af-e3a5-4273-874b-89883d4c5f31,a41195bb-4e65-48e1-ae03-ff8697dfc926,8767525e-d22f-a295-bc29-ba104fdc589a,May-26,1965,124,16,31,496,170.79999999999927,11.5,2026-05-31 16:14:13.067744+00,00000000-0000-0000-0000-000000000001,null
a5c2bfee-85ca-4fc3-888d-a767ee68e511,ab4fd76b-3ec9-473c-b226-13c9131fbc47,85292340-826d-52c1-65c7-7f2a9eb2c2c4,May-26,15122,199,76,31,2356,1314.9000000000015,11.5,2026-05-31 16:14:13.067744+00,00000000-0000-0000-0000-000000000001,null
6302321d-973e-482d-9efd-7d18cd73c641,e5c9de8d-9b2d-4799-9684-95b35af5b539,82b270bf-e567-2deb-5ef3-495baafd7645,May-26,5970,155,39,31,1209,519.1000000000022,11.5,2026-05-31 16:14:13.067744+00,00000000-0000-0000-0000-000000000001,null
cab23af6-0dfc-4d5f-8a59-188d0e4a0d59,6ed1a176-4ee5-4c9f-868e-3db5405d6bd0,bc7f358d-0d6d-f95f-ff80-9089eefdef69,May-26,12849,105,122,31,3782,1117.2999999999956,11.5,2026-05-31 16:14:13.067744+00,00000000-0000-0000-0000-000000000001,null
aecd219e-3c3e-4eb8-8ad3-a933372a9b7a,221390d5-fdef-4553-b837-f429e4e2e447,aa73cade-c28c-dc5b-5980-55801ea0d415,May-26,9633,156,62,31,1922,837.5999999999985,11.5,2026-05-31 16:14:13.067744+00,00000000-0000-0000-0000-000000000001,null
b79cf90f-d8fe-4d82-a88f-a57ac738df38,1bfe86b5-a5ea-4d05-b27d-7d9327257e3c,574de174-c7bb-bc11-f282-cff2aa2501c5,May-26,4922,155,32,31,992,428,11.5,2026-05-31 16:14:13.067744+00,00000000-0000-0000-0000-000000000001,null
7e65b2ed-a59b-44a3-982c-227ef7f31e83,596aa38f-d435-43b9-a679-e6c93774dcd0,86ad1ceb-8d81-a926-d998-3a2f1cafba06,May-26,10746,154,70,31,2170,934.4000000000015,11.5,2026-05-31 16:14:13.067744+00,00000000-0000-0000-0000-000000000001,null
4857dfaf-898b-48e8-987f-b2e799d35a9c,733e963a-4842-41e8-b04e-c4fee5e52802,77c3a6fd-4651-d880-29aa-abd19c8324df,May-26,8862,186,48,31,1488,770.5999999999985,11.5,2026-05-31 16:14:13.067744+00,00000000-0000-0000-0000-000000000001,null
074a2372-21d8-4445-9b24-022667f402ee,ce8367a6-0a43-48c1-90c2-384addca3408,86ad1ceb-8d81-a926-d998-3a2f1cafba06,May-26,10746,154,70,31,2170,934.4000000000015,11.5,2026-05-31 16:14:13.067744+00,00000000-0000-0000-0000-000000000001,null
b4af7558-8867-4176-818e-1da86beaa7ff,d49e3853-645f-4c3c-946e-c4f58b2570e9,03edc7c5-4c46-b55e-523d-9fb7be29910b,May-26,13605,175,78,31,2418,1183,11.5,2026-05-31 16:14:13.067744+00,00000000-0000-0000-0000-000000000001,null
1b4428d3-c10c-4363-90b0-b17491205ae1,f25b4128-f36e-48e2-8cdf-4f839ef5f896,dc4adc21-f501-0573-2e9a-d7bbbc89e5d6,May-26,12353,124,100,31,3100,1074.0999999999985,11.5,2026-05-31 16:14:13.067744+00,00000000-0000-0000-0000-000000000001,null
28b17707-7654-4b89-983e-d6e31ce9b8a5,0dcbb0a6-3f09-4a3e-958b-398e2506a326,574de174-c7bb-bc11-f282-cff2aa2501c5,May-26,4922,155,32,31,992,428,11.5,2026-05-31 16:14:13.067744+00,00000000-0000-0000-0000-000000000001,null
f0346d1e-ed62-400e-87a0-5851b7c80ff9,d9993cb9-4e2d-469a-b2fc-a98330104954,dc4adc21-f501-0573-2e9a-d7bbbc89e5d6,May-26,12353,124,100,31,3100,1074.0999999999985,11.5,2026-05-31 16:14:13.067744+00,00000000-0000-0000-0000-000000000001,null
3c184638-4d60-43dd-bc08-b0a696012085,bcdf1904-5914-43ab-b7fc-10210c4e95f1,c2ff0c11-4d1b-7b9b-b93c-aa37c9b6c40b,May-26,10912,186,59,31,1829,948.7999999999993,11.5,2026-05-31 16:14:13.067744+00,00000000-0000-0000-0000-000000000001,null
98895bdc-0845-423a-9ba9-a1df4e94d53a,9f82b56d-f25b-4521-8fab-03e39d6f5f63,417c9738-a0f7-5a00-1091-37a9fd083dd6,May-26,10095,156,65,31,2015,877.7999999999956,11.5,2026-05-31 16:14:13.067744+00,00000000-0000-0000-0000-000000000001,null
66f3db1d-3c84-46f3-aa9f-47478053f8f0,62a7b2d9-f82a-46bf-a427-17641c689788,c2ff0c11-4d1b-7b9b-b93c-aa37c9b6c40b,May-26,10912,186,59,31,1829,948.7999999999993,11.5,2026-05-31 16:14:13.067744+00,00000000-0000-0000-0000-000000000001,null
f02f1ffc-3098-4ced-a378-7e88f816e06f,76fb2320-c5c8-4d67-885f-dd3cd5fb8ebd,417c9738-a0f7-5a00-1091-37a9fd083dd6,May-26,10095,156,65,31,2015,877.7999999999956,11.5,2026-05-31 16:14:13.067744+00,00000000-0000-0000-0000-000000000001,null
bd5efb95-bd47-4112-a500-31b4ef28688b,afa1adb1-804e-4723-b7b3-3a1ef2fe0e39,8767525e-d22f-a295-bc29-ba104fdc589a,May-26,1965,124,16,31,496,170.79999999999927,11.5,2026-05-31 16:14:13.067744+00,00000000-0000-0000-0000-000000000001,null
669b5b78-ab66-4945-9f1e-aa24cd9c69be,a3fd34c7-8dc4-43e6-a749-202980c1d4f2,49ed1c8e-3653-c89b-ec74-16d8e20bb923,May-26,10763,149,72,31,2232,935.9000000000015,11.5,2026-05-31 16:14:13.067744+00,00000000-0000-0000-0000-000000000001,null
8a558eaa-c696-4481-985e-b74d5226fe9f,10fc89d2-be9c-45f3-bc1b-07d45aa2a8f0,1b4d1066-8fe4-199b-7b3b-39e4bded9714,May-26,17064,187,91,31,2821,1483.7999999999993,11.5,2026-05-31 16:14:13.067744+00,00000000-0000-0000-0000-000000000001,null
36d4f86f-fe72-4964-a615-302441c236c9,f29e484f-890a-47d2-9ce9-544ce5a3e440,417c9738-a0f7-5a00-1091-37a9fd083dd6,May-26,10095,156,65,31,2015,877.7999999999956,11.5,2026-05-31 16:14:13.067744+00,00000000-0000-0000-0000-000000000001,null
0dd04d31-0e05-4cfc-a4bd-93e99f669022,0adbcd63-dcfe-4d00-8aef-d6c221519fde,86ad1ceb-8d81-a926-d998-3a2f1cafba06,May-26,10746,154,70,31,2170,934.4000000000015,11.5,2026-05-31 16:14:13.067744+00,00000000-0000-0000-0000-000000000001,null
0d1cb43a-e8df-47c1-a4d1-40ab427b7411,1c5d349e-9bef-477d-b62f-f344ecfba530,b0d4d2c8-f6ee-bc16-ffd7-fc33c8db8571,May-26,11019,124,89,31,2759,958.0999999999985,11.5,2026-05-31 16:14:13.067744+00,00000000-0000-0000-0000-000000000001,null
cd7b39d6-b9d3-483d-b760-09d12fe72f79,a299cf0e-5e62-4830-972b-3520a54a57c7,5d204545-2f72-b89b-3190-a826b5ab6512,May-26,4873,134,36,31,1116,423.6999999999971,11.5,2026-05-31 16:14:13.067744+00,00000000-0000-0000-0000-000000000001,null
3bd401aa-1cc0-4129-81ae-322130cbe416,d3285f5e-1b0e-410a-8ba3-de31ed526e48,c2ff0c11-4d1b-7b9b-b93c-aa37c9b6c40b,May-26,10912,186,59,31,1829,948.7999999999993,11.5,2026-05-31 16:14:13.067744+00,00000000-0000-0000-0000-000000000001,null
a262cfed-d2b2-4f8d-a155-b747bd3b3dab,48c97ac8-5ae2-48d0-a103-bd51a1c7054a,10c6863d-07c3-4fc4-94f9-6adc29157ce1,May-26,8131,155,52,31,1612,707,11.5,2026-05-31 16:14:13.067744+00,00000000-0000-0000-0000-000000000001,null
fbce28a7-5a41-42a7-a0ae-1fbdae2b52c2,21a91399-f190-4e9e-a426-d99af5b71b01,2fc42a4f-fe5a-ae08-0e4e-2c89ca71db85,May-26,11850,159,75,31,2325,1030.4000000000015,11.5,2026-05-31 16:14:13.067744+00,00000000-0000-0000-0000-000000000001,null
ada8568b-97b2-45eb-87d2-e404a605a627,00f44296-6c90-49c7-ad60-6af645ccc393,1b4d1066-8fe4-199b-7b3b-39e4bded9714,May-26,17064,187,91,31,2821,1483.7999999999993,11.5,2026-05-31 16:14:13.067744+00,00000000-0000-0000-0000-000000000001,null
23e1355e-957a-48b8-9ab9-e0d032e9101f,d06cc4ce-235c-4ba6-bd7e-85caa90d6f8b,323c0dff-be56-f6ee-f053-ee37de806dea,May-26,11679,155,75,31,2325,1015.5,11.5,2026-05-31 16:14:13.067744+00,00000000-0000-0000-0000-000000000001,null
decf6e49-b39f-4f83-808f-7b8f05b3eec2,76b9204a-4c8b-498c-b04f-73ac18a4f19f,990e8a3e-a69c-7b31-f606-3eeb21e3d4c6,May-26,6650,147,45,31,1395,578.2000000000044,11.5,2026-05-31 16:14:13.067744+00,00000000-0000-0000-0000-000000000001,null
648ba6f3-27c9-4037-9e1c-164af0c5998e,bd0bc294-e88b-422e-b8d1-9dfa30940d72,79853a4a-cb02-508c-e041-7e23378aec9c,May-26,15162,248,61,31,1891,1318.4000000000015,11.5,2026-05-31 16:14:13.067744+00,00000000-0000-0000-0000-000000000001,null
6a6c4a30-f1ed-496e-af3a-f5309ba66abd,459dacb1-cc46-4b35-af5f-4620bff18ff3,2fc42a4f-fe5a-ae08-0e4e-2c89ca71db85,May-26,11850,159,75,31,2325,1030.4000000000015,11.5,2026-05-31 16:14:13.067744+00,00000000-0000-0000-0000-000000000001,null
1df11d80-d27f-47d3-a81b-9df13faa3e73,c45749d6-5e5c-4aa9-8ca1-1e686e886cb2,fb5cedd6-2992-1c62-7fba-4a7a6b43b2ff,May-26,14601,149,98,31,3038,1269.5999999999985,11.5,2026-05-31 16:14:13.067744+00,00000000-0000-0000-0000-000000000001,null
57986ad9-a464-444b-9aef-a751fdd2bbaa,c9edef55-2960-44c4-a721-ef1bb71f4f82,fb5cedd6-2992-1c62-7fba-4a7a6b43b2ff,May-26,14601,149,98,31,3038,1269.5999999999985,11.5,2026-05-31 16:14:13.067744+00,00000000-0000-0000-0000-000000000001,null
a2be2570-567f-4d23-944c-d54a6c20330f,e4e3a756-a73d-4468-83f0-fbc5396586fa,5d204545-2f72-b89b-3190-a826b5ab6512,May-26,4873,134,36,31,1116,423.6999999999971,11.5,2026-05-31 16:14:13.067744+00,00000000-0000-0000-0000-000000000001,null
a964027e-8441-4a97-92a3-65df617f0452,105adf3b-0114-4ae2-a558-405fcf0160e4,323c0dff-be56-f6ee-f053-ee37de806dea,May-26,11679,155,75,31,2325,1015.5,11.5,2026-05-31 16:14:13.067744+00,00000000-0000-0000-0000-000000000001,null
54a94d44-10b9-459c-849f-629be6572d5d,0ada0952-1b08-4f40-a0eb-0554164f2ca9,990e8a3e-a69c-7b31-f606-3eeb21e3d4c6,May-26,6650,147,45,31,1395,578.2000000000044,11.5,2026-05-31 16:14:13.067744+00,00000000-0000-0000-0000-000000000001,null
22654107-2b72-4004-b978-a8ec75ce7902,fdd89d2c-d2c2-4fef-a7ea-5067702a8f84,dc4adc21-f501-0573-2e9a-d7bbbc89e5d6,May-26,12353,124,100,31,3100,1074.0999999999985,11.5,2026-05-31 16:14:13.067744+00,00000000-0000-0000-0000-000000000001,null
d206394f-dc39-40dd-ab4d-30d05f1d8ff2,9157fc38-b7e5-42ca-9e2e-a98913f48e47,10c6863d-07c3-4fc4-94f9-6adc29157ce1,May-26,8131,155,52,31,1612,707,11.5,2026-05-31 16:14:13.067744+00,00000000-0000-0000-0000-000000000001,null
217655c6-5cb6-4ee1-b14c-e37528a2dfdd,6fb588d1-21fa-403d-a812-55c5d0ce41fc,5d204545-2f72-b89b-3190-a826b5ab6512,May-26,4873,134,36,31,1116,423.6999999999971,11.5,2026-05-31 16:14:13.067744+00,00000000-0000-0000-0000-000000000001,null
d3808200-2ca6-4210-acc3-7de4ef1c619f,2ef5f0ec-d814-45f3-902e-f9c884f19abf,82b270bf-e567-2deb-5ef3-495baafd7645,May-26,5970,155,39,31,1209,519.1000000000022,11.5,2026-05-31 16:14:13.067744+00,00000000-0000-0000-0000-000000000001,null
0acbc943-858a-4792-bcc2-b771f3cd24ce,2c1245cd-f47a-4c5c-aaf9-ea05f5ed90e7,82b270bf-e567-2deb-5ef3-495baafd7645,May-26,5970,155,39,31,1209,519.1000000000022,11.5,2026-05-31 16:14:13.067744+00,00000000-0000-0000-0000-000000000001,null
4f820bab-5b27-4458-8fc5-a0f3114106e3,88c5e93f-350b-4486-8b35-e300f2dc2273,bde00681-ebfc-ef38-4f6e-4906a012de6b,May-26,14895,155,96,31,2976,1295.199999999997,11.5,2026-05-31 16:14:13.067744+00,00000000-0000-0000-0000-000000000001,null
b92861e5-3a8c-42ed-9998-58272e5564e6,de7f679b-bf62-4045-85fe-869ccbc63750,c2ff0c11-4d1b-7b9b-b93c-aa37c9b6c40b,May-26,10912,186,59,31,1829,948.7999999999993,11.5,2026-06-03 05:19:01.100282+00,00000000-0000-0000-0000-000000000001,null
2221ede5-c724-40fb-b47a-cb5df01334be,81c25986-4e3f-4628-ac13-01982282ba04,86ad1ceb-8d81-a926-d998-3a2f1cafba06,May-26,10746,154,70,31,2170,934.4000000000015,11.5,2026-06-04 06:40:52.218158+00,00000000-0000-0000-0000-000000000001,null
2363c808-cfe5-4f20-a0f7-eef1bd68e244,2b95eb32-436b-461d-8dff-4ce7d45f69ed,ffbd5fe0-d9b3-cb55-cfd7-2d72a3498109,Jun-26,7487,121,62,3,186,651,11.5,2026-06-30 10:33:57.387475+00,00000000-0000-0000-0000-000000000001,null
fb550327-6e0d-418b-8026-0ec2b81b9593,ede71c47-8321-49b7-93ca-b0c4c7687848,ffbd5fe0-d9b3-cb55-cfd7-2d72a3498109,Jun-26,7487,121,62,3,186,651,11.5,2026-06-30 10:33:57.387475+00,00000000-0000-0000-0000-000000000001,null
972db458-596d-4355-b5af-71fbd56850bb,230268ae-232b-479b-8590-d8ab6c46c605,bde00681-ebfc-ef38-4f6e-4906a012de6b,Jun-26,15652,138,113,11,1243,1361,11.5,2026-06-30 10:33:57.387475+00,00000000-0000-0000-0000-000000000001,null
b1358583-2df6-4b28-9643-52b47c9c4017,e68f6f41-f93f-4191-80f8-b15dd36f0d4c,79853a4a-cb02-508c-e041-7e23378aec9c,Jun-26,14980,236,63,18,1134,1302.5999999999985,11.5,2026-06-30 10:33:57.387475+00,00000000-0000-0000-0000-000000000001,null
08ee0096-9860-46e9-b0b7-a22c11d32170,6557c3ff-a05b-4069-9b65-d7e44ffb9f19,bc7f358d-0d6d-f95f-ff80-9089eefdef69,Jun-26,15381,95,162,18,2916,1337.4000000000015,11.5,2026-06-30 10:33:57.387475+00,00000000-0000-0000-0000-000000000001,null
946a238b-bcc2-4aee-a42f-8d795692be96,cebbcf06-6913-4515-b500-828e8620ee9f,9d5d0096-0b78-a663-1142-be871dfa2bda,Jun-26,11695,145,81,21,1701,1016.9000000000015,11.5,2026-06-30 10:33:57.387475+00,00000000-0000-0000-0000-000000000001,null
683dad5c-6cda-4ba2-8e7f-1528bab06a92,b78c13ee-71d9-45ce-b5dd-6dff51e62cc6,dd96a329-ec95-e96a-1348-69d976f39cd4,Jun-26,14473,236,61,25,1525,1258.5,11.5,2026-06-30 10:33:57.387475+00,00000000-0000-0000-0000-000000000001,null
56c53a70-4803-4116-83ad-50f1b023d02b,fd95f6c5-75c1-44f6-80b4-4a8f916112ae,dc4adc21-f501-0573-2e9a-d7bbbc89e5d6,Jun-26,10704,148,72,28,2016,930.6999999999971,11.5,2026-06-30 10:33:57.387475+00,00000000-0000-0000-0000-000000000001,null
1232e8c9-1079-4ba0-92c2-1a9a63bf7be8,eee31e5d-c04a-41ce-a7a2-5bca3f183dbf,233cca0e-efcf-e631-d2fc-9997a6ba5706,Jun-26,11575,150,77,30,2310,1006.5,11.5,2026-06-30 10:33:57.387475+00,00000000-0000-0000-0000-000000000001,null
e375197e-301c-42d6-acf0-fe25cc030773,59d6ee22-3d09-4d51-b5f2-39d409d36379,fb5cedd6-2992-1c62-7fba-4a7a6b43b2ff,Jun-26,11128,151,74,30,2220,967.6000000000022,11.5,2026-06-30 10:33:57.387475+00,00000000-0000-0000-0000-000000000001,null
d5fb40b7-e26e-411f-a6b3-5c253f413314,22da353d-1375-45d6-b4a9-0835e39b2685,79853a4a-cb02-508c-e041-7e23378aec9c,Jun-26,14980,236,63,2,126,1302.5999999999985,11.5,2026-06-30 10:33:57.387475+00,00000000-0000-0000-0000-000000000001,null
6704c4e5-8990-400b-80d0-1863be3fe25c,fc2e2aaf-beef-42cd-b3b7-d49ef5b03957,85292340-826d-52c1-65c7-7f2a9eb2c2c4,Jun-26,14371,180,80,30,2400,1249.5999999999913,11.5,2026-06-30 10:33:57.387475+00,00000000-0000-0000-0000-000000000001,null
f50c1aad-9196-42f7-9128-04d821b9cb55,419275a9-a44c-4377-a341-65de39ccbcfb,85292340-826d-52c1-65c7-7f2a9eb2c2c4,Jun-26,14371,180,80,30,2400,1249.5999999999913,11.5,2026-06-30 10:33:57.387475+00,00000000-0000-0000-0000-000000000001,null
8a244c7a-d5c5-49b9-a495-4fcb8af6f35a,ea869205-6218-4ec4-87b3-2e8f6b5d3122,49ed1c8e-3653-c89b-ec74-16d8e20bb923,Jun-26,9788,150,65,30,1950,851.0999999999985,11.5,2026-06-30 10:33:57.387475+00,00000000-0000-0000-0000-000000000001,null
7f52c187-8970-4e70-948c-fea7d6c77882,4ab4df80-87c8-4497-aece-9b3306c9315d,1b4d1066-8fe4-199b-7b3b-39e4bded9714,Jun-26,16684,180,93,30,2790,1450.7000000000007,11.5,2026-06-30 10:33:57.387475+00,00000000-0000-0000-0000-000000000001,null
b0403337-5fe7-467f-9cb9-9784ff469540,5c7fa873-7b1f-48d0-9298-8115015fc2e7,dd96a329-ec95-e96a-1348-69d976f39cd4,Jun-26,14473,236,61,30,1830,1258.5,11.5,2026-06-30 10:33:57.387475+00,00000000-0000-0000-0000-000000000001,null
98f19ba2-dcf7-4fe7-a352-ea0a7780ae97,c99b0eab-ebdb-4125-a278-f9e4617db90b,85292340-826d-52c1-65c7-7f2a9eb2c2c4,Jun-26,14371,180,80,30,2400,1249.5999999999913,11.5,2026-06-30 10:33:57.387475+00,00000000-0000-0000-0000-000000000001,null
ff9727ff-f8dc-413d-8945-6d2312fdfc1f,162758ad-a556-4dcc-9a78-cc1f3ba105be,03edc7c5-4c46-b55e-523d-9fb7be29910b,Jun-26,17463,180,97,30,2910,1518.5,11.5,2026-06-30 10:33:57.387475+00,00000000-0000-0000-0000-000000000001,null
d9f64adc-5264-4956-87ba-9716eb43dd20,365734db-4a35-41ab-b3e0-1feaca9b41b7,fb5cedd6-2992-1c62-7fba-4a7a6b43b2ff,Jun-26,11128,151,74,30,2220,967.6000000000022,11.5,2026-06-30 10:33:57.387475+00,00000000-0000-0000-0000-000000000001,null
4b5ca298-a8db-4b0d-a0cb-0f9f77f14328,3c2947f9-9dee-4285-8aa8-6011ca8a8677,bc7f358d-0d6d-f95f-ff80-9089eefdef69,Jun-26,15381,95,162,30,4860,1337.4000000000015,11.5,2026-06-30 10:33:57.387475+00,00000000-0000-0000-0000-000000000001,null
8af6a88a-da56-419b-89d9-aad6138595b6,a4ebd39e-aaca-4a07-be4e-9af1d70da082,5d204545-2f72-b89b-3190-a826b5ab6512,Jun-26,6416,150,43,30,1290,557.9000000000015,11.5,2026-06-30 10:33:57.387475+00,00000000-0000-0000-0000-000000000001,null
fc7d2e05-1f77-41f8-bf2c-aebb9d575a32,f7beb16b-7933-4344-9baa-677167327859,9d5d0096-0b78-a663-1142-be871dfa2bda,Jun-26,11695,145,81,30,2430,1016.9000000000015,11.5,2026-06-30 10:33:57.387475+00,00000000-0000-0000-0000-000000000001,null
ac8bf158-ec03-4330-b3ad-9733f6b41ef1,d909fe8f-b444-400d-b521-06e2a936f4a4,c17c5093-48b7-139f-ebfc-1cd33ef5179c,Jun-26,8164,150,54,30,1620,709.9000000000015,11.5,2026-06-30 10:33:57.387475+00,00000000-0000-0000-0000-000000000001,null
366996dc-0fed-4c89-b01b-9820e84bd087,35a3fef1-a6da-4183-a385-29d69812c22c,9d5d0096-0b78-a663-1142-be871dfa2bda,Jun-26,11695,145,81,30,2430,1016.9000000000015,11.5,2026-06-30 10:33:57.387475+00,00000000-0000-0000-0000-000000000001,null
08a3e3e9-e8c6-4b59-a27c-867271dd43a7,128bcb60-130f-4e5f-a609-c93d6f5625e9,9d5d0096-0b78-a663-1142-be871dfa2bda,Jun-26,11695,145,81,30,2430,1016.9000000000015,11.5,2026-06-30 10:33:57.387475+00,00000000-0000-0000-0000-000000000001,null
9783af5a-115f-40dd-ae48-62cdf2387974,4a094588-ca5f-4e23-85e2-be50ffe62755,dd96a329-ec95-e96a-1348-69d976f39cd4,Jun-26,14473,236,61,30,1830,1258.5,11.5,2026-06-30 10:33:57.387475+00,00000000-0000-0000-0000-000000000001,null
37ccb9c7-96a6-462e-88ea-08164a79222b,fc8daa11-ba97-4f62-9bd4-c10961808f33,0a839c14-2a88-9896-c2f2-8d51fe610405,Jun-26,13115,180,73,30,2190,1140.4000000000015,11.5,2026-06-30 10:33:57.387475+00,00000000-0000-0000-0000-000000000001,null
8a15e6ae-44db-4bc8-b7a0-a256809ea955,bd475b86-c462-4e94-b677-8caebb7752d0,188aee4d-68e0-1ddb-38e6-a946bc75072d,Jun-26,7003,133,53,30,1590,608.8999999999996,11.5,2026-06-30 10:33:57.387475+00,00000000-0000-0000-0000-000000000001,null
21003ea0-97fb-4b08-9b32-e56cff469e49,d4bae020-64de-44b8-bc91-6eba14b0b2c0,aa73cade-c28c-dc5b-5980-55801ea0d415,Jun-26,10623,150,71,30,2130,923.7000000000044,11.5,2026-06-30 10:33:57.387475+00,00000000-0000-0000-0000-000000000001,null
5be44f3b-27ab-420c-803b-024d3431dbd9,7c290a13-6669-452f-afe6-2270f106cc0d,aa73cade-c28c-dc5b-5980-55801ea0d415,Jun-26,10623,150,71,30,2130,923.7000000000044,11.5,2026-06-30 10:33:57.387475+00,00000000-0000-0000-0000-000000000001,null
2303b97e-8ddf-462e-bde0-88636e583d76,a8b7587a-847b-4295-9f47-3aafe14fffe2,dd96a329-ec95-e96a-1348-69d976f39cd4,Jun-26,14473,236,61,30,1830,1258.5,11.5,2026-06-30 10:33:57.387475+00,00000000-0000-0000-0000-000000000001,null
e3e6c53d-be28-4e15-b7e6-f9b52a87763f,c3ebdcbf-8211-470b-baba-c82c51a3d89b,dd96a329-ec95-e96a-1348-69d976f39cd4,Jun-26,14473,236,61,30,1830,1258.5,11.5,2026-06-30 10:33:57.387475+00,00000000-0000-0000-0000-000000000001,null
04ef30c9-0d3d-4424-9bf5-f2f73e15ff6d,126e9cf2-126e-448e-b837-18b0ad5ef21c,03edc7c5-4c46-b55e-523d-9fb7be29910b,Jun-26,17463,180,97,30,2910,1518.5,11.5,2026-06-30 10:33:57.387475+00,00000000-0000-0000-0000-000000000001,null
16e0d9b5-e37c-471e-bad2-92c786d1e431,788883e4-2b9f-457a-a732-7061cc073cf3,85292340-826d-52c1-65c7-7f2a9eb2c2c4,Jun-26,14371,180,80,30,2400,1249.5999999999913,11.5,2026-06-30 10:33:57.387475+00,00000000-0000-0000-0000-000000000001,null
5b4fce72-79bd-4573-bbcb-77c03e1a1486,e681a022-f32c-4968-9f77-f517bc90bd41,5d204545-2f72-b89b-3190-a826b5ab6512,Jun-26,6416,150,43,30,1290,557.9000000000015,11.5,2026-06-30 10:33:57.387475+00,00000000-0000-0000-0000-000000000001,null
fdc1eb0b-8d45-4fbd-a65c-8d657151da9f,00d6cfa5-9e1a-4ca9-b6e1-30591e8e7ee0,86ad1ceb-8d81-a926-d998-3a2f1cafba06,Jun-26,11484,125,92,30,2760,998.5999999999985,11.5,2026-06-30 10:33:57.387475+00,00000000-0000-0000-0000-000000000001,null
576d8aab-aac0-4f8d-a993-b63871396bee,fe4e12fe-1dd3-41e1-a426-9c08669e3cfd,1b4d1066-8fe4-199b-7b3b-39e4bded9714,Jun-26,16684,180,93,30,2790,1450.7000000000007,11.5,2026-06-30 10:33:57.387475+00,00000000-0000-0000-0000-000000000001,null
944bcfaa-7933-4386-be94-fa60fd5d3107,4e07c437-c4d9-4e62-bce4-8a7c23a92ac1,fad74a92-8e64-787e-38c3-8ebdb9db6511,Jun-26,1886,30,63,30,1890,164,11.5,2026-06-30 10:33:57.387475+00,00000000-0000-0000-0000-000000000001,null
57328cd6-7d19-44ac-b62f-d3ba4b153210,83bcc104-0343-4d81-a667-6b31c90f5a00,0a839c14-2a88-9896-c2f2-8d51fe610405,Jun-26,13115,180,73,30,2190,1140.4000000000015,11.5,2026-06-30 10:33:57.387475+00,00000000-0000-0000-0000-000000000001,null
0f639ffb-9349-4c59-a361-f1c10f6efe75,14ba8cc2-8ec2-4728-8024-b94bffa93d41,417c9738-a0f7-5a00-1091-37a9fd083dd6,Jun-26,11575,150,77,30,2310,1006.5,11.5,2026-06-30 10:33:57.387475+00,00000000-0000-0000-0000-000000000001,null
7fee2b34-76d1-4b7b-ac59-430055bd2ab2,0004220d-3a6a-40eb-9b75-83a26f5f2eb5,b0d4d2c8-f6ee-bc16-ffd7-fc33c8db8571,Jun-26,12521,150,83,30,2490,1088.7000000000007,11.5,2026-06-30 10:33:57.387475+00,00000000-0000-0000-0000-000000000001,null
5b548d67-9b96-4ed2-9a14-c064e36fadf5,ba5ef25b-a1e2-4704-b359-99cee682b97c,77c3a6fd-4651-d880-29aa-abd19c8324df,Jun-26,9206,180,51,30,1530,800.5,11.5,2026-06-30 10:33:57.387475+00,00000000-0000-0000-0000-000000000001,null
8aa6079e-6183-4950-957e-9010adeb85f6,6919c9e3-f589-42a2-ba7e-65a8a58622c6,49ed1c8e-3653-c89b-ec74-16d8e20bb923,Jun-26,9788,150,65,30,1950,851.0999999999985,11.5,2026-06-30 10:33:57.387475+00,00000000-0000-0000-0000-000000000001,null
c5e56111-42e6-45bd-9995-bd1dfef2afc3,465c6588-5810-424a-96f5-ee45d6e4e914,fb5cedd6-2992-1c62-7fba-4a7a6b43b2ff,Jun-26,11128,151,74,30,2220,967.6000000000022,11.5,2026-06-30 10:33:57.387475+00,00000000-0000-0000-0000-000000000001,null
16422ee8-934e-4fc6-af66-7964acd57ded,ea87fd56-9363-426a-8696-78c611273720,233cca0e-efcf-e631-d2fc-9997a6ba5706,Jun-26,11575,150,77,30,2310,1006.5,11.5,2026-06-30 10:33:57.387475+00,00000000-0000-0000-0000-000000000001,null
1b6bc131-4253-48ee-807f-2bde97eab578,ac00279b-99d6-4b81-ad6b-ce01b2cdddf5,bde00681-ebfc-ef38-4f6e-4906a012de6b,Jun-26,15652,138,113,30,3390,1361,11.5,2026-06-30 10:33:57.387475+00,00000000-0000-0000-0000-000000000001,null
3667a03a-4585-4166-9a79-67dca1437da1,8559730f-18d6-4366-99b5-73771fd98c90,b0d4d2c8-f6ee-bc16-ffd7-fc33c8db8571,Jun-26,12521,150,83,30,2490,1088.7000000000007,11.5,2026-06-30 10:33:57.387475+00,00000000-0000-0000-0000-000000000001,null
7964ba7d-e671-4706-8272-9cf8e5b85037,a2e31bfc-e9ec-4eb1-87ce-ec88606d608d,a361bd0d-c2c1-2aee-6303-d65de004edd0,Jun-26,12808,180,71,30,2130,1113.699999999997,11.5,2026-06-30 10:33:57.387475+00,00000000-0000-0000-0000-000000000001,null
95e6723b-edf4-434d-858c-c11f2641c341,7a29db7a-8a5c-4b02-a0ae-27e02ef123fe,77c3a6fd-4651-d880-29aa-abd19c8324df,Jun-26,9206,180,51,30,1530,800.5,11.5,2026-06-30 10:33:57.387475+00,00000000-0000-0000-0000-000000000001,null
07a5ee80-af7b-4a03-ad08-85355e47341b,9897872c-ef28-4174-a368-c56257a0f24c,1b4d1066-8fe4-199b-7b3b-39e4bded9714,Jun-26,16684,180,93,30,2790,1450.7000000000007,11.5,2026-06-30 10:33:57.387475+00,00000000-0000-0000-0000-000000000001,null
0e38d602-60ea-46ef-8b36-714aae1cf8c3,7225bfdd-2a7f-43d1-90a3-ed1234bb54d9,10c6863d-07c3-4fc4-94f9-6adc29157ce1,Jun-26,9235,169,55,30,1650,803,11.5,2026-06-30 10:33:57.387475+00,00000000-0000-0000-0000-000000000001,null
54c8dd41-9189-427f-8d8f-a1bb8041e232,56906135-a62d-4d42-a1e7-ad65d307a83f,aa73cade-c28c-dc5b-5980-55801ea0d415,Jun-26,10623,150,71,30,2130,923.7000000000044,11.5,2026-06-30 10:33:57.387475+00,00000000-0000-0000-0000-000000000001,null
c7ef8c13-0b71-4018-a18c-f66faf2874e9,32f00025-0af1-45cc-9194-923f4c38dc9f,a361bd0d-c2c1-2aee-6303-d65de004edd0,Jun-26,12808,180,71,30,2130,1113.699999999997,11.5,2026-06-30 10:33:57.387475+00,00000000-0000-0000-0000-000000000001,null
8e63034a-2a38-4ea2-a326-a67808c4ccc3,c31bc39b-65c7-41c6-a78b-0ff96670e2a5,dd96a329-ec95-e96a-1348-69d976f39cd4,Jun-26,14473,236,61,30,1830,1258.5,11.5,2026-06-30 10:33:57.387475+00,00000000-0000-0000-0000-000000000001,null
3cdcc2ca-a17f-4354-8ba3-9ee887bc0d91,83390700-5061-4783-b0ae-400d3df8658d,c17c5093-48b7-139f-ebfc-1cd33ef5179c,Jun-26,8164,150,54,30,1620,709.9000000000015,11.5,2026-06-30 10:33:57.387475+00,00000000-0000-0000-0000-000000000001,null
e6ba2651-3a84-4e6c-80b9-147a4c9bf0bc,c0850206-9cd5-4f91-ac16-c12a799fb1e1,990e8a3e-a69c-7b31-f606-3eeb21e3d4c6,Jun-26,7834,150,52,30,1560,681.1999999999971,11.5,2026-06-30 10:33:57.387475+00,00000000-0000-0000-0000-000000000001,null
98550979-d9cd-4467-b09a-027ac5d85b2f,431ff227-f2dc-40d1-9d6f-805121b9353a,10c6863d-07c3-4fc4-94f9-6adc29157ce1,Jun-26,9235,169,55,30,1650,803,11.5,2026-06-30 10:33:57.387475+00,00000000-0000-0000-0000-000000000001,null
ea116911-7f46-4183-8aa2-d4493f40ae6e,454187b9-2c17-4ece-8eeb-02b8353df2f6,a361bd0d-c2c1-2aee-6303-d65de004edd0,Jun-26,12808,180,71,30,2130,1113.699999999997,11.5,2026-06-30 10:33:57.387475+00,00000000-0000-0000-0000-000000000001,null
4455c5bf-2c5e-4d21-8ccc-2f32a47e6149,2c31a8b4-3662-4c4a-b5a7-c4b36b43a8d5,0a839c14-2a88-9896-c2f2-8d51fe610405,Jun-26,13115,180,73,30,2190,1140.4000000000015,11.5,2026-06-30 10:33:57.387475+00,00000000-0000-0000-0000-000000000001,null
2c399467-48ee-4b89-9e68-2e0e40387cff,0f0bf387-a2cd-4f2f-91b0-8e8645621db2,82b270bf-e567-2deb-5ef3-495baafd7645,Jun-26,7060,150,47,30,1410,613.8999999999978,11.5,2026-06-30 10:33:57.387475+00,00000000-0000-0000-0000-000000000001,null
c14cb77e-8227-4334-ba44-02646ccac16a,b5b00661-8214-40d1-ada2-59bde8932f31,a361bd0d-c2c1-2aee-6303-d65de004edd0,Jun-26,12808,180,71,30,2130,1113.699999999997,11.5,2026-06-30 10:33:57.387475+00,00000000-0000-0000-0000-000000000001,null
9082c885-a0b2-4fbc-8472-68c05ba99c36,dc80e992-bb4f-4c5c-9e82-379072713119,0a839c14-2a88-9896-c2f2-8d51fe610405,Jun-26,13115,180,73,30,2190,1140.4000000000015,11.5,2026-06-30 10:33:57.387475+00,00000000-0000-0000-0000-000000000001,null
32761e07-71e1-4186-8495-3546a878ce30,45157ffd-6e9a-4603-8b7f-0aee19dd6596,c17c5093-48b7-139f-ebfc-1cd33ef5179c,Jun-26,8164,150,54,30,1620,709.9000000000015,11.5,2026-06-30 10:33:57.387475+00,00000000-0000-0000-0000-000000000001,null
a3ef84e9-8091-468f-abf3-d53cc8caced5,d3ff5ae7-b384-4c33-a871-b80bf1cb3e58,aa73cade-c28c-dc5b-5980-55801ea0d415,Jun-26,10623,150,71,30,2130,923.7000000000044,11.5,2026-06-30 10:33:57.387475+00,00000000-0000-0000-0000-000000000001,null
96f4ab03-4520-47b9-ac10-9801fb07fb3b,382c72d0-0c44-41e8-9ddd-e7ff5bd1c00e,77c3a6fd-4651-d880-29aa-abd19c8324df,Jun-26,9206,180,51,30,1530,800.5,11.5,2026-06-30 10:33:57.387475+00,00000000-0000-0000-0000-000000000001,null
8f5ced4c-8077-422c-b65d-03d979b51442,eed77448-ce76-4445-aacf-23c504a78770,323c0dff-be56-f6ee-f053-ee37de806dea,Jun-26,11344,150,76,30,2280,986.4000000000015,11.5,2026-06-30 10:33:57.387475+00,00000000-0000-0000-0000-000000000001,null
31175de8-d9f1-43a2-9d2f-ad3914525ced,a79bb0c1-d838-4d40-b298-f63301222b10,77c3a6fd-4651-d880-29aa-abd19c8324df,Jun-26,9206,180,51,30,1530,800.5,11.5,2026-06-30 10:33:57.387475+00,00000000-0000-0000-0000-000000000001,null
e0510646-47d7-49e2-b85b-8c14255c9563,11334e0e-3a8a-48c0-8cfc-a051309a7f64,b0d4d2c8-f6ee-bc16-ffd7-fc33c8db8571,Jun-26,12521,150,83,30,2490,1088.7000000000007,11.5,2026-06-30 10:33:57.387475+00,00000000-0000-0000-0000-000000000001,null
c8c53a6a-5b54-4ad5-b651-fdf0842d98aa,380f2aec-7072-48a5-8b6b-ec98b35be06c,77c3a6fd-4651-d880-29aa-abd19c8324df,Jun-26,9206,180,51,30,1530,800.5,11.5,2026-06-30 10:33:57.387475+00,00000000-0000-0000-0000-000000000001,null
42719928-2e10-4f45-90fa-488e4692444f,b65d5536-03b2-4018-b3cd-0b5dd7ba19e7,49ed1c8e-3653-c89b-ec74-16d8e20bb923,Jun-26,9788,150,65,30,1950,851.0999999999985,11.5,2026-06-30 10:33:57.387475+00,00000000-0000-0000-0000-000000000001,null
66bcc9c8-a8be-4e2f-92a6-8dbba066858f,335c758a-a82e-48b9-9c9c-f5b9b1f953f5,8767525e-d22f-a295-bc29-ba104fdc589a,Jun-26,2273,120,19,30,570,197.60000000000218,11.5,2026-06-30 10:33:57.387475+00,00000000-0000-0000-0000-000000000001,null
d7973608-2c93-42a1-8e62-b86b7dd6b647,61ac2af7-4382-4463-b35b-ad8634fd1619,9d5d0096-0b78-a663-1142-be871dfa2bda,Jun-26,11695,145,81,30,2430,1016.9000000000015,11.5,2026-06-30 10:33:57.387475+00,00000000-0000-0000-0000-000000000001,null
17ed963f-94e6-40e1-9be6-4fe67c184c17,b630cb6e-027d-41e9-85bf-9ec754f36954,990e8a3e-a69c-7b31-f606-3eeb21e3d4c6,Jun-26,7834,150,52,30,1560,681.1999999999971,11.5,2026-06-30 10:33:57.387475+00,00000000-0000-0000-0000-000000000001,null
a07c67cb-9da7-4ee1-bc90-965dbac1e2c9,9cb076b7-87dd-48f7-b9fc-7a9b618e0612,49ed1c8e-3653-c89b-ec74-16d8e20bb923,Jun-26,9788,150,65,30,1950,851.0999999999985,11.5,2026-06-30 10:33:57.387475+00,00000000-0000-0000-0000-000000000001,null
5e2aa540-5d62-45e7-abf8-d9093cce0ae6,74ddb608-947c-4258-82c5-f7b5ca8b89a0,03edc7c5-4c46-b55e-523d-9fb7be29910b,Jun-26,17463,180,97,30,2910,1518.5,11.5,2026-06-30 10:33:57.387475+00,00000000-0000-0000-0000-000000000001,null
792ce801-3ea5-418f-97d1-331907c06067,fe05c569-fd27-4731-94f4-c0bc540f9b38,323c0dff-be56-f6ee-f053-ee37de806dea,Jun-26,11344,150,76,30,2280,986.4000000000015,11.5,2026-06-30 10:33:57.387475+00,00000000-0000-0000-0000-000000000001,null
6a175191-e454-443b-bc7a-4cfdaa64335b,cf933365-c52c-4f3c-88e1-ffc62b4f9bd6,188aee4d-68e0-1ddb-38e6-a946bc75072d,Jun-26,7003,133,53,30,1590,608.8999999999996,11.5,2026-06-30 10:33:57.387475+00,00000000-0000-0000-0000-000000000001,null
640981f7-5410-4413-8793-dc30a2fcaf05,480f7184-bdde-47d6-bd14-7207a4266bc3,79853a4a-cb02-508c-e041-7e23378aec9c,Jun-26,14980,236,63,30,1890,1302.5999999999985,11.5,2026-06-30 10:33:57.387475+00,00000000-0000-0000-0000-000000000001,null
3e3e1202-f2fc-4aa0-895c-833aa44b04b4,dbba8021-562e-46d6-acd1-ea34bd8481fd,233cca0e-efcf-e631-d2fc-9997a6ba5706,Jun-26,11575,150,77,30,2310,1006.5,11.5,2026-06-30 10:33:57.387475+00,00000000-0000-0000-0000-000000000001,null
bddc0b29-0091-41f4-8810-56697e64331f,8285171f-22c5-447f-9c7c-4b00267c1159,ffbd5fe0-d9b3-cb55-cfd7-2d72a3498109,Jun-26,7487,121,62,30,1860,651,11.5,2026-06-30 10:33:57.387475+00,00000000-0000-0000-0000-000000000001,null
fe6131c0-90bc-4e08-b9c4-74d9977aefc1,34bb8bfa-04a3-4c6c-862d-802d6007abe5,ffbd5fe0-d9b3-cb55-cfd7-2d72a3498109,Jun-26,7487,121,62,30,1860,651,11.5,2026-06-30 10:33:57.387475+00,00000000-0000-0000-0000-000000000001,null
b1cd63d9-82a4-4f0a-8d06-7a34bb33dd50,412ab910-8074-4c52-83fc-5ec66cc845b1,a361bd0d-c2c1-2aee-6303-d65de004edd0,Jun-26,12808,180,71,30,2130,1113.699999999997,11.5,2026-06-30 10:33:57.387475+00,00000000-0000-0000-0000-000000000001,null
b519caa9-839d-4a91-ab06-706a3393d524,3fa6f134-7bf0-4c45-ae60-31e218a290c2,c2ff0c11-4d1b-7b9b-b93c-aa37c9b6c40b,Jun-26,11037,180,61,30,1830,959.7000000000007,11.5,2026-06-30 10:33:57.387475+00,00000000-0000-0000-0000-000000000001,null
38cc868b-b20f-41b8-a2f3-6c5bb41c76ec,83946230-9e45-42e7-ae72-6abb6465a64b,82b270bf-e567-2deb-5ef3-495baafd7645,Jun-26,7060,150,47,30,1410,613.8999999999978,11.5,2026-06-30 10:33:57.387475+00,00000000-0000-0000-0000-000000000001,null
ebd9dbeb-e711-4b52-89f6-a077807963f0,816c48dc-337d-43bf-b888-1f3d7c8cc02a,ffbd5fe0-d9b3-cb55-cfd7-2d72a3498109,Jun-26,7487,121,62,30,1860,651,11.5,2026-06-30 10:33:57.387475+00,00000000-0000-0000-0000-000000000001,null
78dab260-2488-45d4-97c4-a1dc5000d495,14102a99-b8ae-462a-b93f-80156274bd8d,0a839c14-2a88-9896-c2f2-8d51fe610405,Jun-26,13115,180,73,30,2190,1140.4000000000015,11.5,2026-06-30 10:33:57.387475+00,00000000-0000-0000-0000-000000000001,null
175b5981-6673-4b7d-87db-d6dd35809ecf,2d537f17-1600-4343-894d-55e52a0b7a2a,79853a4a-cb02-508c-e041-7e23378aec9c,Jun-26,14980,236,63,30,1890,1302.5999999999985,11.5,2026-06-30 10:33:57.387475+00,00000000-0000-0000-0000-000000000001,null
2382f72a-224b-4407-b515-d4f41ee55241,e86ad0d4-c8d9-4c93-ab65-49a6da0dfd27,c17c5093-48b7-139f-ebfc-1cd33ef5179c,Jun-26,8164,150,54,30,1620,709.9000000000015,11.5,2026-06-30 10:33:57.387475+00,00000000-0000-0000-0000-000000000001,null
bd42a116-01aa-423d-815e-e57022d929d0,0d30c337-1686-4d57-81d3-f3afe3879e8e,2fc42a4f-fe5a-ae08-0e4e-2c89ca71db85,Jun-26,12694,156,81,30,2430,1103.800000000003,11.5,2026-06-30 10:33:57.387475+00,00000000-0000-0000-0000-000000000001,null
cbb88707-f2ff-4c12-9b60-05b4474ee1a4,ca93778b-4719-4ea1-a302-ee04e64df637,0a839c14-2a88-9896-c2f2-8d51fe610405,Jun-26,13115,180,73,30,2190,1140.4000000000015,11.5,2026-06-30 10:33:57.387475+00,00000000-0000-0000-0000-000000000001,null
92462dd2-f9e8-4a10-833b-9985460bbb44,a929eb7a-8d83-4376-a556-b7b540ddf009,b0d4d2c8-f6ee-bc16-ffd7-fc33c8db8571,Jun-26,12521,150,83,30,2490,1088.7000000000007,11.5,2026-06-30 10:33:57.387475+00,00000000-0000-0000-0000-000000000001,null
ab04b371-84c1-4207-88d0-9f414635accb,189448e8-4b4b-4dd4-9df8-3b06e52406a0,574de174-c7bb-bc11-f282-cff2aa2501c5,Jun-26,5279,150,35,30,1050,459,11.5,2026-06-30 10:33:57.387475+00,00000000-0000-0000-0000-000000000001,null
05bd13d2-32c6-44f5-887d-a1d47453de7e,1c89281f-fe72-4d24-9377-c7352a74a479,dc4adc21-f501-0573-2e9a-d7bbbc89e5d6,Jun-26,10704,148,72,30,2160,930.6999999999971,11.5,2026-06-30 10:33:57.387475+00,00000000-0000-0000-0000-000000000001,null
eb506e5c-e3ed-43a0-bdc8-ca5d262a9fc3,b0267afb-5d62-4b05-869d-a5f2d96c55c3,c2ff0c11-4d1b-7b9b-b93c-aa37c9b6c40b,Jun-26,11037,180,61,30,1830,959.7000000000007,11.5,2026-06-30 10:33:57.387475+00,00000000-0000-0000-0000-000000000001,null
a351981a-89eb-44d7-8eea-b1fbca718757,fb35f43a-054f-4c8c-b5b5-88e5f4ead4fd,188aee4d-68e0-1ddb-38e6-a946bc75072d,Jun-26,7003,133,53,30,1590,608.8999999999996,11.5,2026-06-30 10:33:57.387475+00,00000000-0000-0000-0000-000000000001,null
01d30384-0c85-4880-8a78-9e046e96c001,6c5834ad-4561-40e0-b838-bf62f461285e,03edc7c5-4c46-b55e-523d-9fb7be29910b,Jun-26,17463,180,97,30,2910,1518.5,11.5,2026-06-30 10:33:57.387475+00,00000000-0000-0000-0000-000000000001,null
cabcd0be-7876-4cfd-a549-349909812a7c,9e2b581f-84bd-4449-ba3e-4be4f243fdd0,188aee4d-68e0-1ddb-38e6-a946bc75072d,Jun-26,7003,133,53,30,1590,608.8999999999996,11.5,2026-06-30 10:33:57.387475+00,00000000-0000-0000-0000-000000000001,null
477e864f-a673-4f1d-aa70-da23b2be57e3,059fd274-5fb8-4eea-abb8-9606977f5c0a,574de174-c7bb-bc11-f282-cff2aa2501c5,Jun-26,5279,150,35,30,1050,459,11.5,2026-06-30 10:33:57.387475+00,00000000-0000-0000-0000-000000000001,null
6f980961-03af-4531-97ec-fd459819e4ef,3182fe56-55ad-4e91-8525-03a673f0f7c6,2fc42a4f-fe5a-ae08-0e4e-2c89ca71db85,Jun-26,12694,156,81,30,2430,1103.800000000003,11.5,2026-06-30 10:33:57.387475+00,00000000-0000-0000-0000-000000000001,null
69112dbf-830e-4de0-b99a-761e0ed513c0,601c8d51-5697-4706-a4b6-75c701fdfa95,dd96a329-ec95-e96a-1348-69d976f39cd4,Jun-26,14473,236,61,30,1830,1258.5,11.5,2026-06-30 10:33:57.387475+00,00000000-0000-0000-0000-000000000001,null
2d6b0256-73af-45c4-8bd3-ad21f2e50b33,4ae4414e-d014-4a9b-8df9-6c3f732758d9,03edc7c5-4c46-b55e-523d-9fb7be29910b,Jun-26,17463,180,97,30,2910,1518.5,11.5,2026-06-30 10:33:57.387475+00,00000000-0000-0000-0000-000000000001,null
25f45cb6-8179-4933-8017-0d453796041d,a9a3ee42-864c-4ccc-b462-654cee5ebebc,79853a4a-cb02-508c-e041-7e23378aec9c,Jun-26,14980,236,63,30,1890,1302.5999999999985,11.5,2026-06-30 10:33:57.387475+00,00000000-0000-0000-0000-000000000001,null
d91e086d-718f-4712-9982-c3a53b46f6da,34b61bad-d90d-4b16-b05c-be1105dbb12b,a361bd0d-c2c1-2aee-6303-d65de004edd0,Jun-26,12808,180,71,30,2130,1113.699999999997,11.5,2026-06-30 10:33:57.387475+00,00000000-0000-0000-0000-000000000001,null
8017890e-8be7-4a3d-a4a6-7fe96b789b60,faf6ebf8-7d81-413a-a907-7b44902a23b8,8767525e-d22f-a295-bc29-ba104fdc589a,Jun-26,2273,120,19,30,570,197.60000000000218,11.5,2026-06-30 10:33:57.387475+00,00000000-0000-0000-0000-000000000001,null
ac072b75-888f-4ecc-aef1-25b030bf02ff,f0342d57-2d7a-4f46-9899-b5da852ed01b,574de174-c7bb-bc11-f282-cff2aa2501c5,Jun-26,5279,150,35,30,1050,459,11.5,2026-06-30 10:33:57.387475+00,00000000-0000-0000-0000-000000000001,null
f4b9b3a1-a0ba-4786-8ff1-5fc95f05a8f2,09ac49f2-0a26-4246-873d-f469c76be3a0,c17c5093-48b7-139f-ebfc-1cd33ef5179c,Jun-26,8164,150,54,30,1620,709.9000000000015,11.5,2026-06-30 10:33:57.387475+00,00000000-0000-0000-0000-000000000001,null
6b4718d3-ec7d-41d6-89a2-88722e021951,3f16046f-d0f0-49b2-80e8-a5dd6cd71b56,323c0dff-be56-f6ee-f053-ee37de806dea,Jun-26,11344,150,76,30,2280,986.4000000000015,11.5,2026-06-30 10:33:57.387475+00,00000000-0000-0000-0000-000000000001,null
2ff2d8fa-f0c8-4818-9688-cac315c5f6dd,ed0c6dc3-6e4d-4ba1-9c9a-b34f358e490c,233cca0e-efcf-e631-d2fc-9997a6ba5706,Jun-26,11575,150,77,30,2310,1006.5,11.5,2026-06-30 10:33:57.387475+00,00000000-0000-0000-0000-000000000001,null
d4905e45-063f-4958-95d8-c5ff909ac3ce,14703d78-7701-485e-9eb4-c0357d4e92b6,79853a4a-cb02-508c-e041-7e23378aec9c,Jun-26,14980,236,63,30,1890,1302.5999999999985,11.5,2026-06-30 10:33:57.387475+00,00000000-0000-0000-0000-000000000001,null
8fa9415c-3a73-46f4-97bb-21e59683198f,df089a8c-4777-446b-a107-25d47067496d,85292340-826d-52c1-65c7-7f2a9eb2c2c4,Jun-26,14371,180,80,30,2400,1249.5999999999913,11.5,2026-06-30 10:33:57.387475+00,00000000-0000-0000-0000-000000000001,null
691ae55e-cdf6-4536-b6e7-fa5b1fb11845,eec6ec9b-716a-4885-bcdf-3107ec930418,417c9738-a0f7-5a00-1091-37a9fd083dd6,Jun-26,11575,150,77,30,2310,1006.5,11.5,2026-06-30 10:33:57.387475+00,00000000-0000-0000-0000-000000000001,null
3a33b954-c13f-4722-a823-58e31bb77262,f16853a2-ef8d-407d-a050-991dffac7b8b,bde00681-ebfc-ef38-4f6e-4906a012de6b,Jun-26,15652,138,113,22,2486,1361,11.5,2026-06-30 10:33:57.387475+00,00000000-0000-0000-0000-000000000001,null
e579aa21-fbae-4a7a-bdfe-583b4e27984c,8d0f08d4-4487-4702-b557-bdcb0e442107,8767525e-d22f-a295-bc29-ba104fdc589a,Jun-26,2273,120,19,30,570,197.60000000000218,11.5,2026-06-30 10:33:57.387475+00,00000000-0000-0000-0000-000000000001,null
df129496-4398-49ff-9c60-69b9b1d25ff0,e392bde4-937f-499e-b70d-fca5b37f0c15,77c3a6fd-4651-d880-29aa-abd19c8324df,Jun-26,9206,180,51,30,1530,800.5,11.5,2026-06-30 10:33:57.387475+00,00000000-0000-0000-0000-000000000001,null
5bd48729-aded-468b-8b67-2f3ab74c3683,e061f83d-1e91-4c4a-95a6-247934cb9e01,86ad1ceb-8d81-a926-d998-3a2f1cafba06,Jun-26,11484,125,92,30,2760,998.5999999999985,11.5,2026-06-30 10:33:57.387475+00,00000000-0000-0000-0000-000000000001,null
c9699908-2345-4c72-a06d-a77bdf733472,e315ce7d-3931-4303-8e27-b185656728d4,574de174-c7bb-bc11-f282-cff2aa2501c5,Jun-26,5279,150,35,30,1050,459,11.5,2026-06-30 10:33:57.387475+00,00000000-0000-0000-0000-000000000001,null
6d6706cc-cb2c-44a1-81f2-b16db1f126de,d9bdde32-41d8-426d-b9fa-ca5d8d6f0772,03edc7c5-4c46-b55e-523d-9fb7be29910b,Jun-26,17463,180,97,30,2910,1518.5,11.5,2026-06-30 10:33:57.387475+00,00000000-0000-0000-0000-000000000001,null
5d9a146c-d56a-48e7-a834-7c22948dd403,42834448-a916-4952-a258-511ae5ae7bfc,85292340-826d-52c1-65c7-7f2a9eb2c2c4,Jun-26,14371,180,80,30,2400,1249.5999999999913,11.5,2026-06-30 10:33:57.387475+00,00000000-0000-0000-0000-000000000001,null
732b51a1-d915-4b86-b2f9-b5d72f05edbc,745156ec-252b-4948-9c87-4f7b5b0ad514,82b270bf-e567-2deb-5ef3-495baafd7645,Jun-26,7060,150,47,30,1410,613.8999999999978,11.5,2026-06-30 10:33:57.387475+00,00000000-0000-0000-0000-000000000001,null
b502bf8c-5d52-4be7-b599-c5cdfa128176,dee55b8e-92dc-45fa-8761-73964a3d1290,86ad1ceb-8d81-a926-d998-3a2f1cafba06,Jun-26,11484,125,92,30,2760,998.5999999999985,11.5,2026-06-30 10:33:57.387475+00,00000000-0000-0000-0000-000000000001,null
7bd82fbd-dcba-4eb2-a502-fa65c2212f5e,2bfcbb33-afdb-40ef-9145-938e1cdf7caa,bc7f358d-0d6d-f95f-ff80-9089eefdef69,Jun-26,15381,95,162,30,4860,1337.4000000000015,11.5,2026-06-30 10:33:57.387475+00,00000000-0000-0000-0000-000000000001,null
07eee558-b2a8-43d3-9389-ad82c41b6b9d,055c0af8-b9f9-452b-ab66-b89b7f6c8706,aa73cade-c28c-dc5b-5980-55801ea0d415,Jun-26,10623,150,71,30,2130,923.7000000000044,11.5,2026-06-30 10:33:57.387475+00,00000000-0000-0000-0000-000000000001,null
a3334bcb-c677-4d59-a4be-c1da381d4524,60e4ba8d-40ad-467f-b7e0-f0107c57ce04,c2ff0c11-4d1b-7b9b-b93c-aa37c9b6c40b,Jun-26,11037,180,61,30,1830,959.7000000000007,11.5,2026-06-30 10:33:57.387475+00,00000000-0000-0000-0000-000000000001,null
578b58a1-01e6-4cd7-a815-147e29a0213b,c94633eb-ee77-41a9-94c8-277dfc5e6d32,dc4adc21-f501-0573-2e9a-d7bbbc89e5d6,Jun-26,10704,148,72,30,2160,930.6999999999971,11.5,2026-06-30 10:33:57.387475+00,00000000-0000-0000-0000-000000000001,null
ff58f8fd-108f-4fe7-9acf-07145d86b956,d003c2f2-97cf-405f-a1dc-2c2040627739,574de174-c7bb-bc11-f282-cff2aa2501c5,Jun-26,5279,150,35,30,1050,459,11.5,2026-06-30 10:33:57.387475+00,00000000-0000-0000-0000-000000000001,null
f453d5cb-83ad-4b8b-aed4-6917de509ead,f59896f9-4995-4125-896d-c4fea0c5b3d8,c2ff0c11-4d1b-7b9b-b93c-aa37c9b6c40b,Jun-26,11037,180,61,30,1830,959.7000000000007,11.5,2026-06-30 10:33:57.387475+00,00000000-0000-0000-0000-000000000001,null
43c7ede1-d63f-4624-a7da-b1fbeb8a1c3c,5b271316-d14f-4851-adf0-10fc2d08a908,dc4adc21-f501-0573-2e9a-d7bbbc89e5d6,Jun-26,10704,148,72,30,2160,930.6999999999971,11.5,2026-06-30 10:33:57.387475+00,00000000-0000-0000-0000-000000000001,null
caee9444-100c-419a-a020-fa2e7fab7482,e01e5c53-4892-4c72-9f12-45d57a7ba7eb,c2ff0c11-4d1b-7b9b-b93c-aa37c9b6c40b,Jun-26,11037,180,61,30,1830,959.7000000000007,11.5,2026-06-30 10:33:57.387475+00,00000000-0000-0000-0000-000000000001,null
ac18d82b-f0d6-4d48-bf7d-c035c791b528,327a3759-faae-402d-ae5b-636537bfe44c,417c9738-a0f7-5a00-1091-37a9fd083dd6,Jun-26,11575,150,77,30,2310,1006.5,11.5,2026-06-30 10:33:57.387475+00,00000000-0000-0000-0000-000000000001,null
017ff60e-41cd-4249-8ae8-27bd876e6417,d3885d06-fc43-4bd0-afb0-85f5724f067c,1b4d1066-8fe4-199b-7b3b-39e4bded9714,Jun-26,16684,180,93,30,2790,1450.7000000000007,11.5,2026-06-30 10:33:57.387475+00,00000000-0000-0000-0000-000000000001,null
b4be4cc6-da8c-4cb4-a03b-eaa2cc364963,802462bc-c768-4a9e-a6a0-506141feaf2b,8767525e-d22f-a295-bc29-ba104fdc589a,Jun-26,2273,120,19,30,570,197.60000000000218,11.5,2026-06-30 10:33:57.387475+00,00000000-0000-0000-0000-000000000001,null
66a31e4d-9d75-44e2-8580-d3227621470a,c08221a0-7659-4ea7-9fca-ddf7593d4bf0,417c9738-a0f7-5a00-1091-37a9fd083dd6,Jun-26,11575,150,77,30,2310,1006.5,11.5,2026-06-30 10:33:57.387475+00,00000000-0000-0000-0000-000000000001,null
e4f628e5-3e05-4cec-85d4-2b3def7112eb,e8734846-e5fd-4446-aab6-6cdf61712176,49ed1c8e-3653-c89b-ec74-16d8e20bb923,Jun-26,9788,150,65,30,1950,851.0999999999985,11.5,2026-06-30 10:33:57.387475+00,00000000-0000-0000-0000-000000000001,null
5824a055-9c89-4bdb-a219-0c9afebd21ac,e817d9bc-ab36-4b4c-aae7-aec80e67a7fd,417c9738-a0f7-5a00-1091-37a9fd083dd6,Jun-26,11575,150,77,30,2310,1006.5,11.5,2026-06-30 10:33:57.387475+00,00000000-0000-0000-0000-000000000001,null
3eff37c7-3db4-4062-a537-6f310dcb01da,edf0fe35-98e7-4eee-82c5-9897d735e7b0,86ad1ceb-8d81-a926-d998-3a2f1cafba06,Jun-26,11484,125,92,30,2760,998.5999999999985,11.5,2026-06-30 10:33:57.387475+00,00000000-0000-0000-0000-000000000001,null
0032f9af-9da8-4f84-8831-ce56e80a252a,f1d1da75-0fc2-4506-9262-48dcfea0a391,c2ff0c11-4d1b-7b9b-b93c-aa37c9b6c40b,Jun-26,11037,180,61,30,1830,959.7000000000007,11.5,2026-06-30 10:33:57.387475+00,00000000-0000-0000-0000-000000000001,null
1981248c-aadf-48f8-85bc-23ec37167b7f,bd910d60-5506-4fe3-a2c3-ef36128938fa,10c6863d-07c3-4fc4-94f9-6adc29157ce1,Jun-26,9235,169,55,30,1650,803,11.5,2026-06-30 10:33:57.387475+00,00000000-0000-0000-0000-000000000001,null
828f1ddb-03a0-4079-b61e-347760ce95e3,fef5feb0-8261-4f13-b004-3eb33e148d39,b0d4d2c8-f6ee-bc16-ffd7-fc33c8db8571,Jun-26,12521,150,83,30,2490,1088.7000000000007,11.5,2026-06-30 10:33:57.387475+00,00000000-0000-0000-0000-000000000001,null
8d419622-9596-4f16-acd3-a1ec821287f1,e761a138-487c-48c2-a6b4-9d95eb133b1f,5d204545-2f72-b89b-3190-a826b5ab6512,Jun-26,6416,150,43,30,1290,557.9000000000015,11.5,2026-06-30 10:33:57.387475+00,00000000-0000-0000-0000-000000000001,null
aae95699-0631-4bda-9a6d-b1d3f1ede33e,e818a3c4-8e5b-4092-bc5c-2ace5a895e19,1b4d1066-8fe4-199b-7b3b-39e4bded9714,Jun-26,16684,180,93,30,2790,1450.7000000000007,11.5,2026-06-30 10:33:57.387475+00,00000000-0000-0000-0000-000000000001,null
1a5bf951-f32f-47e4-8be9-4ad2690f54f6,bd9bd10b-358f-4091-abeb-093d9c000172,2fc42a4f-fe5a-ae08-0e4e-2c89ca71db85,Jun-26,12694,156,81,30,2430,1103.800000000003,11.5,2026-06-30 10:33:57.387475+00,00000000-0000-0000-0000-000000000001,null
ac572b77-7300-45b7-8cf6-a7b55058d456,8222baed-94ea-4715-886b-bbbd58847c75,323c0dff-be56-f6ee-f053-ee37de806dea,Jun-26,11344,150,76,30,2280,986.4000000000015,11.5,2026-06-30 10:33:57.387475+00,00000000-0000-0000-0000-000000000001,null
3c5f9b4c-f0c2-442d-9d75-72c6932ee0f3,696fd58e-3afa-49f6-b476-f8bc04adb138,2fc42a4f-fe5a-ae08-0e4e-2c89ca71db85,Jun-26,12694,156,81,30,2430,1103.800000000003,11.5,2026-06-30 10:33:57.387475+00,00000000-0000-0000-0000-000000000001,null
afb98428-99c4-477f-9057-1dab1b2a612e,3319a544-a8a0-49f6-b8da-70876f3b271a,990e8a3e-a69c-7b31-f606-3eeb21e3d4c6,Jun-26,7834,150,52,30,1560,681.1999999999971,11.5,2026-06-30 10:33:57.387475+00,00000000-0000-0000-0000-000000000001,null
97e9c5d9-1857-44bf-bab0-03e4263437d2,5431286a-b4a8-457c-bc9f-61cd6b05103f,79853a4a-cb02-508c-e041-7e23378aec9c,Jun-26,14980,236,63,30,1890,1302.5999999999985,11.5,2026-06-30 10:33:57.387475+00,00000000-0000-0000-0000-000000000001,null
da3953bf-fcbe-4bb2-b200-0ecd6818415f,342ec4d7-0887-4410-bb28-72eef2dded2a,fb5cedd6-2992-1c62-7fba-4a7a6b43b2ff,Jun-26,11128,151,74,30,2220,967.6000000000022,11.5,2026-06-30 10:33:57.387475+00,00000000-0000-0000-0000-000000000001,null
4cb61179-1121-43ac-95c2-c7fab0686225,adec2cf2-d06c-44ab-9c93-f7f5fe621627,fb5cedd6-2992-1c62-7fba-4a7a6b43b2ff,Jun-26,11128,151,74,30,2220,967.6000000000022,11.5,2026-06-30 10:33:57.387475+00,00000000-0000-0000-0000-000000000001,null
8f2a5bab-4458-43eb-bbae-54b504338b2d,3dad052b-6262-42a7-a5bf-01271baa684a,323c0dff-be56-f6ee-f053-ee37de806dea,Jun-26,11344,150,76,30,2280,986.4000000000015,11.5,2026-06-30 10:33:57.387475+00,00000000-0000-0000-0000-000000000001,null
6321fc37-704f-4003-af88-c8a931decaa5,f181ed01-c904-4f95-b725-31a7dc51f568,990e8a3e-a69c-7b31-f606-3eeb21e3d4c6,Jun-26,7834,150,52,30,1560,681.1999999999971,11.5,2026-06-30 10:33:57.387475+00,00000000-0000-0000-0000-000000000001,null
5199904e-12dc-41c6-b156-96331e6911c7,add1d48c-26a9-4f22-bba6-6e40e76d0776,5d204545-2f72-b89b-3190-a826b5ab6512,Jun-26,6416,150,43,30,1290,557.9000000000015,11.5,2026-06-30 10:33:57.387475+00,00000000-0000-0000-0000-000000000001,null
ad237bc9-b85b-41fe-8772-19c49f82c9bd,c151428f-57d7-40e4-8a43-27fade29d96c,5d204545-2f72-b89b-3190-a826b5ab6512,Jun-26,6416,150,43,30,1290,557.9000000000015,11.5,2026-06-30 10:33:57.387475+00,00000000-0000-0000-0000-000000000001,null
5cf284c3-9168-4eed-b3ca-84239e2fd394,fc6e6155-fdab-460a-a6b1-c4db781754d1,10c6863d-07c3-4fc4-94f9-6adc29157ce1,Jun-26,9235,169,55,30,1650,803,11.5,2026-06-30 10:33:57.387475+00,00000000-0000-0000-0000-000000000001,null
5f3afb56-bfaa-4e69-a12a-a462ae3fc685,f055c25e-8172-4aca-af41-31d58925c66c,bde00681-ebfc-ef38-4f6e-4906a012de6b,Jun-26,15652,138,113,30,3390,1361,11.5,2026-06-30 10:33:57.387475+00,00000000-0000-0000-0000-000000000001,null
0c7505e6-8ad8-4a73-9ac4-47bbf8737aab,0cb659ed-dbfd-40f5-a9fd-54f9e2ca9b8e,82b270bf-e567-2deb-5ef3-495baafd7645,Jun-26,7060,150,47,30,1410,613.8999999999978,11.5,2026-06-30 10:33:57.387475+00,00000000-0000-0000-0000-000000000001,null
8f70420b-3eee-4f2e-9895-91e44ecf47d4,b3a62fdc-9b38-4076-8c3b-3d27e3241ffb,82b270bf-e567-2deb-5ef3-495baafd7645,Jun-26,7060,150,47,30,1410,613.8999999999978,11.5,2026-06-30 10:33:57.387475+00,00000000-0000-0000-0000-000000000001,null
35ec2a12-0563-4008-9c5d-3a98059a8465,1a2e4cfc-8517-4346-8168-b1f61823eac8,211a2b33-4e94-3da1-7d97-406bc26036f5,Jun-26,7382,124,60,30,1800,641.8999999999996,11.5,2026-06-30 11:15:18.481403+00,00000000-0000-0000-0000-000000000001,null
ec085961-469a-4d02-9978-70665392eec6,d6ebadee-ca10-4d96-850a-fec0d54c6e66,211a2b33-4e94-3da1-7d97-406bc26036f5,Jun-26,7382,124,60,4,240,641.8999999999996,11.5,2026-06-30 11:15:18.481403+00,00000000-0000-0000-0000-000000000001,null
27206efc-d59d-4e43-8635-d5eb5e96b4ef,7ff5ed0a-5db2-4037-9b6b-32faad4891bd,211a2b33-4e94-3da1-7d97-406bc26036f5,Jun-26,7382,124,60,30,1800,641.8999999999996,11.5,2026-06-30 11:15:18.481403+00,00000000-0000-0000-0000-000000000001,null
dcfb7c43-b1e6-448d-a2b4-2530a9f0d2ef,943c602c-3e5b-4f63-a327-88335320a4cc,211a2b33-4e94-3da1-7d97-406bc26036f5,Jun-26,7382,124,60,30,1800,641.8999999999996,11.5,2026-06-30 11:15:18.481403+00,00000000-0000-0000-0000-000000000001,null
64c66bc3-d8ea-41a6-b9ba-f020dd382db7,22b5c76d-308b-4fef-83aa-7e6bfca612c1,211a2b33-4e94-3da1-7d97-406bc26036f5,Jun-26,7382,124,60,30,1800,641.8999999999996,11.5,2026-06-30 11:15:18.481403+00,00000000-0000-0000-0000-000000000001,null
eec148f0-6690-4b91-b9b0-178af4bbbab6,ff3bdedb-15e2-4ffc-bcd7-4b141709c9f7,d2298bb8-a5e5-735a-c8ca-9b18c7daacd6,May-26,9678,120,81,31,2511,841.5,11.5,2026-06-30 11:39:47.488434+00,00000000-0000-0000-0000-000000000001,null
eeae9976-90e9-4783-a53b-0503a7304382,66d620df-bcae-4509-8210-86ca97bc641a,d2298bb8-a5e5-735a-c8ca-9b18c7daacd6,May-26,9678,120,81,31,2511,841.5,11.5,2026-06-30 11:39:47.488434+00,00000000-0000-0000-0000-000000000001,null
0bc803db-27c1-4acc-a732-1ff769564c20,3a64f026-d39e-4d21-8fea-501ba8cc8934,d2298bb8-a5e5-735a-c8ca-9b18c7daacd6,May-26,9678,120,81,4,324,841.5,11.5,2026-06-30 11:39:47.488434+00,00000000-0000-0000-0000-000000000001,null
d77a99f1-1101-48c6-8c04-ab37b33ae8f4,f9deb464-3d09-4d7f-9661-4429296c011c,d2298bb8-a5e5-735a-c8ca-9b18c7daacd6,May-26,9678,120,81,31,2511,841.5,11.5,2026-06-30 11:39:47.488434+00,00000000-0000-0000-0000-000000000001,null
51df8c70-9c19-47cc-8f13-4fde0acd79bf,233d16b2-2a6e-42d2-be1d-c59ce5c48769,d2298bb8-a5e5-735a-c8ca-9b18c7daacd6,Jun-26,12535,138,91,23,2093,1090,11.5,2026-06-30 11:40:47.471839+00,00000000-0000-0000-0000-000000000001,null
a2b940ce-b24b-441e-8178-3ff9161a9c5c,068da225-2fa2-43bb-b02a-ecbcee03ce01,d2298bb8-a5e5-735a-c8ca-9b18c7daacd6,Jun-26,12535,138,91,30,2730,1090,11.5,2026-06-30 11:40:47.471839+00,00000000-0000-0000-0000-000000000001,null
f4cb8f5c-c46a-4f8c-9609-e93f89a85d48,b7b49070-ba19-4b7a-9d06-34b13aa8c2ef,d2298bb8-a5e5-735a-c8ca-9b18c7daacd6,Jun-26,12535,138,91,30,2730,1090,11.5,2026-06-30 11:40:47.471839+00,00000000-0000-0000-0000-000000000001,null
22950908-9d97-4bd9-877f-2902e4be864e,c8aa7c85-777f-4308-9df3-ed937c8a90e8,d2298bb8-a5e5-735a-c8ca-9b18c7daacd6,Jun-26,12535,138,91,25,2275,1090,11.5,2026-06-30 11:40:47.471839+00,00000000-0000-0000-0000-000000000001,null
0b415db0-230d-4f77-90b9-c0004ee86cb2,e350da71-d30a-430d-963c-df9455611345,d2298bb8-a5e5-735a-c8ca-9b18c7daacd6,Jun-26,12535,138,91,30,2730,1090,11.5,2026-06-30 11:40:47.471839+00,00000000-0000-0000-0000-000000000001,null
ccfea0f8-dd94-4c53-bd06-0796a4fe8110,04559784-422e-4c06-a158-0161d1fac1d4,9d5d0096-0b78-a663-1142-be871dfa2bda,Jul-26,14359,147,98,4,392,1248.5999999999985,11.5,2026-07-31 10:10:24.368587+00,00000000-0000-0000-0000-000000000001,null
5f506e76-dc6e-48ba-9671-f5c108e4e1bf,56a9f5e2-22a0-4679-a5ce-1afdfdbb9d37,9d5d0096-0b78-a663-1142-be871dfa2bda,Jul-26,14359,147,98,4,392,1248.5999999999985,11.5,2026-07-31 10:10:24.368587+00,00000000-0000-0000-0000-000000000001,null
896afbdb-5f0c-456d-8f94-4f71ed4523a8,0b28c63a-d7ba-4590-ac1f-59e03610e3a7,990e8a3e-a69c-7b31-f606-3eeb21e3d4c6,Jul-26,7643,128,60,4,240,664.5999999999985,11.5,2026-07-31 10:10:24.368587+00,00000000-0000-0000-0000-000000000001,null
33fed95d-8288-46b5-93fc-6449642cbee2,8296aa87-3968-41d0-bcea-acbfa9978e17,417c9738-a0f7-5a00-1091-37a9fd083dd6,Jul-26,10791,139,78,8,624,938.3000000000029,11.5,2026-07-31 10:10:24.368587+00,00000000-0000-0000-0000-000000000001,null
4b746432-3484-4e9c-b333-6cf1c04eaae8,4fc255f7-c9a0-47d3-a6f0-c41c13ecabde,1b4d1066-8fe4-199b-7b3b-39e4bded9714,Jul-26,14794,165,90,9,810,1286.3999999999978,11.5,2026-07-31 10:10:24.368587+00,00000000-0000-0000-0000-000000000001,null
879525a7-6218-4ebf-964a-220ff09c1081,789b74e5-31d9-4254-9bf7-6a29a2d2a781,188aee4d-68e0-1ddb-38e6-a946bc75072d,Jul-26,6796,129,53,5,265,590.9000000000005,11.5,2026-07-31 10:10:24.368587+00,00000000-0000-0000-0000-000000000001,null
e7f63331-ff06-4ae7-85f4-9b1837550e92,ad32ad44-283a-4200-a248-66201410d026,85292340-826d-52c1-65c7-7f2a9eb2c2c4,Jul-26,13687,167,82,10,820,1190.1000000000058,11.5,2026-07-31 10:10:24.368587+00,00000000-0000-0000-0000-000000000001,null
33fe515a-b4ee-43da-90a2-d996bf1e4bd1,73a2d6d5-fd85-41cd-97a8-737849e45112,85292340-826d-52c1-65c7-7f2a9eb2c2c4,Jul-26,13687,167,82,10,820,1190.1000000000058,11.5,2026-07-31 10:10:24.368587+00,00000000-0000-0000-0000-000000000001,null
e9cc7eee-4cb3-47b9-b48c-42972ac1e72e,08921217-7532-401a-a55c-1cac4e325d16,5d204545-2f72-b89b-3190-a826b5ab6512,Jul-26,6575,142,46,9,414,571.6999999999971,11.5,2026-07-31 10:10:24.368587+00,00000000-0000-0000-0000-000000000001,null
d1b90344-a37c-4028-970f-b0f65ca319fd,e368be74-8564-42c9-97cf-bffc5396c201,b0875d50-a469-821b-57c3-03ac62809198,Jul-26,8050,135,60,11,660,700,11.5,2026-07-31 10:10:24.368587+00,00000000-0000-0000-0000-000000000001,null
0821fa6c-fec1-4287-99c2-58379a33d6b1,77d514a1-60a1-4fda-9cd8-2d8284637c1a,2fc42a4f-fe5a-ae08-0e4e-2c89ca71db85,Jul-26,10309,164,63,13,819,896.4000000000015,11.5,2026-07-31 10:10:24.368587+00,00000000-0000-0000-0000-000000000001,null
bdb01907-5bb4-4a23-b727-9d596dc09d1c,787e6508-7e07-449a-813a-a6dd6b944b60,b0d4d2c8-f6ee-bc16-ffd7-fc33c8db8571,Jul-26,10984,154,71,15,1065,955.0999999999985,11.5,2026-07-31 10:10:24.368587+00,00000000-0000-0000-0000-000000000001,null
2412f146-0509-486d-835b-5467b6f86b0c,4f9dbbfe-3580-43b0-bb94-d2ba7a52bd09,1b4d1066-8fe4-199b-7b3b-39e4bded9714,Jul-26,14794,165,90,15,1350,1286.3999999999978,11.5,2026-07-31 10:10:24.368587+00,00000000-0000-0000-0000-000000000001,null
1009543f-21ef-4152-91a9-f6b42207242f,28e403ee-cbdf-4b7c-b1c7-46079e4deb54,bc7f358d-0d6d-f95f-ff80-9089eefdef69,Jul-26,19624,162,121,13,1573,1706.4000000000015,11.5,2026-07-31 10:10:24.368587+00,00000000-0000-0000-0000-000000000001,null
7df455f8-94be-4ee1-8a31-dd05b835da61,3ade7b7d-2ede-4bdf-8bf7-e8980121c098,323c0dff-be56-f6ee-f053-ee37de806dea,Jul-26,10908,149,73,19,1387,948.5,11.5,2026-07-31 10:10:24.368587+00,00000000-0000-0000-0000-000000000001,null
10f0a6ee-b84c-4ae5-b46b-97a820c50039,b31cfa22-6582-4f99-95b5-55e5bb0ffdd8,77c3a6fd-4651-d880-29aa-abd19c8324df,Jul-26,8192,177,46,10,460,712.3000000000029,11.5,2026-07-31 10:10:24.368587+00,00000000-0000-0000-0000-000000000001,null
aec4fb26-5580-495f-b729-5b0a730faa44,b8bae329-57c5-4f46-83ce-de6999d8288b,bc7f358d-0d6d-f95f-ff80-9089eefdef69,Jul-26,19624,162,121,26,3146,1706.4000000000015,11.5,2026-07-31 10:10:24.368587+00,00000000-0000-0000-0000-000000000001,null
af63c024-10f1-4f9f-9a04-4e41571f898c,406883b3-4c81-434e-bf3e-55d26d001904,b0875d50-a469-821b-57c3-03ac62809198,Jul-26,8050,135,60,31,1860,700,11.5,2026-07-31 10:10:24.368587+00,00000000-0000-0000-0000-000000000001,null
9b5d9a03-e117-4cc8-ab36-518a9b09e7bf,698d6164-ccb6-48f9-9704-3efafc4973de,9d5d0096-0b78-a663-1142-be871dfa2bda,Jul-26,14359,147,98,31,3038,1248.5999999999985,11.5,2026-07-31 10:10:24.368587+00,00000000-0000-0000-0000-000000000001,null
5693ebb8-6de6-4dcd-8148-4db5f0ad1a70,0ef36ab3-87d7-443b-be1d-aa08439f014d,b0875d50-a469-821b-57c3-03ac62809198,Jul-26,8050,135,60,31,1860,700,11.5,2026-07-31 10:10:24.368587+00,00000000-0000-0000-0000-000000000001,null
cceb255c-6669-456f-bfc6-47105afcb17c,c1c9af7d-8b61-46f1-a530-c8f262aa2016,bde00681-ebfc-ef38-4f6e-4906a012de6b,Jul-26,16670,146,114,31,3534,1449.5,11.5,2026-07-31 10:10:24.368587+00,00000000-0000-0000-0000-000000000001,null
3b8e93d1-7ae0-4fb3-98d3-ddc6b9ce440f,eb4d04f2-ed87-4f26-b968-b0afaf4ce1b8,b0875d50-a469-821b-57c3-03ac62809198,Jul-26,8050,135,60,31,1860,700,11.5,2026-07-31 10:10:24.368587+00,00000000-0000-0000-0000-000000000001,null
8a06a946-3ce6-4d74-9576-bc98054fbdf4,ea31a70a-12b4-4cd0-a415-2930c2c46f62,b0875d50-a469-821b-57c3-03ac62809198,Jul-26,8050,135,60,31,1860,700,11.5,2026-07-31 10:10:24.368587+00,00000000-0000-0000-0000-000000000001,null
e2ac3a88-c605-4a2f-aeff-82dbc13e60a9,815bdc85-91a0-4df9-a218-1a6c75483b06,79853a4a-cb02-508c-e041-7e23378aec9c,Jul-26,16877,253,67,18,1206,1467.5,11.5,2026-07-31 10:10:24.368587+00,00000000-0000-0000-0000-000000000001,null
07d0510c-0ba6-469c-9088-b99ac323acc8,06fb2812-95e0-47c9-b077-2b43add28db7,ffbd5fe0-d9b3-cb55-cfd7-2d72a3498109,Jul-26,10357,139,75,31,2325,900.6000000000058,11.5,2026-07-31 10:10:24.368587+00,00000000-0000-0000-0000-000000000001,null
00649988-a879-4238-a47a-4f13efcba858,f0c8e4ea-c3eb-47cc-bd1f-49a8b10185c3,ffbd5fe0-d9b3-cb55-cfd7-2d72a3498109,Jul-26,10357,139,75,31,2325,900.6000000000058,11.5,2026-07-31 10:10:24.368587+00,00000000-0000-0000-0000-000000000001,null
4cbd192e-1149-455d-9fca-f61f8a4e2892,cc009640-75b1-4eba-94da-dcfcb2922128,86ad1ceb-8d81-a926-d998-3a2f1cafba06,Jul-26,13040,155,84,31,2604,1133.9000000000015,11.5,2026-07-31 10:10:24.368587+00,00000000-0000-0000-0000-000000000001,null
7dc13859-46c3-4848-a825-0f40a634fa70,3832fc96-fc13-477c-8382-81d6e7e1ff0b,bde00681-ebfc-ef38-4f6e-4906a012de6b,Jul-26,16670,146,114,31,3534,1449.5,11.5,2026-07-31 10:10:24.368587+00,00000000-0000-0000-0000-000000000001,null
f374bd09-db46-495a-8dd3-0cd9ebdcd458,00b1c9e6-5a39-443e-9070-7e37c3ee20c0,79853a4a-cb02-508c-e041-7e23378aec9c,Jul-26,16877,253,67,31,2077,1467.5,11.5,2026-07-31 10:10:24.368587+00,00000000-0000-0000-0000-000000000001,null
5f272a27-68a3-4876-a767-1615064634a8,c04a91cd-5104-47db-951e-f6328b8ae1df,188aee4d-68e0-1ddb-38e6-a946bc75072d,Jul-26,6796,129,53,31,1643,590.9000000000005,11.5,2026-07-31 10:10:24.368587+00,00000000-0000-0000-0000-000000000001,null
84fc0a9d-903d-42ba-a6a1-c7fa664ce408,0eada564-2538-4c74-b279-45375a147280,79853a4a-cb02-508c-e041-7e23378aec9c,Jul-26,16877,253,67,31,2077,1467.5,11.5,2026-07-31 10:10:24.368587+00,00000000-0000-0000-0000-000000000001,null
467d7d66-6a38-48dc-a651-ea0e5dc5fc6d,a9ee45d3-8ae3-4d29-a70f-1e577ad3e06f,d2298bb8-a5e5-735a-c8ca-9b18c7daacd6,Jul-26,9337,124,75,31,2325,811.9000000000015,11.5,2026-07-31 10:10:24.368587+00,00000000-0000-0000-0000-000000000001,null
1496889d-33ca-481b-9c24-87901bc92a5d,5261f66b-df99-4c90-9b7c-5607e75cb162,dd96a329-ec95-e96a-1348-69d976f39cd4,Jul-26,16344,210,78,31,2418,1421.2000000000116,11.5,2026-07-31 10:10:24.368587+00,00000000-0000-0000-0000-000000000001,null
a90db893-99db-4b97-ab68-91f2873878d4,c4d2132c-2906-4243-9ff5-82dab3a04c5c,dc4adc21-f501-0573-2e9a-d7bbbc89e5d6,Jul-26,11874,145,82,31,2542,1032.5,11.5,2026-07-31 10:10:24.368587+00,00000000-0000-0000-0000-000000000001,null
19066e88-14c3-48b8-bf03-c84516b031c0,e884c8e6-1a7b-48f8-808a-39fff5ae3c5c,233cca0e-efcf-e631-d2fc-9997a6ba5706,Jul-26,11802,155,76,31,2356,1026.2000000000007,11.5,2026-07-31 10:10:24.368587+00,00000000-0000-0000-0000-000000000001,null
04e4cb11-06c4-4330-ad10-08832e7e3055,cdc8f6e8-8619-47f8-b975-0fad1034a978,fb5cedd6-2992-1c62-7fba-4a7a6b43b2ff,Jul-26,11772,155,76,31,2356,1023.5999999999985,11.5,2026-07-31 10:10:24.368587+00,00000000-0000-0000-0000-000000000001,null
15fa3fe1-b3e9-45e0-9b26-0d94e54ef889,d4ff2323-b116-4ec6-9b23-33656da01ef4,dd96a329-ec95-e96a-1348-69d976f39cd4,Jul-26,16344,210,78,31,2418,1421.2000000000116,11.5,2026-07-31 10:10:24.368587+00,00000000-0000-0000-0000-000000000001,null
0da140a5-9797-43ec-89ba-bb68d25cd1a0,f0e5358e-cade-4dd6-acad-fb8a15a4ef11,79853a4a-cb02-508c-e041-7e23378aec9c,Jul-26,16877,253,67,31,2077,1467.5,11.5,2026-07-31 10:10:24.368587+00,00000000-0000-0000-0000-000000000001,null
2ad2a88c-2109-4cff-977a-470b0fd0c8f8,463196f3-615d-4d2b-bc60-ab6b559a83a6,49ed1c8e-3653-c89b-ec74-16d8e20bb923,Jul-26,10623,155,69,31,2139,923.6999999999971,11.5,2026-07-31 10:10:24.368587+00,00000000-0000-0000-0000-000000000001,null
ae879b62-070d-4f23-9bc8-e30e51df8734,5154b116-6105-45dc-be0d-afcb9d9a9ce9,dd96a329-ec95-e96a-1348-69d976f39cd4,Jul-26,16344,210,78,31,2418,1421.2000000000116,11.5,2026-07-31 10:10:24.368587+00,00000000-0000-0000-0000-000000000001,null
e10d80dc-79e4-45bf-bb87-77cb6b0bc158,85c6ba63-0f90-4667-9eba-23933470bf94,03edc7c5-4c46-b55e-523d-9fb7be29910b,Jul-26,15343,175,88,31,2728,1334.0999999999985,11.5,2026-07-31 10:10:24.368587+00,00000000-0000-0000-0000-000000000001,null
a7d060b3-be44-4b3b-be04-8f2bce8793a7,1e53a483-0db9-4f6c-96ee-4703f9df0684,fb5cedd6-2992-1c62-7fba-4a7a6b43b2ff,Jul-26,11772,155,76,31,2356,1023.5999999999985,11.5,2026-07-31 10:10:24.368587+00,00000000-0000-0000-0000-000000000001,null
413cde03-a8c0-4a0a-b528-e02f1aaa1f44,41d9de4d-2574-4fc9-9390-81ca83798b37,5d204545-2f72-b89b-3190-a826b5ab6512,Jul-26,6575,142,46,31,1426,571.6999999999971,11.5,2026-07-31 10:10:24.368587+00,00000000-0000-0000-0000-000000000001,null
ee2ee685-ed56-4102-b1dd-153fd30269dd,6bd12adc-34ff-4ce5-9be1-63ef8e9e0532,c17c5093-48b7-139f-ebfc-1cd33ef5179c,Jul-26,9015,155,58,31,1798,783.8999999999978,11.5,2026-07-31 10:10:24.368587+00,00000000-0000-0000-0000-000000000001,null
4e065df1-872b-458e-a140-5a3493c82947,3a4b8f63-3afb-4711-be9d-081e65c68feb,dd96a329-ec95-e96a-1348-69d976f39cd4,Jul-26,16344,210,78,31,2418,1421.2000000000116,11.5,2026-07-31 10:10:24.368587+00,00000000-0000-0000-0000-000000000001,null
46431775-15a2-4d1a-b1ff-69a601da1e66,6d452c2e-ff91-472e-8398-397fd4f7e683,0a839c14-2a88-9896-c2f2-8d51fe610405,Jul-26,12389,184,67,31,2077,1077.2999999999956,11.5,2026-07-31 10:10:24.368587+00,00000000-0000-0000-0000-000000000001,null
d39fa37b-bc8c-44ab-8dae-21e32282e165,a919f954-532d-4330-b45c-a99590d2873c,85292340-826d-52c1-65c7-7f2a9eb2c2c4,Jul-26,13687,167,82,31,2542,1190.1000000000058,11.5,2026-07-31 10:10:24.368587+00,00000000-0000-0000-0000-000000000001,null
f9d4709e-545d-46bf-8171-cd7677a5b23d,af81c712-61e5-4033-9558-1bdc8cdd6e01,5d204545-2f72-b89b-3190-a826b5ab6512,Jul-26,6575,142,46,31,1426,571.6999999999971,11.5,2026-07-31 10:10:24.368587+00,00000000-0000-0000-0000-000000000001,null
e7892da7-e47c-4ca2-be67-1cbfbfe5c78a,1624416e-5fb3-408f-88d6-db2d5642f8f3,86ad1ceb-8d81-a926-d998-3a2f1cafba06,Jul-26,13040,155,84,31,2604,1133.9000000000015,11.5,2026-07-31 10:10:24.368587+00,00000000-0000-0000-0000-000000000001,null
63fa47cc-8467-463a-8f6b-211f7348c294,3a1fd8b9-37d6-498c-b263-0a7146b357b7,1b4d1066-8fe4-199b-7b3b-39e4bded9714,Jul-26,14794,165,90,31,2790,1286.3999999999978,11.5,2026-07-31 10:10:24.368587+00,00000000-0000-0000-0000-000000000001,null
d47c96c8-c52f-46d2-8068-da2ce6573885,a5653c5b-ce94-46d2-bffd-7aeda41f6258,bc7f358d-0d6d-f95f-ff80-9089eefdef69,Jul-26,19624,162,121,25,3025,1706.4000000000015,11.5,2026-07-31 10:10:24.368587+00,00000000-0000-0000-0000-000000000001,null
42fdb3ca-6dea-4eea-ada0-209e0edab82c,07e264f2-91ea-433c-9f96-790c4ac4e64b,bc7f358d-0d6d-f95f-ff80-9089eefdef69,Jul-26,19624,162,121,25,3025,1706.4000000000015,11.5,2026-07-31 10:10:24.368587+00,00000000-0000-0000-0000-000000000001,null
e4018f22-9f42-462d-a00e-70ac1b3be8ea,b8f7c5d7-1ef4-483a-b68c-9302613f09a4,fad74a92-8e64-787e-38c3-8ebdb9db6511,Jul-26,2414,31,78,31,2418,209.89999999999964,11.5,2026-07-31 10:10:24.368587+00,00000000-0000-0000-0000-000000000001,null
cec0cc4e-4daf-4f6e-a7c5-54d3d6f606e1,62559f7d-e441-4fbf-b403-70bfcfdd59a1,0a839c14-2a88-9896-c2f2-8d51fe610405,Jul-26,12389,184,67,31,2077,1077.2999999999956,11.5,2026-07-31 10:10:24.368587+00,00000000-0000-0000-0000-000000000001,null
4ee00944-c59b-4cdf-98db-a50778557fc1,431e1298-0f3e-4105-91e0-05bf8d46c547,b0d4d2c8-f6ee-bc16-ffd7-fc33c8db8571,Jul-26,10984,154,71,31,2201,955.0999999999985,11.5,2026-07-31 10:10:24.368587+00,00000000-0000-0000-0000-000000000001,null
3f496ab2-4a53-4812-b934-e884180f416e,8ffbf90c-25f1-40a3-8c5b-927be26b89f8,49ed1c8e-3653-c89b-ec74-16d8e20bb923,Jul-26,10623,155,69,31,2139,923.6999999999971,11.5,2026-07-31 10:10:24.368587+00,00000000-0000-0000-0000-000000000001,null
9058d697-a09a-4fb6-b19b-ce67bc7a8715,97a1bd8f-f8b5-4ec6-9083-1b31000c657c,fb5cedd6-2992-1c62-7fba-4a7a6b43b2ff,Jul-26,11772,155,76,31,2356,1023.5999999999985,11.5,2026-07-31 10:10:24.368587+00,00000000-0000-0000-0000-000000000001,null
bb8329c6-44bb-42f0-b6bf-d48edc15f25f,439deaef-96e3-45f5-b17c-9f5824f5ea15,233cca0e-efcf-e631-d2fc-9997a6ba5706,Jul-26,11802,155,76,31,2356,1026.2000000000007,11.5,2026-07-31 10:10:24.368587+00,00000000-0000-0000-0000-000000000001,null
f76eb603-23c9-4a8a-9b9f-d998db9b2cb6,92807ea0-6057-476f-9a13-eb18af0a8e68,bde00681-ebfc-ef38-4f6e-4906a012de6b,Jul-26,16670,146,114,31,3534,1449.5,11.5,2026-07-31 10:10:24.368587+00,00000000-0000-0000-0000-000000000001,null
7e725ce4-d63f-4f37-923d-6e6676145e1c,bda00ae0-464b-4e7a-8f69-f9c93800b761,b0d4d2c8-f6ee-bc16-ffd7-fc33c8db8571,Jul-26,10984,154,71,31,2201,955.0999999999985,11.5,2026-07-31 10:10:24.368587+00,00000000-0000-0000-0000-000000000001,null
334a402a-1581-498e-805a-8cb9fd5ab230,cd6f4c74-993a-4de5-bf0e-4bc78655c1c6,211a2b33-4e94-3da1-7d97-406bc26036f5,Jul-26,7421,150,49,26,1274,645.3000000000002,11.5,2026-07-31 10:10:24.368587+00,00000000-0000-0000-0000-000000000001,null
16940479-ecf2-4ddf-9664-2d620002633c,c875befb-e32c-4971-a493-9adfa5e722cf,10c6863d-07c3-4fc4-94f9-6adc29157ce1,Jul-26,8425,168,50,31,1550,732.5999999999985,11.5,2026-07-31 10:10:24.368587+00,00000000-0000-0000-0000-000000000001,null
cfa7ab2f-a952-4050-89e8-9c228820cb12,9bf0df1d-2539-4873-99b1-b5ac3bc52b22,aa73cade-c28c-dc5b-5980-55801ea0d415,Jul-26,7226,113,64,31,1984,628.2999999999956,11.5,2026-07-31 10:10:24.368587+00,00000000-0000-0000-0000-000000000001,null
bdcae3bd-d941-46ab-86d9-e2f510f28458,ebb2c140-6b1a-4842-b6b1-2525905057b0,a361bd0d-c2c1-2aee-6303-d65de004edd0,Jul-26,8545,173,49,31,1519,743,11.5,2026-07-31 10:10:24.368587+00,00000000-0000-0000-0000-000000000001,null
3af09897-4bfd-47f8-8798-57f69e0a0555,6ca9c9ef-acf2-4511-8a3a-7a1157a9fa5d,dd96a329-ec95-e96a-1348-69d976f39cd4,Jul-26,16344,210,78,31,2418,1421.2000000000116,11.5,2026-07-31 10:10:24.368587+00,00000000-0000-0000-0000-000000000001,null
9105cf91-3fcb-4a4f-89a8-fa12078da19b,a62aaf64-d00d-4f61-8c88-fcb7b26c60c8,c17c5093-48b7-139f-ebfc-1cd33ef5179c,Jul-26,9015,155,58,31,1798,783.8999999999978,11.5,2026-07-31 10:10:24.368587+00,00000000-0000-0000-0000-000000000001,null
f0b70cab-faf1-4d8a-82fe-50aaeca6b580,e607d174-3a31-443c-b1dd-c8ef3dd8c144,990e8a3e-a69c-7b31-f606-3eeb21e3d4c6,Jul-26,7643,128,60,31,1860,664.5999999999985,11.5,2026-07-31 10:10:24.368587+00,00000000-0000-0000-0000-000000000001,null
19ac61bf-aaf2-46f0-9d49-04ed279e3f7b,98fdacf3-4e28-43d4-982f-86240ff9dfac,77c3a6fd-4651-d880-29aa-abd19c8324df,Jul-26,8192,177,46,31,1426,712.3000000000029,11.5,2026-07-31 10:10:24.368587+00,00000000-0000-0000-0000-000000000001,null
cee98308-667e-4832-9279-9d18965f7ffd,d97d641d-900a-4f34-b9d9-7aa810734ef5,a361bd0d-c2c1-2aee-6303-d65de004edd0,Jul-26,8545,173,49,31,1519,743,11.5,2026-07-31 10:10:24.368587+00,00000000-0000-0000-0000-000000000001,null
5a0e5e9e-6034-4ad8-9a7e-6b36ce5657be,9e2b8c99-3fda-4486-bdad-495546144e75,211a2b33-4e94-3da1-7d97-406bc26036f5,Jul-26,7421,150,49,31,1519,645.3000000000002,11.5,2026-07-31 10:10:24.368587+00,00000000-0000-0000-0000-000000000001,null
5df29d9a-0484-4d1c-8a08-2ff3cc987053,40c30fe0-eb75-4528-9981-ccd5fc066991,211a2b33-4e94-3da1-7d97-406bc26036f5,Jul-26,7421,150,49,31,1519,645.3000000000002,11.5,2026-07-31 10:10:24.368587+00,00000000-0000-0000-0000-000000000001,null
702d4f08-50b0-47a3-af59-73707de42c43,038f556c-3b08-4a22-bd79-220201195d18,211a2b33-4e94-3da1-7d97-406bc26036f5,Jul-26,7421,150,49,31,1519,645.3000000000002,11.5,2026-07-31 10:10:24.368587+00,00000000-0000-0000-0000-000000000001,null
eb7b28d6-6e0e-4eda-a7fd-7e382a66f224,b905069a-8bec-44c6-ae8c-4dcddb5874bd,10c6863d-07c3-4fc4-94f9-6adc29157ce1,Jul-26,8425,168,50,31,1550,732.5999999999985,11.5,2026-07-31 10:10:24.368587+00,00000000-0000-0000-0000-000000000001,null
b601ff23-ad52-45ca-ab78-6e5b4efc086a,bc710f23-8fe3-46e0-9f96-dba820b452d7,82b270bf-e567-2deb-5ef3-495baafd7645,Jul-26,7327,155,47,31,1457,637.1000000000022,11.5,2026-07-31 10:10:24.368587+00,00000000-0000-0000-0000-000000000001,null
cd014b30-ae54-4eda-ac35-efacecec75a7,7caa5613-385a-4935-bc81-b2abe58c4d39,0a839c14-2a88-9896-c2f2-8d51fe610405,Jul-26,12389,184,67,31,2077,1077.2999999999956,11.5,2026-07-31 10:10:24.368587+00,00000000-0000-0000-0000-000000000001,null
aea08f4e-b1d5-46f2-a069-25a2dea0f3dc,93066ec2-cba5-4b0c-8a14-6e1b090f68f5,aa73cade-c28c-dc5b-5980-55801ea0d415,Jul-26,7226,113,64,31,1984,628.2999999999956,11.5,2026-07-31 10:10:24.368587+00,00000000-0000-0000-0000-000000000001,null
5ad7c745-88bb-4850-adf4-365c880a7a12,17df809a-e3c8-4660-a618-00fb718563aa,c17c5093-48b7-139f-ebfc-1cd33ef5179c,Jul-26,9015,155,58,31,1798,783.8999999999978,11.5,2026-07-31 10:10:24.368587+00,00000000-0000-0000-0000-000000000001,null
4c3436c8-1d68-4f4e-87b9-516faa921cf2,4544c17c-5b52-4717-9c80-be432a807d28,c2ff0c11-4d1b-7b9b-b93c-aa37c9b6c40b,Jul-26,12052,186,65,31,2015,1048,11.5,2026-07-31 10:10:24.368587+00,00000000-0000-0000-0000-000000000001,null
02e2ecbd-d634-4427-b437-da2fb6a2714a,5500d6f6-e9d2-42bd-bbd0-049971bea7bf,ffbd5fe0-d9b3-cb55-cfd7-2d72a3498109,Jul-26,10357,139,75,31,2325,900.6000000000058,11.5,2026-07-31 10:10:24.368587+00,00000000-0000-0000-0000-000000000001,null
c351ca10-4aac-4ca3-88b0-781874a1100b,59610567-0da4-42f8-b780-2aeaa05b2629,49ed1c8e-3653-c89b-ec74-16d8e20bb923,Jul-26,10623,155,69,31,2139,923.6999999999971,11.5,2026-07-31 10:10:24.368587+00,00000000-0000-0000-0000-000000000001,null
4aefcd63-5f28-411b-96c0-0d845934ff53,8dfed249-dd5f-461f-abb5-d1d519428ed3,a361bd0d-c2c1-2aee-6303-d65de004edd0,Jul-26,8545,173,49,31,1519,743,11.5,2026-07-31 10:10:24.368587+00,00000000-0000-0000-0000-000000000001,null
97740175-f4b1-421d-b6c1-b5813217e8dd,31162868-5769-409d-a653-e5b95d0fc1b9,77c3a6fd-4651-d880-29aa-abd19c8324df,Jul-26,8192,177,46,31,1426,712.3000000000029,11.5,2026-07-31 10:10:24.368587+00,00000000-0000-0000-0000-000000000001,null
9f38c8c1-efc3-485b-921a-c7d37a295725,0df4e4e5-62d0-4980-b31e-85270d2035c1,82b270bf-e567-2deb-5ef3-495baafd7645,Jul-26,7327,155,47,31,1457,637.1000000000022,11.5,2026-07-31 10:10:24.368587+00,00000000-0000-0000-0000-000000000001,null
346f4f64-b416-4205-891e-56d212b04082,cb11c3d2-3858-4dc0-9b68-ced16224d5cd,ffbd5fe0-d9b3-cb55-cfd7-2d72a3498109,Jul-26,10357,139,75,31,2325,900.6000000000058,11.5,2026-07-31 10:10:24.368587+00,00000000-0000-0000-0000-000000000001,null
ada8073c-53da-4edd-97d7-6a8956e09137,fe0d7474-dff6-4aaa-a402-178a1642ae88,49ed1c8e-3653-c89b-ec74-16d8e20bb923,Jul-26,10623,155,69,31,2139,923.6999999999971,11.5,2026-07-31 10:10:24.368587+00,00000000-0000-0000-0000-000000000001,null
3769f694-4b74-464e-9aa3-fb6beaff089d,4d8855ba-1d44-4205-8313-7ce66c5b90b8,03edc7c5-4c46-b55e-523d-9fb7be29910b,Jul-26,15343,175,88,31,2728,1334.0999999999985,11.5,2026-07-31 10:10:24.368587+00,00000000-0000-0000-0000-000000000001,null
ebb1a9c4-ffcd-4e59-a196-dd7c1d622b86,e6821015-3a40-4e78-baca-08c8c7a4ec8f,233cca0e-efcf-e631-d2fc-9997a6ba5706,Jul-26,11802,155,76,31,2356,1026.2000000000007,11.5,2026-07-31 10:10:24.368587+00,00000000-0000-0000-0000-000000000001,null
e8577d3b-a247-48f7-9cc2-856756ee10c8,147c5a80-2f2d-4935-8c07-af04f426ea61,990e8a3e-a69c-7b31-f606-3eeb21e3d4c6,Jul-26,7643,128,60,31,1860,664.5999999999985,11.5,2026-07-31 10:10:24.368587+00,00000000-0000-0000-0000-000000000001,null
7b14952e-b75e-4660-b59c-60498cea7660,105c367d-7fad-4af9-934d-65b8f12a3aa6,79853a4a-cb02-508c-e041-7e23378aec9c,Jul-26,16877,253,67,31,2077,1467.5,11.5,2026-07-31 10:10:24.368587+00,00000000-0000-0000-0000-000000000001,null
35a8d9bb-e1eb-4f2f-bf30-53a110e4b277,f6159f33-3c42-42f7-832a-bd6074e55618,323c0dff-be56-f6ee-f053-ee37de806dea,Jul-26,10908,149,73,31,2263,948.5,11.5,2026-07-31 10:10:24.368587+00,00000000-0000-0000-0000-000000000001,null
db67a6a8-c8d6-470b-92d6-efb4b99ef55e,baf70654-1d26-478d-8f0f-4f509cc8747c,188aee4d-68e0-1ddb-38e6-a946bc75072d,Jul-26,6796,129,53,31,1643,590.9000000000005,11.5,2026-07-31 10:10:24.368587+00,00000000-0000-0000-0000-000000000001,null
7f30724f-a085-444e-9dc9-4504b36e30d3,1b45684c-2a4a-4932-b6d8-957a64f28ba6,b0d4d2c8-f6ee-bc16-ffd7-fc33c8db8571,Jul-26,10984,154,71,31,2201,955.0999999999985,11.5,2026-07-31 10:10:24.368587+00,00000000-0000-0000-0000-000000000001,null
92ec9a83-3965-4028-808a-902c3b02ff8d,88133a80-d0e9-441d-a437-6caa8f6eeb64,8767525e-d22f-a295-bc29-ba104fdc589a,Jul-26,3377,124,27,31,837,293.59999999999854,11.5,2026-07-31 10:10:24.368587+00,00000000-0000-0000-0000-000000000001,null
22012534-5f5e-44cc-9914-d55ef2da3971,30245d12-bd21-49c4-ae45-a40c062d4b7d,d2298bb8-a5e5-735a-c8ca-9b18c7daacd6,Jul-26,9337,124,75,31,2325,811.9000000000015,11.5,2026-07-31 10:10:24.368587+00,00000000-0000-0000-0000-000000000001,null
b690dbc4-c29c-4642-89c2-fb9bdd383330,bea65658-1ccb-4dc1-bea0-9f422e7703fd,77c3a6fd-4651-d880-29aa-abd19c8324df,Jul-26,8192,177,46,31,1426,712.3000000000029,11.5,2026-07-31 10:10:24.368587+00,00000000-0000-0000-0000-000000000001,null
cea0594e-3a8b-45f8-86c2-16f4b49508f6,e01d8dcd-4baa-4257-a7a9-54762bef0f8a,c17c5093-48b7-139f-ebfc-1cd33ef5179c,Jul-26,9015,155,58,31,1798,783.8999999999978,11.5,2026-07-31 10:10:24.368587+00,00000000-0000-0000-0000-000000000001,null
34a0137c-a77e-499b-9cbf-080efdd110bf,a6ebe29c-93ce-4aa4-bb49-c307ccaa144a,211a2b33-4e94-3da1-7d97-406bc26036f5,Jul-26,7421,150,49,31,1519,645.3000000000002,11.5,2026-07-31 10:10:24.368587+00,00000000-0000-0000-0000-000000000001,null
e3dd9c85-21aa-4e7c-bd3a-c7f83cd3021e,d7d90c84-fbc0-4abf-a6fd-aab10aff10d2,0a839c14-2a88-9896-c2f2-8d51fe610405,Jul-26,12389,184,67,31,2077,1077.2999999999956,11.5,2026-07-31 10:10:24.368587+00,00000000-0000-0000-0000-000000000001,null
e8cb3f5e-0b83-4605-8fc6-19c6eb5b4129,c21ab206-217e-4181-9082-b98bf85f5fd4,233cca0e-efcf-e631-d2fc-9997a6ba5706,Jul-26,11802,155,76,31,2356,1026.2000000000007,11.5,2026-07-31 10:10:24.368587+00,00000000-0000-0000-0000-000000000001,null
3d9f1abd-f6ee-48b0-8105-1eddc5bc11b6,556650af-a115-4d69-a8a0-c15454556482,574de174-c7bb-bc11-f282-cff2aa2501c5,Jul-26,5020,155,32,31,992,436.4999999999982,11.5,2026-07-31 10:10:24.368587+00,00000000-0000-0000-0000-000000000001,null
a7695bdb-5486-4fd1-9818-4c7baf34fa7b,c99c69b7-1dac-4e81-919a-034e3b826d6f,79853a4a-cb02-508c-e041-7e23378aec9c,Jul-26,16877,253,67,31,2077,1467.5,11.5,2026-07-31 10:10:24.368587+00,00000000-0000-0000-0000-000000000001,null
4044a101-64cf-4e92-b28e-b87ad1dae43d,a4e705ac-defb-4a84-9cf5-4432b20fe25a,2fc42a4f-fe5a-ae08-0e4e-2c89ca71db85,Jul-26,10309,164,63,31,1953,896.4000000000015,11.5,2026-07-31 10:10:24.368587+00,00000000-0000-0000-0000-000000000001,null
419a6bc3-25d9-4351-bd6a-3211e27680c4,0b44f982-2850-441f-a2ff-5418c536025e,0a839c14-2a88-9896-c2f2-8d51fe610405,Jul-26,12389,184,67,31,2077,1077.2999999999956,11.5,2026-07-31 10:10:24.368587+00,00000000-0000-0000-0000-000000000001,null
f73e8169-30ae-46ed-a8e6-1aa2dd1cd46c,0f1c0a48-ed53-4e86-be38-d33c435583d5,d2298bb8-a5e5-735a-c8ca-9b18c7daacd6,Jul-26,9337,124,75,31,2325,811.9000000000015,11.5,2026-07-31 10:10:24.368587+00,00000000-0000-0000-0000-000000000001,null
06f2e3f5-428a-4ad9-99ef-74563649def7,a62525bc-054b-460a-8221-2b94970784db,574de174-c7bb-bc11-f282-cff2aa2501c5,Jul-26,5020,155,32,31,992,436.4999999999982,11.5,2026-07-31 10:10:24.368587+00,00000000-0000-0000-0000-000000000001,null
e5c56d02-7248-40c3-8ce7-b2c771b464d0,2f9b321a-da49-428e-b81c-c0d4503e537a,188aee4d-68e0-1ddb-38e6-a946bc75072d,Jul-26,6796,129,53,31,1643,590.9000000000005,11.5,2026-07-31 10:10:24.368587+00,00000000-0000-0000-0000-000000000001,null
84d02c5c-d155-4180-a12d-9d0481159ac7,15217236-2634-42e2-85bb-fb018d523a9b,c2ff0c11-4d1b-7b9b-b93c-aa37c9b6c40b,Jul-26,12052,186,65,31,2015,1048,11.5,2026-07-31 10:10:24.368587+00,00000000-0000-0000-0000-000000000001,null
1dc9e358-8b0d-4016-9d6c-b1a382b7af9e,35639fa7-9ae0-4b59-85d8-d0058dd2a66f,dc4adc21-f501-0573-2e9a-d7bbbc89e5d6,Jul-26,11874,145,82,31,2542,1032.5,11.5,2026-07-31 10:10:24.368587+00,00000000-0000-0000-0000-000000000001,null
b5e56c2a-6bca-454f-94fe-31c7bad1500a,0787349f-f0f1-437d-812e-948e75243151,188aee4d-68e0-1ddb-38e6-a946bc75072d,Jul-26,6796,129,53,31,1643,590.9000000000005,11.5,2026-07-31 10:10:24.368587+00,00000000-0000-0000-0000-000000000001,null
11588698-b5ef-40e4-9500-7c8b81b09f90,70948315-5bad-4e2f-974b-1faf329588f5,03edc7c5-4c46-b55e-523d-9fb7be29910b,Jul-26,15343,175,88,31,2728,1334.0999999999985,11.5,2026-07-31 10:10:24.368587+00,00000000-0000-0000-0000-000000000001,null
2efca96e-0645-4448-96a1-3be145b70931,3918a752-d713-4580-bf92-1c70cad1f016,a361bd0d-c2c1-2aee-6303-d65de004edd0,Jul-26,8545,173,49,31,1519,743,11.5,2026-07-31 10:10:24.368587+00,00000000-0000-0000-0000-000000000001,null
afcf5573-2820-4ea9-af53-1adc667f8054,378406d3-a568-4e6e-b0e5-b227fd54a34d,2fc42a4f-fe5a-ae08-0e4e-2c89ca71db85,Jul-26,10309,164,63,31,1953,896.4000000000015,11.5,2026-07-31 10:10:24.368587+00,00000000-0000-0000-0000-000000000001,null
5b186e6d-da07-4921-bfe4-888e30639cfc,86e5d137-c011-46d2-a875-5c1c3fbf4d2e,dd96a329-ec95-e96a-1348-69d976f39cd4,Jul-26,16344,210,78,31,2418,1421.2000000000116,11.5,2026-07-31 10:10:24.368587+00,00000000-0000-0000-0000-000000000001,null
5203591e-327a-4a70-8b05-d14b7ec60410,316eecd0-c28f-4453-a545-b4f715e432f7,03edc7c5-4c46-b55e-523d-9fb7be29910b,Jul-26,15343,175,88,31,2728,1334.0999999999985,11.5,2026-07-31 10:10:24.368587+00,00000000-0000-0000-0000-000000000001,null
008aa01a-6423-4523-82dc-7f66f866f106,c098c9bf-1ab4-4164-b6f0-d94a797589a1,79853a4a-cb02-508c-e041-7e23378aec9c,Jul-26,16877,253,67,31,2077,1467.5,11.5,2026-07-31 10:10:24.368587+00,00000000-0000-0000-0000-000000000001,null
3917cb00-6afe-46db-8e9e-bcddf5ce61d9,81d246b6-f3c1-4583-b607-5daef9b4c847,bde00681-ebfc-ef38-4f6e-4906a012de6b,Jul-26,16670,146,114,22,2508,1449.5,11.5,2026-07-31 10:10:24.368587+00,00000000-0000-0000-0000-000000000001,null
8d1bc901-3c4a-4ed2-83c4-71972bb1cf2e,4930fcaa-2907-4794-b322-8af3d1cec975,c17c5093-48b7-139f-ebfc-1cd33ef5179c,Jul-26,9015,155,58,31,1798,783.8999999999978,11.5,2026-07-31 10:10:24.368587+00,00000000-0000-0000-0000-000000000001,null
1135528d-0f5e-4df9-9351-a914ec23ae70,f34a320c-da43-44b6-9a9e-624e28b1b6be,8767525e-d22f-a295-bc29-ba104fdc589a,Jul-26,3377,124,27,31,837,293.59999999999854,11.5,2026-07-31 10:10:24.368587+00,00000000-0000-0000-0000-000000000001,null
62dcf652-fdcb-41e5-87e6-7340da2b675a,19037d32-55cb-4237-b522-85e3f50a2e4e,233cca0e-efcf-e631-d2fc-9997a6ba5706,Jul-26,11802,155,76,31,2356,1026.2000000000007,11.5,2026-07-31 10:10:24.368587+00,00000000-0000-0000-0000-000000000001,null
293f43c7-2176-4228-a96b-86bff41e3f0d,03f96498-e716-43c5-abb7-49c80310e53d,323c0dff-be56-f6ee-f053-ee37de806dea,Jul-26,10908,149,73,31,2263,948.5,11.5,2026-07-31 10:10:24.368587+00,00000000-0000-0000-0000-000000000001,null
59a89a1c-1dcf-4a4e-aec6-1757b2353c5f,190a75a0-b650-434b-aa10-47dea7d1c619,8767525e-d22f-a295-bc29-ba104fdc589a,Jul-26,3377,124,27,31,837,293.59999999999854,11.5,2026-07-31 10:10:24.368587+00,00000000-0000-0000-0000-000000000001,null
7705009d-f064-4712-af8a-3f9b8cfa15f1,5a3bdef2-a7f6-4a2f-88c3-f82c3c44ca5a,417c9738-a0f7-5a00-1091-37a9fd083dd6,Jul-26,10791,139,78,31,2418,938.3000000000029,11.5,2026-07-31 10:10:24.368587+00,00000000-0000-0000-0000-000000000001,null
4e0075f5-f4f1-413b-88e0-28ced555d999,38343ffa-7f70-45c7-a973-4845839b06b5,574de174-c7bb-bc11-f282-cff2aa2501c5,Jul-26,5020,155,32,31,992,436.4999999999982,11.5,2026-07-31 10:10:24.368587+00,00000000-0000-0000-0000-000000000001,null
b86b3632-053c-4a70-b83b-ad32088c6245,82e6ad89-6a9f-4258-9a6c-19540fa3ca4a,85292340-826d-52c1-65c7-7f2a9eb2c2c4,Jul-26,13687,167,82,31,2542,1190.1000000000058,11.5,2026-07-31 10:10:24.368587+00,00000000-0000-0000-0000-000000000001,null
8d46aff2-cacf-466d-a19b-da2c6382a207,669315d4-334e-4437-85ab-8b734cb0570f,82b270bf-e567-2deb-5ef3-495baafd7645,Jul-26,7327,155,47,31,1457,637.1000000000022,11.5,2026-07-31 10:10:24.368587+00,00000000-0000-0000-0000-000000000001,null
77d94744-415c-4b36-8ac3-495264d7844f,d909531d-49bd-4adb-b21b-fd55f96b377c,77c3a6fd-4651-d880-29aa-abd19c8324df,Jul-26,8192,177,46,31,1426,712.3000000000029,11.5,2026-07-31 10:10:24.368587+00,00000000-0000-0000-0000-000000000001,null
46b23088-2382-4e45-96c6-0260c7417223,e8afaa58-7e6a-4ecc-b5d9-133d63cd24c8,85292340-826d-52c1-65c7-7f2a9eb2c2c4,Jul-26,13687,167,82,31,2542,1190.1000000000058,11.5,2026-07-31 10:10:24.368587+00,00000000-0000-0000-0000-000000000001,null
6e5fc6d6-342a-437a-aeb8-f4f88b1696a2,947357c4-f600-4b7e-903b-bf7d941e6d91,aa73cade-c28c-dc5b-5980-55801ea0d415,Jul-26,7226,113,64,31,1984,628.2999999999956,11.5,2026-07-31 10:10:24.368587+00,00000000-0000-0000-0000-000000000001,null
058b1c0a-38dc-4ce1-950c-d9f358b4ff72,704e6f54-2096-449c-a9f1-6fb45a33920a,86ad1ceb-8d81-a926-d998-3a2f1cafba06,Jul-26,13040,155,84,31,2604,1133.9000000000015,11.5,2026-07-31 10:10:24.368587+00,00000000-0000-0000-0000-000000000001,null
0e27b8ab-976b-48a2-ae49-999b5bf596b6,7b8664a0-04aa-41b3-a2fa-c0336ebb6aa6,03edc7c5-4c46-b55e-523d-9fb7be29910b,Jul-26,15343,175,88,31,2728,1334.0999999999985,11.5,2026-07-31 10:10:24.368587+00,00000000-0000-0000-0000-000000000001,null
dcbeed6f-7b93-489e-85f6-75c8f6cee8ad,2ae3cdd6-ed08-4fb2-b25f-d1860fc8f487,bc7f358d-0d6d-f95f-ff80-9089eefdef69,Jul-26,19624,162,121,31,3751,1706.4000000000015,11.5,2026-07-31 10:10:24.368587+00,00000000-0000-0000-0000-000000000001,null
ebbd073d-0b99-4bab-b4b4-cdb26caf2d4f,31426215-d02a-41d2-afac-a5fa860b4cb8,86ad1ceb-8d81-a926-d998-3a2f1cafba06,Jul-26,13040,155,84,31,2604,1133.9000000000015,11.5,2026-07-31 10:10:24.368587+00,00000000-0000-0000-0000-000000000001,null
54b7f951-34a7-4d66-96ef-8e86e3da6dc8,845a0814-8d02-4319-8900-1c473ccbb9d3,574de174-c7bb-bc11-f282-cff2aa2501c5,Jul-26,5020,155,32,31,992,436.4999999999982,11.5,2026-07-31 10:10:24.368587+00,00000000-0000-0000-0000-000000000001,null
bc2e1635-7b40-450d-bd41-97f19045c9cf,09796461-342a-40c3-8474-77118a4a7256,417c9738-a0f7-5a00-1091-37a9fd083dd6,Jul-26,10791,139,78,31,2418,938.3000000000029,11.5,2026-07-31 10:10:24.368587+00,00000000-0000-0000-0000-000000000001,null
aba97f00-08b1-40ba-b5c9-799fe62c71f5,7b188fe8-83b4-411a-93c3-f243f038ee77,dc4adc21-f501-0573-2e9a-d7bbbc89e5d6,Jul-26,11874,145,82,31,2542,1032.5,11.5,2026-07-31 10:10:24.368587+00,00000000-0000-0000-0000-000000000001,null
0025620e-7a32-48ee-b8dc-65fb5e0db119,7ef14e53-b173-4d1a-bb3f-10e03dd8f680,c2ff0c11-4d1b-7b9b-b93c-aa37c9b6c40b,Jul-26,12052,186,65,31,2015,1048,11.5,2026-07-31 10:10:24.368587+00,00000000-0000-0000-0000-000000000001,null
eccfe15f-0236-471b-b9fa-f69e7b656e52,6a5bfce2-46c6-492e-a3be-840d4b9186c1,574de174-c7bb-bc11-f282-cff2aa2501c5,Jul-26,5020,155,32,31,992,436.4999999999982,11.5,2026-07-31 10:10:24.368587+00,00000000-0000-0000-0000-000000000001,null
6dadede3-de63-40b2-a388-745b274ceefe,6b61be68-e4bf-4aa5-a41b-c29934c9050d,c2ff0c11-4d1b-7b9b-b93c-aa37c9b6c40b,Jul-26,12052,186,65,31,2015,1048,11.5,2026-07-31 10:10:24.368587+00,00000000-0000-0000-0000-000000000001,null
a873afd0-40d1-4227-8f9e-de1c0c8a22b2,7801732d-bb81-4ffc-be28-c597fe387246,c2ff0c11-4d1b-7b9b-b93c-aa37c9b6c40b,Jul-26,12052,186,65,31,2015,1048,11.5,2026-07-31 10:10:24.368587+00,00000000-0000-0000-0000-000000000001,null
27bc8087-16c8-4f55-a96a-7647e84e508a,ec4993b1-daeb-4d7d-b034-8bec303d2417,dc4adc21-f501-0573-2e9a-d7bbbc89e5d6,Jul-26,11874,145,82,31,2542,1032.5,11.5,2026-07-31 10:10:24.368587+00,00000000-0000-0000-0000-000000000001,null
44c04ff3-ad35-4e52-86b3-60f806ab0de9,bc06e34d-1148-441a-873a-eeef83328e74,8767525e-d22f-a295-bc29-ba104fdc589a,Jul-26,3377,124,27,31,837,293.59999999999854,11.5,2026-07-31 10:10:24.368587+00,00000000-0000-0000-0000-000000000001,null
d468fd6a-07fe-456d-aa09-ebc2ea47c39f,acbd44a3-80c4-40e7-afa6-98c8f38b3f4d,417c9738-a0f7-5a00-1091-37a9fd083dd6,Jul-26,10791,139,78,31,2418,938.3000000000029,11.5,2026-07-31 10:10:24.368587+00,00000000-0000-0000-0000-000000000001,null
ad26b50a-2983-4647-bfd3-311dbea8458b,7b90a2a8-fb82-4dd1-a5ac-5ce4f4af433b,1b4d1066-8fe4-199b-7b3b-39e4bded9714,Jul-26,14794,165,90,31,2790,1286.3999999999978,11.5,2026-07-31 10:10:24.368587+00,00000000-0000-0000-0000-000000000001,null
57d3354a-0ad9-4f67-904f-0254be06ee82,09ed32a8-649f-49d2-96ad-b98110b2e3d2,49ed1c8e-3653-c89b-ec74-16d8e20bb923,Jul-26,10623,155,69,31,2139,923.6999999999971,11.5,2026-07-31 10:10:24.368587+00,00000000-0000-0000-0000-000000000001,null
4d4a52e5-3e65-4964-bce9-9b13b9cf6090,4922bf0c-c19d-4dd2-9597-87a499327026,417c9738-a0f7-5a00-1091-37a9fd083dd6,Jul-26,10791,139,78,31,2418,938.3000000000029,11.5,2026-07-31 10:10:24.368587+00,00000000-0000-0000-0000-000000000001,null
bbea3a5b-7867-4f24-a6b9-6ec89e395e8d,a5b19abd-025c-41be-9680-a1ca999cb501,86ad1ceb-8d81-a926-d998-3a2f1cafba06,Jul-26,13040,155,84,31,2604,1133.9000000000015,11.5,2026-07-31 10:10:24.368587+00,00000000-0000-0000-0000-000000000001,null
9627da83-048d-4bf6-ab18-409d54f7e807,e75e65e2-8dcf-45b8-a2db-e2b54c4cb137,10c6863d-07c3-4fc4-94f9-6adc29157ce1,Jul-26,8425,168,50,31,1550,732.5999999999985,11.5,2026-07-31 10:10:24.368587+00,00000000-0000-0000-0000-000000000001,null
ac4b5a28-609a-4c3b-a9b3-81ef6cf34d40,7fb8302a-6d32-485f-ba29-20f4361b1c98,c2ff0c11-4d1b-7b9b-b93c-aa37c9b6c40b,Jul-26,12052,186,65,31,2015,1048,11.5,2026-07-31 10:10:24.368587+00,00000000-0000-0000-0000-000000000001,null
3bd42bd9-8024-4dd5-925e-2d8c72edd7a4,611e6801-fd61-44c5-b582-06f948dd5b93,b0d4d2c8-f6ee-bc16-ffd7-fc33c8db8571,Jul-26,10984,154,71,31,2201,955.0999999999985,11.5,2026-07-31 10:10:24.368587+00,00000000-0000-0000-0000-000000000001,null
6a269a90-8eaf-4227-83d2-74ca82db86ef,02f63cd2-38f9-4867-9372-2ba9e68177bf,1b4d1066-8fe4-199b-7b3b-39e4bded9714,Jul-26,14794,165,90,31,2790,1286.3999999999978,11.5,2026-07-31 10:10:24.368587+00,00000000-0000-0000-0000-000000000001,null
4fa719c2-4109-4cea-9383-89079384a746,517cb68f-d2b2-482a-8e83-2d24a5af60ba,2fc42a4f-fe5a-ae08-0e4e-2c89ca71db85,Jul-26,10309,164,63,31,1953,896.4000000000015,11.5,2026-07-31 10:10:24.368587+00,00000000-0000-0000-0000-000000000001,null
315903cf-7165-45e7-9725-e6c05b757407,19dc0228-5b12-4442-9df0-451eff381319,323c0dff-be56-f6ee-f053-ee37de806dea,Jul-26,10908,149,73,31,2263,948.5,11.5,2026-07-31 10:10:24.368587+00,00000000-0000-0000-0000-000000000001,null
1a50c2e5-801d-4239-bd9e-2289e62b1b1f,a7d1b3a3-333c-4d38-af85-8c0d100da7a5,990e8a3e-a69c-7b31-f606-3eeb21e3d4c6,Jul-26,7643,128,60,31,1860,664.5999999999985,11.5,2026-07-31 10:10:24.368587+00,00000000-0000-0000-0000-000000000001,null
77c5508c-c18c-4c1e-98ba-820541f4da79,370aa89a-90c3-4ee1-afd6-ae60e718cff2,79853a4a-cb02-508c-e041-7e23378aec9c,Jul-26,16877,253,67,31,2077,1467.5,11.5,2026-07-31 10:10:24.368587+00,00000000-0000-0000-0000-000000000001,null
36337d80-e3a2-46f3-a6a5-52e5002898b4,73820571-6a09-4b8c-b7dc-e57fe6b452a9,2fc42a4f-fe5a-ae08-0e4e-2c89ca71db85,Jul-26,10309,164,63,31,1953,896.4000000000015,11.5,2026-07-31 10:10:24.368587+00,00000000-0000-0000-0000-000000000001,null
64536362-c653-4def-ab3a-e526a023f699,a1431c50-73f7-4ef7-8f30-4b3e35295d3a,fb5cedd6-2992-1c62-7fba-4a7a6b43b2ff,Jul-26,11772,155,76,31,2356,1023.5999999999985,11.5,2026-07-31 10:10:24.368587+00,00000000-0000-0000-0000-000000000001,null
ddec177d-317b-419a-93e4-803b3c33b906,2e6c665f-33ff-4e4c-9ae0-392d7bf9c830,fb5cedd6-2992-1c62-7fba-4a7a6b43b2ff,Jul-26,11772,155,76,31,2356,1023.5999999999985,11.5,2026-07-31 10:10:24.368587+00,00000000-0000-0000-0000-000000000001,null
8857257a-b400-4e70-b6d0-36fe37f2f4ba,41deea45-6941-40c1-a7f9-2abfc9f454e6,990e8a3e-a69c-7b31-f606-3eeb21e3d4c6,Jul-26,7643,128,60,31,1860,664.5999999999985,11.5,2026-07-31 10:10:24.368587+00,00000000-0000-0000-0000-000000000001,null
45d04b2d-5f26-4253-980e-32d09b7cd711,8c1b2b32-a89d-418d-8bd5-589cf346951a,5d204545-2f72-b89b-3190-a826b5ab6512,Jul-26,6575,142,46,31,1426,571.6999999999971,11.5,2026-07-31 10:10:24.368587+00,00000000-0000-0000-0000-000000000001,null
bb176023-ff24-4a46-9437-81704d54b9d4,51fb7d3b-e7d5-4467-aae1-ea6d0a1bc112,d2298bb8-a5e5-735a-c8ca-9b18c7daacd6,Jul-26,9337,124,75,31,2325,811.9000000000015,11.5,2026-07-31 10:10:24.368587+00,00000000-0000-0000-0000-000000000001,null
166c9bcc-1234-4f54-971d-1196b923ced3,c22f19b3-ad18-460f-99f3-95a50e098f19,10c6863d-07c3-4fc4-94f9-6adc29157ce1,Jul-26,8425,168,50,31,1550,732.5999999999985,11.5,2026-07-31 10:10:24.368587+00,00000000-0000-0000-0000-000000000001,null
41725164-b30b-4237-aaac-99bc8d5a9e37,374ad8fd-b7b2-49f6-babb-74111255e089,5d204545-2f72-b89b-3190-a826b5ab6512,Jul-26,6575,142,46,31,1426,571.6999999999971,11.5,2026-07-31 10:10:24.368587+00,00000000-0000-0000-0000-000000000001,null
96039f4c-9987-46b8-82fe-28c2bd55a568,4fe15f27-ed95-4c07-86e8-12ecdee9eb7a,82b270bf-e567-2deb-5ef3-495baafd7645,Jul-26,7327,155,47,31,1457,637.1000000000022,11.5,2026-07-31 10:10:24.368587+00,00000000-0000-0000-0000-000000000001,null
6a9d6644-bf26-448f-b5f0-48bb9db269d7,ead95cb8-9eb4-4ac2-acc5-66810d5e666d,82b270bf-e567-2deb-5ef3-495baafd7645,Jul-26,7327,155,47,31,1457,637.1000000000022,11.5,2026-07-31 10:10:24.368587+00,00000000-0000-0000-0000-000000000001,null
2a72ae3b-2565-4608-949a-128c3cc2b3e1,ef36d67c-fbc5-49f0-9680-57c0901ed518,bde00681-ebfc-ef38-4f6e-4906a012de6b,Jul-26,16670,146,114,31,3534,1449.5,11.5,2026-07-31 10:10:24.368587+00,00000000-0000-0000-0000-000000000001,null
1761493a-66ae-45c8-b5db-611f547b486c,cb8089f8-ebcf-4468-9f40-e224e4f6bfd7,9d5d0096-0b78-a663-1142-be871dfa2bda,Jul-26,14359,147,98,31,3038,1248.5999999999985,11.5,2026-08-01 12:00:01.152767+00,00000000-0000-0000-0000-000000000001,null
13eea0ad-b61d-4e8d-abe0-493ed6ab56fc,ec5e2a73-8ffb-4e0a-8d5e-cb3ef7c3e72e,323c0dff-be56-f6ee-f053-ee37de806dea,Jul-26,10908,149,73,31,2263,948.5,11.5,2026-08-08 08:13:03.945825+00,00000000-0000-0000-0000-000000000001,null