id,organization_id,asset_type_id,asset_code,qr_code,serial_number,brand,model,purchase_date,purchase_price,supplier_id,warranty_months,warranty_expiry,condition,status,notes,created_at,invoice_number,invoice_date,invoice_url,vendor_name_manual,capacity_value,capacity_unit,product_photo_url,apartment_id,bed_id,is_bill_missing,data_source,migration_notes
19a0e9bf-7dd6-4e26-920e-d0ac74966dad,00000000-0000-0000-0000-000000000001,b1000000-0000-0000-0000-000000000006,VH-AL-A11-0001,null,null,null,null,2025-07-22,8840.00,null,null,null,good,allocated,"ACCL device purchase. Bill 682. Fixing charges ₹1,000 record",2026-04-10 22:55:20.97926+00,682,2025-07-22,null,ACCL Vendor,null,null,null,null,null,false,,null
8fa5e424-97df-4062-af2a-09ba379e6edf,00000000-0000-0000-0000-000000000001,b1000000-0000-0000-0000-000000000001,VH-AC-A11-0001,null,SEB0C2745U3,Hitachi,RAS.B312PCAIBA1,2025-07-30,31500.00,null,null,null,new,allocated,Invoice CI/CAB/536 dated 30/07/2025. 5yr comprehensive warra,2026-04-10 22:55:20.97926+00,CI/CAB/536,2025-07-30,asset-invoices/vista heights/AC Purchase.pdf,Cabco Paradise (P) Ltd,1.5 Ton / 3517W / 230V,null,null,null,null,false,,null
6f1831db-0b4c-43f9-943c-4e86c3886b78,00000000-0000-0000-0000-000000000001,b1000000-0000-0000-0000-000000000001,VH-AC-A11-0002,null,SEB0CY98738,Hitachi,RAS.B312PCAIBA1,2025-07-30,31500.00,null,null,null,new,allocated,Invoice CI/CAB/536 dated 30/07/2025. 5yr comprehensive warra,2026-04-10 22:55:20.97926+00,CI/CAB/536,2025-07-30,asset-invoices/vista heights/AC Purchase.pdf,Cabco Paradise (P) Ltd,1.5 Ton / 3517W / 230V,null,null,null,null,false,,null
dd6bc55f-e6a1-41d7-bce7-68bd0d6c57a1,00000000-0000-0000-0000-000000000001,b1000000-0000-0000-0000-000000000001,VH-AC-A11-0003,null,SEB0AZ52944,Hitachi,RAS.B312PCAIBA1,2025-07-30,31500.00,null,null,null,new,allocated,Invoice CI/CAB/536 dated 30/07/2025. 5yr comprehensive warra,2026-04-10 22:55:20.97926+00,CI/CAB/536,2025-07-30,asset-invoices/vista heights/AC Purchase.pdf,Cabco Paradise (P) Ltd,1.5 Ton / 3517W / 230V,null,null,null,null,false,,null
b6e08caf-ef6c-401e-aea3-9aae40ad802e,00000000-0000-0000-0000-000000000001,b1000000-0000-0000-0000-000000000014,VH-CT-A11-0001,null,null,null,Center Table,2025-08-02,1450.00,1f1c91d5-56b6-641b-e035-aa2fc4782999,null,null,good,allocated,null,2026-04-10 22:55:20.97926+00,SF/25-26/70,2025-08-02,null,Smart Furniture,null,null,null,null,null,false,,null
036bdbfd-838a-450a-8fd8-2dc15fe5cf66,00000000-0000-0000-0000-000000000001,b1000000-0000-0000-0000-000000000021,VH-CH-A11-0001,null,null,null,null,null,null,6afd6acf-2cf1-410d-b74e-2d7fa6159f33,null,null,new,allocated,null,2026-04-10 22:55:20.97926+00,null,null,null,Shifa Stores,null,null,null,null,null,false,,null
9a45eaab-0189-4c01-ac2e-760572f9f8f7,00000000-0000-0000-0000-000000000001,b1000000-0000-0000-0000-000000000021,VH-CH-A11-0002,null,null,null,null,null,null,6afd6acf-2cf1-410d-b74e-2d7fa6159f33,null,null,new,allocated,null,2026-04-10 22:55:20.97926+00,null,null,null,Shifa Stores,null,null,null,null,null,false,,null
c362003c-8c15-4081-83b2-ff5f5e2c7543,00000000-0000-0000-0000-000000000001,b1000000-0000-0000-0000-000000000021,VH-CH-A11-0003,null,null,null,null,null,null,6afd6acf-2cf1-410d-b74e-2d7fa6159f33,null,null,new,allocated,null,2026-04-10 22:55:20.97926+00,null,null,null,Shifa Stores,null,null,null,null,null,false,,null
a5794637-86ae-451a-8d34-3144f607e882,00000000-0000-0000-0000-000000000001,b1000000-0000-0000-0000-000000000021,VH-CH-A11-0004,null,null,null,null,null,null,6afd6acf-2cf1-410d-b74e-2d7fa6159f33,null,null,new,allocated,null,2026-04-10 22:55:20.97926+00,null,null,null,Shifa Stores,null,null,null,null,null,false,,null
fb2aa759-2387-4f58-a3bf-24039f4257f3,00000000-0000-0000-0000-000000000001,b1000000-0000-0000-0000-000000000021,VH-CH-A11-0005,null,null,null,null,null,null,6afd6acf-2cf1-410d-b74e-2d7fa6159f33,null,null,new,allocated,null,2026-04-10 22:55:20.97926+00,null,null,null,Shifa Stores,null,null,null,null,null,false,,null
cadf4d20-6175-488e-a43d-0b576b0dab41,00000000-0000-0000-0000-000000000001,b1000000-0000-0000-0000-000000000008,VH-CO-A11-0001,null,null,null,COT 3x6,2025-08-02,6950.00,1f1c91d5-56b6-641b-e035-aa2fc4782999,null,null,new,allocated,null,2026-04-10 22:55:20.97926+00,SF/25-26/70,2025-08-02,null,Smart Furniture,null,null,null,null,null,false,,null
78b920d6-8cc8-4b2d-bbce-e4cd9994c9bb,00000000-0000-0000-0000-000000000001,b1000000-0000-0000-0000-000000000008,VH-CO-A11-0002,null,null,null,COT 3x6,2025-08-02,6950.00,1f1c91d5-56b6-641b-e035-aa2fc4782999,null,null,new,allocated,null,2026-04-10 22:55:20.97926+00,SF/25-26/70,2025-08-02,null,Smart Furniture,null,null,null,null,null,false,,null
d3683ae9-c040-43cc-9dec-c38c8e0256db,00000000-0000-0000-0000-000000000001,b1000000-0000-0000-0000-000000000008,VH-CO-A11-0003,null,null,null,COT 3x6,2025-08-02,6950.00,1f1c91d5-56b6-641b-e035-aa2fc4782999,null,null,new,allocated,null,2026-04-10 22:55:20.97926+00,SF/25-26/70,2025-08-02,null,Smart Furniture,null,null,null,null,null,false,,null
88dfc5e7-907f-4d95-98f3-276d25e87e54,00000000-0000-0000-0000-000000000001,b1000000-0000-0000-0000-000000000008,VH-CO-A11-0004,null,null,null,COT 3x6,2025-08-02,6950.00,1f1c91d5-56b6-641b-e035-aa2fc4782999,null,null,new,allocated,null,2026-04-10 22:55:20.97926+00,SF/25-26/70,2025-08-02,null,Smart Furniture,null,null,null,null,null,false,,null
133da128-0332-4e15-841a-3e8660d0fcc8,00000000-0000-0000-0000-000000000001,b1000000-0000-0000-0000-000000000008,VH-CO-A11-0005,null,null,null,COT 3x6,2025-08-02,6950.00,1f1c91d5-56b6-641b-e035-aa2fc4782999,null,null,new,allocated,null,2026-04-10 22:55:20.97926+00,SF/25-26/70,2025-08-02,null,Smart Furniture,null,null,null,null,null,false,,null
be0ac6d2-f768-464a-a169-14cf9edc0208,00000000-0000-0000-0000-000000000001,c9000001-0000-0000-0000-000000000001,VH-CB-A11-0001,null,null,null,null,null,null,6afd6acf-2cf1-410d-b74e-2d7fa6159f33,null,null,new,allocated,null,2026-04-10 22:55:20.97926+00,null,null,null,Shifa Stores,null,null,null,null,null,false,,null
68860f81-f27c-49be-8910-252e4a179dab,00000000-0000-0000-0000-000000000001,c9000001-0000-0000-0000-000000000001,VH-CB-A11-0002,null,null,null,null,null,null,6afd6acf-2cf1-410d-b74e-2d7fa6159f33,null,null,new,allocated,null,2026-04-10 22:55:20.97926+00,null,null,null,Shifa Stores,null,null,null,null,null,false,,null
841133bb-570c-43b6-a0f9-a32fc9c79c36,00000000-0000-0000-0000-000000000001,c9000001-0000-0000-0000-000000000001,VH-CB-A11-0003,null,null,null,null,null,null,6afd6acf-2cf1-410d-b74e-2d7fa6159f33,null,null,new,allocated,null,2026-04-10 22:55:20.97926+00,null,null,null,Shifa Stores,null,null,null,null,null,false,,null
114aab82-4f20-4f3d-b21c-e523417369fb,00000000-0000-0000-0000-000000000001,b1000000-0000-0000-0000-000000000013,VH-DT-A11-0001,null,null,null,Dining Table,2025-09-09,4600.00,1f1c91d5-56b6-641b-e035-aa2fc4782999,null,null,new,allocated,null,2026-04-10 22:55:20.97926+00,SF/25-26/84,2025-09-09,null,Smart Furniture,null,null,null,null,null,false,,null
e4693315-a816-4efc-8139-a350a1ab680d,00000000-0000-0000-0000-000000000001,b1000000-0000-0000-0000-000000000020,VH-FN-A11-0001,null,null,null,null,null,null,null,null,null,new,allocated,null,2026-04-10 22:55:20.97926+00,null,null,null,null,null,null,null,null,null,false,,null
a737be05-86f4-4f25-92c3-c7d286af64ba,00000000-0000-0000-0000-000000000001,b1000000-0000-0000-0000-000000000020,VH-FN-A11-0002,null,null,null,null,null,null,null,null,null,new,allocated,null,2026-04-10 22:55:20.97926+00,null,null,null,null,null,null,null,null,null,false,,null
37597e49-c4ae-4637-83cb-f43ea7ef8d35,00000000-0000-0000-0000-000000000001,b1000000-0000-0000-0000-000000000020,VH-FN-A11-0003,null,null,null,null,null,null,null,null,null,new,allocated,null,2026-04-10 22:55:20.97926+00,null,null,null,null,null,null,null,null,null,false,,null
5307c51c-cc4a-48a2-91bc-bb07ec8413fc,00000000-0000-0000-0000-000000000001,b1000000-0000-0000-0000-000000000020,VH-FN-A11-0004,null,null,null,null,null,null,null,null,null,new,allocated,null,2026-04-10 22:55:20.97926+00,null,null,null,null,null,null,null,null,null,false,,null
5d1e1809-a3be-4fa4-9f6b-69ec87bed164,00000000-0000-0000-0000-000000000001,b1000000-0000-0000-0000-000000000005,VH-IS-A11-0001,null,MB41134F25042085,Prestige,null,2025-08-13,1890.00,70867748-0c93-da0a-ed78-a6a3d4a605c7,null,null,new,allocated,No invoice available. Recorded from Excel. Requires invoice,2026-04-10 22:55:20.97926+00,null,2025-08-13,null,Online Purchase (Unknown Vendor),230V 1600 Watts,null,null,null,null,true,,null
408088bc-8911-4fed-a69d-2a34f35c1055,00000000-0000-0000-0000-000000000001,b1000000-0000-0000-0000-000000000009,VH-MA-A11-0001,null,null,null,Duroflex LIVE2IN1172003600GREYFP Coir,2025-08-05,4599.65,c97a258e-bf13-8dc4-67fa-a8c1c8d0be04,null,null,new,allocated,null,2026-04-10 22:55:20.97926+00,4250442001,2025-08-05,asset-invoices/vista heights/Duro Flex-1.pdf,Duroflex Pvt Ltd,null,null,null,null,null,false,,null
acdb0a61-293f-4fc3-9618-7a489fccb393,00000000-0000-0000-0000-000000000001,b1000000-0000-0000-0000-000000000009,VH-MA-A11-0002,null,null,null,Duroflex Coir Mattress,2025-08-05,4599.65,c97a258e-bf13-8dc4-67fa-a8c1c8d0be04,null,null,new,allocated,null,2026-04-10 22:55:20.97926+00,4250442001,2025-08-05,asset-invoices/vista heights/Duro Flex-1.pdf,Duroflex Pvt Ltd,null,null,null,null,null,false,,null
88d23aa7-9d23-4269-af47-cd6ed26894ab,00000000-0000-0000-0000-000000000001,b1000000-0000-0000-0000-000000000009,VH-MA-A11-0003,null,null,null,Duroflex Coir Mattress,2025-08-05,4599.65,c97a258e-bf13-8dc4-67fa-a8c1c8d0be04,null,null,new,allocated,null,2026-04-10 22:55:20.97926+00,4250442001,2025-08-05,asset-invoices/vista heights/Duro Flex-1.pdf,Duroflex Pvt Ltd,null,null,null,null,null,false,,null
606383b6-81a7-4c7b-8de3-09b5aaed8911,00000000-0000-0000-0000-000000000001,b1000000-0000-0000-0000-000000000009,VH-MA-A11-0004,null,null,null,Duroflex Coir Mattress,2025-08-05,4599.65,c97a258e-bf13-8dc4-67fa-a8c1c8d0be04,null,null,new,allocated,null,2026-04-10 22:55:20.97926+00,4250442001,2025-08-05,asset-invoices/vista heights/Duro Flex-1.pdf,Duroflex Pvt Ltd,null,null,null,null,null,false,,null
7b4e8f5f-a901-41dd-b6dc-ce93e1fd0022,00000000-0000-0000-0000-000000000001,b1000000-0000-0000-0000-000000000009,VH-MA-A11-0005,null,null,null,Duroflex Coir Mattress,2025-08-05,4599.65,c97a258e-bf13-8dc4-67fa-a8c1c8d0be04,null,null,new,allocated,null,2026-04-10 22:55:20.97926+00,4250442001,2025-08-05,asset-invoices/vista heights/Duro Flex-1.pdf,Duroflex Pvt Ltd,null,null,null,null,null,false,,null
42630e09-f024-4e3d-94c6-e2d880bfd980,00000000-0000-0000-0000-000000000001,b1000000-0000-0000-0000-000000000004,VH-MW-A11-0001,null,255PULCTFU02851,Panasonic,NN-SM25JBFDG,2025-07-29,6289.00,a955f0b4-9279-a80c-df59-b74588c36720,null,null,new,allocated,Amazon invoice SMAB-87601.,2026-04-10 22:55:20.97926+00,SMAB-87601,2025-07-29,asset-invoices/vista heights/invoice-70.pdf,Amazon,230V 1250 Watts,null,null,null,null,false,,null
524430a2-c574-48fc-b517-e233b50fb133,00000000-0000-0000-0000-000000000001,b1000000-0000-0000-0000-000000000003,VH-RF-A11-0001,null,null,Samsung,RR20C1724CU/HL/2025,2025-07-29,15290.00,a955f0b4-9279-a80c-df59-b74588c36720,null,null,new,allocated,Amazon invoice RSZX-8016.,2026-04-10 22:55:20.97926+00,RSZX-8016,2025-07-29,asset-invoices/vista heights/invoice-79.pdf,Amazon (DAWNTECH ELECTRONICS),183 Liters,null,null,null,null,false,,null
0325290a-dbc8-48bf-9d1e-2810811aa692,00000000-0000-0000-0000-000000000001,b1000000-0000-0000-0000-000000000007,VH-RO-A11-0001,null,null,Aqua Mars,null,2025-07-31,7000.00,df4e3fb8-4557-884d-f82f-c411e8707351,12,2026-07-31,new,allocated,RO New. Bill number available.,2026-04-10 22:55:20.97926+00,1364,2025-07-31,null,Adyar Aqua House,null,null,null,null,null,false,,null
71be3747-375d-4ea0-a888-f55fc54aebae,00000000-0000-0000-0000-000000000001,b1000000-0000-0000-0000-000000000012,VH-SF-A11-0001,null,null,null,Marvel Sofa,2025-08-04,7800.00,1f1c91d5-56b6-641b-e035-aa2fc4782999,null,null,new,allocated,null,2026-04-10 22:55:20.97926+00,SF/25-26/72,2025-08-04,null,Smart Furniture,null,null,null,null,null,false,,null
c10fbdd0-ea26-4978-9f92-5524d8d50195,00000000-0000-0000-0000-000000000001,b1000000-0000-0000-0000-000000000011,VH-ST-A11-0001,null,null,null,Study Table 3x6,2025-08-02,3150.00,1f1c91d5-56b6-641b-e035-aa2fc4782999,null,null,new,allocated,null,2026-04-10 22:55:20.97926+00,SF/25-26/70,2025-08-02,null,Smart Furniture,null,null,null,null,null,false,,null
619e3ed8-c122-4d37-9a77-deca87cddd14,00000000-0000-0000-0000-000000000001,b1000000-0000-0000-0000-000000000011,VH-ST-A11-0002,null,null,null,Study Table 3x6,2025-08-02,3150.00,1f1c91d5-56b6-641b-e035-aa2fc4782999,null,null,good,allocated,null,2026-04-10 22:55:20.97926+00,SF/25-26/70,2025-08-02,null,Smart Furniture,null,null,null,null,null,false,,null
6666033d-741a-4c99-ba36-5f71eb95ee26,00000000-0000-0000-0000-000000000001,b1000000-0000-0000-0000-000000000011,VH-ST-A11-0003,null,null,null,Study Table 3x6,2025-08-02,3150.00,1f1c91d5-56b6-641b-e035-aa2fc4782999,null,null,good,allocated,null,2026-04-10 22:55:20.97926+00,SF/25-26/70,2025-08-02,null,Smart Furniture,null,null,null,null,null,false,,null
73b15a6e-3200-4063-ac3c-914d027d0482,00000000-0000-0000-0000-000000000001,b1000000-0000-0000-0000-000000000011,VH-ST-A11-0004,null,null,null,null,null,null,6afd6acf-2cf1-410d-b74e-2d7fa6159f33,null,null,new,allocated,null,2026-04-10 22:55:20.97926+00,null,null,null,Shifa Stores,null,null,null,null,null,false,,null
0e70e5ad-aa2b-4ab7-b2f9-1957079bab78,00000000-0000-0000-0000-000000000001,b1000000-0000-0000-0000-000000000011,VH-ST-A11-0005,null,null,null,null,null,null,6afd6acf-2cf1-410d-b74e-2d7fa6159f33,null,null,new,allocated,null,2026-04-10 22:55:20.97926+00,null,null,null,Shifa Stores,null,null,null,null,null,false,,null
c7066361-60be-4b4e-a8d5-05208c4bf674,00000000-0000-0000-0000-000000000001,b1000000-0000-0000-0000-000000000024,VH-SS-A12-0001,null,null,null,null,null,null,null,null,null,good,allocated,null,2026-04-10 22:55:20.97926+00,null,null,null,null,null,null,null,null,null,false,,null
f15838f4-7a3b-41e0-9d13-18bbdac92b10,00000000-0000-0000-0000-000000000001,b1000000-0000-0000-0000-000000000010,VH-WD-A11-0001,null,null,null,Single Door Wardrobe,2025-08-02,4800.00,1f1c91d5-56b6-641b-e035-aa2fc4782999,null,null,good,allocated,null,2026-04-10 22:55:20.97926+00,SF/25-26/70,2025-08-02,null,Smart Furniture,null,null,null,null,null,false,,null
55644e44-e138-4d08-9daf-445cf2012210,00000000-0000-0000-0000-000000000001,b1000000-0000-0000-0000-000000000010,VH-WD-A11-0002,null,null,null,Single Door Wardrobe,2025-08-02,4800.00,1f1c91d5-56b6-641b-e035-aa2fc4782999,null,null,good,allocated,null,2026-04-10 22:55:20.97926+00,SF/25-26/70,2025-08-02,null,Smart Furniture,null,null,null,null,null,false,,null
6ce198d6-f9cf-43f0-bb8d-37a92c5d0310,00000000-0000-0000-0000-000000000001,b1000000-0000-0000-0000-000000000010,VH-WD-A11-0003,null,null,null,Single Door Wardrobe,2025-08-02,4800.00,1f1c91d5-56b6-641b-e035-aa2fc4782999,null,null,good,allocated,null,2026-04-10 22:55:20.97926+00,SF/25-26/70,2025-08-02,null,Smart Furniture,null,null,null,null,null,false,,null
504ebac1-c8eb-4a75-9001-1ab3673d0d61,00000000-0000-0000-0000-000000000001,b1000000-0000-0000-0000-000000000010,VH-WD-A11-0004,null,null,null,Single Door Wardrobe With Mirror,2025-06-17,4194.92,1f1c91d5-56b6-641b-e035-aa2fc4782999,null,null,good,allocated,null,2026-04-10 22:55:20.97926+00,SF/25-26/25,2025-06-17,asset-invoices/vista heights/Smart Furniture bill.pdf,Smart Furniture,null,null,null,null,null,false,,null
20f9a927-f62d-4cfe-afb3-86a889d8289f,00000000-0000-0000-0000-000000000001,b1000000-0000-0000-0000-000000000002,VH-WM-A11-0001,null,null,Samsung,WA70A4002GS/2025,2025-07-29,15290.00,a955f0b4-9279-a80c-df59-b74588c36720,null,null,new,allocated,Amazon invoice RSZX-8017. Samsung 7kg Fully-Automatic Top Lo,2026-04-10 22:55:20.97926+00,RSZX-8017,2025-07-29,asset-invoices/vista heights/invoice-74.pdf,Amazon (DAWNTECH ELECTRONICS),7.0 Kg,null,null,null,null,false,,null
3dcde4e4-b93d-47ca-bb2b-6cf540d73913,00000000-0000-0000-0000-000000000001,b1000000-0000-0000-0000-000000000022,VH-WH-A11-0001,null,19090038606690,Venus,3P30,null,null,null,null,null,new,allocated,null,2026-04-10 22:55:20.97926+00,null,null,null,null,3 lites / 3000 W/230v,null,null,null,null,false,,null
bb608c97-fb57-4dff-8b3f-bd2bdd3cfefa,00000000-0000-0000-0000-000000000001,b1000000-0000-0000-0000-000000000022,VH-WH-A11-0002,null,19090038606687,Venus,3P30,null,null,null,null,null,new,allocated,null,2026-04-10 22:55:20.97926+00,null,null,null,null,3 lites / 3000 W/230v,null,null,null,null,false,,null
c3244668-b722-40c0-b19b-e0c31814cc52,00000000-0000-0000-0000-000000000001,b1000000-0000-0000-0000-000000000006,VH-AL-A12-0001,null,null,null,null,2025-07-22,8840.00,null,null,null,good,allocated,"ACCL device purchase. Bill 682. Fixing charges ₹1,000 record",2026-04-10 22:55:20.97926+00,682,2025-07-22,null,ACCL Vendor,null,null,null,null,null,false,,null
7c736843-8e67-42a0-ad37-46f0794f96a2,00000000-0000-0000-0000-000000000001,b1000000-0000-0000-0000-000000000001,VH-AC-A12-0001,null,SEA0Q606M31,Hitachi,RAS.B312PCA1BA1,2025-07-30,31500.00,null,null,null,good,allocated,Invoice CI/CAB/536 dated 30/07/2025. 5yr comprehensive warra,2026-04-10 22:55:20.97926+00,CI/CAB/536,2025-07-30,asset-invoices/vista heights/AC Purchase.pdf,Cabco Paradise (P) Ltd,null,null,null,null,null,false,,null
baa0543d-6af0-4f49-8a6f-e75000c7c10b,00000000-0000-0000-0000-000000000001,b1000000-0000-0000-0000-000000000001,VH-AC-A12-0002,null,SEB0A74N616,Hitachi,RAS.B312PCAIBA1,2025-07-30,31500.00,null,null,null,good,allocated,Invoice CI/CAB/536 dated 30/07/2025. 5yr comprehensive warra,2026-04-10 22:55:20.97926+00,CI/CAB/536,2025-07-30,asset-invoices/vista heights/AC Purchase.pdf,Cabco Paradise (P) Ltd,null,null,null,null,null,false,,null
30f2ceb7-a517-4770-9a35-c55d4c25903a,00000000-0000-0000-0000-000000000001,b1000000-0000-0000-0000-000000000001,VH-AC-A12-0003,null,SEB0A49H681,Hitachi,RAS.B312PCAIBA1,2025-07-30,31500.00,null,null,null,good,allocated,Invoice CI/CAB/536 dated 30/07/2025. 5yr comprehensive warra,2026-04-10 22:55:20.97926+00,CI/CAB/536,2025-07-30,asset-invoices/vista heights/AC Purchase.pdf,Cabco Paradise (P) Ltd,null,null,null,null,null,false,,null
471a2a61-0105-46b3-97e6-5621254f8a34,00000000-0000-0000-0000-000000000001,b1000000-0000-0000-0000-000000000014,VH-CT-A12-0001,null,null,null,Center Table,2025-08-02,1450.00,1f1c91d5-56b6-641b-e035-aa2fc4782999,null,null,good,allocated,null,2026-04-10 22:55:20.97926+00,SF/25-26/70,2025-08-02,null,Smart Furniture,null,null,null,null,null,false,,null
6c249b59-8091-4307-b7dc-c22d108cbc24,00000000-0000-0000-0000-000000000001,b1000000-0000-0000-0000-000000000021,VH-CH-A12-0001,null,null,null,null,null,null,null,null,null,good,allocated,null,2026-04-10 22:55:20.97926+00,null,null,null,null,null,null,null,null,null,false,,null
9ade6e41-c16f-4874-972e-597ecd2eed67,00000000-0000-0000-0000-000000000001,b1000000-0000-0000-0000-000000000021,VH-CH-A12-0002,null,null,null,null,null,null,null,null,null,good,allocated,null,2026-04-10 22:55:20.97926+00,null,null,null,null,null,null,null,null,null,false,,null
832be97a-ad70-4a9f-a5c8-a72c61f487cb,00000000-0000-0000-0000-000000000001,b1000000-0000-0000-0000-000000000021,VH-CH-A12-0003,null,null,null,null,null,null,null,null,null,good,allocated,null,2026-04-10 22:55:20.97926+00,null,null,null,null,null,null,null,null,null,false,,null
8f320136-8123-4b5f-8731-479f266ebf13,00000000-0000-0000-0000-000000000001,b1000000-0000-0000-0000-000000000008,VH-CO-A12-0001,null,null,null,COT 3x6,2025-08-02,6950.00,1f1c91d5-56b6-641b-e035-aa2fc4782999,null,null,good,allocated,null,2026-04-10 22:55:20.97926+00,SF/25-26/70,2025-08-02,null,Smart Furniture,null,null,null,null,null,false,,null
ce9c7e2d-43f2-4489-acd1-cf34cb5b5ea5,00000000-0000-0000-0000-000000000001,b1000000-0000-0000-0000-000000000008,VH-CO-A12-0002,null,null,null,COT 3x6,2025-08-02,6950.00,1f1c91d5-56b6-641b-e035-aa2fc4782999,null,null,good,allocated,null,2026-04-10 22:55:20.97926+00,SF/25-26/70,2025-08-02,null,Smart Furniture,null,null,null,null,null,false,,null
49feb165-92c1-4e3c-9d3b-a65d29d80c5a,00000000-0000-0000-0000-000000000001,b1000000-0000-0000-0000-000000000008,VH-CO-A12-0003,null,null,null,COT 3x6,2025-08-02,6950.00,1f1c91d5-56b6-641b-e035-aa2fc4782999,null,null,good,allocated,null,2026-04-10 22:55:20.97926+00,SF/25-26/70,2025-08-02,null,Smart Furniture,null,null,null,null,null,false,,null
61506952-e2b5-4200-b996-0e1120e3b6db,00000000-0000-0000-0000-000000000001,b1000000-0000-0000-0000-000000000008,VH-CO-A12-0004,null,null,null,COT 3x6,2025-08-02,6950.00,1f1c91d5-56b6-641b-e035-aa2fc4782999,null,null,good,allocated,null,2026-04-10 22:55:20.97926+00,SF/25-26/70,2025-08-02,null,Smart Furniture,null,null,null,null,null,false,,null
e36c7f96-468a-4f85-ab72-b1f06d7c3280,00000000-0000-0000-0000-000000000001,b1000000-0000-0000-0000-000000000008,VH-CO-A12-0005,null,null,null,COT 3x6,2025-08-02,6950.00,1f1c91d5-56b6-641b-e035-aa2fc4782999,null,null,good,allocated,null,2026-04-10 22:55:20.97926+00,SF/25-26/70,2025-08-02,null,Smart Furniture,null,null,null,null,null,false,,null
29c552f8-59a0-4a87-9dc5-8e7e32dc0928,00000000-0000-0000-0000-000000000001,c9000001-0000-0000-0000-000000000001,VH-CB-A12-0001,null,null,null,null,null,null,null,null,null,good,allocated,null,2026-04-10 22:55:20.97926+00,null,null,null,null,null,null,null,null,null,false,,null
3a224b59-0dd0-4f95-84b6-801bb8ccfe6d,00000000-0000-0000-0000-000000000001,c9000001-0000-0000-0000-000000000001,VH-CB-A12-0002,null,null,null,null,null,null,null,null,null,good,allocated,null,2026-04-10 22:55:20.97926+00,null,null,null,null,null,null,null,null,null,false,,null
b7442893-3874-48c9-a15e-29dfcfe82af9,00000000-0000-0000-0000-000000000001,c9000001-0000-0000-0000-000000000001,VH-CB-A12-0003,null,null,null,null,null,null,null,null,null,good,allocated,null,2026-04-10 22:55:20.97926+00,null,null,null,null,null,null,null,null,null,false,,null
ebaf125f-5591-41a8-aa54-76d858dd7e3f,00000000-0000-0000-0000-000000000001,c9000001-0000-0000-0000-000000000001,VH-CB-A12-0004,null,null,null,null,null,null,null,null,null,good,allocated,null,2026-04-10 22:55:20.97926+00,null,null,null,null,null,null,null,null,null,false,,null
3864cf12-52be-4176-bd29-9c54288244b5,00000000-0000-0000-0000-000000000001,c9000001-0000-0000-0000-000000000001,VH-CB-A12-0005,null,null,null,null,null,null,null,null,null,good,allocated,null,2026-04-10 22:55:20.97926+00,null,null,null,null,null,null,null,null,null,false,,null
48f6f0d2-30f5-47ab-a1ff-e93ffccadc1d,00000000-0000-0000-0000-000000000001,b1000000-0000-0000-0000-000000000013,VH-DT-A12-0001,null,null,null,Dining Table,2025-09-09,4600.00,1f1c91d5-56b6-641b-e035-aa2fc4782999,null,null,good,allocated,null,2026-04-10 22:55:20.97926+00,SF/25-26/84,2025-09-09,null,Smart Furniture,null,null,null,null,null,false,,null
a99fdc58-1005-488c-aa22-e374d6cb53d9,00000000-0000-0000-0000-000000000001,b1000000-0000-0000-0000-000000000020,VH-FN-A12-0001,null,null,null,null,null,null,null,null,null,good,allocated,null,2026-04-10 22:55:20.97926+00,null,null,null,null,null,null,null,null,null,false,,null
6fc0e5b5-8ce6-43ab-a30c-deebe4be47bd,00000000-0000-0000-0000-000000000001,b1000000-0000-0000-0000-000000000020,VH-FN-A12-0002,null,null,null,null,null,null,null,null,null,good,allocated,null,2026-04-10 22:55:20.97926+00,null,null,null,null,null,null,null,null,null,false,,null
2aad7f3b-4f26-4119-b806-c2d5fd371310,00000000-0000-0000-0000-000000000001,b1000000-0000-0000-0000-000000000020,VH-FN-A12-0003,null,null,null,null,null,null,null,null,null,good,allocated,null,2026-04-10 22:55:20.97926+00,null,null,null,null,null,null,null,null,null,false,,null
63abfed1-307e-4b4a-ad9b-fed25d492ef3,00000000-0000-0000-0000-000000000001,b1000000-0000-0000-0000-000000000020,VH-FN-A12-0004,null,null,null,null,null,null,null,null,null,good,allocated,null,2026-04-10 22:55:20.97926+00,null,null,null,null,null,null,null,null,null,false,,null
cf86ad66-889c-4dd5-af13-8a73a2485327,00000000-0000-0000-0000-000000000001,b1000000-0000-0000-0000-000000000005,VH-IS-A12-0001,null,MB50204B25003066,Judge,Optima Plus,2025-08-08,1890.00,70867748-0c93-da0a-ed78-a6a3d4a605c7,null,null,good,allocated,No invoice available. Recorded from Excel. Requires invoice,2026-04-10 22:55:20.97926+00,null,2025-08-08,null,Online Purchase (Unknown Vendor),null,null,null,null,null,true,,null
9791b1b8-b88b-44ec-a6dc-fb083b8f96d7,00000000-0000-0000-0000-000000000001,b1000000-0000-0000-0000-000000000009,VH-MA-A12-0001,null,null,null,Duroflex Coir Mattress,2025-08-05,4599.65,c97a258e-bf13-8dc4-67fa-a8c1c8d0be04,null,null,new,allocated,null,2026-04-10 22:55:20.97926+00,4250442001,2025-08-05,asset-invoices/vista heights/Duro Flex-1.pdf,Duroflex Pvt Ltd,null,null,null,null,null,false,,null
fe25cd2d-6e9e-498a-9c2f-c2dc56529d86,00000000-0000-0000-0000-000000000001,b1000000-0000-0000-0000-000000000009,VH-MA-A12-0002,null,null,null,Duroflex Coir Mattress,2025-08-05,4599.65,c97a258e-bf13-8dc4-67fa-a8c1c8d0be04,null,null,good,allocated,null,2026-04-10 22:55:20.97926+00,4250442001,2025-08-05,asset-invoices/vista heights/Duro Flex-1.pdf,Duroflex Pvt Ltd,null,null,null,null,null,false,,null
051c0296-7d8e-493e-854f-ea4de5e3cfcf,00000000-0000-0000-0000-000000000001,b1000000-0000-0000-0000-000000000009,VH-MA-A12-0003,null,null,null,Duroflex Coir Mattress,2025-08-05,4599.65,c97a258e-bf13-8dc4-67fa-a8c1c8d0be04,null,null,new,allocated,null,2026-04-10 22:55:20.97926+00,4250442001,2025-08-05,asset-invoices/vista heights/Duro Flex-1.pdf,Duroflex Pvt Ltd,null,null,null,null,null,false,,null
9679fae7-48d6-4017-bd1e-e28cf1708aa8,00000000-0000-0000-0000-000000000001,b1000000-0000-0000-0000-000000000009,VH-MA-A12-0004,null,null,null,Duroflex Coir Mattress,2025-08-05,4599.65,c97a258e-bf13-8dc4-67fa-a8c1c8d0be04,null,null,new,allocated,null,2026-04-10 22:55:20.97926+00,4250442001,2025-08-05,asset-invoices/vista heights/Duro Flex-1.pdf,Duroflex Pvt Ltd,null,null,null,null,null,false,,null
4684a44b-6a7b-4c27-b3bf-4592ccb44eee,00000000-0000-0000-0000-000000000001,b1000000-0000-0000-0000-000000000009,VH-MA-A12-0005,null,null,null,Duroflex Coir Mattress,2025-08-05,4599.65,c97a258e-bf13-8dc4-67fa-a8c1c8d0be04,null,null,new,allocated,null,2026-04-10 22:55:20.97926+00,4250442001,2025-08-05,asset-invoices/vista heights/Duro Flex-1.pdf,Duroflex Pvt Ltd,null,null,null,null,null,false,,null
53b66cdb-6740-4046-b7fd-4bb51f268e44,00000000-0000-0000-0000-000000000001,b1000000-0000-0000-0000-000000000004,VH-MW-A12-0001,null,256PULCTEU04342,Panasonic,NN-ST26JMFDG,2025-09-07,5740.00,a955f0b4-9279-a80c-df59-b74588c36720,null,null,good,allocated,Amazon invoice SHTX-1173.,2026-04-10 22:55:20.97926+00,SHTX-1173,2025-09-07,asset-invoices/vista heights/invoice-66.pdf,Amazon,null,null,null,null,null,false,,null
c6c692d3-8a04-473b-94a2-a0b433c16cc7,00000000-0000-0000-0000-000000000001,b1000000-0000-0000-0000-000000000003,VH-RF-A12-0001,null,null,Samsung,RR20C1724CU/HL/2025,2025-07-29,15290.00,a955f0b4-9279-a80c-df59-b74588c36720,null,null,good,allocated,Amazon invoice RSZX-8019.,2026-04-10 22:55:20.97926+00,RSZX-8019,2025-07-29,asset-invoices/vista heights/invoice-78.pdf,Amazon (DAWNTECH ELECTRONICS),null,null,null,null,null,false,,null
2d352216-2da2-4a5d-90b6-cd5be136e002,00000000-0000-0000-0000-000000000001,b1000000-0000-0000-0000-000000000007,VH-RO-A12-0001,null,null,Aqua Mars,null,2025-07-31,7000.00,df4e3fb8-4557-884d-f82f-c411e8707351,null,null,new,allocated,RO New. Bill number available.,2026-04-10 22:55:20.97926+00,1365,2025-07-31,null,Adyar Aqua House,null,null,null,null,null,false,,null
9a14ad58-c9b9-4f04-acf3-1db2f40800af,00000000-0000-0000-0000-000000000001,b1000000-0000-0000-0000-000000000012,VH-SF-A12-0001,null,null,null,Marvel Sofa,2025-08-04,7800.00,1f1c91d5-56b6-641b-e035-aa2fc4782999,null,null,good,allocated,null,2026-04-10 22:55:20.97926+00,SF/25-26/72,2025-08-04,null,Smart Furniture,null,null,null,null,null,false,,null
f5b7e3f9-21f2-45ed-bef1-ad6fc4063d20,00000000-0000-0000-0000-000000000001,b1000000-0000-0000-0000-000000000011,VH-ST-A12-0001,null,null,null,Study Table 3x6,2025-08-02,3150.00,1f1c91d5-56b6-641b-e035-aa2fc4782999,null,null,good,allocated,null,2026-04-10 22:55:20.97926+00,SF/25-26/70,2025-08-02,null,Smart Furniture,null,null,null,null,null,false,,null
b2786642-8957-4ab4-bc7b-5f2ca42a6894,00000000-0000-0000-0000-000000000001,b1000000-0000-0000-0000-000000000011,VH-ST-A12-0002,null,null,null,Study Table 3x6,2025-08-02,3150.00,1f1c91d5-56b6-641b-e035-aa2fc4782999,null,null,good,allocated,null,2026-04-10 22:55:20.97926+00,SF/25-26/70,2025-08-02,null,Smart Furniture,null,null,null,null,null,false,,null
5014f5c7-d65f-4476-8d94-cdda6f5af954,00000000-0000-0000-0000-000000000001,b1000000-0000-0000-0000-000000000011,VH-ST-A12-0003,null,null,null,Study Table 3x6,2025-08-02,3150.00,1f1c91d5-56b6-641b-e035-aa2fc4782999,null,null,good,allocated,null,2026-04-10 22:55:20.97926+00,SF/25-26/70,2025-08-02,null,Smart Furniture,null,null,null,null,null,false,,null
97a6e1c1-974f-4a98-ad25-14092fb60285,00000000-0000-0000-0000-000000000001,b1000000-0000-0000-0000-000000000011,VH-ST-A12-0004,null,null,null,null,null,null,null,null,null,good,allocated,null,2026-04-10 22:55:20.97926+00,null,null,null,null,null,null,null,null,null,false,,null
a434f145-0ddf-4620-881f-5551cde86076,00000000-0000-0000-0000-000000000001,b1000000-0000-0000-0000-000000000011,VH-ST-A12-0005,null,null,null,null,null,null,null,null,null,good,allocated,null,2026-04-10 22:55:20.97926+00,null,null,null,null,null,null,null,null,null,false,,null
b22709fb-8da1-48f0-9bdf-488592e889ee,00000000-0000-0000-0000-000000000001,b1000000-0000-0000-0000-000000000026,VH-TV-A12-0001,null,null,null,null,null,null,null,null,null,good,allocated,null,2026-04-10 22:55:20.97926+00,null,null,null,null,null,null,null,null,null,false,,null
84688bd8-abad-441f-9cd8-9f8f2c669cc6,00000000-0000-0000-0000-000000000001,b1000000-0000-0000-0000-000000000010,VH-WD-A12-0001,null,null,null,Single Door Wardrobe,2025-08-02,4800.00,1f1c91d5-56b6-641b-e035-aa2fc4782999,null,null,good,allocated,null,2026-04-10 22:55:20.97926+00,SF/25-26/70,2025-08-02,null,Smart Furniture,null,null,null,null,null,false,,null
e4b56ca3-b2f6-4889-be71-ca2f993cfcef,00000000-0000-0000-0000-000000000001,b1000000-0000-0000-0000-000000000010,VH-WD-A12-0002,null,null,null,Single Door Wardrobe,2025-08-02,4800.00,1f1c91d5-56b6-641b-e035-aa2fc4782999,null,null,good,allocated,null,2026-04-10 22:55:20.97926+00,SF/25-26/70,2025-08-02,null,Smart Furniture,null,null,null,null,null,false,,null
52be8901-7942-42bf-9176-06505fed334b,00000000-0000-0000-0000-000000000001,b1000000-0000-0000-0000-000000000010,VH-WD-A12-0003,null,null,null,Single Door Wardrobe,2025-08-02,4800.00,1f1c91d5-56b6-641b-e035-aa2fc4782999,null,null,good,allocated,null,2026-04-10 22:55:20.97926+00,SF/25-26/70,2025-08-02,null,Smart Furniture,null,null,null,null,null,false,,null
328ece74-5dd5-47cd-863b-662e18012180,00000000-0000-0000-0000-000000000001,b1000000-0000-0000-0000-000000000010,VH-WD-A12-0004,null,null,null,Single Door Wardrobe,2025-08-02,4800.00,1f1c91d5-56b6-641b-e035-aa2fc4782999,null,null,good,allocated,null,2026-04-10 22:55:20.97926+00,SF/25-26/70,2025-08-02,null,Smart Furniture,null,null,null,null,null,false,,null
964f1e8e-c69a-4356-b3aa-5f59795c3739,00000000-0000-0000-0000-000000000001,b1000000-0000-0000-0000-000000000010,VH-WD-A12-0005,null,null,null,Single Door Wardrobe,2025-08-02,4800.00,1f1c91d5-56b6-641b-e035-aa2fc4782999,null,null,good,allocated,null,2026-04-10 22:55:20.97926+00,SF/25-26/70,2025-08-02,null,Smart Furniture,null,null,null,null,null,false,,null
9f9f07a2-aadd-4a53-a014-38d27e275b28,00000000-0000-0000-0000-000000000001,b1000000-0000-0000-0000-000000000002,VH-WM-A12-0001,null,04KT5PBY401795N,Samsung,WA70A4002GS/2025,2025-07-29,15290.00,a955f0b4-9279-a80c-df59-b74588c36720,null,null,good,allocated,Amazon invoice RSZX-8018. Samsung 7kg Fully-Automatic Top Lo,2026-04-10 22:55:20.97926+00,RSZX-8018,2025-07-29,asset-invoices/vista heights/invoice-75.pdf,Amazon (DAWNTECH ELECTRONICS),183-L,null,null,null,null,false,,null
670130e0-116d-4992-aa65-1d9afe592bb7,00000000-0000-0000-0000-000000000001,b1000000-0000-0000-0000-000000000022,VH-WH-A12-0001,null,19070038603635,Venus,3P30,null,null,null,null,null,good,allocated,null,2026-04-10 22:55:20.97926+00,null,null,null,null,3 lites / 3000 W/230v,null,null,null,null,false,,null
c7e281a5-6e1d-4ef1-8858-781b88c98471,00000000-0000-0000-0000-000000000001,b1000000-0000-0000-0000-000000000022,VH-WH-A12-0002,null,null,null,null,null,null,null,null,null,good,allocated,null,2026-04-10 22:55:20.97926+00,null,null,null,null,null,null,null,null,null,false,,null
6b304c3f-616d-4dd8-ba7b-5c50efebba7d,00000000-0000-0000-0000-000000000001,b1000000-0000-0000-0000-000000000022,VH-WH-A12-0003,null,Not Availble,Venus,3P30,null,null,null,null,null,good,allocated,null,2026-04-10 22:55:20.97926+00,null,null,null,null,3 lites / 3000 W/230v,null,null,null,null,false,,null
022b0aa4-a8ee-448f-bac2-7866c3ab2443,00000000-0000-0000-0000-000000000001,b1000000-0000-0000-0000-000000000006,VH-AL-A22-0001,null,null,null,null,2025-07-22,8840.00,null,null,null,good,allocated,"ACCL device purchase. Bill 682. Fixing charges ₹1,000 record",2026-04-10 22:55:20.97926+00,682,2025-07-22,null,ACCL Vendor,null,null,null,null,null,false,,null
2d1918a4-981d-42f1-ae20-b04652453276,00000000-0000-0000-0000-000000000001,b1000000-0000-0000-0000-000000000001,VH-AC-A22-0001,null,null,null,Hitachi AC I/O 1.0T 3FS SENPAI RAS.B312PCAIBA1,2025-07-30,31500.00,null,null,null,good,allocated,Invoice CI/CAB/536 dated 30/07/2025. 5yr comprehensive warra,2026-04-10 22:55:20.97926+00,CI/CAB/536,2025-07-30,asset-invoices/vista heights/AC Purchase.pdf,Cabco Paradise (P) Ltd,null,null,null,null,null,false,,null
00052eb3-d252-4c13-99b0-fd1ca3ece733,00000000-0000-0000-0000-000000000001,b1000000-0000-0000-0000-000000000014,VH-CT-A22-0001,null,null,null,Center Table,2025-08-02,1450.00,1f1c91d5-56b6-641b-e035-aa2fc4782999,null,null,good,allocated,null,2026-04-10 22:55:20.97926+00,SF/25-26/70,2025-08-02,null,Smart Furniture,null,null,null,null,null,false,,null
687bc14c-3a33-4179-b3ff-ef411a85c513,00000000-0000-0000-0000-000000000001,b1000000-0000-0000-0000-000000000008,VH-CO-A22-0001,null,null,null,COT 3x6,2025-08-02,6950.00,1f1c91d5-56b6-641b-e035-aa2fc4782999,null,null,good,allocated,null,2026-04-10 22:55:20.97926+00,SF/25-26/70,2025-08-02,null,Smart Furniture,null,null,null,null,null,false,,null
2dcfb37d-8a87-4ea3-9a2a-fc3eb6667edf,00000000-0000-0000-0000-000000000001,b1000000-0000-0000-0000-000000000008,VH-CO-A22-0002,null,null,null,COT 3x6,2025-08-02,6950.00,1f1c91d5-56b6-641b-e035-aa2fc4782999,null,null,good,allocated,null,2026-04-10 22:55:20.97926+00,SF/25-26/70,2025-08-02,null,Smart Furniture,null,null,null,null,null,false,,null
d7c47856-8a29-4070-9744-df4de6ba478d,00000000-0000-0000-0000-000000000001,b1000000-0000-0000-0000-000000000008,VH-CO-A22-0003,null,null,null,COT 3x6,2025-08-02,6950.00,1f1c91d5-56b6-641b-e035-aa2fc4782999,null,null,good,allocated,null,2026-04-10 22:55:20.97926+00,SF/25-26/70,2025-08-02,null,Smart Furniture,null,null,null,null,null,false,,null
4313f33a-2b56-4907-a265-9ffeeaa522c1,00000000-0000-0000-0000-000000000001,b1000000-0000-0000-0000-000000000008,VH-CO-A22-0004,null,null,null,COT 3x6,2025-08-02,6950.00,1f1c91d5-56b6-641b-e035-aa2fc4782999,null,null,good,allocated,null,2026-04-10 22:55:20.97926+00,SF/25-26/70,2025-08-02,null,Smart Furniture,null,null,null,null,null,false,,null
9ca85a29-76e7-4643-a43a-88e188518617,00000000-0000-0000-0000-000000000001,b1000000-0000-0000-0000-000000000008,VH-CO-A22-0005,null,null,null,COT 3x6,2025-08-02,6950.00,1f1c91d5-56b6-641b-e035-aa2fc4782999,null,null,good,allocated,null,2026-04-10 22:55:20.97926+00,SF/25-26/70,2025-08-02,null,Smart Furniture,null,null,null,null,null,false,,null
447f4281-e00b-42d6-bd80-b09cf2bcf35d,00000000-0000-0000-0000-000000000001,b1000000-0000-0000-0000-000000000013,VH-DT-A22-0001,null,null,null,Dining Table,2025-09-09,4600.00,1f1c91d5-56b6-641b-e035-aa2fc4782999,null,null,good,allocated,null,2026-04-10 22:55:20.97926+00,SF/25-26/84,2025-09-09,null,Smart Furniture,null,null,null,null,null,false,,null
12f48c0f-5999-4a6b-b41c-f01596539a27,00000000-0000-0000-0000-000000000001,b1000000-0000-0000-0000-000000000005,VH-IS-A22-0001,null,MB50204B25003063,null,null,2025-08-08,1890.00,70867748-0c93-da0a-ed78-a6a3d4a605c7,null,null,good,allocated,No invoice available. Recorded from Excel. Requires invoice,2026-04-10 22:55:20.97926+00,null,2025-08-08,null,Online Purchase (Unknown Vendor),null,null,null,null,null,true,,null
b4a6fd3d-e58a-4c48-a3b1-dc2be8252755,00000000-0000-0000-0000-000000000001,b1000000-0000-0000-0000-000000000009,VH-MA-A22-0001,null,null,null,Duroflex Coir Mattress,2025-08-05,4599.65,c97a258e-bf13-8dc4-67fa-a8c1c8d0be04,null,null,good,allocated,null,2026-04-10 22:55:20.97926+00,4250442001,2025-08-05,asset-invoices/vista heights/Duro Flex-1.pdf,Duroflex Pvt Ltd,null,null,null,null,null,false,,null
9c23b832-74b3-4d2d-8b4c-527a50362771,00000000-0000-0000-0000-000000000001,b1000000-0000-0000-0000-000000000009,VH-MA-A22-0002,null,null,null,Duroflex Coir Mattress,2025-08-05,4599.65,c97a258e-bf13-8dc4-67fa-a8c1c8d0be04,null,null,good,allocated,null,2026-04-10 22:55:20.97926+00,4250442001,2025-08-05,asset-invoices/vista heights/Duro Flex-1.pdf,Duroflex Pvt Ltd,null,null,null,null,null,false,,null
0e59f13b-9641-43b1-9b00-6a6857756338,00000000-0000-0000-0000-000000000001,b1000000-0000-0000-0000-000000000009,VH-MA-A22-0003,null,null,null,Duroflex Coir Mattress,2025-08-05,4599.65,c97a258e-bf13-8dc4-67fa-a8c1c8d0be04,null,null,good,allocated,null,2026-04-10 22:55:20.97926+00,4250442001,2025-08-05,asset-invoices/vista heights/Duro Flex-1.pdf,Duroflex Pvt Ltd,null,null,null,null,null,false,,null
da9ce613-4b13-4767-9411-a135e5f14eac,00000000-0000-0000-0000-000000000001,b1000000-0000-0000-0000-000000000009,VH-MA-A22-0004,null,null,null,Duroflex Coir Mattress,2025-08-05,4599.65,c97a258e-bf13-8dc4-67fa-a8c1c8d0be04,null,null,good,allocated,null,2026-04-10 22:55:20.97926+00,4250442001,2025-08-05,asset-invoices/vista heights/Duro Flex-1.pdf,Duroflex Pvt Ltd,null,null,null,null,null,false,,null
82367e3b-82a2-49c4-988e-35a492ee6af5,00000000-0000-0000-0000-000000000001,b1000000-0000-0000-0000-000000000009,VH-MA-A22-0005,null,null,null,Duroflex Coir Mattress,2025-08-05,4599.65,c97a258e-bf13-8dc4-67fa-a8c1c8d0be04,null,null,good,allocated,null,2026-04-10 22:55:20.97926+00,4250442001,2025-08-05,asset-invoices/vista heights/Duro Flex-1.pdf,Duroflex Pvt Ltd,null,null,null,null,null,false,,null
0d6292dc-684d-4c3b-a412-8ee5c61a5285,00000000-0000-0000-0000-000000000001,b1000000-0000-0000-0000-000000000004,VH-MW-A22-0001,null,null,null,Panasonic NN-ST26JMFDG 20L Silver,2025-07-29,6289.00,a955f0b4-9279-a80c-df59-b74588c36720,null,null,good,allocated,Amazon invoice SMAB-87599.,2026-04-10 22:55:20.97926+00,SMAB-87599,2025-07-29,asset-invoices/vista heights/invoice-71.pdf,Amazon,null,null,null,null,null,false,,null
aa1744c9-1b38-4618-8a0c-463b28d05b6b,00000000-0000-0000-0000-000000000001,b1000000-0000-0000-0000-000000000003,VH-RF-A22-0001,null,null,null,Samsung RT20C3X22S8/HL 183L 4★ Digital Inverter,2025-07-29,15290.00,a955f0b4-9279-a80c-df59-b74588c36720,null,null,good,allocated,Amazon invoice RSZX-8021.,2026-04-10 22:55:20.97926+00,RSZX-8021,2025-07-29,asset-invoices/vista heights/invoice-76.pdf,Amazon (DAWNTECH ELECTRONICS),null,null,null,null,null,false,,null
66388cb3-50da-4166-a24b-1498d3904916,00000000-0000-0000-0000-000000000001,b1000000-0000-0000-0000-000000000007,VH-RO-A22-0001,null,null,null,null,2025-08-10,7000.00,df4e3fb8-4557-884d-f82f-c411e8707351,null,null,good,allocated,RO New. Bill number available.,2026-04-10 22:55:20.97926+00,1384,2025-08-10,null,Adyar Aqua House,null,null,null,null,null,false,,null
c96b056f-c66e-48ef-a84b-6847a9b8a75c,00000000-0000-0000-0000-000000000001,b1000000-0000-0000-0000-000000000012,VH-SF-A22-0001,null,null,null,Marvel Sofa,2025-08-04,7800.00,1f1c91d5-56b6-641b-e035-aa2fc4782999,null,null,good,allocated,null,2026-04-10 22:55:20.97926+00,SF/25-26/72,2025-08-04,null,Smart Furniture,null,null,null,null,null,false,,null
3bf0a210-d020-4310-948a-388abe414b37,00000000-0000-0000-0000-000000000001,b1000000-0000-0000-0000-000000000011,VH-ST-A22-0001,null,null,null,Study Table 3x6,2025-08-02,3150.00,1f1c91d5-56b6-641b-e035-aa2fc4782999,null,null,good,allocated,null,2026-04-10 22:55:20.97926+00,SF/25-26/70,2025-08-02,null,Smart Furniture,null,null,null,null,null,false,,null
960a5b9f-9b1b-49cc-9aea-6dae2a1a03cb,00000000-0000-0000-0000-000000000001,b1000000-0000-0000-0000-000000000011,VH-ST-A22-0002,null,null,null,Study Table 3x6,2025-08-02,3150.00,1f1c91d5-56b6-641b-e035-aa2fc4782999,null,null,good,allocated,null,2026-04-10 22:55:20.97926+00,SF/25-26/70,2025-08-02,null,Smart Furniture,null,null,null,null,null,false,,null
41fbdd5d-f582-4c40-8bfa-36ecdc229c6f,00000000-0000-0000-0000-000000000001,b1000000-0000-0000-0000-000000000011,VH-ST-A22-0003,null,null,null,Study Table 3x6,2025-08-02,3150.00,1f1c91d5-56b6-641b-e035-aa2fc4782999,null,null,good,allocated,null,2026-04-10 22:55:20.97926+00,SF/25-26/70,2025-08-02,null,Smart Furniture,null,null,null,null,null,false,,null
9221129b-a373-441b-8b48-17d117e1f709,00000000-0000-0000-0000-000000000001,b1000000-0000-0000-0000-000000000010,VH-WD-A22-0001,null,null,null,Single Door Wardrobe,2025-08-02,4800.00,1f1c91d5-56b6-641b-e035-aa2fc4782999,null,null,good,allocated,null,2026-04-10 22:55:20.97926+00,SF/25-26/70,2025-08-02,null,Smart Furniture,null,null,null,null,null,false,,null
bb1905ab-e625-4a64-88fa-6b6f77c1885c,00000000-0000-0000-0000-000000000001,b1000000-0000-0000-0000-000000000010,VH-WD-A22-0002,null,null,null,Single Door Wardrobe,2025-08-02,4800.00,1f1c91d5-56b6-641b-e035-aa2fc4782999,null,null,good,allocated,null,2026-04-10 22:55:20.97926+00,SF/25-26/70,2025-08-02,null,Smart Furniture,null,null,null,null,null,false,,null
3b1b0fd3-65c2-4d4a-8b87-6e6a8625295b,00000000-0000-0000-0000-000000000001,b1000000-0000-0000-0000-000000000010,VH-WD-A22-0003,null,null,null,Single Door Wardrobe,2025-08-02,4800.00,1f1c91d5-56b6-641b-e035-aa2fc4782999,null,null,good,allocated,null,2026-04-10 22:55:20.97926+00,SF/25-26/70,2025-08-02,null,Smart Furniture,null,null,null,null,null,false,,null
39901510-5d14-4754-afd9-47fe760422d1,00000000-0000-0000-0000-000000000001,b1000000-0000-0000-0000-000000000010,VH-WD-A22-0004,null,null,null,Single Door Wardrobe,2025-08-02,4800.00,1f1c91d5-56b6-641b-e035-aa2fc4782999,null,null,good,allocated,null,2026-04-10 22:55:20.97926+00,SF/25-26/70,2025-08-02,null,Smart Furniture,null,null,null,null,null,false,,null
b043d153-9fb3-4491-ad14-2195d503f15c,00000000-0000-0000-0000-000000000001,b1000000-0000-0000-0000-000000000010,VH-WD-A22-0005,null,null,null,Single Door Wardrobe,2025-08-02,4800.00,1f1c91d5-56b6-641b-e035-aa2fc4782999,null,null,good,allocated,null,2026-04-10 22:55:20.97926+00,SF/25-26/70,2025-08-02,null,Smart Furniture,null,null,null,null,null,false,,null
6af9024d-b5bf-4844-b85b-6f3d9349c25e,00000000-0000-0000-0000-000000000001,b1000000-0000-0000-0000-000000000002,VH-WM-A22-0001,null,null,null,Samsung WA70A4002GS/TL 7kg Diamond Drum,2025-07-29,15290.00,a955f0b4-9279-a80c-df59-b74588c36720,null,null,good,allocated,Amazon invoice RSZX-4990. Samsung 7kg Fully-Automatic Top Lo,2026-04-10 22:55:20.97926+00,RSZX-4990,2025-07-29,asset-invoices/vista heights/invoice-80.pdf,Amazon (DAWNTECH ELECTRONICS),null,null,null,null,null,false,,null
35ec240d-87ee-4bcc-b912-3116c4209142,00000000-0000-0000-0000-000000000001,b1000000-0000-0000-0000-000000000001,VH-AC-A23-0001,null,BCX0P9AM80071A,Samsung,AR12RG3BAWKNNA,null,null,null,null,null,good,allocated,null,2026-04-10 22:55:20.97926+00,null,null,null,null,null,null,null,null,null,false,,null
bb6e04f9-78bd-4e10-921f-10a2f48b185f,00000000-0000-0000-0000-000000000001,b1000000-0000-0000-0000-000000000001,VH-AC-A23-0002,null,BCX0P9AM800031N,Samsung,AR12RG3BAWKNNA,null,null,null,null,null,good,allocated,null,2026-04-10 22:55:20.97926+00,null,null,null,null,null,null,null,null,null,false,,null
9a617a18-45e3-4139-8e9b-4babbc1c20eb,00000000-0000-0000-0000-000000000001,b1000000-0000-0000-0000-000000000001,VH-AC-A23-0003,null,BCX0P9AM800050H,Samsung,AR12RG3BAWKNNA,null,null,null,null,null,good,allocated,null,2026-04-10 22:55:20.97926+00,null,null,null,null,null,null,null,null,null,false,,null
a231cb7f-1f73-4c71-b744-141ab46351ac,00000000-0000-0000-0000-000000000001,b1000000-0000-0000-0000-000000000019,VH-BS-A23-0001,null,null,null,null,null,null,null,null,null,good,allocated,null,2026-04-10 22:55:20.97926+00,null,null,null,null,null,null,null,null,null,false,,null
6cc39c41-14cb-4612-be32-381c348ffdff,00000000-0000-0000-0000-000000000001,b1000000-0000-0000-0000-000000000021,VH-CH-A23-0001,null,null,null,null,null,null,null,null,null,good,allocated,null,2026-04-10 22:55:20.97926+00,null,null,null,null,null,null,null,null,null,false,,null
6cffe5b3-c661-44c0-9962-f14b18590c31,00000000-0000-0000-0000-000000000001,b1000000-0000-0000-0000-000000000021,VH-CH-A23-0002,null,null,null,null,null,null,null,null,null,good,allocated,null,2026-04-10 22:55:20.97926+00,null,null,null,null,null,null,null,null,null,false,,null
3b0b696d-a151-4741-8d8b-0637cb94eee3,00000000-0000-0000-0000-000000000001,b1000000-0000-0000-0000-000000000021,VH-CH-A23-0003,null,null,null,null,null,null,null,null,null,good,allocated,null,2026-04-10 22:55:20.97926+00,null,null,null,null,null,null,null,null,null,false,,null
1a5e3c45-4b87-495a-98f2-2944342d9fde,00000000-0000-0000-0000-000000000001,b1000000-0000-0000-0000-000000000021,VH-CH-A23-0004,null,null,null,null,null,null,null,null,null,good,allocated,null,2026-04-10 22:55:20.97926+00,null,null,null,null,null,null,null,null,null,false,,null
ea09bcd3-65e5-424a-9311-8fb814e32af2,00000000-0000-0000-0000-000000000001,b1000000-0000-0000-0000-000000000021,VH-CH-A23-0005,null,null,null,null,null,null,null,null,null,good,allocated,null,2026-04-10 22:55:20.97926+00,null,null,null,null,null,null,null,null,null,false,,null
2b63f8f7-67f0-4e72-9431-ffec03a8ae23,00000000-0000-0000-0000-000000000001,b1000000-0000-0000-0000-000000000008,VH-CO-A23-0001,null,null,null,COT 3x6,2025-06-17,5950.00,1f1c91d5-56b6-641b-e035-aa2fc4782999,null,null,good,allocated,null,2026-04-10 22:55:20.97926+00,SF/25-26/25,2025-06-17,asset-invoices/vista heights/Smart Furniture bill.pdf,Smart Furniture,null,null,null,null,null,false,,null
15055f35-2f83-4054-97be-d4a5ebe1f0c4,00000000-0000-0000-0000-000000000001,b1000000-0000-0000-0000-000000000008,VH-CO-A23-0002,null,null,null,null,null,null,null,null,null,good,allocated,null,2026-04-10 22:55:20.97926+00,null,null,null,null,null,null,null,null,null,false,,null
2fd1ab2a-f222-4330-bd45-1da2cc9509c0,00000000-0000-0000-0000-000000000001,b1000000-0000-0000-0000-000000000008,VH-CO-A23-0003,null,null,null,null,null,null,null,null,null,good,allocated,null,2026-04-10 22:55:20.97926+00,null,null,null,null,null,null,null,null,null,false,,null
cd09fda4-a742-40c1-8e1c-349797ca124a,00000000-0000-0000-0000-000000000001,b1000000-0000-0000-0000-000000000008,VH-CO-A23-0004,null,null,null,null,null,null,null,null,null,good,allocated,null,2026-04-10 22:55:20.97926+00,null,null,null,null,null,null,null,null,null,false,,null
ae20fe5e-d8c7-436d-b973-129c60309ec7,00000000-0000-0000-0000-000000000001,b1000000-0000-0000-0000-000000000008,VH-CO-A23-0005,null,null,null,null,null,null,null,null,null,good,allocated,null,2026-04-10 22:55:20.97926+00,null,null,null,null,null,null,null,null,null,false,,null
c8821692-1886-4706-9b60-6d3fee0b640a,00000000-0000-0000-0000-000000000001,c9000001-0000-0000-0000-000000000001,VH-CB-A23-0001,null,null,null,null,null,null,null,null,null,good,allocated,null,2026-04-10 22:55:20.97926+00,null,null,null,null,null,null,null,null,null,false,,null
e8d71662-62d7-480e-8d3b-159689214e74,00000000-0000-0000-0000-000000000001,c9000001-0000-0000-0000-000000000001,VH-CB-A23-0002,null,null,null,null,null,null,null,null,null,good,allocated,null,2026-04-10 22:55:20.97926+00,null,null,null,null,null,null,null,null,null,false,,null
ce6e8257-0ab4-41a2-8591-e64ce3268138,00000000-0000-0000-0000-000000000001,c9000001-0000-0000-0000-000000000001,VH-CB-A23-0003,null,null,null,null,null,null,null,null,null,good,allocated,null,2026-04-10 22:55:20.97926+00,null,null,null,null,null,null,null,null,null,false,,null
21a53b0e-1cae-4990-a85f-49a967885075,00000000-0000-0000-0000-000000000001,c9000001-0000-0000-0000-000000000001,VH-CB-A23-0004,null,null,null,null,null,null,null,null,null,good,allocated,null,2026-04-10 22:55:20.97926+00,null,null,null,null,null,null,null,null,null,false,,null
2d705be7-15d1-4138-86d2-baa1cee931f0,00000000-0000-0000-0000-000000000001,c9000001-0000-0000-0000-000000000001,VH-CB-A23-0005,null,null,null,null,null,null,null,null,null,good,allocated,null,2026-04-10 22:55:20.97926+00,null,null,null,null,null,null,null,null,null,false,,null
29358585-cf58-4e22-9d33-c6210636e011,00000000-0000-0000-0000-000000000001,b1000000-0000-0000-0000-000000000013,VH-DT-A23-0001,null,null,null,null,null,null,null,null,null,good,allocated,null,2026-04-10 22:55:20.97926+00,null,null,null,null,null,null,null,null,null,false,,null
69cb270b-e8f3-410e-9142-2752016b44f9,00000000-0000-0000-0000-000000000001,b1000000-0000-0000-0000-000000000020,VH-FN-A23-0001,null,null,null,null,null,null,null,null,null,good,allocated,null,2026-04-10 22:55:20.97926+00,null,null,null,null,null,null,null,null,null,false,,null
45cf3ce8-48d0-4b37-b975-1b26af059c69,00000000-0000-0000-0000-000000000001,b1000000-0000-0000-0000-000000000020,VH-FN-A23-0002,null,null,null,null,null,null,null,null,null,good,allocated,null,2026-04-10 22:55:20.97926+00,null,null,null,null,null,null,null,null,null,false,,null
b0bccede-ab77-4d9a-8dc5-2bdcaf8624f4,00000000-0000-0000-0000-000000000001,b1000000-0000-0000-0000-000000000020,VH-FN-A23-0003,null,null,null,null,null,null,null,null,null,good,allocated,null,2026-04-10 22:55:20.97926+00,null,null,null,null,null,null,null,null,null,false,,null
e94e2714-8749-4fb3-abe4-c88124d1c485,00000000-0000-0000-0000-000000000001,b1000000-0000-0000-0000-000000000020,VH-FN-A23-0004,null,null,null,null,null,null,null,null,null,good,allocated,null,2026-04-10 22:55:20.97926+00,null,null,null,null,null,null,null,null,null,false,,null
e19b8a01-087e-4f91-8345-a8d65cd0dea5,00000000-0000-0000-0000-000000000001,b1000000-0000-0000-0000-000000000005,VH-IS-A23-0001,null,LIH08249127796,Judge,Optima Plus,2025-05-05,1890.00,70867748-0c93-da0a-ed78-a6a3d4a605c7,null,null,good,allocated,No invoice available. Recorded from Excel. Requires invoice,2026-04-10 22:55:20.97926+00,null,2025-05-05,null,Online Purchase (Unknown Vendor),null,null,null,null,null,true,,null
ef6a6d30-c70e-4162-8adf-0bd6063ba0a3,00000000-0000-0000-0000-000000000001,b1000000-0000-0000-0000-000000000009,VH-MA-A23-0001,null,null,null,null,null,null,null,null,null,new,allocated,null,2026-04-10 22:55:20.97926+00,null,null,null,null,null,null,null,null,null,false,,null
4813413b-565b-4e84-8d8f-6a44ab0b2345,00000000-0000-0000-0000-000000000001,b1000000-0000-0000-0000-000000000009,VH-MA-A23-0002,null,null,null,null,null,null,null,null,null,new,allocated,null,2026-04-10 22:55:20.97926+00,null,null,null,null,null,null,null,null,null,false,,null
85f215f4-fb81-4f11-985b-03f19f8d92db,00000000-0000-0000-0000-000000000001,b1000000-0000-0000-0000-000000000009,VH-MA-A23-0003,null,null,null,null,null,null,null,null,null,new,allocated,null,2026-04-10 22:55:20.97926+00,null,null,null,null,null,null,null,null,null,false,,null
e4b60c59-8c73-4adf-b72b-b66cc45454f4,00000000-0000-0000-0000-000000000001,b1000000-0000-0000-0000-000000000009,VH-MA-A23-0004,null,null,null,null,null,null,null,null,null,new,allocated,null,2026-04-10 22:55:20.97926+00,null,null,null,null,null,null,null,null,null,false,,null
361822af-76e9-477c-91d6-644f19d909ed,00000000-0000-0000-0000-000000000001,b1000000-0000-0000-0000-000000000009,VH-MA-A23-0005,null,null,null,null,null,null,null,null,null,new,allocated,null,2026-04-10 22:55:20.97926+00,null,null,null,null,null,null,null,null,null,false,,null
0878a42d-baca-4c65-9725-bfbe5132fbb2,00000000-0000-0000-0000-000000000001,b1000000-0000-0000-0000-000000000004,VH-MW-A23-0001,null,null,Croma,CRM2025/2025081900243,null,null,null,null,null,good,allocated,null,2026-04-10 22:55:20.97926+00,null,null,null,null,null,null,null,null,null,false,,null
74e57001-2693-4795-8072-3fe0b73742e5,00000000-0000-0000-0000-000000000001,b1000000-0000-0000-0000-000000000003,VH-RF-A23-0001,null,null,Samsung,RR20N1Y1ZSE/HL/2019,null,null,null,null,null,good,allocated,null,2026-04-10 22:55:20.97926+00,null,null,null,null,182-Litre,null,null,null,null,false,,null
98885f45-4010-403c-8884-8649d4cdd02a,00000000-0000-0000-0000-000000000001,b1000000-0000-0000-0000-000000000007,VH-RO-A23-0001,null,null,Aqua Mars,null,2023-03-30,7000.00,df4e3fb8-4557-884d-f82f-c411e8707351,null,null,good,allocated,RO New. No invoice - requires upload.,2026-04-10 22:55:20.97926+00,null,2023-03-30,null,Adyar Aqua House,null,null,null,null,null,true,,null
6d646074-2025-446a-a7f9-4ffd8f30d9c1,00000000-0000-0000-0000-000000000001,b1000000-0000-0000-0000-000000000024,VH-SS-A23-0001,null,null,null,null,null,null,null,null,null,good,allocated,null,2026-04-10 22:55:20.97926+00,null,null,null,null,null,null,null,null,null,false,,null
c6f5b194-f58c-46a2-93b2-439f2d15ac34,00000000-0000-0000-0000-000000000001,b1000000-0000-0000-0000-000000000012,VH-SF-A23-0001,null,null,null,null,null,null,null,null,null,good,allocated,null,2026-04-10 22:55:20.97926+00,null,null,null,null,null,null,null,null,null,false,,null
bab4a438-b9fd-4b22-8f52-42ccf8d8a96c,00000000-0000-0000-0000-000000000001,b1000000-0000-0000-0000-000000000011,VH-ST-A23-0001,null,null,null,null,null,null,null,null,null,good,allocated,null,2026-04-10 22:55:20.97926+00,null,null,null,null,null,null,null,null,null,false,,null
1de68ea5-52f0-4d85-9458-33f9dd20f5d4,00000000-0000-0000-0000-000000000001,b1000000-0000-0000-0000-000000000011,VH-ST-A23-0002,null,null,null,null,null,null,null,null,null,good,allocated,null,2026-04-10 22:55:20.97926+00,null,null,null,null,null,null,null,null,null,false,,null
985c8867-73b6-4869-a71b-6c6e9660acec,00000000-0000-0000-0000-000000000001,b1000000-0000-0000-0000-000000000011,VH-ST-A23-0003,null,null,null,null,null,null,null,null,null,good,allocated,null,2026-04-10 22:55:20.97926+00,null,null,null,null,null,null,null,null,null,false,,null
d77c3c46-bcc6-4136-b3d2-495c366106a8,00000000-0000-0000-0000-000000000001,b1000000-0000-0000-0000-000000000002,VH-WM-A23-0001,null,05A05PBW204245T,null,WA70BG4441BGTL,null,null,null,null,null,good,allocated,null,2026-04-10 22:55:20.97926+00,null,null,null,null,null,null,null,null,null,false,,null
420b8a83-5d8e-4ad3-af8a-bc82b45015c4,00000000-0000-0000-0000-000000000001,b1000000-0000-0000-0000-000000000022,VH-WH-A23-0001,null,19070038603297,Venus,3P30,null,null,null,null,null,good,allocated,null,2026-04-10 22:55:20.97926+00,null,null,null,null,3 lites / 3000 W/230v,null,null,null,null,false,,null
853401e7-853b-4772-81be-e285fa894e20,00000000-0000-0000-0000-000000000001,b1000000-0000-0000-0000-000000000022,VH-WH-A23-0002,null,null,null,null,null,null,null,null,null,good,allocated,null,2026-04-10 22:55:20.97926+00,null,null,null,null,null,null,null,null,null,false,,null
dccbf35d-537d-48ac-92d9-d1d792755a15,00000000-0000-0000-0000-000000000001,b1000000-0000-0000-0000-000000000022,VH-WH-A23-0003,null,19070038603294,Venus,3P30,null,null,null,null,null,good,allocated,null,2026-04-10 22:55:20.97926+00,null,null,null,null,3 lites / 3000 W/230v,null,null,null,null,false,,null
84fadbc1-0050-4330-a93c-81d5666058b8,00000000-0000-0000-0000-000000000001,b1000000-0000-0000-0000-000000000001,VH-AC-A24-0001,null,BCX0P9AM800059W,Samsung,AR12RG3BAWKNNA,null,null,null,null,null,good,allocated,null,2026-04-10 22:55:20.97926+00,null,null,null,null,null,null,null,null,null,false,,null
fba581ce-b901-44df-b458-e9a545b30e8a,00000000-0000-0000-0000-000000000001,b1000000-0000-0000-0000-000000000001,VH-AC-A24-0002,null,BCX0P9AM800007J,Samsung,AR12RG3BAWKNNA,null,null,null,null,null,good,allocated,null,2026-04-10 22:55:20.97926+00,null,null,null,null,null,null,null,null,null,false,,null
f22d37ca-e9d3-456f-8aa3-70b7ab94fc0c,00000000-0000-0000-0000-000000000001,b1000000-0000-0000-0000-000000000001,VH-AC-A24-0003,null,BCX0P9AM800068K,Samsung,AR12RG3BAWKNNA,null,null,null,null,null,good,allocated,null,2026-04-10 22:55:20.97926+00,null,null,null,null,null,null,null,null,null,false,,null
e9567b70-ce24-4a74-9300-de151d27d129,00000000-0000-0000-0000-000000000001,b1000000-0000-0000-0000-000000000019,VH-BS-A24-0001,null,null,null,null,null,null,null,null,null,good,allocated,null,2026-04-10 22:55:20.97926+00,null,null,null,null,null,null,null,null,null,false,,null
9fadb565-1985-4e3c-a12d-5de9a2d0d1b5,00000000-0000-0000-0000-000000000001,b1000000-0000-0000-0000-000000000019,VH-BS-A24-0002,null,null,null,null,null,null,null,null,null,good,allocated,null,2026-04-10 22:55:20.97926+00,null,null,null,null,null,null,null,null,null,false,,null
caaa23f7-7934-4931-82db-658e72c529b1,00000000-0000-0000-0000-000000000001,b1000000-0000-0000-0000-000000000019,VH-BS-A24-0003,null,null,null,null,null,null,null,null,null,good,allocated,null,2026-04-10 22:55:20.97926+00,null,null,null,null,null,null,null,null,null,false,,null
1ea4ee71-a379-4948-ab46-3be764d45254,00000000-0000-0000-0000-000000000001,b1000000-0000-0000-0000-000000000021,VH-CH-A24-0001,null,null,null,null,null,null,null,null,null,good,allocated,null,2026-04-10 22:55:20.97926+00,null,null,null,null,null,null,null,null,null,false,,null
8cad06fb-70f0-4484-b0b3-9b548f0e6805,00000000-0000-0000-0000-000000000001,b1000000-0000-0000-0000-000000000021,VH-CH-A24-0002,null,null,null,null,null,null,null,null,null,good,allocated,null,2026-04-10 22:55:20.97926+00,null,null,null,null,null,null,null,null,null,false,,null
87fa137b-3588-4e7b-8bbd-f9c0c03f405d,00000000-0000-0000-0000-000000000001,b1000000-0000-0000-0000-000000000021,VH-CH-A24-0003,null,null,null,null,null,null,null,null,null,good,allocated,null,2026-04-10 22:55:20.97926+00,null,null,null,null,null,null,null,null,null,false,,null
d18f2a4e-8748-4934-a47f-4f211589215d,00000000-0000-0000-0000-000000000001,b1000000-0000-0000-0000-000000000021,VH-CH-A24-0004,null,null,null,null,null,null,null,null,null,good,allocated,null,2026-04-10 22:55:20.97926+00,null,null,null,null,null,null,null,null,null,false,,null
7ec0c885-e9a3-4c39-9b00-d15a8071387d,00000000-0000-0000-0000-000000000001,b1000000-0000-0000-0000-000000000008,VH-CO-A24-0001,null,null,null,COT 3x6,2025-06-17,5950.00,1f1c91d5-56b6-641b-e035-aa2fc4782999,null,null,good,allocated,null,2026-04-10 22:55:20.97926+00,SF/25-26/25,2025-06-17,asset-invoices/vista heights/Smart Furniture bill.pdf,Smart Furniture,null,null,null,null,null,false,,null
8d32730f-62b6-4fee-b6e2-df4adb61fd75,00000000-0000-0000-0000-000000000001,b1000000-0000-0000-0000-000000000008,VH-CO-A24-0002,null,null,null,COT 3x6,2025-06-17,5950.00,1f1c91d5-56b6-641b-e035-aa2fc4782999,null,null,good,allocated,null,2026-04-10 22:55:20.97926+00,SF/25-26/25,2025-06-17,asset-invoices/vista heights/Smart Furniture bill.pdf,Smart Furniture,null,null,null,null,null,false,,null
c3d5bd54-03bd-4cc6-9a8c-6174188bda3a,00000000-0000-0000-0000-000000000001,b1000000-0000-0000-0000-000000000008,VH-CO-A24-0003,null,null,null,null,null,null,null,null,null,good,allocated,null,2026-04-10 22:55:20.97926+00,null,null,null,null,null,null,null,null,null,false,,null
c73bfaed-fb61-42fe-abeb-b62f33bc153c,00000000-0000-0000-0000-000000000001,b1000000-0000-0000-0000-000000000008,VH-CO-A24-0004,null,null,null,null,null,null,null,null,null,good,allocated,null,2026-04-10 22:55:20.97926+00,null,null,null,null,null,null,null,null,null,false,,null
72d03baa-d690-4c89-87eb-654b209938fe,00000000-0000-0000-0000-000000000001,b1000000-0000-0000-0000-000000000008,VH-CO-A24-0005,null,null,null,null,null,null,null,null,null,good,allocated,null,2026-04-10 22:55:20.97926+00,null,null,null,null,null,null,null,null,null,false,,null
c32a1512-0cf2-4d78-8ced-09cec00eafe9,00000000-0000-0000-0000-000000000001,b1000000-0000-0000-0000-000000000008,VH-CO-A24-0006,null,null,null,null,null,null,null,null,null,good,allocated,null,2026-04-10 22:55:20.97926+00,null,null,null,null,null,null,null,null,null,false,,null
bf13d001-4fe7-419a-80e3-185bc45bc91e,00000000-0000-0000-0000-000000000001,b1000000-0000-0000-0000-000000000008,VH-CO-A24-0007,null,null,null,null,null,null,null,null,null,good,allocated,null,2026-04-10 22:55:20.97926+00,null,null,null,null,null,null,null,null,null,false,,null
0960ae76-0826-4ab5-ac32-040685c20804,00000000-0000-0000-0000-000000000001,c9000001-0000-0000-0000-000000000001,VH-CB-A24-0001,null,null,null,null,null,null,null,null,null,good,allocated,null,2026-04-10 22:55:20.97926+00,null,null,null,null,null,null,null,null,null,false,,null
b131666d-2636-489f-8f37-e9d5b081712a,00000000-0000-0000-0000-000000000001,c9000001-0000-0000-0000-000000000001,VH-CB-A24-0002,null,null,null,null,null,null,null,null,null,good,allocated,null,2026-04-10 22:55:20.97926+00,null,null,null,null,null,null,null,null,null,false,,null
61453173-daf0-4c97-a133-659008131872,00000000-0000-0000-0000-000000000001,c9000001-0000-0000-0000-000000000001,VH-CB-A24-0003,null,null,null,null,null,null,null,null,null,good,allocated,null,2026-04-10 22:55:20.97926+00,null,null,null,null,null,null,null,null,null,false,,null
aa7615c6-3e0d-40c4-99ec-d7a5d002a154,00000000-0000-0000-0000-000000000001,c9000001-0000-0000-0000-000000000001,VH-CB-A24-0004,null,null,null,null,null,null,null,null,null,good,allocated,null,2026-04-10 22:55:20.97926+00,null,null,null,null,null,null,null,null,null,false,,null
87c4a9a0-791d-4517-8cd6-b10e61bb6b67,00000000-0000-0000-0000-000000000001,c9000001-0000-0000-0000-000000000001,VH-CB-A24-0005,null,null,null,null,null,null,null,null,null,good,allocated,null,2026-04-10 22:55:20.97926+00,null,null,null,null,null,null,null,null,null,false,,null
1ed7ea1e-919f-4189-ac1c-92fbcc60760a,00000000-0000-0000-0000-000000000001,c9000001-0000-0000-0000-000000000001,VH-CB-A24-0006,null,null,null,null,null,null,null,null,null,good,allocated,null,2026-04-10 22:55:20.97926+00,null,null,null,null,null,null,null,null,null,false,,null
1e0a548e-6d70-4397-bf2b-6293b15b37b3,00000000-0000-0000-0000-000000000001,b1000000-0000-0000-0000-000000000013,VH-DT-A24-0001,null,null,null,null,null,null,null,null,null,good,allocated,null,2026-04-10 22:55:20.97926+00,null,null,null,null,null,null,null,null,null,false,,null
f15d0ff8-209b-4934-92c8-1900afec3fa5,00000000-0000-0000-0000-000000000001,b1000000-0000-0000-0000-000000000020,VH-FN-A24-0001,null,null,null,null,null,null,null,null,null,good,allocated,null,2026-04-10 22:55:20.97926+00,null,null,null,null,null,null,null,null,null,false,,null
28ed04a4-7793-4fd0-bac2-06c3fbaa1dce,00000000-0000-0000-0000-000000000001,b1000000-0000-0000-0000-000000000020,VH-FN-A24-0002,null,null,null,null,null,null,null,null,null,good,allocated,null,2026-04-10 22:55:20.97926+00,null,null,null,null,null,null,null,null,null,false,,null
df1d62da-3735-4274-b898-260ef96db619,00000000-0000-0000-0000-000000000001,b1000000-0000-0000-0000-000000000020,VH-FN-A24-0003,null,null,null,null,null,null,null,null,null,good,allocated,null,2026-04-10 22:55:20.97926+00,null,null,null,null,null,null,null,null,null,false,,null
66ccee02-9bf9-4116-a392-e8d46fb9b166,00000000-0000-0000-0000-000000000001,b1000000-0000-0000-0000-000000000020,VH-FN-A24-0004,null,null,null,null,null,null,null,null,null,good,allocated,null,2026-04-10 22:55:20.97926+00,null,null,null,null,null,null,null,null,null,false,,null
1b79db3e-83de-48da-8975-5a78e4ca24fb,00000000-0000-0000-0000-000000000001,b1000000-0000-0000-0000-000000000005,VH-IS-A24-0001,null,MB50204D25000857,Judge,Optima Plus,null,null,null,null,null,good,allocated,null,2026-04-10 22:55:20.97926+00,null,null,null,null,null,null,null,null,null,false,,null
26a9e952-e6b6-4ce1-8dae-38bfd6766493,00000000-0000-0000-0000-000000000001,b1000000-0000-0000-0000-000000000009,VH-MA-A24-0001,null,null,null,null,null,null,null,null,null,new,allocated,null,2026-04-10 22:55:20.97926+00,null,null,null,null,null,null,null,null,null,false,,null
95e058fc-ed6f-415c-a40f-5cd769dbe264,00000000-0000-0000-0000-000000000001,b1000000-0000-0000-0000-000000000009,VH-MA-A24-0002,null,null,null,null,null,null,null,null,null,good,allocated,null,2026-04-10 22:55:20.97926+00,null,null,null,null,null,null,null,null,null,false,,null
7d6c17bf-4050-40fc-987e-c4c937ed04a1,00000000-0000-0000-0000-000000000001,b1000000-0000-0000-0000-000000000009,VH-MA-A24-0003,null,null,null,null,null,null,null,null,null,good,allocated,null,2026-04-10 22:55:20.97926+00,null,null,null,null,null,null,null,null,null,false,,null
6cbe1fad-8815-4566-827e-6e8e6151ee8a,00000000-0000-0000-0000-000000000001,b1000000-0000-0000-0000-000000000009,VH-MA-A24-0004,null,null,null,null,null,null,null,null,null,good,allocated,null,2026-04-10 22:55:20.97926+00,null,null,null,null,null,null,null,null,null,false,,null
38d691f8-90b6-496f-8fad-651a5a26f6be,00000000-0000-0000-0000-000000000001,b1000000-0000-0000-0000-000000000009,VH-MA-A24-0005,null,null,null,null,null,null,null,null,null,good,allocated,null,2026-04-10 22:55:20.97926+00,null,null,null,null,null,null,null,null,null,false,,null
6d2906ca-3f71-4eb4-8d8c-b00d6de5dde2,00000000-0000-0000-0000-000000000001,b1000000-0000-0000-0000-000000000009,VH-MA-A24-0006,null,null,null,null,null,null,null,null,null,new,allocated,null,2026-04-10 22:55:20.97926+00,null,null,null,null,null,null,null,null,null,false,,null
b8234f81-000b-4b13-b761-5e6e8203ca91,00000000-0000-0000-0000-000000000001,b1000000-0000-0000-0000-000000000004,VH-MW-A24-0001,null,247PULCTEU02068,Panasonic,NN-ST26JMFDG,null,null,null,null,null,good,allocated,null,2026-04-10 22:55:20.97926+00,null,null,null,null,null,null,null,null,null,false,,null
b6e8eadc-9e56-4b2a-acd4-7031e9caeb15,00000000-0000-0000-0000-000000000001,b1000000-0000-0000-0000-000000000003,VH-RF-A24-0001,null,null,Samsung,RR20C1Y23SB/HL/2024,null,null,null,null,null,good,allocated,null,2026-04-10 22:55:20.97926+00,null,null,null,null,null,null,null,null,null,false,,null
7a398fa6-ac27-43af-b69a-886f22b62f3a,00000000-0000-0000-0000-000000000001,b1000000-0000-0000-0000-000000000007,VH-RO-A24-0001,null,null,Aqua Mars,null,2025-05-26,7000.00,df4e3fb8-4557-884d-f82f-c411e8707351,null,null,good,allocated,RO Replacement. Bill number available.,2026-04-10 22:55:20.97926+00,1316,2025-05-26,null,Adyar Aqua House,null,null,null,null,null,false,,null
a0766c33-05da-4c49-8c8f-d774b535c112,00000000-0000-0000-0000-000000000001,b1000000-0000-0000-0000-000000000024,VH-SS-A24-0001,null,null,null,null,null,null,null,null,null,good,allocated,null,2026-04-10 22:55:20.97926+00,null,null,null,null,null,null,null,null,null,false,,null
313e942c-dc21-4831-a082-f2681de898ec,00000000-0000-0000-0000-000000000001,b1000000-0000-0000-0000-000000000012,VH-SF-A24-0001,null,null,null,null,null,null,null,null,null,good,allocated,null,2026-04-10 22:55:20.97926+00,null,null,null,null,null,null,null,null,null,false,,null
b1f8ed14-07d1-4624-92ad-1bc5500b1f84,00000000-0000-0000-0000-000000000001,b1000000-0000-0000-0000-000000000011,VH-ST-A24-0001,null,null,null,null,null,null,null,null,null,good,allocated,null,2026-04-10 22:55:20.97926+00,null,null,null,null,null,null,null,null,null,false,,null
0aa3b7f3-53c5-4c88-8747-b5ed946be0fe,00000000-0000-0000-0000-000000000001,b1000000-0000-0000-0000-000000000011,VH-ST-A24-0002,null,null,null,null,null,null,null,null,null,good,allocated,null,2026-04-10 22:55:20.97926+00,null,null,null,null,null,null,null,null,null,false,,null
84612d6d-e106-404c-84e2-185168266c53,00000000-0000-0000-0000-000000000001,b1000000-0000-0000-0000-000000000011,VH-ST-A24-0003,null,null,null,null,null,null,null,null,null,good,allocated,null,2026-04-10 22:55:20.97926+00,null,null,null,null,null,null,null,null,null,false,,null
af72c599-70cf-40f6-90f7-66ec5eef2e85,00000000-0000-0000-0000-000000000001,b1000000-0000-0000-0000-000000000010,VH-WD-A24-0001,null,null,null,Single Door Wardrobe With Mirror,2025-06-17,4194.92,1f1c91d5-56b6-641b-e035-aa2fc4782999,null,null,good,allocated,null,2026-04-10 22:55:20.97926+00,SF/25-26/25,2025-06-17,asset-invoices/vista heights/Smart Furniture bill.pdf,Smart Furniture,null,null,null,null,null,false,,null
ea9ed2e7-fd3d-460a-8927-dc4f167fa2c7,00000000-0000-0000-0000-000000000001,b1000000-0000-0000-0000-000000000002,VH-WM-A24-0001,null,03WH5PBMA03711H,Samsung,WA60M4100HY 01,null,null,null,null,null,good,allocated,null,2026-04-10 22:55:20.97926+00,null,null,null,null,null,null,null,null,null,false,,null
027d437f-821c-48ba-9d3a-d937218e464a,00000000-0000-0000-0000-000000000001,b1000000-0000-0000-0000-000000000022,VH-WH-A24-0001,null,19070038603295,Venus,3P30,null,null,null,null,null,good,allocated,null,2026-04-10 22:55:20.97926+00,null,null,null,null,3 lites / 3000 W/230v,null,null,null,null,false,,null
1f34f4a7-c993-4d15-815b-8d19cbbc3505,00000000-0000-0000-0000-000000000001,b1000000-0000-0000-0000-000000000022,VH-WH-A24-0002,null,190700386034,Venus,3P30,null,null,null,null,null,good,allocated,null,2026-04-10 22:55:20.97926+00,null,null,null,null,3 lites / 3000 W/230v,null,null,null,null,false,,null
9d7eb51b-a72a-427a-96d1-b9977571e892,00000000-0000-0000-0000-000000000001,b1000000-0000-0000-0000-000000000001,VH-AC-A41-0001,null,0000141,Daikin,FTL35TV16W1,null,null,null,null,null,good,allocated,null,2026-04-10 22:55:20.97926+00,null,null,null,null,null,null,null,null,null,false,,null
cd2cff77-0bf2-48a6-a0df-59635215d520,00000000-0000-0000-0000-000000000001,b1000000-0000-0000-0000-000000000001,VH-AC-A41-0002,null,null,Daikin,FTL35EV16W1+RL35TV16W/2018,null,null,null,null,null,good,allocated,null,2026-04-10 22:55:20.97926+00,null,null,null,null,null,null,null,null,null,false,,null
71701352-6d07-4b20-b6f7-7b70117dd5a3,00000000-0000-0000-0000-000000000001,b1000000-0000-0000-0000-000000000001,VH-AC-A41-0003,null,null,null,null,null,null,null,null,null,good,allocated,null,2026-04-10 22:55:20.97926+00,null,null,null,null,null,null,null,null,null,false,,null
9b9582bc-1a57-4820-80ae-ce7589129083,00000000-0000-0000-0000-000000000001,b1000000-0000-0000-0000-000000000001,VH-AC-A41-0004,null,null,Daikin,null,null,null,null,null,null,good,allocated,null,2026-04-10 22:55:20.97926+00,null,null,null,null,null,null,null,null,null,false,,null
d6ba6370-ca76-4dc8-846d-9b25d96a1ac8,00000000-0000-0000-0000-000000000001,b1000000-0000-0000-0000-000000000021,VH-CH-A41-0001,null,null,null,null,null,null,null,null,null,good,allocated,null,2026-04-10 22:55:20.97926+00,null,null,null,null,null,null,null,null,null,false,,null
b3b327a1-754b-48eb-8618-5cf0c33bf8ea,00000000-0000-0000-0000-000000000001,b1000000-0000-0000-0000-000000000021,VH-CH-A41-0002,null,null,null,null,null,null,null,null,null,good,allocated,null,2026-04-10 22:55:20.97926+00,null,null,null,null,null,null,null,null,null,false,,null
18efef0f-0a5b-49b9-8c9e-28ae6b51471c,00000000-0000-0000-0000-000000000001,b1000000-0000-0000-0000-000000000021,VH-CH-A41-0003,null,null,null,null,null,null,null,null,null,good,allocated,null,2026-04-10 22:55:20.97926+00,null,null,null,null,null,null,null,null,null,false,,null
747faa0f-b4b9-4b39-9dd5-39a362977c74,00000000-0000-0000-0000-000000000001,b1000000-0000-0000-0000-000000000021,VH-CH-A41-0004,null,null,null,null,null,null,null,null,null,good,allocated,null,2026-04-10 22:55:20.97926+00,null,null,null,null,null,null,null,null,null,false,,null
badbe9bd-5cdb-4a9a-a0a2-b005df1d813e,00000000-0000-0000-0000-000000000001,b1000000-0000-0000-0000-000000000021,VH-CH-A41-0005,null,null,null,null,null,null,null,null,null,good,allocated,null,2026-04-10 22:55:20.97926+00,null,null,null,null,null,null,null,null,null,false,,null
a0c47948-5824-4651-a0ed-6fbdafcdea5b,00000000-0000-0000-0000-000000000001,b1000000-0000-0000-0000-000000000008,VH-CO-A41-0001,null,null,null,null,null,null,null,null,null,good,allocated,null,2026-04-10 22:55:20.97926+00,null,null,null,null,null,null,null,null,null,false,,null
d7e0423d-69a3-4804-b098-61231594d6d1,00000000-0000-0000-0000-000000000001,b1000000-0000-0000-0000-000000000008,VH-CO-A41-0002,null,null,null,null,null,null,null,null,null,good,allocated,null,2026-04-10 22:55:20.97926+00,null,null,null,null,null,null,null,null,null,false,,null
da67e176-0e39-4bc3-98f9-0592785ee4f8,00000000-0000-0000-0000-000000000001,b1000000-0000-0000-0000-000000000008,VH-CO-A41-0003,null,null,null,null,null,null,null,null,null,good,allocated,null,2026-04-10 22:55:20.97926+00,null,null,null,null,null,null,null,null,null,false,,null
051dee8a-d6c7-4b65-adb5-c8f44fb27385,00000000-0000-0000-0000-000000000001,b1000000-0000-0000-0000-000000000008,VH-CO-A41-0004,null,null,null,null,null,null,null,null,null,good,allocated,null,2026-04-10 22:55:20.97926+00,null,null,null,null,null,null,null,null,null,false,,null
28c5b709-194b-4f15-9b4c-8bca14f22046,00000000-0000-0000-0000-000000000001,b1000000-0000-0000-0000-000000000008,VH-CO-A41-0005,null,null,null,null,null,null,null,null,null,good,allocated,null,2026-04-10 22:55:20.97926+00,null,null,null,null,null,null,null,null,null,false,,null
461d3c53-89ac-42ae-8b31-b070850b49a1,00000000-0000-0000-0000-000000000001,b1000000-0000-0000-0000-000000000008,VH-CO-A41-0006,null,null,null,null,null,null,null,null,null,good,allocated,null,2026-04-10 22:55:20.97926+00,null,null,null,null,null,null,null,null,null,false,,null
a8255c6f-911e-4742-95bf-87d19cb30f5b,00000000-0000-0000-0000-000000000001,c9000001-0000-0000-0000-000000000001,VH-CB-A41-0001,null,null,null,null,null,null,null,null,null,good,allocated,null,2026-04-10 22:55:20.97926+00,null,null,null,null,null,null,null,null,null,false,,null
6e92f808-dbc1-473d-8960-fc705c6b5289,00000000-0000-0000-0000-000000000001,c9000001-0000-0000-0000-000000000001,VH-CB-A41-0002,null,null,null,null,null,null,null,null,null,good,allocated,null,2026-04-10 22:55:20.97926+00,null,null,null,null,null,null,null,null,null,false,,null
d25fbf4d-158f-4669-a6af-85515d8e50b0,00000000-0000-0000-0000-000000000001,c9000001-0000-0000-0000-000000000001,VH-CB-A41-0003,null,null,null,null,null,null,null,null,null,good,allocated,null,2026-04-10 22:55:20.97926+00,null,null,null,null,null,null,null,null,null,false,,null
1d636b41-0f27-48db-b70c-63414832c405,00000000-0000-0000-0000-000000000001,c9000001-0000-0000-0000-000000000001,VH-CB-A41-0004,null,null,null,null,null,null,null,null,null,good,allocated,null,2026-04-10 22:55:20.97926+00,null,null,null,null,null,null,null,null,null,false,,null
5bb9b47e-a660-44c7-9326-48c7c02030cc,00000000-0000-0000-0000-000000000001,c9000001-0000-0000-0000-000000000001,VH-CB-A41-0005,null,null,null,null,null,null,null,null,null,good,allocated,null,2026-04-10 22:55:20.97926+00,null,null,null,null,null,null,null,null,null,false,,null
df403c47-8fb4-41ba-8971-7055935e1336,00000000-0000-0000-0000-000000000001,c9000001-0000-0000-0000-000000000001,VH-CB-A41-0006,null,null,null,null,null,null,null,null,null,good,allocated,null,2026-04-10 22:55:20.97926+00,null,null,null,null,null,null,null,null,null,false,,null
75dfb265-445d-4ed2-8356-ff0e899d20f5,00000000-0000-0000-0000-000000000001,b1000000-0000-0000-0000-000000000013,VH-DT-A41-0001,null,null,null,null,null,null,null,null,null,good,allocated,null,2026-04-10 22:55:20.97926+00,null,null,null,null,null,null,null,null,null,false,,null
2d64cbe9-9c34-495b-9ed7-f45de219c086,00000000-0000-0000-0000-000000000001,b1000000-0000-0000-0000-000000000020,VH-FN-A41-0001,null,null,null,null,null,null,null,null,null,good,allocated,null,2026-04-10 22:55:20.97926+00,null,null,null,null,null,null,null,null,null,false,,null
5759ded5-06b1-412e-b2f3-8c94605c0c14,00000000-0000-0000-0000-000000000001,b1000000-0000-0000-0000-000000000020,VH-FN-A41-0002,null,null,null,null,null,null,null,null,null,good,allocated,null,2026-04-10 22:55:20.97926+00,null,null,null,null,null,null,null,null,null,false,,null
9d1e311a-cb0a-4ed0-a1a5-54bafa0ca837,00000000-0000-0000-0000-000000000001,b1000000-0000-0000-0000-000000000020,VH-FN-A41-0003,null,null,null,null,null,null,null,null,null,good,allocated,null,2026-04-10 22:55:20.97926+00,null,null,null,null,null,null,null,null,null,false,,null
7f864296-4fea-4704-9363-c0bdd3dcfc31,00000000-0000-0000-0000-000000000001,b1000000-0000-0000-0000-000000000020,VH-FN-A41-0004,null,null,null,null,null,null,null,null,null,good,allocated,null,2026-04-10 22:55:20.97926+00,null,null,null,null,null,null,null,null,null,false,,null
04bbff44-9abe-4204-b8be-b60d07778c68,00000000-0000-0000-0000-000000000001,b1000000-0000-0000-0000-000000000005,VH-IS-A41-0001,null,LI02247947925,Judge,Optima Plus,null,null,null,null,null,good,allocated,null,2026-04-10 22:55:20.97926+00,null,null,null,null,null,null,null,null,null,false,,null
f719feff-9bd6-4a58-88c9-7f4829b0ab09,00000000-0000-0000-0000-000000000001,b1000000-0000-0000-0000-000000000009,VH-MA-A41-0001,null,null,null,null,null,null,null,null,null,new,allocated,null,2026-04-10 22:55:20.97926+00,null,null,null,null,null,null,null,null,null,false,,null
45be4a5a-8a7e-4ce7-bb25-c3021d5d3c8f,00000000-0000-0000-0000-000000000001,b1000000-0000-0000-0000-000000000009,VH-MA-A41-0002,null,null,null,null,null,null,null,null,null,new,allocated,null,2026-04-10 22:55:20.97926+00,null,null,null,null,null,null,null,null,null,false,,null
b9d6b81f-65a1-4273-b510-0dea90aca2dd,00000000-0000-0000-0000-000000000001,b1000000-0000-0000-0000-000000000009,VH-MA-A41-0003,null,null,null,null,null,null,null,null,null,new,allocated,null,2026-04-10 22:55:20.97926+00,null,null,null,null,null,null,null,null,null,false,,null
617eb4e9-4860-4511-82a5-2c9a482cd7dc,00000000-0000-0000-0000-000000000001,b1000000-0000-0000-0000-000000000009,VH-MA-A41-0004,null,null,null,null,null,null,null,null,null,new,allocated,null,2026-04-10 22:55:20.97926+00,null,null,null,null,null,null,null,null,null,false,,null
d8f0cc0c-26be-46da-b0e3-0f285eb2d59c,00000000-0000-0000-0000-000000000001,b1000000-0000-0000-0000-000000000009,VH-MA-A41-0005,null,null,null,null,null,null,null,null,null,new,allocated,null,2026-04-10 22:55:20.97926+00,null,null,null,null,null,null,null,null,null,false,,null
f2b91526-bd0b-4b38-80b4-7390ea35c445,00000000-0000-0000-0000-000000000001,b1000000-0000-0000-0000-000000000009,VH-MA-A41-0006,null,null,null,null,null,null,null,null,null,good,allocated,null,2026-04-10 22:55:20.97926+00,null,null,null,null,null,null,null,null,null,false,,null
9e26b5fd-92ba-4ba4-844b-3a547d867fec,00000000-0000-0000-0000-000000000001,b1000000-0000-0000-0000-000000000009,VH-MA-A41-0007,null,null,null,null,null,null,null,null,null,good,allocated,null,2026-04-10 22:55:20.97926+00,null,null,null,null,null,null,null,null,null,false,,null
23ae6899-3a8a-4250-ba94-7d0bd2277ab0,00000000-0000-0000-0000-000000000001,b1000000-0000-0000-0000-000000000009,VH-MA-A41-0008,null,null,null,null,null,null,null,null,null,good,allocated,null,2026-04-10 22:55:20.97926+00,null,null,null,null,null,null,null,null,null,false,,null
ca0121b1-e44e-480b-a144-725e7ba7850e,00000000-0000-0000-0000-000000000001,b1000000-0000-0000-0000-000000000004,VH-MW-A41-0001,null,MEZ67416519,LG,MS2043DB,null,null,null,null,null,good,allocated,null,2026-04-10 22:55:20.97926+00,null,null,null,null,null,null,null,null,null,false,,null
52abe4ce-6090-4c82-9b77-fd11f5ed36d1,00000000-0000-0000-0000-000000000001,b1000000-0000-0000-0000-000000000003,VH-RF-A41-0001,null,null,Samsung,RR24C2823CU/NL/2024,null,null,null,null,null,good,allocated,null,2026-04-10 22:55:20.97926+00,null,null,null,null,null,null,null,null,null,false,,null
ca68dd62-68a5-4a63-a016-b7e64f51fba0,00000000-0000-0000-0000-000000000001,b1000000-0000-0000-0000-000000000007,VH-RO-A41-0001,null,null,Aqua Mars,null,2024-04-02,7000.00,df4e3fb8-4557-884d-f82f-c411e8707351,null,null,new,allocated,RO New. No invoice - requires upload.,2026-04-10 22:55:20.97926+00,null,2024-04-02,null,Adyar Aqua House,null,null,null,null,null,true,,null
0c6a45fa-eea8-4b3e-925c-9e22848928f0,00000000-0000-0000-0000-000000000001,b1000000-0000-0000-0000-000000000007,VH-RO-A41-0002,null,null,null,null,2026-03-23,7000.00,df4e3fb8-4557-884d-f82f-c411e8707351,null,null,good,allocated,RO Replacement. Bill number available.,2026-04-10 22:55:20.97926+00,2086,2026-03-23,null,Adyar Aqua House,null,null,null,null,null,false,,null
d87bd485-05f2-4617-a9ad-bdb8a5769a19,00000000-0000-0000-0000-000000000001,b1000000-0000-0000-0000-000000000024,VH-SS-A41-0001,null,null,null,null,null,null,null,null,null,good,allocated,null,2026-04-10 22:55:20.97926+00,null,null,null,null,null,null,null,null,null,false,,null
a511b23c-c734-4e7f-84f5-5b6fafd92e2e,00000000-0000-0000-0000-000000000001,b1000000-0000-0000-0000-000000000012,VH-SF-A41-0001,null,null,null,null,null,null,null,null,null,good,allocated,null,2026-04-10 22:55:20.97926+00,null,null,null,null,null,null,null,null,null,false,,null
03f68b83-e328-485a-bfe0-d419e564b2b8,00000000-0000-0000-0000-000000000001,b1000000-0000-0000-0000-000000000011,VH-ST-A41-0001,null,null,null,null,null,null,null,null,null,good,allocated,null,2026-04-10 22:55:20.97926+00,null,null,null,null,null,null,null,null,null,false,,null
6bc38871-25d9-457f-a31d-3e8eefc1a3ef,00000000-0000-0000-0000-000000000001,b1000000-0000-0000-0000-000000000011,VH-ST-A41-0002,null,null,null,null,null,null,null,null,null,good,allocated,null,2026-04-10 22:55:20.97926+00,null,null,null,null,null,null,null,null,null,false,,null
71429d80-5d20-47b1-a840-ace2c86722c8,00000000-0000-0000-0000-000000000001,b1000000-0000-0000-0000-000000000011,VH-ST-A41-0003,null,null,null,null,null,null,null,null,null,good,allocated,null,2026-04-10 22:55:20.97926+00,null,null,null,null,null,null,null,null,null,false,,null
adb3400d-f02f-4df4-9edb-1ae6e142d858,00000000-0000-0000-0000-000000000001,b1000000-0000-0000-0000-000000000002,VH-WM-A41-0001,null,1200451,Voltas.beko,WTL6004UEA/BPBPOA,null,null,null,null,null,good,allocated,null,2026-04-10 22:55:20.97926+00,null,null,null,null,null,null,null,null,null,false,,null
64ffae91-ff30-488f-96fb-24e14f1bef3d,00000000-0000-0000-0000-000000000001,b1000000-0000-0000-0000-000000000022,VH-WH-A41-0001,null,null,Haier,ES15V-E1/2018,null,null,null,null,null,good,allocated,null,2026-04-10 22:55:20.97926+00,null,null,null,null,null,null,null,null,null,false,,null
9cf723ca-4abf-4b62-ba49-d7a155d6b83a,00000000-0000-0000-0000-000000000001,b1000000-0000-0000-0000-000000000022,VH-WH-A41-0002,null,null,Haier,ES15V-E1/2018,null,null,null,null,null,good,allocated,null,2026-04-10 22:55:20.97926+00,null,null,null,null,null,null,null,null,null,false,,null
42f85d91-3372-483f-9f1d-0a3f1face037,00000000-0000-0000-0000-000000000001,b1000000-0000-0000-0000-000000000022,VH-WH-A41-0003,null,null,null,null,null,null,null,null,null,good,allocated,null,2026-04-10 22:55:20.97926+00,null,null,null,null,null,null,null,null,null,false,,null
221a8e8b-1f99-42dc-a890-e819e526999e,00000000-0000-0000-0000-000000000001,b1000000-0000-0000-0000-000000000022,VH-WH-A41-0004,null,null,Haier,ES15V-E1/2018,null,null,null,null,null,good,allocated,null,2026-04-10 22:55:20.97926+00,null,null,null,null,null,null,null,null,null,false,,null
f1b25cdd-e630-44ef-a054-2f57d7add09c,00000000-0000-0000-0000-000000000001,b1000000-0000-0000-0000-000000000001,VH-AC-A44-0001,null,4552355A19DB01177,Voltas.beko,Voltas 123 DZX,null,null,null,null,null,good,allocated,null,2026-04-10 22:55:20.97926+00,null,null,null,null,null,null,null,null,null,false,,null
732451e8-2061-4534-9b47-f94f0f301982,00000000-0000-0000-0000-000000000001,b1000000-0000-0000-0000-000000000001,VH-AC-A44-0002,null,4552355A19DB01533,Voltas,Voltas 123 DZX,null,null,null,null,null,good,allocated,null,2026-04-10 22:55:20.97926+00,null,null,null,null,null,null,null,null,null,false,,null
e9d5977f-a772-4983-b0c9-01e119da732e,00000000-0000-0000-0000-000000000001,b1000000-0000-0000-0000-000000000001,VH-AC-A44-0003,null,null,Voltas,4502515/2019,null,null,null,null,null,good,allocated,null,2026-04-10 22:55:20.97926+00,null,null,null,null,null,null,null,null,null,false,,null
4bca902d-8716-446e-b3b2-e01da0999fba,00000000-0000-0000-0000-000000000001,b1000000-0000-0000-0000-000000000001,VH-AC-A44-0004,null,4552355A19DB01166,null,Voltas 123 DZX,null,null,null,null,null,good,allocated,null,2026-04-10 22:55:20.97926+00,null,null,null,null,null,null,null,null,null,false,,null
89609263-4d65-4695-b979-4f6629798d05,00000000-0000-0000-0000-000000000001,b1000000-0000-0000-0000-000000000019,VH-BS-A44-0001,null,null,null,null,null,null,null,null,null,good,allocated,null,2026-04-10 22:55:20.97926+00,null,null,null,null,null,null,null,null,null,false,,null
e1f40eb2-985c-446d-a7e8-2f45fa676414,00000000-0000-0000-0000-000000000001,b1000000-0000-0000-0000-000000000019,VH-BS-A44-0002,null,null,null,null,null,null,null,null,null,good,allocated,null,2026-04-10 22:55:20.97926+00,null,null,null,null,null,null,null,null,null,false,,null
c023db5a-992e-436b-90b5-9f0b421b7ffc,00000000-0000-0000-0000-000000000001,b1000000-0000-0000-0000-000000000019,VH-BS-A44-0003,null,null,null,null,null,null,null,null,null,good,allocated,null,2026-04-10 22:55:20.97926+00,null,null,null,null,null,null,null,null,null,false,,null
bf55eb73-e861-4c1a-9ccb-46dc975c604f,00000000-0000-0000-0000-000000000001,b1000000-0000-0000-0000-000000000019,VH-BS-A44-0004,null,null,null,null,null,null,null,null,null,good,allocated,null,2026-04-10 22:55:20.97926+00,null,null,null,null,null,null,null,null,null,false,,null
ada1208e-4951-4c73-b4ef-1468ea582cb3,00000000-0000-0000-0000-000000000001,b1000000-0000-0000-0000-000000000019,VH-BS-A44-0005,null,null,null,null,null,null,null,null,null,good,allocated,null,2026-04-10 22:55:20.97926+00,null,null,null,null,null,null,null,null,null,false,,null
80438cfd-b937-4560-af65-fe67fdaeb93e,00000000-0000-0000-0000-000000000001,b1000000-0000-0000-0000-000000000021,VH-CH-A44-0001,null,null,null,null,null,null,null,null,null,good,allocated,null,2026-04-10 22:55:20.97926+00,null,null,null,null,null,null,null,null,null,false,,null
a40a14d3-8c32-4380-a976-c8e56f7b5e0c,00000000-0000-0000-0000-000000000001,b1000000-0000-0000-0000-000000000021,VH-CH-A44-0002,null,null,null,null,null,null,null,null,null,good,allocated,null,2026-04-10 22:55:20.97926+00,null,null,null,null,null,null,null,null,null,false,,null
1abc4639-3965-40fb-b399-0342401a409a,00000000-0000-0000-0000-000000000001,b1000000-0000-0000-0000-000000000021,VH-CH-A44-0003,null,null,null,null,null,null,null,null,null,good,allocated,null,2026-04-10 22:55:20.97926+00,null,null,null,null,null,null,null,null,null,false,,null
c42a326e-7158-4f8a-968a-a39158a76b24,00000000-0000-0000-0000-000000000001,b1000000-0000-0000-0000-000000000021,VH-CH-A44-0004,null,null,null,null,null,null,null,null,null,good,allocated,null,2026-04-10 22:55:20.97926+00,null,null,null,null,null,null,null,null,null,false,,null
faf79926-ad6d-4683-9998-c086601d369f,00000000-0000-0000-0000-000000000001,b1000000-0000-0000-0000-000000000008,VH-CO-A44-0001,null,null,null,null,null,null,null,null,null,good,allocated,null,2026-04-10 22:55:20.97926+00,null,null,null,null,null,null,null,null,null,false,,null
baf57145-6eae-4df6-bc64-c097aafd7abb,00000000-0000-0000-0000-000000000001,b1000000-0000-0000-0000-000000000008,VH-CO-A44-0002,null,null,null,null,null,null,null,null,null,good,allocated,null,2026-04-10 22:55:20.97926+00,null,null,null,null,null,null,null,null,null,false,,null
f8f9e614-3686-4821-af16-5ffd6c86cfa1,00000000-0000-0000-0000-000000000001,b1000000-0000-0000-0000-000000000008,VH-CO-A44-0003,null,null,null,null,null,null,null,null,null,good,allocated,null,2026-04-10 22:55:20.97926+00,null,null,null,null,null,null,null,null,null,false,,null
5c3cc2a5-1fb3-414e-9e6e-373f83a8fe51,00000000-0000-0000-0000-000000000001,b1000000-0000-0000-0000-000000000008,VH-CO-A44-0004,null,null,null,null,null,null,null,null,null,good,allocated,null,2026-04-10 22:55:20.97926+00,null,null,null,null,null,null,null,null,null,false,,null
c32730f7-1da1-41f6-b046-96605ee27ab7,00000000-0000-0000-0000-000000000001,b1000000-0000-0000-0000-000000000008,VH-CO-A44-0005,null,null,null,null,null,null,null,null,null,good,allocated,null,2026-04-10 22:55:20.97926+00,null,null,null,null,null,null,null,null,null,false,,null
33111449-c948-48fa-88db-f2c428f08590,00000000-0000-0000-0000-000000000001,b1000000-0000-0000-0000-000000000008,VH-CO-A44-0006,null,null,null,null,null,null,null,null,null,good,allocated,null,2026-04-10 22:55:20.97926+00,null,null,null,null,null,null,null,null,null,false,,null
85bff95a-36d4-4788-bb27-cdbb588024e9,00000000-0000-0000-0000-000000000001,c9000001-0000-0000-0000-000000000001,VH-CB-A44-0001,null,null,null,null,null,null,null,null,null,good,allocated,null,2026-04-10 22:55:20.97926+00,null,null,null,null,null,null,null,null,null,false,,null
741e7d2f-2820-4743-bbc7-d3b76c50437e,00000000-0000-0000-0000-000000000001,c9000001-0000-0000-0000-000000000001,VH-CB-A44-0002,null,null,null,null,null,null,null,null,null,good,allocated,null,2026-04-10 22:55:20.97926+00,null,null,null,null,null,null,null,null,null,false,,null
a36dcf6f-52d0-48df-9db0-a7204ab4abfe,00000000-0000-0000-0000-000000000001,c9000001-0000-0000-0000-000000000001,VH-CB-A44-0003,null,null,null,null,null,null,null,null,null,good,allocated,null,2026-04-10 22:55:20.97926+00,null,null,null,null,null,null,null,null,null,false,,null
a5b5e719-bbd1-4d13-aa4d-c8a2e7b326ac,00000000-0000-0000-0000-000000000001,c9000001-0000-0000-0000-000000000001,VH-CB-A44-0004,null,null,null,null,null,null,null,null,null,good,allocated,null,2026-04-10 22:55:20.97926+00,null,null,null,null,null,null,null,null,null,false,,null
72f9d14b-12cf-4083-b8c7-f59c7a9f9105,00000000-0000-0000-0000-000000000001,c9000001-0000-0000-0000-000000000001,VH-CB-A44-0005,null,null,null,null,null,null,null,null,null,good,allocated,null,2026-04-10 22:55:20.97926+00,null,null,null,null,null,null,null,null,null,false,,null
bbe816a2-8227-41be-8837-581ee0465969,00000000-0000-0000-0000-000000000001,c9000001-0000-0000-0000-000000000001,VH-CB-A44-0006,null,null,null,null,null,null,null,null,null,good,allocated,null,2026-04-10 22:55:20.97926+00,null,null,null,null,null,null,null,null,null,false,,null
97392733-b421-419e-8358-b6b86ba59e3e,00000000-0000-0000-0000-000000000001,b1000000-0000-0000-0000-000000000013,VH-DT-A44-0001,null,null,null,null,null,null,null,null,null,good,allocated,null,2026-04-10 22:55:20.97926+00,null,null,null,null,null,null,null,null,null,false,,null
86cfe969-a250-4233-ae88-b25e85bfd41e,00000000-0000-0000-0000-000000000001,b1000000-0000-0000-0000-000000000020,VH-FN-A44-0001,null,null,null,null,null,null,null,null,null,good,allocated,null,2026-04-10 22:55:20.97926+00,null,null,null,null,null,null,null,null,null,false,,null
8e4a1a7b-c87d-40fc-b80c-181f621c7e4a,00000000-0000-0000-0000-000000000001,b1000000-0000-0000-0000-000000000020,VH-FN-A44-0002,null,null,null,null,null,null,null,null,null,good,allocated,null,2026-04-10 22:55:20.97926+00,null,null,null,null,null,null,null,null,null,false,,null
5adc0dfb-3390-4e17-bed7-ebeb8b8e571f,00000000-0000-0000-0000-000000000001,b1000000-0000-0000-0000-000000000020,VH-FN-A44-0003,null,null,null,null,null,null,null,null,null,good,allocated,null,2026-04-10 22:55:20.97926+00,null,null,null,null,null,null,null,null,null,false,,null
563f1f66-9d2f-4054-b25b-775b06211ce1,00000000-0000-0000-0000-000000000001,b1000000-0000-0000-0000-000000000020,VH-FN-A44-0004,null,null,null,null,null,null,null,null,null,good,allocated,null,2026-04-10 22:55:20.97926+00,null,null,null,null,null,null,null,null,null,false,,null
f2fa781a-a6f2-46ab-a15a-af374aeb289c,00000000-0000-0000-0000-000000000001,b1000000-0000-0000-0000-000000000020,VH-FN-A44-0005,null,null,null,null,null,null,null,null,null,good,allocated,null,2026-04-10 22:55:20.97926+00,null,null,null,null,null,null,null,null,null,false,,null
198ff132-5758-4103-8b96-b9c76ef3efdb,00000000-0000-0000-0000-000000000001,b1000000-0000-0000-0000-000000000005,VH-IS-A44-0001,null,BB03KC1376A41D89,Impex,Optima Plus,null,null,null,null,null,good,allocated,null,2026-04-10 22:55:20.97926+00,null,null,null,null,null,null,null,null,null,false,,null
cca3f510-0800-4f99-93c2-034559cc9afe,00000000-0000-0000-0000-000000000001,b1000000-0000-0000-0000-000000000009,VH-MA-A44-0001,null,null,null,null,null,null,null,null,null,new,allocated,null,2026-04-10 22:55:20.97926+00,null,null,null,null,null,null,null,null,null,false,,null
33b4dded-ea9a-498b-b4f7-b0b178c74c9a,00000000-0000-0000-0000-000000000001,b1000000-0000-0000-0000-000000000009,VH-MA-A44-0002,null,null,null,null,null,null,null,null,null,new,allocated,null,2026-04-10 22:55:20.97926+00,null,null,null,null,null,null,null,null,null,false,,null
21629850-ff3c-4c3d-a886-ae1456c4e98e,00000000-0000-0000-0000-000000000001,b1000000-0000-0000-0000-000000000009,VH-MA-A44-0003,null,null,null,null,null,null,null,null,null,new,allocated,null,2026-04-10 22:55:20.97926+00,null,null,null,null,null,null,null,null,null,false,,null
c9aefe22-624e-4434-9034-0d0dc0b66083,00000000-0000-0000-0000-000000000001,b1000000-0000-0000-0000-000000000009,VH-MA-A44-0004,null,null,null,null,null,null,null,null,null,new,allocated,null,2026-04-10 22:55:20.97926+00,null,null,null,null,null,null,null,null,null,false,,null
62cccc82-f9cc-45db-8c9c-7fa6994bc264,00000000-0000-0000-0000-000000000001,b1000000-0000-0000-0000-000000000009,VH-MA-A44-0005,null,null,null,null,null,null,null,null,null,new,allocated,null,2026-04-10 22:55:20.97926+00,null,null,null,null,null,null,null,null,null,false,,null
eb3b3eb1-2453-45df-b8ba-a54590737d19,00000000-0000-0000-0000-000000000001,b1000000-0000-0000-0000-000000000009,VH-MA-A44-0006,null,null,null,null,null,null,null,null,null,new,allocated,null,2026-04-10 22:55:20.97926+00,null,null,null,null,null,null,null,null,null,false,,null
018c7b79-0a17-4196-be3f-ae620bc2be6b,00000000-0000-0000-0000-000000000001,b1000000-0000-0000-0000-000000000004,VH-MW-A44-0001,null,0BFE7WDM502778J,Samsung,MS23K3513AK/TL,null,null,null,null,null,good,allocated,null,2026-04-10 22:55:20.97926+00,null,null,null,null,null,null,null,null,null,false,,null
e3a5c95c-3543-4dea-937b-939e61086ed3,00000000-0000-0000-0000-000000000001,b1000000-0000-0000-0000-000000000003,VH-RF-A44-0001,null,null,Samsung,RR20N1Y1ZSE/HL/2019,null,null,null,null,null,good,allocated,null,2026-04-10 22:55:20.97926+00,null,null,null,null,null,null,null,null,null,false,,null
36e8fa1c-4cd7-478b-9e8b-53b1c9cbc79a,00000000-0000-0000-0000-000000000001,b1000000-0000-0000-0000-000000000007,VH-RO-A44-0001,null,null,Aqua Mars,null,2024-02-28,7000.00,df4e3fb8-4557-884d-f82f-c411e8707351,null,null,good,allocated,RO Replacement. No invoice - requires upload.,2026-04-10 22:55:20.97926+00,null,2024-02-28,null,Adyar Aqua House,null,null,null,null,null,true,,null
c149597a-44ff-49b6-9fb5-06d8182ec253,00000000-0000-0000-0000-000000000001,b1000000-0000-0000-0000-000000000024,VH-SS-A44-0001,null,null,null,null,null,null,null,null,null,good,allocated,null,2026-04-10 22:55:20.97926+00,null,null,null,null,null,null,null,null,null,false,,null
8c09af37-8d4b-4120-ae8e-95bedc8a75d7,00000000-0000-0000-0000-000000000001,b1000000-0000-0000-0000-000000000011,VH-ST-A44-0001,null,null,null,null,null,null,null,null,null,good,allocated,null,2026-04-10 22:55:20.97926+00,null,null,null,null,null,null,null,null,null,false,,null
a0299a3c-344b-41e5-bd48-3ca430b3c322,00000000-0000-0000-0000-000000000001,b1000000-0000-0000-0000-000000000011,VH-ST-A44-0002,null,null,null,null,null,null,null,null,null,good,allocated,null,2026-04-10 22:55:20.97926+00,null,null,null,null,null,null,null,null,null,false,,null
61588e29-a459-4f80-a880-ec76d8edc197,00000000-0000-0000-0000-000000000001,b1000000-0000-0000-0000-000000000011,VH-ST-A44-0003,null,null,null,null,null,null,null,null,null,good,allocated,null,2026-04-10 22:55:20.97926+00,null,null,null,null,null,null,null,null,null,false,,null
b2edd28c-6c62-4fb1-a069-7539dfff9859,00000000-0000-0000-0000-000000000001,b1000000-0000-0000-0000-000000000011,VH-ST-A44-0004,null,null,null,null,null,null,null,null,null,good,allocated,null,2026-04-10 22:55:20.97926+00,null,null,null,null,null,null,null,null,null,false,,null
66b2a845-6f63-4241-b7b6-3e0115ae0bc9,00000000-0000-0000-0000-000000000001,b1000000-0000-0000-0000-000000000026,VH-TV-A44-0001,null,null,null,null,null,null,null,null,null,good,allocated,null,2026-04-10 22:55:20.97926+00,null,null,null,null,null,null,null,null,null,false,,null
5ef57748-430e-402c-b0dc-399b6d36295f,00000000-0000-0000-0000-000000000001,b1000000-0000-0000-0000-000000000002,VH-WM-A44-0001,null,03WH5PBM504093J,Samsung,WA60M4100HY/01/TL,null,null,null,null,null,good,allocated,null,2026-04-10 22:55:20.97926+00,null,null,null,null,null,null,null,null,null,false,,null
f727ec7c-4591-4eae-9836-6c1a05777196,00000000-0000-0000-0000-000000000001,b1000000-0000-0000-0000-000000000022,VH-WH-A44-0001,null,null,Venus,3P30,null,null,null,null,null,good,allocated,null,2026-04-10 22:55:20.97926+00,null,null,null,null,3 lites / 3000 W/230v,null,null,null,null,false,,null
48c964f1-235e-4646-a73a-b8984a021c35,00000000-0000-0000-0000-000000000001,b1000000-0000-0000-0000-000000000022,VH-WH-A44-0002,null,19020038614027,Venus,3P30,null,null,null,null,null,good,allocated,null,2026-04-10 22:55:20.97926+00,null,null,null,null,3 lites / 3000 W/230v,null,null,null,null,false,,null
1f2db2a4-13ef-405c-970f-d5f7838c73fa,00000000-0000-0000-0000-000000000001,b1000000-0000-0000-0000-000000000022,VH-WH-A44-0003,null,19020038613680,Venus,3P30,null,null,null,null,null,good,allocated,null,2026-04-10 22:55:20.97926+00,null,null,null,null,3 lites / 3000 W/230v,null,null,null,null,false,,null
3f41cc65-e037-4c1e-863a-cc49813984d6,00000000-0000-0000-0000-000000000001,b1000000-0000-0000-0000-000000000001,VH-AC-B11-0001,null,4552356A19DA90194,Voltas,4502517/2019,null,null,null,null,null,good,allocated,null,2026-04-10 22:55:20.97926+00,null,null,null,null,1.5 Ton / 3517W / 230V,null,null,null,null,false,,null
d3504816-bcb3-46f3-82a1-c7a13e7d5bc3,00000000-0000-0000-0000-000000000001,b1000000-0000-0000-0000-000000000001,VH-AC-B11-0002,null,4552355a19db00923,Voltas,4502515/2019,null,null,null,null,null,good,allocated,null,2026-04-10 22:55:20.97926+00,null,null,null,null,1.5 Ton / 3517W / 230V,null,null,null,null,false,,null
40273ebc-52da-4130-82f8-a28b466d4adc,00000000-0000-0000-0000-000000000001,b1000000-0000-0000-0000-000000000001,VH-AC-B11-0003,null,4552356A19DA90114,Voltas,4502517/2019,null,null,null,null,null,good,allocated,null,2026-04-10 22:55:20.97926+00,null,null,null,null,1.5 Ton / 3517W / 230V,null,null,null,null,false,,null
bc7caf2c-ad7b-403a-9681-01e3c22c291f,00000000-0000-0000-0000-000000000001,b1000000-0000-0000-0000-000000000001,VH-AC-B11-0004,null,4552356A19DA90175,Voltas,4502517/2019,null,null,null,null,null,good,allocated,null,2026-04-10 22:55:20.97926+00,null,null,null,null,1.5 Ton / 3517W / 230V,null,null,null,null,false,,null
a6867600-f7df-4fd1-842d-688046a99f1b,00000000-0000-0000-0000-000000000001,b1000000-0000-0000-0000-000000000021,VH-CH-B11-0001,null,null,null,null,null,null,6afd6acf-2cf1-410d-b74e-2d7fa6159f33,null,null,good,allocated,null,2026-04-10 22:55:20.97926+00,null,null,null,Shifa Stores,null,null,null,null,null,false,,null
aebd7047-b4ff-439d-a82a-3e9a93b9f6a0,00000000-0000-0000-0000-000000000001,b1000000-0000-0000-0000-000000000021,VH-CH-B11-0002,null,null,null,null,null,null,6afd6acf-2cf1-410d-b74e-2d7fa6159f33,null,null,good,allocated,null,2026-04-10 22:55:20.97926+00,null,null,null,Shifa Stores,null,null,null,null,null,false,,null
d8990484-d2bf-4880-82ca-f9ac4e64170c,00000000-0000-0000-0000-000000000001,b1000000-0000-0000-0000-000000000008,VH-CO-B11-0001,null,null,null,null,null,null,6afd6acf-2cf1-410d-b74e-2d7fa6159f33,null,null,good,allocated,null,2026-04-10 22:55:20.97926+00,null,null,null,Shifa Stores,null,null,null,null,null,false,,null
000544bc-948e-4bf2-8468-a3384971f1e6,00000000-0000-0000-0000-000000000001,b1000000-0000-0000-0000-000000000008,VH-CO-B11-0002,null,null,null,null,null,null,6afd6acf-2cf1-410d-b74e-2d7fa6159f33,null,null,good,allocated,null,2026-04-10 22:55:20.97926+00,null,null,null,Shifa Stores,null,null,null,null,null,false,,null
7644d4a6-c397-43a9-8ff2-48269f97734e,00000000-0000-0000-0000-000000000001,b1000000-0000-0000-0000-000000000008,VH-CO-B11-0003,null,null,null,null,null,null,6afd6acf-2cf1-410d-b74e-2d7fa6159f33,null,null,good,allocated,null,2026-04-10 22:55:20.97926+00,null,null,null,Shifa Stores,null,null,null,null,null,false,,null
f6f42966-c39d-4201-aa55-164b01430395,00000000-0000-0000-0000-000000000001,b1000000-0000-0000-0000-000000000008,VH-CO-B11-0004,null,null,null,null,null,null,6afd6acf-2cf1-410d-b74e-2d7fa6159f33,null,null,good,allocated,null,2026-04-10 22:55:20.97926+00,null,null,null,Shifa Stores,null,null,null,null,null,false,,null
97074196-6c9c-47bc-8245-df6504c48758,00000000-0000-0000-0000-000000000001,b1000000-0000-0000-0000-000000000008,VH-CO-B11-0005,null,null,null,null,null,null,6afd6acf-2cf1-410d-b74e-2d7fa6159f33,null,null,good,allocated,null,2026-04-10 22:55:20.97926+00,null,null,null,Shifa Stores,null,null,null,null,null,false,,null
a070f7ce-5472-4fb8-a1f8-c0b4d9e63f1f,00000000-0000-0000-0000-000000000001,b1000000-0000-0000-0000-000000000008,VH-CO-B11-0006,null,null,null,null,null,null,6afd6acf-2cf1-410d-b74e-2d7fa6159f33,null,null,good,allocated,null,2026-04-10 22:55:20.97926+00,null,null,null,Shifa Stores,null,null,null,null,null,false,,null
ece9641f-402b-4419-99d5-f37cecdb9139,00000000-0000-0000-0000-000000000001,c9000001-0000-0000-0000-000000000001,VH-CB-B11-0001,null,null,null,null,null,null,6afd6acf-2cf1-410d-b74e-2d7fa6159f33,null,null,good,allocated,null,2026-04-10 22:55:20.97926+00,null,null,null,Shifa Stores,null,null,null,null,null,false,,null
2bbe28a7-9d1b-4ef1-b24c-9b2efd828a68,00000000-0000-0000-0000-000000000001,c9000001-0000-0000-0000-000000000001,VH-CB-B11-0002,null,null,null,null,null,null,6afd6acf-2cf1-410d-b74e-2d7fa6159f33,null,null,good,allocated,null,2026-04-10 22:55:20.97926+00,null,null,null,Shifa Stores,null,null,null,null,null,false,,null
e9415abf-638c-4216-b7e6-0faec06b36b5,00000000-0000-0000-0000-000000000001,c9000001-0000-0000-0000-000000000001,VH-CB-B11-0003,null,null,null,null,null,null,6afd6acf-2cf1-410d-b74e-2d7fa6159f33,null,null,good,allocated,null,2026-04-10 22:55:20.97926+00,null,null,null,Shifa Stores,null,null,null,null,null,false,,null
0764fb38-4356-4c1d-8420-8af99c7c9bc6,00000000-0000-0000-0000-000000000001,c9000001-0000-0000-0000-000000000001,VH-CB-B11-0004,null,null,null,null,null,null,6afd6acf-2cf1-410d-b74e-2d7fa6159f33,null,null,good,allocated,null,2026-04-10 22:55:20.97926+00,null,null,null,Shifa Stores,null,null,null,null,null,false,,null
91c93b4b-6062-4db7-a8e7-0364d02303b2,00000000-0000-0000-0000-000000000001,c9000001-0000-0000-0000-000000000001,VH-CB-B11-0005,null,null,null,null,null,null,6afd6acf-2cf1-410d-b74e-2d7fa6159f33,null,null,good,allocated,null,2026-04-10 22:55:20.97926+00,null,null,null,Shifa Stores,null,null,null,null,null,false,,null
258d48fb-9fcd-4500-8724-3d5f900e042a,00000000-0000-0000-0000-000000000001,c9000001-0000-0000-0000-000000000001,VH-CB-B11-0006,null,null,null,null,null,null,6afd6acf-2cf1-410d-b74e-2d7fa6159f33,null,null,good,allocated,null,2026-04-10 22:55:20.97926+00,null,null,null,Shifa Stores,null,null,null,null,null,false,,null
3b2afdd0-3a5f-498d-a58d-bb6f7dfca6f2,00000000-0000-0000-0000-000000000001,c9000001-0000-0000-0000-000000000001,VH-CB-B11-0007,null,null,null,null,null,null,6afd6acf-2cf1-410d-b74e-2d7fa6159f33,null,null,good,allocated,null,2026-04-10 22:55:20.97926+00,null,null,null,Shifa Stores,null,null,null,null,null,false,,null
777a2250-f699-429c-a636-bc862e16b82e,00000000-0000-0000-0000-000000000001,c9000001-0000-0000-0000-000000000001,VH-CB-B11-0008,null,null,null,null,null,null,6afd6acf-2cf1-410d-b74e-2d7fa6159f33,null,null,good,allocated,null,2026-04-10 22:55:20.97926+00,null,null,null,Shifa Stores,null,null,null,null,null,false,,null
80fb5d2c-47e2-49df-8c39-2d45b01c281a,00000000-0000-0000-0000-000000000001,b1000000-0000-0000-0000-000000000020,VH-FN-B11-0001,null,null,null,null,null,null,null,null,null,good,allocated,null,2026-04-10 22:55:20.97926+00,null,null,null,null,null,null,null,null,null,false,,null
c717188d-45f2-4640-8950-23e09e37eb64,00000000-0000-0000-0000-000000000001,b1000000-0000-0000-0000-000000000020,VH-FN-B11-0002,null,null,null,null,null,null,null,null,null,good,allocated,null,2026-04-10 22:55:20.97926+00,null,null,null,null,null,null,null,null,null,false,,null
1508b088-449a-4e1b-923a-43b3776cefbc,00000000-0000-0000-0000-000000000001,b1000000-0000-0000-0000-000000000020,VH-FN-B11-0003,null,null,null,null,null,null,null,null,null,good,allocated,null,2026-04-10 22:55:20.97926+00,null,null,null,null,null,null,null,null,null,false,,null
eae0d1da-f93a-4885-a271-13367955be13,00000000-0000-0000-0000-000000000001,b1000000-0000-0000-0000-000000000020,VH-FN-B11-0004,null,null,null,null,null,null,null,null,null,good,allocated,null,2026-04-10 22:55:20.97926+00,null,null,null,null,null,null,null,null,null,false,,null
abf1c24b-7e06-4b8d-b523-57b81c7a54aa,00000000-0000-0000-0000-000000000001,b1000000-0000-0000-0000-000000000020,VH-FN-B11-0005,null,null,null,null,null,null,null,null,null,good,allocated,null,2026-04-10 22:55:20.97926+00,null,null,null,null,null,null,null,null,null,false,,null
439ae075-64e7-4c7e-b777-9673d95831ad,00000000-0000-0000-0000-000000000001,b1000000-0000-0000-0000-000000000005,VH-IS-B11-0001,null,BB03KC1376A4080,Impex,OMEGAH2A,null,null,null,null,null,good,allocated,null,2026-04-10 22:55:20.97926+00,null,null,null,null,220-240V,null,null,null,null,false,,null
e508d231-df58-4a4a-ad56-5300ed69aaee,00000000-0000-0000-0000-000000000001,b1000000-0000-0000-0000-000000000009,VH-MA-B11-0001,null,null,null,null,null,null,null,null,null,good,allocated,null,2026-04-10 22:55:20.97926+00,null,null,null,null,null,null,null,null,null,false,,null
228fef1d-e37e-4738-b26a-cae6c84a797a,00000000-0000-0000-0000-000000000001,b1000000-0000-0000-0000-000000000009,VH-MA-B11-0002,null,null,null,null,null,null,null,null,null,good,allocated,null,2026-04-10 22:55:20.97926+00,null,null,null,null,null,null,null,null,null,false,,null
8d4d1dc5-77c6-4936-9b0b-f49bd3e6e51a,00000000-0000-0000-0000-000000000001,b1000000-0000-0000-0000-000000000009,VH-MA-B11-0003,null,null,null,null,null,null,null,null,null,good,allocated,null,2026-04-10 22:55:20.97926+00,null,null,null,null,null,null,null,null,null,false,,null
cf29d69d-f8ee-4a65-ac6a-248a197f33fe,00000000-0000-0000-0000-000000000001,b1000000-0000-0000-0000-000000000009,VH-MA-B11-0004,null,null,null,null,null,null,null,null,null,good,allocated,null,2026-04-10 22:55:20.97926+00,null,null,null,null,null,null,null,null,null,false,,null
60e408c2-009b-454d-9ded-f057c8534a95,00000000-0000-0000-0000-000000000001,b1000000-0000-0000-0000-000000000009,VH-MA-B11-0005,null,null,null,null,null,null,null,null,null,good,allocated,null,2026-04-10 22:55:20.97926+00,null,null,null,null,null,null,null,null,null,false,,null
3a3fe8ca-89ff-4ee3-b964-cc7d37010f6a,00000000-0000-0000-0000-000000000001,b1000000-0000-0000-0000-000000000009,VH-MA-B11-0006,null,null,null,null,null,null,null,null,null,good,allocated,null,2026-04-10 22:55:20.97926+00,null,null,null,null,null,null,null,null,null,false,,null
4f818090-d059-4e11-836f-d90d0116bce2,00000000-0000-0000-0000-000000000001,b1000000-0000-0000-0000-000000000004,VH-MW-B11-0001,null,0BFE7WDM502842J,Samsung,MS23K3513AK/TL/MAY-2019,null,null,null,null,null,good,allocated,null,2026-04-10 22:55:20.97926+00,null,null,null,null,230V / 2450 MHZ 800W,null,null,null,null,false,,null
ae6f48ff-2dbb-4507-b71a-31e396f32239,00000000-0000-0000-0000-000000000001,b1000000-0000-0000-0000-000000000003,VH-RF-B11-0001,null,null,Samsung,RR20N1Y1ZSE/HL/2019,null,null,null,null,null,good,allocated,null,2026-04-10 22:55:20.97926+00,null,null,null,null,182 Liters,null,null,null,null,false,,null
3e17194b-d4bf-44f1-92ff-8095282e0288,00000000-0000-0000-0000-000000000001,b1000000-0000-0000-0000-000000000007,VH-RO-B11-0001,null,RPI11 00033430,hindustan unilever Pure,null,null,null,null,null,null,good,allocated,null,2026-04-10 22:55:20.97926+00,null,null,null,null,null,null,null,null,null,false,,null
4d7d29f4-9e25-4586-815b-513e73307a26,00000000-0000-0000-0000-000000000001,b1000000-0000-0000-0000-000000000012,VH-SF-B11-0001,null,null,null,null,null,null,6afd6acf-2cf1-410d-b74e-2d7fa6159f33,null,null,good,allocated,null,2026-04-10 22:55:20.97926+00,null,null,null,Shifa Stores,null,null,null,null,null,false,,null
9e06e001-3ffa-4dfa-90ce-9bcddfe790db,00000000-0000-0000-0000-000000000001,b1000000-0000-0000-0000-000000000011,VH-ST-B11-0001,null,null,null,null,null,null,6afd6acf-2cf1-410d-b74e-2d7fa6159f33,null,null,good,allocated,null,2026-04-10 22:55:20.97926+00,null,null,null,Shifa Stores,null,null,null,null,null,false,,null
4a548767-8170-4f83-ab5a-2573fc199b78,00000000-0000-0000-0000-000000000001,b1000000-0000-0000-0000-000000000011,VH-ST-B11-0002,null,null,null,null,null,null,6afd6acf-2cf1-410d-b74e-2d7fa6159f33,null,null,good,allocated,null,2026-04-10 22:55:20.97926+00,null,null,null,Shifa Stores,null,null,null,null,null,false,,null
ea17ab4c-5899-4189-a0a2-9c716c3d8393,00000000-0000-0000-0000-000000000001,b1000000-0000-0000-0000-000000000011,VH-ST-B11-0003,null,null,null,null,null,null,6afd6acf-2cf1-410d-b74e-2d7fa6159f33,null,null,good,allocated,null,2026-04-10 22:55:20.97926+00,null,null,null,Shifa Stores,null,null,null,null,null,false,,null
d2bf306d-87f2-4546-9339-64ff19252560,00000000-0000-0000-0000-000000000001,b1000000-0000-0000-0000-000000000011,VH-ST-B11-0004,null,null,null,null,null,null,6afd6acf-2cf1-410d-b74e-2d7fa6159f33,null,null,good,allocated,null,2026-04-10 22:55:20.97926+00,null,null,null,Shifa Stores,null,null,null,null,null,false,,null
d8959eba-efa7-4e73-8f95-147b4f6aa5b6,00000000-0000-0000-0000-000000000001,b1000000-0000-0000-0000-000000000026,VH-TV-B11-0001,null,null,Baron,null,null,null,null,null,null,good,allocated,null,2026-04-10 22:55:20.97926+00,null,null,null,null,null,null,null,null,null,false,,null
7a151cec-a73d-494f-a736-f3ba7d48d8ae,00000000-0000-0000-0000-000000000001,b1000000-0000-0000-0000-000000000002,VH-WM-B11-0001,null,03WH5PBM503659H,Samsung,WA60M4100HY 01,null,null,null,null,null,good,allocated,null,2026-04-10 22:55:20.97926+00,null,null,null,null,6 Kg / 220 V / 330 W,null,null,null,null,false,,null
97ff054f-ebe0-4cfe-8f03-dba72342180a,00000000-0000-0000-0000-000000000001,b1000000-0000-0000-0000-000000000022,VH-WH-B11-0001,null,19020038613734,Venus,3P30,null,null,null,null,null,good,allocated,null,2026-04-10 22:55:20.97926+00,null,null,null,null,3 lites / 3000 W/230v,null,null,null,null,false,,null
640176e1-0f60-49d0-bdae-a2a1de9c46ed,00000000-0000-0000-0000-000000000001,b1000000-0000-0000-0000-000000000022,VH-WH-B11-0002,null,19020038613733,Venus,3P30,null,null,null,null,null,good,allocated,null,2026-04-10 22:55:20.97926+00,null,null,null,null,3 lites / 3000 W/230v,null,null,null,null,false,,null
d774147a-a1c4-4b48-bb72-65ed32615ba6,00000000-0000-0000-0000-000000000001,b1000000-0000-0000-0000-000000000022,VH-WH-B11-0003,null,19020038613732,Venus,3P30,null,null,null,null,null,good,allocated,null,2026-04-10 22:55:20.97926+00,null,null,null,null,3 lites / 3000 W/230V,null,null,null,null,false,,null
d6d1e730-b764-4dfc-aeda-759b7c2ab0a9,00000000-0000-0000-0000-000000000001,b1000000-0000-0000-0000-000000000001,VH-AC-B12-0001,null,A2551R03639,Vestar,VASKR123X5H/2018,null,null,null,null,null,good,allocated,null,2026-04-10 22:55:20.97926+00,null,null,null,null,1.5 TON / 3600W/240V,null,null,null,null,false,,null
0861776d-2243-4e50-815b-7d79e5acdd51,00000000-0000-0000-0000-000000000001,b1000000-0000-0000-0000-000000000001,VH-AC-B12-0002,null,null,Vestar,VASKR123X5H/2018,null,null,null,null,null,good,allocated,null,2026-04-10 22:55:20.97926+00,null,null,null,null,null,null,null,null,null,false,,null
b40ecc8b-216d-40e6-93a8-ca852ecd0b88,00000000-0000-0000-0000-000000000001,b1000000-0000-0000-0000-000000000001,VH-AC-B12-0003,null,GP-A1S12P22PIDUEXA03395,Blue Star,GP-A1S12P22PIDU,null,null,null,null,null,new,allocated,null,2026-04-10 22:55:20.97926+00,null,null,null,null,1.5 TON / 230V,null,null,null,null,false,,null
fb1c1923-92bc-48e7-b4ed-1af5b64ba221,00000000-0000-0000-0000-000000000001,b1000000-0000-0000-0000-000000000021,VH-CH-B12-0001,null,null,null,null,null,null,6afd6acf-2cf1-410d-b74e-2d7fa6159f33,null,null,good,allocated,null,2026-04-10 22:55:20.97926+00,null,null,null,Shifa Stores,null,null,null,null,null,false,,null
5d3e349d-1996-4560-ae53-8deea6ef9984,00000000-0000-0000-0000-000000000001,b1000000-0000-0000-0000-000000000008,VH-CO-B12-0001,null,null,null,null,null,null,6afd6acf-2cf1-410d-b74e-2d7fa6159f33,null,null,good,allocated,null,2026-04-10 22:55:20.97926+00,null,null,null,Shifa Stores,null,null,null,null,null,false,,null
ee813154-77a0-40c1-b762-e2cea63a35bf,00000000-0000-0000-0000-000000000001,b1000000-0000-0000-0000-000000000008,VH-CO-B12-0002,null,null,null,null,null,null,6afd6acf-2cf1-410d-b74e-2d7fa6159f33,null,null,good,allocated,null,2026-04-10 22:55:20.97926+00,null,null,null,Shifa Stores,null,null,null,null,null,false,,null
c995bc7c-0719-43bc-a980-13d678075b1d,00000000-0000-0000-0000-000000000001,b1000000-0000-0000-0000-000000000008,VH-CO-B12-0003,null,null,null,null,null,null,6afd6acf-2cf1-410d-b74e-2d7fa6159f33,null,null,good,allocated,null,2026-04-10 22:55:20.97926+00,null,null,null,Shifa Stores,null,null,null,null,null,false,,null
c9715ff6-e06a-4a35-8915-1a712e51d81f,00000000-0000-0000-0000-000000000001,b1000000-0000-0000-0000-000000000008,VH-CO-B12-0004,null,null,null,null,null,null,6afd6acf-2cf1-410d-b74e-2d7fa6159f33,null,null,good,allocated,null,2026-04-10 22:55:20.97926+00,null,null,null,Shifa Stores,null,null,null,null,null,false,,null
e55fe0a4-6d40-493e-b9af-af55243403f7,00000000-0000-0000-0000-000000000001,b1000000-0000-0000-0000-000000000008,VH-CO-B12-0005,null,null,null,null,null,null,6afd6acf-2cf1-410d-b74e-2d7fa6159f33,null,null,good,allocated,null,2026-04-10 22:55:20.97926+00,null,null,null,Shifa Stores,null,null,null,null,null,false,,null
f2d29075-ee7d-4af7-afd3-3f1d7775d2e6,00000000-0000-0000-0000-000000000001,c9000001-0000-0000-0000-000000000001,VH-CB-B12-0001,null,null,null,null,null,null,6afd6acf-2cf1-410d-b74e-2d7fa6159f33,null,null,good,allocated,null,2026-04-10 22:55:20.97926+00,null,null,null,Shifa Stores,null,null,null,null,null,false,,null
18de1186-ae6c-4ce6-a4b2-4c26de696f57,00000000-0000-0000-0000-000000000001,c9000001-0000-0000-0000-000000000001,VH-CB-B12-0002,null,null,null,null,null,null,6afd6acf-2cf1-410d-b74e-2d7fa6159f33,null,null,good,allocated,null,2026-04-10 22:55:20.97926+00,null,null,null,Shifa Stores,null,null,null,null,null,false,,null
ccd1f944-e336-4746-bd7c-b49224658fb8,00000000-0000-0000-0000-000000000001,c9000001-0000-0000-0000-000000000001,VH-CB-B12-0003,null,null,null,null,null,null,6afd6acf-2cf1-410d-b74e-2d7fa6159f33,null,null,good,allocated,null,2026-04-10 22:55:20.97926+00,null,null,null,Shifa Stores,null,null,null,null,null,false,,null
0c596fbc-1bfe-4e0b-ac77-17b130652f2d,00000000-0000-0000-0000-000000000001,c9000001-0000-0000-0000-000000000001,VH-CB-B12-0004,null,null,null,null,null,null,6afd6acf-2cf1-410d-b74e-2d7fa6159f33,null,null,good,allocated,null,2026-04-10 22:55:20.97926+00,null,null,null,Shifa Stores,null,null,null,null,null,false,,null
527b09ae-5e2e-4296-8c7a-f6a1d50d9cba,00000000-0000-0000-0000-000000000001,c9000001-0000-0000-0000-000000000001,VH-CB-B12-0005,null,null,null,null,null,null,6afd6acf-2cf1-410d-b74e-2d7fa6159f33,null,null,good,allocated,null,2026-04-10 22:55:20.97926+00,null,null,null,Shifa Stores,null,null,null,null,null,false,,null
91441c91-6ca6-4489-9af6-eeccdaf615a5,00000000-0000-0000-0000-000000000001,c9000001-0000-0000-0000-000000000001,VH-CB-B12-0006,null,null,null,null,null,null,6afd6acf-2cf1-410d-b74e-2d7fa6159f33,null,null,good,allocated,null,2026-04-10 22:55:20.97926+00,null,null,null,Shifa Stores,null,null,null,null,null,false,,null
317172ac-c2bb-40a2-bf74-b4770912b83a,00000000-0000-0000-0000-000000000001,c9000001-0000-0000-0000-000000000001,VH-CB-B12-0007,null,null,null,null,null,null,6afd6acf-2cf1-410d-b74e-2d7fa6159f33,null,null,good,allocated,null,2026-04-10 22:55:20.97926+00,null,null,null,Shifa Stores,null,null,null,null,null,false,,null
84c91482-47ca-432e-9a59-4fbd9edbc142,00000000-0000-0000-0000-000000000001,c9000001-0000-0000-0000-000000000001,VH-CB-B12-0008,null,null,null,null,null,null,6afd6acf-2cf1-410d-b74e-2d7fa6159f33,null,null,good,allocated,null,2026-04-10 22:55:20.97926+00,null,null,null,Shifa Stores,null,null,null,null,null,false,,null
899acae1-5416-4de3-9e84-34cf923c0a57,00000000-0000-0000-0000-000000000001,c9000001-0000-0000-0000-000000000001,VH-CB-B12-0009,null,null,null,null,null,null,6afd6acf-2cf1-410d-b74e-2d7fa6159f33,null,null,good,allocated,null,2026-04-10 22:55:20.97926+00,null,null,null,Shifa Stores,null,null,null,null,null,false,,null
1e89902f-536e-4657-8a2a-d218478c6cd3,00000000-0000-0000-0000-000000000001,b1000000-0000-0000-0000-000000000013,VH-DT-B12-0001,null,null,null,null,null,null,6afd6acf-2cf1-410d-b74e-2d7fa6159f33,null,null,good,allocated,null,2026-04-10 22:55:20.97926+00,null,null,null,Shifa Stores,null,null,null,null,null,false,,null
797e7972-72a1-4785-895a-38ea0e45a330,00000000-0000-0000-0000-000000000001,b1000000-0000-0000-0000-000000000020,VH-FN-B12-0001,null,null,null,null,null,null,null,null,null,good,allocated,null,2026-04-10 22:55:20.97926+00,null,null,null,null,null,null,null,null,null,false,,null
f1f8b383-aa8d-4f9d-b51d-b4e8816bf9db,00000000-0000-0000-0000-000000000001,b1000000-0000-0000-0000-000000000020,VH-FN-B12-0002,null,null,null,null,null,null,null,null,null,good,allocated,null,2026-04-10 22:55:20.97926+00,null,null,null,null,null,null,null,null,null,false,,null
3cbd4e3f-c83a-4694-901c-adab177847a6,00000000-0000-0000-0000-000000000001,b1000000-0000-0000-0000-000000000020,VH-FN-B12-0003,null,null,null,null,null,null,null,null,null,good,allocated,null,2026-04-10 22:55:20.97926+00,null,null,null,null,null,null,null,null,null,false,,null
0e80ba4d-b402-4b8f-ad64-848d39c7a440,00000000-0000-0000-0000-000000000001,b1000000-0000-0000-0000-000000000020,VH-FN-B12-0004,null,null,null,null,null,null,null,null,null,good,allocated,null,2026-04-10 22:55:20.97926+00,null,null,null,null,null,null,null,null,null,false,,null
dd2aa8ed-5426-4766-bdfc-5a6311cdd993,00000000-0000-0000-0000-000000000001,b1000000-0000-0000-0000-000000000005,VH-IS-B12-0001,null,E201112147348,Bajaj,Majesty Slim (740076),null,null,null,null,null,good,allocated,null,2026-04-10 22:55:20.97926+00,null,null,null,null,2100W/230V,null,null,null,null,false,,null
85d47c27-2713-49ce-b476-ed1dcddc0a93,00000000-0000-0000-0000-000000000001,b1000000-0000-0000-0000-000000000009,VH-MA-B12-0001,null,null,null,null,null,null,6afd6acf-2cf1-410d-b74e-2d7fa6159f33,null,null,new,allocated,null,2026-04-10 22:55:20.97926+00,null,null,null,Shifa Stores,null,null,null,null,null,false,,null
20cce6d9-a4dd-48c8-b924-b4e39a9db297,00000000-0000-0000-0000-000000000001,b1000000-0000-0000-0000-000000000009,VH-MA-B12-0002,null,null,null,null,null,null,null,null,null,good,allocated,null,2026-04-10 22:55:20.97926+00,null,null,null,null,null,null,null,null,null,false,,null
48e94177-4a93-4e9b-8ee2-b4e43db36d56,00000000-0000-0000-0000-000000000001,b1000000-0000-0000-0000-000000000009,VH-MA-B12-0003,null,null,null,null,null,null,null,null,null,good,allocated,null,2026-04-10 22:55:20.97926+00,null,null,null,null,null,null,null,null,null,false,,null
faa2ad38-cfce-4914-943b-1a566a3c3b88,00000000-0000-0000-0000-000000000001,b1000000-0000-0000-0000-000000000009,VH-MA-B12-0004,null,null,null,null,null,null,null,null,null,good,allocated,null,2026-04-10 22:55:20.97926+00,null,null,null,null,null,null,null,null,null,false,,null
14699c05-eea1-41c1-b94c-cfe64ff7354c,00000000-0000-0000-0000-000000000001,b1000000-0000-0000-0000-000000000009,VH-MA-B12-0005,null,null,null,null,null,null,null,null,null,good,allocated,null,2026-04-10 22:55:20.97926+00,null,null,null,null,null,null,null,null,null,false,,null
2e788324-b0a6-4615-b32b-8fc2e1c3e17a,00000000-0000-0000-0000-000000000001,b1000000-0000-0000-0000-000000000004,VH-MW-B12-0001,null,Not Available,IFB,17PM-MEC1,null,null,null,null,null,good,allocated,null,2026-04-10 22:55:20.97926+00,null,null,null,null,230v-1200W/2450MH,null,null,null,null,false,,null
8953e4c8-88d0-4842-aae7-356974031efe,00000000-0000-0000-0000-000000000001,b1000000-0000-0000-0000-000000000003,VH-RF-B12-0001,null,BS0337E7201T0J9F0175,Haier,HRD-1703/2018,null,null,null,null,null,good,allocated,null,2026-04-10 22:55:20.97926+00,null,null,null,null,null,null,null,null,null,false,,null
6d6df3d5-fc6b-417d-bdba-9b0ef9c1425c,00000000-0000-0000-0000-000000000001,b1000000-0000-0000-0000-000000000007,VH-RO-B12-0001,null,null,hindustan unilever Pure,null,null,null,null,null,null,good,allocated,null,2026-04-10 22:55:20.97926+00,null,null,null,null,null,null,null,null,null,false,,null
88fbc7aa-c091-47f8-b1e1-ec561ff05cf3,00000000-0000-0000-0000-000000000001,b1000000-0000-0000-0000-000000000024,VH-SS-B12-0001,null,null,null,null,null,null,6afd6acf-2cf1-410d-b74e-2d7fa6159f33,null,null,good,allocated,null,2026-04-10 22:55:20.97926+00,null,null,null,Shifa Stores,null,null,null,null,null,false,,null
cef54185-0af8-4777-afb1-4e11d9b9add4,00000000-0000-0000-0000-000000000001,b1000000-0000-0000-0000-000000000012,VH-SF-B12-0001,null,null,null,null,null,null,6afd6acf-2cf1-410d-b74e-2d7fa6159f33,null,null,good,allocated,null,2026-04-10 22:55:20.97926+00,null,null,null,Shifa Stores,null,null,null,null,null,false,,null
9064dd75-05b4-42ca-8199-474bd5e69116,00000000-0000-0000-0000-000000000001,b1000000-0000-0000-0000-000000000011,VH-ST-B12-0001,null,null,null,null,null,null,6afd6acf-2cf1-410d-b74e-2d7fa6159f33,null,null,good,allocated,null,2026-04-10 22:55:20.97926+00,null,null,null,Shifa Stores,null,null,null,null,null,false,,null
7179b437-4868-4645-8629-61b16ea84e89,00000000-0000-0000-0000-000000000001,b1000000-0000-0000-0000-000000000011,VH-ST-B12-0002,null,null,null,null,null,null,6afd6acf-2cf1-410d-b74e-2d7fa6159f33,null,null,good,allocated,null,2026-04-10 22:55:20.97926+00,null,null,null,Shifa Stores,null,null,null,null,null,false,,null
91be87a5-9260-434d-a46b-0359a024d56a,00000000-0000-0000-0000-000000000001,b1000000-0000-0000-0000-000000000011,VH-ST-B12-0003,null,null,null,null,null,null,6afd6acf-2cf1-410d-b74e-2d7fa6159f33,null,null,good,allocated,null,2026-04-10 22:55:20.97926+00,null,null,null,Shifa Stores,null,null,null,null,null,false,,null
87f1cde5-cc89-4a84-83a1-d3f92094f0f8,00000000-0000-0000-0000-000000000001,b1000000-0000-0000-0000-000000000002,VH-WM-B12-0001,null,03WH5PBMA03653A,Samsung,WA60M4100HY 01,null,null,null,null,null,good,allocated,null,2026-04-10 22:55:20.97926+00,null,null,null,null,6Kg / 220 v/330W,null,null,null,null,false,,null
9c87e2e9-08dd-4d4e-b6e2-54eeeb4dce20,00000000-0000-0000-0000-000000000001,b1000000-0000-0000-0000-000000000022,VH-WH-B12-0001,null,Not Available,Venus,3P30,null,null,null,null,null,good,allocated,null,2026-04-10 22:55:20.97926+00,null,null,null,null,3 lites / 3000 W/230V,null,null,null,null,false,,null
326a9803-4ecf-4a90-9ad6-dc039042ff6c,00000000-0000-0000-0000-000000000001,b1000000-0000-0000-0000-000000000022,VH-WH-B12-0002,null,18090038607690,Venus,3P30,null,null,null,null,null,good,allocated,null,2026-04-10 22:55:20.97926+00,null,null,null,null,3 lites / 3000 W/230V,null,null,null,null,false,,null
d4f2ff34-b56c-4fa6-bdb2-fabb4d39c447,00000000-0000-0000-0000-000000000001,b1000000-0000-0000-0000-000000000001,VH-AC-B13-0001,null,SEB0A3514X5,Hitachi,RAS.B312PCAIBA 1 /2025,null,null,null,null,null,good,allocated,null,2026-04-10 22:55:20.97926+00,null,null,null,null,1.5 TON/3517 W / 913 W,null,null,null,null,false,,null
77767257-fb83-446b-a520-e59bef8e1d49,00000000-0000-0000-0000-000000000001,b1000000-0000-0000-0000-000000000001,VH-AC-B13-0002,null,S2586R01318,Vestar,VASKR123AMT,null,null,null,null,null,good,allocated,null,2026-04-10 22:55:20.97926+00,null,null,null,null,1.5 TON / 3400 W /240 v,null,null,null,null,false,,null
0c03377f-8496-488b-9c08-ac6fddf873e8,00000000-0000-0000-0000-000000000001,b1000000-0000-0000-0000-000000000021,VH-CH-B13-0001,null,null,null,null,null,null,6afd6acf-2cf1-410d-b74e-2d7fa6159f33,null,null,good,allocated,null,2026-04-10 22:55:20.97926+00,null,null,null,Shifa Stores,null,null,null,null,null,false,,null
0061abd2-efb8-4d07-8d5b-995af0480d78,00000000-0000-0000-0000-000000000001,b1000000-0000-0000-0000-000000000021,VH-CH-B13-0002,null,null,null,null,null,null,6afd6acf-2cf1-410d-b74e-2d7fa6159f33,null,null,good,allocated,null,2026-04-10 22:55:20.97926+00,null,null,null,Shifa Stores,null,null,null,null,null,false,,null
104eaaef-3446-4465-8ae4-d4178cc46d4e,00000000-0000-0000-0000-000000000001,b1000000-0000-0000-0000-000000000021,VH-CH-B13-0003,null,null,null,null,null,null,6afd6acf-2cf1-410d-b74e-2d7fa6159f33,null,null,good,allocated,null,2026-04-10 22:55:20.97926+00,null,null,null,Shifa Stores,null,null,null,null,null,false,,null
0a82c0bd-3d31-4978-aadf-dfc279d8059a,00000000-0000-0000-0000-000000000001,b1000000-0000-0000-0000-000000000028,VH-CD-B13-0001,null,null,null,null,null,null,null,null,null,good,allocated,null,2026-04-10 22:55:20.97926+00,null,null,null,null,null,null,null,null,null,false,,null
c94425dd-961d-45ff-af5e-384592e643e7,00000000-0000-0000-0000-000000000001,b1000000-0000-0000-0000-000000000008,VH-CO-B13-0001,null,null,null,null,null,null,6afd6acf-2cf1-410d-b74e-2d7fa6159f33,null,null,good,allocated,null,2026-04-10 22:55:20.97926+00,null,null,null,Shifa Stores,null,null,null,null,null,false,,null
bfc07faf-f30c-469e-8f5e-d52b3f302d8b,00000000-0000-0000-0000-000000000001,b1000000-0000-0000-0000-000000000008,VH-CO-B13-0002,null,null,null,null,null,null,6afd6acf-2cf1-410d-b74e-2d7fa6159f33,null,null,good,allocated,null,2026-04-10 22:55:20.97926+00,null,null,null,Shifa Stores,null,null,null,null,null,false,,null
d79e58e5-0cfb-4928-aca0-d4ea5a49fa78,00000000-0000-0000-0000-000000000001,b1000000-0000-0000-0000-000000000008,VH-CO-B13-0003,null,null,null,null,null,null,6afd6acf-2cf1-410d-b74e-2d7fa6159f33,null,null,good,allocated,null,2026-04-10 22:55:20.97926+00,null,null,null,Shifa Stores,null,null,null,null,null,false,,null
652d71c4-9693-4722-aa70-2defec183568,00000000-0000-0000-0000-000000000001,b1000000-0000-0000-0000-000000000008,VH-CO-B13-0004,null,null,null,null,null,null,6afd6acf-2cf1-410d-b74e-2d7fa6159f33,null,null,good,allocated,null,2026-04-10 22:55:20.97926+00,null,null,null,Shifa Stores,null,null,null,null,null,false,,null
78a2ac0f-0e30-464f-ba3b-634e84e7d46e,00000000-0000-0000-0000-000000000001,c9000001-0000-0000-0000-000000000001,VH-CB-B13-0001,null,null,null,null,null,null,6afd6acf-2cf1-410d-b74e-2d7fa6159f33,null,null,good,allocated,null,2026-04-10 22:55:20.97926+00,null,null,null,Shifa Stores,null,null,null,null,null,false,,null
a6f01342-1719-4b20-9357-3ea01bd11473,00000000-0000-0000-0000-000000000001,c9000001-0000-0000-0000-000000000001,VH-CB-B13-0002,null,null,null,null,null,null,6afd6acf-2cf1-410d-b74e-2d7fa6159f33,null,null,good,allocated,null,2026-04-10 22:55:20.97926+00,null,null,null,Shifa Stores,null,null,null,null,null,false,,null
b1a9ee2b-3c75-4a23-ad28-3a27c7d93e41,00000000-0000-0000-0000-000000000001,c9000001-0000-0000-0000-000000000001,VH-CB-B13-0003,null,null,null,null,null,null,6afd6acf-2cf1-410d-b74e-2d7fa6159f33,null,null,good,allocated,null,2026-04-10 22:55:20.97926+00,null,null,null,Shifa Stores,null,null,null,null,null,false,,null
0f4400ab-3ba3-43be-8501-a740652f62aa,00000000-0000-0000-0000-000000000001,c9000001-0000-0000-0000-000000000001,VH-CB-B13-0004,null,null,null,null,null,null,6afd6acf-2cf1-410d-b74e-2d7fa6159f33,null,null,good,allocated,null,2026-04-10 22:55:20.97926+00,null,null,null,Shifa Stores,null,null,null,null,null,false,,null
b045b49c-8572-4178-b157-bbcbc229f437,00000000-0000-0000-0000-000000000001,c9000001-0000-0000-0000-000000000001,VH-CB-B13-0005,null,null,null,null,null,null,6afd6acf-2cf1-410d-b74e-2d7fa6159f33,null,null,good,allocated,null,2026-04-10 22:55:20.97926+00,null,null,null,Shifa Stores,null,null,null,null,null,false,,null
660492a2-aeb0-43ec-8d4d-c018b239bc99,00000000-0000-0000-0000-000000000001,c9000001-0000-0000-0000-000000000001,VH-CB-B13-0006,null,null,null,null,null,null,6afd6acf-2cf1-410d-b74e-2d7fa6159f33,null,null,good,allocated,null,2026-04-10 22:55:20.97926+00,null,null,null,Shifa Stores,null,null,null,null,null,false,,null
0c8064f6-def9-4ce0-99e2-58cc93476a3e,00000000-0000-0000-0000-000000000001,c9000001-0000-0000-0000-000000000001,VH-CB-B13-0007,null,null,null,null,null,null,6afd6acf-2cf1-410d-b74e-2d7fa6159f33,null,null,good,allocated,null,2026-04-10 22:55:20.97926+00,null,null,null,Shifa Stores,null,null,null,null,null,false,,null
a55ae9b6-311f-4722-ac9f-eee9b5bf3dbc,00000000-0000-0000-0000-000000000001,c9000001-0000-0000-0000-000000000001,VH-CB-B13-0008,null,null,null,null,null,null,6afd6acf-2cf1-410d-b74e-2d7fa6159f33,null,null,good,allocated,null,2026-04-10 22:55:20.97926+00,null,null,null,Shifa Stores,null,null,null,null,null,false,,null
aa5e8c85-ee50-4ed7-ac41-9891f57151fc,00000000-0000-0000-0000-000000000001,b1000000-0000-0000-0000-000000000013,VH-DT-B13-0001,null,null,null,null,null,null,6afd6acf-2cf1-410d-b74e-2d7fa6159f33,null,null,good,allocated,null,2026-04-10 22:55:20.97926+00,null,null,null,Shifa Stores,null,null,null,null,null,false,,null
14d27fc6-b43f-420e-9cc7-29bec3989775,00000000-0000-0000-0000-000000000001,b1000000-0000-0000-0000-000000000020,VH-FN-B13-0001,null,null,null,null,null,null,null,null,null,good,allocated,null,2026-04-10 22:55:20.97926+00,null,null,null,null,null,null,null,null,null,false,,null
58cb2e24-2d02-4c94-acad-fe4c2afaa878,00000000-0000-0000-0000-000000000001,b1000000-0000-0000-0000-000000000020,VH-FN-B13-0002,null,null,null,null,null,null,null,null,null,good,allocated,null,2026-04-10 22:55:20.97926+00,null,null,null,null,null,null,null,null,null,false,,null
6d139e37-b2c9-41ce-ab61-761b58c50881,00000000-0000-0000-0000-000000000001,b1000000-0000-0000-0000-000000000020,VH-FN-B13-0003,null,null,null,null,null,null,null,null,null,good,allocated,null,2026-04-10 22:55:20.97926+00,null,null,null,null,null,null,null,null,null,false,,null
4948239d-c0c6-418e-866b-0369e7ffe393,00000000-0000-0000-0000-000000000001,b1000000-0000-0000-0000-000000000005,VH-IS-B13-0001,null,LIH08249127797,Judge,Optima Plus,null,null,null,null,null,good,allocated,null,2026-04-10 22:55:20.97926+00,null,null,null,null,null,null,null,null,null,false,,null
1b664f06-fb9b-4b4a-917e-499b86f5d1d8,00000000-0000-0000-0000-000000000001,b1000000-0000-0000-0000-000000000009,VH-MA-B13-0001,null,null,null,null,null,null,null,null,null,good,allocated,null,2026-04-10 22:55:20.97926+00,null,null,null,null,null,null,null,null,null,false,,null
533491a7-0d69-4639-bbe7-d3583abf1ef7,00000000-0000-0000-0000-000000000001,b1000000-0000-0000-0000-000000000009,VH-MA-B13-0002,null,null,null,null,null,null,6afd6acf-2cf1-410d-b74e-2d7fa6159f33,null,null,new,allocated,null,2026-04-10 22:55:20.97926+00,null,null,null,Shifa Stores,null,null,null,null,null,false,,null
8df6b261-ef18-468e-aab3-96cab19b4ffa,00000000-0000-0000-0000-000000000001,b1000000-0000-0000-0000-000000000009,VH-MA-B13-0003,null,null,null,null,null,null,null,null,null,good,allocated,null,2026-04-10 22:55:20.97926+00,null,null,null,null,null,null,null,null,null,false,,null
1bc21ebb-ed96-4d21-8263-264ce05329b1,00000000-0000-0000-0000-000000000001,b1000000-0000-0000-0000-000000000009,VH-MA-B13-0004,null,null,null,null,null,null,null,null,null,good,allocated,null,2026-04-10 22:55:20.97926+00,null,null,null,null,null,null,null,null,null,false,,null
1616f4f3-38d2-4758-b116-0b1cef502fa5,00000000-0000-0000-0000-000000000001,b1000000-0000-0000-0000-000000000004,VH-MW-B13-0001,null,256PULCTEU03036,Panasonic,NN-ST26JMFDG,2025-07-29,6289.00,a955f0b4-9279-a80c-df59-b74588c36720,null,null,good,allocated,Amazon invoice SMAB-87600.,2026-04-10 22:55:20.97926+00,SMAB-87600,2025-07-29,asset-invoices/vista heights/invoice-72.pdf,Amazon,1250 W /230 V,null,null,null,null,false,,null
27ee160b-3897-471a-a0cb-9599fe8fdfaa,00000000-0000-0000-0000-000000000001,b1000000-0000-0000-0000-000000000003,VH-RF-B13-0001,null,null,Godrej,RD EDGE 205 TRF 2.2/2019,null,null,null,null,null,good,allocated,null,2026-04-10 22:55:20.97926+00,null,null,null,null,180 litre,null,null,null,null,false,,null
9c517620-7cbf-45ba-b969-fa3728bf2957,00000000-0000-0000-0000-000000000001,b1000000-0000-0000-0000-000000000007,VH-RO-B13-0001,null,null,Adyar Mars,null,2025-01-18,7000.00,df4e3fb8-4557-884d-f82f-c411e8707351,null,null,good,allocated,RO Replacement. No invoice - requires upload.,2026-04-10 22:55:20.97926+00,null,2025-01-18,null,Adyar Aqua House,null,null,null,null,null,true,,null
1ae4f454-cdb2-49de-af78-00efe5419ec6,00000000-0000-0000-0000-000000000001,b1000000-0000-0000-0000-000000000024,VH-SS-B13-0001,null,null,null,null,null,null,6afd6acf-2cf1-410d-b74e-2d7fa6159f33,null,null,good,allocated,null,2026-04-10 22:55:20.97926+00,null,null,null,Shifa Stores,null,null,null,null,null,false,,null
af693946-26a9-495a-837e-82a0d7189fae,00000000-0000-0000-0000-000000000001,b1000000-0000-0000-0000-000000000012,VH-SF-B13-0001,null,null,null,null,null,null,6afd6acf-2cf1-410d-b74e-2d7fa6159f33,null,null,good,allocated,null,2026-04-10 22:55:20.97926+00,null,null,null,Shifa Stores,null,null,null,null,null,false,,null
ad38cbbf-3655-4b59-91a9-ebfc678177fd,00000000-0000-0000-0000-000000000001,b1000000-0000-0000-0000-000000000011,VH-ST-B13-0001,null,null,null,null,null,null,6afd6acf-2cf1-410d-b74e-2d7fa6159f33,null,null,good,allocated,null,2026-04-10 22:55:20.97926+00,null,null,null,Shifa Stores,null,null,null,null,null,false,,null
53bc6aa1-4d9f-4cc7-8db1-4e9a8e36c50b,00000000-0000-0000-0000-000000000001,b1000000-0000-0000-0000-000000000011,VH-ST-B13-0002,null,null,null,null,null,null,6afd6acf-2cf1-410d-b74e-2d7fa6159f33,null,null,good,allocated,null,2026-04-10 22:55:20.97926+00,null,null,null,Shifa Stores,null,null,null,null,null,false,,null
b24527ab-8027-47a9-9313-31ad7ab0aa00,00000000-0000-0000-0000-000000000001,b1000000-0000-0000-0000-000000000026,VH-TV-B13-0001,null,null,null,null,null,null,null,null,null,good,allocated,null,2026-04-10 22:55:20.97926+00,null,null,null,null,null,null,null,null,null,false,,null
bf92b299-c37b-4834-926b-100eb409047c,00000000-0000-0000-0000-000000000001,b1000000-0000-0000-0000-000000000002,VH-WM-B13-0001,null,null,Samsung,WA70A4002GS/2025,2025-07-29,15290.00,a955f0b4-9279-a80c-df59-b74588c36720,null,null,good,allocated,Amazon invoice RSZX-8020. Samsung 7kg Fully-Automatic Top Lo,2026-04-10 22:55:20.97926+00,RSZX-8020,2025-07-29,asset-invoices/vista heights/invoice-73.pdf,Amazon (DAWNTECH ELECTRONICS),7Kg /,null,null,null,null,false,,null
6b3439e1-ce82-479e-9781-e9a2b893b664,00000000-0000-0000-0000-000000000001,b1000000-0000-0000-0000-000000000022,VH-WH-B13-0001,null,Not Available,Venus,null,null,null,null,null,null,good,allocated,null,2026-04-10 22:55:20.97926+00,null,null,null,null,3 lites / 3000 W/230V,null,null,null,null,false,,null
7a01a904-0541-42d0-9ea7-581c93367b35,00000000-0000-0000-0000-000000000001,b1000000-0000-0000-0000-000000000022,VH-WH-B13-0002,null,18090038607693,Venus,null,null,null,null,null,null,good,allocated,null,2026-04-10 22:55:20.97926+00,null,null,null,null,3 lites / 3000 W/230V,null,null,null,null,false,,null
f4f592b5-47aa-4c47-ae37-5299306ddb56,00000000-0000-0000-0000-000000000001,b1000000-0000-0000-0000-000000000001,VH-AC-B14-0001,null,SE190O29414,Hitachi,RSG312HCDOBW,null,null,null,null,null,good,allocated,null,2026-04-10 22:55:20.97926+00,null,null,null,null,1.5 TON / 3545W/985W,null,null,null,null,false,,null
bb16fb18-3977-45db-9072-c93a4fbb46c5,00000000-0000-0000-0000-000000000001,b1000000-0000-0000-0000-000000000001,VH-AC-B14-0002,null,A2551R03088,Vestar,VASKR123X5H/2018,null,null,null,null,null,good,allocated,null,2026-04-10 22:55:20.97926+00,null,null,null,null,1.5 TON / 3600W/240V,null,null,null,null,false,,null
9d364a68-c955-4fe7-8a91-9ed05f2a64a8,00000000-0000-0000-0000-000000000001,b1000000-0000-0000-0000-000000000001,VH-AC-B14-0003,null,A2551R03704,Vestar,VASKR123X5H/2018,null,null,null,null,null,good,allocated,null,2026-04-10 22:55:20.97926+00,null,null,null,null,3 lites / 3000 W/230V,null,null,null,null,false,,null
b43448f8-08f8-4bcc-aa58-9d7517191ffc,00000000-0000-0000-0000-000000000001,b1000000-0000-0000-0000-000000000021,VH-CH-B14-0001,null,null,null,null,null,null,6afd6acf-2cf1-410d-b74e-2d7fa6159f33,null,null,good,allocated,null,2026-04-10 22:55:20.97926+00,null,null,null,Shifa Stores,null,null,null,null,null,false,,null
027f3f55-ff33-4f42-80c7-3057a240005c,00000000-0000-0000-0000-000000000001,b1000000-0000-0000-0000-000000000021,VH-CH-B14-0002,null,null,null,null,null,null,6afd6acf-2cf1-410d-b74e-2d7fa6159f33,null,null,good,allocated,null,2026-04-10 22:55:20.97926+00,null,null,null,Shifa Stores,null,null,null,null,null,false,,null
fa43dba3-20f8-4ca7-b8b5-2a2b7e999e40,00000000-0000-0000-0000-000000000001,b1000000-0000-0000-0000-000000000021,VH-CH-B14-0003,null,null,null,null,null,null,6afd6acf-2cf1-410d-b74e-2d7fa6159f33,null,null,good,allocated,null,2026-04-10 22:55:20.97926+00,null,null,null,Shifa Stores,null,null,null,null,null,false,,null
27511d3b-4d75-46b0-ace6-ab0a808722cd,00000000-0000-0000-0000-000000000001,b1000000-0000-0000-0000-000000000021,VH-CH-B14-0004,null,null,null,null,null,null,6afd6acf-2cf1-410d-b74e-2d7fa6159f33,null,null,good,allocated,null,2026-04-10 22:55:20.97926+00,null,null,null,Shifa Stores,null,null,null,null,null,false,,null
f8fe2cb5-1fe9-4d48-b8cb-1f4819eed235,00000000-0000-0000-0000-000000000001,b1000000-0000-0000-0000-000000000028,VH-CD-B14-0001,null,null,null,null,null,null,null,null,null,good,allocated,null,2026-04-10 22:55:20.97926+00,null,null,null,null,null,null,null,null,null,false,,null
4f41137c-adb3-4668-b87a-609c7cbe34ba,00000000-0000-0000-0000-000000000001,b1000000-0000-0000-0000-000000000008,VH-CO-B14-0001,null,null,null,null,null,null,6afd6acf-2cf1-410d-b74e-2d7fa6159f33,null,null,good,allocated,null,2026-04-10 22:55:20.97926+00,null,null,null,Shifa Stores,null,null,null,null,null,false,,null
1b74d82c-0c6e-489d-b7bb-95ccf07e22a0,00000000-0000-0000-0000-000000000001,b1000000-0000-0000-0000-000000000008,VH-CO-B14-0002,null,null,null,null,null,null,6afd6acf-2cf1-410d-b74e-2d7fa6159f33,null,null,good,allocated,null,2026-04-10 22:55:20.97926+00,null,null,null,Shifa Stores,null,null,null,null,null,false,,null
ba532fbf-5f15-446a-9c1e-8b34b5f0adba,00000000-0000-0000-0000-000000000001,b1000000-0000-0000-0000-000000000008,VH-CO-B14-0003,null,null,null,null,null,null,6afd6acf-2cf1-410d-b74e-2d7fa6159f33,null,null,good,allocated,null,2026-04-10 22:55:20.97926+00,null,null,null,Shifa Stores,null,null,null,null,null,false,,null
841939c0-bc80-4188-8ec7-7f8401b90c21,00000000-0000-0000-0000-000000000001,b1000000-0000-0000-0000-000000000008,VH-CO-B14-0004,null,null,null,null,null,null,6afd6acf-2cf1-410d-b74e-2d7fa6159f33,null,null,good,allocated,null,2026-04-10 22:55:20.97926+00,null,null,null,Shifa Stores,null,null,null,null,null,false,,null
d2c7b03e-13e6-4038-b13c-095b7a07b8d2,00000000-0000-0000-0000-000000000001,b1000000-0000-0000-0000-000000000008,VH-CO-B14-0005,null,null,null,null,null,null,6afd6acf-2cf1-410d-b74e-2d7fa6159f33,null,null,good,allocated,null,2026-04-10 22:55:20.97926+00,null,null,null,Shifa Stores,null,null,null,null,null,false,,null
69d9c8cf-57c5-475e-a120-c23829948970,00000000-0000-0000-0000-000000000001,c9000001-0000-0000-0000-000000000001,VH-CB-B14-0001,null,null,null,null,null,null,6afd6acf-2cf1-410d-b74e-2d7fa6159f33,null,null,good,allocated,null,2026-04-10 22:55:20.97926+00,null,null,null,Shifa Stores,null,null,null,null,null,false,,null
d8d662fd-0f62-42d0-bcf2-4f22a9ab23ea,00000000-0000-0000-0000-000000000001,c9000001-0000-0000-0000-000000000001,VH-CB-B14-0002,null,null,null,null,null,null,6afd6acf-2cf1-410d-b74e-2d7fa6159f33,null,null,good,allocated,null,2026-04-10 22:55:20.97926+00,null,null,null,Shifa Stores,null,null,null,null,null,false,,null
4127c641-b61c-4c57-911b-849032138a56,00000000-0000-0000-0000-000000000001,c9000001-0000-0000-0000-000000000001,VH-CB-B14-0003,null,null,null,null,null,null,6afd6acf-2cf1-410d-b74e-2d7fa6159f33,null,null,good,allocated,null,2026-04-10 22:55:20.97926+00,null,null,null,Shifa Stores,null,null,null,null,null,false,,null
1acf99d6-b5d6-49b1-b102-e544c50a41a4,00000000-0000-0000-0000-000000000001,c9000001-0000-0000-0000-000000000001,VH-CB-B14-0004,null,null,null,null,null,null,6afd6acf-2cf1-410d-b74e-2d7fa6159f33,null,null,good,allocated,null,2026-04-10 22:55:20.97926+00,null,null,null,Shifa Stores,null,null,null,null,null,false,,null
8376fbc5-6fad-47e7-92fd-0f4b5b3ff302,00000000-0000-0000-0000-000000000001,c9000001-0000-0000-0000-000000000001,VH-CB-B14-0005,null,null,null,null,null,null,6afd6acf-2cf1-410d-b74e-2d7fa6159f33,null,null,good,allocated,null,2026-04-10 22:55:20.97926+00,null,null,null,Shifa Stores,null,null,null,null,null,false,,null
6e7febe9-ee65-4fad-8d38-7d50bbe6ba41,00000000-0000-0000-0000-000000000001,c9000001-0000-0000-0000-000000000001,VH-CB-B14-0006,null,null,null,null,null,null,6afd6acf-2cf1-410d-b74e-2d7fa6159f33,null,null,good,allocated,null,2026-04-10 22:55:20.97926+00,null,null,null,Shifa Stores,null,null,null,null,null,false,,null
4acea0db-c8bc-4068-a2b3-c08755d6d370,00000000-0000-0000-0000-000000000001,c9000001-0000-0000-0000-000000000001,VH-CB-B14-0007,null,null,null,null,null,null,6afd6acf-2cf1-410d-b74e-2d7fa6159f33,null,null,good,allocated,null,2026-04-10 22:55:20.97926+00,null,null,null,Shifa Stores,null,null,null,null,null,false,,null
69f1210d-c843-4637-afd6-f6541b6d7040,00000000-0000-0000-0000-000000000001,c9000001-0000-0000-0000-000000000001,VH-CB-B14-0008,null,null,null,null,null,null,6afd6acf-2cf1-410d-b74e-2d7fa6159f33,null,null,good,allocated,null,2026-04-10 22:55:20.97926+00,null,null,null,Shifa Stores,null,null,null,null,null,false,,null
350a5d9f-c741-4da5-9c41-4d6628f4be60,00000000-0000-0000-0000-000000000001,c9000001-0000-0000-0000-000000000001,VH-CB-B14-0009,null,null,null,null,null,null,6afd6acf-2cf1-410d-b74e-2d7fa6159f33,null,null,good,allocated,null,2026-04-10 22:55:20.97926+00,null,null,null,Shifa Stores,null,null,null,null,null,false,,null
36f7edf9-6161-4d38-b484-e65b0b545b8b,00000000-0000-0000-0000-000000000001,b1000000-0000-0000-0000-000000000013,VH-DT-B14-0001,null,null,null,null,null,null,6afd6acf-2cf1-410d-b74e-2d7fa6159f33,null,null,good,allocated,null,2026-04-10 22:55:20.97926+00,null,null,null,Shifa Stores,null,null,null,null,null,false,,null
d808c152-ecd9-40b8-a60b-cc800d25e27d,00000000-0000-0000-0000-000000000001,b1000000-0000-0000-0000-000000000020,VH-FN-B14-0001,null,null,null,null,null,null,null,null,null,good,allocated,null,2026-04-10 22:55:20.97926+00,null,null,null,null,null,null,null,null,null,false,,null
affc59e1-4e50-4b39-9026-c4adbf601fdb,00000000-0000-0000-0000-000000000001,b1000000-0000-0000-0000-000000000020,VH-FN-B14-0002,null,null,null,null,null,null,null,null,null,good,allocated,null,2026-04-10 22:55:20.97926+00,null,null,null,null,null,null,null,null,null,false,,null
ef9a41c0-4e35-474e-ab7b-3ca0833228c2,00000000-0000-0000-0000-000000000001,b1000000-0000-0000-0000-000000000020,VH-FN-B14-0003,null,null,null,null,null,null,null,null,null,good,allocated,null,2026-04-10 22:55:20.97926+00,null,null,null,null,null,null,null,null,null,false,,null
97248d4f-b62a-4315-9915-18dee0224ade,00000000-0000-0000-0000-000000000001,b1000000-0000-0000-0000-000000000020,VH-FN-B14-0004,null,null,null,null,null,null,null,null,null,good,allocated,null,2026-04-10 22:55:20.97926+00,null,null,null,null,null,null,null,null,null,false,,null
a13f0c50-2845-4ab1-b7f1-5955c25ff6ee,00000000-0000-0000-0000-000000000001,b1000000-0000-0000-0000-000000000005,VH-IS-B14-0001,null,BB03KC1376A4084,Impex,OMEGA H2A,null,null,null,null,null,good,allocated,null,2026-04-10 22:55:20.97926+00,null,null,null,null,null,null,null,null,null,false,,null
02467f34-667c-4200-bf02-090ec6274180,00000000-0000-0000-0000-000000000001,b1000000-0000-0000-0000-000000000009,VH-MA-B14-0001,null,null,null,null,null,null,6afd6acf-2cf1-410d-b74e-2d7fa6159f33,null,null,new,allocated,null,2026-04-10 22:55:20.97926+00,null,null,null,Shifa Stores,null,null,null,null,null,false,,null
08635064-b234-4460-b461-39a5eb86c144,00000000-0000-0000-0000-000000000001,b1000000-0000-0000-0000-000000000009,VH-MA-B14-0002,null,null,null,null,null,null,6afd6acf-2cf1-410d-b74e-2d7fa6159f33,null,null,new,allocated,null,2026-04-10 22:55:20.97926+00,null,null,null,Shifa Stores,null,null,null,null,null,false,,null
5cafe387-b6ea-41dc-a4bc-777ac1e84b85,00000000-0000-0000-0000-000000000001,b1000000-0000-0000-0000-000000000009,VH-MA-B14-0003,null,null,null,null,null,null,6afd6acf-2cf1-410d-b74e-2d7fa6159f33,null,null,new,allocated,null,2026-04-10 22:55:20.97926+00,null,null,null,Shifa Stores,null,null,null,null,null,false,,null
edc229b9-aa25-4f57-acf9-d992974aa798,00000000-0000-0000-0000-000000000001,b1000000-0000-0000-0000-000000000009,VH-MA-B14-0004,null,null,null,null,null,null,null,null,null,good,allocated,null,2026-04-10 22:55:20.97926+00,null,null,null,null,null,null,null,null,null,false,,null
24eb48f0-199e-4932-9b67-5ec3dd853112,00000000-0000-0000-0000-000000000001,b1000000-0000-0000-0000-000000000009,VH-MA-B14-0005,null,null,null,null,null,null,6afd6acf-2cf1-410d-b74e-2d7fa6159f33,null,null,new,allocated,null,2026-04-10 22:55:20.97926+00,null,null,null,Shifa Stores,null,null,null,null,null,false,,null
65f89850-5c79-40b4-b6e5-d9fa4f66557e,00000000-0000-0000-0000-000000000001,b1000000-0000-0000-0000-000000000004,VH-MW-B14-0001,null,245PU;CEWU 00488,null,NN-ST266BFDG,null,null,null,null,null,good,allocated,null,2026-04-10 22:55:20.97926+00,null,null,null,null,230V/800W/1250W,null,null,null,null,false,,null
1967bad2-ccb8-4c40-8ee0-2c4dfe7440aa,00000000-0000-0000-0000-000000000001,b1000000-0000-0000-0000-000000000003,VH-RF-B14-0001,null,BS0337E7201T0J9F0005,Haier,HRD-1703SR-E /2018,null,null,null,null,null,good,allocated,null,2026-04-10 22:55:20.97926+00,null,null,null,null,163 Litre,null,null,null,null,false,,null
e023aafd-324b-46e0-9d1c-4185c31eab44,00000000-0000-0000-0000-000000000001,b1000000-0000-0000-0000-000000000007,VH-RO-B14-0001,null,null,hindustan unilever Pure,null,null,null,null,null,null,good,allocated,null,2026-04-10 22:55:20.97926+00,null,null,null,null,null,null,null,null,null,false,,null
708fa4ef-732d-42b3-a703-662c7856927e,00000000-0000-0000-0000-000000000001,b1000000-0000-0000-0000-000000000024,VH-SS-B14-0001,null,null,null,null,null,null,6afd6acf-2cf1-410d-b74e-2d7fa6159f33,null,null,good,allocated,null,2026-04-10 22:55:20.97926+00,null,null,null,Shifa Stores,null,null,null,null,null,false,,null
f9bfe028-7c8b-4738-a673-dd78b0818535,00000000-0000-0000-0000-000000000001,b1000000-0000-0000-0000-000000000012,VH-SF-B14-0001,null,null,null,null,null,null,6afd6acf-2cf1-410d-b74e-2d7fa6159f33,null,null,good,allocated,null,2026-04-10 22:55:20.97926+00,null,null,null,Shifa Stores,null,null,null,null,null,false,,null
3d922a51-fe63-417d-8da2-a5bf53202a07,00000000-0000-0000-0000-000000000001,b1000000-0000-0000-0000-000000000011,VH-ST-B14-0001,null,null,null,null,null,null,6afd6acf-2cf1-410d-b74e-2d7fa6159f33,null,null,good,allocated,null,2026-04-10 22:55:20.97926+00,null,null,null,Shifa Stores,null,null,null,null,null,false,,null
9c3191a4-5585-4167-8008-5bb1f5b83502,00000000-0000-0000-0000-000000000001,b1000000-0000-0000-0000-000000000011,VH-ST-B14-0002,null,null,null,null,null,null,6afd6acf-2cf1-410d-b74e-2d7fa6159f33,null,null,good,allocated,null,2026-04-10 22:55:20.97926+00,null,null,null,Shifa Stores,null,null,null,null,null,false,,null
d6aa081d-70e8-45b2-9eec-367e7eb38ec8,00000000-0000-0000-0000-000000000001,b1000000-0000-0000-0000-000000000011,VH-ST-B14-0003,null,null,null,null,null,null,6afd6acf-2cf1-410d-b74e-2d7fa6159f33,null,null,good,allocated,null,2026-04-10 22:55:20.97926+00,null,null,null,Shifa Stores,null,null,null,null,null,false,,null
8fa7ae15-a7c0-48bd-a956-fb3413636488,00000000-0000-0000-0000-000000000001,b1000000-0000-0000-0000-000000000026,VH-TV-B14-0001,null,null,null,null,null,null,null,null,null,good,allocated,null,2026-04-10 22:55:20.97926+00,null,null,null,null,null,null,null,null,null,false,,null
fe147861-628d-44a6-90c3-b11e362a15ce,00000000-0000-0000-0000-000000000001,b1000000-0000-0000-0000-000000000002,VH-WM-B14-0001,null,T62CGD#18FH2#004438,Onida,CRYSTAL,null,null,null,null,null,good,allocated,null,2026-04-10 22:55:20.97926+00,null,null,null,null,6.2 Kg/ 230 V/50hz,null,null,null,null,false,,null
8a0f6aac-358b-4bf0-9672-f1ddfaf4f48a,00000000-0000-0000-0000-000000000001,b1000000-0000-0000-0000-000000000022,VH-WH-B14-0001,null,18090038607692,Venus,3P30,null,null,null,null,null,good,allocated,null,2026-04-10 22:55:20.97926+00,null,null,null,null,3 lites / 3000 W/230V,null,null,null,null,false,,null
03a83019-dd0e-4ab1-8e20-d1ad13a04ea8,00000000-0000-0000-0000-000000000001,b1000000-0000-0000-0000-000000000022,VH-WH-B14-0002,null,18090038607691,Venus,3P30,null,null,null,null,null,good,allocated,null,2026-04-10 22:55:20.97926+00,null,null,null,null,3 lites / 3000 W/230V,null,null,null,null,false,,null
61507e8e-6567-48b7-b838-3e16c2397da7,00000000-0000-0000-0000-000000000001,b1000000-0000-0000-0000-000000000001,VH-AC-B22-0001,null,null,Hitachi,RSG312HCDOBW/2019,null,null,null,null,null,good,allocated,null,2026-04-10 22:55:20.97926+00,null,null,null,null,null,null,null,null,null,false,,null
db7f65e5-9fe6-4986-a7ac-37fbdddff609,00000000-0000-0000-0000-000000000001,b1000000-0000-0000-0000-000000000001,VH-AC-B22-0002,null,SE190029435,Hitachi,RSG312HCDOBW/2019,null,null,null,null,null,good,allocated,null,2026-04-10 22:55:20.97926+00,null,null,null,null,null,null,null,null,null,false,,null
c76bf49d-62c5-4005-8c75-3b944e8d8aaf,00000000-0000-0000-0000-000000000001,b1000000-0000-0000-0000-000000000001,VH-AC-B22-0003,null,null,Hitachi,RSG312HCD0BW/2019,null,null,null,null,null,good,allocated,null,2026-04-10 22:55:20.97926+00,null,null,null,null,null,null,null,null,null,false,,null
3bc41eb4-feb0-4e73-9cd9-345d91186522,00000000-0000-0000-0000-000000000001,b1000000-0000-0000-0000-000000000019,VH-BS-B22-0001,null,null,null,null,null,null,null,null,null,good,allocated,null,2026-04-10 22:55:20.97926+00,null,null,null,null,null,null,null,null,null,false,,null
228658f4-68c6-4d7c-ad31-dd14deae0fc4,00000000-0000-0000-0000-000000000001,b1000000-0000-0000-0000-000000000021,VH-CH-B22-0001,null,null,null,null,null,null,null,null,null,good,allocated,null,2026-04-10 22:55:20.97926+00,null,null,null,null,null,null,null,null,null,false,,null
85db7457-ce74-4870-b20f-9232da18cd1b,00000000-0000-0000-0000-000000000001,b1000000-0000-0000-0000-000000000021,VH-CH-B22-0002,null,null,null,null,null,null,null,null,null,good,allocated,null,2026-04-10 22:55:20.97926+00,null,null,null,null,null,null,null,null,null,false,,null
3b7770a9-6095-4c9b-803d-f17f8a52d1c9,00000000-0000-0000-0000-000000000001,b1000000-0000-0000-0000-000000000021,VH-CH-B22-0003,null,null,null,null,null,null,null,null,null,good,allocated,null,2026-04-10 22:55:20.97926+00,null,null,null,null,null,null,null,null,null,false,,null
1a465956-4b83-481c-90aa-4e2bd9f669ee,00000000-0000-0000-0000-000000000001,b1000000-0000-0000-0000-000000000021,VH-CH-B22-0004,null,null,null,null,null,null,null,null,null,good,allocated,null,2026-04-10 22:55:20.97926+00,null,null,null,null,null,null,null,null,null,false,,null
941f8de5-0039-404d-a409-101f15d70eab,00000000-0000-0000-0000-000000000001,b1000000-0000-0000-0000-000000000008,VH-CO-B22-0001,null,null,null,null,null,null,null,null,null,good,allocated,null,2026-04-10 22:55:20.97926+00,null,null,null,null,null,null,null,null,null,false,,null
b202ac1c-f242-44ab-a465-443432848f8e,00000000-0000-0000-0000-000000000001,b1000000-0000-0000-0000-000000000008,VH-CO-B22-0002,null,null,null,null,null,null,null,null,null,good,allocated,null,2026-04-10 22:55:20.97926+00,null,null,null,null,null,null,null,null,null,false,,null
8856a21d-821d-4515-8d16-e58c52243b7d,00000000-0000-0000-0000-000000000001,b1000000-0000-0000-0000-000000000008,VH-CO-B22-0003,null,null,null,null,null,null,null,null,null,good,allocated,null,2026-04-10 22:55:20.97926+00,null,null,null,null,null,null,null,null,null,false,,null
faac34bc-4f99-4389-a98b-3c16d42812b8,00000000-0000-0000-0000-000000000001,b1000000-0000-0000-0000-000000000008,VH-CO-B22-0004,null,null,null,null,null,null,null,null,null,good,allocated,null,2026-04-10 22:55:20.97926+00,null,null,null,null,null,null,null,null,null,false,,null
8fb20c02-0c2e-4e77-ace6-86c1cce40d44,00000000-0000-0000-0000-000000000001,b1000000-0000-0000-0000-000000000008,VH-CO-B22-0005,null,null,null,null,null,null,null,null,null,good,allocated,null,2026-04-10 22:55:20.97926+00,null,null,null,null,null,null,null,null,null,false,,null
1ca2b66b-652c-4bb5-9587-7a7d88360732,00000000-0000-0000-0000-000000000001,c9000001-0000-0000-0000-000000000001,VH-CB-B22-0001,null,null,null,null,null,null,6afd6acf-2cf1-410d-b74e-2d7fa6159f33,null,null,good,allocated,null,2026-04-10 22:55:20.97926+00,null,null,null,Shifa Stores,null,null,null,null,null,false,,null
dbb4e06f-cc85-42a7-a42d-b636e194e3c2,00000000-0000-0000-0000-000000000001,c9000001-0000-0000-0000-000000000001,VH-CB-B22-0002,null,null,null,null,null,null,6afd6acf-2cf1-410d-b74e-2d7fa6159f33,null,null,good,allocated,null,2026-04-10 22:55:20.97926+00,null,null,null,Shifa Stores,null,null,null,null,null,false,,null
dce1b777-12db-4b41-9536-16a7665779cd,00000000-0000-0000-0000-000000000001,c9000001-0000-0000-0000-000000000001,VH-CB-B22-0003,null,null,null,null,null,null,null,null,null,good,allocated,null,2026-04-10 22:55:20.97926+00,null,null,null,null,null,null,null,null,null,false,,null
d7f13961-48b6-4d7b-b0ec-72d3f967ba40,00000000-0000-0000-0000-000000000001,c9000001-0000-0000-0000-000000000001,VH-CB-B22-0004,null,null,null,null,null,null,null,null,null,good,allocated,null,2026-04-10 22:55:20.97926+00,null,null,null,null,null,null,null,null,null,false,,null
e5b92bd1-9976-4a99-93cc-d22f48e894b6,00000000-0000-0000-0000-000000000001,c9000001-0000-0000-0000-000000000001,VH-CB-B22-0005,null,null,null,null,null,null,null,null,null,good,allocated,null,2026-04-10 22:55:20.97926+00,null,null,null,null,null,null,null,null,null,false,,null
22131ef0-b296-4a2d-9522-65edf9d89dee,00000000-0000-0000-0000-000000000001,c9000001-0000-0000-0000-000000000001,VH-CB-B22-0006,null,null,null,null,null,null,null,null,null,good,allocated,null,2026-04-10 22:55:20.97926+00,null,null,null,null,null,null,null,null,null,false,,null
18b794e6-0e3b-4ee6-8ff7-df79414700a3,00000000-0000-0000-0000-000000000001,c9000001-0000-0000-0000-000000000001,VH-CB-B22-0007,null,null,null,null,null,null,null,null,null,good,allocated,null,2026-04-10 22:55:20.97926+00,null,null,null,null,null,null,null,null,null,false,,null
4da383bd-cc92-459f-88de-bd50dfec1bc5,00000000-0000-0000-0000-000000000001,c9000001-0000-0000-0000-000000000001,VH-CB-B22-0008,null,null,null,null,null,null,null,null,null,good,allocated,null,2026-04-10 22:55:20.97926+00,null,null,null,null,null,null,null,null,null,false,,null
31c95f11-ae76-4640-bdfa-d92f44b8195f,00000000-0000-0000-0000-000000000001,c9000001-0000-0000-0000-000000000001,VH-CB-B22-0009,null,null,null,null,null,null,null,null,null,good,allocated,null,2026-04-10 22:55:29.282701+00,null,null,null,null,null,null,null,null,null,false,,null
e0b06d6a-cf22-4125-a6b3-ff4c53560aac,00000000-0000-0000-0000-000000000001,b1000000-0000-0000-0000-000000000013,VH-DT-B22-0001,null,null,null,null,null,null,null,null,null,good,allocated,null,2026-04-10 22:55:29.282701+00,null,null,null,null,null,null,null,null,null,false,,null
cadeeac7-7077-4edf-821e-2fff39de5ce1,00000000-0000-0000-0000-000000000001,b1000000-0000-0000-0000-000000000013,VH-DT-B22-0002,null,null,null,null,null,null,null,null,null,good,allocated,null,2026-04-10 22:55:29.282701+00,null,null,null,null,null,null,null,null,null,false,,null
c9db82aa-39ec-404f-b045-4c140ea217e5,00000000-0000-0000-0000-000000000001,b1000000-0000-0000-0000-000000000020,VH-FN-B22-0001,null,null,null,null,null,null,null,null,null,good,allocated,null,2026-04-10 22:55:29.282701+00,null,null,null,null,null,null,null,null,null,false,,null
0e9127c1-dd69-4c46-9126-a605af00881c,00000000-0000-0000-0000-000000000001,b1000000-0000-0000-0000-000000000020,VH-FN-B22-0002,null,null,null,null,null,null,null,null,null,good,allocated,null,2026-04-10 22:55:29.282701+00,null,null,null,null,null,null,null,null,null,false,,null
4eca5eca-6f52-4f2d-b536-454eb2c68a15,00000000-0000-0000-0000-000000000001,b1000000-0000-0000-0000-000000000020,VH-FN-B22-0003,null,null,null,null,null,null,null,null,null,good,allocated,null,2026-04-10 22:55:29.282701+00,null,null,null,null,null,null,null,null,null,false,,null
323a7b45-f686-46f0-89ff-a3d178d87a9c,00000000-0000-0000-0000-000000000001,b1000000-0000-0000-0000-000000000020,VH-FN-B22-0004,null,null,null,null,null,null,null,null,null,good,allocated,null,2026-04-10 22:55:29.282701+00,null,null,null,null,null,null,null,null,null,false,,null
79fbcae3-88d1-4402-964f-6d375ca1d389,00000000-0000-0000-0000-000000000001,b1000000-0000-0000-0000-000000000005,VH-IS-B22-0001,null,BB03KC1376A4080,Impex,OMEGA H2A,null,null,null,null,null,good,allocated,null,2026-04-10 22:55:29.282701+00,null,null,null,null,220-240V,null,null,null,null,false,,null
2fc10db6-64e0-41df-baf0-8bdc9502f776,00000000-0000-0000-0000-000000000001,b1000000-0000-0000-0000-000000000009,VH-MA-B22-0001,null,null,null,null,null,null,null,null,null,good,allocated,null,2026-04-10 22:55:29.282701+00,null,null,null,New,null,null,null,null,null,false,,null
acb43ebd-66dd-4a28-862b-afd26910da82,00000000-0000-0000-0000-000000000001,b1000000-0000-0000-0000-000000000009,VH-MA-B22-0002,null,null,null,null,null,null,null,null,null,good,allocated,null,2026-04-10 22:55:29.282701+00,null,null,null,New,null,null,null,null,null,false,,null
32de34c5-5da8-4ce6-84c3-4a6b8d7855eb,00000000-0000-0000-0000-000000000001,b1000000-0000-0000-0000-000000000009,VH-MA-B22-0003,null,null,null,null,null,null,null,null,null,good,allocated,null,2026-04-10 22:55:29.282701+00,null,null,null,Zolo,null,null,null,null,null,false,,null
5b028d5a-0378-4ebb-a876-7a01e54b7e0f,00000000-0000-0000-0000-000000000001,b1000000-0000-0000-0000-000000000009,VH-MA-B22-0004,null,null,null,null,null,null,null,null,null,good,allocated,null,2026-04-10 22:55:29.282701+00,null,null,null,Zolo,null,null,null,null,null,false,,null
a9e7c679-eb77-4140-9e8e-6126fb83fd19,00000000-0000-0000-0000-000000000001,b1000000-0000-0000-0000-000000000009,VH-MA-B22-0005,null,null,null,null,null,null,null,null,null,good,allocated,null,2026-04-10 22:55:29.282701+00,null,null,null,null,null,null,null,null,null,false,,null
04e30c01-39cc-4fe4-8afc-4ad1b2c7eee9,00000000-0000-0000-0000-000000000001,b1000000-0000-0000-0000-000000000009,VH-MA-B22-0006,null,null,null,null,null,null,null,null,null,new,allocated,null,2026-04-10 22:55:29.282701+00,null,null,null,null,null,null,null,null,null,false,,null
0e86adce-207d-46e0-8fb3-a51945c18e02,00000000-0000-0000-0000-000000000001,b1000000-0000-0000-0000-000000000004,VH-MW-B22-0001,null,247PULCTEU01912,Panasonic,NN-ST26JMFDG,null,null,null,null,null,good,allocated,null,2026-04-10 22:55:29.282701+00,null,null,null,null,230V/1250W/2450MHZ,null,null,null,null,false,,null
0be59d03-abb4-4b0b-9cf8-da4d6bca575d,00000000-0000-0000-0000-000000000001,b1000000-0000-0000-0000-000000000003,VH-RF-B22-0001,null,null,Godrej,RD EDGE 205 TRF 2.2/2019,null,null,null,null,null,good,allocated,null,2026-04-10 22:55:29.282701+00,null,null,null,null,160 Litre,null,null,null,null,false,,null
531fd0db-e47f-4d8b-8728-dae79c326c8b,00000000-0000-0000-0000-000000000001,b1000000-0000-0000-0000-000000000007,VH-RO-B22-0001,null,null,Adyar Mars,null,2023-04-03,7000.00,df4e3fb8-4557-884d-f82f-c411e8707351,null,null,good,allocated,RO New. No invoice - requires upload.,2026-04-10 22:55:29.282701+00,null,2023-04-03,null,Adyar Aqua House,null,null,null,null,null,true,,null
03ae8d0d-4d90-42c5-9857-207b132a4685,00000000-0000-0000-0000-000000000001,b1000000-0000-0000-0000-000000000024,VH-SS-B22-0001,null,null,null,null,null,null,null,null,null,good,allocated,null,2026-04-10 22:55:29.282701+00,null,null,null,null,null,null,null,null,null,false,,null
52eacfc2-7653-42ea-9d6c-1130dc1e3b79,00000000-0000-0000-0000-000000000001,b1000000-0000-0000-0000-000000000012,VH-SF-B22-0001,null,null,null,null,null,null,null,null,null,good,allocated,null,2026-04-10 22:55:29.282701+00,null,null,null,null,null,null,null,null,null,false,,null
a157e653-f7e6-40dc-8bc6-0d4082147d79,00000000-0000-0000-0000-000000000001,b1000000-0000-0000-0000-000000000011,VH-ST-B22-0001,null,null,null,null,null,null,null,null,null,good,allocated,null,2026-04-10 22:55:29.282701+00,null,null,null,null,null,null,null,null,null,false,,null
3cf102d1-9729-4082-a55f-d031d3d2c075,00000000-0000-0000-0000-000000000001,b1000000-0000-0000-0000-000000000011,VH-ST-B22-0002,null,null,null,null,null,null,null,null,null,good,allocated,null,2026-04-10 22:55:29.282701+00,null,null,null,null,null,null,null,null,null,false,,null
b451b3ea-d625-47c0-89ba-14591fc16c50,00000000-0000-0000-0000-000000000001,b1000000-0000-0000-0000-000000000011,VH-ST-B22-0003,null,null,null,null,null,null,null,null,null,good,allocated,null,2026-04-10 22:55:29.282701+00,null,null,null,null,null,null,null,null,null,false,,null
882fbc52-86a2-4581-86ac-7bc0c47f3f03,00000000-0000-0000-0000-000000000001,b1000000-0000-0000-0000-000000000026,VH-TV-B22-0001,null,null,null,null,null,null,null,null,null,good,allocated,null,2026-04-10 22:55:29.282701+00,null,null,null,null,null,null,null,null,null,false,,null
e91395e9-65c4-4ca0-96d1-312e44c08e92,00000000-0000-0000-0000-000000000001,b1000000-0000-0000-0000-000000000002,VH-WM-B22-0001,null,05A15PBW217498K,Samsung,WA70BG4441BY,null,null,null,null,null,good,allocated,null,2026-04-10 22:55:29.282701+00,null,null,null,null,220-240V/7KG,null,null,null,null,false,,null
b8d03f02-7c55-4a9a-a74f-93b3ee3469ef,00000000-0000-0000-0000-000000000001,b1000000-0000-0000-0000-000000000022,VH-WH-B22-0001,null,Not Available,Venus,3P30,null,null,null,null,null,good,allocated,null,2026-04-10 22:55:29.282701+00,null,null,null,null,3 lites / 3000 W/230V,null,null,null,null,false,,null
174f192d-5c8c-4a99-b2a0-8969c74e82af,00000000-0000-0000-0000-000000000001,b1000000-0000-0000-0000-000000000022,VH-WH-B22-0002,null,19070038603521,Venus,3P30,null,null,null,null,null,good,allocated,null,2026-04-10 22:55:29.282701+00,null,null,null,null,3 lites / 3000 W/230v,null,null,null,null,false,,null
1f66dc02-27aa-4363-bd97-2df70371ebb0,00000000-0000-0000-0000-000000000001,b1000000-0000-0000-0000-000000000001,VH-AC-B24-0001,null,BCX0P9AM700036,Samsung,AR12RG3BAWK/2019,null,null,null,null,null,good,allocated,null,2026-04-10 22:55:29.282701+00,null,null,null,null,null,null,null,null,null,false,,null
ce9964be-389f-4a84-b81c-ea22ddc62eb4,00000000-0000-0000-0000-000000000001,b1000000-0000-0000-0000-000000000001,VH-AC-B24-0002,null,BCX0P9AM/00020,null,AR12RG3BAWXNNA,null,null,null,null,null,good,allocated,null,2026-04-10 22:55:29.282701+00,null,null,null,null,null,null,null,null,null,false,,null
32416d58-60cb-49a8-9d45-42e68272c044,00000000-0000-0000-0000-000000000001,b1000000-0000-0000-0000-000000000019,VH-BS-B24-0001,null,null,null,null,null,null,null,null,null,good,allocated,null,2026-04-10 22:55:29.282701+00,null,null,null,null,null,null,null,null,null,false,,null
3dbc7592-a86c-46d0-b08c-dadf816e376c,00000000-0000-0000-0000-000000000001,b1000000-0000-0000-0000-000000000019,VH-BS-B24-0002,null,null,null,null,null,null,null,null,null,good,allocated,null,2026-04-10 22:55:29.282701+00,null,null,null,null,null,null,null,null,null,false,,null
a10d884a-abcc-4379-820b-359fb8948831,00000000-0000-0000-0000-000000000001,b1000000-0000-0000-0000-000000000019,VH-BS-B24-0003,null,null,null,null,null,null,null,null,null,good,allocated,null,2026-04-10 22:55:29.282701+00,null,null,null,null,null,null,null,null,null,false,,null
da2a1d1e-02dc-45a2-97e6-b7ea9b31038b,00000000-0000-0000-0000-000000000001,b1000000-0000-0000-0000-000000000019,VH-BS-B24-0004,null,null,null,null,null,null,null,null,null,good,allocated,null,2026-04-10 22:55:29.282701+00,null,null,null,null,null,null,null,null,null,false,,null
347c9173-749b-411c-b3bc-3b33efbad727,00000000-0000-0000-0000-000000000001,b1000000-0000-0000-0000-000000000021,VH-CH-B24-0001,null,null,null,null,null,null,null,null,null,good,allocated,null,2026-04-10 22:55:29.282701+00,null,null,null,null,null,null,null,null,null,false,,null
890c731f-c754-473a-8073-dddea821b03a,00000000-0000-0000-0000-000000000001,b1000000-0000-0000-0000-000000000021,VH-CH-B24-0002,null,null,null,null,null,null,null,null,null,good,allocated,null,2026-04-10 22:55:29.282701+00,null,null,null,null,null,null,null,null,null,false,,null
8b260938-529c-4527-9622-9e31f3b35bca,00000000-0000-0000-0000-000000000001,b1000000-0000-0000-0000-000000000021,VH-CH-B24-0003,null,null,null,null,null,null,null,null,null,good,allocated,null,2026-04-10 22:55:29.282701+00,null,null,null,null,null,null,null,null,null,false,,null
9119d443-02f9-4dc5-8235-c98702f25ce2,00000000-0000-0000-0000-000000000001,b1000000-0000-0000-0000-000000000008,VH-CO-B24-0001,null,null,null,null,null,null,null,null,null,good,allocated,null,2026-04-10 22:55:29.282701+00,null,null,null,null,null,null,null,null,null,false,,null
06f26b03-b23f-40bc-9343-e6ec40ce50cc,00000000-0000-0000-0000-000000000001,b1000000-0000-0000-0000-000000000008,VH-CO-B24-0002,null,null,null,null,null,null,null,null,null,good,allocated,null,2026-04-10 22:55:29.282701+00,null,null,null,null,null,null,null,null,null,false,,null
8daf1183-8fe8-4151-843a-b7e337863cfc,00000000-0000-0000-0000-000000000001,b1000000-0000-0000-0000-000000000008,VH-CO-B24-0003,null,null,null,null,null,null,null,null,null,good,allocated,null,2026-04-10 22:55:29.282701+00,null,null,null,null,null,null,null,null,null,false,,null
822cc356-056a-4cef-8ae6-3ccc995937fb,00000000-0000-0000-0000-000000000001,b1000000-0000-0000-0000-000000000008,VH-CO-B24-0004,null,null,null,null,null,null,null,null,null,good,allocated,null,2026-04-10 22:55:29.282701+00,null,null,null,null,null,null,null,null,null,false,,null
0005fdf1-ce7c-4ae0-a3f1-6c97d57df2cc,00000000-0000-0000-0000-000000000001,b1000000-0000-0000-0000-000000000008,VH-CO-B24-0005,null,null,null,null,null,null,null,null,null,good,allocated,null,2026-04-10 22:55:29.282701+00,null,null,null,null,null,null,null,null,null,false,,null
c6d34ded-032e-40a5-93c1-9762e101bab5,00000000-0000-0000-0000-000000000001,c9000001-0000-0000-0000-000000000001,VH-CB-B24-0001,null,null,null,null,null,null,null,null,null,good,allocated,null,2026-04-10 22:55:29.282701+00,null,null,null,null,null,null,null,null,null,false,,null
9044bf16-22b0-4aec-9820-b377e55f80ad,00000000-0000-0000-0000-000000000001,c9000001-0000-0000-0000-000000000001,VH-CB-B24-0002,null,null,null,null,null,null,null,null,null,good,allocated,null,2026-04-10 22:55:29.282701+00,null,null,null,null,null,null,null,null,null,false,,null
3020afd9-cee6-49de-90d3-77a18023d86e,00000000-0000-0000-0000-000000000001,c9000001-0000-0000-0000-000000000001,VH-CB-B24-0003,null,null,null,null,null,null,null,null,null,good,allocated,null,2026-04-10 22:55:29.282701+00,null,null,null,null,null,null,null,null,null,false,,null
11cafc09-e28b-449f-81be-943e55210103,00000000-0000-0000-0000-000000000001,c9000001-0000-0000-0000-000000000001,VH-CB-B24-0004,null,null,null,null,null,null,null,null,null,good,allocated,null,2026-04-10 22:55:29.282701+00,null,null,null,null,null,null,null,null,null,false,,null
2fc7884a-57c9-4449-9ed4-362d2a1be5ea,00000000-0000-0000-0000-000000000001,c9000001-0000-0000-0000-000000000001,VH-CB-B24-0005,null,null,null,null,null,null,null,null,null,good,allocated,null,2026-04-10 22:55:29.282701+00,null,null,null,null,null,null,null,null,null,false,,null
d7fca567-ee6d-446e-bcb4-b66de45785e3,00000000-0000-0000-0000-000000000001,b1000000-0000-0000-0000-000000000013,VH-DT-B24-0001,null,null,null,null,null,null,null,null,null,good,allocated,null,2026-04-10 22:55:29.282701+00,null,null,null,null,null,null,null,null,null,false,,null
a53f936a-4736-41c6-9315-d946a3c071d0,00000000-0000-0000-0000-000000000001,b1000000-0000-0000-0000-000000000020,VH-FN-B24-0001,null,null,null,null,null,null,null,null,null,good,allocated,null,2026-04-10 22:55:29.282701+00,null,null,null,null,null,null,null,null,null,false,,null
c7f7b971-19fa-46c7-849d-4c5982a86ff7,00000000-0000-0000-0000-000000000001,b1000000-0000-0000-0000-000000000020,VH-FN-B24-0002,null,null,null,null,null,null,null,null,null,good,allocated,null,2026-04-10 22:55:29.282701+00,null,null,null,null,null,null,null,null,null,false,,null
d3a112e4-d578-4d5c-ac52-9a9c551f924a,00000000-0000-0000-0000-000000000001,b1000000-0000-0000-0000-000000000020,VH-FN-B24-0003,null,null,null,null,null,null,null,null,null,good,allocated,null,2026-04-10 22:55:29.282701+00,null,null,null,null,null,null,null,null,null,false,,null
e2fdb037-ac4f-4f97-b5cf-0409540e4991,00000000-0000-0000-0000-000000000001,b1000000-0000-0000-0000-000000000005,VH-IS-B24-0001,null,BB06KC1376A0537,Impex,OMEGA H2A,null,null,null,null,null,good,allocated,null,2026-04-10 22:55:29.282701+00,null,null,null,null,null,null,null,null,null,false,,null
3df1c8ab-d1ad-4212-85a2-df0bf0d916a6,00000000-0000-0000-0000-000000000001,b1000000-0000-0000-0000-000000000009,VH-MA-B24-0001,null,null,null,null,null,null,null,null,null,good,allocated,null,2026-04-10 22:55:29.282701+00,null,null,null,Zolo,null,null,null,null,null,false,,null
9ef6691d-a376-4bc2-8b65-55b8e66b0b02,00000000-0000-0000-0000-000000000001,b1000000-0000-0000-0000-000000000009,VH-MA-B24-0002,null,null,null,null,null,null,null,null,null,good,allocated,null,2026-04-10 22:55:29.282701+00,null,null,null,Zolo,null,null,null,null,null,false,,null
67d91b82-ea9e-47f0-8158-fa6627a209fa,00000000-0000-0000-0000-000000000001,b1000000-0000-0000-0000-000000000009,VH-MA-B24-0003,null,null,null,null,null,null,null,null,null,good,allocated,null,2026-04-10 22:55:29.282701+00,null,null,null,New,null,null,null,null,null,false,,null
d814617a-9d75-46eb-b39e-918f593693c5,00000000-0000-0000-0000-000000000001,b1000000-0000-0000-0000-000000000009,VH-MA-B24-0004,null,null,null,null,null,null,null,null,null,good,allocated,null,2026-04-10 22:55:29.282701+00,null,null,null,New,null,null,null,null,null,false,,null
c2b9ec80-df03-45f0-ab93-1109fcd8d586,00000000-0000-0000-0000-000000000001,b1000000-0000-0000-0000-000000000009,VH-MA-B24-0005,null,null,null,null,null,null,null,null,null,good,allocated,null,2026-04-10 22:55:29.282701+00,null,null,null,Zolo,null,null,null,null,null,false,,null
7f9e2e6f-3a38-4f00-9813-157956b1d652,00000000-0000-0000-0000-000000000001,b1000000-0000-0000-0000-000000000004,VH-MW-B24-0001,null,0BFE7WDM502870N,Samsung,MS23K3513AK/TL MAY 2019,null,null,null,null,null,good,allocated,null,2026-04-10 22:55:29.282701+00,null,null,null,null,null,null,null,null,null,false,,null
6c6ff729-5d35-449c-a62d-be86b5c90f2e,00000000-0000-0000-0000-000000000001,b1000000-0000-0000-0000-000000000003,VH-RF-B24-0001,null,null,Samsung,RR20N1Y1Z5E/HL/2018,null,null,null,null,null,good,allocated,null,2026-04-10 22:55:29.282701+00,null,null,null,null,182 Liters,null,null,null,null,false,,null
3b8bb692-7a19-4edd-9e46-ac377618d820,00000000-0000-0000-0000-000000000001,b1000000-0000-0000-0000-000000000007,VH-RO-B24-0001,null,null,Aqua Mars,null,2026-02-09,7000.00,df4e3fb8-4557-884d-f82f-c411e8707351,null,null,good,allocated,RO Replacement. Bill number available.,2026-04-10 22:55:29.282701+00,2065,2026-02-09,null,Adyar Aqua House,null,null,null,null,null,false,,null
bbd7edd0-4a1f-41cf-a4a9-00175b37bd63,00000000-0000-0000-0000-000000000001,b1000000-0000-0000-0000-000000000024,VH-SS-B24-0001,null,null,null,null,null,null,null,null,null,good,allocated,null,2026-04-10 22:55:29.282701+00,null,null,null,null,null,null,null,null,null,false,,null
8ec4d187-9005-4a7a-8f05-5595acd7036c,00000000-0000-0000-0000-000000000001,b1000000-0000-0000-0000-000000000012,VH-SF-B24-0001,null,null,null,null,null,null,null,null,null,good,allocated,null,2026-04-10 22:55:29.282701+00,null,null,null,null,null,null,null,null,null,false,,null
11f5cf8a-e7e3-4b82-a952-98842536a356,00000000-0000-0000-0000-000000000001,b1000000-0000-0000-0000-000000000011,VH-ST-B24-0001,null,null,null,null,null,null,null,null,null,good,allocated,null,2026-04-10 22:55:29.282701+00,null,null,null,null,null,null,null,null,null,false,,null
c3958dee-851d-470b-904b-2481b8a86eef,00000000-0000-0000-0000-000000000001,c9000001-0000-0000-0000-000000000002,VH-TF-B24-0001,null,null,null,null,null,null,null,null,null,good,allocated,null,2026-04-10 22:55:29.282701+00,null,null,null,null,null,null,null,null,null,false,,null
59bcd00f-90a9-4dc0-b1cd-bf61401d5de7,00000000-0000-0000-0000-000000000001,b1000000-0000-0000-0000-000000000026,VH-TV-B24-0001,null,null,null,null,null,null,null,null,null,good,allocated,null,2026-04-10 22:55:29.282701+00,null,null,null,null,null,null,null,null,null,false,,null
a8fae757-b9cc-4af6-994d-cba3c67bd409,00000000-0000-0000-0000-000000000001,b1000000-0000-0000-0000-000000000002,VH-WM-B24-0001,null,03WH5PBM801608L,Samsung,WA60M4100HY 01,null,null,null,null,null,good,allocated,null,2026-04-10 22:55:29.282701+00,null,null,null,null,null,null,null,null,null,false,,null
2b2f6325-f71e-4739-ae56-b3f912714978,00000000-0000-0000-0000-000000000001,b1000000-0000-0000-0000-000000000022,VH-WH-B24-0001,null,19020038614029,Venus,3P30,null,null,null,null,null,good,allocated,null,2026-04-10 22:55:29.282701+00,null,null,null,null,3 lites / 3000 W/230v,null,null,null,null,false,,null
9825178f-ed2c-476b-b220-330e7408dcad,00000000-0000-0000-0000-000000000001,b1000000-0000-0000-0000-000000000022,VH-WH-B24-0002,null,19020038614031,Venus,3P30,null,null,null,null,null,good,allocated,null,2026-04-10 22:55:29.282701+00,null,null,null,null,3 lites / 3000 W/230v,null,null,null,null,false,,null
22f8ad1d-d97f-49b9-b616-bc87fc3f6766,00000000-0000-0000-0000-000000000001,b1000000-0000-0000-0000-000000000001,VH-AC-B31-0001,null,408PAYU008418,LG,TS-Q18ANXE2,null,null,null,null,null,good,allocated,null,2026-04-10 22:55:29.282701+00,null,null,null,null,1.5 TON,null,null,null,null,false,,null
c3834c9e-f116-40fa-a168-fb48b97bd0ef,00000000-0000-0000-0000-000000000001,b1000000-0000-0000-0000-000000000001,VH-AC-B31-0002,null,408PART008390,LG,TS-Q18ANXE2/2024,null,null,null,null,null,good,allocated,null,2026-04-10 22:55:29.282701+00,null,null,null,null,1.5  TON,null,null,null,null,false,,null
206a4ea2-cff6-4a4f-8596-10f3ead786ff,00000000-0000-0000-0000-000000000001,b1000000-0000-0000-0000-000000000021,VH-CH-B31-0001,null,null,null,null,null,null,null,null,null,good,allocated,null,2026-04-10 22:55:29.282701+00,null,null,null,null,null,null,null,null,null,false,,null
4f55fd06-452a-4dd5-9d0f-00e38f0fe797,00000000-0000-0000-0000-000000000001,b1000000-0000-0000-0000-000000000021,VH-CH-B31-0002,null,null,null,null,null,null,null,null,null,good,allocated,null,2026-04-10 22:55:29.282701+00,null,null,null,null,null,null,null,null,null,false,,null
8a6e73ed-3117-4620-a1f7-64b158e8fe2e,00000000-0000-0000-0000-000000000001,b1000000-0000-0000-0000-000000000008,VH-CO-B31-0001,null,null,null,null,null,null,null,null,null,good,allocated,null,2026-04-10 22:55:29.282701+00,null,null,null,null,null,null,null,null,null,false,,null
1b782ebd-3a13-462a-a037-1fc06e16a477,00000000-0000-0000-0000-000000000001,b1000000-0000-0000-0000-000000000008,VH-CO-B31-0002,null,null,null,null,null,null,null,null,null,good,allocated,null,2026-04-10 22:55:29.282701+00,null,null,null,null,null,null,null,null,null,false,,null
d0d98fe4-7312-41ea-97be-d53b3ec87461,00000000-0000-0000-0000-000000000001,b1000000-0000-0000-0000-000000000008,VH-CO-B31-0003,null,null,null,null,null,null,null,null,null,good,allocated,null,2026-04-10 22:55:29.282701+00,null,null,null,null,null,null,null,null,null,false,,null
6faf14b4-1606-4341-94a0-230cd73aedc6,00000000-0000-0000-0000-000000000001,b1000000-0000-0000-0000-000000000008,VH-CO-B31-0004,null,null,null,null,null,null,null,null,null,good,allocated,null,2026-04-10 22:55:29.282701+00,null,null,null,null,null,null,null,null,null,false,,null
68971ccc-9ffd-492d-ae16-24e68e3838ec,00000000-0000-0000-0000-000000000001,c9000001-0000-0000-0000-000000000001,VH-CB-B31-0001,null,null,null,null,null,null,null,null,null,good,allocated,null,2026-04-10 22:55:29.282701+00,null,null,null,null,null,null,null,null,null,false,,null
13b5d459-2df0-473b-adc7-cd2cd7dc01db,00000000-0000-0000-0000-000000000001,c9000001-0000-0000-0000-000000000001,VH-CB-B31-0002,null,null,null,null,null,null,null,null,null,good,allocated,null,2026-04-10 22:55:29.282701+00,null,null,null,null,null,null,null,null,null,false,,null
d56d6d9a-fd8a-4af4-a036-dfc5db7b67b1,00000000-0000-0000-0000-000000000001,c9000001-0000-0000-0000-000000000001,VH-CB-B31-0003,null,null,null,null,null,null,null,null,null,good,allocated,null,2026-04-10 22:55:29.282701+00,null,null,null,null,null,null,null,null,null,false,,null
917fef0b-8dc7-4894-a7cb-a27444429ea6,00000000-0000-0000-0000-000000000001,c9000001-0000-0000-0000-000000000001,VH-CB-B31-0004,null,null,null,null,null,null,null,null,null,good,allocated,null,2026-04-10 22:55:29.282701+00,null,null,null,null,null,null,null,null,null,false,,null
705c3df1-bef3-41c3-94c7-67de54a65ec5,00000000-0000-0000-0000-000000000001,b1000000-0000-0000-0000-000000000013,VH-DT-B31-0001,null,null,null,null,null,null,null,null,null,good,allocated,null,2026-04-10 22:55:29.282701+00,null,null,null,null,null,null,null,null,null,false,,null
9e532a16-590b-4004-9863-8cc0a6c4844a,00000000-0000-0000-0000-000000000001,b1000000-0000-0000-0000-000000000020,VH-FN-B31-0001,null,null,null,null,null,null,null,null,null,good,allocated,null,2026-04-10 22:55:29.282701+00,null,null,null,null,null,null,null,null,null,false,,null
9dc88e29-1681-411f-9e12-db576e61896e,00000000-0000-0000-0000-000000000001,b1000000-0000-0000-0000-000000000020,VH-FN-B31-0002,null,null,null,null,null,null,null,null,null,good,allocated,null,2026-04-10 22:55:29.282701+00,null,null,null,null,null,null,null,null,null,false,,null
dea6d8fa-cde2-4ee3-9355-8b9eff5aaf58,00000000-0000-0000-0000-000000000001,b1000000-0000-0000-0000-000000000020,VH-FN-B31-0003,null,null,null,null,null,null,null,null,null,good,allocated,null,2026-04-10 22:55:29.282701+00,null,null,null,null,null,null,null,null,null,false,,null
aedc50be-5d8a-40c6-842e-c823eea79fd6,00000000-0000-0000-0000-000000000001,b1000000-0000-0000-0000-000000000005,VH-IS-B31-0001,null,LIH08249128162,Judge,Optima Plus,null,null,null,null,null,good,allocated,null,2026-04-10 22:55:29.282701+00,null,null,null,null,null,null,null,null,null,false,,null
0cdf0993-f1a5-4a42-8389-2122b38109ad,00000000-0000-0000-0000-000000000001,b1000000-0000-0000-0000-000000000009,VH-MA-B31-0001,null,null,null,Duroflex Coir Mattress,2025-08-05,4599.65,c97a258e-bf13-8dc4-67fa-a8c1c8d0be04,null,null,good,allocated,null,2026-04-10 22:55:29.282701+00,4250442001,2025-08-05,asset-invoices/vista heights/Duro Flex-1.pdf,Duroflex Pvt Ltd,null,null,null,null,null,false,,null
cf8fb9b7-a4cf-422f-96a9-e1ea4ccb82c6,00000000-0000-0000-0000-000000000001,b1000000-0000-0000-0000-000000000009,VH-MA-B31-0002,null,null,null,null,null,null,null,null,null,good,allocated,null,2026-04-10 22:55:29.282701+00,null,null,null,New,null,null,null,null,null,false,,null
785118f1-d4af-4914-9072-d4e65f343461,00000000-0000-0000-0000-000000000001,b1000000-0000-0000-0000-000000000009,VH-MA-B31-0003,null,null,null,null,null,null,null,null,null,good,allocated,null,2026-04-10 22:55:29.282701+00,null,null,null,New,null,null,null,null,null,false,,null
bb3a7a45-bed6-408d-a8f5-6bd712253fb4,00000000-0000-0000-0000-000000000001,b1000000-0000-0000-0000-000000000009,VH-MA-B31-0004,null,null,null,null,null,null,null,null,null,good,allocated,null,2026-04-10 22:55:29.282701+00,null,null,null,New,null,null,null,null,null,false,,null
de44806e-b663-459e-8b7f-f18051f4dc70,00000000-0000-0000-0000-000000000001,b1000000-0000-0000-0000-000000000004,VH-MW-B31-0001,null,247PULCTFU02685,Panasonic,NN-SM25JBFDG,null,null,null,null,null,good,allocated,null,2026-04-10 22:55:29.282701+00,null,null,null,null,null,null,null,null,null,false,,null
59648563-d684-42a9-bbe6-43acd3c86928,00000000-0000-0000-0000-000000000001,b1000000-0000-0000-0000-000000000003,VH-RF-B31-0001,null,RR20C1723S8/HL/2024,Samsung,null,null,null,null,null,null,good,allocated,null,2026-04-10 22:55:29.282701+00,null,null,null,null,null,null,null,null,null,false,,null
43890728-ffee-43a6-baea-363f8900a7f7,00000000-0000-0000-0000-000000000001,b1000000-0000-0000-0000-000000000007,VH-RO-B31-0001,null,null,Aqua Mars,null,null,null,null,null,null,good,allocated,null,2026-04-10 22:55:29.282701+00,null,null,null,Adyar Aqua Mars,null,null,null,null,null,false,,null
7bc2555b-7df8-41a2-ae10-2db292fbb6bf,00000000-0000-0000-0000-000000000001,b1000000-0000-0000-0000-000000000024,VH-SS-B31-0001,null,null,null,null,null,null,null,null,null,good,allocated,null,2026-04-10 22:55:29.282701+00,null,null,null,null,null,null,null,null,null,false,,null
b8f6f1aa-28c0-4435-a1e7-a99007c54bf1,00000000-0000-0000-0000-000000000001,b1000000-0000-0000-0000-000000000012,VH-SF-B31-0001,null,null,null,null,null,null,null,null,null,good,allocated,null,2026-04-10 22:55:29.282701+00,null,null,null,null,null,null,null,null,null,false,,null
415346f3-628a-43c2-9b23-9a23f5b4f065,00000000-0000-0000-0000-000000000001,b1000000-0000-0000-0000-000000000011,VH-ST-B31-0001,null,null,null,null,null,null,null,null,null,good,allocated,null,2026-04-10 22:55:29.282701+00,null,null,null,null,null,null,null,null,null,false,,null
0692c31e-c24c-4ffb-95ce-71030b59bfc3,00000000-0000-0000-0000-000000000001,b1000000-0000-0000-0000-000000000011,VH-ST-B31-0002,null,null,null,null,null,null,null,null,null,good,allocated,null,2026-04-10 22:55:29.282701+00,null,null,null,null,null,null,null,null,null,false,,null
adf78410-c6b2-4141-bb0b-8bd83c5a2a69,00000000-0000-0000-0000-000000000001,b1000000-0000-0000-0000-000000000002,VH-WM-B31-0001,null,04KT5PBX706900X,Samsung,WA70A4002GS/2024,null,null,null,null,null,good,allocated,null,2026-04-10 22:55:29.282701+00,null,null,null,null,7 kg,null,null,null,null,false,,null
4216ac36-73ce-4c5b-85b2-b4fcc892d8ba,00000000-0000-0000-0000-000000000001,b1000000-0000-0000-0000-000000000022,VH-WH-B31-0001,null,710201758,Ferroli,Mito Caldo,null,null,null,null,null,good,allocated,null,2026-04-10 22:55:29.282701+00,null,null,null,null,null,null,null,null,null,false,,null
bc1ea20e-8f5d-476b-b2b1-619f3d2290cd,00000000-0000-0000-0000-000000000001,b1000000-0000-0000-0000-000000000022,VH-WH-B31-0002,null,PLMEB031273,Compton,SWH810,null,null,null,null,null,good,allocated,null,2026-04-10 22:55:29.282701+00,null,null,null,null,null,null,null,null,null,false,,null
90a74d97-1020-4138-ae55-d4fe1fcebc07,00000000-0000-0000-0000-000000000001,b1000000-0000-0000-0000-000000000001,VH-AC-B32-0001,null,null,IFB,IAFS12XA3T3C/2018,null,null,null,null,null,good,allocated,null,2026-04-10 22:55:29.282701+00,null,null,null,null,1.5 Ton,null,null,null,null,false,,null
0bdb19b4-73e1-4ed7-b4e5-2e23c26f6fe6,00000000-0000-0000-0000-000000000001,b1000000-0000-0000-0000-000000000001,VH-AC-B32-0002,null,null,Samsung,AR12RG3BAWK/2019,null,null,null,null,null,good,allocated,null,2026-04-10 22:55:29.282701+00,null,null,null,null,null,null,null,null,null,false,,null
8e6f2f8e-fb5c-48b3-a1d5-8c35f1a2d8b2,00000000-0000-0000-0000-000000000001,b1000000-0000-0000-0000-000000000001,VH-AC-B32-0003,null,null,IFB,IAFS12XA3T3C,null,null,null,null,null,good,allocated,null,2026-04-10 22:55:29.282701+00,null,null,null,null,1.5 Ton,null,null,null,null,false,,null
4f649b4a-36ec-449f-8630-642b2837a367,00000000-0000-0000-0000-000000000001,b1000000-0000-0000-0000-000000000019,VH-BS-B32-0001,null,null,null,null,null,null,null,null,null,good,allocated,null,2026-04-10 22:55:29.282701+00,null,null,null,null,null,null,null,null,null,false,,null
d8066794-1fcc-458c-a123-13020a12240a,00000000-0000-0000-0000-000000000001,b1000000-0000-0000-0000-000000000019,VH-BS-B32-0002,null,null,null,null,null,null,null,null,null,good,allocated,null,2026-04-10 22:55:29.282701+00,null,null,null,null,null,null,null,null,null,false,,null
02fbcc4d-22b1-46c8-80be-27d816fa00cb,00000000-0000-0000-0000-000000000001,b1000000-0000-0000-0000-000000000019,VH-BS-B32-0003,null,null,null,null,null,null,null,null,null,good,allocated,null,2026-04-10 22:55:29.282701+00,null,null,null,null,null,null,null,null,null,false,,null
0747674e-3911-4872-953f-3cc60211e87d,00000000-0000-0000-0000-000000000001,b1000000-0000-0000-0000-000000000019,VH-BS-B32-0004,null,null,null,null,null,null,null,null,null,good,allocated,null,2026-04-10 22:55:29.282701+00,null,null,null,null,null,null,null,null,null,false,,null
6e4e8866-172b-435f-b96c-d94f2ca99d7f,00000000-0000-0000-0000-000000000001,b1000000-0000-0000-0000-000000000021,VH-CH-B32-0001,null,null,null,null,null,null,null,null,null,good,allocated,null,2026-04-10 22:55:29.282701+00,null,null,null,null,null,null,null,null,null,false,,null
df71c709-4d0a-4bd1-af98-d4f0da2c7493,00000000-0000-0000-0000-000000000001,b1000000-0000-0000-0000-000000000021,VH-CH-B32-0002,null,null,null,null,null,null,null,null,null,good,allocated,null,2026-04-10 22:55:29.282701+00,null,null,null,null,null,null,null,null,null,false,,null
d40bd168-e75d-469b-b93a-1dc7dcf59911,00000000-0000-0000-0000-000000000001,b1000000-0000-0000-0000-000000000021,VH-CH-B32-0003,null,null,null,null,null,null,null,null,null,good,allocated,null,2026-04-10 22:55:29.282701+00,null,null,null,null,null,null,null,null,null,false,,null
c81c1fc9-cc6b-478e-b7c0-6c6249d1af36,00000000-0000-0000-0000-000000000001,b1000000-0000-0000-0000-000000000021,VH-CH-B32-0004,null,null,null,null,null,null,null,null,null,good,allocated,null,2026-04-10 22:55:29.282701+00,null,null,null,null,null,null,null,null,null,false,,null
b83c5e4d-1874-4590-bc2d-bb5cacebeaf5,00000000-0000-0000-0000-000000000001,b1000000-0000-0000-0000-000000000008,VH-CO-B32-0001,null,null,null,null,null,null,null,null,null,good,allocated,null,2026-04-10 22:55:29.282701+00,null,null,null,null,null,null,null,null,null,false,,null
b012128d-4aef-4e12-ab52-12723e7eba04,00000000-0000-0000-0000-000000000001,b1000000-0000-0000-0000-000000000008,VH-CO-B32-0002,null,null,null,null,null,null,null,null,null,good,allocated,null,2026-04-10 22:55:29.282701+00,null,null,null,null,null,null,null,null,null,false,,null
c61604c6-7d03-4992-a28a-061d0848d5b9,00000000-0000-0000-0000-000000000001,b1000000-0000-0000-0000-000000000008,VH-CO-B32-0003,null,null,null,null,null,null,null,null,null,good,allocated,null,2026-04-10 22:55:29.282701+00,null,null,null,null,null,null,null,null,null,false,,null
f43fa749-cff6-4791-8192-b332dfee4b11,00000000-0000-0000-0000-000000000001,b1000000-0000-0000-0000-000000000008,VH-CO-B32-0004,null,null,null,null,null,null,null,null,null,good,allocated,null,2026-04-10 22:55:29.282701+00,null,null,null,null,null,null,null,null,null,false,,null
10eaaa6b-156c-45b9-ace8-d1829ad106a4,00000000-0000-0000-0000-000000000001,b1000000-0000-0000-0000-000000000008,VH-CO-B32-0005,null,null,null,null,null,null,null,null,null,good,allocated,null,2026-04-10 22:55:29.282701+00,null,null,null,null,null,null,null,null,null,false,,null
598fe453-121d-45d0-8707-eede0e7c5037,00000000-0000-0000-0000-000000000001,c9000001-0000-0000-0000-000000000001,VH-CB-B32-0001,null,null,null,null,null,null,null,null,null,good,allocated,null,2026-04-10 22:55:29.282701+00,null,null,null,null,null,null,null,null,null,false,,null
5acc2529-4e49-4370-96c4-d99b0433a6fc,00000000-0000-0000-0000-000000000001,c9000001-0000-0000-0000-000000000001,VH-CB-B32-0002,null,null,null,null,null,null,null,null,null,good,allocated,null,2026-04-10 22:55:29.282701+00,null,null,null,null,null,null,null,null,null,false,,null
ca60d906-58f4-4059-a743-fd04601023d4,00000000-0000-0000-0000-000000000001,c9000001-0000-0000-0000-000000000001,VH-CB-B32-0003,null,null,null,null,null,null,null,null,null,good,allocated,null,2026-04-10 22:55:29.282701+00,null,null,null,null,null,null,null,null,null,false,,null
481cd9cc-586a-4a23-b5a8-500299b836fe,00000000-0000-0000-0000-000000000001,c9000001-0000-0000-0000-000000000001,VH-CB-B32-0004,null,null,null,null,null,null,null,null,null,good,allocated,null,2026-04-10 22:55:29.282701+00,null,null,null,null,null,null,null,null,null,false,,null
5c74efba-07f6-47ac-8eea-cc319339cb0f,00000000-0000-0000-0000-000000000001,c9000001-0000-0000-0000-000000000001,VH-CB-B32-0005,null,null,null,null,null,null,null,null,null,good,allocated,null,2026-04-10 22:55:29.282701+00,null,null,null,null,null,null,null,null,null,false,,null
5a770dee-8954-4606-8b8d-8e1fce0f4526,00000000-0000-0000-0000-000000000001,b1000000-0000-0000-0000-000000000013,VH-DT-B32-0001,null,null,null,null,null,null,null,null,null,good,allocated,null,2026-04-10 22:55:29.282701+00,null,null,null,null,null,null,null,null,null,false,,null
4f2d398b-5ee1-4f70-9f37-0a1bf7161b9a,00000000-0000-0000-0000-000000000001,b1000000-0000-0000-0000-000000000020,VH-FN-B32-0001,null,null,null,null,null,null,null,null,null,good,allocated,null,2026-04-10 22:55:29.282701+00,null,null,null,null,null,null,null,null,null,false,,null
ed224186-5fdc-4b37-8d53-371dc20b46cb,00000000-0000-0000-0000-000000000001,b1000000-0000-0000-0000-000000000020,VH-FN-B32-0002,null,null,null,null,null,null,null,null,null,good,allocated,null,2026-04-10 22:55:29.282701+00,null,null,null,null,null,null,null,null,null,false,,null
940b8003-960e-419b-a9d6-f1ed75fced7d,00000000-0000-0000-0000-000000000001,b1000000-0000-0000-0000-000000000020,VH-FN-B32-0003,null,null,null,null,null,null,null,null,null,good,allocated,null,2026-04-10 22:55:29.282701+00,null,null,null,null,null,null,null,null,null,false,,null
f30488b0-cc6a-4881-b28c-da8f4daad807,00000000-0000-0000-0000-000000000001,b1000000-0000-0000-0000-000000000020,VH-FN-B32-0004,null,null,null,null,null,null,null,null,null,good,allocated,null,2026-04-10 22:55:29.282701+00,null,null,null,null,null,null,null,null,null,false,,null
8da8550d-a8be-4ed1-b197-f54273c9c4c8,00000000-0000-0000-0000-000000000001,b1000000-0000-0000-0000-000000000005,VH-IS-B32-0001,null,CNA1812001318,Preethi,null,null,null,null,null,null,good,allocated,null,2026-04-10 22:55:29.282701+00,null,null,null,null,null,null,null,null,null,false,,null
eb31de6a-d3fa-47a9-8d69-dac8705c98c0,00000000-0000-0000-0000-000000000001,b1000000-0000-0000-0000-000000000009,VH-MA-B32-0001,null,null,null,Duroflex Coir Mattress,2025-08-05,4599.65,c97a258e-bf13-8dc4-67fa-a8c1c8d0be04,null,null,good,allocated,null,2026-04-10 22:55:29.282701+00,4250442001,2025-08-05,asset-invoices/vista heights/Duro Flex-1.pdf,Duroflex Pvt Ltd,null,null,null,null,null,false,,null
5168103a-5a3c-41b2-8083-78c39d40fee3,00000000-0000-0000-0000-000000000001,b1000000-0000-0000-0000-000000000009,VH-MA-B32-0002,null,null,null,null,null,null,null,null,null,good,allocated,null,2026-04-10 22:55:29.282701+00,null,null,null,New,null,null,null,null,null,false,,null
c20cd545-542b-4bb6-b53e-2667efcff0cf,00000000-0000-0000-0000-000000000001,b1000000-0000-0000-0000-000000000009,VH-MA-B32-0003,null,null,null,null,null,null,null,null,null,good,allocated,null,2026-04-10 22:55:29.282701+00,null,null,null,New,null,null,null,null,null,false,,null
f1f0fd91-60b7-488c-9254-442e5438debf,00000000-0000-0000-0000-000000000001,b1000000-0000-0000-0000-000000000009,VH-MA-B32-0004,null,null,null,null,null,null,null,null,null,good,allocated,null,2026-04-10 22:55:29.282701+00,null,null,null,New,null,null,null,null,null,false,,null
5bb1165b-c119-421d-95a8-1da1427bf49a,00000000-0000-0000-0000-000000000001,b1000000-0000-0000-0000-000000000009,VH-MA-B32-0005,null,null,null,null,null,null,null,null,null,good,allocated,null,2026-04-10 22:55:29.282701+00,null,null,null,New,null,null,null,null,null,false,,null
cbad9e4a-6ad9-4884-8f75-697b6e3c08ab,00000000-0000-0000-0000-000000000001,b1000000-0000-0000-0000-000000000004,VH-MW-B32-0001,null,0BFE7WDM502894M,Samsung,MS23K3513AK/TL,null,null,null,null,null,good,allocated,null,2026-04-10 22:55:29.282701+00,null,null,null,null,null,null,null,null,null,false,,null
28166767-7252-4703-80da-5fdef635ecc9,00000000-0000-0000-0000-000000000001,b1000000-0000-0000-0000-000000000003,VH-RF-B32-0001,null,null,Haier,HRD-1703/2018,null,null,null,null,null,good,allocated,null,2026-04-10 22:55:29.282701+00,null,null,null,null,null,null,null,null,null,false,,null
5a8e3cf4-9abe-4240-8ecd-307405ee17c3,00000000-0000-0000-0000-000000000001,b1000000-0000-0000-0000-000000000007,VH-RO-B32-0001,null,null,Aqua Mars,null,2025-04-06,7000.00,df4e3fb8-4557-884d-f82f-c411e8707351,null,null,good,allocated,RO Replacement. Bill number available.,2026-04-10 22:55:29.282701+00,1477,2025-04-06,null,Adyar Aqua House,null,null,null,null,null,false,,null
d9becf83-e186-416e-85ce-348f3fa5be3c,00000000-0000-0000-0000-000000000001,b1000000-0000-0000-0000-000000000024,VH-SS-B32-0001,null,null,null,null,null,null,null,null,null,good,allocated,null,2026-04-10 22:55:29.282701+00,null,null,null,null,null,null,null,null,null,false,,null
42c1044e-e415-47c4-83e8-34eb19be782c,00000000-0000-0000-0000-000000000001,b1000000-0000-0000-0000-000000000012,VH-SF-B32-0001,null,null,null,null,null,null,null,null,null,good,allocated,null,2026-04-10 22:55:29.282701+00,null,null,null,null,null,null,null,null,null,false,,null
ff76b2dd-0585-455e-be5b-c8c1f6e4a623,00000000-0000-0000-0000-000000000001,b1000000-0000-0000-0000-000000000011,VH-ST-B32-0001,null,null,null,null,null,null,null,null,null,good,allocated,null,2026-04-10 22:55:29.282701+00,null,null,null,null,null,null,null,null,null,false,,null
79f35b1d-8acc-4059-944f-cec0d74c5ee2,00000000-0000-0000-0000-000000000001,b1000000-0000-0000-0000-000000000011,VH-ST-B32-0002,null,null,null,null,null,null,null,null,null,good,allocated,null,2026-04-10 22:55:29.282701+00,null,null,null,null,null,null,null,null,null,false,,null
05e34863-02cb-4405-8e49-68c93de2656d,00000000-0000-0000-0000-000000000001,b1000000-0000-0000-0000-000000000011,VH-ST-B32-0003,null,null,null,null,null,null,null,null,null,good,allocated,null,2026-04-10 22:55:29.282701+00,null,null,null,null,null,null,null,null,null,false,,null
7dc2475f-f3cc-4922-980d-d99b3182abbc,00000000-0000-0000-0000-000000000001,b1000000-0000-0000-0000-000000000026,VH-TV-B32-0001,null,null,null,null,null,null,null,null,null,good,allocated,null,2026-04-10 22:55:29.282701+00,null,null,null,null,null,null,null,null,null,false,,null
63583664-7699-4bd5-892d-2123c5cc534b,00000000-0000-0000-0000-000000000001,b1000000-0000-0000-0000-000000000002,VH-WM-B32-0001,null,T62CG#18LH2#004235,Onida,CRYSTAL,null,null,null,null,null,good,allocated,null,2026-04-10 22:55:29.282701+00,null,null,null,null,null,null,null,null,null,false,,null
56c5eeeb-c17d-42a4-98a5-fb8dc5e1f705,00000000-0000-0000-0000-000000000001,b1000000-0000-0000-0000-000000000022,VH-WH-B32-0001,null,19070038603523,Venus,3P30,null,null,null,null,null,good,allocated,null,2026-04-10 22:55:29.282701+00,null,null,null,null,3 lites / 3000 W/230v,null,null,null,null,false,,null
dbecf469-5471-49d2-9ae7-d40117f3e15c,00000000-0000-0000-0000-000000000001,b1000000-0000-0000-0000-000000000022,VH-WH-B32-0002,null,19070038603524,Venus,3P30,null,null,null,null,null,good,allocated,null,2026-04-10 22:55:29.282701+00,null,null,null,null,3 lites / 3000 W/230v,null,null,null,null,false,,null
6964752d-3abb-4921-9c1b-d1b668a1ce85,00000000-0000-0000-0000-000000000001,b1000000-0000-0000-0000-000000000001,VH-AC-B33-0001,null,null,Samsung,AR12RG3BAWK/2019,null,null,null,null,null,good,allocated,null,2026-04-10 22:55:29.282701+00,null,null,null,null,null,null,null,null,null,false,,null
0feecc7c-d922-4209-8a6a-b37268d302ce,00000000-0000-0000-0000-000000000001,b1000000-0000-0000-0000-000000000001,VH-AC-B33-0002,null,null,Samsung,AR12RG3BAWK/2019,null,null,null,null,null,good,allocated,null,2026-04-10 22:55:29.282701+00,null,null,null,null,null,null,null,null,null,false,,null
999d799d-ddf8-4e3e-9913-bf8a20411d21,00000000-0000-0000-0000-000000000001,b1000000-0000-0000-0000-000000000001,VH-AC-B33-0003,null,BCX0P9AM800065B,Samsung,AR12RG3BAWKNNA,null,null,null,null,null,good,allocated,null,2026-04-10 22:55:29.282701+00,null,null,null,null,null,null,null,null,null,false,,null
e12e18c7-073b-4a69-a967-675914aac5a2,00000000-0000-0000-0000-000000000001,b1000000-0000-0000-0000-000000000019,VH-BS-B33-0001,null,null,null,null,null,null,null,null,null,good,allocated,null,2026-04-10 22:55:29.282701+00,null,null,null,null,null,null,null,null,null,false,,null
9d8f5a0f-c468-4ce6-a8ac-3f65375f0949,00000000-0000-0000-0000-000000000001,b1000000-0000-0000-0000-000000000019,VH-BS-B33-0002,null,null,null,null,null,null,null,null,null,good,allocated,null,2026-04-10 22:55:29.282701+00,null,null,null,null,null,null,null,null,null,false,,null
a06d8f29-3663-4983-a60d-40cebfc22341,00000000-0000-0000-0000-000000000001,b1000000-0000-0000-0000-000000000019,VH-BS-B33-0003,null,null,null,null,null,null,null,null,null,good,allocated,null,2026-04-10 22:55:29.282701+00,null,null,null,null,null,null,null,null,null,false,,null
b715bf1a-b8db-45b0-8ad4-15cb2c7f3a17,00000000-0000-0000-0000-000000000001,b1000000-0000-0000-0000-000000000021,VH-CH-B33-0001,null,null,null,null,null,null,null,null,null,good,allocated,null,2026-04-10 22:55:29.282701+00,null,null,null,null,null,null,null,null,null,false,,null
8428f7f1-7b26-46fd-930b-6ccc6a510427,00000000-0000-0000-0000-000000000001,b1000000-0000-0000-0000-000000000021,VH-CH-B33-0002,null,null,null,null,null,null,null,null,null,good,allocated,null,2026-04-10 22:55:29.282701+00,null,null,null,null,null,null,null,null,null,false,,null
cefcc938-dfa0-4213-83d7-2683c6e040a7,00000000-0000-0000-0000-000000000001,b1000000-0000-0000-0000-000000000021,VH-CH-B33-0003,null,null,null,null,null,null,null,null,null,good,allocated,null,2026-04-10 22:55:29.282701+00,null,null,null,null,null,null,null,null,null,false,,null
20212082-f62f-4743-9f1f-b88dbbd36c94,00000000-0000-0000-0000-000000000001,b1000000-0000-0000-0000-000000000021,VH-CH-B33-0004,null,null,null,null,null,null,null,null,null,good,allocated,null,2026-04-10 22:55:29.282701+00,null,null,null,null,null,null,null,null,null,false,,null
19f480ec-af4f-4bc6-824d-da6c00d1845e,00000000-0000-0000-0000-000000000001,b1000000-0000-0000-0000-000000000008,VH-CO-B33-0001,null,null,null,null,null,null,null,null,null,good,allocated,null,2026-04-10 22:55:29.282701+00,null,null,null,null,null,null,null,null,null,false,,null
381e54bc-1ae1-4784-ae2b-54e1587deed5,00000000-0000-0000-0000-000000000001,b1000000-0000-0000-0000-000000000008,VH-CO-B33-0002,null,null,null,null,null,null,null,null,null,good,allocated,null,2026-04-10 22:55:29.282701+00,null,null,null,null,null,null,null,null,null,false,,null
19da01ea-5aca-4216-a5b2-9b404a0ba481,00000000-0000-0000-0000-000000000001,b1000000-0000-0000-0000-000000000008,VH-CO-B33-0003,null,null,null,null,null,null,null,null,null,good,allocated,null,2026-04-10 22:55:29.282701+00,null,null,null,null,null,null,null,null,null,false,,null
b23f3ed6-3bba-4a28-85bc-ebea924f5eb6,00000000-0000-0000-0000-000000000001,b1000000-0000-0000-0000-000000000008,VH-CO-B33-0004,null,null,null,null,null,null,null,null,null,good,allocated,null,2026-04-10 22:55:29.282701+00,null,null,null,null,null,null,null,null,null,false,,null
544b7073-6afc-400a-bb6d-561234a7664d,00000000-0000-0000-0000-000000000001,b1000000-0000-0000-0000-000000000008,VH-CO-B33-0005,null,null,null,null,null,null,null,null,null,good,allocated,null,2026-04-10 22:55:29.282701+00,null,null,null,null,null,null,null,null,null,false,,null
506a76fb-c75b-4021-9a06-e33f09940382,00000000-0000-0000-0000-000000000001,c9000001-0000-0000-0000-000000000001,VH-CB-B33-0001,null,null,null,null,null,null,null,null,null,good,allocated,null,2026-04-10 22:55:29.282701+00,null,null,null,null,null,null,null,null,null,false,,null
fff97ebd-37ea-4dcf-9ea0-1ef8664bfe84,00000000-0000-0000-0000-000000000001,c9000001-0000-0000-0000-000000000001,VH-CB-B33-0002,null,null,null,null,null,null,null,null,null,good,allocated,null,2026-04-10 22:55:29.282701+00,null,null,null,null,null,null,null,null,null,false,,null
b85afe51-1c99-4dc0-af55-3241a9bd6f47,00000000-0000-0000-0000-000000000001,c9000001-0000-0000-0000-000000000001,VH-CB-B33-0003,null,null,null,null,null,null,null,null,null,good,allocated,null,2026-04-10 22:55:29.282701+00,null,null,null,null,null,null,null,null,null,false,,null
482ebc6b-9875-4f32-b96c-ea193c4fe7ad,00000000-0000-0000-0000-000000000001,c9000001-0000-0000-0000-000000000001,VH-CB-B33-0004,null,null,null,null,null,null,null,null,null,good,allocated,null,2026-04-10 22:55:29.282701+00,null,null,null,null,null,null,null,null,null,false,,null
57eb404d-4ae5-4503-846c-7fbf696a0e79,00000000-0000-0000-0000-000000000001,c9000001-0000-0000-0000-000000000001,VH-CB-B33-0005,null,null,null,null,null,null,null,null,null,good,allocated,null,2026-04-10 22:55:29.282701+00,null,null,null,null,null,null,null,null,null,false,,null
e3824c6d-a533-40d6-a750-14c81a20c045,00000000-0000-0000-0000-000000000001,b1000000-0000-0000-0000-000000000013,VH-DT-B33-0001,null,null,null,null,null,null,null,null,null,good,allocated,null,2026-04-10 22:55:29.282701+00,null,null,null,null,null,null,null,null,null,false,,null
23613fa4-ac57-4a26-9de3-658c3f2c4b4d,00000000-0000-0000-0000-000000000001,b1000000-0000-0000-0000-000000000020,VH-FN-B33-0001,null,null,null,null,null,null,null,null,null,good,allocated,null,2026-04-10 22:55:29.282701+00,null,null,null,null,null,null,null,null,null,false,,null
ed832524-02dc-40c7-9df4-0bab4f2ac191,00000000-0000-0000-0000-000000000001,b1000000-0000-0000-0000-000000000020,VH-FN-B33-0002,null,null,null,null,null,null,null,null,null,good,allocated,null,2026-04-10 22:55:29.282701+00,null,null,null,null,null,null,null,null,null,false,,null
c7d66935-49df-474a-af4e-5db892413e2e,00000000-0000-0000-0000-000000000001,b1000000-0000-0000-0000-000000000020,VH-FN-B33-0003,null,null,null,null,null,null,null,null,null,good,allocated,null,2026-04-10 22:55:29.282701+00,null,null,null,null,null,null,null,null,null,false,,null
a8b93a82-6ac7-4b2e-8fbc-ccb2703835d6,00000000-0000-0000-0000-000000000001,b1000000-0000-0000-0000-000000000005,VH-IS-B33-0001,null,LI04248378880,Judge,Optima Plus,2025-02-21,1890.00,70867748-0c93-da0a-ed78-a6a3d4a605c7,null,null,good,allocated,No invoice available. Recorded from Excel. Requires invoice,2026-04-10 22:55:29.282701+00,null,2025-02-21,null,Online Purchase (Unknown Vendor),null,null,null,null,null,true,,null
ff1e9e8a-fddb-4d0a-a735-4f9d8166e956,00000000-0000-0000-0000-000000000001,b1000000-0000-0000-0000-000000000009,VH-MA-B33-0001,null,null,null,Duroflex Coir Mattress,2025-08-05,4599.65,c97a258e-bf13-8dc4-67fa-a8c1c8d0be04,null,null,new,allocated,null,2026-04-10 22:55:29.282701+00,4250442001,2025-08-05,asset-invoices/vista heights/Duro Flex-1.pdf,Duroflex Pvt Ltd,null,null,null,null,null,false,,null
907c3cce-3fa5-4c56-bda3-751e8e5c8d4a,00000000-0000-0000-0000-000000000001,b1000000-0000-0000-0000-000000000009,VH-MA-B33-0002,null,null,null,null,null,null,null,null,null,new,allocated,null,2026-04-10 22:55:29.282701+00,null,null,null,null,null,null,null,null,null,false,,null
7af03a39-914c-4c69-ab36-e169f6d52f65,00000000-0000-0000-0000-000000000001,b1000000-0000-0000-0000-000000000009,VH-MA-B33-0003,null,null,null,null,null,null,null,null,null,new,allocated,null,2026-04-10 22:55:29.282701+00,null,null,null,null,null,null,null,null,null,false,,null
d48d190d-e234-47a0-a33c-315e9a54855f,00000000-0000-0000-0000-000000000001,b1000000-0000-0000-0000-000000000009,VH-MA-B33-0004,null,null,null,null,null,null,null,null,null,new,allocated,null,2026-04-10 22:55:29.282701+00,null,null,null,null,null,null,null,null,null,false,,null
34df9a0b-4208-4901-baa8-c1b03076e57a,00000000-0000-0000-0000-000000000001,b1000000-0000-0000-0000-000000000009,VH-MA-B33-0005,null,null,null,null,null,null,null,null,null,new,allocated,null,2026-04-10 22:55:29.282701+00,null,null,null,null,null,null,null,null,null,false,,null
b6584e89-b55e-4e4c-aa98-a34c72f15191,00000000-0000-0000-0000-000000000001,b1000000-0000-0000-0000-000000000004,VH-MW-B33-0001,null,0BFE7WDM502904T,Samsung,MS23K3513AK/TL MAY 2019,null,null,null,null,null,good,allocated,null,2026-04-10 22:55:29.282701+00,null,null,null,null,null,null,null,null,null,false,,null
3622b8e4-8e8f-4264-a33e-ea56373f527d,00000000-0000-0000-0000-000000000001,b1000000-0000-0000-0000-000000000003,VH-RF-B33-0001,null,null,Samsung,RR20N1Y1ZSE/HL/2019,null,null,null,null,null,good,allocated,null,2026-04-10 22:55:29.282701+00,null,null,null,null,182-Litre,null,null,null,null,false,,null
09e4c408-b20f-4da1-bd5b-918b9ba224d2,00000000-0000-0000-0000-000000000001,b1000000-0000-0000-0000-000000000007,VH-RO-B33-0001,null,null,Aqua Mars,null,2025-07-16,7000.00,df4e3fb8-4557-884d-f82f-c411e8707351,null,null,good,allocated,RO Replacement. Bill number available.,2026-04-10 22:55:29.282701+00,1354,2025-07-16,null,Adyar Aqua House,null,null,null,null,null,false,,null
f1157985-e1ce-4242-9be6-13cd5d021cc5,00000000-0000-0000-0000-000000000001,b1000000-0000-0000-0000-000000000024,VH-SS-B33-0001,null,null,null,null,null,null,null,null,null,good,allocated,null,2026-04-10 22:55:29.282701+00,null,null,null,null,null,null,null,null,null,false,,null
98ec9659-a624-4eed-8558-c14a0cdcdd7b,00000000-0000-0000-0000-000000000001,b1000000-0000-0000-0000-000000000012,VH-SF-B33-0001,null,null,null,null,null,null,null,null,null,good,allocated,null,2026-04-10 22:55:29.282701+00,null,null,null,null,null,null,null,null,null,false,,null
2ae73dbf-d726-4520-94a1-defa8d081a97,00000000-0000-0000-0000-000000000001,b1000000-0000-0000-0000-000000000011,VH-ST-B33-0001,null,null,null,null,null,null,null,null,null,good,allocated,null,2026-04-10 22:55:29.282701+00,null,null,null,null,null,null,null,null,null,false,,null
ba4a69e7-2dc8-4b9b-ac2e-75ed6bb13112,00000000-0000-0000-0000-000000000001,b1000000-0000-0000-0000-000000000011,VH-ST-B33-0002,null,null,null,null,null,null,null,null,null,good,allocated,null,2026-04-10 22:55:29.282701+00,null,null,null,null,null,null,null,null,null,false,,null
cc454bac-0c42-4691-9302-1c9b6b171222,00000000-0000-0000-0000-000000000001,b1000000-0000-0000-0000-000000000011,VH-ST-B33-0003,null,null,null,null,null,null,null,null,null,good,allocated,null,2026-04-10 22:55:29.282701+00,null,null,null,null,null,null,null,null,null,false,,null
d2945aeb-cfbb-4f6d-bf0f-ddf2bb499fc0,00000000-0000-0000-0000-000000000001,b1000000-0000-0000-0000-000000000026,VH-TV-B33-0001,null,null,null,null,null,null,null,null,null,good,allocated,null,2026-04-10 22:55:29.282701+00,null,null,null,null,null,null,null,null,null,false,,null
a7824fbc-00a2-491d-be78-cb399324a152,00000000-0000-0000-0000-000000000001,b1000000-0000-0000-0000-000000000002,VH-WM-B33-0001,null,null,null,null,null,null,null,null,null,good,allocated,null,2026-04-10 22:55:29.282701+00,null,null,null,null,null,null,null,null,null,false,,null
fd1c154e-48e8-4628-a96e-8dd89f40c8eb,00000000-0000-0000-0000-000000000001,b1000000-0000-0000-0000-000000000022,VH-WH-B33-0001,null,null,null,null,null,null,null,null,null,good,allocated,null,2026-04-10 22:55:29.282701+00,null,null,null,null,null,null,null,null,null,false,,null
41b29390-ba7f-498b-accf-cf2f33a2d333,00000000-0000-0000-0000-000000000001,b1000000-0000-0000-0000-000000000022,VH-WH-B33-0002,null,19070038606525,Venus,3P30,null,null,null,null,null,good,allocated,null,2026-04-10 22:55:29.282701+00,null,null,null,null,3 lites / 3000 W/230v,null,null,null,null,false,,null
16d999ee-f005-4ff5-86f4-a07d8e02c976,00000000-0000-0000-0000-000000000001,b1000000-0000-0000-0000-000000000022,VH-WH-B33-0003,null,19070038603498,Venus,3P30,null,null,null,null,null,good,allocated,null,2026-04-10 22:55:29.282701+00,null,null,null,null,3 lites / 3000 W/230v,null,null,null,null,false,,null
39e26a0c-5a2c-4fd4-bfe4-53291c31d00b,00000000-0000-0000-0000-000000000001,b1000000-0000-0000-0000-000000000001,VH-AC-B34-0001,null,null,IFB,IAFS12ZA3T3C/2018,null,null,null,null,null,good,allocated,null,2026-04-10 22:55:29.282701+00,null,null,null,null,null,null,null,null,null,false,,null
015a5afe-f096-4f3f-a41a-734a4743aa19,00000000-0000-0000-0000-000000000001,b1000000-0000-0000-0000-000000000001,VH-AC-B34-0002,null,null,IFB,IAFS12XA3T3C/2019,null,null,null,null,null,good,allocated,null,2026-04-10 22:55:29.282701+00,null,null,null,null,null,null,null,null,null,false,,null
5bb5663a-ef48-40a1-809e-649ffacbc657,00000000-0000-0000-0000-000000000001,b1000000-0000-0000-0000-000000000001,VH-AC-B34-0003,null,null,IFB,IAFS12XA3T3C/2018,null,null,null,null,null,good,allocated,null,2026-04-10 22:55:29.282701+00,null,null,null,null,null,null,null,null,null,false,,null
8319bbe0-4902-43ca-9d57-a0ac14359db9,00000000-0000-0000-0000-000000000001,b1000000-0000-0000-0000-000000000019,VH-BS-B34-0001,null,null,null,null,null,null,null,null,null,good,allocated,null,2026-04-10 22:55:29.282701+00,null,null,null,null,null,null,null,null,null,false,,null
cb430048-3638-48b4-bc6c-aa955bd6c024,00000000-0000-0000-0000-000000000001,b1000000-0000-0000-0000-000000000019,VH-BS-B34-0002,null,null,null,null,null,null,null,null,null,good,allocated,null,2026-04-10 22:55:29.282701+00,null,null,null,null,null,null,null,null,null,false,,null
d84c53da-8f7e-49fb-9be2-15f0fb332997,00000000-0000-0000-0000-000000000001,b1000000-0000-0000-0000-000000000019,VH-BS-B34-0003,null,null,null,null,null,null,null,null,null,good,allocated,null,2026-04-10 22:55:29.282701+00,null,null,null,null,null,null,null,null,null,false,,null
035388f7-9a2e-42f5-9560-a03d77357ef2,00000000-0000-0000-0000-000000000001,b1000000-0000-0000-0000-000000000019,VH-BS-B34-0004,null,null,null,null,null,null,null,null,null,good,allocated,null,2026-04-10 22:55:29.282701+00,null,null,null,null,null,null,null,null,null,false,,null
3490481c-e2d1-4cab-9a33-2c6a2dcfa6ee,00000000-0000-0000-0000-000000000001,b1000000-0000-0000-0000-000000000019,VH-BS-B34-0005,null,null,null,null,null,null,null,null,null,good,allocated,null,2026-04-10 22:55:29.282701+00,null,null,null,null,null,null,null,null,null,false,,null
ff1be0a5-7386-4949-82e8-cd4fe5387f62,00000000-0000-0000-0000-000000000001,b1000000-0000-0000-0000-000000000021,VH-CH-B34-0001,null,null,null,null,null,null,null,null,null,good,allocated,null,2026-04-10 22:55:29.282701+00,null,null,null,null,null,null,null,null,null,false,,null
ca8b890b-5e5c-4038-8285-e015fc5ce441,00000000-0000-0000-0000-000000000001,b1000000-0000-0000-0000-000000000021,VH-CH-B34-0002,null,null,null,null,null,null,null,null,null,good,allocated,null,2026-04-10 22:55:29.282701+00,null,null,null,null,null,null,null,null,null,false,,null
c6d5341f-7b4d-4ca4-9c07-bc2b0a29233a,00000000-0000-0000-0000-000000000001,b1000000-0000-0000-0000-000000000021,VH-CH-B34-0003,null,null,null,null,null,null,null,null,null,good,allocated,null,2026-04-10 22:55:29.282701+00,null,null,null,null,null,null,null,null,null,false,,null
67ea021e-1e23-4554-96d4-eb8470b69b9b,00000000-0000-0000-0000-000000000001,b1000000-0000-0000-0000-000000000021,VH-CH-B34-0004,null,null,null,null,null,null,null,null,null,good,allocated,null,2026-04-10 22:55:29.282701+00,null,null,null,null,null,null,null,null,null,false,,null
4698cf3a-ede0-443a-93db-43bc526e0162,00000000-0000-0000-0000-000000000001,b1000000-0000-0000-0000-000000000008,VH-CO-B34-0001,null,null,null,COT 3x6,2025-06-17,5950.00,1f1c91d5-56b6-641b-e035-aa2fc4782999,null,null,good,allocated,null,2026-04-10 22:55:29.282701+00,SF/25-26/25,2025-06-17,asset-invoices/vista heights/Smart Furniture bill.pdf,Smart Furniture,null,null,null,null,null,false,,null
70036fa7-ead2-4747-9b6b-49115da82e53,00000000-0000-0000-0000-000000000001,b1000000-0000-0000-0000-000000000008,VH-CO-B34-0002,null,null,null,null,null,null,null,null,null,good,allocated,null,2026-04-10 22:55:29.282701+00,null,null,null,null,null,null,null,null,null,false,,null
11769019-5f59-45b0-b47b-2adda63e8f82,00000000-0000-0000-0000-000000000001,b1000000-0000-0000-0000-000000000008,VH-CO-B34-0003,null,null,null,null,null,null,null,null,null,good,allocated,null,2026-04-10 22:55:29.282701+00,null,null,null,null,null,null,null,null,null,false,,null
51286b91-78c1-4306-a4cd-3c4558391cf8,00000000-0000-0000-0000-000000000001,b1000000-0000-0000-0000-000000000008,VH-CO-B34-0004,null,null,null,null,null,null,null,null,null,good,allocated,null,2026-04-10 22:55:29.282701+00,null,null,null,null,null,null,null,null,null,false,,null
c8140bc3-dd19-42c3-9448-0b8f8cadee7a,00000000-0000-0000-0000-000000000001,b1000000-0000-0000-0000-000000000008,VH-CO-B34-0005,null,null,null,null,null,null,null,null,null,good,allocated,null,2026-04-10 22:55:29.282701+00,null,null,null,null,null,null,null,null,null,false,,null
e046c6d8-397c-4586-8fdf-c88e78da3ec5,00000000-0000-0000-0000-000000000001,c9000001-0000-0000-0000-000000000001,VH-CB-B34-0001,null,null,null,null,null,null,null,null,null,good,allocated,null,2026-04-10 22:55:29.282701+00,null,null,null,null,null,null,null,null,null,false,,null
43960756-e448-4803-9883-7afa96e4fd54,00000000-0000-0000-0000-000000000001,c9000001-0000-0000-0000-000000000001,VH-CB-B34-0002,null,null,null,null,null,null,null,null,null,good,allocated,null,2026-04-10 22:55:29.282701+00,null,null,null,null,null,null,null,null,null,false,,null
0c1c9397-410e-4953-9049-5d4ba960c4e2,00000000-0000-0000-0000-000000000001,c9000001-0000-0000-0000-000000000001,VH-CB-B34-0003,null,null,null,null,null,null,null,null,null,good,allocated,null,2026-04-10 22:55:29.282701+00,null,null,null,null,null,null,null,null,null,false,,null
7d39b0a9-0f1a-472f-966b-284de23f0dc0,00000000-0000-0000-0000-000000000001,c9000001-0000-0000-0000-000000000001,VH-CB-B34-0004,null,null,null,null,null,null,null,null,null,good,allocated,null,2026-04-10 22:55:29.282701+00,null,null,null,null,null,null,null,null,null,false,,null
77e251ff-36e7-483d-a139-4ea05f1188fe,00000000-0000-0000-0000-000000000001,c9000001-0000-0000-0000-000000000001,VH-CB-B34-0005,null,null,null,null,null,null,null,null,null,good,allocated,null,2026-04-10 22:55:29.282701+00,null,null,null,null,null,null,null,null,null,false,,null
49160701-70ac-4678-b086-610698ab9ef2,00000000-0000-0000-0000-000000000001,b1000000-0000-0000-0000-000000000013,VH-DT-B34-0001,null,null,null,null,null,null,null,null,null,good,allocated,null,2026-04-10 22:55:29.282701+00,null,null,null,null,null,null,null,null,null,false,,null
c79df700-6e0b-4d5e-b431-d855a7d266d1,00000000-0000-0000-0000-000000000001,b1000000-0000-0000-0000-000000000020,VH-FN-B34-0001,null,null,null,null,null,null,null,null,null,good,allocated,null,2026-04-10 22:55:29.282701+00,null,null,null,null,null,null,null,null,null,false,,null
f67f24e6-333f-4cd5-a0f4-a2b85f76a0b2,00000000-0000-0000-0000-000000000001,b1000000-0000-0000-0000-000000000020,VH-FN-B34-0002,null,null,null,null,null,null,null,null,null,good,allocated,null,2026-04-10 22:55:29.282701+00,null,null,null,null,null,null,null,null,null,false,,null
08e5cc48-188f-4df9-a3a8-b64c053b1241,00000000-0000-0000-0000-000000000001,b1000000-0000-0000-0000-000000000020,VH-FN-B34-0003,null,null,null,null,null,null,null,null,null,good,allocated,null,2026-04-10 22:55:29.282701+00,null,null,null,null,null,null,null,null,null,false,,null
5c0430f5-c3d6-4e31-8318-efbd509cf996,00000000-0000-0000-0000-000000000001,b1000000-0000-0000-0000-000000000020,VH-FN-B34-0004,null,null,null,null,null,null,null,null,null,good,allocated,null,2026-04-10 22:55:29.282701+00,null,null,null,null,null,null,null,null,null,false,,null
9e43da1d-fd6f-4da2-bde3-6fb9eb6169f4,00000000-0000-0000-0000-000000000001,b1000000-0000-0000-0000-000000000005,VH-IS-B34-0001,null,MB41134F25041846,Judge,null,null,null,null,null,null,good,allocated,null,2026-04-10 22:55:29.282701+00,null,null,null,null,null,null,null,null,null,false,,null
0b828bec-a402-4948-b901-0fbeb2244baa,00000000-0000-0000-0000-000000000001,b1000000-0000-0000-0000-000000000009,VH-MA-B34-0001,null,null,null,null,null,null,null,null,null,good,allocated,null,2026-04-10 22:55:29.282701+00,null,null,null,null,null,null,null,null,null,false,,null
d48c8247-a5ca-4cc1-ad16-c9f3579d43d9,00000000-0000-0000-0000-000000000001,b1000000-0000-0000-0000-000000000009,VH-MA-B34-0002,null,null,null,null,null,null,null,null,null,new,allocated,null,2026-04-10 22:55:29.282701+00,null,null,null,null,null,null,null,null,null,false,,null
b22b676a-e30b-49ef-bacd-3c84f73da5a7,00000000-0000-0000-0000-000000000001,b1000000-0000-0000-0000-000000000009,VH-MA-B34-0003,null,null,null,null,null,null,null,null,null,new,allocated,null,2026-04-10 22:55:29.282701+00,null,null,null,null,null,null,null,null,null,false,,null
9ba1c049-3d50-42ba-91ef-013513d6e67e,00000000-0000-0000-0000-000000000001,b1000000-0000-0000-0000-000000000009,VH-MA-B34-0004,null,null,null,null,null,null,null,null,null,good,allocated,null,2026-04-10 22:55:29.282701+00,null,null,null,null,null,null,null,null,null,false,,null
a7b51108-c41f-4cf4-80e2-7d69f2617226,00000000-0000-0000-0000-000000000001,b1000000-0000-0000-0000-000000000009,VH-MA-B34-0005,null,null,null,null,null,null,null,null,null,new,allocated,null,2026-04-10 22:55:29.282701+00,null,null,null,null,null,null,null,null,null,false,,null
f40e473a-5e0b-4fe9-a52f-13658272a0f0,00000000-0000-0000-0000-000000000001,b1000000-0000-0000-0000-000000000004,VH-MW-B34-0001,null,256PULCTEU04359,Panasonic,NN-ST26JMFDG,null,null,null,null,null,good,allocated,null,2026-04-10 22:55:29.282701+00,null,null,null,null,null,null,null,null,null,false,,null
63753dd5-7520-46ce-8cd9-7763df8ef09a,00000000-0000-0000-0000-000000000001,b1000000-0000-0000-0000-000000000003,VH-RF-B34-0001,null,null,Haier,HRD-1703/2018,null,null,null,null,null,good,allocated,null,2026-04-10 22:55:29.282701+00,null,null,null,null,null,null,null,null,null,false,,null
67d176c1-1187-44d6-aee7-0a7e1aa59a2d,00000000-0000-0000-0000-000000000001,b1000000-0000-0000-0000-000000000007,VH-RO-B34-0001,null,null,Aqua Mars,null,2025-10-23,7000.00,df4e3fb8-4557-884d-f82f-c411e8707351,null,null,good,allocated,RO Replacement. Bill number available.,2026-04-10 22:55:29.282701+00,2007,2025-10-23,null,Adyar Aqua House,null,null,null,null,null,false,,null
f9cd5a86-a0e1-42e6-82b4-3bd402caa059,00000000-0000-0000-0000-000000000001,b1000000-0000-0000-0000-000000000024,VH-SS-B34-0001,null,null,null,null,null,null,null,null,null,good,allocated,null,2026-04-10 22:55:29.282701+00,null,null,null,null,null,null,null,null,null,false,,null
a2ba9215-1429-4ee3-9900-6716e241cbfd,00000000-0000-0000-0000-000000000001,b1000000-0000-0000-0000-000000000012,VH-SF-B34-0001,null,null,null,null,null,null,null,null,null,good,allocated,null,2026-04-10 22:55:29.282701+00,null,null,null,null,null,null,null,null,null,false,,null
38097fdf-f453-4dc4-ad3b-f299ee026480,00000000-0000-0000-0000-000000000001,b1000000-0000-0000-0000-000000000011,VH-ST-B34-0001,null,null,null,null,null,null,null,null,null,good,allocated,null,2026-04-10 22:55:29.282701+00,null,null,null,null,null,null,null,null,null,false,,null
9c353dd6-6065-407c-918a-04b324019650,00000000-0000-0000-0000-000000000001,b1000000-0000-0000-0000-000000000011,VH-ST-B34-0002,null,null,null,null,null,null,null,null,null,good,allocated,null,2026-04-10 22:55:29.282701+00,null,null,null,null,null,null,null,null,null,false,,null
1ee25285-5a8a-4199-aeb1-1a63d81221dc,00000000-0000-0000-0000-000000000001,b1000000-0000-0000-0000-000000000011,VH-ST-B34-0003,null,null,null,null,null,null,null,null,null,good,allocated,null,2026-04-10 22:55:29.282701+00,null,null,null,null,null,null,null,null,null,false,,null
6b25c9db-abbc-436b-82c9-c1d0663e6f69,00000000-0000-0000-0000-000000000001,b1000000-0000-0000-0000-000000000026,VH-TV-B34-0001,null,null,null,null,null,null,null,null,null,good,allocated,null,2026-04-10 22:55:29.282701+00,null,null,null,null,null,null,null,null,null,false,,null
c0db2869-f692-4552-a037-2b4b57f03999,00000000-0000-0000-0000-000000000001,b1000000-0000-0000-0000-000000000002,VH-WM-B34-0001,null,null,Panasonic,NA-F65C1CRB/2022,null,null,null,null,null,good,allocated,null,2026-04-10 22:55:29.282701+00,null,null,null,null,6.5 Kg,null,null,null,null,false,,null
c4f83b7d-d7b1-4bd0-8e81-4d275600148c,00000000-0000-0000-0000-000000000001,b1000000-0000-0000-0000-000000000022,VH-WH-B34-0001,null,190700386034,Venus,3P30,null,null,null,null,null,good,allocated,null,2026-04-10 22:55:29.282701+00,null,null,null,null,3 lites / 3000 W/230v,null,null,null,null,false,,null
a6025c52-4f09-458f-8000-de052bd9adfb,00000000-0000-0000-0000-000000000001,b1000000-0000-0000-0000-000000000022,VH-WH-B34-0002,null,19070038603497,Venus,3P30,null,null,null,null,null,good,allocated,null,2026-04-10 22:55:29.282701+00,null,null,null,null,3 lites / 3000 W/230v,null,null,null,null,false,,null
df642633-e164-47a7-9c64-55517cd1c3c4,00000000-0000-0000-0000-000000000001,b1000000-0000-0000-0000-000000000001,VH-AC-B41-0001,null,null,Voltas,4502515/2019,null,null,null,null,null,good,allocated,null,2026-04-10 22:55:29.282701+00,null,null,null,null,null,null,null,null,null,false,,null
60e6badc-68a9-4456-b05b-c745c0e14502,00000000-0000-0000-0000-000000000001,b1000000-0000-0000-0000-000000000001,VH-AC-B41-0002,null,null,Voltas,4502515/2019,null,null,null,null,null,good,allocated,null,2026-04-10 22:55:29.282701+00,null,null,null,null,null,null,null,null,null,false,,null
19232b9f-c4c0-41b7-a655-830705dd9c3b,00000000-0000-0000-0000-000000000001,b1000000-0000-0000-0000-000000000001,VH-AC-B41-0003,null,null,Voltas,4502515/2019,null,null,null,null,null,good,allocated,null,2026-04-10 22:55:29.282701+00,null,null,null,null,null,null,null,null,null,false,,null
625b07e7-083b-4c9d-b00b-203844544ea3,00000000-0000-0000-0000-000000000001,b1000000-0000-0000-0000-000000000001,VH-AC-B41-0004,null,null,Voltas,4502515/2019,null,null,null,null,null,good,allocated,null,2026-04-10 22:55:29.282701+00,null,null,null,null,null,null,null,null,null,false,,null
041464db-fd41-4a70-b1fb-28f7dc2556a2,00000000-0000-0000-0000-000000000001,b1000000-0000-0000-0000-000000000019,VH-BS-B41-0001,null,null,null,null,null,null,null,null,null,good,allocated,null,2026-04-10 22:55:29.282701+00,null,null,null,null,null,null,null,null,null,false,,null
0902fe8d-d8a2-4c29-889a-29db379670e1,00000000-0000-0000-0000-000000000001,b1000000-0000-0000-0000-000000000019,VH-BS-B41-0002,null,null,null,null,null,null,null,null,null,good,allocated,null,2026-04-10 22:55:29.282701+00,null,null,null,null,null,null,null,null,null,false,,null
04851861-fec2-4671-a509-4744db93c9b1,00000000-0000-0000-0000-000000000001,b1000000-0000-0000-0000-000000000021,VH-CH-B41-0001,null,null,null,null,null,null,null,null,null,good,allocated,null,2026-04-10 22:55:29.282701+00,null,null,null,null,null,null,null,null,null,false,,null
e3adbca6-5afc-4000-a1ab-610b5e799b24,00000000-0000-0000-0000-000000000001,b1000000-0000-0000-0000-000000000021,VH-CH-B41-0002,null,null,null,null,null,null,null,null,null,good,allocated,null,2026-04-10 22:55:29.282701+00,null,null,null,null,null,null,null,null,null,false,,null
60601c3a-24d4-4f20-a073-346b9ba44a51,00000000-0000-0000-0000-000000000001,b1000000-0000-0000-0000-000000000021,VH-CH-B41-0003,null,null,null,null,null,null,null,null,null,good,allocated,null,2026-04-10 22:55:29.282701+00,null,null,null,null,null,null,null,null,null,false,,null
29b966b0-e82f-462c-86d7-66c654e1c9da,00000000-0000-0000-0000-000000000001,b1000000-0000-0000-0000-000000000021,VH-CH-B41-0004,null,null,null,null,null,null,null,null,null,good,allocated,null,2026-04-10 22:55:29.282701+00,null,null,null,null,null,null,null,null,null,false,,null
cb1b3f5f-347b-4a3b-adee-1924192848d1,00000000-0000-0000-0000-000000000001,b1000000-0000-0000-0000-000000000008,VH-CO-B41-0001,null,null,null,COT 3x6,2025-01-01,6950.00,1f1c91d5-56b6-641b-e035-aa2fc4782999,null,null,good,allocated,null,2026-04-10 22:55:29.282701+00,SF/25-26/70,2025-01-01,null,Smart Furniture,null,null,null,null,null,false,,null
4fe6ef9f-6c7b-43a7-9082-f2ee64869d12,00000000-0000-0000-0000-000000000001,b1000000-0000-0000-0000-000000000008,VH-CO-B41-0002,null,null,null,null,null,null,null,null,null,good,allocated,null,2026-04-10 22:55:29.282701+00,null,null,null,null,null,null,null,null,null,false,,null
9cf2840d-6749-4f2f-b5ba-f7cb1968ae2d,00000000-0000-0000-0000-000000000001,b1000000-0000-0000-0000-000000000008,VH-CO-B41-0003,null,null,null,null,null,null,null,null,null,good,allocated,null,2026-04-10 22:55:29.282701+00,null,null,null,null,null,null,null,null,null,false,,null
3d6c01d9-d4ba-4751-b5ae-a722e85de637,00000000-0000-0000-0000-000000000001,b1000000-0000-0000-0000-000000000008,VH-CO-B41-0004,null,null,null,null,null,null,null,null,null,good,allocated,null,2026-04-10 22:55:29.282701+00,null,null,null,null,null,null,null,null,null,false,,null
e08dbb6a-4d27-445a-80ee-870ea0dd893c,00000000-0000-0000-0000-000000000001,b1000000-0000-0000-0000-000000000008,VH-CO-B41-0005,null,null,null,null,null,null,null,null,null,good,allocated,null,2026-04-10 22:55:29.282701+00,null,null,null,null,null,null,null,null,null,false,,null
317983f4-1b2f-4a9a-903c-1dffa602ad47,00000000-0000-0000-0000-000000000001,b1000000-0000-0000-0000-000000000008,VH-CO-B41-0006,null,null,null,null,null,null,null,null,null,good,allocated,null,2026-04-10 22:55:29.282701+00,null,null,null,null,null,null,null,null,null,false,,null
c90bc047-457e-480a-8e6e-5b6db6f3dd2c,00000000-0000-0000-0000-000000000001,b1000000-0000-0000-0000-000000000008,VH-CO-B41-0007,null,null,null,null,null,null,null,null,null,good,allocated,null,2026-04-10 22:55:29.282701+00,null,null,null,null,null,null,null,null,null,false,,null
0ec012eb-9dea-4bba-8b4e-420e8ddb5239,00000000-0000-0000-0000-000000000001,c9000001-0000-0000-0000-000000000001,VH-CB-B41-0001,null,null,null,null,null,null,null,null,null,good,allocated,null,2026-04-10 22:55:29.282701+00,null,null,null,null,null,null,null,null,null,false,,null
f39b2bc1-f57e-46a0-bb42-6dccadba1f22,00000000-0000-0000-0000-000000000001,c9000001-0000-0000-0000-000000000001,VH-CB-B41-0002,null,null,null,null,null,null,null,null,null,good,allocated,null,2026-04-10 22:55:29.282701+00,null,null,null,null,null,null,null,null,null,false,,null
0dda5fcd-f875-4f66-b360-252a8890c05b,00000000-0000-0000-0000-000000000001,c9000001-0000-0000-0000-000000000001,VH-CB-B41-0003,null,null,null,null,null,null,null,null,null,good,allocated,null,2026-04-10 22:55:29.282701+00,null,null,null,null,null,null,null,null,null,false,,null
a565954d-48d2-40f6-ae64-dff0cedbda28,00000000-0000-0000-0000-000000000001,c9000001-0000-0000-0000-000000000001,VH-CB-B41-0004,null,null,null,null,null,null,null,null,null,good,allocated,null,2026-04-10 22:55:29.282701+00,null,null,null,null,null,null,null,null,null,false,,null
643c111d-3ae4-414c-844f-1d4d47fb52f4,00000000-0000-0000-0000-000000000001,c9000001-0000-0000-0000-000000000001,VH-CB-B41-0005,null,null,null,null,null,null,null,null,null,good,allocated,null,2026-04-10 22:55:29.282701+00,null,null,null,null,null,null,null,null,null,false,,null
3649fe7e-fe87-4a6b-831b-df6fb9bb2f78,00000000-0000-0000-0000-000000000001,c9000001-0000-0000-0000-000000000001,VH-CB-B41-0006,null,null,null,null,null,null,null,null,null,good,allocated,null,2026-04-10 22:55:29.282701+00,null,null,null,null,null,null,null,null,null,false,,null
9d7ff9b4-5bc2-4736-ad0d-eba28a7bae42,00000000-0000-0000-0000-000000000001,b1000000-0000-0000-0000-000000000013,VH-DT-B41-0001,null,null,null,null,null,null,null,null,null,good,allocated,null,2026-04-10 22:55:29.282701+00,null,null,null,null,null,null,null,null,null,false,,null
78771496-d60c-4fe0-b6bd-cd95b52e12dd,00000000-0000-0000-0000-000000000001,b1000000-0000-0000-0000-000000000020,VH-FN-B41-0001,null,null,null,null,null,null,null,null,null,good,allocated,null,2026-04-10 22:55:29.282701+00,null,null,null,null,null,null,null,null,null,false,,null
d8fd8cbb-af29-4c01-9615-f3993f03d32d,00000000-0000-0000-0000-000000000001,b1000000-0000-0000-0000-000000000020,VH-FN-B41-0002,null,null,null,null,null,null,null,null,null,good,allocated,null,2026-04-10 22:55:29.282701+00,null,null,null,null,null,null,null,null,null,false,,null
b0d336ac-179e-4a18-b540-685c52821a1f,00000000-0000-0000-0000-000000000001,b1000000-0000-0000-0000-000000000020,VH-FN-B41-0003,null,null,null,null,null,null,null,null,null,good,allocated,null,2026-04-10 22:55:29.282701+00,null,null,null,null,null,null,null,null,null,false,,null
a70eb2c3-706c-45d7-9af3-c0be7a59c764,00000000-0000-0000-0000-000000000001,b1000000-0000-0000-0000-000000000020,VH-FN-B41-0004,null,null,null,null,null,null,null,null,null,good,allocated,null,2026-04-10 22:55:29.282701+00,null,null,null,null,null,null,null,null,null,false,,null
0b0ec1cf-599c-4f19-8dbe-7400b104289d,00000000-0000-0000-0000-000000000001,b1000000-0000-0000-0000-000000000005,VH-IS-B41-0001,null,BB03KC1376A4082,Impex,OMEGA H2A,null,null,null,null,null,good,allocated,null,2026-04-10 22:55:29.282701+00,null,null,null,null,null,null,null,null,null,false,,null
6a6809c3-0c56-41a1-bcb6-633938411363,00000000-0000-0000-0000-000000000001,b1000000-0000-0000-0000-000000000009,VH-MA-B41-0001,null,null,null,null,null,null,null,null,null,good,allocated,null,2026-04-10 22:55:29.282701+00,null,null,null,null,null,null,null,null,null,false,,null
3d28c0fa-a960-4710-89bc-8c8b99529d99,00000000-0000-0000-0000-000000000001,b1000000-0000-0000-0000-000000000009,VH-MA-B41-0002,null,null,null,null,null,null,null,null,null,good,allocated,null,2026-04-10 22:55:29.282701+00,null,null,null,null,null,null,null,null,null,false,,null
e8afe4f5-c8ea-45c4-af99-e7b8664034a5,00000000-0000-0000-0000-000000000001,b1000000-0000-0000-0000-000000000009,VH-MA-B41-0003,null,null,null,null,null,null,null,null,null,new,allocated,null,2026-04-10 22:55:29.282701+00,null,null,null,null,null,null,null,null,null,false,,null
29e60f49-c6ec-4eed-b9af-5941b5b5290c,00000000-0000-0000-0000-000000000001,b1000000-0000-0000-0000-000000000009,VH-MA-B41-0004,null,null,null,null,null,null,null,null,null,good,allocated,null,2026-04-10 22:55:29.282701+00,null,null,null,null,null,null,null,null,null,false,,null
564fcc53-ecde-485c-8f18-bf42d4a0259b,00000000-0000-0000-0000-000000000001,b1000000-0000-0000-0000-000000000009,VH-MA-B41-0005,null,null,null,null,null,null,null,null,null,new,allocated,null,2026-04-10 22:55:29.282701+00,null,null,null,null,null,null,null,null,null,false,,null
b352a30b-c1da-40e4-aa27-275a6b0e067f,00000000-0000-0000-0000-000000000001,b1000000-0000-0000-0000-000000000009,VH-MA-B41-0006,null,null,null,null,null,null,null,null,null,good,allocated,null,2026-04-10 22:55:29.282701+00,null,null,null,null,null,null,null,null,null,false,,null
6244d612-03f5-4c99-95a4-704a82c130e9,00000000-0000-0000-0000-000000000001,b1000000-0000-0000-0000-000000000004,VH-MW-B41-0001,null,247PULCTEU02501,Panasonic,NN-ST26JMFDG,null,null,null,null,null,good,allocated,null,2026-04-10 22:55:29.282701+00,null,null,null,null,null,null,null,null,null,false,,null
fc8c6844-22b0-4c18-9473-a5c72571d7c4,00000000-0000-0000-0000-000000000001,b1000000-0000-0000-0000-000000000003,VH-RF-B41-0001,null,null,Samsung,RR20N1Y1ZSE/HL/2019,null,null,null,null,null,good,allocated,null,2026-04-10 22:55:29.282701+00,null,null,null,null,182 Liters,null,null,null,null,false,,null
0af7f68e-537d-44e5-b4e3-9a17e2e5fd90,00000000-0000-0000-0000-000000000001,b1000000-0000-0000-0000-000000000007,VH-RO-B41-0001,null,null,Aqua Mars,null,2024-06-18,7000.00,df4e3fb8-4557-884d-f82f-c411e8707351,null,null,new,allocated,RO Replacement. No invoice - requires upload.,2026-04-10 22:55:29.282701+00,null,2024-06-18,null,Adyar Aqua House,null,null,null,null,null,true,,null
c14d5e2f-cffc-4b76-9930-a04a215c2e81,00000000-0000-0000-0000-000000000001,b1000000-0000-0000-0000-000000000024,VH-SS-B41-0001,null,null,null,null,null,null,null,null,null,good,allocated,null,2026-04-10 22:55:29.282701+00,null,null,null,null,null,null,null,null,null,false,,null
4b701e94-a825-472d-9e0d-b0821a059838,00000000-0000-0000-0000-000000000001,b1000000-0000-0000-0000-000000000011,VH-ST-B41-0001,null,null,null,null,null,null,null,null,null,good,allocated,null,2026-04-10 22:55:29.282701+00,null,null,null,null,null,null,null,null,null,false,,null
1a2da172-cefb-4274-9488-673fd887f811,00000000-0000-0000-0000-000000000001,b1000000-0000-0000-0000-000000000011,VH-ST-B41-0002,null,null,null,null,null,null,null,null,null,good,allocated,null,2026-04-10 22:55:29.282701+00,null,null,null,null,null,null,null,null,null,false,,null
5c6b7dd0-0039-4a40-a249-9ae81ab42ccb,00000000-0000-0000-0000-000000000001,b1000000-0000-0000-0000-000000000011,VH-ST-B41-0003,null,null,null,null,null,null,null,null,null,good,allocated,null,2026-04-10 22:55:29.282701+00,null,null,null,null,null,null,null,null,null,false,,null
5d09e39d-b520-4f36-8c4b-9e02e4d7a870,00000000-0000-0000-0000-000000000001,b1000000-0000-0000-0000-000000000011,VH-ST-B41-0004,null,null,null,null,null,null,null,null,null,good,allocated,null,2026-04-10 22:55:29.282701+00,null,null,null,null,null,null,null,null,null,false,,null
b07c2e02-3a06-41d1-a98e-33d3bd2c2fb7,00000000-0000-0000-0000-000000000001,b1000000-0000-0000-0000-000000000002,VH-WM-B41-0001,null,03wh5pbm504084t,Samsung,wa60m4100hy 01,null,null,null,null,null,good,allocated,null,2026-04-10 22:55:29.282701+00,null,null,null,null,null,null,null,null,null,false,,null
bc7405e1-4885-4894-83a3-f55a9d05e457,00000000-0000-0000-0000-000000000001,b1000000-0000-0000-0000-000000000022,VH-WH-B41-0001,null,19020038613736,Venus,3P30,null,null,null,null,null,good,allocated,null,2026-04-10 22:55:29.282701+00,null,null,null,null,3 lites / 3000 W/230v,null,null,null,null,false,,null
cacacd59-1ea0-4b85-b1e8-d4f00e5f6b32,00000000-0000-0000-0000-000000000001,b1000000-0000-0000-0000-000000000022,VH-WH-B41-0002,null,19020038613735,Venus,3P30,null,null,null,null,null,good,allocated,null,2026-04-10 22:55:29.282701+00,null,null,null,null,3 lites / 3000 W/230v,null,null,null,null,false,,null
c7d5eb2d-a700-47a0-a4d0-3cafe9a73716,00000000-0000-0000-0000-000000000001,b1000000-0000-0000-0000-000000000022,VH-WH-B41-0003,null,19023033513737,Venus,3P30,null,null,null,null,null,good,allocated,null,2026-04-10 22:55:29.282701+00,null,null,null,null,3 lites / 3000 W/230v,null,null,null,null,false,,null
ad75c377-9acf-491b-a138-6bf57009111c,00000000-0000-0000-0000-000000000001,b1000000-0000-0000-0000-000000000001,VH-AC-B42-0001,null,null,Vestar,VASKR123X5H/2018,null,null,null,null,null,good,allocated,null,2026-04-10 22:55:29.282701+00,null,null,null,null,null,null,null,null,null,false,,null
d6b0afc8-bfb7-42fb-8a6f-f026ee1a26e1,00000000-0000-0000-0000-000000000001,b1000000-0000-0000-0000-000000000001,VH-AC-B42-0002,null,SE190029500,Hitachi,RSG312HCDOBW,null,null,null,null,null,good,allocated,null,2026-04-10 22:55:29.282701+00,null,null,null,null,null,null,null,null,null,false,,null
32c898f1-bb0e-4759-ae8b-a79021d7b7e1,00000000-0000-0000-0000-000000000001,b1000000-0000-0000-0000-000000000001,VH-AC-B42-0003,null,null,Vestar,VASKR123X5H/2018,null,null,null,null,null,good,allocated,null,2026-04-10 22:55:29.282701+00,null,null,null,null,null,null,null,null,null,false,,null
35eb362f-8216-406f-9e55-3166a3231a6d,00000000-0000-0000-0000-000000000001,b1000000-0000-0000-0000-000000000019,VH-BS-B42-0001,null,null,null,null,null,null,null,null,null,good,allocated,null,2026-04-10 22:55:29.282701+00,null,null,null,null,null,null,null,null,null,false,,null
9c958763-2d9c-46a4-8f4e-44f491ee63ef,00000000-0000-0000-0000-000000000001,b1000000-0000-0000-0000-000000000019,VH-BS-B42-0002,null,null,null,null,null,null,null,null,null,good,allocated,null,2026-04-10 22:55:29.282701+00,null,null,null,null,null,null,null,null,null,false,,null
1d27ebfe-ce34-436a-917c-88cbf923ab8e,00000000-0000-0000-0000-000000000001,b1000000-0000-0000-0000-000000000019,VH-BS-B42-0003,null,null,null,null,null,null,null,null,null,good,allocated,null,2026-04-10 22:55:29.282701+00,null,null,null,null,null,null,null,null,null,false,,null
d22b154f-ef62-45dc-9853-1e5338ce702d,00000000-0000-0000-0000-000000000001,b1000000-0000-0000-0000-000000000019,VH-BS-B42-0004,null,null,null,null,null,null,null,null,null,good,allocated,null,2026-04-10 22:55:29.282701+00,null,null,null,null,null,null,null,null,null,false,,null
46386361-c2f6-4e4c-acdf-18a3856d3359,00000000-0000-0000-0000-000000000001,b1000000-0000-0000-0000-000000000019,VH-BS-B42-0005,null,null,null,null,null,null,null,null,null,good,allocated,null,2026-04-10 22:55:29.282701+00,null,null,null,null,null,null,null,null,null,false,,null
a625556f-aa22-4aef-ab94-d6aa22590675,00000000-0000-0000-0000-000000000001,b1000000-0000-0000-0000-000000000021,VH-CH-B42-0001,null,null,null,null,null,null,null,null,null,good,allocated,null,2026-04-10 22:55:29.282701+00,null,null,null,null,null,null,null,null,null,false,,null
a80932c3-b167-438a-9982-7915d8b15316,00000000-0000-0000-0000-000000000001,b1000000-0000-0000-0000-000000000021,VH-CH-B42-0002,null,null,null,null,null,null,null,null,null,good,allocated,null,2026-04-10 22:55:29.282701+00,null,null,null,null,null,null,null,null,null,false,,null
098fb593-50f3-40cc-b8a8-aa9b74a55140,00000000-0000-0000-0000-000000000001,b1000000-0000-0000-0000-000000000021,VH-CH-B42-0003,null,null,null,null,null,null,null,null,null,good,allocated,null,2026-04-10 22:55:29.282701+00,null,null,null,null,null,null,null,null,null,false,,null
b0bed498-97c5-4cf5-8d88-b49b08049f5d,00000000-0000-0000-0000-000000000001,b1000000-0000-0000-0000-000000000021,VH-CH-B42-0004,null,null,null,null,null,null,null,null,null,good,allocated,null,2026-04-10 22:55:29.282701+00,null,null,null,null,null,null,null,null,null,false,,null
f58d98a6-8140-4810-b1d7-061beb5fd095,00000000-0000-0000-0000-000000000001,b1000000-0000-0000-0000-000000000008,VH-CO-B42-0001,null,null,null,null,null,null,null,null,null,good,allocated,null,2026-04-10 22:55:29.282701+00,null,null,null,null,null,null,null,null,null,false,,null
a528d0c8-fdd5-498e-8aa7-c815480fdacc,00000000-0000-0000-0000-000000000001,b1000000-0000-0000-0000-000000000008,VH-CO-B42-0002,null,null,null,null,null,null,null,null,null,good,allocated,null,2026-04-10 22:55:29.282701+00,null,null,null,null,null,null,null,null,null,false,,null
8c5c5736-64f8-4847-a7cf-d6247a7fcd3a,00000000-0000-0000-0000-000000000001,b1000000-0000-0000-0000-000000000008,VH-CO-B42-0003,null,null,null,null,null,null,null,null,null,good,allocated,null,2026-04-10 22:55:29.282701+00,null,null,null,null,null,null,null,null,null,false,,null
11ddf318-7a60-4733-aa59-3917b7ea82b5,00000000-0000-0000-0000-000000000001,b1000000-0000-0000-0000-000000000008,VH-CO-B42-0004,null,null,null,null,null,null,null,null,null,good,allocated,null,2026-04-10 22:55:29.282701+00,null,null,null,null,null,null,null,null,null,false,,null
d5c5230e-4443-4198-bf91-6ac6d33434ad,00000000-0000-0000-0000-000000000001,b1000000-0000-0000-0000-000000000008,VH-CO-B42-0005,null,null,null,null,null,null,null,null,null,good,allocated,null,2026-04-10 22:55:29.282701+00,null,null,null,null,null,null,null,null,null,false,,null
4c2a4a38-3f00-4c96-9168-3755931b1a7a,00000000-0000-0000-0000-000000000001,c9000001-0000-0000-0000-000000000001,VH-CB-B42-0001,null,null,null,null,null,null,null,null,null,good,allocated,null,2026-04-10 22:55:29.282701+00,null,null,null,null,null,null,null,null,null,false,,null
e90136a2-ecaa-4438-b1c4-80cee5005e51,00000000-0000-0000-0000-000000000001,c9000001-0000-0000-0000-000000000001,VH-CB-B42-0002,null,null,null,null,null,null,null,null,null,good,allocated,null,2026-04-10 22:55:29.282701+00,null,null,null,null,null,null,null,null,null,false,,null
5fcf6db2-7d8e-4ca8-a423-6506e0233127,00000000-0000-0000-0000-000000000001,c9000001-0000-0000-0000-000000000001,VH-CB-B42-0003,null,null,null,null,null,null,null,null,null,good,allocated,null,2026-04-10 22:55:29.282701+00,null,null,null,null,null,null,null,null,null,false,,null
71f80c08-2700-4b15-afe2-8e94f1d739f5,00000000-0000-0000-0000-000000000001,c9000001-0000-0000-0000-000000000001,VH-CB-B42-0004,null,null,null,null,null,null,null,null,null,good,allocated,null,2026-04-10 22:55:29.282701+00,null,null,null,null,null,null,null,null,null,false,,null
34e4d0a1-6104-4c14-b13e-b583201226ef,00000000-0000-0000-0000-000000000001,c9000001-0000-0000-0000-000000000001,VH-CB-B42-0005,null,null,null,null,null,null,null,null,null,good,allocated,null,2026-04-10 22:55:29.282701+00,null,null,null,null,null,null,null,null,null,false,,null
d75e7051-851d-4ba7-8ffe-431d443590ca,00000000-0000-0000-0000-000000000001,b1000000-0000-0000-0000-000000000013,VH-DT-B42-0001,null,null,null,null,null,null,null,null,null,good,allocated,null,2026-04-10 22:55:29.282701+00,null,null,null,null,null,null,null,null,null,false,,null
8e1ba219-6bc7-43ce-89cd-ab40b84ad7fb,00000000-0000-0000-0000-000000000001,b1000000-0000-0000-0000-000000000020,VH-FN-B42-0001,null,null,null,null,null,null,null,null,null,good,allocated,null,2026-04-10 22:55:29.282701+00,null,null,null,null,null,null,null,null,null,false,,null
63478105-cb45-42c7-a539-896abd5618d4,00000000-0000-0000-0000-000000000001,b1000000-0000-0000-0000-000000000020,VH-FN-B42-0002,null,null,null,null,null,null,null,null,null,good,allocated,null,2026-04-10 22:55:29.282701+00,null,null,null,null,null,null,null,null,null,false,,null
5255813b-afa8-4222-9151-d1b9ecbf3f06,00000000-0000-0000-0000-000000000001,b1000000-0000-0000-0000-000000000020,VH-FN-B42-0003,null,null,null,null,null,null,null,null,null,good,allocated,null,2026-04-10 22:55:29.282701+00,null,null,null,null,null,null,null,null,null,false,,null
afee8099-1dee-4d1b-a78d-12c1d9dbff2a,00000000-0000-0000-0000-000000000001,b1000000-0000-0000-0000-000000000020,VH-FN-B42-0004,null,null,null,null,null,null,null,null,null,good,allocated,null,2026-04-10 22:55:29.282701+00,null,null,null,null,null,null,null,null,null,false,,null
03e622a3-2d0a-4e50-aa51-2e4e3d4be132,00000000-0000-0000-0000-000000000001,b1000000-0000-0000-0000-000000000005,VH-IS-B42-0001,null,E201012256971,Bajaj,MAJESTY SLIM,null,null,null,null,null,good,allocated,null,2026-04-10 22:55:29.282701+00,null,null,null,null,null,null,null,null,null,false,,null
50bb456b-b3ae-4482-b305-26ca52681629,00000000-0000-0000-0000-000000000001,b1000000-0000-0000-0000-000000000009,VH-MA-B42-0001,null,null,null,null,null,null,null,null,null,good,allocated,null,2026-04-10 22:55:29.282701+00,null,null,null,null,null,null,null,null,null,false,,null
f0dbb86d-ecab-4fe2-b135-b21b6c52e265,00000000-0000-0000-0000-000000000001,b1000000-0000-0000-0000-000000000009,VH-MA-B42-0002,null,null,null,null,null,null,null,null,null,good,allocated,null,2026-04-10 22:55:29.282701+00,null,null,null,null,null,null,null,null,null,false,,null
2e477ae3-b641-4f2e-b4c8-3b9e7bfb40f1,00000000-0000-0000-0000-000000000001,b1000000-0000-0000-0000-000000000009,VH-MA-B42-0003,null,null,null,null,null,null,null,null,null,new,allocated,null,2026-04-10 22:55:29.282701+00,null,null,null,null,null,null,null,null,null,false,,null
67c1c106-caea-4310-9444-89e1c2ad0d37,00000000-0000-0000-0000-000000000001,b1000000-0000-0000-0000-000000000009,VH-MA-B42-0004,null,null,null,null,null,null,null,null,null,new,allocated,null,2026-04-10 22:55:29.282701+00,null,null,null,null,null,null,null,null,null,false,,null
1974b778-be5b-4985-ad58-810152114072,00000000-0000-0000-0000-000000000001,b1000000-0000-0000-0000-000000000009,VH-MA-B42-0005,null,null,null,null,null,null,null,null,null,good,allocated,null,2026-04-10 22:55:29.282701+00,null,null,null,null,null,null,null,null,null,false,,null
c1f58612-6190-430f-8769-275e07c13f55,00000000-0000-0000-0000-000000000001,b1000000-0000-0000-0000-000000000004,VH-MW-B42-0001,null,0CDM7WDW200588L,Samsung,MG23A3515AK/TL,null,null,null,null,null,good,allocated,null,2026-04-10 22:55:29.282701+00,null,null,null,null,null,null,null,null,null,false,,null
55fe15de-f098-4f51-a9b5-906665b9996b,00000000-0000-0000-0000-000000000001,b1000000-0000-0000-0000-000000000003,VH-RF-B42-0001,null,null,Croma,CRAR0216/2019,null,null,null,null,null,good,allocated,null,2026-04-10 22:55:29.282701+00,null,null,null,null,182-Litre,null,null,null,null,false,,null
16c5c8dd-f976-48b6-b996-a134ac6c81a7,00000000-0000-0000-0000-000000000001,b1000000-0000-0000-0000-000000000007,VH-RO-B42-0001,null,null,Aqua Mars,null,2025-11-07,7000.00,df4e3fb8-4557-884d-f82f-c411e8707351,null,null,new,allocated,RO Replacement. Bill number available.,2026-04-10 22:55:29.282701+00,2018,2025-11-07,null,Adyar Aqua House,null,null,null,null,null,false,,null
700c21dc-9828-423e-a27d-aa9aa51bdd2f,00000000-0000-0000-0000-000000000001,b1000000-0000-0000-0000-000000000024,VH-SS-B42-0001,null,null,null,null,null,null,null,null,null,good,allocated,null,2026-04-10 22:55:29.282701+00,null,null,null,null,null,null,null,null,null,false,,null
25c3b70b-9f25-47d0-80aa-f47af8bbae00,00000000-0000-0000-0000-000000000001,b1000000-0000-0000-0000-000000000012,VH-SF-B42-0001,null,null,null,null,null,null,null,null,null,good,allocated,null,2026-04-10 22:55:29.282701+00,null,null,null,null,null,null,null,null,null,false,,null
2090b006-fc59-4cd9-8445-ed44e8cd133b,00000000-0000-0000-0000-000000000001,b1000000-0000-0000-0000-000000000011,VH-ST-B42-0001,null,null,null,null,null,null,null,null,null,good,allocated,null,2026-04-10 22:55:29.282701+00,null,null,null,null,null,null,null,null,null,false,,null
5fcad72b-6837-462a-be78-1060127d86d9,00000000-0000-0000-0000-000000000001,b1000000-0000-0000-0000-000000000011,VH-ST-B42-0002,null,null,null,null,null,null,null,null,null,good,allocated,null,2026-04-10 22:55:29.282701+00,null,null,null,null,null,null,null,null,null,false,,null
4b055482-1be4-4cc9-80a4-2040c66638d2,00000000-0000-0000-0000-000000000001,b1000000-0000-0000-0000-000000000011,VH-ST-B42-0003,null,null,null,null,null,null,null,null,null,good,allocated,null,2026-04-10 22:55:29.282701+00,null,null,null,null,null,null,null,null,null,false,,null
7ebd2e55-880b-4dbb-9644-fb480dc69cbe,00000000-0000-0000-0000-000000000001,b1000000-0000-0000-0000-000000000026,VH-TV-B42-0001,null,null,null,null,null,null,null,null,null,good,allocated,null,2026-04-10 22:55:29.282701+00,null,null,null,null,null,null,null,null,null,false,,null
8ac38fac-21c5-437c-b041-d35aa66d955d,00000000-0000-0000-0000-000000000001,b1000000-0000-0000-0000-000000000002,VH-WM-B42-0001,null,03WH5PBMA03639W,Samsung,WA60M4100HY 01,null,null,null,null,null,good,allocated,null,2026-04-10 22:55:29.282701+00,null,null,null,null,6kG,null,null,null,null,false,,null
5a1e1a76-50d6-41f9-af23-dddff1960809,00000000-0000-0000-0000-000000000001,b1000000-0000-0000-0000-000000000022,VH-WH-B42-0001,null,18090038608132,Venus,3P30,null,null,null,null,null,good,allocated,null,2026-04-10 22:55:29.282701+00,null,null,null,null,3 lites / 3000 W/230v,null,null,null,null,false,,null
a24f0d8d-efd9-4dec-ab1c-a0c615e45db5,00000000-0000-0000-0000-000000000001,b1000000-0000-0000-0000-000000000022,VH-WH-B42-0002,null,18090038608134,Venus,3P30,null,null,null,null,null,good,allocated,null,2026-04-10 22:55:29.282701+00,null,null,null,null,3 lites / 3000 W/230v,null,null,null,null,false,,null
e033fe7f-dc31-46f7-9723-cce3793a1cca,00000000-0000-0000-0000-000000000001,b1000000-0000-0000-0000-000000000001,VH-AC-B43-0001,null,A2551R03146,Vestar,VASKR123X5H,null,null,null,null,null,good,allocated,null,2026-04-10 22:55:29.282701+00,null,null,null,null,null,null,null,null,null,false,,null
c32e31b0-0954-4a6b-930a-75b8931fc9c2,00000000-0000-0000-0000-000000000001,b1000000-0000-0000-0000-000000000001,VH-AC-B43-0002,null,SE190O29475,Hitachi,RSG312HCD0BW,null,null,null,null,null,good,allocated,null,2026-04-10 22:55:29.282701+00,null,null,null,null,null,null,null,null,null,false,,null
bb236be0-2a55-43fa-b798-b41eb5132d2d,00000000-0000-0000-0000-000000000001,b1000000-0000-0000-0000-000000000001,VH-AC-B43-0003,null,500785439243000000,Camiro,Campt-12C,null,null,null,null,null,good,allocated,null,2026-04-10 22:55:29.282701+00,null,null,null,null,null,null,null,null,null,false,,null
6cefc6da-cbc2-463f-a8ae-7f87b066497d,00000000-0000-0000-0000-000000000001,b1000000-0000-0000-0000-000000000019,VH-BS-B43-0001,null,null,null,null,null,null,null,null,null,good,allocated,null,2026-04-10 22:55:29.282701+00,null,null,null,null,null,null,null,null,null,false,,null
6eda6c3d-1ec3-4341-9ce9-3bea1aeed91d,00000000-0000-0000-0000-000000000001,b1000000-0000-0000-0000-000000000019,VH-BS-B43-0002,null,null,null,null,null,null,null,null,null,good,allocated,null,2026-04-10 22:55:29.282701+00,null,null,null,null,null,null,null,null,null,false,,null
3392ce00-cd0c-4863-9a47-3e7a49584d77,00000000-0000-0000-0000-000000000001,b1000000-0000-0000-0000-000000000019,VH-BS-B43-0003,null,null,null,null,null,null,null,null,null,good,allocated,null,2026-04-10 22:55:29.282701+00,null,null,null,null,null,null,null,null,null,false,,null
77f433f5-c916-4ced-a9cd-21f86a57e5de,00000000-0000-0000-0000-000000000001,b1000000-0000-0000-0000-000000000019,VH-BS-B43-0004,null,null,null,null,null,null,null,null,null,good,allocated,null,2026-04-10 22:55:29.282701+00,null,null,null,null,null,null,null,null,null,false,,null
bbdc672a-e635-4f90-8eac-7cc9ea2225ff,00000000-0000-0000-0000-000000000001,b1000000-0000-0000-0000-000000000019,VH-BS-B43-0005,null,null,null,null,null,null,null,null,null,good,allocated,null,2026-04-10 22:55:29.282701+00,null,null,null,null,null,null,null,null,null,false,,null
c36ce42d-feed-41c4-b723-83819147fac7,00000000-0000-0000-0000-000000000001,b1000000-0000-0000-0000-000000000021,VH-CH-B43-0001,null,null,null,null,null,null,null,null,null,good,allocated,null,2026-04-10 22:55:29.282701+00,null,null,null,null,null,null,null,null,null,false,,null
03cff3a9-01e6-4142-a367-88cb35c9b969,00000000-0000-0000-0000-000000000001,b1000000-0000-0000-0000-000000000021,VH-CH-B43-0002,null,null,null,null,null,null,null,null,null,good,allocated,null,2026-04-10 22:55:29.282701+00,null,null,null,null,null,null,null,null,null,false,,null
9dca778b-0edb-4898-95fe-23769d7dfb21,00000000-0000-0000-0000-000000000001,b1000000-0000-0000-0000-000000000021,VH-CH-B43-0003,null,null,null,null,null,null,null,null,null,good,allocated,null,2026-04-10 22:55:29.282701+00,null,null,null,null,null,null,null,null,null,false,,null
fab34eeb-98e9-46f5-b9f0-d7176839b2ec,00000000-0000-0000-0000-000000000001,b1000000-0000-0000-0000-000000000021,VH-CH-B43-0004,null,null,null,null,null,null,null,null,null,good,allocated,null,2026-04-10 22:55:29.282701+00,null,null,null,null,null,null,null,null,null,false,,null
a0ec0182-c484-4f03-b5c6-be2adaf1a686,00000000-0000-0000-0000-000000000001,b1000000-0000-0000-0000-000000000008,VH-CO-B43-0001,null,null,null,null,null,null,null,null,null,good,allocated,null,2026-04-10 22:55:29.282701+00,null,null,null,null,null,null,null,null,null,false,,null
fc002b3d-8e01-4321-b31b-f5935107966b,00000000-0000-0000-0000-000000000001,b1000000-0000-0000-0000-000000000008,VH-CO-B43-0002,null,null,null,null,null,null,null,null,null,good,allocated,null,2026-04-10 22:55:29.282701+00,null,null,null,null,null,null,null,null,null,false,,null
db8d1a3c-7a73-438b-9734-7e891f7094af,00000000-0000-0000-0000-000000000001,b1000000-0000-0000-0000-000000000008,VH-CO-B43-0003,null,null,null,null,null,null,null,null,null,good,allocated,null,2026-04-10 22:55:29.282701+00,null,null,null,null,null,null,null,null,null,false,,null
bcb860d2-ad53-42fc-ae69-dfbcb58dcb49,00000000-0000-0000-0000-000000000001,b1000000-0000-0000-0000-000000000008,VH-CO-B43-0004,null,null,null,null,null,null,null,null,null,good,allocated,null,2026-04-10 22:55:29.282701+00,null,null,null,null,null,null,null,null,null,false,,null
00b15e63-8df1-4d65-9cd3-14eb0091e8fc,00000000-0000-0000-0000-000000000001,b1000000-0000-0000-0000-000000000008,VH-CO-B43-0005,null,null,null,null,null,null,null,null,null,good,allocated,null,2026-04-10 22:55:29.282701+00,null,null,null,null,null,null,null,null,null,false,,null
b81ac54c-7b3d-44e4-9c81-31edee0b037a,00000000-0000-0000-0000-000000000001,c9000001-0000-0000-0000-000000000001,VH-CB-B43-0001,null,null,null,null,null,null,null,null,null,good,allocated,null,2026-04-10 22:55:29.282701+00,null,null,null,null,null,null,null,null,null,false,,null
0967fd74-fd2c-4539-b4b1-7cb49990aef4,00000000-0000-0000-0000-000000000001,c9000001-0000-0000-0000-000000000001,VH-CB-B43-0002,null,null,null,null,null,null,null,null,null,good,allocated,null,2026-04-10 22:55:29.282701+00,null,null,null,null,null,null,null,null,null,false,,null
5ebc4c5e-583f-43b8-916b-3dcd19c0e183,00000000-0000-0000-0000-000000000001,c9000001-0000-0000-0000-000000000001,VH-CB-B43-0003,null,null,null,null,null,null,null,null,null,good,allocated,null,2026-04-10 22:55:29.282701+00,null,null,null,null,null,null,null,null,null,false,,null
d9b090f2-7f0c-4739-86aa-d438a804da23,00000000-0000-0000-0000-000000000001,c9000001-0000-0000-0000-000000000001,VH-CB-B43-0004,null,null,null,null,null,null,null,null,null,good,allocated,null,2026-04-10 22:55:29.282701+00,null,null,null,null,null,null,null,null,null,false,,null
33c595eb-aaed-4c4f-9aed-df79764301d2,00000000-0000-0000-0000-000000000001,c9000001-0000-0000-0000-000000000001,VH-CB-B43-0005,null,null,null,null,null,null,null,null,null,good,allocated,null,2026-04-10 22:55:29.282701+00,null,null,null,null,null,null,null,null,null,false,,null
d415fabb-19cb-4b3a-baf2-b767da51638f,00000000-0000-0000-0000-000000000001,b1000000-0000-0000-0000-000000000013,VH-DT-B43-0001,null,null,null,null,null,null,null,null,null,good,allocated,null,2026-04-10 22:55:29.282701+00,null,null,null,null,null,null,null,null,null,false,,null
3005c67a-dd3b-4a53-a457-4b155602758d,00000000-0000-0000-0000-000000000001,b1000000-0000-0000-0000-000000000020,VH-FN-B43-0001,null,null,null,null,null,null,null,null,null,good,allocated,null,2026-04-10 22:55:29.282701+00,null,null,null,null,null,null,null,null,null,false,,null
8708cb71-d743-477b-9c87-6670912b0e75,00000000-0000-0000-0000-000000000001,b1000000-0000-0000-0000-000000000020,VH-FN-B43-0002,null,null,null,null,null,null,null,null,null,good,allocated,null,2026-04-10 22:55:29.282701+00,null,null,null,null,null,null,null,null,null,false,,null
8906598f-8e6d-425b-9b02-970790d80f97,00000000-0000-0000-0000-000000000001,b1000000-0000-0000-0000-000000000020,VH-FN-B43-0003,null,null,null,null,null,null,null,null,null,good,allocated,null,2026-04-10 22:55:29.282701+00,null,null,null,null,null,null,null,null,null,false,,null
daa0a7b2-b2a7-43bc-a680-04ec813f98e4,00000000-0000-0000-0000-000000000001,b1000000-0000-0000-0000-000000000020,VH-FN-B43-0004,null,null,null,null,null,null,null,null,null,good,allocated,null,2026-04-10 22:55:29.282701+00,null,null,null,null,null,null,null,null,null,false,,null
4047a701-4994-43bc-9d29-d2760582f964,00000000-0000-0000-0000-000000000001,b1000000-0000-0000-0000-000000000005,VH-IS-B43-0001,null,E201072115834,Bajaj,Majesty Slim,null,null,null,null,null,good,allocated,null,2026-04-10 22:55:29.282701+00,null,null,null,null,null,null,null,null,null,false,,null
d82667f7-5080-43ff-83d2-0204c1c94dfc,00000000-0000-0000-0000-000000000001,b1000000-0000-0000-0000-000000000009,VH-MA-B43-0001,null,null,null,null,null,null,null,null,null,new,allocated,null,2026-04-10 22:55:29.282701+00,null,null,null,null,null,null,null,null,null,false,,null
63704af6-b3ea-4ce1-86a1-99d81f36ea95,00000000-0000-0000-0000-000000000001,b1000000-0000-0000-0000-000000000009,VH-MA-B43-0002,null,null,null,null,null,null,null,null,null,good,allocated,null,2026-04-10 22:55:29.282701+00,null,null,null,null,null,null,null,null,null,false,,null
03488726-86aa-4030-a7a9-8d61ad714db5,00000000-0000-0000-0000-000000000001,b1000000-0000-0000-0000-000000000009,VH-MA-B43-0003,null,null,null,null,null,null,null,null,null,good,allocated,null,2026-04-10 22:55:29.282701+00,null,null,null,null,null,null,null,null,null,false,,null
7f190965-9ca2-4541-bcd5-3d7eb3c5263c,00000000-0000-0000-0000-000000000001,b1000000-0000-0000-0000-000000000009,VH-MA-B43-0004,null,null,null,null,null,null,null,null,null,new,allocated,null,2026-04-10 22:55:29.282701+00,null,null,null,null,null,null,null,null,null,false,,null
ab5fad8f-d21b-44ae-b392-fab608a40bac,00000000-0000-0000-0000-000000000001,b1000000-0000-0000-0000-000000000009,VH-MA-B43-0005,null,null,null,null,null,null,null,null,null,new,allocated,null,2026-04-10 22:55:29.282701+00,null,null,null,null,null,null,null,null,null,false,,null
680347d0-037d-404c-a41e-cc37890a12ea,00000000-0000-0000-0000-000000000001,b1000000-0000-0000-0000-000000000004,VH-MW-B43-0001,null,5008180815020540,IFB,17PM-MEC1,null,null,null,null,null,good,allocated,null,2026-04-10 22:55:29.282701+00,null,null,null,null,null,null,null,null,null,false,,null
e2dad993-c28f-4aae-843b-f233b1ccf7ff,00000000-0000-0000-0000-000000000001,b1000000-0000-0000-0000-000000000003,VH-RF-B43-0001,null,null,Haier,HRD-1703/2018,null,null,null,null,null,good,allocated,null,2026-04-10 22:55:29.282701+00,null,null,null,null,163-L,null,null,null,null,false,,null
c44baed9-eb09-45bc-ab4d-eaba9a19d7ff,00000000-0000-0000-0000-000000000001,b1000000-0000-0000-0000-000000000007,VH-RO-B43-0001,null,null,Aqua Mars,null,2024-08-02,7000.00,df4e3fb8-4557-884d-f82f-c411e8707351,null,null,good,allocated,RO Replacement. No invoice - requires upload.,2026-04-10 22:55:29.282701+00,null,2024-08-02,null,Adyar Aqua House,null,null,null,null,null,true,,null
7cca3533-5cab-4eb4-8941-f16ba73f0405,00000000-0000-0000-0000-000000000001,b1000000-0000-0000-0000-000000000024,VH-SS-B43-0001,null,null,null,null,null,null,null,null,null,good,allocated,null,2026-04-10 22:55:29.282701+00,null,null,null,null,null,null,null,null,null,false,,null
e51e986d-4c16-4636-b8ed-a8f2943df9d3,00000000-0000-0000-0000-000000000001,b1000000-0000-0000-0000-000000000012,VH-SF-B43-0001,null,null,null,null,null,null,null,null,null,good,allocated,null,2026-04-10 22:55:29.282701+00,null,null,null,null,null,null,null,null,null,false,,null
894bdccc-f132-4f9c-8adb-35d22c08da54,00000000-0000-0000-0000-000000000001,b1000000-0000-0000-0000-000000000011,VH-ST-B43-0001,null,null,null,null,null,null,null,null,null,good,allocated,null,2026-04-10 22:55:29.282701+00,null,null,null,null,null,null,null,null,null,false,,null
1733228a-f508-4b1e-aa0a-6c342c48fe6e,00000000-0000-0000-0000-000000000001,b1000000-0000-0000-0000-000000000011,VH-ST-B43-0002,null,null,null,null,null,null,null,null,null,good,allocated,null,2026-04-10 22:55:29.282701+00,null,null,null,null,null,null,null,null,null,false,,null
20fae8ef-0ff7-410d-a114-9b32b366c673,00000000-0000-0000-0000-000000000001,b1000000-0000-0000-0000-000000000011,VH-ST-B43-0003,null,null,null,null,null,null,null,null,null,good,allocated,null,2026-04-10 22:55:29.282701+00,null,null,null,null,null,null,null,null,null,false,,null
1f48d7c6-26ad-44dc-9529-4a186d6aa56d,00000000-0000-0000-0000-000000000001,b1000000-0000-0000-0000-000000000002,VH-WM-B43-0001,null,03WH5PBM504084T,Samsung,WA60M4100HY 01,null,null,null,null,null,good,allocated,null,2026-04-10 22:55:29.282701+00,null,null,null,null,null,null,null,null,null,false,,null
d48ea955-7f36-4a33-941d-11b1c50af761,00000000-0000-0000-0000-000000000001,b1000000-0000-0000-0000-000000000022,VH-WH-B43-0001,null,18090038608136,Venus,3P30,null,null,null,null,null,good,allocated,null,2026-04-10 22:55:29.282701+00,null,null,null,null,3 lites / 3000 W/230v,null,null,null,null,false,,null
eea44658-d1a6-4d79-8fa4-bf8c9eb7c508,00000000-0000-0000-0000-000000000001,b1000000-0000-0000-0000-000000000022,VH-WH-B43-0002,null,18090038608137,Venus,3P30,null,null,null,null,null,good,allocated,null,2026-04-10 22:55:29.282701+00,null,null,null,null,3 lites / 3000 W/230v,null,null,null,null,false,,null
50fccbdd-9c3e-407c-ace9-47dd457a3b4d,00000000-0000-0000-0000-000000000001,b1000000-0000-0000-0000-000000000001,VH-AC-B44-0001,null,null,Vestar,VASKR123X5H/2018,null,null,null,null,null,good,allocated,null,2026-04-10 22:55:29.282701+00,null,null,null,null,null,null,null,null,null,false,,null
a84c1a18-cffc-45bf-b987-a85bdf1a6753,00000000-0000-0000-0000-000000000001,b1000000-0000-0000-0000-000000000001,VH-AC-B44-0002,null,A2551R03192,Vestar,VASKR123X5H,null,null,null,null,null,good,allocated,null,2026-04-10 22:55:29.282701+00,null,null,null,null,null,null,null,null,null,false,,null
99d778f7-c033-4e7f-b205-35213a9877d6,00000000-0000-0000-0000-000000000001,b1000000-0000-0000-0000-000000000001,VH-AC-B44-0003,null,A2551R03272,Vestar,VASKR123X5H,null,null,null,null,null,good,allocated,null,2026-04-10 22:55:29.282701+00,null,null,null,null,null,null,null,null,null,false,,null
f9722453-5e01-42fb-b088-8ceef1daa75e,00000000-0000-0000-0000-000000000001,b1000000-0000-0000-0000-000000000019,VH-BS-B44-0001,null,null,null,null,null,null,null,null,null,good,allocated,null,2026-04-10 22:55:29.282701+00,null,null,null,null,null,null,null,null,null,false,,null
58a5706c-2b32-4d8b-9d3f-c6bd51526533,00000000-0000-0000-0000-000000000001,b1000000-0000-0000-0000-000000000019,VH-BS-B44-0002,null,null,null,null,null,null,null,null,null,good,allocated,null,2026-04-10 22:55:29.282701+00,null,null,null,null,null,null,null,null,null,false,,null
5db5f513-e5ff-4829-9cd9-f7f6ff76a95d,00000000-0000-0000-0000-000000000001,b1000000-0000-0000-0000-000000000019,VH-BS-B44-0003,null,null,null,null,null,null,null,null,null,good,allocated,null,2026-04-10 22:55:29.282701+00,null,null,null,null,null,null,null,null,null,false,,null
3d7977af-be81-44c7-9d52-123d4fd823a0,00000000-0000-0000-0000-000000000001,b1000000-0000-0000-0000-000000000019,VH-BS-B44-0004,null,null,null,null,null,null,null,null,null,good,allocated,null,2026-04-10 22:55:29.282701+00,null,null,null,null,null,null,null,null,null,false,,null
06195c8b-eee5-4aa3-955b-03ed5d35cf74,00000000-0000-0000-0000-000000000001,b1000000-0000-0000-0000-000000000019,VH-BS-B44-0005,null,null,null,null,null,null,null,null,null,good,allocated,null,2026-04-10 22:55:29.282701+00,null,null,null,null,null,null,null,null,null,false,,null
f12f6f21-4e48-4951-b2b6-72b87178190e,00000000-0000-0000-0000-000000000001,b1000000-0000-0000-0000-000000000021,VH-CH-B44-0001,null,null,null,null,null,null,null,null,null,good,allocated,null,2026-04-10 22:55:29.282701+00,null,null,null,null,null,null,null,null,null,false,,null
5ff12dae-9fd4-43dd-b91b-9a1ff354e683,00000000-0000-0000-0000-000000000001,b1000000-0000-0000-0000-000000000021,VH-CH-B44-0002,null,null,null,null,null,null,null,null,null,good,allocated,null,2026-04-10 22:55:29.282701+00,null,null,null,null,null,null,null,null,null,false,,null
d13c8816-1f9d-4f2e-b72f-1b7a5343e950,00000000-0000-0000-0000-000000000001,b1000000-0000-0000-0000-000000000021,VH-CH-B44-0003,null,null,null,null,null,null,null,null,null,good,allocated,null,2026-04-10 22:55:29.282701+00,null,null,null,null,null,null,null,null,null,false,,null
a693590f-e184-4e7f-8f0f-f73331148865,00000000-0000-0000-0000-000000000001,b1000000-0000-0000-0000-000000000021,VH-CH-B44-0004,null,null,null,null,null,null,null,null,null,good,allocated,null,2026-04-10 22:55:29.282701+00,null,null,null,null,null,null,null,null,null,false,,null
c2d8e1f9-10b7-4aaa-8a07-a5f8f11790f6,00000000-0000-0000-0000-000000000001,b1000000-0000-0000-0000-000000000008,VH-CO-B44-0001,null,null,null,null,null,null,null,null,null,good,allocated,null,2026-04-10 22:55:29.282701+00,null,null,null,null,null,null,null,null,null,false,,null
1b18f88c-8f4c-45c1-bf3d-4952c8a321b7,00000000-0000-0000-0000-000000000001,b1000000-0000-0000-0000-000000000008,VH-CO-B44-0002,null,null,null,null,null,null,null,null,null,good,allocated,null,2026-04-10 22:55:29.282701+00,null,null,null,null,null,null,null,null,null,false,,null
5ad275d8-7e58-4941-80e5-e16a05d16f48,00000000-0000-0000-0000-000000000001,b1000000-0000-0000-0000-000000000008,VH-CO-B44-0003,null,null,null,null,null,null,null,null,null,good,allocated,null,2026-04-10 22:55:29.282701+00,null,null,null,null,null,null,null,null,null,false,,null
94d08aa2-76fc-41ff-b53f-40898f292c10,00000000-0000-0000-0000-000000000001,b1000000-0000-0000-0000-000000000008,VH-CO-B44-0004,null,null,null,null,null,null,null,null,null,good,allocated,null,2026-04-10 22:55:29.282701+00,null,null,null,null,null,null,null,null,null,false,,null
f6124fdc-65be-440f-b5e3-60951a3b7528,00000000-0000-0000-0000-000000000001,b1000000-0000-0000-0000-000000000008,VH-CO-B44-0005,null,null,null,null,null,null,null,null,null,good,allocated,null,2026-04-10 22:55:29.282701+00,null,null,null,null,null,null,null,null,null,false,,null
9c58b14f-c26e-4c3d-b71a-31dd1fe5c1f6,00000000-0000-0000-0000-000000000001,c9000001-0000-0000-0000-000000000001,VH-CB-B44-0001,null,null,null,null,null,null,null,null,null,good,allocated,null,2026-04-10 22:55:29.282701+00,null,null,null,null,null,null,null,null,null,false,,null
ea842ca8-3beb-44f3-9159-32494159c1d3,00000000-0000-0000-0000-000000000001,c9000001-0000-0000-0000-000000000001,VH-CB-B44-0002,null,null,null,null,null,null,null,null,null,good,allocated,null,2026-04-10 22:55:29.282701+00,null,null,null,null,null,null,null,null,null,false,,null
d4ef0351-b677-47de-b3df-023721ed2853,00000000-0000-0000-0000-000000000001,c9000001-0000-0000-0000-000000000001,VH-CB-B44-0003,null,null,null,null,null,null,null,null,null,good,allocated,null,2026-04-10 22:55:29.282701+00,null,null,null,null,null,null,null,null,null,false,,null
7a811591-f266-44c0-9c37-641948291c8b,00000000-0000-0000-0000-000000000001,c9000001-0000-0000-0000-000000000001,VH-CB-B44-0004,null,null,null,null,null,null,null,null,null,good,allocated,null,2026-04-10 22:55:29.282701+00,null,null,null,null,null,null,null,null,null,false,,null
6a7459f1-367c-481e-b774-dd20c5f07eb6,00000000-0000-0000-0000-000000000001,c9000001-0000-0000-0000-000000000001,VH-CB-B44-0005,null,null,null,null,null,null,null,null,null,good,allocated,null,2026-04-10 22:55:29.282701+00,null,null,null,null,null,null,null,null,null,false,,null
711d3ed1-3264-4a9a-bb31-fa5f7027e0fa,00000000-0000-0000-0000-000000000001,b1000000-0000-0000-0000-000000000013,VH-DT-B44-0001,null,null,null,null,null,null,null,null,null,good,allocated,null,2026-04-10 22:55:29.282701+00,null,null,null,null,null,null,null,null,null,false,,null
453fb961-9969-497b-958e-0d539c10ee8f,00000000-0000-0000-0000-000000000001,b1000000-0000-0000-0000-000000000020,VH-FN-B44-0001,null,null,null,null,null,null,null,null,null,good,allocated,null,2026-04-10 22:55:29.282701+00,null,null,null,null,null,null,null,null,null,false,,null
b9946d2d-f501-45d7-a5ac-b01a089c7f80,00000000-0000-0000-0000-000000000001,b1000000-0000-0000-0000-000000000020,VH-FN-B44-0002,null,null,null,null,null,null,null,null,null,good,allocated,null,2026-04-10 22:55:29.282701+00,null,null,null,null,null,null,null,null,null,false,,null
e9b3ee0b-2542-4494-bbec-af30b46f14d4,00000000-0000-0000-0000-000000000001,b1000000-0000-0000-0000-000000000020,VH-FN-B44-0003,null,null,null,null,null,null,null,null,null,good,allocated,null,2026-04-10 22:55:29.282701+00,null,null,null,null,null,null,null,null,null,false,,null
67614d38-51d8-4af6-be06-c3bdc547b92c,00000000-0000-0000-0000-000000000001,b1000000-0000-0000-0000-000000000020,VH-FN-B44-0004,null,null,null,null,null,null,null,null,null,good,allocated,null,2026-04-10 22:55:29.282701+00,null,null,null,null,null,null,null,null,null,false,,null
d3259d57-da07-4fdb-b45f-18a033ec34ca,00000000-0000-0000-0000-000000000001,b1000000-0000-0000-0000-000000000005,VH-IS-B44-0001,null,GCISB11918R1,Green chef,SPECTRA+,null,null,null,null,null,good,allocated,null,2026-04-10 22:55:29.282701+00,null,null,null,null,null,null,null,null,null,false,,null
5af9ee14-c873-4418-8471-d7b24f216e73,00000000-0000-0000-0000-000000000001,b1000000-0000-0000-0000-000000000009,VH-MA-B44-0001,null,null,null,null,null,null,null,null,null,new,allocated,null,2026-04-10 22:55:29.282701+00,null,null,null,null,null,null,null,null,null,false,,null
05822b80-f0d1-41c4-aac6-64cd6b186659,00000000-0000-0000-0000-000000000001,b1000000-0000-0000-0000-000000000009,VH-MA-B44-0002,null,null,null,null,null,null,null,null,null,good,allocated,null,2026-04-10 22:55:29.282701+00,null,null,null,null,null,null,null,null,null,false,,null
ad62b268-23d5-4929-aebf-369e5e3d4736,00000000-0000-0000-0000-000000000001,b1000000-0000-0000-0000-000000000009,VH-MA-B44-0003,null,null,null,null,null,null,null,null,null,good,allocated,null,2026-04-10 22:55:29.282701+00,null,null,null,null,null,null,null,null,null,false,,null
d84480a3-e07a-4f97-9090-a22dd011c680,00000000-0000-0000-0000-000000000001,b1000000-0000-0000-0000-000000000009,VH-MA-B44-0004,null,null,null,null,null,null,null,null,null,new,allocated,null,2026-04-10 22:55:29.282701+00,null,null,null,null,null,null,null,null,null,false,,null
d7693841-e7f5-470b-9702-00b1a5e73192,00000000-0000-0000-0000-000000000001,b1000000-0000-0000-0000-000000000009,VH-MA-B44-0005,null,null,null,null,null,null,null,null,null,new,allocated,null,2026-04-10 22:55:29.282701+00,null,null,null,null,null,null,null,null,null,false,,null
3f8e79a6-2f22-4d16-9c69-a8ff743643ec,00000000-0000-0000-0000-000000000001,b1000000-0000-0000-0000-000000000004,VH-MW-B44-0001,null,0BFE7WDM502886T,Samsung,MS23K3513AK/TL,null,null,null,null,null,good,allocated,null,2026-04-10 22:55:29.282701+00,null,null,null,null,null,null,null,null,null,false,,null
6923a4b8-18c4-4f85-8545-25aba7244599,00000000-0000-0000-0000-000000000001,b1000000-0000-0000-0000-000000000003,VH-RF-B44-0001,null,null,Haier,HRD-1703/2018,null,null,null,null,null,good,allocated,null,2026-04-10 22:55:29.282701+00,null,null,null,null,null,null,null,null,null,false,,null
389629be-9c2e-4460-82b8-645b38166328,00000000-0000-0000-0000-000000000001,b1000000-0000-0000-0000-000000000007,VH-RO-B44-0001,null,null,Aqua Mars,null,2024-06-16,7000.00,df4e3fb8-4557-884d-f82f-c411e8707351,null,null,good,allocated,RO Replacement. No invoice - requires upload.,2026-04-10 22:55:29.282701+00,null,2024-06-16,null,Adyar Aqua House,null,null,null,null,null,true,,null
44daf928-931e-4b98-b5f6-7b28cc6e31db,00000000-0000-0000-0000-000000000001,b1000000-0000-0000-0000-000000000024,VH-SS-B44-0001,null,null,null,null,null,null,null,null,null,good,allocated,null,2026-04-10 22:55:29.282701+00,null,null,null,null,null,null,null,null,null,false,,null
4a25aa46-1f1a-4410-8f2b-691700382818,00000000-0000-0000-0000-000000000001,b1000000-0000-0000-0000-000000000012,VH-SF-B44-0001,null,null,null,null,null,null,null,null,null,good,allocated,null,2026-04-10 22:55:29.282701+00,null,null,null,null,null,null,null,null,null,false,,null
7e01b046-1f55-4d68-91f1-d99237f279cd,00000000-0000-0000-0000-000000000001,b1000000-0000-0000-0000-000000000011,VH-ST-B44-0001,null,null,null,null,null,null,null,null,null,good,allocated,null,2026-04-10 22:55:29.282701+00,null,null,null,null,null,null,null,null,null,false,,null
e51b8da6-0547-4241-9f22-d62d96ddd988,00000000-0000-0000-0000-000000000001,b1000000-0000-0000-0000-000000000011,VH-ST-B44-0002,null,null,null,null,null,null,null,null,null,good,allocated,null,2026-04-10 22:55:29.282701+00,null,null,null,null,null,null,null,null,null,false,,null
4e158ed5-6166-4271-a6f8-df01cbf292b0,00000000-0000-0000-0000-000000000001,b1000000-0000-0000-0000-000000000011,VH-ST-B44-0003,null,null,null,null,null,null,null,null,null,good,allocated,null,2026-04-10 22:55:29.282701+00,null,null,null,null,null,null,null,null,null,false,,null
c07a0161-cba3-4b63-8ac2-869b2a65ea93,00000000-0000-0000-0000-000000000001,b1000000-0000-0000-0000-000000000026,VH-TV-B44-0001,null,null,null,null,null,null,null,null,null,good,allocated,null,2026-04-10 22:55:29.282701+00,null,null,null,null,null,null,null,null,null,false,,null
2ba744f4-1d9d-416a-b710-0883dd5d63fa,00000000-0000-0000-0000-000000000001,b1000000-0000-0000-0000-000000000002,VH-WM-B44-0001,null,T62CGD#18FH2#004492,Onida,CRYSTAL,null,null,null,null,null,good,allocated,null,2026-04-10 22:55:29.282701+00,null,null,null,null,null,null,null,null,null,false,,null
48ee9dbf-20ec-4344-8ad6-3b6529f95f4a,00000000-0000-0000-0000-000000000001,b1000000-0000-0000-0000-000000000022,VH-WH-B44-0001,null,18090038608133,Venus,3P30,null,null,null,null,null,good,allocated,null,2026-04-10 22:55:29.282701+00,null,null,null,null,3 lites / 3000 W/230v,null,null,null,null,false,,null
76328e4c-4888-4272-944f-73e44a3817bf,00000000-0000-0000-0000-000000000001,b1000000-0000-0000-0000-000000000022,VH-WH-B44-0002,null,18090038608135,Venus,3P30,null,null,null,null,null,good,allocated,null,2026-04-10 22:55:29.282701+00,null,null,null,null,3 lites / 3000 W/230v,null,null,null,null,false,,null
4e5f5e33-7af3-47f5-8e05-d3ea5795882e,00000000-0000-0000-0000-000000000001,b1000000-0000-0000-0000-000000000001,VH-AC-C11-0001,null,null,Voltas,4502515/2019,null,null,null,null,null,good,allocated,null,2026-04-10 22:55:29.282701+00,null,null,null,null,null,null,null,null,null,false,,null
a01fdc02-1311-43b4-828c-ae25f1158139,00000000-0000-0000-0000-000000000001,b1000000-0000-0000-0000-000000000001,VH-AC-C11-0002,null,null,Voltas,4502515/2019,null,null,null,null,null,good,allocated,null,2026-04-10 22:55:29.282701+00,null,null,null,null,null,null,null,null,null,false,,null
471a77c8-6159-471b-a7b3-910527eb1e9c,00000000-0000-0000-0000-000000000001,b1000000-0000-0000-0000-000000000001,VH-AC-C11-0003,null,1552355A19D01065,Voltas,Voltas EU 123 DZY,null,null,null,null,null,good,allocated,null,2026-04-10 22:55:29.282701+00,null,null,null,null,null,null,null,null,null,false,,null
14231c5a-4b89-48c1-816e-5604de42720a,00000000-0000-0000-0000-000000000001,b1000000-0000-0000-0000-000000000019,VH-BS-C11-0001,null,null,null,null,null,null,null,null,null,good,allocated,null,2026-04-10 22:55:29.282701+00,null,null,null,null,null,null,null,null,null,false,,null
e98878e6-dd29-4b51-91ee-7d45ca28be51,00000000-0000-0000-0000-000000000001,b1000000-0000-0000-0000-000000000019,VH-BS-C11-0002,null,null,null,null,null,null,null,null,null,good,allocated,null,2026-04-10 22:55:29.282701+00,null,null,null,null,null,null,null,null,null,false,,null
a24babc4-2981-45b3-b5b3-829920f0cacb,00000000-0000-0000-0000-000000000001,b1000000-0000-0000-0000-000000000021,VH-CH-C11-0001,null,null,null,null,null,null,null,null,null,good,allocated,null,2026-04-10 22:55:29.282701+00,null,null,null,null,null,null,null,null,null,false,,null
83f34b4f-24b8-4e5c-814d-1a7850701469,00000000-0000-0000-0000-000000000001,b1000000-0000-0000-0000-000000000021,VH-CH-C11-0002,null,null,null,null,null,null,null,null,null,good,allocated,null,2026-04-10 22:55:29.282701+00,null,null,null,null,null,null,null,null,null,false,,null
4b0930bd-49ae-4a23-a9ba-12e943964a66,00000000-0000-0000-0000-000000000001,b1000000-0000-0000-0000-000000000021,VH-CH-C11-0003,null,null,null,null,null,null,null,null,null,good,allocated,null,2026-04-10 22:55:29.282701+00,null,null,null,null,null,null,null,null,null,false,,null
66767d7a-1439-4b4b-8345-e907eedef209,00000000-0000-0000-0000-000000000001,b1000000-0000-0000-0000-000000000008,VH-CO-C11-0001,null,null,null,COT 3x6,2025-01-01,6950.00,1f1c91d5-56b6-641b-e035-aa2fc4782999,null,null,good,allocated,null,2026-04-10 22:55:29.282701+00,SF/25-26/70,2025-01-01,null,Smart Furniture,null,null,null,null,null,false,,null
8a435a87-d3a1-41a4-85fc-7ace207ca007,00000000-0000-0000-0000-000000000001,b1000000-0000-0000-0000-000000000008,VH-CO-C11-0002,null,null,null,null,null,null,null,null,null,good,allocated,null,2026-04-10 22:55:29.282701+00,null,null,null,null,null,null,null,null,null,false,,null
2d37638b-0bdd-4247-90a6-086b86438fcf,00000000-0000-0000-0000-000000000001,b1000000-0000-0000-0000-000000000008,VH-CO-C11-0003,null,null,null,null,null,null,null,null,null,good,allocated,null,2026-04-10 22:55:29.282701+00,null,null,null,null,null,null,null,null,null,false,,null
19f9c395-4eda-4bef-9e61-e22db5270031,00000000-0000-0000-0000-000000000001,b1000000-0000-0000-0000-000000000008,VH-CO-C11-0004,null,null,null,null,null,null,null,null,null,good,allocated,null,2026-04-10 22:55:29.282701+00,null,null,null,null,null,null,null,null,null,false,,null
51cf0425-f458-4ae9-989c-8b4fff85d3e2,00000000-0000-0000-0000-000000000001,b1000000-0000-0000-0000-000000000008,VH-CO-C11-0005,null,null,null,null,null,null,null,null,null,good,allocated,null,2026-04-10 22:55:29.282701+00,null,null,null,null,null,null,null,null,null,false,,null
57a0eea9-ef47-44ab-8874-29b2ed971dd2,00000000-0000-0000-0000-000000000001,c9000001-0000-0000-0000-000000000001,VH-CB-C11-0001,null,null,null,null,null,null,null,null,null,good,allocated,null,2026-04-10 22:55:29.282701+00,null,null,null,null,null,null,null,null,null,false,,null
8fc3d945-9584-48b1-801f-5e81d9f9c1eb,00000000-0000-0000-0000-000000000001,c9000001-0000-0000-0000-000000000001,VH-CB-C11-0002,null,null,null,null,null,null,null,null,null,good,allocated,null,2026-04-10 22:55:29.282701+00,null,null,null,null,null,null,null,null,null,false,,null
be6f5794-929c-4332-b821-ec9e51e0c4b3,00000000-0000-0000-0000-000000000001,c9000001-0000-0000-0000-000000000001,VH-CB-C11-0003,null,null,null,null,null,null,null,null,null,good,allocated,null,2026-04-10 22:55:29.282701+00,null,null,null,null,null,null,null,null,null,false,,null
cfc280d3-6e50-4598-a81c-dc6746e9d27e,00000000-0000-0000-0000-000000000001,c9000001-0000-0000-0000-000000000001,VH-CB-C11-0004,null,null,null,null,null,null,null,null,null,good,allocated,null,2026-04-10 22:55:29.282701+00,null,null,null,null,null,null,null,null,null,false,,null
3ee5f2a6-dc33-4910-a804-2aac2bb9a6c5,00000000-0000-0000-0000-000000000001,c9000001-0000-0000-0000-000000000001,VH-CB-C11-0005,null,null,null,null,null,null,null,null,null,good,allocated,null,2026-04-10 22:55:29.282701+00,null,null,null,null,null,null,null,null,null,false,,null
02f5e53a-ac3b-4b51-ad0d-d88965808999,00000000-0000-0000-0000-000000000001,b1000000-0000-0000-0000-000000000013,VH-DT-C11-0001,null,null,null,null,null,null,null,null,null,good,allocated,null,2026-04-10 22:55:29.282701+00,null,null,null,null,null,null,null,null,null,false,,null
6e9f681a-1292-4cec-95d5-80c22a076e15,00000000-0000-0000-0000-000000000001,b1000000-0000-0000-0000-000000000020,VH-FN-C11-0001,null,null,null,null,null,null,null,null,null,good,allocated,null,2026-04-10 22:55:29.282701+00,null,null,null,null,null,null,null,null,null,false,,null
359cb52c-8251-4d5b-85ef-fd67c9d5dc46,00000000-0000-0000-0000-000000000001,b1000000-0000-0000-0000-000000000020,VH-FN-C11-0002,null,null,null,null,null,null,null,null,null,good,allocated,null,2026-04-10 22:55:29.282701+00,null,null,null,null,null,null,null,null,null,false,,null
f52710af-1fbb-4cf8-b113-084ced145f7d,00000000-0000-0000-0000-000000000001,b1000000-0000-0000-0000-000000000020,VH-FN-C11-0003,null,null,null,null,null,null,null,null,null,good,allocated,null,2026-04-10 22:55:29.282701+00,null,null,null,null,null,null,null,null,null,false,,null
ea26357d-049a-451a-8c62-fd6a8c68b228,00000000-0000-0000-0000-000000000001,b1000000-0000-0000-0000-000000000020,VH-FN-C11-0004,null,null,null,null,null,null,null,null,null,good,allocated,null,2026-04-10 22:55:29.282701+00,null,null,null,null,null,null,null,null,null,false,,null
3399f2b1-20a4-43a5-aac8-25f05c341483,00000000-0000-0000-0000-000000000001,b1000000-0000-0000-0000-000000000005,VH-IS-C11-0001,null,MB50204B25003063,Judge,Optima Plus,2025-07-03,1890.00,70867748-0c93-da0a-ed78-a6a3d4a605c7,null,null,good,allocated,No invoice available. Recorded from Excel. Requires invoice,2026-04-10 22:55:29.282701+00,null,2025-07-03,null,Online Purchase (Unknown Vendor),null,null,null,null,null,true,,null
f910b04f-e726-4aa7-9523-c9d10dca9b98,00000000-0000-0000-0000-000000000001,b1000000-0000-0000-0000-000000000009,VH-MA-C11-0001,null,null,null,null,null,null,null,null,null,good,allocated,null,2026-04-10 22:55:29.282701+00,null,null,null,null,null,null,null,null,null,false,,null
85590534-ac0f-4cbd-9ec3-3e3c4b8a4250,00000000-0000-0000-0000-000000000001,b1000000-0000-0000-0000-000000000009,VH-MA-C11-0002,null,null,null,null,null,null,null,null,null,good,allocated,null,2026-04-10 22:55:29.282701+00,null,null,null,null,null,null,null,null,null,false,,null
01eb02f0-c903-4e4d-8271-9516d64b5608,00000000-0000-0000-0000-000000000001,b1000000-0000-0000-0000-000000000009,VH-MA-C11-0003,null,null,null,null,null,null,null,null,null,good,allocated,null,2026-04-10 22:55:29.282701+00,null,null,null,null,null,null,null,null,null,false,,null
3a7357aa-7f8a-4970-9330-2d8436693a47,00000000-0000-0000-0000-000000000001,b1000000-0000-0000-0000-000000000009,VH-MA-C11-0004,null,null,null,null,null,null,null,null,null,new,allocated,null,2026-04-10 22:55:29.282701+00,null,null,null,null,null,null,null,null,null,false,,null
f4beee0f-ed9f-497d-a5de-a82829fb6f2d,00000000-0000-0000-0000-000000000001,b1000000-0000-0000-0000-000000000009,VH-MA-C11-0005,null,null,null,null,null,null,null,null,null,new,allocated,null,2026-04-10 22:55:29.282701+00,null,null,null,null,null,null,null,null,null,false,,null
3ceb76b5-b647-4a80-90d4-1b0f3c24cfe9,00000000-0000-0000-0000-000000000001,b1000000-0000-0000-0000-000000000004,VH-MW-C11-0001,null,0BFE7WRMC00450Z,null,MS23K3513AK/TL December 2019,null,null,null,null,null,good,allocated,null,2026-04-10 22:55:29.282701+00,null,null,null,null,null,null,null,null,null,false,,null
622a5e38-7c3b-457f-865c-8b8a9ffc2ce2,00000000-0000-0000-0000-000000000001,b1000000-0000-0000-0000-000000000003,VH-RF-C11-0001,null,Not Available,null,null,null,null,null,null,null,good,allocated,null,2026-04-10 22:55:29.282701+00,null,null,null,null,null,null,null,null,null,false,,null
e5a1f770-e368-43c8-a5f8-ea8b0a342ded,00000000-0000-0000-0000-000000000001,b1000000-0000-0000-0000-000000000007,VH-RO-C11-0001,null,null,Aqua Mars,null,2025-04-06,7000.00,df4e3fb8-4557-884d-f82f-c411e8707351,null,null,good,allocated,RO Replacement. Bill number available.,2026-04-10 22:55:29.282701+00,1476,2025-04-06,null,Adyar Aqua House,null,null,null,null,null,false,,null
8a30674c-749a-49c3-b63c-ce498f3dc2fb,00000000-0000-0000-0000-000000000001,b1000000-0000-0000-0000-000000000024,VH-SS-C11-0001,null,null,null,null,null,null,null,null,null,good,allocated,null,2026-04-10 22:55:29.282701+00,null,null,null,null,null,null,null,null,null,false,,null
50f5af77-289f-4bf7-8c2f-b74369ffd9bc,00000000-0000-0000-0000-000000000001,b1000000-0000-0000-0000-000000000012,VH-SF-C11-0001,null,null,null,null,null,null,null,null,null,good,allocated,null,2026-04-10 22:55:29.282701+00,null,null,null,null,null,null,null,null,null,false,,null
980ff08f-01bb-4ec8-846e-87474b79285d,00000000-0000-0000-0000-000000000001,b1000000-0000-0000-0000-000000000011,VH-ST-C11-0001,null,null,null,null,null,null,null,null,null,good,allocated,null,2026-04-10 22:55:29.282701+00,null,null,null,null,null,null,null,null,null,false,,null
fce507f4-6f74-4680-9043-131bf454aea2,00000000-0000-0000-0000-000000000001,b1000000-0000-0000-0000-000000000011,VH-ST-C11-0002,null,null,null,null,null,null,null,null,null,good,allocated,null,2026-04-10 22:55:29.282701+00,null,null,null,null,null,null,null,null,null,false,,null
25895145-c5ca-4ed9-9644-1f8086470efa,00000000-0000-0000-0000-000000000001,b1000000-0000-0000-0000-000000000011,VH-ST-C11-0003,null,null,null,null,null,null,null,null,null,good,allocated,null,2026-04-10 22:55:29.282701+00,null,null,null,null,null,null,null,null,null,false,,null
02f56e51-61b4-4122-8c93-d20ad256322d,00000000-0000-0000-0000-000000000001,b1000000-0000-0000-0000-000000000002,VH-WM-C11-0001,null,03WH5PBM605564L,Samsung,WA60M4100HY/TL 01,null,null,null,null,null,good,allocated,null,2026-04-10 22:55:29.282701+00,null,null,null,null,null,null,null,null,null,false,,null
16dd9801-8456-4eab-9f32-26043f1fc234,00000000-0000-0000-0000-000000000001,b1000000-0000-0000-0000-000000000022,VH-WH-C11-0001,null,19020038613682,Venus,3P30,null,null,null,null,null,good,allocated,null,2026-04-10 22:55:29.282701+00,null,null,null,null,3 lites / 3000 W/230v,null,null,null,null,false,,null
f8509fe4-3aae-4daf-aed6-ce73ecbd7f26,00000000-0000-0000-0000-000000000001,b1000000-0000-0000-0000-000000000022,VH-WH-C11-0002,null,19070038513678,Venus,3P30,null,null,null,null,null,good,allocated,null,2026-04-10 22:55:29.282701+00,null,null,null,null,3 lites / 3000 W/230v,null,null,null,null,false,,null
147c451f-29c0-4333-a9e7-a73d1cdb9a1b,00000000-0000-0000-0000-000000000001,b1000000-0000-0000-0000-000000000001,VH-AC-C12-0001,null,3405956160185270009856,Vestar,null,null,null,null,null,null,good,allocated,null,2026-04-10 22:55:29.282701+00,null,null,null,null,null,null,null,null,null,false,,null
06fd6cbb-8d35-400c-8659-aaa0eea17971,00000000-0000-0000-0000-000000000001,b1000000-0000-0000-0000-000000000001,VH-AC-C12-0002,null,IAF251524584,Whirlppol,1.0 ton MFCL 3S COPR-P,null,null,null,null,null,good,allocated,null,2026-04-10 22:55:29.282701+00,null,null,null,null,null,null,null,null,null,false,,null
4e17cd4f-5f13-4f9f-8b47-4756d2a2ff05,00000000-0000-0000-0000-000000000001,b1000000-0000-0000-0000-000000000001,VH-AC-C12-0003,null,null,Haier,HSU-19TCR3C/2017,null,null,null,null,null,good,allocated,null,2026-04-10 22:55:29.282701+00,null,null,null,null,null,null,null,null,null,false,,null
572c3a43-35ae-48cc-941e-77484386f1bd,00000000-0000-0000-0000-000000000001,b1000000-0000-0000-0000-000000000001,VH-AC-C12-0004,null,IAF251524347,Whirlppol,1.0 ton MGCL 3S COPR-P,null,null,null,null,null,good,allocated,null,2026-04-10 22:55:29.282701+00,null,null,null,null,null,null,null,null,null,false,,null
2cbc8c56-879e-418c-84f7-cc6c53598d18,00000000-0000-0000-0000-000000000001,b1000000-0000-0000-0000-000000000019,VH-BS-C12-0001,null,null,null,null,null,null,null,null,null,good,allocated,null,2026-04-10 22:55:29.282701+00,null,null,null,null,null,null,null,null,null,false,,null
f43c6f19-35a1-4330-9869-01dc2d4d62ef,00000000-0000-0000-0000-000000000001,b1000000-0000-0000-0000-000000000019,VH-BS-C12-0002,null,null,null,null,null,null,null,null,null,good,allocated,null,2026-04-10 22:55:29.282701+00,null,null,null,null,null,null,null,null,null,false,,null
e92e0911-2a14-4376-96d4-eb0939d1c18b,00000000-0000-0000-0000-000000000001,b1000000-0000-0000-0000-000000000021,VH-CH-C12-0001,null,null,null,null,null,null,null,null,null,good,allocated,null,2026-04-10 22:55:29.282701+00,null,null,null,null,null,null,null,null,null,false,,null
09879342-a1db-48db-978f-abdd5471611d,00000000-0000-0000-0000-000000000001,b1000000-0000-0000-0000-000000000021,VH-CH-C12-0002,null,null,null,null,null,null,null,null,null,good,allocated,null,2026-04-10 22:55:29.282701+00,null,null,null,null,null,null,null,null,null,false,,null
bc2f294f-639a-4bb0-bbde-786be27e2db5,00000000-0000-0000-0000-000000000001,b1000000-0000-0000-0000-000000000021,VH-CH-C12-0003,null,null,null,null,null,null,null,null,null,good,allocated,null,2026-04-10 22:55:29.282701+00,null,null,null,null,null,null,null,null,null,false,,null
914243dc-161a-454e-8327-a9ec33a6bf5e,00000000-0000-0000-0000-000000000001,b1000000-0000-0000-0000-000000000021,VH-CH-C12-0004,null,null,null,null,null,null,null,null,null,good,allocated,null,2026-04-10 22:55:29.282701+00,null,null,null,null,null,null,null,null,null,false,,null
efb6f6fe-4ef8-43fa-b97d-e727a530d3d3,00000000-0000-0000-0000-000000000001,b1000000-0000-0000-0000-000000000021,VH-CH-C12-0005,null,null,null,null,null,null,null,null,null,good,allocated,null,2026-04-10 22:55:29.282701+00,null,null,null,null,null,null,null,null,null,false,,null
0fc562f2-e95a-4e0c-90a7-834536072790,00000000-0000-0000-0000-000000000001,b1000000-0000-0000-0000-000000000008,VH-CO-C12-0001,null,null,null,null,null,null,null,null,null,good,allocated,null,2026-04-10 22:55:29.282701+00,null,null,null,null,null,null,null,null,null,false,,null
bec807b0-91b1-40ad-aa5e-453ff501ff28,00000000-0000-0000-0000-000000000001,b1000000-0000-0000-0000-000000000008,VH-CO-C12-0002,null,null,null,null,null,null,null,null,null,good,allocated,null,2026-04-10 22:55:29.282701+00,null,null,null,null,null,null,null,null,null,false,,null
93d3cb57-9f50-496b-97cf-c833cc05c66c,00000000-0000-0000-0000-000000000001,b1000000-0000-0000-0000-000000000008,VH-CO-C12-0003,null,null,null,null,null,null,null,null,null,good,allocated,null,2026-04-10 22:55:29.282701+00,null,null,null,null,null,null,null,null,null,false,,null
65502072-1cb3-47a3-81cb-3d58cef6db9a,00000000-0000-0000-0000-000000000001,b1000000-0000-0000-0000-000000000008,VH-CO-C12-0004,null,null,null,null,null,null,null,null,null,good,allocated,null,2026-04-10 22:55:29.282701+00,null,null,null,null,null,null,null,null,null,false,,null
40159b54-d740-4443-98b1-737d4dbf853e,00000000-0000-0000-0000-000000000001,b1000000-0000-0000-0000-000000000008,VH-CO-C12-0005,null,null,null,null,null,null,null,null,null,good,allocated,null,2026-04-10 22:55:29.282701+00,null,null,null,null,null,null,null,null,null,false,,null
7a14979e-6e89-4006-9aa2-8705a2f07dfe,00000000-0000-0000-0000-000000000001,b1000000-0000-0000-0000-000000000008,VH-CO-C12-0006,null,null,null,null,null,null,null,null,null,good,allocated,null,2026-04-10 22:55:29.282701+00,null,null,null,null,null,null,null,null,null,false,,null
f0abbc27-ea3c-4be7-90a2-2950b3d8bc46,00000000-0000-0000-0000-000000000001,c9000001-0000-0000-0000-000000000001,VH-CB-C12-0001,null,null,null,null,null,null,null,null,null,good,allocated,null,2026-04-10 22:55:29.282701+00,null,null,null,null,null,null,null,null,null,false,,null
aef6ff0b-736b-4e8b-b44f-7f28ebd311bc,00000000-0000-0000-0000-000000000001,c9000001-0000-0000-0000-000000000001,VH-CB-C12-0002,null,null,null,null,null,null,null,null,null,good,allocated,null,2026-04-10 22:55:29.282701+00,null,null,null,null,null,null,null,null,null,false,,null
514b3a8d-978b-419b-8ac7-350d2fe503d6,00000000-0000-0000-0000-000000000001,c9000001-0000-0000-0000-000000000001,VH-CB-C12-0003,null,null,null,null,null,null,null,null,null,good,allocated,null,2026-04-10 22:55:29.282701+00,null,null,null,null,null,null,null,null,null,false,,null
cbd90fe2-a79c-4d75-b355-5e85441e7352,00000000-0000-0000-0000-000000000001,c9000001-0000-0000-0000-000000000001,VH-CB-C12-0004,null,null,null,null,null,null,null,null,null,good,allocated,null,2026-04-10 22:55:29.282701+00,null,null,null,null,null,null,null,null,null,false,,null
4f576513-fd80-459e-b380-4a5a8b31ab0b,00000000-0000-0000-0000-000000000001,c9000001-0000-0000-0000-000000000001,VH-CB-C12-0005,null,null,null,null,null,null,null,null,null,good,allocated,null,2026-04-10 22:55:29.282701+00,null,null,null,null,null,null,null,null,null,false,,null
892dee30-f709-4a03-84bf-21b682baa295,00000000-0000-0000-0000-000000000001,c9000001-0000-0000-0000-000000000001,VH-CB-C12-0006,null,null,null,null,null,null,null,null,null,good,allocated,null,2026-04-10 22:55:29.282701+00,null,null,null,null,null,null,null,null,null,false,,null
13f744d4-6712-4f57-a2c0-e01be5ff7e0a,00000000-0000-0000-0000-000000000001,b1000000-0000-0000-0000-000000000013,VH-DT-C12-0001,null,null,null,null,null,null,null,null,null,good,allocated,null,2026-04-10 22:55:29.282701+00,null,null,null,null,null,null,null,null,null,false,,null
6eb2d076-e348-4bfc-856d-86723e94ab90,00000000-0000-0000-0000-000000000001,b1000000-0000-0000-0000-000000000020,VH-FN-C12-0001,null,null,null,null,null,null,null,null,null,good,allocated,null,2026-04-10 22:55:29.282701+00,null,null,null,null,null,null,null,null,null,false,,null
c3e4cf3b-765c-4e09-8c22-383bff808a3b,00000000-0000-0000-0000-000000000001,b1000000-0000-0000-0000-000000000020,VH-FN-C12-0002,null,null,null,null,null,null,null,null,null,good,allocated,null,2026-04-10 22:55:29.282701+00,null,null,null,null,null,null,null,null,null,false,,null
ab789334-fbcd-43c7-bee0-ff6a046cfaab,00000000-0000-0000-0000-000000000001,b1000000-0000-0000-0000-000000000020,VH-FN-C12-0003,null,null,null,null,null,null,null,null,null,good,allocated,null,2026-04-10 22:55:29.282701+00,null,null,null,null,null,null,null,null,null,false,,null
3572c37b-84df-4271-8325-05cc2691c152,00000000-0000-0000-0000-000000000001,b1000000-0000-0000-0000-000000000005,VH-IS-C12-0001,null,LI04248378884,Judge,Optima Plus,null,null,null,null,null,good,allocated,null,2026-04-10 22:55:29.282701+00,null,null,null,null,null,null,null,null,null,false,,null
65682bd2-39f7-48df-9dcf-132d8853120d,00000000-0000-0000-0000-000000000001,b1000000-0000-0000-0000-000000000009,VH-MA-C12-0001,null,null,null,null,null,null,null,null,null,good,allocated,null,2026-04-10 22:55:29.282701+00,null,null,null,null,null,null,null,null,null,false,,null
919dced2-653d-444b-8daf-a7fb0866f7ac,00000000-0000-0000-0000-000000000001,b1000000-0000-0000-0000-000000000009,VH-MA-C12-0002,null,null,null,null,null,null,null,null,null,good,allocated,null,2026-04-10 22:55:29.282701+00,null,null,null,null,null,null,null,null,null,false,,null
e31d55e4-28cb-4c42-ba0c-a04cdea1d579,00000000-0000-0000-0000-000000000001,b1000000-0000-0000-0000-000000000009,VH-MA-C12-0003,null,null,null,null,null,null,null,null,null,new,allocated,null,2026-04-10 22:55:29.282701+00,null,null,null,null,null,null,null,null,null,false,,null
aafc5fd6-f6ce-40c7-b8a3-12ada933af97,00000000-0000-0000-0000-000000000001,b1000000-0000-0000-0000-000000000009,VH-MA-C12-0004,null,null,null,null,null,null,null,null,null,good,allocated,null,2026-04-10 22:55:29.282701+00,null,null,null,null,null,null,null,null,null,false,,null
f1d60ec1-4a13-41fa-8c6b-945fd688704c,00000000-0000-0000-0000-000000000001,b1000000-0000-0000-0000-000000000009,VH-MA-C12-0005,null,null,null,null,null,null,null,null,null,good,allocated,null,2026-04-10 22:55:29.282701+00,null,null,null,null,null,null,null,null,null,false,,null
7a121576-386c-40dd-8a6d-a3120902a359,00000000-0000-0000-0000-000000000001,b1000000-0000-0000-0000-000000000004,VH-MW-C12-0001,null,0BFE7WEM603897Z,Samsung,MS23K3513AK/TL JUNE-2019,null,null,null,null,null,good,allocated,null,2026-04-10 22:55:29.282701+00,null,null,null,null,null,null,null,null,null,false,,null
cd87be66-49d2-4f84-830c-e18828702451,00000000-0000-0000-0000-000000000001,b1000000-0000-0000-0000-000000000003,VH-RF-C12-0001,null,RR20N1Y1ZSE/HL/2019,Samsung,null,null,null,null,null,null,good,allocated,null,2026-04-10 22:55:29.282701+00,null,null,null,null,null,null,null,null,null,false,,null
8c06c598-304e-4add-a866-f3c6912f89fa,00000000-0000-0000-0000-000000000001,b1000000-0000-0000-0000-000000000003,VH-RF-C12-0002,null,null,Godraj,RD EDGE,null,null,null,null,null,good,allocated,null,2026-04-10 22:55:29.282701+00,null,null,null,null,null,null,null,null,null,false,,null
6eeaf23d-9860-46ec-a658-4c78ff614c12,00000000-0000-0000-0000-000000000001,b1000000-0000-0000-0000-000000000007,VH-RO-C12-0001,null,null,Aqua Mars,null,2025-02-28,7000.00,df4e3fb8-4557-884d-f82f-c411e8707351,null,null,good,allocated,RO Replacement. Bill number available.,2026-04-10 22:55:29.282701+00,1448,2025-02-28,null,Adyar Aqua House,null,null,null,null,null,false,,null
ae8902c3-6b75-4c00-85ee-d7c61b87ae5c,00000000-0000-0000-0000-000000000001,b1000000-0000-0000-0000-000000000024,VH-SS-C12-0001,null,null,null,null,null,null,null,null,null,good,allocated,null,2026-04-10 22:55:29.282701+00,null,null,null,null,null,null,null,null,null,false,,null
6a487155-d829-44f7-bef8-f8b8350b4d29,00000000-0000-0000-0000-000000000001,b1000000-0000-0000-0000-000000000012,VH-SF-C12-0001,null,null,null,null,null,null,null,null,null,good,allocated,null,2026-04-10 22:55:29.282701+00,null,null,null,null,null,null,null,null,null,false,,null
b3881b60-e84d-451a-894f-e6311baff77e,00000000-0000-0000-0000-000000000001,b1000000-0000-0000-0000-000000000011,VH-ST-C12-0001,null,null,null,null,null,null,null,null,null,good,allocated,null,2026-04-10 22:55:29.282701+00,null,null,null,null,null,null,null,null,null,false,,null
345049ae-57ed-4eb2-8fe8-964599ba369a,00000000-0000-0000-0000-000000000001,b1000000-0000-0000-0000-000000000011,VH-ST-C12-0002,null,null,null,null,null,null,null,null,null,good,allocated,null,2026-04-10 22:55:29.282701+00,null,null,null,null,null,null,null,null,null,false,,null
2db5cc24-d582-4257-b6f3-ab807f928e19,00000000-0000-0000-0000-000000000001,b1000000-0000-0000-0000-000000000011,VH-ST-C12-0003,null,null,null,null,null,null,null,null,null,good,allocated,null,2026-04-10 22:55:29.282701+00,null,null,null,null,null,null,null,null,null,false,,null
1ce7ec08-c4c1-4075-8392-4d98bbe5c2b6,00000000-0000-0000-0000-000000000001,b1000000-0000-0000-0000-000000000026,VH-TV-C12-0001,null,null,null,null,null,null,null,null,null,good,allocated,null,2026-04-10 22:55:29.282701+00,null,null,null,null,null,null,null,null,null,false,,null
84578b9d-7435-4590-96ec-0a9601f487b6,00000000-0000-0000-0000-000000000001,b1000000-0000-0000-0000-000000000002,VH-WM-C12-0001,null,03WH5PBM504155Y,Samsung,WA60M4100HY/TL 01,null,null,null,null,null,good,allocated,null,2026-04-10 22:55:29.282701+00,null,null,null,null,null,null,null,null,null,false,,null
ccdb51f8-1109-42a6-9f33-98cf8ffa5176,00000000-0000-0000-0000-000000000001,b1000000-0000-0000-0000-000000000022,VH-WH-C12-0001,null,null,Racold,CDR 15V /2013,null,null,null,null,null,good,allocated,null,2026-04-10 22:55:29.282701+00,null,null,null,null,15-Litres,null,null,null,null,false,,null
9a3018d6-bbfc-4e5c-ac01-173ec34fc8b3,00000000-0000-0000-0000-000000000001,b1000000-0000-0000-0000-000000000022,VH-WH-C12-0002,null,19020038614030,Venus,3P30,null,null,null,null,null,good,allocated,null,2026-04-10 22:55:29.282701+00,null,null,null,null,3 lites / 3000 W/230v,null,null,null,null,false,,null
e737446b-4264-4572-b757-9302d5b7ce8f,00000000-0000-0000-0000-000000000001,b1000000-0000-0000-0000-000000000022,VH-WH-C12-0003,null,null,null,null,null,null,null,null,null,good,allocated,null,2026-04-10 22:55:29.282701+00,null,null,null,null,null,null,null,null,null,false,,null
196155a4-0a58-41ee-a6d9-d66ad917c414,00000000-0000-0000-0000-000000000001,b1000000-0000-0000-0000-000000000022,VH-WH-C12-0004,null,19020038461896,Venus,3P30,null,null,null,null,null,good,allocated,null,2026-04-10 22:55:29.282701+00,null,null,null,null,3 lites / 3000 W/230v,null,null,null,null,false,,null
43b14e12-c149-42ca-882a-0a8f9fe53c9b,00000000-0000-0000-0000-000000000001,b1000000-0000-0000-0000-000000000001,VH-AC-C21-0001,null,4552355A19DB01013,Voltas,4502515/2019,null,null,null,null,null,good,allocated,null,2026-04-10 22:55:29.282701+00,null,null,null,null,null,null,null,null,null,false,,null
148cd99b-63d7-4fc0-aa54-6c1021e94b51,00000000-0000-0000-0000-000000000001,b1000000-0000-0000-0000-000000000001,VH-AC-C21-0002,null,4552355A19DB01004,Voltas,4502515/2019 / Voltas 123 DZX,null,null,null,null,null,good,allocated,null,2026-04-10 22:55:29.282701+00,null,null,null,null,null,null,null,null,null,false,,null
3efce5d2-b6c1-424a-9491-52000cca55c5,00000000-0000-0000-0000-000000000001,b1000000-0000-0000-0000-000000000001,VH-AC-C21-0003,null,4552355A19DB01450,Voltas,Voltas EU 123 DZx,null,null,null,null,null,good,allocated,null,2026-04-10 22:55:36.602412+00,null,null,null,null,null,null,null,null,null,false,,null
1ecc31a0-bd06-47cd-97d6-08a6fc66b684,00000000-0000-0000-0000-000000000001,b1000000-0000-0000-0000-000000000001,VH-AC-C21-0004,null,4552355A19DB01007,Voltas,Voltas EU 123 DZX,null,null,null,null,null,good,allocated,null,2026-04-10 22:55:36.602412+00,null,null,null,null,null,null,null,null,null,false,,null
a53399f5-fdc0-4ae8-bb05-31ca8ec2c8b5,00000000-0000-0000-0000-000000000001,b1000000-0000-0000-0000-000000000019,VH-BS-C21-0001,null,null,null,null,null,null,null,null,null,good,allocated,null,2026-04-10 22:55:36.602412+00,null,null,null,null,null,null,null,null,null,false,,null
9a0db726-841c-4e57-aee3-e6a3ce285e7f,00000000-0000-0000-0000-000000000001,b1000000-0000-0000-0000-000000000019,VH-BS-C21-0002,null,null,null,null,null,null,null,null,null,good,allocated,null,2026-04-10 22:55:36.602412+00,null,null,null,null,null,null,null,null,null,false,,null
a8f9d6fa-007e-4443-bb75-eb95b82164c4,00000000-0000-0000-0000-000000000001,b1000000-0000-0000-0000-000000000021,VH-CH-C21-0001,null,null,null,null,null,null,null,null,null,good,allocated,null,2026-04-10 22:55:36.602412+00,null,null,null,null,null,null,null,null,null,false,,null
17ef7273-5605-4694-8966-2f2c9d4f0cc2,00000000-0000-0000-0000-000000000001,b1000000-0000-0000-0000-000000000021,VH-CH-C21-0002,null,null,null,null,null,null,null,null,null,good,allocated,null,2026-04-10 22:55:36.602412+00,null,null,null,null,null,null,null,null,null,false,,null
ec23b8d3-2e50-448d-9bfa-60c8c9b12cc1,00000000-0000-0000-0000-000000000001,b1000000-0000-0000-0000-000000000021,VH-CH-C21-0003,null,null,null,null,null,null,null,null,null,good,allocated,null,2026-04-10 22:55:36.602412+00,null,null,null,null,null,null,null,null,null,false,,null
e45ce855-936a-47d3-9e0b-a0f80a259de2,00000000-0000-0000-0000-000000000001,b1000000-0000-0000-0000-000000000021,VH-CH-C21-0004,null,null,null,null,null,null,null,null,null,good,allocated,null,2026-04-10 22:55:36.602412+00,null,null,null,null,null,null,null,null,null,false,,null
555e98eb-4fe6-4459-8cc7-46924f281dfb,00000000-0000-0000-0000-000000000001,b1000000-0000-0000-0000-000000000008,VH-CO-C21-0001,null,null,null,null,null,null,null,null,null,good,allocated,null,2026-04-10 22:55:36.602412+00,null,null,null,null,null,null,null,null,null,false,,null
9377cbcd-3030-473f-9941-519310a1135b,00000000-0000-0000-0000-000000000001,b1000000-0000-0000-0000-000000000008,VH-CO-C21-0002,null,null,null,null,null,null,null,null,null,good,allocated,null,2026-04-10 22:55:36.602412+00,null,null,null,null,null,null,null,null,null,false,,null
b8003346-054d-49d1-998a-cceab6a75b5c,00000000-0000-0000-0000-000000000001,b1000000-0000-0000-0000-000000000008,VH-CO-C21-0003,null,null,null,null,null,null,null,null,null,good,allocated,null,2026-04-10 22:55:36.602412+00,null,null,null,null,null,null,null,null,null,false,,null
dc0331d7-c01e-4d7f-b191-15466d6712c9,00000000-0000-0000-0000-000000000001,b1000000-0000-0000-0000-000000000008,VH-CO-C21-0004,null,null,null,null,null,null,null,null,null,good,allocated,null,2026-04-10 22:55:36.602412+00,null,null,null,null,null,null,null,null,null,false,,null
9910bc27-1a6f-49c9-a206-e6808ed16bf9,00000000-0000-0000-0000-000000000001,b1000000-0000-0000-0000-000000000008,VH-CO-C21-0005,null,null,null,null,null,null,null,null,null,good,allocated,null,2026-04-10 22:55:36.602412+00,null,null,null,null,null,null,null,null,null,false,,null
e45c57d4-7bcc-4157-b4da-f1cfca9bdb11,00000000-0000-0000-0000-000000000001,b1000000-0000-0000-0000-000000000008,VH-CO-C21-0006,null,null,null,null,null,null,null,null,null,good,allocated,null,2026-04-10 22:55:36.602412+00,null,null,null,null,null,null,null,null,null,false,,null
e7775685-4d86-4e71-aa8b-6f8f3b636f31,00000000-0000-0000-0000-000000000001,c9000001-0000-0000-0000-000000000001,VH-CB-C21-0001,null,null,null,null,null,null,null,null,null,good,allocated,null,2026-04-10 22:55:36.602412+00,null,null,null,null,null,null,null,null,null,false,,null
bfd47674-0655-4326-8234-0319500e761a,00000000-0000-0000-0000-000000000001,c9000001-0000-0000-0000-000000000001,VH-CB-C21-0002,null,null,null,null,null,null,null,null,null,good,allocated,null,2026-04-10 22:55:36.602412+00,null,null,null,null,null,null,null,null,null,false,,null
6a331c7f-a514-44d4-bf08-fb9b25c19bce,00000000-0000-0000-0000-000000000001,c9000001-0000-0000-0000-000000000001,VH-CB-C21-0003,null,null,null,null,null,null,null,null,null,good,allocated,null,2026-04-10 22:55:36.602412+00,null,null,null,null,null,null,null,null,null,false,,null
41a95851-1134-4c72-bb90-0facacd3adb9,00000000-0000-0000-0000-000000000001,c9000001-0000-0000-0000-000000000001,VH-CB-C21-0004,null,null,null,null,null,null,null,null,null,good,allocated,null,2026-04-10 22:55:36.602412+00,null,null,null,null,null,null,null,null,null,false,,null
36cd28b3-daf4-4769-8723-eb98b467824d,00000000-0000-0000-0000-000000000001,c9000001-0000-0000-0000-000000000001,VH-CB-C21-0005,null,null,null,null,null,null,null,null,null,good,allocated,null,2026-04-10 22:55:36.602412+00,null,null,null,null,null,null,null,null,null,false,,null
b36523a5-7ea4-4615-a073-05c1871150f6,00000000-0000-0000-0000-000000000001,c9000001-0000-0000-0000-000000000001,VH-CB-C21-0006,null,null,null,null,null,null,null,null,null,good,allocated,null,2026-04-10 22:55:36.602412+00,null,null,null,null,null,null,null,null,null,false,,null
59edf16d-c907-4d05-b0ec-4c8ed8db16f0,00000000-0000-0000-0000-000000000001,b1000000-0000-0000-0000-000000000013,VH-DT-C21-0001,null,null,null,null,null,null,null,null,null,good,allocated,null,2026-04-10 22:55:36.602412+00,null,null,null,null,null,null,null,null,null,false,,null
e25799f8-c46f-404b-bd82-90a48e674059,00000000-0000-0000-0000-000000000001,b1000000-0000-0000-0000-000000000020,VH-FN-C21-0001,null,null,null,null,null,null,null,null,null,good,allocated,null,2026-04-10 22:55:36.602412+00,null,null,null,null,null,null,null,null,null,false,,null
0f1b6df8-4efc-496f-8a5d-410cc10e3899,00000000-0000-0000-0000-000000000001,b1000000-0000-0000-0000-000000000020,VH-FN-C21-0002,null,null,null,null,null,null,null,null,null,good,allocated,null,2026-04-10 22:55:36.602412+00,null,null,null,null,null,null,null,null,null,false,,null
cb8dc609-29e7-4b74-a6c8-c0bfcd19e6e4,00000000-0000-0000-0000-000000000001,b1000000-0000-0000-0000-000000000020,VH-FN-C21-0003,null,null,null,null,null,null,null,null,null,good,allocated,null,2026-04-10 22:55:36.602412+00,null,null,null,null,null,null,null,null,null,false,,null
b9a701c4-e0fd-49c9-aa3a-14ff9e9e30be,00000000-0000-0000-0000-000000000001,b1000000-0000-0000-0000-000000000020,VH-FN-C21-0004,null,null,null,null,null,null,null,null,null,good,allocated,null,2026-04-10 22:55:36.602412+00,null,null,null,null,null,null,null,null,null,false,,null
988103cb-7e0e-46c5-863f-d8164f6cb4fe,00000000-0000-0000-0000-000000000001,b1000000-0000-0000-0000-000000000020,VH-FN-C21-0005,null,null,null,null,null,null,null,null,null,good,allocated,null,2026-04-10 22:55:36.602412+00,null,null,null,null,null,null,null,null,null,false,,null
04135367-b275-454d-b38a-1bbedca32a4a,00000000-0000-0000-0000-000000000001,b1000000-0000-0000-0000-000000000009,VH-MA-C21-0001,null,null,null,null,null,null,null,null,null,new,allocated,null,2026-04-10 22:55:36.602412+00,null,null,null,null,null,null,null,null,null,false,,null
5505a05c-6638-4437-b92d-d84df6474416,00000000-0000-0000-0000-000000000001,b1000000-0000-0000-0000-000000000009,VH-MA-C21-0002,null,null,null,null,null,null,null,null,null,good,allocated,null,2026-04-10 22:55:36.602412+00,null,null,null,null,null,null,null,null,null,false,,null
7e2cab63-2cac-4d15-828e-4e661c420c75,00000000-0000-0000-0000-000000000001,b1000000-0000-0000-0000-000000000009,VH-MA-C21-0003,null,null,null,null,null,null,null,null,null,good,allocated,null,2026-04-10 22:55:36.602412+00,null,null,null,null,null,null,null,null,null,false,,null
7671150a-76ca-4bb2-ac05-7d2cdd9d5529,00000000-0000-0000-0000-000000000001,b1000000-0000-0000-0000-000000000009,VH-MA-C21-0004,null,null,null,null,null,null,null,null,null,good,allocated,null,2026-04-10 22:55:36.602412+00,null,null,null,null,null,null,null,null,null,false,,null
4b7898bc-ca42-42e3-95a1-e0dcc173421c,00000000-0000-0000-0000-000000000001,b1000000-0000-0000-0000-000000000009,VH-MA-C21-0005,null,null,null,null,null,null,null,null,null,new,allocated,null,2026-04-10 22:55:36.602412+00,null,null,null,null,null,null,null,null,null,false,,null
1e4ef57c-120d-4cdc-a787-174ef516eda4,00000000-0000-0000-0000-000000000001,b1000000-0000-0000-0000-000000000009,VH-MA-C21-0006,null,null,null,null,null,null,null,null,null,good,allocated,null,2026-04-10 22:55:36.602412+00,null,null,null,null,null,null,null,null,null,false,,null
ee5277cb-c0b4-4d6c-9594-89021f5d24b3,00000000-0000-0000-0000-000000000001,b1000000-0000-0000-0000-000000000004,VH-MW-C21-0001,null,402NMWW021297,Samsung,MS2043DB,null,null,null,null,null,good,allocated,null,2026-04-10 22:55:36.602412+00,null,null,null,null,null,null,null,null,null,false,,null
0990f861-fff8-4c6b-90fe-a2f9c149209a,00000000-0000-0000-0000-000000000001,b1000000-0000-0000-0000-000000000003,VH-RF-C21-0001,null,null,Samsung,RR20N1Y1ZSE/HL/2019,null,null,null,null,null,good,allocated,null,2026-04-10 22:55:36.602412+00,null,null,null,null,null,null,null,null,null,false,,null
0dcfad8a-af37-4c71-8097-1d78e2f17a6f,00000000-0000-0000-0000-000000000001,b1000000-0000-0000-0000-000000000007,VH-RO-C21-0001,null,null,hindustan unilever Pure,null,null,null,null,null,null,good,allocated,null,2026-04-10 22:55:36.602412+00,null,null,null,null,null,null,null,null,null,false,,null
4a6d35a8-ee4e-4b3a-9863-0d061af78add,00000000-0000-0000-0000-000000000001,b1000000-0000-0000-0000-000000000024,VH-SS-C21-0001,null,null,null,null,null,null,null,null,null,good,allocated,null,2026-04-10 22:55:36.602412+00,null,null,null,null,null,null,null,null,null,false,,null
aafed727-3968-4681-b810-2f70495453de,00000000-0000-0000-0000-000000000001,b1000000-0000-0000-0000-000000000011,VH-ST-C21-0001,null,null,null,null,null,null,null,null,null,good,allocated,null,2026-04-10 22:55:36.602412+00,null,null,null,null,null,null,null,null,null,false,,null
b6511f6c-5de9-4db1-8f0e-34cbbad800a0,00000000-0000-0000-0000-000000000001,b1000000-0000-0000-0000-000000000011,VH-ST-C21-0002,null,null,null,null,null,null,null,null,null,good,allocated,null,2026-04-10 22:55:36.602412+00,null,null,null,null,null,null,null,null,null,false,,null
46f15565-1d96-4548-8dfe-29d81be97673,00000000-0000-0000-0000-000000000001,b1000000-0000-0000-0000-000000000011,VH-ST-C21-0003,null,null,null,null,null,null,null,null,null,good,allocated,null,2026-04-10 22:55:36.602412+00,null,null,null,null,null,null,null,null,null,false,,null
6bb4484a-8055-40b3-8309-ba92c7a3fb62,00000000-0000-0000-0000-000000000001,b1000000-0000-0000-0000-000000000002,VH-WM-C21-0001,null,03WH5PBM504055Z,Samsung,WA60M4100HY/TL 01,null,null,null,null,null,good,allocated,null,2026-04-10 22:55:36.602412+00,null,null,null,null,null,null,null,null,null,false,,null
cf06d5e3-31dc-4283-9596-9c8f19818ffd,00000000-0000-0000-0000-000000000001,b1000000-0000-0000-0000-000000000022,VH-WH-C21-0001,null,19020038613965,Venus,3P30,null,null,null,null,null,good,allocated,null,2026-04-10 22:55:36.602412+00,null,null,null,null,3 lites / 3000 W/230v,null,null,null,null,false,,null
a5b9df5f-a304-4e71-ae9a-3ffdf56c2ea3,00000000-0000-0000-0000-000000000001,b1000000-0000-0000-0000-000000000022,VH-WH-C21-0002,null,19020038613963,Venus,3P30,null,null,null,null,null,good,allocated,null,2026-04-10 22:55:36.602412+00,null,null,null,null,3 lites / 3000 W/230v,null,null,null,null,false,,null
0063a3c4-a985-4ead-8949-3f0b87fcbed8,00000000-0000-0000-0000-000000000001,b1000000-0000-0000-0000-000000000022,VH-WH-C21-0003,null,19020038613961,Venus,3P30,null,null,null,null,null,good,allocated,null,2026-04-10 22:55:36.602412+00,null,null,null,null,3 lites / 3000 W/230v,null,null,null,null,false,,null
cd86c5f0-efa9-4bfc-9ecb-7c3230173dcd,00000000-0000-0000-0000-000000000001,b1000000-0000-0000-0000-000000000001,VH-AC-C24-0001,null,IAF252600214,Whirlppol,1.0 ton MFCL 3S COPR-P,null,null,null,null,null,good,allocated,null,2026-04-10 22:55:36.602412+00,null,null,null,null,null,null,null,null,null,false,,null
2f21f3cd-e827-48fe-83a5-396e23c7fef1,00000000-0000-0000-0000-000000000001,b1000000-0000-0000-0000-000000000001,VH-AC-C24-0002,null,AL00MJ00Q015UM4B0163,Haier,HS18T-NMW2B,null,null,null,null,null,good,allocated,null,2026-04-10 22:55:36.602412+00,null,null,null,null,null,null,null,null,null,false,,null
70f0dbd0-04ba-448f-adc0-1808af4f9690,00000000-0000-0000-0000-000000000001,b1000000-0000-0000-0000-000000000019,VH-BS-C24-0001,null,null,null,null,null,null,null,null,null,good,allocated,null,2026-04-10 22:55:36.602412+00,null,null,null,null,null,null,null,null,null,false,,null
d0c208a4-23de-42d4-b744-99aa96a732d4,00000000-0000-0000-0000-000000000001,b1000000-0000-0000-0000-000000000019,VH-BS-C24-0002,null,null,null,null,null,null,null,null,null,good,allocated,null,2026-04-10 22:55:36.602412+00,null,null,null,null,null,null,null,null,null,false,,null
b7f34e92-c6d4-45ce-9438-a7ff2da6c086,00000000-0000-0000-0000-000000000001,b1000000-0000-0000-0000-000000000021,VH-CH-C24-0001,null,null,null,null,null,null,null,null,null,good,allocated,null,2026-04-10 22:55:36.602412+00,null,null,null,null,null,null,null,null,null,false,,null
0b4235cb-f824-40f4-9749-9ee07bd8393a,00000000-0000-0000-0000-000000000001,b1000000-0000-0000-0000-000000000021,VH-CH-C24-0002,null,null,null,null,null,null,null,null,null,good,allocated,null,2026-04-10 22:55:36.602412+00,null,null,null,null,null,null,null,null,null,false,,null
00e75d16-9d5c-4cc2-bc63-c5dfa0ac04ec,00000000-0000-0000-0000-000000000001,b1000000-0000-0000-0000-000000000008,VH-CO-C24-0001,null,null,null,null,null,null,null,null,null,good,allocated,null,2026-04-10 22:55:36.602412+00,null,null,null,null,null,null,null,null,null,false,,null
6b3b68b6-5ffd-4b66-8d71-535c6ec13110,00000000-0000-0000-0000-000000000001,b1000000-0000-0000-0000-000000000008,VH-CO-C24-0002,null,null,null,null,null,null,null,null,null,good,allocated,null,2026-04-10 22:55:36.602412+00,null,null,null,null,null,null,null,null,null,false,,null
acad55b2-f580-47ec-9ef1-5693687695ce,00000000-0000-0000-0000-000000000001,b1000000-0000-0000-0000-000000000008,VH-CO-C24-0003,null,null,null,null,null,null,null,null,null,good,allocated,null,2026-04-10 22:55:36.602412+00,null,null,null,null,null,null,null,null,null,false,,null
f0fc3e11-eac7-4775-963d-fb8a200b9e84,00000000-0000-0000-0000-000000000001,b1000000-0000-0000-0000-000000000008,VH-CO-C24-0004,null,null,null,null,null,null,null,null,null,good,allocated,null,2026-04-10 22:55:36.602412+00,null,null,null,null,null,null,null,null,null,false,,null
56fc86e9-a64c-4c80-bf04-474e9ba03562,00000000-0000-0000-0000-000000000001,b1000000-0000-0000-0000-000000000008,VH-CO-C24-0005,null,null,null,null,null,null,null,null,null,good,allocated,null,2026-04-10 22:55:36.602412+00,null,null,null,null,null,null,null,null,null,false,,null
c7d00c54-9c25-423e-8f9c-04e5e01c8383,00000000-0000-0000-0000-000000000001,c9000001-0000-0000-0000-000000000001,VH-CB-C24-0001,null,null,null,null,null,null,null,null,null,good,allocated,null,2026-04-10 22:55:36.602412+00,null,null,null,null,null,null,null,null,null,false,,null
46ac4f2a-c5db-480e-a586-d69d14dcca89,00000000-0000-0000-0000-000000000001,c9000001-0000-0000-0000-000000000001,VH-CB-C24-0002,null,null,null,null,null,null,null,null,null,good,allocated,null,2026-04-10 22:55:36.602412+00,null,null,null,null,null,null,null,null,null,false,,null
81e4237c-0382-4c38-9e68-b23c53b66f44,00000000-0000-0000-0000-000000000001,c9000001-0000-0000-0000-000000000001,VH-CB-C24-0003,null,null,null,null,null,null,null,null,null,good,allocated,null,2026-04-10 22:55:36.602412+00,null,null,null,null,null,null,null,null,null,false,,null
b523c956-91cf-455f-9827-13ee923cf695,00000000-0000-0000-0000-000000000001,c9000001-0000-0000-0000-000000000001,VH-CB-C24-0004,null,null,null,null,null,null,null,null,null,good,allocated,null,2026-04-10 22:55:36.602412+00,null,null,null,null,null,null,null,null,null,false,,null
b1faa001-6814-4af7-8275-c12c5a59a1dc,00000000-0000-0000-0000-000000000001,c9000001-0000-0000-0000-000000000001,VH-CB-C24-0005,null,null,null,null,null,null,null,null,null,good,allocated,null,2026-04-10 22:55:36.602412+00,null,null,null,null,null,null,null,null,null,false,,null
7edf9955-6df6-4729-80d5-ce1ede7ec467,00000000-0000-0000-0000-000000000001,b1000000-0000-0000-0000-000000000013,VH-DT-C24-0001,null,null,null,null,null,null,null,null,null,good,allocated,null,2026-04-10 22:55:36.602412+00,null,null,null,null,null,null,null,null,null,false,,null
aaf765c9-a0b1-48be-8c21-3ac43a462480,00000000-0000-0000-0000-000000000001,b1000000-0000-0000-0000-000000000020,VH-FN-C24-0001,null,null,null,null,null,null,null,null,null,good,allocated,null,2026-04-10 22:55:36.602412+00,null,null,null,null,null,null,null,null,null,false,,null
3f2f77a4-c3ef-4437-a2c3-de4946f929ba,00000000-0000-0000-0000-000000000001,b1000000-0000-0000-0000-000000000020,VH-FN-C24-0002,null,null,null,null,null,null,null,null,null,good,allocated,null,2026-04-10 22:55:36.602412+00,null,null,null,null,null,null,null,null,null,false,,null
7e58ae82-c8b2-44bc-a54d-0dace198462e,00000000-0000-0000-0000-000000000001,b1000000-0000-0000-0000-000000000020,VH-FN-C24-0003,null,null,null,null,null,null,null,null,null,good,allocated,null,2026-04-10 22:55:36.602412+00,null,null,null,null,null,null,null,null,null,false,,null
57e63ff3-c514-4bd9-818f-e8e5fec9f069,00000000-0000-0000-0000-000000000001,b1000000-0000-0000-0000-000000000005,VH-IS-C24-0001,null,LI02247943821,Judge,Optima Plus,null,null,null,null,null,good,allocated,null,2026-04-10 22:55:36.602412+00,null,null,null,null,null,null,null,null,null,false,,null
90f435b8-90ac-4abc-ab0c-7bc647ead707,00000000-0000-0000-0000-000000000001,b1000000-0000-0000-0000-000000000009,VH-MA-C24-0001,null,null,null,null,null,null,null,null,null,new,allocated,null,2026-04-10 22:55:36.602412+00,null,null,null,null,null,null,null,null,null,false,,null
881cf053-2664-4b7c-845e-828bb9b4ce26,00000000-0000-0000-0000-000000000001,b1000000-0000-0000-0000-000000000009,VH-MA-C24-0002,null,null,null,null,null,null,null,null,null,new,allocated,null,2026-04-10 22:55:36.602412+00,null,null,null,null,null,null,null,null,null,false,,null
e4f42a04-4332-4ddb-a9ed-0275422c0c35,00000000-0000-0000-0000-000000000001,b1000000-0000-0000-0000-000000000009,VH-MA-C24-0003,null,null,null,null,null,null,null,null,null,new,allocated,null,2026-04-10 22:55:36.602412+00,null,null,null,null,null,null,null,null,null,false,,null
7a782d2d-855d-4783-bca8-1a6f6302536d,00000000-0000-0000-0000-000000000001,b1000000-0000-0000-0000-000000000009,VH-MA-C24-0004,null,null,null,null,null,null,null,null,null,new,allocated,null,2026-04-10 22:55:36.602412+00,null,null,null,null,null,null,null,null,null,false,,null
4b86f586-f8d0-4820-8b4b-4ef9ebba691b,00000000-0000-0000-0000-000000000001,b1000000-0000-0000-0000-000000000009,VH-MA-C24-0005,null,null,null,null,null,null,null,null,null,new,allocated,null,2026-04-10 22:55:36.602412+00,null,null,null,null,null,null,null,null,null,false,,null
63b81cac-d8de-490e-9b04-0ca984233363,00000000-0000-0000-0000-000000000001,b1000000-0000-0000-0000-000000000004,VH-MW-C24-0001,null,246PULCTFU02373,Panasoic,NN-SM25JBFDG,null,null,null,null,null,good,allocated,null,2026-04-10 22:55:36.602412+00,null,null,null,null,null,null,null,null,null,false,,null
ca626dd9-f708-4d73-a896-d0ba975e4afd,00000000-0000-0000-0000-000000000001,b1000000-0000-0000-0000-000000000003,VH-RF-C24-0001,null,null,Samsung,RR20C1723S8/HL/2024,null,null,null,null,null,good,allocated,null,2026-04-10 22:55:36.602412+00,null,null,null,null,null,null,null,null,null,false,,null
6bf30914-e3f6-4477-89a0-6f82b5e5baf8,00000000-0000-0000-0000-000000000001,b1000000-0000-0000-0000-000000000007,VH-RO-C24-0001,null,null,Aqua Mars,null,2024-08-21,7000.00,df4e3fb8-4557-884d-f82f-c411e8707351,null,null,good,allocated,RO New. No invoice - requires upload.,2026-04-10 22:55:36.602412+00,null,2024-08-21,null,Adyar Aqua House,null,null,null,null,null,true,,null
2078708d-95c7-4856-8473-d7fad803ffbc,00000000-0000-0000-0000-000000000001,b1000000-0000-0000-0000-000000000024,VH-SS-C24-0001,null,null,null,null,null,null,null,null,null,good,allocated,null,2026-04-10 22:55:36.602412+00,null,null,null,null,null,null,null,null,null,false,,null
bb885e59-6d27-4d34-9ee9-2bdf1bafd50d,00000000-0000-0000-0000-000000000001,b1000000-0000-0000-0000-000000000012,VH-SF-C24-0001,null,null,null,null,null,null,null,null,null,good,allocated,null,2026-04-10 22:55:36.602412+00,null,null,null,null,null,null,null,null,null,false,,null
33c22057-ddb6-4d8c-9806-0df17fb09262,00000000-0000-0000-0000-000000000001,b1000000-0000-0000-0000-000000000011,VH-ST-C24-0001,null,null,null,null,null,null,null,null,null,good,allocated,null,2026-04-10 22:55:36.602412+00,null,null,null,null,null,null,null,null,null,false,,null
9048fc8b-4fae-4b8c-8456-4b577a998917,00000000-0000-0000-0000-000000000001,b1000000-0000-0000-0000-000000000011,VH-ST-C24-0002,null,null,null,null,null,null,null,null,null,good,allocated,null,2026-04-10 22:55:36.602412+00,null,null,null,null,null,null,null,null,null,false,,null
40b942fc-9bc1-4e5c-a2b2-44a1a1c0b77e,00000000-0000-0000-0000-000000000001,c9000001-0000-0000-0000-000000000002,VH-TF-C24-0001,null,null,null,null,null,null,null,null,null,good,allocated,null,2026-04-10 22:55:36.602412+00,null,null,null,null,null,null,null,null,null,false,,null
4a3f3e80-1c5b-469a-ae3c-e467b3f2bc85,00000000-0000-0000-0000-000000000001,b1000000-0000-0000-0000-000000000002,VH-WM-C24-0001,null,04KT5PBX602187E,Samsung,WA70A4002GS/TL 02,null,null,null,null,null,good,allocated,null,2026-04-10 22:55:36.602412+00,null,null,null,null,null,null,null,null,null,false,,null
b77ddefe-f6df-4c09-bcfb-07115192863f,00000000-0000-0000-0000-000000000001,b1000000-0000-0000-0000-000000000022,VH-WH-C24-0001,null,null,Venus,06GL/2021,null,null,null,null,null,good,allocated,null,2026-04-10 22:55:36.602412+00,null,null,null,null,6 Litres,null,null,null,null,false,,null
d8b12303-e019-4392-95aa-49d5ebdb9f5f,00000000-0000-0000-0000-000000000001,b1000000-0000-0000-0000-000000000022,VH-WH-C24-0002,null,19070038603639,Venus,3P30,null,null,null,null,null,good,allocated,null,2026-04-10 22:55:36.602412+00,null,null,null,null,3 lites / 3000 W/230v,null,null,null,null,false,,null
436099db-3a2e-4b9c-984c-ccb958ef972e,00000000-0000-0000-0000-000000000001,b1000000-0000-0000-0000-000000000001,VH-AC-C31-0001,null,4552355A19DB01703,Voltas,Voltas 123 DZX,null,null,null,null,null,good,allocated,null,2026-04-10 22:55:36.602412+00,null,null,null,null,null,null,null,null,null,false,,null
8f5d7ba9-389f-4c66-9724-0e54abeb3076,00000000-0000-0000-0000-000000000001,b1000000-0000-0000-0000-000000000001,VH-AC-C31-0002,null,4552355a19DB01320,Voltas,Voltas 123 DZX,null,null,null,null,null,good,allocated,null,2026-04-10 22:55:36.602412+00,null,null,null,null,null,null,null,null,null,false,,null
d9a2ce08-6abd-43c3-bbf2-33b0c187a3b5,00000000-0000-0000-0000-000000000001,b1000000-0000-0000-0000-000000000001,VH-AC-C31-0003,null,4552355A19DB01082,Voltas,Voltas 123 DZX/4502515/2019,null,null,null,null,null,good,allocated,null,2026-04-10 22:55:36.602412+00,null,null,null,null,null,null,null,null,null,false,,null
abdc9198-3b1f-4afa-a372-6366b8627999,00000000-0000-0000-0000-000000000001,b1000000-0000-0000-0000-000000000001,VH-AC-C31-0004,null,4552355A19DBC1750,Voltas,null,null,null,null,null,null,good,allocated,null,2026-04-10 22:55:36.602412+00,null,null,null,null,null,null,null,null,null,false,,null
35dfa200-b1a5-4607-9379-c42a59587b06,00000000-0000-0000-0000-000000000001,b1000000-0000-0000-0000-000000000019,VH-BS-C31-0001,null,null,null,null,null,null,null,null,null,good,allocated,null,2026-04-10 22:55:36.602412+00,null,null,null,null,null,null,null,null,null,false,,null
c0654959-32fc-4506-821e-db502e57e389,00000000-0000-0000-0000-000000000001,b1000000-0000-0000-0000-000000000019,VH-BS-C31-0002,null,null,null,null,null,null,null,null,null,good,allocated,null,2026-04-10 22:55:36.602412+00,null,null,null,null,null,null,null,null,null,false,,null
2c5887e8-96e8-457f-b93e-c8b03ec51c2c,00000000-0000-0000-0000-000000000001,b1000000-0000-0000-0000-000000000019,VH-BS-C31-0003,null,null,null,null,null,null,null,null,null,good,allocated,null,2026-04-10 22:55:36.602412+00,null,null,null,null,null,null,null,null,null,false,,null
eb5bab57-d611-4b72-85e1-e8d7220049b7,00000000-0000-0000-0000-000000000001,b1000000-0000-0000-0000-000000000019,VH-BS-C31-0004,null,null,null,null,null,null,null,null,null,good,allocated,null,2026-04-10 22:55:36.602412+00,null,null,null,null,null,null,null,null,null,false,,null
1f9ee7ec-e9c7-44c6-b15d-1857d1f24707,00000000-0000-0000-0000-000000000001,b1000000-0000-0000-0000-000000000021,VH-CH-C31-0001,null,null,null,null,null,null,null,null,null,good,allocated,null,2026-04-10 22:55:36.602412+00,null,null,null,null,null,null,null,null,null,false,,null
d8dfdef3-a556-400f-9d13-089a38c58f7c,00000000-0000-0000-0000-000000000001,b1000000-0000-0000-0000-000000000021,VH-CH-C31-0002,null,null,null,null,null,null,null,null,null,good,allocated,null,2026-04-10 22:55:36.602412+00,null,null,null,null,null,null,null,null,null,false,,null
c50d5fa9-c387-44c5-b4ca-535a833fe9df,00000000-0000-0000-0000-000000000001,b1000000-0000-0000-0000-000000000021,VH-CH-C31-0003,null,null,null,null,null,null,null,null,null,good,allocated,null,2026-04-10 22:55:36.602412+00,null,null,null,null,null,null,null,null,null,false,,null
8b73c5e6-49df-43f8-9786-5b7c92d30cb0,00000000-0000-0000-0000-000000000001,b1000000-0000-0000-0000-000000000021,VH-CH-C31-0004,null,null,null,null,null,null,null,null,null,good,allocated,null,2026-04-10 22:55:36.602412+00,null,null,null,null,null,null,null,null,null,false,,null
6a09f40e-fb35-4f9e-b626-eb82a15bf059,00000000-0000-0000-0000-000000000001,b1000000-0000-0000-0000-000000000008,VH-CO-C31-0001,null,null,null,null,null,null,null,null,null,good,allocated,null,2026-04-10 22:55:36.602412+00,null,null,null,null,null,null,null,null,null,false,,null
a36008be-c17d-4c5d-834f-01f1b306809d,00000000-0000-0000-0000-000000000001,b1000000-0000-0000-0000-000000000008,VH-CO-C31-0002,null,null,null,null,null,null,null,null,null,good,allocated,null,2026-04-10 22:55:36.602412+00,null,null,null,null,null,null,null,null,null,false,,null
64bcf2af-1291-40c9-89aa-146ada376d24,00000000-0000-0000-0000-000000000001,b1000000-0000-0000-0000-000000000008,VH-CO-C31-0003,null,null,null,null,null,null,null,null,null,good,allocated,null,2026-04-10 22:55:36.602412+00,null,null,null,null,null,null,null,null,null,false,,null
e0165e64-065c-4436-a286-46ecbd34ab8a,00000000-0000-0000-0000-000000000001,b1000000-0000-0000-0000-000000000008,VH-CO-C31-0004,null,null,null,null,null,null,null,null,null,good,allocated,null,2026-04-10 22:55:36.602412+00,null,null,null,null,null,null,null,null,null,false,,null
0d988587-e808-4a0c-8be4-2121cf44fbe7,00000000-0000-0000-0000-000000000001,b1000000-0000-0000-0000-000000000008,VH-CO-C31-0005,null,null,null,null,null,null,null,null,null,good,allocated,null,2026-04-10 22:55:36.602412+00,null,null,null,null,null,null,null,null,null,false,,null
29c84bca-960c-4f77-ba4a-a0a97c6462c7,00000000-0000-0000-0000-000000000001,b1000000-0000-0000-0000-000000000008,VH-CO-C31-0006,null,null,null,null,null,null,null,null,null,good,allocated,null,2026-04-10 22:55:36.602412+00,null,null,null,null,null,null,null,null,null,false,,null
10df781b-93b7-4428-91ea-c8c166180d21,00000000-0000-0000-0000-000000000001,c9000001-0000-0000-0000-000000000001,VH-CB-C31-0001,null,null,null,null,null,null,null,null,null,good,allocated,null,2026-04-10 22:55:36.602412+00,null,null,null,null,null,null,null,null,null,false,,null
ea59b72b-fecb-4fac-acd8-25b0c22f2953,00000000-0000-0000-0000-000000000001,c9000001-0000-0000-0000-000000000001,VH-CB-C31-0002,null,null,null,null,null,null,null,null,null,good,allocated,null,2026-04-10 22:55:36.602412+00,null,null,null,null,null,null,null,null,null,false,,null
2c90b8cc-bcb1-448c-b42a-1400f37967f4,00000000-0000-0000-0000-000000000001,c9000001-0000-0000-0000-000000000001,VH-CB-C31-0003,null,null,null,null,null,null,null,null,null,good,allocated,null,2026-04-10 22:55:36.602412+00,null,null,null,null,null,null,null,null,null,false,,null
64f2aa76-fd3b-45a6-ad65-09bdf8269fa2,00000000-0000-0000-0000-000000000001,c9000001-0000-0000-0000-000000000001,VH-CB-C31-0004,null,null,null,null,null,null,null,null,null,good,allocated,null,2026-04-10 22:55:36.602412+00,null,null,null,null,null,null,null,null,null,false,,null
a129a825-8fdf-4c13-8f57-7e9214fff811,00000000-0000-0000-0000-000000000001,c9000001-0000-0000-0000-000000000001,VH-CB-C31-0005,null,null,null,null,null,null,null,null,null,good,allocated,null,2026-04-10 22:55:36.602412+00,null,null,null,null,null,null,null,null,null,false,,null
591ed9aa-6e8c-4371-b265-b30d33ba2204,00000000-0000-0000-0000-000000000001,c9000001-0000-0000-0000-000000000001,VH-CB-C31-0006,null,null,null,null,null,null,null,null,null,good,allocated,null,2026-04-10 22:55:36.602412+00,null,null,null,null,null,null,null,null,null,false,,null
87951641-4617-489e-95b6-bb20b76cf1c7,00000000-0000-0000-0000-000000000001,b1000000-0000-0000-0000-000000000020,VH-FN-C31-0001,null,null,null,null,null,null,null,null,null,good,allocated,null,2026-04-10 22:55:36.602412+00,null,null,null,null,null,null,null,null,null,false,,null
f709e278-465c-4078-bbce-4e282e891ea8,00000000-0000-0000-0000-000000000001,b1000000-0000-0000-0000-000000000020,VH-FN-C31-0002,null,null,null,null,null,null,null,null,null,good,allocated,null,2026-04-10 22:55:36.602412+00,null,null,null,null,null,null,null,null,null,false,,null
75d01f7c-1d6c-4526-89a9-cd60de1a0a72,00000000-0000-0000-0000-000000000001,b1000000-0000-0000-0000-000000000020,VH-FN-C31-0003,null,null,null,null,null,null,null,null,null,good,allocated,null,2026-04-10 22:55:36.602412+00,null,null,null,null,null,null,null,null,null,false,,null
7a8faef7-aab4-43c5-bf03-b4a1561577db,00000000-0000-0000-0000-000000000001,b1000000-0000-0000-0000-000000000020,VH-FN-C31-0004,null,null,null,null,null,null,null,null,null,good,allocated,null,2026-04-10 22:55:36.602412+00,null,null,null,null,null,null,null,null,null,false,,null
56b6810a-dac6-4192-9146-769ba92844bb,00000000-0000-0000-0000-000000000001,b1000000-0000-0000-0000-000000000020,VH-FN-C31-0005,null,null,null,null,null,null,null,null,null,good,allocated,null,2026-04-10 22:55:36.602412+00,null,null,null,null,null,null,null,null,null,false,,null
f5b89777-c9e3-4995-ab4f-ccbf2dc9a54c,00000000-0000-0000-0000-000000000001,b1000000-0000-0000-0000-000000000005,VH-IS-C31-0001,null,Not available,Impex,Omega H2a,null,null,null,null,null,good,allocated,null,2026-04-10 22:55:36.602412+00,null,null,null,null,null,null,null,null,null,false,,null
b19debb2-481d-4939-992a-f9c5f9be7a26,00000000-0000-0000-0000-000000000001,b1000000-0000-0000-0000-000000000009,VH-MA-C31-0001,null,null,null,null,null,null,null,null,null,new,allocated,null,2026-04-10 22:55:36.602412+00,null,null,null,null,null,null,null,null,null,false,,null
e33da857-f3c8-45ce-8950-a36059d060f2,00000000-0000-0000-0000-000000000001,b1000000-0000-0000-0000-000000000009,VH-MA-C31-0002,null,null,null,null,null,null,null,null,null,good,allocated,null,2026-04-10 22:55:36.602412+00,null,null,null,null,null,null,null,null,null,false,,null
7d4ce971-fbb6-46fd-bd44-f0eb29132eec,00000000-0000-0000-0000-000000000001,b1000000-0000-0000-0000-000000000009,VH-MA-C31-0003,null,null,null,null,null,null,null,null,null,good,allocated,null,2026-04-10 22:55:36.602412+00,null,null,null,null,null,null,null,null,null,false,,null
9b099509-5d31-46e6-81ea-7e7aed2e74f3,00000000-0000-0000-0000-000000000001,b1000000-0000-0000-0000-000000000009,VH-MA-C31-0004,null,null,null,null,null,null,null,null,null,good,allocated,null,2026-04-10 22:55:36.602412+00,null,null,null,null,null,null,null,null,null,false,,null
0383411b-bfd5-42ba-b86c-6195e8c99bea,00000000-0000-0000-0000-000000000001,b1000000-0000-0000-0000-000000000009,VH-MA-C31-0005,null,null,null,null,null,null,null,null,null,good,allocated,null,2026-04-10 22:55:36.602412+00,null,null,null,null,null,null,null,null,null,false,,null
e043dc95-dac5-4da4-866e-e8c67e19f91f,00000000-0000-0000-0000-000000000001,b1000000-0000-0000-0000-000000000009,VH-MA-C31-0006,null,null,null,null,null,null,null,null,null,new,allocated,null,2026-04-10 22:55:36.602412+00,null,null,null,null,null,null,null,null,null,false,,null
65b4ffef-e391-4fad-8bd1-c4ecab090fc5,00000000-0000-0000-0000-000000000001,b1000000-0000-0000-0000-000000000004,VH-MW-C31-0001,null,null,Samsung,null,null,null,null,null,null,good,allocated,null,2026-04-10 22:55:36.602412+00,null,null,null,null,null,null,null,null,null,false,,null
2e8e0248-380f-4fac-977c-8567182ecef7,00000000-0000-0000-0000-000000000001,b1000000-0000-0000-0000-000000000003,VH-RF-C31-0001,null,0BFE7WDM502897P,Samsung,RR20N1Y1ZSE/HL/2019,null,null,null,null,null,good,allocated,null,2026-04-10 22:55:36.602412+00,null,null,null,null,null,null,null,null,null,false,,null
6cb27459-de3c-427e-911e-71b60fc9a10c,00000000-0000-0000-0000-000000000001,b1000000-0000-0000-0000-000000000007,VH-RO-C31-0001,null,null,hindustan unilever Pure,null,null,null,null,null,null,good,allocated,null,2026-04-10 22:55:36.602412+00,null,null,null,null,null,null,null,null,null,false,,null
90dbd2c0-8bea-41d4-be6d-f4b605eb9242,00000000-0000-0000-0000-000000000001,b1000000-0000-0000-0000-000000000024,VH-SS-C31-0001,null,null,null,null,null,null,null,null,null,good,allocated,null,2026-04-10 22:55:36.602412+00,null,null,null,null,null,null,null,null,null,false,,null
5689c021-2725-4c08-a5ca-b548dc984d7f,00000000-0000-0000-0000-000000000001,b1000000-0000-0000-0000-000000000011,VH-ST-C31-0001,null,null,null,null,null,null,null,null,null,good,allocated,null,2026-04-10 22:55:36.602412+00,null,null,null,null,null,null,null,null,null,false,,null
3c4bf59c-44ec-46ba-b995-5daccb5c31f7,00000000-0000-0000-0000-000000000001,b1000000-0000-0000-0000-000000000011,VH-ST-C31-0002,null,null,null,null,null,null,null,null,null,good,allocated,null,2026-04-10 22:55:36.602412+00,null,null,null,null,null,null,null,null,null,false,,null
3e8844b8-f5b6-4bf7-a1e6-3618878385f2,00000000-0000-0000-0000-000000000001,b1000000-0000-0000-0000-000000000011,VH-ST-C31-0003,null,null,null,null,null,null,null,null,null,good,allocated,null,2026-04-10 22:55:36.602412+00,null,null,null,null,null,null,null,null,null,false,,null
0c450207-9807-40d2-b604-9f9a35ff64f4,00000000-0000-0000-0000-000000000001,b1000000-0000-0000-0000-000000000011,VH-ST-C31-0004,null,null,null,null,null,null,null,null,null,good,allocated,null,2026-04-10 22:55:36.602412+00,null,null,null,null,null,null,null,null,null,false,,null
9b08f744-6ac9-4bdb-ac28-ebca706b3d88,00000000-0000-0000-0000-000000000001,b1000000-0000-0000-0000-000000000026,VH-TV-C31-0001,null,null,null,null,null,null,null,null,null,good,allocated,null,2026-04-10 22:55:36.602412+00,null,null,null,null,null,null,null,null,null,false,,null
fe4b006a-9f70-4251-85bf-f638cc28feb8,00000000-0000-0000-0000-000000000001,b1000000-0000-0000-0000-000000000010,VH-WD-C31-0001,null,null,null,Single Door Wardrobe With Mirror,2025-06-17,4194.92,1f1c91d5-56b6-641b-e035-aa2fc4782999,null,null,good,allocated,null,2026-04-10 22:55:36.602412+00,SF/25-26/25,2025-06-17,asset-invoices/vista heights/Smart Furniture bill.pdf,Smart Furniture,null,null,null,null,null,false,,null
6ef5ab29-d0cd-44eb-bd5f-a462f9d96ae5,00000000-0000-0000-0000-000000000001,b1000000-0000-0000-0000-000000000002,VH-WM-C31-0001,null,03WH5PBM402851V,Samsung,WA60M4100HY 01/TL,null,null,null,null,null,good,allocated,null,2026-04-10 22:55:36.602412+00,null,null,null,null,null,null,null,null,null,false,,null
af5af20a-c018-4458-b9f8-e7a25b0c4f75,00000000-0000-0000-0000-000000000001,b1000000-0000-0000-0000-000000000022,VH-WH-C31-0001,null,19020038613964,Venus,3P30,null,null,null,null,null,good,allocated,null,2026-04-10 22:55:36.602412+00,null,null,null,null,3 lites / 3000 W/230v,null,null,null,null,false,,null
3b810b8a-a13d-485f-b818-594238b2b0a3,00000000-0000-0000-0000-000000000001,b1000000-0000-0000-0000-000000000022,VH-WH-C31-0002,null,19020038613681,Venus,null,null,null,null,null,null,good,allocated,null,2026-04-10 22:55:36.602412+00,null,null,null,null,null,null,null,null,null,false,,null
42a93c58-fb3e-4aaf-a63d-91102387a922,00000000-0000-0000-0000-000000000001,b1000000-0000-0000-0000-000000000022,VH-WH-C31-0003,null,19020038613683,Venus,3P30,null,null,null,null,null,good,allocated,null,2026-04-10 22:55:36.602412+00,null,null,null,null,3 lites / 3000 W/230v,null,null,null,null,false,,null
cd778700-b2bf-4051-b6b7-2278bcb1bae2,00000000-0000-0000-0000-000000000001,b1000000-0000-0000-0000-000000000001,VH-AC-C34-0001,null,4552355A19DB01661,Voltas,Voltas EU 123 DZX,null,null,null,null,null,good,allocated,null,2026-04-10 22:55:36.602412+00,null,null,null,null,null,null,null,null,null,false,,null
03f8aa98-9864-42fd-921e-06eddab47e98,00000000-0000-0000-0000-000000000001,b1000000-0000-0000-0000-000000000001,VH-AC-C34-0002,null,null,Voltas,4502515/2019,null,null,null,null,null,good,allocated,null,2026-04-10 22:55:36.602412+00,null,null,null,null,null,null,null,null,null,false,,null
913bd3e8-1251-4191-882d-e8ea0cfe6e5b,00000000-0000-0000-0000-000000000001,b1000000-0000-0000-0000-000000000001,VH-AC-C34-0003,null,null,null,null,null,null,null,null,null,good,allocated,null,2026-04-10 22:55:36.602412+00,null,null,null,null,null,null,null,null,null,false,,null
c1635bf9-84fe-4950-8d89-57c157a57cea,00000000-0000-0000-0000-000000000001,b1000000-0000-0000-0000-000000000019,VH-BS-C34-0001,null,null,null,null,null,null,null,null,null,good,allocated,null,2026-04-10 22:55:36.602412+00,null,null,null,null,null,null,null,null,null,false,,null
3babeb92-9e7c-4877-8eea-8b0a471e1e37,00000000-0000-0000-0000-000000000001,b1000000-0000-0000-0000-000000000019,VH-BS-C34-0002,null,null,null,null,null,null,null,null,null,good,allocated,null,2026-04-10 22:55:36.602412+00,null,null,null,null,null,null,null,null,null,false,,null
16a9c5c4-e252-4489-9365-7260adc68a58,00000000-0000-0000-0000-000000000001,b1000000-0000-0000-0000-000000000019,VH-BS-C34-0003,null,null,null,null,null,null,null,null,null,good,allocated,null,2026-04-10 22:55:36.602412+00,null,null,null,null,null,null,null,null,null,false,,null
24963069-d2f4-4107-9883-55c4d071fd2a,00000000-0000-0000-0000-000000000001,b1000000-0000-0000-0000-000000000019,VH-BS-C34-0004,null,null,null,null,null,null,null,null,null,good,allocated,null,2026-04-10 22:55:36.602412+00,null,null,null,null,null,null,null,null,null,false,,null
35367d45-b3a1-4d40-92af-5c258bea5f38,00000000-0000-0000-0000-000000000001,b1000000-0000-0000-0000-000000000021,VH-CH-C34-0001,null,null,null,null,null,null,null,null,null,good,allocated,null,2026-04-10 22:55:36.602412+00,null,null,null,null,null,null,null,null,null,false,,null
817e98c4-6771-46ed-ae5d-01ed711583d4,00000000-0000-0000-0000-000000000001,b1000000-0000-0000-0000-000000000021,VH-CH-C34-0002,null,null,null,null,null,null,null,null,null,good,allocated,null,2026-04-10 22:55:36.602412+00,null,null,null,null,null,null,null,null,null,false,,null
7751ba9f-dfef-474b-83ee-e42c143fecc1,00000000-0000-0000-0000-000000000001,b1000000-0000-0000-0000-000000000021,VH-CH-C34-0003,null,null,null,null,null,null,null,null,null,good,allocated,null,2026-04-10 22:55:36.602412+00,null,null,null,null,null,null,null,null,null,false,,null
98438b20-af8b-48b2-a21a-1d9af3300770,00000000-0000-0000-0000-000000000001,b1000000-0000-0000-0000-000000000021,VH-CH-C34-0004,null,null,null,null,null,null,null,null,null,good,allocated,null,2026-04-10 22:55:36.602412+00,null,null,null,null,null,null,null,null,null,false,,null
47a5b915-c061-4dc5-b9a2-149a9bc68fa4,00000000-0000-0000-0000-000000000001,b1000000-0000-0000-0000-000000000008,VH-CO-C34-0001,null,null,null,null,null,null,null,null,null,good,allocated,null,2026-04-10 22:55:36.602412+00,null,null,null,null,null,null,null,null,null,false,,null
5234a811-e5d6-4f40-8bf4-8d722f1c3a5e,00000000-0000-0000-0000-000000000001,b1000000-0000-0000-0000-000000000008,VH-CO-C34-0002,null,null,null,null,null,null,null,null,null,good,allocated,null,2026-04-10 22:55:36.602412+00,null,null,null,null,null,null,null,null,null,false,,null
45e463a8-0e2d-47de-8890-6b0ca0998640,00000000-0000-0000-0000-000000000001,b1000000-0000-0000-0000-000000000008,VH-CO-C34-0003,null,null,null,null,null,null,null,null,null,good,allocated,null,2026-04-10 22:55:36.602412+00,null,null,null,null,null,null,null,null,null,false,,null
03fe3424-4bba-4d3c-bbbc-789001f85cfb,00000000-0000-0000-0000-000000000001,b1000000-0000-0000-0000-000000000008,VH-CO-C34-0004,null,null,null,null,null,null,null,null,null,good,allocated,null,2026-04-10 22:55:36.602412+00,null,null,null,null,null,null,null,null,null,false,,null
769a1796-ea59-47f9-83cc-700979abbf1c,00000000-0000-0000-0000-000000000001,b1000000-0000-0000-0000-000000000008,VH-CO-C34-0005,null,null,null,null,null,null,null,null,null,good,allocated,null,2026-04-10 22:55:36.602412+00,null,null,null,null,null,null,null,null,null,false,,null
d3ebb9f9-47a3-4bc3-adb6-378a8a6eba2c,00000000-0000-0000-0000-000000000001,c9000001-0000-0000-0000-000000000001,VH-CB-C34-0001,null,null,null,null,null,null,null,null,null,good,allocated,null,2026-04-10 22:55:36.602412+00,null,null,null,null,null,null,null,null,null,false,,null
de3adc91-55a2-4fea-b7b5-af818e51d2d2,00000000-0000-0000-0000-000000000001,c9000001-0000-0000-0000-000000000001,VH-CB-C34-0002,null,null,null,null,null,null,null,null,null,good,allocated,null,2026-04-10 22:55:36.602412+00,null,null,null,null,null,null,null,null,null,false,,null
f90eb50c-e8da-42f8-ab5b-39e01233c585,00000000-0000-0000-0000-000000000001,c9000001-0000-0000-0000-000000000001,VH-CB-C34-0003,null,null,null,null,null,null,null,null,null,good,allocated,null,2026-04-10 22:55:36.602412+00,null,null,null,null,null,null,null,null,null,false,,null
65468591-7e47-4008-a7ce-c086621832da,00000000-0000-0000-0000-000000000001,c9000001-0000-0000-0000-000000000001,VH-CB-C34-0004,null,null,null,null,null,null,null,null,null,good,allocated,null,2026-04-10 22:55:36.602412+00,null,null,null,null,null,null,null,null,null,false,,null
4f48d094-6bbb-4944-a409-69e8d7e7fb23,00000000-0000-0000-0000-000000000001,c9000001-0000-0000-0000-000000000001,VH-CB-C34-0005,null,null,null,null,null,null,null,null,null,good,allocated,null,2026-04-10 22:55:36.602412+00,null,null,null,null,null,null,null,null,null,false,,null
6d7fa04f-1cf0-4161-b2b6-650870375bda,00000000-0000-0000-0000-000000000001,b1000000-0000-0000-0000-000000000013,VH-DT-C34-0001,null,null,null,null,null,null,null,null,null,good,allocated,null,2026-04-10 22:55:36.602412+00,null,null,null,null,null,null,null,null,null,false,,null
181aff97-914b-4ff9-b980-bdff1ecec62b,00000000-0000-0000-0000-000000000001,b1000000-0000-0000-0000-000000000020,VH-FN-C34-0001,null,null,null,null,null,null,null,null,null,good,allocated,null,2026-04-10 22:55:36.602412+00,null,null,null,null,null,null,null,null,null,false,,null
3cd43d6f-933d-4917-9b7d-296ae90d9d4f,00000000-0000-0000-0000-000000000001,b1000000-0000-0000-0000-000000000020,VH-FN-C34-0002,null,null,null,null,null,null,null,null,null,good,allocated,null,2026-04-10 22:55:36.602412+00,null,null,null,null,null,null,null,null,null,false,,null
a10f37e4-1c2b-474e-a941-3c6b07304636,00000000-0000-0000-0000-000000000001,b1000000-0000-0000-0000-000000000020,VH-FN-C34-0003,null,null,null,null,null,null,null,null,null,good,allocated,null,2026-04-10 22:55:36.602412+00,null,null,null,null,null,null,null,null,null,false,,null
a6b72698-0c60-4dd3-9d9b-c74e36ac3dd0,00000000-0000-0000-0000-000000000001,b1000000-0000-0000-0000-000000000020,VH-FN-C34-0004,null,null,null,null,null,null,null,null,null,good,allocated,null,2026-04-10 22:55:36.602412+00,null,null,null,null,null,null,null,null,null,false,,null
833435bc-94b1-43c6-87df-b61107dcd42d,00000000-0000-0000-0000-000000000001,b1000000-0000-0000-0000-000000000005,VH-IS-C34-0001,null,BB03KC01376A2321,Impex,Omega H2a,null,null,null,null,null,good,allocated,null,2026-04-10 22:55:36.602412+00,null,null,null,null,null,null,null,null,null,false,,null
7b9f145a-7e41-4d81-bfc9-4b93655acd42,00000000-0000-0000-0000-000000000001,b1000000-0000-0000-0000-000000000009,VH-MA-C34-0001,null,null,null,New,null,null,null,null,null,good,allocated,null,2026-04-10 22:55:36.602412+00,null,null,null,null,null,null,null,null,null,false,,null
ca7e5ae6-5cdc-4eb6-9bca-f77f46073e56,00000000-0000-0000-0000-000000000001,b1000000-0000-0000-0000-000000000009,VH-MA-C34-0002,null,null,null,null,null,null,null,null,null,new,allocated,null,2026-04-10 22:55:36.602412+00,null,null,null,null,null,null,null,null,null,false,,null
32f51b37-6aba-4300-aba2-209af6632e03,00000000-0000-0000-0000-000000000001,b1000000-0000-0000-0000-000000000009,VH-MA-C34-0003,null,null,null,null,null,null,null,null,null,new,allocated,null,2026-04-10 22:55:36.602412+00,null,null,null,null,null,null,null,null,null,false,,null
562b4f84-2305-48e7-bfc9-0550813e4e62,00000000-0000-0000-0000-000000000001,b1000000-0000-0000-0000-000000000009,VH-MA-C34-0004,null,null,null,null,null,null,null,null,null,good,allocated,null,2026-04-10 22:55:36.602412+00,null,null,null,null,null,null,null,null,null,false,,null
795096e5-898a-435c-8bc9-72be48b2eb50,00000000-0000-0000-0000-000000000001,b1000000-0000-0000-0000-000000000009,VH-MA-C34-0005,null,null,null,null,null,null,null,null,null,good,allocated,null,2026-04-10 22:55:36.602412+00,null,null,null,null,null,null,null,null,null,false,,null
aa3a102d-6c37-442a-bc9d-f42a56a6959a,00000000-0000-0000-0000-000000000001,b1000000-0000-0000-0000-000000000004,VH-MW-C34-0001,null,308NMHL000201,LG,MS2043DB.DB1QILN,null,null,null,null,null,good,allocated,null,2026-04-10 22:55:36.602412+00,null,null,null,null,null,null,null,null,null,false,,null
b57f0cee-940f-45d9-8b3a-409c9d782183,00000000-0000-0000-0000-000000000001,b1000000-0000-0000-0000-000000000003,VH-RF-C34-0001,null,null,Samsung,RR20N1Y1ZSE/HL/2019,null,null,null,null,null,good,allocated,null,2026-04-10 22:55:36.602412+00,null,null,null,null,null,null,null,null,null,false,,null
e1ee1927-859c-44fb-beee-1211b3c1828a,00000000-0000-0000-0000-000000000001,b1000000-0000-0000-0000-000000000007,VH-RO-C34-0001,null,null,Aqua Mars,null,2025-10-27,7000.00,df4e3fb8-4557-884d-f82f-c411e8707351,null,null,good,allocated,RO Replacement. Bill number available.,2026-04-10 22:55:36.602412+00,2008,2025-10-27,null,Adyar Aqua House,null,null,null,null,null,false,,null
0b7229be-01ca-4c95-941d-ecc2aeffb8da,00000000-0000-0000-0000-000000000001,b1000000-0000-0000-0000-000000000024,VH-SS-C34-0001,null,null,null,null,null,null,null,null,null,good,allocated,null,2026-04-10 22:55:36.602412+00,null,null,null,null,null,null,null,null,null,false,,null
6e028850-49de-43f8-9efd-6e1948511c05,00000000-0000-0000-0000-000000000001,b1000000-0000-0000-0000-000000000012,VH-SF-C34-0001,null,null,null,null,null,null,null,null,null,good,allocated,null,2026-04-10 22:55:36.602412+00,null,null,null,null,null,null,null,null,null,false,,null
16c1e201-7326-4f06-8807-c30fad39f4e9,00000000-0000-0000-0000-000000000001,b1000000-0000-0000-0000-000000000011,VH-ST-C34-0001,null,null,null,null,null,null,null,null,null,good,allocated,null,2026-04-10 22:55:36.602412+00,null,null,null,null,null,null,null,null,null,false,,null
f135cb93-1c8e-45d6-a207-9b52d16c8ba5,00000000-0000-0000-0000-000000000001,b1000000-0000-0000-0000-000000000011,VH-ST-C34-0002,null,null,null,null,null,null,null,null,null,good,allocated,null,2026-04-10 22:55:36.602412+00,null,null,null,null,null,null,null,null,null,false,,null
83931711-dceb-4259-ba6a-556a897f87c8,00000000-0000-0000-0000-000000000001,b1000000-0000-0000-0000-000000000011,VH-ST-C34-0003,null,null,null,null,null,null,null,null,null,good,allocated,null,2026-04-10 22:55:36.602412+00,null,null,null,null,null,null,null,null,null,false,,null
3a182355-af17-484a-af61-8ec8dc4547e3,00000000-0000-0000-0000-000000000001,b1000000-0000-0000-0000-000000000026,VH-TV-C34-0001,null,null,null,null,null,null,null,null,null,good,allocated,null,2026-04-10 22:55:36.602412+00,null,null,null,null,null,null,null,null,null,false,,null
ef6fcdbb-25b5-4b87-a2dc-489af0a5b712,00000000-0000-0000-0000-000000000001,b1000000-0000-0000-0000-000000000010,VH-WD-C34-0001,null,null,null,Single Door Wardrobe With Mirror,2025-06-17,4194.92,1f1c91d5-56b6-641b-e035-aa2fc4782999,null,null,good,allocated,null,2026-04-10 22:55:36.602412+00,SF/25-26/25,2025-06-17,asset-invoices/vista heights/Smart Furniture bill.pdf,Smart Furniture,null,null,null,null,null,false,,null
03ba51ea-96a3-47dd-ac56-6c066cd9a16d,00000000-0000-0000-0000-000000000001,b1000000-0000-0000-0000-000000000010,VH-WD-C34-0002,null,null,null,Single Door Wardrobe With Mirror,2025-06-17,4194.92,1f1c91d5-56b6-641b-e035-aa2fc4782999,null,null,good,allocated,null,2026-04-10 22:55:36.602412+00,SF/25-26/25,2025-06-17,asset-invoices/vista heights/Smart Furniture bill.pdf,Smart Furniture,null,null,null,null,null,false,,null
749517a3-bc94-4092-94b6-48c55df52b27,00000000-0000-0000-0000-000000000001,b1000000-0000-0000-0000-000000000002,VH-WM-C34-0001,null,03WH5PBM401881F,Samsung,WA60M4100HY 01 /TL,null,null,null,null,null,good,allocated,null,2026-04-10 22:55:36.602412+00,null,null,null,null,6KG,null,null,null,null,false,,null
ad7e715a-8f05-4936-90b6-0613392bf3b3,00000000-0000-0000-0000-000000000001,b1000000-0000-0000-0000-000000000022,VH-WH-C34-0001,null,19020038613962,Venus,3P30,null,null,null,null,null,good,allocated,null,2026-04-10 22:55:36.602412+00,null,null,null,null,3 lites / 3000 W/230v,null,null,null,null,false,,null
2920e94a-8321-4019-8aac-1ead84f7559e,00000000-0000-0000-0000-000000000001,b1000000-0000-0000-0000-000000000022,VH-WH-C34-0002,null,19020038613960,Venus,3P30,null,null,null,null,null,good,allocated,null,2026-04-10 22:55:36.602412+00,null,null,null,null,3 lites / 3000 W/230v,null,null,null,null,false,,null
fd1af9e3-4206-4c49-83bb-d64ddf1b56d1,00000000-0000-0000-0000-000000000001,b1000000-0000-0000-0000-000000000001,VH-AC-C41-0001,null,SE190025911,Hitachi,RSG312HCD0BW/2019,null,null,null,null,null,good,allocated,null,2026-04-10 22:55:36.602412+00,null,null,null,null,null,null,null,null,null,false,,null
aa6f4ce6-e2ac-44f0-917b-0f04f9a1896f,00000000-0000-0000-0000-000000000001,b1000000-0000-0000-0000-000000000001,VH-AC-C41-0002,null,SE190Q15757,Hitachi,RSG312HCD0BW/2019,null,null,null,null,null,good,allocated,null,2026-04-10 22:55:36.602412+00,null,null,null,null,null,null,null,null,null,false,,null
cfa76754-d580-4670-92e0-17f2be4dc13a,00000000-0000-0000-0000-000000000001,b1000000-0000-0000-0000-000000000001,VH-AC-C41-0003,null,SE190016119,Hitachi,RSG312HCDOBW,null,null,null,null,null,good,allocated,null,2026-04-10 22:55:36.602412+00,null,null,null,null,null,null,null,null,null,false,,null
1b6c25dd-0b0e-42c8-bcbe-4db643f93f0c,00000000-0000-0000-0000-000000000001,b1000000-0000-0000-0000-000000000001,VH-AC-C41-0004,null,null,null,null,null,null,null,null,null,good,allocated,null,2026-04-10 22:55:36.602412+00,null,null,null,null,null,null,null,null,null,false,,null
8ba23bd2-c79d-47f8-bd9a-fce14d69fd65,00000000-0000-0000-0000-000000000001,b1000000-0000-0000-0000-000000000019,VH-BS-C41-0001,null,null,null,null,null,null,null,null,null,good,allocated,null,2026-04-10 22:55:36.602412+00,null,null,null,null,null,null,null,null,null,false,,null
4464c94c-a1a3-4658-ae52-805edad1df56,00000000-0000-0000-0000-000000000001,b1000000-0000-0000-0000-000000000019,VH-BS-C41-0002,null,null,null,null,null,null,null,null,null,good,allocated,null,2026-04-10 22:55:36.602412+00,null,null,null,null,null,null,null,null,null,false,,null
2eeaf69b-4bcd-43a6-8524-04b30682d1e9,00000000-0000-0000-0000-000000000001,b1000000-0000-0000-0000-000000000021,VH-CH-C41-0001,null,null,null,null,null,null,null,null,null,good,allocated,null,2026-04-10 22:55:36.602412+00,null,null,null,null,null,null,null,null,null,false,,null
abbddbc2-3cd2-414a-84e5-692d259381b4,00000000-0000-0000-0000-000000000001,b1000000-0000-0000-0000-000000000021,VH-CH-C41-0002,null,null,null,null,null,null,null,null,null,good,allocated,null,2026-04-10 22:55:36.602412+00,null,null,null,null,null,null,null,null,null,false,,null
32993506-874a-4edd-a56e-fc3ee5c56e32,00000000-0000-0000-0000-000000000001,b1000000-0000-0000-0000-000000000021,VH-CH-C41-0003,null,null,null,null,null,null,null,null,null,good,allocated,null,2026-04-10 22:55:36.602412+00,null,null,null,null,null,null,null,null,null,false,,null
aa4724c2-3c52-4130-a4e7-5a3e62a3ee94,00000000-0000-0000-0000-000000000001,b1000000-0000-0000-0000-000000000021,VH-CH-C41-0004,null,null,null,null,null,null,null,null,null,good,allocated,null,2026-04-10 22:55:36.602412+00,null,null,null,null,null,null,null,null,null,false,,null
c6fbf854-513f-4f1a-8387-5088b586820c,00000000-0000-0000-0000-000000000001,b1000000-0000-0000-0000-000000000008,VH-CO-C41-0001,null,null,null,null,null,null,null,null,null,good,allocated,null,2026-04-10 22:55:36.602412+00,null,null,null,null,null,null,null,null,null,false,,null
467e67f5-5fb7-4ca2-9c43-64842541479e,00000000-0000-0000-0000-000000000001,b1000000-0000-0000-0000-000000000008,VH-CO-C41-0002,null,null,null,null,null,null,null,null,null,good,allocated,null,2026-04-10 22:55:36.602412+00,null,null,null,null,null,null,null,null,null,false,,null
c4d6843e-c74f-4b27-a79b-63b2ab94c5cb,00000000-0000-0000-0000-000000000001,b1000000-0000-0000-0000-000000000008,VH-CO-C41-0003,null,null,null,null,null,null,null,null,null,good,allocated,null,2026-04-10 22:55:36.602412+00,null,null,null,null,null,null,null,null,null,false,,null
d63bdc7f-0717-4f48-aebb-450267416c25,00000000-0000-0000-0000-000000000001,b1000000-0000-0000-0000-000000000008,VH-CO-C41-0004,null,null,null,null,null,null,null,null,null,good,allocated,null,2026-04-10 22:55:36.602412+00,null,null,null,null,null,null,null,null,null,false,,null
7958e246-d772-42bc-9c5d-549ec334c83f,00000000-0000-0000-0000-000000000001,b1000000-0000-0000-0000-000000000008,VH-CO-C41-0005,null,null,null,null,null,null,null,null,null,good,allocated,null,2026-04-10 22:55:36.602412+00,null,null,null,null,null,null,null,null,null,false,,null
afa07e17-7a28-4d1c-b44b-9674e9231833,00000000-0000-0000-0000-000000000001,b1000000-0000-0000-0000-000000000008,VH-CO-C41-0006,null,null,null,null,null,null,null,null,null,good,allocated,null,2026-04-10 22:55:36.602412+00,null,null,null,null,null,null,null,null,null,false,,null
0fb1f284-9504-46f4-a7f2-7b839453ddee,00000000-0000-0000-0000-000000000001,c9000001-0000-0000-0000-000000000001,VH-CB-C41-0001,null,null,null,null,null,null,null,null,null,good,allocated,null,2026-04-10 22:55:36.602412+00,null,null,null,null,null,null,null,null,null,false,,null
ab3c3030-0269-46a0-b467-5c10b0dc3d24,00000000-0000-0000-0000-000000000001,c9000001-0000-0000-0000-000000000001,VH-CB-C41-0002,null,null,null,null,null,null,null,null,null,good,allocated,null,2026-04-10 22:55:36.602412+00,null,null,null,null,null,null,null,null,null,false,,null
fc7c7ce3-e4f4-4022-9765-9ebce66e4bda,00000000-0000-0000-0000-000000000001,c9000001-0000-0000-0000-000000000001,VH-CB-C41-0003,null,null,null,null,null,null,null,null,null,good,allocated,null,2026-04-10 22:55:36.602412+00,null,null,null,null,null,null,null,null,null,false,,null
5b6a9197-5455-4442-bd19-7ef10a303dff,00000000-0000-0000-0000-000000000001,c9000001-0000-0000-0000-000000000001,VH-CB-C41-0004,null,null,null,null,null,null,null,null,null,good,allocated,null,2026-04-10 22:55:36.602412+00,null,null,null,null,null,null,null,null,null,false,,null
c150ff65-0b95-44c3-a999-61f17d23da16,00000000-0000-0000-0000-000000000001,c9000001-0000-0000-0000-000000000001,VH-CB-C41-0005,null,null,null,null,null,null,null,null,null,good,allocated,null,2026-04-10 22:55:36.602412+00,null,null,null,null,null,null,null,null,null,false,,null
f9dab561-ef4b-4d81-bc36-5ea24970752b,00000000-0000-0000-0000-000000000001,c9000001-0000-0000-0000-000000000001,VH-CB-C41-0006,null,null,null,null,null,null,null,null,null,good,allocated,null,2026-04-10 22:55:36.602412+00,null,null,null,null,null,null,null,null,null,false,,null
d614059b-8e23-4178-87e0-c62a97e5e84c,00000000-0000-0000-0000-000000000001,b1000000-0000-0000-0000-000000000013,VH-DT-C41-0001,null,null,null,null,null,null,null,null,null,good,allocated,null,2026-04-10 22:55:36.602412+00,null,null,null,null,null,null,null,null,null,false,,null
1800a8a6-cde0-4997-a8b0-2809060b4a04,00000000-0000-0000-0000-000000000001,b1000000-0000-0000-0000-000000000020,VH-FN-C41-0001,null,null,null,null,null,null,null,null,null,good,allocated,null,2026-04-10 22:55:36.602412+00,null,null,null,null,null,null,null,null,null,false,,null
c6d65f33-8882-4758-a18f-9660657339e8,00000000-0000-0000-0000-000000000001,b1000000-0000-0000-0000-000000000020,VH-FN-C41-0002,null,null,null,null,null,null,null,null,null,good,allocated,null,2026-04-10 22:55:36.602412+00,null,null,null,null,null,null,null,null,null,false,,null
c58f8aa4-d7cc-424f-b374-f173f91be3bf,00000000-0000-0000-0000-000000000001,b1000000-0000-0000-0000-000000000020,VH-FN-C41-0003,null,null,null,null,null,null,null,null,null,good,allocated,null,2026-04-10 22:55:36.602412+00,null,null,null,null,null,null,null,null,null,false,,null
1c2b1ca8-c7d4-4c53-94c8-62837e542238,00000000-0000-0000-0000-000000000001,b1000000-0000-0000-0000-000000000020,VH-FN-C41-0004,null,null,null,null,null,null,null,null,null,good,allocated,null,2026-04-10 22:55:36.602412+00,null,null,null,null,null,null,null,null,null,false,,null
9c3c4efe-3f66-4b98-ad7a-40df844c90b2,00000000-0000-0000-0000-000000000001,b1000000-0000-0000-0000-000000000020,VH-FN-C41-0005,null,null,null,null,null,null,null,null,null,good,allocated,null,2026-04-10 22:55:36.602412+00,null,null,null,null,null,null,null,null,null,false,,null
f4a18af2-a902-4c53-9c80-b9a5f6e9b035,00000000-0000-0000-0000-000000000001,b1000000-0000-0000-0000-000000000005,VH-IS-C41-0001,null,LI02247947918,Judge,null,null,null,null,null,null,good,allocated,null,2026-04-10 22:55:36.602412+00,null,null,null,null,null,null,null,null,null,false,,null
786fd34d-df30-41d9-b515-7751b8238cef,00000000-0000-0000-0000-000000000001,b1000000-0000-0000-0000-000000000009,VH-MA-C41-0001,null,null,null,New,null,null,null,null,null,good,allocated,null,2026-04-10 22:55:36.602412+00,null,null,null,null,null,null,null,null,null,false,,null
b932db3d-4811-4992-9935-105f0939bc7f,00000000-0000-0000-0000-000000000001,b1000000-0000-0000-0000-000000000009,VH-MA-C41-0002,null,null,null,null,null,null,null,null,null,good,allocated,null,2026-04-10 22:55:36.602412+00,null,null,null,null,null,null,null,null,null,false,,null
8a5744b9-a6dd-4648-9653-c31f8b5d6859,00000000-0000-0000-0000-000000000001,b1000000-0000-0000-0000-000000000009,VH-MA-C41-0003,null,null,null,null,null,null,null,null,null,good,allocated,null,2026-04-10 22:55:36.602412+00,null,null,null,null,null,null,null,null,null,false,,null
3680db5e-851e-4f78-a93c-1986de5eaa81,00000000-0000-0000-0000-000000000001,b1000000-0000-0000-0000-000000000009,VH-MA-C41-0004,null,null,null,null,null,null,null,null,null,new,allocated,null,2026-04-10 22:55:36.602412+00,null,null,null,null,null,null,null,null,null,false,,null
521d43bb-2358-4666-99e9-9c928f727d6b,00000000-0000-0000-0000-000000000001,b1000000-0000-0000-0000-000000000009,VH-MA-C41-0005,null,null,null,null,null,null,null,null,null,new,allocated,null,2026-04-10 22:55:36.602412+00,null,null,null,null,null,null,null,null,null,false,,null
224ee5a7-7704-4276-95d7-4296d737e51a,00000000-0000-0000-0000-000000000001,b1000000-0000-0000-0000-000000000009,VH-MA-C41-0006,null,null,null,null,null,null,null,null,null,new,allocated,null,2026-04-10 22:55:36.602412+00,null,null,null,null,null,null,null,null,null,false,,null
1845ce71-89cc-43aa-8920-538173bcaf6b,00000000-0000-0000-0000-000000000001,b1000000-0000-0000-0000-000000000003,VH-RF-C41-0001,null,null,Samsung,RR24C2823CU/NL/2024,null,null,null,null,null,good,allocated,null,2026-04-10 22:55:36.602412+00,null,null,null,null,null,null,null,null,null,false,,null
674fc797-2fa0-4292-9fcb-4205d7c5353b,00000000-0000-0000-0000-000000000001,b1000000-0000-0000-0000-000000000007,VH-RO-C41-0001,null,null,Aqua Mars,null,2024-03-30,7000.00,df4e3fb8-4557-884d-f82f-c411e8707351,null,null,good,allocated,RO New. No invoice - requires upload.,2026-04-10 22:55:36.602412+00,null,2024-03-30,null,Adyar Aqua House,null,null,null,null,null,true,,null
468b6f0d-242b-4df0-b86a-6c8f6fe47a2b,00000000-0000-0000-0000-000000000001,b1000000-0000-0000-0000-000000000024,VH-SS-C41-0001,null,null,null,null,null,null,null,null,null,good,allocated,null,2026-04-10 22:55:36.602412+00,null,null,null,null,null,null,null,null,null,false,,null
9505abb2-e79a-490e-946e-e1e11d97d655,00000000-0000-0000-0000-000000000001,b1000000-0000-0000-0000-000000000011,VH-ST-C41-0001,null,null,null,null,null,null,null,null,null,good,allocated,null,2026-04-10 22:55:36.602412+00,null,null,null,null,null,null,null,null,null,false,,null
38baf261-69c2-4d5e-84ed-e65aaf02a34f,00000000-0000-0000-0000-000000000001,b1000000-0000-0000-0000-000000000011,VH-ST-C41-0002,null,null,null,null,null,null,null,null,null,good,allocated,null,2026-04-10 22:55:36.602412+00,null,null,null,null,null,null,null,null,null,false,,null
7bc66f2f-69d7-4158-a622-85091ecfbdfc,00000000-0000-0000-0000-000000000001,b1000000-0000-0000-0000-000000000011,VH-ST-C41-0003,null,null,null,null,null,null,null,null,null,good,allocated,null,2026-04-10 22:55:36.602412+00,null,null,null,null,null,null,null,null,null,false,,null
e6a8de8e-8059-488b-9c46-2af24ebf0f1e,00000000-0000-0000-0000-000000000001,b1000000-0000-0000-0000-000000000011,VH-ST-C41-0004,null,null,null,null,null,null,null,null,null,good,allocated,null,2026-04-10 22:55:36.602412+00,null,null,null,null,null,null,null,null,null,false,,null
c760ed05-268f-46bd-83ab-963910ec6f3f,00000000-0000-0000-0000-000000000001,b1000000-0000-0000-0000-000000000002,VH-WM-C41-0001,null,TFP0JB0309240426,Voltas,WTL6004UEA/BPBPOA,null,null,null,null,null,good,allocated,null,2026-04-10 22:55:36.602412+00,null,null,null,null,null,null,null,null,null,false,,null
072b1626-18a8-4969-bf95-3000feb13496,00000000-0000-0000-0000-000000000001,b1000000-0000-0000-0000-000000000022,VH-WH-C41-0001,null,19090038607036,Venus,3P30,null,null,null,null,null,good,allocated,null,2026-04-10 22:55:36.602412+00,null,null,null,null,3 lites / 3000 W/230v,null,null,null,null,false,,null
fd7124f0-fc98-43aa-92a8-264fbed04d21,00000000-0000-0000-0000-000000000001,b1000000-0000-0000-0000-000000000022,VH-WH-C41-0002,null,19070038603637,Venus,3P30,null,null,null,null,null,good,allocated,null,2026-04-10 22:55:36.602412+00,null,null,null,null,3 lites / 3000 W/230v,null,null,null,null,false,,null
92b17b6c-0d06-4884-a7d6-ac11d69ae9f9,00000000-0000-0000-0000-000000000001,b1000000-0000-0000-0000-000000000022,VH-WH-C41-0003,null,19090038607035,Venus,3P30,null,null,null,null,null,good,allocated,null,2026-04-10 22:55:36.602412+00,null,null,null,null,3 lites / 3000 W/230v,null,null,null,null,false,,null
38024f17-c961-4963-a0ed-d681e192a3f6,00000000-0000-0000-0000-000000000001,b1000000-0000-0000-0000-000000000001,VH-AC-C42-0001,null,SE190Q15718,Hitachi,RSG312HCD0BW,null,null,null,null,null,good,allocated,null,2026-04-10 22:55:36.602412+00,null,null,null,null,null,null,null,null,null,false,,null
690f675a-c094-4d91-98ac-96d339f5ef64,00000000-0000-0000-0000-000000000001,b1000000-0000-0000-0000-000000000001,VH-AC-C42-0002,null,SE190Q16134,Hitachi,RSG312HCD0BW,null,null,null,null,null,good,allocated,null,2026-04-10 22:55:36.602412+00,null,null,null,null,null,null,null,null,null,false,,null
376d7336-cbff-4759-ac43-c1781e99e148,00000000-0000-0000-0000-000000000001,b1000000-0000-0000-0000-000000000001,VH-AC-C42-0003,null,SE190Q15792,Hitachi,RSG312HCD0BW,null,null,null,null,null,good,allocated,null,2026-04-10 22:55:36.602412+00,null,null,null,null,null,null,null,null,null,false,,null
9317e37b-b0a6-4566-bdc8-87ed2cafe1e3,00000000-0000-0000-0000-000000000001,b1000000-0000-0000-0000-000000000019,VH-BS-C42-0001,null,null,null,null,null,null,null,null,null,good,allocated,null,2026-04-10 22:55:36.602412+00,null,null,null,null,null,null,null,null,null,false,,null
55f98c26-30ef-4a92-a566-d559f592b234,00000000-0000-0000-0000-000000000001,b1000000-0000-0000-0000-000000000019,VH-BS-C42-0002,null,null,null,null,null,null,null,null,null,good,allocated,null,2026-04-10 22:55:36.602412+00,null,null,null,null,null,null,null,null,null,false,,null
2596d296-c644-4c8a-b053-c799b6510ebb,00000000-0000-0000-0000-000000000001,b1000000-0000-0000-0000-000000000019,VH-BS-C42-0003,null,null,null,null,null,null,null,null,null,good,allocated,null,2026-04-10 22:55:36.602412+00,null,null,null,null,null,null,null,null,null,false,,null
38560dcf-e1f2-411c-a1a6-963d7ccb8486,00000000-0000-0000-0000-000000000001,b1000000-0000-0000-0000-000000000021,VH-CH-C42-0001,null,null,null,null,null,null,null,null,null,good,allocated,null,2026-04-10 22:55:36.602412+00,null,null,null,null,null,null,null,null,null,false,,null
d4a94f74-38e3-4f2c-989f-1702570a1caa,00000000-0000-0000-0000-000000000001,b1000000-0000-0000-0000-000000000021,VH-CH-C42-0002,null,null,null,null,null,null,null,null,null,good,allocated,null,2026-04-10 22:55:36.602412+00,null,null,null,null,null,null,null,null,null,false,,null
02f627ea-ccca-4e8e-a08e-5ef5acef004d,00000000-0000-0000-0000-000000000001,b1000000-0000-0000-0000-000000000021,VH-CH-C42-0003,null,null,null,null,null,null,null,null,null,good,allocated,null,2026-04-10 22:55:36.602412+00,null,null,null,null,null,null,null,null,null,false,,null
a31da222-104c-4580-9c1f-75329c794c12,00000000-0000-0000-0000-000000000001,b1000000-0000-0000-0000-000000000008,VH-CO-C42-0001,null,null,null,null,null,null,null,null,null,good,allocated,null,2026-04-10 22:55:36.602412+00,null,null,null,null,null,null,null,null,null,false,,null
df003ccd-9975-45d2-b416-99adf7f5c5c6,00000000-0000-0000-0000-000000000001,b1000000-0000-0000-0000-000000000008,VH-CO-C42-0002,null,null,null,null,null,null,null,null,null,good,allocated,null,2026-04-10 22:55:36.602412+00,null,null,null,null,null,null,null,null,null,false,,null
42653db6-c3f4-4ab2-b9b5-932188acad7b,00000000-0000-0000-0000-000000000001,b1000000-0000-0000-0000-000000000008,VH-CO-C42-0003,null,null,null,null,null,null,null,null,null,good,allocated,null,2026-04-10 22:55:36.602412+00,null,null,null,null,null,null,null,null,null,false,,null
201290dd-e2b7-4ca8-b639-97803f09c885,00000000-0000-0000-0000-000000000001,b1000000-0000-0000-0000-000000000008,VH-CO-C42-0004,null,null,null,null,null,null,null,null,null,good,allocated,null,2026-04-10 22:55:36.602412+00,null,null,null,null,null,null,null,null,null,false,,null
95b84f44-77e6-4a6b-a2e2-551fcd7be487,00000000-0000-0000-0000-000000000001,b1000000-0000-0000-0000-000000000008,VH-CO-C42-0005,null,null,null,null,null,null,null,null,null,good,allocated,null,2026-04-10 22:55:36.602412+00,null,null,null,null,null,null,null,null,null,false,,null
078372c7-ea7f-4f36-83b9-f8b86d521ab6,00000000-0000-0000-0000-000000000001,c9000001-0000-0000-0000-000000000001,VH-CB-C42-0001,null,null,null,null,null,null,null,null,null,good,allocated,null,2026-04-10 22:55:36.602412+00,null,null,null,null,null,null,null,null,null,false,,null
f866875c-8a32-49d0-b600-259b7d35c158,00000000-0000-0000-0000-000000000001,c9000001-0000-0000-0000-000000000001,VH-CB-C42-0002,null,null,null,null,null,null,null,null,null,good,allocated,null,2026-04-10 22:55:36.602412+00,null,null,null,null,null,null,null,null,null,false,,null
a6c370a7-a51e-4831-85ae-fb4e663c61e3,00000000-0000-0000-0000-000000000001,c9000001-0000-0000-0000-000000000001,VH-CB-C42-0003,null,null,null,null,null,null,null,null,null,good,allocated,null,2026-04-10 22:55:36.602412+00,null,null,null,null,null,null,null,null,null,false,,null
a2531dee-49e7-45c7-a015-1480f2d71131,00000000-0000-0000-0000-000000000001,c9000001-0000-0000-0000-000000000001,VH-CB-C42-0004,null,null,null,null,null,null,null,null,null,good,allocated,null,2026-04-10 22:55:36.602412+00,null,null,null,null,null,null,null,null,null,false,,null
eda39682-5ae1-4636-b877-59618e5ad714,00000000-0000-0000-0000-000000000001,c9000001-0000-0000-0000-000000000001,VH-CB-C42-0005,null,null,null,null,null,null,null,null,null,good,allocated,null,2026-04-10 22:55:36.602412+00,null,null,null,null,null,null,null,null,null,false,,null
52313b4f-0bc9-4916-9cbd-98e482e8d163,00000000-0000-0000-0000-000000000001,b1000000-0000-0000-0000-000000000013,VH-DT-C42-0001,null,null,null,null,null,null,null,null,null,good,allocated,null,2026-04-10 22:55:36.602412+00,null,null,null,null,null,null,null,null,null,false,,null
b7d12596-f392-485c-8766-94f3519ee625,00000000-0000-0000-0000-000000000001,b1000000-0000-0000-0000-000000000020,VH-FN-C42-0001,null,null,null,null,null,null,null,null,null,good,allocated,null,2026-04-10 22:55:36.602412+00,null,null,null,null,null,null,null,null,null,false,,null
36d53e9d-9454-4bde-b620-15b0c51c77e4,00000000-0000-0000-0000-000000000001,b1000000-0000-0000-0000-000000000020,VH-FN-C42-0002,null,null,null,null,null,null,null,null,null,good,allocated,null,2026-04-10 22:55:36.602412+00,null,null,null,null,null,null,null,null,null,false,,null
9ed56090-544a-4a8e-942c-109b962ba12b,00000000-0000-0000-0000-000000000001,b1000000-0000-0000-0000-000000000020,VH-FN-C42-0003,null,null,null,null,null,null,null,null,null,good,allocated,null,2026-04-10 22:55:36.602412+00,null,null,null,null,null,null,null,null,null,false,,null
d7eadb72-689b-4067-805b-64f42ce8e2ab,00000000-0000-0000-0000-000000000001,b1000000-0000-0000-0000-000000000020,VH-FN-C42-0004,null,null,null,null,null,null,null,null,null,good,allocated,null,2026-04-10 22:55:36.602412+00,null,null,null,null,null,null,null,null,null,false,,null
5880f859-291d-44d2-80ea-680f0f96e9b9,00000000-0000-0000-0000-000000000001,b1000000-0000-0000-0000-000000000005,VH-IS-C42-0001,null,BB03KC1376A4083,Impex,Omega H2a,null,null,null,null,null,good,allocated,null,2026-04-10 22:55:36.602412+00,null,null,null,null,null,null,null,null,null,false,,null
8a4cca51-2033-4948-88c9-f09239f357af,00000000-0000-0000-0000-000000000001,b1000000-0000-0000-0000-000000000009,VH-MA-C42-0001,null,null,null,null,null,null,null,null,null,new,allocated,null,2026-04-10 22:55:36.602412+00,null,null,null,null,null,null,null,null,null,false,,null
b211cd49-7305-410d-bc24-cc4f1ea90650,00000000-0000-0000-0000-000000000001,b1000000-0000-0000-0000-000000000009,VH-MA-C42-0002,null,null,null,null,null,null,null,null,null,new,allocated,null,2026-04-10 22:55:36.602412+00,null,null,null,null,null,null,null,null,null,false,,null
1566e7c3-52cf-43b5-97bf-e077bded9f62,00000000-0000-0000-0000-000000000001,b1000000-0000-0000-0000-000000000009,VH-MA-C42-0003,null,null,null,null,null,null,null,null,null,good,allocated,null,2026-04-10 22:55:36.602412+00,null,null,null,null,null,null,null,null,null,false,,null
092ae4c4-c5a9-4e47-9194-ddb53c903c42,00000000-0000-0000-0000-000000000001,b1000000-0000-0000-0000-000000000009,VH-MA-C42-0004,null,null,null,null,null,null,null,null,null,good,allocated,null,2026-04-10 22:55:36.602412+00,null,null,null,null,null,null,null,null,null,false,,null
beeb0025-1b3b-46c5-9285-606f4ef9a426,00000000-0000-0000-0000-000000000001,b1000000-0000-0000-0000-000000000009,VH-MA-C42-0005,null,null,null,null,null,null,null,null,null,good,allocated,null,2026-04-10 22:55:36.602412+00,null,null,null,null,null,null,null,null,null,false,,null
5bf4a7c0-b674-4341-ad0c-6e96164d0976,00000000-0000-0000-0000-000000000001,b1000000-0000-0000-0000-000000000004,VH-MW-C42-0001,null,306NMVJ019671,LG,MS2043DB.DB1QILN,null,null,null,null,null,good,allocated,null,2026-04-10 22:55:36.602412+00,null,null,null,null,null,null,null,null,null,false,,null
5cd61223-1443-40c8-bce7-ff195b3e2d7e,00000000-0000-0000-0000-000000000001,b1000000-0000-0000-0000-000000000003,VH-RF-C42-0001,null,null,Godrej,RD EDGE 205 TRF 2.2/2019,null,null,null,null,null,good,allocated,null,2026-04-10 22:55:36.602412+00,null,null,null,null,null,null,null,null,null,false,,null
d0b4ac3e-4e8c-4215-b1bc-d88a4420ac1a,00000000-0000-0000-0000-000000000001,b1000000-0000-0000-0000-000000000007,VH-RO-C42-0001,null,null,hindustan unilever Pure,null,null,null,null,null,null,good,allocated,null,2026-04-10 22:55:36.602412+00,null,null,null,null,null,null,null,null,null,false,,null
b2f4cd6e-1049-4f25-8903-02352fb6eb67,00000000-0000-0000-0000-000000000001,b1000000-0000-0000-0000-000000000024,VH-SS-C42-0001,null,null,null,null,null,null,null,null,null,good,allocated,null,2026-04-10 22:55:36.602412+00,null,null,null,null,null,null,null,null,null,false,,null
c5464d36-4fa3-4e52-8674-f0f5a79ff0bf,00000000-0000-0000-0000-000000000001,b1000000-0000-0000-0000-000000000012,VH-SF-C42-0001,null,null,null,null,null,null,null,null,null,good,allocated,null,2026-04-10 22:55:36.602412+00,null,null,null,null,null,null,null,null,null,false,,null
8681bc28-a464-410d-8d97-244d0420fa3f,00000000-0000-0000-0000-000000000001,b1000000-0000-0000-0000-000000000011,VH-ST-C42-0001,null,null,null,null,null,null,null,null,null,good,allocated,null,2026-04-10 22:55:36.602412+00,null,null,null,null,null,null,null,null,null,false,,null
bb4bad4b-02b1-4f85-bee4-6efdace761f8,00000000-0000-0000-0000-000000000001,b1000000-0000-0000-0000-000000000011,VH-ST-C42-0002,null,null,null,null,null,null,null,null,null,good,allocated,null,2026-04-10 22:55:36.602412+00,null,null,null,null,null,null,null,null,null,false,,null
ddd76816-a6c5-4e7e-bc8b-5d8d121922b5,00000000-0000-0000-0000-000000000001,b1000000-0000-0000-0000-000000000011,VH-ST-C42-0003,null,null,null,null,null,null,null,null,null,good,allocated,null,2026-04-10 22:55:36.602412+00,null,null,null,null,null,null,null,null,null,false,,null
c36d706f-6d3b-4060-945c-df1d58425009,00000000-0000-0000-0000-000000000001,b1000000-0000-0000-0000-000000000026,VH-TV-C42-0001,null,null,null,null,null,null,null,null,null,good,allocated,null,2026-04-10 22:55:36.602412+00,null,null,null,null,null,null,null,null,null,false,,null
ef1b9d4c-4b06-40f7-9655-ff187d113d83,00000000-0000-0000-0000-000000000001,b1000000-0000-0000-0000-000000000002,VH-WM-C42-0001,null,03WH5PBMA03651T,Samsung,WA60M4100HY 01/ TL,null,null,null,null,null,good,allocated,null,2026-04-10 22:55:36.602412+00,null,null,null,null,null,null,null,null,null,false,,null
d04220d8-e0a3-4377-8096-ae6756f1bef7,00000000-0000-0000-0000-000000000001,b1000000-0000-0000-0000-000000000022,VH-WH-C42-0001,null,19090038606689,Venus,3P30,null,null,null,null,null,good,allocated,null,2026-04-10 22:55:36.602412+00,null,null,null,null,3 lites / 3000 W/230v,null,null,null,null,false,,null
7f86b98d-2ca5-4a44-8c4b-bc89e75d7e89,00000000-0000-0000-0000-000000000001,b1000000-0000-0000-0000-000000000022,VH-WH-C42-0002,null,19090038607037,Venus,3P30,null,null,null,null,null,good,allocated,null,2026-04-10 22:55:36.602412+00,null,null,null,null,3 lites / 3000 W/230v,null,null,null,null,false,,null
1d23efda-47c5-4f25-a9a9-fb25f27f1555,00000000-0000-0000-0000-000000000001,b1000000-0000-0000-0000-000000000001,VH-AC-C43-0001,null,SE190Q15753,Hitachi,RSG312HCDOBW,null,null,null,null,null,good,allocated,null,2026-04-10 22:55:36.602412+00,null,null,null,null,null,null,null,null,null,false,,null
b5edcf4e-54dc-432a-a6bd-f1b36e2e0813,00000000-0000-0000-0000-000000000001,b1000000-0000-0000-0000-000000000001,VH-AC-C43-0002,null,SE190Q15742,Hitachi,RSG312HCD0BW,null,null,null,null,null,good,allocated,null,2026-04-10 22:55:36.602412+00,null,null,null,null,null,null,null,null,null,false,,null
d3ccf10c-b503-4208-b412-0bf8b877c76c,00000000-0000-0000-0000-000000000001,b1000000-0000-0000-0000-000000000001,VH-AC-C43-0003,null,SE190Q29493,Hitachi,RSG312HCDOBW,null,null,null,null,null,good,allocated,null,2026-04-10 22:55:36.602412+00,null,null,null,null,null,null,null,null,null,false,,null
61c39088-6c22-4637-8905-206c7e280d59,00000000-0000-0000-0000-000000000001,b1000000-0000-0000-0000-000000000019,VH-BS-C43-0001,null,null,null,null,null,null,null,null,null,good,allocated,null,2026-04-10 22:55:36.602412+00,null,null,null,null,null,null,null,null,null,false,,null
e26677fe-7cc9-4a1a-86c7-ed4903d8516a,00000000-0000-0000-0000-000000000001,b1000000-0000-0000-0000-000000000019,VH-BS-C43-0002,null,null,null,null,null,null,null,null,null,good,allocated,null,2026-04-10 22:55:36.602412+00,null,null,null,null,null,null,null,null,null,false,,null
aee946c4-2948-4330-a75c-fd4399249364,00000000-0000-0000-0000-000000000001,b1000000-0000-0000-0000-000000000021,VH-CH-C43-0001,null,null,null,null,null,null,null,null,null,good,allocated,null,2026-04-10 22:55:36.602412+00,null,null,null,null,null,null,null,null,null,false,,null
3a5a1e15-db8a-4557-8597-4f6aa646153e,00000000-0000-0000-0000-000000000001,b1000000-0000-0000-0000-000000000021,VH-CH-C43-0002,null,null,null,null,null,null,null,null,null,good,allocated,null,2026-04-10 22:55:36.602412+00,null,null,null,null,null,null,null,null,null,false,,null
3f0a13c9-6ca0-477d-bbdd-6aa6a21ae140,00000000-0000-0000-0000-000000000001,b1000000-0000-0000-0000-000000000021,VH-CH-C43-0003,null,null,null,null,null,null,null,null,null,good,allocated,null,2026-04-10 22:55:36.602412+00,null,null,null,null,null,null,null,null,null,false,,null
7933a33d-c5d9-4d5f-be75-351f26d5e6ee,00000000-0000-0000-0000-000000000001,b1000000-0000-0000-0000-000000000008,VH-CO-C43-0001,null,null,null,null,null,null,null,null,null,good,allocated,null,2026-04-10 22:55:36.602412+00,null,null,null,null,null,null,null,null,null,false,,null
835d0fa8-63d8-4067-b6e9-c6f7334b09d0,00000000-0000-0000-0000-000000000001,b1000000-0000-0000-0000-000000000008,VH-CO-C43-0002,null,null,null,null,null,null,null,null,null,good,allocated,null,2026-04-10 22:55:36.602412+00,null,null,null,null,null,null,null,null,null,false,,null
1b082c2f-dcc3-45a2-ba43-3308caf04844,00000000-0000-0000-0000-000000000001,b1000000-0000-0000-0000-000000000008,VH-CO-C43-0003,null,null,null,null,null,null,null,null,null,good,allocated,null,2026-04-10 22:55:36.602412+00,null,null,null,null,null,null,null,null,null,false,,null
8fff0c13-03cf-4eb7-bbb3-715c0be1c32b,00000000-0000-0000-0000-000000000001,b1000000-0000-0000-0000-000000000008,VH-CO-C43-0004,null,null,null,null,null,null,null,null,null,good,allocated,null,2026-04-10 22:55:36.602412+00,null,null,null,null,null,null,null,null,null,false,,null
f0ef1440-dd4a-40d6-9bf1-7c55c218f1bc,00000000-0000-0000-0000-000000000001,b1000000-0000-0000-0000-000000000008,VH-CO-C43-0005,null,null,null,null,null,null,null,null,null,good,allocated,null,2026-04-10 22:55:36.602412+00,null,null,null,null,null,null,null,null,null,false,,null
392b85f6-033a-4bd5-8141-dc6bcecf313a,00000000-0000-0000-0000-000000000001,c9000001-0000-0000-0000-000000000001,VH-CB-C43-0001,null,null,null,null,null,null,null,null,null,good,allocated,null,2026-04-10 22:55:36.602412+00,null,null,null,null,null,null,null,null,null,false,,null
60116934-1256-48b1-9ba9-bac1b438dab7,00000000-0000-0000-0000-000000000001,c9000001-0000-0000-0000-000000000001,VH-CB-C43-0002,null,null,null,null,null,null,null,null,null,good,allocated,null,2026-04-10 22:55:36.602412+00,null,null,null,null,null,null,null,null,null,false,,null
6ebb5f10-e5c9-43fa-aa88-2d588f3b05e9,00000000-0000-0000-0000-000000000001,c9000001-0000-0000-0000-000000000001,VH-CB-C43-0003,null,null,null,null,null,null,null,null,null,good,allocated,null,2026-04-10 22:55:36.602412+00,null,null,null,null,null,null,null,null,null,false,,null
b8beb00f-d440-4749-95a2-0489b5ca8b95,00000000-0000-0000-0000-000000000001,c9000001-0000-0000-0000-000000000001,VH-CB-C43-0004,null,null,null,null,null,null,null,null,null,good,allocated,null,2026-04-10 22:55:36.602412+00,null,null,null,null,null,null,null,null,null,false,,null
656467e0-85ba-45b6-ac40-6fa5e71d0af6,00000000-0000-0000-0000-000000000001,c9000001-0000-0000-0000-000000000001,VH-CB-C43-0005,null,null,null,null,null,null,null,null,null,good,allocated,null,2026-04-10 22:55:36.602412+00,null,null,null,null,null,null,null,null,null,false,,null
22177261-f086-4309-a75b-e12eeba5d81b,00000000-0000-0000-0000-000000000001,b1000000-0000-0000-0000-000000000013,VH-DT-C43-0001,null,null,null,null,null,null,null,null,null,good,allocated,null,2026-04-10 22:55:36.602412+00,null,null,null,null,null,null,null,null,null,false,,null
b764b8e7-a208-4b9a-846c-b1e6365cab20,00000000-0000-0000-0000-000000000001,b1000000-0000-0000-0000-000000000020,VH-FN-C43-0001,null,null,null,null,null,null,null,null,null,good,allocated,null,2026-04-10 22:55:36.602412+00,null,null,null,null,null,null,null,null,null,false,,null
30d9dbfc-a9d3-49fb-bc99-c78196773658,00000000-0000-0000-0000-000000000001,b1000000-0000-0000-0000-000000000020,VH-FN-C43-0002,null,null,null,null,null,null,null,null,null,good,allocated,null,2026-04-10 22:55:36.602412+00,null,null,null,null,null,null,null,null,null,false,,null
60fa4daf-142b-44d7-bdaf-e8a2df296689,00000000-0000-0000-0000-000000000001,b1000000-0000-0000-0000-000000000020,VH-FN-C43-0003,null,null,null,null,null,null,null,null,null,good,allocated,null,2026-04-10 22:55:36.602412+00,null,null,null,null,null,null,null,null,null,false,,null
10b20edb-cf44-48fc-a15f-564cb1a79586,00000000-0000-0000-0000-000000000001,b1000000-0000-0000-0000-000000000020,VH-FN-C43-0004,null,null,null,null,null,null,null,null,null,good,allocated,null,2026-04-10 22:55:36.602412+00,null,null,null,null,null,null,null,null,null,false,,null
2dc102be-058f-4240-ad8d-dbbffb26d854,00000000-0000-0000-0000-000000000001,b1000000-0000-0000-0000-000000000005,VH-IS-C43-0001,null,LI02247943825,Judge,Omega H2a,2025-05-05,1890.00,70867748-0c93-da0a-ed78-a6a3d4a605c7,null,null,good,allocated,No invoice available. Recorded from Excel. Requires invoice,2026-04-10 22:55:36.602412+00,null,2025-05-05,null,Online Purchase (Unknown Vendor),null,null,null,null,null,true,,null
3e5eeef1-214e-4b27-a0be-b3c14214156e,00000000-0000-0000-0000-000000000001,b1000000-0000-0000-0000-000000000009,VH-MA-C43-0001,null,null,null,New,null,null,null,null,null,good,allocated,null,2026-04-10 22:55:36.602412+00,null,null,null,null,null,null,null,null,null,false,,null
85b154ae-6478-4cd7-a94a-8b0a0993425a,00000000-0000-0000-0000-000000000001,b1000000-0000-0000-0000-000000000009,VH-MA-C43-0002,null,null,null,null,null,null,null,null,null,new,allocated,null,2026-04-10 22:55:36.602412+00,null,null,null,null,null,null,null,null,null,false,,null
3cd2bf5c-660d-430e-b19b-b376f73544ab,00000000-0000-0000-0000-000000000001,b1000000-0000-0000-0000-000000000009,VH-MA-C43-0003,null,null,null,null,null,null,null,null,null,good,allocated,null,2026-04-10 22:55:36.602412+00,null,null,null,null,null,null,null,null,null,false,,null
51c73248-3030-4056-a48e-534f42564947,00000000-0000-0000-0000-000000000001,b1000000-0000-0000-0000-000000000009,VH-MA-C43-0004,null,null,null,null,null,null,null,null,null,new,allocated,null,2026-04-10 22:55:36.602412+00,null,null,null,null,null,null,null,null,null,false,,null
6fb88cdc-84e8-40a4-a606-ea8fd1ca4048,00000000-0000-0000-0000-000000000001,b1000000-0000-0000-0000-000000000009,VH-MA-C43-0005,null,null,null,null,null,null,null,null,null,good,allocated,null,2026-04-10 22:55:36.602412+00,null,null,null,null,null,null,null,null,null,false,,null
0f712cce-89f8-4915-80fb-0936fe1b1632,00000000-0000-0000-0000-000000000001,b1000000-0000-0000-0000-000000000004,VH-MW-C43-0001,null,5008181015041080,IFB,17PM-MEC1,null,null,null,null,null,good,allocated,null,2026-04-10 22:55:36.602412+00,null,null,null,null,null,null,null,null,null,false,,null
2b009272-39ca-4da1-bab7-dac1b8b39de9,00000000-0000-0000-0000-000000000001,b1000000-0000-0000-0000-000000000003,VH-RF-C43-0001,null,null,Godrej,RD EDGE 205 TRF 2.2/2019,null,null,null,null,null,good,allocated,null,2026-04-10 22:55:36.602412+00,null,null,null,null,null,null,null,null,null,false,,null
8a0845e3-0198-495e-b17a-47edad6f4480,00000000-0000-0000-0000-000000000001,b1000000-0000-0000-0000-000000000007,VH-RO-C43-0001,null,null,Aqua Mars,null,2023-03-30,7000.00,df4e3fb8-4557-884d-f82f-c411e8707351,null,null,good,allocated,RO New. Bill number available.,2026-04-10 22:55:36.602412+00,1425,2023-03-30,null,Adyar Aqua House,null,null,null,null,null,false,,null
3356339f-179a-4bb2-bee4-63886f4e1e2f,00000000-0000-0000-0000-000000000001,b1000000-0000-0000-0000-000000000024,VH-SS-C43-0001,null,null,null,null,null,null,null,null,null,good,allocated,null,2026-04-10 22:55:36.602412+00,null,null,null,null,null,null,null,null,null,false,,null
90e2e4a1-129f-4334-8686-bbd8de7f1805,00000000-0000-0000-0000-000000000001,b1000000-0000-0000-0000-000000000012,VH-SF-C43-0001,null,null,null,null,null,null,null,null,null,good,allocated,null,2026-04-10 22:55:36.602412+00,null,null,null,null,null,null,null,null,null,false,,null
47f72718-ac23-4938-80b6-ef9eff13e8d8,00000000-0000-0000-0000-000000000001,b1000000-0000-0000-0000-000000000011,VH-ST-C43-0001,null,null,null,null,null,null,null,null,null,good,allocated,null,2026-04-10 22:55:36.602412+00,null,null,null,null,null,null,null,null,null,false,,null
a2b37083-1ad7-4c06-8c21-2c2023e28970,00000000-0000-0000-0000-000000000001,b1000000-0000-0000-0000-000000000011,VH-ST-C43-0002,null,null,null,null,null,null,null,null,null,good,allocated,null,2026-04-10 22:55:36.602412+00,null,null,null,null,null,null,null,null,null,false,,null
7fa99a49-f850-4b57-8028-aab4a8fbade0,00000000-0000-0000-0000-000000000001,b1000000-0000-0000-0000-000000000011,VH-ST-C43-0003,null,null,null,null,null,null,null,null,null,good,allocated,null,2026-04-10 22:55:36.602412+00,null,null,null,null,null,null,null,null,null,false,,null
74928897-0b26-488e-9de2-4ac9185c044e,00000000-0000-0000-0000-000000000001,b1000000-0000-0000-0000-000000000026,VH-TV-C43-0001,null,null,null,null,null,null,null,null,null,good,allocated,null,2026-04-10 22:55:36.602412+00,null,null,null,null,null,null,null,null,null,false,,null
44ee6905-97d0-4e14-843d-55300d23be1d,00000000-0000-0000-0000-000000000001,b1000000-0000-0000-0000-000000000002,VH-WM-C43-0001,null,T62CGD#18FH2#004385,Onida,CRYSTAL,null,null,null,null,null,good,allocated,null,2026-04-10 22:55:36.602412+00,null,null,null,null,null,null,null,null,null,false,,null
6de08c27-a0bd-47b3-aa1b-50fa02129ff4,00000000-0000-0000-0000-000000000001,b1000000-0000-0000-0000-000000000022,VH-WH-C43-0001,null,19090038607038,Venus,3P30,null,null,null,null,null,good,allocated,null,2026-04-10 22:55:36.602412+00,null,null,null,null,3 lites / 3000 W/230v,null,null,null,null,false,,null
9e83589c-0310-479c-9453-b3da59f7e07d,00000000-0000-0000-0000-000000000001,b1000000-0000-0000-0000-000000000022,VH-WH-C43-0002,null,Not available,Venus,3P30,null,null,null,null,null,good,allocated,null,2026-04-10 22:55:36.602412+00,null,null,null,null,3 lites / 3000 W/230v,null,null,null,null,false,,null
8ee72cf1-ebba-4daf-9713-19fe4b2b8f06,00000000-0000-0000-0000-000000000001,b1000000-0000-0000-0000-000000000001,VH-AC-C44-0001,null,SE190Q16121,Hitachi,ESG312HCDOBW,null,null,null,null,null,good,allocated,null,2026-04-10 22:55:36.602412+00,null,null,null,null,null,null,null,null,null,false,,null
13d9d678-a406-41b2-853d-8628a9ce5b31,00000000-0000-0000-0000-000000000001,b1000000-0000-0000-0000-000000000001,VH-AC-C44-0002,null,42462f1251524552,Whirlpool,1.0 ton MGC; 3S COPR -P,null,null,null,null,null,good,allocated,null,2026-04-10 22:55:36.602412+00,null,null,null,null,null,null,null,null,null,false,,null
1ac33845-439e-4379-ba39-8f2c952e8873,00000000-0000-0000-0000-000000000001,b1000000-0000-0000-0000-000000000001,VH-AC-C44-0003,null,null,Hitachi,RSG312HCD0BW/2019,null,null,null,null,null,good,allocated,null,2026-04-10 22:55:36.602412+00,null,null,null,null,null,null,null,null,null,false,,null
5f808eec-7ba7-4136-ba85-0e2aee0f52bd,00000000-0000-0000-0000-000000000001,b1000000-0000-0000-0000-000000000019,VH-BS-C44-0001,null,null,null,null,null,null,null,null,null,good,allocated,null,2026-04-10 22:55:36.602412+00,null,null,null,null,null,null,null,null,null,false,,null
2f68badc-a5b7-4256-b4c7-3e76fef4c3fe,00000000-0000-0000-0000-000000000001,b1000000-0000-0000-0000-000000000019,VH-BS-C44-0002,null,null,null,null,null,null,null,null,null,good,allocated,null,2026-04-10 22:55:36.602412+00,null,null,null,null,null,null,null,null,null,false,,null
9c8eae2f-09a7-4b60-bb03-bffe7963479e,00000000-0000-0000-0000-000000000001,b1000000-0000-0000-0000-000000000019,VH-BS-C44-0003,null,null,null,null,null,null,null,null,null,good,allocated,null,2026-04-10 22:55:36.602412+00,null,null,null,null,null,null,null,null,null,false,,null
32e3ad84-9f64-4682-9190-eb9d8b4db52c,00000000-0000-0000-0000-000000000001,b1000000-0000-0000-0000-000000000019,VH-BS-C44-0004,null,null,null,null,null,null,null,null,null,good,allocated,null,2026-04-10 22:55:36.602412+00,null,null,null,null,null,null,null,null,null,false,,null
6c381c26-1782-4883-9b35-d5738428c60b,00000000-0000-0000-0000-000000000001,b1000000-0000-0000-0000-000000000021,VH-CH-C44-0001,null,null,null,null,null,null,null,null,null,good,allocated,null,2026-04-10 22:55:36.602412+00,null,null,null,null,null,null,null,null,null,false,,null
0669bb3d-7a25-4d55-9f9e-9ca93f56d9a3,00000000-0000-0000-0000-000000000001,b1000000-0000-0000-0000-000000000021,VH-CH-C44-0002,null,null,null,null,null,null,null,null,null,good,allocated,null,2026-04-10 22:55:36.602412+00,null,null,null,null,null,null,null,null,null,false,,null
381e7e22-8454-4fa2-8b30-dbfd7b67586a,00000000-0000-0000-0000-000000000001,b1000000-0000-0000-0000-000000000021,VH-CH-C44-0003,null,null,null,null,null,null,null,null,null,good,allocated,null,2026-04-10 22:55:36.602412+00,null,null,null,null,null,null,null,null,null,false,,null
4aad8676-62e0-4dc4-b098-34df037aec14,00000000-0000-0000-0000-000000000001,b1000000-0000-0000-0000-000000000008,VH-CO-C44-0001,null,null,null,null,null,null,null,null,null,good,allocated,null,2026-04-10 22:55:36.602412+00,null,null,null,null,null,null,null,null,null,false,,null
1303088b-8cb4-4433-8a44-9385da20a6b7,00000000-0000-0000-0000-000000000001,b1000000-0000-0000-0000-000000000008,VH-CO-C44-0002,null,null,null,null,null,null,null,null,null,good,allocated,null,2026-04-10 22:55:36.602412+00,null,null,null,null,null,null,null,null,null,false,,null
5601dab1-6054-44c2-9b49-cd71b19dfa37,00000000-0000-0000-0000-000000000001,b1000000-0000-0000-0000-000000000008,VH-CO-C44-0003,null,null,null,null,null,null,null,null,null,good,allocated,null,2026-04-10 22:55:36.602412+00,null,null,null,null,null,null,null,null,null,false,,null
9e8a94ee-79d8-45ba-b21d-58f1c9b53ec9,00000000-0000-0000-0000-000000000001,b1000000-0000-0000-0000-000000000008,VH-CO-C44-0004,null,null,null,null,null,null,null,null,null,good,allocated,null,2026-04-10 22:55:36.602412+00,null,null,null,null,null,null,null,null,null,false,,null
5ca5bf28-2d1c-47b6-9008-2ed28ac08b10,00000000-0000-0000-0000-000000000001,b1000000-0000-0000-0000-000000000008,VH-CO-C44-0005,null,null,null,null,null,null,null,null,null,good,allocated,null,2026-04-10 22:55:36.602412+00,null,null,null,null,null,null,null,null,null,false,,null
14ede415-4e42-4132-a4d8-f97622c7aef0,00000000-0000-0000-0000-000000000001,c9000001-0000-0000-0000-000000000001,VH-CB-C44-0001,null,null,null,null,null,null,null,null,null,good,allocated,null,2026-04-10 22:55:36.602412+00,null,null,null,null,null,null,null,null,null,false,,null
6960a9fc-4df7-4bc3-9fed-e815ba0de256,00000000-0000-0000-0000-000000000001,c9000001-0000-0000-0000-000000000001,VH-CB-C44-0002,null,null,null,null,null,null,null,null,null,good,allocated,null,2026-04-10 22:55:36.602412+00,null,null,null,null,null,null,null,null,null,false,,null
03d5e083-8048-44b2-8534-ead77088bc21,00000000-0000-0000-0000-000000000001,c9000001-0000-0000-0000-000000000001,VH-CB-C44-0003,null,null,null,null,null,null,null,null,null,good,allocated,null,2026-04-10 22:55:36.602412+00,null,null,null,null,null,null,null,null,null,false,,null
aa943eb2-f80b-4f42-a308-5c25130627c6,00000000-0000-0000-0000-000000000001,c9000001-0000-0000-0000-000000000001,VH-CB-C44-0004,null,null,null,null,null,null,null,null,null,good,allocated,null,2026-04-10 22:55:36.602412+00,null,null,null,null,null,null,null,null,null,false,,null
6209ee7b-6c86-4060-a32e-ca5d265dedea,00000000-0000-0000-0000-000000000001,c9000001-0000-0000-0000-000000000001,VH-CB-C44-0005,null,null,null,null,null,null,null,null,null,good,allocated,null,2026-04-10 22:55:36.602412+00,null,null,null,null,null,null,null,null,null,false,,null
f6a50d94-7748-4cb4-848c-acb0929d97a6,00000000-0000-0000-0000-000000000001,b1000000-0000-0000-0000-000000000013,VH-DT-C44-0001,null,null,null,null,null,null,null,null,null,good,allocated,null,2026-04-10 22:55:36.602412+00,null,null,null,null,null,null,null,null,null,false,,null
e5e81efe-84c7-4339-a968-dda6e1f264cc,00000000-0000-0000-0000-000000000001,b1000000-0000-0000-0000-000000000020,VH-FN-C44-0001,null,null,null,null,null,null,null,null,null,good,allocated,null,2026-04-10 22:55:36.602412+00,null,null,null,null,null,null,null,null,null,false,,null
b582975d-5d81-492e-8f06-a1e5d3d78fd7,00000000-0000-0000-0000-000000000001,b1000000-0000-0000-0000-000000000020,VH-FN-C44-0002,null,null,null,null,null,null,null,null,null,good,allocated,null,2026-04-10 22:55:36.602412+00,null,null,null,null,null,null,null,null,null,false,,null
9b877037-bfe9-4589-8d21-cd44544ec393,00000000-0000-0000-0000-000000000001,b1000000-0000-0000-0000-000000000020,VH-FN-C44-0003,null,null,null,null,null,null,null,null,null,good,allocated,null,2026-04-10 22:55:36.602412+00,null,null,null,null,null,null,null,null,null,false,,null
96f7f9cd-ab09-4613-b714-0e7150b4c67c,00000000-0000-0000-0000-000000000001,b1000000-0000-0000-0000-000000000020,VH-FN-C44-0004,null,null,null,null,null,null,null,null,null,good,allocated,null,2026-04-10 22:55:36.602412+00,null,null,null,null,null,null,null,null,null,false,,null
0f8007c8-eb7c-4018-8167-3336744955b8,00000000-0000-0000-0000-000000000001,b1000000-0000-0000-0000-000000000005,VH-IS-C44-0001,null,LIH08249127794,Judge,Optima Plus,null,null,null,null,null,good,allocated,null,2026-04-10 22:55:36.602412+00,null,null,null,null,null,null,null,null,null,false,,null
39ed7576-74b9-47df-813e-1b4b3858092f,00000000-0000-0000-0000-000000000001,b1000000-0000-0000-0000-000000000009,VH-MA-C44-0001,null,null,null,null,null,null,null,null,null,new,allocated,null,2026-04-10 22:55:36.602412+00,null,null,null,null,null,null,null,null,null,false,,null
aeeed058-2d0e-4c0a-90ab-614372ddd1ac,00000000-0000-0000-0000-000000000001,b1000000-0000-0000-0000-000000000009,VH-MA-C44-0002,null,null,null,null,null,null,null,null,null,new,allocated,null,2026-04-10 22:55:36.602412+00,null,null,null,null,null,null,null,null,null,false,,null
cfe576d6-7421-46ee-878a-3470e3327be1,00000000-0000-0000-0000-000000000001,b1000000-0000-0000-0000-000000000009,VH-MA-C44-0003,null,null,null,null,null,null,null,null,null,new,allocated,null,2026-04-10 22:55:36.602412+00,null,null,null,null,null,null,null,null,null,false,,null
85c76cd0-e07a-48e7-a458-7f924950fc0e,00000000-0000-0000-0000-000000000001,b1000000-0000-0000-0000-000000000009,VH-MA-C44-0004,null,null,null,null,null,null,null,null,null,new,allocated,null,2026-04-10 22:55:36.602412+00,null,null,null,null,null,null,null,null,null,false,,null
b6b85972-04b9-4ae2-a2bf-a34e1c9eea7a,00000000-0000-0000-0000-000000000001,b1000000-0000-0000-0000-000000000009,VH-MA-C44-0005,null,null,null,null,null,null,null,null,null,good,allocated,null,2026-04-10 22:55:36.602412+00,null,null,null,null,null,null,null,null,null,false,,null
12bfdef1-5180-437e-93dc-0cdcd1a55f21,00000000-0000-0000-0000-000000000001,b1000000-0000-0000-0000-000000000004,VH-MW-C44-0001,null,0CDL7WEW100085A,Samsung,MS23A3513AK/TL/JANUARY-2023,null,null,null,null,null,good,allocated,null,2026-04-10 22:55:36.602412+00,null,null,null,null,null,null,null,null,null,false,,null
9eecd708-a126-4640-aadf-7decd7d1886f,00000000-0000-0000-0000-000000000001,b1000000-0000-0000-0000-000000000003,VH-RF-C44-0001,null,null,Godrej,RD EDGE 205 TRF 2.2/2019,null,null,null,null,null,good,allocated,null,2026-04-10 22:55:36.602412+00,null,null,null,null,null,null,null,null,null,false,,null
dbbc3c27-acd8-4522-ac08-f97d8df569cb,00000000-0000-0000-0000-000000000001,b1000000-0000-0000-0000-000000000007,VH-RO-C44-0001,null,null,Aqua Mars,null,2023-03-30,7000.00,df4e3fb8-4557-884d-f82f-c411e8707351,null,null,good,allocated,RO New. No invoice - requires upload.,2026-04-10 22:55:36.602412+00,null,2023-03-30,null,Adyar Aqua House,null,null,null,null,null,true,,null
044383dc-1766-4e85-a833-a1248677b2be,00000000-0000-0000-0000-000000000001,b1000000-0000-0000-0000-000000000024,VH-SS-C44-0001,null,null,null,null,null,null,null,null,null,good,allocated,null,2026-04-10 22:55:36.602412+00,null,null,null,null,null,null,null,null,null,false,,null
222c2ff8-1be1-4138-b37b-ab41f2563648,00000000-0000-0000-0000-000000000001,b1000000-0000-0000-0000-000000000012,VH-SF-C44-0001,null,null,null,null,null,null,null,null,null,good,allocated,null,2026-04-10 22:55:36.602412+00,null,null,null,null,null,null,null,null,null,false,,null
4fe13ea9-58e7-4848-aeed-9e6601ed8a1f,00000000-0000-0000-0000-000000000001,b1000000-0000-0000-0000-000000000011,VH-ST-C44-0001,null,null,null,null,null,null,null,null,null,good,allocated,null,2026-04-10 22:55:36.602412+00,null,null,null,null,null,null,null,null,null,false,,null
9ba1704a-4a9c-41b3-80b7-d09d4b44a86b,00000000-0000-0000-0000-000000000001,b1000000-0000-0000-0000-000000000011,VH-ST-C44-0002,null,null,null,null,null,null,null,null,null,good,allocated,null,2026-04-10 22:55:36.602412+00,null,null,null,null,null,null,null,null,null,false,,null
afa43bbd-f82d-44b5-8cf1-3b0d31591ed4,00000000-0000-0000-0000-000000000001,b1000000-0000-0000-0000-000000000011,VH-ST-C44-0003,null,null,null,null,null,null,null,null,null,good,allocated,null,2026-04-10 22:55:36.602412+00,null,null,null,null,null,null,null,null,null,false,,null
b6a9c919-3199-455c-b42c-9f367f1d2b24,00000000-0000-0000-0000-000000000001,b1000000-0000-0000-0000-000000000026,VH-TV-C44-0001,null,null,null,null,null,null,null,null,null,good,allocated,null,2026-04-10 22:55:36.602412+00,null,null,null,null,null,null,null,null,null,false,,null
38fd8693-6cf4-4bea-ad41-57f8e9ca7503,00000000-0000-0000-0000-000000000001,b1000000-0000-0000-0000-000000000002,VH-WM-C44-0001,null,05A05PBW2044136,Samsung,WA70BG4441BG,null,null,null,null,null,good,allocated,null,2026-04-10 22:55:36.602412+00,null,null,null,null,null,null,null,null,null,false,,null
ed6fecaf-7694-4b4e-8d35-e74cc52c0572,00000000-0000-0000-0000-000000000001,b1000000-0000-0000-0000-000000000022,VH-WH-C44-0001,null,null,Venus,3P30,null,null,null,null,null,good,allocated,null,2026-04-10 22:55:36.602412+00,null,null,null,null,3 lites / 3000 W/230v,null,null,null,null,false,,null
f67aa3ba-1acc-43fb-bdb6-e45f74888054,00000000-0000-0000-0000-000000000001,b1000000-0000-0000-0000-000000000022,VH-WH-C44-0002,null,1909003107033,Venus,3P30,null,null,null,null,null,good,allocated,null,2026-04-10 22:55:36.602412+00,null,null,null,null,3 lites / 3000 W/230v,null,null,null,null,false,,null
5da6f131-fa1e-4f4a-bd3e-736bee9f59d2,00000000-0000-0000-0000-000000000001,b1000000-0000-0000-0000-000000000001,VH-AC-D11-0001,null,null,null,null,null,null,null,null,null,good,allocated,null,2026-04-10 22:55:36.602412+00,null,null,null,null,null,null,null,null,null,false,,null
ae778bb1-a990-49a0-b433-d37eaff89aa9,00000000-0000-0000-0000-000000000001,b1000000-0000-0000-0000-000000000001,VH-AC-D11-0002,null,null,null,null,null,null,null,null,null,good,allocated,null,2026-04-10 22:55:36.602412+00,null,null,null,null,null,null,null,null,null,false,,null
9de4f299-90f7-4a53-a8c5-8000e64f1b8c,00000000-0000-0000-0000-000000000001,b1000000-0000-0000-0000-000000000001,VH-AC-D11-0003,null,null,null,null,null,null,null,null,null,good,allocated,null,2026-04-10 22:55:36.602412+00,null,null,null,null,null,null,null,null,null,false,,null
d62e228c-2695-46b3-8a0a-c307c04b84c8,00000000-0000-0000-0000-000000000001,b1000000-0000-0000-0000-000000000019,VH-BS-D11-0001,null,null,null,null,null,null,null,null,null,good,allocated,null,2026-04-10 22:55:36.602412+00,null,null,null,null,null,null,null,null,null,false,,null
3f10af6c-d4e1-4d29-89f8-56c741d2c8b9,00000000-0000-0000-0000-000000000001,b1000000-0000-0000-0000-000000000019,VH-BS-D11-0002,null,null,null,null,null,null,null,null,null,good,allocated,null,2026-04-10 22:55:36.602412+00,null,null,null,null,null,null,null,null,null,false,,null
92552377-55a9-4b88-8f83-998d8bfcb72b,00000000-0000-0000-0000-000000000001,b1000000-0000-0000-0000-000000000019,VH-BS-D11-0003,null,null,null,null,null,null,null,null,null,good,allocated,null,2026-04-10 22:55:36.602412+00,null,null,null,null,null,null,null,null,null,false,,null
aa849c29-c7ab-4374-ba10-cd79a303f3af,00000000-0000-0000-0000-000000000001,b1000000-0000-0000-0000-000000000021,VH-CH-D11-0001,null,null,null,null,null,null,null,null,null,good,allocated,null,2026-04-10 22:55:36.602412+00,null,null,null,null,null,null,null,null,null,false,,null
40a65f50-20cf-4631-b949-2be9a125a7cd,00000000-0000-0000-0000-000000000001,b1000000-0000-0000-0000-000000000021,VH-CH-D11-0002,null,null,null,null,null,null,null,null,null,good,allocated,null,2026-04-10 22:55:36.602412+00,null,null,null,null,null,null,null,null,null,false,,null
718a0082-d5e2-4e95-ac15-70bc14f4dd18,00000000-0000-0000-0000-000000000001,b1000000-0000-0000-0000-000000000021,VH-CH-D11-0003,null,null,null,null,null,null,null,null,null,good,allocated,null,2026-04-10 22:55:36.602412+00,null,null,null,null,null,null,null,null,null,false,,null
b5878a56-04de-4945-9873-41959ba93e37,00000000-0000-0000-0000-000000000001,b1000000-0000-0000-0000-000000000021,VH-CH-D11-0004,null,null,null,null,null,null,null,null,null,good,allocated,null,2026-04-10 22:55:36.602412+00,null,null,null,null,null,null,null,null,null,false,,null
ce9b9756-33b0-4d04-b64a-6af7fcbca6cf,00000000-0000-0000-0000-000000000001,b1000000-0000-0000-0000-000000000008,VH-CO-D11-0001,null,null,null,null,null,null,null,null,null,good,allocated,null,2026-04-10 22:55:36.602412+00,null,null,null,null,null,null,null,null,null,false,,null
e570c8cf-9460-4125-97cc-4c2924fe5882,00000000-0000-0000-0000-000000000001,b1000000-0000-0000-0000-000000000008,VH-CO-D11-0002,null,null,null,null,null,null,null,null,null,good,allocated,null,2026-04-10 22:55:36.602412+00,null,null,null,null,null,null,null,null,null,false,,null
3d8a59c1-825f-4b5f-97d1-ef05e6260424,00000000-0000-0000-0000-000000000001,b1000000-0000-0000-0000-000000000008,VH-CO-D11-0003,null,null,null,null,null,null,null,null,null,good,allocated,null,2026-04-10 22:55:36.602412+00,null,null,null,null,null,null,null,null,null,false,,null
10d695bc-f929-4f9a-835e-f5f272128e47,00000000-0000-0000-0000-000000000001,b1000000-0000-0000-0000-000000000008,VH-CO-D11-0004,null,null,null,null,null,null,null,null,null,good,allocated,null,2026-04-10 22:55:36.602412+00,null,null,null,null,null,null,null,null,null,false,,null
4a517757-b1a9-468c-9dba-216e104e9ad9,00000000-0000-0000-0000-000000000001,c9000001-0000-0000-0000-000000000001,VH-CB-D11-0001,null,null,null,null,null,null,null,null,null,good,allocated,null,2026-04-10 22:55:36.602412+00,null,null,null,null,null,null,null,null,null,false,,null
2f4632a4-122d-4877-8f71-bc3618e56677,00000000-0000-0000-0000-000000000001,c9000001-0000-0000-0000-000000000001,VH-CB-D11-0002,null,null,null,null,null,null,null,null,null,good,allocated,null,2026-04-10 22:55:36.602412+00,null,null,null,null,null,null,null,null,null,false,,null
84b5415d-929f-4555-af57-6320e96ad816,00000000-0000-0000-0000-000000000001,c9000001-0000-0000-0000-000000000001,VH-CB-D11-0003,null,null,null,null,null,null,null,null,null,good,allocated,null,2026-04-10 22:55:36.602412+00,null,null,null,null,null,null,null,null,null,false,,null
b574a563-60e4-4abc-828f-0208ffa9840b,00000000-0000-0000-0000-000000000001,c9000001-0000-0000-0000-000000000001,VH-CB-D11-0004,null,null,null,null,null,null,null,null,null,good,allocated,null,2026-04-10 22:55:36.602412+00,null,null,null,null,null,null,null,null,null,false,,null
b04c7975-b41a-4a6a-b82c-15c29e4d7f32,00000000-0000-0000-0000-000000000001,b1000000-0000-0000-0000-000000000013,VH-DT-D11-0001,null,null,null,null,null,null,null,null,null,good,allocated,null,2026-04-10 22:55:36.602412+00,null,null,null,null,null,null,null,null,null,false,,null
8e7bf2ce-20ff-42de-910d-4a24921515b6,00000000-0000-0000-0000-000000000001,b1000000-0000-0000-0000-000000000020,VH-FN-D11-0001,null,null,null,null,null,null,null,null,null,good,allocated,null,2026-04-10 22:55:36.602412+00,null,null,null,null,null,null,null,null,null,false,,null
dc1020be-24a1-4aba-a4bc-ba16db1478b7,00000000-0000-0000-0000-000000000001,b1000000-0000-0000-0000-000000000020,VH-FN-D11-0002,null,null,null,null,null,null,null,null,null,good,allocated,null,2026-04-10 22:55:36.602412+00,null,null,null,null,null,null,null,null,null,false,,null
05a93b2d-a6c7-4640-93af-6fd19b12c0a2,00000000-0000-0000-0000-000000000001,b1000000-0000-0000-0000-000000000005,VH-IS-D11-0001,null,LI03235325174,Prestige,PIC 16.0+,2025-05-05,1890.00,70867748-0c93-da0a-ed78-a6a3d4a605c7,null,null,good,allocated,No invoice available. Recorded from Excel. Requires invoice,2026-04-10 22:55:36.602412+00,null,2025-05-05,null,Online Purchase (Unknown Vendor),null,null,null,null,null,true,,null
ea804b5d-ce6d-455f-b01a-8cc27d0595eb,00000000-0000-0000-0000-000000000001,b1000000-0000-0000-0000-000000000009,VH-MA-D11-0001,null,null,null,null,null,null,null,null,null,new,allocated,null,2026-04-10 22:55:36.602412+00,null,null,null,null,null,null,null,null,null,false,,null
17957fac-cf0a-45ec-a106-d445925da1e0,00000000-0000-0000-0000-000000000001,b1000000-0000-0000-0000-000000000009,VH-MA-D11-0002,null,null,null,null,null,null,null,null,null,new,allocated,null,2026-04-10 22:55:36.602412+00,null,null,null,null,null,null,null,null,null,false,,null
6d1785a8-1f78-4c30-ab03-dda0f15a282e,00000000-0000-0000-0000-000000000001,b1000000-0000-0000-0000-000000000009,VH-MA-D11-0003,null,null,null,null,null,null,null,null,null,new,allocated,null,2026-04-10 22:55:36.602412+00,null,null,null,null,null,null,null,null,null,false,,null
6ccbe5a4-2e5d-4ece-9074-039a98590de0,00000000-0000-0000-0000-000000000001,b1000000-0000-0000-0000-000000000009,VH-MA-D11-0004,null,null,null,null,null,null,null,null,null,good,allocated,null,2026-04-10 22:55:36.602412+00,null,null,null,null,null,null,null,null,null,false,,null
d6431127-7862-4964-a4d8-3e15e2118a4b,00000000-0000-0000-0000-000000000001,b1000000-0000-0000-0000-000000000009,VH-MA-D11-0005,null,null,null,null,null,null,null,null,null,good,allocated,null,2026-04-10 22:55:36.602412+00,null,null,null,null,null,null,null,null,null,false,,null
a1558217-d3cf-4def-885b-e0db879fd72e,00000000-0000-0000-0000-000000000001,b1000000-0000-0000-0000-000000000009,VH-MA-D11-0006,null,null,null,null,null,null,null,null,null,good,allocated,null,2026-04-10 22:55:36.602412+00,null,null,null,null,null,null,null,null,null,false,,null
cce831ad-398f-49b4-adf2-b594419b2f62,00000000-0000-0000-0000-000000000001,b1000000-0000-0000-0000-000000000004,VH-MW-D11-0001,null,0BFE7WDM502780N,Samsung,MS23K3513AK/TL MAY-2019,null,null,null,null,null,good,allocated,null,2026-04-10 22:55:36.602412+00,null,null,null,null,null,null,null,null,null,false,,null
3a808621-2515-4b75-9e29-7b16e340da4f,00000000-0000-0000-0000-000000000001,b1000000-0000-0000-0000-000000000003,VH-RF-D11-0001,null,null,Samsung,RR20N1Y1ZSE/HL/2019,null,null,null,null,null,good,allocated,null,2026-04-10 22:55:36.602412+00,null,null,null,null,null,null,null,null,null,false,,null
5fbc29f6-4bf5-49ea-8394-626682cbaa98,00000000-0000-0000-0000-000000000001,b1000000-0000-0000-0000-000000000007,VH-RO-D11-0001,null,null,Aqua Mars,null,2025-09-16,7000.00,df4e3fb8-4557-884d-f82f-c411e8707351,null,null,good,allocated,RO Replacement. Bill number available.,2026-04-10 22:55:36.602412+00,1391,2025-09-16,null,Adyar Aqua House,null,null,null,null,null,false,,null
7e97db74-404f-43de-950c-2fb34dbd70db,00000000-0000-0000-0000-000000000001,b1000000-0000-0000-0000-000000000024,VH-SS-D11-0001,null,null,null,null,null,null,null,null,null,good,allocated,null,2026-04-10 22:55:36.602412+00,null,null,null,null,null,null,null,null,null,false,,null
0ea8c39f-bb94-4db7-a15c-172e6f74e4d8,00000000-0000-0000-0000-000000000001,b1000000-0000-0000-0000-000000000012,VH-SF-D11-0001,null,null,null,null,null,null,null,null,null,good,allocated,null,2026-04-10 22:55:36.602412+00,null,null,null,null,null,null,null,null,null,false,,null
25a7ebc5-6cf7-4eab-8a97-6a1347eea0bb,00000000-0000-0000-0000-000000000001,b1000000-0000-0000-0000-000000000011,VH-ST-D11-0001,null,null,null,null,null,null,null,null,null,good,allocated,null,2026-04-10 22:55:36.602412+00,null,null,null,null,null,null,null,null,null,false,,null
5fac2cd5-3c3b-404b-8787-fe7496fe76f6,00000000-0000-0000-0000-000000000001,b1000000-0000-0000-0000-000000000011,VH-ST-D11-0002,null,null,null,null,null,null,null,null,null,good,allocated,null,2026-04-10 22:55:36.602412+00,null,null,null,null,null,null,null,null,null,false,,null
f0ab2a84-12dd-46f5-bdb4-496336356ecb,00000000-0000-0000-0000-000000000001,b1000000-0000-0000-0000-000000000011,VH-ST-D11-0003,null,null,null,null,null,null,null,null,null,good,allocated,null,2026-04-10 22:55:36.602412+00,null,null,null,null,null,null,null,null,null,false,,null
ea09bed0-6ebb-449c-be27-c8f65cc49f17,00000000-0000-0000-0000-000000000001,b1000000-0000-0000-0000-000000000026,VH-TV-D11-0001,null,null,null,null,null,null,null,null,null,good,allocated,null,2026-04-10 22:55:36.602412+00,null,null,null,null,null,null,null,null,null,false,,null
8aa65042-22ee-45b4-9708-36f743ae7cf9,00000000-0000-0000-0000-000000000001,b1000000-0000-0000-0000-000000000002,VH-WM-D11-0001,null,T62CG#18LH2#004262,Onida,CRYSTAL,null,null,null,null,null,good,allocated,null,2026-04-10 22:55:36.602412+00,null,null,null,null,6.2 Kg,null,null,null,null,false,,null
1a481f1c-7ed0-4657-95a2-da034730c773,00000000-0000-0000-0000-000000000001,b1000000-0000-0000-0000-000000000022,VH-WH-D11-0001,null,19070038603638,Venus,3P30,null,null,null,null,null,good,allocated,null,2026-04-10 22:55:36.602412+00,null,null,null,null,3 lites / 3000 W/230v,null,null,null,null,false,,null
92306217-eb0e-43bb-8199-832c63709fc4,00000000-0000-0000-0000-000000000001,b1000000-0000-0000-0000-000000000022,VH-WH-D11-0002,null,19070038603638,Venus,3P30,null,null,null,null,null,good,allocated,null,2026-04-10 22:55:36.602412+00,null,null,null,null,3 lites / 3000 W/230v,null,null,null,null,false,,null
4cc0955d-86df-48bb-9fe7-bd4e4218361f,00000000-0000-0000-0000-000000000001,b1000000-0000-0000-0000-000000000022,VH-WH-D11-0003,null,18090038606518,Venus,3P30,null,null,null,null,null,good,allocated,null,2026-04-10 22:55:36.602412+00,null,null,null,null,3 lites / 3000 W/230v,null,null,null,null,false,,null
64446452-f9e9-42d6-98d4-dc9aab5f2985,00000000-0000-0000-0000-000000000001,b1000000-0000-0000-0000-000000000001,VH-AC-D12-0001,null,BCZ0P9AM800047E,Samsung,AR12RG3BAWKNNA,null,null,null,null,null,good,allocated,null,2026-04-10 22:55:36.602412+00,null,null,null,null,null,null,null,null,null,false,,null
01358eaa-06be-455c-b086-9d9ced1d02c9,00000000-0000-0000-0000-000000000001,b1000000-0000-0000-0000-000000000001,VH-AC-D12-0002,null,BCZX0P9AM800020W,Samsung,AR12RG3BAWKNNA,null,null,null,null,null,good,allocated,null,2026-04-10 22:55:36.602412+00,null,null,null,null,null,null,null,null,null,false,,null
9eaf25c2-a5d9-4854-a2cc-1373bb337682,00000000-0000-0000-0000-000000000001,b1000000-0000-0000-0000-000000000001,VH-AC-D12-0003,null,BCX0P9AM800016T,Samsung,AR12RG3BAWKNNA,null,null,null,null,null,good,allocated,null,2026-04-10 22:55:36.602412+00,null,null,null,null,null,null,null,null,null,false,,null
99abf431-7de0-45fc-8e98-374b58a9fcb1,00000000-0000-0000-0000-000000000001,b1000000-0000-0000-0000-000000000021,VH-CH-D12-0001,null,null,null,null,null,null,null,null,null,good,allocated,null,2026-04-10 22:55:36.602412+00,null,null,null,null,null,null,null,null,null,false,,null
030587a5-77b5-48db-95ce-c76bae9fd3da,00000000-0000-0000-0000-000000000001,b1000000-0000-0000-0000-000000000021,VH-CH-D12-0002,null,null,null,null,null,null,null,null,null,good,allocated,null,2026-04-10 22:55:36.602412+00,null,null,null,null,null,null,null,null,null,false,,null
22a185e5-161a-4b0d-8dcb-cbd6a7ba3873,00000000-0000-0000-0000-000000000001,b1000000-0000-0000-0000-000000000021,VH-CH-D12-0003,null,null,null,null,null,null,null,null,null,good,allocated,null,2026-04-10 22:55:36.602412+00,null,null,null,null,null,null,null,null,null,false,,null
11ec207e-e6f6-49b7-ac69-d4c595537c09,00000000-0000-0000-0000-000000000001,b1000000-0000-0000-0000-000000000008,VH-CO-D12-0001,null,null,null,COT 3x6,2025-06-17,5950.00,1f1c91d5-56b6-641b-e035-aa2fc4782999,null,null,good,allocated,null,2026-04-10 22:55:36.602412+00,SF/25-26/25,2025-06-17,asset-invoices/vista heights/Smart Furniture bill.pdf,Smart Furniture,null,null,null,null,null,false,,null
7238ef91-06c5-4a76-9ddc-94e3f935f5e5,00000000-0000-0000-0000-000000000001,b1000000-0000-0000-0000-000000000008,VH-CO-D12-0002,null,null,null,null,null,null,null,null,null,good,allocated,null,2026-04-10 22:55:36.602412+00,null,null,null,null,null,null,null,null,null,false,,null
9967095e-fa20-4c7b-8c3f-6bc419b14c46,00000000-0000-0000-0000-000000000001,b1000000-0000-0000-0000-000000000008,VH-CO-D12-0003,null,null,null,null,null,null,null,null,null,good,allocated,null,2026-04-10 22:55:36.602412+00,null,null,null,null,null,null,null,null,null,false,,null
ab7debdd-09cd-4e36-bb8b-0d4eb6444cd1,00000000-0000-0000-0000-000000000001,b1000000-0000-0000-0000-000000000008,VH-CO-D12-0004,null,null,null,null,null,null,null,null,null,good,allocated,null,2026-04-10 22:55:36.602412+00,null,null,null,null,null,null,null,null,null,false,,null
b02beced-4dbd-454f-950f-b6254896dae2,00000000-0000-0000-0000-000000000001,b1000000-0000-0000-0000-000000000008,VH-CO-D12-0005,null,null,null,null,null,null,null,null,null,good,allocated,null,2026-04-10 22:55:36.602412+00,null,null,null,null,null,null,null,null,null,false,,null
a6d320f2-c368-4074-98ed-25444e6287d3,00000000-0000-0000-0000-000000000001,c9000001-0000-0000-0000-000000000001,VH-CB-D12-0001,null,null,null,null,null,null,null,null,null,good,allocated,null,2026-04-10 22:55:36.602412+00,null,null,null,null,null,null,null,null,null,false,,null
cdaaab49-8984-492d-811b-4fcb93508155,00000000-0000-0000-0000-000000000001,c9000001-0000-0000-0000-000000000001,VH-CB-D12-0002,null,null,null,null,null,null,null,null,null,good,allocated,null,2026-04-10 22:55:36.602412+00,null,null,null,null,null,null,null,null,null,false,,null
7cb3ace3-4480-4aa0-9efe-c9b0134c8624,00000000-0000-0000-0000-000000000001,c9000001-0000-0000-0000-000000000001,VH-CB-D12-0003,null,null,null,null,null,null,null,null,null,good,allocated,null,2026-04-10 22:55:36.602412+00,null,null,null,null,null,null,null,null,null,false,,null
763d357a-c096-4573-bc9f-22c615990521,00000000-0000-0000-0000-000000000001,c9000001-0000-0000-0000-000000000001,VH-CB-D12-0004,null,null,null,null,null,null,null,null,null,good,allocated,null,2026-04-10 22:55:36.602412+00,null,null,null,null,null,null,null,null,null,false,,null
c082fb6f-40ac-4ceb-95b0-685704d71eee,00000000-0000-0000-0000-000000000001,c9000001-0000-0000-0000-000000000001,VH-CB-D12-0005,null,null,null,null,null,null,null,null,null,good,allocated,null,2026-04-10 22:55:36.602412+00,null,null,null,null,null,null,null,null,null,false,,null
9adcfb39-5e9e-457a-948e-3168da9151a8,00000000-0000-0000-0000-000000000001,b1000000-0000-0000-0000-000000000013,VH-DT-D12-0001,null,null,null,null,null,null,null,null,null,good,allocated,null,2026-04-10 22:55:36.602412+00,null,null,null,null,null,null,null,null,null,false,,null
ef10d1c8-9621-40f6-b586-955840042208,00000000-0000-0000-0000-000000000001,b1000000-0000-0000-0000-000000000020,VH-FN-D12-0001,null,null,null,null,null,null,null,null,null,good,allocated,null,2026-04-10 22:55:36.602412+00,null,null,null,null,null,null,null,null,null,false,,null
3466151e-b985-4928-a03b-037084dcf9ae,00000000-0000-0000-0000-000000000001,b1000000-0000-0000-0000-000000000020,VH-FN-D12-0002,null,null,null,null,null,null,null,null,null,good,allocated,null,2026-04-10 22:55:36.602412+00,null,null,null,null,null,null,null,null,null,false,,null
3415582a-1981-4e36-9a42-e1fb2f44736a,00000000-0000-0000-0000-000000000001,b1000000-0000-0000-0000-000000000020,VH-FN-D12-0003,null,null,null,null,null,null,null,null,null,good,allocated,null,2026-04-10 22:55:36.602412+00,null,null,null,null,null,null,null,null,null,false,,null
9b695a1b-ddcc-4938-86ce-e7512d409fd9,00000000-0000-0000-0000-000000000001,b1000000-0000-0000-0000-000000000020,VH-FN-D12-0004,null,null,null,null,null,null,null,null,null,good,allocated,null,2026-04-10 22:55:36.602412+00,null,null,null,null,null,null,null,null,null,false,,null
d0a2330c-4dce-4a19-b662-b15151510b9a,00000000-0000-0000-0000-000000000001,b1000000-0000-0000-0000-000000000005,VH-IS-D12-0001,null,BB03KC1376A4081,Impex,Optima Plus,null,null,null,null,null,good,allocated,null,2026-04-10 22:55:36.602412+00,null,null,null,null,null,null,null,null,null,false,,null
65d588f4-b541-48b2-9392-1b7bb582b347,00000000-0000-0000-0000-000000000001,b1000000-0000-0000-0000-000000000009,VH-MA-D12-0001,null,null,null,null,null,null,null,null,null,new,allocated,null,2026-04-10 22:55:36.602412+00,null,null,null,null,null,null,null,null,null,false,,null
1743aa57-2c5a-41e0-8c7d-600589983b09,00000000-0000-0000-0000-000000000001,b1000000-0000-0000-0000-000000000009,VH-MA-D12-0002,null,null,null,null,null,null,null,null,null,new,allocated,null,2026-04-10 22:55:36.602412+00,null,null,null,null,null,null,null,null,null,false,,null
be4a4e16-10fb-424e-a938-8b380eb907d2,00000000-0000-0000-0000-000000000001,b1000000-0000-0000-0000-000000000009,VH-MA-D12-0003,null,null,null,null,null,null,null,null,null,new,allocated,null,2026-04-10 22:55:36.602412+00,null,null,null,null,null,null,null,null,null,false,,null
65c3743a-5ada-4841-b404-5caa26763b61,00000000-0000-0000-0000-000000000001,b1000000-0000-0000-0000-000000000009,VH-MA-D12-0004,null,null,null,null,null,null,null,null,null,new,allocated,null,2026-04-10 22:55:36.602412+00,null,null,null,null,null,null,null,null,null,false,,null
6a1e4096-cd14-4e97-8b89-8611f0709834,00000000-0000-0000-0000-000000000001,b1000000-0000-0000-0000-000000000009,VH-MA-D12-0005,null,null,null,null,null,null,null,null,null,new,allocated,null,2026-04-10 22:55:36.602412+00,null,null,null,null,null,null,null,null,null,false,,null
c6478769-5359-4d78-805a-61f57d7a13c1,00000000-0000-0000-0000-000000000001,b1000000-0000-0000-0000-000000000004,VH-MW-D12-0001,null,306NMXH013642,LG,MS2043DB0BB1QILN,null,null,null,null,null,good,allocated,null,2026-04-10 22:55:36.602412+00,null,null,null,null,null,null,null,null,null,false,,null
ba5fd3a3-3226-40df-b104-9be533c5fc1d,00000000-0000-0000-0000-000000000001,b1000000-0000-0000-0000-000000000003,VH-RF-D12-0001,null,null,Samsung,RR20C1712S8/HL/2023,null,null,null,null,null,good,allocated,null,2026-04-10 22:55:36.602412+00,null,null,null,null,null,null,null,null,null,false,,null
06c9f1ba-db3c-498d-a890-0980f8b1db13,00000000-0000-0000-0000-000000000001,b1000000-0000-0000-0000-000000000007,VH-RO-D12-0001,null,null,Aqua Mars,null,2023-08-05,7000.00,df4e3fb8-4557-884d-f82f-c411e8707351,null,null,good,allocated,RO Replacement. No invoice - requires upload.,2026-04-10 22:55:36.602412+00,null,2023-08-05,null,Adyar Aqua House,null,null,null,null,null,true,,null
e7a99d72-b73f-48b0-a987-bccbc856fecd,00000000-0000-0000-0000-000000000001,b1000000-0000-0000-0000-000000000024,VH-SS-D12-0001,null,null,null,null,null,null,null,null,null,good,allocated,null,2026-04-10 22:55:36.602412+00,null,null,null,null,null,null,null,null,null,false,,null
a3041d18-6247-4915-bd0a-dbcc0eb445bc,00000000-0000-0000-0000-000000000001,b1000000-0000-0000-0000-000000000012,VH-SF-D12-0001,null,null,null,null,null,null,null,null,null,good,allocated,null,2026-04-10 22:55:36.602412+00,null,null,null,null,null,null,null,null,null,false,,null
2a5cb961-86a5-4c0d-a730-b691db804bb0,00000000-0000-0000-0000-000000000001,b1000000-0000-0000-0000-000000000011,VH-ST-D12-0001,null,null,null,null,null,null,null,null,null,good,allocated,null,2026-04-10 22:55:36.602412+00,null,null,null,null,null,null,null,null,null,false,,null
ebdf998b-c481-4e82-8481-aec0765a7c9d,00000000-0000-0000-0000-000000000001,b1000000-0000-0000-0000-000000000011,VH-ST-D12-0002,null,null,null,null,null,null,null,null,null,good,allocated,null,2026-04-10 22:55:36.602412+00,null,null,null,null,null,null,null,null,null,false,,null
f3f12a72-eb44-47b2-b260-66c8b872706a,00000000-0000-0000-0000-000000000001,b1000000-0000-0000-0000-000000000026,VH-TV-D12-0001,null,null,null,null,null,null,null,null,null,good,allocated,null,2026-04-10 22:55:36.602412+00,null,null,null,null,null,null,null,null,null,false,,null
5613cb77-4927-498c-b44d-8a2fcffd976a,00000000-0000-0000-0000-000000000001,b1000000-0000-0000-0000-000000000002,VH-WM-D12-0001,null,05A15PAW705845J,Samsung,WA70BG4441BY/2023,null,null,null,null,null,good,allocated,null,2026-04-10 22:55:36.602412+00,null,null,null,null,7KG,null,null,null,null,false,,null
db587abf-ef23-4356-9795-974e2c76d1d3,00000000-0000-0000-0000-000000000001,b1000000-0000-0000-0000-000000000022,VH-WH-D12-0001,null,19090038606686,Venus,3P30,null,null,null,null,null,good,allocated,null,2026-04-10 22:55:36.602412+00,null,null,null,null,3 lites / 3000 W/230v,null,null,null,null,false,,null
68aaafcd-5ce1-4f3d-85f7-5b42b0dafa15,00000000-0000-0000-0000-000000000001,b1000000-0000-0000-0000-000000000022,VH-WH-D12-0002,null,19070038603500,Venus,3P30,null,null,null,null,null,good,allocated,null,2026-04-10 22:55:36.602412+00,null,null,null,null,3 lites / 3000 W/230v,null,null,null,null,false,,null
00b7fd23-69e7-46fd-82ef-ca35a3f56394,00000000-0000-0000-0000-000000000001,b1000000-0000-0000-0000-000000000001,VH-AC-D21-0001,null,SE190Q26048,Hitachi,RSG312HCD0BW,null,null,null,null,null,good,allocated,null,2026-04-10 22:55:36.602412+00,null,null,null,null,null,null,null,null,null,false,,null
0605d972-00d7-4e1c-9717-1b4bdb98227b,00000000-0000-0000-0000-000000000001,b1000000-0000-0000-0000-000000000001,VH-AC-D21-0002,null,SE190Q29421,Hitachi,RSG312HCD06W,null,null,null,null,null,good,allocated,null,2026-04-10 22:55:36.602412+00,null,null,null,null,null,null,null,null,null,false,,null
da8e458f-b860-4736-acbb-059435162885,00000000-0000-0000-0000-000000000001,b1000000-0000-0000-0000-000000000001,VH-AC-D21-0003,null,SE190Q25943,null,RSG312HCD0BW,null,null,null,null,null,good,allocated,null,2026-04-10 22:55:36.602412+00,null,null,null,null,null,null,null,null,null,false,,null
561ea125-de43-46ef-b0b5-c9748b1e06ad,00000000-0000-0000-0000-000000000001,b1000000-0000-0000-0000-000000000001,VH-AC-D21-0004,null,SE190025943,Hitachi,RSG312HCDOBW,null,null,null,null,null,good,allocated,null,2026-04-10 22:55:36.602412+00,null,null,null,null,null,null,null,null,null,false,,null
d114815a-2414-4c11-b7d9-7f76b1c43ee3,00000000-0000-0000-0000-000000000001,b1000000-0000-0000-0000-000000000021,VH-CH-D21-0001,null,null,null,null,null,null,null,null,null,good,allocated,null,2026-04-10 22:55:36.602412+00,null,null,null,null,null,null,null,null,null,false,,null
66a42ee0-bd9f-473f-8ed1-f9fc7a42a3b0,00000000-0000-0000-0000-000000000001,b1000000-0000-0000-0000-000000000021,VH-CH-D21-0002,null,null,null,null,null,null,null,null,null,good,allocated,null,2026-04-10 22:55:36.602412+00,null,null,null,null,null,null,null,null,null,false,,null
fa801108-0a26-429b-93ec-153042dc864d,00000000-0000-0000-0000-000000000001,b1000000-0000-0000-0000-000000000021,VH-CH-D21-0003,null,null,null,null,null,null,null,null,null,good,allocated,null,2026-04-10 22:55:36.602412+00,null,null,null,null,null,null,null,null,null,false,,null
b7d5f32e-9a60-4659-8605-97d9a6c24086,00000000-0000-0000-0000-000000000001,b1000000-0000-0000-0000-000000000021,VH-CH-D21-0004,null,null,null,null,null,null,null,null,null,good,allocated,null,2026-04-10 22:55:36.602412+00,null,null,null,null,null,null,null,null,null,false,,null
8795e09a-b5b0-43cb-b20e-12dfe95dae05,00000000-0000-0000-0000-000000000001,b1000000-0000-0000-0000-000000000008,VH-CO-D21-0001,null,null,null,null,null,null,null,null,null,good,allocated,null,2026-04-10 22:55:36.602412+00,null,null,null,null,null,null,null,null,null,false,,null
b96d90b1-dbbd-4579-96b9-a2286a9411cc,00000000-0000-0000-0000-000000000001,b1000000-0000-0000-0000-000000000008,VH-CO-D21-0002,null,null,null,null,null,null,null,null,null,good,allocated,null,2026-04-10 22:55:36.602412+00,null,null,null,null,null,null,null,null,null,false,,null
3cbab2b0-0224-4c16-9af2-be43c8dd2f0c,00000000-0000-0000-0000-000000000001,b1000000-0000-0000-0000-000000000008,VH-CO-D21-0003,null,null,null,null,null,null,null,null,null,good,allocated,null,2026-04-10 22:55:36.602412+00,null,null,null,null,null,null,null,null,null,false,,null
85070bcd-27ad-4549-b34f-df82054903d0,00000000-0000-0000-0000-000000000001,b1000000-0000-0000-0000-000000000008,VH-CO-D21-0004,null,null,null,null,null,null,null,null,null,good,allocated,null,2026-04-10 22:55:36.602412+00,null,null,null,null,null,null,null,null,null,false,,null
1606f766-3eb8-4d25-87c3-cc26222be44b,00000000-0000-0000-0000-000000000001,c9000001-0000-0000-0000-000000000001,VH-CB-D21-0001,null,null,null,null,null,null,null,null,null,good,allocated,null,2026-04-10 22:55:36.602412+00,null,null,null,null,null,null,null,null,null,false,,null
b2adffa3-e7fd-43f8-8e0e-ab00c3b43040,00000000-0000-0000-0000-000000000001,c9000001-0000-0000-0000-000000000001,VH-CB-D21-0002,null,null,null,null,null,null,null,null,null,good,allocated,null,2026-04-10 22:55:36.602412+00,null,null,null,null,null,null,null,null,null,false,,null
e60b5fa9-81c0-4497-8bcc-72dbbfbc0198,00000000-0000-0000-0000-000000000001,c9000001-0000-0000-0000-000000000001,VH-CB-D21-0003,null,null,null,null,null,null,null,null,null,good,allocated,null,2026-04-10 22:55:36.602412+00,null,null,null,null,null,null,null,null,null,false,,null
b057aedf-024a-4f78-bcdf-db0b296060de,00000000-0000-0000-0000-000000000001,c9000001-0000-0000-0000-000000000001,VH-CB-D21-0004,null,null,null,null,null,null,null,null,null,good,allocated,null,2026-04-10 22:55:36.602412+00,null,null,null,null,null,null,null,null,null,false,,null
79b14f2a-439d-42a3-973b-c0c8b17d190f,00000000-0000-0000-0000-000000000001,b1000000-0000-0000-0000-000000000013,VH-DT-D21-0001,null,null,null,null,null,null,null,null,null,good,allocated,null,2026-04-10 22:55:36.602412+00,null,null,null,null,null,null,null,null,null,false,,null
5afb5cb0-85ac-4667-a503-73f76261a726,00000000-0000-0000-0000-000000000001,b1000000-0000-0000-0000-000000000020,VH-FN-D21-0001,null,null,null,null,null,null,null,null,null,good,allocated,null,2026-04-10 22:55:36.602412+00,null,null,null,null,null,null,null,null,null,false,,null
8ad4378e-8b51-4c43-8690-81aba71ae42a,00000000-0000-0000-0000-000000000001,b1000000-0000-0000-0000-000000000020,VH-FN-D21-0002,null,null,null,null,null,null,null,null,null,good,allocated,null,2026-04-10 22:55:36.602412+00,null,null,null,null,null,null,null,null,null,false,,null
1c7e8258-9896-4a48-a5b7-f04e6beba3b8,00000000-0000-0000-0000-000000000001,b1000000-0000-0000-0000-000000000020,VH-FN-D21-0003,null,null,null,null,null,null,null,null,null,good,allocated,null,2026-04-10 22:55:36.602412+00,null,null,null,null,null,null,null,null,null,false,,null
c191f5ff-1405-4422-8b9e-6877a17b6566,00000000-0000-0000-0000-000000000001,b1000000-0000-0000-0000-000000000005,VH-IS-D21-0001,null,LI12181110046,Prestige,PIC 20.0,null,null,null,null,null,good,allocated,null,2026-04-10 22:55:36.602412+00,null,null,null,null,null,null,null,null,null,false,,null
54597bcc-8382-45fa-b652-363a5569487f,00000000-0000-0000-0000-000000000001,b1000000-0000-0000-0000-000000000009,VH-MA-D21-0001,null,null,null,Duroflex Coir Mattress,2025-08-05,4599.65,c97a258e-bf13-8dc4-67fa-a8c1c8d0be04,null,null,good,allocated,null,2026-04-10 22:55:36.602412+00,4250442001,2025-08-05,asset-invoices/vista heights/Duro Flex-1.pdf,Duroflex Pvt Ltd,null,null,null,null,null,false,,null
48ef7a83-122b-45c3-8fb2-f247c719a705,00000000-0000-0000-0000-000000000001,b1000000-0000-0000-0000-000000000009,VH-MA-D21-0002,null,null,null,null,null,null,null,null,null,new,allocated,null,2026-04-10 22:55:36.602412+00,null,null,null,null,null,null,null,null,null,false,,null
7037d891-8043-422e-8870-a9c86afb316f,00000000-0000-0000-0000-000000000001,b1000000-0000-0000-0000-000000000009,VH-MA-D21-0003,null,null,null,null,null,null,null,null,null,good,allocated,null,2026-04-10 22:55:36.602412+00,null,null,null,null,null,null,null,null,null,false,,null
6aa7a64b-0a14-467d-9672-2493d51b162c,00000000-0000-0000-0000-000000000001,b1000000-0000-0000-0000-000000000009,VH-MA-D21-0004,null,null,null,null,null,null,null,null,null,new,allocated,null,2026-04-10 22:55:36.602412+00,null,null,null,null,null,null,null,null,null,false,,null
7e482326-2c7f-4779-a551-6587701336fc,00000000-0000-0000-0000-000000000001,b1000000-0000-0000-0000-000000000009,VH-MA-D21-0005,null,null,null,null,null,null,null,null,null,new,allocated,null,2026-04-10 22:55:36.602412+00,null,null,null,null,null,null,null,null,null,false,,null
2a24262d-ef65-4f62-b7fb-d9f0c1f64a00,00000000-0000-0000-0000-000000000001,b1000000-0000-0000-0000-000000000009,VH-MA-D21-0006,null,null,null,null,null,null,null,null,null,new,allocated,null,2026-04-10 22:55:36.602412+00,null,null,null,null,null,null,null,null,null,false,,null
74ff719c-e7cf-4a9d-81fc-46d6b8e9182f,00000000-0000-0000-0000-000000000001,b1000000-0000-0000-0000-000000000004,VH-MW-D21-0001,null,GZMW22D0083308,Voltas,N222W304909G/MS17WM,null,null,null,null,null,good,allocated,null,2026-04-10 22:55:36.602412+00,null,null,null,null,null,null,null,null,null,false,,null
9450d545-3ee6-4242-99fa-9ae894e95d4e,00000000-0000-0000-0000-000000000001,b1000000-0000-0000-0000-000000000003,VH-RF-D21-0001,null,null,Godrej,RD EDGE 205 TRF 2.2/2019,null,null,null,null,null,good,allocated,null,2026-04-10 22:55:36.602412+00,null,null,null,null,null,null,null,null,null,false,,null
1fac099b-4e9f-4260-bfa2-9ecdd23b97fb,00000000-0000-0000-0000-000000000001,b1000000-0000-0000-0000-000000000007,VH-RO-D21-0001,null,null,Aqua Mars,null,2023-08-30,7000.00,df4e3fb8-4557-884d-f82f-c411e8707351,null,null,good,allocated,RO Replacement. No invoice - requires upload.,2026-04-10 22:55:36.602412+00,null,2023-08-30,null,Adyar Aqua House,null,null,null,null,null,true,,null
b8f71ee8-8960-4ba5-9398-481094286a78,00000000-0000-0000-0000-000000000001,b1000000-0000-0000-0000-000000000024,VH-SS-D21-0001,null,null,null,null,null,null,null,null,null,good,allocated,null,2026-04-10 22:55:36.602412+00,null,null,null,null,null,null,null,null,null,false,,null
0fbdb3a1-a55f-48e5-a3ba-be125d3b99f7,00000000-0000-0000-0000-000000000001,b1000000-0000-0000-0000-000000000012,VH-SF-D21-0001,null,null,null,null,null,null,null,null,null,good,allocated,null,2026-04-10 22:55:36.602412+00,null,null,null,null,null,null,null,null,null,false,,null
83e8e16b-83ca-41bb-892c-50f7b125305a,00000000-0000-0000-0000-000000000001,b1000000-0000-0000-0000-000000000011,VH-ST-D21-0001,null,null,null,null,null,null,null,null,null,good,allocated,null,2026-04-10 22:55:36.602412+00,null,null,null,null,null,null,null,null,null,false,,null
8d94b712-e1bb-43cf-be52-11ef9223ab5a,00000000-0000-0000-0000-000000000001,b1000000-0000-0000-0000-000000000011,VH-ST-D21-0002,null,null,null,null,null,null,null,null,null,good,allocated,null,2026-04-10 22:55:36.602412+00,null,null,null,null,null,null,null,null,null,false,,null
84b2ced1-debf-4182-b973-054535294fec,00000000-0000-0000-0000-000000000001,b1000000-0000-0000-0000-000000000011,VH-ST-D21-0003,null,null,null,null,null,null,null,null,null,good,allocated,null,2026-04-10 22:55:36.602412+00,null,null,null,null,null,null,null,null,null,false,,null
4a514fb4-b375-4a45-ae4c-fa886fa20132,00000000-0000-0000-0000-000000000001,b1000000-0000-0000-0000-000000000002,VH-WM-D21-0001,null,1200263A22B101782,Voltas,WTL65UPSE,null,null,null,null,null,good,allocated,null,2026-04-10 22:55:36.602412+00,null,null,null,null,6.5 KG,null,null,null,null,false,,null
754787b3-542f-4911-abd5-c050c59784e8,00000000-0000-0000-0000-000000000001,b1000000-0000-0000-0000-000000000022,VH-WH-D21-0001,null,19020038613869,Venus,3P30,null,null,null,null,null,good,allocated,null,2026-04-10 22:55:36.602412+00,null,null,null,null,3 lites / 3000 W/230v,null,null,null,null,false,,null
c7044986-1955-41ac-a051-7ba5f4d56833,00000000-0000-0000-0000-000000000001,b1000000-0000-0000-0000-000000000022,VH-WH-D21-0002,null,19020038613866,Venus,3P30,null,null,null,null,null,good,allocated,null,2026-04-10 22:55:36.602412+00,null,null,null,null,3 lites / 3000 W/230v,null,null,null,null,false,,null
e5028470-51a0-49b6-95a5-8c4ac29fc08a,00000000-0000-0000-0000-000000000001,b1000000-0000-0000-0000-000000000022,VH-WH-D21-0003,null,null,null,null,null,null,null,null,null,good,allocated,null,2026-04-10 22:55:36.602412+00,null,null,null,null,null,null,null,null,null,false,,null
9d8f13d5-24ee-4b50-8509-a7d1e702882c,00000000-0000-0000-0000-000000000001,b1000000-0000-0000-0000-000000000007,VH-RO-D31-0001,null,null,null,null,2025-09-16,7000.00,df4e3fb8-4557-884d-f82f-c411e8707351,null,null,good,allocated,RO Replacement. Bill number available.,2026-04-10 22:55:36.602412+00,1392,2025-09-16,null,Adyar Aqua House,null,null,null,null,null,false,,null
c9545faa-61af-4983-9522-3fa31a3924ac,00000000-0000-0000-0000-000000000001,b1000000-0000-0000-0000-000000000001,VH-AC-D41-0001,null,GP-A1S12P22PIDUEXS00678,Blue Stare,GP-A1S12P22PIDU,null,null,8347323a-f7d0-9853-0d18-c4a765adc4fe,null,null,new,allocated,null,2026-04-10 22:55:36.602412+00,null,null,null,Mukesh,null,null,null,null,null,false,,null
137edf51-8c3c-42ba-8ee2-fa5b316f6e55,00000000-0000-0000-0000-000000000001,b1000000-0000-0000-0000-000000000001,VH-AC-D41-0002,null,null,Whirlpool,1.0 ton MGCL 3S COPR -P,null,null,null,null,null,good,allocated,null,2026-04-10 22:55:36.602412+00,null,null,null,null,null,null,null,null,null,false,,null
60ad83ea-7645-4c2d-a861-30436cfb0eb0,00000000-0000-0000-0000-000000000001,b1000000-0000-0000-0000-000000000001,VH-AC-D41-0003,null,GP-A1S12P22PIDUEXS00678,Blue Star,GP-A1S12P22PIDU,null,null,null,null,null,good,allocated,null,2026-04-10 22:55:36.602412+00,null,null,null,null,null,null,null,null,null,false,,null
5113f32c-70bb-4e71-9b7f-f7160c4ecb3e,00000000-0000-0000-0000-000000000001,b1000000-0000-0000-0000-000000000001,VH-AC-D41-0004,null,IAF251524561,Whirlpool,1.0 ton MGCL 3S COPR -P,null,null,null,null,null,good,allocated,null,2026-04-10 22:55:36.602412+00,null,null,null,null,null,null,null,null,null,false,,null
1078a694-1087-4360-83d8-fe23f63b80cb,00000000-0000-0000-0000-000000000001,b1000000-0000-0000-0000-000000000019,VH-BS-D41-0001,null,null,null,null,null,null,null,null,null,good,allocated,null,2026-04-10 22:55:36.602412+00,null,null,null,null,null,null,null,null,null,false,,null
4d04ac5b-ace9-424c-b2cf-97c3843d8d10,00000000-0000-0000-0000-000000000001,b1000000-0000-0000-0000-000000000019,VH-BS-D41-0002,null,null,null,null,null,null,null,null,null,good,allocated,null,2026-04-10 22:55:36.602412+00,null,null,null,null,null,null,null,null,null,false,,null
bf3fd2a7-e4df-4c5f-ae8d-86c7f3c37fb4,00000000-0000-0000-0000-000000000001,b1000000-0000-0000-0000-000000000019,VH-BS-D41-0003,null,null,null,null,null,null,null,null,null,good,allocated,null,2026-04-10 22:55:36.602412+00,null,null,null,null,null,null,null,null,null,false,,null
d03aff15-6ca7-49f1-9511-eb663005869c,00000000-0000-0000-0000-000000000001,b1000000-0000-0000-0000-000000000019,VH-BS-D41-0004,null,null,null,null,null,null,null,null,null,good,allocated,null,2026-04-10 22:55:36.602412+00,null,null,null,null,null,null,null,null,null,false,,null
2c298190-dbc3-4fdb-aaaa-5f71fce885a2,00000000-0000-0000-0000-000000000001,b1000000-0000-0000-0000-000000000019,VH-BS-D41-0005,null,null,null,null,null,null,null,null,null,good,allocated,null,2026-04-10 22:55:36.602412+00,null,null,null,null,null,null,null,null,null,false,,null
021a3ba8-bf30-42a9-883c-adb864332c45,00000000-0000-0000-0000-000000000001,b1000000-0000-0000-0000-000000000019,VH-BS-D41-0006,null,null,null,null,null,null,null,null,null,good,allocated,null,2026-04-10 22:55:36.602412+00,null,null,null,null,null,null,null,null,null,false,,null
1cce7627-62b5-40f3-b741-d911b095be2a,00000000-0000-0000-0000-000000000001,b1000000-0000-0000-0000-000000000019,VH-BS-D41-0007,null,null,null,null,null,null,null,null,null,good,allocated,null,2026-04-10 22:55:36.602412+00,null,null,null,null,null,null,null,null,null,false,,null
18112572-db14-45be-b418-71ce4b319f06,00000000-0000-0000-0000-000000000001,b1000000-0000-0000-0000-000000000021,VH-CH-D41-0001,null,null,null,null,null,null,null,null,null,good,allocated,null,2026-04-10 22:55:36.602412+00,null,null,null,null,null,null,null,null,null,false,,null
b7400564-dacb-4ee8-a667-52d81f983da7,00000000-0000-0000-0000-000000000001,b1000000-0000-0000-0000-000000000021,VH-CH-D41-0002,null,null,null,null,null,null,null,null,null,good,allocated,null,2026-04-10 22:55:36.602412+00,null,null,null,null,null,null,null,null,null,false,,null
527f8fc0-3a74-4ef8-b695-fb4ccf82e9de,00000000-0000-0000-0000-000000000001,b1000000-0000-0000-0000-000000000021,VH-CH-D41-0003,null,null,null,null,null,null,null,null,null,good,allocated,null,2026-04-10 22:55:36.602412+00,null,null,null,null,null,null,null,null,null,false,,null
ea6fe692-9811-419e-93dc-75a572135263,00000000-0000-0000-0000-000000000001,b1000000-0000-0000-0000-000000000021,VH-CH-D41-0004,null,null,null,null,null,null,null,null,null,good,allocated,null,2026-04-10 22:55:36.602412+00,null,null,null,null,null,null,null,null,null,false,,null
3dc8b542-e5ca-4b3d-a0af-8c1e4072f688,00000000-0000-0000-0000-000000000001,b1000000-0000-0000-0000-000000000021,VH-CH-D41-0005,null,null,null,null,null,null,null,null,null,good,allocated,null,2026-04-10 22:55:36.602412+00,null,null,null,null,null,null,null,null,null,false,,null
dd690931-e83e-4b28-83c4-b05ca31b74dd,00000000-0000-0000-0000-000000000001,b1000000-0000-0000-0000-000000000008,VH-CO-D41-0001,null,null,null,null,null,null,null,null,null,good,allocated,null,2026-04-10 22:55:36.602412+00,null,null,null,null,null,null,null,null,null,false,,null
2b82128c-87b3-48f5-956e-069d386c76b3,00000000-0000-0000-0000-000000000001,b1000000-0000-0000-0000-000000000008,VH-CO-D41-0002,null,null,null,null,null,null,null,null,null,good,allocated,null,2026-04-10 22:55:36.602412+00,null,null,null,null,null,null,null,null,null,false,,null
f9944fce-2a95-4c13-b4ad-5c85415ec060,00000000-0000-0000-0000-000000000001,b1000000-0000-0000-0000-000000000008,VH-CO-D41-0003,null,null,null,null,null,null,null,null,null,good,allocated,null,2026-04-10 22:55:36.602412+00,null,null,null,null,null,null,null,null,null,false,,null
90c7369d-3d2f-4d32-b117-c0330fde1854,00000000-0000-0000-0000-000000000001,b1000000-0000-0000-0000-000000000008,VH-CO-D41-0004,null,null,null,null,null,null,null,null,null,good,allocated,null,2026-04-10 22:55:36.602412+00,null,null,null,null,null,null,null,null,null,false,,null
205ea9ff-310b-4b74-baa5-68b476feec85,00000000-0000-0000-0000-000000000001,b1000000-0000-0000-0000-000000000008,VH-CO-D41-0005,null,null,null,null,null,null,null,null,null,good,allocated,null,2026-04-10 22:55:36.602412+00,null,null,null,null,null,null,null,null,null,false,,null
1f2065e6-8ac9-40aa-9f72-0af4ed4db4a1,00000000-0000-0000-0000-000000000001,b1000000-0000-0000-0000-000000000008,VH-CO-D41-0006,null,null,null,null,null,null,null,null,null,good,allocated,null,2026-04-10 22:55:36.602412+00,null,null,null,null,null,null,null,null,null,false,,null
a6a4e6d3-fdf3-4db8-a975-0c94c5ba6c2c,00000000-0000-0000-0000-000000000001,b1000000-0000-0000-0000-000000000008,VH-CO-D41-0007,null,null,null,null,null,null,null,null,null,good,allocated,null,2026-04-10 22:55:36.602412+00,null,null,null,null,null,null,null,null,null,false,,null
9fae7d86-8928-4ebf-9c2d-f7b9ab7e186e,00000000-0000-0000-0000-000000000001,b1000000-0000-0000-0000-000000000008,VH-CO-D41-0008,null,null,null,null,null,null,null,null,null,good,allocated,null,2026-04-10 22:55:36.602412+00,null,null,null,null,null,null,null,null,null,false,,null
b4baf311-18f4-48c7-ad9f-9b83cc8f45f0,00000000-0000-0000-0000-000000000001,c9000001-0000-0000-0000-000000000001,VH-CB-D41-0001,null,null,null,null,null,null,null,null,null,good,allocated,null,2026-04-10 22:55:36.602412+00,null,null,null,null,null,null,null,null,null,false,,null
d0b4578f-a55c-4fce-855e-f5437dce8f0c,00000000-0000-0000-0000-000000000001,c9000001-0000-0000-0000-000000000001,VH-CB-D41-0002,null,null,null,null,null,null,null,null,null,good,allocated,null,2026-04-10 22:55:36.602412+00,null,null,null,null,null,null,null,null,null,false,,null
4fa15c18-501d-44de-b344-58c3adec261b,00000000-0000-0000-0000-000000000001,c9000001-0000-0000-0000-000000000001,VH-CB-D41-0003,null,null,null,null,null,null,null,null,null,good,allocated,null,2026-04-10 22:55:36.602412+00,null,null,null,null,null,null,null,null,null,false,,null
77d74337-bdf6-4d7c-8cf6-0bdd730cb65b,00000000-0000-0000-0000-000000000001,c9000001-0000-0000-0000-000000000001,VH-CB-D41-0004,null,null,null,null,null,null,null,null,null,good,allocated,null,2026-04-10 22:55:36.602412+00,null,null,null,null,null,null,null,null,null,false,,null
ccdae532-94e1-4400-b5dc-35f5dcf28080,00000000-0000-0000-0000-000000000001,c9000001-0000-0000-0000-000000000001,VH-CB-D41-0005,null,null,null,null,null,null,null,null,null,good,allocated,null,2026-04-10 22:55:36.602412+00,null,null,null,null,null,null,null,null,null,false,,null
6fce0a91-6eba-42eb-bb6b-7cd892e90c64,00000000-0000-0000-0000-000000000001,c9000001-0000-0000-0000-000000000001,VH-CB-D41-0006,null,null,null,null,null,null,null,null,null,good,allocated,null,2026-04-10 22:55:36.602412+00,null,null,null,null,null,null,null,null,null,false,,null
b73fbb0c-76b9-4d95-ac58-cbb1aae5d205,00000000-0000-0000-0000-000000000001,c9000001-0000-0000-0000-000000000001,VH-CB-D41-0007,null,null,null,null,null,null,null,null,null,good,allocated,null,2026-04-10 22:55:36.602412+00,null,null,null,null,null,null,null,null,null,false,,null
e4c9f198-fa67-48a3-9739-d1a19d8e92e7,00000000-0000-0000-0000-000000000001,c9000001-0000-0000-0000-000000000001,VH-CB-D41-0008,null,null,null,null,null,null,null,null,null,good,allocated,null,2026-04-10 22:55:36.602412+00,null,null,null,null,null,null,null,null,null,false,,null
d0121f97-ad91-43f3-bdfa-cfed7f0e006b,00000000-0000-0000-0000-000000000001,b1000000-0000-0000-0000-000000000013,VH-DT-D41-0001,null,null,null,null,null,null,null,null,null,good,allocated,null,2026-04-10 22:55:36.602412+00,null,null,null,null,null,null,null,null,null,false,,null
1c198d17-d14b-4355-ab9e-86e4839480d0,00000000-0000-0000-0000-000000000001,b1000000-0000-0000-0000-000000000020,VH-FN-D41-0001,null,null,null,null,null,null,null,null,null,good,allocated,null,2026-04-10 22:55:42.660512+00,null,null,null,null,null,null,null,null,null,false,,null
fff00394-bda1-4ac1-b428-6227e3920406,00000000-0000-0000-0000-000000000001,b1000000-0000-0000-0000-000000000020,VH-FN-D41-0002,null,null,null,null,null,null,null,null,null,good,allocated,null,2026-04-10 22:55:42.660512+00,null,null,null,null,null,null,null,null,null,false,,null
6aa5096b-7c03-4394-bcdf-432cbf0a10ba,00000000-0000-0000-0000-000000000001,b1000000-0000-0000-0000-000000000020,VH-FN-D41-0003,null,null,null,null,null,null,null,null,null,good,allocated,null,2026-04-10 22:55:42.660512+00,null,null,null,null,null,null,null,null,null,false,,null
cc4a8356-b73f-4f29-a050-58825c000135,00000000-0000-0000-0000-000000000001,b1000000-0000-0000-0000-000000000005,VH-IS-D41-0001,null,E201 0122 58214,Bajaj,Majesty Slim,null,null,null,null,null,good,allocated,null,2026-04-10 22:55:42.660512+00,null,null,null,null,null,null,null,null,null,false,,null
799556b4-c72b-4e1a-8e20-01050acd3ef7,00000000-0000-0000-0000-000000000001,b1000000-0000-0000-0000-000000000009,VH-MA-D41-0001,null,null,null,null,null,null,null,null,null,new,allocated,null,2026-04-10 22:55:42.660512+00,null,null,null,null,null,null,null,null,null,false,,null
4d8e84db-7c8b-4272-8b87-e3ba03735706,00000000-0000-0000-0000-000000000001,b1000000-0000-0000-0000-000000000009,VH-MA-D41-0002,null,null,null,null,null,null,null,null,null,new,allocated,null,2026-04-10 22:55:42.660512+00,null,null,null,null,null,null,null,null,null,false,,null
d647647e-dc26-41fe-9125-bd7848247a12,00000000-0000-0000-0000-000000000001,b1000000-0000-0000-0000-000000000009,VH-MA-D41-0003,null,null,null,null,null,null,null,null,null,good,allocated,null,2026-04-10 22:55:42.660512+00,null,null,null,null,null,null,null,null,null,false,,null
2be1edbe-5431-4c8d-aef8-3f9706b996ed,00000000-0000-0000-0000-000000000001,b1000000-0000-0000-0000-000000000009,VH-MA-D41-0004,null,null,null,null,null,null,null,null,null,good,allocated,null,2026-04-10 22:55:42.660512+00,null,null,null,null,null,null,null,null,null,false,,null
d1f01035-b047-4c26-a6b4-15ba170ba834,00000000-0000-0000-0000-000000000001,b1000000-0000-0000-0000-000000000009,VH-MA-D41-0005,null,null,null,null,null,null,null,null,null,new,allocated,null,2026-04-10 22:55:42.660512+00,null,null,null,null,null,null,null,null,null,false,,null
7836ba82-c2a6-40c1-aa01-1fc91c5194be,00000000-0000-0000-0000-000000000001,b1000000-0000-0000-0000-000000000009,VH-MA-D41-0006,null,null,null,null,null,null,null,null,null,new,allocated,null,2026-04-10 22:55:42.660512+00,null,null,null,null,null,null,null,null,null,false,,null
254099a9-0675-4455-aa1a-986edd8421bc,00000000-0000-0000-0000-000000000001,b1000000-0000-0000-0000-000000000009,VH-MA-D41-0007,null,null,null,null,null,null,null,null,null,good,allocated,null,2026-04-10 22:55:42.660512+00,null,null,null,null,null,null,null,null,null,false,,null
3eb819f9-cd5e-42b7-a5c4-9083fd312107,00000000-0000-0000-0000-000000000001,b1000000-0000-0000-0000-000000000009,VH-MA-D41-0008,null,null,null,null,null,null,null,null,null,good,allocated,null,2026-04-10 22:55:42.660512+00,null,null,null,null,null,null,null,null,null,false,,null
1fbbb8be-44d6-4c87-aeaf-ac856484553b,00000000-0000-0000-0000-000000000001,b1000000-0000-0000-0000-000000000004,VH-MW-D41-0001,null,0BFE7WDM502757L,Samsung,MS23K3513AK/TL,null,null,null,null,null,good,allocated,null,2026-04-10 22:55:42.660512+00,null,null,null,null,null,null,null,null,null,false,,null
563d9d41-eea8-4ef0-8948-8e66f3140539,00000000-0000-0000-0000-000000000001,b1000000-0000-0000-0000-000000000004,VH-MW-D41-0002,null,0BFE7WDM502757L,Samsung,MS23K3513AK/TL MAY-2019,null,null,null,null,null,good,allocated,null,2026-04-10 22:55:42.660512+00,null,null,null,null,null,null,null,null,null,false,,null
c353442a-902b-4d6c-b7ed-ab113dc2bdc5,00000000-0000-0000-0000-000000000001,b1000000-0000-0000-0000-000000000003,VH-RF-D41-0001,null,null,Samsung,RR20N1Y1ZSE/HL/2019,null,null,null,null,null,good,allocated,null,2026-04-10 22:55:42.660512+00,null,null,null,null,null,null,null,null,null,false,,null
2135b780-5345-406d-ae31-fd3cd1c49650,00000000-0000-0000-0000-000000000001,b1000000-0000-0000-0000-000000000007,VH-RO-D41-0001,null,null,Aqua Mars,null,2025-02-02,7000.00,df4e3fb8-4557-884d-f82f-c411e8707351,null,null,good,allocated,RO Replacement. No invoice - requires upload.,2026-04-10 22:55:42.660512+00,null,2025-02-02,null,Adyar Aqua House,null,null,null,null,null,true,,null
26ba6b85-3093-4d95-be14-acc1f44b37e2,00000000-0000-0000-0000-000000000001,b1000000-0000-0000-0000-000000000024,VH-SS-D41-0001,null,null,null,null,null,null,null,null,null,good,allocated,null,2026-04-10 22:55:42.660512+00,null,null,null,null,null,null,null,null,null,false,,null
8b840345-f0de-4bfb-88fb-07d0bde3f7fd,00000000-0000-0000-0000-000000000001,b1000000-0000-0000-0000-000000000012,VH-SF-D41-0001,null,null,null,null,null,null,null,null,null,good,allocated,null,2026-04-10 22:55:42.660512+00,null,null,null,null,null,null,null,null,null,false,,null
f00efade-15af-41dd-82bb-fb36d1c97c75,00000000-0000-0000-0000-000000000001,b1000000-0000-0000-0000-000000000011,VH-ST-D41-0001,null,null,null,null,null,null,null,null,null,good,allocated,null,2026-04-10 22:55:42.660512+00,null,null,null,null,null,null,null,null,null,false,,null
6e08194d-adc8-434f-9a9b-94f4b2edf7ff,00000000-0000-0000-0000-000000000001,b1000000-0000-0000-0000-000000000011,VH-ST-D41-0002,null,null,null,null,null,null,null,null,null,good,allocated,null,2026-04-10 22:55:42.660512+00,null,null,null,null,null,null,null,null,null,false,,null
1891221d-503f-4fb6-9c49-af064dbbc1cb,00000000-0000-0000-0000-000000000001,b1000000-0000-0000-0000-000000000011,VH-ST-D41-0003,null,null,null,null,null,null,null,null,null,good,allocated,null,2026-04-10 22:55:42.660512+00,null,null,null,null,null,null,null,null,null,false,,null
9d659886-8095-46ea-a636-520864f4fbac,00000000-0000-0000-0000-000000000001,b1000000-0000-0000-0000-000000000011,VH-ST-D41-0004,null,null,null,null,null,null,null,null,null,good,allocated,null,2026-04-10 22:55:42.660512+00,null,null,null,null,null,null,null,null,null,false,,null
0a389b6f-ad27-4dc9-a68e-66537642d7b8,00000000-0000-0000-0000-000000000001,b1000000-0000-0000-0000-000000000026,VH-TV-D41-0001,null,null,null,null,null,null,null,null,null,good,allocated,null,2026-04-10 22:55:42.660512+00,null,null,null,null,null,null,null,null,null,false,,null
f244be1f-e77c-424a-a9b4-f13e3b9c63a3,00000000-0000-0000-0000-000000000001,b1000000-0000-0000-0000-000000000002,VH-WM-D41-0001,null,03WH5PBM503660V,Samsung,WA60M4100HY/TL 01,null,null,null,null,null,good,allocated,null,2026-04-10 22:55:42.660512+00,null,null,null,null,null,null,null,null,null,false,,null
968c9160-19ee-48c3-82cf-93b9d41b5764,00000000-0000-0000-0000-000000000001,b1000000-0000-0000-0000-000000000002,VH-WM-D41-0002,null,03WH5PBM503660V,Samsung,WA60M4100HY 01 /TL,null,null,null,null,null,good,allocated,null,2026-04-10 22:55:42.660512+00,null,null,null,null,null,null,null,null,null,false,,null
639a13d5-dfa2-44e9-b290-9e766737e5ed,00000000-0000-0000-0000-000000000001,b1000000-0000-0000-0000-000000000022,VH-WH-D41-0001,null,19020038613868,Venus,3P30,null,null,null,null,null,good,allocated,null,2026-04-10 22:55:42.660512+00,null,null,null,null,3 lites / 3000 W/230v,null,null,null,null,false,,null
cb8ee2ea-5294-4841-b841-769cb00f5e9a,00000000-0000-0000-0000-000000000001,b1000000-0000-0000-0000-000000000022,VH-WH-D41-0002,null,19020038614026,Venus,3P30,null,null,null,null,null,good,allocated,null,2026-04-10 22:55:42.660512+00,null,null,null,null,3 lites / 3000 W/230v,null,null,null,null,false,,null
73ab740e-275d-4ba5-a223-b1e77488f3c2,00000000-0000-0000-0000-000000000001,b1000000-0000-0000-0000-000000000017,VH-BP-GEN-0001,null,null,null,null,2025-08-08,4268.70,a955f0b4-9279-a80c-df59-b74588c36720,null,null,good,inventory,UNALLOCATED - Amazon MAA4-1061138. Multiple bedsheets. Assig,2026-04-10 22:55:42.660512+00,MAA4-1061138,2025-08-08,asset-invoices/vista heights/invoice-68.pdf,Amazon,null,null,null,null,null,false,,null
bb591614-6585-4311-800e-104fef3f61d9,00000000-0000-0000-0000-000000000001,b1000000-0000-0000-0000-000000000017,VH-BP-GEN-0002,null,null,null,null,2024-07-29,1110.88,a955f0b4-9279-a80c-df59-b74588c36720,null,null,good,inventory,UNALLOCATED - Amazon IN-28093. NHD Bedsheets x5. Assign manu,2026-04-10 22:55:42.660512+00,IN-28093,2024-07-29,asset-invoices/vista heights/invoice-87.pdf,Amazon (Navya Home Decore),null,null,null,null,null,false,,null
ddeb9cf3-50d7-4925-931a-9735555f2f4d,00000000-0000-0000-0000-000000000001,b1000000-0000-0000-0000-000000000019,VH-BS-GEN-0001,null,null,null,Modern Bedside Table 3 Shelves Dark Brown,2025-07-29,924.66,a955f0b4-9279-a80c-df59-b74588c36720,null,null,good,inventory,UNALLOCATED - Amazon IN-15512. Bedside table.,2026-04-10 22:55:42.660512+00,IN-15512,2025-07-29,asset-invoices/vista heights/invoice-69.pdf,Amazon,null,null,null,null,null,false,,null
1cbf5bf1-3b91-4f22-96c3-201b88ce4daf,00000000-0000-0000-0000-000000000001,b1000000-0000-0000-0000-000000000008,VH-CO-GEN-0001,null,null,null,null,2024-10-23,6900.00,1f1c91d5-56b6-641b-e035-aa2fc4782999,null,null,good,inventory,UNALLOCATED - SF65 (23/10/2024). Assign apartment manually p,2026-04-10 22:55:42.660512+00,SF65,2024-10-23,asset-invoices/vista heights/Smart Furniture Bill 2-1.pdf,Smart Furniture,null,null,null,null,null,false,,null
8e619fe3-2365-413c-96b6-489474013f55,00000000-0000-0000-0000-000000000001,b1000000-0000-0000-0000-000000000008,VH-CO-GEN-0002,null,null,null,null,2024-10-23,6900.00,1f1c91d5-56b6-641b-e035-aa2fc4782999,null,null,good,inventory,UNALLOCATED - SF65 (23/10/2024). Assign apartment manually p,2026-04-10 22:55:42.660512+00,SF65,2024-10-23,asset-invoices/vista heights/Smart Furniture Bill 2-1.pdf,Smart Furniture,null,null,null,null,null,false,,null
ceb2c6bb-9bbd-451f-aabc-541a72fbd0e1,00000000-0000-0000-0000-000000000001,b1000000-0000-0000-0000-000000000008,VH-CO-GEN-0003,null,null,null,null,2024-10-23,6900.00,1f1c91d5-56b6-641b-e035-aa2fc4782999,null,null,good,inventory,UNALLOCATED - SF65 (23/10/2024). Assign apartment manually p,2026-04-10 22:55:42.660512+00,SF65,2024-10-23,asset-invoices/vista heights/Smart Furniture Bill 2-1.pdf,Smart Furniture,null,null,null,null,null,false,,null
e7fc946b-d9ac-4aa3-bdd1-8eb2fb6a77c7,00000000-0000-0000-0000-000000000001,b1000000-0000-0000-0000-000000000008,VH-CO-GEN-0004,null,null,null,null,2024-10-23,6900.00,1f1c91d5-56b6-641b-e035-aa2fc4782999,null,null,good,inventory,UNALLOCATED - SF65 (23/10/2024). Assign apartment manually p,2026-04-10 22:55:42.660512+00,SF65,2024-10-23,asset-invoices/vista heights/Smart Furniture Bill 2-1.pdf,Smart Furniture,null,null,null,null,null,false,,null
02b2a518-5635-49af-ab39-e1a1aaab5ba2,00000000-0000-0000-0000-000000000001,b1000000-0000-0000-0000-000000000008,VH-CO-GEN-0005,null,null,null,null,2024-10-23,6900.00,1f1c91d5-56b6-641b-e035-aa2fc4782999,null,null,good,inventory,UNALLOCATED - SF65 (23/10/2024). Assign apartment manually p,2026-04-10 22:55:42.660512+00,SF65,2024-10-23,asset-invoices/vista heights/Smart Furniture Bill 2-1.pdf,Smart Furniture,null,null,null,null,null,false,,null
5a6bfb95-a330-457a-883c-3b1d3166a083,00000000-0000-0000-0000-000000000001,b1000000-0000-0000-0000-000000000008,VH-CO-GEN-0006,null,null,null,COT 6x3,2023-08-10,4700.00,6afd6acf-2cf1-410d-b74e-2d7fa6159f33,null,null,good,inventory,UNALLOCATED - SS/23-24/GST385. Assign apartment manually.,2026-04-10 22:55:42.660512+00,SS/23-24/GST385,2023-08-10,asset-invoices/vista heights/Shifa Stores Bills-7.pdf,Shifa Stores,null,null,null,null,null,false,,null
2fdaf840-7bb4-4828-8363-81976fec96b9,00000000-0000-0000-0000-000000000001,b1000000-0000-0000-0000-000000000008,VH-CO-GEN-0007,null,null,null,COT 6x3,2023-08-10,4700.00,6afd6acf-2cf1-410d-b74e-2d7fa6159f33,null,null,good,inventory,UNALLOCATED - SS/23-24/GST385. Assign apartment manually.,2026-04-10 22:55:42.660512+00,SS/23-24/GST385,2023-08-10,asset-invoices/vista heights/Shifa Stores Bills-7.pdf,Shifa Stores,null,null,null,null,null,false,,null
5ad2322a-50b0-4005-abc0-017f55e79cc7,00000000-0000-0000-0000-000000000001,b1000000-0000-0000-0000-000000000008,VH-CO-GEN-0008,null,null,null,COT 6x3,2023-08-10,4700.00,6afd6acf-2cf1-410d-b74e-2d7fa6159f33,null,null,good,inventory,UNALLOCATED - SS/23-24/GST385. Assign apartment manually.,2026-04-10 22:55:42.660512+00,SS/23-24/GST385,2023-08-10,asset-invoices/vista heights/Shifa Stores Bills-7.pdf,Shifa Stores,null,null,null,null,null,false,,null
8cd8efa5-c5c8-49c9-86a3-b2aaa70326d3,00000000-0000-0000-0000-000000000001,b1000000-0000-0000-0000-000000000008,VH-CO-GEN-0009,null,null,null,COT 6x3,2023-08-10,4700.00,6afd6acf-2cf1-410d-b74e-2d7fa6159f33,null,null,good,inventory,UNALLOCATED - SS/23-24/GST385. Assign apartment manually.,2026-04-10 22:55:42.660512+00,SS/23-24/GST385,2023-08-10,asset-invoices/vista heights/Shifa Stores Bills-7.pdf,Shifa Stores,null,null,null,null,null,false,,null
ca8eae63-215f-4e3a-af38-1f0f6ccd2b95,00000000-0000-0000-0000-000000000001,b1000000-0000-0000-0000-000000000008,VH-CO-GEN-0010,null,null,null,COT 6x3,2023-08-10,4700.00,6afd6acf-2cf1-410d-b74e-2d7fa6159f33,null,null,good,inventory,UNALLOCATED - SS/23-24/GST385. Assign apartment manually.,2026-04-10 22:55:42.660512+00,SS/23-24/GST385,2023-08-10,asset-invoices/vista heights/Shifa Stores Bills-7.pdf,Shifa Stores,null,null,null,null,null,false,,null
cbb035b9-d235-4979-98ed-488400a28785,00000000-0000-0000-0000-000000000001,b1000000-0000-0000-0000-000000000008,VH-CO-GEN-0011,null,null,null,COT 6x3,2023-08-10,4700.00,6afd6acf-2cf1-410d-b74e-2d7fa6159f33,null,null,good,inventory,UNALLOCATED - SS/23-24/GST385. Assign apartment manually.,2026-04-10 22:55:42.660512+00,SS/23-24/GST385,2023-08-10,asset-invoices/vista heights/Shifa Stores Bills-7.pdf,Shifa Stores,null,null,null,null,null,false,,null
c3644375-62e8-49b5-945e-73e349868c19,00000000-0000-0000-0000-000000000001,b1000000-0000-0000-0000-000000000008,VH-CO-GEN-0012,null,null,null,COT 6x3,2023-08-25,4700.00,6afd6acf-2cf1-410d-b74e-2d7fa6159f33,null,null,good,inventory,UNALLOCATED - SS/23-24/GST411.,2026-04-10 22:55:42.660512+00,SS/23-24/GST411,2023-08-25,asset-invoices/vista heights/Shifa Stores Bills-6.pdf,Shifa Stores,null,null,null,null,null,false,,null
177cd3f6-2995-4977-bee1-3ec515f1a7d0,00000000-0000-0000-0000-000000000001,b1000000-0000-0000-0000-000000000008,VH-CO-GEN-0013,null,null,null,COT 6x3,2023-08-25,4700.00,6afd6acf-2cf1-410d-b74e-2d7fa6159f33,null,null,good,inventory,UNALLOCATED - SS/23-24/GST411.,2026-04-10 22:55:42.660512+00,SS/23-24/GST411,2023-08-25,asset-invoices/vista heights/Shifa Stores Bills-6.pdf,Shifa Stores,null,null,null,null,null,false,,null
6a74d3f3-23b9-41fc-a2fc-f9eed265aeb7,00000000-0000-0000-0000-000000000001,b1000000-0000-0000-0000-000000000008,VH-CO-GEN-0014,null,null,null,COT 6x3,2023-08-25,4700.00,6afd6acf-2cf1-410d-b74e-2d7fa6159f33,null,null,good,inventory,UNALLOCATED - SS/23-24/GST411.,2026-04-10 22:55:42.660512+00,SS/23-24/GST411,2023-08-25,asset-invoices/vista heights/Shifa Stores Bills-6.pdf,Shifa Stores,null,null,null,null,null,false,,null
7600396f-759e-4b55-a278-026a942e496b,00000000-0000-0000-0000-000000000001,b1000000-0000-0000-0000-000000000008,VH-CO-GEN-0015,null,null,null,COT 6x3,2023-08-25,4700.00,6afd6acf-2cf1-410d-b74e-2d7fa6159f33,null,null,good,inventory,UNALLOCATED - SS/23-24/GST411.,2026-04-10 22:55:42.660512+00,SS/23-24/GST411,2023-08-25,asset-invoices/vista heights/Shifa Stores Bills-6.pdf,Shifa Stores,null,null,null,null,null,false,,null
5679552a-0a8e-4973-9d9c-2b0851ccc588,00000000-0000-0000-0000-000000000001,b1000000-0000-0000-0000-000000000008,VH-CO-GEN-0016,null,null,null,COT 6x3,2023-08-25,4700.00,6afd6acf-2cf1-410d-b74e-2d7fa6159f33,null,null,good,inventory,UNALLOCATED - SS/23-24/GST411.,2026-04-10 22:55:42.660512+00,SS/23-24/GST411,2023-08-25,asset-invoices/vista heights/Shifa Stores Bills-6.pdf,Shifa Stores,null,null,null,null,null,false,,null
cc1af1fc-1c1e-4334-a73c-8fd075348c32,00000000-0000-0000-0000-000000000001,b1000000-0000-0000-0000-000000000008,VH-CO-GEN-0017,null,null,null,COT 6x3,2023-08-25,4700.00,6afd6acf-2cf1-410d-b74e-2d7fa6159f33,null,null,good,inventory,UNALLOCATED - SS/23-24/GST411.,2026-04-10 22:55:42.660512+00,SS/23-24/GST411,2023-08-25,asset-invoices/vista heights/Shifa Stores Bills-6.pdf,Shifa Stores,null,null,null,null,null,false,,null
c3e3dd5b-ae7d-4a07-a227-5bdf4386b8fa,00000000-0000-0000-0000-000000000001,b1000000-0000-0000-0000-000000000008,VH-CO-GEN-0018,null,null,null,COT 6x3,2023-08-25,4700.00,6afd6acf-2cf1-410d-b74e-2d7fa6159f33,null,null,good,inventory,UNALLOCATED - SS/23-24/GST411.,2026-04-10 22:55:42.660512+00,SS/23-24/GST411,2023-08-25,asset-invoices/vista heights/Shifa Stores Bills-6.pdf,Shifa Stores,null,null,null,null,null,false,,null
63d8a1d2-0f77-41e0-8fc2-012c621315e5,00000000-0000-0000-0000-000000000001,b1000000-0000-0000-0000-000000000008,VH-CO-GEN-0019,null,null,null,COT,2024-03-28,4900.00,6afd6acf-2cf1-410d-b74e-2d7fa6159f33,null,null,good,inventory,UNALLOCATED - SS/23-24/1364.,2026-04-10 22:55:42.660512+00,SS/23-24/1364,2024-03-28,asset-invoices/vista heights/Shifa Stores Bills-9.pdf,Shifa Stores,null,null,null,null,null,false,,null
d3936f31-3d76-4c9f-bf6f-a29990445ebf,00000000-0000-0000-0000-000000000001,b1000000-0000-0000-0000-000000000008,VH-CO-GEN-0020,null,null,null,COT,2024-03-28,4900.00,6afd6acf-2cf1-410d-b74e-2d7fa6159f33,null,null,good,inventory,UNALLOCATED - SS/23-24/1364.,2026-04-10 22:55:42.660512+00,SS/23-24/1364,2024-03-28,asset-invoices/vista heights/Shifa Stores Bills-9.pdf,Shifa Stores,null,null,null,null,null,false,,null
7d07be5d-78a8-4a2e-a22a-c17efadc8240,00000000-0000-0000-0000-000000000001,b1000000-0000-0000-0000-000000000008,VH-CO-GEN-0021,null,null,null,COT,2024-03-28,4900.00,6afd6acf-2cf1-410d-b74e-2d7fa6159f33,null,null,good,inventory,UNALLOCATED - SS/23-24/1364.,2026-04-10 22:55:42.660512+00,SS/23-24/1364,2024-03-28,asset-invoices/vista heights/Shifa Stores Bills-9.pdf,Shifa Stores,null,null,null,null,null,false,,null
861f367b-8141-41e9-93ad-6fea02d16c4f,00000000-0000-0000-0000-000000000001,b1000000-0000-0000-0000-000000000008,VH-CO-GEN-0022,null,null,null,COT,2024-03-28,4900.00,6afd6acf-2cf1-410d-b74e-2d7fa6159f33,null,null,good,inventory,UNALLOCATED - SS/23-24/1364.,2026-04-10 22:55:42.660512+00,SS/23-24/1364,2024-03-28,asset-invoices/vista heights/Shifa Stores Bills-9.pdf,Shifa Stores,null,null,null,null,null,false,,null
ba4fddb3-4707-486a-a712-bc5e28edc5c8,00000000-0000-0000-0000-000000000001,b1000000-0000-0000-0000-000000000008,VH-CO-GEN-0023,null,null,null,COT,2024-03-28,4900.00,6afd6acf-2cf1-410d-b74e-2d7fa6159f33,null,null,good,inventory,UNALLOCATED - SS/23-24/1364.,2026-04-10 22:55:42.660512+00,SS/23-24/1364,2024-03-28,asset-invoices/vista heights/Shifa Stores Bills-9.pdf,Shifa Stores,null,null,null,null,null,false,,null
0852c82d-a9ce-4992-b02e-c5a4613af999,00000000-0000-0000-0000-000000000001,b1000000-0000-0000-0000-000000000008,VH-CO-GEN-0024,null,null,null,COT,2024-03-28,4900.00,6afd6acf-2cf1-410d-b74e-2d7fa6159f33,null,null,good,inventory,UNALLOCATED - SS/23-24/1364.,2026-04-10 22:55:42.660512+00,SS/23-24/1364,2024-03-28,asset-invoices/vista heights/Shifa Stores Bills-9.pdf,Shifa Stores,null,null,null,null,null,false,,null
7e9b17e2-0f86-4170-b7f3-5e6fc1104673,00000000-0000-0000-0000-000000000001,b1000000-0000-0000-0000-000000000008,VH-CO-GEN-0025,null,null,null,COT,2024-03-28,4900.00,6afd6acf-2cf1-410d-b74e-2d7fa6159f33,null,null,good,inventory,UNALLOCATED - SS/23-24/1364.,2026-04-10 22:55:42.660512+00,SS/23-24/1364,2024-03-28,asset-invoices/vista heights/Shifa Stores Bills-9.pdf,Shifa Stores,null,null,null,null,null,false,,null
69414501-efab-458e-941b-193de3e2d1eb,00000000-0000-0000-0000-000000000001,b1000000-0000-0000-0000-000000000008,VH-CO-GEN-0026,null,null,null,COT,2024-03-28,4900.00,6afd6acf-2cf1-410d-b74e-2d7fa6159f33,null,null,good,inventory,UNALLOCATED - SS/23-24/1364.,2026-04-10 22:55:42.660512+00,SS/23-24/1364,2024-03-28,asset-invoices/vista heights/Shifa Stores Bills-9.pdf,Shifa Stores,null,null,null,null,null,false,,null
d7eff482-18bd-4c2e-87e9-4955ad0522ad,00000000-0000-0000-0000-000000000001,b1000000-0000-0000-0000-000000000008,VH-CO-GEN-0027,null,null,null,COT,2024-03-28,4900.00,6afd6acf-2cf1-410d-b74e-2d7fa6159f33,null,null,good,inventory,UNALLOCATED - SS/23-24/1364.,2026-04-10 22:55:42.660512+00,SS/23-24/1364,2024-03-28,asset-invoices/vista heights/Shifa Stores Bills-9.pdf,Shifa Stores,null,null,null,null,null,false,,null
0c1395ba-451e-4947-8ce5-8ed5f2abd51c,00000000-0000-0000-0000-000000000001,b1000000-0000-0000-0000-000000000008,VH-CO-GEN-0028,null,null,null,COT,2024-03-28,4900.00,6afd6acf-2cf1-410d-b74e-2d7fa6159f33,null,null,good,inventory,UNALLOCATED - SS/23-24/1364.,2026-04-10 22:55:42.660512+00,SS/23-24/1364,2024-03-28,asset-invoices/vista heights/Shifa Stores Bills-9.pdf,Shifa Stores,null,null,null,null,null,false,,null
1dcff87d-e3a2-44d6-859b-fee36108ce4c,00000000-0000-0000-0000-000000000001,b1000000-0000-0000-0000-000000000008,VH-CO-GEN-0029,null,null,null,COT,2024-03-28,4900.00,6afd6acf-2cf1-410d-b74e-2d7fa6159f33,null,null,good,inventory,UNALLOCATED - SS/23-24/1364.,2026-04-10 22:55:42.660512+00,SS/23-24/1364,2024-03-28,asset-invoices/vista heights/Shifa Stores Bills-9.pdf,Shifa Stores,null,null,null,null,null,false,,null
67c4f5b9-bbb1-4b73-9108-f473cd4bff9a,00000000-0000-0000-0000-000000000001,b1000000-0000-0000-0000-000000000008,VH-CO-GEN-0030,null,null,null,COT,2024-03-28,4900.00,6afd6acf-2cf1-410d-b74e-2d7fa6159f33,null,null,good,inventory,UNALLOCATED - SS/23-24/1364.,2026-04-10 22:55:42.660512+00,SS/23-24/1364,2024-03-28,asset-invoices/vista heights/Shifa Stores Bills-9.pdf,Shifa Stores,null,null,null,null,null,false,,null
7236fff6-7f6c-482d-b212-dad6caae455b,00000000-0000-0000-0000-000000000001,b1000000-0000-0000-0000-000000000008,VH-CO-GEN-0031,null,null,null,COT,2024-03-28,4900.00,6afd6acf-2cf1-410d-b74e-2d7fa6159f33,null,null,good,inventory,UNALLOCATED - SS/23-24/1364.,2026-04-10 22:55:42.660512+00,SS/23-24/1364,2024-03-28,asset-invoices/vista heights/Shifa Stores Bills-9.pdf,Shifa Stores,null,null,null,null,null,false,,null
8356e8a2-acec-4241-a3fc-7d2eadb9dd4c,00000000-0000-0000-0000-000000000001,b1000000-0000-0000-0000-000000000008,VH-CO-GEN-0032,null,null,null,COT,2024-03-28,4900.00,6afd6acf-2cf1-410d-b74e-2d7fa6159f33,null,null,good,inventory,UNALLOCATED - SS/23-24/1364.,2026-04-10 22:55:42.660512+00,SS/23-24/1364,2024-03-28,asset-invoices/vista heights/Shifa Stores Bills-9.pdf,Shifa Stores,null,null,null,null,null,false,,null
944c3cee-0b43-4faa-94be-fdde4d58b5f2,00000000-0000-0000-0000-000000000001,b1000000-0000-0000-0000-000000000008,VH-CO-GEN-0033,null,null,null,COT,2024-03-28,4900.00,6afd6acf-2cf1-410d-b74e-2d7fa6159f33,null,null,good,inventory,UNALLOCATED - SS/23-24/1364.,2026-04-10 22:55:42.660512+00,SS/23-24/1364,2024-03-28,asset-invoices/vista heights/Shifa Stores Bills-9.pdf,Shifa Stores,null,null,null,null,null,false,,null
4964103f-fc2d-4c61-a4aa-a7f6ede13003,00000000-0000-0000-0000-000000000001,b1000000-0000-0000-0000-000000000008,VH-CO-GEN-0034,null,null,null,COT,2024-03-28,4900.00,6afd6acf-2cf1-410d-b74e-2d7fa6159f33,null,null,good,inventory,UNALLOCATED - SS/23-24/1364.,2026-04-10 22:55:42.660512+00,SS/23-24/1364,2024-03-28,asset-invoices/vista heights/Shifa Stores Bills-9.pdf,Shifa Stores,null,null,null,null,null,false,,null
1e0d41a3-97b9-44d9-8ff4-59661204d245,00000000-0000-0000-0000-000000000001,b1000000-0000-0000-0000-000000000008,VH-CO-GEN-0035,null,null,null,COT,2024-03-28,4900.00,6afd6acf-2cf1-410d-b74e-2d7fa6159f33,null,null,good,inventory,UNALLOCATED - SS/23-24/1364.,2026-04-10 22:55:42.660512+00,SS/23-24/1364,2024-03-28,asset-invoices/vista heights/Shifa Stores Bills-9.pdf,Shifa Stores,null,null,null,null,null,false,,null
fd494b51-f586-4ffe-98a5-95bc65dec3d3,00000000-0000-0000-0000-000000000001,b1000000-0000-0000-0000-000000000008,VH-CO-GEN-0036,null,null,null,COT,2024-03-28,4900.00,6afd6acf-2cf1-410d-b74e-2d7fa6159f33,null,null,good,inventory,UNALLOCATED - SS/23-24/1364.,2026-04-10 22:55:42.660512+00,SS/23-24/1364,2024-03-28,asset-invoices/vista heights/Shifa Stores Bills-9.pdf,Shifa Stores,null,null,null,null,null,false,,null
35e394cb-1507-4ca2-a587-ff0475c73da5,00000000-0000-0000-0000-000000000001,b1000000-0000-0000-0000-000000000008,VH-CO-GEN-0037,null,null,null,COT,2024-03-28,4900.00,6afd6acf-2cf1-410d-b74e-2d7fa6159f33,null,null,good,inventory,UNALLOCATED - SS/23-24/1364.,2026-04-10 22:55:42.660512+00,SS/23-24/1364,2024-03-28,asset-invoices/vista heights/Shifa Stores Bills-9.pdf,Shifa Stores,null,null,null,null,null,false,,null
e9a20c30-212f-4fa3-bc5a-a94a0ab53aac,00000000-0000-0000-0000-000000000001,b1000000-0000-0000-0000-000000000008,VH-CO-GEN-0038,null,null,null,COT,2024-03-28,4900.00,6afd6acf-2cf1-410d-b74e-2d7fa6159f33,null,null,good,inventory,UNALLOCATED - SS/23-24/1364.,2026-04-10 22:55:42.660512+00,SS/23-24/1364,2024-03-28,asset-invoices/vista heights/Shifa Stores Bills-9.pdf,Shifa Stores,null,null,null,null,null,false,,null
11ef37e4-4e5b-4f1a-b8ba-177e6d65c221,00000000-0000-0000-0000-000000000001,b1000000-0000-0000-0000-000000000008,VH-CO-GEN-0039,null,null,null,Wooden COT 75x36 (6.1/4x3ft),2023-04-10,8000.00,null,null,null,good,inventory,UNALLOCATED - SF/006/23-24.,2026-04-10 22:55:42.660512+00,SF/006/23-24,2023-04-10,asset-invoices/vista heights/MothiMahal & Super Furniture-2.pdf,Super Furniture 2019,null,null,null,null,null,false,,null
edeb996a-d8e4-48e8-8025-8589159e438d,00000000-0000-0000-0000-000000000001,b1000000-0000-0000-0000-000000000008,VH-CO-GEN-0040,null,null,null,Wooden COT 75x36 (6.1/4x3ft),2023-04-10,8000.00,null,null,null,good,inventory,UNALLOCATED - SF/006/23-24.,2026-04-10 22:55:42.660512+00,SF/006/23-24,2023-04-10,asset-invoices/vista heights/MothiMahal & Super Furniture-2.pdf,Super Furniture 2019,null,null,null,null,null,false,,null
9ee47457-942b-47b9-83e7-72e161a2a1f6,00000000-0000-0000-0000-000000000001,b1000000-0000-0000-0000-000000000008,VH-CO-GEN-0041,null,null,null,Wooden COT 75x36 (6.1/4x3ft),2023-04-10,8000.00,null,null,null,good,inventory,UNALLOCATED - SF/006/23-24.,2026-04-10 22:55:42.660512+00,SF/006/23-24,2023-04-10,asset-invoices/vista heights/MothiMahal & Super Furniture-2.pdf,Super Furniture 2019,null,null,null,null,null,false,,null
a1cea3bd-3a97-4de4-8680-76c264f5fe2b,00000000-0000-0000-0000-000000000001,b1000000-0000-0000-0000-000000000018,VH-CU-GEN-0001,null,null,null,Home Sizzler Polyester Curtains (Door+Window),2025-08-12,5770.40,a955f0b4-9279-a80c-df59-b74588c36720,null,null,good,inventory,UNALLOCATED - Amazon MAA4-1099562. Multiple curtains. Assign,2026-04-10 22:55:42.660512+00,MAA4-1099562,2025-08-12,asset-invoices/vista heights/invoice-67.pdf,Amazon,null,null,null,null,null,false,,null
18800133-4044-459e-a579-798fbd6f3b7b,00000000-0000-0000-0000-000000000001,b1000000-0000-0000-0000-000000000013,VH-DT-GEN-0001,null,null,null,Marvel Chair,2024-11-09,1700.00,1f1c91d5-56b6-641b-e035-aa2fc4782999,null,null,good,inventory,UNALLOCATED - SF72 (09/11/2024). Marvel Chair. Assign apartm,2026-04-10 22:55:42.660512+00,SF72,2024-11-09,asset-invoices/vista heights/Smart Furniture Bill 72.pdf,Smart Furniture,null,null,null,null,null,false,,null
c7cebbd4-4b2e-475f-a984-a6750675ada4,00000000-0000-0000-0000-000000000001,b1000000-0000-0000-0000-000000000013,VH-DT-GEN-0002,null,null,null,Marvel Chair,2024-11-09,1700.00,1f1c91d5-56b6-641b-e035-aa2fc4782999,null,null,good,inventory,UNALLOCATED - SF72 (09/11/2024). Marvel Chair. Assign apartm,2026-04-10 22:55:42.660512+00,SF72,2024-11-09,asset-invoices/vista heights/Smart Furniture Bill 72.pdf,Smart Furniture,null,null,null,null,null,false,,null
99a2f410-f678-44fc-bf39-556ae06d2a4c,00000000-0000-0000-0000-000000000001,b1000000-0000-0000-0000-000000000013,VH-DT-GEN-0003,null,null,null,Marvel Chair,2024-11-09,1700.00,1f1c91d5-56b6-641b-e035-aa2fc4782999,null,null,good,inventory,UNALLOCATED - SF72 (09/11/2024). Marvel Chair. Assign apartm,2026-04-10 22:55:42.660512+00,SF72,2024-11-09,asset-invoices/vista heights/Smart Furniture Bill 72.pdf,Smart Furniture,null,null,null,null,null,false,,null
c62229e5-7472-41a7-8a77-5f2787cc6bcc,00000000-0000-0000-0000-000000000001,b1000000-0000-0000-0000-000000000013,VH-DT-GEN-0004,null,null,null,Marvel Chair,2024-11-09,1700.00,1f1c91d5-56b6-641b-e035-aa2fc4782999,null,null,good,inventory,UNALLOCATED - SF72 (09/11/2024). Marvel Chair. Assign apartm,2026-04-10 22:55:42.660512+00,SF72,2024-11-09,asset-invoices/vista heights/Smart Furniture Bill 72.pdf,Smart Furniture,null,null,null,null,null,false,,null
d6ff893b-60f2-4e31-80ff-c2d1af9f9345,00000000-0000-0000-0000-000000000001,b1000000-0000-0000-0000-000000000013,VH-DT-GEN-0005,null,null,null,Marvel Chair,2024-11-09,1700.00,1f1c91d5-56b6-641b-e035-aa2fc4782999,null,null,good,inventory,UNALLOCATED - SF72 (09/11/2024). Marvel Chair. Assign apartm,2026-04-10 22:55:42.660512+00,SF72,2024-11-09,asset-invoices/vista heights/Smart Furniture Bill 72.pdf,Smart Furniture,null,null,null,null,null,false,,null
6bda2413-747f-4d36-800d-7e4e7abef74d,00000000-0000-0000-0000-000000000001,b1000000-0000-0000-0000-000000000013,VH-DT-GEN-0006,null,null,null,Marvel Chair,2024-11-09,1700.00,1f1c91d5-56b6-641b-e035-aa2fc4782999,null,null,good,inventory,UNALLOCATED - SF72 (09/11/2024). Marvel Chair. Assign apartm,2026-04-10 22:55:42.660512+00,SF72,2024-11-09,asset-invoices/vista heights/Smart Furniture Bill 72.pdf,Smart Furniture,null,null,null,null,null,false,,null
dd84e1d1-52b7-4065-873b-c1fe0176ca5e,00000000-0000-0000-0000-000000000001,b1000000-0000-0000-0000-000000000013,VH-DT-GEN-0007,null,null,null,Marvel Chair,2024-11-09,1700.00,1f1c91d5-56b6-641b-e035-aa2fc4782999,null,null,good,inventory,UNALLOCATED - SF72 (09/11/2024). Marvel Chair. Assign apartm,2026-04-10 22:55:42.660512+00,SF72,2024-11-09,asset-invoices/vista heights/Smart Furniture Bill 72.pdf,Smart Furniture,null,null,null,null,null,false,,null
3ca10f67-439f-49fe-ac5d-1f1af67cdb2a,00000000-0000-0000-0000-000000000001,b1000000-0000-0000-0000-000000000013,VH-DT-GEN-0008,null,null,null,Marvel Chair,2024-11-09,1700.00,1f1c91d5-56b6-641b-e035-aa2fc4782999,null,null,good,inventory,UNALLOCATED - SF72 (09/11/2024). Marvel Chair. Assign apartm,2026-04-10 22:55:42.660512+00,SF72,2024-11-09,asset-invoices/vista heights/Smart Furniture Bill 72.pdf,Smart Furniture,null,null,null,null,null,false,,null
f23cf3ff-2963-4a83-8e74-7eb90f7ec29a,00000000-0000-0000-0000-000000000001,b1000000-0000-0000-0000-000000000013,VH-DT-GEN-0009,null,null,null,Marvel Chair,2024-11-09,1700.00,1f1c91d5-56b6-641b-e035-aa2fc4782999,null,null,good,inventory,UNALLOCATED - SF72 (09/11/2024). Marvel Chair. Assign apartm,2026-04-10 22:55:42.660512+00,SF72,2024-11-09,asset-invoices/vista heights/Smart Furniture Bill 72.pdf,Smart Furniture,null,null,null,null,null,false,,null
58b5542d-811b-4b2d-b4c3-46a8e42c37c7,00000000-0000-0000-0000-000000000001,b1000000-0000-0000-0000-000000000013,VH-DT-GEN-0010,null,null,null,Marvel Chair,2024-11-09,1700.00,1f1c91d5-56b6-641b-e035-aa2fc4782999,null,null,good,inventory,UNALLOCATED - SF72 (09/11/2024). Marvel Chair. Assign apartm,2026-04-10 22:55:42.660512+00,SF72,2024-11-09,asset-invoices/vista heights/Smart Furniture Bill 72.pdf,Smart Furniture,null,null,null,null,null,false,,null
c84fca03-c8f2-4fe1-8fdf-89d2c7fc1884,00000000-0000-0000-0000-000000000001,b1000000-0000-0000-0000-000000000013,VH-DT-GEN-0011,null,null,null,D-Max Chair Red Black Dining,2024-04-03,1590.00,6afd6acf-2cf1-410d-b74e-2d7fa6159f33,null,null,good,inventory,UNALLOCATED - SS/24-25/GST6. Dining Chairs.,2026-04-10 22:55:42.660512+00,SS/24-25/GST6,2024-04-03,asset-invoices/vista heights/Shifa Stores Bills-11.pdf,Shifa Stores,null,null,null,null,null,false,,null
8a72bce4-70ca-4acb-b05e-3e47a2535ee7,00000000-0000-0000-0000-000000000001,b1000000-0000-0000-0000-000000000013,VH-DT-GEN-0012,null,null,null,D-Max Chair Red Black Dining,2024-04-03,1590.00,6afd6acf-2cf1-410d-b74e-2d7fa6159f33,null,null,good,inventory,UNALLOCATED - SS/24-25/GST6. Dining Chairs.,2026-04-10 22:55:42.660512+00,SS/24-25/GST6,2024-04-03,asset-invoices/vista heights/Shifa Stores Bills-11.pdf,Shifa Stores,null,null,null,null,null,false,,null
2948fcf7-6af6-482d-94a4-e5b8444ce1b6,00000000-0000-0000-0000-000000000001,b1000000-0000-0000-0000-000000000013,VH-DT-GEN-0013,null,null,null,D-Max Chair Red Black Dining,2024-04-03,1590.00,6afd6acf-2cf1-410d-b74e-2d7fa6159f33,null,null,good,inventory,UNALLOCATED - SS/24-25/GST6. Dining Chairs.,2026-04-10 22:55:42.660512+00,SS/24-25/GST6,2024-04-03,asset-invoices/vista heights/Shifa Stores Bills-11.pdf,Shifa Stores,null,null,null,null,null,false,,null
3e665473-8398-4418-b4a5-9e8e66b226a3,00000000-0000-0000-0000-000000000001,b1000000-0000-0000-0000-000000000013,VH-DT-GEN-0014,null,null,null,D-Max Chair Red Black Dining,2024-04-03,1590.00,6afd6acf-2cf1-410d-b74e-2d7fa6159f33,null,null,good,inventory,UNALLOCATED - SS/24-25/GST6. Dining Chairs.,2026-04-10 22:55:42.660512+00,SS/24-25/GST6,2024-04-03,asset-invoices/vista heights/Shifa Stores Bills-11.pdf,Shifa Stores,null,null,null,null,null,false,,null
d38f49f1-59ef-4cf5-b0d6-a6c1bcde1e79,00000000-0000-0000-0000-000000000001,b1000000-0000-0000-0000-000000000013,VH-DT-GEN-0015,null,null,null,D-Max Chair Red Black Dining,2024-04-03,1590.00,6afd6acf-2cf1-410d-b74e-2d7fa6159f33,null,null,good,inventory,UNALLOCATED - SS/24-25/GST6. Dining Chairs.,2026-04-10 22:55:42.660512+00,SS/24-25/GST6,2024-04-03,asset-invoices/vista heights/Shifa Stores Bills-11.pdf,Shifa Stores,null,null,null,null,null,false,,null
fe988d79-80d1-43fe-a8f9-3c5176d828c3,00000000-0000-0000-0000-000000000001,b1000000-0000-0000-0000-000000000013,VH-DT-GEN-0016,null,null,null,D-Max Chair Red Black Dining,2024-04-03,1590.00,6afd6acf-2cf1-410d-b74e-2d7fa6159f33,null,null,good,inventory,UNALLOCATED - SS/24-25/GST6. Dining Chairs.,2026-04-10 22:55:42.660512+00,SS/24-25/GST6,2024-04-03,asset-invoices/vista heights/Shifa Stores Bills-11.pdf,Shifa Stores,null,null,null,null,null,false,,null
f1123b07-5199-466d-99ad-cccb27da4836,00000000-0000-0000-0000-000000000001,b1000000-0000-0000-0000-000000000013,VH-DT-GEN-0017,null,null,null,D-Max Chair Red Black Dining,2024-04-03,1590.00,6afd6acf-2cf1-410d-b74e-2d7fa6159f33,null,null,good,inventory,UNALLOCATED - SS/24-25/GST6. Dining Chairs.,2026-04-10 22:55:42.660512+00,SS/24-25/GST6,2024-04-03,asset-invoices/vista heights/Shifa Stores Bills-11.pdf,Shifa Stores,null,null,null,null,null,false,,null
1fd0d19e-106f-4cbb-b22a-6d37855d9bff,00000000-0000-0000-0000-000000000001,b1000000-0000-0000-0000-000000000013,VH-DT-GEN-0018,null,null,null,D-Max Chair Red Black Dining,2024-04-03,1590.00,6afd6acf-2cf1-410d-b74e-2d7fa6159f33,null,null,good,inventory,UNALLOCATED - SS/24-25/GST6. Dining Chairs.,2026-04-10 22:55:42.660512+00,SS/24-25/GST6,2024-04-03,asset-invoices/vista heights/Shifa Stores Bills-11.pdf,Shifa Stores,null,null,null,null,null,false,,null
b4a5af3a-ce03-4341-a685-edab25cbd725,00000000-0000-0000-0000-000000000001,b1000000-0000-0000-0000-000000000013,VH-DT-GEN-0019,null,null,null,D-Max Chair Red Black Dining,2024-04-03,1590.00,6afd6acf-2cf1-410d-b74e-2d7fa6159f33,null,null,good,inventory,UNALLOCATED - SS/24-25/GST6. Dining Chairs.,2026-04-10 22:55:42.660512+00,SS/24-25/GST6,2024-04-03,asset-invoices/vista heights/Shifa Stores Bills-11.pdf,Shifa Stores,null,null,null,null,null,false,,null
e4e8963c-9574-4c7e-8e9c-d22693530386,00000000-0000-0000-0000-000000000001,b1000000-0000-0000-0000-000000000013,VH-DT-GEN-0020,null,null,null,D-Max Chair Red Black Dining,2024-04-03,1590.00,6afd6acf-2cf1-410d-b74e-2d7fa6159f33,null,null,good,inventory,UNALLOCATED - SS/24-25/GST6. Dining Chairs.,2026-04-10 22:55:42.660512+00,SS/24-25/GST6,2024-04-03,asset-invoices/vista heights/Shifa Stores Bills-11.pdf,Shifa Stores,null,null,null,null,null,false,,null
d01e2735-0e58-456a-b27a-c88b87c9fc00,00000000-0000-0000-0000-000000000001,b1000000-0000-0000-0000-000000000005,VH-IS-GEN-0001,null,null,null,Impex Omega H6A DX 2000W,2023-08-31,1677.97,6afd6acf-2cf1-410d-b74e-2d7fa6159f33,null,null,good,inventory,UNALLOCATED - SS/23-24/GST429. Multi-item invoice.,2026-04-10 22:55:42.660512+00,SS/23-24/GST429,2023-08-31,asset-invoices/vista heights/Shifa Stores Bills-5.pdf,Shifa Stores,null,null,null,null,null,false,,null
c2cf9ab6-d2b7-4549-a281-ac1c00603519,00000000-0000-0000-0000-000000000001,b1000000-0000-0000-0000-000000000009,VH-MA-GEN-0001,null,null,null,72*36 Duroflex Foam Bed,2024-10-23,4700.00,1f1c91d5-56b6-641b-e035-aa2fc4782999,null,null,good,inventory,UNALLOCATED - SF66 (23/10/2024). Assign apartment manually p,2026-04-10 22:55:42.660512+00,SF66,2024-10-23,asset-invoices/vista heights/Smart Furniture Bill 2-2.pdf,Smart Furniture,null,null,null,null,null,false,,null
dce680ea-c563-4c36-9259-c5a9bd65f762,00000000-0000-0000-0000-000000000001,b1000000-0000-0000-0000-000000000009,VH-MA-GEN-0002,null,null,null,72*36 Duroflex Foam Bed,2024-10-23,4700.00,1f1c91d5-56b6-641b-e035-aa2fc4782999,null,null,good,inventory,UNALLOCATED - SF66 (23/10/2024). Assign apartment manually p,2026-04-10 22:55:42.660512+00,SF66,2024-10-23,asset-invoices/vista heights/Smart Furniture Bill 2-2.pdf,Smart Furniture,null,null,null,null,null,false,,null
9c4eafbd-ca90-4d31-b627-c344be4c1bd4,00000000-0000-0000-0000-000000000001,b1000000-0000-0000-0000-000000000009,VH-MA-GEN-0003,null,null,null,72*36 Duroflex Foam Bed,2024-10-23,4700.00,1f1c91d5-56b6-641b-e035-aa2fc4782999,null,null,good,inventory,UNALLOCATED - SF66 (23/10/2024). Assign apartment manually p,2026-04-10 22:55:42.660512+00,SF66,2024-10-23,asset-invoices/vista heights/Smart Furniture Bill 2-2.pdf,Smart Furniture,null,null,null,null,null,false,,null
7f22580b-dd38-49d4-93f0-f2cf75ea6ad7,00000000-0000-0000-0000-000000000001,b1000000-0000-0000-0000-000000000009,VH-MA-GEN-0004,null,null,null,72*36 Duroflex Foam Bed,2024-10-23,4700.00,1f1c91d5-56b6-641b-e035-aa2fc4782999,null,null,good,inventory,UNALLOCATED - SF66 (23/10/2024). Assign apartment manually p,2026-04-10 22:55:42.660512+00,SF66,2024-10-23,asset-invoices/vista heights/Smart Furniture Bill 2-2.pdf,Smart Furniture,null,null,null,null,null,false,,null
5a7014a8-265f-4f28-88da-265fec2f2b5b,00000000-0000-0000-0000-000000000001,b1000000-0000-0000-0000-000000000009,VH-MA-GEN-0005,null,null,null,72*36 Duroflex Foam Bed,2024-10-23,4700.00,1f1c91d5-56b6-641b-e035-aa2fc4782999,null,null,good,inventory,UNALLOCATED - SF66 (23/10/2024). Assign apartment manually p,2026-04-10 22:55:42.660512+00,SF66,2024-10-23,asset-invoices/vista heights/Smart Furniture Bill 2-2.pdf,Smart Furniture,null,null,null,null,null,false,,null
a285eee3-4fa7-4171-86b3-0d3abf75a61e,00000000-0000-0000-0000-000000000001,b1000000-0000-0000-0000-000000000009,VH-MA-GEN-0006,null,null,null,Ortho Foam Mattress,2024-03-26,3983.05,6afd6acf-2cf1-410d-b74e-2d7fa6159f33,null,null,good,inventory,UNALLOCATED - SS/23-24/1361.,2026-04-10 22:55:42.660512+00,SS/23-24/1361,2024-03-26,asset-invoices/vista heights/Shifa Stores Bills-1.pdf,Shifa Stores,null,null,null,null,null,false,,null
95d9f317-3b5b-41ba-8bd3-24623aa67b51,00000000-0000-0000-0000-000000000001,b1000000-0000-0000-0000-000000000009,VH-MA-GEN-0007,null,null,null,Ortho Foam Mattress,2024-03-26,3983.05,6afd6acf-2cf1-410d-b74e-2d7fa6159f33,null,null,good,inventory,UNALLOCATED - SS/23-24/1361.,2026-04-10 22:55:42.660512+00,SS/23-24/1361,2024-03-26,asset-invoices/vista heights/Shifa Stores Bills-1.pdf,Shifa Stores,null,null,null,null,null,false,,null
6b4e989a-46cf-4ef7-8e9c-736db96a4364,00000000-0000-0000-0000-000000000001,b1000000-0000-0000-0000-000000000009,VH-MA-GEN-0008,null,null,null,Ortho Foam Mattress,2024-03-26,3983.05,6afd6acf-2cf1-410d-b74e-2d7fa6159f33,null,null,good,inventory,UNALLOCATED - SS/23-24/1361.,2026-04-10 22:55:42.660512+00,SS/23-24/1361,2024-03-26,asset-invoices/vista heights/Shifa Stores Bills-1.pdf,Shifa Stores,null,null,null,null,null,false,,null
c188cfd6-fba7-47cf-a0ee-2ae94d662418,00000000-0000-0000-0000-000000000001,b1000000-0000-0000-0000-000000000009,VH-MA-GEN-0009,null,null,null,Ortho Foam Mattress,2024-03-26,3983.05,6afd6acf-2cf1-410d-b74e-2d7fa6159f33,null,null,good,inventory,UNALLOCATED - SS/23-24/1361.,2026-04-10 22:55:42.660512+00,SS/23-24/1361,2024-03-26,asset-invoices/vista heights/Shifa Stores Bills-1.pdf,Shifa Stores,null,null,null,null,null,false,,null
63c8dd7f-9065-4c97-b5e5-57dbed87b45a,00000000-0000-0000-0000-000000000001,b1000000-0000-0000-0000-000000000009,VH-MA-GEN-0010,null,null,null,Ortho Foam Mattress,2024-03-26,3983.05,6afd6acf-2cf1-410d-b74e-2d7fa6159f33,null,null,good,inventory,UNALLOCATED - SS/23-24/1361.,2026-04-10 22:55:42.660512+00,SS/23-24/1361,2024-03-26,asset-invoices/vista heights/Shifa Stores Bills-1.pdf,Shifa Stores,null,null,null,null,null,false,,null
1d2421e1-0895-4ae3-8e15-42abebb77e89,00000000-0000-0000-0000-000000000001,b1000000-0000-0000-0000-000000000009,VH-MA-GEN-0011,null,null,null,Ortho Foam Mattress,2024-03-26,3983.05,6afd6acf-2cf1-410d-b74e-2d7fa6159f33,null,null,good,inventory,UNALLOCATED - SS/23-24/1361.,2026-04-10 22:55:42.660512+00,SS/23-24/1361,2024-03-26,asset-invoices/vista heights/Shifa Stores Bills-1.pdf,Shifa Stores,null,null,null,null,null,false,,null
a23ed043-8f75-4826-ae68-7b71bb594416,00000000-0000-0000-0000-000000000001,b1000000-0000-0000-0000-000000000009,VH-MA-GEN-0012,null,null,null,Ortho Foam Mattress,2024-03-26,3983.05,6afd6acf-2cf1-410d-b74e-2d7fa6159f33,null,null,good,inventory,UNALLOCATED - SS/23-24/1361.,2026-04-10 22:55:42.660512+00,SS/23-24/1361,2024-03-26,asset-invoices/vista heights/Shifa Stores Bills-1.pdf,Shifa Stores,null,null,null,null,null,false,,null
23d133ad-34cd-413b-9d1d-a7a5ddbdc6a2,00000000-0000-0000-0000-000000000001,b1000000-0000-0000-0000-000000000009,VH-MA-GEN-0013,null,null,null,Ortho Foam Mattress,2024-03-26,3983.05,6afd6acf-2cf1-410d-b74e-2d7fa6159f33,null,null,good,inventory,UNALLOCATED - SS/23-24/1361.,2026-04-10 22:55:42.660512+00,SS/23-24/1361,2024-03-26,asset-invoices/vista heights/Shifa Stores Bills-1.pdf,Shifa Stores,null,null,null,null,null,false,,null
7f4a5efe-1582-43e0-b7cd-d8c868393928,00000000-0000-0000-0000-000000000001,b1000000-0000-0000-0000-000000000009,VH-MA-GEN-0014,null,null,null,Ortho Foam Mattress,2024-03-26,3983.05,6afd6acf-2cf1-410d-b74e-2d7fa6159f33,null,null,good,inventory,UNALLOCATED - SS/23-24/1361.,2026-04-10 22:55:42.660512+00,SS/23-24/1361,2024-03-26,asset-invoices/vista heights/Shifa Stores Bills-1.pdf,Shifa Stores,null,null,null,null,null,false,,null
f0635252-1734-440d-9b32-e2e089cecd6c,00000000-0000-0000-0000-000000000001,b1000000-0000-0000-0000-000000000009,VH-MA-GEN-0015,null,null,null,Ortho Foam Mattress,2024-03-26,3983.05,6afd6acf-2cf1-410d-b74e-2d7fa6159f33,null,null,good,inventory,UNALLOCATED - SS/23-24/1361.,2026-04-10 22:55:42.660512+00,SS/23-24/1361,2024-03-26,asset-invoices/vista heights/Shifa Stores Bills-1.pdf,Shifa Stores,null,null,null,null,null,false,,null
e140104c-77ba-4967-a5e6-cbfcc9fe1196,00000000-0000-0000-0000-000000000001,b1000000-0000-0000-0000-000000000009,VH-MA-GEN-0016,null,null,null,Ortho Foam Mattress 75x36x6,2024-03-29,3983.05,6afd6acf-2cf1-410d-b74e-2d7fa6159f33,null,null,good,inventory,UNALLOCATED - SS/23-24/1365.,2026-04-10 22:55:42.660512+00,SS/23-24/1365,2024-03-29,asset-invoices/vista heights/Shifa Stores Bills-10.pdf,Shifa Stores,null,null,null,null,null,false,,null
0d1ffe37-82f6-4055-a936-c88085ade1ae,00000000-0000-0000-0000-000000000001,b1000000-0000-0000-0000-000000000009,VH-MA-GEN-0017,null,null,null,Ortho Foam Mattress 75x36x6,2024-03-29,3983.05,6afd6acf-2cf1-410d-b74e-2d7fa6159f33,null,null,good,inventory,UNALLOCATED - SS/23-24/1365.,2026-04-10 22:55:42.660512+00,SS/23-24/1365,2024-03-29,asset-invoices/vista heights/Shifa Stores Bills-10.pdf,Shifa Stores,null,null,null,null,null,false,,null
4eea97a3-7005-4e89-b064-7605a70de1c7,00000000-0000-0000-0000-000000000001,b1000000-0000-0000-0000-000000000009,VH-MA-GEN-0018,null,null,null,Ortho Foam Mattress 75x36x6,2024-03-29,3983.05,6afd6acf-2cf1-410d-b74e-2d7fa6159f33,null,null,good,inventory,UNALLOCATED - SS/23-24/1365.,2026-04-10 22:55:42.660512+00,SS/23-24/1365,2024-03-29,asset-invoices/vista heights/Shifa Stores Bills-10.pdf,Shifa Stores,null,null,null,null,null,false,,null
efa55193-aa9f-4237-aad9-a8c9cab06d9b,00000000-0000-0000-0000-000000000001,b1000000-0000-0000-0000-000000000009,VH-MA-GEN-0019,null,null,null,Ortho Foam Mattress 75x36x6,2024-03-29,3983.05,6afd6acf-2cf1-410d-b74e-2d7fa6159f33,null,null,good,inventory,UNALLOCATED - SS/23-24/1365.,2026-04-10 22:55:42.660512+00,SS/23-24/1365,2024-03-29,asset-invoices/vista heights/Shifa Stores Bills-10.pdf,Shifa Stores,null,null,null,null,null,false,,null
cc18c9ba-414e-4d5f-a330-9a4f075ca193,00000000-0000-0000-0000-000000000001,b1000000-0000-0000-0000-000000000009,VH-MA-GEN-0020,null,null,null,Ortho Foam Mattress 75x36x6,2024-03-29,3983.05,6afd6acf-2cf1-410d-b74e-2d7fa6159f33,null,null,good,inventory,UNALLOCATED - SS/23-24/1365.,2026-04-10 22:55:42.660512+00,SS/23-24/1365,2024-03-29,asset-invoices/vista heights/Shifa Stores Bills-10.pdf,Shifa Stores,null,null,null,null,null,false,,null
cdb2e4c6-fd51-4096-9025-00851427fe10,00000000-0000-0000-0000-000000000001,b1000000-0000-0000-0000-000000000009,VH-MA-GEN-0021,null,null,null,Ortho Foam Mattress 75x36x6,2024-03-29,3983.05,6afd6acf-2cf1-410d-b74e-2d7fa6159f33,null,null,good,inventory,UNALLOCATED - SS/23-24/1365.,2026-04-10 22:55:42.660512+00,SS/23-24/1365,2024-03-29,asset-invoices/vista heights/Shifa Stores Bills-10.pdf,Shifa Stores,null,null,null,null,null,false,,null
d0034ab4-688d-42b2-bd4b-b57b8a3fea0f,00000000-0000-0000-0000-000000000001,b1000000-0000-0000-0000-000000000009,VH-MA-GEN-0022,null,null,null,Ortho Foam Mattress 75x36x6,2024-03-29,3983.05,6afd6acf-2cf1-410d-b74e-2d7fa6159f33,null,null,good,inventory,UNALLOCATED - SS/23-24/1365.,2026-04-10 22:55:42.660512+00,SS/23-24/1365,2024-03-29,asset-invoices/vista heights/Shifa Stores Bills-10.pdf,Shifa Stores,null,null,null,null,null,false,,null
4e79e6f2-652e-4be9-b738-21876115231f,00000000-0000-0000-0000-000000000001,b1000000-0000-0000-0000-000000000009,VH-MA-GEN-0023,null,null,null,Ortho Foam Mattress 75x36x6,2024-03-29,3983.05,6afd6acf-2cf1-410d-b74e-2d7fa6159f33,null,null,good,inventory,UNALLOCATED - SS/23-24/1365.,2026-04-10 22:55:42.660512+00,SS/23-24/1365,2024-03-29,asset-invoices/vista heights/Shifa Stores Bills-10.pdf,Shifa Stores,null,null,null,null,null,false,,null
7237e7e8-5246-4b0a-893e-ddbeeb2bb3f4,00000000-0000-0000-0000-000000000001,b1000000-0000-0000-0000-000000000009,VH-MA-GEN-0024,null,null,null,Ortho Foam Mattress 75x36x6,2024-03-29,3983.05,6afd6acf-2cf1-410d-b74e-2d7fa6159f33,null,null,good,inventory,UNALLOCATED - SS/23-24/1365.,2026-04-10 22:55:42.660512+00,SS/23-24/1365,2024-03-29,asset-invoices/vista heights/Shifa Stores Bills-10.pdf,Shifa Stores,null,null,null,null,null,false,,null
89558e1a-e887-4fc2-bb33-9d0c498eb262,00000000-0000-0000-0000-000000000001,b1000000-0000-0000-0000-000000000009,VH-MA-GEN-0025,null,null,null,Ortho Foam Mattress 75x36x6,2024-03-29,3983.05,6afd6acf-2cf1-410d-b74e-2d7fa6159f33,null,null,good,inventory,UNALLOCATED - SS/23-24/1365.,2026-04-10 22:55:42.660512+00,SS/23-24/1365,2024-03-29,asset-invoices/vista heights/Shifa Stores Bills-10.pdf,Shifa Stores,null,null,null,null,null,false,,null
290bb189-42d1-4dc4-9e92-15d46c565926,00000000-0000-0000-0000-000000000001,b1000000-0000-0000-0000-000000000009,VH-MA-GEN-0026,null,null,null,Ortho Foam Mattress 72x36x6,2025-04-16,3813.56,6afd6acf-2cf1-410d-b74e-2d7fa6159f33,null,null,good,inventory,UNALLOCATED - SS/25-26/GST023.,2026-04-10 22:55:42.660512+00,SS/25-26/GST023,2025-04-16,asset-invoices/vista heights/Shifa Stores.pdf,Shifa Stores,null,null,null,null,null,false,,null
bb010eb4-b104-4fcf-b251-99492a7742a9,00000000-0000-0000-0000-000000000001,b1000000-0000-0000-0000-000000000009,VH-MA-GEN-0027,null,null,null,Ortho Foam Mattress 72x36x6,2025-04-16,3813.56,6afd6acf-2cf1-410d-b74e-2d7fa6159f33,null,null,good,inventory,UNALLOCATED - SS/25-26/GST023.,2026-04-10 22:55:42.660512+00,SS/25-26/GST023,2025-04-16,asset-invoices/vista heights/Shifa Stores.pdf,Shifa Stores,null,null,null,null,null,false,,null
ffd038ee-84ee-490e-b69c-5f6e094612a3,00000000-0000-0000-0000-000000000001,b1000000-0000-0000-0000-000000000009,VH-MA-GEN-0028,null,null,null,Ortho Foam Mattress 72x36x6,2025-04-16,3813.56,6afd6acf-2cf1-410d-b74e-2d7fa6159f33,null,null,good,inventory,UNALLOCATED - SS/25-26/GST023.,2026-04-10 22:55:42.660512+00,SS/25-26/GST023,2025-04-16,asset-invoices/vista heights/Shifa Stores.pdf,Shifa Stores,null,null,null,null,null,false,,null
e4c092d2-3c6e-49ff-abae-9cfb162671aa,00000000-0000-0000-0000-000000000001,b1000000-0000-0000-0000-000000000009,VH-MA-GEN-0029,null,null,null,Ortho Foam Mattress 72x36x6,2025-04-16,3813.56,6afd6acf-2cf1-410d-b74e-2d7fa6159f33,null,null,good,inventory,UNALLOCATED - SS/25-26/GST023.,2026-04-10 22:55:42.660512+00,SS/25-26/GST023,2025-04-16,asset-invoices/vista heights/Shifa Stores.pdf,Shifa Stores,null,null,null,null,null,false,,null
d43bb98c-422f-4fe9-a4f3-e50bb734e980,00000000-0000-0000-0000-000000000001,b1000000-0000-0000-0000-000000000009,VH-MA-GEN-0030,null,null,null,Ortho Foam Mattress 72x36x6,2025-04-16,3813.56,6afd6acf-2cf1-410d-b74e-2d7fa6159f33,null,null,good,inventory,UNALLOCATED - SS/25-26/GST023.,2026-04-10 22:55:42.660512+00,SS/25-26/GST023,2025-04-16,asset-invoices/vista heights/Shifa Stores.pdf,Shifa Stores,null,null,null,null,null,false,,null
1a57cc7a-79d9-4179-8710-9a7537229e51,00000000-0000-0000-0000-000000000001,b1000000-0000-0000-0000-000000000004,VH-MW-GEN-0001,null,null,null,Panasonic NN-SM25JBFDG 20L Black,2024-10-08,5440.00,a955f0b4-9279-a80c-df59-b74588c36720,null,null,good,inventory,UNALLOCATED - SMAB-181709. Assign apartment manually.,2026-04-10 22:55:42.660512+00,SMAB-181709,2024-10-08,asset-invoices/vista heights/invoice-81.pdf,Amazon,null,null,null,null,null,false,,null
65fe0cf4-1151-461a-8492-56638efb3bd3,00000000-0000-0000-0000-000000000001,b1000000-0000-0000-0000-000000000004,VH-MW-GEN-0002,null,null,null,Panasonic NN-SM25JBFDG 20L Black,2024-08-02,5390.00,a955f0b4-9279-a80c-df59-b74588c36720,null,null,good,inventory,UNALLOCATED - SMAB-111866. Assign apartment manually.,2026-04-10 22:55:42.660512+00,SMAB-111866,2024-08-02,asset-invoices/vista heights/invoice-84.pdf,Amazon,null,null,null,null,null,false,,null
6b2e4fee-5f67-4ce5-b6f4-afa7d631582e,00000000-0000-0000-0000-000000000001,b1000000-0000-0000-0000-000000000004,VH-MW-GEN-0003,null,null,null,Voltas Bekko MS17WM 17L,2023-08-31,4575.42,6afd6acf-2cf1-410d-b74e-2d7fa6159f33,null,null,good,inventory,UNALLOCATED - SS/23-24/GST429. Multi-item invoice.,2026-04-10 22:55:42.660512+00,SS/23-24/GST429,2023-08-31,asset-invoices/vista heights/Shifa Stores Bills-5.pdf,Shifa Stores,null,null,null,null,null,false,,null
0ae10540-e84d-4396-8ff6-ee7e8ffe2c2a,00000000-0000-0000-0000-000000000001,b1000000-0000-0000-0000-000000000016,VH-PL-GEN-0001,null,null,null,Duroflex SNUGGLEPILLOW,2025-08-07,200.00,c97a258e-bf13-8dc4-67fa-a8c1c8d0be04,null,null,good,inventory,UNALLOCATED - Duroflex 4250444084. Assign apartment/bed manu,2026-04-10 22:55:42.660512+00,4250444084,2025-08-07,asset-invoices/vista heights/Duro Flex-2.pdf,Duroflex Pvt Ltd,null,null,null,null,null,false,,null
8999bec5-97d7-4a4d-b4a1-fe52a3239a13,00000000-0000-0000-0000-000000000001,b1000000-0000-0000-0000-000000000016,VH-PL-GEN-0002,null,null,null,Duroflex SNUGGLEPILLOW,2025-08-07,200.00,c97a258e-bf13-8dc4-67fa-a8c1c8d0be04,null,null,good,inventory,UNALLOCATED - Duroflex 4250444084. Assign apartment/bed manu,2026-04-10 22:55:42.660512+00,4250444084,2025-08-07,asset-invoices/vista heights/Duro Flex-2.pdf,Duroflex Pvt Ltd,null,null,null,null,null,false,,null
7844d3e4-02ab-4097-9ae4-0b5ac3fb4643,00000000-0000-0000-0000-000000000001,b1000000-0000-0000-0000-000000000016,VH-PL-GEN-0003,null,null,null,Duroflex SNUGGLEPILLOW,2025-08-07,200.00,c97a258e-bf13-8dc4-67fa-a8c1c8d0be04,null,null,good,inventory,UNALLOCATED - Duroflex 4250444084. Assign apartment/bed manu,2026-04-10 22:55:42.660512+00,4250444084,2025-08-07,asset-invoices/vista heights/Duro Flex-2.pdf,Duroflex Pvt Ltd,null,null,null,null,null,false,,null
cff55b2e-2561-4f21-9926-6ac110a42839,00000000-0000-0000-0000-000000000001,b1000000-0000-0000-0000-000000000016,VH-PL-GEN-0004,null,null,null,Duroflex SNUGGLEPILLOW,2025-08-07,200.00,c97a258e-bf13-8dc4-67fa-a8c1c8d0be04,null,null,good,inventory,UNALLOCATED - Duroflex 4250444084. Assign apartment/bed manu,2026-04-10 22:55:42.660512+00,4250444084,2025-08-07,asset-invoices/vista heights/Duro Flex-2.pdf,Duroflex Pvt Ltd,null,null,null,null,null,false,,null
01fa6925-305b-4d27-898d-4c90241c7170,00000000-0000-0000-0000-000000000001,b1000000-0000-0000-0000-000000000016,VH-PL-GEN-0005,null,null,null,Duroflex SNUGGLEPILLOW,2025-08-07,200.00,c97a258e-bf13-8dc4-67fa-a8c1c8d0be04,null,null,good,inventory,UNALLOCATED - Duroflex 4250444084. Assign apartment/bed manu,2026-04-10 22:55:42.660512+00,4250444084,2025-08-07,asset-invoices/vista heights/Duro Flex-2.pdf,Duroflex Pvt Ltd,null,null,null,null,null,false,,null
09957291-aa3e-497f-b6c8-614c5b4878b6,00000000-0000-0000-0000-000000000001,b1000000-0000-0000-0000-000000000016,VH-PL-GEN-0006,null,null,null,Duroflex SNUGGLEPILLOW,2025-08-07,200.00,c97a258e-bf13-8dc4-67fa-a8c1c8d0be04,null,null,good,inventory,UNALLOCATED - Duroflex 4250444084. Assign apartment/bed manu,2026-04-10 22:55:42.660512+00,4250444084,2025-08-07,asset-invoices/vista heights/Duro Flex-2.pdf,Duroflex Pvt Ltd,null,null,null,null,null,false,,null
93d45fc3-ceca-4e37-b014-bf48e62ae93c,00000000-0000-0000-0000-000000000001,b1000000-0000-0000-0000-000000000016,VH-PL-GEN-0007,null,null,null,Duroflex SNUGGLEPILLOW,2025-08-07,200.00,c97a258e-bf13-8dc4-67fa-a8c1c8d0be04,null,null,good,inventory,UNALLOCATED - Duroflex 4250444084. Assign apartment/bed manu,2026-04-10 22:55:42.660512+00,4250444084,2025-08-07,asset-invoices/vista heights/Duro Flex-2.pdf,Duroflex Pvt Ltd,null,null,null,null,null,false,,null
23539ae0-2d3b-475f-994b-af674da6ea39,00000000-0000-0000-0000-000000000001,b1000000-0000-0000-0000-000000000016,VH-PL-GEN-0008,null,null,null,Duroflex SNUGGLEPILLOW,2025-08-07,200.00,c97a258e-bf13-8dc4-67fa-a8c1c8d0be04,null,null,good,inventory,UNALLOCATED - Duroflex 4250444084. Assign apartment/bed manu,2026-04-10 22:55:42.660512+00,4250444084,2025-08-07,asset-invoices/vista heights/Duro Flex-2.pdf,Duroflex Pvt Ltd,null,null,null,null,null,false,,null
956c3f6c-2313-4917-ac61-5f181194d581,00000000-0000-0000-0000-000000000001,b1000000-0000-0000-0000-000000000016,VH-PL-GEN-0009,null,null,null,Duroflex SNUGGLEPILLOW,2025-08-07,200.00,c97a258e-bf13-8dc4-67fa-a8c1c8d0be04,null,null,good,inventory,UNALLOCATED - Duroflex 4250444084. Assign apartment/bed manu,2026-04-10 22:55:42.660512+00,4250444084,2025-08-07,asset-invoices/vista heights/Duro Flex-2.pdf,Duroflex Pvt Ltd,null,null,null,null,null,false,,null
b4f39308-42e1-48e2-b21a-5254a6f928ff,00000000-0000-0000-0000-000000000001,b1000000-0000-0000-0000-000000000016,VH-PL-GEN-0010,null,null,null,Duroflex SNUGGLEPILLOW,2025-08-07,200.00,c97a258e-bf13-8dc4-67fa-a8c1c8d0be04,null,null,good,inventory,UNALLOCATED - Duroflex 4250444084. Assign apartment/bed manu,2026-04-10 22:55:42.660512+00,4250444084,2025-08-07,asset-invoices/vista heights/Duro Flex-2.pdf,Duroflex Pvt Ltd,null,null,null,null,null,false,,null
3af2d2bb-b5b1-4be5-a0bd-2dff35027b70,00000000-0000-0000-0000-000000000001,b1000000-0000-0000-0000-000000000016,VH-PL-GEN-0011,null,null,null,Duroflex SNUGGLEPILLOW,2025-08-07,200.00,c97a258e-bf13-8dc4-67fa-a8c1c8d0be04,null,null,good,inventory,UNALLOCATED - Duroflex 4250444084. Assign apartment/bed manu,2026-04-10 22:55:42.660512+00,4250444084,2025-08-07,asset-invoices/vista heights/Duro Flex-2.pdf,Duroflex Pvt Ltd,null,null,null,null,null,false,,null
5df2a5f7-092b-4a9f-8f23-1c0ede93355b,00000000-0000-0000-0000-000000000001,b1000000-0000-0000-0000-000000000016,VH-PL-GEN-0012,null,null,null,Duroflex SNUGGLEPILLOW,2025-08-07,200.00,c97a258e-bf13-8dc4-67fa-a8c1c8d0be04,null,null,good,inventory,UNALLOCATED - Duroflex 4250444084. Assign apartment/bed manu,2026-04-10 22:55:42.660512+00,4250444084,2025-08-07,asset-invoices/vista heights/Duro Flex-2.pdf,Duroflex Pvt Ltd,null,null,null,null,null,false,,null
c2d2563f-7025-4a2c-8c20-067b4ea5c646,00000000-0000-0000-0000-000000000001,b1000000-0000-0000-0000-000000000016,VH-PL-GEN-0013,null,null,null,Duroflex SNUGGLEPILLOW,2025-08-07,200.00,c97a258e-bf13-8dc4-67fa-a8c1c8d0be04,null,null,good,inventory,UNALLOCATED - Duroflex 4250444084. Assign apartment/bed manu,2026-04-10 22:55:42.660512+00,4250444084,2025-08-07,asset-invoices/vista heights/Duro Flex-2.pdf,Duroflex Pvt Ltd,null,null,null,null,null,false,,null
ffbeefa2-a676-44c5-a9ab-c68730335db5,00000000-0000-0000-0000-000000000001,b1000000-0000-0000-0000-000000000016,VH-PL-GEN-0014,null,null,null,Duroflex SNUGGLEPILLOW,2025-08-07,200.00,c97a258e-bf13-8dc4-67fa-a8c1c8d0be04,null,null,good,inventory,UNALLOCATED - Duroflex 4250444084. Assign apartment/bed manu,2026-04-10 22:55:42.660512+00,4250444084,2025-08-07,asset-invoices/vista heights/Duro Flex-2.pdf,Duroflex Pvt Ltd,null,null,null,null,null,false,,null
5e257ed1-efe4-4241-83b3-6a251befa90e,00000000-0000-0000-0000-000000000001,b1000000-0000-0000-0000-000000000016,VH-PL-GEN-0015,null,null,null,Duroflex SNUGGLEPILLOW,2025-08-07,200.00,c97a258e-bf13-8dc4-67fa-a8c1c8d0be04,null,null,good,inventory,UNALLOCATED - Duroflex 4250444084. Assign apartment/bed manu,2026-04-10 22:55:42.660512+00,4250444084,2025-08-07,asset-invoices/vista heights/Duro Flex-2.pdf,Duroflex Pvt Ltd,null,null,null,null,null,false,,null
c398496f-5796-4ee9-bc38-1a53cbd142d0,00000000-0000-0000-0000-000000000001,b1000000-0000-0000-0000-000000000016,VH-PL-GEN-0016,null,null,null,Duroflex SNUGGLEPILLOW,2025-08-07,200.00,c97a258e-bf13-8dc4-67fa-a8c1c8d0be04,null,null,good,inventory,UNALLOCATED - Duroflex 4250444084. Assign apartment/bed manu,2026-04-10 22:55:42.660512+00,4250444084,2025-08-07,asset-invoices/vista heights/Duro Flex-2.pdf,Duroflex Pvt Ltd,null,null,null,null,null,false,,null
733612bc-ad74-4024-bc7a-893d01e8dd9f,00000000-0000-0000-0000-000000000001,b1000000-0000-0000-0000-000000000016,VH-PL-GEN-0017,null,null,null,Duroflex SNUGGLEPILLOW,2025-08-07,200.00,c97a258e-bf13-8dc4-67fa-a8c1c8d0be04,null,null,good,inventory,UNALLOCATED - Duroflex 4250444084. Assign apartment/bed manu,2026-04-10 22:55:42.660512+00,4250444084,2025-08-07,asset-invoices/vista heights/Duro Flex-2.pdf,Duroflex Pvt Ltd,null,null,null,null,null,false,,null
14ffa9a1-852b-47c1-aebd-aab08f9a0be0,00000000-0000-0000-0000-000000000001,b1000000-0000-0000-0000-000000000016,VH-PL-GEN-0018,null,null,null,Duroflex SNUGGLEPILLOW,2025-08-07,200.00,c97a258e-bf13-8dc4-67fa-a8c1c8d0be04,null,null,good,inventory,UNALLOCATED - Duroflex 4250444084. Assign apartment/bed manu,2026-04-10 22:55:42.660512+00,4250444084,2025-08-07,asset-invoices/vista heights/Duro Flex-2.pdf,Duroflex Pvt Ltd,null,null,null,null,null,false,,null
e5b931f9-f06a-4547-9a23-b9fd63b34928,00000000-0000-0000-0000-000000000001,b1000000-0000-0000-0000-000000000016,VH-PL-GEN-0019,null,null,null,Duroflex SNUGGLEPILLOW,2025-08-07,200.00,c97a258e-bf13-8dc4-67fa-a8c1c8d0be04,null,null,good,inventory,UNALLOCATED - Duroflex 4250444084. Assign apartment/bed manu,2026-04-10 22:55:42.660512+00,4250444084,2025-08-07,asset-invoices/vista heights/Duro Flex-2.pdf,Duroflex Pvt Ltd,null,null,null,null,null,false,,null
5d5d5f4a-bbae-44df-82bf-2933fb4d28da,00000000-0000-0000-0000-000000000001,b1000000-0000-0000-0000-000000000016,VH-PL-GEN-0020,null,null,null,Duroflex SNUGGLEPILLOW,2025-08-07,200.00,c97a258e-bf13-8dc4-67fa-a8c1c8d0be04,null,null,good,inventory,UNALLOCATED - Duroflex 4250444084. Assign apartment/bed manu,2026-04-10 22:55:42.660512+00,4250444084,2025-08-07,asset-invoices/vista heights/Duro Flex-2.pdf,Duroflex Pvt Ltd,null,null,null,null,null,false,,null
93e42c20-9261-4f96-98b2-d9c5ef6a3ed2,00000000-0000-0000-0000-000000000001,b1000000-0000-0000-0000-000000000003,VH-RF-GEN-0001,null,null,null,Samsung 183L 3★ Digital Inverter,2024-10-05,14990.00,a955f0b4-9279-a80c-df59-b74588c36720,null,null,good,inventory,UNALLOCATED - RSZX-7448. Assign apartment manually.,2026-04-10 22:55:42.660512+00,RSZX-7448,2024-10-05,asset-invoices/vista heights/invoice-82.pdf,Amazon (DAWNTECH ELECTRONICS),null,null,null,null,null,false,,null
2ad09a0a-2caa-41a6-af5c-88b48f8acea7,00000000-0000-0000-0000-000000000001,b1000000-0000-0000-0000-000000000003,VH-RF-GEN-0002,null,null,null,Samsung 183L 3★ Digital Inverter,2024-08-02,15290.00,a955f0b4-9279-a80c-df59-b74588c36720,null,null,good,inventory,UNALLOCATED - RSZX-3424. Assign apartment manually.,2026-04-10 22:55:42.660512+00,RSZX-3424,2024-08-02,asset-invoices/vista heights/invoice-85.pdf,Amazon (DAWNTECH ELECTRONICS),null,null,null,null,null,false,,null
603e48bf-60f7-4126-b93e-8af6ae79d521,00000000-0000-0000-0000-000000000001,b1000000-0000-0000-0000-000000000012,VH-SF-GEN-0001,null,null,null,Three Seater Foam Sofa,2023-08-24,9000.00,6afd6acf-2cf1-410d-b74e-2d7fa6159f33,null,null,good,inventory,UNALLOCATED - SS/23-24/GST410.,2026-04-10 22:55:42.660512+00,SS/23-24/GST410,2023-08-24,asset-invoices/vista heights/Shifa Stores Bills-8.pdf,Shifa Stores,null,null,null,null,null,false,,null
89288fe4-0172-4c6b-bc74-dc16cde00ba6,00000000-0000-0000-0000-000000000001,b1000000-0000-0000-0000-000000000012,VH-SF-GEN-0002,null,null,null,Three Seater Foam Sofa,2023-08-31,9000.00,6afd6acf-2cf1-410d-b74e-2d7fa6159f33,null,null,good,inventory,UNALLOCATED - SS/23-24/GST432.,2026-04-10 22:55:42.660512+00,SS/23-24/GST432,2023-08-31,asset-invoices/vista heights/Shifa Stores Bills-3.pdf,Shifa Stores,null,null,null,null,null,false,,null
7b3e2e00-0f66-47f5-be4f-0a861ad8182b,00000000-0000-0000-0000-000000000001,b1000000-0000-0000-0000-000000000012,VH-SF-GEN-0003,null,null,null,Two Seater Sofa,2023-09-06,7500.00,6afd6acf-2cf1-410d-b74e-2d7fa6159f33,null,null,good,inventory,UNALLOCATED - SS/23-24/GST448.,2026-04-10 22:55:42.660512+00,SS/23-24/GST448,2023-09-06,asset-invoices/vista heights/Shifa Stores Bills-4.pdf,Shifa Stores,null,null,null,null,null,false,,null
5590a7d9-018e-43bb-b9d4-1789b7547e3a,00000000-0000-0000-0000-000000000001,b1000000-0000-0000-0000-000000000012,VH-SF-GEN-0004,null,null,null,3 Seater Sofa,2024-03-26,9000.00,6afd6acf-2cf1-410d-b74e-2d7fa6159f33,null,null,good,inventory,UNALLOCATED - SS/23-24/1361.,2026-04-10 22:55:42.660512+00,SS/23-24/1361,2024-03-26,asset-invoices/vista heights/Shifa Stores Bills-1.pdf,Shifa Stores,null,null,null,null,null,false,,null
2da4657e-0782-4100-9134-ccfc2c049e0e,00000000-0000-0000-0000-000000000001,b1000000-0000-0000-0000-000000000012,VH-SF-GEN-0005,null,null,null,Two Seater Sofa,2024-03-28,7500.00,6afd6acf-2cf1-410d-b74e-2d7fa6159f33,null,null,good,inventory,UNALLOCATED - SS/23-24/1364.,2026-04-10 22:55:42.660512+00,SS/23-24/1364,2024-03-28,asset-invoices/vista heights/Shifa Stores Bills-9.pdf,Shifa Stores,null,null,null,null,null,false,,null
ccb7fd86-ccc5-4a71-b94c-5da095abfd2e,00000000-0000-0000-0000-000000000001,b1000000-0000-0000-0000-000000000012,VH-SF-GEN-0006,null,null,null,Single Seater Sofa,2024-03-29,5096.66,6afd6acf-2cf1-410d-b74e-2d7fa6159f33,null,null,good,inventory,UNALLOCATED - SS/23-24/1365.,2026-04-10 22:55:42.660512+00,SS/23-24/1365,2024-03-29,asset-invoices/vista heights/Shifa Stores Bills-10.pdf,Shifa Stores,null,null,null,null,null,false,,null
22d9b768-3544-47fd-9495-dfbee2edabd3,00000000-0000-0000-0000-000000000001,b1000000-0000-0000-0000-000000000012,VH-SF-GEN-0007,null,null,null,3 Seater Sofa Regular Module Upholstery,2023-04-01,13500.00,null,null,null,good,inventory,UNALLOCATED - SP/001/23-24.,2026-04-10 22:55:42.660512+00,SP/001/23-24,2023-04-01,asset-invoices/vista heights/MothiMahal & Super Furniture-3.pdf,Super Furniture 2019,null,null,null,null,null,false,,null
7a7cb35f-ae8f-4b2b-9bb0-1cf05e781fd1,00000000-0000-0000-0000-000000000001,b1000000-0000-0000-0000-000000000012,VH-SF-GEN-0008,null,null,null,3 Seater Sofa Regular Module Upholstery,2023-04-01,13500.00,null,null,null,good,inventory,UNALLOCATED - SP/001/23-24.,2026-04-10 22:55:42.660512+00,SP/001/23-24,2023-04-01,asset-invoices/vista heights/MothiMahal & Super Furniture-3.pdf,Super Furniture 2019,null,null,null,null,null,false,,null
4fa78b9b-6e69-487e-8144-f6313660b38c,00000000-0000-0000-0000-000000000001,b1000000-0000-0000-0000-000000000011,VH-ST-GEN-0001,null,null,null,null,2024-10-23,3150.00,1f1c91d5-56b6-641b-e035-aa2fc4782999,null,null,good,inventory,UNALLOCATED - SF65 (23/10/2024). Assign apartment manually p,2026-04-10 22:55:42.660512+00,SF65,2024-10-23,asset-invoices/vista heights/Smart Furniture Bill 2-1.pdf,Smart Furniture,null,null,null,null,null,false,,null
6e2fde12-3b80-4fbb-a525-12f180f09909,00000000-0000-0000-0000-000000000001,b1000000-0000-0000-0000-000000000011,VH-ST-GEN-0002,null,null,null,null,2024-10-23,3150.00,1f1c91d5-56b6-641b-e035-aa2fc4782999,null,null,good,inventory,UNALLOCATED - SF65 (23/10/2024). Assign apartment manually p,2026-04-10 22:55:42.660512+00,SF65,2024-10-23,asset-invoices/vista heights/Smart Furniture Bill 2-1.pdf,Smart Furniture,null,null,null,null,null,false,,null
bb46bdd7-70d1-4217-b7ea-ad069f6ab80c,00000000-0000-0000-0000-000000000001,b1000000-0000-0000-0000-000000000011,VH-ST-GEN-0003,null,null,null,Study Desk,2023-08-10,2150.00,6afd6acf-2cf1-410d-b74e-2d7fa6159f33,null,null,good,inventory,UNALLOCATED - SS/23-24/GST385. Assign apartment manually.,2026-04-10 22:55:42.660512+00,SS/23-24/GST385,2023-08-10,asset-invoices/vista heights/Shifa Stores Bills-7.pdf,Shifa Stores,null,null,null,null,null,false,,null
c7929557-f2fa-4683-9e47-d6f11daf1516,00000000-0000-0000-0000-000000000001,b1000000-0000-0000-0000-000000000011,VH-ST-GEN-0004,null,null,null,Study Desk,2023-08-10,2150.00,6afd6acf-2cf1-410d-b74e-2d7fa6159f33,null,null,good,inventory,UNALLOCATED - SS/23-24/GST385. Assign apartment manually.,2026-04-10 22:55:42.660512+00,SS/23-24/GST385,2023-08-10,asset-invoices/vista heights/Shifa Stores Bills-7.pdf,Shifa Stores,null,null,null,null,null,false,,null
1c9cfab8-63c5-4e41-978b-d25b205c9c7c,00000000-0000-0000-0000-000000000001,b1000000-0000-0000-0000-000000000011,VH-ST-GEN-0005,null,null,null,Study Desk,2023-08-10,2150.00,6afd6acf-2cf1-410d-b74e-2d7fa6159f33,null,null,good,inventory,UNALLOCATED - SS/23-24/GST385. Assign apartment manually.,2026-04-10 22:55:42.660512+00,SS/23-24/GST385,2023-08-10,asset-invoices/vista heights/Shifa Stores Bills-7.pdf,Shifa Stores,null,null,null,null,null,false,,null
48c1d5c8-b42a-4d44-bc98-9cf9963285a8,00000000-0000-0000-0000-000000000001,b1000000-0000-0000-0000-000000000011,VH-ST-GEN-0006,null,null,null,Study Desk,2023-08-10,2150.00,6afd6acf-2cf1-410d-b74e-2d7fa6159f33,null,null,good,inventory,UNALLOCATED - SS/23-24/GST385. Assign apartment manually.,2026-04-10 22:55:42.660512+00,SS/23-24/GST385,2023-08-10,asset-invoices/vista heights/Shifa Stores Bills-7.pdf,Shifa Stores,null,null,null,null,null,false,,null
5d408b2d-5b74-4614-9c51-c70fd3e37480,00000000-0000-0000-0000-000000000001,b1000000-0000-0000-0000-000000000011,VH-ST-GEN-0007,null,null,null,Study Desk,2023-08-10,2150.00,6afd6acf-2cf1-410d-b74e-2d7fa6159f33,null,null,good,inventory,UNALLOCATED - SS/23-24/GST385. Assign apartment manually.,2026-04-10 22:55:42.660512+00,SS/23-24/GST385,2023-08-10,asset-invoices/vista heights/Shifa Stores Bills-7.pdf,Shifa Stores,null,null,null,null,null,false,,null
1cfeee76-353f-4e98-a659-18eba5fc348a,00000000-0000-0000-0000-000000000001,b1000000-0000-0000-0000-000000000011,VH-ST-GEN-0008,null,null,null,Study Desk,2023-08-25,2150.00,6afd6acf-2cf1-410d-b74e-2d7fa6159f33,null,null,good,inventory,UNALLOCATED - SS/23-24/GST411.,2026-04-10 22:55:42.660512+00,SS/23-24/GST411,2023-08-25,asset-invoices/vista heights/Shifa Stores Bills-6.pdf,Shifa Stores,null,null,null,null,null,false,,null
1d65efc2-33cb-4f32-9584-2cc33fb7f4f2,00000000-0000-0000-0000-000000000001,b1000000-0000-0000-0000-000000000011,VH-ST-GEN-0009,null,null,null,Study Desk,2023-08-25,2150.00,6afd6acf-2cf1-410d-b74e-2d7fa6159f33,null,null,good,inventory,UNALLOCATED - SS/23-24/GST411.,2026-04-10 22:55:42.660512+00,SS/23-24/GST411,2023-08-25,asset-invoices/vista heights/Shifa Stores Bills-6.pdf,Shifa Stores,null,null,null,null,null,false,,null
ce2459e3-e41a-43eb-939f-4986fbb45f66,00000000-0000-0000-0000-000000000001,b1000000-0000-0000-0000-000000000011,VH-ST-GEN-0010,null,null,null,Study Desk,2023-08-25,2150.00,6afd6acf-2cf1-410d-b74e-2d7fa6159f33,null,null,good,inventory,UNALLOCATED - SS/23-24/GST411.,2026-04-10 22:55:42.660512+00,SS/23-24/GST411,2023-08-25,asset-invoices/vista heights/Shifa Stores Bills-6.pdf,Shifa Stores,null,null,null,null,null,false,,null
867fbef0-ad50-47f6-b7b3-9e27899eda80,00000000-0000-0000-0000-000000000001,b1000000-0000-0000-0000-000000000011,VH-ST-GEN-0011,null,null,null,Study Desk,2024-04-04,2700.00,6afd6acf-2cf1-410d-b74e-2d7fa6159f33,null,null,good,inventory,UNALLOCATED - SS/24-25/GST9.,2026-04-10 22:55:42.660512+00,SS/24-25/GST9,2024-04-04,asset-invoices/vista heights/Shifa Stores Bills-12.pdf,Shifa Stores,null,null,null,null,null,false,,null
962bd1eb-9d41-4f69-8a36-2cacf8521c31,00000000-0000-0000-0000-000000000001,b1000000-0000-0000-0000-000000000011,VH-ST-GEN-0012,null,null,null,Study Desk,2024-04-04,2700.00,6afd6acf-2cf1-410d-b74e-2d7fa6159f33,null,null,good,inventory,UNALLOCATED - SS/24-25/GST9.,2026-04-10 22:55:42.660512+00,SS/24-25/GST9,2024-04-04,asset-invoices/vista heights/Shifa Stores Bills-12.pdf,Shifa Stores,null,null,null,null,null,false,,null
2a7937c9-950d-4060-8181-41f985e5a62d,00000000-0000-0000-0000-000000000001,b1000000-0000-0000-0000-000000000011,VH-ST-GEN-0013,null,null,null,Study Desk,2024-04-04,2700.00,6afd6acf-2cf1-410d-b74e-2d7fa6159f33,null,null,good,inventory,UNALLOCATED - SS/24-25/GST9.,2026-04-10 22:55:42.660512+00,SS/24-25/GST9,2024-04-04,asset-invoices/vista heights/Shifa Stores Bills-12.pdf,Shifa Stores,null,null,null,null,null,false,,null
2beaee1d-8d85-4d16-9272-7f07bc8d5c63,00000000-0000-0000-0000-000000000001,b1000000-0000-0000-0000-000000000011,VH-ST-GEN-0014,null,null,null,Study Desk,2024-04-04,2700.00,6afd6acf-2cf1-410d-b74e-2d7fa6159f33,null,null,good,inventory,UNALLOCATED - SS/24-25/GST9.,2026-04-10 22:55:42.660512+00,SS/24-25/GST9,2024-04-04,asset-invoices/vista heights/Shifa Stores Bills-12.pdf,Shifa Stores,null,null,null,null,null,false,,null
0c1e88a6-e219-461f-bded-807a4e6c0843,00000000-0000-0000-0000-000000000001,b1000000-0000-0000-0000-000000000011,VH-ST-GEN-0015,null,null,null,Study Desk,2024-04-04,2700.00,6afd6acf-2cf1-410d-b74e-2d7fa6159f33,null,null,good,inventory,UNALLOCATED - SS/24-25/GST9.,2026-04-10 22:55:42.660512+00,SS/24-25/GST9,2024-04-04,asset-invoices/vista heights/Shifa Stores Bills-12.pdf,Shifa Stores,null,null,null,null,null,false,,null
29c0f628-ee84-42a4-bd1f-388b6199a9c3,00000000-0000-0000-0000-000000000001,b1000000-0000-0000-0000-000000000011,VH-ST-GEN-0016,null,null,null,Study Desk,2024-04-04,2700.00,6afd6acf-2cf1-410d-b74e-2d7fa6159f33,null,null,good,inventory,UNALLOCATED - SS/24-25/GST9.,2026-04-10 22:55:42.660512+00,SS/24-25/GST9,2024-04-04,asset-invoices/vista heights/Shifa Stores Bills-12.pdf,Shifa Stores,null,null,null,null,null,false,,null
c368bf90-88c6-450e-9ce3-28919319aabc,00000000-0000-0000-0000-000000000001,b1000000-0000-0000-0000-000000000011,VH-ST-GEN-0017,null,null,null,Office Table,2023-05-02,3850.00,null,null,null,good,inventory,"UNALLOCATED - Moti Mahal Inv 9. Delivery: Vista Heights M38,",2026-04-10 22:55:42.660512+00,9,2023-05-02,asset-invoices/vista heights/MothiMahal & Super Furniture-1.pdf,Moti Mahal,null,null,null,null,null,false,,null
c8242d9c-36f7-487f-b479-c9b3b27ce10d,00000000-0000-0000-0000-000000000001,b1000000-0000-0000-0000-000000000011,VH-ST-GEN-0018,null,null,null,Office Table,2023-05-02,3850.00,null,null,null,good,inventory,"UNALLOCATED - Moti Mahal Inv 9. Delivery: Vista Heights M38,",2026-04-10 22:55:42.660512+00,9,2023-05-02,asset-invoices/vista heights/MothiMahal & Super Furniture-1.pdf,Moti Mahal,null,null,null,null,null,false,,null
09224684-8e7f-41a9-8d9f-9b2390bee0bd,00000000-0000-0000-0000-000000000001,b1000000-0000-0000-0000-000000000011,VH-ST-GEN-0019,null,null,null,Office Table,2023-05-02,3850.00,null,null,null,good,inventory,"UNALLOCATED - Moti Mahal Inv 9. Delivery: Vista Heights M38,",2026-04-10 22:55:42.660512+00,9,2023-05-02,asset-invoices/vista heights/MothiMahal & Super Furniture-1.pdf,Moti Mahal,null,null,null,null,null,false,,null
f8869470-d86b-4b77-8f51-46962bd97b86,00000000-0000-0000-0000-000000000001,b1000000-0000-0000-0000-000000000011,VH-ST-GEN-0020,null,null,null,Office Table,2023-05-02,3850.00,null,null,null,good,inventory,"UNALLOCATED - Moti Mahal Inv 9. Delivery: Vista Heights M38,",2026-04-10 22:55:42.660512+00,9,2023-05-02,asset-invoices/vista heights/MothiMahal & Super Furniture-1.pdf,Moti Mahal,null,null,null,null,null,false,,null
cc2169bc-5385-4136-8708-c4f8254a9f03,00000000-0000-0000-0000-000000000001,b1000000-0000-0000-0000-000000000011,VH-ST-GEN-0021,null,null,null,Office Table,2023-05-02,3850.00,null,null,null,good,inventory,"UNALLOCATED - Moti Mahal Inv 9. Delivery: Vista Heights M38,",2026-04-10 22:55:42.660512+00,9,2023-05-02,asset-invoices/vista heights/MothiMahal & Super Furniture-1.pdf,Moti Mahal,null,null,null,null,null,false,,null
7e15b7c4-7361-4a67-b19c-b4735e6ed895,00000000-0000-0000-0000-000000000001,b1000000-0000-0000-0000-000000000011,VH-ST-GEN-0022,null,null,null,Office Table,2023-05-02,3850.00,null,null,null,good,inventory,"UNALLOCATED - Moti Mahal Inv 9. Delivery: Vista Heights M38,",2026-04-10 22:55:42.660512+00,9,2023-05-02,asset-invoices/vista heights/MothiMahal & Super Furniture-1.pdf,Moti Mahal,null,null,null,null,null,false,,null
e9586913-3dff-46a7-adc1-4120f744e3ff,00000000-0000-0000-0000-000000000001,b1000000-0000-0000-0000-000000000010,VH-WD-GEN-0001,null,null,null,Two Door Wardrobe,2023-08-24,6000.00,6afd6acf-2cf1-410d-b74e-2d7fa6159f33,null,null,good,inventory,UNALLOCATED - SS/23-24/GST410. Assign apartment manually.,2026-04-10 22:55:42.660512+00,SS/23-24/GST410,2023-08-24,asset-invoices/vista heights/Shifa Stores Bills-8.pdf,Shifa Stores,null,null,null,null,null,false,,null
09171eed-b896-46b3-888a-5196404f9abd,00000000-0000-0000-0000-000000000001,b1000000-0000-0000-0000-000000000010,VH-WD-GEN-0002,null,null,null,Two Door Wardrobe,2023-08-24,6000.00,6afd6acf-2cf1-410d-b74e-2d7fa6159f33,null,null,good,inventory,UNALLOCATED - SS/23-24/GST410. Assign apartment manually.,2026-04-10 22:55:42.660512+00,SS/23-24/GST410,2023-08-24,asset-invoices/vista heights/Shifa Stores Bills-8.pdf,Shifa Stores,null,null,null,null,null,false,,null
b45ba66d-c54c-4e8b-84c4-e5b4f53935ec,00000000-0000-0000-0000-000000000001,b1000000-0000-0000-0000-000000000010,VH-WD-GEN-0003,null,null,null,Two Door Wardrobe,2023-08-24,6000.00,6afd6acf-2cf1-410d-b74e-2d7fa6159f33,null,null,good,inventory,UNALLOCATED - SS/23-24/GST410. Assign apartment manually.,2026-04-10 22:55:42.660512+00,SS/23-24/GST410,2023-08-24,asset-invoices/vista heights/Shifa Stores Bills-8.pdf,Shifa Stores,null,null,null,null,null,false,,null
2ac0c343-f99b-4190-86f3-595d6aec219f,00000000-0000-0000-0000-000000000001,b1000000-0000-0000-0000-000000000010,VH-WD-GEN-0004,null,null,null,Two Door Wardrobe,2023-08-24,6000.00,6afd6acf-2cf1-410d-b74e-2d7fa6159f33,null,null,good,inventory,UNALLOCATED - SS/23-24/GST410. Assign apartment manually.,2026-04-10 22:55:42.660512+00,SS/23-24/GST410,2023-08-24,asset-invoices/vista heights/Shifa Stores Bills-8.pdf,Shifa Stores,null,null,null,null,null,false,,null
e26e4d9a-3aea-485c-aaf3-021683d7894b,00000000-0000-0000-0000-000000000001,b1000000-0000-0000-0000-000000000010,VH-WD-GEN-0005,null,null,null,Two Door Wardrobe,2023-08-24,6000.00,6afd6acf-2cf1-410d-b74e-2d7fa6159f33,null,null,good,inventory,UNALLOCATED - SS/23-24/GST410. Assign apartment manually.,2026-04-10 22:55:42.660512+00,SS/23-24/GST410,2023-08-24,asset-invoices/vista heights/Shifa Stores Bills-8.pdf,Shifa Stores,null,null,null,null,null,false,,null
71208a85-f77e-4ddc-938c-63af05fac20e,00000000-0000-0000-0000-000000000001,b1000000-0000-0000-0000-000000000010,VH-WD-GEN-0006,null,null,null,Two Door Wardrobe,2023-08-24,6000.00,6afd6acf-2cf1-410d-b74e-2d7fa6159f33,null,null,good,inventory,UNALLOCATED - SS/23-24/GST410. Assign apartment manually.,2026-04-10 22:55:42.660512+00,SS/23-24/GST410,2023-08-24,asset-invoices/vista heights/Shifa Stores Bills-8.pdf,Shifa Stores,null,null,null,null,null,false,,null
6e8f7022-b726-4118-8663-460cc8fbcda3,00000000-0000-0000-0000-000000000001,b1000000-0000-0000-0000-000000000010,VH-WD-GEN-0007,null,null,null,Two Door Wardrobe,2023-08-24,6000.00,6afd6acf-2cf1-410d-b74e-2d7fa6159f33,null,null,good,inventory,UNALLOCATED - SS/23-24/GST410. Assign apartment manually.,2026-04-10 22:55:42.660512+00,SS/23-24/GST410,2023-08-24,asset-invoices/vista heights/Shifa Stores Bills-8.pdf,Shifa Stores,null,null,null,null,null,false,,null
c2fe2878-78e1-47d6-90cf-9d6d802ad8df,00000000-0000-0000-0000-000000000001,b1000000-0000-0000-0000-000000000010,VH-WD-GEN-0008,null,null,null,Single Door Wardrobe,2024-03-28,4950.00,6afd6acf-2cf1-410d-b74e-2d7fa6159f33,null,null,good,inventory,UNALLOCATED - SS/23-24/1364.,2026-04-10 22:55:42.660512+00,SS/23-24/1364,2024-03-28,asset-invoices/vista heights/Shifa Stores Bills-9.pdf,Shifa Stores,null,null,null,null,null,false,,null
5a4c9796-14ef-4333-9c18-346933f19345,00000000-0000-0000-0000-000000000001,b1000000-0000-0000-0000-000000000010,VH-WD-GEN-0009,null,null,null,Single Door Wardrobe,2024-03-28,4950.00,6afd6acf-2cf1-410d-b74e-2d7fa6159f33,null,null,good,inventory,UNALLOCATED - SS/23-24/1364.,2026-04-10 22:55:42.660512+00,SS/23-24/1364,2024-03-28,asset-invoices/vista heights/Shifa Stores Bills-9.pdf,Shifa Stores,null,null,null,null,null,false,,null
77711952-b927-439f-b539-addf6b32065f,00000000-0000-0000-0000-000000000001,b1000000-0000-0000-0000-000000000010,VH-WD-GEN-0010,null,null,null,Single Door Wardrobe,2024-03-28,4950.00,6afd6acf-2cf1-410d-b74e-2d7fa6159f33,null,null,good,inventory,UNALLOCATED - SS/23-24/1364.,2026-04-10 22:55:42.660512+00,SS/23-24/1364,2024-03-28,asset-invoices/vista heights/Shifa Stores Bills-9.pdf,Shifa Stores,null,null,null,null,null,false,,null
ba43f281-7556-4ad6-9df1-0b156dd11c41,00000000-0000-0000-0000-000000000001,b1000000-0000-0000-0000-000000000010,VH-WD-GEN-0011,null,null,null,Single Door Wardrobe,2024-03-28,4950.00,6afd6acf-2cf1-410d-b74e-2d7fa6159f33,null,null,good,inventory,UNALLOCATED - SS/23-24/1364.,2026-04-10 22:55:42.660512+00,SS/23-24/1364,2024-03-28,asset-invoices/vista heights/Shifa Stores Bills-9.pdf,Shifa Stores,null,null,null,null,null,false,,null
71ebc637-a4dd-4c41-a9f2-026d4c935514,00000000-0000-0000-0000-000000000001,b1000000-0000-0000-0000-000000000010,VH-WD-GEN-0012,null,null,null,Single Door Wardrobe,2024-03-28,4950.00,6afd6acf-2cf1-410d-b74e-2d7fa6159f33,null,null,good,inventory,UNALLOCATED - SS/23-24/1364.,2026-04-10 22:55:42.660512+00,SS/23-24/1364,2024-03-28,asset-invoices/vista heights/Shifa Stores Bills-9.pdf,Shifa Stores,null,null,null,null,null,false,,null
28c0c0ef-fffb-4d4d-82fa-d64b4f1f795d,00000000-0000-0000-0000-000000000001,b1000000-0000-0000-0000-000000000010,VH-WD-GEN-0013,null,null,null,Single Door Wardrobe,2024-03-28,4950.00,6afd6acf-2cf1-410d-b74e-2d7fa6159f33,null,null,good,inventory,UNALLOCATED - SS/23-24/1364.,2026-04-10 22:55:42.660512+00,SS/23-24/1364,2024-03-28,asset-invoices/vista heights/Shifa Stores Bills-9.pdf,Shifa Stores,null,null,null,null,null,false,,null
f872c22c-cef0-4ddd-9335-eedc22bbccb6,00000000-0000-0000-0000-000000000001,b1000000-0000-0000-0000-000000000010,VH-WD-GEN-0014,null,null,null,Single Door Wardrobe,2024-03-28,4950.00,6afd6acf-2cf1-410d-b74e-2d7fa6159f33,null,null,good,inventory,UNALLOCATED - SS/23-24/1364.,2026-04-10 22:55:42.660512+00,SS/23-24/1364,2024-03-28,asset-invoices/vista heights/Shifa Stores Bills-9.pdf,Shifa Stores,null,null,null,null,null,false,,null
7ef89f0e-a031-4d83-8e9b-173a5dd33fc5,00000000-0000-0000-0000-000000000001,b1000000-0000-0000-0000-000000000010,VH-WD-GEN-0015,null,null,null,Single Door Wardrobe,2024-03-28,4950.00,6afd6acf-2cf1-410d-b74e-2d7fa6159f33,null,null,good,inventory,UNALLOCATED - SS/23-24/1364.,2026-04-10 22:55:42.660512+00,SS/23-24/1364,2024-03-28,asset-invoices/vista heights/Shifa Stores Bills-9.pdf,Shifa Stores,null,null,null,null,null,false,,null
57ac3ff4-6e42-47f4-8c54-4bd6fbc6fce6,00000000-0000-0000-0000-000000000001,b1000000-0000-0000-0000-000000000010,VH-WD-GEN-0016,null,null,null,Double Door Wardrobe,2024-03-28,6000.00,6afd6acf-2cf1-410d-b74e-2d7fa6159f33,null,null,good,inventory,UNALLOCATED - SS/23-24/1364.,2026-04-10 22:55:42.660512+00,SS/23-24/1364,2024-03-28,asset-invoices/vista heights/Shifa Stores Bills-9.pdf,Shifa Stores,null,null,null,null,null,false,,null
1ac69deb-d6b1-4ea5-a4d9-3f48094b405d,00000000-0000-0000-0000-000000000001,b1000000-0000-0000-0000-000000000002,VH-WM-GEN-0001,null,null,null,Samsung WA70A4002GS/TL 7kg,2024-10-05,15290.00,a955f0b4-9279-a80c-df59-b74588c36720,null,null,good,inventory,UNALLOCATED - Amazon invoice RSZX-7446. Assign apartment man,2026-04-10 22:55:42.660512+00,RSZX-7446,2024-10-05,asset-invoices/vista heights/invoice-83.pdf,Amazon (DAWNTECH ELECTRONICS),null,null,null,null,null,false,,null
b9420e95-d6d5-4c38-9017-e3bcf751b94c,00000000-0000-0000-0000-000000000001,b1000000-0000-0000-0000-000000000002,VH-WM-GEN-0002,null,null,null,Samsung WA70A4002GS/TL 7kg,2024-08-02,15097.00,a955f0b4-9279-a80c-df59-b74588c36720,null,null,good,inventory,UNALLOCATED - Amazon invoice RSZX-3425. Assign apartment man,2026-04-10 22:55:42.660512+00,RSZX-3425,2024-08-02,asset-invoices/vista heights/invoice-86.pdf,Amazon (DAWNTECH ELECTRONICS),null,null,null,null,null,false,,null
305c5d57-d7a9-4797-ba15-1141b82aae3b,00000000-0000-0000-0000-000000000001,b1000000-0000-0000-0000-000000000002,VH-WM-GEN-0003,null,null,null,Voltas WTL65UPSC 6.5kg,2023-08-31,13474.58,6afd6acf-2cf1-410d-b74e-2d7fa6159f33,null,null,good,inventory,UNALLOCATED - SS/23-24/GST429. Multi-item invoice.,2026-04-10 22:55:42.660512+00,SS/23-24/GST429,2023-08-31,asset-invoices/vista heights/Shifa Stores Bills-5.pdf,Shifa Stores,null,null,null,null,null,false,,null
9df3ee4b-0851-4b57-aa8c-f7665ddf60b5,00000000-0000-0000-0000-000000000001,b1000000-0000-0000-0000-000000000002,VH-WM-GEN-0004,null,null,null,Voltas WTL600UEA 6kg,2024-03-26,12542.37,6afd6acf-2cf1-410d-b74e-2d7fa6159f33,null,null,good,inventory,UNALLOCATED - SS/23-24/1361.,2026-04-10 22:55:42.660512+00,SS/23-24/1361,2024-03-26,asset-invoices/vista heights/Shifa Stores Bills-1.pdf,Shifa Stores,null,null,null,null,null,false,,null
d999f545-c85e-460c-ae57-1484f920742d,00000000-0000-0000-0000-000000000001,b1000000-0000-0000-0000-000000000002,VH-WM-GEN-0005,null,null,null,Voltas WTL600UEA 6kg,2024-03-26,12542.37,6afd6acf-2cf1-410d-b74e-2d7fa6159f33,null,null,good,inventory,UNALLOCATED - SS/23-24/1361.,2026-04-10 22:55:42.660512+00,SS/23-24/1361,2024-03-26,asset-invoices/vista heights/Shifa Stores Bills-1.pdf,Shifa Stores,null,null,null,null,null,false,,null
96331626-7381-4018-bbff-d488d3048929,00000000-0000-0000-0000-000000000001,b1000000-0000-0000-0000-000000000001,VH-AC-B22-0004,null,BCX0P9AM700137B,Samsung,AR12RG3BAWKNNA,null,null,null,null,null,good,allocated,null,2026-04-10 22:55:42.660512+00,null,null,null,null,null,null,null,null,null,false,,null