id,organization_id,property_id,apartment_id,reading_start,reading_end,units_consumed,unit_cost,billing_month,created_at,meter_photo_url,is_locked,locked_by
00cfbe60-d36a-4c19-91a7-c80723f4acd8,00000000-0000-0000-0000-000000000001,5dda0b14-713b-46d0-a6ce-a7a33a2fb6f9,aa73cade-c28c-dc5b-5980-55801ea0d415,44750.70,45363.00,612.30,11.50,Apr-26,2026-04-27 10:42:50.690921+00,https://slljsigvfaxngpjaajjd.supabase.co/storage/v1/object/public/documents/meter-photos/1777540766818-651okf7281r.png,false,null
046fc4eb-1341-4685-b53e-ec9e2886d87d,00000000-0000-0000-0000-000000000001,5dda0b14-713b-46d0-a6ce-a7a33a2fb6f9,188aee4d-68e0-1ddb-38e6-a946bc75072d,2653.50,3209.20,555.70,11.50,Apr-26,2026-04-27 10:42:50.690921+00,https://slljsigvfaxngpjaajjd.supabase.co/storage/v1/object/public/documents/meter-photos/1777533708799-gzxkpk79ci5.png,false,null
73e9973c-796b-4b98-96d6-4ac9bce8b5c1,00000000-0000-0000-0000-000000000001,5dda0b14-713b-46d0-a6ce-a7a33a2fb6f9,417c9738-a0f7-5a00-1091-37a9fd083dd6,43931.00,44650.30,719.30,11.50,Apr-26,2026-04-27 10:42:50.690921+00,https://slljsigvfaxngpjaajjd.supabase.co/storage/v1/object/public/documents/meter-photos/1777538717304-b2g9qgisddq.png,false,null
86cca281-8cb0-e798-f508-03e11f6e1f16,00000000-0000-0000-0000-000000000001,5dda0b14-713b-46d0-a6ce-a7a33a2fb6f9,211a2b33-4e94-3da1-7d97-406bc26036f5,1956.70,2259.80,303.10,11.50,Feb-26,2026-03-20 06:10:21.371689+00,null,false,null
ffa31004-6b2b-4782-a535-559014532271,00000000-0000-0000-0000-000000000001,5dda0b14-713b-46d0-a6ce-a7a33a2fb6f9,85292340-826d-52c1-65c7-7f2a9eb2c2c4,63461.20,64424.90,963.70,11.50,Apr-26,2026-04-27 10:42:50.690921+00,https://slljsigvfaxngpjaajjd.supabase.co/storage/v1/object/public/documents/meter-photos/1777540933156-zslneadu6cc.png,false,null
af98a1a0-3fbd-46c9-8110-900046050a9e,00000000-0000-0000-0000-000000000001,5dda0b14-713b-46d0-a6ce-a7a33a2fb6f9,bde00681-ebfc-ef38-4f6e-4906a012de6b,54290.70,55336.40,1045.70,11.50,Apr-26,2026-04-27 10:42:50.690921+00,https://slljsigvfaxngpjaajjd.supabase.co/storage/v1/object/public/documents/meter-photos/1777541292051-cssmjo4659l.png,false,null
1c3170c9-c2e5-495a-9f9c-8705ed55fe4e,00000000-0000-0000-0000-000000000001,5dda0b14-713b-46d0-a6ce-a7a33a2fb6f9,ffbd5fe0-d9b3-cb55-cfd7-2d72a3498109,59847.10,60653.70,806.60,11.50,Apr-26,2026-04-27 10:42:50.690921+00,https://slljsigvfaxngpjaajjd.supabase.co/storage/v1/object/public/documents/meter-photos/1777541369190-chlowdvjxoj.png,false,null
e36036b9-5783-4eb1-87c0-0b45340442ba,00000000-0000-0000-0000-000000000001,5dda0b14-713b-46d0-a6ce-a7a33a2fb6f9,bc7f358d-0d6d-f95f-ff80-9089eefdef69,55471.80,56031.40,559.60,11.50,Apr-26,2026-04-27 10:42:50.690921+00,https://slljsigvfaxngpjaajjd.supabase.co/storage/v1/object/public/documents/meter-photos/1777541425399-rmsns023pjf.png,false,null
2a415110-8398-4879-924c-ca53130a054a,00000000-0000-0000-0000-000000000001,5dda0b14-713b-46d0-a6ce-a7a33a2fb6f9,b0875d50-a469-821b-57c3-03ac62809198,37835.50,38798.80,963.30,11.50,Apr-26,2026-04-27 10:42:50.690921+00,https://slljsigvfaxngpjaajjd.supabase.co/storage/v1/object/public/documents/meter-photos/1777542217956-zs9662k2rco.png,false,null
b7f6da48-11a7-411a-bcd3-871d1a20624e,00000000-0000-0000-0000-000000000001,5dda0b14-713b-46d0-a6ce-a7a33a2fb6f9,dd96a329-ec95-e96a-1348-69d976f39cd4,91371.00,92210.40,839.40,11.50,Apr-26,2026-04-27 10:42:50.690921+00,https://slljsigvfaxngpjaajjd.supabase.co/storage/v1/object/public/documents/meter-photos/1777542465026-kjii7iod6yc.png,false,null
b5770e60-38f4-4fc8-9863-74f950319eb5,00000000-0000-0000-0000-000000000001,5dda0b14-713b-46d0-a6ce-a7a33a2fb6f9,77c3a6fd-4651-d880-29aa-abd19c8324df,36172.90,36662.90,490.00,11.50,Apr-26,2026-04-27 10:42:50.690921+00,https://slljsigvfaxngpjaajjd.supabase.co/storage/v1/object/public/documents/meter-photos/1777542617425-1dlk4u3ylex.png,false,null
801f5076-093c-428b-894a-37fe648c385a,00000000-0000-0000-0000-000000000001,5dda0b14-713b-46d0-a6ce-a7a33a2fb6f9,86ad1ceb-8d81-a926-d998-3a2f1cafba06,25748.20,26451.30,703.10,11.50,Apr-26,2026-04-27 10:42:50.690921+00,https://slljsigvfaxngpjaajjd.supabase.co/storage/v1/object/public/documents/meter-photos/1777542764443-muok3qw52.png,false,null
2c062f78-15ec-4bdb-9e57-52f70a9d39f2,00000000-0000-0000-0000-000000000001,5dda0b14-713b-46d0-a6ce-a7a33a2fb6f9,10c6863d-07c3-4fc4-94f9-6adc29157ce1,38855.20,39520.40,665.20,11.50,Apr-26,2026-04-27 10:42:50.690921+00,https://slljsigvfaxngpjaajjd.supabase.co/storage/v1/object/public/documents/meter-photos/1777543023772-tc322sa2nn9.png,false,null
fb30169d-9b0e-4bcb-b8b5-2c855668e730,00000000-0000-0000-0000-000000000001,5dda0b14-713b-46d0-a6ce-a7a33a2fb6f9,990e8a3e-a69c-7b31-f606-3eeb21e3d4c6,33806.40,34270.60,464.20,11.50,Apr-26,2026-04-27 10:42:50.690921+00,https://slljsigvfaxngpjaajjd.supabase.co/storage/v1/object/public/documents/meter-photos/1777545351654-84pj9q97vvl.png,false,null
30a67d54-5067-4521-a75e-85221015a397,00000000-0000-0000-0000-000000000001,5dda0b14-713b-46d0-a6ce-a7a33a2fb6f9,1b4d1066-8fe4-199b-7b3b-39e4bded9714,22991.10,24132.40,1141.30,11.50,Apr-26,2026-04-27 10:42:50.690921+00,https://slljsigvfaxngpjaajjd.supabase.co/storage/v1/object/public/documents/meter-photos/1777545564328-fhc99ufeb2q.png,false,null
f6aaeb63-7bbd-49dd-a13d-57111edbe88e,00000000-0000-0000-0000-000000000001,5dda0b14-713b-46d0-a6ce-a7a33a2fb6f9,211a2b33-4e94-3da1-7d97-406bc26036f5,2765.20,3304.40,539.20,11.50,Apr-26,2026-04-27 10:42:50.690921+00,https://slljsigvfaxngpjaajjd.supabase.co/storage/v1/object/public/documents/meter-photos/1777533509829-0iyy9hzrvk06.png,false,null
113b312e-b1bf-47a9-b0f8-20663920b0d9,00000000-0000-0000-0000-000000000001,5dda0b14-713b-46d0-a6ce-a7a33a2fb6f9,5d204545-2f72-b89b-3190-a826b5ab6512,52534.80,53187.40,652.60,11.50,Apr-26,2026-04-27 10:42:50.690921+00,https://slljsigvfaxngpjaajjd.supabase.co/storage/v1/object/public/documents/meter-photos/1777538648719-z6jm9n8v8kr.png,false,null
7d4d6fc1-dc2b-4e31-b3a4-6176c737c1b2,00000000-0000-0000-0000-000000000001,5dda0b14-713b-46d0-a6ce-a7a33a2fb6f9,82b270bf-e567-2deb-5ef3-495baafd7645,29039.90,29510.60,470.70,11.50,Apr-26,2026-04-27 10:42:50.690921+00,https://slljsigvfaxngpjaajjd.supabase.co/storage/v1/object/public/documents/meter-photos/1777539085680-ofsq22w5sga.png,false,null
9751b7f8-8f2a-40eb-87f1-4842e11c9251,00000000-0000-0000-0000-000000000001,5dda0b14-713b-46d0-a6ce-a7a33a2fb6f9,b0d4d2c8-f6ee-bc16-ffd7-fc33c8db8571,26167.00,26923.20,756.20,11.50,Apr-26,2026-04-27 10:42:50.690921+00,https://slljsigvfaxngpjaajjd.supabase.co/storage/v1/object/public/documents/meter-photos/1777533818853-mtnuttfmi39.png,false,null
35300159-747e-4026-9954-d268e7e6f143,00000000-0000-0000-0000-000000000001,5dda0b14-713b-46d0-a6ce-a7a33a2fb6f9,0a839c14-2a88-9896-c2f2-8d51fe610405,30352.10,31061.20,709.10,11.50,Apr-26,2026-04-27 10:42:50.690921+00,https://slljsigvfaxngpjaajjd.supabase.co/storage/v1/object/public/documents/meter-photos/1777537996356-81oj52rgt8b.png,false,null
1c085e48-108e-4772-a3ae-435460de7dc9,00000000-0000-0000-0000-000000000001,5dda0b14-713b-46d0-a6ce-a7a33a2fb6f9,79853a4a-cb02-508c-e041-7e23378aec9c,42669.70,44027.70,1358.00,11.50,Apr-26,2026-04-27 10:42:50.690921+00,https://slljsigvfaxngpjaajjd.supabase.co/storage/v1/object/public/documents/meter-photos/1777538304411-d5qcq0pv8uo.png,false,null
f3524f4c-c5b8-4dff-89d3-2e308597c552,00000000-0000-0000-0000-000000000001,5dda0b14-713b-46d0-a6ce-a7a33a2fb6f9,03edc7c5-4c46-b55e-523d-9fb7be29910b,52776.00,53828.40,1052.40,11.50,Apr-26,2026-04-27 10:42:50.690921+00,https://slljsigvfaxngpjaajjd.supabase.co/storage/v1/object/public/documents/meter-photos/1777538582375-79xix3gjyo8.png,false,null
e4736131-276e-48cd-bdaf-3eee4e206609,00000000-0000-0000-0000-000000000001,5dda0b14-713b-46d0-a6ce-a7a33a2fb6f9,2fc42a4f-fe5a-ae08-0e4e-2c89ca71db85,44504.50,45491.70,987.20,11.50,Apr-26,2026-04-27 10:42:50.690921+00,https://slljsigvfaxngpjaajjd.supabase.co/storage/v1/object/public/documents/meter-photos/1777538538114-l7pi6qe2kz.png,false,null
eab6878f-933b-4540-b967-8d5e54c34ea8,00000000-0000-0000-0000-000000000001,5dda0b14-713b-46d0-a6ce-a7a33a2fb6f9,8767525e-d22f-a295-bc29-ba104fdc589a,29455.70,29716.80,261.10,11.50,Apr-26,2026-04-27 10:42:50.690921+00,https://slljsigvfaxngpjaajjd.supabase.co/storage/v1/object/public/documents/meter-photos/1777540571987-zp8jw270y9o.png,false,null
5bd9edf8-fffb-4563-829e-9b73ced63460,00000000-0000-0000-0000-000000000001,5dda0b14-713b-46d0-a6ce-a7a33a2fb6f9,323c0dff-be56-f6ee-f053-ee37de806dea,46303.40,47241.10,937.70,11.50,Apr-26,2026-04-27 10:42:50.690921+00,https://slljsigvfaxngpjaajjd.supabase.co/storage/v1/object/public/documents/meter-photos/1777285328308-ufoe1xjzwa.jpeg,false,null
a7ff510c-3c99-4ae1-bb8f-dfe894429ddd,00000000-0000-0000-0000-000000000001,5dda0b14-713b-46d0-a6ce-a7a33a2fb6f9,574de174-c7bb-bc11-f282-cff2aa2501c5,14776.50,15139.10,362.60,11.50,Apr-26,2026-04-27 10:42:50.690921+00,https://slljsigvfaxngpjaajjd.supabase.co/storage/v1/object/public/documents/meter-photos/1777539165766-ynuig0z6lna.png,false,null
431e9e50-0204-40e4-85f3-51f9211ae606,00000000-0000-0000-0000-000000000001,5dda0b14-713b-46d0-a6ce-a7a33a2fb6f9,a361bd0d-c2c1-2aee-6303-d65de004edd0,42275.30,42892.60,617.30,11.50,Apr-26,2026-04-27 10:42:50.690921+00,https://slljsigvfaxngpjaajjd.supabase.co/storage/v1/object/public/documents/meter-photos/1777539232435-dp6rwfu543m.png,false,null
e21c587d-8277-454e-8f28-2bf7043532c7,00000000-0000-0000-0000-000000000001,5dda0b14-713b-46d0-a6ce-a7a33a2fb6f9,49ed1c8e-3653-c89b-ec74-16d8e20bb923,35030.40,35963.40,933.00,11.50,Apr-26,2026-04-27 10:42:50.690921+00,https://slljsigvfaxngpjaajjd.supabase.co/storage/v1/object/public/documents/meter-photos/1777540836917-98efwu4vmpe.png,false,null
8ddb2946-608e-f23a-ba3d-d6835793951c,00000000-0000-0000-0000-000000000001,5dda0b14-713b-46d0-a6ce-a7a33a2fb6f9,85292340-826d-52c1-65c7-7f2a9eb2c2c4,62411.10,62798.20,387.10,11.50,Feb-26,2026-03-20 06:10:21.371689+00,null,false,null
e1690206-bdf4-4f5a-afd3-1b4a8447fdc4,00000000-0000-0000-0000-000000000001,5dda0b14-713b-46d0-a6ce-a7a33a2fb6f9,9d5d0096-0b78-a663-1142-be871dfa2bda,35283.40,36078.20,794.80,11.50,Apr-26,2026-04-27 10:42:50.690921+00,https://slljsigvfaxngpjaajjd.supabase.co/storage/v1/object/public/documents/meter-photos/1777545726456-8qayfx365lx.png,false,null
b1c9123d-d40d-49f3-818e-b6218254bf25,00000000-0000-0000-0000-000000000001,5dda0b14-713b-46d0-a6ce-a7a33a2fb6f9,fb5cedd6-2992-1c62-7fba-4a7a6b43b2ff,29034.50,30286.20,1251.70,11.50,Apr-26,2026-04-27 10:42:50.690921+00,https://slljsigvfaxngpjaajjd.supabase.co/storage/v1/object/public/documents/meter-photos/1777545866569-cgnfare2j08.png,false,null
73e6fcce-5fdb-4b6c-8f44-e7a10e869e7c,00000000-0000-0000-0000-000000000001,5dda0b14-713b-46d0-a6ce-a7a33a2fb6f9,233cca0e-efcf-e631-d2fc-9997a6ba5706,24402.40,25478.90,1076.50,11.50,Apr-26,2026-04-27 10:42:50.690921+00,https://slljsigvfaxngpjaajjd.supabase.co/storage/v1/object/public/documents/meter-photos/1777545953980-3icm3b62dnn.png,false,null
2034d24f-124c-4d04-afd8-e7417be5eb45,00000000-0000-0000-0000-000000000001,5dda0b14-713b-46d0-a6ce-a7a33a2fb6f9,c17c5093-48b7-139f-ebfc-1cd33ef5179c,18293.10,18752.40,459.30,11.50,Apr-26,2026-04-27 10:42:50.690921+00,https://slljsigvfaxngpjaajjd.supabase.co/storage/v1/object/public/documents/meter-photos/1777546230955-eysqimpll38.png,false,null
5afb8601-113b-9597-6803-597a75cc1b54,00000000-0000-0000-0000-000000000001,5dda0b14-713b-46d0-a6ce-a7a33a2fb6f9,211a2b33-4e94-3da1-7d97-406bc26036f5,0.00,0.00,0.00,11.00,May-23,2026-03-20 06:10:21.371689+00,null,false,null
54843de6-d85d-448e-9563-2bfc92935d26,00000000-0000-0000-0000-000000000001,5dda0b14-713b-46d0-a6ce-a7a33a2fb6f9,417c9738-a0f7-5a00-1091-37a9fd083dd6,43346.50,43931.00,584.50,11.50,Mar-26,2026-03-31 12:01:33.462937+00,null,true,f6623646-3abe-4faf-bff7-684ea1f04e96
0d5cd77a-3e20-4cd5-a4e8-0ba7f04bb9a1,00000000-0000-0000-0000-000000000001,5dda0b14-713b-46d0-a6ce-a7a33a2fb6f9,574de174-c7bb-bc11-f282-cff2aa2501c5,14399.30,14776.50,377.20,11.50,Mar-26,2026-03-31 12:01:33.462937+00,null,true,f6623646-3abe-4faf-bff7-684ea1f04e96
3d7bc883-9107-4b7c-9b7b-14339c74570d,00000000-0000-0000-0000-000000000001,5dda0b14-713b-46d0-a6ce-a7a33a2fb6f9,8767525e-d22f-a295-bc29-ba104fdc589a,29246.70,29455.70,209.00,11.50,Mar-26,2026-03-31 12:01:33.462937+00,null,true,f6623646-3abe-4faf-bff7-684ea1f04e96
22aff2f2-9886-4bca-9143-64dbde1cdc92,00000000-0000-0000-0000-000000000001,5dda0b14-713b-46d0-a6ce-a7a33a2fb6f9,85292340-826d-52c1-65c7-7f2a9eb2c2c4,62798.20,63461.20,663.00,11.50,Mar-26,2026-03-31 12:01:33.462937+00,null,true,f6623646-3abe-4faf-bff7-684ea1f04e96
3501af3d-6a49-47d8-b5e5-6e8851c710b0,00000000-0000-0000-0000-000000000001,5dda0b14-713b-46d0-a6ce-a7a33a2fb6f9,bde00681-ebfc-ef38-4f6e-4906a012de6b,53458.30,54290.70,832.40,11.50,Mar-26,2026-03-31 12:01:33.462937+00,null,true,f6623646-3abe-4faf-bff7-684ea1f04e96
4e3ae1ce-3398-40ef-b8a2-c3f6b6d4f435,00000000-0000-0000-0000-000000000001,5dda0b14-713b-46d0-a6ce-a7a33a2fb6f9,b0875d50-a469-821b-57c3-03ac62809198,37180.70,37835.50,654.80,11.50,Mar-26,2026-03-31 12:01:33.462937+00,null,true,f6623646-3abe-4faf-bff7-684ea1f04e96
66060f4d-e502-45c9-b2e8-2f9f9ec88745,00000000-0000-0000-0000-000000000001,5dda0b14-713b-46d0-a6ce-a7a33a2fb6f9,77c3a6fd-4651-d880-29aa-abd19c8324df,35768.90,36172.90,404.00,11.50,Mar-26,2026-03-31 12:01:33.462937+00,null,true,f6623646-3abe-4faf-bff7-684ea1f04e96
af068e63-36c6-4298-b313-4fb3313ee66e,00000000-0000-0000-0000-000000000001,5dda0b14-713b-46d0-a6ce-a7a33a2fb6f9,86ad1ceb-8d81-a926-d998-3a2f1cafba06,25331.30,25748.20,416.90,11.50,Mar-26,2026-03-31 12:01:33.462937+00,null,true,f6623646-3abe-4faf-bff7-684ea1f04e96
08ee8d4c-b609-4e40-a83c-8cf39a960950,00000000-0000-0000-0000-000000000001,5dda0b14-713b-46d0-a6ce-a7a33a2fb6f9,10c6863d-07c3-4fc4-94f9-6adc29157ce1,38331.10,38855.20,524.10,11.50,Mar-26,2026-03-31 12:01:33.462937+00,null,true,f6623646-3abe-4faf-bff7-684ea1f04e96
0338c965-ea3b-4deb-9425-718528dd61e3,00000000-0000-0000-0000-000000000001,5dda0b14-713b-46d0-a6ce-a7a33a2fb6f9,990e8a3e-a69c-7b31-f606-3eeb21e3d4c6,33473.00,33806.40,333.40,11.50,Mar-26,2026-03-31 12:01:33.462937+00,null,true,f6623646-3abe-4faf-bff7-684ea1f04e96
8516afbb-916b-4272-9881-8119358b4457,00000000-0000-0000-0000-000000000001,5dda0b14-713b-46d0-a6ce-a7a33a2fb6f9,1b4d1066-8fe4-199b-7b3b-39e4bded9714,22010.60,22991.10,980.50,11.50,Mar-26,2026-03-31 12:01:33.462937+00,null,true,f6623646-3abe-4faf-bff7-684ea1f04e96
e54c8be1-362c-4e54-81b1-078638514a71,00000000-0000-0000-0000-000000000001,5dda0b14-713b-46d0-a6ce-a7a33a2fb6f9,9d5d0096-0b78-a663-1142-be871dfa2bda,34575.30,35283.40,708.10,11.50,Mar-26,2026-03-31 12:01:33.462937+00,null,true,f6623646-3abe-4faf-bff7-684ea1f04e96
e5684b51-563b-468a-8ea0-017f2048b678,00000000-0000-0000-0000-000000000001,5dda0b14-713b-46d0-a6ce-a7a33a2fb6f9,233cca0e-efcf-e631-d2fc-9997a6ba5706,23571.20,24402.40,831.20,11.50,Mar-26,2026-03-31 12:01:33.462937+00,null,true,f6623646-3abe-4faf-bff7-684ea1f04e96
653cac7d-4f09-4fbc-bdf4-2ab12719b2ab,00000000-0000-0000-0000-000000000001,5dda0b14-713b-46d0-a6ce-a7a33a2fb6f9,c2ff0c11-4d1b-7b9b-b93c-aa37c9b6c40b,27356.50,28020.90,664.40,11.50,Mar-26,2026-03-31 12:01:33.462937+00,null,true,f6623646-3abe-4faf-bff7-684ea1f04e96
057b83d3-3529-40c1-a352-c348935dbe0d,00000000-0000-0000-0000-000000000001,5dda0b14-713b-46d0-a6ce-a7a33a2fb6f9,188aee4d-68e0-1ddb-38e6-a946bc75072d,2273.10,2653.50,380.40,11.50,Mar-26,2026-03-31 12:01:33.462937+00,null,true,f6623646-3abe-4faf-bff7-684ea1f04e96
891792bc-c073-4ced-aec8-40743ad15269,00000000-0000-0000-0000-000000000001,5dda0b14-713b-46d0-a6ce-a7a33a2fb6f9,03edc7c5-4c46-b55e-523d-9fb7be29910b,51830.20,52776.00,945.80,11.50,Mar-26,2026-03-31 12:01:33.462937+00,null,true,f6623646-3abe-4faf-bff7-684ea1f04e96
e55c4d07-eacc-4793-acf0-fde32c323bf5,00000000-0000-0000-0000-000000000001,5dda0b14-713b-46d0-a6ce-a7a33a2fb6f9,323c0dff-be56-f6ee-f053-ee37de806dea,45543.00,46303.40,760.40,11.50,Mar-26,2026-03-31 12:01:33.462937+00,null,true,f6623646-3abe-4faf-bff7-684ea1f04e96
8f48b998-5023-438f-a9c3-93fbeaf51994,00000000-0000-0000-0000-000000000001,5dda0b14-713b-46d0-a6ce-a7a33a2fb6f9,aa73cade-c28c-dc5b-5980-55801ea0d415,44180.60,44750.70,570.10,11.50,Mar-26,2026-03-31 12:01:33.462937+00,null,true,f6623646-3abe-4faf-bff7-684ea1f04e96
2acb0277-fdfc-4735-92a5-6aa3c48df99f,00000000-0000-0000-0000-000000000001,5dda0b14-713b-46d0-a6ce-a7a33a2fb6f9,49ed1c8e-3653-c89b-ec74-16d8e20bb923,34171.90,35030.40,858.50,11.50,Mar-26,2026-03-31 12:01:33.462937+00,null,true,f6623646-3abe-4faf-bff7-684ea1f04e96
dbc36fad-2d09-426a-87cd-5ddcffea5c78,00000000-0000-0000-0000-000000000001,5dda0b14-713b-46d0-a6ce-a7a33a2fb6f9,2fc42a4f-fe5a-ae08-0e4e-2c89ca71db85,43402.30,44504.50,1102.20,11.50,Mar-26,2026-03-31 12:01:33.462937+00,null,true,f6623646-3abe-4faf-bff7-684ea1f04e96
cd3f4978-92b7-4e3d-9e26-1ed8ea9a9938,00000000-0000-0000-0000-000000000001,5dda0b14-713b-46d0-a6ce-a7a33a2fb6f9,b0d4d2c8-f6ee-bc16-ffd7-fc33c8db8571,25349.00,26167.00,818.00,11.50,Mar-26,2026-03-31 12:01:33.462937+00,null,true,f6623646-3abe-4faf-bff7-684ea1f04e96
65ac809e-5028-49f4-8c80-d9c8d94ac856,00000000-0000-0000-0000-000000000001,5dda0b14-713b-46d0-a6ce-a7a33a2fb6f9,5d204545-2f72-b89b-3190-a826b5ab6512,51585.80,52534.80,949.00,11.50,Mar-26,2026-03-31 12:01:33.462937+00,null,true,f6623646-3abe-4faf-bff7-684ea1f04e96
72a7218b-d8f3-7df2-6cb6-4a858f4eeedc,00000000-0000-0000-0000-000000000001,5dda0b14-713b-46d0-a6ce-a7a33a2fb6f9,188aee4d-68e0-1ddb-38e6-a946bc75072d,0.00,0.00,0.00,11.00,May-23,2026-03-20 06:10:21.371689+00,null,false,null
2d38cf96-345c-2d1a-c834-02647baf6402,00000000-0000-0000-0000-000000000001,5dda0b14-713b-46d0-a6ce-a7a33a2fb6f9,4d1dd99b-b75a-70b5-406b-f5e869954002,0.00,0.00,0.00,11.00,May-23,2026-03-20 06:10:21.371689+00,null,false,null
5f011981-5cb8-e722-2e85-17ab562969ef,00000000-0000-0000-0000-000000000001,5dda0b14-713b-46d0-a6ce-a7a33a2fb6f9,b0d4d2c8-f6ee-bc16-ffd7-fc33c8db8571,1059.00,1789.00,730.00,11.00,May-23,2026-03-20 06:10:21.371689+00,null,false,null
67f32d43-8dfb-9040-a50e-a6459e0b2149,00000000-0000-0000-0000-000000000001,5dda0b14-713b-46d0-a6ce-a7a33a2fb6f9,0a839c14-2a88-9896-c2f2-8d51fe610405,8914.00,9481.00,567.00,11.00,May-23,2026-03-20 06:10:21.371689+00,null,false,null
89125942-0855-3673-0e62-be35ab6c0f01,00000000-0000-0000-0000-000000000001,5dda0b14-713b-46d0-a6ce-a7a33a2fb6f9,03edc7c5-4c46-b55e-523d-9fb7be29910b,21926.00,23288.00,1362.00,11.00,May-23,2026-03-20 06:10:21.371689+00,null,false,null
caa92af2-046a-e5c4-3b87-88e8aece1c69,00000000-0000-0000-0000-000000000001,5dda0b14-713b-46d0-a6ce-a7a33a2fb6f9,2fc42a4f-fe5a-ae08-0e4e-2c89ca71db85,18494.00,19271.00,777.00,11.00,May-23,2026-03-20 06:10:21.371689+00,null,false,null
d3855116-5758-2b90-2c4f-69b55b2c3525,00000000-0000-0000-0000-000000000001,5dda0b14-713b-46d0-a6ce-a7a33a2fb6f9,5d204545-2f72-b89b-3190-a826b5ab6512,28842.00,29928.00,1086.00,11.00,May-23,2026-03-20 06:10:21.371689+00,null,false,null
c8ea890a-e9ef-0bdb-76d5-23e7ebde49d8,00000000-0000-0000-0000-000000000001,5dda0b14-713b-46d0-a6ce-a7a33a2fb6f9,417c9738-a0f7-5a00-1091-37a9fd083dd6,20184.00,20796.00,612.00,11.00,May-23,2026-03-20 06:10:21.371689+00,null,false,null
725258fd-cf0c-60c9-92cd-883588d812e9,00000000-0000-0000-0000-000000000001,5dda0b14-713b-46d0-a6ce-a7a33a2fb6f9,82b270bf-e567-2deb-5ef3-495baafd7645,15559.00,16239.00,680.00,11.00,May-23,2026-03-20 06:10:21.371689+00,null,false,null
960e7f64-43e0-8db3-acb1-44f6b96c1d15,00000000-0000-0000-0000-000000000001,5dda0b14-713b-46d0-a6ce-a7a33a2fb6f9,574de174-c7bb-bc11-f282-cff2aa2501c5,0.00,0.00,0.00,11.00,May-23,2026-03-20 06:10:21.371689+00,null,false,null
876e84e1-fe82-c8f9-9c20-94b1729e2097,00000000-0000-0000-0000-000000000001,5dda0b14-713b-46d0-a6ce-a7a33a2fb6f9,a361bd0d-c2c1-2aee-6303-d65de004edd0,18412.00,19041.00,629.00,11.00,May-23,2026-03-20 06:10:21.371689+00,null,false,null
51a3abb8-fbad-b688-aa36-eaf079971663,00000000-0000-0000-0000-000000000001,5dda0b14-713b-46d0-a6ce-a7a33a2fb6f9,323c0dff-be56-f6ee-f053-ee37de806dea,19632.00,20315.00,683.00,11.00,May-23,2026-03-20 06:10:21.371689+00,null,false,null
a1867459-4d94-245a-43be-0f722e725211,00000000-0000-0000-0000-000000000001,5dda0b14-713b-46d0-a6ce-a7a33a2fb6f9,aa73cade-c28c-dc5b-5980-55801ea0d415,16841.00,17394.00,553.00,11.00,May-23,2026-03-20 06:10:21.371689+00,null,false,null
d171124d-b8ac-0d26-70dd-e8c71f041166,00000000-0000-0000-0000-000000000001,5dda0b14-713b-46d0-a6ce-a7a33a2fb6f9,49ed1c8e-3653-c89b-ec74-16d8e20bb923,13501.00,14122.00,621.00,11.00,May-23,2026-03-20 06:10:21.371689+00,null,false,null
48146327-9a4b-7208-550b-2c6cbbfc48a1,00000000-0000-0000-0000-000000000001,5dda0b14-713b-46d0-a6ce-a7a33a2fb6f9,85292340-826d-52c1-65c7-7f2a9eb2c2c4,31880.00,32947.00,1067.00,11.00,May-23,2026-03-20 06:10:21.371689+00,null,false,null
63ec076e-5d7f-1b80-8ed5-397f92fd719a,00000000-0000-0000-0000-000000000001,5dda0b14-713b-46d0-a6ce-a7a33a2fb6f9,bde00681-ebfc-ef38-4f6e-4906a012de6b,26708.00,27578.00,870.00,11.00,May-23,2026-03-20 06:10:21.371689+00,null,false,null
5c613653-0450-4db1-c726-75839a209cc6,00000000-0000-0000-0000-000000000001,5dda0b14-713b-46d0-a6ce-a7a33a2fb6f9,ffbd5fe0-d9b3-cb55-cfd7-2d72a3498109,33389.00,34086.00,698.00,11.00,May-23,2026-03-20 06:10:21.371689+00,null,false,null
af4c1fc9-9a60-bb08-1ad7-477095e5a0f6,00000000-0000-0000-0000-000000000001,5dda0b14-713b-46d0-a6ce-a7a33a2fb6f9,bc7f358d-0d6d-f95f-ff80-9089eefdef69,24973.00,26228.00,1255.00,11.00,May-23,2026-03-20 06:10:21.371689+00,null,false,null
65b019b1-9163-8e18-5e1b-485182c67fa1,00000000-0000-0000-0000-000000000001,5dda0b14-713b-46d0-a6ce-a7a33a2fb6f9,b0875d50-a469-821b-57c3-03ac62809198,17199.00,17918.00,719.00,11.00,May-23,2026-03-20 06:10:21.371689+00,null,false,null
87754304-5599-49a0-f69c-c116bb5319aa,00000000-0000-0000-0000-000000000001,5dda0b14-713b-46d0-a6ce-a7a33a2fb6f9,dd96a329-ec95-e96a-1348-69d976f39cd4,22988.00,23923.00,935.00,11.00,May-23,2026-03-20 06:10:21.371689+00,null,false,null
4fc4098b-bded-8207-1cfd-dba34eb1be8f,00000000-0000-0000-0000-000000000001,5dda0b14-713b-46d0-a6ce-a7a33a2fb6f9,77c3a6fd-4651-d880-29aa-abd19c8324df,13859.00,14549.00,690.00,11.00,May-23,2026-03-20 06:10:21.371689+00,null,false,null
ec6cc66e-8a27-4e2f-beae-bad02a28cd66,00000000-0000-0000-0000-000000000001,5dda0b14-713b-46d0-a6ce-a7a33a2fb6f9,79853a4a-cb02-508c-e041-7e23378aec9c,41711.00,42669.70,958.70,11.50,Mar-26,2026-03-31 12:01:33.462937+00,null,true,f6623646-3abe-4faf-bff7-684ea1f04e96
3090a4ee-6ead-43dd-b78b-095a8e0e50d7,00000000-0000-0000-0000-000000000001,5dda0b14-713b-46d0-a6ce-a7a33a2fb6f9,a361bd0d-c2c1-2aee-6303-d65de004edd0,41578.40,42275.30,696.90,11.50,Mar-26,2026-03-31 12:01:33.462937+00,null,true,f6623646-3abe-4faf-bff7-684ea1f04e96
d2eec234-0a97-45fb-a61d-9e2e942504c0,00000000-0000-0000-0000-000000000001,5dda0b14-713b-46d0-a6ce-a7a33a2fb6f9,bc7f358d-0d6d-f95f-ff80-9089eefdef69,54750.90,55471.80,720.90,11.50,Mar-26,2026-03-31 12:01:33.462937+00,null,true,f6623646-3abe-4faf-bff7-684ea1f04e96
e5ae3d54-1e56-49a9-99dd-de4d2b236299,00000000-0000-0000-0000-000000000001,5dda0b14-713b-46d0-a6ce-a7a33a2fb6f9,fb5cedd6-2992-1c62-7fba-4a7a6b43b2ff,28243.90,29034.50,790.60,11.50,Mar-26,2026-03-31 12:01:33.462937+00,null,true,f6623646-3abe-4faf-bff7-684ea1f04e96
25cdd0dd-0421-4285-8e2a-acdcb1ca0cd8,00000000-0000-0000-0000-000000000001,5dda0b14-713b-46d0-a6ce-a7a33a2fb6f9,dc4adc21-f501-0573-2e9a-d7bbbc89e5d6,62767.10,63443.40,676.30,11.50,Mar-26,2026-03-31 12:01:33.462937+00,null,true,f6623646-3abe-4faf-bff7-684ea1f04e96
b4fbd0bd-26d7-45d3-8ea4-166b9a2332b8,00000000-0000-0000-0000-000000000001,5dda0b14-713b-46d0-a6ce-a7a33a2fb6f9,ffbd5fe0-d9b3-cb55-cfd7-2d72a3498109,59167.40,59847.10,679.70,11.50,Mar-26,2026-03-31 12:01:33.462937+00,null,true,f6623646-3abe-4faf-bff7-684ea1f04e96
df479e89-07ca-46c2-bd8a-b7f4cad49d7d,00000000-0000-0000-0000-000000000001,5dda0b14-713b-46d0-a6ce-a7a33a2fb6f9,dc4adc21-f501-0573-2e9a-d7bbbc89e5d6,63443.40,64247.90,804.50,11.50,Apr-26,2026-04-30 10:52:24.856797+00,https://slljsigvfaxngpjaajjd.supabase.co/storage/v1/object/public/documents/meter-photos/1777546092862-s4r8t1liyu9.png,false,null
82ad0e8c-7320-4c2c-bb76-e69d7dc19794,00000000-0000-0000-0000-000000000001,5dda0b14-713b-46d0-a6ce-a7a33a2fb6f9,0a839c14-2a88-9896-c2f2-8d51fe610405,29715.70,30352.10,636.40,11.50,Mar-26,2026-04-01 08:20:43.002427+00,null,true,f6623646-3abe-4faf-bff7-684ea1f04e96
81c21c6d-00a8-43a4-91f2-ae5fd0510005,00000000-0000-0000-0000-000000000001,5dda0b14-713b-46d0-a6ce-a7a33a2fb6f9,c2ff0c11-4d1b-7b9b-b93c-aa37c9b6c40b,28020.90,28578.00,557.10,11.50,Apr-26,2026-04-30 10:59:13.066544+00,https://slljsigvfaxngpjaajjd.supabase.co/storage/v1/object/public/documents/meter-photos/1777546485544-hrlo59et48q.png,false,null
90a82be2-d05c-4fed-8248-9c535cbd88e8,00000000-0000-0000-0000-000000000001,5dda0b14-713b-46d0-a6ce-a7a33a2fb6f9,d2298bb8-a5e5-735a-c8ca-9b18c7daacd6,47127.30,47790.90,663.60,11.50,Apr-26,2026-04-30 10:59:13.066544+00,https://slljsigvfaxngpjaajjd.supabase.co/storage/v1/object/public/documents/meter-photos/1777546586824-sy2ka2i2mha.png,false,null
b00ab4b4-8683-4bcd-9633-1c5fb5477f77,00000000-0000-0000-0000-000000000001,5dda0b14-713b-46d0-a6ce-a7a33a2fb6f9,0a839c14-2a88-9896-c2f2-8d51fe610405,31061.20,32135.90,1074.70,11.50,May-26,2026-05-31 07:19:33.934221+00,https://slljsigvfaxngpjaajjd.supabase.co/storage/v1/object/public/documents/meter-photos/1780211520896-4bhxersyzjr.jpeg,false,null
cdd27e67-1744-4de3-9837-d73b6d10c597,00000000-0000-0000-0000-000000000001,5dda0b14-713b-46d0-a6ce-a7a33a2fb6f9,d2298bb8-a5e5-735a-c8ca-9b18c7daacd6,46613.10,47127.30,514.20,11.50,Mar-26,2026-03-31 12:01:33.462937+00,null,true,f6623646-3abe-4faf-bff7-684ea1f04e96
1944c732-4da4-4d77-a42b-b14ad75837cf,00000000-0000-0000-0000-000000000001,5dda0b14-713b-46d0-a6ce-a7a33a2fb6f9,79853a4a-cb02-508c-e041-7e23378aec9c,44027.70,45346.10,1318.40,11.50,May-26,2026-05-31 07:19:33.934221+00,https://slljsigvfaxngpjaajjd.supabase.co/storage/v1/object/public/documents/meter-photos/1780211524148-8zsgist3ffn.jpeg,false,null
0e9f4a3f-a68a-4e3b-b4af-eb1b89b808e4,00000000-0000-0000-0000-000000000001,5dda0b14-713b-46d0-a6ce-a7a33a2fb6f9,03edc7c5-4c46-b55e-523d-9fb7be29910b,53828.40,55011.40,1183.00,11.50,May-26,2026-05-31 07:19:33.934221+00,https://slljsigvfaxngpjaajjd.supabase.co/storage/v1/object/public/documents/meter-photos/1780211535363-houuxu39d4.jpeg,false,null
5d6eb05c-63c7-4c1a-89f2-0c2869a46297,00000000-0000-0000-0000-000000000001,5dda0b14-713b-46d0-a6ce-a7a33a2fb6f9,2fc42a4f-fe5a-ae08-0e4e-2c89ca71db85,45491.70,46522.10,1030.40,11.50,May-26,2026-05-31 07:19:33.934221+00,https://slljsigvfaxngpjaajjd.supabase.co/storage/v1/object/public/documents/meter-photos/1780211539905-sy9jzvgawkl.jpeg,false,null
4f0ed415-7db7-4103-abfe-54dd23c4709b,00000000-0000-0000-0000-000000000001,5dda0b14-713b-46d0-a6ce-a7a33a2fb6f9,5d204545-2f72-b89b-3190-a826b5ab6512,53187.40,53611.10,423.70,11.50,May-26,2026-05-31 07:19:33.934221+00,https://slljsigvfaxngpjaajjd.supabase.co/storage/v1/object/public/documents/meter-photos/1780211545684-dwwdylprle.jpeg,false,null
45e005ca-1350-450c-80cc-2c8fe249adbf,00000000-0000-0000-0000-000000000001,5dda0b14-713b-46d0-a6ce-a7a33a2fb6f9,417c9738-a0f7-5a00-1091-37a9fd083dd6,44650.30,45528.10,877.80,11.50,May-26,2026-05-31 07:19:33.934221+00,https://slljsigvfaxngpjaajjd.supabase.co/storage/v1/object/public/documents/meter-photos/1780211548737-ih88khrsavj.jpeg,false,null
4f7a252e-b5cc-4f02-93c6-3388e8dd12b5,00000000-0000-0000-0000-000000000001,5dda0b14-713b-46d0-a6ce-a7a33a2fb6f9,82b270bf-e567-2deb-5ef3-495baafd7645,29510.60,30029.70,519.10,11.50,May-26,2026-05-31 07:19:33.934221+00,https://slljsigvfaxngpjaajjd.supabase.co/storage/v1/object/public/documents/meter-photos/1780211552254-fcl2ou8fq9b.jpeg,false,null
c3685b83-7091-432b-9dea-c4766b947d7b,00000000-0000-0000-0000-000000000001,5dda0b14-713b-46d0-a6ce-a7a33a2fb6f9,574de174-c7bb-bc11-f282-cff2aa2501c5,15139.10,15567.10,428.00,11.50,May-26,2026-05-31 07:19:33.934221+00,https://slljsigvfaxngpjaajjd.supabase.co/storage/v1/object/public/documents/meter-photos/1780211555738-4m2jibag5i5.jpeg,false,null
8a92e399-e33c-4eec-8136-580f09e023a5,00000000-0000-0000-0000-000000000001,5dda0b14-713b-46d0-a6ce-a7a33a2fb6f9,a361bd0d-c2c1-2aee-6303-d65de004edd0,42892.60,43983.40,1090.80,11.50,May-26,2026-05-31 07:19:33.934221+00,https://slljsigvfaxngpjaajjd.supabase.co/storage/v1/object/public/documents/meter-photos/1780211559075-6ygalfjg8dm.jpeg,false,null
f807b106-1f2a-4286-8579-7fa30251f7cb,00000000-0000-0000-0000-000000000001,5dda0b14-713b-46d0-a6ce-a7a33a2fb6f9,323c0dff-be56-f6ee-f053-ee37de806dea,47241.10,48256.60,1015.50,11.50,May-26,2026-05-31 07:19:33.934221+00,https://slljsigvfaxngpjaajjd.supabase.co/storage/v1/object/public/documents/meter-photos/1780211586424-0vjxy8jaz17q.jpeg,false,null
535df0ec-87d9-4363-bb6b-2ebc3fbe60f3,00000000-0000-0000-0000-000000000001,5dda0b14-713b-46d0-a6ce-a7a33a2fb6f9,aa73cade-c28c-dc5b-5980-55801ea0d415,45363.00,46200.60,837.60,11.50,May-26,2026-05-31 07:19:33.934221+00,https://slljsigvfaxngpjaajjd.supabase.co/storage/v1/object/public/documents/meter-photos/1780211704033-3tm0oh20mfg.jpeg,false,null
b65f684e-e517-4c40-b58c-9fc77780f3a6,00000000-0000-0000-0000-000000000001,5dda0b14-713b-46d0-a6ce-a7a33a2fb6f9,49ed1c8e-3653-c89b-ec74-16d8e20bb923,35963.40,36899.30,935.90,11.50,May-26,2026-05-31 07:19:33.934221+00,https://slljsigvfaxngpjaajjd.supabase.co/storage/v1/object/public/documents/meter-photos/1780211731787-1vpgdk9ngk1.jpeg,false,null
e4e01f73-dd99-4868-a735-a1d29adabee7,00000000-0000-0000-0000-000000000001,5dda0b14-713b-46d0-a6ce-a7a33a2fb6f9,85292340-826d-52c1-65c7-7f2a9eb2c2c4,64424.90,65739.80,1314.90,11.50,May-26,2026-05-31 07:19:33.934221+00,https://slljsigvfaxngpjaajjd.supabase.co/storage/v1/object/public/documents/meter-photos/1780211739501-npfp9g1m62.jpeg,false,null
d0df1e88-def2-4821-9c64-951bc2b3011f,00000000-0000-0000-0000-000000000001,5dda0b14-713b-46d0-a6ce-a7a33a2fb6f9,bde00681-ebfc-ef38-4f6e-4906a012de6b,55336.40,56631.60,1295.20,11.50,May-26,2026-05-31 07:19:33.934221+00,https://slljsigvfaxngpjaajjd.supabase.co/storage/v1/object/public/documents/meter-photos/1780211743758-84v86pdxhlu.jpeg,false,null
472c0e1d-fed1-4e29-baff-1c795a511a91,00000000-0000-0000-0000-000000000001,5dda0b14-713b-46d0-a6ce-a7a33a2fb6f9,ffbd5fe0-d9b3-cb55-cfd7-2d72a3498109,60653.70,61589.70,936.00,11.50,May-26,2026-05-31 07:19:33.934221+00,https://slljsigvfaxngpjaajjd.supabase.co/storage/v1/object/public/documents/meter-photos/1780211748977-hnfxd67eqd.jpeg,false,null
98107174-0112-493e-8ce6-1e4e43cb5b71,00000000-0000-0000-0000-000000000001,5dda0b14-713b-46d0-a6ce-a7a33a2fb6f9,bc7f358d-0d6d-f95f-ff80-9089eefdef69,56031.40,57148.70,1117.30,11.50,May-26,2026-05-31 07:19:33.934221+00,https://slljsigvfaxngpjaajjd.supabase.co/storage/v1/object/public/documents/meter-photos/1780211754553-hbomlzzcjip.jpeg,false,null
894812c0-3602-4935-817e-eda9d58f3420,00000000-0000-0000-0000-000000000001,5dda0b14-713b-46d0-a6ce-a7a33a2fb6f9,b0875d50-a469-821b-57c3-03ac62809198,38798.80,40089.10,1290.30,11.50,May-26,2026-05-31 07:19:33.934221+00,https://slljsigvfaxngpjaajjd.supabase.co/storage/v1/object/public/documents/meter-photos/1780211759461-wifiuzws8lt.jpeg,false,null
89e70332-ef3a-430d-89a3-040a4cf9f6a6,00000000-0000-0000-0000-000000000001,5dda0b14-713b-46d0-a6ce-a7a33a2fb6f9,dd96a329-ec95-e96a-1348-69d976f39cd4,92210.40,93380.40,1170.00,11.50,May-26,2026-05-31 07:19:33.934221+00,https://slljsigvfaxngpjaajjd.supabase.co/storage/v1/object/public/documents/meter-photos/1780211763359-rzcaz3kek3.jpeg,false,null
2c98ce36-d030-4e10-9f90-db2aa4b1e662,00000000-0000-0000-0000-000000000001,5dda0b14-713b-46d0-a6ce-a7a33a2fb6f9,77c3a6fd-4651-d880-29aa-abd19c8324df,36662.90,37433.50,770.60,11.50,May-26,2026-05-31 07:19:33.934221+00,https://slljsigvfaxngpjaajjd.supabase.co/storage/v1/object/public/documents/meter-photos/1780211766982-w1w32luifl.jpeg,false,null
565d4b57-d875-47f8-bc98-f8975aa7cfc2,00000000-0000-0000-0000-000000000001,5dda0b14-713b-46d0-a6ce-a7a33a2fb6f9,10c6863d-07c3-4fc4-94f9-6adc29157ce1,39520.40,40227.40,707.00,11.50,May-26,2026-05-31 07:19:33.934221+00,https://slljsigvfaxngpjaajjd.supabase.co/storage/v1/object/public/documents/meter-photos/1780211872268-5g8pzpc4cue.jpeg,false,null
52b651e8-fcc1-4e25-bc6a-3a4f0a82985b,00000000-0000-0000-0000-000000000001,5dda0b14-713b-46d0-a6ce-a7a33a2fb6f9,990e8a3e-a69c-7b31-f606-3eeb21e3d4c6,34270.60,34848.80,578.20,11.50,May-26,2026-05-31 07:19:33.934221+00,https://slljsigvfaxngpjaajjd.supabase.co/storage/v1/object/public/documents/meter-photos/1780211879749-6mb3zwmx7g.jpeg,false,null
3ed4615b-df70-4587-a4e7-0e107b2c9c7a,00000000-0000-0000-0000-000000000001,5dda0b14-713b-46d0-a6ce-a7a33a2fb6f9,1b4d1066-8fe4-199b-7b3b-39e4bded9714,24132.40,25616.20,1483.80,11.50,May-26,2026-05-31 07:19:33.934221+00,https://slljsigvfaxngpjaajjd.supabase.co/storage/v1/object/public/documents/meter-photos/1780211895124-8scc9jpqyov.jpeg,false,null
5a2f3ce1-e855-4fb0-b8b2-bd4d3073b611,00000000-0000-0000-0000-000000000001,5dda0b14-713b-46d0-a6ce-a7a33a2fb6f9,9d5d0096-0b78-a663-1142-be871dfa2bda,36078.20,36984.60,906.40,11.50,May-26,2026-05-31 07:19:33.934221+00,https://slljsigvfaxngpjaajjd.supabase.co/storage/v1/object/public/documents/meter-photos/1780211912024-rikip4l7ku.jpeg,false,null
95776d5c-6227-4dff-b41f-5c775c54625c,00000000-0000-0000-0000-000000000001,5dda0b14-713b-46d0-a6ce-a7a33a2fb6f9,fb5cedd6-2992-1c62-7fba-4a7a6b43b2ff,30286.20,31555.80,1269.60,11.50,May-26,2026-05-31 07:19:33.934221+00,https://slljsigvfaxngpjaajjd.supabase.co/storage/v1/object/public/documents/meter-photos/1780211918377-uoiytzqzmx.jpeg,false,null
36dfce07-0c88-412e-9c7c-cccba43dbf55,00000000-0000-0000-0000-000000000001,5dda0b14-713b-46d0-a6ce-a7a33a2fb6f9,211a2b33-4e94-3da1-7d97-406bc26036f5,3304.40,3955.00,650.60,11.50,May-26,2026-05-31 07:19:33.934221+00,https://slljsigvfaxngpjaajjd.supabase.co/storage/v1/object/public/documents/meter-photos/1780211488879-ji2rbx1ajk.jpeg,false,null
a5a5ba35-4105-4050-86d5-8dbc829c2441,00000000-0000-0000-0000-000000000001,5dda0b14-713b-46d0-a6ce-a7a33a2fb6f9,188aee4d-68e0-1ddb-38e6-a946bc75072d,3209.20,3914.80,705.60,11.50,May-26,2026-05-31 07:19:33.934221+00,https://slljsigvfaxngpjaajjd.supabase.co/storage/v1/object/public/documents/meter-photos/1780211510905-ulru7qv467.jpeg,false,null
aefb52c5-2a6a-4e32-9f86-9e6ae34ba03d,00000000-0000-0000-0000-000000000001,5dda0b14-713b-46d0-a6ce-a7a33a2fb6f9,b0d4d2c8-f6ee-bc16-ffd7-fc33c8db8571,26923.20,27881.30,958.10,11.50,May-26,2026-05-31 07:19:33.934221+00,https://slljsigvfaxngpjaajjd.supabase.co/storage/v1/object/public/documents/meter-photos/1780211516784-ioq95xjdn5f.jpeg,false,null
2e5d9942-825b-4b64-9d94-eac069277237,00000000-0000-0000-0000-000000000001,5dda0b14-713b-46d0-a6ce-a7a33a2fb6f9,82b270bf-e567-2deb-5ef3-495baafd7645,28677.90,29039.90,362.00,11.50,Mar-26,2026-03-31 12:01:33.462937+00,null,true,f6623646-3abe-4faf-bff7-684ea1f04e96
bc763233-52d5-4d31-9d6f-1fdef822f152,00000000-0000-0000-0000-000000000001,5dda0b14-713b-46d0-a6ce-a7a33a2fb6f9,233cca0e-efcf-e631-d2fc-9997a6ba5706,25478.90,26516.30,1037.40,11.50,May-26,2026-05-31 07:19:33.934221+00,https://slljsigvfaxngpjaajjd.supabase.co/storage/v1/object/public/documents/meter-photos/1780211924335-3s5e05rxzm.jpeg,false,null
408094c5-c46e-4c32-869f-9417ce7f6463,00000000-0000-0000-0000-000000000001,5dda0b14-713b-46d0-a6ce-a7a33a2fb6f9,dc4adc21-f501-0573-2e9a-d7bbbc89e5d6,64247.90,65322.00,1074.10,11.50,May-26,2026-05-31 07:19:33.934221+00,https://slljsigvfaxngpjaajjd.supabase.co/storage/v1/object/public/documents/meter-photos/1780211929602-nt3ahr3w7mo.jpeg,false,null
79d1e16c-29ff-4ff3-b3da-f6b73e94f98e,00000000-0000-0000-0000-000000000001,5dda0b14-713b-46d0-a6ce-a7a33a2fb6f9,c17c5093-48b7-139f-ebfc-1cd33ef5179c,18752.40,19222.30,469.90,11.50,May-26,2026-05-31 07:19:33.934221+00,https://slljsigvfaxngpjaajjd.supabase.co/storage/v1/object/public/documents/meter-photos/1780211934397-4ixooifsojr.jpeg,false,null
f6c6e637-b967-417e-830b-ee75252cf506,00000000-0000-0000-0000-000000000001,5dda0b14-713b-46d0-a6ce-a7a33a2fb6f9,fad74a92-8e64-787e-38c3-8ebdb9db6511,11254.60,11357.90,103.30,11.50,May-26,2026-05-31 07:19:33.934221+00,https://slljsigvfaxngpjaajjd.supabase.co/storage/v1/object/public/documents/meter-photos/1780211942609-sgsluto19ag.jpeg,false,null
75b8860e-11ad-45a6-8372-0fcd1ae2ae82,00000000-0000-0000-0000-000000000001,5dda0b14-713b-46d0-a6ce-a7a33a2fb6f9,c2ff0c11-4d1b-7b9b-b93c-aa37c9b6c40b,28578.00,29526.80,948.80,11.50,May-26,2026-05-31 07:19:33.934221+00,https://slljsigvfaxngpjaajjd.supabase.co/storage/v1/object/public/documents/meter-photos/1780211948890-yn4yxxua3o.jpeg,false,null
5c06a850-ec14-463f-9ea6-f802fa88a6cf,00000000-0000-0000-0000-000000000001,5dda0b14-713b-46d0-a6ce-a7a33a2fb6f9,d2298bb8-a5e5-735a-c8ca-9b18c7daacd6,47790.90,48632.40,841.50,11.50,May-26,2026-05-31 07:19:33.934221+00,https://slljsigvfaxngpjaajjd.supabase.co/storage/v1/object/public/documents/meter-photos/1780211956345-bj9hdrfap0p.jpeg,false,null
c5c3f9e7-db25-4309-8d4c-4d8438c0599c,00000000-0000-0000-0000-000000000001,5dda0b14-713b-46d0-a6ce-a7a33a2fb6f9,dd96a329-ec95-e96a-1348-69d976f39cd4,90787.10,91371.00,583.90,11.50,Mar-26,2026-03-31 12:01:33.462937+00,null,true,f6623646-3abe-4faf-bff7-684ea1f04e96
a6de1990-52df-48e5-9002-0a016a57d61f,00000000-0000-0000-0000-000000000001,5dda0b14-713b-46d0-a6ce-a7a33a2fb6f9,86ad1ceb-8d81-a926-d998-3a2f1cafba06,26451.30,27385.70,934.40,11.50,May-26,2026-05-31 07:19:33.934221+00,https://slljsigvfaxngpjaajjd.supabase.co/storage/v1/object/public/documents/meter-photos/1780211771807-94st2yl029t.jpeg,false,null
0dd4c6df-9884-444f-bfb0-77738e2329d1,00000000-0000-0000-0000-000000000001,5dda0b14-713b-46d0-a6ce-a7a33a2fb6f9,c17c5093-48b7-139f-ebfc-1cd33ef5179c,17804.60,18293.10,488.50,11.50,Mar-26,2026-03-31 12:01:33.462937+00,null,true,f6623646-3abe-4faf-bff7-684ea1f04e96
3e80f71b-90b0-40f1-a87b-6028208adb38,00000000-0000-0000-0000-000000000001,5dda0b14-713b-46d0-a6ce-a7a33a2fb6f9,8767525e-d22f-a295-bc29-ba104fdc589a,29716.80,29887.60,170.80,11.50,May-26,2026-05-31 07:28:16.367218+00,https://slljsigvfaxngpjaajjd.supabase.co/storage/v1/object/public/documents/meter-photos/1780212456925-nyh25wnke4f.jpeg,false,null
db144e62-7aa4-b83b-9959-0c39b9eab944,00000000-0000-0000-0000-000000000001,5dda0b14-713b-46d0-a6ce-a7a33a2fb6f9,188aee4d-68e0-1ddb-38e6-a946bc75072d,0.00,0.00,0.00,11.50,May-25,2026-03-20 06:10:21.371689+00,null,false,null
44e3750f-2d62-7aad-c134-9127e3106f74,00000000-0000-0000-0000-000000000001,5dda0b14-713b-46d0-a6ce-a7a33a2fb6f9,4d1dd99b-b75a-70b5-406b-f5e869954002,0.00,0.00,0.00,11.50,May-25,2026-03-20 06:10:21.371689+00,null,false,null
e23e78e5-8454-4934-ab57-66c90a0ad832,00000000-0000-0000-0000-000000000001,5dda0b14-713b-46d0-a6ce-a7a33a2fb6f9,b0d4d2c8-f6ee-bc16-ffd7-fc33c8db8571,17701.70,18623.00,921.30,11.50,May-25,2026-03-20 06:10:21.371689+00,null,false,null
ce7b3cee-9aaf-8a70-5f0a-b7ea567fd702,00000000-0000-0000-0000-000000000001,5dda0b14-713b-46d0-a6ce-a7a33a2fb6f9,0a839c14-2a88-9896-c2f2-8d51fe610405,24314.40,24976.30,661.90,11.50,May-25,2026-03-20 06:10:21.371689+00,null,false,null
babc48ae-aadb-1cae-8cb7-2b66f85279e8,00000000-0000-0000-0000-000000000001,5dda0b14-713b-46d0-a6ce-a7a33a2fb6f9,79853a4a-cb02-508c-e041-7e23378aec9c,31802.00,33172.40,1370.40,11.50,May-25,2026-03-20 06:10:21.371689+00,null,false,null
dd88529c-9d69-f78a-8897-0c8a6939a9cd,00000000-0000-0000-0000-000000000001,5dda0b14-713b-46d0-a6ce-a7a33a2fb6f9,03edc7c5-4c46-b55e-523d-9fb7be29910b,43055.50,44395.50,1340.00,11.50,May-25,2026-03-20 06:10:21.371689+00,null,false,null
dcd74b4a-9fba-f7c3-5bc9-47bbc1ee7e83,00000000-0000-0000-0000-000000000001,5dda0b14-713b-46d0-a6ce-a7a33a2fb6f9,2fc42a4f-fe5a-ae08-0e4e-2c89ca71db85,35537.40,36535.10,997.70,11.50,May-25,2026-03-20 06:10:21.371689+00,null,false,null
42efe522-cdd6-f671-c374-9e7dff161d64,00000000-0000-0000-0000-000000000001,5dda0b14-713b-46d0-a6ce-a7a33a2fb6f9,5d204545-2f72-b89b-3190-a826b5ab6512,44759.30,45560.10,800.80,11.50,May-25,2026-03-20 06:10:21.371689+00,null,false,null
1a090208-3cde-5a56-8c5a-158e89e49ed0,00000000-0000-0000-0000-000000000001,5dda0b14-713b-46d0-a6ce-a7a33a2fb6f9,417c9738-a0f7-5a00-1091-37a9fd083dd6,36988.40,37760.80,772.40,11.50,May-25,2026-03-20 06:10:21.371689+00,null,false,null
dd618bdb-629d-687a-85d7-f839373a7998,00000000-0000-0000-0000-000000000001,5dda0b14-713b-46d0-a6ce-a7a33a2fb6f9,82b270bf-e567-2deb-5ef3-495baafd7645,24572.80,25075.10,502.30,11.50,May-25,2026-03-20 06:10:21.371689+00,null,false,null
a7de9023-46c8-9312-3c18-742f53f4cf03,00000000-0000-0000-0000-000000000001,5dda0b14-713b-46d0-a6ce-a7a33a2fb6f9,574de174-c7bb-bc11-f282-cff2aa2501c5,9968.70,10491.30,522.60,11.50,May-25,2026-03-20 06:10:21.371689+00,null,false,null
9fd3e647-b035-ff7e-9d37-15ab89e7e63d,00000000-0000-0000-0000-000000000001,5dda0b14-713b-46d0-a6ce-a7a33a2fb6f9,a361bd0d-c2c1-2aee-6303-d65de004edd0,33511.00,34640.70,1129.70,11.50,May-25,2026-03-20 06:10:21.371689+00,null,false,null
5da2635f-fa94-0c90-1ca4-4f936277eadc,00000000-0000-0000-0000-000000000001,5dda0b14-713b-46d0-a6ce-a7a33a2fb6f9,8767525e-d22f-a295-bc29-ba104fdc589a,26154.50,26631.10,476.60,11.50,May-25,2026-03-20 06:10:21.371689+00,null,false,null
311b3fb8-fcad-0583-bf06-e2e00dc6b2f2,00000000-0000-0000-0000-000000000001,5dda0b14-713b-46d0-a6ce-a7a33a2fb6f9,323c0dff-be56-f6ee-f053-ee37de806dea,38393.60,39129.00,735.40,11.50,May-25,2026-03-20 06:10:21.371689+00,null,false,null
1db7195e-f693-e761-909e-f77c716b0e93,00000000-0000-0000-0000-000000000001,5dda0b14-713b-46d0-a6ce-a7a33a2fb6f9,aa73cade-c28c-dc5b-5980-55801ea0d415,37666.90,38705.70,1038.80,11.50,May-25,2026-03-20 06:10:21.371689+00,null,false,null
78ffb71b-3c48-2919-0e96-800173dbe692,00000000-0000-0000-0000-000000000001,5dda0b14-713b-46d0-a6ce-a7a33a2fb6f9,49ed1c8e-3653-c89b-ec74-16d8e20bb923,28205.80,29138.30,932.50,11.50,May-25,2026-03-20 06:10:21.371689+00,null,false,null
25be3fd5-9bb1-0b46-e7dc-8eda6f3b4b5c,00000000-0000-0000-0000-000000000001,5dda0b14-713b-46d0-a6ce-a7a33a2fb6f9,85292340-826d-52c1-65c7-7f2a9eb2c2c4,56313.20,56952.70,639.50,11.50,May-25,2026-03-20 06:10:21.371689+00,null,false,null
f6f0b5aa-2acf-cfb9-7e4b-fa7aff1872cc,00000000-0000-0000-0000-000000000001,5dda0b14-713b-46d0-a6ce-a7a33a2fb6f9,bde00681-ebfc-ef38-4f6e-4906a012de6b,44980.40,46258.70,1278.30,11.50,May-25,2026-03-20 06:10:21.371689+00,null,false,null
c1ea2220-2fe1-e51e-f2ab-9cb652cb5c4d,00000000-0000-0000-0000-000000000001,5dda0b14-713b-46d0-a6ce-a7a33a2fb6f9,ffbd5fe0-d9b3-cb55-cfd7-2d72a3498109,53357.20,54016.10,658.90,11.50,May-25,2026-03-20 06:10:21.371689+00,null,false,null
1b3d1e6c-b4d6-4829-90f6-ba80c2788496,00000000-0000-0000-0000-000000000001,5dda0b14-713b-46d0-a6ce-a7a33a2fb6f9,bc7f358d-0d6d-f95f-ff80-9089eefdef69,45867.70,46859.90,992.20,11.50,May-25,2026-03-20 06:10:21.371689+00,null,false,null
9c179f46-4b1e-e28f-05fe-b245a874c30d,00000000-0000-0000-0000-000000000001,5dda0b14-713b-46d0-a6ce-a7a33a2fb6f9,b0875d50-a469-821b-57c3-03ac62809198,30950.00,31521.10,571.10,11.50,May-25,2026-03-20 06:10:21.371689+00,null,false,null
db9358cd-b80f-879c-bd6f-63e1ee10cfa7,00000000-0000-0000-0000-000000000001,5dda0b14-713b-46d0-a6ce-a7a33a2fb6f9,dd96a329-ec95-e96a-1348-69d976f39cd4,81954.80,83747.60,1792.80,11.50,May-25,2026-03-20 06:10:21.371689+00,null,false,null
ee62c6f5-bca0-5374-101f-31d86975bf5b,00000000-0000-0000-0000-000000000001,5dda0b14-713b-46d0-a6ce-a7a33a2fb6f9,77c3a6fd-4651-d880-29aa-abd19c8324df,30071.60,31025.70,954.10,11.50,May-25,2026-03-20 06:10:21.371689+00,null,false,null
e72d1dd1-a479-baee-9581-7540b245dba0,00000000-0000-0000-0000-000000000001,5dda0b14-713b-46d0-a6ce-a7a33a2fb6f9,86ad1ceb-8d81-a926-d998-3a2f1cafba06,18890.00,19520.70,630.70,11.50,May-25,2026-03-20 06:10:21.371689+00,null,false,null
2773bf55-97d6-0dc5-213e-c63a9eb1fa0d,00000000-0000-0000-0000-000000000001,5dda0b14-713b-46d0-a6ce-a7a33a2fb6f9,10c6863d-07c3-4fc4-94f9-6adc29157ce1,33777.10,34350.90,573.80,11.50,May-25,2026-03-20 06:10:21.371689+00,null,false,null
332e83f2-d7d7-786d-a773-542145911ff1,00000000-0000-0000-0000-000000000001,5dda0b14-713b-46d0-a6ce-a7a33a2fb6f9,990e8a3e-a69c-7b31-f606-3eeb21e3d4c6,29530.10,30066.90,536.80,11.50,May-25,2026-03-20 06:10:21.371689+00,null,false,null
6c2bca23-636e-f9fe-eb97-d1522bc6cf8b,00000000-0000-0000-0000-000000000001,5dda0b14-713b-46d0-a6ce-a7a33a2fb6f9,1b4d1066-8fe4-199b-7b3b-39e4bded9714,13051.70,14277.70,1226.00,11.50,May-25,2026-03-20 06:10:21.371689+00,null,false,null
1ebcd6f3-48ad-2ee0-6aef-81bae908e62d,00000000-0000-0000-0000-000000000001,5dda0b14-713b-46d0-a6ce-a7a33a2fb6f9,9d5d0096-0b78-a663-1142-be871dfa2bda,24364.40,25854.40,1490.00,11.50,May-25,2026-03-20 06:10:21.371689+00,null,false,null
aa59e90c-b583-4465-884e-17ab3fded346,00000000-0000-0000-0000-000000000001,5dda0b14-713b-46d0-a6ce-a7a33a2fb6f9,211a2b33-4e94-3da1-7d97-406bc26036f5,2259.80,2765.20,505.40,11.50,Mar-26,2026-03-31 12:01:33.462937+00,null,true,f6623646-3abe-4faf-bff7-684ea1f04e96
5dd7c33d-bab2-46a3-a52d-9bc1c95ea2a5,00000000-0000-0000-0000-000000000001,5dda0b14-713b-46d0-a6ce-a7a33a2fb6f9,211a2b33-4e94-3da1-7d97-406bc26036f5,3955.00,4596.90,641.90,11.50,Jun-26,2026-06-30 07:08:39.082922+00,https://slljsigvfaxngpjaajjd.supabase.co/storage/v1/object/public/documents/meter-photos/1786009296525-zqkjzavyrcl.jpeg,false,null
36ef7ae5-587b-43ca-b8a0-11e931375437,00000000-0000-0000-0000-000000000001,5dda0b14-713b-46d0-a6ce-a7a33a2fb6f9,188aee4d-68e0-1ddb-38e6-a946bc75072d,3914.80,4523.70,608.90,11.50,Jun-26,2026-06-30 07:08:39.082922+00,https://slljsigvfaxngpjaajjd.supabase.co/storage/v1/object/public/documents/meter-photos/1786009290359-hz0tbpgk4sw.jpeg,false,null
72c6a4c1-e745-449d-abc7-bf0130cc0ce0,00000000-0000-0000-0000-000000000001,5dda0b14-713b-46d0-a6ce-a7a33a2fb6f9,b0d4d2c8-f6ee-bc16-ffd7-fc33c8db8571,27881.30,28970.00,1088.70,11.50,Jun-26,2026-06-30 07:08:39.082922+00,https://slljsigvfaxngpjaajjd.supabase.co/storage/v1/object/public/documents/meter-photos/1786009304594-q1wemdbz7d.jpeg,false,null
9c0a9aba-0ab7-45d3-a393-935285657d1e,00000000-0000-0000-0000-000000000001,5dda0b14-713b-46d0-a6ce-a7a33a2fb6f9,0a839c14-2a88-9896-c2f2-8d51fe610405,32135.90,33276.30,1140.40,11.50,Jun-26,2026-06-30 07:08:39.082922+00,https://slljsigvfaxngpjaajjd.supabase.co/storage/v1/object/public/documents/meter-photos/1786009360181-5r3bvgqziyk.jpeg,false,null
41c895df-eb9d-4606-9fde-9980420ac740,00000000-0000-0000-0000-000000000001,5dda0b14-713b-46d0-a6ce-a7a33a2fb6f9,79853a4a-cb02-508c-e041-7e23378aec9c,45346.10,14981.10,-30365.00,11.50,Jun-26,2026-06-30 07:08:39.082922+00,https://slljsigvfaxngpjaajjd.supabase.co/storage/v1/object/public/documents/meter-photos/1786009343674-jpj2i0xo6ol.jpeg,false,null
2ac1e03c-56df-43f6-b023-2bdf13bf15d5,00000000-0000-0000-0000-000000000001,5dda0b14-713b-46d0-a6ce-a7a33a2fb6f9,03edc7c5-4c46-b55e-523d-9fb7be29910b,55011.40,56529.90,1518.50,11.50,Jun-26,2026-06-30 07:08:39.082922+00,https://slljsigvfaxngpjaajjd.supabase.co/storage/v1/object/public/documents/meter-photos/1786009367259-c673sf2wn97.jpeg,false,null
bdc2ba51-1231-4921-a920-53279ddd07c0,00000000-0000-0000-0000-000000000001,5dda0b14-713b-46d0-a6ce-a7a33a2fb6f9,2fc42a4f-fe5a-ae08-0e4e-2c89ca71db85,46522.10,47625.90,1103.80,11.50,Jun-26,2026-06-30 07:08:39.082922+00,https://slljsigvfaxngpjaajjd.supabase.co/storage/v1/object/public/documents/meter-photos/1786009423752-ds8kt1rey1.jpeg,false,null
9261eb91-3da6-4152-97aa-c52ba63137ec,00000000-0000-0000-0000-000000000001,5dda0b14-713b-46d0-a6ce-a7a33a2fb6f9,5d204545-2f72-b89b-3190-a826b5ab6512,53611.10,54169.00,557.90,11.50,Jun-26,2026-06-30 07:08:39.082922+00,https://slljsigvfaxngpjaajjd.supabase.co/storage/v1/object/public/documents/meter-photos/1786009398764-54vkat5k3zw.jpeg,false,null
788d4f8d-340d-4d26-9694-c40f79ef398b,00000000-0000-0000-0000-000000000001,5dda0b14-713b-46d0-a6ce-a7a33a2fb6f9,417c9738-a0f7-5a00-1091-37a9fd083dd6,45528.10,46534.60,1006.50,11.50,Jun-26,2026-06-30 07:08:39.082922+00,https://slljsigvfaxngpjaajjd.supabase.co/storage/v1/object/public/documents/meter-photos/1786009414610-8gkl2hjtk1s.jpeg,false,null
cfe09447-5f36-4066-9f54-aa271108b388,00000000-0000-0000-0000-000000000001,5dda0b14-713b-46d0-a6ce-a7a33a2fb6f9,82b270bf-e567-2deb-5ef3-495baafd7645,30029.70,30643.60,613.90,11.50,Jun-26,2026-06-30 07:08:39.082922+00,https://slljsigvfaxngpjaajjd.supabase.co/storage/v1/object/public/documents/meter-photos/1786009430033-lw4ivurt538.jpeg,false,null
016e1762-c31a-4611-a387-4a534fd612ca,00000000-0000-0000-0000-000000000001,5dda0b14-713b-46d0-a6ce-a7a33a2fb6f9,574de174-c7bb-bc11-f282-cff2aa2501c5,15567.10,16026.10,459.00,11.50,Jun-26,2026-06-30 07:08:39.082922+00,https://slljsigvfaxngpjaajjd.supabase.co/storage/v1/object/public/documents/meter-photos/1786009443805-hu4rrqz63ya.jpeg,false,null
96504f7b-4599-4e94-9157-ab831c8cf996,00000000-0000-0000-0000-000000000001,5dda0b14-713b-46d0-a6ce-a7a33a2fb6f9,a361bd0d-c2c1-2aee-6303-d65de004edd0,43983.40,45097.10,1113.70,11.50,Jun-26,2026-06-30 07:08:39.082922+00,https://slljsigvfaxngpjaajjd.supabase.co/storage/v1/object/public/documents/meter-photos/1786009436527-k04sn3xt3xf.jpeg,false,null
3b5504fa-c74d-4608-bace-e56a8783ebc8,00000000-0000-0000-0000-000000000001,5dda0b14-713b-46d0-a6ce-a7a33a2fb6f9,8767525e-d22f-a295-bc29-ba104fdc589a,29887.60,30085.20,197.60,11.50,Jun-26,2026-06-30 07:08:39.082922+00,https://slljsigvfaxngpjaajjd.supabase.co/storage/v1/object/public/documents/meter-photos/1786009650118-na9zywvoum.jpeg,false,null
020e1da1-54df-4f26-b98b-2c4f06a4219a,00000000-0000-0000-0000-000000000001,5dda0b14-713b-46d0-a6ce-a7a33a2fb6f9,323c0dff-be56-f6ee-f053-ee37de806dea,48256.60,49243.00,986.40,11.50,Jun-26,2026-06-30 07:08:39.082922+00,https://slljsigvfaxngpjaajjd.supabase.co/storage/v1/object/public/documents/meter-photos/1786009462791-gn451ukb5t5.jpeg,false,null
7db54374-b329-4b94-856b-ce7df0fbe288,00000000-0000-0000-0000-000000000001,5dda0b14-713b-46d0-a6ce-a7a33a2fb6f9,aa73cade-c28c-dc5b-5980-55801ea0d415,46200.60,47124.30,923.70,11.50,Jun-26,2026-06-30 07:08:39.082922+00,https://slljsigvfaxngpjaajjd.supabase.co/storage/v1/object/public/documents/meter-photos/1786009450979-y6uw4ia3jn.jpeg,false,null
63271fa4-cc66-498a-b882-22d1b55f79ea,00000000-0000-0000-0000-000000000001,5dda0b14-713b-46d0-a6ce-a7a33a2fb6f9,49ed1c8e-3653-c89b-ec74-16d8e20bb923,36899.30,37750.40,851.10,11.50,Jun-26,2026-06-30 07:08:39.082922+00,https://slljsigvfaxngpjaajjd.supabase.co/storage/v1/object/public/documents/meter-photos/1786009456887-vnd3isjotw.jpeg,false,null
8100c202-e936-49e4-8187-e28e609c167b,00000000-0000-0000-0000-000000000001,5dda0b14-713b-46d0-a6ce-a7a33a2fb6f9,85292340-826d-52c1-65c7-7f2a9eb2c2c4,65739.80,66989.40,1249.60,11.50,Jun-26,2026-06-30 07:08:39.082922+00,https://slljsigvfaxngpjaajjd.supabase.co/storage/v1/object/public/documents/meter-photos/1786009484325-5fpcj29ckft.jpeg,false,null
1d028f33-528e-4ec0-ba01-a4528e7df14b,00000000-0000-0000-0000-000000000001,5dda0b14-713b-46d0-a6ce-a7a33a2fb6f9,bde00681-ebfc-ef38-4f6e-4906a012de6b,56631.60,57992.60,1361.00,11.50,Jun-26,2026-06-30 07:08:39.082922+00,https://slljsigvfaxngpjaajjd.supabase.co/storage/v1/object/public/documents/meter-photos/1786009469976-8j9dloainfu.jpeg,false,null
592d8887-aa0a-4da7-b7d8-d38066bbab27,00000000-0000-0000-0000-000000000001,5dda0b14-713b-46d0-a6ce-a7a33a2fb6f9,ffbd5fe0-d9b3-cb55-cfd7-2d72a3498109,61589.70,62240.70,651.00,11.50,Jun-26,2026-06-30 07:08:39.082922+00,https://slljsigvfaxngpjaajjd.supabase.co/storage/v1/object/public/documents/meter-photos/1786009477639-8jm41hwb4c.jpeg,false,null
b4ad6520-c3c5-45cd-b418-13851b396345,00000000-0000-0000-0000-000000000001,5dda0b14-713b-46d0-a6ce-a7a33a2fb6f9,b0875d50-a469-821b-57c3-03ac62809198,40089.10,40141.70,52.60,11.50,Jun-26,2026-06-30 07:08:39.082922+00,https://slljsigvfaxngpjaajjd.supabase.co/storage/v1/object/public/documents/meter-photos/1786009519162-d8n2w30yhmc.jpeg,false,null
3613bfb1-3f4d-47f4-ad80-d4541eb5b66f,00000000-0000-0000-0000-000000000001,5dda0b14-713b-46d0-a6ce-a7a33a2fb6f9,77c3a6fd-4651-d880-29aa-abd19c8324df,37433.50,38234.00,800.50,11.50,Jun-26,2026-06-30 07:08:39.082922+00,https://slljsigvfaxngpjaajjd.supabase.co/storage/v1/object/public/documents/meter-photos/1786009545721-yivcsyykvy.jpeg,false,null
c42621f3-7bf2-4bbf-98ec-263842354fec,00000000-0000-0000-0000-000000000001,5dda0b14-713b-46d0-a6ce-a7a33a2fb6f9,86ad1ceb-8d81-a926-d998-3a2f1cafba06,27385.70,28384.30,998.60,11.50,Jun-26,2026-06-30 07:08:39.082922+00,https://slljsigvfaxngpjaajjd.supabase.co/storage/v1/object/public/documents/meter-photos/1786009557719-cfb8rypzuq.jpeg,false,null
d6877b27-37f3-4735-ac26-8c9536b13f05,00000000-0000-0000-0000-000000000001,5dda0b14-713b-46d0-a6ce-a7a33a2fb6f9,990e8a3e-a69c-7b31-f606-3eeb21e3d4c6,34848.80,35530.00,681.20,11.50,Jun-26,2026-06-30 07:08:39.082922+00,https://slljsigvfaxngpjaajjd.supabase.co/storage/v1/object/public/documents/meter-photos/1786009577583-e9sbi7ff4mw.jpeg,false,null
3b18c101-8bc8-4ec0-92c1-a31043e824c8,00000000-0000-0000-0000-000000000001,5dda0b14-713b-46d0-a6ce-a7a33a2fb6f9,9d5d0096-0b78-a663-1142-be871dfa2bda,36984.60,38001.50,1016.90,11.50,Jun-26,2026-06-30 07:08:39.082922+00,https://slljsigvfaxngpjaajjd.supabase.co/storage/v1/object/public/documents/meter-photos/1786009599625-7p07ubzbkf5.jpeg,false,null
199cc113-b569-4531-9e5e-28dec8760b15,00000000-0000-0000-0000-000000000001,5dda0b14-713b-46d0-a6ce-a7a33a2fb6f9,233cca0e-efcf-e631-d2fc-9997a6ba5706,26516.30,27522.80,1006.50,11.50,Jun-26,2026-06-30 07:08:39.082922+00,https://slljsigvfaxngpjaajjd.supabase.co/storage/v1/object/public/documents/meter-photos/1786009590956-mzujo4epkuq.jpeg,false,null
a1fa5f1a-07cc-47a0-b70c-86e7ab312b5d,00000000-0000-0000-0000-000000000001,5dda0b14-713b-46d0-a6ce-a7a33a2fb6f9,c17c5093-48b7-139f-ebfc-1cd33ef5179c,19222.30,19932.20,709.90,11.50,Jun-26,2026-06-30 07:08:39.082922+00,https://slljsigvfaxngpjaajjd.supabase.co/storage/v1/object/public/documents/meter-photos/1786009610056-ohe1mbu2m4.jpeg,false,null
71494d3b-df43-413c-ad81-cbe778d5dc66,00000000-0000-0000-0000-000000000001,5dda0b14-713b-46d0-a6ce-a7a33a2fb6f9,fad74a92-8e64-787e-38c3-8ebdb9db6511,11357.90,11521.90,164.00,11.50,Jun-26,2026-06-30 07:08:39.082922+00,https://slljsigvfaxngpjaajjd.supabase.co/storage/v1/object/public/documents/meter-photos/1786009640462-89f28wrohsy.jpeg,false,null
1e215d06-8eba-400e-9c7e-63585e63d1cb,00000000-0000-0000-0000-000000000001,5dda0b14-713b-46d0-a6ce-a7a33a2fb6f9,d2298bb8-a5e5-735a-c8ca-9b18c7daacd6,48632.40,49722.40,1090.00,11.50,Jun-26,2026-06-30 07:08:39.082922+00,https://slljsigvfaxngpjaajjd.supabase.co/storage/v1/object/public/documents/meter-photos/1786009632284-4pey4o94ltr.jpeg,false,null
3f3445ab-35c3-4d4c-8ca7-2e6a2f4103e3,00000000-0000-0000-0000-000000000001,5dda0b14-713b-46d0-a6ce-a7a33a2fb6f9,03edc7c5-4c46-b55e-523d-9fb7be29910b,56529.90,57864.00,1334.10,11.50,Jul-26,2026-07-31 07:43:12.149487+00,https://slljsigvfaxngpjaajjd.supabase.co/storage/v1/object/public/documents/meter-photos/1785483738524-xsidwki6kod.jpeg,false,null
2a794fa3-f516-408b-b025-df2ea29a30c7,00000000-0000-0000-0000-000000000001,5dda0b14-713b-46d0-a6ce-a7a33a2fb6f9,2fc42a4f-fe5a-ae08-0e4e-2c89ca71db85,47625.90,48522.30,896.40,11.50,Jul-26,2026-07-31 07:43:12.149487+00,https://slljsigvfaxngpjaajjd.supabase.co/storage/v1/object/public/documents/meter-photos/1785483746024-h8ypjas8q45.jpeg,false,null
4a4cede6-e5eb-4bd0-97de-1451c92f1953,00000000-0000-0000-0000-000000000001,5dda0b14-713b-46d0-a6ce-a7a33a2fb6f9,5d204545-2f72-b89b-3190-a826b5ab6512,54169.00,54740.70,571.70,11.50,Jul-26,2026-07-31 07:43:12.149487+00,https://slljsigvfaxngpjaajjd.supabase.co/storage/v1/object/public/documents/meter-photos/1785483757852-32zle7hubwe.jpeg,false,null
0afe7f99-8e84-4b1c-958f-a4bdc108b44c,00000000-0000-0000-0000-000000000001,5dda0b14-713b-46d0-a6ce-a7a33a2fb6f9,417c9738-a0f7-5a00-1091-37a9fd083dd6,46534.60,47472.90,938.30,11.50,Jul-26,2026-07-31 07:43:12.149487+00,https://slljsigvfaxngpjaajjd.supabase.co/storage/v1/object/public/documents/meter-photos/1785483766158-w6rja0rkat.jpeg,false,null
48b90a4e-f27c-430f-a050-387dc2e2aa4c,00000000-0000-0000-0000-000000000001,5dda0b14-713b-46d0-a6ce-a7a33a2fb6f9,82b270bf-e567-2deb-5ef3-495baafd7645,30643.60,31280.70,637.10,11.50,Jul-26,2026-07-31 07:43:12.149487+00,https://slljsigvfaxngpjaajjd.supabase.co/storage/v1/object/public/documents/meter-photos/1785483775629-z9sf7iusgyh.jpeg,false,null
c0e5e5c7-43a9-4b04-9c8a-22783f302ce4,00000000-0000-0000-0000-000000000001,5dda0b14-713b-46d0-a6ce-a7a33a2fb6f9,211a2b33-4e94-3da1-7d97-406bc26036f5,4596.90,5242.20,645.30,11.50,Jul-26,2026-07-31 07:43:12.149487+00,https://slljsigvfaxngpjaajjd.supabase.co/storage/v1/object/public/documents/meter-photos/1785483597953-5m2ei9zoi9i.jpeg,false,null
d40d93c4-1d31-4edb-a469-27043f5a26d1,00000000-0000-0000-0000-000000000001,5dda0b14-713b-46d0-a6ce-a7a33a2fb6f9,188aee4d-68e0-1ddb-38e6-a946bc75072d,4523.70,5114.60,590.90,11.50,Jul-26,2026-07-31 07:43:12.149487+00,https://slljsigvfaxngpjaajjd.supabase.co/storage/v1/object/public/documents/meter-photos/1785483608902-zxcpwdgq98.jpeg,false,null
0c0895a5-4879-4eed-998d-441cad4ce8e5,00000000-0000-0000-0000-000000000001,5dda0b14-713b-46d0-a6ce-a7a33a2fb6f9,b0d4d2c8-f6ee-bc16-ffd7-fc33c8db8571,28970.00,29925.10,955.10,11.50,Jul-26,2026-07-31 07:43:12.149487+00,https://slljsigvfaxngpjaajjd.supabase.co/storage/v1/object/public/documents/meter-photos/1785483624116-3xtv3slqam9.jpeg,false,null
c862d865-3c86-4545-8d4e-cf998cbc8175,00000000-0000-0000-0000-000000000001,5dda0b14-713b-46d0-a6ce-a7a33a2fb6f9,0a839c14-2a88-9896-c2f2-8d51fe610405,33276.30,34353.60,1077.30,11.50,Jul-26,2026-07-31 07:43:12.149487+00,https://slljsigvfaxngpjaajjd.supabase.co/storage/v1/object/public/documents/meter-photos/1785483637158-9r4uabbme5.jpeg,false,null
9f40118a-49e3-4924-870a-00bafa36981e,00000000-0000-0000-0000-000000000001,5dda0b14-713b-46d0-a6ce-a7a33a2fb6f9,79853a4a-cb02-508c-e041-7e23378aec9c,46648.70,48116.20,1467.50,11.50,Jul-26,2026-07-31 07:43:12.149487+00,https://slljsigvfaxngpjaajjd.supabase.co/storage/v1/object/public/documents/meter-photos/1785483698025-3v737o3mw67.jpeg,false,null
ff566615-9537-468c-9595-bdf356f97d7d,00000000-0000-0000-0000-000000000001,5dda0b14-713b-46d0-a6ce-a7a33a2fb6f9,574de174-c7bb-bc11-f282-cff2aa2501c5,16026.10,16462.60,436.50,11.50,Jul-26,2026-07-31 07:43:12.149487+00,https://slljsigvfaxngpjaajjd.supabase.co/storage/v1/object/public/documents/meter-photos/1785483786655-rem59mncmy9.jpeg,false,null
8c428112-e2cb-4cd8-abe9-54abd705d8b7,00000000-0000-0000-0000-000000000001,5dda0b14-713b-46d0-a6ce-a7a33a2fb6f9,a361bd0d-c2c1-2aee-6303-d65de004edd0,45097.10,45840.10,743.00,11.50,Jul-26,2026-07-31 07:45:38.563873+00,https://slljsigvfaxngpjaajjd.supabase.co/storage/v1/object/public/documents/meter-photos/1785483816550-6a33mnhqu1.jpeg,false,null
50435fbb-6c2c-4a07-ac53-536b44b794b1,00000000-0000-0000-0000-000000000001,5dda0b14-713b-46d0-a6ce-a7a33a2fb6f9,8767525e-d22f-a295-bc29-ba104fdc589a,30085.20,30378.80,293.60,11.50,Jul-26,2026-07-31 07:45:38.563873+00,https://slljsigvfaxngpjaajjd.supabase.co/storage/v1/object/public/documents/meter-photos/1785483834500-ydjc70uf2zo.jpeg,false,null
672eebd5-3b05-4815-acc8-b241a34f9d23,00000000-0000-0000-0000-000000000001,5dda0b14-713b-46d0-a6ce-a7a33a2fb6f9,323c0dff-be56-f6ee-f053-ee37de806dea,49243.00,50191.50,948.50,11.50,Jul-26,2026-07-31 07:45:38.563873+00,https://slljsigvfaxngpjaajjd.supabase.co/storage/v1/object/public/documents/meter-photos/1785483843674-1v9u7m3ccte.jpeg,false,null
4f36b058-9be4-41ab-9914-a8c031b9926b,00000000-0000-0000-0000-000000000001,5dda0b14-713b-46d0-a6ce-a7a33a2fb6f9,aa73cade-c28c-dc5b-5980-55801ea0d415,47124.30,47752.60,628.30,11.50,Jul-26,2026-07-31 07:45:38.563873+00,https://slljsigvfaxngpjaajjd.supabase.co/storage/v1/object/public/documents/meter-photos/1785483852399-uc08nf1cbq.jpeg,false,null
2db4d5e2-c906-4b09-a30d-3725547f58ea,00000000-0000-0000-0000-000000000001,5dda0b14-713b-46d0-a6ce-a7a33a2fb6f9,49ed1c8e-3653-c89b-ec74-16d8e20bb923,37750.40,38674.10,923.70,11.50,Jul-26,2026-07-31 07:45:38.563873+00,https://slljsigvfaxngpjaajjd.supabase.co/storage/v1/object/public/documents/meter-photos/1785483861445-663ywvqdldu.jpeg,false,null
925c57b5-7e16-4def-9ba9-7100fc6a2d6f,00000000-0000-0000-0000-000000000001,5dda0b14-713b-46d0-a6ce-a7a33a2fb6f9,85292340-826d-52c1-65c7-7f2a9eb2c2c4,66989.40,68179.50,1190.10,11.50,Jul-26,2026-07-31 07:45:38.563873+00,https://slljsigvfaxngpjaajjd.supabase.co/storage/v1/object/public/documents/meter-photos/1785483876521-k2qst38eo2o.jpeg,false,null
ec9f1f8f-f9d4-459f-afcf-6118829310a1,00000000-0000-0000-0000-000000000001,5dda0b14-713b-46d0-a6ce-a7a33a2fb6f9,bde00681-ebfc-ef38-4f6e-4906a012de6b,57992.60,59442.10,1449.50,11.50,Jul-26,2026-07-31 07:45:38.563873+00,https://slljsigvfaxngpjaajjd.supabase.co/storage/v1/object/public/documents/meter-photos/1785483884878-mmp83tc0nb.jpeg,false,null
46f117cb-952c-437b-b372-4f891b717e2d,00000000-0000-0000-0000-000000000001,5dda0b14-713b-46d0-a6ce-a7a33a2fb6f9,ffbd5fe0-d9b3-cb55-cfd7-2d72a3498109,62240.70,63141.30,900.60,11.50,Jul-26,2026-07-31 07:45:38.563873+00,https://slljsigvfaxngpjaajjd.supabase.co/storage/v1/object/public/documents/meter-photos/1785483896742-rsl97nzuo4l.jpeg,false,null
d037988d-3105-4d22-bdfa-8a46d0b62ac8,00000000-0000-0000-0000-000000000001,5dda0b14-713b-46d0-a6ce-a7a33a2fb6f9,bc7f358d-0d6d-f95f-ff80-9089eefdef69,58486.10,60192.50,1706.40,11.50,Jul-26,2026-07-31 07:45:38.563873+00,https://slljsigvfaxngpjaajjd.supabase.co/storage/v1/object/public/documents/meter-photos/1785483915931-cfi3auvyn9k.jpeg,false,null
02f906a7-8aee-4210-baff-5b090be1faa8,00000000-0000-0000-0000-000000000001,5dda0b14-713b-46d0-a6ce-a7a33a2fb6f9,b0875d50-a469-821b-57c3-03ac62809198,40141.70,40841.70,700.00,11.50,Jul-26,2026-07-31 07:45:38.563873+00,https://slljsigvfaxngpjaajjd.supabase.co/storage/v1/object/public/documents/meter-photos/1785483934276-pmn57thkuzj.jpeg,false,null
4cb1af50-5bf8-409c-b6f6-185dcaba61b0,00000000-0000-0000-0000-000000000001,5dda0b14-713b-46d0-a6ce-a7a33a2fb6f9,dd96a329-ec95-e96a-1348-69d976f39cd4,94638.90,96060.10,1421.20,11.50,Jul-26,2026-07-31 07:49:57.346442+00,null,false,null
7cf2cd44-52ca-48b6-b7a3-2613e8ff6b8b,00000000-0000-0000-0000-000000000001,5dda0b14-713b-46d0-a6ce-a7a33a2fb6f9,77c3a6fd-4651-d880-29aa-abd19c8324df,38234.00,38946.30,712.30,11.50,Jul-26,2026-07-31 07:49:57.346442+00,https://slljsigvfaxngpjaajjd.supabase.co/storage/v1/object/public/documents/meter-photos/1785484001426-hqat5znioqv.jpeg,false,null
0fac251d-b1d5-4c2f-8d58-19c591eb9d7f,00000000-0000-0000-0000-000000000001,5dda0b14-713b-46d0-a6ce-a7a33a2fb6f9,86ad1ceb-8d81-a926-d998-3a2f1cafba06,28384.30,29518.20,1133.90,11.50,Jul-26,2026-07-31 07:49:57.346442+00,https://slljsigvfaxngpjaajjd.supabase.co/storage/v1/object/public/documents/meter-photos/1785484016599-uokq64riu7n.jpeg,false,null
4c049690-b905-4fbc-9ce5-1594e90d747a,00000000-0000-0000-0000-000000000001,5dda0b14-713b-46d0-a6ce-a7a33a2fb6f9,10c6863d-07c3-4fc4-94f9-6adc29157ce1,41030.40,41763.00,732.60,11.50,Jul-26,2026-07-31 07:49:57.346442+00,https://slljsigvfaxngpjaajjd.supabase.co/storage/v1/object/public/documents/meter-photos/1785484029640-37jl621zwjo.jpeg,false,null
bdd51c5f-cf72-47da-8034-9183c4fee586,00000000-0000-0000-0000-000000000001,5dda0b14-713b-46d0-a6ce-a7a33a2fb6f9,990e8a3e-a69c-7b31-f606-3eeb21e3d4c6,35530.00,36194.60,664.60,11.50,Jul-26,2026-07-31 07:49:57.346442+00,https://slljsigvfaxngpjaajjd.supabase.co/storage/v1/object/public/documents/meter-photos/1785484044071-n2lk6r7rtcm.jpeg,false,null
c885b0ed-f331-4021-b5de-1024c52b2476,00000000-0000-0000-0000-000000000001,5dda0b14-713b-46d0-a6ce-a7a33a2fb6f9,1b4d1066-8fe4-199b-7b3b-39e4bded9714,27066.90,28353.30,1286.40,11.50,Jul-26,2026-07-31 07:49:57.346442+00,https://slljsigvfaxngpjaajjd.supabase.co/storage/v1/object/public/documents/meter-photos/1785484054046-fj7yds8npiq.jpeg,false,null
acf1ebfa-29b2-49a1-b6af-6ea5dd5ad30b,00000000-0000-0000-0000-000000000001,5dda0b14-713b-46d0-a6ce-a7a33a2fb6f9,9d5d0096-0b78-a663-1142-be871dfa2bda,38001.50,39250.10,1248.60,11.50,Jul-26,2026-07-31 07:49:57.346442+00,https://slljsigvfaxngpjaajjd.supabase.co/storage/v1/object/public/documents/meter-photos/1785484064557-5b69ligx3l9.jpeg,false,null
66c9d28e-8a98-4287-a921-f0a68103c116,00000000-0000-0000-0000-000000000001,5dda0b14-713b-46d0-a6ce-a7a33a2fb6f9,fb5cedd6-2992-1c62-7fba-4a7a6b43b2ff,32523.40,33547.00,1023.60,11.50,Jul-26,2026-07-31 07:49:57.346442+00,https://slljsigvfaxngpjaajjd.supabase.co/storage/v1/object/public/documents/meter-photos/1785484079561-y1hdab33o9.jpeg,false,null
d072c6b1-eef5-4322-b939-e49c73700830,00000000-0000-0000-0000-000000000001,5dda0b14-713b-46d0-a6ce-a7a33a2fb6f9,233cca0e-efcf-e631-d2fc-9997a6ba5706,27522.80,28549.00,1026.20,11.50,Jul-26,2026-07-31 07:49:57.346442+00,https://slljsigvfaxngpjaajjd.supabase.co/storage/v1/object/public/documents/meter-photos/1785484093303-2a09qnfaeh3.jpeg,false,null
6fbe9585-4359-41c0-9f25-e7a1039d804e,00000000-0000-0000-0000-000000000001,5dda0b14-713b-46d0-a6ce-a7a33a2fb6f9,dc4adc21-f501-0573-2e9a-d7bbbc89e5d6,66252.70,67285.20,1032.50,11.50,Jul-26,2026-07-31 07:49:57.346442+00,https://slljsigvfaxngpjaajjd.supabase.co/storage/v1/object/public/documents/meter-photos/1785484103320-wlreayfhvz.jpeg,false,null
2fdbc07e-fca6-402f-8a13-d5f0e3163629,00000000-0000-0000-0000-000000000001,5dda0b14-713b-46d0-a6ce-a7a33a2fb6f9,c17c5093-48b7-139f-ebfc-1cd33ef5179c,19932.20,20716.10,783.90,11.50,Jul-26,2026-07-31 07:49:57.346442+00,https://slljsigvfaxngpjaajjd.supabase.co/storage/v1/object/public/documents/meter-photos/1785484107907-6wvjiu93afy.jpeg,false,null
3e64d99d-442d-4e93-8836-e94221f3293e,00000000-0000-0000-0000-000000000001,5dda0b14-713b-46d0-a6ce-a7a33a2fb6f9,fad74a92-8e64-787e-38c3-8ebdb9db6511,11521.90,11731.80,209.90,11.50,Jul-26,2026-07-31 07:49:57.346442+00,https://slljsigvfaxngpjaajjd.supabase.co/storage/v1/object/public/documents/meter-photos/1785484111130-8n4gk6gwntc.jpeg,false,null
bae6e2bb-d34a-42bd-aacb-70396173ac59,00000000-0000-0000-0000-000000000001,5dda0b14-713b-46d0-a6ce-a7a33a2fb6f9,c2ff0c11-4d1b-7b9b-b93c-aa37c9b6c40b,30486.50,31534.50,1048.00,11.50,Jul-26,2026-07-31 07:49:57.346442+00,https://slljsigvfaxngpjaajjd.supabase.co/storage/v1/object/public/documents/meter-photos/1785484114818-uhi6hhx1819.jpeg,false,null
fa171921-96ff-4556-a21d-33bba5d2b9d1,00000000-0000-0000-0000-000000000001,5dda0b14-713b-46d0-a6ce-a7a33a2fb6f9,d2298bb8-a5e5-735a-c8ca-9b18c7daacd6,49722.40,50534.30,811.90,11.50,Jul-26,2026-07-31 07:49:57.346442+00,https://slljsigvfaxngpjaajjd.supabase.co/storage/v1/object/public/documents/meter-photos/1785484127733-p3vdr3k7e9q.jpeg,false,null
6a3c4a09-5cdc-4368-8699-76be977c61ef,00000000-0000-0000-0000-000000000001,5dda0b14-713b-46d0-a6ce-a7a33a2fb6f9,bc7f358d-0d6d-f95f-ff80-9089eefdef69,57148.70,58486.10,1337.40,11.50,Jun-26,2026-06-30 07:08:39.082922+00,https://slljsigvfaxngpjaajjd.supabase.co/storage/v1/object/public/documents/meter-photos/1786009495750-4p980qcf7j9.jpeg,false,null
47b58554-6c73-4600-a99e-11d1e35afd7d,00000000-0000-0000-0000-000000000001,5dda0b14-713b-46d0-a6ce-a7a33a2fb6f9,dd96a329-ec95-e96a-1348-69d976f39cd4,93380.40,31951.10,-61429.30,11.50,Jun-26,2026-06-30 07:08:39.082922+00,https://slljsigvfaxngpjaajjd.supabase.co/storage/v1/object/public/documents/meter-photos/1786009502135-m6t0cqay5k.jpeg,false,null
de8a0465-a4de-43ec-ad0f-debdba5def7e,00000000-0000-0000-0000-000000000001,5dda0b14-713b-46d0-a6ce-a7a33a2fb6f9,10c6863d-07c3-4fc4-94f9-6adc29157ce1,40227.40,41030.40,803.00,11.50,Jun-26,2026-06-30 07:08:39.082922+00,https://slljsigvfaxngpjaajjd.supabase.co/storage/v1/object/public/documents/meter-photos/1786009551029-hali0k8l8pk.jpeg,false,null
33cb7bcb-8956-47ce-870b-53afc5535b7a,00000000-0000-0000-0000-000000000001,5dda0b14-713b-46d0-a6ce-a7a33a2fb6f9,1b4d1066-8fe4-199b-7b3b-39e4bded9714,25616.20,27066.90,1450.70,11.50,Jun-26,2026-06-30 07:08:39.082922+00,https://slljsigvfaxngpjaajjd.supabase.co/storage/v1/object/public/documents/meter-photos/1786009568241-lowkkexgmt.jpeg,false,null
39a28161-78f4-4422-bf92-4eede794bc6d,00000000-0000-0000-0000-000000000001,5dda0b14-713b-46d0-a6ce-a7a33a2fb6f9,fb5cedd6-2992-1c62-7fba-4a7a6b43b2ff,31555.80,32523.40,967.60,11.50,Jun-26,2026-06-30 07:08:39.082922+00,https://slljsigvfaxngpjaajjd.supabase.co/storage/v1/object/public/documents/meter-photos/1786009584464-hu7co4o77ik.jpeg,false,null
a1336538-5eb8-46f3-847a-1813ca5453d1,00000000-0000-0000-0000-000000000001,5dda0b14-713b-46d0-a6ce-a7a33a2fb6f9,dc4adc21-f501-0573-2e9a-d7bbbc89e5d6,65322.00,66252.70,930.70,11.50,Jun-26,2026-06-30 07:08:39.082922+00,https://slljsigvfaxngpjaajjd.supabase.co/storage/v1/object/public/documents/meter-photos/1786009619200-5xc876tnd12.jpeg,false,null
ef43385f-9f61-4b52-8e94-e35cf4b60b9b,00000000-0000-0000-0000-000000000001,5dda0b14-713b-46d0-a6ce-a7a33a2fb6f9,c2ff0c11-4d1b-7b9b-b93c-aa37c9b6c40b,29526.80,30486.50,959.70,11.50,Jun-26,2026-06-30 07:08:39.082922+00,https://slljsigvfaxngpjaajjd.supabase.co/storage/v1/object/public/documents/meter-photos/1786009625002-msp9zu7l2cq.jpeg,false,null
1217f51a-d46a-86e6-525f-7fbd5868bf87,00000000-0000-0000-0000-000000000001,5dda0b14-713b-46d0-a6ce-a7a33a2fb6f9,10c6863d-07c3-4fc4-94f9-6adc29157ce1,17398.00,18261.00,863.00,11.00,May-23,2026-03-20 06:10:21.371689+00,null,false,null
b800ec6a-2cb2-1c19-2e6c-41d6ed5f3922,00000000-0000-0000-0000-000000000001,5dda0b14-713b-46d0-a6ce-a7a33a2fb6f9,990e8a3e-a69c-7b31-f606-3eeb21e3d4c6,19554.00,20199.00,645.00,11.00,May-23,2026-03-20 06:10:21.371689+00,null,false,null
309936a7-c190-6dca-89d9-762ff70064fd,00000000-0000-0000-0000-000000000001,5dda0b14-713b-46d0-a6ce-a7a33a2fb6f9,1b4d1066-8fe4-199b-7b3b-39e4bded9714,120.00,120.00,0.00,11.00,May-23,2026-03-20 06:10:21.371689+00,null,false,null
29d42480-2a57-27c5-0c63-4545b3591897,00000000-0000-0000-0000-000000000001,5dda0b14-713b-46d0-a6ce-a7a33a2fb6f9,9d5d0096-0b78-a663-1142-be871dfa2bda,2219.00,2876.00,656.00,11.00,May-23,2026-03-20 06:10:21.371689+00,null,false,null
918c6f58-3c67-873f-0349-8542b3604990,00000000-0000-0000-0000-000000000001,5dda0b14-713b-46d0-a6ce-a7a33a2fb6f9,fb5cedd6-2992-1c62-7fba-4a7a6b43b2ff,891.00,1434.00,543.00,11.00,May-23,2026-03-20 06:10:21.371689+00,null,false,null
b583ef62-35d9-4328-bdbc-e2f4f1589026,00000000-0000-0000-0000-000000000001,5dda0b14-713b-46d0-a6ce-a7a33a2fb6f9,233cca0e-efcf-e631-d2fc-9997a6ba5706,776.00,1703.00,927.00,11.00,May-23,2026-03-20 06:10:21.371689+00,null,false,null
b74a158b-3c08-0478-dcf5-d01388a4fb97,00000000-0000-0000-0000-000000000001,5dda0b14-713b-46d0-a6ce-a7a33a2fb6f9,dc4adc21-f501-0573-2e9a-d7bbbc89e5d6,18224.00,18842.00,618.00,11.00,May-23,2026-03-20 06:10:21.371689+00,null,false,null
4269a89d-0f7f-0802-3ac6-36236d345182,00000000-0000-0000-0000-000000000001,5dda0b14-713b-46d0-a6ce-a7a33a2fb6f9,c17c5093-48b7-139f-ebfc-1cd33ef5179c,1970.00,1970.00,0.00,11.00,May-23,2026-03-20 06:10:21.371689+00,null,false,null
cbdf3b6c-04eb-8c44-4d82-f6cbccff643a,00000000-0000-0000-0000-000000000001,5dda0b14-713b-46d0-a6ce-a7a33a2fb6f9,44625074-3f26-4a2d-74ae-56ba4c94a395,13668.00,14131.00,463.00,11.00,May-23,2026-03-20 06:10:21.371689+00,null,false,null
dc9748c7-493d-570e-6179-8bd6665d41a9,00000000-0000-0000-0000-000000000001,5dda0b14-713b-46d0-a6ce-a7a33a2fb6f9,c2ff0c11-4d1b-7b9b-b93c-aa37c9b6c40b,8869.00,8869.00,0.00,11.00,May-23,2026-03-20 06:10:21.371689+00,null,false,null
eb324209-5e67-619e-55ee-a539bcacfefe,00000000-0000-0000-0000-000000000001,5dda0b14-713b-46d0-a6ce-a7a33a2fb6f9,7719849e-1d17-27d2-31d4-475a4e71f261,0.00,0.00,0.00,11.00,May-23,2026-03-20 06:10:21.371689+00,null,false,null
0f4e831c-450a-3f59-0906-0fd7b91699de,00000000-0000-0000-0000-000000000001,5dda0b14-713b-46d0-a6ce-a7a33a2fb6f9,d2298bb8-a5e5-735a-c8ca-9b18c7daacd6,26373.00,27329.00,956.00,11.00,May-23,2026-03-20 06:10:21.371689+00,null,false,null
d591cd23-6fa2-18b0-f52d-220c06b931b0,00000000-0000-0000-0000-000000000001,5dda0b14-713b-46d0-a6ce-a7a33a2fb6f9,211a2b33-4e94-3da1-7d97-406bc26036f5,0.00,0.00,0.00,11.00,Jun-23,2026-03-20 06:10:21.371689+00,null,false,null
efd65c1c-44d3-2510-4f91-19aaecb3e1dd,00000000-0000-0000-0000-000000000001,5dda0b14-713b-46d0-a6ce-a7a33a2fb6f9,188aee4d-68e0-1ddb-38e6-a946bc75072d,0.00,0.00,0.00,11.00,Jun-23,2026-03-20 06:10:21.371689+00,null,false,null
36fd06ae-d0a2-0475-b881-8f5adcd210a7,00000000-0000-0000-0000-000000000001,5dda0b14-713b-46d0-a6ce-a7a33a2fb6f9,4d1dd99b-b75a-70b5-406b-f5e869954002,0.00,510.00,510.00,11.00,Jun-23,2026-03-20 06:10:21.371689+00,null,false,null
4f6b0786-3a87-375e-a752-74c6b91311b8,00000000-0000-0000-0000-000000000001,5dda0b14-713b-46d0-a6ce-a7a33a2fb6f9,b0d4d2c8-f6ee-bc16-ffd7-fc33c8db8571,1789.00,2213.20,424.20,11.00,Jun-23,2026-03-20 06:10:21.371689+00,null,false,null
daed6361-63aa-79af-26a1-4d34131f43de,00000000-0000-0000-0000-000000000001,5dda0b14-713b-46d0-a6ce-a7a33a2fb6f9,0a839c14-2a88-9896-c2f2-8d51fe610405,9481.00,9980.90,499.90,11.00,Jun-23,2026-03-20 06:10:21.371689+00,null,false,null
ff05d7ba-24ce-77ff-835d-833efef1c057,00000000-0000-0000-0000-000000000001,5dda0b14-713b-46d0-a6ce-a7a33a2fb6f9,03edc7c5-4c46-b55e-523d-9fb7be29910b,23288.00,24253.90,965.90,11.00,Jun-23,2026-03-20 06:10:21.371689+00,null,false,null
927a19da-a97e-f6b0-9e28-53a1cc1f18b0,00000000-0000-0000-0000-000000000001,5dda0b14-713b-46d0-a6ce-a7a33a2fb6f9,2fc42a4f-fe5a-ae08-0e4e-2c89ca71db85,19271.00,19987.10,716.10,11.00,Jun-23,2026-03-20 06:10:21.371689+00,null,false,null
845f7eb4-00b8-15c6-8f28-1d142f2c607d,00000000-0000-0000-0000-000000000001,5dda0b14-713b-46d0-a6ce-a7a33a2fb6f9,5d204545-2f72-b89b-3190-a826b5ab6512,29928.00,30553.50,625.50,11.00,Jun-23,2026-03-20 06:10:21.371689+00,null,false,null
df5de4d1-9c1c-f158-be5e-809a57bf8546,00000000-0000-0000-0000-000000000001,5dda0b14-713b-46d0-a6ce-a7a33a2fb6f9,417c9738-a0f7-5a00-1091-37a9fd083dd6,20796.00,21536.30,740.30,11.00,Jun-23,2026-03-20 06:10:21.371689+00,null,false,null
5ba4b083-967d-6aa4-eb2b-9781a6481b09,00000000-0000-0000-0000-000000000001,5dda0b14-713b-46d0-a6ce-a7a33a2fb6f9,82b270bf-e567-2deb-5ef3-495baafd7645,16239.00,16830.50,591.50,11.00,Jun-23,2026-03-20 06:10:21.371689+00,null,false,null
c39c24e5-f1e3-81c5-6949-81f110b5ee9a,00000000-0000-0000-0000-000000000001,5dda0b14-713b-46d0-a6ce-a7a33a2fb6f9,574de174-c7bb-bc11-f282-cff2aa2501c5,0.00,500.00,500.00,11.00,Jun-23,2026-03-20 06:10:21.371689+00,null,false,null
c2f7d902-a833-3c3a-831a-d8d44dfb1a3d,00000000-0000-0000-0000-000000000001,5dda0b14-713b-46d0-a6ce-a7a33a2fb6f9,a361bd0d-c2c1-2aee-6303-d65de004edd0,19041.00,19849.40,808.40,11.00,Jun-23,2026-03-20 06:10:21.371689+00,null,false,null
a7fa22ed-3d35-f90c-e146-78f1c6bcadc4,00000000-0000-0000-0000-000000000001,5dda0b14-713b-46d0-a6ce-a7a33a2fb6f9,323c0dff-be56-f6ee-f053-ee37de806dea,20315.00,21210.20,895.20,11.00,Jun-23,2026-03-20 06:10:21.371689+00,null,false,null
af2a6342-a1a5-eb60-f3de-b2a112f48892,00000000-0000-0000-0000-000000000001,5dda0b14-713b-46d0-a6ce-a7a33a2fb6f9,aa73cade-c28c-dc5b-5980-55801ea0d415,17394.00,18238.40,844.40,11.00,Jun-23,2026-03-20 06:10:21.371689+00,null,false,null
04d4ee26-fef4-d9f6-fc68-270b5f4002df,00000000-0000-0000-0000-000000000001,5dda0b14-713b-46d0-a6ce-a7a33a2fb6f9,49ed1c8e-3653-c89b-ec74-16d8e20bb923,14122.00,14771.20,649.20,11.00,Jun-23,2026-03-20 06:10:21.371689+00,null,false,null
f15df4d1-6ddc-0a2c-eea7-56df309cc8b9,00000000-0000-0000-0000-000000000001,5dda0b14-713b-46d0-a6ce-a7a33a2fb6f9,85292340-826d-52c1-65c7-7f2a9eb2c2c4,32947.00,34179.90,1232.90,11.00,Jun-23,2026-03-20 06:10:21.371689+00,null,false,null
bd6549eb-9f31-d193-ccde-deb477a04a4e,00000000-0000-0000-0000-000000000001,5dda0b14-713b-46d0-a6ce-a7a33a2fb6f9,bde00681-ebfc-ef38-4f6e-4906a012de6b,27578.00,28422.80,844.80,11.00,Jun-23,2026-03-20 06:10:21.371689+00,null,false,null
609938b2-66d7-a16f-96a6-9538dcc4abeb,00000000-0000-0000-0000-000000000001,5dda0b14-713b-46d0-a6ce-a7a33a2fb6f9,ffbd5fe0-d9b3-cb55-cfd7-2d72a3498109,34086.00,34840.90,754.90,11.00,Jun-23,2026-03-20 06:10:21.371689+00,null,false,null
15bacaad-ab17-d6d6-a951-8d0b11e533f6,00000000-0000-0000-0000-000000000001,5dda0b14-713b-46d0-a6ce-a7a33a2fb6f9,bc7f358d-0d6d-f95f-ff80-9089eefdef69,26228.00,27078.80,850.80,11.00,Jun-23,2026-03-20 06:10:21.371689+00,null,false,null
ebe26581-496b-9832-bc7b-598819cda8e0,00000000-0000-0000-0000-000000000001,5dda0b14-713b-46d0-a6ce-a7a33a2fb6f9,b0875d50-a469-821b-57c3-03ac62809198,17918.00,18628.90,710.90,11.00,Jun-23,2026-03-20 06:10:21.371689+00,null,false,null
64f01938-6ba3-4135-d09b-5836d4b650c4,00000000-0000-0000-0000-000000000001,5dda0b14-713b-46d0-a6ce-a7a33a2fb6f9,dd96a329-ec95-e96a-1348-69d976f39cd4,23923.00,24741.50,818.50,11.00,Jun-23,2026-03-20 06:10:21.371689+00,null,false,null
4559ee54-5381-a9b1-2c30-124ec3d411a6,00000000-0000-0000-0000-000000000001,5dda0b14-713b-46d0-a6ce-a7a33a2fb6f9,77c3a6fd-4651-d880-29aa-abd19c8324df,14549.00,15367.40,818.40,11.00,Jun-23,2026-03-20 06:10:21.371689+00,null,false,null
5175573a-a12c-4a18-1252-8cd784cf5aae,00000000-0000-0000-0000-000000000001,5dda0b14-713b-46d0-a6ce-a7a33a2fb6f9,10c6863d-07c3-4fc4-94f9-6adc29157ce1,18261.00,19058.00,797.00,11.00,Jun-23,2026-03-20 06:10:21.371689+00,null,false,null
70f9391e-48a4-71ce-42d0-fd58b6e49fb3,00000000-0000-0000-0000-000000000001,5dda0b14-713b-46d0-a6ce-a7a33a2fb6f9,990e8a3e-a69c-7b31-f606-3eeb21e3d4c6,20199.00,20459.00,260.00,11.00,Jun-23,2026-03-20 06:10:21.371689+00,null,false,null
abd96b13-5ed8-ab9e-4438-6bd3e9ccedfb,00000000-0000-0000-0000-000000000001,5dda0b14-713b-46d0-a6ce-a7a33a2fb6f9,1b4d1066-8fe4-199b-7b3b-39e4bded9714,120.00,120.00,0.00,11.00,Jun-23,2026-03-20 06:10:21.371689+00,null,false,null
3ae50487-8110-2033-f4a7-40de9704c84a,00000000-0000-0000-0000-000000000001,5dda0b14-713b-46d0-a6ce-a7a33a2fb6f9,9d5d0096-0b78-a663-1142-be871dfa2bda,2876.00,3372.10,496.10,11.00,Jun-23,2026-03-20 06:10:21.371689+00,null,false,null
4e250e39-7880-41bd-86ec-e5ae31a15429,00000000-0000-0000-0000-000000000001,5dda0b14-713b-46d0-a6ce-a7a33a2fb6f9,fb5cedd6-2992-1c62-7fba-4a7a6b43b2ff,1434.00,2014.50,580.50,11.00,Jun-23,2026-03-20 06:10:21.371689+00,null,false,null
f18fb448-bf60-8b04-31a8-9ef67311471b,00000000-0000-0000-0000-000000000001,5dda0b14-713b-46d0-a6ce-a7a33a2fb6f9,233cca0e-efcf-e631-d2fc-9997a6ba5706,1703.00,1905.70,202.70,11.00,Jun-23,2026-03-20 06:10:21.371689+00,null,false,null
a1a6e3ba-d64c-5a16-8191-c7212b5ec44d,00000000-0000-0000-0000-000000000001,5dda0b14-713b-46d0-a6ce-a7a33a2fb6f9,dc4adc21-f501-0573-2e9a-d7bbbc89e5d6,18842.00,19350.69,508.69,11.00,Jun-23,2026-03-20 06:10:21.371689+00,null,false,null
1e993b87-4978-df32-d083-e847885af115,00000000-0000-0000-0000-000000000001,5dda0b14-713b-46d0-a6ce-a7a33a2fb6f9,c17c5093-48b7-139f-ebfc-1cd33ef5179c,1970.00,1970.00,0.00,11.00,Jun-23,2026-03-20 06:10:21.371689+00,null,false,null
42120918-458e-b316-cbdd-431913f490b6,00000000-0000-0000-0000-000000000001,5dda0b14-713b-46d0-a6ce-a7a33a2fb6f9,44625074-3f26-4a2d-74ae-56ba4c94a395,14131.00,14513.01,382.01,11.00,Jun-23,2026-03-20 06:10:21.371689+00,null,false,null
02bf8a0b-f778-4817-b6cf-8517cc88b2d7,00000000-0000-0000-0000-000000000001,5dda0b14-713b-46d0-a6ce-a7a33a2fb6f9,c2ff0c11-4d1b-7b9b-b93c-aa37c9b6c40b,8869.00,8869.00,0.00,11.00,Jun-23,2026-03-20 06:10:21.371689+00,null,false,null
f31cefe0-2728-4ab0-a168-1ee135390dc5,00000000-0000-0000-0000-000000000001,5dda0b14-713b-46d0-a6ce-a7a33a2fb6f9,7719849e-1d17-27d2-31d4-475a4e71f261,0.00,0.00,0.00,11.00,Jun-23,2026-03-20 06:10:21.371689+00,null,false,null
b22abc24-6e13-71a1-11b1-3165a20cf42a,00000000-0000-0000-0000-000000000001,5dda0b14-713b-46d0-a6ce-a7a33a2fb6f9,d2298bb8-a5e5-735a-c8ca-9b18c7daacd6,27329.00,27872.30,543.30,11.00,Jun-23,2026-03-20 06:10:21.371689+00,null,false,null
aa4ae3c3-33a5-45b0-6e3c-926bddb85453,00000000-0000-0000-0000-000000000001,5dda0b14-713b-46d0-a6ce-a7a33a2fb6f9,211a2b33-4e94-3da1-7d97-406bc26036f5,0.00,65.90,65.90,11.00,Jul-23,2026-03-20 06:10:21.371689+00,null,false,null
7db58dec-d120-a135-d908-6f439ecb4058,00000000-0000-0000-0000-000000000001,5dda0b14-713b-46d0-a6ce-a7a33a2fb6f9,188aee4d-68e0-1ddb-38e6-a946bc75072d,0.00,154.00,154.00,11.00,Jul-23,2026-03-20 06:10:21.371689+00,null,false,null
78002d2f-f1d9-83b5-e122-2d797d696be7,00000000-0000-0000-0000-000000000001,5dda0b14-713b-46d0-a6ce-a7a33a2fb6f9,4d1dd99b-b75a-70b5-406b-f5e869954002,510.00,511.00,1.00,11.00,Jul-23,2026-03-20 06:10:21.371689+00,null,false,null
6d118783-32be-9d21-e567-78476b065e33,00000000-0000-0000-0000-000000000001,5dda0b14-713b-46d0-a6ce-a7a33a2fb6f9,b0d4d2c8-f6ee-bc16-ffd7-fc33c8db8571,2213.20,2653.00,439.80,11.00,Jul-23,2026-03-20 06:10:21.371689+00,null,false,null
92f49179-2d07-a00a-ae8e-1674010e3e80,00000000-0000-0000-0000-000000000001,5dda0b14-713b-46d0-a6ce-a7a33a2fb6f9,0a839c14-2a88-9896-c2f2-8d51fe610405,9980.90,10830.60,849.70,11.00,Jul-23,2026-03-20 06:10:21.371689+00,null,false,null
1ec16d60-5bac-97aa-415a-70f087f8045f,00000000-0000-0000-0000-000000000001,5dda0b14-713b-46d0-a6ce-a7a33a2fb6f9,03edc7c5-4c46-b55e-523d-9fb7be29910b,24253.90,25128.50,874.60,11.00,Jul-23,2026-03-20 06:10:21.371689+00,null,false,null
34d388be-a7ab-100c-4856-45a4f9a4fd53,00000000-0000-0000-0000-000000000001,5dda0b14-713b-46d0-a6ce-a7a33a2fb6f9,2fc42a4f-fe5a-ae08-0e4e-2c89ca71db85,19987.10,20742.10,755.00,11.00,Jul-23,2026-03-20 06:10:21.371689+00,null,false,null
dd5a6fd0-f830-2af6-c040-b2ac3ede27a8,00000000-0000-0000-0000-000000000001,5dda0b14-713b-46d0-a6ce-a7a33a2fb6f9,5d204545-2f72-b89b-3190-a826b5ab6512,30553.50,31186.10,632.60,11.00,Jul-23,2026-03-20 06:10:21.371689+00,null,false,null
598d9e94-f79b-fa76-d8fb-8a940abef4d4,00000000-0000-0000-0000-000000000001,5dda0b14-713b-46d0-a6ce-a7a33a2fb6f9,417c9738-a0f7-5a00-1091-37a9fd083dd6,21536.30,22101.20,564.90,11.00,Jul-23,2026-03-20 06:10:21.371689+00,null,false,null
a94a1999-ff49-05bb-89d8-982bae48e288,00000000-0000-0000-0000-000000000001,5dda0b14-713b-46d0-a6ce-a7a33a2fb6f9,82b270bf-e567-2deb-5ef3-495baafd7645,16830.50,17147.40,316.90,11.00,Jul-23,2026-03-20 06:10:21.371689+00,null,false,null
fffb7f7a-f827-b67a-7669-6825fa6f9ad9,00000000-0000-0000-0000-000000000001,5dda0b14-713b-46d0-a6ce-a7a33a2fb6f9,574de174-c7bb-bc11-f282-cff2aa2501c5,500.00,541.30,41.30,11.00,Jul-23,2026-03-20 06:10:21.371689+00,null,false,null
f4ddfa90-406b-f50e-6f1a-6dcec586b6a6,00000000-0000-0000-0000-000000000001,5dda0b14-713b-46d0-a6ce-a7a33a2fb6f9,a361bd0d-c2c1-2aee-6303-d65de004edd0,19849.40,20481.50,632.10,11.00,Jul-23,2026-03-20 06:10:21.371689+00,null,false,null
46550a87-ac77-9b57-b38d-9c674a894913,00000000-0000-0000-0000-000000000001,5dda0b14-713b-46d0-a6ce-a7a33a2fb6f9,323c0dff-be56-f6ee-f053-ee37de806dea,21210.20,21944.20,734.00,11.00,Jul-23,2026-03-20 06:10:21.371689+00,null,false,null
1c6cad9e-05e8-845b-bbdd-7740f870879f,00000000-0000-0000-0000-000000000001,5dda0b14-713b-46d0-a6ce-a7a33a2fb6f9,aa73cade-c28c-dc5b-5980-55801ea0d415,18238.40,19205.60,967.20,11.00,Jul-23,2026-03-20 06:10:21.371689+00,null,false,null
e0fee5ef-ccd4-e6df-c784-953dedab5e4e,00000000-0000-0000-0000-000000000001,5dda0b14-713b-46d0-a6ce-a7a33a2fb6f9,49ed1c8e-3653-c89b-ec74-16d8e20bb923,14771.20,15334.60,563.40,11.00,Jul-23,2026-03-20 06:10:21.371689+00,null,false,null
6efa8e79-9da6-43ea-4c90-2166f5cbd027,00000000-0000-0000-0000-000000000001,5dda0b14-713b-46d0-a6ce-a7a33a2fb6f9,85292340-826d-52c1-65c7-7f2a9eb2c2c4,34179.90,35256.50,1076.60,11.00,Jul-23,2026-03-20 06:10:21.371689+00,null,false,null
115c3178-7676-a74a-e1f4-800258f1c1a1,00000000-0000-0000-0000-000000000001,5dda0b14-713b-46d0-a6ce-a7a33a2fb6f9,bde00681-ebfc-ef38-4f6e-4906a012de6b,28422.80,29076.30,653.50,11.00,Jul-23,2026-03-20 06:10:21.371689+00,null,false,null
dd91f45f-051a-a22e-54c2-768622979e34,00000000-0000-0000-0000-000000000001,5dda0b14-713b-46d0-a6ce-a7a33a2fb6f9,ffbd5fe0-d9b3-cb55-cfd7-2d72a3498109,34840.90,35690.30,849.40,11.00,Jul-23,2026-03-20 06:10:21.371689+00,null,false,null
5b147335-5789-b907-5994-8a28ca0a511d,00000000-0000-0000-0000-000000000001,5dda0b14-713b-46d0-a6ce-a7a33a2fb6f9,bc7f358d-0d6d-f95f-ff80-9089eefdef69,27078.80,27930.00,851.20,11.00,Jul-23,2026-03-20 06:10:21.371689+00,null,false,null
0a6fb507-df80-0cca-9e9f-72500d0ec789,00000000-0000-0000-0000-000000000001,5dda0b14-713b-46d0-a6ce-a7a33a2fb6f9,b0875d50-a469-821b-57c3-03ac62809198,18628.90,19171.40,542.50,11.00,Jul-23,2026-03-20 06:10:21.371689+00,null,false,null
8c9f013e-055a-cf06-3fce-eccd895a7251,00000000-0000-0000-0000-000000000001,5dda0b14-713b-46d0-a6ce-a7a33a2fb6f9,dd96a329-ec95-e96a-1348-69d976f39cd4,24741.50,25512.75,771.25,11.00,Jul-23,2026-03-20 06:10:21.371689+00,null,false,null
1b9075d3-6c23-3ad9-f65a-50c7d9a32d8d,00000000-0000-0000-0000-000000000001,5dda0b14-713b-46d0-a6ce-a7a33a2fb6f9,77c3a6fd-4651-d880-29aa-abd19c8324df,15367.40,16140.30,772.90,11.00,Jul-23,2026-03-20 06:10:21.371689+00,null,false,null
07893ffd-5fec-c8be-9387-3eb16d5cbd98,00000000-0000-0000-0000-000000000001,5dda0b14-713b-46d0-a6ce-a7a33a2fb6f9,10c6863d-07c3-4fc4-94f9-6adc29157ce1,19058.00,19881.50,823.50,11.00,Jul-23,2026-03-20 06:10:21.371689+00,null,false,null
10714d8f-fe1d-e0b3-d311-a680580290c0,00000000-0000-0000-0000-000000000001,5dda0b14-713b-46d0-a6ce-a7a33a2fb6f9,990e8a3e-a69c-7b31-f606-3eeb21e3d4c6,20459.00,20860.50,401.50,11.00,Jul-23,2026-03-20 06:10:21.371689+00,null,false,null
9e523c76-324c-8152-041a-1324dbff654d,00000000-0000-0000-0000-000000000001,5dda0b14-713b-46d0-a6ce-a7a33a2fb6f9,1b4d1066-8fe4-199b-7b3b-39e4bded9714,120.00,120.00,0.00,11.00,Jul-23,2026-03-20 06:10:21.371689+00,null,false,null
180a94be-4dfc-11e2-41a7-ac9e86485700,00000000-0000-0000-0000-000000000001,5dda0b14-713b-46d0-a6ce-a7a33a2fb6f9,9d5d0096-0b78-a663-1142-be871dfa2bda,3372.10,3611.40,239.30,11.00,Jul-23,2026-03-20 06:10:21.371689+00,null,false,null
533a2815-37c8-d14e-a62a-966768c6d72b,00000000-0000-0000-0000-000000000001,5dda0b14-713b-46d0-a6ce-a7a33a2fb6f9,fb5cedd6-2992-1c62-7fba-4a7a6b43b2ff,2014.50,2342.70,328.20,11.00,Jul-23,2026-03-20 06:10:21.371689+00,null,false,null
575efaaf-a13c-0651-9e53-f275a2aeeb70,00000000-0000-0000-0000-000000000001,5dda0b14-713b-46d0-a6ce-a7a33a2fb6f9,233cca0e-efcf-e631-d2fc-9997a6ba5706,1905.70,2677.40,771.70,11.00,Jul-23,2026-03-20 06:10:21.371689+00,null,false,null
33d5e226-dfe5-ba08-5ddc-77ced2fd332f,00000000-0000-0000-0000-000000000001,5dda0b14-713b-46d0-a6ce-a7a33a2fb6f9,dc4adc21-f501-0573-2e9a-d7bbbc89e5d6,19350.69,19814.17,463.49,11.00,Jul-23,2026-03-20 06:10:21.371689+00,null,false,null
7487338e-cc8d-4781-a92e-9d29fc15237e,00000000-0000-0000-0000-000000000001,5dda0b14-713b-46d0-a6ce-a7a33a2fb6f9,c17c5093-48b7-139f-ebfc-1cd33ef5179c,1970.00,1970.00,0.00,11.00,Jul-23,2026-03-20 06:10:21.371689+00,null,false,null
36bd489e-9710-6390-1fc0-5e395fa3f00f,00000000-0000-0000-0000-000000000001,5dda0b14-713b-46d0-a6ce-a7a33a2fb6f9,44625074-3f26-4a2d-74ae-56ba4c94a395,14513.01,14860.63,347.61,11.00,Jul-23,2026-03-20 06:10:21.371689+00,null,false,null
872de33e-147b-b566-633b-b5188dad23b8,00000000-0000-0000-0000-000000000001,5dda0b14-713b-46d0-a6ce-a7a33a2fb6f9,c2ff0c11-4d1b-7b9b-b93c-aa37c9b6c40b,8869.00,8869.00,0.00,11.00,Jul-23,2026-03-20 06:10:21.371689+00,null,false,null
b52a18d2-5351-b080-9942-9bdb79e9188c,00000000-0000-0000-0000-000000000001,5dda0b14-713b-46d0-a6ce-a7a33a2fb6f9,7719849e-1d17-27d2-31d4-475a4e71f261,0.00,0.00,0.00,11.00,Jul-23,2026-03-20 06:10:21.371689+00,null,false,null
4269d708-3bec-85ba-1c2a-287049e4aa84,00000000-0000-0000-0000-000000000001,5dda0b14-713b-46d0-a6ce-a7a33a2fb6f9,d2298bb8-a5e5-735a-c8ca-9b18c7daacd6,27872.30,28609.10,736.80,11.00,Jul-23,2026-03-20 06:10:21.371689+00,null,false,null
db2ef827-936b-8bce-6793-aa1f7fcd3a5b,00000000-0000-0000-0000-000000000001,5dda0b14-713b-46d0-a6ce-a7a33a2fb6f9,211a2b33-4e94-3da1-7d97-406bc26036f5,65.90,65.90,0.00,11.00,Aug-23,2026-03-20 06:10:21.371689+00,null,false,null
a8992fef-e344-ceff-2783-8663ff0cc070,00000000-0000-0000-0000-000000000001,5dda0b14-713b-46d0-a6ce-a7a33a2fb6f9,188aee4d-68e0-1ddb-38e6-a946bc75072d,154.00,166.30,12.30,11.00,Aug-23,2026-03-20 06:10:21.371689+00,null,false,null
cb08d12e-61ab-5fdf-63da-fe9be3fb6704,00000000-0000-0000-0000-000000000001,5dda0b14-713b-46d0-a6ce-a7a33a2fb6f9,4d1dd99b-b75a-70b5-406b-f5e869954002,511.00,580.40,69.40,11.00,Aug-23,2026-03-20 06:10:21.371689+00,null,false,null
38fc2707-1bc0-1f9a-1a51-b214b4edd23f,00000000-0000-0000-0000-000000000001,5dda0b14-713b-46d0-a6ce-a7a33a2fb6f9,b0d4d2c8-f6ee-bc16-ffd7-fc33c8db8571,2653.00,3291.20,638.20,11.00,Aug-23,2026-03-20 06:10:21.371689+00,null,false,null
2d6f2593-d88e-ed94-7eb8-a165f62e4f8c,00000000-0000-0000-0000-000000000001,5dda0b14-713b-46d0-a6ce-a7a33a2fb6f9,0a839c14-2a88-9896-c2f2-8d51fe610405,10830.60,11621.90,791.30,11.00,Aug-23,2026-03-20 06:10:21.371689+00,null,false,null
7b36eb51-594d-f5fc-df93-342e56bea9e1,00000000-0000-0000-0000-000000000001,5dda0b14-713b-46d0-a6ce-a7a33a2fb6f9,03edc7c5-4c46-b55e-523d-9fb7be29910b,25128.50,25979.00,850.50,11.00,Aug-23,2026-03-20 06:10:21.371689+00,null,false,null
7635a014-0c2a-90ed-05d8-712b05371240,00000000-0000-0000-0000-000000000001,5dda0b14-713b-46d0-a6ce-a7a33a2fb6f9,2fc42a4f-fe5a-ae08-0e4e-2c89ca71db85,20742.10,21295.00,552.90,11.00,Aug-23,2026-03-20 06:10:21.371689+00,null,false,null
f375d03e-44c8-aedd-7f53-93e78125dacb,00000000-0000-0000-0000-000000000001,5dda0b14-713b-46d0-a6ce-a7a33a2fb6f9,5d204545-2f72-b89b-3190-a826b5ab6512,31186.10,32038.60,852.50,11.00,Aug-23,2026-03-20 06:10:21.371689+00,null,false,null
47741d6f-72b1-31a9-90cb-73621bf91ac3,00000000-0000-0000-0000-000000000001,5dda0b14-713b-46d0-a6ce-a7a33a2fb6f9,417c9738-a0f7-5a00-1091-37a9fd083dd6,22101.20,22720.30,619.10,11.00,Aug-23,2026-03-20 06:10:21.371689+00,null,false,null
1b88b342-bfd7-55af-fd58-0a6959bb2163,00000000-0000-0000-0000-000000000001,5dda0b14-713b-46d0-a6ce-a7a33a2fb6f9,82b270bf-e567-2deb-5ef3-495baafd7645,17147.40,17612.10,464.70,11.00,Aug-23,2026-03-20 06:10:21.371689+00,null,false,null
5efad1cc-65f5-21ca-71f5-2a568343a814,00000000-0000-0000-0000-000000000001,5dda0b14-713b-46d0-a6ce-a7a33a2fb6f9,574de174-c7bb-bc11-f282-cff2aa2501c5,541.30,1092.40,551.10,11.00,Aug-23,2026-03-20 06:10:21.371689+00,null,false,null
5deaae1e-7958-02b3-7cc4-0632432b533c,00000000-0000-0000-0000-000000000001,5dda0b14-713b-46d0-a6ce-a7a33a2fb6f9,a361bd0d-c2c1-2aee-6303-d65de004edd0,20481.50,21258.80,777.30,11.00,Aug-23,2026-03-20 06:10:21.371689+00,null,false,null
9ef7f48c-44b6-af2a-a8d6-c37af7ef0fde,00000000-0000-0000-0000-000000000001,5dda0b14-713b-46d0-a6ce-a7a33a2fb6f9,323c0dff-be56-f6ee-f053-ee37de806dea,21944.20,22622.00,677.80,11.00,Aug-23,2026-03-20 06:10:21.371689+00,null,false,null
aded8098-f62a-b142-0b4c-9c57663af5da,00000000-0000-0000-0000-000000000001,5dda0b14-713b-46d0-a6ce-a7a33a2fb6f9,aa73cade-c28c-dc5b-5980-55801ea0d415,19205.60,20207.00,1001.40,11.00,Aug-23,2026-03-20 06:10:21.371689+00,null,false,null
fc4a61a0-7876-1adc-9e8b-86a276f2c92a,00000000-0000-0000-0000-000000000001,5dda0b14-713b-46d0-a6ce-a7a33a2fb6f9,49ed1c8e-3653-c89b-ec74-16d8e20bb923,15334.60,16006.00,671.40,11.00,Aug-23,2026-03-20 06:10:21.371689+00,null,false,null
0eab85fb-7c8c-49ce-bd7f-7a0e2ffc5390,00000000-0000-0000-0000-000000000001,5dda0b14-713b-46d0-a6ce-a7a33a2fb6f9,85292340-826d-52c1-65c7-7f2a9eb2c2c4,35256.50,36118.60,862.10,11.00,Aug-23,2026-03-20 06:10:21.371689+00,null,false,null
036329ff-37ff-2eda-3636-c2f002bdb8b0,00000000-0000-0000-0000-000000000001,5dda0b14-713b-46d0-a6ce-a7a33a2fb6f9,bde00681-ebfc-ef38-4f6e-4906a012de6b,29076.30,29804.20,727.90,11.00,Aug-23,2026-03-20 06:10:21.371689+00,null,false,null
6c5a4815-276d-625e-6d7a-43175c22745d,00000000-0000-0000-0000-000000000001,5dda0b14-713b-46d0-a6ce-a7a33a2fb6f9,ffbd5fe0-d9b3-cb55-cfd7-2d72a3498109,35690.30,36518.80,828.50,11.00,Aug-23,2026-03-20 06:10:21.371689+00,null,false,null
bc422e7d-dda7-c00b-80bd-86ced0fda55f,00000000-0000-0000-0000-000000000001,5dda0b14-713b-46d0-a6ce-a7a33a2fb6f9,bc7f358d-0d6d-f95f-ff80-9089eefdef69,27930.00,28767.20,837.20,11.00,Aug-23,2026-03-20 06:10:21.371689+00,null,false,null
71ce912e-2c16-2c20-9046-9e65be46c0eb,00000000-0000-0000-0000-000000000001,5dda0b14-713b-46d0-a6ce-a7a33a2fb6f9,b0875d50-a469-821b-57c3-03ac62809198,19171.40,19789.50,618.10,11.00,Aug-23,2026-03-20 06:10:21.371689+00,null,false,null
4f402146-3d8b-d285-eb63-f1d3dedadf84,00000000-0000-0000-0000-000000000001,5dda0b14-713b-46d0-a6ce-a7a33a2fb6f9,dd96a329-ec95-e96a-1348-69d976f39cd4,25512.75,26244.25,731.50,11.00,Aug-23,2026-03-20 06:10:21.371689+00,null,false,null
a86ae72c-cfbd-2b37-657a-fc2509b90c51,00000000-0000-0000-0000-000000000001,5dda0b14-713b-46d0-a6ce-a7a33a2fb6f9,77c3a6fd-4651-d880-29aa-abd19c8324df,16140.30,17016.20,875.90,11.00,Aug-23,2026-03-20 06:10:21.371689+00,null,false,null
899bc3b7-457a-8099-f875-3ea73ad7043c,00000000-0000-0000-0000-000000000001,5dda0b14-713b-46d0-a6ce-a7a33a2fb6f9,10c6863d-07c3-4fc4-94f9-6adc29157ce1,19881.50,20900.40,1018.90,11.00,Aug-23,2026-03-20 06:10:21.371689+00,null,false,null
b90e89b4-d65e-c040-2ecc-a7f509d1e1fb,00000000-0000-0000-0000-000000000001,5dda0b14-713b-46d0-a6ce-a7a33a2fb6f9,990e8a3e-a69c-7b31-f606-3eeb21e3d4c6,20860.50,21292.40,431.90,11.00,Aug-23,2026-03-20 06:10:21.371689+00,null,false,null
07913bc7-f60d-284c-0eb1-31f05629c072,00000000-0000-0000-0000-000000000001,5dda0b14-713b-46d0-a6ce-a7a33a2fb6f9,1b4d1066-8fe4-199b-7b3b-39e4bded9714,120.00,96.00,-24.00,11.00,Aug-23,2026-03-20 06:10:21.371689+00,null,false,null
f41c588b-5930-bcac-442a-e6bd9a3452f9,00000000-0000-0000-0000-000000000001,5dda0b14-713b-46d0-a6ce-a7a33a2fb6f9,9d5d0096-0b78-a663-1142-be871dfa2bda,3611.40,4628.70,1017.30,11.00,Aug-23,2026-03-20 06:10:21.371689+00,null,false,null
163c5f2d-23db-3eed-ff69-8abe28f58bd7,00000000-0000-0000-0000-000000000001,5dda0b14-713b-46d0-a6ce-a7a33a2fb6f9,fb5cedd6-2992-1c62-7fba-4a7a6b43b2ff,2342.70,3341.60,998.90,11.00,Aug-23,2026-03-20 06:10:21.371689+00,null,false,null
304e3d7e-34c2-40fc-f0ca-4827d023c74a,00000000-0000-0000-0000-000000000001,5dda0b14-713b-46d0-a6ce-a7a33a2fb6f9,233cca0e-efcf-e631-d2fc-9997a6ba5706,2677.40,3614.00,936.60,11.00,Aug-23,2026-03-20 06:10:21.371689+00,null,false,null
7a2270ac-b2ea-02c9-6bd9-194f37bfd21f,00000000-0000-0000-0000-000000000001,5dda0b14-713b-46d0-a6ce-a7a33a2fb6f9,dc4adc21-f501-0573-2e9a-d7bbbc89e5d6,19814.17,20453.89,639.71,11.00,Aug-23,2026-03-20 06:10:21.371689+00,null,false,null
be0ee523-6bdf-8b12-9987-cbe2e9088897,00000000-0000-0000-0000-000000000001,5dda0b14-713b-46d0-a6ce-a7a33a2fb6f9,c17c5093-48b7-139f-ebfc-1cd33ef5179c,1970.00,2477.70,507.70,11.00,Aug-23,2026-03-20 06:10:21.371689+00,null,false,null
197c5eb7-7347-abb7-8046-838fcd5e795c,00000000-0000-0000-0000-000000000001,5dda0b14-713b-46d0-a6ce-a7a33a2fb6f9,44625074-3f26-4a2d-74ae-56ba4c94a395,14860.63,15340.41,479.79,11.00,Aug-23,2026-03-20 06:10:21.371689+00,null,false,null
edd2b262-7e7a-e5ca-edd0-8efb69b3764d,00000000-0000-0000-0000-000000000001,5dda0b14-713b-46d0-a6ce-a7a33a2fb6f9,c2ff0c11-4d1b-7b9b-b93c-aa37c9b6c40b,8869.00,8869.00,0.00,11.00,Aug-23,2026-03-20 06:10:21.371689+00,null,false,null
17c578d6-4903-c6e8-6f7c-b6b83fd70889,00000000-0000-0000-0000-000000000001,5dda0b14-713b-46d0-a6ce-a7a33a2fb6f9,7719849e-1d17-27d2-31d4-475a4e71f261,0.00,3801.04,3801.04,11.00,Aug-23,2026-03-20 06:10:21.371689+00,null,false,null
f6ebe451-854d-9601-6abb-f831aded7e92,00000000-0000-0000-0000-000000000001,5dda0b14-713b-46d0-a6ce-a7a33a2fb6f9,d2298bb8-a5e5-735a-c8ca-9b18c7daacd6,28609.10,29465.10,856.00,11.00,Aug-23,2026-03-20 06:10:21.371689+00,null,false,null
d1d5484c-133a-6afd-4cda-b8a49b355cc5,00000000-0000-0000-0000-000000000001,5dda0b14-713b-46d0-a6ce-a7a33a2fb6f9,211a2b33-4e94-3da1-7d97-406bc26036f5,65.90,65.90,0.00,11.00,Sep-23,2026-03-20 06:10:21.371689+00,null,false,null
d4c927a2-a865-1668-0905-a849f33c88b0,00000000-0000-0000-0000-000000000001,5dda0b14-713b-46d0-a6ce-a7a33a2fb6f9,188aee4d-68e0-1ddb-38e6-a946bc75072d,166.30,166.30,0.00,11.00,Sep-23,2026-03-20 06:10:21.371689+00,null,false,null
e0999ef3-bce0-1d79-9ffb-3c1302437c7e,00000000-0000-0000-0000-000000000001,5dda0b14-713b-46d0-a6ce-a7a33a2fb6f9,4d1dd99b-b75a-70b5-406b-f5e869954002,580.40,580.40,0.00,11.00,Sep-23,2026-03-20 06:10:21.371689+00,null,false,null
55e1fd89-5de9-622a-dbdf-aae8558d9e09,00000000-0000-0000-0000-000000000001,5dda0b14-713b-46d0-a6ce-a7a33a2fb6f9,b0d4d2c8-f6ee-bc16-ffd7-fc33c8db8571,3291.20,3940.40,649.20,11.00,Sep-23,2026-03-20 06:10:21.371689+00,null,false,null
0fb2b77e-ea6c-2274-ee85-2d72468d3c62,00000000-0000-0000-0000-000000000001,5dda0b14-713b-46d0-a6ce-a7a33a2fb6f9,0a839c14-2a88-9896-c2f2-8d51fe610405,11621.90,12508.00,886.10,11.00,Sep-23,2026-03-20 06:10:21.371689+00,null,false,null
6fa1a957-b195-5696-9402-89506c0f9e52,00000000-0000-0000-0000-000000000001,5dda0b14-713b-46d0-a6ce-a7a33a2fb6f9,03edc7c5-4c46-b55e-523d-9fb7be29910b,25979.00,26938.00,959.00,11.00,Sep-23,2026-03-20 06:10:21.371689+00,null,false,null
fb5db51a-71d9-ef77-4cce-1622537f01a6,00000000-0000-0000-0000-000000000001,5dda0b14-713b-46d0-a6ce-a7a33a2fb6f9,2fc42a4f-fe5a-ae08-0e4e-2c89ca71db85,21295.00,21886.10,591.10,11.00,Sep-23,2026-03-20 06:10:21.371689+00,null,false,null
8fc3156b-fc4a-d5db-0658-b75cc7961d3b,00000000-0000-0000-0000-000000000001,5dda0b14-713b-46d0-a6ce-a7a33a2fb6f9,5d204545-2f72-b89b-3190-a826b5ab6512,32038.60,32687.30,648.70,11.00,Sep-23,2026-03-20 06:10:21.371689+00,null,false,null
6eaa5403-2ce1-4ee0-8db6-55d54cca3e8a,00000000-0000-0000-0000-000000000001,5dda0b14-713b-46d0-a6ce-a7a33a2fb6f9,417c9738-a0f7-5a00-1091-37a9fd083dd6,22720.30,23310.50,590.20,11.00,Sep-23,2026-03-20 06:10:21.371689+00,null,false,null
755cba31-f752-2bab-4eef-8f832b477347,00000000-0000-0000-0000-000000000001,5dda0b14-713b-46d0-a6ce-a7a33a2fb6f9,82b270bf-e567-2deb-5ef3-495baafd7645,17612.10,18021.90,409.80,11.00,Sep-23,2026-03-20 06:10:21.371689+00,null,false,null
dc76bf61-826e-16da-a30d-e25c8886c7e5,00000000-0000-0000-0000-000000000001,5dda0b14-713b-46d0-a6ce-a7a33a2fb6f9,574de174-c7bb-bc11-f282-cff2aa2501c5,1092.40,1591.90,499.50,11.00,Sep-23,2026-03-20 06:10:21.371689+00,null,false,null
40cf346d-db1d-a993-8b01-ce910974cb5c,00000000-0000-0000-0000-000000000001,5dda0b14-713b-46d0-a6ce-a7a33a2fb6f9,a361bd0d-c2c1-2aee-6303-d65de004edd0,21258.80,21923.10,664.30,11.00,Sep-23,2026-03-20 06:10:21.371689+00,null,false,null
8154ad97-c18d-f10d-773b-b7bd244542f8,00000000-0000-0000-0000-000000000001,5dda0b14-713b-46d0-a6ce-a7a33a2fb6f9,323c0dff-be56-f6ee-f053-ee37de806dea,22622.00,23540.50,918.50,11.00,Sep-23,2026-03-20 06:10:21.371689+00,null,false,null
2e173bca-8edb-1cf0-2ebf-2f2c3369897d,00000000-0000-0000-0000-000000000001,5dda0b14-713b-46d0-a6ce-a7a33a2fb6f9,aa73cade-c28c-dc5b-5980-55801ea0d415,20207.00,21186.00,979.00,11.00,Sep-23,2026-03-20 06:10:21.371689+00,null,false,null
d182c951-1ae3-2f85-4fe8-30f0a3bc3045,00000000-0000-0000-0000-000000000001,5dda0b14-713b-46d0-a6ce-a7a33a2fb6f9,49ed1c8e-3653-c89b-ec74-16d8e20bb923,16006.00,16604.30,598.30,11.00,Sep-23,2026-03-20 06:10:21.371689+00,null,false,null
92ec650c-360b-d684-a074-4b96cd2782ab,00000000-0000-0000-0000-000000000001,5dda0b14-713b-46d0-a6ce-a7a33a2fb6f9,85292340-826d-52c1-65c7-7f2a9eb2c2c4,36118.60,37115.70,997.10,11.00,Sep-23,2026-03-20 06:10:21.371689+00,null,false,null
1caed621-307f-ad63-dfc9-a5a00928424a,00000000-0000-0000-0000-000000000001,5dda0b14-713b-46d0-a6ce-a7a33a2fb6f9,bde00681-ebfc-ef38-4f6e-4906a012de6b,29804.20,30558.20,754.00,11.00,Sep-23,2026-03-20 06:10:21.371689+00,null,false,null
29f96fab-92d3-68fc-e9ba-40f3a56dd3bf,00000000-0000-0000-0000-000000000001,5dda0b14-713b-46d0-a6ce-a7a33a2fb6f9,ffbd5fe0-d9b3-cb55-cfd7-2d72a3498109,36518.80,37450.90,932.10,11.00,Sep-23,2026-03-20 06:10:21.371689+00,null,false,null
60a80905-a904-61e6-ffd3-0f00a6188617,00000000-0000-0000-0000-000000000001,5dda0b14-713b-46d0-a6ce-a7a33a2fb6f9,bc7f358d-0d6d-f95f-ff80-9089eefdef69,28767.20,29514.10,746.90,11.00,Sep-23,2026-03-20 06:10:21.371689+00,null,false,null
cb8484ea-7294-83e4-eaa5-e273b1c88429,00000000-0000-0000-0000-000000000001,5dda0b14-713b-46d0-a6ce-a7a33a2fb6f9,b0875d50-a469-821b-57c3-03ac62809198,19789.50,20325.10,535.60,11.00,Sep-23,2026-03-20 06:10:21.371689+00,null,false,null
66d1ee74-1d5c-b70e-7ffb-4f5c2a8356b9,00000000-0000-0000-0000-000000000001,5dda0b14-713b-46d0-a6ce-a7a33a2fb6f9,dd96a329-ec95-e96a-1348-69d976f39cd4,26244.25,26980.40,736.15,11.00,Sep-23,2026-03-20 06:10:21.371689+00,null,false,null
2054d6b4-2c63-ac01-6a95-b7d7c9cadec6,00000000-0000-0000-0000-000000000001,5dda0b14-713b-46d0-a6ce-a7a33a2fb6f9,77c3a6fd-4651-d880-29aa-abd19c8324df,17016.20,17818.90,802.70,11.00,Sep-23,2026-03-20 06:10:21.371689+00,null,false,null
be7f46fb-bdbd-4ddf-1dea-0ad19fd8e0b1,00000000-0000-0000-0000-000000000001,5dda0b14-713b-46d0-a6ce-a7a33a2fb6f9,10c6863d-07c3-4fc4-94f9-6adc29157ce1,20900.40,21763.00,862.60,11.00,Sep-23,2026-03-20 06:10:21.371689+00,null,false,null
1f2b12e4-0735-eb33-9696-ceb8dfb9d751,00000000-0000-0000-0000-000000000001,5dda0b14-713b-46d0-a6ce-a7a33a2fb6f9,990e8a3e-a69c-7b31-f606-3eeb21e3d4c6,21292.40,21559.20,266.80,11.00,Sep-23,2026-03-20 06:10:21.371689+00,null,false,null
b71bc889-46e7-fa5f-63ee-e71c20e653fc,00000000-0000-0000-0000-000000000001,5dda0b14-713b-46d0-a6ce-a7a33a2fb6f9,1b4d1066-8fe4-199b-7b3b-39e4bded9714,96.00,95.50,0.00,11.00,Sep-23,2026-03-20 06:10:21.371689+00,null,false,null
0b450bbb-1bb2-9af1-bef8-16d450795f38,00000000-0000-0000-0000-000000000001,5dda0b14-713b-46d0-a6ce-a7a33a2fb6f9,9d5d0096-0b78-a663-1142-be871dfa2bda,4628.70,5546.50,917.80,11.00,Sep-23,2026-03-20 06:10:21.371689+00,null,false,null
e8140404-e625-b3c9-cfaa-05de93b0714b,00000000-0000-0000-0000-000000000001,5dda0b14-713b-46d0-a6ce-a7a33a2fb6f9,fb5cedd6-2992-1c62-7fba-4a7a6b43b2ff,3341.60,4265.80,924.20,11.00,Sep-23,2026-03-20 06:10:21.371689+00,null,false,null
3c59dcea-32b4-8f92-5241-6cd521e70ff3,00000000-0000-0000-0000-000000000001,5dda0b14-713b-46d0-a6ce-a7a33a2fb6f9,233cca0e-efcf-e631-d2fc-9997a6ba5706,3614.00,4548.80,934.80,11.00,Sep-23,2026-03-20 06:10:21.371689+00,null,false,null
7dac40bd-3df5-94aa-e8ec-be795c8648ec,00000000-0000-0000-0000-000000000001,5dda0b14-713b-46d0-a6ce-a7a33a2fb6f9,dc4adc21-f501-0573-2e9a-d7bbbc89e5d6,20453.89,20985.31,531.43,11.00,Sep-23,2026-03-20 06:10:21.371689+00,null,false,null
0b4653fb-6a73-8964-0005-bda6c4acf264,00000000-0000-0000-0000-000000000001,5dda0b14-713b-46d0-a6ce-a7a33a2fb6f9,c17c5093-48b7-139f-ebfc-1cd33ef5179c,2477.70,3157.30,679.60,11.00,Sep-23,2026-03-20 06:10:21.371689+00,null,false,null
46b6fb65-3932-a602-1bf3-2940569bd75f,00000000-0000-0000-0000-000000000001,5dda0b14-713b-46d0-a6ce-a7a33a2fb6f9,44625074-3f26-4a2d-74ae-56ba4c94a395,15340.41,15738.99,398.57,11.00,Sep-23,2026-03-20 06:10:21.371689+00,null,false,null
1e214245-1922-d3fd-da1b-4a0ca625c911,00000000-0000-0000-0000-000000000001,5dda0b14-713b-46d0-a6ce-a7a33a2fb6f9,c2ff0c11-4d1b-7b9b-b93c-aa37c9b6c40b,8869.00,9530.30,661.30,11.00,Sep-23,2026-03-20 06:10:21.371689+00,null,false,null
8db3a8d6-6e8b-4d7c-16f6-9116b1c94ff8,00000000-0000-0000-0000-000000000001,5dda0b14-713b-46d0-a6ce-a7a33a2fb6f9,7719849e-1d17-27d2-31d4-475a4e71f261,3801.04,4084.41,283.37,11.00,Sep-23,2026-03-20 06:10:21.371689+00,null,false,null
597c7c38-c3cf-c51d-44ba-62e0f0ac32b3,00000000-0000-0000-0000-000000000001,5dda0b14-713b-46d0-a6ce-a7a33a2fb6f9,d2298bb8-a5e5-735a-c8ca-9b18c7daacd6,29465.10,30173.40,708.30,11.00,Sep-23,2026-03-20 06:10:21.371689+00,null,false,null
1d216828-437f-368a-2a24-1ed8bc4980b8,00000000-0000-0000-0000-000000000001,5dda0b14-713b-46d0-a6ce-a7a33a2fb6f9,211a2b33-4e94-3da1-7d97-406bc26036f5,65.90,0.00,0.00,11.00,Oct-23,2026-03-20 06:10:21.371689+00,null,false,null
8baaa973-ef45-90f0-3f7f-40a2c12a2b27,00000000-0000-0000-0000-000000000001,5dda0b14-713b-46d0-a6ce-a7a33a2fb6f9,188aee4d-68e0-1ddb-38e6-a946bc75072d,166.30,0.00,0.00,11.00,Oct-23,2026-03-20 06:10:21.371689+00,null,false,null
e675538f-2166-08ed-cce7-4f701fdffba9,00000000-0000-0000-0000-000000000001,5dda0b14-713b-46d0-a6ce-a7a33a2fb6f9,4d1dd99b-b75a-70b5-406b-f5e869954002,580.40,0.00,0.00,11.00,Oct-23,2026-03-20 06:10:21.371689+00,null,false,null
5304766e-6dcb-785b-f898-a21c1b4bd11c,00000000-0000-0000-0000-000000000001,5dda0b14-713b-46d0-a6ce-a7a33a2fb6f9,b0d4d2c8-f6ee-bc16-ffd7-fc33c8db8571,3940.40,4647.00,706.60,11.00,Oct-23,2026-03-20 06:10:21.371689+00,null,false,null
23b46d1c-3366-fb1d-9d21-93c56940ce93,00000000-0000-0000-0000-000000000001,5dda0b14-713b-46d0-a6ce-a7a33a2fb6f9,0a839c14-2a88-9896-c2f2-8d51fe610405,12508.00,12905.90,397.90,11.00,Oct-23,2026-03-20 06:10:21.371689+00,null,false,null
f6b6812c-51a0-1f9a-9f58-b6fe8f848d13,00000000-0000-0000-0000-000000000001,5dda0b14-713b-46d0-a6ce-a7a33a2fb6f9,03edc7c5-4c46-b55e-523d-9fb7be29910b,26938.00,27966.20,1028.20,11.00,Oct-23,2026-03-20 06:10:21.371689+00,null,false,null
902e8236-74b9-3677-4ea2-cd34ef88da39,00000000-0000-0000-0000-000000000001,5dda0b14-713b-46d0-a6ce-a7a33a2fb6f9,2fc42a4f-fe5a-ae08-0e4e-2c89ca71db85,21886.10,22548.30,662.20,11.00,Oct-23,2026-03-20 06:10:21.371689+00,null,false,null
11a45fd1-9ece-5452-947f-b83126f56f6a,00000000-0000-0000-0000-000000000001,5dda0b14-713b-46d0-a6ce-a7a33a2fb6f9,5d204545-2f72-b89b-3190-a826b5ab6512,32687.30,33287.40,600.10,11.00,Oct-23,2026-03-20 06:10:21.371689+00,null,false,null
342a1945-34a5-91f5-ff4f-451381deb395,00000000-0000-0000-0000-000000000001,5dda0b14-713b-46d0-a6ce-a7a33a2fb6f9,417c9738-a0f7-5a00-1091-37a9fd083dd6,23310.50,24166.30,855.80,11.00,Oct-23,2026-03-20 06:10:21.371689+00,null,false,null
27705ee8-85ad-72d0-2973-a9d41d45abeb,00000000-0000-0000-0000-000000000001,5dda0b14-713b-46d0-a6ce-a7a33a2fb6f9,82b270bf-e567-2deb-5ef3-495baafd7645,18021.90,18447.10,425.20,11.00,Oct-23,2026-03-20 06:10:21.371689+00,null,false,null
2662a81c-5f38-a939-7ae1-13acb204d6ee,00000000-0000-0000-0000-000000000001,5dda0b14-713b-46d0-a6ce-a7a33a2fb6f9,574de174-c7bb-bc11-f282-cff2aa2501c5,1591.90,2099.10,507.20,11.00,Oct-23,2026-03-20 06:10:21.371689+00,null,false,null
d8cb7065-29a6-ff76-8b1a-64b73612df0b,00000000-0000-0000-0000-000000000001,5dda0b14-713b-46d0-a6ce-a7a33a2fb6f9,a361bd0d-c2c1-2aee-6303-d65de004edd0,21923.10,22674.20,751.10,11.00,Oct-23,2026-03-20 06:10:21.371689+00,null,false,null
1f43c084-d5d6-3d36-6966-26216a2632c0,00000000-0000-0000-0000-000000000001,5dda0b14-713b-46d0-a6ce-a7a33a2fb6f9,323c0dff-be56-f6ee-f053-ee37de806dea,23540.50,24520.10,979.60,11.00,Oct-23,2026-03-20 06:10:21.371689+00,null,false,null
fc730c2f-4763-b9b1-747d-1c9d7d480ea7,00000000-0000-0000-0000-000000000001,5dda0b14-713b-46d0-a6ce-a7a33a2fb6f9,aa73cade-c28c-dc5b-5980-55801ea0d415,21186.00,22312.00,1126.00,11.00,Oct-23,2026-03-20 06:10:21.371689+00,null,false,null
0bcb1f2a-feea-53cd-3255-1f787f6d465e,00000000-0000-0000-0000-000000000001,5dda0b14-713b-46d0-a6ce-a7a33a2fb6f9,49ed1c8e-3653-c89b-ec74-16d8e20bb923,16604.30,17250.80,646.50,11.00,Oct-23,2026-03-20 06:10:21.371689+00,null,false,null
b64a2a0c-f0f0-fd1c-cc13-6eec1a4382f1,00000000-0000-0000-0000-000000000001,5dda0b14-713b-46d0-a6ce-a7a33a2fb6f9,85292340-826d-52c1-65c7-7f2a9eb2c2c4,37115.70,38167.20,1051.50,11.00,Oct-23,2026-03-20 06:10:21.371689+00,null,false,null
7028081e-c05a-db61-0aa7-c096f18aa759,00000000-0000-0000-0000-000000000001,5dda0b14-713b-46d0-a6ce-a7a33a2fb6f9,bde00681-ebfc-ef38-4f6e-4906a012de6b,30558.20,31336.80,778.60,11.00,Oct-23,2026-03-20 06:10:21.371689+00,null,false,null
8614f2ee-beef-3014-30fd-46fdb68c1dca,00000000-0000-0000-0000-000000000001,5dda0b14-713b-46d0-a6ce-a7a33a2fb6f9,ffbd5fe0-d9b3-cb55-cfd7-2d72a3498109,37450.90,38406.70,955.80,11.00,Oct-23,2026-03-20 06:10:21.371689+00,null,false,null
e1b83126-a2f0-3689-c1fe-6d872c1643db,00000000-0000-0000-0000-000000000001,5dda0b14-713b-46d0-a6ce-a7a33a2fb6f9,bc7f358d-0d6d-f95f-ff80-9089eefdef69,29514.10,30288.20,774.10,11.00,Oct-23,2026-03-20 06:10:21.371689+00,null,false,null
89417b12-a095-1469-5636-ad35432fa3e4,00000000-0000-0000-0000-000000000001,5dda0b14-713b-46d0-a6ce-a7a33a2fb6f9,b0875d50-a469-821b-57c3-03ac62809198,20325.10,20956.70,631.60,11.00,Oct-23,2026-03-20 06:10:21.371689+00,null,false,null
4094f714-3f74-aaaa-a1da-361d4553891e,00000000-0000-0000-0000-000000000001,5dda0b14-713b-46d0-a6ce-a7a33a2fb6f9,dd96a329-ec95-e96a-1348-69d976f39cd4,26980.40,27708.70,728.30,11.00,Oct-23,2026-03-20 06:10:21.371689+00,null,false,null
78ef1a93-0eda-7e19-3567-59ed7579c248,00000000-0000-0000-0000-000000000001,5dda0b14-713b-46d0-a6ce-a7a33a2fb6f9,77c3a6fd-4651-d880-29aa-abd19c8324df,17818.90,18691.90,873.00,11.00,Oct-23,2026-03-20 06:10:21.371689+00,null,false,null
be03559a-c34c-584d-4674-e4fd5d3b704b,00000000-0000-0000-0000-000000000001,5dda0b14-713b-46d0-a6ce-a7a33a2fb6f9,10c6863d-07c3-4fc4-94f9-6adc29157ce1,21763.00,22506.20,743.20,11.00,Oct-23,2026-03-20 06:10:21.371689+00,null,false,null
ae70fd28-c83b-379d-0d78-2e23b5183f22,00000000-0000-0000-0000-000000000001,5dda0b14-713b-46d0-a6ce-a7a33a2fb6f9,990e8a3e-a69c-7b31-f606-3eeb21e3d4c6,21559.20,21821.70,262.50,11.00,Oct-23,2026-03-20 06:10:21.371689+00,null,false,null
55943671-9523-3fbe-e985-fcedd9bf921f,00000000-0000-0000-0000-000000000001,5dda0b14-713b-46d0-a6ce-a7a33a2fb6f9,1b4d1066-8fe4-199b-7b3b-39e4bded9714,95.50,96.00,0.50,11.00,Oct-23,2026-03-20 06:10:21.371689+00,null,false,null
c31282a8-994a-6904-3398-fdc83b089502,00000000-0000-0000-0000-000000000001,5dda0b14-713b-46d0-a6ce-a7a33a2fb6f9,9d5d0096-0b78-a663-1142-be871dfa2bda,5546.50,6470.60,924.10,11.00,Oct-23,2026-03-20 06:10:21.371689+00,null,false,null
8654cbab-0bd4-6167-3faf-565cbb4a67e2,00000000-0000-0000-0000-000000000001,5dda0b14-713b-46d0-a6ce-a7a33a2fb6f9,fb5cedd6-2992-1c62-7fba-4a7a6b43b2ff,4265.80,5148.50,882.70,11.00,Oct-23,2026-03-20 06:10:21.371689+00,null,false,null
1148cf0a-5dbe-cb6f-e29a-0bd15ed52b77,00000000-0000-0000-0000-000000000001,5dda0b14-713b-46d0-a6ce-a7a33a2fb6f9,233cca0e-efcf-e631-d2fc-9997a6ba5706,4548.80,5489.20,940.40,11.00,Oct-23,2026-03-20 06:10:21.371689+00,null,false,null
1c8d8e91-721a-5ad9-be63-b8d934057743,00000000-0000-0000-0000-000000000001,5dda0b14-713b-46d0-a6ce-a7a33a2fb6f9,dc4adc21-f501-0573-2e9a-d7bbbc89e5d6,20985.31,21502.80,517.49,11.00,Oct-23,2026-03-20 06:10:21.371689+00,null,false,null
b2f3c4f4-042d-d2b6-401c-e3ff3f326ddf,00000000-0000-0000-0000-000000000001,5dda0b14-713b-46d0-a6ce-a7a33a2fb6f9,c17c5093-48b7-139f-ebfc-1cd33ef5179c,3157.30,3647.80,490.50,11.00,Oct-23,2026-03-20 06:10:21.371689+00,null,false,null
badec75c-cadd-40af-d843-de1fc935776b,00000000-0000-0000-0000-000000000001,5dda0b14-713b-46d0-a6ce-a7a33a2fb6f9,44625074-3f26-4a2d-74ae-56ba4c94a395,15738.99,16127.10,388.11,11.00,Oct-23,2026-03-20 06:10:21.371689+00,null,false,null
14ade3d1-e1a5-853d-9721-45f16568ad57,00000000-0000-0000-0000-000000000001,5dda0b14-713b-46d0-a6ce-a7a33a2fb6f9,c2ff0c11-4d1b-7b9b-b93c-aa37c9b6c40b,9530.30,10246.00,715.70,11.00,Oct-23,2026-03-20 06:10:21.371689+00,null,false,null
6584cb42-bd99-c775-1eb5-6ef2ff388ba1,00000000-0000-0000-0000-000000000001,5dda0b14-713b-46d0-a6ce-a7a33a2fb6f9,7719849e-1d17-27d2-31d4-475a4e71f261,4084.41,4391.14,306.73,11.00,Oct-23,2026-03-20 06:10:21.371689+00,null,false,null
67fca1fc-d969-0458-15b9-ab7d79b9678c,00000000-0000-0000-0000-000000000001,5dda0b14-713b-46d0-a6ce-a7a33a2fb6f9,d2298bb8-a5e5-735a-c8ca-9b18c7daacd6,30173.40,30786.40,613.00,11.00,Oct-23,2026-03-20 06:10:21.371689+00,null,false,null
9afcfa3c-4661-6be5-1a3f-b6baef8915d4,00000000-0000-0000-0000-000000000001,5dda0b14-713b-46d0-a6ce-a7a33a2fb6f9,211a2b33-4e94-3da1-7d97-406bc26036f5,0.00,0.00,0.00,11.00,Nov-23,2026-03-20 06:10:21.371689+00,null,false,null
e4caaadc-d465-420c-de19-94d82c667c65,00000000-0000-0000-0000-000000000001,5dda0b14-713b-46d0-a6ce-a7a33a2fb6f9,188aee4d-68e0-1ddb-38e6-a946bc75072d,0.00,0.00,0.00,11.00,Nov-23,2026-03-20 06:10:21.371689+00,null,false,null
6afe62df-ea50-8b34-569d-60a94538368a,00000000-0000-0000-0000-000000000001,5dda0b14-713b-46d0-a6ce-a7a33a2fb6f9,4d1dd99b-b75a-70b5-406b-f5e869954002,0.00,0.00,0.00,11.00,Nov-23,2026-03-20 06:10:21.371689+00,null,false,null
09af2df8-3a70-5203-6e5b-68b16992a718,00000000-0000-0000-0000-000000000001,5dda0b14-713b-46d0-a6ce-a7a33a2fb6f9,b0d4d2c8-f6ee-bc16-ffd7-fc33c8db8571,4647.00,4789.90,142.90,11.00,Nov-23,2026-03-20 06:10:21.371689+00,null,false,null
a83f75b0-e1a0-d5e0-0c9d-a4e3f185738e,00000000-0000-0000-0000-000000000001,5dda0b14-713b-46d0-a6ce-a7a33a2fb6f9,0a839c14-2a88-9896-c2f2-8d51fe610405,12905.90,13265.70,359.80,11.00,Nov-23,2026-03-20 06:10:21.371689+00,null,false,null
325ba596-9f6d-fa4c-f5c7-12b79886892f,00000000-0000-0000-0000-000000000001,5dda0b14-713b-46d0-a6ce-a7a33a2fb6f9,03edc7c5-4c46-b55e-523d-9fb7be29910b,27966.20,28663.00,696.80,11.00,Nov-23,2026-03-20 06:10:21.371689+00,null,false,null
1c759407-6f24-2544-d78c-16e69ce2bd2c,00000000-0000-0000-0000-000000000001,5dda0b14-713b-46d0-a6ce-a7a33a2fb6f9,2fc42a4f-fe5a-ae08-0e4e-2c89ca71db85,22548.30,23124.30,576.00,11.00,Nov-23,2026-03-20 06:10:21.371689+00,null,false,null
7954b68d-1e3f-a2cd-aa7d-7f0e8b1b4e4d,00000000-0000-0000-0000-000000000001,5dda0b14-713b-46d0-a6ce-a7a33a2fb6f9,5d204545-2f72-b89b-3190-a826b5ab6512,33287.40,33675.10,387.70,11.00,Nov-23,2026-03-20 06:10:21.371689+00,null,false,null
575f4df7-554d-5803-3aca-81dfbc61c06b,00000000-0000-0000-0000-000000000001,5dda0b14-713b-46d0-a6ce-a7a33a2fb6f9,417c9738-a0f7-5a00-1091-37a9fd083dd6,24166.30,24678.80,512.50,11.00,Nov-23,2026-03-20 06:10:21.371689+00,null,false,null
5bd7dcdb-c575-35a8-1782-2326b7ac3da5,00000000-0000-0000-0000-000000000001,5dda0b14-713b-46d0-a6ce-a7a33a2fb6f9,82b270bf-e567-2deb-5ef3-495baafd7645,18447.10,18650.90,203.80,11.00,Nov-23,2026-03-20 06:10:21.371689+00,null,false,null
7951f228-5626-e4be-6b47-f385acd82bbb,00000000-0000-0000-0000-000000000001,5dda0b14-713b-46d0-a6ce-a7a33a2fb6f9,574de174-c7bb-bc11-f282-cff2aa2501c5,2099.10,2586.20,487.10,11.00,Nov-23,2026-03-20 06:10:21.371689+00,null,false,null
bd2165a8-c6a5-2b9d-aa02-7de14e3274a7,00000000-0000-0000-0000-000000000001,5dda0b14-713b-46d0-a6ce-a7a33a2fb6f9,a361bd0d-c2c1-2aee-6303-d65de004edd0,22674.20,23152.40,478.20,11.00,Nov-23,2026-03-20 06:10:21.371689+00,null,false,null
4308874e-d0f2-3b2a-83ab-6a459d91e49a,00000000-0000-0000-0000-000000000001,5dda0b14-713b-46d0-a6ce-a7a33a2fb6f9,323c0dff-be56-f6ee-f053-ee37de806dea,24520.10,25292.60,772.50,11.00,Nov-23,2026-03-20 06:10:21.371689+00,null,false,null
b35a384c-f4fc-07e5-5bdb-30ac6b5c4e06,00000000-0000-0000-0000-000000000001,5dda0b14-713b-46d0-a6ce-a7a33a2fb6f9,aa73cade-c28c-dc5b-5980-55801ea0d415,22312.00,23161.20,849.20,11.00,Nov-23,2026-03-20 06:10:21.371689+00,null,false,null
1374540b-1ac6-051d-1c44-7116d1428f41,00000000-0000-0000-0000-000000000001,5dda0b14-713b-46d0-a6ce-a7a33a2fb6f9,49ed1c8e-3653-c89b-ec74-16d8e20bb923,17250.80,17712.50,461.70,11.00,Nov-23,2026-03-20 06:10:21.371689+00,null,false,null
21e37ed4-cfce-3cd2-012b-50621d806d53,00000000-0000-0000-0000-000000000001,5dda0b14-713b-46d0-a6ce-a7a33a2fb6f9,85292340-826d-52c1-65c7-7f2a9eb2c2c4,38167.20,38748.40,581.20,11.00,Nov-23,2026-03-20 06:10:21.371689+00,null,false,null
4c4064b7-99da-7df6-f82a-0c358aa3e8d9,00000000-0000-0000-0000-000000000001,5dda0b14-713b-46d0-a6ce-a7a33a2fb6f9,bde00681-ebfc-ef38-4f6e-4906a012de6b,31336.80,31800.60,463.80,11.00,Nov-23,2026-03-20 06:10:21.371689+00,null,false,null
3ac9af01-b4e7-a6bd-f87a-27759200ec5a,00000000-0000-0000-0000-000000000001,5dda0b14-713b-46d0-a6ce-a7a33a2fb6f9,ffbd5fe0-d9b3-cb55-cfd7-2d72a3498109,38406.70,39146.20,739.50,11.00,Nov-23,2026-03-20 06:10:21.371689+00,null,false,null
9c0a5526-d111-dc22-6932-2f9daf9e2063,00000000-0000-0000-0000-000000000001,5dda0b14-713b-46d0-a6ce-a7a33a2fb6f9,bc7f358d-0d6d-f95f-ff80-9089eefdef69,30288.20,30947.30,659.10,11.00,Nov-23,2026-03-20 06:10:21.371689+00,null,false,null
5ad9f374-c9d8-c5fd-59c0-93577e33f216,00000000-0000-0000-0000-000000000001,5dda0b14-713b-46d0-a6ce-a7a33a2fb6f9,b0875d50-a469-821b-57c3-03ac62809198,20956.70,21404.50,447.80,11.00,Nov-23,2026-03-20 06:10:21.371689+00,null,false,null
69b0faca-8dae-3436-f50b-bcad7072fb6b,00000000-0000-0000-0000-000000000001,5dda0b14-713b-46d0-a6ce-a7a33a2fb6f9,dd96a329-ec95-e96a-1348-69d976f39cd4,27708.70,28244.25,535.55,11.00,Nov-23,2026-03-20 06:10:21.371689+00,null,false,null
2851490f-048b-4c68-0e45-b468030498ef,00000000-0000-0000-0000-000000000001,5dda0b14-713b-46d0-a6ce-a7a33a2fb6f9,77c3a6fd-4651-d880-29aa-abd19c8324df,18691.90,19185.70,493.80,11.00,Nov-23,2026-03-20 06:10:21.371689+00,null,false,null
99cf13c6-a519-7f42-0973-0be25fddeb3b,00000000-0000-0000-0000-000000000001,5dda0b14-713b-46d0-a6ce-a7a33a2fb6f9,10c6863d-07c3-4fc4-94f9-6adc29157ce1,22506.20,23153.90,647.70,11.00,Nov-23,2026-03-20 06:10:21.371689+00,null,false,null
b9629e67-ed32-b402-9452-ab272f7c1ec3,00000000-0000-0000-0000-000000000001,5dda0b14-713b-46d0-a6ce-a7a33a2fb6f9,990e8a3e-a69c-7b31-f606-3eeb21e3d4c6,21821.70,22058.30,236.60,11.00,Nov-23,2026-03-20 06:10:21.371689+00,null,false,null
040a8d9f-1a2b-aabb-9c08-b81ca85b74e6,00000000-0000-0000-0000-000000000001,5dda0b14-713b-46d0-a6ce-a7a33a2fb6f9,1b4d1066-8fe4-199b-7b3b-39e4bded9714,96.00,96.00,0.00,11.00,Nov-23,2026-03-20 06:10:21.371689+00,null,false,null
1d4d817e-2cde-2aff-583b-6c0e893faf3c,00000000-0000-0000-0000-000000000001,5dda0b14-713b-46d0-a6ce-a7a33a2fb6f9,9d5d0096-0b78-a663-1142-be871dfa2bda,6470.60,7416.10,945.50,11.00,Nov-23,2026-03-20 06:10:21.371689+00,null,false,null
5c9ba3ce-1f8c-b333-d23b-32401f55768e,00000000-0000-0000-0000-000000000001,5dda0b14-713b-46d0-a6ce-a7a33a2fb6f9,fb5cedd6-2992-1c62-7fba-4a7a6b43b2ff,5148.50,5886.80,738.30,11.00,Nov-23,2026-03-20 06:10:21.371689+00,null,false,null
8a1839bf-07cd-8c13-8ced-552034641b83,00000000-0000-0000-0000-000000000001,5dda0b14-713b-46d0-a6ce-a7a33a2fb6f9,233cca0e-efcf-e631-d2fc-9997a6ba5706,5489.20,5910.20,421.00,11.00,Nov-23,2026-03-20 06:10:21.371689+00,null,false,null
30bf3075-6a8f-f97a-c4a2-6e823c0d6082,00000000-0000-0000-0000-000000000001,5dda0b14-713b-46d0-a6ce-a7a33a2fb6f9,dc4adc21-f501-0573-2e9a-d7bbbc89e5d6,21502.80,21901.43,398.63,11.00,Nov-23,2026-03-20 06:10:21.371689+00,null,false,null
a59643df-89d6-f5ec-fe92-da51ca888e3b,00000000-0000-0000-0000-000000000001,5dda0b14-713b-46d0-a6ce-a7a33a2fb6f9,c17c5093-48b7-139f-ebfc-1cd33ef5179c,3647.80,4079.50,431.70,11.00,Nov-23,2026-03-20 06:10:21.371689+00,null,false,null
e9a676e8-a6f4-de3d-80c8-7f315fa9db43,00000000-0000-0000-0000-000000000001,5dda0b14-713b-46d0-a6ce-a7a33a2fb6f9,44625074-3f26-4a2d-74ae-56ba4c94a395,16127.10,16426.07,298.97,11.00,Nov-23,2026-03-20 06:10:21.371689+00,null,false,null
abd5659e-4d12-d0a9-bc69-f640b6c80d3e,00000000-0000-0000-0000-000000000001,5dda0b14-713b-46d0-a6ce-a7a33a2fb6f9,c2ff0c11-4d1b-7b9b-b93c-aa37c9b6c40b,10246.00,10764.40,518.40,11.00,Nov-23,2026-03-20 06:10:21.371689+00,null,false,null
789521d9-99dd-b9ec-3117-667f31727a8f,00000000-0000-0000-0000-000000000001,5dda0b14-713b-46d0-a6ce-a7a33a2fb6f9,7719849e-1d17-27d2-31d4-475a4e71f261,4391.14,4613.31,222.17,11.00,Nov-23,2026-03-20 06:10:21.371689+00,null,false,null
295e7256-24e4-935b-43cb-f57cacac947e,00000000-0000-0000-0000-000000000001,5dda0b14-713b-46d0-a6ce-a7a33a2fb6f9,d2298bb8-a5e5-735a-c8ca-9b18c7daacd6,30786.40,31311.40,525.00,11.00,Nov-23,2026-03-20 06:10:21.371689+00,null,false,null
f7b6195b-1327-44a2-28a5-5112467031eb,00000000-0000-0000-0000-000000000001,5dda0b14-713b-46d0-a6ce-a7a33a2fb6f9,211a2b33-4e94-3da1-7d97-406bc26036f5,0.00,0.00,0.00,11.00,Jan-24,2026-03-20 06:10:21.371689+00,null,false,null
4ca09c05-acbc-bd96-4872-4aa760dd9041,00000000-0000-0000-0000-000000000001,5dda0b14-713b-46d0-a6ce-a7a33a2fb6f9,188aee4d-68e0-1ddb-38e6-a946bc75072d,0.00,0.00,0.00,11.00,Jan-24,2026-03-20 06:10:21.371689+00,null,false,null
521bae66-c8fc-b819-39ae-74f8cc9edf4e,00000000-0000-0000-0000-000000000001,5dda0b14-713b-46d0-a6ce-a7a33a2fb6f9,4d1dd99b-b75a-70b5-406b-f5e869954002,0.00,0.00,0.00,11.00,Jan-24,2026-03-20 06:10:21.371689+00,null,false,null
6b9069f8-135b-604c-abf4-18d01cef2436,00000000-0000-0000-0000-000000000001,5dda0b14-713b-46d0-a6ce-a7a33a2fb6f9,b0d4d2c8-f6ee-bc16-ffd7-fc33c8db8571,4851.70,5146.00,294.30,11.00,Jan-24,2026-03-20 06:10:21.371689+00,null,false,null
0be555ca-81ff-6888-0c58-ca2aee534c6e,00000000-0000-0000-0000-000000000001,5dda0b14-713b-46d0-a6ce-a7a33a2fb6f9,0a839c14-2a88-9896-c2f2-8d51fe610405,13603.70,13938.20,334.50,11.00,Jan-24,2026-03-20 06:10:21.371689+00,null,false,null
d5ea4977-bea8-3e32-091f-b8d9acd3bb71,00000000-0000-0000-0000-000000000001,5dda0b14-713b-46d0-a6ce-a7a33a2fb6f9,03edc7c5-4c46-b55e-523d-9fb7be29910b,29225.90,29694.20,468.30,11.00,Jan-24,2026-03-20 06:10:21.371689+00,null,false,null
1dcea31c-d70a-7edf-2d53-f8fc0c94c9d2,00000000-0000-0000-0000-000000000001,5dda0b14-713b-46d0-a6ce-a7a33a2fb6f9,2fc42a4f-fe5a-ae08-0e4e-2c89ca71db85,23610.60,24065.70,455.10,11.00,Jan-24,2026-03-20 06:10:21.371689+00,null,false,null
8a48403d-89a9-e247-5212-0ec835cea7cb,00000000-0000-0000-0000-000000000001,5dda0b14-713b-46d0-a6ce-a7a33a2fb6f9,5d204545-2f72-b89b-3190-a826b5ab6512,34243.10,34546.40,303.30,11.00,Jan-24,2026-03-20 06:10:21.371689+00,null,false,null
abe9e073-7589-3bc1-76f2-0cb138ba554e,00000000-0000-0000-0000-000000000001,5dda0b14-713b-46d0-a6ce-a7a33a2fb6f9,417c9738-a0f7-5a00-1091-37a9fd083dd6,25164.20,25829.30,665.10,11.00,Jan-24,2026-03-20 06:10:21.371689+00,null,false,null
09eadb2b-ee9c-d844-be70-5716b678072f,00000000-0000-0000-0000-000000000001,5dda0b14-713b-46d0-a6ce-a7a33a2fb6f9,82b270bf-e567-2deb-5ef3-495baafd7645,18918.40,19096.50,178.10,11.00,Jan-24,2026-03-20 06:10:21.371689+00,null,false,null
aed9fb88-3268-b5a3-4f44-6280a9f361df,00000000-0000-0000-0000-000000000001,5dda0b14-713b-46d0-a6ce-a7a33a2fb6f9,574de174-c7bb-bc11-f282-cff2aa2501c5,3119.10,3464.50,345.40,11.00,Jan-24,2026-03-20 06:10:21.371689+00,null,false,null
99e4c31a-ac69-207b-7865-32a42aafcebe,00000000-0000-0000-0000-000000000001,5dda0b14-713b-46d0-a6ce-a7a33a2fb6f9,a361bd0d-c2c1-2aee-6303-d65de004edd0,23620.50,24048.80,428.30,11.00,Jan-24,2026-03-20 06:10:21.371689+00,null,false,null
de95a28a-31da-2b13-31af-276afe3b19ac,00000000-0000-0000-0000-000000000001,5dda0b14-713b-46d0-a6ce-a7a33a2fb6f9,323c0dff-be56-f6ee-f053-ee37de806dea,26038.80,26867.80,829.00,11.00,Jan-24,2026-03-20 06:10:21.371689+00,null,false,null
d29f5f9b-0ac0-d0e3-c078-13ef4e379522,00000000-0000-0000-0000-000000000001,5dda0b14-713b-46d0-a6ce-a7a33a2fb6f9,aa73cade-c28c-dc5b-5980-55801ea0d415,24017.40,24580.40,563.00,11.00,Jan-24,2026-03-20 06:10:21.371689+00,null,false,null
5ce19f35-8cbb-57e6-b29d-23feaa871a43,00000000-0000-0000-0000-000000000001,5dda0b14-713b-46d0-a6ce-a7a33a2fb6f9,49ed1c8e-3653-c89b-ec74-16d8e20bb923,18095.00,18453.40,358.40,11.00,Jan-24,2026-03-20 06:10:21.371689+00,null,false,null
2a359bcd-836b-e3a0-1a5b-df4b0d5d1542,00000000-0000-0000-0000-000000000001,5dda0b14-713b-46d0-a6ce-a7a33a2fb6f9,85292340-826d-52c1-65c7-7f2a9eb2c2c4,39150.50,39742.40,591.90,11.00,Jan-24,2026-03-20 06:10:21.371689+00,null,false,null
cb98e626-1a40-7318-d582-fb1e4fc0f943,00000000-0000-0000-0000-000000000001,5dda0b14-713b-46d0-a6ce-a7a33a2fb6f9,bde00681-ebfc-ef38-4f6e-4906a012de6b,32143.20,32557.20,414.00,11.00,Jan-24,2026-03-20 06:10:21.371689+00,null,false,null
43f6a699-17c7-dda0-a74d-0052482f5dad,00000000-0000-0000-0000-000000000001,5dda0b14-713b-46d0-a6ce-a7a33a2fb6f9,ffbd5fe0-d9b3-cb55-cfd7-2d72a3498109,39864.40,40478.50,614.10,11.00,Jan-24,2026-03-20 06:10:21.371689+00,null,false,null
1d545010-4974-46dc-931c-d2fcdb0f1ae2,00000000-0000-0000-0000-000000000001,5dda0b14-713b-46d0-a6ce-a7a33a2fb6f9,bc7f358d-0d6d-f95f-ff80-9089eefdef69,31469.40,31846.50,377.10,11.00,Jan-24,2026-03-20 06:10:21.371689+00,null,false,null
035452d1-c3b5-b3f2-c6a9-88f74c1477cb,00000000-0000-0000-0000-000000000001,5dda0b14-713b-46d0-a6ce-a7a33a2fb6f9,b0875d50-a469-821b-57c3-03ac62809198,21614.80,21881.70,266.90,11.00,Jan-24,2026-03-20 06:10:21.371689+00,null,false,null
1e566de9-5ffd-48c8-b334-76cc5e1dd190,00000000-0000-0000-0000-000000000001,5dda0b14-713b-46d0-a6ce-a7a33a2fb6f9,dd96a329-ec95-e96a-1348-69d976f39cd4,28802.20,29353.20,551.00,11.00,Jan-24,2026-03-20 06:10:21.371689+00,null,false,null
01f07516-eaad-544a-5fe1-16d0028da095,00000000-0000-0000-0000-000000000001,5dda0b14-713b-46d0-a6ce-a7a33a2fb6f9,77c3a6fd-4651-d880-29aa-abd19c8324df,19704.80,20064.00,359.20,11.00,Jan-24,2026-03-20 06:10:21.371689+00,null,false,null
2746e003-e98b-141a-b8dd-a41ccc0669dd,00000000-0000-0000-0000-000000000001,5dda0b14-713b-46d0-a6ce-a7a33a2fb6f9,10c6863d-07c3-4fc4-94f9-6adc29157ce1,23465.10,23779.00,313.90,11.00,Jan-24,2026-03-20 06:10:21.371689+00,null,false,null
9cd5dc35-9ceb-bedc-4190-8ab3f6cecc35,00000000-0000-0000-0000-000000000001,5dda0b14-713b-46d0-a6ce-a7a33a2fb6f9,990e8a3e-a69c-7b31-f606-3eeb21e3d4c6,22793.00,22627.30,0.00,11.00,Jan-24,2026-03-20 06:10:21.371689+00,null,false,null
69fde89d-eee8-c1d2-e561-6a51ce07f2da,00000000-0000-0000-0000-000000000001,5dda0b14-713b-46d0-a6ce-a7a33a2fb6f9,1b4d1066-8fe4-199b-7b3b-39e4bded9714,0.00,0.00,0.00,11.00,Jan-24,2026-03-20 06:10:21.371689+00,null,false,null
1e8cf6d9-08ea-f043-5076-4f8d1b195760,00000000-0000-0000-0000-000000000001,5dda0b14-713b-46d0-a6ce-a7a33a2fb6f9,9d5d0096-0b78-a663-1142-be871dfa2bda,8229.50,8604.00,374.50,11.00,Jan-24,2026-03-20 06:10:21.371689+00,null,false,null
e670d116-79f1-c84e-efa9-cb7024e5fbc3,00000000-0000-0000-0000-000000000001,5dda0b14-713b-46d0-a6ce-a7a33a2fb6f9,fb5cedd6-2992-1c62-7fba-4a7a6b43b2ff,6668.80,6982.90,314.10,11.00,Jan-24,2026-03-20 06:10:21.371689+00,null,false,null
57f52d3e-dc32-be35-b863-3e299c904495,00000000-0000-0000-0000-000000000001,5dda0b14-713b-46d0-a6ce-a7a33a2fb6f9,233cca0e-efcf-e631-d2fc-9997a6ba5706,6366.90,6805.20,438.30,11.00,Jan-24,2026-03-20 06:10:21.371689+00,null,false,null
4ea7194e-ac86-ef96-98d0-0515a9444dff,00000000-0000-0000-0000-000000000001,5dda0b14-713b-46d0-a6ce-a7a33a2fb6f9,dc4adc21-f501-0573-2e9a-d7bbbc89e5d6,22360.57,22838.80,478.23,11.00,Jan-24,2026-03-20 06:10:21.371689+00,null,false,null
7de4db57-2925-2eb4-57b7-b22aa7ebc62a,00000000-0000-0000-0000-000000000001,5dda0b14-713b-46d0-a6ce-a7a33a2fb6f9,c17c5093-48b7-139f-ebfc-1cd33ef5179c,4499.50,4672.30,172.80,11.00,Jan-24,2026-03-20 06:10:21.371689+00,null,false,null
42071c5f-2e03-8536-1ca6-3d49eaa2f028,00000000-0000-0000-0000-000000000001,5dda0b14-713b-46d0-a6ce-a7a33a2fb6f9,44625074-3f26-4a2d-74ae-56ba4c94a395,16770.43,17129.10,358.67,11.00,Jan-24,2026-03-20 06:10:21.371689+00,null,false,null
20a9a6af-469d-28f5-a0ad-b8b6a96b116d,00000000-0000-0000-0000-000000000001,5dda0b14-713b-46d0-a6ce-a7a33a2fb6f9,c2ff0c11-4d1b-7b9b-b93c-aa37c9b6c40b,11169.10,11413.90,244.80,11.00,Jan-24,2026-03-20 06:10:21.371689+00,null,false,null
21403905-7203-83af-1ba1-e7b8154d564b,00000000-0000-0000-0000-000000000001,5dda0b14-713b-46d0-a6ce-a7a33a2fb6f9,7719849e-1d17-27d2-31d4-475a4e71f261,4786.76,4891.67,104.91,11.00,Jan-24,2026-03-20 06:10:21.371689+00,null,false,null
ebffdb96-b8bd-c230-184b-06433659bfb0,00000000-0000-0000-0000-000000000001,5dda0b14-713b-46d0-a6ce-a7a33a2fb6f9,d2298bb8-a5e5-735a-c8ca-9b18c7daacd6,31463.00,31667.70,204.70,11.00,Jan-24,2026-03-20 06:10:21.371689+00,null,false,null
73947a14-6053-0373-df21-ead3063e69ed,00000000-0000-0000-0000-000000000001,5dda0b14-713b-46d0-a6ce-a7a33a2fb6f9,211a2b33-4e94-3da1-7d97-406bc26036f5,0.00,0.00,0.00,11.00,Feb-24,2026-03-20 06:10:21.371689+00,null,false,null
549d3df6-ae76-ad21-901a-28f13069ec87,00000000-0000-0000-0000-000000000001,5dda0b14-713b-46d0-a6ce-a7a33a2fb6f9,188aee4d-68e0-1ddb-38e6-a946bc75072d,0.00,0.00,0.00,11.00,Feb-24,2026-03-20 06:10:21.371689+00,null,false,null
9bd26c4a-6b67-0e77-44b6-1d8eb6af98c3,00000000-0000-0000-0000-000000000001,5dda0b14-713b-46d0-a6ce-a7a33a2fb6f9,4d1dd99b-b75a-70b5-406b-f5e869954002,0.00,0.00,0.00,11.00,Feb-24,2026-03-20 06:10:21.371689+00,null,false,null
e96dcf2e-6e58-e526-5d71-43b7ee8fe3ef,00000000-0000-0000-0000-000000000001,5dda0b14-713b-46d0-a6ce-a7a33a2fb6f9,b0d4d2c8-f6ee-bc16-ffd7-fc33c8db8571,5146.00,5689.60,543.60,11.00,Feb-24,2026-03-20 06:10:21.371689+00,null,false,null
8200a7f0-64cf-59b4-55c3-02d79a1643c6,00000000-0000-0000-0000-000000000001,5dda0b14-713b-46d0-a6ce-a7a33a2fb6f9,0a839c14-2a88-9896-c2f2-8d51fe610405,13938.20,14504.60,566.40,11.00,Feb-24,2026-03-20 06:10:21.371689+00,null,false,null
4549e0dd-731b-3d31-8dde-61bea065b65c,00000000-0000-0000-0000-000000000001,5dda0b14-713b-46d0-a6ce-a7a33a2fb6f9,03edc7c5-4c46-b55e-523d-9fb7be29910b,29694.20,29887.40,193.20,11.00,Feb-24,2026-03-20 06:10:21.371689+00,null,false,null
2a5ddfa9-8b99-a8bc-5d3c-1a33f16a272b,00000000-0000-0000-0000-000000000001,5dda0b14-713b-46d0-a6ce-a7a33a2fb6f9,2fc42a4f-fe5a-ae08-0e4e-2c89ca71db85,24065.70,24723.40,657.70,11.00,Feb-24,2026-03-20 06:10:21.371689+00,null,false,null
5cab3ed5-fcd0-3c60-2a28-62027ae4c579,00000000-0000-0000-0000-000000000001,5dda0b14-713b-46d0-a6ce-a7a33a2fb6f9,5d204545-2f72-b89b-3190-a826b5ab6512,34546.40,35013.90,467.50,11.00,Feb-24,2026-03-20 06:10:21.371689+00,null,false,null
12cb43e7-a2aa-a383-91b4-52de079ec100,00000000-0000-0000-0000-000000000001,5dda0b14-713b-46d0-a6ce-a7a33a2fb6f9,417c9738-a0f7-5a00-1091-37a9fd083dd6,25829.30,26375.10,545.80,11.00,Feb-24,2026-03-20 06:10:21.371689+00,null,false,null
d272a3d3-44b5-97f7-4600-9f8d961b009c,00000000-0000-0000-0000-000000000001,5dda0b14-713b-46d0-a6ce-a7a33a2fb6f9,82b270bf-e567-2deb-5ef3-495baafd7645,19096.50,19309.20,212.70,11.00,Feb-24,2026-03-20 06:10:21.371689+00,null,false,null
b1e4356e-e7db-be30-b87f-0dafefdf411e,00000000-0000-0000-0000-000000000001,5dda0b14-713b-46d0-a6ce-a7a33a2fb6f9,574de174-c7bb-bc11-f282-cff2aa2501c5,3464.50,3982.80,518.30,11.00,Feb-24,2026-03-20 06:10:21.371689+00,null,false,null
2289fd9b-850b-f442-79d2-a0ab6ca67ca3,00000000-0000-0000-0000-000000000001,5dda0b14-713b-46d0-a6ce-a7a33a2fb6f9,a361bd0d-c2c1-2aee-6303-d65de004edd0,24048.80,24483.00,434.20,11.00,Feb-24,2026-03-20 06:10:21.371689+00,null,false,null
94d24db3-c5ef-3325-731a-2c4ad34b187b,00000000-0000-0000-0000-000000000001,5dda0b14-713b-46d0-a6ce-a7a33a2fb6f9,323c0dff-be56-f6ee-f053-ee37de806dea,26867.80,27754.90,887.10,11.00,Feb-24,2026-03-20 06:10:21.371689+00,null,false,null
dad4903c-b167-3fc9-5624-03b692ae93de,00000000-0000-0000-0000-000000000001,5dda0b14-713b-46d0-a6ce-a7a33a2fb6f9,aa73cade-c28c-dc5b-5980-55801ea0d415,24580.40,25095.20,514.80,11.00,Feb-24,2026-03-20 06:10:21.371689+00,null,false,null
7b48a711-07d1-0de5-59e7-ee30b2264136,00000000-0000-0000-0000-000000000001,5dda0b14-713b-46d0-a6ce-a7a33a2fb6f9,49ed1c8e-3653-c89b-ec74-16d8e20bb923,18453.40,18914.60,461.20,11.00,Feb-24,2026-03-20 06:10:21.371689+00,null,false,null
7954ea2b-0562-048a-a0fb-39e87da35679,00000000-0000-0000-0000-000000000001,5dda0b14-713b-46d0-a6ce-a7a33a2fb6f9,85292340-826d-52c1-65c7-7f2a9eb2c2c4,39742.40,40611.90,869.50,11.00,Feb-24,2026-03-20 06:10:21.371689+00,null,false,null
45428dbe-8aaa-b11f-7b7f-e590f2deb6bd,00000000-0000-0000-0000-000000000001,5dda0b14-713b-46d0-a6ce-a7a33a2fb6f9,bde00681-ebfc-ef38-4f6e-4906a012de6b,32557.20,33220.30,663.10,11.00,Feb-24,2026-03-20 06:10:21.371689+00,null,false,null
f1961e0b-3fd4-83c5-ad0a-dc7daebd699c,00000000-0000-0000-0000-000000000001,5dda0b14-713b-46d0-a6ce-a7a33a2fb6f9,ffbd5fe0-d9b3-cb55-cfd7-2d72a3498109,40478.50,41315.80,837.30,11.00,Feb-24,2026-03-20 06:10:21.371689+00,null,false,null
5d4d1df1-bcfd-b247-59ea-0f32da9447c5,00000000-0000-0000-0000-000000000001,5dda0b14-713b-46d0-a6ce-a7a33a2fb6f9,bc7f358d-0d6d-f95f-ff80-9089eefdef69,31846.50,32686.80,840.30,11.00,Feb-24,2026-03-20 06:10:21.371689+00,null,false,null
adce0630-6aeb-5548-84c9-82953e103648,00000000-0000-0000-0000-000000000001,5dda0b14-713b-46d0-a6ce-a7a33a2fb6f9,b0875d50-a469-821b-57c3-03ac62809198,21881.70,22274.40,392.70,11.00,Feb-24,2026-03-20 06:10:21.371689+00,null,false,null
cfc014d1-d73d-c1f9-88e1-1b6cd868f338,00000000-0000-0000-0000-000000000001,5dda0b14-713b-46d0-a6ce-a7a33a2fb6f9,dd96a329-ec95-e96a-1348-69d976f39cd4,29353.20,29971.05,617.85,11.00,Feb-24,2026-03-20 06:10:21.371689+00,null,false,null
606e5885-6167-5c5a-8b5a-9b3597e94a00,00000000-0000-0000-0000-000000000001,5dda0b14-713b-46d0-a6ce-a7a33a2fb6f9,77c3a6fd-4651-d880-29aa-abd19c8324df,20064.00,20628.80,564.80,11.00,Feb-24,2026-03-20 06:10:21.371689+00,null,false,null
a0eac38e-fd9e-a806-3ed1-038afc816be7,00000000-0000-0000-0000-000000000001,5dda0b14-713b-46d0-a6ce-a7a33a2fb6f9,10c6863d-07c3-4fc4-94f9-6adc29157ce1,23779.00,24224.00,445.00,11.00,Feb-24,2026-03-20 06:10:21.371689+00,null,false,null
bb834d57-646d-04f2-6d85-1109224c3b0a,00000000-0000-0000-0000-000000000001,5dda0b14-713b-46d0-a6ce-a7a33a2fb6f9,990e8a3e-a69c-7b31-f606-3eeb21e3d4c6,22627.30,22915.40,288.10,11.00,Feb-24,2026-03-20 06:10:21.371689+00,null,false,null
d78207c3-50b4-8263-f779-463be30a07fa,00000000-0000-0000-0000-000000000001,5dda0b14-713b-46d0-a6ce-a7a33a2fb6f9,1b4d1066-8fe4-199b-7b3b-39e4bded9714,0.00,0.00,0.00,11.00,Feb-24,2026-03-20 06:10:21.371689+00,null,false,null
3efd625a-169a-15fa-40bf-f1a0b0028eb1,00000000-0000-0000-0000-000000000001,5dda0b14-713b-46d0-a6ce-a7a33a2fb6f9,9d5d0096-0b78-a663-1142-be871dfa2bda,8604.00,9485.00,881.00,11.00,Feb-24,2026-03-20 06:10:21.371689+00,null,false,null
cbd76259-1bcd-f284-2c91-3e869f72ef9e,00000000-0000-0000-0000-000000000001,5dda0b14-713b-46d0-a6ce-a7a33a2fb6f9,fb5cedd6-2992-1c62-7fba-4a7a6b43b2ff,6982.90,7747.10,764.20,11.00,Feb-24,2026-03-20 06:10:21.371689+00,null,false,null
c01b229e-6649-3225-704a-d271fcda5316,00000000-0000-0000-0000-000000000001,5dda0b14-713b-46d0-a6ce-a7a33a2fb6f9,233cca0e-efcf-e631-d2fc-9997a6ba5706,6805.20,7415.20,610.00,11.00,Feb-24,2026-03-20 06:10:21.371689+00,null,false,null
b3bd3e79-f376-28b7-68cd-234144442b15,00000000-0000-0000-0000-000000000001,5dda0b14-713b-46d0-a6ce-a7a33a2fb6f9,dc4adc21-f501-0573-2e9a-d7bbbc89e5d6,22838.80,23423.37,584.57,11.00,Feb-24,2026-03-20 06:10:21.371689+00,null,false,null
185836dc-e0a1-cb84-1bc8-ed22cd3ccc18,00000000-0000-0000-0000-000000000001,5dda0b14-713b-46d0-a6ce-a7a33a2fb6f9,c17c5093-48b7-139f-ebfc-1cd33ef5179c,4672.30,5056.70,384.40,11.00,Feb-24,2026-03-20 06:10:21.371689+00,null,false,null
0579c833-eef6-d78d-4e29-d0d6c495b81d,00000000-0000-0000-0000-000000000001,5dda0b14-713b-46d0-a6ce-a7a33a2fb6f9,44625074-3f26-4a2d-74ae-56ba4c94a395,17129.10,17567.53,438.43,11.00,Feb-24,2026-03-20 06:10:21.371689+00,null,false,null
4fa131d3-8996-3314-b341-589161a1cd73,00000000-0000-0000-0000-000000000001,5dda0b14-713b-46d0-a6ce-a7a33a2fb6f9,c2ff0c11-4d1b-7b9b-b93c-aa37c9b6c40b,11413.90,11802.00,388.10,11.00,Feb-24,2026-03-20 06:10:21.371689+00,null,false,null
bc2de9c2-5f2b-31af-70c6-b267cf5b7138,00000000-0000-0000-0000-000000000001,5dda0b14-713b-46d0-a6ce-a7a33a2fb6f9,7719849e-1d17-27d2-31d4-475a4e71f261,4891.67,5058.00,166.33,11.00,Feb-24,2026-03-20 06:10:21.371689+00,null,false,null
9005e0f8-4cd5-e140-5808-45479680bb42,00000000-0000-0000-0000-000000000001,5dda0b14-713b-46d0-a6ce-a7a33a2fb6f9,d2298bb8-a5e5-735a-c8ca-9b18c7daacd6,31667.70,32343.10,675.40,11.00,Feb-24,2026-03-20 06:10:21.371689+00,null,false,null
f47ebb53-0aa7-75a1-1785-bb50afbc54f4,00000000-0000-0000-0000-000000000001,5dda0b14-713b-46d0-a6ce-a7a33a2fb6f9,211a2b33-4e94-3da1-7d97-406bc26036f5,0.00,0.00,0.00,11.00,Mar-24,2026-03-20 06:10:21.371689+00,null,false,null
63bee44d-0c14-1931-1b58-a5797fc0bbb7,00000000-0000-0000-0000-000000000001,5dda0b14-713b-46d0-a6ce-a7a33a2fb6f9,188aee4d-68e0-1ddb-38e6-a946bc75072d,0.00,0.00,0.00,11.00,Mar-24,2026-03-20 06:10:21.371689+00,null,false,null
be8dab13-1798-61ad-91f5-c2dbcee53db2,00000000-0000-0000-0000-000000000001,5dda0b14-713b-46d0-a6ce-a7a33a2fb6f9,4d1dd99b-b75a-70b5-406b-f5e869954002,0.00,0.00,0.00,11.00,Mar-24,2026-03-20 06:10:21.371689+00,null,false,null
72696534-8322-089c-8fb8-146af5a7ef44,00000000-0000-0000-0000-000000000001,5dda0b14-713b-46d0-a6ce-a7a33a2fb6f9,b0d4d2c8-f6ee-bc16-ffd7-fc33c8db8571,5689.60,6322.50,632.90,11.00,Mar-24,2026-03-20 06:10:21.371689+00,null,false,null
c3505dce-54b2-7d3f-3269-bd9614340f4a,00000000-0000-0000-0000-000000000001,5dda0b14-713b-46d0-a6ce-a7a33a2fb6f9,0a839c14-2a88-9896-c2f2-8d51fe610405,14504.60,15304.00,799.40,11.00,Mar-24,2026-03-20 06:10:21.371689+00,null,false,null
4a994aad-3d52-86ce-127b-d925e3875fb4,00000000-0000-0000-0000-000000000001,5dda0b14-713b-46d0-a6ce-a7a33a2fb6f9,03edc7c5-4c46-b55e-523d-9fb7be29910b,29887.40,30849.00,961.60,11.00,Mar-24,2026-03-20 06:10:21.371689+00,null,false,null
58f7ca99-3aac-87bd-1fa1-6e7766be4f77,00000000-0000-0000-0000-000000000001,5dda0b14-713b-46d0-a6ce-a7a33a2fb6f9,2fc42a4f-fe5a-ae08-0e4e-2c89ca71db85,24723.40,25726.10,1002.70,11.00,Mar-24,2026-03-20 06:10:21.371689+00,null,false,null
2551bcef-310f-04d8-05a2-23567433f37b,00000000-0000-0000-0000-000000000001,5dda0b14-713b-46d0-a6ce-a7a33a2fb6f9,5d204545-2f72-b89b-3190-a826b5ab6512,35013.90,35700.20,686.30,11.00,Mar-24,2026-03-20 06:10:21.371689+00,null,false,null
10504150-cc9f-ebdb-414c-4c2fd2b0f377,00000000-0000-0000-0000-000000000001,5dda0b14-713b-46d0-a6ce-a7a33a2fb6f9,417c9738-a0f7-5a00-1091-37a9fd083dd6,26375.10,27246.70,871.60,11.00,Mar-24,2026-03-20 06:10:21.371689+00,null,false,null
75bf0674-0d65-310d-3526-c975f21e2116,00000000-0000-0000-0000-000000000001,5dda0b14-713b-46d0-a6ce-a7a33a2fb6f9,82b270bf-e567-2deb-5ef3-495baafd7645,19309.20,19693.70,384.50,11.00,Mar-24,2026-03-20 06:10:21.371689+00,null,false,null
b4a0c6e1-4271-ae2e-5ac9-891c2aa56622,00000000-0000-0000-0000-000000000001,5dda0b14-713b-46d0-a6ce-a7a33a2fb6f9,574de174-c7bb-bc11-f282-cff2aa2501c5,3982.80,4438.30,455.50,11.00,Mar-24,2026-03-20 06:10:21.371689+00,null,false,null
41d236a8-22e6-466d-5cc0-6efe07d1767e,00000000-0000-0000-0000-000000000001,5dda0b14-713b-46d0-a6ce-a7a33a2fb6f9,a361bd0d-c2c1-2aee-6303-d65de004edd0,24483.00,25023.30,540.30,11.00,Mar-24,2026-03-20 06:10:21.371689+00,null,false,null
99604d6d-74c4-b6a0-9f2d-2fc551dd15fd,00000000-0000-0000-0000-000000000001,5dda0b14-713b-46d0-a6ce-a7a33a2fb6f9,323c0dff-be56-f6ee-f053-ee37de806dea,27754.90,28715.90,961.00,11.00,Mar-24,2026-03-20 06:10:21.371689+00,null,false,null
39b8d89c-1523-c37d-3ca6-af865e124ec4,00000000-0000-0000-0000-000000000001,5dda0b14-713b-46d0-a6ce-a7a33a2fb6f9,aa73cade-c28c-dc5b-5980-55801ea0d415,25095.20,25983.60,888.40,11.00,Mar-24,2026-03-20 06:10:21.371689+00,null,false,null
7fdc4ea0-f293-f354-2ac3-f9f4d1f4e2cf,00000000-0000-0000-0000-000000000001,5dda0b14-713b-46d0-a6ce-a7a33a2fb6f9,49ed1c8e-3653-c89b-ec74-16d8e20bb923,18914.60,19454.50,539.90,11.00,Mar-24,2026-03-20 06:10:21.371689+00,null,false,null
284b342e-6a2b-0be2-b584-076e53917dab,00000000-0000-0000-0000-000000000001,5dda0b14-713b-46d0-a6ce-a7a33a2fb6f9,85292340-826d-52c1-65c7-7f2a9eb2c2c4,40611.90,41709.50,1097.60,11.00,Mar-24,2026-03-20 06:10:21.371689+00,null,false,null
a1228f02-ccef-1160-75ce-3adae8c67a84,00000000-0000-0000-0000-000000000001,5dda0b14-713b-46d0-a6ce-a7a33a2fb6f9,bde00681-ebfc-ef38-4f6e-4906a012de6b,33220.30,33973.40,753.10,11.00,Mar-24,2026-03-20 06:10:21.371689+00,null,false,null
bfb773b7-e1ae-7e3f-baf9-fbc849854b8b,00000000-0000-0000-0000-000000000001,5dda0b14-713b-46d0-a6ce-a7a33a2fb6f9,ffbd5fe0-d9b3-cb55-cfd7-2d72a3498109,41315.80,42389.40,1073.60,11.00,Mar-24,2026-03-20 06:10:21.371689+00,null,false,null
5fa3cf5e-958b-2c4b-ca69-a45c60a827e6,00000000-0000-0000-0000-000000000001,5dda0b14-713b-46d0-a6ce-a7a33a2fb6f9,bc7f358d-0d6d-f95f-ff80-9089eefdef69,32686.80,33817.20,1130.40,11.00,Mar-24,2026-03-20 06:10:21.371689+00,null,false,null
68a0774b-ce0b-e143-2f25-49f6d9bb6be3,00000000-0000-0000-0000-000000000001,5dda0b14-713b-46d0-a6ce-a7a33a2fb6f9,b0875d50-a469-821b-57c3-03ac62809198,22274.40,22967.90,693.50,11.00,Mar-24,2026-03-20 06:10:21.371689+00,null,false,null
38c31d70-485d-e739-b690-9e2e07fe520d,00000000-0000-0000-0000-000000000001,5dda0b14-713b-46d0-a6ce-a7a33a2fb6f9,dd96a329-ec95-e96a-1348-69d976f39cd4,29971.05,30777.45,806.40,11.00,Mar-24,2026-03-20 06:10:21.371689+00,null,false,null
3b7bd6c0-ce62-2ef5-0fec-aec8ac13573d,00000000-0000-0000-0000-000000000001,5dda0b14-713b-46d0-a6ce-a7a33a2fb6f9,77c3a6fd-4651-d880-29aa-abd19c8324df,20628.80,21348.50,719.70,11.00,Mar-24,2026-03-20 06:10:21.371689+00,null,false,null
37018f25-bfd0-8fe6-1a01-b542e20e3f57,00000000-0000-0000-0000-000000000001,5dda0b14-713b-46d0-a6ce-a7a33a2fb6f9,10c6863d-07c3-4fc4-94f9-6adc29157ce1,24224.00,24890.30,666.30,11.00,Mar-24,2026-03-20 06:10:21.371689+00,null,false,null
8c618712-9c4e-2ba1-0f71-4e43176c3177,00000000-0000-0000-0000-000000000001,5dda0b14-713b-46d0-a6ce-a7a33a2fb6f9,990e8a3e-a69c-7b31-f606-3eeb21e3d4c6,22915.40,23257.60,342.20,11.00,Mar-24,2026-03-20 06:10:21.371689+00,null,false,null
020ce533-2fa7-cf78-9f14-e5c5e0cd4701,00000000-0000-0000-0000-000000000001,5dda0b14-713b-46d0-a6ce-a7a33a2fb6f9,1b4d1066-8fe4-199b-7b3b-39e4bded9714,0.00,41.20,41.20,11.00,Mar-24,2026-03-20 06:10:21.371689+00,null,false,null
da3a619e-8870-b35d-2159-32aa4f80c127,00000000-0000-0000-0000-000000000001,5dda0b14-713b-46d0-a6ce-a7a33a2fb6f9,9d5d0096-0b78-a663-1142-be871dfa2bda,9485.00,10548.20,1063.20,11.00,Mar-24,2026-03-20 06:10:21.371689+00,null,false,null
685dfc16-a868-73c2-2855-2a89fbae53df,00000000-0000-0000-0000-000000000001,5dda0b14-713b-46d0-a6ce-a7a33a2fb6f9,fb5cedd6-2992-1c62-7fba-4a7a6b43b2ff,7747.10,8469.80,722.70,11.00,Mar-24,2026-03-20 06:10:21.371689+00,null,false,null
efa2993f-e3b5-fd6b-1e21-176293c44e9e,00000000-0000-0000-0000-000000000001,5dda0b14-713b-46d0-a6ce-a7a33a2fb6f9,233cca0e-efcf-e631-d2fc-9997a6ba5706,7415.20,7973.90,558.70,11.00,Mar-24,2026-03-20 06:10:21.371689+00,null,false,null
3464f89b-8cca-837c-010a-29c54fb97bfd,00000000-0000-0000-0000-000000000001,5dda0b14-713b-46d0-a6ce-a7a33a2fb6f9,dc4adc21-f501-0573-2e9a-d7bbbc89e5d6,23423.37,24208.29,784.91,11.00,Mar-24,2026-03-20 06:10:21.371689+00,null,false,null
5c83722b-ae12-681f-e94a-f416003a0d44,00000000-0000-0000-0000-000000000001,5dda0b14-713b-46d0-a6ce-a7a33a2fb6f9,c17c5093-48b7-139f-ebfc-1cd33ef5179c,5056.70,5576.90,520.20,11.00,Mar-24,2026-03-20 06:10:21.371689+00,null,false,null
3b1cf100-e0d1-b90c-beea-32c6bf97309c,00000000-0000-0000-0000-000000000001,5dda0b14-713b-46d0-a6ce-a7a33a2fb6f9,44625074-3f26-4a2d-74ae-56ba4c94a395,17567.53,18156.21,588.69,11.00,Mar-24,2026-03-20 06:10:21.371689+00,null,false,null
c78029c3-37a8-131f-beca-79fa56448475,00000000-0000-0000-0000-000000000001,5dda0b14-713b-46d0-a6ce-a7a33a2fb6f9,c2ff0c11-4d1b-7b9b-b93c-aa37c9b6c40b,6744.00,7045.89,301.89,11.00,Mar-24,2026-03-20 06:10:21.371689+00,null,false,null
8e9aa396-7d58-c2b2-fea1-368dae672c85,00000000-0000-0000-0000-000000000001,5dda0b14-713b-46d0-a6ce-a7a33a2fb6f9,7719849e-1d17-27d2-31d4-475a4e71f261,5058.00,5284.41,226.41,11.00,Mar-24,2026-03-20 06:10:21.371689+00,null,false,null
9ed569fc-52e4-7fa0-e3ec-85549566ee8b,00000000-0000-0000-0000-000000000001,5dda0b14-713b-46d0-a6ce-a7a33a2fb6f9,d2298bb8-a5e5-735a-c8ca-9b18c7daacd6,32343.10,33037.20,694.10,11.00,Mar-24,2026-03-20 06:10:21.371689+00,null,false,null
1f068cd3-611b-295c-3e86-9c0f2ac3c535,00000000-0000-0000-0000-000000000001,5dda0b14-713b-46d0-a6ce-a7a33a2fb6f9,211a2b33-4e94-3da1-7d97-406bc26036f5,0.00,0.00,0.00,11.00,Apr-24,2026-03-20 06:10:21.371689+00,null,false,null
1b36a777-0e82-1053-5102-80c77fd071e5,00000000-0000-0000-0000-000000000001,5dda0b14-713b-46d0-a6ce-a7a33a2fb6f9,188aee4d-68e0-1ddb-38e6-a946bc75072d,0.00,0.00,0.00,11.00,Apr-24,2026-03-20 06:10:21.371689+00,null,false,null
b1a5b02f-97b9-b4a3-7767-ebe3ab6f5c21,00000000-0000-0000-0000-000000000001,5dda0b14-713b-46d0-a6ce-a7a33a2fb6f9,4d1dd99b-b75a-70b5-406b-f5e869954002,0.00,0.00,0.00,11.00,Apr-24,2026-03-20 06:10:21.371689+00,null,false,null
9fb224ce-7621-0d59-0a56-fdc75cd5939e,00000000-0000-0000-0000-000000000001,5dda0b14-713b-46d0-a6ce-a7a33a2fb6f9,b0d4d2c8-f6ee-bc16-ffd7-fc33c8db8571,6322.50,7059.00,736.50,11.00,Apr-24,2026-03-20 06:10:21.371689+00,null,false,null
92270228-75e9-4863-7a82-7b9f7ca530c4,00000000-0000-0000-0000-000000000001,5dda0b14-713b-46d0-a6ce-a7a33a2fb6f9,0a839c14-2a88-9896-c2f2-8d51fe610405,15304.00,16165.50,861.50,11.00,Apr-24,2026-03-20 06:10:21.371689+00,null,false,null
e3f2df1e-947b-321d-fd30-e06187037af4,00000000-0000-0000-0000-000000000001,5dda0b14-713b-46d0-a6ce-a7a33a2fb6f9,03edc7c5-4c46-b55e-523d-9fb7be29910b,30849.00,31986.20,1137.20,11.00,Apr-24,2026-03-20 06:10:21.371689+00,null,false,null
dbf965fa-2949-2a3b-dc66-851ce607201d,00000000-0000-0000-0000-000000000001,5dda0b14-713b-46d0-a6ce-a7a33a2fb6f9,2fc42a4f-fe5a-ae08-0e4e-2c89ca71db85,25726.10,26672.80,946.70,11.00,Apr-24,2026-03-20 06:10:21.371689+00,null,false,null
6958c999-9050-0980-fa85-4df45c855ff4,00000000-0000-0000-0000-000000000001,5dda0b14-713b-46d0-a6ce-a7a33a2fb6f9,5d204545-2f72-b89b-3190-a826b5ab6512,35700.20,36400.20,700.00,11.00,Apr-24,2026-03-20 06:10:21.371689+00,null,false,null
ae139243-7dc6-a0de-4b25-2178257e023f,00000000-0000-0000-0000-000000000001,5dda0b14-713b-46d0-a6ce-a7a33a2fb6f9,417c9738-a0f7-5a00-1091-37a9fd083dd6,27246.70,28102.80,856.10,11.00,Apr-24,2026-03-20 06:10:21.371689+00,null,false,null
06b27f5d-d1c3-2113-7aa4-d696c73b2e07,00000000-0000-0000-0000-000000000001,5dda0b14-713b-46d0-a6ce-a7a33a2fb6f9,82b270bf-e567-2deb-5ef3-495baafd7645,19693.70,20082.70,389.00,11.00,Apr-24,2026-03-20 06:10:21.371689+00,null,false,null
ef665c35-20d9-372e-782e-f972e3e91703,00000000-0000-0000-0000-000000000001,5dda0b14-713b-46d0-a6ce-a7a33a2fb6f9,574de174-c7bb-bc11-f282-cff2aa2501c5,4438.30,4898.30,460.00,11.00,Apr-24,2026-03-20 06:10:21.371689+00,null,false,null
842db73d-5f21-c189-5d3c-7644f038b271,00000000-0000-0000-0000-000000000001,5dda0b14-713b-46d0-a6ce-a7a33a2fb6f9,a361bd0d-c2c1-2aee-6303-d65de004edd0,25023.30,25710.40,687.10,11.00,Apr-24,2026-03-20 06:10:21.371689+00,null,false,null
198af9d1-3167-acda-5d4a-4a6140024f52,00000000-0000-0000-0000-000000000001,5dda0b14-713b-46d0-a6ce-a7a33a2fb6f9,323c0dff-be56-f6ee-f053-ee37de806dea,28715.90,29460.50,744.60,11.00,Apr-24,2026-03-20 06:10:21.371689+00,null,false,null
fb7259f5-1e77-3367-b98d-b14accb245c1,00000000-0000-0000-0000-000000000001,5dda0b14-713b-46d0-a6ce-a7a33a2fb6f9,aa73cade-c28c-dc5b-5980-55801ea0d415,25983.60,27068.20,1084.60,11.00,Apr-24,2026-03-20 06:10:21.371689+00,null,false,null
5502a386-adf0-c38b-810e-698b7f0b1d0a,00000000-0000-0000-0000-000000000001,5dda0b14-713b-46d0-a6ce-a7a33a2fb6f9,49ed1c8e-3653-c89b-ec74-16d8e20bb923,19454.50,20031.50,577.00,11.00,Apr-24,2026-03-20 06:10:21.371689+00,null,false,null
8434d4b3-6de5-54fe-1f35-1785e2013e87,00000000-0000-0000-0000-000000000001,5dda0b14-713b-46d0-a6ce-a7a33a2fb6f9,85292340-826d-52c1-65c7-7f2a9eb2c2c4,41709.50,43265.70,1556.20,11.00,Apr-24,2026-03-20 06:10:21.371689+00,null,false,null
65d199ad-e068-feff-8e95-9bc04cf6c4ef,00000000-0000-0000-0000-000000000001,5dda0b14-713b-46d0-a6ce-a7a33a2fb6f9,bde00681-ebfc-ef38-4f6e-4906a012de6b,33973.40,34817.10,843.70,11.00,Apr-24,2026-03-20 06:10:21.371689+00,null,false,null
7f5470f8-d2c1-11c6-d757-ae1b1be3b8c8,00000000-0000-0000-0000-000000000001,5dda0b14-713b-46d0-a6ce-a7a33a2fb6f9,ffbd5fe0-d9b3-cb55-cfd7-2d72a3498109,42389.40,43297.40,908.00,11.00,Apr-24,2026-03-20 06:10:21.371689+00,null,false,null
cdd7f1db-63c7-9bd8-39b1-3590ef578204,00000000-0000-0000-0000-000000000001,5dda0b14-713b-46d0-a6ce-a7a33a2fb6f9,bc7f358d-0d6d-f95f-ff80-9089eefdef69,33817.20,35128.90,1311.70,11.00,Apr-24,2026-03-20 06:10:21.371689+00,null,false,null
a59e288d-a553-5dfb-45c9-cbff3df187e2,00000000-0000-0000-0000-000000000001,5dda0b14-713b-46d0-a6ce-a7a33a2fb6f9,b0875d50-a469-821b-57c3-03ac62809198,22967.90,23912.70,944.80,11.00,Apr-24,2026-03-20 06:10:21.371689+00,null,false,null
05756923-df70-cdb0-e013-3f186f79aa89,00000000-0000-0000-0000-000000000001,5dda0b14-713b-46d0-a6ce-a7a33a2fb6f9,dd96a329-ec95-e96a-1348-69d976f39cd4,30777.45,31679.60,902.15,11.00,Apr-24,2026-03-20 06:10:21.371689+00,null,false,null
8d82e857-5c7e-1cb8-8660-1f91157dc75a,00000000-0000-0000-0000-000000000001,5dda0b14-713b-46d0-a6ce-a7a33a2fb6f9,77c3a6fd-4651-d880-29aa-abd19c8324df,21348.50,22229.50,881.00,11.00,Apr-24,2026-03-20 06:10:21.371689+00,null,false,null
4f23ec92-bccc-d489-8003-07a6f07ed544,00000000-0000-0000-0000-000000000001,5dda0b14-713b-46d0-a6ce-a7a33a2fb6f9,10c6863d-07c3-4fc4-94f9-6adc29157ce1,24890.30,25656.00,765.70,11.00,Apr-24,2026-03-20 06:10:21.371689+00,null,false,null
ec2534fb-324c-bfd0-eeab-954e3353b387,00000000-0000-0000-0000-000000000001,5dda0b14-713b-46d0-a6ce-a7a33a2fb6f9,990e8a3e-a69c-7b31-f606-3eeb21e3d4c6,23257.60,23693.30,435.70,11.00,Apr-24,2026-03-20 06:10:21.371689+00,null,false,null
0ceb5f4b-45fd-6d49-0ca6-02a0096e4117,00000000-0000-0000-0000-000000000001,5dda0b14-713b-46d0-a6ce-a7a33a2fb6f9,1b4d1066-8fe4-199b-7b3b-39e4bded9714,41.20,689.10,647.90,11.00,Apr-24,2026-03-20 06:10:21.371689+00,null,false,null
5c8b4593-875f-9da6-67c1-d69e9b9800b8,00000000-0000-0000-0000-000000000001,5dda0b14-713b-46d0-a6ce-a7a33a2fb6f9,9d5d0096-0b78-a663-1142-be871dfa2bda,10548.20,11841.80,1293.60,11.00,Apr-24,2026-03-20 06:10:21.371689+00,null,false,null
4ee02457-2b70-a3e8-2b30-8309b54e6819,00000000-0000-0000-0000-000000000001,5dda0b14-713b-46d0-a6ce-a7a33a2fb6f9,fb5cedd6-2992-1c62-7fba-4a7a6b43b2ff,8469.80,9231.90,762.10,11.00,Apr-24,2026-03-20 06:10:21.371689+00,null,false,null
f32d23d1-5b52-9181-1d4f-ce9057add4c2,00000000-0000-0000-0000-000000000001,5dda0b14-713b-46d0-a6ce-a7a33a2fb6f9,233cca0e-efcf-e631-d2fc-9997a6ba5706,7973.90,8652.90,679.00,11.00,Apr-24,2026-03-20 06:10:21.371689+00,null,false,null
fce794cf-0b43-6660-49ed-21c51cf4c511,00000000-0000-0000-0000-000000000001,5dda0b14-713b-46d0-a6ce-a7a33a2fb6f9,dc4adc21-f501-0573-2e9a-d7bbbc89e5d6,24208.29,24934.29,726.00,11.00,Apr-24,2026-03-20 06:10:21.371689+00,null,false,null
14a77e20-ad0d-e21d-17b2-2db479660d4c,00000000-0000-0000-0000-000000000001,5dda0b14-713b-46d0-a6ce-a7a33a2fb6f9,c17c5093-48b7-139f-ebfc-1cd33ef5179c,5576.90,6097.50,520.60,11.00,Apr-24,2026-03-20 06:10:21.371689+00,null,false,null
4fb350ac-53b5-bb8e-f83b-9e1367861500,00000000-0000-0000-0000-000000000001,5dda0b14-713b-46d0-a6ce-a7a33a2fb6f9,44625074-3f26-4a2d-74ae-56ba4c94a395,18156.21,18700.71,544.50,11.00,Apr-24,2026-03-20 06:10:21.371689+00,null,false,null
f26110cb-c882-08d3-bdaa-6f50f38ac0c9,00000000-0000-0000-0000-000000000001,5dda0b14-713b-46d0-a6ce-a7a33a2fb6f9,c2ff0c11-4d1b-7b9b-b93c-aa37c9b6c40b,7045.89,7304.11,258.23,11.00,Apr-24,2026-03-20 06:10:21.371689+00,null,false,null
f8d2bece-0bcb-40c6-5da8-8b2eca69ac48,00000000-0000-0000-0000-000000000001,5dda0b14-713b-46d0-a6ce-a7a33a2fb6f9,7719849e-1d17-27d2-31d4-475a4e71f261,5284.41,5478.09,193.67,11.00,Apr-24,2026-03-20 06:10:21.371689+00,null,false,null
336cf793-3ddb-f697-1a4f-6feb539993c7,00000000-0000-0000-0000-000000000001,5dda0b14-713b-46d0-a6ce-a7a33a2fb6f9,d2298bb8-a5e5-735a-c8ca-9b18c7daacd6,33037.20,33477.10,439.90,11.00,Apr-24,2026-03-20 06:10:21.371689+00,null,false,null
deefe460-f1fe-8ff1-d943-46cbadb5d4f8,00000000-0000-0000-0000-000000000001,5dda0b14-713b-46d0-a6ce-a7a33a2fb6f9,211a2b33-4e94-3da1-7d97-406bc26036f5,0.00,0.00,0.00,11.00,May-24,2026-03-20 06:10:21.371689+00,null,false,null
7d094038-d91f-9e5c-f491-c0229fb3926c,00000000-0000-0000-0000-000000000001,5dda0b14-713b-46d0-a6ce-a7a33a2fb6f9,188aee4d-68e0-1ddb-38e6-a946bc75072d,0.00,0.00,0.00,11.00,May-24,2026-03-20 06:10:21.371689+00,null,false,null
bca146ef-505b-a2ef-6eda-dcada0e5749b,00000000-0000-0000-0000-000000000001,5dda0b14-713b-46d0-a6ce-a7a33a2fb6f9,4d1dd99b-b75a-70b5-406b-f5e869954002,0.00,0.00,0.00,11.00,May-24,2026-03-20 06:10:21.371689+00,null,false,null
cf48d810-1fc9-d73b-99d6-a6fecd3089c3,00000000-0000-0000-0000-000000000001,5dda0b14-713b-46d0-a6ce-a7a33a2fb6f9,b0d4d2c8-f6ee-bc16-ffd7-fc33c8db8571,7059.00,7851.00,792.00,11.00,May-24,2026-03-20 06:10:21.371689+00,null,false,null
1f2a865a-1195-f141-444f-dcf981f0b1d2,00000000-0000-0000-0000-000000000001,5dda0b14-713b-46d0-a6ce-a7a33a2fb6f9,0a839c14-2a88-9896-c2f2-8d51fe610405,16166.00,17063.00,898.00,11.00,May-24,2026-03-20 06:10:21.371689+00,null,false,null
07914e96-6645-5b37-80c7-7ade8c902430,00000000-0000-0000-0000-000000000001,5dda0b14-713b-46d0-a6ce-a7a33a2fb6f9,03edc7c5-4c46-b55e-523d-9fb7be29910b,31986.00,33208.00,1222.00,11.00,May-24,2026-03-20 06:10:21.371689+00,null,false,null
1f51b66e-64e3-1e30-35e0-f18fdb8c36e4,00000000-0000-0000-0000-000000000001,5dda0b14-713b-46d0-a6ce-a7a33a2fb6f9,2fc42a4f-fe5a-ae08-0e4e-2c89ca71db85,26673.00,27677.00,1004.00,11.00,May-24,2026-03-20 06:10:21.371689+00,null,false,null
20040475-34a4-6de9-4642-76d04fe4fcce,00000000-0000-0000-0000-000000000001,5dda0b14-713b-46d0-a6ce-a7a33a2fb6f9,5d204545-2f72-b89b-3190-a826b5ab6512,36400.00,37176.00,776.00,11.00,May-24,2026-03-20 06:10:21.371689+00,null,false,null
62f23115-df03-f76a-b7c9-845a8e1cf5e1,00000000-0000-0000-0000-000000000001,5dda0b14-713b-46d0-a6ce-a7a33a2fb6f9,417c9738-a0f7-5a00-1091-37a9fd083dd6,28103.00,29290.00,1187.00,11.00,May-24,2026-03-20 06:10:21.371689+00,null,false,null
380a4cb5-52b3-a4a6-b0e3-a57c77de9a0a,00000000-0000-0000-0000-000000000001,5dda0b14-713b-46d0-a6ce-a7a33a2fb6f9,82b270bf-e567-2deb-5ef3-495baafd7645,20083.00,20493.00,411.00,11.00,May-24,2026-03-20 06:10:21.371689+00,null,false,null
b36bcc13-2a19-0d14-141c-f4bfa236641e,00000000-0000-0000-0000-000000000001,5dda0b14-713b-46d0-a6ce-a7a33a2fb6f9,574de174-c7bb-bc11-f282-cff2aa2501c5,4898.00,5459.00,561.00,11.00,May-24,2026-03-20 06:10:21.371689+00,null,false,null
f5a30a70-c089-d693-533a-59f7aebb7dba,00000000-0000-0000-0000-000000000001,5dda0b14-713b-46d0-a6ce-a7a33a2fb6f9,a361bd0d-c2c1-2aee-6303-d65de004edd0,25710.00,26591.00,881.00,11.00,May-24,2026-03-20 06:10:21.371689+00,null,false,null
82130043-a43f-f438-9b57-0904d08c0e0c,00000000-0000-0000-0000-000000000001,5dda0b14-713b-46d0-a6ce-a7a33a2fb6f9,323c0dff-be56-f6ee-f053-ee37de806dea,29460.00,30437.00,977.00,11.00,May-24,2026-03-20 06:10:21.371689+00,null,false,null
476119cc-422e-d272-7212-e688636ed2c0,00000000-0000-0000-0000-000000000001,5dda0b14-713b-46d0-a6ce-a7a33a2fb6f9,aa73cade-c28c-dc5b-5980-55801ea0d415,27068.00,28270.00,1202.00,11.00,May-24,2026-03-20 06:10:21.371689+00,null,false,null
52e94858-07fd-63c9-ecd8-f30a73b38ebb,00000000-0000-0000-0000-000000000001,5dda0b14-713b-46d0-a6ce-a7a33a2fb6f9,49ed1c8e-3653-c89b-ec74-16d8e20bb923,20032.00,20848.00,817.00,11.00,May-24,2026-03-20 06:10:21.371689+00,null,false,null
dc1b4314-7c3e-e449-464d-66fafdf60460,00000000-0000-0000-0000-000000000001,5dda0b14-713b-46d0-a6ce-a7a33a2fb6f9,85292340-826d-52c1-65c7-7f2a9eb2c2c4,43266.00,44883.00,1617.00,11.00,May-24,2026-03-20 06:10:21.371689+00,null,false,null
9fb6cf25-1753-5681-07db-efc96976c226,00000000-0000-0000-0000-000000000001,5dda0b14-713b-46d0-a6ce-a7a33a2fb6f9,bde00681-ebfc-ef38-4f6e-4906a012de6b,34817.00,35992.00,1174.00,11.00,May-24,2026-03-20 06:10:21.371689+00,null,false,null
dd0d40df-5286-721f-9a15-81e2fed13274,00000000-0000-0000-0000-000000000001,5dda0b14-713b-46d0-a6ce-a7a33a2fb6f9,ffbd5fe0-d9b3-cb55-cfd7-2d72a3498109,43297.00,44462.00,1164.00,11.00,May-24,2026-03-20 06:10:21.371689+00,null,false,null
0f3e0f9f-52cd-8305-fff4-6ced68102220,00000000-0000-0000-0000-000000000001,5dda0b14-713b-46d0-a6ce-a7a33a2fb6f9,bc7f358d-0d6d-f95f-ff80-9089eefdef69,35129.00,36370.00,1241.00,11.00,May-24,2026-03-20 06:10:21.371689+00,null,false,null
6178d0b4-336d-0204-e604-b73b66202033,00000000-0000-0000-0000-000000000001,5dda0b14-713b-46d0-a6ce-a7a33a2fb6f9,b0875d50-a469-821b-57c3-03ac62809198,23913.00,24983.00,1070.00,11.00,May-24,2026-03-20 06:10:21.371689+00,null,false,null
4892bf21-8dd3-1f67-fd34-c1a21a7d1234,00000000-0000-0000-0000-000000000001,5dda0b14-713b-46d0-a6ce-a7a33a2fb6f9,dd96a329-ec95-e96a-1348-69d976f39cd4,31680.00,32666.00,986.00,11.00,May-24,2026-03-20 06:10:21.371689+00,null,false,null
253068c2-2e02-c73a-a19b-a56d9e634d57,00000000-0000-0000-0000-000000000001,5dda0b14-713b-46d0-a6ce-a7a33a2fb6f9,77c3a6fd-4651-d880-29aa-abd19c8324df,22230.00,23112.00,883.00,11.00,May-24,2026-03-20 06:10:21.371689+00,null,false,null
621d097e-7099-5cc0-fb45-ba6b387e788b,00000000-0000-0000-0000-000000000001,5dda0b14-713b-46d0-a6ce-a7a33a2fb6f9,10c6863d-07c3-4fc4-94f9-6adc29157ce1,25656.00,26559.00,903.00,11.00,May-24,2026-03-20 06:10:21.371689+00,null,false,null
514543df-02d4-cde3-c3ea-8854b8da83d4,00000000-0000-0000-0000-000000000001,5dda0b14-713b-46d0-a6ce-a7a33a2fb6f9,990e8a3e-a69c-7b31-f606-3eeb21e3d4c6,23693.00,24274.00,581.00,11.00,May-24,2026-03-20 06:10:21.371689+00,null,false,null
c3d43a51-07a0-7ec4-c6ec-1578fef05934,00000000-0000-0000-0000-000000000001,5dda0b14-713b-46d0-a6ce-a7a33a2fb6f9,1b4d1066-8fe4-199b-7b3b-39e4bded9714,689.00,2008.00,1319.00,11.00,May-24,2026-03-20 06:10:21.371689+00,null,false,null
f1724677-889a-6eaf-2844-3982810a6111,00000000-0000-0000-0000-000000000001,5dda0b14-713b-46d0-a6ce-a7a33a2fb6f9,9d5d0096-0b78-a663-1142-be871dfa2bda,11842.00,13090.00,1248.00,11.00,May-24,2026-03-20 06:10:21.371689+00,null,false,null
6ac4e2d8-8418-d598-ad51-199808777c54,00000000-0000-0000-0000-000000000001,5dda0b14-713b-46d0-a6ce-a7a33a2fb6f9,fb5cedd6-2992-1c62-7fba-4a7a6b43b2ff,9232.00,10566.00,1334.00,11.00,May-24,2026-03-20 06:10:21.371689+00,null,false,null
2786ac9a-514f-d80f-006c-493d837fcccf,00000000-0000-0000-0000-000000000001,5dda0b14-713b-46d0-a6ce-a7a33a2fb6f9,233cca0e-efcf-e631-d2fc-9997a6ba5706,8653.00,9661.00,1008.00,11.00,May-24,2026-03-20 06:10:21.371689+00,null,false,null
b522efc2-393b-b1e4-e12e-5e319efc98ad,00000000-0000-0000-0000-000000000001,5dda0b14-713b-46d0-a6ce-a7a33a2fb6f9,dc4adc21-f501-0573-2e9a-d7bbbc89e5d6,24934.00,25850.00,916.00,11.00,May-24,2026-03-20 06:10:21.371689+00,null,false,null
007b4ed8-125c-3d05-e84a-ef76bf7c8b48,00000000-0000-0000-0000-000000000001,5dda0b14-713b-46d0-a6ce-a7a33a2fb6f9,c17c5093-48b7-139f-ebfc-1cd33ef5179c,6098.00,6908.00,810.00,11.00,May-24,2026-03-20 06:10:21.371689+00,null,false,null
b2cccc9b-4bda-9a76-44b0-b6c4cae4f95a,00000000-0000-0000-0000-000000000001,5dda0b14-713b-46d0-a6ce-a7a33a2fb6f9,44625074-3f26-4a2d-74ae-56ba4c94a395,18701.00,19387.00,687.00,11.00,May-24,2026-03-20 06:10:21.371689+00,null,false,null
d760486a-c3ad-c8b8-e89b-a7074a0b8e98,00000000-0000-0000-0000-000000000001,5dda0b14-713b-46d0-a6ce-a7a33a2fb6f9,c2ff0c11-4d1b-7b9b-b93c-aa37c9b6c40b,7304.00,7661.00,357.00,11.00,May-24,2026-03-20 06:10:21.371689+00,null,false,null
ac8411db-65fc-442b-abc2-bcfd8045ed52,00000000-0000-0000-0000-000000000001,5dda0b14-713b-46d0-a6ce-a7a33a2fb6f9,7719849e-1d17-27d2-31d4-475a4e71f261,5478.00,5746.00,268.00,11.00,May-24,2026-03-20 06:10:21.371689+00,null,false,null
fe021c19-0f6b-7572-d9ce-3c2e7a26bfb9,00000000-0000-0000-0000-000000000001,5dda0b14-713b-46d0-a6ce-a7a33a2fb6f9,d2298bb8-a5e5-735a-c8ca-9b18c7daacd6,33477.00,34391.00,914.00,11.00,May-24,2026-03-20 06:10:21.371689+00,null,false,null
cc5cc68e-09d6-0f54-5e6e-10d0c2fae968,00000000-0000-0000-0000-000000000001,5dda0b14-713b-46d0-a6ce-a7a33a2fb6f9,211a2b33-4e94-3da1-7d97-406bc26036f5,0.00,0.00,0.00,11.00,Jun-24,2026-03-20 06:10:21.371689+00,null,false,null
58257073-217c-0681-6235-df8499360b54,00000000-0000-0000-0000-000000000001,5dda0b14-713b-46d0-a6ce-a7a33a2fb6f9,188aee4d-68e0-1ddb-38e6-a946bc75072d,0.00,0.00,0.00,11.00,Jun-24,2026-03-20 06:10:21.371689+00,null,false,null
2f50a686-2ab8-5c40-075a-cfccfd3947c4,00000000-0000-0000-0000-000000000001,5dda0b14-713b-46d0-a6ce-a7a33a2fb6f9,4d1dd99b-b75a-70b5-406b-f5e869954002,0.00,0.00,0.00,11.00,Jun-24,2026-03-20 06:10:21.371689+00,null,false,null
db6263ab-f883-0835-bf7f-6426db57c7d4,00000000-0000-0000-0000-000000000001,5dda0b14-713b-46d0-a6ce-a7a33a2fb6f9,b0d4d2c8-f6ee-bc16-ffd7-fc33c8db8571,7851.00,8456.00,605.00,11.00,Jun-24,2026-03-20 06:10:21.371689+00,null,false,null
65cee83b-368c-6736-54be-6cdc6ec84cf9,00000000-0000-0000-0000-000000000001,5dda0b14-713b-46d0-a6ce-a7a33a2fb6f9,0a839c14-2a88-9896-c2f2-8d51fe610405,17063.00,17945.00,882.00,11.00,Jun-24,2026-03-20 06:10:21.371689+00,null,false,null
44ee001f-3261-27b4-7c0b-73dba78b88cb,00000000-0000-0000-0000-000000000001,5dda0b14-713b-46d0-a6ce-a7a33a2fb6f9,79853a4a-cb02-508c-e041-7e23378aec9c,19417.00,20973.00,1556.00,11.00,Jun-24,2026-03-20 06:10:21.371689+00,null,false,null
dffc0358-5f6e-f56d-8003-dbfa5d470826,00000000-0000-0000-0000-000000000001,5dda0b14-713b-46d0-a6ce-a7a33a2fb6f9,03edc7c5-4c46-b55e-523d-9fb7be29910b,33208.00,34220.00,1012.00,11.00,Jun-24,2026-03-20 06:10:21.371689+00,null,false,null
f2a2dd6d-18fc-f6c8-af0f-bbdd32dac650,00000000-0000-0000-0000-000000000001,5dda0b14-713b-46d0-a6ce-a7a33a2fb6f9,2fc42a4f-fe5a-ae08-0e4e-2c89ca71db85,27677.00,28440.00,762.00,11.00,Jun-24,2026-03-20 06:10:21.371689+00,null,false,null
ea3f922d-6f4c-ab12-4d20-df3dd2e176e8,00000000-0000-0000-0000-000000000001,5dda0b14-713b-46d0-a6ce-a7a33a2fb6f9,5d204545-2f72-b89b-3190-a826b5ab6512,37176.00,37841.00,666.00,11.00,Jun-24,2026-03-20 06:10:21.371689+00,null,false,null
30b2195a-9c8a-3202-d229-0a90e0706e8e,00000000-0000-0000-0000-000000000001,5dda0b14-713b-46d0-a6ce-a7a33a2fb6f9,417c9738-a0f7-5a00-1091-37a9fd083dd6,29290.00,30044.00,754.00,11.00,Jun-24,2026-03-20 06:10:21.371689+00,null,false,null
4a02759e-96aa-d499-3192-0958c4c15c9c,00000000-0000-0000-0000-000000000001,5dda0b14-713b-46d0-a6ce-a7a33a2fb6f9,82b270bf-e567-2deb-5ef3-495baafd7645,20493.00,20931.00,437.00,11.00,Jun-24,2026-03-20 06:10:21.371689+00,null,false,null
f87e903e-3bc4-b396-d46b-3db830785180,00000000-0000-0000-0000-000000000001,5dda0b14-713b-46d0-a6ce-a7a33a2fb6f9,574de174-c7bb-bc11-f282-cff2aa2501c5,5459.00,5936.00,477.00,11.00,Jun-24,2026-03-20 06:10:21.371689+00,null,false,null
03c77b50-cceb-09c1-bfa7-b69777b626a8,00000000-0000-0000-0000-000000000001,5dda0b14-713b-46d0-a6ce-a7a33a2fb6f9,a361bd0d-c2c1-2aee-6303-d65de004edd0,26591.00,27520.00,929.00,11.00,Jun-24,2026-03-20 06:10:21.371689+00,null,false,null
9b3abdb8-1cca-53cf-3d07-973a1161d7fd,00000000-0000-0000-0000-000000000001,5dda0b14-713b-46d0-a6ce-a7a33a2fb6f9,323c0dff-be56-f6ee-f053-ee37de806dea,30437.00,31268.00,831.00,11.00,Jun-24,2026-03-20 06:10:21.371689+00,null,false,null
7d8bb49a-a155-4ce1-6875-5c06d664306f,00000000-0000-0000-0000-000000000001,5dda0b14-713b-46d0-a6ce-a7a33a2fb6f9,aa73cade-c28c-dc5b-5980-55801ea0d415,28270.00,29502.00,1233.00,11.00,Jun-24,2026-03-20 06:10:21.371689+00,null,false,null
60b3e241-df01-17dc-7efd-45beaaf0cdf4,00000000-0000-0000-0000-000000000001,5dda0b14-713b-46d0-a6ce-a7a33a2fb6f9,49ed1c8e-3653-c89b-ec74-16d8e20bb923,20848.00,21629.00,781.00,11.00,Jun-24,2026-03-20 06:10:21.371689+00,null,false,null
7b39a989-0935-9472-2c19-a0ce4d5e1cea,00000000-0000-0000-0000-000000000001,5dda0b14-713b-46d0-a6ce-a7a33a2fb6f9,85292340-826d-52c1-65c7-7f2a9eb2c2c4,44883.00,46436.00,1554.00,11.00,Jun-24,2026-03-20 06:10:21.371689+00,null,false,null
71cbf1c3-6ff6-7701-1696-d884203b81b0,00000000-0000-0000-0000-000000000001,5dda0b14-713b-46d0-a6ce-a7a33a2fb6f9,bde00681-ebfc-ef38-4f6e-4906a012de6b,35992.00,36927.00,936.00,11.00,Jun-24,2026-03-20 06:10:21.371689+00,null,false,null
d79c210c-3e33-1b81-98e9-f39c2f5f2895,00000000-0000-0000-0000-000000000001,5dda0b14-713b-46d0-a6ce-a7a33a2fb6f9,ffbd5fe0-d9b3-cb55-cfd7-2d72a3498109,44462.00,45178.00,716.00,11.00,Jun-24,2026-03-20 06:10:21.371689+00,null,false,null
a931b4fa-aa84-3107-cfce-a4d82bd67e83,00000000-0000-0000-0000-000000000001,5dda0b14-713b-46d0-a6ce-a7a33a2fb6f9,bc7f358d-0d6d-f95f-ff80-9089eefdef69,36370.00,37349.00,979.00,11.00,Jun-24,2026-03-20 06:10:21.371689+00,null,false,null
f4abb0fd-10e8-d514-3987-e13028a0a1f0,00000000-0000-0000-0000-000000000001,5dda0b14-713b-46d0-a6ce-a7a33a2fb6f9,b0875d50-a469-821b-57c3-03ac62809198,24983.00,25866.00,884.00,11.00,Jun-24,2026-03-20 06:10:21.371689+00,null,false,null
ceb92b1a-17f4-1252-207d-eeed096a49d2,00000000-0000-0000-0000-000000000001,5dda0b14-713b-46d0-a6ce-a7a33a2fb6f9,dd96a329-ec95-e96a-1348-69d976f39cd4,32666.00,33552.00,886.00,11.00,Jun-24,2026-03-20 06:10:21.371689+00,null,false,null
ac13c13c-fb88-afef-7bc1-f0e5b1638810,00000000-0000-0000-0000-000000000001,5dda0b14-713b-46d0-a6ce-a7a33a2fb6f9,77c3a6fd-4651-d880-29aa-abd19c8324df,23112.00,23879.00,767.00,11.00,Jun-24,2026-03-20 06:10:21.371689+00,null,false,null
458a0e6d-93c2-ea35-b8fa-0465103c44a1,00000000-0000-0000-0000-000000000001,5dda0b14-713b-46d0-a6ce-a7a33a2fb6f9,86ad1ceb-8d81-a926-d998-3a2f1cafba06,0.00,0.00,0.00,11.00,Jun-24,2026-03-20 06:10:21.371689+00,null,false,null
58fdc539-7c56-8466-8787-34671c36633f,00000000-0000-0000-0000-000000000001,5dda0b14-713b-46d0-a6ce-a7a33a2fb6f9,10c6863d-07c3-4fc4-94f9-6adc29157ce1,26559.00,27310.00,751.00,11.00,Jun-24,2026-03-20 06:10:21.371689+00,null,false,null
4a2c4022-e5a5-b519-214f-35cb1d8470c9,00000000-0000-0000-0000-000000000001,5dda0b14-713b-46d0-a6ce-a7a33a2fb6f9,990e8a3e-a69c-7b31-f606-3eeb21e3d4c6,24274.00,24897.00,623.00,11.00,Jun-24,2026-03-20 06:10:21.371689+00,null,false,null
fd8adc4e-bbf7-afb6-93b5-df82e24f05fc,00000000-0000-0000-0000-000000000001,5dda0b14-713b-46d0-a6ce-a7a33a2fb6f9,1b4d1066-8fe4-199b-7b3b-39e4bded9714,2008.00,3208.00,1200.00,11.00,Jun-24,2026-03-20 06:10:21.371689+00,null,false,null
6d12ea65-6f5e-6b35-329f-e578becc40a2,00000000-0000-0000-0000-000000000001,5dda0b14-713b-46d0-a6ce-a7a33a2fb6f9,9d5d0096-0b78-a663-1142-be871dfa2bda,13090.00,13966.00,876.00,11.00,Jun-24,2026-03-20 06:10:21.371689+00,null,false,null
6c587150-d79a-52b1-0cc6-f85ad10e37db,00000000-0000-0000-0000-000000000001,5dda0b14-713b-46d0-a6ce-a7a33a2fb6f9,fb5cedd6-2992-1c62-7fba-4a7a6b43b2ff,10566.00,11666.00,1100.00,11.00,Jun-24,2026-03-20 06:10:21.371689+00,null,false,null
5e8c6a9b-12a6-1aec-834a-f570d6975985,00000000-0000-0000-0000-000000000001,5dda0b14-713b-46d0-a6ce-a7a33a2fb6f9,233cca0e-efcf-e631-d2fc-9997a6ba5706,9661.00,10206.00,545.00,11.00,Jun-24,2026-03-20 06:10:21.371689+00,null,false,null
98df7100-e6f9-e128-4556-e8dbf288e021,00000000-0000-0000-0000-000000000001,5dda0b14-713b-46d0-a6ce-a7a33a2fb6f9,dc4adc21-f501-0573-2e9a-d7bbbc89e5d6,25850.00,26649.00,800.00,11.00,Jun-24,2026-03-20 06:10:21.371689+00,null,false,null
58acd326-3277-d074-b4c9-e48f49c54c0a,00000000-0000-0000-0000-000000000001,5dda0b14-713b-46d0-a6ce-a7a33a2fb6f9,c17c5093-48b7-139f-ebfc-1cd33ef5179c,6908.00,7671.00,763.00,11.00,Jun-24,2026-03-20 06:10:21.371689+00,null,false,null
366c301c-ebbd-8d19-c456-e34885e6b0e1,00000000-0000-0000-0000-000000000001,5dda0b14-713b-46d0-a6ce-a7a33a2fb6f9,1183b300-b9ae-5e28-acb2-304cb2fd36db,0.00,0.00,0.00,11.00,Jun-24,2026-03-20 06:10:21.371689+00,null,false,null
69e5138d-b0cf-c314-ca89-d9c146318e56,00000000-0000-0000-0000-000000000001,5dda0b14-713b-46d0-a6ce-a7a33a2fb6f9,44625074-3f26-4a2d-74ae-56ba4c94a395,19387.00,19987.00,600.00,11.00,Jun-24,2026-03-20 06:10:21.371689+00,null,false,null
b657f0a3-1c26-6a3e-5338-e3d5a4a43bbd,00000000-0000-0000-0000-000000000001,5dda0b14-713b-46d0-a6ce-a7a33a2fb6f9,c2ff0c11-4d1b-7b9b-b93c-aa37c9b6c40b,7661.00,7963.00,302.00,11.00,Jun-24,2026-03-20 06:10:21.371689+00,null,false,null
70aebfef-2d5d-1ec6-ac0c-90484d790764,00000000-0000-0000-0000-000000000001,5dda0b14-713b-46d0-a6ce-a7a33a2fb6f9,7719849e-1d17-27d2-31d4-475a4e71f261,5746.00,6130.00,384.00,11.00,Jun-24,2026-03-20 06:10:21.371689+00,null,false,null
610c7bc3-7cb6-2720-aa46-c22f8f4168db,00000000-0000-0000-0000-000000000001,5dda0b14-713b-46d0-a6ce-a7a33a2fb6f9,d2298bb8-a5e5-735a-c8ca-9b18c7daacd6,34391.00,35368.00,977.00,11.00,Jun-24,2026-03-20 06:10:21.371689+00,null,false,null
00ae3d97-50d8-2f2e-b6c4-1f74bdfecf65,00000000-0000-0000-0000-000000000001,5dda0b14-713b-46d0-a6ce-a7a33a2fb6f9,211a2b33-4e94-3da1-7d97-406bc26036f5,0.00,0.00,0.00,11.50,Jul-24,2026-03-20 06:10:21.371689+00,null,false,null
4f3177c5-69ac-3293-7cac-fa60f4dee5c9,00000000-0000-0000-0000-000000000001,5dda0b14-713b-46d0-a6ce-a7a33a2fb6f9,188aee4d-68e0-1ddb-38e6-a946bc75072d,0.00,0.00,0.00,11.50,Jul-24,2026-03-20 06:10:21.371689+00,null,false,null
bfa279f0-de75-ff63-599a-39c8b8a42e44,00000000-0000-0000-0000-000000000001,5dda0b14-713b-46d0-a6ce-a7a33a2fb6f9,4d1dd99b-b75a-70b5-406b-f5e869954002,0.00,0.00,0.00,11.50,Jul-24,2026-03-20 06:10:21.371689+00,null,false,null
eeafcb49-af0c-d66e-3f33-3b5405754f3f,00000000-0000-0000-0000-000000000001,5dda0b14-713b-46d0-a6ce-a7a33a2fb6f9,b0d4d2c8-f6ee-bc16-ffd7-fc33c8db8571,8456.00,9416.00,960.00,11.50,Jul-24,2026-03-20 06:10:21.371689+00,null,false,null
d1cdf7f5-abd2-5a5c-d00c-9cecfd9b9f5e,00000000-0000-0000-0000-000000000001,5dda0b14-713b-46d0-a6ce-a7a33a2fb6f9,0a839c14-2a88-9896-c2f2-8d51fe610405,17945.00,18763.00,818.00,11.50,Jul-24,2026-03-20 06:10:21.371689+00,null,false,null
53aa9427-7c66-1781-ad1d-a3d422a0833a,00000000-0000-0000-0000-000000000001,5dda0b14-713b-46d0-a6ce-a7a33a2fb6f9,79853a4a-cb02-508c-e041-7e23378aec9c,20973.00,22496.00,1523.00,11.50,Jul-24,2026-03-20 06:10:21.371689+00,null,false,null
31eafa4d-a72b-006e-a981-15cacf3e0a7f,00000000-0000-0000-0000-000000000001,5dda0b14-713b-46d0-a6ce-a7a33a2fb6f9,03edc7c5-4c46-b55e-523d-9fb7be29910b,34220.00,35069.00,848.00,11.50,Jul-24,2026-03-20 06:10:21.371689+00,null,false,null
a5c4f561-885e-b6ce-7ac8-c77760833088,00000000-0000-0000-0000-000000000001,5dda0b14-713b-46d0-a6ce-a7a33a2fb6f9,2fc42a4f-fe5a-ae08-0e4e-2c89ca71db85,28440.00,29144.00,704.00,11.50,Jul-24,2026-03-20 06:10:21.371689+00,null,false,null
84b9d6b8-9a39-4e45-23e1-12fb2ab37218,00000000-0000-0000-0000-000000000001,5dda0b14-713b-46d0-a6ce-a7a33a2fb6f9,5d204545-2f72-b89b-3190-a826b5ab6512,37841.00,38364.00,523.00,11.50,Jul-24,2026-03-20 06:10:21.371689+00,null,false,null
33d9a829-c0e9-cb3b-2fee-4587f8848c19,00000000-0000-0000-0000-000000000001,5dda0b14-713b-46d0-a6ce-a7a33a2fb6f9,417c9738-a0f7-5a00-1091-37a9fd083dd6,30044.00,30828.00,784.00,11.50,Jul-24,2026-03-20 06:10:21.371689+00,null,false,null
441079ce-a93a-d54a-36a8-1cc45b624088,00000000-0000-0000-0000-000000000001,5dda0b14-713b-46d0-a6ce-a7a33a2fb6f9,82b270bf-e567-2deb-5ef3-495baafd7645,20931.00,21437.00,507.00,11.50,Jul-24,2026-03-20 06:10:21.371689+00,null,false,null
46ab5f91-7653-378b-2615-b77c8718c557,00000000-0000-0000-0000-000000000001,5dda0b14-713b-46d0-a6ce-a7a33a2fb6f9,574de174-c7bb-bc11-f282-cff2aa2501c5,5936.00,6366.00,430.00,11.50,Jul-24,2026-03-20 06:10:21.371689+00,null,false,null
4642250e-f037-57bb-adc4-e3a0dfb7291a,00000000-0000-0000-0000-000000000001,5dda0b14-713b-46d0-a6ce-a7a33a2fb6f9,a361bd0d-c2c1-2aee-6303-d65de004edd0,27520.00,28430.00,910.00,11.50,Jul-24,2026-03-20 06:10:21.371689+00,null,false,null
f439cd05-f744-e8f5-f0e7-91e34e5198e4,00000000-0000-0000-0000-000000000001,5dda0b14-713b-46d0-a6ce-a7a33a2fb6f9,323c0dff-be56-f6ee-f053-ee37de806dea,31268.00,32140.00,871.00,11.50,Jul-24,2026-03-20 06:10:21.371689+00,null,false,null
ea7d74cb-eca3-a837-b035-8fa5c193e65e,00000000-0000-0000-0000-000000000001,5dda0b14-713b-46d0-a6ce-a7a33a2fb6f9,aa73cade-c28c-dc5b-5980-55801ea0d415,29502.00,30472.00,970.00,11.50,Jul-24,2026-03-20 06:10:21.371689+00,null,false,null
61bf3771-72d7-8db3-41ed-f41f92bf0364,00000000-0000-0000-0000-000000000001,5dda0b14-713b-46d0-a6ce-a7a33a2fb6f9,49ed1c8e-3653-c89b-ec74-16d8e20bb923,21629.00,22196.00,567.00,11.50,Jul-24,2026-03-20 06:10:21.371689+00,null,false,null
0da31900-e81c-ac17-be2d-5ffaa547009e,00000000-0000-0000-0000-000000000001,5dda0b14-713b-46d0-a6ce-a7a33a2fb6f9,85292340-826d-52c1-65c7-7f2a9eb2c2c4,46436.00,47786.00,1350.00,11.50,Jul-24,2026-03-20 06:10:21.371689+00,null,false,null
76f7e839-efb2-02e1-ce70-85837dec3a1e,00000000-0000-0000-0000-000000000001,5dda0b14-713b-46d0-a6ce-a7a33a2fb6f9,bde00681-ebfc-ef38-4f6e-4906a012de6b,36927.00,37706.00,778.00,11.50,Jul-24,2026-03-20 06:10:21.371689+00,null,false,null
8497c9a8-b1e7-dd1b-2d0d-76cfad4a589c,00000000-0000-0000-0000-000000000001,5dda0b14-713b-46d0-a6ce-a7a33a2fb6f9,ffbd5fe0-d9b3-cb55-cfd7-2d72a3498109,45178.00,46227.00,1049.00,11.50,Jul-24,2026-03-20 06:10:21.371689+00,null,false,null
7190f52e-7056-0cc2-0469-83000d2f4c35,00000000-0000-0000-0000-000000000001,5dda0b14-713b-46d0-a6ce-a7a33a2fb6f9,bc7f358d-0d6d-f95f-ff80-9089eefdef69,37349.00,38379.00,1030.00,11.50,Jul-24,2026-03-20 06:10:21.371689+00,null,false,null
3b70ee3f-5e37-99be-64a6-68ede86fa035,00000000-0000-0000-0000-000000000001,5dda0b14-713b-46d0-a6ce-a7a33a2fb6f9,b0875d50-a469-821b-57c3-03ac62809198,25866.00,26435.00,568.00,11.50,Jul-24,2026-03-20 06:10:21.371689+00,null,false,null
d213b15d-962d-0094-d538-6f1448786192,00000000-0000-0000-0000-000000000001,5dda0b14-713b-46d0-a6ce-a7a33a2fb6f9,dd96a329-ec95-e96a-1348-69d976f39cd4,33552.00,34406.00,853.00,11.50,Jul-24,2026-03-20 06:10:21.371689+00,null,false,null
43e4ebdf-aeaa-211a-b7bc-bc173fa6f898,00000000-0000-0000-0000-000000000001,5dda0b14-713b-46d0-a6ce-a7a33a2fb6f9,77c3a6fd-4651-d880-29aa-abd19c8324df,23879.00,24732.00,853.00,11.50,Jul-24,2026-03-20 06:10:21.371689+00,null,false,null
6c664e99-2f40-79ca-c518-923a4bda484f,00000000-0000-0000-0000-000000000001,5dda0b14-713b-46d0-a6ce-a7a33a2fb6f9,86ad1ceb-8d81-a926-d998-3a2f1cafba06,14000.00,14997.00,997.00,11.50,Jul-24,2026-03-20 06:10:21.371689+00,null,false,null
331b152b-3a06-f041-2af7-1bfdc75b9e33,00000000-0000-0000-0000-000000000001,5dda0b14-713b-46d0-a6ce-a7a33a2fb6f9,10c6863d-07c3-4fc4-94f9-6adc29157ce1,27310.00,28145.00,835.00,11.50,Jul-24,2026-03-20 06:10:21.371689+00,null,false,null
fe5a57b0-277a-f579-8546-0d3dd54dfed5,00000000-0000-0000-0000-000000000001,5dda0b14-713b-46d0-a6ce-a7a33a2fb6f9,990e8a3e-a69c-7b31-f606-3eeb21e3d4c6,24897.00,25600.00,703.00,11.50,Jul-24,2026-03-20 06:10:21.371689+00,null,false,null
7f30f7af-e50a-bcda-9c85-20877cde7a1d,00000000-0000-0000-0000-000000000001,5dda0b14-713b-46d0-a6ce-a7a33a2fb6f9,1b4d1066-8fe4-199b-7b3b-39e4bded9714,3208.00,4362.00,1154.00,11.50,Jul-24,2026-03-20 06:10:21.371689+00,null,false,null
876fde56-3b32-2892-801e-212ecc418719,00000000-0000-0000-0000-000000000001,5dda0b14-713b-46d0-a6ce-a7a33a2fb6f9,9d5d0096-0b78-a663-1142-be871dfa2bda,13966.00,15024.00,1058.00,11.50,Jul-24,2026-03-20 06:10:21.371689+00,null,false,null
c0de2713-fc71-882d-1208-2ca5f91f6bff,00000000-0000-0000-0000-000000000001,5dda0b14-713b-46d0-a6ce-a7a33a2fb6f9,fb5cedd6-2992-1c62-7fba-4a7a6b43b2ff,11666.00,12590.00,924.00,11.50,Jul-24,2026-03-20 06:10:21.371689+00,null,false,null
49e02db3-87df-7392-325c-c11f2ebb9290,00000000-0000-0000-0000-000000000001,5dda0b14-713b-46d0-a6ce-a7a33a2fb6f9,233cca0e-efcf-e631-d2fc-9997a6ba5706,10206.00,10724.00,518.00,11.50,Jul-24,2026-03-20 06:10:21.371689+00,null,false,null
15e508ef-27c0-3406-8bb1-8d59f1e59e9e,00000000-0000-0000-0000-000000000001,5dda0b14-713b-46d0-a6ce-a7a33a2fb6f9,dc4adc21-f501-0573-2e9a-d7bbbc89e5d6,26649.00,27362.00,712.00,11.50,Jul-24,2026-03-20 06:10:21.371689+00,null,false,null
266b88f1-0351-93b8-132e-58ae7e134b02,00000000-0000-0000-0000-000000000001,5dda0b14-713b-46d0-a6ce-a7a33a2fb6f9,c17c5093-48b7-139f-ebfc-1cd33ef5179c,7671.00,8257.00,586.00,11.50,Jul-24,2026-03-20 06:10:21.371689+00,null,false,null
f5cb477e-e911-c730-87d0-37f4e7cfcc71,00000000-0000-0000-0000-000000000001,5dda0b14-713b-46d0-a6ce-a7a33a2fb6f9,1183b300-b9ae-5e28-acb2-304cb2fd36db,0.00,0.00,0.00,11.50,Jul-24,2026-03-20 06:10:21.371689+00,null,false,null
7c3d80e8-56d7-1735-906d-7a67445d037a,00000000-0000-0000-0000-000000000001,5dda0b14-713b-46d0-a6ce-a7a33a2fb6f9,44625074-3f26-4a2d-74ae-56ba4c94a395,19987.00,20521.00,534.00,11.50,Jul-24,2026-03-20 06:10:21.371689+00,null,false,null
07da4478-3fd1-46ec-41dc-290c513bfb1d,00000000-0000-0000-0000-000000000001,5dda0b14-713b-46d0-a6ce-a7a33a2fb6f9,c2ff0c11-4d1b-7b9b-b93c-aa37c9b6c40b,8173.00,8431.00,258.00,11.50,Jul-24,2026-03-20 06:10:21.371689+00,null,false,null
4bee7205-2255-76a8-b41c-f7b8d45d65dd,00000000-0000-0000-0000-000000000001,5dda0b14-713b-46d0-a6ce-a7a33a2fb6f9,7719849e-1d17-27d2-31d4-475a4e71f261,6130.00,6391.00,261.00,11.50,Jul-24,2026-03-20 06:10:21.371689+00,null,false,null
80a211b8-cd1d-b88f-5d98-36ed10055256,00000000-0000-0000-0000-000000000001,5dda0b14-713b-46d0-a6ce-a7a33a2fb6f9,d2298bb8-a5e5-735a-c8ca-9b18c7daacd6,35368.00,36279.00,911.00,11.50,Jul-24,2026-03-20 06:10:21.371689+00,null,false,null
33473b57-9394-c93c-43b1-e692e5254c44,00000000-0000-0000-0000-000000000001,5dda0b14-713b-46d0-a6ce-a7a33a2fb6f9,211a2b33-4e94-3da1-7d97-406bc26036f5,0.00,0.00,0.00,11.50,Aug-24,2026-03-20 06:10:21.371689+00,null,false,null
3acc78ab-7add-a107-ab22-b9bbe92bdb9a,00000000-0000-0000-0000-000000000001,5dda0b14-713b-46d0-a6ce-a7a33a2fb6f9,188aee4d-68e0-1ddb-38e6-a946bc75072d,0.00,0.00,0.00,11.50,Aug-24,2026-03-20 06:10:21.371689+00,null,false,null
04b10751-6e7d-0909-4da3-03a95ebbc1c7,00000000-0000-0000-0000-000000000001,5dda0b14-713b-46d0-a6ce-a7a33a2fb6f9,4d1dd99b-b75a-70b5-406b-f5e869954002,0.00,0.00,0.00,11.50,Aug-24,2026-03-20 06:10:21.371689+00,null,false,null
2c938249-ce13-c35e-dfc7-40ec75c439cd,00000000-0000-0000-0000-000000000001,5dda0b14-713b-46d0-a6ce-a7a33a2fb6f9,b0d4d2c8-f6ee-bc16-ffd7-fc33c8db8571,9416.00,10543.00,1127.00,11.50,Aug-24,2026-03-20 06:10:21.371689+00,null,false,null
71c9e16a-d646-0426-3e8f-69a1777f4301,00000000-0000-0000-0000-000000000001,5dda0b14-713b-46d0-a6ce-a7a33a2fb6f9,0a839c14-2a88-9896-c2f2-8d51fe610405,18763.00,19545.00,782.00,11.50,Aug-24,2026-03-20 06:10:21.371689+00,null,false,null
2b63f4b5-2097-8311-19d5-270f61e50603,00000000-0000-0000-0000-000000000001,5dda0b14-713b-46d0-a6ce-a7a33a2fb6f9,79853a4a-cb02-508c-e041-7e23378aec9c,22496.00,23848.00,1352.00,11.50,Aug-24,2026-03-20 06:10:21.371689+00,null,false,null
48c9855d-8d12-fb74-657d-3444edce8770,00000000-0000-0000-0000-000000000001,5dda0b14-713b-46d0-a6ce-a7a33a2fb6f9,03edc7c5-4c46-b55e-523d-9fb7be29910b,35069.00,36118.00,1049.00,11.50,Aug-24,2026-03-20 06:10:21.371689+00,null,false,null
6dbd79d7-19cd-91c1-a81a-c34045f85b3c,00000000-0000-0000-0000-000000000001,5dda0b14-713b-46d0-a6ce-a7a33a2fb6f9,2fc42a4f-fe5a-ae08-0e4e-2c89ca71db85,29144.00,30026.00,882.00,11.50,Aug-24,2026-03-20 06:10:21.371689+00,null,false,null
a8d990a6-3ba0-20be-3050-9ad4d881165c,00000000-0000-0000-0000-000000000001,5dda0b14-713b-46d0-a6ce-a7a33a2fb6f9,5d204545-2f72-b89b-3190-a826b5ab6512,38364.00,39345.00,981.00,11.50,Aug-24,2026-03-20 06:10:21.371689+00,null,false,null
a53d6c05-4677-b8f4-3983-5afe29e9643b,00000000-0000-0000-0000-000000000001,5dda0b14-713b-46d0-a6ce-a7a33a2fb6f9,417c9738-a0f7-5a00-1091-37a9fd083dd6,30828.00,31408.00,580.00,11.50,Aug-24,2026-03-20 06:10:21.371689+00,null,false,null
cd7d729c-c958-6302-cfe3-9394edf29eda,00000000-0000-0000-0000-000000000001,5dda0b14-713b-46d0-a6ce-a7a33a2fb6f9,82b270bf-e567-2deb-5ef3-495baafd7645,21437.00,21989.00,552.00,11.50,Aug-24,2026-03-20 06:10:21.371689+00,null,false,null
7341e031-2ede-6be1-6790-22a6558d8b91,00000000-0000-0000-0000-000000000001,5dda0b14-713b-46d0-a6ce-a7a33a2fb6f9,574de174-c7bb-bc11-f282-cff2aa2501c5,6366.00,6815.00,449.00,11.50,Aug-24,2026-03-20 06:10:21.371689+00,null,false,null
25305703-3746-bd5f-697f-11982cd94eac,00000000-0000-0000-0000-000000000001,5dda0b14-713b-46d0-a6ce-a7a33a2fb6f9,a361bd0d-c2c1-2aee-6303-d65de004edd0,28430.00,29311.00,881.00,11.50,Aug-24,2026-03-20 06:10:21.371689+00,null,false,null
c35cd09c-705d-af77-4e59-e565a7a8dcc4,00000000-0000-0000-0000-000000000001,5dda0b14-713b-46d0-a6ce-a7a33a2fb6f9,8767525e-d22f-a295-bc29-ba104fdc589a,0.00,0.00,0.00,11.50,Aug-24,2026-03-20 06:10:21.371689+00,null,false,null
7c92503c-5ec0-a6ae-554a-372d8ed22af4,00000000-0000-0000-0000-000000000001,5dda0b14-713b-46d0-a6ce-a7a33a2fb6f9,323c0dff-be56-f6ee-f053-ee37de806dea,32140.00,32932.00,792.00,11.50,Aug-24,2026-03-20 06:10:21.371689+00,null,false,null
82006d9e-62cd-ae68-b125-55c8abea2042,00000000-0000-0000-0000-000000000001,5dda0b14-713b-46d0-a6ce-a7a33a2fb6f9,aa73cade-c28c-dc5b-5980-55801ea0d415,30472.00,31186.00,714.00,11.50,Aug-24,2026-03-20 06:10:21.371689+00,null,false,null
1fa21f2f-09d3-8488-bf76-42b5cec2e83c,00000000-0000-0000-0000-000000000001,5dda0b14-713b-46d0-a6ce-a7a33a2fb6f9,49ed1c8e-3653-c89b-ec74-16d8e20bb923,22196.00,22996.00,800.00,11.50,Aug-24,2026-03-20 06:10:21.371689+00,null,false,null
0c74bbfd-5068-aa24-ba56-d8a8a4b5e099,00000000-0000-0000-0000-000000000001,5dda0b14-713b-46d0-a6ce-a7a33a2fb6f9,85292340-826d-52c1-65c7-7f2a9eb2c2c4,47786.00,48980.00,1194.00,11.50,Aug-24,2026-03-20 06:10:21.371689+00,null,false,null
9595556b-b608-b64f-95e0-f53e95becc5b,00000000-0000-0000-0000-000000000001,5dda0b14-713b-46d0-a6ce-a7a33a2fb6f9,bde00681-ebfc-ef38-4f6e-4906a012de6b,37706.00,38667.00,961.00,11.50,Aug-24,2026-03-20 06:10:21.371689+00,null,false,null
abd9689e-39da-b196-6ae1-6d7ac78974d9,00000000-0000-0000-0000-000000000001,5dda0b14-713b-46d0-a6ce-a7a33a2fb6f9,ffbd5fe0-d9b3-cb55-cfd7-2d72a3498109,46227.00,47194.00,967.00,11.50,Aug-24,2026-03-20 06:10:21.371689+00,null,false,null
efb23bac-a6e6-5b5d-f403-bff47e7c8c1a,00000000-0000-0000-0000-000000000001,5dda0b14-713b-46d0-a6ce-a7a33a2fb6f9,bc7f358d-0d6d-f95f-ff80-9089eefdef69,38379.00,39590.00,1211.00,11.50,Aug-24,2026-03-20 06:10:21.371689+00,null,false,null
83ffdd7a-ca0c-ba78-8ac3-96d5c153ea6a,00000000-0000-0000-0000-000000000001,5dda0b14-713b-46d0-a6ce-a7a33a2fb6f9,b0875d50-a469-821b-57c3-03ac62809198,26435.00,27026.00,591.00,11.50,Aug-24,2026-03-20 06:10:21.371689+00,null,false,null
9ebb895b-b8c0-55d2-5053-738be785eefb,00000000-0000-0000-0000-000000000001,5dda0b14-713b-46d0-a6ce-a7a33a2fb6f9,dd96a329-ec95-e96a-1348-69d976f39cd4,34406.00,35340.00,934.00,11.50,Aug-24,2026-03-20 06:10:21.371689+00,null,false,null
5e5cb49e-bb1d-3031-9196-7d1661ef4918,00000000-0000-0000-0000-000000000001,5dda0b14-713b-46d0-a6ce-a7a33a2fb6f9,77c3a6fd-4651-d880-29aa-abd19c8324df,24732.00,25527.00,795.00,11.50,Aug-24,2026-03-20 06:10:21.371689+00,null,false,null
0a50359a-9b1d-467a-8bf2-54d0504ced8b,00000000-0000-0000-0000-000000000001,5dda0b14-713b-46d0-a6ce-a7a33a2fb6f9,86ad1ceb-8d81-a926-d998-3a2f1cafba06,14997.00,15486.00,489.00,11.50,Aug-24,2026-03-20 06:10:21.371689+00,null,false,null
0b7f02a1-8055-377b-1e63-c43585773706,00000000-0000-0000-0000-000000000001,5dda0b14-713b-46d0-a6ce-a7a33a2fb6f9,10c6863d-07c3-4fc4-94f9-6adc29157ce1,28145.00,29012.00,867.00,11.50,Aug-24,2026-03-20 06:10:21.371689+00,null,false,null
ae23e34f-f18f-fa5e-0473-c2d461b1fa7e,00000000-0000-0000-0000-000000000001,5dda0b14-713b-46d0-a6ce-a7a33a2fb6f9,990e8a3e-a69c-7b31-f606-3eeb21e3d4c6,25600.00,26362.00,762.00,11.50,Aug-24,2026-03-20 06:10:21.371689+00,null,false,null
f9d92c61-5d9d-80c9-bacd-2c8de9cd3cb3,00000000-0000-0000-0000-000000000001,5dda0b14-713b-46d0-a6ce-a7a33a2fb6f9,1b4d1066-8fe4-199b-7b3b-39e4bded9714,4362.00,5230.00,868.00,11.50,Aug-24,2026-03-20 06:10:21.371689+00,null,false,null
537fbfdc-31db-a65f-dfde-79d297519421,00000000-0000-0000-0000-000000000001,5dda0b14-713b-46d0-a6ce-a7a33a2fb6f9,9d5d0096-0b78-a663-1142-be871dfa2bda,15024.00,16063.00,1039.00,11.50,Aug-24,2026-03-20 06:10:21.371689+00,null,false,null
e428a38a-ade0-34e5-7394-b8abcf0bef58,00000000-0000-0000-0000-000000000001,5dda0b14-713b-46d0-a6ce-a7a33a2fb6f9,fb5cedd6-2992-1c62-7fba-4a7a6b43b2ff,12590.00,13344.00,754.00,11.50,Aug-24,2026-03-20 06:10:21.371689+00,null,false,null
c2d14c3f-7a20-143e-4633-5f6c5ac3330b,00000000-0000-0000-0000-000000000001,5dda0b14-713b-46d0-a6ce-a7a33a2fb6f9,233cca0e-efcf-e631-d2fc-9997a6ba5706,10724.00,11284.00,560.00,11.50,Aug-24,2026-03-20 06:10:21.371689+00,null,false,null
49753ea1-d30a-39c6-9353-baa60b1ed0f4,00000000-0000-0000-0000-000000000001,5dda0b14-713b-46d0-a6ce-a7a33a2fb6f9,dc4adc21-f501-0573-2e9a-d7bbbc89e5d6,27362.00,28028.00,666.00,11.50,Aug-24,2026-03-20 06:10:21.371689+00,null,false,null
772d5ad5-66bf-deb3-6bc7-79dbc8f70ee6,00000000-0000-0000-0000-000000000001,5dda0b14-713b-46d0-a6ce-a7a33a2fb6f9,c17c5093-48b7-139f-ebfc-1cd33ef5179c,8257.00,8786.00,529.00,11.50,Aug-24,2026-03-20 06:10:21.371689+00,null,false,null
2b6052b5-cc12-5848-a490-48150b30e101,00000000-0000-0000-0000-000000000001,5dda0b14-713b-46d0-a6ce-a7a33a2fb6f9,1183b300-b9ae-5e28-acb2-304cb2fd36db,0.00,0.00,0.00,11.50,Aug-24,2026-03-20 06:10:21.371689+00,null,false,null
4a66d2d4-3a5f-3f2d-38f1-e72f4f499b93,00000000-0000-0000-0000-000000000001,5dda0b14-713b-46d0-a6ce-a7a33a2fb6f9,44625074-3f26-4a2d-74ae-56ba4c94a395,20521.00,21021.00,500.00,11.50,Aug-24,2026-03-20 06:10:21.371689+00,null,false,null
2b098864-0f70-37f0-7d13-d2595ca580a1,00000000-0000-0000-0000-000000000001,5dda0b14-713b-46d0-a6ce-a7a33a2fb6f9,c2ff0c11-4d1b-7b9b-b93c-aa37c9b6c40b,8522.00,8879.00,357.00,11.50,Aug-24,2026-03-20 06:10:21.371689+00,null,false,null
ed3cc10a-058e-e4a4-acc2-914d045ed298,00000000-0000-0000-0000-000000000001,5dda0b14-713b-46d0-a6ce-a7a33a2fb6f9,7719849e-1d17-27d2-31d4-475a4e71f261,6391.00,6690.00,299.00,11.50,Aug-24,2026-03-20 06:10:21.371689+00,null,false,null
eba470e6-13f4-4069-7237-76f90ef14e21,00000000-0000-0000-0000-000000000001,5dda0b14-713b-46d0-a6ce-a7a33a2fb6f9,d2298bb8-a5e5-735a-c8ca-9b18c7daacd6,36279.00,37078.00,799.00,11.50,Aug-24,2026-03-20 06:10:21.371689+00,null,false,null
8750d4aa-9ce8-52a3-faa2-bb156049504f,00000000-0000-0000-0000-000000000001,5dda0b14-713b-46d0-a6ce-a7a33a2fb6f9,211a2b33-4e94-3da1-7d97-406bc26036f5,0.00,0.00,0.00,11.50,Apr-23,2026-03-20 06:10:21.371689+00,null,false,null
530710bd-15b7-928f-f304-ae500f1e43e5,00000000-0000-0000-0000-000000000001,5dda0b14-713b-46d0-a6ce-a7a33a2fb6f9,188aee4d-68e0-1ddb-38e6-a946bc75072d,0.00,0.00,0.00,11.50,Apr-23,2026-03-20 06:10:21.371689+00,null,false,null
84dd1f83-5fe6-aef9-11bc-0c547c40fe42,00000000-0000-0000-0000-000000000001,5dda0b14-713b-46d0-a6ce-a7a33a2fb6f9,4d1dd99b-b75a-70b5-406b-f5e869954002,0.00,0.00,0.00,11.50,Apr-23,2026-03-20 06:10:21.371689+00,null,false,null
c8a08ae3-ab18-8c27-82e2-6026a4639d01,00000000-0000-0000-0000-000000000001,5dda0b14-713b-46d0-a6ce-a7a33a2fb6f9,b0d4d2c8-f6ee-bc16-ffd7-fc33c8db8571,0.00,1059.00,1059.00,11.50,Apr-23,2026-03-20 06:10:21.371689+00,null,false,null
ab4517e1-ec49-6745-83e9-b1eb549d1319,00000000-0000-0000-0000-000000000001,5dda0b14-713b-46d0-a6ce-a7a33a2fb6f9,0a839c14-2a88-9896-c2f2-8d51fe610405,8450.00,8914.00,486.00,11.50,Apr-23,2026-03-20 06:10:21.371689+00,null,false,null
8e18589e-7ce6-cced-ddab-d0dcd12cf273,00000000-0000-0000-0000-000000000001,5dda0b14-713b-46d0-a6ce-a7a33a2fb6f9,79853a4a-cb02-508c-e041-7e23378aec9c,0.00,0.00,0.00,11.50,Apr-23,2026-03-20 06:10:21.371689+00,null,false,null
68fa2b39-1b84-a0f0-06e8-a8a1930215f0,00000000-0000-0000-0000-000000000001,5dda0b14-713b-46d0-a6ce-a7a33a2fb6f9,03edc7c5-4c46-b55e-523d-9fb7be29910b,21478.00,21926.00,448.00,11.50,Apr-23,2026-03-20 06:10:21.371689+00,null,false,null
8e7b7a3e-4356-8bd5-2de8-d8c77ac2fa41,00000000-0000-0000-0000-000000000001,5dda0b14-713b-46d0-a6ce-a7a33a2fb6f9,2fc42a4f-fe5a-ae08-0e4e-2c89ca71db85,18120.00,18494.00,374.00,11.50,Apr-23,2026-03-20 06:10:21.371689+00,null,false,null
dbc35082-b357-1f31-6f0a-ab7014984dd2,00000000-0000-0000-0000-000000000001,5dda0b14-713b-46d0-a6ce-a7a33a2fb6f9,5d204545-2f72-b89b-3190-a826b5ab6512,28300.00,28842.00,542.00,11.50,Apr-23,2026-03-20 06:10:21.371689+00,null,false,null
8dd269ed-bf95-4d61-b41a-7d9751a4fccb,00000000-0000-0000-0000-000000000001,5dda0b14-713b-46d0-a6ce-a7a33a2fb6f9,417c9738-a0f7-5a00-1091-37a9fd083dd6,19789.00,20184.00,395.00,11.50,Apr-23,2026-03-20 06:10:21.371689+00,null,false,null
bb47d64a-cb52-9493-0457-d060290a451f,00000000-0000-0000-0000-000000000001,5dda0b14-713b-46d0-a6ce-a7a33a2fb6f9,82b270bf-e567-2deb-5ef3-495baafd7645,15154.00,15559.00,405.00,11.50,Apr-23,2026-03-20 06:10:21.371689+00,null,false,null
60e0c3dd-9ea3-07d0-fdd5-233f98924aeb,00000000-0000-0000-0000-000000000001,5dda0b14-713b-46d0-a6ce-a7a33a2fb6f9,574de174-c7bb-bc11-f282-cff2aa2501c5,0.00,0.00,0.00,11.50,Apr-23,2026-03-20 06:10:21.371689+00,null,false,null
ad26c256-6ec2-6ff4-8537-a3378a29ec13,00000000-0000-0000-0000-000000000001,5dda0b14-713b-46d0-a6ce-a7a33a2fb6f9,a361bd0d-c2c1-2aee-6303-d65de004edd0,18000.00,18412.00,412.00,11.50,Apr-23,2026-03-20 06:10:21.371689+00,null,false,null
c387893c-9176-4755-6a60-44bea3aa4b68,00000000-0000-0000-0000-000000000001,5dda0b14-713b-46d0-a6ce-a7a33a2fb6f9,8767525e-d22f-a295-bc29-ba104fdc589a,0.00,0.00,0.00,11.50,Apr-23,2026-03-20 06:10:21.371689+00,null,false,null
2dff780c-a4cd-09ee-bee4-f3d3a74cbb7b,00000000-0000-0000-0000-000000000001,5dda0b14-713b-46d0-a6ce-a7a33a2fb6f9,323c0dff-be56-f6ee-f053-ee37de806dea,19000.00,19632.00,632.00,11.50,Apr-23,2026-03-20 06:10:21.371689+00,null,false,null
5ade36c8-eb53-f0d7-0342-e515ce6daffd,00000000-0000-0000-0000-000000000001,5dda0b14-713b-46d0-a6ce-a7a33a2fb6f9,aa73cade-c28c-dc5b-5980-55801ea0d415,15421.00,16841.00,420.00,11.50,Apr-23,2026-03-20 06:10:21.371689+00,null,false,null
2fb88db6-4d68-6b2e-0c4f-efec8ff8f4a8,00000000-0000-0000-0000-000000000001,5dda0b14-713b-46d0-a6ce-a7a33a2fb6f9,49ed1c8e-3653-c89b-ec74-16d8e20bb923,13000.00,13501.00,501.00,11.50,Apr-23,2026-03-20 06:10:21.371689+00,null,false,null
503e035b-bb10-319e-aa9b-a74808fae35a,00000000-0000-0000-0000-000000000001,5dda0b14-713b-46d0-a6ce-a7a33a2fb6f9,85292340-826d-52c1-65c7-7f2a9eb2c2c4,31000.00,31880.00,880.00,11.50,Apr-23,2026-03-20 06:10:21.371689+00,null,false,null
a93421fe-b6a1-c4c7-dd00-c24cf6277ed6,00000000-0000-0000-0000-000000000001,5dda0b14-713b-46d0-a6ce-a7a33a2fb6f9,bde00681-ebfc-ef38-4f6e-4906a012de6b,26000.00,26708.00,708.00,11.50,Apr-23,2026-03-20 06:10:21.371689+00,null,false,null
8cecf261-384e-b000-f0d1-968d05587f97,00000000-0000-0000-0000-000000000001,5dda0b14-713b-46d0-a6ce-a7a33a2fb6f9,ffbd5fe0-d9b3-cb55-cfd7-2d72a3498109,32945.00,33389.00,444.00,11.50,Apr-23,2026-03-20 06:10:21.371689+00,null,false,null
6949ab8c-7748-092f-ef16-84e8b14163ad,00000000-0000-0000-0000-000000000001,5dda0b14-713b-46d0-a6ce-a7a33a2fb6f9,bc7f358d-0d6d-f95f-ff80-9089eefdef69,23945.00,24973.00,1028.00,11.50,Apr-23,2026-03-20 06:10:21.371689+00,null,false,null
0361b316-835d-a36a-30f6-ce2990305aa7,00000000-0000-0000-0000-000000000001,5dda0b14-713b-46d0-a6ce-a7a33a2fb6f9,b0875d50-a469-821b-57c3-03ac62809198,16875.00,17199.00,324.00,11.50,Apr-23,2026-03-20 06:10:21.371689+00,null,false,null
d0a008a5-10a3-23a3-1360-1fb6c6c7bb66,00000000-0000-0000-0000-000000000001,5dda0b14-713b-46d0-a6ce-a7a33a2fb6f9,dd96a329-ec95-e96a-1348-69d976f39cd4,22492.00,22988.00,496.00,11.50,Apr-23,2026-03-20 06:10:21.371689+00,null,false,null
ffac5a98-5482-7459-9c43-5049552d88fe,00000000-0000-0000-0000-000000000001,5dda0b14-713b-46d0-a6ce-a7a33a2fb6f9,77c3a6fd-4651-d880-29aa-abd19c8324df,13345.00,13859.00,514.00,11.50,Apr-23,2026-03-20 06:10:21.371689+00,null,false,null
a1b930f4-c6a0-5f74-9523-db827b505b1c,00000000-0000-0000-0000-000000000001,5dda0b14-713b-46d0-a6ce-a7a33a2fb6f9,86ad1ceb-8d81-a926-d998-3a2f1cafba06,0.00,0.00,0.00,11.50,Apr-23,2026-03-20 06:10:21.371689+00,null,false,null
6733e2a7-dd3b-3503-6895-d3fbf76032b5,00000000-0000-0000-0000-000000000001,5dda0b14-713b-46d0-a6ce-a7a33a2fb6f9,10c6863d-07c3-4fc4-94f9-6adc29157ce1,16789.00,17398.00,609.00,11.50,Apr-23,2026-03-20 06:10:21.371689+00,null,false,null
ed320cf8-f725-e8c7-14c8-fbc46317be4d,00000000-0000-0000-0000-000000000001,5dda0b14-713b-46d0-a6ce-a7a33a2fb6f9,990e8a3e-a69c-7b31-f606-3eeb21e3d4c6,19000.00,19554.00,554.00,11.50,Apr-23,2026-03-20 06:10:21.371689+00,null,false,null
ef658996-e02c-afa2-38c6-5cbe6dbbb236,00000000-0000-0000-0000-000000000001,5dda0b14-713b-46d0-a6ce-a7a33a2fb6f9,1b4d1066-8fe4-199b-7b3b-39e4bded9714,0.00,120.00,120.00,11.50,Apr-23,2026-03-20 06:10:21.371689+00,null,false,null
5a59881d-9460-c1e0-4c08-fa997b1ed2f4,00000000-0000-0000-0000-000000000001,5dda0b14-713b-46d0-a6ce-a7a33a2fb6f9,9d5d0096-0b78-a663-1142-be871dfa2bda,1900.00,2219.00,319.00,11.50,Apr-23,2026-03-20 06:10:21.371689+00,null,false,null
f4a6068c-e5a7-1eff-a67b-f20be8548d23,00000000-0000-0000-0000-000000000001,5dda0b14-713b-46d0-a6ce-a7a33a2fb6f9,fb5cedd6-2992-1c62-7fba-4a7a6b43b2ff,0.00,891.00,891.00,11.50,Apr-23,2026-03-20 06:10:21.371689+00,null,false,null
dba66f56-7430-554c-d7bb-764e7a863704,00000000-0000-0000-0000-000000000001,5dda0b14-713b-46d0-a6ce-a7a33a2fb6f9,233cca0e-efcf-e631-d2fc-9997a6ba5706,0.00,776.00,776.00,11.50,Apr-23,2026-03-20 06:10:21.371689+00,null,false,null
cbd66c63-442a-f09a-9aef-0a545e2f50dc,00000000-0000-0000-0000-000000000001,5dda0b14-713b-46d0-a6ce-a7a33a2fb6f9,dc4adc21-f501-0573-2e9a-d7bbbc89e5d6,17745.00,18224.00,479.00,11.50,Apr-23,2026-03-20 06:10:21.371689+00,null,false,null
d0dac98b-b783-3c0a-2c6f-9a8f7771e700,00000000-0000-0000-0000-000000000001,5dda0b14-713b-46d0-a6ce-a7a33a2fb6f9,c17c5093-48b7-139f-ebfc-1cd33ef5179c,0.00,1970.00,1970.00,11.50,Apr-23,2026-03-20 06:10:21.371689+00,null,false,null
e962e8a5-1166-a30f-5179-d102c70d8ec6,00000000-0000-0000-0000-000000000001,5dda0b14-713b-46d0-a6ce-a7a33a2fb6f9,1183b300-b9ae-5e28-acb2-304cb2fd36db,0.00,0.00,0.00,11.50,Apr-23,2026-03-20 06:10:21.371689+00,null,false,null
792b616d-2636-b170-e377-e5cd62d9e042,00000000-0000-0000-0000-000000000001,5dda0b14-713b-46d0-a6ce-a7a33a2fb6f9,44625074-3f26-4a2d-74ae-56ba4c94a395,13100.00,13668.00,568.00,11.50,Apr-23,2026-03-20 06:10:21.371689+00,null,false,null
0fb69412-121d-fde7-21cd-5267eb02baec,00000000-0000-0000-0000-000000000001,5dda0b14-713b-46d0-a6ce-a7a33a2fb6f9,c2ff0c11-4d1b-7b9b-b93c-aa37c9b6c40b,8321.00,8869.00,548.00,11.50,Apr-23,2026-03-20 06:10:21.371689+00,null,false,null
396919a2-ff1d-a9a2-c108-7d8fcced1286,00000000-0000-0000-0000-000000000001,5dda0b14-713b-46d0-a6ce-a7a33a2fb6f9,7719849e-1d17-27d2-31d4-475a4e71f261,0.00,0.00,0.00,11.50,Apr-23,2026-03-20 06:10:21.371689+00,null,false,null
53138534-dac1-dac8-f450-c722efc7e057,00000000-0000-0000-0000-000000000001,5dda0b14-713b-46d0-a6ce-a7a33a2fb6f9,d2298bb8-a5e5-735a-c8ca-9b18c7daacd6,25917.00,26373.00,456.00,11.50,Apr-23,2026-03-20 06:10:21.371689+00,null,false,null
37fa025c-4a51-d5e3-4341-b5ba7f36ff9c,00000000-0000-0000-0000-000000000001,5dda0b14-713b-46d0-a6ce-a7a33a2fb6f9,211a2b33-4e94-3da1-7d97-406bc26036f5,0.00,0.00,0.00,11.50,Sep-24,2026-03-20 06:10:21.371689+00,null,false,null
da2d755f-c3dd-661c-94f9-7d7f49688914,00000000-0000-0000-0000-000000000001,5dda0b14-713b-46d0-a6ce-a7a33a2fb6f9,188aee4d-68e0-1ddb-38e6-a946bc75072d,0.00,0.00,0.00,11.50,Sep-24,2026-03-20 06:10:21.371689+00,null,false,null
c8d542df-323e-c1f3-e8d1-904b9ef0c1ca,00000000-0000-0000-0000-000000000001,5dda0b14-713b-46d0-a6ce-a7a33a2fb6f9,4d1dd99b-b75a-70b5-406b-f5e869954002,0.00,0.00,0.00,11.50,Sep-24,2026-03-20 06:10:21.371689+00,null,false,null
217a0a7f-91d2-d06b-dfc8-43a1ea62c8bc,00000000-0000-0000-0000-000000000001,5dda0b14-713b-46d0-a6ce-a7a33a2fb6f9,b0d4d2c8-f6ee-bc16-ffd7-fc33c8db8571,10543.00,11575.50,1032.50,11.50,Sep-24,2026-03-20 06:10:21.371689+00,null,false,null
646ab640-3836-56d0-c7d3-0652ebcb84f3,00000000-0000-0000-0000-000000000001,5dda0b14-713b-46d0-a6ce-a7a33a2fb6f9,0a839c14-2a88-9896-c2f2-8d51fe610405,19545.00,20117.90,572.90,11.50,Sep-24,2026-03-20 06:10:21.371689+00,null,false,null
0d141e2a-4f48-4ba6-dd27-1b80c9efed0c,00000000-0000-0000-0000-000000000001,5dda0b14-713b-46d0-a6ce-a7a33a2fb6f9,79853a4a-cb02-508c-e041-7e23378aec9c,23848.00,25085.50,1237.50,11.50,Sep-24,2026-03-20 06:10:21.371689+00,null,false,null
a9e588d0-6298-c66b-65c4-fddfe1cce06a,00000000-0000-0000-0000-000000000001,5dda0b14-713b-46d0-a6ce-a7a33a2fb6f9,03edc7c5-4c46-b55e-523d-9fb7be29910b,36118.00,37234.60,1116.60,11.50,Sep-24,2026-03-20 06:10:21.371689+00,null,false,null
c3041f73-b26e-54ab-5b04-a35c06b60458,00000000-0000-0000-0000-000000000001,5dda0b14-713b-46d0-a6ce-a7a33a2fb6f9,2fc42a4f-fe5a-ae08-0e4e-2c89ca71db85,30026.00,30895.00,869.00,11.50,Sep-24,2026-03-20 06:10:21.371689+00,null,false,null
a6435a2f-a7d0-24a5-4b18-2f919a244635,00000000-0000-0000-0000-000000000001,5dda0b14-713b-46d0-a6ce-a7a33a2fb6f9,5d204545-2f72-b89b-3190-a826b5ab6512,39345.00,40205.70,860.70,11.50,Sep-24,2026-03-20 06:10:21.371689+00,null,false,null
4f2e9d81-68b6-a89e-0c0e-e1deefb1f1fc,00000000-0000-0000-0000-000000000001,5dda0b14-713b-46d0-a6ce-a7a33a2fb6f9,417c9738-a0f7-5a00-1091-37a9fd083dd6,31408.00,32047.90,639.90,11.50,Sep-24,2026-03-20 06:10:21.371689+00,null,false,null
1c132e4f-82d3-3458-d759-cf6ee98d7396,00000000-0000-0000-0000-000000000001,5dda0b14-713b-46d0-a6ce-a7a33a2fb6f9,82b270bf-e567-2deb-5ef3-495baafd7645,21989.00,22498.30,509.30,11.50,Sep-24,2026-03-20 06:10:21.371689+00,null,false,null
b2badb55-a72a-f471-7641-5aa8e39eab9c,00000000-0000-0000-0000-000000000001,5dda0b14-713b-46d0-a6ce-a7a33a2fb6f9,574de174-c7bb-bc11-f282-cff2aa2501c5,6815.00,7238.70,423.70,11.50,Sep-24,2026-03-20 06:10:21.371689+00,null,false,null
9cd43f88-84ff-29e2-1743-8346f23beb3e,00000000-0000-0000-0000-000000000001,5dda0b14-713b-46d0-a6ce-a7a33a2fb6f9,a361bd0d-c2c1-2aee-6303-d65de004edd0,29311.00,29935.40,624.40,11.50,Sep-24,2026-03-20 06:10:21.371689+00,null,false,null
6e657739-b96f-c414-bf86-dce7a5758cf3,00000000-0000-0000-0000-000000000001,5dda0b14-713b-46d0-a6ce-a7a33a2fb6f9,8767525e-d22f-a295-bc29-ba104fdc589a,0.00,0.00,0.00,11.50,Sep-24,2026-03-20 06:10:21.371689+00,null,false,null
b8fe4a8d-f2b3-d637-5a8a-541ac7991596,00000000-0000-0000-0000-000000000001,5dda0b14-713b-46d0-a6ce-a7a33a2fb6f9,323c0dff-be56-f6ee-f053-ee37de806dea,32932.00,33581.60,649.60,11.50,Sep-24,2026-03-20 06:10:21.371689+00,null,false,null
cb57535c-bbc3-f78b-a7cd-4c1dc6b67950,00000000-0000-0000-0000-000000000001,5dda0b14-713b-46d0-a6ce-a7a33a2fb6f9,aa73cade-c28c-dc5b-5980-55801ea0d415,31186.00,32109.40,923.40,11.50,Sep-24,2026-03-20 06:10:21.371689+00,null,false,null
aa729dc3-a6e5-e207-1de8-a07546b05fc2,00000000-0000-0000-0000-000000000001,5dda0b14-713b-46d0-a6ce-a7a33a2fb6f9,49ed1c8e-3653-c89b-ec74-16d8e20bb923,22996.00,23740.40,744.40,11.50,Sep-24,2026-03-20 06:10:21.371689+00,null,false,null
e27e78dc-f6c7-31fd-75af-d51491b4d2e0,00000000-0000-0000-0000-000000000001,5dda0b14-713b-46d0-a6ce-a7a33a2fb6f9,85292340-826d-52c1-65c7-7f2a9eb2c2c4,48980.00,50315.70,1335.70,11.50,Sep-24,2026-03-20 06:10:21.371689+00,null,false,null
09e18ad7-97ea-d01f-5195-434387ddcb12,00000000-0000-0000-0000-000000000001,5dda0b14-713b-46d0-a6ce-a7a33a2fb6f9,bde00681-ebfc-ef38-4f6e-4906a012de6b,38667.00,39579.10,912.10,11.50,Sep-24,2026-03-20 06:10:21.371689+00,null,false,null
bcef2f4f-f36a-609e-96f1-e2bf5818d558,00000000-0000-0000-0000-000000000001,5dda0b14-713b-46d0-a6ce-a7a33a2fb6f9,ffbd5fe0-d9b3-cb55-cfd7-2d72a3498109,47194.00,48331.20,1137.20,11.50,Sep-24,2026-03-20 06:10:21.371689+00,null,false,null
6690a3d2-272d-9276-6a61-0227f73789dc,00000000-0000-0000-0000-000000000001,5dda0b14-713b-46d0-a6ce-a7a33a2fb6f9,bc7f358d-0d6d-f95f-ff80-9089eefdef69,39590.00,40624.80,1034.80,11.50,Sep-24,2026-03-20 06:10:21.371689+00,null,false,null
95e2098d-34c4-23e3-5acb-cf593bb043cb,00000000-0000-0000-0000-000000000001,5dda0b14-713b-46d0-a6ce-a7a33a2fb6f9,b0875d50-a469-821b-57c3-03ac62809198,27026.00,27591.20,565.20,11.50,Sep-24,2026-03-20 06:10:21.371689+00,null,false,null
5199e992-2cd0-ee10-bada-d7a8b8194922,00000000-0000-0000-0000-000000000001,5dda0b14-713b-46d0-a6ce-a7a33a2fb6f9,dd96a329-ec95-e96a-1348-69d976f39cd4,35340.00,36282.90,942.85,11.50,Sep-24,2026-03-20 06:10:21.371689+00,null,false,null
4dd5fad8-8f40-ffbb-9c72-2d30028fc9c5,00000000-0000-0000-0000-000000000001,5dda0b14-713b-46d0-a6ce-a7a33a2fb6f9,77c3a6fd-4651-d880-29aa-abd19c8324df,25527.00,26260.90,733.90,11.50,Sep-24,2026-03-20 06:10:21.371689+00,null,false,null
953859b5-0379-b397-86f3-6836d58df33a,00000000-0000-0000-0000-000000000001,5dda0b14-713b-46d0-a6ce-a7a33a2fb6f9,86ad1ceb-8d81-a926-d998-3a2f1cafba06,15486.00,16033.20,547.20,11.50,Sep-24,2026-03-20 06:10:21.371689+00,null,false,null
ea8c251a-b9ad-2fac-005b-4ecb778014a1,00000000-0000-0000-0000-000000000001,5dda0b14-713b-46d0-a6ce-a7a33a2fb6f9,10c6863d-07c3-4fc4-94f9-6adc29157ce1,29012.00,29766.80,754.80,11.50,Sep-24,2026-03-20 06:10:21.371689+00,null,false,null
460a3ea6-aa16-0386-32d5-239409efcaeb,00000000-0000-0000-0000-000000000001,5dda0b14-713b-46d0-a6ce-a7a33a2fb6f9,990e8a3e-a69c-7b31-f606-3eeb21e3d4c6,26362.00,26876.90,514.90,11.50,Sep-24,2026-03-20 06:10:21.371689+00,null,false,null
a88cd222-81d9-061e-7905-0ccdeecf5329,00000000-0000-0000-0000-000000000001,5dda0b14-713b-46d0-a6ce-a7a33a2fb6f9,1b4d1066-8fe4-199b-7b3b-39e4bded9714,5230.00,6098.00,868.00,11.50,Sep-24,2026-03-20 06:10:21.371689+00,null,false,null
db984a95-e255-d7f4-11b4-ff4afc35491b,00000000-0000-0000-0000-000000000001,5dda0b14-713b-46d0-a6ce-a7a33a2fb6f9,9d5d0096-0b78-a663-1142-be871dfa2bda,16063.00,17058.30,995.30,11.50,Sep-24,2026-03-20 06:10:21.371689+00,null,false,null
2a582425-361a-52a6-b255-28eda7fe55f7,00000000-0000-0000-0000-000000000001,5dda0b14-713b-46d0-a6ce-a7a33a2fb6f9,fb5cedd6-2992-1c62-7fba-4a7a6b43b2ff,13344.00,14334.70,990.70,11.50,Sep-24,2026-03-20 06:10:21.371689+00,null,false,null
644a67fe-3e70-61a4-851b-4c6ed68fa4b9,00000000-0000-0000-0000-000000000001,5dda0b14-713b-46d0-a6ce-a7a33a2fb6f9,233cca0e-efcf-e631-d2fc-9997a6ba5706,11284.00,11839.70,555.70,11.50,Sep-24,2026-03-20 06:10:21.371689+00,null,false,null
66069ccf-3db7-71a2-e5c2-2ba4209424ae,00000000-0000-0000-0000-000000000001,5dda0b14-713b-46d0-a6ce-a7a33a2fb6f9,dc4adc21-f501-0573-2e9a-d7bbbc89e5d6,28028.00,28626.00,598.00,11.50,Sep-24,2026-03-20 06:10:21.371689+00,null,false,null
764eafe4-e04d-f1cf-e7a2-4ea548133e2e,00000000-0000-0000-0000-000000000001,5dda0b14-713b-46d0-a6ce-a7a33a2fb6f9,c17c5093-48b7-139f-ebfc-1cd33ef5179c,8786.00,9470.40,684.40,11.50,Sep-24,2026-03-20 06:10:21.371689+00,null,false,null
d645b737-df76-0adb-54a5-d2a787632ae5,00000000-0000-0000-0000-000000000001,5dda0b14-713b-46d0-a6ce-a7a33a2fb6f9,1183b300-b9ae-5e28-acb2-304cb2fd36db,0.00,0.00,0.00,11.50,Sep-24,2026-03-20 06:10:21.371689+00,null,false,null
cc5ad7b3-3bc7-0a6f-8226-3fbfc4156a39,00000000-0000-0000-0000-000000000001,5dda0b14-713b-46d0-a6ce-a7a33a2fb6f9,44625074-3f26-4a2d-74ae-56ba4c94a395,21021.00,21468.80,447.80,11.50,Sep-24,2026-03-20 06:10:21.371689+00,null,false,null
229a4162-fe0b-5098-d952-9b584833491c,00000000-0000-0000-0000-000000000001,5dda0b14-713b-46d0-a6ce-a7a33a2fb6f9,c2ff0c11-4d1b-7b9b-b93c-aa37c9b6c40b,8919.00,9284.45,365.45,11.50,Sep-24,2026-03-20 06:10:21.371689+00,null,false,null
1440c221-1db9-9aa6-0eda-23db0741d729,00000000-0000-0000-0000-000000000001,5dda0b14-713b-46d0-a6ce-a7a33a2fb6f9,7719849e-1d17-27d2-31d4-475a4e71f261,6690.00,6963.34,273.34,11.50,Sep-24,2026-03-20 06:10:21.371689+00,null,false,null
fe3802a3-d3cc-3d6f-91a3-afd51f8d92b1,00000000-0000-0000-0000-000000000001,5dda0b14-713b-46d0-a6ce-a7a33a2fb6f9,211a2b33-4e94-3da1-7d97-406bc26036f5,0.00,0.00,0.00,11.50,Oct-24,2026-03-20 06:10:21.371689+00,null,false,null
48bf423f-11fc-32c2-38f1-d71a72907379,00000000-0000-0000-0000-000000000001,5dda0b14-713b-46d0-a6ce-a7a33a2fb6f9,188aee4d-68e0-1ddb-38e6-a946bc75072d,0.00,0.00,0.00,11.50,Oct-24,2026-03-20 06:10:21.371689+00,null,false,null
158184b9-b25a-0bf7-1330-00c45c1bd2e4,00000000-0000-0000-0000-000000000001,5dda0b14-713b-46d0-a6ce-a7a33a2fb6f9,4d1dd99b-b75a-70b5-406b-f5e869954002,0.00,0.00,0.00,11.50,Oct-24,2026-03-20 06:10:21.371689+00,null,false,null
e88a5519-ac2e-a92a-4e88-6ef585640175,00000000-0000-0000-0000-000000000001,5dda0b14-713b-46d0-a6ce-a7a33a2fb6f9,b0d4d2c8-f6ee-bc16-ffd7-fc33c8db8571,11575.50,12724.60,1149.10,11.50,Oct-24,2026-03-20 06:10:21.371689+00,null,false,null
da6ca4b0-9961-01fe-b021-69efdf9b9a04,00000000-0000-0000-0000-000000000001,5dda0b14-713b-46d0-a6ce-a7a33a2fb6f9,0a839c14-2a88-9896-c2f2-8d51fe610405,20117.90,20887.70,769.80,11.50,Oct-24,2026-03-20 06:10:21.371689+00,null,false,null
b2bebfc2-1aae-ee06-c253-9644a1338eec,00000000-0000-0000-0000-000000000001,5dda0b14-713b-46d0-a6ce-a7a33a2fb6f9,79853a4a-cb02-508c-e041-7e23378aec9c,25085.50,26078.90,993.40,11.50,Oct-24,2026-03-20 06:10:21.371689+00,null,false,null
4cf3333b-6252-a54b-25e0-56434274223a,00000000-0000-0000-0000-000000000001,5dda0b14-713b-46d0-a6ce-a7a33a2fb6f9,03edc7c5-4c46-b55e-523d-9fb7be29910b,37234.60,37918.30,683.70,11.50,Oct-24,2026-03-20 06:10:21.371689+00,null,false,null
96e9dd08-0608-a4f9-252c-6da8ad9ee988,00000000-0000-0000-0000-000000000001,5dda0b14-713b-46d0-a6ce-a7a33a2fb6f9,2fc42a4f-fe5a-ae08-0e4e-2c89ca71db85,30895.00,31597.50,702.50,11.50,Oct-24,2026-03-20 06:10:21.371689+00,null,false,null
0708aa79-7fea-c9ff-7a3c-bbf10706bf38,00000000-0000-0000-0000-000000000001,5dda0b14-713b-46d0-a6ce-a7a33a2fb6f9,5d204545-2f72-b89b-3190-a826b5ab6512,40205.70,40829.80,624.10,11.50,Oct-24,2026-03-20 06:10:21.371689+00,null,false,null
5733a794-ad49-6a72-3d4f-a6b07b9e7a9a,00000000-0000-0000-0000-000000000001,5dda0b14-713b-46d0-a6ce-a7a33a2fb6f9,417c9738-a0f7-5a00-1091-37a9fd083dd6,32047.90,32813.40,765.50,11.50,Oct-24,2026-03-20 06:10:21.371689+00,null,false,null
90f4e091-4e2c-ef67-f99d-71c244c8d6ff,00000000-0000-0000-0000-000000000001,5dda0b14-713b-46d0-a6ce-a7a33a2fb6f9,82b270bf-e567-2deb-5ef3-495baafd7645,22498.30,22956.80,458.50,11.50,Oct-24,2026-03-20 06:10:21.371689+00,null,false,null
2dc2b54f-82a4-ae76-0cd0-59e14cf4257b,00000000-0000-0000-0000-000000000001,5dda0b14-713b-46d0-a6ce-a7a33a2fb6f9,574de174-c7bb-bc11-f282-cff2aa2501c5,7238.70,7631.90,393.20,11.50,Oct-24,2026-03-20 06:10:21.371689+00,null,false,null
378f7bb7-c3f3-58f5-4d67-c7c7877587ef,00000000-0000-0000-0000-000000000001,5dda0b14-713b-46d0-a6ce-a7a33a2fb6f9,a361bd0d-c2c1-2aee-6303-d65de004edd0,29935.40,30536.60,601.20,11.50,Oct-24,2026-03-20 06:10:21.371689+00,null,false,null
997a9335-19c7-e299-4e25-93a3894b5062,00000000-0000-0000-0000-000000000001,5dda0b14-713b-46d0-a6ce-a7a33a2fb6f9,8767525e-d22f-a295-bc29-ba104fdc589a,24073.00,24169.20,96.00,11.50,Oct-24,2026-03-20 06:10:21.371689+00,null,false,null
6924acf6-e36f-3fa2-021b-0459ed018f50,00000000-0000-0000-0000-000000000001,5dda0b14-713b-46d0-a6ce-a7a33a2fb6f9,323c0dff-be56-f6ee-f053-ee37de806dea,33581.60,34349.50,767.90,11.50,Oct-24,2026-03-20 06:10:21.371689+00,null,false,null
333f8a80-930b-f037-c79f-ff5e20398b75,00000000-0000-0000-0000-000000000001,5dda0b14-713b-46d0-a6ce-a7a33a2fb6f9,aa73cade-c28c-dc5b-5980-55801ea0d415,32109.40,33020.10,910.70,11.50,Oct-24,2026-03-20 06:10:21.371689+00,null,false,null
ee499498-1113-3a1e-9afe-98e7fb2d32a6,00000000-0000-0000-0000-000000000001,5dda0b14-713b-46d0-a6ce-a7a33a2fb6f9,49ed1c8e-3653-c89b-ec74-16d8e20bb923,23740.40,24479.40,739.00,11.50,Oct-24,2026-03-20 06:10:21.371689+00,null,false,null
d0df27c6-81c9-f868-843b-028df665e0f7,00000000-0000-0000-0000-000000000001,5dda0b14-713b-46d0-a6ce-a7a33a2fb6f9,85292340-826d-52c1-65c7-7f2a9eb2c2c4,50315.70,51539.90,1224.20,11.50,Oct-24,2026-03-20 06:10:21.371689+00,null,false,null
47148ccb-52ed-6358-983a-4bf31bac7c57,00000000-0000-0000-0000-000000000001,5dda0b14-713b-46d0-a6ce-a7a33a2fb6f9,bde00681-ebfc-ef38-4f6e-4906a012de6b,39579.10,40345.50,766.40,11.50,Oct-24,2026-03-20 06:10:21.371689+00,null,false,null
789eb854-bb8f-6299-9362-23efcc42626e,00000000-0000-0000-0000-000000000001,5dda0b14-713b-46d0-a6ce-a7a33a2fb6f9,ffbd5fe0-d9b3-cb55-cfd7-2d72a3498109,48331.20,49006.80,675.60,11.50,Oct-24,2026-03-20 06:10:21.371689+00,null,false,null
5901623e-104f-32a8-46b5-2d71d3c68662,00000000-0000-0000-0000-000000000001,5dda0b14-713b-46d0-a6ce-a7a33a2fb6f9,bc7f358d-0d6d-f95f-ff80-9089eefdef69,40624.80,41532.20,907.40,11.50,Oct-24,2026-03-20 06:10:21.371689+00,null,false,null
3e381232-7967-9a3f-39db-dcb2e0c14959,00000000-0000-0000-0000-000000000001,5dda0b14-713b-46d0-a6ce-a7a33a2fb6f9,b0875d50-a469-821b-57c3-03ac62809198,27591.20,28019.80,428.60,11.50,Oct-24,2026-03-20 06:10:21.371689+00,null,false,null
4f77bc67-b7f7-f729-2ce2-ff7b26e1eee6,00000000-0000-0000-0000-000000000001,5dda0b14-713b-46d0-a6ce-a7a33a2fb6f9,dd96a329-ec95-e96a-1348-69d976f39cd4,36282.90,37123.40,840.50,11.50,Oct-24,2026-03-20 06:10:21.371689+00,null,false,null
791219d5-4d64-3443-6e4c-7340c7d39d94,00000000-0000-0000-0000-000000000001,5dda0b14-713b-46d0-a6ce-a7a33a2fb6f9,77c3a6fd-4651-d880-29aa-abd19c8324df,26260.90,26814.60,553.70,11.50,Oct-24,2026-03-20 06:10:21.371689+00,null,false,null
369cc6b3-71ec-7ff9-2a95-ac4ad6d572ee,00000000-0000-0000-0000-000000000001,5dda0b14-713b-46d0-a6ce-a7a33a2fb6f9,86ad1ceb-8d81-a926-d998-3a2f1cafba06,16033.20,16438.70,405.50,11.50,Oct-24,2026-03-20 06:10:21.371689+00,null,false,null
d0cd63c5-93fa-3a24-9acc-4f1cdc8d4277,00000000-0000-0000-0000-000000000001,5dda0b14-713b-46d0-a6ce-a7a33a2fb6f9,10c6863d-07c3-4fc4-94f9-6adc29157ce1,29766.80,30376.10,609.30,11.50,Oct-24,2026-03-20 06:10:21.371689+00,null,false,null
6b4ec0aa-7fc1-587f-1a09-98bf0dd1ed26,00000000-0000-0000-0000-000000000001,5dda0b14-713b-46d0-a6ce-a7a33a2fb6f9,990e8a3e-a69c-7b31-f606-3eeb21e3d4c6,26876.90,27259.80,382.90,11.50,Oct-24,2026-03-20 06:10:21.371689+00,null,false,null
8ca95244-d672-d1e6-7f67-4b813984d169,00000000-0000-0000-0000-000000000001,5dda0b14-713b-46d0-a6ce-a7a33a2fb6f9,1b4d1066-8fe4-199b-7b3b-39e4bded9714,6098.00,7167.20,1069.20,11.50,Oct-24,2026-03-20 06:10:21.371689+00,null,false,null
a1e3ec44-2740-33bf-18fe-7d6d679ce8ad,00000000-0000-0000-0000-000000000001,5dda0b14-713b-46d0-a6ce-a7a33a2fb6f9,9d5d0096-0b78-a663-1142-be871dfa2bda,17058.30,18030.30,972.00,11.50,Oct-24,2026-03-20 06:10:21.371689+00,null,false,null
cd11ae19-c363-a6ac-d292-9b8935deb50b,00000000-0000-0000-0000-000000000001,5dda0b14-713b-46d0-a6ce-a7a33a2fb6f9,fb5cedd6-2992-1c62-7fba-4a7a6b43b2ff,14334.70,15201.50,866.80,11.50,Oct-24,2026-03-20 06:10:21.371689+00,null,false,null
c2006469-01ce-6762-2aa6-0a44b5551574,00000000-0000-0000-0000-000000000001,5dda0b14-713b-46d0-a6ce-a7a33a2fb6f9,233cca0e-efcf-e631-d2fc-9997a6ba5706,11839.70,12450.70,611.00,11.50,Oct-24,2026-03-20 06:10:21.371689+00,null,false,null
a89fb902-a901-22d2-cf07-6550eb5eb1c9,00000000-0000-0000-0000-000000000001,5dda0b14-713b-46d0-a6ce-a7a33a2fb6f9,dc4adc21-f501-0573-2e9a-d7bbbc89e5d6,28626.00,29081.30,455.26,11.50,Oct-24,2026-03-20 06:10:21.371689+00,null,false,null
022d5535-de07-a942-8f9d-36b009f7d9e0,00000000-0000-0000-0000-000000000001,5dda0b14-713b-46d0-a6ce-a7a33a2fb6f9,c17c5093-48b7-139f-ebfc-1cd33ef5179c,9470.40,10041.20,570.80,11.50,Oct-24,2026-03-20 06:10:21.371689+00,null,false,null
daa5ae03-6024-c593-0c5c-99c71c6029cc,00000000-0000-0000-0000-000000000001,5dda0b14-713b-46d0-a6ce-a7a33a2fb6f9,1183b300-b9ae-5e28-acb2-304cb2fd36db,0.00,0.00,0.00,11.50,Oct-24,2026-03-20 06:10:21.371689+00,null,false,null
b957af66-86a5-7ecc-f7f1-4005853901bd,00000000-0000-0000-0000-000000000001,5dda0b14-713b-46d0-a6ce-a7a33a2fb6f9,44625074-3f26-4a2d-74ae-56ba4c94a395,21468.80,21810.90,342.14,11.50,Oct-24,2026-03-20 06:10:21.371689+00,null,false,null
9a133c52-746f-c5e9-9803-eaaa4e834857,00000000-0000-0000-0000-000000000001,5dda0b14-713b-46d0-a6ce-a7a33a2fb6f9,c2ff0c11-4d1b-7b9b-b93c-aa37c9b6c40b,9284.45,9676.80,392.35,11.50,Oct-24,2026-03-20 06:10:21.371689+00,null,false,null
03170d9e-5a8f-9473-2ce1-c8c321b25cb2,00000000-0000-0000-0000-000000000001,5dda0b14-713b-46d0-a6ce-a7a33a2fb6f9,7719849e-1d17-27d2-31d4-475a4e71f261,6963.34,7257.60,294.26,11.50,Oct-24,2026-03-20 06:10:21.371689+00,null,false,null
c8dcdc5f-15fe-11bc-2382-ba71780af128,00000000-0000-0000-0000-000000000001,5dda0b14-713b-46d0-a6ce-a7a33a2fb6f9,211a2b33-4e94-3da1-7d97-406bc26036f5,0.00,0.00,0.00,11.50,Nov-24,2026-03-20 06:10:21.371689+00,null,false,null
ae9a1514-d559-ce5c-0479-3e23f082c9af,00000000-0000-0000-0000-000000000001,5dda0b14-713b-46d0-a6ce-a7a33a2fb6f9,188aee4d-68e0-1ddb-38e6-a946bc75072d,0.00,0.00,0.00,11.50,Nov-24,2026-03-20 06:10:21.371689+00,null,false,null
ec0b2e9e-36f8-f766-d6c6-12e99fd85480,00000000-0000-0000-0000-000000000001,5dda0b14-713b-46d0-a6ce-a7a33a2fb6f9,4d1dd99b-b75a-70b5-406b-f5e869954002,0.00,0.00,0.00,11.50,Nov-24,2026-03-20 06:10:21.371689+00,null,false,null
22630ffe-8c12-af54-bc43-5329ee619955,00000000-0000-0000-0000-000000000001,5dda0b14-713b-46d0-a6ce-a7a33a2fb6f9,b0d4d2c8-f6ee-bc16-ffd7-fc33c8db8571,12724.60,13656.50,931.90,11.50,Nov-24,2026-03-20 06:10:21.371689+00,null,false,null
4c4998d4-896f-04e8-8a15-454ec3df8ece,00000000-0000-0000-0000-000000000001,5dda0b14-713b-46d0-a6ce-a7a33a2fb6f9,0a839c14-2a88-9896-c2f2-8d51fe610405,20887.70,21467.50,579.80,11.50,Nov-24,2026-03-20 06:10:21.371689+00,null,false,null
f1c62a3b-4641-3d6a-6b76-85491dc46751,00000000-0000-0000-0000-000000000001,5dda0b14-713b-46d0-a6ce-a7a33a2fb6f9,79853a4a-cb02-508c-e041-7e23378aec9c,26078.90,26957.70,878.80,11.50,Nov-24,2026-03-20 06:10:21.371689+00,null,false,null
661da790-2027-4ff9-8a74-41f6ff765b36,00000000-0000-0000-0000-000000000001,5dda0b14-713b-46d0-a6ce-a7a33a2fb6f9,03edc7c5-4c46-b55e-523d-9fb7be29910b,37918.30,38578.30,660.00,11.50,Nov-24,2026-03-20 06:10:21.371689+00,null,false,null
b4c16a66-681c-6c7f-0970-0d15b0e2be68,00000000-0000-0000-0000-000000000001,5dda0b14-713b-46d0-a6ce-a7a33a2fb6f9,2fc42a4f-fe5a-ae08-0e4e-2c89ca71db85,31597.50,32256.00,658.50,11.50,Nov-24,2026-03-20 06:10:21.371689+00,null,false,null
96003142-afb5-cf99-5181-7db0c818ce6e,00000000-0000-0000-0000-000000000001,5dda0b14-713b-46d0-a6ce-a7a33a2fb6f9,5d204545-2f72-b89b-3190-a826b5ab6512,40829.80,41426.30,596.50,11.50,Nov-24,2026-03-20 06:10:21.371689+00,null,false,null
7c5b1543-8c7e-3fef-b892-e13d9da18144,00000000-0000-0000-0000-000000000001,5dda0b14-713b-46d0-a6ce-a7a33a2fb6f9,417c9738-a0f7-5a00-1091-37a9fd083dd6,32813.40,33354.10,540.70,11.50,Nov-24,2026-03-20 06:10:21.371689+00,null,false,null
481a4a4f-03e9-0c54-91a6-f699ef9a9077,00000000-0000-0000-0000-000000000001,5dda0b14-713b-46d0-a6ce-a7a33a2fb6f9,82b270bf-e567-2deb-5ef3-495baafd7645,22956.80,23309.00,352.20,11.50,Nov-24,2026-03-20 06:10:21.371689+00,null,false,null
732502d1-3d0d-ca09-8630-9838542b7735,00000000-0000-0000-0000-000000000001,5dda0b14-713b-46d0-a6ce-a7a33a2fb6f9,574de174-c7bb-bc11-f282-cff2aa2501c5,7631.90,7929.30,297.40,11.50,Nov-24,2026-03-20 06:10:21.371689+00,null,false,null
c4f3a183-01f4-53b3-e379-c846f5b705fd,00000000-0000-0000-0000-000000000001,5dda0b14-713b-46d0-a6ce-a7a33a2fb6f9,a361bd0d-c2c1-2aee-6303-d65de004edd0,30536.60,31442.50,905.90,11.50,Nov-24,2026-03-20 06:10:21.371689+00,null,false,null
dc5de586-89c6-8701-4f19-79bdc37cdf75,00000000-0000-0000-0000-000000000001,5dda0b14-713b-46d0-a6ce-a7a33a2fb6f9,8767525e-d22f-a295-bc29-ba104fdc589a,24169.20,24439.90,270.70,11.50,Nov-24,2026-03-20 06:10:21.371689+00,null,false,null
735cb901-6efe-512f-fd65-222a21ab6183,00000000-0000-0000-0000-000000000001,5dda0b14-713b-46d0-a6ce-a7a33a2fb6f9,323c0dff-be56-f6ee-f053-ee37de806dea,34349.50,35109.30,759.80,11.50,Nov-24,2026-03-20 06:10:21.371689+00,null,false,null
dca8763f-5a64-c58e-1421-cebd9d2037b2,00000000-0000-0000-0000-000000000001,5dda0b14-713b-46d0-a6ce-a7a33a2fb6f9,aa73cade-c28c-dc5b-5980-55801ea0d415,33020.10,33756.80,736.70,11.50,Nov-24,2026-03-20 06:10:21.371689+00,null,false,null
1a9b2ab0-0b77-9a6d-f034-5b2696909fa5,00000000-0000-0000-0000-000000000001,5dda0b14-713b-46d0-a6ce-a7a33a2fb6f9,49ed1c8e-3653-c89b-ec74-16d8e20bb923,24479.40,25056.70,577.30,11.50,Nov-24,2026-03-20 06:10:21.371689+00,null,false,null
d4227b9f-f4a7-6a77-2777-9ccd3cb46a65,00000000-0000-0000-0000-000000000001,5dda0b14-713b-46d0-a6ce-a7a33a2fb6f9,85292340-826d-52c1-65c7-7f2a9eb2c2c4,51539.90,52205.70,665.80,11.50,Nov-24,2026-03-20 06:10:21.371689+00,null,false,null
97ce9b14-812b-125b-34d4-4aff51a7125b,00000000-0000-0000-0000-000000000001,5dda0b14-713b-46d0-a6ce-a7a33a2fb6f9,bde00681-ebfc-ef38-4f6e-4906a012de6b,40345.50,40957.30,611.80,11.50,Nov-24,2026-03-20 06:10:21.371689+00,null,false,null
5e0e39c5-1def-7267-d1fe-7867e0f159f4,00000000-0000-0000-0000-000000000001,5dda0b14-713b-46d0-a6ce-a7a33a2fb6f9,ffbd5fe0-d9b3-cb55-cfd7-2d72a3498109,49006.80,49864.10,857.30,11.50,Nov-24,2026-03-20 06:10:21.371689+00,null,false,null
1308bbee-2308-2f21-833c-0d28dfeef7f2,00000000-0000-0000-0000-000000000001,5dda0b14-713b-46d0-a6ce-a7a33a2fb6f9,bc7f358d-0d6d-f95f-ff80-9089eefdef69,41532.20,42061.60,529.40,11.50,Nov-24,2026-03-20 06:10:21.371689+00,null,false,null
2f67b3c1-f37f-a5bf-1213-1ad5da42eb6b,00000000-0000-0000-0000-000000000001,5dda0b14-713b-46d0-a6ce-a7a33a2fb6f9,b0875d50-a469-821b-57c3-03ac62809198,28019.80,28404.90,385.10,11.50,Nov-24,2026-03-20 06:10:21.371689+00,null,false,null
bcdf62b9-aa1e-fd71-bddd-861976f2a161,00000000-0000-0000-0000-000000000001,5dda0b14-713b-46d0-a6ce-a7a33a2fb6f9,dd96a329-ec95-e96a-1348-69d976f39cd4,37123.40,37789.60,666.25,11.50,Nov-24,2026-03-20 06:10:21.371689+00,null,false,null
91c23241-803c-3992-f1b7-2bdd490e273f,00000000-0000-0000-0000-000000000001,5dda0b14-713b-46d0-a6ce-a7a33a2fb6f9,77c3a6fd-4651-d880-29aa-abd19c8324df,26814.60,27322.70,508.10,11.50,Nov-24,2026-03-20 06:10:21.371689+00,null,false,null
357b7f54-f755-23b8-86cb-46d02d875236,00000000-0000-0000-0000-000000000001,5dda0b14-713b-46d0-a6ce-a7a33a2fb6f9,86ad1ceb-8d81-a926-d998-3a2f1cafba06,16438.70,16925.00,486.30,11.50,Nov-24,2026-03-20 06:10:21.371689+00,null,false,null
6eec0d31-7970-8ff0-1a94-32fc43176d67,00000000-0000-0000-0000-000000000001,5dda0b14-713b-46d0-a6ce-a7a33a2fb6f9,10c6863d-07c3-4fc4-94f9-6adc29157ce1,30376.10,30866.70,490.60,11.50,Nov-24,2026-03-20 06:10:21.371689+00,null,false,null
7d18c415-3b66-30db-9f70-5c80cb39d0d5,00000000-0000-0000-0000-000000000001,5dda0b14-713b-46d0-a6ce-a7a33a2fb6f9,990e8a3e-a69c-7b31-f606-3eeb21e3d4c6,27259.80,27611.50,351.70,11.50,Nov-24,2026-03-20 06:10:21.371689+00,null,false,null
9f0ea29c-93c4-6310-a480-90007b83a1b2,00000000-0000-0000-0000-000000000001,5dda0b14-713b-46d0-a6ce-a7a33a2fb6f9,1b4d1066-8fe4-199b-7b3b-39e4bded9714,7167.20,8030.50,863.30,11.50,Nov-24,2026-03-20 06:10:21.371689+00,null,false,null
7184cf4f-10bc-8701-e6c2-26832540a333,00000000-0000-0000-0000-000000000001,5dda0b14-713b-46d0-a6ce-a7a33a2fb6f9,9d5d0096-0b78-a663-1142-be871dfa2bda,18030.30,18774.00,743.70,11.50,Nov-24,2026-03-20 06:10:21.371689+00,null,false,null
6f92cb8d-3105-7c40-f0a4-1f6c026e8b52,00000000-0000-0000-0000-000000000001,5dda0b14-713b-46d0-a6ce-a7a33a2fb6f9,fb5cedd6-2992-1c62-7fba-4a7a6b43b2ff,15201.50,15832.80,631.30,11.50,Nov-24,2026-03-20 06:10:21.371689+00,null,false,null
0a86c0d5-7b0f-0c9f-6f35-96c8d00fbb70,00000000-0000-0000-0000-000000000001,5dda0b14-713b-46d0-a6ce-a7a33a2fb6f9,233cca0e-efcf-e631-d2fc-9997a6ba5706,12450.70,12926.20,475.50,11.50,Nov-24,2026-03-20 06:10:21.371689+00,null,false,null
be864570-a661-7667-be8c-381651d7de36,00000000-0000-0000-0000-000000000001,5dda0b14-713b-46d0-a6ce-a7a33a2fb6f9,dc4adc21-f501-0573-2e9a-d7bbbc89e5d6,29081.30,29499.60,418.30,11.50,Nov-24,2026-03-20 06:10:21.371689+00,null,false,null
e7da471b-6b45-1512-d78a-ee2941d93ced,00000000-0000-0000-0000-000000000001,5dda0b14-713b-46d0-a6ce-a7a33a2fb6f9,c17c5093-48b7-139f-ebfc-1cd33ef5179c,10041.20,10590.90,549.70,11.50,Nov-24,2026-03-20 06:10:21.371689+00,null,false,null
5ad6dcdd-f910-b60c-4006-6de3e96b4f8d,00000000-0000-0000-0000-000000000001,5dda0b14-713b-46d0-a6ce-a7a33a2fb6f9,1183b300-b9ae-5e28-acb2-304cb2fd36db,0.00,0.00,0.00,11.50,Nov-24,2026-03-20 06:10:21.371689+00,null,false,null
4ed4fd7e-20c2-7e11-a818-388f7b1a60c6,00000000-0000-0000-0000-000000000001,5dda0b14-713b-46d0-a6ce-a7a33a2fb6f9,44625074-3f26-4a2d-74ae-56ba4c94a395,21810.90,22081.80,270.94,11.50,Nov-24,2026-03-20 06:10:21.371689+00,null,false,null
ddbe5051-565b-897c-109f-10638b0efd32,00000000-0000-0000-0000-000000000001,5dda0b14-713b-46d0-a6ce-a7a33a2fb6f9,c2ff0c11-4d1b-7b9b-b93c-aa37c9b6c40b,9676.80,10064.60,387.77,11.50,Nov-24,2026-03-20 06:10:21.371689+00,null,false,null
d164411f-b38e-f533-25d8-3aae67f82329,00000000-0000-0000-0000-000000000001,5dda0b14-713b-46d0-a6ce-a7a33a2fb6f9,7719849e-1d17-27d2-31d4-475a4e71f261,7257.60,7548.43,290.83,11.50,Nov-24,2026-03-20 06:10:21.371689+00,null,false,null
561129fa-cf2a-c839-9de8-c2b9c58ab9c7,00000000-0000-0000-0000-000000000001,5dda0b14-713b-46d0-a6ce-a7a33a2fb6f9,d2298bb8-a5e5-735a-c8ca-9b18c7daacd6,37848.00,38519.50,671.00,11.50,Nov-24,2026-03-20 06:10:21.371689+00,null,false,null
00c2cdce-a940-1d82-d562-0141b481cbcb,00000000-0000-0000-0000-000000000001,5dda0b14-713b-46d0-a6ce-a7a33a2fb6f9,211a2b33-4e94-3da1-7d97-406bc26036f5,0.00,0.00,0.00,11.50,Dec-24,2026-03-20 06:10:21.371689+00,null,false,null
047f7364-0eb0-87f8-390e-4ef8a74dfc65,00000000-0000-0000-0000-000000000001,5dda0b14-713b-46d0-a6ce-a7a33a2fb6f9,188aee4d-68e0-1ddb-38e6-a946bc75072d,0.00,0.00,0.00,11.50,Dec-24,2026-03-20 06:10:21.371689+00,null,false,null
4e2efeda-2999-762d-fe2c-c8817f3bc407,00000000-0000-0000-0000-000000000001,5dda0b14-713b-46d0-a6ce-a7a33a2fb6f9,4d1dd99b-b75a-70b5-406b-f5e869954002,0.00,0.00,0.00,11.50,Dec-24,2026-03-20 06:10:21.371689+00,null,false,null
0650444e-6f2a-4c4d-d326-077c16c50455,00000000-0000-0000-0000-000000000001,5dda0b14-713b-46d0-a6ce-a7a33a2fb6f9,b0d4d2c8-f6ee-bc16-ffd7-fc33c8db8571,13656.50,14358.00,701.50,11.50,Dec-24,2026-03-20 06:10:21.371689+00,null,false,null
a3097965-da4c-dbb8-2f14-bba95f10ae4e,00000000-0000-0000-0000-000000000001,5dda0b14-713b-46d0-a6ce-a7a33a2fb6f9,0a839c14-2a88-9896-c2f2-8d51fe610405,21467.50,21889.10,421.60,11.50,Dec-24,2026-03-20 06:10:21.371689+00,null,false,null
dcee55b1-61ba-a6b6-f86d-40c7684de674,00000000-0000-0000-0000-000000000001,5dda0b14-713b-46d0-a6ce-a7a33a2fb6f9,79853a4a-cb02-508c-e041-7e23378aec9c,26957.70,27779.10,821.40,11.50,Dec-24,2026-03-20 06:10:21.371689+00,null,false,null
f631e8f0-043a-51ae-a30b-b699e3990065,00000000-0000-0000-0000-000000000001,5dda0b14-713b-46d0-a6ce-a7a33a2fb6f9,03edc7c5-4c46-b55e-523d-9fb7be29910b,38578.30,38949.60,371.30,11.50,Dec-24,2026-03-20 06:10:21.371689+00,null,false,null
0250e5c2-dc14-8e5d-cc71-146ffae79398,00000000-0000-0000-0000-000000000001,5dda0b14-713b-46d0-a6ce-a7a33a2fb6f9,2fc42a4f-fe5a-ae08-0e4e-2c89ca71db85,32256.00,32752.10,496.10,11.50,Dec-24,2026-03-20 06:10:21.371689+00,null,false,null
0ff3490f-ea5b-27ea-19c7-6438c631eea2,00000000-0000-0000-0000-000000000001,5dda0b14-713b-46d0-a6ce-a7a33a2fb6f9,5d204545-2f72-b89b-3190-a826b5ab6512,41426.30,42029.00,602.70,11.50,Dec-24,2026-03-20 06:10:21.371689+00,null,false,null
54ab9c7e-f9c4-832e-85a3-06a0f1a9796e,00000000-0000-0000-0000-000000000001,5dda0b14-713b-46d0-a6ce-a7a33a2fb6f9,417c9738-a0f7-5a00-1091-37a9fd083dd6,33354.10,33802.40,448.30,11.50,Dec-24,2026-03-20 06:10:21.371689+00,null,false,null
444b0153-9249-2402-c221-caf55cd26f98,00000000-0000-0000-0000-000000000001,5dda0b14-713b-46d0-a6ce-a7a33a2fb6f9,82b270bf-e567-2deb-5ef3-495baafd7645,23309.00,23509.30,200.30,11.50,Dec-24,2026-03-20 06:10:21.371689+00,null,false,null
9a34dd14-d52d-b8de-9d81-f7111928767c,00000000-0000-0000-0000-000000000001,5dda0b14-713b-46d0-a6ce-a7a33a2fb6f9,574de174-c7bb-bc11-f282-cff2aa2501c5,7929.30,8361.20,431.90,11.50,Dec-24,2026-03-20 06:10:21.371689+00,null,false,null
851055f2-5922-5c91-5d5a-ab1c685f2988,00000000-0000-0000-0000-000000000001,5dda0b14-713b-46d0-a6ce-a7a33a2fb6f9,a361bd0d-c2c1-2aee-6303-d65de004edd0,31442.50,31500.40,57.90,11.50,Dec-24,2026-03-20 06:10:21.371689+00,null,false,null
68e042f7-af53-61ca-73b2-4577a4de5fc9,00000000-0000-0000-0000-000000000001,5dda0b14-713b-46d0-a6ce-a7a33a2fb6f9,8767525e-d22f-a295-bc29-ba104fdc589a,24439.90,24696.60,256.70,11.50,Dec-24,2026-03-20 06:10:21.371689+00,null,false,null
9118e491-94e4-cf04-41ed-9c77c3d0f412,00000000-0000-0000-0000-000000000001,5dda0b14-713b-46d0-a6ce-a7a33a2fb6f9,323c0dff-be56-f6ee-f053-ee37de806dea,35109.30,35825.60,716.30,11.50,Dec-24,2026-03-20 06:10:21.371689+00,null,false,null
714d6b16-72b5-d5df-1877-7f4a133834d4,00000000-0000-0000-0000-000000000001,5dda0b14-713b-46d0-a6ce-a7a33a2fb6f9,aa73cade-c28c-dc5b-5980-55801ea0d415,33756.80,34355.20,598.40,11.50,Dec-24,2026-03-20 06:10:21.371689+00,null,false,null
828a63b1-0c64-4740-c554-8635db85d22a,00000000-0000-0000-0000-000000000001,5dda0b14-713b-46d0-a6ce-a7a33a2fb6f9,49ed1c8e-3653-c89b-ec74-16d8e20bb923,25056.70,25519.00,462.30,11.50,Dec-24,2026-03-20 06:10:21.371689+00,null,false,null
b3c43033-27b2-b6b4-e08e-b3cbcf0c9989,00000000-0000-0000-0000-000000000001,5dda0b14-713b-46d0-a6ce-a7a33a2fb6f9,85292340-826d-52c1-65c7-7f2a9eb2c2c4,52205.70,52828.40,622.70,11.50,Dec-24,2026-03-20 06:10:21.371689+00,null,false,null
5a734ce6-9594-d36e-af1a-11f2b9409b7a,00000000-0000-0000-0000-000000000001,5dda0b14-713b-46d0-a6ce-a7a33a2fb6f9,bde00681-ebfc-ef38-4f6e-4906a012de6b,40957.30,41488.00,530.70,11.50,Dec-24,2026-03-20 06:10:21.371689+00,null,false,null
754c8997-18df-8716-0d24-ae09acecd13e,00000000-0000-0000-0000-000000000001,5dda0b14-713b-46d0-a6ce-a7a33a2fb6f9,ffbd5fe0-d9b3-cb55-cfd7-2d72a3498109,49864.10,50350.40,486.30,11.50,Dec-24,2026-03-20 06:10:21.371689+00,null,false,null
c8436e68-49c0-c47c-37bd-de416caf77d0,00000000-0000-0000-0000-000000000001,5dda0b14-713b-46d0-a6ce-a7a33a2fb6f9,bc7f358d-0d6d-f95f-ff80-9089eefdef69,42061.60,42556.50,494.90,11.50,Dec-24,2026-03-20 06:10:21.371689+00,null,false,null
62189456-9b65-6c2f-5cc1-10c15beee113,00000000-0000-0000-0000-000000000001,5dda0b14-713b-46d0-a6ce-a7a33a2fb6f9,b0875d50-a469-821b-57c3-03ac62809198,28404.90,28787.40,382.50,11.50,Dec-24,2026-03-20 06:10:21.371689+00,null,false,null
fcf138af-f217-06b0-a160-76413037e6a3,00000000-0000-0000-0000-000000000001,5dda0b14-713b-46d0-a6ce-a7a33a2fb6f9,dd96a329-ec95-e96a-1348-69d976f39cd4,76151.00,76722.00,571.00,11.50,Dec-24,2026-03-20 06:10:21.371689+00,null,false,null
ef6429ed-6bf7-15be-d42e-4d2227fb9dab,00000000-0000-0000-0000-000000000001,5dda0b14-713b-46d0-a6ce-a7a33a2fb6f9,77c3a6fd-4651-d880-29aa-abd19c8324df,27322.70,27797.40,474.70,11.50,Dec-24,2026-03-20 06:10:21.371689+00,null,false,null
2afbf190-929d-a265-191c-065e1403e1e6,00000000-0000-0000-0000-000000000001,5dda0b14-713b-46d0-a6ce-a7a33a2fb6f9,86ad1ceb-8d81-a926-d998-3a2f1cafba06,16925.00,17424.80,499.80,11.50,Dec-24,2026-03-20 06:10:21.371689+00,null,false,null
e1688ad3-5cf4-11c9-d1a9-926f5d62dc64,00000000-0000-0000-0000-000000000001,5dda0b14-713b-46d0-a6ce-a7a33a2fb6f9,10c6863d-07c3-4fc4-94f9-6adc29157ce1,30866.70,31242.40,375.70,11.50,Dec-24,2026-03-20 06:10:21.371689+00,null,false,null
132a28f3-7cc5-8d7b-0f15-1a28fe510410,00000000-0000-0000-0000-000000000001,5dda0b14-713b-46d0-a6ce-a7a33a2fb6f9,990e8a3e-a69c-7b31-f606-3eeb21e3d4c6,27611.50,27892.30,280.80,11.50,Dec-24,2026-03-20 06:10:21.371689+00,null,false,null
bb3c06b7-ca04-ec60-b9d4-fdf1a81d50ea,00000000-0000-0000-0000-000000000001,5dda0b14-713b-46d0-a6ce-a7a33a2fb6f9,1b4d1066-8fe4-199b-7b3b-39e4bded9714,8030.50,8802.80,772.30,11.50,Dec-24,2026-03-20 06:10:21.371689+00,null,false,null
fa0412d8-02f1-9264-7077-29cb8a72f9a7,00000000-0000-0000-0000-000000000001,5dda0b14-713b-46d0-a6ce-a7a33a2fb6f9,9d5d0096-0b78-a663-1142-be871dfa2bda,18774.00,19646.20,872.20,11.50,Dec-24,2026-03-20 06:10:21.371689+00,null,false,null
83fde790-3df8-02bd-1ad9-61bf5fda7a25,00000000-0000-0000-0000-000000000001,5dda0b14-713b-46d0-a6ce-a7a33a2fb6f9,fb5cedd6-2992-1c62-7fba-4a7a6b43b2ff,15832.80,16393.60,560.80,11.50,Dec-24,2026-03-20 06:10:21.371689+00,null,false,null
697b8bb4-ac87-cceb-bc61-8e5d2deb11a9,00000000-0000-0000-0000-000000000001,5dda0b14-713b-46d0-a6ce-a7a33a2fb6f9,233cca0e-efcf-e631-d2fc-9997a6ba5706,12926.20,13229.60,303.40,11.50,Dec-24,2026-03-20 06:10:21.371689+00,null,false,null
9243bba9-bb9a-d7df-cd53-a4875cb98175,00000000-0000-0000-0000-000000000001,5dda0b14-713b-46d0-a6ce-a7a33a2fb6f9,dc4adc21-f501-0573-2e9a-d7bbbc89e5d6,51926.00,52326.90,401.00,11.50,Dec-24,2026-03-20 06:10:21.371689+00,null,false,null
197e8412-c1b9-0cef-8823-eafd41de1195,00000000-0000-0000-0000-000000000001,5dda0b14-713b-46d0-a6ce-a7a33a2fb6f9,c17c5093-48b7-139f-ebfc-1cd33ef5179c,10590.90,11000.00,409.10,11.50,Dec-24,2026-03-20 06:10:21.371689+00,null,false,null
fccfcbb6-88ce-9edd-1cd7-2137df4a660f,00000000-0000-0000-0000-000000000001,5dda0b14-713b-46d0-a6ce-a7a33a2fb6f9,1183b300-b9ae-5e28-acb2-304cb2fd36db,0.00,0.00,0.00,11.50,Dec-24,2026-03-20 06:10:21.371689+00,null,false,null
4ead244d-fa95-e1e5-26a2-44ece3950086,00000000-0000-0000-0000-000000000001,5dda0b14-713b-46d0-a6ce-a7a33a2fb6f9,44625074-3f26-4a2d-74ae-56ba4c94a395,22081.80,22625.00,544.00,11.50,Dec-24,2026-03-20 06:10:21.371689+00,null,false,null
20e492ff-f67c-6e34-1f39-62e84b1697cb,00000000-0000-0000-0000-000000000001,5dda0b14-713b-46d0-a6ce-a7a33a2fb6f9,c2ff0c11-4d1b-7b9b-b93c-aa37c9b6c40b,17804.00,18059.90,255.00,11.50,Dec-24,2026-03-20 06:10:21.371689+00,null,false,null
2bf0ded4-2de3-a91b-6717-6929f666b25b,00000000-0000-0000-0000-000000000001,5dda0b14-713b-46d0-a6ce-a7a33a2fb6f9,7719849e-1d17-27d2-31d4-475a4e71f261,7548.43,8125.00,577.00,11.50,Dec-24,2026-03-20 06:10:21.371689+00,null,false,null
a24f0818-3cd5-8abc-8ee2-0ce4de60e697,00000000-0000-0000-0000-000000000001,5dda0b14-713b-46d0-a6ce-a7a33a2fb6f9,d2298bb8-a5e5-735a-c8ca-9b18c7daacd6,38519.50,38940.00,421.00,11.50,Dec-24,2026-03-20 06:10:21.371689+00,null,false,null
da930871-6fd6-ef22-44ad-8451e86a5f40,00000000-0000-0000-0000-000000000001,5dda0b14-713b-46d0-a6ce-a7a33a2fb6f9,211a2b33-4e94-3da1-7d97-406bc26036f5,0.00,0.00,0.00,11.50,Jan-25,2026-03-20 06:10:21.371689+00,null,false,null
cb52aa94-bf0d-5897-776a-66343af53373,00000000-0000-0000-0000-000000000001,5dda0b14-713b-46d0-a6ce-a7a33a2fb6f9,188aee4d-68e0-1ddb-38e6-a946bc75072d,0.00,0.00,0.00,11.50,Jan-25,2026-03-20 06:10:21.371689+00,null,false,null
c93d2e4e-58f0-dfb6-c3a4-2639aa84959e,00000000-0000-0000-0000-000000000001,5dda0b14-713b-46d0-a6ce-a7a33a2fb6f9,4d1dd99b-b75a-70b5-406b-f5e869954002,0.00,0.00,0.00,11.50,Jan-25,2026-03-20 06:10:21.371689+00,null,false,null
949d175d-1016-6cc4-79cd-ea41da964902,00000000-0000-0000-0000-000000000001,5dda0b14-713b-46d0-a6ce-a7a33a2fb6f9,b0d4d2c8-f6ee-bc16-ffd7-fc33c8db8571,14358.00,15120.10,762.10,11.50,Jan-25,2026-03-20 06:10:21.371689+00,null,false,null
5962079c-84be-166f-bf31-1af8577c2ed7,00000000-0000-0000-0000-000000000001,5dda0b14-713b-46d0-a6ce-a7a33a2fb6f9,0a839c14-2a88-9896-c2f2-8d51fe610405,21889.10,22217.50,328.40,11.50,Jan-25,2026-03-20 06:10:21.371689+00,null,false,null
f1f428ee-59eb-2685-7f15-48b72cbfd8a5,00000000-0000-0000-0000-000000000001,5dda0b14-713b-46d0-a6ce-a7a33a2fb6f9,79853a4a-cb02-508c-e041-7e23378aec9c,27779.10,28544.60,765.50,11.50,Jan-25,2026-03-20 06:10:21.371689+00,null,false,null
9f669e44-46f7-c641-ae10-5aace2c09b43,00000000-0000-0000-0000-000000000001,5dda0b14-713b-46d0-a6ce-a7a33a2fb6f9,03edc7c5-4c46-b55e-523d-9fb7be29910b,38949.60,39638.20,688.60,11.50,Jan-25,2026-03-20 06:10:21.371689+00,null,false,null
39942fce-5533-9fad-f95d-1c2b39b1244e,00000000-0000-0000-0000-000000000001,5dda0b14-713b-46d0-a6ce-a7a33a2fb6f9,2fc42a4f-fe5a-ae08-0e4e-2c89ca71db85,32752.10,33175.60,423.50,11.50,Jan-25,2026-03-20 06:10:21.371689+00,null,false,null
383ce72b-f82b-5bd3-475d-5df7a7b36c4b,00000000-0000-0000-0000-000000000001,5dda0b14-713b-46d0-a6ce-a7a33a2fb6f9,5d204545-2f72-b89b-3190-a826b5ab6512,42029.00,42502.60,473.60,11.50,Jan-25,2026-03-20 06:10:21.371689+00,null,false,null
fcb42722-2b62-5f98-cae7-6e8aa928e949,00000000-0000-0000-0000-000000000001,5dda0b14-713b-46d0-a6ce-a7a33a2fb6f9,417c9738-a0f7-5a00-1091-37a9fd083dd6,33802.40,34317.20,514.80,11.50,Jan-25,2026-03-20 06:10:21.371689+00,null,false,null
864ab87a-9c58-cfa4-c251-99a0128e597c,00000000-0000-0000-0000-000000000001,5dda0b14-713b-46d0-a6ce-a7a33a2fb6f9,82b270bf-e567-2deb-5ef3-495baafd7645,23509.30,23938.00,428.70,11.50,Jan-25,2026-03-20 06:10:21.371689+00,null,false,null
9faa4f82-8af9-e602-bcfd-8e5ca038a740,00000000-0000-0000-0000-000000000001,5dda0b14-713b-46d0-a6ce-a7a33a2fb6f9,574de174-c7bb-bc11-f282-cff2aa2501c5,8361.20,8663.30,302.10,11.50,Jan-25,2026-03-20 06:10:21.371689+00,null,false,null
b5dbb243-93f6-e1ab-3f8f-dad4d4cd6974,00000000-0000-0000-0000-000000000001,5dda0b14-713b-46d0-a6ce-a7a33a2fb6f9,a361bd0d-c2c1-2aee-6303-d65de004edd0,31500.40,31771.50,271.10,11.50,Jan-25,2026-03-20 06:10:21.371689+00,null,false,null
652e7c9f-241b-7139-bd30-2402413ab186,00000000-0000-0000-0000-000000000001,5dda0b14-713b-46d0-a6ce-a7a33a2fb6f9,8767525e-d22f-a295-bc29-ba104fdc589a,24696.60,24902.80,206.20,11.50,Jan-25,2026-03-20 06:10:21.371689+00,null,false,null
cf307208-a96c-1ffc-e25b-4c8536926b13,00000000-0000-0000-0000-000000000001,5dda0b14-713b-46d0-a6ce-a7a33a2fb6f9,323c0dff-be56-f6ee-f053-ee37de806dea,35825.60,36497.70,672.10,11.50,Jan-25,2026-03-20 06:10:21.371689+00,null,false,null
0dd92e04-ee1e-55e5-2bf1-64e1fa08e649,00000000-0000-0000-0000-000000000001,5dda0b14-713b-46d0-a6ce-a7a33a2fb6f9,aa73cade-c28c-dc5b-5980-55801ea0d415,34355.20,34948.10,592.90,11.50,Jan-25,2026-03-20 06:10:21.371689+00,null,false,null
baa8e8a2-f8b0-b232-8e39-5c49cb283632,00000000-0000-0000-0000-000000000001,5dda0b14-713b-46d0-a6ce-a7a33a2fb6f9,49ed1c8e-3653-c89b-ec74-16d8e20bb923,25519.00,25977.10,458.10,11.50,Jan-25,2026-03-20 06:10:21.371689+00,null,false,null
ff22af9c-6960-59ac-b165-e49f112433fe,00000000-0000-0000-0000-000000000001,5dda0b14-713b-46d0-a6ce-a7a33a2fb6f9,85292340-826d-52c1-65c7-7f2a9eb2c2c4,52828.40,53590.00,761.60,11.50,Jan-25,2026-03-20 06:10:21.371689+00,null,false,null
38565e49-876b-5c2e-79e8-81e4a9c3d831,00000000-0000-0000-0000-000000000001,5dda0b14-713b-46d0-a6ce-a7a33a2fb6f9,bde00681-ebfc-ef38-4f6e-4906a012de6b,41488.00,42129.60,641.60,11.50,Jan-25,2026-03-20 06:10:21.371689+00,null,false,null
ee81c9d8-59e2-574e-27e4-430270dfe1d7,00000000-0000-0000-0000-000000000001,5dda0b14-713b-46d0-a6ce-a7a33a2fb6f9,ffbd5fe0-d9b3-cb55-cfd7-2d72a3498109,50350.40,50829.60,479.20,11.50,Jan-25,2026-03-20 06:10:21.371689+00,null,false,null
c11dc584-db24-5ae3-18f8-4be0398002a6,00000000-0000-0000-0000-000000000001,5dda0b14-713b-46d0-a6ce-a7a33a2fb6f9,bc7f358d-0d6d-f95f-ff80-9089eefdef69,42556.50,43165.90,609.40,11.50,Jan-25,2026-03-20 06:10:21.371689+00,null,false,null
1cd7cf40-9b49-eaf4-22db-f149197b428d,00000000-0000-0000-0000-000000000001,5dda0b14-713b-46d0-a6ce-a7a33a2fb6f9,b0875d50-a469-821b-57c3-03ac62809198,28787.40,29210.30,422.90,11.50,Jan-25,2026-03-20 06:10:21.371689+00,null,false,null
2499bf75-9e7b-ea6f-f502-d1b3196a93fe,00000000-0000-0000-0000-000000000001,5dda0b14-713b-46d0-a6ce-a7a33a2fb6f9,dd96a329-ec95-e96a-1348-69d976f39cd4,76722.00,77659.70,937.70,11.50,Jan-25,2026-03-20 06:10:21.371689+00,null,false,null
e4b13e03-49fb-b927-b488-06b8e629073b,00000000-0000-0000-0000-000000000001,5dda0b14-713b-46d0-a6ce-a7a33a2fb6f9,77c3a6fd-4651-d880-29aa-abd19c8324df,27797.40,28203.50,406.10,11.50,Jan-25,2026-03-20 06:10:21.371689+00,null,false,null
9101f7eb-eca9-290b-52db-8e024f4c53b9,00000000-0000-0000-0000-000000000001,5dda0b14-713b-46d0-a6ce-a7a33a2fb6f9,86ad1ceb-8d81-a926-d998-3a2f1cafba06,17424.80,17775.90,351.10,11.50,Jan-25,2026-03-20 06:10:21.371689+00,null,false,null
d7cd3f84-0f4a-b582-48a1-36a9b1becaf4,00000000-0000-0000-0000-000000000001,5dda0b14-713b-46d0-a6ce-a7a33a2fb6f9,10c6863d-07c3-4fc4-94f9-6adc29157ce1,31242.40,31836.80,594.40,11.50,Jan-25,2026-03-20 06:10:21.371689+00,null,false,null
a391d21a-bd3b-9082-b053-8c76ecfc9011,00000000-0000-0000-0000-000000000001,5dda0b14-713b-46d0-a6ce-a7a33a2fb6f9,990e8a3e-a69c-7b31-f606-3eeb21e3d4c6,27892.30,28160.40,268.10,11.50,Jan-25,2026-03-20 06:10:21.371689+00,null,false,null
84d99bf0-a34d-d2ad-8bfd-920c85c66afd,00000000-0000-0000-0000-000000000001,5dda0b14-713b-46d0-a6ce-a7a33a2fb6f9,1b4d1066-8fe4-199b-7b3b-39e4bded9714,8802.80,9504.60,701.80,11.50,Jan-25,2026-03-20 06:10:21.371689+00,null,false,null
2843d32d-2d68-4cd2-2df9-703aa618f21c,00000000-0000-0000-0000-000000000001,5dda0b14-713b-46d0-a6ce-a7a33a2fb6f9,9d5d0096-0b78-a663-1142-be871dfa2bda,19646.20,20607.40,961.20,11.50,Jan-25,2026-03-20 06:10:21.371689+00,null,false,null
da7884df-37ba-e882-9953-3b41e5c668bc,00000000-0000-0000-0000-000000000001,5dda0b14-713b-46d0-a6ce-a7a33a2fb6f9,fb5cedd6-2992-1c62-7fba-4a7a6b43b2ff,16393.60,17000.90,607.30,11.50,Jan-25,2026-03-20 06:10:21.371689+00,null,false,null
bb4dd4c7-7036-ca63-3e6a-27ff81a65710,00000000-0000-0000-0000-000000000001,5dda0b14-713b-46d0-a6ce-a7a33a2fb6f9,233cca0e-efcf-e631-d2fc-9997a6ba5706,13229.60,13588.30,358.70,11.50,Jan-25,2026-03-20 06:10:21.371689+00,null,false,null
b8338b49-2e6e-f6d1-8b85-bf3437ff7d58,00000000-0000-0000-0000-000000000001,5dda0b14-713b-46d0-a6ce-a7a33a2fb6f9,dc4adc21-f501-0573-2e9a-d7bbbc89e5d6,52326.90,52873.90,547.00,11.50,Jan-25,2026-03-20 06:10:21.371689+00,null,false,null
9b6693d8-10d3-76f5-e1c3-43cfc04dbb10,00000000-0000-0000-0000-000000000001,5dda0b14-713b-46d0-a6ce-a7a33a2fb6f9,c17c5093-48b7-139f-ebfc-1cd33ef5179c,11000.00,11335.70,335.70,11.50,Jan-25,2026-03-20 06:10:21.371689+00,null,false,null
f1ebac4f-3eb1-210b-4262-9403b4b25f22,00000000-0000-0000-0000-000000000001,5dda0b14-713b-46d0-a6ce-a7a33a2fb6f9,1183b300-b9ae-5e28-acb2-304cb2fd36db,0.00,0.00,0.00,11.50,Jan-25,2026-03-20 06:10:21.371689+00,null,false,null
082c486f-06b9-f437-e142-6cb463fb7d38,00000000-0000-0000-0000-000000000001,5dda0b14-713b-46d0-a6ce-a7a33a2fb6f9,44625074-3f26-4a2d-74ae-56ba4c94a395,0.00,0.00,0.00,11.50,Jan-25,2026-03-20 06:10:21.371689+00,null,false,null
9e7e3ada-af1f-0d47-4a0e-ae085131117d,00000000-0000-0000-0000-000000000001,5dda0b14-713b-46d0-a6ce-a7a33a2fb6f9,c2ff0c11-4d1b-7b9b-b93c-aa37c9b6c40b,18059.90,18529.60,469.70,11.50,Jan-25,2026-03-20 06:10:21.371689+00,null,false,null
a2f45146-fd21-697b-2c61-206256bf38c8,00000000-0000-0000-0000-000000000001,5dda0b14-713b-46d0-a6ce-a7a33a2fb6f9,7719849e-1d17-27d2-31d4-475a4e71f261,0.00,0.00,0.00,11.50,Jan-25,2026-03-20 06:10:21.371689+00,null,false,null
f250b58f-e5d6-e788-12c9-99307443571d,00000000-0000-0000-0000-000000000001,5dda0b14-713b-46d0-a6ce-a7a33a2fb6f9,d2298bb8-a5e5-735a-c8ca-9b18c7daacd6,38948.00,39299.70,351.00,11.50,Jan-25,2026-03-20 06:10:21.371689+00,null,false,null
577f2ce5-a386-66ca-a0e7-b1a5d62a63bc,00000000-0000-0000-0000-000000000001,5dda0b14-713b-46d0-a6ce-a7a33a2fb6f9,211a2b33-4e94-3da1-7d97-406bc26036f5,0.00,0.00,0.00,11.50,Feb-25,2026-03-20 06:10:21.371689+00,null,false,null
fbb04975-4c2d-7bb1-1bed-83ae29787ca5,00000000-0000-0000-0000-000000000001,5dda0b14-713b-46d0-a6ce-a7a33a2fb6f9,188aee4d-68e0-1ddb-38e6-a946bc75072d,0.00,0.00,0.00,11.50,Feb-25,2026-03-20 06:10:21.371689+00,null,false,null
793dcc7f-23b4-b7ed-31e8-64ee3b63f3c3,00000000-0000-0000-0000-000000000001,5dda0b14-713b-46d0-a6ce-a7a33a2fb6f9,4d1dd99b-b75a-70b5-406b-f5e869954002,0.00,0.00,0.00,11.50,Feb-25,2026-03-20 06:10:21.371689+00,null,false,null
6ba1a82e-61d1-1159-9040-a95b0dd1cc66,00000000-0000-0000-0000-000000000001,5dda0b14-713b-46d0-a6ce-a7a33a2fb6f9,b0d4d2c8-f6ee-bc16-ffd7-fc33c8db8571,15120.10,15774.30,654.20,11.50,Feb-25,2026-03-20 06:10:21.371689+00,null,false,null
1939c7c4-0865-0bb5-cd8d-e042dc453d78,00000000-0000-0000-0000-000000000001,5dda0b14-713b-46d0-a6ce-a7a33a2fb6f9,0a839c14-2a88-9896-c2f2-8d51fe610405,22217.50,22733.40,515.90,11.50,Feb-25,2026-03-20 06:10:21.371689+00,null,false,null
9e9063fd-6a48-bdfe-ca3d-84ddb0bc4403,00000000-0000-0000-0000-000000000001,5dda0b14-713b-46d0-a6ce-a7a33a2fb6f9,79853a4a-cb02-508c-e041-7e23378aec9c,28544.60,29374.00,829.40,11.50,Feb-25,2026-03-20 06:10:21.371689+00,null,false,null
8e1d4020-3216-75e3-c36a-390b67d64df0,00000000-0000-0000-0000-000000000001,5dda0b14-713b-46d0-a6ce-a7a33a2fb6f9,03edc7c5-4c46-b55e-523d-9fb7be29910b,39638.20,40409.40,771.20,11.50,Feb-25,2026-03-20 06:10:21.371689+00,null,false,null
2f162a75-1cc8-8c5f-a70d-dc704b92769a,00000000-0000-0000-0000-000000000001,5dda0b14-713b-46d0-a6ce-a7a33a2fb6f9,2fc42a4f-fe5a-ae08-0e4e-2c89ca71db85,33175.60,33749.90,574.30,11.50,Feb-25,2026-03-20 06:10:21.371689+00,null,false,null
a344066a-0c9d-456c-d407-93b76e542492,00000000-0000-0000-0000-000000000001,5dda0b14-713b-46d0-a6ce-a7a33a2fb6f9,5d204545-2f72-b89b-3190-a826b5ab6512,42502.60,43147.20,644.60,11.50,Feb-25,2026-03-20 06:10:21.371689+00,null,false,null
c224bada-8e6c-a64a-b829-a8bfd7731b0c,00000000-0000-0000-0000-000000000001,5dda0b14-713b-46d0-a6ce-a7a33a2fb6f9,417c9738-a0f7-5a00-1091-37a9fd083dd6,34317.20,35046.40,729.20,11.50,Feb-25,2026-03-20 06:10:21.371689+00,null,false,null
3eaa8fce-3875-347c-3334-e9b26e585baa,00000000-0000-0000-0000-000000000001,5dda0b14-713b-46d0-a6ce-a7a33a2fb6f9,82b270bf-e567-2deb-5ef3-495baafd7645,23938.00,23938.00,0.00,11.50,Feb-25,2026-03-20 06:10:21.371689+00,null,false,null
91ea3120-16c9-2556-4958-41fe64849afd,00000000-0000-0000-0000-000000000001,5dda0b14-713b-46d0-a6ce-a7a33a2fb6f9,574de174-c7bb-bc11-f282-cff2aa2501c5,8663.30,9011.60,348.30,11.50,Feb-25,2026-03-20 06:10:21.371689+00,null,false,null
41d5e5d9-5349-62b3-d3e7-bb947e3f289f,00000000-0000-0000-0000-000000000001,5dda0b14-713b-46d0-a6ce-a7a33a2fb6f9,a361bd0d-c2c1-2aee-6303-d65de004edd0,31771.50,32083.60,312.10,11.50,Feb-25,2026-03-20 06:10:21.371689+00,null,false,null
1776d96c-6015-e7d3-f253-c5e4e422e1ff,00000000-0000-0000-0000-000000000001,5dda0b14-713b-46d0-a6ce-a7a33a2fb6f9,8767525e-d22f-a295-bc29-ba104fdc589a,24902.80,25178.50,275.70,11.50,Feb-25,2026-03-20 06:10:21.371689+00,null,false,null
d40a4ae1-22cd-b29c-3763-bc1f6d15ebed,00000000-0000-0000-0000-000000000001,5dda0b14-713b-46d0-a6ce-a7a33a2fb6f9,323c0dff-be56-f6ee-f053-ee37de806dea,36497.70,37076.70,579.00,11.50,Feb-25,2026-03-20 06:10:21.371689+00,null,false,null
85063821-ba6b-8cc3-f3eb-f943fcdc92ba,00000000-0000-0000-0000-000000000001,5dda0b14-713b-46d0-a6ce-a7a33a2fb6f9,aa73cade-c28c-dc5b-5980-55801ea0d415,34948.10,35733.70,785.60,11.50,Feb-25,2026-03-20 06:10:21.371689+00,null,false,null
ba136a33-6f16-3f34-7eec-bb593190dd18,00000000-0000-0000-0000-000000000001,5dda0b14-713b-46d0-a6ce-a7a33a2fb6f9,49ed1c8e-3653-c89b-ec74-16d8e20bb923,25977.10,26435.50,458.40,11.50,Feb-25,2026-03-20 06:10:21.371689+00,null,false,null
ec717cce-878a-bf3a-041c-8489240bf801,00000000-0000-0000-0000-000000000001,5dda0b14-713b-46d0-a6ce-a7a33a2fb6f9,85292340-826d-52c1-65c7-7f2a9eb2c2c4,53590.00,54240.70,650.70,11.50,Feb-25,2026-03-20 06:10:21.371689+00,null,false,null
61f6f25f-e420-7bbe-2411-2e6ceb0e51ef,00000000-0000-0000-0000-000000000001,5dda0b14-713b-46d0-a6ce-a7a33a2fb6f9,bde00681-ebfc-ef38-4f6e-4906a012de6b,42129.60,42821.00,691.40,11.50,Feb-25,2026-03-20 06:10:21.371689+00,null,false,null
5953089b-1b36-36ff-6bd1-aaaf2e926501,00000000-0000-0000-0000-000000000001,5dda0b14-713b-46d0-a6ce-a7a33a2fb6f9,ffbd5fe0-d9b3-cb55-cfd7-2d72a3498109,50829.60,51378.50,548.90,11.50,Feb-25,2026-03-20 06:10:21.371689+00,null,false,null
3829ccf9-5093-e8ee-f777-887c31e2740e,00000000-0000-0000-0000-000000000001,5dda0b14-713b-46d0-a6ce-a7a33a2fb6f9,bc7f358d-0d6d-f95f-ff80-9089eefdef69,43165.90,43922.40,756.50,11.50,Feb-25,2026-03-20 06:10:21.371689+00,null,false,null
0207a438-3c24-c7ae-c27e-219f29d3ff8c,00000000-0000-0000-0000-000000000001,5dda0b14-713b-46d0-a6ce-a7a33a2fb6f9,b0875d50-a469-821b-57c3-03ac62809198,29210.30,29614.90,404.60,11.50,Feb-25,2026-03-20 06:10:21.371689+00,null,false,null
8a14f506-775b-6559-ee5b-358239d3b1a4,00000000-0000-0000-0000-000000000001,5dda0b14-713b-46d0-a6ce-a7a33a2fb6f9,dd96a329-ec95-e96a-1348-69d976f39cd4,77659.70,78604.00,944.30,11.50,Feb-25,2026-03-20 06:10:21.371689+00,null,false,null
1e688903-5465-7f9c-233a-96e302a2ec72,00000000-0000-0000-0000-000000000001,5dda0b14-713b-46d0-a6ce-a7a33a2fb6f9,77c3a6fd-4651-d880-29aa-abd19c8324df,28203.50,28723.70,520.20,11.50,Feb-25,2026-03-20 06:10:21.371689+00,null,false,null
5b2c46fd-8282-b768-1dbd-493f7cba8834,00000000-0000-0000-0000-000000000001,5dda0b14-713b-46d0-a6ce-a7a33a2fb6f9,86ad1ceb-8d81-a926-d998-3a2f1cafba06,17775.90,18110.80,334.90,11.50,Feb-25,2026-03-20 06:10:21.371689+00,null,false,null
97a3f137-0f47-44e5-28e7-8a0c4a9fd6a6,00000000-0000-0000-0000-000000000001,5dda0b14-713b-46d0-a6ce-a7a33a2fb6f9,10c6863d-07c3-4fc4-94f9-6adc29157ce1,31836.80,32511.30,674.50,11.50,Feb-25,2026-03-20 06:10:21.371689+00,null,false,null
a961d022-5bdb-ca8e-59ff-6732b511e614,00000000-0000-0000-0000-000000000001,5dda0b14-713b-46d0-a6ce-a7a33a2fb6f9,990e8a3e-a69c-7b31-f606-3eeb21e3d4c6,28160.40,28460.90,300.50,11.50,Feb-25,2026-03-20 06:10:21.371689+00,null,false,null
28dcf500-027a-f375-bacb-39022eae05a2,00000000-0000-0000-0000-000000000001,5dda0b14-713b-46d0-a6ce-a7a33a2fb6f9,1b4d1066-8fe4-199b-7b3b-39e4bded9714,9504.60,10351.50,846.90,11.50,Feb-25,2026-03-20 06:10:21.371689+00,null,false,null
34cac196-647d-9f95-721e-e5cb49602e97,00000000-0000-0000-0000-000000000001,5dda0b14-713b-46d0-a6ce-a7a33a2fb6f9,9d5d0096-0b78-a663-1142-be871dfa2bda,20607.40,21597.30,989.90,11.50,Feb-25,2026-03-20 06:10:21.371689+00,null,false,null
dd69d2c0-9b03-97dd-e905-6c56ffc7c532,00000000-0000-0000-0000-000000000001,5dda0b14-713b-46d0-a6ce-a7a33a2fb6f9,fb5cedd6-2992-1c62-7fba-4a7a6b43b2ff,17000.90,17708.60,707.70,11.50,Feb-25,2026-03-20 06:10:21.371689+00,null,false,null
5b9282f7-3a8c-7bba-3c35-81997ad43078,00000000-0000-0000-0000-000000000001,5dda0b14-713b-46d0-a6ce-a7a33a2fb6f9,233cca0e-efcf-e631-d2fc-9997a6ba5706,13588.30,14119.30,531.00,11.50,Feb-25,2026-03-20 06:10:21.371689+00,null,false,null
4354102c-e7ab-a837-39af-b73d0e24a8f9,00000000-0000-0000-0000-000000000001,5dda0b14-713b-46d0-a6ce-a7a33a2fb6f9,dc4adc21-f501-0573-2e9a-d7bbbc89e5d6,52873.90,53378.30,504.40,11.50,Feb-25,2026-03-20 06:10:21.371689+00,null,false,null
5a3d64fc-9e92-af07-fcc3-530e5e62d2f7,00000000-0000-0000-0000-000000000001,5dda0b14-713b-46d0-a6ce-a7a33a2fb6f9,c17c5093-48b7-139f-ebfc-1cd33ef5179c,11335.70,11830.50,494.80,11.50,Feb-25,2026-03-20 06:10:21.371689+00,null,false,null
21dc7280-26ca-6519-3700-2f58393649d9,00000000-0000-0000-0000-000000000001,5dda0b14-713b-46d0-a6ce-a7a33a2fb6f9,1183b300-b9ae-5e28-acb2-304cb2fd36db,0.00,0.00,0.00,11.50,Feb-25,2026-03-20 06:10:21.371689+00,null,false,null
e3afa73e-d412-ff13-cb0d-1e626e8af71d,00000000-0000-0000-0000-000000000001,5dda0b14-713b-46d0-a6ce-a7a33a2fb6f9,44625074-3f26-4a2d-74ae-56ba4c94a395,0.00,0.00,0.00,11.50,Feb-25,2026-03-20 06:10:21.371689+00,null,false,null
39cc57f4-5e4b-23f5-1936-68d0c61441dd,00000000-0000-0000-0000-000000000001,5dda0b14-713b-46d0-a6ce-a7a33a2fb6f9,c2ff0c11-4d1b-7b9b-b93c-aa37c9b6c40b,18529.60,19138.60,609.00,11.50,Feb-25,2026-03-20 06:10:21.371689+00,null,false,null
d6ef5342-29b9-7128-a6a8-20f38a5da855,00000000-0000-0000-0000-000000000001,5dda0b14-713b-46d0-a6ce-a7a33a2fb6f9,7719849e-1d17-27d2-31d4-475a4e71f261,0.00,0.00,0.00,11.50,Feb-25,2026-03-20 06:10:21.371689+00,null,false,null
9a49c277-a8d7-963d-08ec-4be52b2abe15,00000000-0000-0000-0000-000000000001,5dda0b14-713b-46d0-a6ce-a7a33a2fb6f9,d2298bb8-a5e5-735a-c8ca-9b18c7daacd6,39299.70,39791.00,491.30,11.50,Feb-25,2026-03-20 06:10:21.371689+00,null,false,null
cfe68636-8ffb-2ad4-ac79-c0cf70b767a7,00000000-0000-0000-0000-000000000001,5dda0b14-713b-46d0-a6ce-a7a33a2fb6f9,211a2b33-4e94-3da1-7d97-406bc26036f5,0.00,0.00,0.00,11.50,Mar-25,2026-03-20 06:10:21.371689+00,null,false,null
addcbbb7-3c9b-c78e-49df-d94b0912326b,00000000-0000-0000-0000-000000000001,5dda0b14-713b-46d0-a6ce-a7a33a2fb6f9,188aee4d-68e0-1ddb-38e6-a946bc75072d,0.00,0.00,0.00,11.50,Mar-25,2026-03-20 06:10:21.371689+00,null,false,null
5e2bbb4a-fe71-3ff0-3c69-501ce566c69f,00000000-0000-0000-0000-000000000001,5dda0b14-713b-46d0-a6ce-a7a33a2fb6f9,4d1dd99b-b75a-70b5-406b-f5e869954002,0.00,0.00,0.00,11.50,Mar-25,2026-03-20 06:10:21.371689+00,null,false,null
1f7f86ee-489d-7165-b34a-fdb7da445288,00000000-0000-0000-0000-000000000001,5dda0b14-713b-46d0-a6ce-a7a33a2fb6f9,b0d4d2c8-f6ee-bc16-ffd7-fc33c8db8571,15774.30,16699.40,925.10,11.50,Mar-25,2026-03-20 06:10:21.371689+00,null,false,null
5cfd66d6-88cb-7913-0e52-c2907abe9ba0,00000000-0000-0000-0000-000000000001,5dda0b14-713b-46d0-a6ce-a7a33a2fb6f9,0a839c14-2a88-9896-c2f2-8d51fe610405,22733.40,23493.30,759.90,11.50,Mar-25,2026-03-20 06:10:21.371689+00,null,false,null
5ee20497-1d5a-123c-7b66-881046e8d4ef,00000000-0000-0000-0000-000000000001,5dda0b14-713b-46d0-a6ce-a7a33a2fb6f9,79853a4a-cb02-508c-e041-7e23378aec9c,29374.00,30556.50,1182.50,11.50,Mar-25,2026-03-20 06:10:21.371689+00,null,false,null
f0975533-601e-7d3b-ca22-25f206f03a8a,00000000-0000-0000-0000-000000000001,5dda0b14-713b-46d0-a6ce-a7a33a2fb6f9,03edc7c5-4c46-b55e-523d-9fb7be29910b,40409.40,41623.10,1213.70,11.50,Mar-25,2026-03-20 06:10:21.371689+00,null,false,null
691b91ef-956e-c1bd-1433-989a5ab4e1e0,00000000-0000-0000-0000-000000000001,5dda0b14-713b-46d0-a6ce-a7a33a2fb6f9,2fc42a4f-fe5a-ae08-0e4e-2c89ca71db85,33749.90,34588.50,838.60,11.50,Mar-25,2026-03-20 06:10:21.371689+00,null,false,null
4ee46df7-2664-e891-0827-e756e496a558,00000000-0000-0000-0000-000000000001,5dda0b14-713b-46d0-a6ce-a7a33a2fb6f9,5d204545-2f72-b89b-3190-a826b5ab6512,43147.20,43923.90,776.70,11.50,Mar-25,2026-03-20 06:10:21.371689+00,null,false,null
b1774295-e83a-28c1-08f3-66af9f87d009,00000000-0000-0000-0000-000000000001,5dda0b14-713b-46d0-a6ce-a7a33a2fb6f9,417c9738-a0f7-5a00-1091-37a9fd083dd6,35046.40,35902.60,856.20,11.50,Mar-25,2026-03-20 06:10:21.371689+00,null,false,null
a3808d8c-b790-241e-7c31-3ce171b64db3,00000000-0000-0000-0000-000000000001,5dda0b14-713b-46d0-a6ce-a7a33a2fb6f9,82b270bf-e567-2deb-5ef3-495baafd7645,23938.00,24177.80,239.80,11.50,Mar-25,2026-03-20 06:10:21.371689+00,null,false,null
5e0c9010-c150-ba72-dc88-68a9e6af6e87,00000000-0000-0000-0000-000000000001,5dda0b14-713b-46d0-a6ce-a7a33a2fb6f9,574de174-c7bb-bc11-f282-cff2aa2501c5,9011.60,9534.70,523.10,11.50,Mar-25,2026-03-20 06:10:21.371689+00,null,false,null
84a16241-2dd7-f092-cd88-08bb66f85881,00000000-0000-0000-0000-000000000001,5dda0b14-713b-46d0-a6ce-a7a33a2fb6f9,a361bd0d-c2c1-2aee-6303-d65de004edd0,32083.60,32741.80,658.20,11.50,Mar-25,2026-03-20 06:10:21.371689+00,null,false,null
947bb40c-b0d7-baf5-46e4-5c20e658cfbc,00000000-0000-0000-0000-000000000001,5dda0b14-713b-46d0-a6ce-a7a33a2fb6f9,8767525e-d22f-a295-bc29-ba104fdc589a,25178.50,25601.50,423.00,11.50,Mar-25,2026-03-20 06:10:21.371689+00,null,false,null
83b5fdcf-101f-f942-d3d1-752b4245921b,00000000-0000-0000-0000-000000000001,5dda0b14-713b-46d0-a6ce-a7a33a2fb6f9,323c0dff-be56-f6ee-f053-ee37de806dea,37076.70,37758.50,681.80,11.50,Mar-25,2026-03-20 06:10:21.371689+00,null,false,null
36441e3b-b4a9-2152-386f-f7c151d4ccbc,00000000-0000-0000-0000-000000000001,5dda0b14-713b-46d0-a6ce-a7a33a2fb6f9,aa73cade-c28c-dc5b-5980-55801ea0d415,35733.70,36727.40,993.70,11.50,Mar-25,2026-03-20 06:10:21.371689+00,null,false,null
a9e2d022-5a47-5aa2-6d14-e6d90f4e60b7,00000000-0000-0000-0000-000000000001,5dda0b14-713b-46d0-a6ce-a7a33a2fb6f9,49ed1c8e-3653-c89b-ec74-16d8e20bb923,26435.50,27256.90,821.40,11.50,Mar-25,2026-03-20 06:10:21.371689+00,null,false,null
0efdc62a-91d0-0291-4835-20b1c354588a,00000000-0000-0000-0000-000000000001,5dda0b14-713b-46d0-a6ce-a7a33a2fb6f9,85292340-826d-52c1-65c7-7f2a9eb2c2c4,54240.70,55283.90,1043.20,11.50,Mar-25,2026-03-20 06:10:21.371689+00,null,false,null
3145feaa-6ec8-9700-2325-499ddb8941f3,00000000-0000-0000-0000-000000000001,5dda0b14-713b-46d0-a6ce-a7a33a2fb6f9,bde00681-ebfc-ef38-4f6e-4906a012de6b,42821.00,43757.20,936.20,11.50,Mar-25,2026-03-20 06:10:21.371689+00,null,false,null
1b9419b5-7142-9990-f079-91c49f83e4e8,00000000-0000-0000-0000-000000000001,5dda0b14-713b-46d0-a6ce-a7a33a2fb6f9,ffbd5fe0-d9b3-cb55-cfd7-2d72a3498109,51378.50,52397.40,1018.90,11.50,Mar-25,2026-03-20 06:10:21.371689+00,null,false,null
3086fed5-79f0-864a-5ad5-641616bafa1f,00000000-0000-0000-0000-000000000001,5dda0b14-713b-46d0-a6ce-a7a33a2fb6f9,bc7f358d-0d6d-f95f-ff80-9089eefdef69,43922.40,44880.30,957.90,11.50,Mar-25,2026-03-20 06:10:21.371689+00,null,false,null
bce08c13-362c-3d07-f9eb-e6e1a5a73500,00000000-0000-0000-0000-000000000001,5dda0b14-713b-46d0-a6ce-a7a33a2fb6f9,b0875d50-a469-821b-57c3-03ac62809198,29614.90,30203.20,588.30,11.50,Mar-25,2026-03-20 06:10:21.371689+00,null,false,null
ef88d62b-4f1e-ac59-744d-5bddf275bfc3,00000000-0000-0000-0000-000000000001,5dda0b14-713b-46d0-a6ce-a7a33a2fb6f9,dd96a329-ec95-e96a-1348-69d976f39cd4,78604.00,80136.30,1532.30,11.50,Mar-25,2026-03-20 06:10:21.371689+00,null,false,null
a5ddc81c-1c74-c6f2-dd74-bf76c5d2b688,00000000-0000-0000-0000-000000000001,5dda0b14-713b-46d0-a6ce-a7a33a2fb6f9,77c3a6fd-4651-d880-29aa-abd19c8324df,28723.70,29429.80,706.10,11.50,Mar-25,2026-03-20 06:10:21.371689+00,null,false,null
3cb3c5b3-d9c4-4063-580e-53b398bc4f12,00000000-0000-0000-0000-000000000001,5dda0b14-713b-46d0-a6ce-a7a33a2fb6f9,86ad1ceb-8d81-a926-d998-3a2f1cafba06,18110.80,18591.40,480.60,11.50,Mar-25,2026-03-20 06:10:21.371689+00,null,false,null
5f53b49b-d1f8-5934-d636-ff81232a3d79,00000000-0000-0000-0000-000000000001,5dda0b14-713b-46d0-a6ce-a7a33a2fb6f9,10c6863d-07c3-4fc4-94f9-6adc29157ce1,32511.30,33023.20,511.90,11.50,Mar-25,2026-03-20 06:10:21.371689+00,null,false,null
4496a833-3c20-3b79-0283-bcb1fb246549,00000000-0000-0000-0000-000000000001,5dda0b14-713b-46d0-a6ce-a7a33a2fb6f9,990e8a3e-a69c-7b31-f606-3eeb21e3d4c6,28460.90,28997.80,536.90,11.50,Mar-25,2026-03-20 06:10:21.371689+00,null,false,null
a653647c-0b01-8aac-098c-4755d1c9a862,00000000-0000-0000-0000-000000000001,5dda0b14-713b-46d0-a6ce-a7a33a2fb6f9,1b4d1066-8fe4-199b-7b3b-39e4bded9714,10351.50,11810.80,1459.30,11.50,Mar-25,2026-03-20 06:10:21.371689+00,null,false,null
9024bec0-f4b6-791e-98b6-0684c15500eb,00000000-0000-0000-0000-000000000001,5dda0b14-713b-46d0-a6ce-a7a33a2fb6f9,9d5d0096-0b78-a663-1142-be871dfa2bda,21597.30,22836.70,1239.40,11.50,Mar-25,2026-03-20 06:10:21.371689+00,null,false,null
0b5cc6db-b573-a56d-561f-4c4ca5169126,00000000-0000-0000-0000-000000000001,5dda0b14-713b-46d0-a6ce-a7a33a2fb6f9,fb5cedd6-2992-1c62-7fba-4a7a6b43b2ff,17708.60,18752.40,1043.80,11.50,Mar-25,2026-03-20 06:10:21.371689+00,null,false,null
59ad625b-063d-7e36-199b-b4a3e52a1ca1,00000000-0000-0000-0000-000000000001,5dda0b14-713b-46d0-a6ce-a7a33a2fb6f9,233cca0e-efcf-e631-d2fc-9997a6ba5706,14119.30,14939.50,820.20,11.50,Mar-25,2026-03-20 06:10:21.371689+00,null,false,null
920f6850-58d4-7af9-3b58-1c90d119c7f4,00000000-0000-0000-0000-000000000001,5dda0b14-713b-46d0-a6ce-a7a33a2fb6f9,dc4adc21-f501-0573-2e9a-d7bbbc89e5d6,53378.30,54196.00,817.70,11.50,Mar-25,2026-03-20 06:10:21.371689+00,null,false,null
1f6a14b5-41f2-4125-da89-739996f99a68,00000000-0000-0000-0000-000000000001,5dda0b14-713b-46d0-a6ce-a7a33a2fb6f9,c17c5093-48b7-139f-ebfc-1cd33ef5179c,11830.50,12457.00,626.50,11.50,Mar-25,2026-03-20 06:10:21.371689+00,null,false,null
aaf78a12-c448-a931-dfee-e51e703b8bc9,00000000-0000-0000-0000-000000000001,5dda0b14-713b-46d0-a6ce-a7a33a2fb6f9,1183b300-b9ae-5e28-acb2-304cb2fd36db,0.00,0.00,0.00,11.50,Mar-25,2026-03-20 06:10:21.371689+00,null,false,null
ad5993cc-ffe2-5b8b-af2e-3d04e3fb10e4,00000000-0000-0000-0000-000000000001,5dda0b14-713b-46d0-a6ce-a7a33a2fb6f9,44625074-3f26-4a2d-74ae-56ba4c94a395,0.00,0.00,0.00,11.50,Mar-25,2026-03-20 06:10:21.371689+00,null,false,null
1378701e-0a87-933c-265e-a4f1b155b482,00000000-0000-0000-0000-000000000001,5dda0b14-713b-46d0-a6ce-a7a33a2fb6f9,c2ff0c11-4d1b-7b9b-b93c-aa37c9b6c40b,19138.60,19855.30,716.70,11.50,Mar-25,2026-03-20 06:10:21.371689+00,null,false,null
e2b34e27-f7dd-5a8d-f0fc-f98cf15ddffe,00000000-0000-0000-0000-000000000001,5dda0b14-713b-46d0-a6ce-a7a33a2fb6f9,7719849e-1d17-27d2-31d4-475a4e71f261,0.00,0.00,0.00,11.50,Mar-25,2026-03-20 06:10:21.371689+00,null,false,null
f9f3443f-280a-cdd1-e64b-6fe5537d0127,00000000-0000-0000-0000-000000000001,5dda0b14-713b-46d0-a6ce-a7a33a2fb6f9,d2298bb8-a5e5-735a-c8ca-9b18c7daacd6,39791.00,40438.20,647.20,11.50,Mar-25,2026-03-20 06:10:21.371689+00,null,false,null
3a600c7c-e025-3ed6-c6df-3d38b3bb7c67,00000000-0000-0000-0000-000000000001,5dda0b14-713b-46d0-a6ce-a7a33a2fb6f9,211a2b33-4e94-3da1-7d97-406bc26036f5,0.00,0.00,0.00,11.50,Apr-25,2026-03-20 06:10:21.371689+00,null,false,null
edcb2e79-b2db-6107-455a-e77440e6061d,00000000-0000-0000-0000-000000000001,5dda0b14-713b-46d0-a6ce-a7a33a2fb6f9,188aee4d-68e0-1ddb-38e6-a946bc75072d,0.00,0.00,0.00,11.50,Apr-25,2026-03-20 06:10:21.371689+00,null,false,null
65127cd3-d01b-07bd-97be-d88e949650f8,00000000-0000-0000-0000-000000000001,5dda0b14-713b-46d0-a6ce-a7a33a2fb6f9,4d1dd99b-b75a-70b5-406b-f5e869954002,0.00,0.00,0.00,11.50,Apr-25,2026-03-20 06:10:21.371689+00,null,false,null
1e4aa374-b293-7a07-a32c-86b99ffc21d3,00000000-0000-0000-0000-000000000001,5dda0b14-713b-46d0-a6ce-a7a33a2fb6f9,b0d4d2c8-f6ee-bc16-ffd7-fc33c8db8571,16699.40,17701.70,1002.30,11.50,Apr-25,2026-03-20 06:10:21.371689+00,null,false,null
60448db4-bf65-01ad-98e7-1ee6aaf58312,00000000-0000-0000-0000-000000000001,5dda0b14-713b-46d0-a6ce-a7a33a2fb6f9,0a839c14-2a88-9896-c2f2-8d51fe610405,23493.30,24314.40,821.10,11.50,Apr-25,2026-03-20 06:10:21.371689+00,null,false,null
feadec86-c29b-27df-8e77-963b76d82b1a,00000000-0000-0000-0000-000000000001,5dda0b14-713b-46d0-a6ce-a7a33a2fb6f9,79853a4a-cb02-508c-e041-7e23378aec9c,30556.50,31802.00,1245.50,11.50,Apr-25,2026-03-20 06:10:21.371689+00,null,false,null
4e1d36b9-08a0-811c-f262-32675712ae2f,00000000-0000-0000-0000-000000000001,5dda0b14-713b-46d0-a6ce-a7a33a2fb6f9,03edc7c5-4c46-b55e-523d-9fb7be29910b,41623.10,43055.50,1432.40,11.50,Apr-25,2026-03-20 06:10:21.371689+00,null,false,null
30f56e8c-08c9-5360-8405-3aab164bc8a1,00000000-0000-0000-0000-000000000001,5dda0b14-713b-46d0-a6ce-a7a33a2fb6f9,2fc42a4f-fe5a-ae08-0e4e-2c89ca71db85,34588.50,35537.40,948.90,11.50,Apr-25,2026-03-20 06:10:21.371689+00,null,false,null
784f1e63-42ce-94a8-bbba-f54bd1cb31af,00000000-0000-0000-0000-000000000001,5dda0b14-713b-46d0-a6ce-a7a33a2fb6f9,5d204545-2f72-b89b-3190-a826b5ab6512,43923.90,44759.30,835.40,11.50,Apr-25,2026-03-20 06:10:21.371689+00,null,false,null
c75629e0-fbf9-59ee-db9e-c2cf560e814d,00000000-0000-0000-0000-000000000001,5dda0b14-713b-46d0-a6ce-a7a33a2fb6f9,417c9738-a0f7-5a00-1091-37a9fd083dd6,35902.60,36988.40,1085.80,11.50,Apr-25,2026-03-20 06:10:21.371689+00,null,false,null
19542601-fe82-87dc-a15f-fab22787bcd1,00000000-0000-0000-0000-000000000001,5dda0b14-713b-46d0-a6ce-a7a33a2fb6f9,82b270bf-e567-2deb-5ef3-495baafd7645,24177.80,24572.80,395.00,11.50,Apr-25,2026-03-20 06:10:21.371689+00,null,false,null
7691165a-2d4d-f6c8-1a0a-427bd2da6d33,00000000-0000-0000-0000-000000000001,5dda0b14-713b-46d0-a6ce-a7a33a2fb6f9,574de174-c7bb-bc11-f282-cff2aa2501c5,9534.70,9968.70,434.00,11.50,Apr-25,2026-03-20 06:10:21.371689+00,null,false,null
6e41787f-fb05-4b31-9cc5-fddfd675f610,00000000-0000-0000-0000-000000000001,5dda0b14-713b-46d0-a6ce-a7a33a2fb6f9,a361bd0d-c2c1-2aee-6303-d65de004edd0,32741.80,33511.00,769.20,11.50,Apr-25,2026-03-20 06:10:21.371689+00,null,false,null
09120a07-4713-ca9e-df38-13ccfe79337f,00000000-0000-0000-0000-000000000001,5dda0b14-713b-46d0-a6ce-a7a33a2fb6f9,8767525e-d22f-a295-bc29-ba104fdc589a,25601.50,26154.50,553.00,11.50,Apr-25,2026-03-20 06:10:21.371689+00,null,false,null
f7e71d33-9515-3de9-acdc-64553125707c,00000000-0000-0000-0000-000000000001,5dda0b14-713b-46d0-a6ce-a7a33a2fb6f9,323c0dff-be56-f6ee-f053-ee37de806dea,37758.50,38393.60,635.10,11.50,Apr-25,2026-03-20 06:10:21.371689+00,null,false,null
d2997369-5ea1-ba97-456c-69a5191da69a,00000000-0000-0000-0000-000000000001,5dda0b14-713b-46d0-a6ce-a7a33a2fb6f9,aa73cade-c28c-dc5b-5980-55801ea0d415,36727.40,37666.90,939.50,11.50,Apr-25,2026-03-20 06:10:21.371689+00,null,false,null
ca762a9d-3099-0a62-0135-5f97ae5236be,00000000-0000-0000-0000-000000000001,5dda0b14-713b-46d0-a6ce-a7a33a2fb6f9,49ed1c8e-3653-c89b-ec74-16d8e20bb923,27256.90,28205.80,948.90,11.50,Apr-25,2026-03-20 06:10:21.371689+00,null,false,null
dbbf7967-0a6a-4259-87bb-446bd33a21db,00000000-0000-0000-0000-000000000001,5dda0b14-713b-46d0-a6ce-a7a33a2fb6f9,85292340-826d-52c1-65c7-7f2a9eb2c2c4,55283.90,56313.20,1029.30,11.50,Apr-25,2026-03-20 06:10:21.371689+00,null,false,null
03a5b5ea-ba54-ea0c-d089-8ac0bd1bfbde,00000000-0000-0000-0000-000000000001,5dda0b14-713b-46d0-a6ce-a7a33a2fb6f9,bde00681-ebfc-ef38-4f6e-4906a012de6b,43757.20,44980.40,1223.20,11.50,Apr-25,2026-03-20 06:10:21.371689+00,null,false,null
758a0f4f-89e3-6344-3357-3f7fb51371d9,00000000-0000-0000-0000-000000000001,5dda0b14-713b-46d0-a6ce-a7a33a2fb6f9,ffbd5fe0-d9b3-cb55-cfd7-2d72a3498109,52397.40,53357.20,959.80,11.50,Apr-25,2026-03-20 06:10:21.371689+00,null,false,null
9a591a3d-4998-ff1c-3042-afb699dd091c,00000000-0000-0000-0000-000000000001,5dda0b14-713b-46d0-a6ce-a7a33a2fb6f9,bc7f358d-0d6d-f95f-ff80-9089eefdef69,44880.30,45867.70,987.40,11.50,Apr-25,2026-03-20 06:10:21.371689+00,null,false,null
89da1eaf-851a-4fb9-35a2-49917572a231,00000000-0000-0000-0000-000000000001,5dda0b14-713b-46d0-a6ce-a7a33a2fb6f9,b0875d50-a469-821b-57c3-03ac62809198,30203.20,30950.00,746.80,11.50,Apr-25,2026-03-20 06:10:21.371689+00,null,false,null
bc1f62ae-5d7b-2528-5eda-da29ff947cca,00000000-0000-0000-0000-000000000001,5dda0b14-713b-46d0-a6ce-a7a33a2fb6f9,dd96a329-ec95-e96a-1348-69d976f39cd4,80136.30,81954.80,1818.50,11.50,Apr-25,2026-03-20 06:10:21.371689+00,null,false,null
ca95627a-7eb2-4125-2215-6d5af9a51109,00000000-0000-0000-0000-000000000001,5dda0b14-713b-46d0-a6ce-a7a33a2fb6f9,77c3a6fd-4651-d880-29aa-abd19c8324df,29429.80,30071.60,641.80,11.50,Apr-25,2026-03-20 06:10:21.371689+00,null,false,null
c8096623-c224-e174-52c7-6ba5d4b972a5,00000000-0000-0000-0000-000000000001,5dda0b14-713b-46d0-a6ce-a7a33a2fb6f9,86ad1ceb-8d81-a926-d998-3a2f1cafba06,18591.40,18890.00,298.60,11.50,Apr-25,2026-03-20 06:10:21.371689+00,null,false,null
02807a4c-7a1c-7959-3b64-6c6510a12763,00000000-0000-0000-0000-000000000001,5dda0b14-713b-46d0-a6ce-a7a33a2fb6f9,10c6863d-07c3-4fc4-94f9-6adc29157ce1,33023.20,33777.10,753.90,11.50,Apr-25,2026-03-20 06:10:21.371689+00,null,false,null
2cdc80c8-2454-a408-66e3-aa84214d1c9c,00000000-0000-0000-0000-000000000001,5dda0b14-713b-46d0-a6ce-a7a33a2fb6f9,990e8a3e-a69c-7b31-f606-3eeb21e3d4c6,28997.80,29530.10,532.30,11.50,Apr-25,2026-03-20 06:10:21.371689+00,null,false,null
ec379d37-123a-4556-92dd-3d27931f940d,00000000-0000-0000-0000-000000000001,5dda0b14-713b-46d0-a6ce-a7a33a2fb6f9,1b4d1066-8fe4-199b-7b3b-39e4bded9714,11810.80,13051.70,1240.90,11.50,Apr-25,2026-03-20 06:10:21.371689+00,null,false,null
9bf82dee-039d-cb31-cafb-86bf95bcde24,00000000-0000-0000-0000-000000000001,5dda0b14-713b-46d0-a6ce-a7a33a2fb6f9,9d5d0096-0b78-a663-1142-be871dfa2bda,22836.70,24364.40,1527.70,11.50,Apr-25,2026-03-20 06:10:21.371689+00,null,false,null
2f68acc6-5c83-9124-318f-e573a8c8742f,00000000-0000-0000-0000-000000000001,5dda0b14-713b-46d0-a6ce-a7a33a2fb6f9,fb5cedd6-2992-1c62-7fba-4a7a6b43b2ff,18752.40,19850.70,1098.30,11.50,Apr-25,2026-03-20 06:10:21.371689+00,null,false,null
95343d5c-111d-a20f-3bff-8aec9d915b90,00000000-0000-0000-0000-000000000001,5dda0b14-713b-46d0-a6ce-a7a33a2fb6f9,233cca0e-efcf-e631-d2fc-9997a6ba5706,14939.50,15756.40,816.90,11.50,Apr-25,2026-03-20 06:10:21.371689+00,null,false,null
004eebf3-e5a3-ae46-f048-989f20c3087c,00000000-0000-0000-0000-000000000001,5dda0b14-713b-46d0-a6ce-a7a33a2fb6f9,dc4adc21-f501-0573-2e9a-d7bbbc89e5d6,54196.00,55060.30,864.30,11.50,Apr-25,2026-03-20 06:10:21.371689+00,null,false,null
74d2ce08-a325-977a-8fca-f27b479b6b4c,00000000-0000-0000-0000-000000000001,5dda0b14-713b-46d0-a6ce-a7a33a2fb6f9,c17c5093-48b7-139f-ebfc-1cd33ef5179c,12457.00,13101.70,644.70,11.50,Apr-25,2026-03-20 06:10:21.371689+00,null,false,null
9aaf7dfe-212e-a459-c85d-8dc2fd2c4c2d,00000000-0000-0000-0000-000000000001,5dda0b14-713b-46d0-a6ce-a7a33a2fb6f9,1183b300-b9ae-5e28-acb2-304cb2fd36db,0.00,0.00,0.00,11.50,Apr-25,2026-03-20 06:10:21.371689+00,null,false,null
acac337d-c2c3-bc94-70a1-4c76e3791830,00000000-0000-0000-0000-000000000001,5dda0b14-713b-46d0-a6ce-a7a33a2fb6f9,44625074-3f26-4a2d-74ae-56ba4c94a395,0.00,0.00,0.00,11.50,Apr-25,2026-03-20 06:10:21.371689+00,null,false,null
2d1e9744-1ef5-27a0-690b-1d0f6d91f0b1,00000000-0000-0000-0000-000000000001,5dda0b14-713b-46d0-a6ce-a7a33a2fb6f9,c2ff0c11-4d1b-7b9b-b93c-aa37c9b6c40b,19855.30,20558.30,703.00,11.50,Apr-25,2026-03-20 06:10:21.371689+00,null,false,null
de6ce54b-99d3-4d30-72ff-fd43f8fb85f3,00000000-0000-0000-0000-000000000001,5dda0b14-713b-46d0-a6ce-a7a33a2fb6f9,7719849e-1d17-27d2-31d4-475a4e71f261,0.00,0.00,0.00,11.50,Apr-25,2026-03-20 06:10:21.371689+00,null,false,null
00dd3738-93c2-32a9-5074-fffb820a2cd6,00000000-0000-0000-0000-000000000001,5dda0b14-713b-46d0-a6ce-a7a33a2fb6f9,d2298bb8-a5e5-735a-c8ca-9b18c7daacd6,40438.20,41366.00,927.80,11.50,Apr-25,2026-03-20 06:10:21.371689+00,null,false,null
65b7ce20-737c-ea8f-c0e2-babf096a0ea0,00000000-0000-0000-0000-000000000001,5dda0b14-713b-46d0-a6ce-a7a33a2fb6f9,211a2b33-4e94-3da1-7d97-406bc26036f5,0.00,0.00,0.00,11.50,May-25,2026-03-20 06:10:21.371689+00,null,false,null
63d3a6b9-b969-28f2-02c4-2c8bae50ad86,00000000-0000-0000-0000-000000000001,5dda0b14-713b-46d0-a6ce-a7a33a2fb6f9,fb5cedd6-2992-1c62-7fba-4a7a6b43b2ff,19850.70,20957.00,1106.30,11.50,May-25,2026-03-20 06:10:21.371689+00,null,false,null
10ca3ec9-3fe8-76ad-ee10-7dfdb6d6aa8c,00000000-0000-0000-0000-000000000001,5dda0b14-713b-46d0-a6ce-a7a33a2fb6f9,233cca0e-efcf-e631-d2fc-9997a6ba5706,15756.40,16659.40,903.00,11.50,May-25,2026-03-20 06:10:21.371689+00,null,false,null
0462140b-d77f-4155-793b-ed559e414ee3,00000000-0000-0000-0000-000000000001,5dda0b14-713b-46d0-a6ce-a7a33a2fb6f9,dc4adc21-f501-0573-2e9a-d7bbbc89e5d6,55060.30,56059.00,998.70,11.50,May-25,2026-03-20 06:10:21.371689+00,null,false,null
e74fe906-a021-50dd-2b0d-28783f89c7a6,00000000-0000-0000-0000-000000000001,5dda0b14-713b-46d0-a6ce-a7a33a2fb6f9,c17c5093-48b7-139f-ebfc-1cd33ef5179c,13101.70,13752.50,650.80,11.50,May-25,2026-03-20 06:10:21.371689+00,null,false,null
bf48e42a-deb7-b469-485c-2f7dfeaf2f84,00000000-0000-0000-0000-000000000001,5dda0b14-713b-46d0-a6ce-a7a33a2fb6f9,1183b300-b9ae-5e28-acb2-304cb2fd36db,0.00,0.00,0.00,11.50,May-25,2026-03-20 06:10:21.371689+00,null,false,null
335054ac-ccb2-bf0b-9683-adaf351ffa8e,00000000-0000-0000-0000-000000000001,5dda0b14-713b-46d0-a6ce-a7a33a2fb6f9,44625074-3f26-4a2d-74ae-56ba4c94a395,0.00,0.00,0.00,11.50,May-25,2026-03-20 06:10:21.371689+00,null,false,null
574b752a-0a7f-d419-b3c4-59ef797f0a04,00000000-0000-0000-0000-000000000001,5dda0b14-713b-46d0-a6ce-a7a33a2fb6f9,c2ff0c11-4d1b-7b9b-b93c-aa37c9b6c40b,20558.30,21144.50,586.20,11.50,May-25,2026-03-20 06:10:21.371689+00,null,false,null
9503a0a5-b19f-54fb-c6f9-b473b79e6576,00000000-0000-0000-0000-000000000001,5dda0b14-713b-46d0-a6ce-a7a33a2fb6f9,7719849e-1d17-27d2-31d4-475a4e71f261,0.00,0.00,0.00,11.50,May-25,2026-03-20 06:10:21.371689+00,null,false,null
7f01263f-4315-52e4-c951-fe5bfce9eda8,00000000-0000-0000-0000-000000000001,5dda0b14-713b-46d0-a6ce-a7a33a2fb6f9,d2298bb8-a5e5-735a-c8ca-9b18c7daacd6,41366.00,42168.70,802.90,11.50,May-25,2026-03-20 06:10:21.371689+00,null,false,null
33093db1-97d7-6fbc-0bd0-0c01d2607976,00000000-0000-0000-0000-000000000001,5dda0b14-713b-46d0-a6ce-a7a33a2fb6f9,211a2b33-4e94-3da1-7d97-406bc26036f5,0.00,0.00,0.00,11.50,Jun-25,2026-03-20 06:10:21.371689+00,null,false,null
3b759005-5a7d-44c1-cdd4-cac2038c60f7,00000000-0000-0000-0000-000000000001,5dda0b14-713b-46d0-a6ce-a7a33a2fb6f9,188aee4d-68e0-1ddb-38e6-a946bc75072d,0.00,0.00,0.00,11.50,Jun-25,2026-03-20 06:10:21.371689+00,null,false,null
753bab73-aed6-1d6e-c7a2-912afe565e87,00000000-0000-0000-0000-000000000001,5dda0b14-713b-46d0-a6ce-a7a33a2fb6f9,4d1dd99b-b75a-70b5-406b-f5e869954002,0.00,0.00,0.00,11.50,Jun-25,2026-03-20 06:10:21.371689+00,null,false,null
b2c23767-594a-9b1a-50fc-ba56cf14b2e0,00000000-0000-0000-0000-000000000001,5dda0b14-713b-46d0-a6ce-a7a33a2fb6f9,b0d4d2c8-f6ee-bc16-ffd7-fc33c8db8571,18623.00,19583.50,960.50,11.50,Jun-25,2026-03-20 06:10:21.371689+00,null,false,null
410013f0-4b22-da5a-1b0a-c023275721ab,00000000-0000-0000-0000-000000000001,5dda0b14-713b-46d0-a6ce-a7a33a2fb6f9,0a839c14-2a88-9896-c2f2-8d51fe610405,24976.30,25670.00,693.70,11.50,Jun-25,2026-03-20 06:10:21.371689+00,null,false,null
f07527da-2346-4a9b-9dcf-1baa52efe111,00000000-0000-0000-0000-000000000001,5dda0b14-713b-46d0-a6ce-a7a33a2fb6f9,79853a4a-cb02-508c-e041-7e23378aec9c,33172.40,34657.20,1484.80,11.50,Jun-25,2026-03-20 06:10:21.371689+00,null,false,null
624514af-2e24-07da-f47c-d782713fe310,00000000-0000-0000-0000-000000000001,5dda0b14-713b-46d0-a6ce-a7a33a2fb6f9,03edc7c5-4c46-b55e-523d-9fb7be29910b,44395.50,45707.00,1311.50,11.50,Jun-25,2026-03-20 06:10:21.371689+00,null,false,null
2d8bffb8-4237-7baa-208d-8277bc4e0c69,00000000-0000-0000-0000-000000000001,5dda0b14-713b-46d0-a6ce-a7a33a2fb6f9,2fc42a4f-fe5a-ae08-0e4e-2c89ca71db85,36535.10,37445.40,910.30,11.50,Jun-25,2026-03-20 06:10:21.371689+00,null,false,null
1e37eb21-568a-1a12-2ca7-6f76069f3250,00000000-0000-0000-0000-000000000001,5dda0b14-713b-46d0-a6ce-a7a33a2fb6f9,5d204545-2f72-b89b-3190-a826b5ab6512,45560.10,46543.70,983.60,11.50,Jun-25,2026-03-20 06:10:21.371689+00,null,false,null
94ef0987-1aee-a209-bdca-7ffdb1657161,00000000-0000-0000-0000-000000000001,5dda0b14-713b-46d0-a6ce-a7a33a2fb6f9,417c9738-a0f7-5a00-1091-37a9fd083dd6,37760.80,38643.90,883.10,11.50,Jun-25,2026-03-20 06:10:21.371689+00,null,false,null
566386d4-1430-c793-9f34-3ffb0dcc9105,00000000-0000-0000-0000-000000000001,5dda0b14-713b-46d0-a6ce-a7a33a2fb6f9,82b270bf-e567-2deb-5ef3-495baafd7645,25075.10,25695.70,620.60,11.50,Jun-25,2026-03-20 06:10:21.371689+00,null,false,null
6a993a5e-3d13-1f63-2137-3573fc6a4cb0,00000000-0000-0000-0000-000000000001,5dda0b14-713b-46d0-a6ce-a7a33a2fb6f9,574de174-c7bb-bc11-f282-cff2aa2501c5,10491.30,11114.30,623.00,11.50,Jun-25,2026-03-20 06:10:21.371689+00,null,false,null
91d90bf9-e2a8-c9ba-679e-c2b3f32764b1,00000000-0000-0000-0000-000000000001,5dda0b14-713b-46d0-a6ce-a7a33a2fb6f9,a361bd0d-c2c1-2aee-6303-d65de004edd0,34640.70,35860.40,1219.70,11.50,Jun-25,2026-03-20 06:10:21.371689+00,null,false,null
16cc2611-b524-f74a-e015-58c6c92797a6,00000000-0000-0000-0000-000000000001,5dda0b14-713b-46d0-a6ce-a7a33a2fb6f9,8767525e-d22f-a295-bc29-ba104fdc589a,26631.10,27186.60,555.50,11.50,Jun-25,2026-03-20 06:10:21.371689+00,null,false,null
7b90825f-d8c7-f577-1ac5-6662169ddf56,00000000-0000-0000-0000-000000000001,5dda0b14-713b-46d0-a6ce-a7a33a2fb6f9,323c0dff-be56-f6ee-f053-ee37de806dea,39129.00,39967.30,838.30,11.50,Jun-25,2026-03-20 06:10:21.371689+00,null,false,null
d2972151-3a7a-3b00-f496-642a23d59ab0,00000000-0000-0000-0000-000000000001,5dda0b14-713b-46d0-a6ce-a7a33a2fb6f9,aa73cade-c28c-dc5b-5980-55801ea0d415,38705.70,39647.90,942.20,11.50,Jun-25,2026-03-20 06:10:21.371689+00,null,false,null
2073059b-26b3-7002-19f9-82e010d6028e,00000000-0000-0000-0000-000000000001,5dda0b14-713b-46d0-a6ce-a7a33a2fb6f9,49ed1c8e-3653-c89b-ec74-16d8e20bb923,29138.30,30009.00,870.70,11.50,Jun-25,2026-03-20 06:10:21.371689+00,null,false,null
44924e24-de9d-0a22-dbfc-27efe15b2561,00000000-0000-0000-0000-000000000001,5dda0b14-713b-46d0-a6ce-a7a33a2fb6f9,85292340-826d-52c1-65c7-7f2a9eb2c2c4,56952.70,57552.20,599.50,11.50,Jun-25,2026-03-20 06:10:21.371689+00,null,false,null
0e671abd-4c77-54a3-6c7b-d61825c0a8c1,00000000-0000-0000-0000-000000000001,5dda0b14-713b-46d0-a6ce-a7a33a2fb6f9,bde00681-ebfc-ef38-4f6e-4906a012de6b,46258.70,47584.50,1325.80,11.50,Jun-25,2026-03-20 06:10:21.371689+00,null,false,null
d80c32c8-5658-2540-841e-7f4f6beca7ae,00000000-0000-0000-0000-000000000001,5dda0b14-713b-46d0-a6ce-a7a33a2fb6f9,ffbd5fe0-d9b3-cb55-cfd7-2d72a3498109,54016.10,54781.50,765.40,11.50,Jun-25,2026-03-20 06:10:21.371689+00,null,false,null
8091339a-e939-6d3a-cc83-b7935251ec41,00000000-0000-0000-0000-000000000001,5dda0b14-713b-46d0-a6ce-a7a33a2fb6f9,bc7f358d-0d6d-f95f-ff80-9089eefdef69,46859.90,47875.80,1015.90,11.50,Jun-25,2026-03-20 06:10:21.371689+00,null,false,null
993e3308-c9ca-9d3a-f869-d89d89980b6f,00000000-0000-0000-0000-000000000001,5dda0b14-713b-46d0-a6ce-a7a33a2fb6f9,b0875d50-a469-821b-57c3-03ac62809198,31521.10,32279.80,758.70,11.50,Jun-25,2026-03-20 06:10:21.371689+00,null,false,null
80286c7b-7dee-d43e-5a35-c8043a2e946b,00000000-0000-0000-0000-000000000001,5dda0b14-713b-46d0-a6ce-a7a33a2fb6f9,dd96a329-ec95-e96a-1348-69d976f39cd4,83747.60,85023.00,1275.40,11.50,Jun-25,2026-03-20 06:10:21.371689+00,null,false,null
d8d5424a-bc32-4b4d-8108-3ec8f64dc7c7,00000000-0000-0000-0000-000000000001,5dda0b14-713b-46d0-a6ce-a7a33a2fb6f9,77c3a6fd-4651-d880-29aa-abd19c8324df,31025.70,31865.80,840.10,11.50,Jun-25,2026-03-20 06:10:21.371689+00,null,false,null
b996a3ff-1d34-ba27-df15-8a1c6f1c5306,00000000-0000-0000-0000-000000000001,5dda0b14-713b-46d0-a6ce-a7a33a2fb6f9,86ad1ceb-8d81-a926-d998-3a2f1cafba06,19520.70,20478.30,957.60,11.50,Jun-25,2026-03-20 06:10:21.371689+00,null,false,null
65697eda-cff1-3a07-bea0-c46f552f48c7,00000000-0000-0000-0000-000000000001,5dda0b14-713b-46d0-a6ce-a7a33a2fb6f9,10c6863d-07c3-4fc4-94f9-6adc29157ce1,34350.90,34919.00,568.10,11.50,Jun-25,2026-03-20 06:10:21.371689+00,null,false,null
9a4cede2-0cc6-18fd-6c28-80a462059475,00000000-0000-0000-0000-000000000001,5dda0b14-713b-46d0-a6ce-a7a33a2fb6f9,990e8a3e-a69c-7b31-f606-3eeb21e3d4c6,30066.90,30691.80,624.90,11.50,Jun-25,2026-03-20 06:10:21.371689+00,null,false,null
d368e629-bbd0-1335-6284-898a6dcaa68e,00000000-0000-0000-0000-000000000001,5dda0b14-713b-46d0-a6ce-a7a33a2fb6f9,1b4d1066-8fe4-199b-7b3b-39e4bded9714,14277.70,15631.20,1353.50,11.50,Jun-25,2026-03-20 06:10:21.371689+00,null,false,null
27458c4a-1f8d-1bf8-ffb0-b3aea660c302,00000000-0000-0000-0000-000000000001,5dda0b14-713b-46d0-a6ce-a7a33a2fb6f9,9d5d0096-0b78-a663-1142-be871dfa2bda,25854.40,27437.70,1583.30,11.50,Jun-25,2026-03-20 06:10:21.371689+00,null,false,null
84f80ae6-ed2c-8f07-4d6f-73ddb5f13242,00000000-0000-0000-0000-000000000001,5dda0b14-713b-46d0-a6ce-a7a33a2fb6f9,fb5cedd6-2992-1c62-7fba-4a7a6b43b2ff,20957.00,22004.90,1047.90,11.50,Jun-25,2026-03-20 06:10:21.371689+00,null,false,null
cf711514-df02-fd34-f256-80c2ebb558fe,00000000-0000-0000-0000-000000000001,5dda0b14-713b-46d0-a6ce-a7a33a2fb6f9,233cca0e-efcf-e631-d2fc-9997a6ba5706,16659.40,17524.10,864.70,11.50,Jun-25,2026-03-20 06:10:21.371689+00,null,false,null
e14134ab-e43f-cea2-55b3-0419b01ff994,00000000-0000-0000-0000-000000000001,5dda0b14-713b-46d0-a6ce-a7a33a2fb6f9,dc4adc21-f501-0573-2e9a-d7bbbc89e5d6,56059.00,57136.30,1077.30,11.50,Jun-25,2026-03-20 06:10:21.371689+00,null,false,null
bc2046bf-8329-5004-b3d4-ea005404d43c,00000000-0000-0000-0000-000000000001,5dda0b14-713b-46d0-a6ce-a7a33a2fb6f9,c17c5093-48b7-139f-ebfc-1cd33ef5179c,13752.50,14479.30,726.80,11.50,Jun-25,2026-03-20 06:10:21.371689+00,null,false,null
d2bf883e-386a-54d7-5faa-943994b0f19c,00000000-0000-0000-0000-000000000001,5dda0b14-713b-46d0-a6ce-a7a33a2fb6f9,1183b300-b9ae-5e28-acb2-304cb2fd36db,0.00,0.00,0.00,11.50,Jun-25,2026-03-20 06:10:21.371689+00,null,false,null
e8b133e1-e5a3-6044-44ec-4abb21eb4869,00000000-0000-0000-0000-000000000001,5dda0b14-713b-46d0-a6ce-a7a33a2fb6f9,44625074-3f26-4a2d-74ae-56ba4c94a395,0.00,0.00,0.00,11.50,Jun-25,2026-03-20 06:10:21.371689+00,null,false,null
6ded66cd-4361-e70c-e25e-4e8311be33b3,00000000-0000-0000-0000-000000000001,5dda0b14-713b-46d0-a6ce-a7a33a2fb6f9,c2ff0c11-4d1b-7b9b-b93c-aa37c9b6c40b,21144.50,22358.70,1214.20,11.50,Jun-25,2026-03-20 06:10:21.371689+00,null,false,null
da0766b9-2f0a-4138-9c30-2186ec3169c1,00000000-0000-0000-0000-000000000001,5dda0b14-713b-46d0-a6ce-a7a33a2fb6f9,7719849e-1d17-27d2-31d4-475a4e71f261,0.00,0.00,0.00,11.50,Jun-25,2026-03-20 06:10:21.371689+00,null,false,null
3f561665-88ca-4e89-6fc6-e8e75b24da89,00000000-0000-0000-0000-000000000001,5dda0b14-713b-46d0-a6ce-a7a33a2fb6f9,d2298bb8-a5e5-735a-c8ca-9b18c7daacd6,42168.70,42861.50,692.80,11.50,Jun-25,2026-03-20 06:10:21.371689+00,null,false,null
164a0584-6d76-4fa0-41a2-1a9a1144a8ea,00000000-0000-0000-0000-000000000001,5dda0b14-713b-46d0-a6ce-a7a33a2fb6f9,211a2b33-4e94-3da1-7d97-406bc26036f5,0.00,0.00,0.00,11.50,Jul-25,2026-03-20 06:10:21.371689+00,null,false,null
bab3b575-0caf-9fa7-f356-b05ef9a02e50,00000000-0000-0000-0000-000000000001,5dda0b14-713b-46d0-a6ce-a7a33a2fb6f9,188aee4d-68e0-1ddb-38e6-a946bc75072d,0.00,0.00,0.00,11.50,Jul-25,2026-03-20 06:10:21.371689+00,null,false,null
673bdad9-e231-1af0-106b-a214eed49b28,00000000-0000-0000-0000-000000000001,5dda0b14-713b-46d0-a6ce-a7a33a2fb6f9,4d1dd99b-b75a-70b5-406b-f5e869954002,0.00,0.00,0.00,11.50,Jul-25,2026-03-20 06:10:21.371689+00,null,false,null
1dae7103-85be-9130-033f-e383149d24b5,00000000-0000-0000-0000-000000000001,5dda0b14-713b-46d0-a6ce-a7a33a2fb6f9,b0d4d2c8-f6ee-bc16-ffd7-fc33c8db8571,19583.50,20476.70,893.20,11.50,Jul-25,2026-03-20 06:10:21.371689+00,null,false,null
8333ede1-e37f-c915-24fe-92182443013b,00000000-0000-0000-0000-000000000001,5dda0b14-713b-46d0-a6ce-a7a33a2fb6f9,0a839c14-2a88-9896-c2f2-8d51fe610405,25670.00,26262.60,592.60,11.50,Jul-25,2026-03-20 06:10:21.371689+00,null,false,null
362250e3-be82-9e00-7d89-7b22523361e3,00000000-0000-0000-0000-000000000001,5dda0b14-713b-46d0-a6ce-a7a33a2fb6f9,79853a4a-cb02-508c-e041-7e23378aec9c,34657.20,35903.30,1246.10,11.50,Jul-25,2026-03-20 06:10:21.371689+00,null,false,null
5a68aa68-0b06-a4ca-a936-95f64ea2352b,00000000-0000-0000-0000-000000000001,5dda0b14-713b-46d0-a6ce-a7a33a2fb6f9,03edc7c5-4c46-b55e-523d-9fb7be29910b,45707.00,46600.00,893.00,11.50,Jul-25,2026-03-20 06:10:21.371689+00,null,false,null
d4f247af-582f-ccfe-5b31-40adfd95bc71,00000000-0000-0000-0000-000000000001,5dda0b14-713b-46d0-a6ce-a7a33a2fb6f9,2fc42a4f-fe5a-ae08-0e4e-2c89ca71db85,37445.40,38150.50,705.10,11.50,Jul-25,2026-03-20 06:10:21.371689+00,null,false,null
03e2f05f-8b2a-3320-8edf-ebe653fce4ea,00000000-0000-0000-0000-000000000001,5dda0b14-713b-46d0-a6ce-a7a33a2fb6f9,5d204545-2f72-b89b-3190-a826b5ab6512,46543.70,47435.80,892.10,11.50,Jul-25,2026-03-20 06:10:21.371689+00,null,false,null
28100be7-ec2e-5c2f-b165-d613ebdf604a,00000000-0000-0000-0000-000000000001,5dda0b14-713b-46d0-a6ce-a7a33a2fb6f9,417c9738-a0f7-5a00-1091-37a9fd083dd6,38643.90,39495.20,851.30,11.50,Jul-25,2026-03-20 06:10:21.371689+00,null,false,null
5246ea9c-109a-0d37-27a7-d5f647e85634,00000000-0000-0000-0000-000000000001,5dda0b14-713b-46d0-a6ce-a7a33a2fb6f9,82b270bf-e567-2deb-5ef3-495baafd7645,25695.70,26362.80,667.10,11.50,Jul-25,2026-03-20 06:10:21.371689+00,null,false,null
11f1f42a-6809-878d-9e0a-b00ac0a31521,00000000-0000-0000-0000-000000000001,5dda0b14-713b-46d0-a6ce-a7a33a2fb6f9,574de174-c7bb-bc11-f282-cff2aa2501c5,11114.30,11678.40,564.10,11.50,Jul-25,2026-03-20 06:10:21.371689+00,null,false,null
9a9b24eb-7f54-02f0-14ba-5348e14bf8ce,00000000-0000-0000-0000-000000000001,5dda0b14-713b-46d0-a6ce-a7a33a2fb6f9,a361bd0d-c2c1-2aee-6303-d65de004edd0,35860.40,37080.30,1219.90,11.50,Jul-25,2026-03-20 06:10:21.371689+00,null,false,null
a9232f49-0e8e-9d06-f2f4-18e384ebf8a2,00000000-0000-0000-0000-000000000001,5dda0b14-713b-46d0-a6ce-a7a33a2fb6f9,8767525e-d22f-a295-bc29-ba104fdc589a,27186.60,27596.50,409.90,11.50,Jul-25,2026-03-20 06:10:21.371689+00,null,false,null
a8a3f4c6-2fb6-a66c-c5d9-6b97580e50a4,00000000-0000-0000-0000-000000000001,5dda0b14-713b-46d0-a6ce-a7a33a2fb6f9,323c0dff-be56-f6ee-f053-ee37de806dea,39967.30,40809.70,842.40,11.50,Jul-25,2026-03-20 06:10:21.371689+00,null,false,null
d99a2983-bebc-3bcf-552a-3ba8c1ef3caf,00000000-0000-0000-0000-000000000001,5dda0b14-713b-46d0-a6ce-a7a33a2fb6f9,aa73cade-c28c-dc5b-5980-55801ea0d415,39647.90,40445.70,797.80,11.50,Jul-25,2026-03-20 06:10:21.371689+00,null,false,null
5e7defb2-32c9-45ce-715d-730feadd62a4,00000000-0000-0000-0000-000000000001,5dda0b14-713b-46d0-a6ce-a7a33a2fb6f9,49ed1c8e-3653-c89b-ec74-16d8e20bb923,30009.00,30717.10,708.10,11.50,Jul-25,2026-03-20 06:10:21.371689+00,null,false,null
9b5a15d8-8023-f98e-5148-4ba8f8f8de0f,00000000-0000-0000-0000-000000000001,5dda0b14-713b-46d0-a6ce-a7a33a2fb6f9,85292340-826d-52c1-65c7-7f2a9eb2c2c4,57552.20,58513.80,961.60,11.50,Jul-25,2026-03-20 06:10:21.371689+00,null,false,null
18748334-d374-687e-60c1-b8e7c71fa6fb,00000000-0000-0000-0000-000000000001,5dda0b14-713b-46d0-a6ce-a7a33a2fb6f9,bde00681-ebfc-ef38-4f6e-4906a012de6b,47584.50,48816.90,1232.40,11.50,Jul-25,2026-03-20 06:10:21.371689+00,null,false,null
bb463bd4-3a4c-a7b3-2695-85398623df62,00000000-0000-0000-0000-000000000001,5dda0b14-713b-46d0-a6ce-a7a33a2fb6f9,ffbd5fe0-d9b3-cb55-cfd7-2d72a3498109,54781.50,55467.00,685.50,11.50,Jul-25,2026-03-20 06:10:21.371689+00,null,false,null
24cb1553-7c5c-e275-6e11-3473ec64d981,00000000-0000-0000-0000-000000000001,5dda0b14-713b-46d0-a6ce-a7a33a2fb6f9,bc7f358d-0d6d-f95f-ff80-9089eefdef69,47875.80,48801.70,925.90,11.50,Jul-25,2026-03-20 06:10:21.371689+00,null,false,null
61a3036d-4455-ee9b-755c-a862f2221096,00000000-0000-0000-0000-000000000001,5dda0b14-713b-46d0-a6ce-a7a33a2fb6f9,b0875d50-a469-821b-57c3-03ac62809198,32279.80,32929.10,649.30,11.50,Jul-25,2026-03-20 06:10:21.371689+00,null,false,null
3e1a60f7-793d-d2b4-8358-0167566adb54,00000000-0000-0000-0000-000000000001,5dda0b14-713b-46d0-a6ce-a7a33a2fb6f9,dd96a329-ec95-e96a-1348-69d976f39cd4,85023.00,86214.70,1191.70,11.50,Jul-25,2026-03-20 06:10:21.371689+00,null,false,null
22c961ca-8659-2b90-9f3c-c8fd44a4b9cf,00000000-0000-0000-0000-000000000001,5dda0b14-713b-46d0-a6ce-a7a33a2fb6f9,77c3a6fd-4651-d880-29aa-abd19c8324df,31865.80,32813.20,947.40,11.50,Jul-25,2026-03-20 06:10:21.371689+00,null,false,null
1b7d622f-0597-995c-e7d1-cf94b54d53d6,00000000-0000-0000-0000-000000000001,5dda0b14-713b-46d0-a6ce-a7a33a2fb6f9,86ad1ceb-8d81-a926-d998-3a2f1cafba06,20478.30,21330.90,852.60,11.50,Jul-25,2026-03-20 06:10:21.371689+00,null,false,null
5e1bd734-791a-f46c-f66f-190b16fdbfae,00000000-0000-0000-0000-000000000001,5dda0b14-713b-46d0-a6ce-a7a33a2fb6f9,10c6863d-07c3-4fc4-94f9-6adc29157ce1,34919.00,35320.80,401.80,11.50,Jul-25,2026-03-20 06:10:21.371689+00,null,false,null
be89a91f-a84b-7fef-4055-c6d3dc37fc3a,00000000-0000-0000-0000-000000000001,5dda0b14-713b-46d0-a6ce-a7a33a2fb6f9,990e8a3e-a69c-7b31-f606-3eeb21e3d4c6,30691.80,31337.40,645.60,11.50,Jul-25,2026-03-20 06:10:21.371689+00,null,false,null
a9a0692e-7f82-4c97-ad0c-67b003d46127,00000000-0000-0000-0000-000000000001,5dda0b14-713b-46d0-a6ce-a7a33a2fb6f9,1b4d1066-8fe4-199b-7b3b-39e4bded9714,15631.20,16710.30,1079.10,11.50,Jul-25,2026-03-20 06:10:21.371689+00,null,false,null
114fa8d3-25ef-2908-4eca-4c9c8853a815,00000000-0000-0000-0000-000000000001,5dda0b14-713b-46d0-a6ce-a7a33a2fb6f9,9d5d0096-0b78-a663-1142-be871dfa2bda,27437.70,28935.50,1497.80,11.50,Jul-25,2026-03-20 06:10:21.371689+00,null,false,null
6970fc03-43fb-4e56-e955-d40fce56f034,00000000-0000-0000-0000-000000000001,5dda0b14-713b-46d0-a6ce-a7a33a2fb6f9,fb5cedd6-2992-1c62-7fba-4a7a6b43b2ff,22004.90,22904.60,899.70,11.50,Jul-25,2026-03-20 06:10:21.371689+00,null,false,null
5b5989e1-1c81-fef2-fead-7e6a628e37c0,00000000-0000-0000-0000-000000000001,5dda0b14-713b-46d0-a6ce-a7a33a2fb6f9,233cca0e-efcf-e631-d2fc-9997a6ba5706,17524.10,18411.90,887.80,11.50,Jul-25,2026-03-20 06:10:21.371689+00,null,false,null
2083a0dd-2c5f-84b9-acf5-28bfa8032228,00000000-0000-0000-0000-000000000001,5dda0b14-713b-46d0-a6ce-a7a33a2fb6f9,dc4adc21-f501-0573-2e9a-d7bbbc89e5d6,57136.30,58077.90,941.60,11.50,Jul-25,2026-03-20 06:10:21.371689+00,null,false,null
0c3b4b74-105f-b500-45f7-49c42bb421e1,00000000-0000-0000-0000-000000000001,5dda0b14-713b-46d0-a6ce-a7a33a2fb6f9,c17c5093-48b7-139f-ebfc-1cd33ef5179c,14479.30,15214.70,735.40,11.50,Jul-25,2026-03-20 06:10:21.371689+00,null,false,null
0d75bc37-4709-9d28-b7e3-0c677ba14f1f,00000000-0000-0000-0000-000000000001,5dda0b14-713b-46d0-a6ce-a7a33a2fb6f9,1183b300-b9ae-5e28-acb2-304cb2fd36db,0.00,0.00,0.00,11.50,Jul-25,2026-03-20 06:10:21.371689+00,null,false,null
e88e78ff-1242-f809-b80e-a119cb49b14e,00000000-0000-0000-0000-000000000001,5dda0b14-713b-46d0-a6ce-a7a33a2fb6f9,44625074-3f26-4a2d-74ae-56ba4c94a395,0.00,0.00,0.00,11.50,Jul-25,2026-03-20 06:10:21.371689+00,null,false,null
a46edb09-203a-fa59-12ab-c70385b8ecf9,00000000-0000-0000-0000-000000000001,5dda0b14-713b-46d0-a6ce-a7a33a2fb6f9,c2ff0c11-4d1b-7b9b-b93c-aa37c9b6c40b,22358.70,23183.10,824.40,11.50,Jul-25,2026-03-20 06:10:21.371689+00,null,false,null
fd33ed9c-741f-5db6-39fc-987f12b058ef,00000000-0000-0000-0000-000000000001,5dda0b14-713b-46d0-a6ce-a7a33a2fb6f9,7719849e-1d17-27d2-31d4-475a4e71f261,0.00,0.00,0.00,11.50,Jul-25,2026-03-20 06:10:21.371689+00,null,false,null
b50c556a-f2fb-e55e-299e-5b29f57b350a,00000000-0000-0000-0000-000000000001,5dda0b14-713b-46d0-a6ce-a7a33a2fb6f9,d2298bb8-a5e5-735a-c8ca-9b18c7daacd6,42861.50,43651.20,789.70,11.50,Jul-25,2026-03-20 06:10:21.371689+00,null,false,null
df8189f3-1583-341e-7ece-23fca97fe5e8,00000000-0000-0000-0000-000000000001,5dda0b14-713b-46d0-a6ce-a7a33a2fb6f9,211a2b33-4e94-3da1-7d97-406bc26036f5,0.00,261.40,261.40,11.50,Aug-25,2026-03-20 06:10:21.371689+00,null,false,null
ca811c07-9667-2dd6-a9d3-bd0d04114f52,00000000-0000-0000-0000-000000000001,5dda0b14-713b-46d0-a6ce-a7a33a2fb6f9,188aee4d-68e0-1ddb-38e6-a946bc75072d,0.00,478.30,478.30,11.50,Aug-25,2026-03-20 06:10:21.371689+00,null,false,null
2e518d0c-0a32-663c-4c9f-26063824368c,00000000-0000-0000-0000-000000000001,5dda0b14-713b-46d0-a6ce-a7a33a2fb6f9,4d1dd99b-b75a-70b5-406b-f5e869954002,0.00,1364.10,1364.10,11.50,Aug-25,2026-03-20 06:10:21.371689+00,null,false,null
22118a1f-8412-eb64-9c57-2eb3d7874f80,00000000-0000-0000-0000-000000000001,5dda0b14-713b-46d0-a6ce-a7a33a2fb6f9,b0d4d2c8-f6ee-bc16-ffd7-fc33c8db8571,20476.70,21269.00,792.30,11.50,Aug-25,2026-03-20 06:10:21.371689+00,null,false,null
1903a89b-8c3b-da21-8609-1466c419428a,00000000-0000-0000-0000-000000000001,5dda0b14-713b-46d0-a6ce-a7a33a2fb6f9,0a839c14-2a88-9896-c2f2-8d51fe610405,26262.60,27039.50,776.90,11.50,Aug-25,2026-03-20 06:10:21.371689+00,null,false,null
f7bef572-5cfa-c7cc-8645-bf46ff00faeb,00000000-0000-0000-0000-000000000001,5dda0b14-713b-46d0-a6ce-a7a33a2fb6f9,79853a4a-cb02-508c-e041-7e23378aec9c,35903.30,36984.60,1081.30,11.50,Aug-25,2026-03-20 06:10:21.371689+00,null,false,null
9736bfb2-801f-bcb2-5a9a-22c0c356a2c2,00000000-0000-0000-0000-000000000001,5dda0b14-713b-46d0-a6ce-a7a33a2fb6f9,03edc7c5-4c46-b55e-523d-9fb7be29910b,46600.00,47577.10,977.10,11.50,Aug-25,2026-03-20 06:10:21.371689+00,null,false,null
0959371b-be02-2deb-a63b-1107812e28c4,00000000-0000-0000-0000-000000000001,5dda0b14-713b-46d0-a6ce-a7a33a2fb6f9,2fc42a4f-fe5a-ae08-0e4e-2c89ca71db85,38150.50,38881.20,730.70,11.50,Aug-25,2026-03-20 06:10:21.371689+00,null,false,null
580cf290-53e9-19e6-545f-c4520806876d,00000000-0000-0000-0000-000000000001,5dda0b14-713b-46d0-a6ce-a7a33a2fb6f9,5d204545-2f72-b89b-3190-a826b5ab6512,47435.80,48068.50,632.70,11.50,Aug-25,2026-03-20 06:10:21.371689+00,null,false,null
a85b763a-3e25-dd9e-c9cb-57265e4cb9c5,00000000-0000-0000-0000-000000000001,5dda0b14-713b-46d0-a6ce-a7a33a2fb6f9,417c9738-a0f7-5a00-1091-37a9fd083dd6,39495.20,40193.20,698.00,11.50,Aug-25,2026-03-20 06:10:21.371689+00,null,false,null
07924825-0d52-0b24-450f-ec6fdeb01bf0,00000000-0000-0000-0000-000000000001,5dda0b14-713b-46d0-a6ce-a7a33a2fb6f9,82b270bf-e567-2deb-5ef3-495baafd7645,26362.80,26868.50,505.70,11.50,Aug-25,2026-03-20 06:10:21.371689+00,null,false,null
47f12371-fa0e-3b93-077d-39609a363048,00000000-0000-0000-0000-000000000001,5dda0b14-713b-46d0-a6ce-a7a33a2fb6f9,574de174-c7bb-bc11-f282-cff2aa2501c5,11678.40,12165.00,486.60,11.50,Aug-25,2026-03-20 06:10:21.371689+00,null,false,null
b130aea9-a54f-6ad9-19d4-8e1aa88f0505,00000000-0000-0000-0000-000000000001,5dda0b14-713b-46d0-a6ce-a7a33a2fb6f9,a361bd0d-c2c1-2aee-6303-d65de004edd0,37080.30,37958.80,878.50,11.50,Aug-25,2026-03-20 06:10:21.371689+00,null,false,null
1b62162b-b5de-23db-3f02-98486d067ca1,00000000-0000-0000-0000-000000000001,5dda0b14-713b-46d0-a6ce-a7a33a2fb6f9,8767525e-d22f-a295-bc29-ba104fdc589a,27596.50,27933.30,336.80,11.50,Aug-25,2026-03-20 06:10:21.371689+00,null,false,null
4a8cef8d-3210-b773-ffc2-11c05c57e8d9,00000000-0000-0000-0000-000000000001,5dda0b14-713b-46d0-a6ce-a7a33a2fb6f9,323c0dff-be56-f6ee-f053-ee37de806dea,40809.70,41630.50,820.80,11.50,Aug-25,2026-03-20 06:10:21.371689+00,null,false,null
627864de-62bc-beab-e9f7-2d9bada93b9a,00000000-0000-0000-0000-000000000001,5dda0b14-713b-46d0-a6ce-a7a33a2fb6f9,aa73cade-c28c-dc5b-5980-55801ea0d415,40445.70,41110.00,664.30,11.50,Aug-25,2026-03-20 06:10:21.371689+00,null,false,null
a59d74d3-642c-07ea-1bfe-628582a07110,00000000-0000-0000-0000-000000000001,5dda0b14-713b-46d0-a6ce-a7a33a2fb6f9,49ed1c8e-3653-c89b-ec74-16d8e20bb923,30717.10,31322.30,605.20,11.50,Aug-25,2026-03-20 06:10:21.371689+00,null,false,null
0a32acb2-2f64-d8a3-ccb1-2f85c4c06233,00000000-0000-0000-0000-000000000001,5dda0b14-713b-46d0-a6ce-a7a33a2fb6f9,85292340-826d-52c1-65c7-7f2a9eb2c2c4,58513.80,59394.70,880.90,11.50,Aug-25,2026-03-20 06:10:21.371689+00,null,false,null
df761ae7-ba27-87c8-92b0-c104b0dcc9f1,00000000-0000-0000-0000-000000000001,5dda0b14-713b-46d0-a6ce-a7a33a2fb6f9,bde00681-ebfc-ef38-4f6e-4906a012de6b,48816.90,49776.00,959.10,11.50,Aug-25,2026-03-20 06:10:21.371689+00,null,false,null
a15281f3-7a45-0ef3-cd17-ffd375397428,00000000-0000-0000-0000-000000000001,5dda0b14-713b-46d0-a6ce-a7a33a2fb6f9,ffbd5fe0-d9b3-cb55-cfd7-2d72a3498109,55467.00,56043.80,576.80,11.50,Aug-25,2026-03-20 06:10:21.371689+00,null,false,null
7f2920ae-f297-dcb2-15f2-b88a750335d0,00000000-0000-0000-0000-000000000001,5dda0b14-713b-46d0-a6ce-a7a33a2fb6f9,bc7f358d-0d6d-f95f-ff80-9089eefdef69,48801.70,49963.90,1162.20,11.50,Aug-25,2026-03-20 06:10:21.371689+00,null,false,null
ebbab1e4-45ca-775e-c7e4-81b4f8ddb4bd,00000000-0000-0000-0000-000000000001,5dda0b14-713b-46d0-a6ce-a7a33a2fb6f9,b0875d50-a469-821b-57c3-03ac62809198,32929.10,33573.00,643.90,11.50,Aug-25,2026-03-20 06:10:21.371689+00,null,false,null
b8e948ee-6c4c-8f2a-6c87-396eacec03f7,00000000-0000-0000-0000-000000000001,5dda0b14-713b-46d0-a6ce-a7a33a2fb6f9,dd96a329-ec95-e96a-1348-69d976f39cd4,86214.70,87524.30,1309.60,11.50,Aug-25,2026-03-20 06:10:21.371689+00,null,false,null
e2bc13c8-d933-332c-5c3a-015e87397e28,00000000-0000-0000-0000-000000000001,5dda0b14-713b-46d0-a6ce-a7a33a2fb6f9,77c3a6fd-4651-d880-29aa-abd19c8324df,32813.20,33481.00,667.80,11.50,Aug-25,2026-03-20 06:10:21.371689+00,null,false,null
5d6c7567-a456-438a-3429-4e935eaae93f,00000000-0000-0000-0000-000000000001,5dda0b14-713b-46d0-a6ce-a7a33a2fb6f9,86ad1ceb-8d81-a926-d998-3a2f1cafba06,21330.90,22057.80,726.90,11.50,Aug-25,2026-03-20 06:10:21.371689+00,null,false,null
c736963a-9a49-8956-9119-ce61d614aeca,00000000-0000-0000-0000-000000000001,5dda0b14-713b-46d0-a6ce-a7a33a2fb6f9,10c6863d-07c3-4fc4-94f9-6adc29157ce1,35320.80,35977.60,656.80,11.50,Aug-25,2026-03-20 06:10:21.371689+00,null,false,null
4fafaca2-ba2b-9a6f-6fae-da5b380d21ea,00000000-0000-0000-0000-000000000001,5dda0b14-713b-46d0-a6ce-a7a33a2fb6f9,990e8a3e-a69c-7b31-f606-3eeb21e3d4c6,31337.40,31804.80,467.40,11.50,Aug-25,2026-03-20 06:10:21.371689+00,null,false,null
7d95c4ac-0ae4-c4b5-4d7a-107c47bb678d,00000000-0000-0000-0000-000000000001,5dda0b14-713b-46d0-a6ce-a7a33a2fb6f9,1b4d1066-8fe4-199b-7b3b-39e4bded9714,16710.30,17681.70,971.40,11.50,Aug-25,2026-03-20 06:10:21.371689+00,null,false,null
4d9e7c67-b9b8-dfbf-06de-f1584f604e18,00000000-0000-0000-0000-000000000001,5dda0b14-713b-46d0-a6ce-a7a33a2fb6f9,9d5d0096-0b78-a663-1142-be871dfa2bda,28935.50,29937.00,1001.50,11.50,Aug-25,2026-03-20 06:10:21.371689+00,null,false,null
377f60a1-f17f-06fe-3c2e-710228ccd328,00000000-0000-0000-0000-000000000001,5dda0b14-713b-46d0-a6ce-a7a33a2fb6f9,fb5cedd6-2992-1c62-7fba-4a7a6b43b2ff,22904.60,23981.10,1076.50,11.50,Aug-25,2026-03-20 06:10:21.371689+00,null,false,null
0227f092-5ab5-22d7-4eb1-6dd70c0f0eaa,00000000-0000-0000-0000-000000000001,5dda0b14-713b-46d0-a6ce-a7a33a2fb6f9,233cca0e-efcf-e631-d2fc-9997a6ba5706,18411.90,19399.80,987.90,11.50,Aug-25,2026-03-20 06:10:21.371689+00,null,false,null
edf9f8d2-2890-0a7c-36ca-cf9ca8f1dac3,00000000-0000-0000-0000-000000000001,5dda0b14-713b-46d0-a6ce-a7a33a2fb6f9,dc4adc21-f501-0573-2e9a-d7bbbc89e5d6,58077.90,59039.00,961.10,11.50,Aug-25,2026-03-20 06:10:21.371689+00,null,false,null
48392ee5-ced6-c326-751a-143369d2eabf,00000000-0000-0000-0000-000000000001,5dda0b14-713b-46d0-a6ce-a7a33a2fb6f9,c17c5093-48b7-139f-ebfc-1cd33ef5179c,15214.70,15683.50,468.80,11.50,Aug-25,2026-03-20 06:10:21.371689+00,null,false,null
f0c995de-83d7-8d6c-c2e7-defed0d19852,00000000-0000-0000-0000-000000000001,5dda0b14-713b-46d0-a6ce-a7a33a2fb6f9,1183b300-b9ae-5e28-acb2-304cb2fd36db,0.00,9258.60,9258.60,11.50,Aug-25,2026-03-20 06:10:21.371689+00,null,false,null
1cbf82b2-0643-2da9-71ef-719e99b384bd,00000000-0000-0000-0000-000000000001,5dda0b14-713b-46d0-a6ce-a7a33a2fb6f9,44625074-3f26-4a2d-74ae-56ba4c94a395,0.00,0.00,0.00,11.50,Aug-25,2026-03-20 06:10:21.371689+00,null,false,null
fbc5c0a7-2f2a-44d6-ca1d-ccf8e6a4ac6a,00000000-0000-0000-0000-000000000001,5dda0b14-713b-46d0-a6ce-a7a33a2fb6f9,c2ff0c11-4d1b-7b9b-b93c-aa37c9b6c40b,23183.10,23982.20,799.10,11.50,Aug-25,2026-03-20 06:10:21.371689+00,null,false,null
b52b9acf-9924-fafd-3362-cc18056b0d66,00000000-0000-0000-0000-000000000001,5dda0b14-713b-46d0-a6ce-a7a33a2fb6f9,7719849e-1d17-27d2-31d4-475a4e71f261,0.00,0.00,0.00,11.50,Aug-25,2026-03-20 06:10:21.371689+00,null,false,null
5db85587-f4e3-0786-c963-f99a52c94752,00000000-0000-0000-0000-000000000001,5dda0b14-713b-46d0-a6ce-a7a33a2fb6f9,d2298bb8-a5e5-735a-c8ca-9b18c7daacd6,43651.20,44473.40,822.20,11.50,Aug-25,2026-03-20 06:10:21.371689+00,null,false,null
f56758e9-b9bc-4ebe-0ed8-4c660f319c45,00000000-0000-0000-0000-000000000001,5dda0b14-713b-46d0-a6ce-a7a33a2fb6f9,211a2b33-4e94-3da1-7d97-406bc26036f5,261.40,715.50,454.10,11.50,Sep-25,2026-03-20 06:10:21.371689+00,null,false,null
5bd3e2db-5d75-3dfc-a8b7-ecd5f8642277,00000000-0000-0000-0000-000000000001,5dda0b14-713b-46d0-a6ce-a7a33a2fb6f9,188aee4d-68e0-1ddb-38e6-a946bc75072d,478.30,863.30,385.00,11.50,Sep-25,2026-03-20 06:10:21.371689+00,null,false,null
be570c4c-d90d-f90e-40dd-afc2e3db4820,00000000-0000-0000-0000-000000000001,5dda0b14-713b-46d0-a6ce-a7a33a2fb6f9,4d1dd99b-b75a-70b5-406b-f5e869954002,1364.10,1928.20,564.10,11.50,Sep-25,2026-03-20 06:10:21.371689+00,null,false,null
534c53f6-3348-c5a2-c55b-3e17bb1d7c87,00000000-0000-0000-0000-000000000001,5dda0b14-713b-46d0-a6ce-a7a33a2fb6f9,b0d4d2c8-f6ee-bc16-ffd7-fc33c8db8571,21269.00,21925.00,656.00,11.50,Sep-25,2026-03-20 06:10:21.371689+00,null,false,null
e97b50d7-fbb4-5693-1065-87e7ae3e482b,00000000-0000-0000-0000-000000000001,5dda0b14-713b-46d0-a6ce-a7a33a2fb6f9,0a839c14-2a88-9896-c2f2-8d51fe610405,27039.50,27721.40,681.90,11.50,Sep-25,2026-03-20 06:10:21.371689+00,null,false,null
79f5e84a-88ec-702c-221c-449e8e4c4f6e,00000000-0000-0000-0000-000000000001,5dda0b14-713b-46d0-a6ce-a7a33a2fb6f9,79853a4a-cb02-508c-e041-7e23378aec9c,36984.60,38073.70,1089.10,11.50,Sep-25,2026-03-20 06:10:21.371689+00,null,false,null
6ef0fb0b-90a4-9b70-5ba7-4d32165ac509,00000000-0000-0000-0000-000000000001,5dda0b14-713b-46d0-a6ce-a7a33a2fb6f9,03edc7c5-4c46-b55e-523d-9fb7be29910b,47577.10,48647.00,1069.90,11.50,Sep-25,2026-03-20 06:10:21.371689+00,null,false,null
f23dc189-c138-7a44-9115-7e1e6b46cb1b,00000000-0000-0000-0000-000000000001,5dda0b14-713b-46d0-a6ce-a7a33a2fb6f9,2fc42a4f-fe5a-ae08-0e4e-2c89ca71db85,38881.20,39787.20,906.00,11.50,Sep-25,2026-03-20 06:10:21.371689+00,null,false,null
ce83e9ac-c0a8-56c3-d3a5-f39f0dadc9db,00000000-0000-0000-0000-000000000001,5dda0b14-713b-46d0-a6ce-a7a33a2fb6f9,5d204545-2f72-b89b-3190-a826b5ab6512,48068.50,48779.70,711.20,11.50,Sep-25,2026-03-20 06:10:21.371689+00,null,false,null
611018d1-4e61-8c53-20b1-2e9bb3f09a69,00000000-0000-0000-0000-000000000001,5dda0b14-713b-46d0-a6ce-a7a33a2fb6f9,417c9738-a0f7-5a00-1091-37a9fd083dd6,40193.20,40983.30,790.10,11.50,Sep-25,2026-03-20 06:10:21.371689+00,null,false,null
db2dd6df-a025-d211-f3a3-03f6cddc0757,00000000-0000-0000-0000-000000000001,5dda0b14-713b-46d0-a6ce-a7a33a2fb6f9,82b270bf-e567-2deb-5ef3-495baafd7645,26868.50,27442.70,574.20,11.50,Sep-25,2026-03-20 06:10:21.371689+00,null,false,null
d68a7ba9-5021-0a4c-33fe-9f62a8c7cbc1,00000000-0000-0000-0000-000000000001,5dda0b14-713b-46d0-a6ce-a7a33a2fb6f9,574de174-c7bb-bc11-f282-cff2aa2501c5,12165.00,12634.90,469.90,11.50,Sep-25,2026-03-20 06:10:21.371689+00,null,false,null
9b91ffb9-2ad1-7b4c-fe05-7a2aad44f76f,00000000-0000-0000-0000-000000000001,5dda0b14-713b-46d0-a6ce-a7a33a2fb6f9,a361bd0d-c2c1-2aee-6303-d65de004edd0,37958.80,38925.50,966.70,11.50,Sep-25,2026-03-20 06:10:21.371689+00,null,false,null
1cdf193c-ae7a-022e-0b9d-7da5a8125179,00000000-0000-0000-0000-000000000001,5dda0b14-713b-46d0-a6ce-a7a33a2fb6f9,8767525e-d22f-a295-bc29-ba104fdc589a,27933.30,28362.90,429.60,11.50,Sep-25,2026-03-20 06:10:21.371689+00,null,false,null
4dedc55b-f40a-d355-a393-f80794a7576f,00000000-0000-0000-0000-000000000001,5dda0b14-713b-46d0-a6ce-a7a33a2fb6f9,323c0dff-be56-f6ee-f053-ee37de806dea,41630.50,42434.60,804.10,11.50,Sep-25,2026-03-20 06:10:21.371689+00,null,false,null
810e7da7-a939-bbb5-94c2-e0efe42fe3c3,00000000-0000-0000-0000-000000000001,5dda0b14-713b-46d0-a6ce-a7a33a2fb6f9,aa73cade-c28c-dc5b-5980-55801ea0d415,41110.00,41898.30,788.30,11.50,Sep-25,2026-03-20 06:10:21.371689+00,null,false,null
d20aec77-dd40-f7e4-8065-0f54c9fd2316,00000000-0000-0000-0000-000000000001,5dda0b14-713b-46d0-a6ce-a7a33a2fb6f9,49ed1c8e-3653-c89b-ec74-16d8e20bb923,31322.30,31990.10,667.80,11.50,Sep-25,2026-03-20 06:10:21.371689+00,null,false,null
b736b0b9-bdda-da56-9dc4-1ab80a11cabe,00000000-0000-0000-0000-000000000001,5dda0b14-713b-46d0-a6ce-a7a33a2fb6f9,85292340-826d-52c1-65c7-7f2a9eb2c2c4,59394.70,60313.90,919.20,11.50,Sep-25,2026-03-20 06:10:21.371689+00,null,false,null
d3141c4e-30e8-c01c-d209-bf7446cf536c,00000000-0000-0000-0000-000000000001,5dda0b14-713b-46d0-a6ce-a7a33a2fb6f9,bde00681-ebfc-ef38-4f6e-4906a012de6b,49776.00,50616.60,840.60,11.50,Sep-25,2026-03-20 06:10:21.371689+00,null,false,null
91b91b2b-2fec-9a4c-261a-a560b1ec697f,00000000-0000-0000-0000-000000000001,5dda0b14-713b-46d0-a6ce-a7a33a2fb6f9,ffbd5fe0-d9b3-cb55-cfd7-2d72a3498109,56043.80,56769.10,725.30,11.50,Sep-25,2026-03-20 06:10:21.371689+00,null,false,null
ca6f3b5c-21d5-679c-9f1c-f9b5f318fea1,00000000-0000-0000-0000-000000000001,5dda0b14-713b-46d0-a6ce-a7a33a2fb6f9,bc7f358d-0d6d-f95f-ff80-9089eefdef69,49963.90,51061.80,1097.90,11.50,Sep-25,2026-03-20 06:10:21.371689+00,null,false,null
94c692a8-7ff6-30d9-2f3f-b55f8d401c4c,00000000-0000-0000-0000-000000000001,5dda0b14-713b-46d0-a6ce-a7a33a2fb6f9,b0875d50-a469-821b-57c3-03ac62809198,33573.00,34318.40,745.40,11.50,Sep-25,2026-03-20 06:10:21.371689+00,null,false,null
6919e557-4f10-eb2d-0576-1871ec8c8699,00000000-0000-0000-0000-000000000001,5dda0b14-713b-46d0-a6ce-a7a33a2fb6f9,dd96a329-ec95-e96a-1348-69d976f39cd4,87524.30,88481.80,957.50,11.50,Sep-25,2026-03-20 06:10:21.371689+00,null,false,null
c859199d-1231-7bba-f927-7f57a9f7e893,00000000-0000-0000-0000-000000000001,5dda0b14-713b-46d0-a6ce-a7a33a2fb6f9,77c3a6fd-4651-d880-29aa-abd19c8324df,33481.00,34017.10,536.10,11.50,Sep-25,2026-03-20 06:10:21.371689+00,null,false,null
301104f2-fbea-fc33-2797-dedfd3cd4f6f,00000000-0000-0000-0000-000000000001,5dda0b14-713b-46d0-a6ce-a7a33a2fb6f9,86ad1ceb-8d81-a926-d998-3a2f1cafba06,22057.80,22851.80,794.00,11.50,Sep-25,2026-03-20 06:10:21.371689+00,null,false,null
54ceb154-188b-ab83-daef-b5622793b003,00000000-0000-0000-0000-000000000001,5dda0b14-713b-46d0-a6ce-a7a33a2fb6f9,10c6863d-07c3-4fc4-94f9-6adc29157ce1,35977.60,36685.30,707.70,11.50,Sep-25,2026-03-20 06:10:21.371689+00,null,false,null
560d2882-fe44-c566-0392-fdb007661255,00000000-0000-0000-0000-000000000001,5dda0b14-713b-46d0-a6ce-a7a33a2fb6f9,990e8a3e-a69c-7b31-f606-3eeb21e3d4c6,31804.80,32236.60,431.80,11.50,Sep-25,2026-03-20 06:10:21.371689+00,null,false,null
c489b4a2-bd53-99f3-ae56-a6cbc4449481,00000000-0000-0000-0000-000000000001,5dda0b14-713b-46d0-a6ce-a7a33a2fb6f9,1b4d1066-8fe4-199b-7b3b-39e4bded9714,17681.70,18846.50,1164.80,11.50,Sep-25,2026-03-20 06:10:21.371689+00,null,false,null
5532518c-172a-935c-b61c-dd0675e9bdb6,00000000-0000-0000-0000-000000000001,5dda0b14-713b-46d0-a6ce-a7a33a2fb6f9,9d5d0096-0b78-a663-1142-be871dfa2bda,29937.00,30920.70,983.70,11.50,Sep-25,2026-03-20 06:10:21.371689+00,null,false,null
2b4333fa-96da-245e-ea9a-539ce4988322,00000000-0000-0000-0000-000000000001,5dda0b14-713b-46d0-a6ce-a7a33a2fb6f9,fb5cedd6-2992-1c62-7fba-4a7a6b43b2ff,23981.10,25091.20,1110.10,11.50,Sep-25,2026-03-20 06:10:21.371689+00,null,false,null
8b3e5f0f-ae55-ccb0-e893-c96d12d09444,00000000-0000-0000-0000-000000000001,5dda0b14-713b-46d0-a6ce-a7a33a2fb6f9,233cca0e-efcf-e631-d2fc-9997a6ba5706,19399.80,20328.80,929.00,11.50,Sep-25,2026-03-20 06:10:21.371689+00,null,false,null
4103c2e6-2cba-b933-69b6-39f244fb147e,00000000-0000-0000-0000-000000000001,5dda0b14-713b-46d0-a6ce-a7a33a2fb6f9,dc4adc21-f501-0573-2e9a-d7bbbc89e5d6,59039.00,59931.90,892.90,11.50,Sep-25,2026-03-20 06:10:21.371689+00,null,false,null
e7fa216b-2a7b-a34b-be86-abbbd686951b,00000000-0000-0000-0000-000000000001,5dda0b14-713b-46d0-a6ce-a7a33a2fb6f9,c17c5093-48b7-139f-ebfc-1cd33ef5179c,15683.50,16197.10,513.60,11.50,Sep-25,2026-03-20 06:10:21.371689+00,null,false,null
adffdb72-01a7-3760-4d09-9d60dfe47bb9,00000000-0000-0000-0000-000000000001,5dda0b14-713b-46d0-a6ce-a7a33a2fb6f9,1183b300-b9ae-5e28-acb2-304cb2fd36db,9258.60,9557.30,298.70,11.50,Sep-25,2026-03-20 06:10:21.371689+00,null,false,null
2087f0e5-471c-c245-0bf1-0e61460d4756,00000000-0000-0000-0000-000000000001,5dda0b14-713b-46d0-a6ce-a7a33a2fb6f9,44625074-3f26-4a2d-74ae-56ba4c94a395,0.00,0.00,0.00,11.50,Sep-25,2026-03-20 06:10:21.371689+00,null,false,null
1affb605-1e0c-5337-efb3-2ade9c04e18a,00000000-0000-0000-0000-000000000001,5dda0b14-713b-46d0-a6ce-a7a33a2fb6f9,c2ff0c11-4d1b-7b9b-b93c-aa37c9b6c40b,23982.20,24816.60,834.40,11.50,Sep-25,2026-03-20 06:10:21.371689+00,null,false,null
bd2aae98-0e82-be97-527d-c6b108d40451,00000000-0000-0000-0000-000000000001,5dda0b14-713b-46d0-a6ce-a7a33a2fb6f9,7719849e-1d17-27d2-31d4-475a4e71f261,0.00,0.00,0.00,11.50,Sep-25,2026-03-20 06:10:21.371689+00,null,false,null
c5d3c929-6abc-a4d7-96b9-eff07acd4906,00000000-0000-0000-0000-000000000001,5dda0b14-713b-46d0-a6ce-a7a33a2fb6f9,d2298bb8-a5e5-735a-c8ca-9b18c7daacd6,44473.40,45035.60,562.20,11.50,Sep-25,2026-03-20 06:10:21.371689+00,null,false,null
f656bb17-8ee1-f025-48b0-b077e308e3d2,00000000-0000-0000-0000-000000000001,5dda0b14-713b-46d0-a6ce-a7a33a2fb6f9,211a2b33-4e94-3da1-7d97-406bc26036f5,715.50,1120.20,404.70,11.50,Oct-25,2026-03-20 06:10:21.371689+00,null,false,null
5c9552b7-1b92-60d4-6139-dddd426ca03f,00000000-0000-0000-0000-000000000001,5dda0b14-713b-46d0-a6ce-a7a33a2fb6f9,188aee4d-68e0-1ddb-38e6-a946bc75072d,863.30,1187.40,324.10,11.50,Oct-25,2026-03-20 06:10:21.371689+00,null,false,null
05464366-dc5f-d84b-69a9-99a6bb0be4df,00000000-0000-0000-0000-000000000001,5dda0b14-713b-46d0-a6ce-a7a33a2fb6f9,4d1dd99b-b75a-70b5-406b-f5e869954002,1928.20,2451.60,523.40,11.50,Oct-25,2026-03-20 06:10:21.371689+00,null,false,null
9fcd74fa-f81e-a891-e2c0-ad748fa8d50b,00000000-0000-0000-0000-000000000001,5dda0b14-713b-46d0-a6ce-a7a33a2fb6f9,b0d4d2c8-f6ee-bc16-ffd7-fc33c8db8571,21925.00,22525.00,600.00,11.50,Oct-25,2026-03-20 06:10:21.371689+00,null,false,null
c684e603-77a4-d66c-8890-35c0da6ac79f,00000000-0000-0000-0000-000000000001,5dda0b14-713b-46d0-a6ce-a7a33a2fb6f9,0a839c14-2a88-9896-c2f2-8d51fe610405,27721.40,28189.60,468.20,11.50,Oct-25,2026-03-20 06:10:21.371689+00,null,false,null
3cb969f0-9db6-dbf5-c1c7-8b89355585f7,00000000-0000-0000-0000-000000000001,5dda0b14-713b-46d0-a6ce-a7a33a2fb6f9,79853a4a-cb02-508c-e041-7e23378aec9c,38073.70,39047.40,973.70,11.50,Oct-25,2026-03-20 06:10:21.371689+00,null,false,null
fbb11eee-6d93-67ed-55b2-49b43e456fea,00000000-0000-0000-0000-000000000001,5dda0b14-713b-46d0-a6ce-a7a33a2fb6f9,03edc7c5-4c46-b55e-523d-9fb7be29910b,48647.00,49270.20,623.20,11.50,Oct-25,2026-03-20 06:10:21.371689+00,null,false,null
9e584e31-0fc9-4395-361d-e958f52de8b0,00000000-0000-0000-0000-000000000001,5dda0b14-713b-46d0-a6ce-a7a33a2fb6f9,2fc42a4f-fe5a-ae08-0e4e-2c89ca71db85,39787.20,40641.60,854.40,11.50,Oct-25,2026-03-20 06:10:21.371689+00,null,false,null
087cd48a-dde0-10a7-8c88-19969247ebf2,00000000-0000-0000-0000-000000000001,5dda0b14-713b-46d0-a6ce-a7a33a2fb6f9,5d204545-2f72-b89b-3190-a826b5ab6512,48779.70,49286.00,506.30,11.50,Oct-25,2026-03-20 06:10:21.371689+00,null,false,null
57c5a5ab-cce4-ef20-6735-0e5c2d390d70,00000000-0000-0000-0000-000000000001,5dda0b14-713b-46d0-a6ce-a7a33a2fb6f9,417c9738-a0f7-5a00-1091-37a9fd083dd6,40983.30,41524.20,540.90,11.50,Oct-25,2026-03-20 06:10:21.371689+00,null,false,null
489ffd44-1d59-5ded-326b-67d7421fdc49,00000000-0000-0000-0000-000000000001,5dda0b14-713b-46d0-a6ce-a7a33a2fb6f9,82b270bf-e567-2deb-5ef3-495baafd7645,27442.70,27828.70,386.00,11.50,Oct-25,2026-03-20 06:10:21.371689+00,null,false,null
6dacbb25-4b99-e35d-1f78-05184f62c83c,00000000-0000-0000-0000-000000000001,5dda0b14-713b-46d0-a6ce-a7a33a2fb6f9,574de174-c7bb-bc11-f282-cff2aa2501c5,12634.90,13025.50,390.60,11.50,Oct-25,2026-03-20 06:10:21.371689+00,null,false,null
e19d9b67-3aff-5793-7feb-4997438a0c1e,00000000-0000-0000-0000-000000000001,5dda0b14-713b-46d0-a6ce-a7a33a2fb6f9,a361bd0d-c2c1-2aee-6303-d65de004edd0,38925.50,39827.60,902.10,11.50,Oct-25,2026-03-20 06:10:21.371689+00,null,false,null
851bef02-b802-dfef-332d-4da8894fddef,00000000-0000-0000-0000-000000000001,5dda0b14-713b-46d0-a6ce-a7a33a2fb6f9,8767525e-d22f-a295-bc29-ba104fdc589a,28362.90,28568.10,205.20,11.50,Oct-25,2026-03-20 06:10:21.371689+00,null,false,null
1bb02ec9-57a0-7fc9-e198-e7b2ad5b6e94,00000000-0000-0000-0000-000000000001,5dda0b14-713b-46d0-a6ce-a7a33a2fb6f9,323c0dff-be56-f6ee-f053-ee37de806dea,42434.60,42966.80,532.20,11.50,Oct-25,2026-03-20 06:10:21.371689+00,null,false,null
13958ab2-3c44-bdb4-2eb5-12076448c5f8,00000000-0000-0000-0000-000000000001,5dda0b14-713b-46d0-a6ce-a7a33a2fb6f9,aa73cade-c28c-dc5b-5980-55801ea0d415,41898.30,42483.30,585.00,11.50,Oct-25,2026-03-20 06:10:21.371689+00,null,false,null
ba7bf9f8-7e18-d587-7355-1a7e30624edc,00000000-0000-0000-0000-000000000001,5dda0b14-713b-46d0-a6ce-a7a33a2fb6f9,49ed1c8e-3653-c89b-ec74-16d8e20bb923,31990.10,32612.50,622.40,11.50,Oct-25,2026-03-20 06:10:21.371689+00,null,false,null
d5a0c190-7257-8d0a-63ed-c942676f58f1,00000000-0000-0000-0000-000000000001,5dda0b14-713b-46d0-a6ce-a7a33a2fb6f9,85292340-826d-52c1-65c7-7f2a9eb2c2c4,60313.90,61090.90,777.00,11.50,Oct-25,2026-03-20 06:10:21.371689+00,null,false,null
74253067-c6cf-95a3-2856-172e8c751cc8,00000000-0000-0000-0000-000000000001,5dda0b14-713b-46d0-a6ce-a7a33a2fb6f9,bde00681-ebfc-ef38-4f6e-4906a012de6b,50616.60,50960.60,344.00,11.50,Oct-25,2026-03-20 06:10:21.371689+00,null,false,null
5b611696-1b0f-bf50-62a5-d16708ae840c,00000000-0000-0000-0000-000000000001,5dda0b14-713b-46d0-a6ce-a7a33a2fb6f9,ffbd5fe0-d9b3-cb55-cfd7-2d72a3498109,56769.10,57426.10,657.00,11.50,Oct-25,2026-03-20 06:10:21.371689+00,null,false,null
b32052eb-a3f0-d809-cdd5-637d37cf8451,00000000-0000-0000-0000-000000000001,5dda0b14-713b-46d0-a6ce-a7a33a2fb6f9,bc7f358d-0d6d-f95f-ff80-9089eefdef69,51061.80,51937.20,875.40,11.50,Oct-25,2026-03-20 06:10:21.371689+00,null,false,null
01beb59f-0f5f-e4dd-36f3-397cdbc98315,00000000-0000-0000-0000-000000000001,5dda0b14-713b-46d0-a6ce-a7a33a2fb6f9,b0875d50-a469-821b-57c3-03ac62809198,34318.40,34907.70,589.30,11.50,Oct-25,2026-03-20 06:10:21.371689+00,null,false,null
5af9d8ae-0667-ada6-1dce-2aa513ab2d6a,00000000-0000-0000-0000-000000000001,5dda0b14-713b-46d0-a6ce-a7a33a2fb6f9,dd96a329-ec95-e96a-1348-69d976f39cd4,88481.80,89036.00,554.20,11.50,Oct-25,2026-03-20 06:10:21.371689+00,null,false,null
280ede04-38e0-b108-aa31-49a10f7c76d1,00000000-0000-0000-0000-000000000001,5dda0b14-713b-46d0-a6ce-a7a33a2fb6f9,77c3a6fd-4651-d880-29aa-abd19c8324df,34017.10,34610.80,593.70,11.50,Oct-25,2026-03-20 06:10:21.371689+00,null,false,null
d42ef0a4-5d16-684c-1edf-335d71be790b,00000000-0000-0000-0000-000000000001,5dda0b14-713b-46d0-a6ce-a7a33a2fb6f9,86ad1ceb-8d81-a926-d998-3a2f1cafba06,22851.80,23546.30,694.50,11.50,Oct-25,2026-03-20 06:10:21.371689+00,null,false,null
25485f9d-0142-8067-34a5-d5e706646446,00000000-0000-0000-0000-000000000001,5dda0b14-713b-46d0-a6ce-a7a33a2fb6f9,10c6863d-07c3-4fc4-94f9-6adc29157ce1,36685.30,37025.50,340.20,11.50,Oct-25,2026-03-20 06:10:21.371689+00,null,false,null
516d5cfe-ec9e-773a-65b0-d8c6efe848c2,00000000-0000-0000-0000-000000000001,5dda0b14-713b-46d0-a6ce-a7a33a2fb6f9,990e8a3e-a69c-7b31-f606-3eeb21e3d4c6,32236.60,32575.90,339.30,11.50,Oct-25,2026-03-20 06:10:21.371689+00,null,false,null
4b374676-1efd-b22d-94f2-57eba1903052,00000000-0000-0000-0000-000000000001,5dda0b14-713b-46d0-a6ce-a7a33a2fb6f9,1b4d1066-8fe4-199b-7b3b-39e4bded9714,18846.50,19672.00,825.50,11.50,Oct-25,2026-03-20 06:10:21.371689+00,null,false,null
f2a1d9f0-cd0a-4e6b-a599-15171390f3f5,00000000-0000-0000-0000-000000000001,5dda0b14-713b-46d0-a6ce-a7a33a2fb6f9,9d5d0096-0b78-a663-1142-be871dfa2bda,30920.70,31791.90,871.20,11.50,Oct-25,2026-03-20 06:10:21.371689+00,null,false,null
84e8f785-21e7-c47e-2ef9-c2c078d0c649,00000000-0000-0000-0000-000000000001,5dda0b14-713b-46d0-a6ce-a7a33a2fb6f9,fb5cedd6-2992-1c62-7fba-4a7a6b43b2ff,25091.20,26035.70,944.50,11.50,Oct-25,2026-03-20 06:10:21.371689+00,null,false,null
679270ef-0fed-8d36-ee89-2e3a3331039f,00000000-0000-0000-0000-000000000001,5dda0b14-713b-46d0-a6ce-a7a33a2fb6f9,233cca0e-efcf-e631-d2fc-9997a6ba5706,20328.80,20934.00,605.20,11.50,Oct-25,2026-03-20 06:10:21.371689+00,null,false,null
bf44d2fa-fc56-7edf-e069-fbfb74b9eb61,00000000-0000-0000-0000-000000000001,5dda0b14-713b-46d0-a6ce-a7a33a2fb6f9,dc4adc21-f501-0573-2e9a-d7bbbc89e5d6,59931.90,60653.90,722.00,11.50,Oct-25,2026-03-20 06:10:21.371689+00,null,false,null
f6a3f8f3-5942-f3f5-6db9-f723a8db608c,00000000-0000-0000-0000-000000000001,5dda0b14-713b-46d0-a6ce-a7a33a2fb6f9,c17c5093-48b7-139f-ebfc-1cd33ef5179c,16197.10,16688.20,491.10,11.50,Oct-25,2026-03-20 06:10:21.371689+00,null,false,null
cc95c0ce-55b8-9229-d701-0535ede4aaa0,00000000-0000-0000-0000-000000000001,5dda0b14-713b-46d0-a6ce-a7a33a2fb6f9,1183b300-b9ae-5e28-acb2-304cb2fd36db,9557.30,10087.00,529.70,11.50,Oct-25,2026-03-20 06:10:21.371689+00,null,false,null
f8f40636-d1e8-9b0b-effe-717094e52928,00000000-0000-0000-0000-000000000001,5dda0b14-713b-46d0-a6ce-a7a33a2fb6f9,44625074-3f26-4a2d-74ae-56ba4c94a395,0.00,0.00,0.00,11.50,Oct-25,2026-03-20 06:10:21.371689+00,null,false,null
6d6f967b-fc98-3280-df6a-824b11e34190,00000000-0000-0000-0000-000000000001,5dda0b14-713b-46d0-a6ce-a7a33a2fb6f9,c2ff0c11-4d1b-7b9b-b93c-aa37c9b6c40b,24816.60,25520.40,703.80,11.50,Oct-25,2026-03-20 06:10:21.371689+00,null,false,null
c6d25169-9f7a-37f6-fcbf-3d79091b84d3,00000000-0000-0000-0000-000000000001,5dda0b14-713b-46d0-a6ce-a7a33a2fb6f9,7719849e-1d17-27d2-31d4-475a4e71f261,0.00,0.00,0.00,11.50,Oct-25,2026-03-20 06:10:21.371689+00,null,false,null
f47b23d2-615c-4875-52c9-3dd45b1d894f,00000000-0000-0000-0000-000000000001,5dda0b14-713b-46d0-a6ce-a7a33a2fb6f9,d2298bb8-a5e5-735a-c8ca-9b18c7daacd6,45035.60,45334.60,299.00,11.50,Oct-25,2026-03-20 06:10:21.371689+00,null,false,null
919543e6-a5a6-b820-9fde-d2c87fc478e2,00000000-0000-0000-0000-000000000001,5dda0b14-713b-46d0-a6ce-a7a33a2fb6f9,211a2b33-4e94-3da1-7d97-406bc26036f5,1120.20,1526.30,406.10,11.50,Nov-25,2026-03-20 06:10:21.371689+00,null,false,null
82dda809-cda8-17e3-fc65-4b49ee8f6acf,00000000-0000-0000-0000-000000000001,5dda0b14-713b-46d0-a6ce-a7a33a2fb6f9,188aee4d-68e0-1ddb-38e6-a946bc75072d,1187.40,1437.50,250.10,11.50,Nov-25,2026-03-20 06:10:21.371689+00,null,false,null
9b89f08d-01da-ca13-7f4b-30496291ae27,00000000-0000-0000-0000-000000000001,5dda0b14-713b-46d0-a6ce-a7a33a2fb6f9,4d1dd99b-b75a-70b5-406b-f5e869954002,2451.60,3022.00,570.40,11.50,Nov-25,2026-03-20 06:10:21.371689+00,null,false,null
950c325a-7392-5158-bbf4-0c8818eca904,00000000-0000-0000-0000-000000000001,5dda0b14-713b-46d0-a6ce-a7a33a2fb6f9,b0d4d2c8-f6ee-bc16-ffd7-fc33c8db8571,22525.00,23255.60,730.60,11.50,Nov-25,2026-03-20 06:10:21.371689+00,null,false,null
86e0028d-3786-5947-90bc-e8d57100bf14,00000000-0000-0000-0000-000000000001,5dda0b14-713b-46d0-a6ce-a7a33a2fb6f9,0a839c14-2a88-9896-c2f2-8d51fe610405,28189.60,28614.50,424.90,11.50,Nov-25,2026-03-20 06:10:21.371689+00,null,false,null
40aa1015-16e8-d40a-9e6d-6e38212a7912,00000000-0000-0000-0000-000000000001,5dda0b14-713b-46d0-a6ce-a7a33a2fb6f9,79853a4a-cb02-508c-e041-7e23378aec9c,39047.40,39825.60,778.20,11.50,Nov-25,2026-03-20 06:10:21.371689+00,null,false,null
e58cb928-2082-794d-a025-4bb9bf76411b,00000000-0000-0000-0000-000000000001,5dda0b14-713b-46d0-a6ce-a7a33a2fb6f9,03edc7c5-4c46-b55e-523d-9fb7be29910b,49270.20,50054.10,783.90,11.50,Nov-25,2026-03-20 06:10:21.371689+00,null,false,null
5cd021c8-434f-56bd-f539-df26af37ab74,00000000-0000-0000-0000-000000000001,5dda0b14-713b-46d0-a6ce-a7a33a2fb6f9,2fc42a4f-fe5a-ae08-0e4e-2c89ca71db85,40641.60,41547.00,905.40,11.50,Nov-25,2026-03-20 06:10:21.371689+00,null,false,null
1ba7d040-d4d6-7e19-9bce-5ba96b88f969,00000000-0000-0000-0000-000000000001,5dda0b14-713b-46d0-a6ce-a7a33a2fb6f9,5d204545-2f72-b89b-3190-a826b5ab6512,49286.00,49826.30,540.30,11.50,Nov-25,2026-03-20 06:10:21.371689+00,null,false,null
fe93d28a-eeaf-6bfd-647d-b1f65202d768,00000000-0000-0000-0000-000000000001,5dda0b14-713b-46d0-a6ce-a7a33a2fb6f9,417c9738-a0f7-5a00-1091-37a9fd083dd6,41524.20,42223.00,698.80,11.50,Nov-25,2026-03-20 06:10:21.371689+00,null,false,null
5df82a98-0482-a9b7-675c-ddf36185ee7f,00000000-0000-0000-0000-000000000001,5dda0b14-713b-46d0-a6ce-a7a33a2fb6f9,82b270bf-e567-2deb-5ef3-495baafd7645,27828.70,28093.90,265.20,11.50,Nov-25,2026-03-20 06:10:21.371689+00,null,false,null
95ad3d46-1158-bbdc-f3ac-6e46c7e1e2c5,00000000-0000-0000-0000-000000000001,5dda0b14-713b-46d0-a6ce-a7a33a2fb6f9,574de174-c7bb-bc11-f282-cff2aa2501c5,13025.50,13457.40,431.90,11.50,Nov-25,2026-03-20 06:10:21.371689+00,null,false,null
b9acd807-14c6-55e5-7ed3-a9d65d6f2deb,00000000-0000-0000-0000-000000000001,5dda0b14-713b-46d0-a6ce-a7a33a2fb6f9,a361bd0d-c2c1-2aee-6303-d65de004edd0,39827.60,40445.00,617.40,11.50,Nov-25,2026-03-20 06:10:21.371689+00,null,false,null
6695dea9-fc92-d5f0-23fe-75bee3c2f85f,00000000-0000-0000-0000-000000000001,5dda0b14-713b-46d0-a6ce-a7a33a2fb6f9,8767525e-d22f-a295-bc29-ba104fdc589a,28568.10,28772.40,204.30,11.50,Nov-25,2026-03-20 06:10:21.371689+00,null,false,null
265f59e6-2d72-d050-e50a-0cf2febef88e,00000000-0000-0000-0000-000000000001,5dda0b14-713b-46d0-a6ce-a7a33a2fb6f9,323c0dff-be56-f6ee-f053-ee37de806dea,42966.80,43608.00,641.20,11.50,Nov-25,2026-03-20 06:10:21.371689+00,null,false,null
169e903e-3ff9-689c-9e41-8be4ab38b27f,00000000-0000-0000-0000-000000000001,5dda0b14-713b-46d0-a6ce-a7a33a2fb6f9,aa73cade-c28c-dc5b-5980-55801ea0d415,42483.30,42931.80,448.50,11.50,Nov-25,2026-03-20 06:10:21.371689+00,null,false,null
21733b05-e70c-836e-1d4f-aee58529e412,00000000-0000-0000-0000-000000000001,5dda0b14-713b-46d0-a6ce-a7a33a2fb6f9,49ed1c8e-3653-c89b-ec74-16d8e20bb923,32612.50,33087.20,474.70,11.50,Nov-25,2026-03-20 06:10:21.371689+00,null,false,null
cf506112-47b4-d586-9594-9ea21e31534e,00000000-0000-0000-0000-000000000001,5dda0b14-713b-46d0-a6ce-a7a33a2fb6f9,85292340-826d-52c1-65c7-7f2a9eb2c2c4,61090.90,61678.10,587.20,11.50,Nov-25,2026-03-20 06:10:21.371689+00,null,false,null
cfad06bc-6d21-76c1-0833-9f6a3ccc1385,00000000-0000-0000-0000-000000000001,5dda0b14-713b-46d0-a6ce-a7a33a2fb6f9,bde00681-ebfc-ef38-4f6e-4906a012de6b,50960.60,51820.10,859.50,11.50,Nov-25,2026-03-20 06:10:21.371689+00,null,false,null
cb7395e6-3cc8-2b92-f007-427c49cb33b5,00000000-0000-0000-0000-000000000001,5dda0b14-713b-46d0-a6ce-a7a33a2fb6f9,ffbd5fe0-d9b3-cb55-cfd7-2d72a3498109,57426.10,58106.90,680.80,11.50,Nov-25,2026-03-20 06:10:21.371689+00,null,false,null
dcd2359c-4611-9f62-95b5-4ea317e539df,00000000-0000-0000-0000-000000000001,5dda0b14-713b-46d0-a6ce-a7a33a2fb6f9,bc7f358d-0d6d-f95f-ff80-9089eefdef69,51937.20,53032.20,1095.00,11.50,Nov-25,2026-03-20 06:10:21.371689+00,null,false,null
1fc9ef3e-8ac9-5c97-d1cb-a923685a3230,00000000-0000-0000-0000-000000000001,5dda0b14-713b-46d0-a6ce-a7a33a2fb6f9,b0875d50-a469-821b-57c3-03ac62809198,34907.70,35763.70,856.00,11.50,Nov-25,2026-03-20 06:10:21.371689+00,null,false,null
ed5d808f-fc46-5843-d746-1bdd9ecd4629,00000000-0000-0000-0000-000000000001,5dda0b14-713b-46d0-a6ce-a7a33a2fb6f9,dd96a329-ec95-e96a-1348-69d976f39cd4,89036.00,89582.80,546.80,11.50,Nov-25,2026-03-20 06:10:21.371689+00,null,false,null
92f1dc08-3fcd-fa5b-fea7-76c0a674f3f8,00000000-0000-0000-0000-000000000001,5dda0b14-713b-46d0-a6ce-a7a33a2fb6f9,77c3a6fd-4651-d880-29aa-abd19c8324df,34610.80,35057.30,446.50,11.50,Nov-25,2026-03-20 06:10:21.371689+00,null,false,null
8bf48976-e799-0974-94f8-7a28a3be36aa,00000000-0000-0000-0000-000000000001,5dda0b14-713b-46d0-a6ce-a7a33a2fb6f9,86ad1ceb-8d81-a926-d998-3a2f1cafba06,23546.30,24107.70,561.40,11.50,Nov-25,2026-03-20 06:10:21.371689+00,null,false,null
0080241f-1628-0b5f-caa9-12ec86004b83,00000000-0000-0000-0000-000000000001,5dda0b14-713b-46d0-a6ce-a7a33a2fb6f9,10c6863d-07c3-4fc4-94f9-6adc29157ce1,37025.50,37468.10,442.60,11.50,Nov-25,2026-03-20 06:10:21.371689+00,null,false,null
73b17d67-d8b0-3fda-63da-9d9baf33688e,00000000-0000-0000-0000-000000000001,5dda0b14-713b-46d0-a6ce-a7a33a2fb6f9,990e8a3e-a69c-7b31-f606-3eeb21e3d4c6,32575.90,32844.10,268.20,11.50,Nov-25,2026-03-20 06:10:21.371689+00,null,false,null
310f65bf-5217-bef8-02bf-49d162dfc125,00000000-0000-0000-0000-000000000001,5dda0b14-713b-46d0-a6ce-a7a33a2fb6f9,1b4d1066-8fe4-199b-7b3b-39e4bded9714,19672.00,20496.50,824.50,11.50,Nov-25,2026-03-20 06:10:21.371689+00,null,false,null
c5e96888-c490-2b7d-b692-b3310f85b4e7,00000000-0000-0000-0000-000000000001,5dda0b14-713b-46d0-a6ce-a7a33a2fb6f9,9d5d0096-0b78-a663-1142-be871dfa2bda,31791.90,32711.80,919.90,11.50,Nov-25,2026-03-20 06:10:21.371689+00,null,false,null
b4cb6b08-3ea3-9305-7ab6-77fe9a353d51,00000000-0000-0000-0000-000000000001,5dda0b14-713b-46d0-a6ce-a7a33a2fb6f9,fb5cedd6-2992-1c62-7fba-4a7a6b43b2ff,26035.70,26805.20,769.50,11.50,Nov-25,2026-03-20 06:10:21.371689+00,null,false,null
8d917a26-93a4-2f9b-432a-c6edb2149abf,00000000-0000-0000-0000-000000000001,5dda0b14-713b-46d0-a6ce-a7a33a2fb6f9,233cca0e-efcf-e631-d2fc-9997a6ba5706,20934.00,21735.10,801.10,11.50,Nov-25,2026-03-20 06:10:21.371689+00,null,false,null
dfdf16f4-2e49-7f14-42fb-c7c8329cb2f7,00000000-0000-0000-0000-000000000001,5dda0b14-713b-46d0-a6ce-a7a33a2fb6f9,dc4adc21-f501-0573-2e9a-d7bbbc89e5d6,60653.90,61395.70,741.80,11.50,Nov-25,2026-03-20 06:10:21.371689+00,null,false,null
101046df-36cf-be25-1d26-768c2aabe5cc,00000000-0000-0000-0000-000000000001,5dda0b14-713b-46d0-a6ce-a7a33a2fb6f9,c17c5093-48b7-139f-ebfc-1cd33ef5179c,16688.20,17049.50,361.30,11.50,Nov-25,2026-03-20 06:10:21.371689+00,null,false,null
00e38c73-9cf4-29d8-d6da-98f6febf961b,00000000-0000-0000-0000-000000000001,5dda0b14-713b-46d0-a6ce-a7a33a2fb6f9,1183b300-b9ae-5e28-acb2-304cb2fd36db,10087.00,10663.90,576.90,11.50,Nov-25,2026-03-20 06:10:21.371689+00,null,false,null
bcb9933d-37d5-7fca-0894-219db2212318,00000000-0000-0000-0000-000000000001,5dda0b14-713b-46d0-a6ce-a7a33a2fb6f9,44625074-3f26-4a2d-74ae-56ba4c94a395,0.00,0.00,0.00,11.50,Nov-25,2026-03-20 06:10:21.371689+00,null,false,null
596d6741-8a87-4d95-c092-e0e55174bd26,00000000-0000-0000-0000-000000000001,5dda0b14-713b-46d0-a6ce-a7a33a2fb6f9,c2ff0c11-4d1b-7b9b-b93c-aa37c9b6c40b,25520.40,26325.70,805.30,11.50,Nov-25,2026-03-20 06:10:21.371689+00,null,false,null
4c19853a-1342-446f-cd98-269dfff41be1,00000000-0000-0000-0000-000000000001,5dda0b14-713b-46d0-a6ce-a7a33a2fb6f9,7719849e-1d17-27d2-31d4-475a4e71f261,0.00,0.00,0.00,11.50,Nov-25,2026-03-20 06:10:21.371689+00,null,false,null
ab5f9a2f-9512-fee1-eef3-28fbd1894d7f,00000000-0000-0000-0000-000000000001,5dda0b14-713b-46d0-a6ce-a7a33a2fb6f9,d2298bb8-a5e5-735a-c8ca-9b18c7daacd6,45334.60,45846.90,512.30,11.50,Nov-25,2026-03-20 06:10:21.371689+00,null,false,null
1928c492-2f4d-3b94-0ed2-759b3b9ceeda,00000000-0000-0000-0000-000000000001,5dda0b14-713b-46d0-a6ce-a7a33a2fb6f9,211a2b33-4e94-3da1-7d97-406bc26036f5,1526.30,1762.30,236.00,11.50,Dec-25,2026-03-20 06:10:21.371689+00,null,false,null
dcff628e-d956-4ddf-db28-1fc0df9fec8a,00000000-0000-0000-0000-000000000001,5dda0b14-713b-46d0-a6ce-a7a33a2fb6f9,188aee4d-68e0-1ddb-38e6-a946bc75072d,1437.50,1611.90,174.40,11.50,Dec-25,2026-03-20 06:10:21.371689+00,null,false,null
dd573bf5-e07c-19c1-28dd-1cf33d1f8e90,00000000-0000-0000-0000-000000000001,5dda0b14-713b-46d0-a6ce-a7a33a2fb6f9,4d1dd99b-b75a-70b5-406b-f5e869954002,3022.00,3359.50,337.50,11.50,Dec-25,2026-03-20 06:10:21.371689+00,null,false,null
b2071940-c4d5-f323-e296-599cdc2a701b,00000000-0000-0000-0000-000000000001,5dda0b14-713b-46d0-a6ce-a7a33a2fb6f9,b0d4d2c8-f6ee-bc16-ffd7-fc33c8db8571,23255.60,23912.00,656.40,11.50,Dec-25,2026-03-20 06:10:21.371689+00,null,false,null
d7bebf7c-6503-338f-6820-9cd8bb30fe5e,00000000-0000-0000-0000-000000000001,5dda0b14-713b-46d0-a6ce-a7a33a2fb6f9,0a839c14-2a88-9896-c2f2-8d51fe610405,28614.50,28886.90,272.40,11.50,Dec-25,2026-03-20 06:10:21.371689+00,null,false,null
bd47f0ae-9120-136e-e0fd-261ddca3e17e,00000000-0000-0000-0000-000000000001,5dda0b14-713b-46d0-a6ce-a7a33a2fb6f9,79853a4a-cb02-508c-e041-7e23378aec9c,39825.60,40448.60,623.00,11.50,Dec-25,2026-03-20 06:10:21.371689+00,null,false,null
ac46cfd5-8fed-9907-b862-e63b67f03631,00000000-0000-0000-0000-000000000001,5dda0b14-713b-46d0-a6ce-a7a33a2fb6f9,03edc7c5-4c46-b55e-523d-9fb7be29910b,50054.10,50618.40,564.30,11.50,Dec-25,2026-03-20 06:10:21.371689+00,null,false,null
f91bc442-69f6-5ff0-0dc0-4fa23ee0933d,00000000-0000-0000-0000-000000000001,5dda0b14-713b-46d0-a6ce-a7a33a2fb6f9,2fc42a4f-fe5a-ae08-0e4e-2c89ca71db85,41547.00,42093.80,546.80,11.50,Dec-25,2026-03-20 06:10:21.371689+00,null,false,null
8227c766-6956-72b4-d8dd-5280a1017ace,00000000-0000-0000-0000-000000000001,5dda0b14-713b-46d0-a6ce-a7a33a2fb6f9,5d204545-2f72-b89b-3190-a826b5ab6512,49826.30,50329.30,503.00,11.50,Dec-25,2026-03-20 06:10:21.371689+00,null,false,null
5565f99e-afca-0670-f971-6b4206100182,00000000-0000-0000-0000-000000000001,5dda0b14-713b-46d0-a6ce-a7a33a2fb6f9,417c9738-a0f7-5a00-1091-37a9fd083dd6,42223.00,42498.10,275.10,11.50,Dec-25,2026-03-20 06:10:21.371689+00,null,false,null
e59af735-0e54-27bb-da22-2a657a778584,00000000-0000-0000-0000-000000000001,5dda0b14-713b-46d0-a6ce-a7a33a2fb6f9,82b270bf-e567-2deb-5ef3-495baafd7645,28093.90,28295.60,201.70,11.50,Dec-25,2026-03-20 06:10:21.371689+00,null,false,null
dda47641-ab6f-1b6c-865a-2d21170c23de,00000000-0000-0000-0000-000000000001,5dda0b14-713b-46d0-a6ce-a7a33a2fb6f9,574de174-c7bb-bc11-f282-cff2aa2501c5,13457.40,13785.00,327.60,11.50,Dec-25,2026-03-20 06:10:21.371689+00,null,false,null
849290a0-33bf-8d20-f336-9e5b2660632b,00000000-0000-0000-0000-000000000001,5dda0b14-713b-46d0-a6ce-a7a33a2fb6f9,a361bd0d-c2c1-2aee-6303-d65de004edd0,40445.00,40841.20,396.20,11.50,Dec-25,2026-03-20 06:10:21.371689+00,null,false,null
9a5de466-4e4e-9bdd-1934-b1651c1aee8e,00000000-0000-0000-0000-000000000001,5dda0b14-713b-46d0-a6ce-a7a33a2fb6f9,8767525e-d22f-a295-bc29-ba104fdc589a,28772.40,28910.10,137.70,11.50,Dec-25,2026-03-20 06:10:21.371689+00,null,false,null
fd77b76f-a15b-9de2-9183-8afaa2b8fb2a,00000000-0000-0000-0000-000000000001,5dda0b14-713b-46d0-a6ce-a7a33a2fb6f9,323c0dff-be56-f6ee-f053-ee37de806dea,43608.00,44197.00,589.00,11.50,Dec-25,2026-03-20 06:10:21.371689+00,null,false,null
93199287-f111-1d00-10ad-06794839219e,00000000-0000-0000-0000-000000000001,5dda0b14-713b-46d0-a6ce-a7a33a2fb6f9,aa73cade-c28c-dc5b-5980-55801ea0d415,42931.80,43314.00,382.20,11.50,Dec-25,2026-03-20 06:10:21.371689+00,null,false,null
37234443-e401-0533-23cc-853e43865058,00000000-0000-0000-0000-000000000001,5dda0b14-713b-46d0-a6ce-a7a33a2fb6f9,49ed1c8e-3653-c89b-ec74-16d8e20bb923,33087.20,33270.80,183.60,11.50,Dec-25,2026-03-20 06:10:21.371689+00,null,false,null
7b99e865-665f-9755-d63a-996084d06c50,00000000-0000-0000-0000-000000000001,5dda0b14-713b-46d0-a6ce-a7a33a2fb6f9,85292340-826d-52c1-65c7-7f2a9eb2c2c4,61678.10,62039.40,361.30,11.50,Dec-25,2026-03-20 06:10:21.371689+00,null,false,null
2ce80760-9db4-a11d-b35f-b224430d1d78,00000000-0000-0000-0000-000000000001,5dda0b14-713b-46d0-a6ce-a7a33a2fb6f9,bde00681-ebfc-ef38-4f6e-4906a012de6b,51820.10,52254.60,434.50,11.50,Dec-25,2026-03-20 06:10:21.371689+00,null,false,null
cf819271-c0f1-c6ef-88ee-8a746f8dd257,00000000-0000-0000-0000-000000000001,5dda0b14-713b-46d0-a6ce-a7a33a2fb6f9,ffbd5fe0-d9b3-cb55-cfd7-2d72a3498109,58106.90,58352.60,245.70,11.50,Dec-25,2026-03-20 06:10:21.371689+00,null,false,null
fd671a9b-c9cb-77d2-aaa3-c501bc667c46,00000000-0000-0000-0000-000000000001,5dda0b14-713b-46d0-a6ce-a7a33a2fb6f9,bc7f358d-0d6d-f95f-ff80-9089eefdef69,53032.20,53638.60,606.40,11.50,Dec-25,2026-03-20 06:10:21.371689+00,null,false,null
aa872196-374c-590f-49cd-902c5866086c,00000000-0000-0000-0000-000000000001,5dda0b14-713b-46d0-a6ce-a7a33a2fb6f9,b0875d50-a469-821b-57c3-03ac62809198,35763.70,36263.70,500.00,11.50,Dec-25,2026-03-20 06:10:21.371689+00,null,false,null
8cf04e7f-dd13-0fa6-8043-d83dd541350c,00000000-0000-0000-0000-000000000001,5dda0b14-713b-46d0-a6ce-a7a33a2fb6f9,dd96a329-ec95-e96a-1348-69d976f39cd4,89582.80,89913.80,331.00,11.50,Dec-25,2026-03-20 06:10:21.371689+00,null,false,null
8b6716e9-8e72-6437-9cee-92152f754dac,00000000-0000-0000-0000-000000000001,5dda0b14-713b-46d0-a6ce-a7a33a2fb6f9,77c3a6fd-4651-d880-29aa-abd19c8324df,35057.30,35253.60,196.30,11.50,Dec-25,2026-03-20 06:10:21.371689+00,null,false,null
f582e039-da4e-17ef-76e3-914eca974b0d,00000000-0000-0000-0000-000000000001,5dda0b14-713b-46d0-a6ce-a7a33a2fb6f9,86ad1ceb-8d81-a926-d998-3a2f1cafba06,24107.70,24536.00,428.30,11.50,Dec-25,2026-03-20 06:10:21.371689+00,null,false,null
eb9ed3aa-c98e-f5b5-d160-2ecdfbf31b9a,00000000-0000-0000-0000-000000000001,5dda0b14-713b-46d0-a6ce-a7a33a2fb6f9,10c6863d-07c3-4fc4-94f9-6adc29157ce1,37468.10,37684.90,216.80,11.50,Dec-25,2026-03-20 06:10:21.371689+00,null,false,null
09484cca-7283-f89e-80f3-ebb5cd04e1d1,00000000-0000-0000-0000-000000000001,5dda0b14-713b-46d0-a6ce-a7a33a2fb6f9,990e8a3e-a69c-7b31-f606-3eeb21e3d4c6,32844.10,33035.50,191.40,11.50,Dec-25,2026-03-20 06:10:21.371689+00,null,false,null
07f24fae-9a56-a914-9537-a707815a22cf,00000000-0000-0000-0000-000000000001,5dda0b14-713b-46d0-a6ce-a7a33a2fb6f9,1b4d1066-8fe4-199b-7b3b-39e4bded9714,20496.50,20933.20,436.70,11.50,Dec-25,2026-03-20 06:10:21.371689+00,null,false,null
d89c6749-4bef-e211-3bac-d350566631e5,00000000-0000-0000-0000-000000000001,5dda0b14-713b-46d0-a6ce-a7a33a2fb6f9,9d5d0096-0b78-a663-1142-be871dfa2bda,32711.80,33405.80,694.00,11.50,Dec-25,2026-03-20 06:10:21.371689+00,null,false,null
19d115c8-d237-ea25-d605-9f5db033aa5b,00000000-0000-0000-0000-000000000001,5dda0b14-713b-46d0-a6ce-a7a33a2fb6f9,fb5cedd6-2992-1c62-7fba-4a7a6b43b2ff,26805.20,27138.80,333.60,11.50,Dec-25,2026-03-20 06:10:21.371689+00,null,false,null
845860c7-0eb8-89ef-dc67-d16ec3aadaaf,00000000-0000-0000-0000-000000000001,5dda0b14-713b-46d0-a6ce-a7a33a2fb6f9,233cca0e-efcf-e631-d2fc-9997a6ba5706,21735.10,22421.10,686.00,11.50,Dec-25,2026-03-20 06:10:21.371689+00,null,false,null
2eee6bfc-48df-1487-df58-f45179ae5641,00000000-0000-0000-0000-000000000001,5dda0b14-713b-46d0-a6ce-a7a33a2fb6f9,dc4adc21-f501-0573-2e9a-d7bbbc89e5d6,61395.70,61865.10,469.40,11.50,Dec-25,2026-03-20 06:10:21.371689+00,null,false,null
68796938-cc69-03b8-28e5-999083cb9c7f,00000000-0000-0000-0000-000000000001,5dda0b14-713b-46d0-a6ce-a7a33a2fb6f9,c17c5093-48b7-139f-ebfc-1cd33ef5179c,17049.50,17244.70,195.20,11.50,Dec-25,2026-03-20 06:10:21.371689+00,null,false,null
a1533011-09ab-6cae-0fca-f08cb942392a,00000000-0000-0000-0000-000000000001,5dda0b14-713b-46d0-a6ce-a7a33a2fb6f9,1183b300-b9ae-5e28-acb2-304cb2fd36db,10663.90,10917.80,253.90,11.50,Dec-25,2026-03-20 06:10:21.371689+00,null,false,null
06a23543-5242-f0e1-4e5b-0b4f3da0a39c,00000000-0000-0000-0000-000000000001,5dda0b14-713b-46d0-a6ce-a7a33a2fb6f9,44625074-3f26-4a2d-74ae-56ba4c94a395,0.00,0.00,0.00,11.50,Dec-25,2026-03-20 06:10:21.371689+00,null,false,null
f56c2aab-de27-4225-a65c-70f0767e8b6f,00000000-0000-0000-0000-000000000001,5dda0b14-713b-46d0-a6ce-a7a33a2fb6f9,c2ff0c11-4d1b-7b9b-b93c-aa37c9b6c40b,26325.70,26719.90,394.20,11.50,Dec-25,2026-03-20 06:10:21.371689+00,null,false,null
81cd2bba-89b7-473b-a7b7-821367489845,00000000-0000-0000-0000-000000000001,5dda0b14-713b-46d0-a6ce-a7a33a2fb6f9,7719849e-1d17-27d2-31d4-475a4e71f261,0.00,0.00,0.00,11.50,Dec-25,2026-03-20 06:10:21.371689+00,null,false,null
aa00537a-95c9-c100-bb0e-3fb57529a4de,00000000-0000-0000-0000-000000000001,5dda0b14-713b-46d0-a6ce-a7a33a2fb6f9,d2298bb8-a5e5-735a-c8ca-9b18c7daacd6,45846.90,46148.10,301.20,11.50,Dec-25,2026-03-20 06:10:21.371689+00,null,false,null
426634fb-e8e7-7b56-f628-ab36e2b3a516,00000000-0000-0000-0000-000000000001,5dda0b14-713b-46d0-a6ce-a7a33a2fb6f9,211a2b33-4e94-3da1-7d97-406bc26036f5,1762.30,1956.70,194.40,11.50,Jan-26,2026-03-20 06:10:21.371689+00,null,false,null
6337c8f8-98bb-9a9a-2c0c-a0bacb8c6760,00000000-0000-0000-0000-000000000001,5dda0b14-713b-46d0-a6ce-a7a33a2fb6f9,188aee4d-68e0-1ddb-38e6-a946bc75072d,1611.90,1912.40,300.50,11.50,Jan-26,2026-03-20 06:10:21.371689+00,null,false,null
1a48186e-b22f-7553-2b55-a655d9d0b564,00000000-0000-0000-0000-000000000001,5dda0b14-713b-46d0-a6ce-a7a33a2fb6f9,b0d4d2c8-f6ee-bc16-ffd7-fc33c8db8571,23912.00,24555.80,643.80,11.50,Jan-26,2026-03-20 06:10:21.371689+00,null,false,null
c7e2ce46-20c8-18c4-6bab-168824b274f1,00000000-0000-0000-0000-000000000001,5dda0b14-713b-46d0-a6ce-a7a33a2fb6f9,0a839c14-2a88-9896-c2f2-8d51fe610405,28886.90,29181.70,294.80,11.50,Jan-26,2026-03-20 06:10:21.371689+00,null,false,null
cea49349-bfc1-683c-7820-c69650f0bc7d,00000000-0000-0000-0000-000000000001,5dda0b14-713b-46d0-a6ce-a7a33a2fb6f9,79853a4a-cb02-508c-e041-7e23378aec9c,40448.60,41046.50,597.90,11.50,Jan-26,2026-03-20 06:10:21.371689+00,null,false,null
b14269ea-8b29-b136-12dc-b7d5773d40dc,00000000-0000-0000-0000-000000000001,5dda0b14-713b-46d0-a6ce-a7a33a2fb6f9,03edc7c5-4c46-b55e-523d-9fb7be29910b,50618.40,51153.70,535.30,11.50,Jan-26,2026-03-20 06:10:21.371689+00,null,false,null
19dd53f2-adfa-c6d8-b9fc-25339a814048,00000000-0000-0000-0000-000000000001,5dda0b14-713b-46d0-a6ce-a7a33a2fb6f9,2fc42a4f-fe5a-ae08-0e4e-2c89ca71db85,42093.80,42720.90,627.10,11.50,Jan-26,2026-03-20 06:10:21.371689+00,null,false,null
810be880-8d5e-6ead-3ce7-031b42437021,00000000-0000-0000-0000-000000000001,5dda0b14-713b-46d0-a6ce-a7a33a2fb6f9,5d204545-2f72-b89b-3190-a826b5ab6512,50329.30,50866.40,537.10,11.50,Jan-26,2026-03-20 06:10:21.371689+00,null,false,null
6c80cd18-cec1-0338-704e-b4e861caafec,00000000-0000-0000-0000-000000000001,5dda0b14-713b-46d0-a6ce-a7a33a2fb6f9,417c9738-a0f7-5a00-1091-37a9fd083dd6,42498.10,42861.20,363.10,11.50,Jan-26,2026-03-20 06:10:21.371689+00,null,false,null
2426d073-7430-0a44-e986-220ccc24e2ed,00000000-0000-0000-0000-000000000001,5dda0b14-713b-46d0-a6ce-a7a33a2fb6f9,82b270bf-e567-2deb-5ef3-495baafd7645,28295.60,28465.80,170.20,11.50,Jan-26,2026-03-20 06:10:21.371689+00,null,false,null
5c237659-af10-2ea0-fb39-27e04713843c,00000000-0000-0000-0000-000000000001,5dda0b14-713b-46d0-a6ce-a7a33a2fb6f9,574de174-c7bb-bc11-f282-cff2aa2501c5,13785.00,14098.90,313.90,11.50,Jan-26,2026-03-20 06:10:21.371689+00,null,false,null
1dd628d7-d64e-1303-07c9-27d23eaa2c6e,00000000-0000-0000-0000-000000000001,5dda0b14-713b-46d0-a6ce-a7a33a2fb6f9,a361bd0d-c2c1-2aee-6303-d65de004edd0,40841.20,41143.50,302.30,11.50,Jan-26,2026-03-20 06:10:21.371689+00,null,false,null
ef817316-367b-fdbb-1326-cf0f484e788a,00000000-0000-0000-0000-000000000001,5dda0b14-713b-46d0-a6ce-a7a33a2fb6f9,8767525e-d22f-a295-bc29-ba104fdc589a,28910.10,29062.60,152.50,11.50,Jan-26,2026-03-20 06:10:21.371689+00,null,false,null
db8bd04d-ab1d-bd5c-3733-af62f83cb7a4,00000000-0000-0000-0000-000000000001,5dda0b14-713b-46d0-a6ce-a7a33a2fb6f9,323c0dff-be56-f6ee-f053-ee37de806dea,44197.00,44857.70,660.70,11.50,Jan-26,2026-03-20 06:10:21.371689+00,null,false,null
f703d1ed-30da-d96e-b651-cbe71a58a23d,00000000-0000-0000-0000-000000000001,5dda0b14-713b-46d0-a6ce-a7a33a2fb6f9,aa73cade-c28c-dc5b-5980-55801ea0d415,43314.00,43716.80,402.80,11.50,Jan-26,2026-03-20 06:10:21.371689+00,null,false,null
abf91d54-ffe3-53e2-1153-b95014ea49db,00000000-0000-0000-0000-000000000001,5dda0b14-713b-46d0-a6ce-a7a33a2fb6f9,49ed1c8e-3653-c89b-ec74-16d8e20bb923,33270.80,33606.60,335.80,11.50,Jan-26,2026-03-20 06:10:21.371689+00,null,false,null
7c3d5921-3d6f-ed42-f8d1-4773d1984bbf,00000000-0000-0000-0000-000000000001,5dda0b14-713b-46d0-a6ce-a7a33a2fb6f9,85292340-826d-52c1-65c7-7f2a9eb2c2c4,62039.40,62411.10,371.70,11.50,Jan-26,2026-03-20 06:10:21.371689+00,null,false,null
b6d61f98-d95c-3a34-6884-3e476958deef,00000000-0000-0000-0000-000000000001,5dda0b14-713b-46d0-a6ce-a7a33a2fb6f9,bde00681-ebfc-ef38-4f6e-4906a012de6b,52254.60,52685.70,431.10,11.50,Jan-26,2026-03-20 06:10:21.371689+00,null,false,null
d2f1e9ce-e31b-3753-f5f3-3625d55f011f,00000000-0000-0000-0000-000000000001,5dda0b14-713b-46d0-a6ce-a7a33a2fb6f9,ffbd5fe0-d9b3-cb55-cfd7-2d72a3498109,58352.60,58725.40,372.80,11.50,Jan-26,2026-03-20 06:10:21.371689+00,null,false,null
c35508e1-f826-7b90-ef03-0d68f9fad726,00000000-0000-0000-0000-000000000001,5dda0b14-713b-46d0-a6ce-a7a33a2fb6f9,bc7f358d-0d6d-f95f-ff80-9089eefdef69,53638.60,54062.80,424.20,11.50,Jan-26,2026-03-20 06:10:21.371689+00,null,false,null
01d4eb06-c9b2-e4e4-c47a-1e030019c124,00000000-0000-0000-0000-000000000001,5dda0b14-713b-46d0-a6ce-a7a33a2fb6f9,b0875d50-a469-821b-57c3-03ac62809198,36263.70,36612.30,348.60,11.50,Jan-26,2026-03-20 06:10:21.371689+00,null,false,null
d3b2e53f-c20b-777e-e9d9-f69ba7a69756,00000000-0000-0000-0000-000000000001,5dda0b14-713b-46d0-a6ce-a7a33a2fb6f9,dd96a329-ec95-e96a-1348-69d976f39cd4,89913.80,90221.30,307.50,11.50,Jan-26,2026-03-20 06:10:21.371689+00,null,false,null
ae84308f-9333-de13-3b28-0894e66b4de4,00000000-0000-0000-0000-000000000001,5dda0b14-713b-46d0-a6ce-a7a33a2fb6f9,77c3a6fd-4651-d880-29aa-abd19c8324df,35253.60,35502.50,248.90,11.50,Jan-26,2026-03-20 06:10:21.371689+00,null,false,null
7b123172-3fa4-9857-9cae-29826126fd92,00000000-0000-0000-0000-000000000001,5dda0b14-713b-46d0-a6ce-a7a33a2fb6f9,86ad1ceb-8d81-a926-d998-3a2f1cafba06,24536.00,24891.30,355.30,11.50,Jan-26,2026-03-20 06:10:21.371689+00,null,false,null
638c70cf-978e-062c-b7d6-a35a05f25309,00000000-0000-0000-0000-000000000001,5dda0b14-713b-46d0-a6ce-a7a33a2fb6f9,10c6863d-07c3-4fc4-94f9-6adc29157ce1,37684.90,37953.10,268.20,11.50,Jan-26,2026-03-20 06:10:21.371689+00,null,false,null
829af22e-b264-3134-c4e8-4fb6f8d34635,00000000-0000-0000-0000-000000000001,5dda0b14-713b-46d0-a6ce-a7a33a2fb6f9,990e8a3e-a69c-7b31-f606-3eeb21e3d4c6,33035.50,33249.10,213.60,11.50,Jan-26,2026-03-20 06:10:21.371689+00,null,false,null
6a7f8e2c-d7e5-8152-2115-a0cd1074e654,00000000-0000-0000-0000-000000000001,5dda0b14-713b-46d0-a6ce-a7a33a2fb6f9,1b4d1066-8fe4-199b-7b3b-39e4bded9714,20933.20,21406.90,473.70,11.50,Jan-26,2026-03-20 06:10:21.371689+00,null,false,null
b2963075-97cb-6616-06c0-aea4f8f11044,00000000-0000-0000-0000-000000000001,5dda0b14-713b-46d0-a6ce-a7a33a2fb6f9,9d5d0096-0b78-a663-1142-be871dfa2bda,33405.80,33912.60,506.80,11.50,Jan-26,2026-03-20 06:10:21.371689+00,null,false,null
16b98703-33e0-d042-de06-ea5efd45f423,00000000-0000-0000-0000-000000000001,5dda0b14-713b-46d0-a6ce-a7a33a2fb6f9,fb5cedd6-2992-1c62-7fba-4a7a6b43b2ff,27138.80,27670.10,531.30,11.50,Jan-26,2026-03-20 06:10:21.371689+00,null,false,null
e32fd428-eb4b-26b3-2b54-548c1a436ce3,00000000-0000-0000-0000-000000000001,5dda0b14-713b-46d0-a6ce-a7a33a2fb6f9,233cca0e-efcf-e631-d2fc-9997a6ba5706,22421.10,22934.80,513.70,11.50,Jan-26,2026-03-20 06:10:21.371689+00,null,false,null
8b873970-4362-c53f-dba7-eab528e1f5bf,00000000-0000-0000-0000-000000000001,5dda0b14-713b-46d0-a6ce-a7a33a2fb6f9,dc4adc21-f501-0573-2e9a-d7bbbc89e5d6,61865.10,62278.00,412.90,11.50,Jan-26,2026-03-20 06:10:21.371689+00,null,false,null
05931106-d7b2-7034-30a2-b53dffcfdcc4,00000000-0000-0000-0000-000000000001,5dda0b14-713b-46d0-a6ce-a7a33a2fb6f9,c17c5093-48b7-139f-ebfc-1cd33ef5179c,17244.70,17452.40,207.70,11.50,Jan-26,2026-03-20 06:10:21.371689+00,null,false,null
e8bdd04d-9ed4-a51b-65a3-a811fd750590,00000000-0000-0000-0000-000000000001,5dda0b14-713b-46d0-a6ce-a7a33a2fb6f9,1183b300-b9ae-5e28-acb2-304cb2fd36db,10917.80,11156.70,238.90,11.50,Jan-26,2026-03-20 06:10:21.371689+00,null,false,null
e3def514-15f2-5c11-313a-1235e65a6fec,00000000-0000-0000-0000-000000000001,5dda0b14-713b-46d0-a6ce-a7a33a2fb6f9,44625074-3f26-4a2d-74ae-56ba4c94a395,0.00,0.00,0.00,11.50,Jan-26,2026-03-20 06:10:21.371689+00,null,false,null
3a2a82bc-bffd-3149-71f5-79c6270bde07,00000000-0000-0000-0000-000000000001,5dda0b14-713b-46d0-a6ce-a7a33a2fb6f9,c2ff0c11-4d1b-7b9b-b93c-aa37c9b6c40b,26719.90,26978.60,258.70,11.50,Jan-26,2026-03-20 06:10:21.371689+00,null,false,null
f38a5567-52d7-a354-c171-20ae90cab200,00000000-0000-0000-0000-000000000001,5dda0b14-713b-46d0-a6ce-a7a33a2fb6f9,7719849e-1d17-27d2-31d4-475a4e71f261,0.00,0.00,0.00,11.50,Jan-26,2026-03-20 06:10:21.371689+00,null,false,null
3230efe0-cb23-3da1-cf41-19ef725443fb,00000000-0000-0000-0000-000000000001,5dda0b14-713b-46d0-a6ce-a7a33a2fb6f9,d2298bb8-a5e5-735a-c8ca-9b18c7daacd6,46148.10,46349.00,200.90,11.50,Jan-26,2026-03-20 06:10:21.371689+00,null,false,null
2ff38f40-527c-02f7-096c-5730a5c9d248,00000000-0000-0000-0000-000000000001,5dda0b14-713b-46d0-a6ce-a7a33a2fb6f9,2fc42a4f-fe5a-ae08-0e4e-2c89ca71db85,42720.90,43402.30,681.40,11.50,Feb-26,2026-03-20 06:10:21.371689+00,null,false,null
4918907d-a24c-7c13-1e14-7933b3f4cbd8,00000000-0000-0000-0000-000000000001,5dda0b14-713b-46d0-a6ce-a7a33a2fb6f9,5d204545-2f72-b89b-3190-a826b5ab6512,50866.40,51585.80,719.40,11.50,Feb-26,2026-03-20 06:10:21.371689+00,null,false,null
eee71937-3890-acc4-68b3-6a56e18d49e0,00000000-0000-0000-0000-000000000001,5dda0b14-713b-46d0-a6ce-a7a33a2fb6f9,0a839c14-2a88-9896-c2f2-8d51fe610405,29181.70,29715.70,534.00,11.50,Feb-26,2026-03-20 06:10:21.371689+00,null,false,null
5ef9dbf3-163e-d59d-4319-3d5d6814b063,00000000-0000-0000-0000-000000000001,5dda0b14-713b-46d0-a6ce-a7a33a2fb6f9,417c9738-a0f7-5a00-1091-37a9fd083dd6,42861.20,43346.50,485.30,11.50,Feb-26,2026-03-20 06:10:21.371689+00,null,false,null
a3d48e66-7590-aea0-1eaa-a9bc50e479c9,00000000-0000-0000-0000-000000000001,5dda0b14-713b-46d0-a6ce-a7a33a2fb6f9,82b270bf-e567-2deb-5ef3-495baafd7645,28465.80,28677.90,212.10,11.50,Feb-26,2026-03-20 06:10:21.371689+00,null,false,null
7e8372bf-4838-224f-2532-9cc033725cd7,00000000-0000-0000-0000-000000000001,5dda0b14-713b-46d0-a6ce-a7a33a2fb6f9,574de174-c7bb-bc11-f282-cff2aa2501c5,14098.90,14399.30,300.40,11.50,Feb-26,2026-03-20 06:10:21.371689+00,null,false,null
54a96dcd-be1d-aca1-eae4-e9b749bb5107,00000000-0000-0000-0000-000000000001,5dda0b14-713b-46d0-a6ce-a7a33a2fb6f9,a361bd0d-c2c1-2aee-6303-d65de004edd0,41143.50,41578.40,434.90,11.50,Feb-26,2026-03-20 06:10:21.371689+00,null,false,null
aff5643a-18d9-e84a-3a27-1a57b342ded9,00000000-0000-0000-0000-000000000001,5dda0b14-713b-46d0-a6ce-a7a33a2fb6f9,8767525e-d22f-a295-bc29-ba104fdc589a,29062.60,29246.70,184.10,11.50,Feb-26,2026-03-20 06:10:21.371689+00,null,false,null
b8604282-66b1-1299-bad9-3c372e602d9f,00000000-0000-0000-0000-000000000001,5dda0b14-713b-46d0-a6ce-a7a33a2fb6f9,323c0dff-be56-f6ee-f053-ee37de806dea,44857.70,45543.00,685.30,11.50,Feb-26,2026-03-20 06:10:21.371689+00,null,false,null
3db01264-399b-02ae-1301-14fd0b114458,00000000-0000-0000-0000-000000000001,5dda0b14-713b-46d0-a6ce-a7a33a2fb6f9,aa73cade-c28c-dc5b-5980-55801ea0d415,43716.80,44180.60,463.80,11.50,Feb-26,2026-03-20 06:10:21.371689+00,null,false,null
ca04b9f2-1d20-9eae-765d-9c5d6961087b,00000000-0000-0000-0000-000000000001,5dda0b14-713b-46d0-a6ce-a7a33a2fb6f9,49ed1c8e-3653-c89b-ec74-16d8e20bb923,33606.60,34171.90,565.30,11.50,Feb-26,2026-03-20 06:10:21.371689+00,null,false,null
1bb81508-6958-72c3-f154-46ad3efb8dc2,00000000-0000-0000-0000-000000000001,5dda0b14-713b-46d0-a6ce-a7a33a2fb6f9,bde00681-ebfc-ef38-4f6e-4906a012de6b,52685.70,53458.30,772.60,11.50,Feb-26,2026-03-20 06:10:21.371689+00,null,false,null
e1b1266a-8327-ccc2-4d0a-8bda27753aa6,00000000-0000-0000-0000-000000000001,5dda0b14-713b-46d0-a6ce-a7a33a2fb6f9,ffbd5fe0-d9b3-cb55-cfd7-2d72a3498109,58725.40,59167.40,442.00,11.50,Feb-26,2026-03-20 06:10:21.371689+00,null,false,null
90a75bc2-a0bc-9a91-29d1-9bc36cf1f3f3,00000000-0000-0000-0000-000000000001,5dda0b14-713b-46d0-a6ce-a7a33a2fb6f9,188aee4d-68e0-1ddb-38e6-a946bc75072d,1912.40,2273.10,360.70,11.50,Feb-26,2026-03-20 06:10:21.371689+00,null,false,null
5bca41f1-aee2-4e44-8c66-9d6d016e8ffc,00000000-0000-0000-0000-000000000001,5dda0b14-713b-46d0-a6ce-a7a33a2fb6f9,b0d4d2c8-f6ee-bc16-ffd7-fc33c8db8571,24555.80,25349.00,793.20,11.50,Feb-26,2026-03-20 06:10:21.371689+00,null,false,null
7f3accd7-cf2f-cdaf-4479-2ffb2ef1c0e4,00000000-0000-0000-0000-000000000001,5dda0b14-713b-46d0-a6ce-a7a33a2fb6f9,03edc7c5-4c46-b55e-523d-9fb7be29910b,51153.70,51830.20,676.50,11.50,Feb-26,2026-03-20 06:10:21.371689+00,null,false,null
2cc10369-5842-700b-d4c3-0d4544d8f3b6,00000000-0000-0000-0000-000000000001,5dda0b14-713b-46d0-a6ce-a7a33a2fb6f9,79853a4a-cb02-508c-e041-7e23378aec9c,41046.50,41711.00,664.50,11.50,Feb-26,2026-03-20 06:10:21.371689+00,null,false,null
b2d59410-5b90-74cb-cf00-5b0fbf75683f,00000000-0000-0000-0000-000000000001,5dda0b14-713b-46d0-a6ce-a7a33a2fb6f9,dd96a329-ec95-e96a-1348-69d976f39cd4,90221.30,90787.10,565.80,11.50,Feb-26,2026-03-20 06:10:21.371689+00,null,false,null
cbc5c0e7-bfd0-c19e-4358-43c724602c2e,00000000-0000-0000-0000-000000000001,5dda0b14-713b-46d0-a6ce-a7a33a2fb6f9,77c3a6fd-4651-d880-29aa-abd19c8324df,35502.50,35768.90,266.40,11.50,Feb-26,2026-03-20 06:10:21.371689+00,null,false,null
bfab0602-48b2-05f6-b301-a8518ec95684,00000000-0000-0000-0000-000000000001,5dda0b14-713b-46d0-a6ce-a7a33a2fb6f9,86ad1ceb-8d81-a926-d998-3a2f1cafba06,24891.30,25331.30,440.00,11.50,Feb-26,2026-03-20 06:10:21.371689+00,null,false,null
18275fd3-8bbf-8b5a-05c9-d1324354bc1a,00000000-0000-0000-0000-000000000001,5dda0b14-713b-46d0-a6ce-a7a33a2fb6f9,10c6863d-07c3-4fc4-94f9-6adc29157ce1,37953.10,38331.10,378.00,11.50,Feb-26,2026-03-20 06:10:21.371689+00,null,false,null
daf1982a-a8ea-2cd7-34b4-a2a1d6546f76,00000000-0000-0000-0000-000000000001,5dda0b14-713b-46d0-a6ce-a7a33a2fb6f9,990e8a3e-a69c-7b31-f606-3eeb21e3d4c6,33249.10,33473.00,223.90,11.50,Feb-26,2026-03-20 06:10:21.371689+00,null,false,null
6b6cecee-cb72-a961-3f9c-f812afc5f6f7,00000000-0000-0000-0000-000000000001,5dda0b14-713b-46d0-a6ce-a7a33a2fb6f9,1b4d1066-8fe4-199b-7b3b-39e4bded9714,21406.90,22010.60,603.70,11.50,Feb-26,2026-03-20 06:10:21.371689+00,null,false,null
702f7a04-0563-8629-8c77-8b24289ce145,00000000-0000-0000-0000-000000000001,5dda0b14-713b-46d0-a6ce-a7a33a2fb6f9,9d5d0096-0b78-a663-1142-be871dfa2bda,33912.60,34575.30,662.70,11.50,Feb-26,2026-03-20 06:10:21.371689+00,null,false,null
1ce22a4b-3392-8337-f37c-d9f200414a27,00000000-0000-0000-0000-000000000001,5dda0b14-713b-46d0-a6ce-a7a33a2fb6f9,fb5cedd6-2992-1c62-7fba-4a7a6b43b2ff,27670.10,28243.90,573.80,11.50,Feb-26,2026-03-20 06:10:21.371689+00,null,false,null
949da1f9-5020-9b13-e9c6-b4206f18163a,00000000-0000-0000-0000-000000000001,5dda0b14-713b-46d0-a6ce-a7a33a2fb6f9,233cca0e-efcf-e631-d2fc-9997a6ba5706,22934.80,23571.20,636.40,11.50,Feb-26,2026-03-20 06:10:21.371689+00,null,false,null
86da3fc6-813f-233e-9bfc-8a1f24d814d0,00000000-0000-0000-0000-000000000001,5dda0b14-713b-46d0-a6ce-a7a33a2fb6f9,dc4adc21-f501-0573-2e9a-d7bbbc89e5d6,62278.00,62767.10,489.10,11.50,Feb-26,2026-03-20 06:10:21.371689+00,null,false,null
2c873c4d-baf0-b6c2-63cc-5a69eb539300,00000000-0000-0000-0000-000000000001,5dda0b14-713b-46d0-a6ce-a7a33a2fb6f9,c17c5093-48b7-139f-ebfc-1cd33ef5179c,17452.40,17804.60,352.20,11.50,Feb-26,2026-03-20 06:10:21.371689+00,null,false,null
f9f45a46-8376-4d60-0859-b8f595742805,00000000-0000-0000-0000-000000000001,5dda0b14-713b-46d0-a6ce-a7a33a2fb6f9,c2ff0c11-4d1b-7b9b-b93c-aa37c9b6c40b,26978.60,27356.50,377.90,11.50,Feb-26,2026-03-20 06:10:21.371689+00,null,false,null
b776946c-15e2-ddd9-eee7-08c3d61b65d2,00000000-0000-0000-0000-000000000001,5dda0b14-713b-46d0-a6ce-a7a33a2fb6f9,d2298bb8-a5e5-735a-c8ca-9b18c7daacd6,46349.00,46613.10,264.10,11.50,Feb-26,2026-03-20 06:10:21.371689+00,null,false,null
b0a4609f-9d1a-6df5-ff7d-4e5ebeeb7d47,00000000-0000-0000-0000-000000000001,5dda0b14-713b-46d0-a6ce-a7a33a2fb6f9,1183b300-b9ae-5e28-acb2-304cb2fd36db,11156.70,11209.40,52.70,11.50,Feb-26,2026-03-20 06:10:21.371689+00,null,false,null
758402e7-55fb-00e0-423c-70ab6c1493b6,00000000-0000-0000-0000-000000000001,5dda0b14-713b-46d0-a6ce-a7a33a2fb6f9,44625074-3f26-4a2d-74ae-56ba4c94a395,0.00,0.00,0.00,11.50,Feb-26,2026-03-20 06:10:21.371689+00,null,false,null
211b3987-653e-8f7a-ef45-bad7c25ddd8d,00000000-0000-0000-0000-000000000001,5dda0b14-713b-46d0-a6ce-a7a33a2fb6f9,7719849e-1d17-27d2-31d4-475a4e71f261,0.00,0.00,0.00,11.50,Feb-26,2026-03-20 06:10:21.371689+00,null,false,null
b55acd38-0093-b11a-a61e-2a395d19f4f8,00000000-0000-0000-0000-000000000001,5dda0b14-713b-46d0-a6ce-a7a33a2fb6f9,bc7f358d-0d6d-f95f-ff80-9089eefdef69,54062.80,54750.90,688.10,11.50,Feb-26,2026-03-20 06:10:21.371689+00,null,false,null
8de6e936-3416-b94a-8fba-d0e8310a4444,00000000-0000-0000-0000-000000000001,5dda0b14-713b-46d0-a6ce-a7a33a2fb6f9,b0875d50-a469-821b-57c3-03ac62809198,36612.30,37180.70,568.40,11.50,Feb-26,2026-03-20 06:10:21.371689+00,null,false,null