id,organization_id,asset_id,allocation_type,property_id,apartment_id,bed_id,allocated_date,allocated_by,created_at
e6e37ffe-aea2-416b-b26e-9f87810744f7,00000000-0000-0000-0000-000000000001,19a0e9bf-7dd6-4e26-920e-d0ac74966dad,apartment,5dda0b14-713b-46d0-a6ce-a7a33a2fb6f9,211a2b33-4e94-3da1-7d97-406bc26036f5,null,2025-07-22,null,2026-04-10 22:55:50.068336+00
2ed927bc-27c7-4c4a-bb2c-5daa372846cf,00000000-0000-0000-0000-000000000001,8fa5e424-97df-4062-af2a-09ba379e6edf,bed,5dda0b14-713b-46d0-a6ce-a7a33a2fb6f9,211a2b33-4e94-3da1-7d97-406bc26036f5,03b3c0ac-91a5-8902-3ab2-fc88ff2c5566,2025-07-30,null,2026-04-10 22:55:50.068336+00
a6b7f449-19a9-4aae-a276-5f04b0fb725c,00000000-0000-0000-0000-000000000001,8fa5e424-97df-4062-af2a-09ba379e6edf,bed,5dda0b14-713b-46d0-a6ce-a7a33a2fb6f9,211a2b33-4e94-3da1-7d97-406bc26036f5,80d61428-003e-b59b-42e8-dc7d098d6aca,2025-07-30,null,2026-04-10 22:55:50.068336+00
32666671-0714-4c31-ab99-38c7a2b7dacd,00000000-0000-0000-0000-000000000001,6f1831db-0b4c-43f9-943c-4e86c3886b78,bed,5dda0b14-713b-46d0-a6ce-a7a33a2fb6f9,211a2b33-4e94-3da1-7d97-406bc26036f5,3c7a5a03-cf40-42aa-6d97-d087c877b352,2025-07-30,null,2026-04-10 22:55:50.068336+00
1511c2ac-486c-455f-9f0a-255c23c151e9,00000000-0000-0000-0000-000000000001,6f1831db-0b4c-43f9-943c-4e86c3886b78,bed,5dda0b14-713b-46d0-a6ce-a7a33a2fb6f9,211a2b33-4e94-3da1-7d97-406bc26036f5,de80c560-5aa1-225e-9921-7b9695802cc3,2025-07-30,null,2026-04-10 22:55:50.068336+00
aeb9c45b-39c2-415d-82cd-d27ac4771a10,00000000-0000-0000-0000-000000000001,dd6bc55f-e6a1-41d7-bce7-68bd0d6c57a1,bed,5dda0b14-713b-46d0-a6ce-a7a33a2fb6f9,211a2b33-4e94-3da1-7d97-406bc26036f5,ebfa9ad2-0c93-9cd6-f85e-2d7449609b84,2025-07-30,null,2026-04-10 22:55:50.068336+00
ce5ded2b-cf22-4cfb-982e-0207bed39aa3,00000000-0000-0000-0000-000000000001,b6e08caf-ef6c-401e-aea3-9aae40ad802e,apartment,5dda0b14-713b-46d0-a6ce-a7a33a2fb6f9,211a2b33-4e94-3da1-7d97-406bc26036f5,null,2025-08-02,null,2026-04-10 22:55:50.068336+00
7b71b706-c619-4841-be9b-a4eaae56cc91,00000000-0000-0000-0000-000000000001,036bdbfd-838a-450a-8fd8-2dc15fe5cf66,bed,5dda0b14-713b-46d0-a6ce-a7a33a2fb6f9,211a2b33-4e94-3da1-7d97-406bc26036f5,ebfa9ad2-0c93-9cd6-f85e-2d7449609b84,2026-04-10,null,2026-04-10 22:55:50.068336+00
3bf3086b-d1c0-4f63-9c66-85779340a16c,00000000-0000-0000-0000-000000000001,9a45eaab-0189-4c01-ac2e-760572f9f8f7,bed,5dda0b14-713b-46d0-a6ce-a7a33a2fb6f9,211a2b33-4e94-3da1-7d97-406bc26036f5,3c7a5a03-cf40-42aa-6d97-d087c877b352,2026-04-10,null,2026-04-10 22:55:50.068336+00
d39ef2aa-69ec-44bb-9d61-3a4c88c71bd8,00000000-0000-0000-0000-000000000001,c362003c-8c15-4081-83b2-ff5f5e2c7543,bed,5dda0b14-713b-46d0-a6ce-a7a33a2fb6f9,211a2b33-4e94-3da1-7d97-406bc26036f5,03b3c0ac-91a5-8902-3ab2-fc88ff2c5566,2026-04-10,null,2026-04-10 22:55:50.068336+00
824844ce-34c9-47d1-8f51-a280a7ca7fea,00000000-0000-0000-0000-000000000001,a5794637-86ae-451a-8d34-3144f607e882,bed,5dda0b14-713b-46d0-a6ce-a7a33a2fb6f9,211a2b33-4e94-3da1-7d97-406bc26036f5,de80c560-5aa1-225e-9921-7b9695802cc3,2026-04-10,null,2026-04-10 22:55:50.068336+00
cf6db403-5a03-4534-88a9-d88f1046337b,00000000-0000-0000-0000-000000000001,fb2aa759-2387-4f58-a3bf-24039f4257f3,bed,5dda0b14-713b-46d0-a6ce-a7a33a2fb6f9,211a2b33-4e94-3da1-7d97-406bc26036f5,80d61428-003e-b59b-42e8-dc7d098d6aca,2026-04-10,null,2026-04-10 22:55:50.068336+00
5cbd0424-e9ba-41ec-9cd4-c344d8a6be2f,00000000-0000-0000-0000-000000000001,cadf4d20-6175-488e-a43d-0b576b0dab41,bed,5dda0b14-713b-46d0-a6ce-a7a33a2fb6f9,211a2b33-4e94-3da1-7d97-406bc26036f5,ebfa9ad2-0c93-9cd6-f85e-2d7449609b84,2025-08-02,null,2026-04-10 22:55:50.068336+00
3578ea06-224e-48c6-a983-e7aef498a547,00000000-0000-0000-0000-000000000001,78b920d6-8cc8-4b2d-bbce-e4cd9994c9bb,bed,5dda0b14-713b-46d0-a6ce-a7a33a2fb6f9,211a2b33-4e94-3da1-7d97-406bc26036f5,3c7a5a03-cf40-42aa-6d97-d087c877b352,2025-08-02,null,2026-04-10 22:55:50.068336+00
f3c40b64-0124-4068-bf30-377a5696bb26,00000000-0000-0000-0000-000000000001,d3683ae9-c040-43cc-9dec-c38c8e0256db,bed,5dda0b14-713b-46d0-a6ce-a7a33a2fb6f9,211a2b33-4e94-3da1-7d97-406bc26036f5,03b3c0ac-91a5-8902-3ab2-fc88ff2c5566,2025-08-02,null,2026-04-10 22:55:50.068336+00
d8cdf4e9-8b8f-4e38-9dce-6d4735804a81,00000000-0000-0000-0000-000000000001,88dfc5e7-907f-4d95-98f3-276d25e87e54,bed,5dda0b14-713b-46d0-a6ce-a7a33a2fb6f9,211a2b33-4e94-3da1-7d97-406bc26036f5,de80c560-5aa1-225e-9921-7b9695802cc3,2025-08-02,null,2026-04-10 22:55:50.068336+00
f2a1511b-8e58-43b7-86e6-8df116a0866e,00000000-0000-0000-0000-000000000001,133da128-0332-4e15-841a-3e8660d0fcc8,bed,5dda0b14-713b-46d0-a6ce-a7a33a2fb6f9,211a2b33-4e94-3da1-7d97-406bc26036f5,80d61428-003e-b59b-42e8-dc7d098d6aca,2025-08-02,null,2026-04-10 22:55:50.068336+00
749563cb-48d0-4ea6-a585-f98b757e47a6,00000000-0000-0000-0000-000000000001,be0ac6d2-f768-464a-a169-14cf9edc0208,apartment,5dda0b14-713b-46d0-a6ce-a7a33a2fb6f9,211a2b33-4e94-3da1-7d97-406bc26036f5,null,2026-04-10,null,2026-04-10 22:55:50.068336+00
70087559-edd5-47af-8c3c-e8cf14de8f81,00000000-0000-0000-0000-000000000001,68860f81-f27c-49be-8910-252e4a179dab,bed,5dda0b14-713b-46d0-a6ce-a7a33a2fb6f9,211a2b33-4e94-3da1-7d97-406bc26036f5,ebfa9ad2-0c93-9cd6-f85e-2d7449609b84,2026-04-10,null,2026-04-10 22:55:50.068336+00
c419f87c-3473-4f24-975c-e83e4c65889e,00000000-0000-0000-0000-000000000001,841133bb-570c-43b6-a0f9-a32fc9c79c36,apartment,5dda0b14-713b-46d0-a6ce-a7a33a2fb6f9,211a2b33-4e94-3da1-7d97-406bc26036f5,null,2026-04-10,null,2026-04-10 22:55:50.068336+00
86e14106-98cf-4701-94a0-b68868d4a196,00000000-0000-0000-0000-000000000001,114aab82-4f20-4f3d-b21c-e523417369fb,apartment,5dda0b14-713b-46d0-a6ce-a7a33a2fb6f9,211a2b33-4e94-3da1-7d97-406bc26036f5,null,2025-09-09,null,2026-04-10 22:55:50.068336+00
69fd8134-46bf-405f-8a5e-84c40cb9880b,00000000-0000-0000-0000-000000000001,e4693315-a816-4efc-8139-a350a1ab680d,bed,5dda0b14-713b-46d0-a6ce-a7a33a2fb6f9,211a2b33-4e94-3da1-7d97-406bc26036f5,ebfa9ad2-0c93-9cd6-f85e-2d7449609b84,2026-04-10,null,2026-04-10 22:55:50.068336+00
7275310b-a334-44fa-804b-5852a5cb3fdf,00000000-0000-0000-0000-000000000001,a737be05-86f4-4f25-92c3-c7d286af64ba,bed,5dda0b14-713b-46d0-a6ce-a7a33a2fb6f9,211a2b33-4e94-3da1-7d97-406bc26036f5,03b3c0ac-91a5-8902-3ab2-fc88ff2c5566,2026-04-10,null,2026-04-10 22:55:50.068336+00
1f2f882d-8004-489d-a4b5-b38b7297c7af,00000000-0000-0000-0000-000000000001,a737be05-86f4-4f25-92c3-c7d286af64ba,bed,5dda0b14-713b-46d0-a6ce-a7a33a2fb6f9,211a2b33-4e94-3da1-7d97-406bc26036f5,80d61428-003e-b59b-42e8-dc7d098d6aca,2026-04-10,null,2026-04-10 22:55:50.068336+00
05ea33a9-0563-4f3c-9e7b-053a6a1b42ae,00000000-0000-0000-0000-000000000001,37597e49-c4ae-4637-83cb-f43ea7ef8d35,bed,5dda0b14-713b-46d0-a6ce-a7a33a2fb6f9,211a2b33-4e94-3da1-7d97-406bc26036f5,3c7a5a03-cf40-42aa-6d97-d087c877b352,2026-04-10,null,2026-04-10 22:55:50.068336+00
418421d2-8d62-42cb-bb81-b0bfc7752a7a,00000000-0000-0000-0000-000000000001,37597e49-c4ae-4637-83cb-f43ea7ef8d35,bed,5dda0b14-713b-46d0-a6ce-a7a33a2fb6f9,211a2b33-4e94-3da1-7d97-406bc26036f5,de80c560-5aa1-225e-9921-7b9695802cc3,2026-04-10,null,2026-04-10 22:55:50.068336+00
25b9dc4a-5844-4091-b165-67dfef99c4a5,00000000-0000-0000-0000-000000000001,5307c51c-cc4a-48a2-91bc-bb07ec8413fc,apartment,5dda0b14-713b-46d0-a6ce-a7a33a2fb6f9,211a2b33-4e94-3da1-7d97-406bc26036f5,null,2026-04-10,null,2026-04-10 22:55:50.068336+00
87601f3f-035d-4d77-8011-6c98667b247c,00000000-0000-0000-0000-000000000001,5d1e1809-a3be-4fa4-9f6b-69ec87bed164,apartment,5dda0b14-713b-46d0-a6ce-a7a33a2fb6f9,211a2b33-4e94-3da1-7d97-406bc26036f5,null,2025-08-13,null,2026-04-10 22:55:50.068336+00
67c00b6c-d6dd-4b2b-ade4-a4802310c529,00000000-0000-0000-0000-000000000001,408088bc-8911-4fed-a69d-2a34f35c1055,bed,5dda0b14-713b-46d0-a6ce-a7a33a2fb6f9,211a2b33-4e94-3da1-7d97-406bc26036f5,ebfa9ad2-0c93-9cd6-f85e-2d7449609b84,2025-08-05,null,2026-04-10 22:55:50.068336+00
44855ea2-79ce-4328-aaac-6144dcce473b,00000000-0000-0000-0000-000000000001,acdb0a61-293f-4fc3-9618-7a489fccb393,bed,5dda0b14-713b-46d0-a6ce-a7a33a2fb6f9,211a2b33-4e94-3da1-7d97-406bc26036f5,3c7a5a03-cf40-42aa-6d97-d087c877b352,2025-08-05,null,2026-04-10 22:55:50.068336+00
6d0d792c-434c-45d3-801c-f57b6264b8bc,00000000-0000-0000-0000-000000000001,88d23aa7-9d23-4269-af47-cd6ed26894ab,bed,5dda0b14-713b-46d0-a6ce-a7a33a2fb6f9,211a2b33-4e94-3da1-7d97-406bc26036f5,03b3c0ac-91a5-8902-3ab2-fc88ff2c5566,2025-08-05,null,2026-04-10 22:55:50.068336+00
5fe28c07-f76f-42cb-9c26-3f320b9ddc97,00000000-0000-0000-0000-000000000001,606383b6-81a7-4c7b-8de3-09b5aaed8911,bed,5dda0b14-713b-46d0-a6ce-a7a33a2fb6f9,211a2b33-4e94-3da1-7d97-406bc26036f5,de80c560-5aa1-225e-9921-7b9695802cc3,2025-08-05,null,2026-04-10 22:55:50.068336+00
c4614154-5887-48e5-a32f-16ca180eb1e2,00000000-0000-0000-0000-000000000001,7b4e8f5f-a901-41dd-b6dc-ce93e1fd0022,bed,5dda0b14-713b-46d0-a6ce-a7a33a2fb6f9,211a2b33-4e94-3da1-7d97-406bc26036f5,80d61428-003e-b59b-42e8-dc7d098d6aca,2025-08-05,null,2026-04-10 22:55:50.068336+00
0117898d-5802-47c0-b8d2-1259365d0abc,00000000-0000-0000-0000-000000000001,42630e09-f024-4e3d-94c6-e2d880bfd980,apartment,5dda0b14-713b-46d0-a6ce-a7a33a2fb6f9,211a2b33-4e94-3da1-7d97-406bc26036f5,null,2025-07-29,null,2026-04-10 22:55:50.068336+00
3dd64f5d-e904-4b74-b590-c48e74223dda,00000000-0000-0000-0000-000000000001,524430a2-c574-48fc-b517-e233b50fb133,apartment,5dda0b14-713b-46d0-a6ce-a7a33a2fb6f9,211a2b33-4e94-3da1-7d97-406bc26036f5,null,2025-07-29,null,2026-04-10 22:55:50.068336+00
cc31e16a-f74c-4442-b024-f130d1f7d7d0,00000000-0000-0000-0000-000000000001,0325290a-dbc8-48bf-9d1e-2810811aa692,apartment,5dda0b14-713b-46d0-a6ce-a7a33a2fb6f9,211a2b33-4e94-3da1-7d97-406bc26036f5,null,2025-07-31,null,2026-04-10 22:55:50.068336+00
27982af9-f058-48e5-88eb-c9126dda9d4d,00000000-0000-0000-0000-000000000001,71be3747-375d-4ea0-a888-f55fc54aebae,apartment,5dda0b14-713b-46d0-a6ce-a7a33a2fb6f9,211a2b33-4e94-3da1-7d97-406bc26036f5,null,2025-08-04,null,2026-04-10 22:55:50.068336+00
b2aa2207-2a73-4620-bdcd-a1d97ea628d8,00000000-0000-0000-0000-000000000001,c10fbdd0-ea26-4978-9f92-5524d8d50195,bed,5dda0b14-713b-46d0-a6ce-a7a33a2fb6f9,211a2b33-4e94-3da1-7d97-406bc26036f5,ebfa9ad2-0c93-9cd6-f85e-2d7449609b84,2025-08-02,null,2026-04-10 22:55:50.068336+00
35399262-0c52-4f8d-9ade-18b712e038ad,00000000-0000-0000-0000-000000000001,619e3ed8-c122-4d37-9a77-deca87cddd14,bed,5dda0b14-713b-46d0-a6ce-a7a33a2fb6f9,211a2b33-4e94-3da1-7d97-406bc26036f5,03b3c0ac-91a5-8902-3ab2-fc88ff2c5566,2025-08-02,null,2026-04-10 22:55:50.068336+00
84dcea0f-9b3d-489d-9d63-24d80b50121e,00000000-0000-0000-0000-000000000001,619e3ed8-c122-4d37-9a77-deca87cddd14,bed,5dda0b14-713b-46d0-a6ce-a7a33a2fb6f9,211a2b33-4e94-3da1-7d97-406bc26036f5,80d61428-003e-b59b-42e8-dc7d098d6aca,2025-08-02,null,2026-04-10 22:55:50.068336+00
da37072c-8a97-4a0f-81d9-0a67102ae33e,00000000-0000-0000-0000-000000000001,6666033d-741a-4c99-ba36-5f71eb95ee26,bed,5dda0b14-713b-46d0-a6ce-a7a33a2fb6f9,211a2b33-4e94-3da1-7d97-406bc26036f5,3c7a5a03-cf40-42aa-6d97-d087c877b352,2025-08-02,null,2026-04-10 22:55:50.068336+00
0d2f4a9d-3650-4f34-bae4-0a7d018372e4,00000000-0000-0000-0000-000000000001,6666033d-741a-4c99-ba36-5f71eb95ee26,bed,5dda0b14-713b-46d0-a6ce-a7a33a2fb6f9,211a2b33-4e94-3da1-7d97-406bc26036f5,de80c560-5aa1-225e-9921-7b9695802cc3,2025-08-02,null,2026-04-10 22:55:50.068336+00
be6a6e6a-edac-41e7-9396-4f200b54f8d7,00000000-0000-0000-0000-000000000001,73b15a6e-3200-4063-ac3c-914d027d0482,apartment,5dda0b14-713b-46d0-a6ce-a7a33a2fb6f9,211a2b33-4e94-3da1-7d97-406bc26036f5,null,2026-04-10,null,2026-04-10 22:55:50.068336+00
c39f8d38-d21f-4db8-be64-b4b02ab19e3c,00000000-0000-0000-0000-000000000001,0e70e5ad-aa2b-4ab7-b2f9-1957079bab78,apartment,5dda0b14-713b-46d0-a6ce-a7a33a2fb6f9,211a2b33-4e94-3da1-7d97-406bc26036f5,null,2026-04-10,null,2026-04-10 22:55:50.068336+00
2f703ba8-4f1e-4d8e-a7b5-a53f521adaaa,00000000-0000-0000-0000-000000000001,f15838f4-7a3b-41e0-9d13-18bbdac92b10,bed,5dda0b14-713b-46d0-a6ce-a7a33a2fb6f9,211a2b33-4e94-3da1-7d97-406bc26036f5,03b3c0ac-91a5-8902-3ab2-fc88ff2c5566,2025-08-02,null,2026-04-10 22:55:50.068336+00
15954c84-9339-472d-8b62-5d2b491a62dc,00000000-0000-0000-0000-000000000001,f15838f4-7a3b-41e0-9d13-18bbdac92b10,bed,5dda0b14-713b-46d0-a6ce-a7a33a2fb6f9,211a2b33-4e94-3da1-7d97-406bc26036f5,80d61428-003e-b59b-42e8-dc7d098d6aca,2025-08-02,null,2026-04-10 22:55:50.068336+00
4138077a-927c-4b9e-bcec-ebd0fb9d8849,00000000-0000-0000-0000-000000000001,55644e44-e138-4d08-9daf-445cf2012210,bed,5dda0b14-713b-46d0-a6ce-a7a33a2fb6f9,211a2b33-4e94-3da1-7d97-406bc26036f5,03b3c0ac-91a5-8902-3ab2-fc88ff2c5566,2025-08-02,null,2026-04-10 22:55:50.068336+00
fc53f414-7cb9-485d-883b-7c8d0f75fdd1,00000000-0000-0000-0000-000000000001,55644e44-e138-4d08-9daf-445cf2012210,bed,5dda0b14-713b-46d0-a6ce-a7a33a2fb6f9,211a2b33-4e94-3da1-7d97-406bc26036f5,80d61428-003e-b59b-42e8-dc7d098d6aca,2025-08-02,null,2026-04-10 22:55:50.068336+00
0d47641b-b834-4486-9e78-5a0d9d6a3b26,00000000-0000-0000-0000-000000000001,6ce198d6-f9cf-43f0-bb8d-37a92c5d0310,bed,5dda0b14-713b-46d0-a6ce-a7a33a2fb6f9,211a2b33-4e94-3da1-7d97-406bc26036f5,3c7a5a03-cf40-42aa-6d97-d087c877b352,2025-08-02,null,2026-04-10 22:55:50.068336+00
cf2b2b95-efdf-41a0-94c9-785209f9fbf8,00000000-0000-0000-0000-000000000001,6ce198d6-f9cf-43f0-bb8d-37a92c5d0310,bed,5dda0b14-713b-46d0-a6ce-a7a33a2fb6f9,211a2b33-4e94-3da1-7d97-406bc26036f5,de80c560-5aa1-225e-9921-7b9695802cc3,2025-08-02,null,2026-04-10 22:55:50.068336+00
b0d126bd-d837-43d3-8996-b6948ff80f7f,00000000-0000-0000-0000-000000000001,504ebac1-c8eb-4a75-9001-1ab3673d0d61,bed,5dda0b14-713b-46d0-a6ce-a7a33a2fb6f9,211a2b33-4e94-3da1-7d97-406bc26036f5,ebfa9ad2-0c93-9cd6-f85e-2d7449609b84,2025-06-17,null,2026-04-10 22:55:50.068336+00
dfe5f409-c677-47b5-8643-48bf25436bb9,00000000-0000-0000-0000-000000000001,20f9a927-f62d-4cfe-afb3-86a889d8289f,apartment,5dda0b14-713b-46d0-a6ce-a7a33a2fb6f9,211a2b33-4e94-3da1-7d97-406bc26036f5,null,2025-07-29,null,2026-04-10 22:55:50.068336+00
1d1e3129-1179-4181-b956-9f5a65cc2e16,00000000-0000-0000-0000-000000000001,3dcde4e4-b93d-47ca-bb2b-6cf540d73913,bed,5dda0b14-713b-46d0-a6ce-a7a33a2fb6f9,211a2b33-4e94-3da1-7d97-406bc26036f5,ebfa9ad2-0c93-9cd6-f85e-2d7449609b84,2026-04-10,null,2026-04-10 22:55:50.068336+00
a9f33d50-9207-45a3-81dc-bfb8212a3bc6,00000000-0000-0000-0000-000000000001,3dcde4e4-b93d-47ca-bb2b-6cf540d73913,bed,5dda0b14-713b-46d0-a6ce-a7a33a2fb6f9,211a2b33-4e94-3da1-7d97-406bc26036f5,03b3c0ac-91a5-8902-3ab2-fc88ff2c5566,2026-04-10,null,2026-04-10 22:55:50.068336+00
d83b0e19-d0e1-43ab-9436-24af4863942a,00000000-0000-0000-0000-000000000001,3dcde4e4-b93d-47ca-bb2b-6cf540d73913,bed,5dda0b14-713b-46d0-a6ce-a7a33a2fb6f9,211a2b33-4e94-3da1-7d97-406bc26036f5,80d61428-003e-b59b-42e8-dc7d098d6aca,2026-04-10,null,2026-04-10 22:55:50.068336+00
1a90f9e1-a275-4048-89cf-57bcdc707f9e,00000000-0000-0000-0000-000000000001,bb608c97-fb57-4dff-8b3f-bd2bdd3cfefa,bed,5dda0b14-713b-46d0-a6ce-a7a33a2fb6f9,211a2b33-4e94-3da1-7d97-406bc26036f5,3c7a5a03-cf40-42aa-6d97-d087c877b352,2026-04-10,null,2026-04-10 22:55:50.068336+00
aa0ee71c-f7bd-40b9-88aa-4934bb5b7eeb,00000000-0000-0000-0000-000000000001,bb608c97-fb57-4dff-8b3f-bd2bdd3cfefa,bed,5dda0b14-713b-46d0-a6ce-a7a33a2fb6f9,211a2b33-4e94-3da1-7d97-406bc26036f5,de80c560-5aa1-225e-9921-7b9695802cc3,2026-04-10,null,2026-04-10 22:55:50.068336+00
2fb6068c-7a5e-4775-8309-c6460dcd4242,00000000-0000-0000-0000-000000000001,c3244668-b722-40c0-b19b-e0c31814cc52,apartment,5dda0b14-713b-46d0-a6ce-a7a33a2fb6f9,188aee4d-68e0-1ddb-38e6-a946bc75072d,null,2025-07-22,null,2026-04-10 22:55:50.068336+00
0d334707-106a-46c2-852f-006730d63c9f,00000000-0000-0000-0000-000000000001,7c736843-8e67-42a0-ad37-46f0794f96a2,bed,5dda0b14-713b-46d0-a6ce-a7a33a2fb6f9,188aee4d-68e0-1ddb-38e6-a946bc75072d,e7fa005c-0956-391f-8b8e-2a815718f163,2025-07-30,null,2026-04-10 22:55:50.068336+00
b9f06761-0897-4a88-bdd0-3977b772e928,00000000-0000-0000-0000-000000000001,baa0543d-6af0-4f49-8a6f-e75000c7c10b,bed,5dda0b14-713b-46d0-a6ce-a7a33a2fb6f9,188aee4d-68e0-1ddb-38e6-a946bc75072d,3e81e085-89a3-9615-e293-bf826bf9b08f,2025-07-30,null,2026-04-10 22:55:50.068336+00
99a88df6-36c3-41c5-9fb4-7e988e6bc94a,00000000-0000-0000-0000-000000000001,baa0543d-6af0-4f49-8a6f-e75000c7c10b,bed,5dda0b14-713b-46d0-a6ce-a7a33a2fb6f9,188aee4d-68e0-1ddb-38e6-a946bc75072d,3589b2fd-d842-834a-2660-e15f13fd0de4,2025-07-30,null,2026-04-10 22:55:50.068336+00
8101b167-bb31-429a-9965-25ffce25f1c7,00000000-0000-0000-0000-000000000001,30f2ceb7-a517-4770-9a35-c55d4c25903a,bed,5dda0b14-713b-46d0-a6ce-a7a33a2fb6f9,188aee4d-68e0-1ddb-38e6-a946bc75072d,d406c520-d5c0-dce0-90fa-222f3e8c6d05,2025-07-30,null,2026-04-10 22:55:50.068336+00
9af12a6b-bb12-4384-874d-3b6d4d4e5979,00000000-0000-0000-0000-000000000001,30f2ceb7-a517-4770-9a35-c55d4c25903a,bed,5dda0b14-713b-46d0-a6ce-a7a33a2fb6f9,188aee4d-68e0-1ddb-38e6-a946bc75072d,547bd323-8dae-07db-7089-372cd8261276,2025-07-30,null,2026-04-10 22:55:50.068336+00
85411c5e-f1b1-464a-80af-43fd493e5228,00000000-0000-0000-0000-000000000001,471a2a61-0105-46b3-97e6-5621254f8a34,apartment,5dda0b14-713b-46d0-a6ce-a7a33a2fb6f9,188aee4d-68e0-1ddb-38e6-a946bc75072d,null,2025-08-02,null,2026-04-10 22:55:50.068336+00
f936e380-9fdc-467a-9407-fe3c7a6409fe,00000000-0000-0000-0000-000000000001,6c249b59-8091-4307-b7dc-c22d108cbc24,bed,5dda0b14-713b-46d0-a6ce-a7a33a2fb6f9,188aee4d-68e0-1ddb-38e6-a946bc75072d,e7fa005c-0956-391f-8b8e-2a815718f163,2026-04-10,null,2026-04-10 22:55:50.068336+00
21e67eb1-15ca-4e50-88a5-8e7b265b4327,00000000-0000-0000-0000-000000000001,9ade6e41-c16f-4874-972e-597ecd2eed67,apartment,5dda0b14-713b-46d0-a6ce-a7a33a2fb6f9,188aee4d-68e0-1ddb-38e6-a946bc75072d,null,2026-04-10,null,2026-04-10 22:55:50.068336+00
d811df81-4d8d-4488-90ad-6c74875492ad,00000000-0000-0000-0000-000000000001,832be97a-ad70-4a9f-a5c8-a72c61f487cb,apartment,5dda0b14-713b-46d0-a6ce-a7a33a2fb6f9,188aee4d-68e0-1ddb-38e6-a946bc75072d,null,2026-04-10,null,2026-04-10 22:55:50.068336+00
2c9ad627-6408-465c-9ec3-ec0dcc0d118f,00000000-0000-0000-0000-000000000001,8f320136-8123-4b5f-8731-479f266ebf13,bed,5dda0b14-713b-46d0-a6ce-a7a33a2fb6f9,188aee4d-68e0-1ddb-38e6-a946bc75072d,e7fa005c-0956-391f-8b8e-2a815718f163,2025-08-02,null,2026-04-10 22:55:50.068336+00
6dac245d-9348-4533-9262-bcb1a19dbe67,00000000-0000-0000-0000-000000000001,ce9c7e2d-43f2-4489-acd1-cf34cb5b5ea5,bed,5dda0b14-713b-46d0-a6ce-a7a33a2fb6f9,188aee4d-68e0-1ddb-38e6-a946bc75072d,3e81e085-89a3-9615-e293-bf826bf9b08f,2025-08-02,null,2026-04-10 22:55:50.068336+00
ca8c549d-4b13-48e6-b90f-556a709f4f35,00000000-0000-0000-0000-000000000001,49feb165-92c1-4e3c-9d3b-a65d29d80c5a,bed,5dda0b14-713b-46d0-a6ce-a7a33a2fb6f9,188aee4d-68e0-1ddb-38e6-a946bc75072d,3589b2fd-d842-834a-2660-e15f13fd0de4,2025-08-02,null,2026-04-10 22:55:50.068336+00
2f92ee37-923d-4698-927b-f19dd64a49db,00000000-0000-0000-0000-000000000001,61506952-e2b5-4200-b996-0e1120e3b6db,bed,5dda0b14-713b-46d0-a6ce-a7a33a2fb6f9,188aee4d-68e0-1ddb-38e6-a946bc75072d,d406c520-d5c0-dce0-90fa-222f3e8c6d05,2025-08-02,null,2026-04-10 22:55:50.068336+00
a0f5e087-ff60-4b1e-89de-b4e3f98153ae,00000000-0000-0000-0000-000000000001,e36c7f96-468a-4f85-ab72-b1f06d7c3280,bed,5dda0b14-713b-46d0-a6ce-a7a33a2fb6f9,188aee4d-68e0-1ddb-38e6-a946bc75072d,547bd323-8dae-07db-7089-372cd8261276,2025-08-02,null,2026-04-10 22:55:50.068336+00
80a5563d-eeeb-4f9a-8b1a-f83b053429db,00000000-0000-0000-0000-000000000001,29c552f8-59a0-4a87-9dc5-8e7e32dc0928,bed,5dda0b14-713b-46d0-a6ce-a7a33a2fb6f9,188aee4d-68e0-1ddb-38e6-a946bc75072d,e7fa005c-0956-391f-8b8e-2a815718f163,2026-04-10,null,2026-04-10 22:55:50.068336+00
acc6969c-20a4-477f-b41b-60b72ea986b2,00000000-0000-0000-0000-000000000001,3a224b59-0dd0-4f95-84b6-801bb8ccfe6d,bed,5dda0b14-713b-46d0-a6ce-a7a33a2fb6f9,188aee4d-68e0-1ddb-38e6-a946bc75072d,3e81e085-89a3-9615-e293-bf826bf9b08f,2026-04-10,null,2026-04-10 22:55:50.068336+00
7469d617-1738-484b-a32a-cf5510769f39,00000000-0000-0000-0000-000000000001,b7442893-3874-48c9-a15e-29dfcfe82af9,bed,5dda0b14-713b-46d0-a6ce-a7a33a2fb6f9,188aee4d-68e0-1ddb-38e6-a946bc75072d,3589b2fd-d842-834a-2660-e15f13fd0de4,2026-04-10,null,2026-04-10 22:55:50.068336+00
b006fddb-0e78-4d92-807b-184b14c828bb,00000000-0000-0000-0000-000000000001,ebaf125f-5591-41a8-aa54-76d858dd7e3f,bed,5dda0b14-713b-46d0-a6ce-a7a33a2fb6f9,188aee4d-68e0-1ddb-38e6-a946bc75072d,d406c520-d5c0-dce0-90fa-222f3e8c6d05,2026-04-10,null,2026-04-10 22:55:50.068336+00
1b6aa8ef-6340-4d8e-9e92-0d06f658a651,00000000-0000-0000-0000-000000000001,3864cf12-52be-4176-bd29-9c54288244b5,bed,5dda0b14-713b-46d0-a6ce-a7a33a2fb6f9,188aee4d-68e0-1ddb-38e6-a946bc75072d,547bd323-8dae-07db-7089-372cd8261276,2026-04-10,null,2026-04-10 22:55:50.068336+00
84f43da7-35b6-466f-b277-e8696823c6a5,00000000-0000-0000-0000-000000000001,48f6f0d2-30f5-47ab-a1ff-e93ffccadc1d,apartment,5dda0b14-713b-46d0-a6ce-a7a33a2fb6f9,188aee4d-68e0-1ddb-38e6-a946bc75072d,null,2025-09-09,null,2026-04-10 22:55:50.068336+00
52bb39eb-bcff-4e0d-b1cb-89834834757a,00000000-0000-0000-0000-000000000001,a99fdc58-1005-488c-aa22-e374d6cb53d9,bed,5dda0b14-713b-46d0-a6ce-a7a33a2fb6f9,188aee4d-68e0-1ddb-38e6-a946bc75072d,e7fa005c-0956-391f-8b8e-2a815718f163,2026-04-10,null,2026-04-10 22:55:50.068336+00
a9ca0bf0-f15f-4916-b221-4e660dd3c2ab,00000000-0000-0000-0000-000000000001,6fc0e5b5-8ce6-43ab-a30c-deebe4be47bd,bed,5dda0b14-713b-46d0-a6ce-a7a33a2fb6f9,188aee4d-68e0-1ddb-38e6-a946bc75072d,3e81e085-89a3-9615-e293-bf826bf9b08f,2026-04-10,null,2026-04-10 22:55:50.068336+00
522abe83-71c3-47e3-acf2-8790ebac831e,00000000-0000-0000-0000-000000000001,6fc0e5b5-8ce6-43ab-a30c-deebe4be47bd,bed,5dda0b14-713b-46d0-a6ce-a7a33a2fb6f9,188aee4d-68e0-1ddb-38e6-a946bc75072d,3589b2fd-d842-834a-2660-e15f13fd0de4,2026-04-10,null,2026-04-10 22:55:50.068336+00
cb0f2d16-9167-4c15-8d20-1a629f498d0a,00000000-0000-0000-0000-000000000001,2aad7f3b-4f26-4119-b806-c2d5fd371310,bed,5dda0b14-713b-46d0-a6ce-a7a33a2fb6f9,188aee4d-68e0-1ddb-38e6-a946bc75072d,d406c520-d5c0-dce0-90fa-222f3e8c6d05,2026-04-10,null,2026-04-10 22:55:50.068336+00
ba0671dc-5d1f-4607-a297-301724129b3f,00000000-0000-0000-0000-000000000001,2aad7f3b-4f26-4119-b806-c2d5fd371310,bed,5dda0b14-713b-46d0-a6ce-a7a33a2fb6f9,188aee4d-68e0-1ddb-38e6-a946bc75072d,547bd323-8dae-07db-7089-372cd8261276,2026-04-10,null,2026-04-10 22:55:50.068336+00
8e968441-441f-4b95-9a78-5ca3e958af88,00000000-0000-0000-0000-000000000001,63abfed1-307e-4b4a-ad9b-fed25d492ef3,apartment,5dda0b14-713b-46d0-a6ce-a7a33a2fb6f9,188aee4d-68e0-1ddb-38e6-a946bc75072d,null,2026-04-10,null,2026-04-10 22:55:50.068336+00
5f0ff9ef-4c81-4981-8870-8bc79fd28ff5,00000000-0000-0000-0000-000000000001,cf86ad66-889c-4dd5-af13-8a73a2485327,apartment,5dda0b14-713b-46d0-a6ce-a7a33a2fb6f9,188aee4d-68e0-1ddb-38e6-a946bc75072d,null,2025-08-08,null,2026-04-10 22:55:50.068336+00
521ebf76-555a-43cf-bdd9-d65081e81d8b,00000000-0000-0000-0000-000000000001,9791b1b8-b88b-44ec-a6dc-fb083b8f96d7,bed,5dda0b14-713b-46d0-a6ce-a7a33a2fb6f9,188aee4d-68e0-1ddb-38e6-a946bc75072d,e7fa005c-0956-391f-8b8e-2a815718f163,2025-08-05,null,2026-04-10 22:55:50.068336+00
8c8d084f-18d3-4731-a296-9d41606009df,00000000-0000-0000-0000-000000000001,fe25cd2d-6e9e-498a-9c2f-c2dc56529d86,bed,5dda0b14-713b-46d0-a6ce-a7a33a2fb6f9,188aee4d-68e0-1ddb-38e6-a946bc75072d,3e81e085-89a3-9615-e293-bf826bf9b08f,2025-08-05,null,2026-04-10 22:55:50.068336+00
2b107bd7-4a57-4a81-b982-b541a5e3b600,00000000-0000-0000-0000-000000000001,051c0296-7d8e-493e-854f-ea4de5e3cfcf,bed,5dda0b14-713b-46d0-a6ce-a7a33a2fb6f9,188aee4d-68e0-1ddb-38e6-a946bc75072d,3589b2fd-d842-834a-2660-e15f13fd0de4,2025-08-05,null,2026-04-10 22:55:50.068336+00
a4ad246a-f27f-4f2a-922a-e776e044fc77,00000000-0000-0000-0000-000000000001,9679fae7-48d6-4017-bd1e-e28cf1708aa8,bed,5dda0b14-713b-46d0-a6ce-a7a33a2fb6f9,188aee4d-68e0-1ddb-38e6-a946bc75072d,d406c520-d5c0-dce0-90fa-222f3e8c6d05,2025-08-05,null,2026-04-10 22:55:50.068336+00
b9d2322a-1b40-432d-b2f6-ef2e9445fd47,00000000-0000-0000-0000-000000000001,4684a44b-6a7b-4c27-b3bf-4592ccb44eee,bed,5dda0b14-713b-46d0-a6ce-a7a33a2fb6f9,188aee4d-68e0-1ddb-38e6-a946bc75072d,547bd323-8dae-07db-7089-372cd8261276,2025-08-05,null,2026-04-10 22:55:50.068336+00
f7d6aca7-414f-42f2-8569-1d0c62797726,00000000-0000-0000-0000-000000000001,53b66cdb-6740-4046-b7fd-4bb51f268e44,apartment,5dda0b14-713b-46d0-a6ce-a7a33a2fb6f9,188aee4d-68e0-1ddb-38e6-a946bc75072d,null,2025-09-07,null,2026-04-10 22:55:50.068336+00
cf6cef9b-bbb2-4e03-97a0-ea1217ace71f,00000000-0000-0000-0000-000000000001,c6c692d3-8a04-473b-94a2-a0b433c16cc7,apartment,5dda0b14-713b-46d0-a6ce-a7a33a2fb6f9,188aee4d-68e0-1ddb-38e6-a946bc75072d,null,2025-07-29,null,2026-04-10 22:55:50.068336+00
b8fd7f8e-f5f2-4a63-89eb-a47c912dde95,00000000-0000-0000-0000-000000000001,2d352216-2da2-4a5d-90b6-cd5be136e002,apartment,5dda0b14-713b-46d0-a6ce-a7a33a2fb6f9,188aee4d-68e0-1ddb-38e6-a946bc75072d,null,2025-07-31,null,2026-04-10 22:55:50.068336+00
1c1ee575-3936-4964-902a-0eccc5853742,00000000-0000-0000-0000-000000000001,c7066361-60be-4b4e-a8d5-05208c4bf674,apartment,5dda0b14-713b-46d0-a6ce-a7a33a2fb6f9,188aee4d-68e0-1ddb-38e6-a946bc75072d,null,2026-04-10,null,2026-04-10 22:55:50.068336+00
0ab13f54-ea4f-4035-aa4e-29f4c784684f,00000000-0000-0000-0000-000000000001,9a14ad58-c9b9-4f04-acf3-1db2f40800af,apartment,5dda0b14-713b-46d0-a6ce-a7a33a2fb6f9,188aee4d-68e0-1ddb-38e6-a946bc75072d,null,2025-08-04,null,2026-04-10 22:55:50.068336+00
27d253a3-baaa-436e-846f-b822a0fffc6b,00000000-0000-0000-0000-000000000001,f5b7e3f9-21f2-45ed-bef1-ad6fc4063d20,bed,5dda0b14-713b-46d0-a6ce-a7a33a2fb6f9,188aee4d-68e0-1ddb-38e6-a946bc75072d,e7fa005c-0956-391f-8b8e-2a815718f163,2025-08-02,null,2026-04-10 22:55:50.068336+00
210e8684-a44f-4c52-91dd-59f13ba2d8b1,00000000-0000-0000-0000-000000000001,b2786642-8957-4ab4-bc7b-5f2ca42a6894,bed,5dda0b14-713b-46d0-a6ce-a7a33a2fb6f9,188aee4d-68e0-1ddb-38e6-a946bc75072d,d406c520-d5c0-dce0-90fa-222f3e8c6d05,2025-08-02,null,2026-04-10 22:55:50.068336+00
2a835880-1fc4-4431-afbc-b58c62532ddf,00000000-0000-0000-0000-000000000001,b2786642-8957-4ab4-bc7b-5f2ca42a6894,bed,5dda0b14-713b-46d0-a6ce-a7a33a2fb6f9,188aee4d-68e0-1ddb-38e6-a946bc75072d,547bd323-8dae-07db-7089-372cd8261276,2025-08-02,null,2026-04-10 22:55:50.068336+00
7131c244-bbde-4530-a332-f1dfb134b3e3,00000000-0000-0000-0000-000000000001,5014f5c7-d65f-4476-8d94-cdda6f5af954,bed,5dda0b14-713b-46d0-a6ce-a7a33a2fb6f9,188aee4d-68e0-1ddb-38e6-a946bc75072d,3e81e085-89a3-9615-e293-bf826bf9b08f,2025-08-02,null,2026-04-10 22:55:50.068336+00
365bde99-47ca-4241-8f13-a265256c004a,00000000-0000-0000-0000-000000000001,5014f5c7-d65f-4476-8d94-cdda6f5af954,bed,5dda0b14-713b-46d0-a6ce-a7a33a2fb6f9,188aee4d-68e0-1ddb-38e6-a946bc75072d,3589b2fd-d842-834a-2660-e15f13fd0de4,2025-08-02,null,2026-04-10 22:55:50.068336+00
8fb69cb6-b9fb-4b23-926f-f2531ee330fd,00000000-0000-0000-0000-000000000001,97a6e1c1-974f-4a98-ad25-14092fb60285,apartment,5dda0b14-713b-46d0-a6ce-a7a33a2fb6f9,188aee4d-68e0-1ddb-38e6-a946bc75072d,null,2026-04-10,null,2026-04-10 22:55:50.068336+00
1f4b7703-41be-478f-86a3-c2d566d133a4,00000000-0000-0000-0000-000000000001,a434f145-0ddf-4620-881f-5551cde86076,apartment,5dda0b14-713b-46d0-a6ce-a7a33a2fb6f9,188aee4d-68e0-1ddb-38e6-a946bc75072d,null,2026-04-10,null,2026-04-10 22:55:50.068336+00
8957aceb-2ceb-4dba-b7d9-eae1ef99b49b,00000000-0000-0000-0000-000000000001,b22709fb-8da1-48f0-9bdf-488592e889ee,apartment,5dda0b14-713b-46d0-a6ce-a7a33a2fb6f9,188aee4d-68e0-1ddb-38e6-a946bc75072d,null,2026-04-10,null,2026-04-10 22:55:50.068336+00
cb9b47e9-76a1-46f9-abef-a878b680e0e3,00000000-0000-0000-0000-000000000001,84688bd8-abad-441f-9cd8-9f8f2c669cc6,bed,5dda0b14-713b-46d0-a6ce-a7a33a2fb6f9,188aee4d-68e0-1ddb-38e6-a946bc75072d,d406c520-d5c0-dce0-90fa-222f3e8c6d05,2025-08-02,null,2026-04-10 22:55:50.068336+00
fd8e12b2-4a1a-4e8f-bf10-42e2e33ef4d6,00000000-0000-0000-0000-000000000001,84688bd8-abad-441f-9cd8-9f8f2c669cc6,bed,5dda0b14-713b-46d0-a6ce-a7a33a2fb6f9,188aee4d-68e0-1ddb-38e6-a946bc75072d,547bd323-8dae-07db-7089-372cd8261276,2025-08-02,null,2026-04-10 22:55:50.068336+00
df3f35e7-9d98-4ec7-8b31-0dd18918cb88,00000000-0000-0000-0000-000000000001,e4b56ca3-b2f6-4889-be71-ca2f993cfcef,bed,5dda0b14-713b-46d0-a6ce-a7a33a2fb6f9,188aee4d-68e0-1ddb-38e6-a946bc75072d,d406c520-d5c0-dce0-90fa-222f3e8c6d05,2025-08-02,null,2026-04-10 22:55:50.068336+00
aef1c204-887e-4607-b9c0-e1d1b41dc781,00000000-0000-0000-0000-000000000001,e4b56ca3-b2f6-4889-be71-ca2f993cfcef,bed,5dda0b14-713b-46d0-a6ce-a7a33a2fb6f9,188aee4d-68e0-1ddb-38e6-a946bc75072d,547bd323-8dae-07db-7089-372cd8261276,2025-08-02,null,2026-04-10 22:55:50.068336+00
8fa2d1f2-6c67-418a-b073-28830068de3b,00000000-0000-0000-0000-000000000001,52be8901-7942-42bf-9176-06505fed334b,bed,5dda0b14-713b-46d0-a6ce-a7a33a2fb6f9,188aee4d-68e0-1ddb-38e6-a946bc75072d,3e81e085-89a3-9615-e293-bf826bf9b08f,2025-08-02,null,2026-04-10 22:55:50.068336+00
165eba73-9ca8-481a-af35-bbfbab967fa7,00000000-0000-0000-0000-000000000001,52be8901-7942-42bf-9176-06505fed334b,bed,5dda0b14-713b-46d0-a6ce-a7a33a2fb6f9,188aee4d-68e0-1ddb-38e6-a946bc75072d,3589b2fd-d842-834a-2660-e15f13fd0de4,2025-08-02,null,2026-04-10 22:55:50.068336+00
f34c4311-84ea-41b1-9bed-6cd1b087003b,00000000-0000-0000-0000-000000000001,328ece74-5dd5-47cd-863b-662e18012180,bed,5dda0b14-713b-46d0-a6ce-a7a33a2fb6f9,188aee4d-68e0-1ddb-38e6-a946bc75072d,3e81e085-89a3-9615-e293-bf826bf9b08f,2025-08-02,null,2026-04-10 22:55:50.068336+00
238e5a7b-68b9-41f5-9b9f-bc90a04a420f,00000000-0000-0000-0000-000000000001,328ece74-5dd5-47cd-863b-662e18012180,bed,5dda0b14-713b-46d0-a6ce-a7a33a2fb6f9,188aee4d-68e0-1ddb-38e6-a946bc75072d,3589b2fd-d842-834a-2660-e15f13fd0de4,2025-08-02,null,2026-04-10 22:55:50.068336+00
e2cd0b7a-6728-43f7-8a90-cd9e6cd85354,00000000-0000-0000-0000-000000000001,964f1e8e-c69a-4356-b3aa-5f59795c3739,bed,5dda0b14-713b-46d0-a6ce-a7a33a2fb6f9,188aee4d-68e0-1ddb-38e6-a946bc75072d,e7fa005c-0956-391f-8b8e-2a815718f163,2025-08-02,null,2026-04-10 22:55:50.068336+00
a70c8f7d-acc0-4e80-b999-57bbfcfbaba9,00000000-0000-0000-0000-000000000001,9f9f07a2-aadd-4a53-a014-38d27e275b28,apartment,5dda0b14-713b-46d0-a6ce-a7a33a2fb6f9,188aee4d-68e0-1ddb-38e6-a946bc75072d,null,2025-07-29,null,2026-04-10 22:55:50.068336+00
4ba040d0-230c-4714-9fb3-3cb0f7266415,00000000-0000-0000-0000-000000000001,670130e0-116d-4992-aa65-1d9afe592bb7,bed,5dda0b14-713b-46d0-a6ce-a7a33a2fb6f9,188aee4d-68e0-1ddb-38e6-a946bc75072d,3e81e085-89a3-9615-e293-bf826bf9b08f,2026-04-10,null,2026-04-10 22:55:50.068336+00
fcd3f143-62c3-43c0-b164-c734cdf81fa5,00000000-0000-0000-0000-000000000001,670130e0-116d-4992-aa65-1d9afe592bb7,bed,5dda0b14-713b-46d0-a6ce-a7a33a2fb6f9,188aee4d-68e0-1ddb-38e6-a946bc75072d,3589b2fd-d842-834a-2660-e15f13fd0de4,2026-04-10,null,2026-04-10 22:55:50.068336+00
3ec01c9e-3a93-4953-a976-e895e3761e63,00000000-0000-0000-0000-000000000001,c7e281a5-6e1d-4ef1-8858-781b88c98471,apartment,5dda0b14-713b-46d0-a6ce-a7a33a2fb6f9,188aee4d-68e0-1ddb-38e6-a946bc75072d,null,2026-04-10,null,2026-04-10 22:55:50.068336+00
42e3546e-141a-44ae-bd21-471bf71ee2c7,00000000-0000-0000-0000-000000000001,6b304c3f-616d-4dd8-ba7b-5c50efebba7d,bed,5dda0b14-713b-46d0-a6ce-a7a33a2fb6f9,188aee4d-68e0-1ddb-38e6-a946bc75072d,e7fa005c-0956-391f-8b8e-2a815718f163,2026-04-10,null,2026-04-10 22:55:50.068336+00
9121b276-8920-4ead-b7bf-81073fe28747,00000000-0000-0000-0000-000000000001,6b304c3f-616d-4dd8-ba7b-5c50efebba7d,bed,5dda0b14-713b-46d0-a6ce-a7a33a2fb6f9,188aee4d-68e0-1ddb-38e6-a946bc75072d,d406c520-d5c0-dce0-90fa-222f3e8c6d05,2026-04-10,null,2026-04-10 22:55:50.068336+00
c00ae339-a100-4160-bf65-259198ebc49a,00000000-0000-0000-0000-000000000001,6b304c3f-616d-4dd8-ba7b-5c50efebba7d,bed,5dda0b14-713b-46d0-a6ce-a7a33a2fb6f9,188aee4d-68e0-1ddb-38e6-a946bc75072d,547bd323-8dae-07db-7089-372cd8261276,2026-04-10,null,2026-04-10 22:55:50.068336+00
2916aa45-d155-4981-9685-938273b52527,00000000-0000-0000-0000-000000000001,022b0aa4-a8ee-448f-bac2-7866c3ab2443,apartment,5dda0b14-713b-46d0-a6ce-a7a33a2fb6f9,4d1dd99b-b75a-70b5-406b-f5e869954002,null,2025-07-22,null,2026-04-10 22:55:50.068336+00
f61e1587-2047-4c0e-958c-9389abe24e0e,00000000-0000-0000-0000-000000000001,2d1918a4-981d-42f1-ae20-b04652453276,bed,5dda0b14-713b-46d0-a6ce-a7a33a2fb6f9,4d1dd99b-b75a-70b5-406b-f5e869954002,da32e9b3-c510-5730-b5d0-f155a9b1a3eb,2025-07-30,null,2026-04-10 22:55:50.068336+00
bbba735a-8b31-48c5-940b-8f5c7df7168f,00000000-0000-0000-0000-000000000001,00052eb3-d252-4c13-99b0-fd1ca3ece733,apartment,5dda0b14-713b-46d0-a6ce-a7a33a2fb6f9,4d1dd99b-b75a-70b5-406b-f5e869954002,null,2025-08-02,null,2026-04-10 22:55:50.068336+00
87683086-2ffd-4135-84ba-3b08599b4f2e,00000000-0000-0000-0000-000000000001,687bc14c-3a33-4179-b3ff-ef411a85c513,bed,5dda0b14-713b-46d0-a6ce-a7a33a2fb6f9,4d1dd99b-b75a-70b5-406b-f5e869954002,e133f456-e32c-9054-bace-f6d991cd3234,2025-08-02,null,2026-04-10 22:55:50.068336+00
b1e0366b-bc2d-4871-8108-36f1c08bb02c,00000000-0000-0000-0000-000000000001,2dcfb37d-8a87-4ea3-9a2a-fc3eb6667edf,bed,5dda0b14-713b-46d0-a6ce-a7a33a2fb6f9,4d1dd99b-b75a-70b5-406b-f5e869954002,043aa2fe-9dbb-89ff-b375-28efe0935fa5,2025-08-02,null,2026-04-10 22:55:50.068336+00
a45caef1-793a-441c-9ba9-5ae1fb36e0a6,00000000-0000-0000-0000-000000000001,d7c47856-8a29-4070-9744-df4de6ba478d,bed,5dda0b14-713b-46d0-a6ce-a7a33a2fb6f9,4d1dd99b-b75a-70b5-406b-f5e869954002,d0016e85-d446-afda-1e0b-51fe21f42f9a,2025-08-02,null,2026-04-10 22:55:50.068336+00
4fa155cf-6554-4380-85de-1bc65f5ddb2c,00000000-0000-0000-0000-000000000001,4313f33a-2b56-4907-a265-9ffeeaa522c1,bed,5dda0b14-713b-46d0-a6ce-a7a33a2fb6f9,4d1dd99b-b75a-70b5-406b-f5e869954002,c1d9a932-7c27-450f-3af9-3a818ace29ad,2025-08-02,null,2026-04-10 22:55:50.068336+00
627db72d-3843-422e-ac9e-40302f5013dc,00000000-0000-0000-0000-000000000001,9ca85a29-76e7-4643-a43a-88e188518617,bed,5dda0b14-713b-46d0-a6ce-a7a33a2fb6f9,4d1dd99b-b75a-70b5-406b-f5e869954002,da32e9b3-c510-5730-b5d0-f155a9b1a3eb,2025-08-02,null,2026-04-10 22:55:50.068336+00
dd68ce49-9990-413e-bef2-72644b161037,00000000-0000-0000-0000-000000000001,447f4281-e00b-42d6-bd80-b09cf2bcf35d,apartment,5dda0b14-713b-46d0-a6ce-a7a33a2fb6f9,4d1dd99b-b75a-70b5-406b-f5e869954002,null,2025-09-09,null,2026-04-10 22:55:50.068336+00
6e8c542e-b925-4bd4-8e74-b8c49e098130,00000000-0000-0000-0000-000000000001,12f48c0f-5999-4a6b-b41c-f01596539a27,apartment,5dda0b14-713b-46d0-a6ce-a7a33a2fb6f9,4d1dd99b-b75a-70b5-406b-f5e869954002,null,2025-08-08,null,2026-04-10 22:55:50.068336+00
059605cc-3120-44e3-a876-830421247b52,00000000-0000-0000-0000-000000000001,b4a6fd3d-e58a-4c48-a3b1-dc2be8252755,bed,5dda0b14-713b-46d0-a6ce-a7a33a2fb6f9,4d1dd99b-b75a-70b5-406b-f5e869954002,e133f456-e32c-9054-bace-f6d991cd3234,2025-08-05,null,2026-04-10 22:55:50.068336+00
936d40ae-e8ff-4766-8405-ee2ba201acae,00000000-0000-0000-0000-000000000001,9c23b832-74b3-4d2d-8b4c-527a50362771,bed,5dda0b14-713b-46d0-a6ce-a7a33a2fb6f9,4d1dd99b-b75a-70b5-406b-f5e869954002,043aa2fe-9dbb-89ff-b375-28efe0935fa5,2025-08-05,null,2026-04-10 22:55:50.068336+00
030b61e5-a200-461c-b3f3-f02f9f95ace5,00000000-0000-0000-0000-000000000001,0e59f13b-9641-43b1-9b00-6a6857756338,bed,5dda0b14-713b-46d0-a6ce-a7a33a2fb6f9,4d1dd99b-b75a-70b5-406b-f5e869954002,d0016e85-d446-afda-1e0b-51fe21f42f9a,2025-08-05,null,2026-04-10 22:55:50.068336+00
342c6060-f7ae-44eb-b495-105224b8ff20,00000000-0000-0000-0000-000000000001,da9ce613-4b13-4767-9411-a135e5f14eac,bed,5dda0b14-713b-46d0-a6ce-a7a33a2fb6f9,4d1dd99b-b75a-70b5-406b-f5e869954002,c1d9a932-7c27-450f-3af9-3a818ace29ad,2025-08-05,null,2026-04-10 22:55:50.068336+00
db329a5a-49db-4d28-9d88-2f1edc0ca3a3,00000000-0000-0000-0000-000000000001,82367e3b-82a2-49c4-988e-35a492ee6af5,bed,5dda0b14-713b-46d0-a6ce-a7a33a2fb6f9,4d1dd99b-b75a-70b5-406b-f5e869954002,da32e9b3-c510-5730-b5d0-f155a9b1a3eb,2025-08-05,null,2026-04-10 22:55:50.068336+00
7cefae84-f88e-41d6-9251-21e17e8a2c55,00000000-0000-0000-0000-000000000001,0d6292dc-684d-4c3b-a412-8ee5c61a5285,apartment,5dda0b14-713b-46d0-a6ce-a7a33a2fb6f9,4d1dd99b-b75a-70b5-406b-f5e869954002,null,2025-07-29,null,2026-04-10 22:55:50.068336+00
81f5e723-34a8-4621-acab-9cf5e8c175be,00000000-0000-0000-0000-000000000001,aa1744c9-1b38-4618-8a0c-463b28d05b6b,apartment,5dda0b14-713b-46d0-a6ce-a7a33a2fb6f9,4d1dd99b-b75a-70b5-406b-f5e869954002,null,2025-07-29,null,2026-04-10 22:55:50.068336+00
131ba711-8bb1-414d-80ae-1ee8bca47124,00000000-0000-0000-0000-000000000001,66388cb3-50da-4166-a24b-1498d3904916,apartment,5dda0b14-713b-46d0-a6ce-a7a33a2fb6f9,4d1dd99b-b75a-70b5-406b-f5e869954002,null,2025-08-10,null,2026-04-10 22:55:50.068336+00
c9aa105c-c675-4907-b163-e3093662119d,00000000-0000-0000-0000-000000000001,c96b056f-c66e-48ef-a84b-6847a9b8a75c,apartment,5dda0b14-713b-46d0-a6ce-a7a33a2fb6f9,4d1dd99b-b75a-70b5-406b-f5e869954002,null,2025-08-04,null,2026-04-10 22:55:50.068336+00
3422e577-8049-4959-a154-01fad707e379,00000000-0000-0000-0000-000000000001,3bf0a210-d020-4310-948a-388abe414b37,bed,5dda0b14-713b-46d0-a6ce-a7a33a2fb6f9,4d1dd99b-b75a-70b5-406b-f5e869954002,043aa2fe-9dbb-89ff-b375-28efe0935fa5,2025-08-02,null,2026-04-10 22:55:50.068336+00
8507607b-e5bc-47af-9891-91f9a66c69e3,00000000-0000-0000-0000-000000000001,3bf0a210-d020-4310-948a-388abe414b37,bed,5dda0b14-713b-46d0-a6ce-a7a33a2fb6f9,4d1dd99b-b75a-70b5-406b-f5e869954002,e133f456-e32c-9054-bace-f6d991cd3234,2025-08-02,null,2026-04-10 22:55:50.068336+00
c66001ce-d897-4a95-91ce-8f693b60821a,00000000-0000-0000-0000-000000000001,960a5b9f-9b1b-49cc-9aea-6dae2a1a03cb,bed,5dda0b14-713b-46d0-a6ce-a7a33a2fb6f9,4d1dd99b-b75a-70b5-406b-f5e869954002,c1d9a932-7c27-450f-3af9-3a818ace29ad,2025-08-02,null,2026-04-10 22:55:50.068336+00
b427d890-c915-41c3-afba-5d0e6814e132,00000000-0000-0000-0000-000000000001,960a5b9f-9b1b-49cc-9aea-6dae2a1a03cb,bed,5dda0b14-713b-46d0-a6ce-a7a33a2fb6f9,4d1dd99b-b75a-70b5-406b-f5e869954002,d0016e85-d446-afda-1e0b-51fe21f42f9a,2025-08-02,null,2026-04-10 22:55:50.068336+00
5b8ad1a0-01e3-41c3-b865-9fa9cf17ed29,00000000-0000-0000-0000-000000000001,41fbdd5d-f582-4c40-8bfa-36ecdc229c6f,bed,5dda0b14-713b-46d0-a6ce-a7a33a2fb6f9,4d1dd99b-b75a-70b5-406b-f5e869954002,da32e9b3-c510-5730-b5d0-f155a9b1a3eb,2025-08-02,null,2026-04-10 22:55:50.068336+00
f2e4b83f-cc67-482d-a7b7-3155304eb5fc,00000000-0000-0000-0000-000000000001,9221129b-a373-441b-8b48-17d117e1f709,bed,5dda0b14-713b-46d0-a6ce-a7a33a2fb6f9,4d1dd99b-b75a-70b5-406b-f5e869954002,043aa2fe-9dbb-89ff-b375-28efe0935fa5,2025-08-02,null,2026-04-10 22:55:50.068336+00
15b04546-c5e2-4eef-8ff4-9733370537a1,00000000-0000-0000-0000-000000000001,9221129b-a373-441b-8b48-17d117e1f709,bed,5dda0b14-713b-46d0-a6ce-a7a33a2fb6f9,4d1dd99b-b75a-70b5-406b-f5e869954002,e133f456-e32c-9054-bace-f6d991cd3234,2025-08-02,null,2026-04-10 22:55:50.068336+00
a646b3c6-03f3-4948-8bfe-d35bca9391e3,00000000-0000-0000-0000-000000000001,bb1905ab-e625-4a64-88fa-6b6f77c1885c,bed,5dda0b14-713b-46d0-a6ce-a7a33a2fb6f9,4d1dd99b-b75a-70b5-406b-f5e869954002,043aa2fe-9dbb-89ff-b375-28efe0935fa5,2025-08-02,null,2026-04-10 22:55:50.068336+00
d399d5a5-114a-44aa-a483-f0f24295b8c7,00000000-0000-0000-0000-000000000001,bb1905ab-e625-4a64-88fa-6b6f77c1885c,bed,5dda0b14-713b-46d0-a6ce-a7a33a2fb6f9,4d1dd99b-b75a-70b5-406b-f5e869954002,e133f456-e32c-9054-bace-f6d991cd3234,2025-08-02,null,2026-04-10 22:55:50.068336+00
8f615176-af0e-46d0-b802-3fc70030ad6f,00000000-0000-0000-0000-000000000001,3b1b0fd3-65c2-4d4a-8b87-6e6a8625295b,bed,5dda0b14-713b-46d0-a6ce-a7a33a2fb6f9,4d1dd99b-b75a-70b5-406b-f5e869954002,d0016e85-d446-afda-1e0b-51fe21f42f9a,2025-08-02,null,2026-04-10 22:55:50.068336+00
3bcf56b4-055c-400a-a845-eb6020468954,00000000-0000-0000-0000-000000000001,39901510-5d14-4754-afd9-47fe760422d1,bed,5dda0b14-713b-46d0-a6ce-a7a33a2fb6f9,4d1dd99b-b75a-70b5-406b-f5e869954002,c1d9a932-7c27-450f-3af9-3a818ace29ad,2025-08-02,null,2026-04-10 22:55:50.068336+00
e196b6d3-b3af-4d40-b673-ccf1280e2608,00000000-0000-0000-0000-000000000001,39901510-5d14-4754-afd9-47fe760422d1,bed,5dda0b14-713b-46d0-a6ce-a7a33a2fb6f9,4d1dd99b-b75a-70b5-406b-f5e869954002,d0016e85-d446-afda-1e0b-51fe21f42f9a,2025-08-02,null,2026-04-10 22:55:50.068336+00
47346221-c8a1-45c7-9fbb-8102f155ee36,00000000-0000-0000-0000-000000000001,b043d153-9fb3-4491-ad14-2195d503f15c,bed,5dda0b14-713b-46d0-a6ce-a7a33a2fb6f9,4d1dd99b-b75a-70b5-406b-f5e869954002,da32e9b3-c510-5730-b5d0-f155a9b1a3eb,2025-08-02,null,2026-04-10 22:55:50.068336+00
7136d4d0-6ffd-4bf1-83c2-bec408b2b8bf,00000000-0000-0000-0000-000000000001,6af9024d-b5bf-4844-b85b-6f3d9349c25e,apartment,5dda0b14-713b-46d0-a6ce-a7a33a2fb6f9,4d1dd99b-b75a-70b5-406b-f5e869954002,null,2025-07-29,null,2026-04-10 22:55:50.068336+00
501b3cdf-e1ba-40f1-85b9-b0bc10bf745f,00000000-0000-0000-0000-000000000001,35ec240d-87ee-4bcc-b912-3116c4209142,bed,5dda0b14-713b-46d0-a6ce-a7a33a2fb6f9,b0d4d2c8-f6ee-bc16-ffd7-fc33c8db8571,96bb1fe8-5e0d-fdd2-0b6f-94aa78cf0ba2,2026-04-10,null,2026-04-10 22:55:50.068336+00
adf79b34-9d89-4ef8-995e-a6b845df9dc4,00000000-0000-0000-0000-000000000001,bb6e04f9-78bd-4e10-921f-10a2f48b185f,bed,5dda0b14-713b-46d0-a6ce-a7a33a2fb6f9,b0d4d2c8-f6ee-bc16-ffd7-fc33c8db8571,3adf68ca-04d2-f3f2-6459-8418efbb3e0a,2026-04-10,null,2026-04-10 22:55:50.068336+00
f49d04dd-9bc2-47a5-847c-7a54d78fba07,00000000-0000-0000-0000-000000000001,bb6e04f9-78bd-4e10-921f-10a2f48b185f,bed,5dda0b14-713b-46d0-a6ce-a7a33a2fb6f9,b0d4d2c8-f6ee-bc16-ffd7-fc33c8db8571,7a6a9299-de4c-2a5d-e8f7-c78170295aec,2026-04-10,null,2026-04-10 22:55:50.068336+00
4197786a-9e73-427a-a687-175727e7cb5d,00000000-0000-0000-0000-000000000001,9a617a18-45e3-4139-8e9b-4babbc1c20eb,bed,5dda0b14-713b-46d0-a6ce-a7a33a2fb6f9,b0d4d2c8-f6ee-bc16-ffd7-fc33c8db8571,caf1f559-25d7-959b-c416-cb63f4ded6cc,2026-04-10,null,2026-04-10 22:55:50.068336+00
92696cc1-77b4-409c-8fb5-84515dd12256,00000000-0000-0000-0000-000000000001,9a617a18-45e3-4139-8e9b-4babbc1c20eb,bed,5dda0b14-713b-46d0-a6ce-a7a33a2fb6f9,b0d4d2c8-f6ee-bc16-ffd7-fc33c8db8571,382e6330-c64e-2a4c-b734-e519ba94dc2c,2026-04-10,null,2026-04-10 22:55:50.068336+00
bce44979-88e4-43b3-ae28-d3800fa95e0a,00000000-0000-0000-0000-000000000001,a231cb7f-1f73-4c71-b744-141ab46351ac,bed,5dda0b14-713b-46d0-a6ce-a7a33a2fb6f9,b0d4d2c8-f6ee-bc16-ffd7-fc33c8db8571,96bb1fe8-5e0d-fdd2-0b6f-94aa78cf0ba2,2026-04-10,null,2026-04-10 22:55:50.068336+00
ec9cb8bd-8631-490f-98ca-9afee26bcf53,00000000-0000-0000-0000-000000000001,6cc39c41-14cb-4612-be32-381c348ffdff,bed,5dda0b14-713b-46d0-a6ce-a7a33a2fb6f9,b0d4d2c8-f6ee-bc16-ffd7-fc33c8db8571,96bb1fe8-5e0d-fdd2-0b6f-94aa78cf0ba2,2026-04-10,null,2026-04-10 22:55:50.068336+00
2ed08611-ec0f-4060-96da-8a274569a7e2,00000000-0000-0000-0000-000000000001,6cffe5b3-c661-44c0-9962-f14b18590c31,bed,5dda0b14-713b-46d0-a6ce-a7a33a2fb6f9,b0d4d2c8-f6ee-bc16-ffd7-fc33c8db8571,3adf68ca-04d2-f3f2-6459-8418efbb3e0a,2026-04-10,null,2026-04-10 22:55:50.068336+00
ccce2b85-d80c-4951-b3c0-7485887dfd98,00000000-0000-0000-0000-000000000001,3b0b696d-a151-4741-8d8b-0637cb94eee3,bed,5dda0b14-713b-46d0-a6ce-a7a33a2fb6f9,b0d4d2c8-f6ee-bc16-ffd7-fc33c8db8571,7a6a9299-de4c-2a5d-e8f7-c78170295aec,2026-04-10,null,2026-04-10 22:55:50.068336+00
14624b70-f18f-4835-936b-666cd3830162,00000000-0000-0000-0000-000000000001,1a5e3c45-4b87-495a-98f2-2944342d9fde,bed,5dda0b14-713b-46d0-a6ce-a7a33a2fb6f9,b0d4d2c8-f6ee-bc16-ffd7-fc33c8db8571,caf1f559-25d7-959b-c416-cb63f4ded6cc,2026-04-10,null,2026-04-10 22:55:50.068336+00
bb626856-6fa8-46db-87d2-08adeea5d71d,00000000-0000-0000-0000-000000000001,ea09bcd3-65e5-424a-9311-8fb814e32af2,bed,5dda0b14-713b-46d0-a6ce-a7a33a2fb6f9,b0d4d2c8-f6ee-bc16-ffd7-fc33c8db8571,382e6330-c64e-2a4c-b734-e519ba94dc2c,2026-04-10,null,2026-04-10 22:55:50.068336+00
010f7284-089f-4149-9d9b-02d99ae47d75,00000000-0000-0000-0000-000000000001,2b63f8f7-67f0-4e72-9431-ffec03a8ae23,bed,5dda0b14-713b-46d0-a6ce-a7a33a2fb6f9,b0d4d2c8-f6ee-bc16-ffd7-fc33c8db8571,caf1f559-25d7-959b-c416-cb63f4ded6cc,2025-06-17,null,2026-04-10 22:55:50.068336+00
3028e783-08e0-4034-b161-988fe5c91eb2,00000000-0000-0000-0000-000000000001,15055f35-2f83-4054-97be-d4a5ebe1f0c4,bed,5dda0b14-713b-46d0-a6ce-a7a33a2fb6f9,b0d4d2c8-f6ee-bc16-ffd7-fc33c8db8571,96bb1fe8-5e0d-fdd2-0b6f-94aa78cf0ba2,2026-04-10,null,2026-04-10 22:55:50.068336+00
7888581d-0660-4132-adcb-df53d95e3e97,00000000-0000-0000-0000-000000000001,2fd1ab2a-f222-4330-bd45-1da2cc9509c0,bed,5dda0b14-713b-46d0-a6ce-a7a33a2fb6f9,b0d4d2c8-f6ee-bc16-ffd7-fc33c8db8571,3adf68ca-04d2-f3f2-6459-8418efbb3e0a,2026-04-10,null,2026-04-10 22:55:50.068336+00
dc2f7499-9122-47d0-a894-51500dbd1fda,00000000-0000-0000-0000-000000000001,cd09fda4-a742-40c1-8e1c-349797ca124a,bed,5dda0b14-713b-46d0-a6ce-a7a33a2fb6f9,b0d4d2c8-f6ee-bc16-ffd7-fc33c8db8571,7a6a9299-de4c-2a5d-e8f7-c78170295aec,2026-04-10,null,2026-04-10 22:55:50.068336+00
e2c83b0f-29d6-4c25-9ce1-3043ebe8ae1b,00000000-0000-0000-0000-000000000001,ae20fe5e-d8c7-436d-b973-129c60309ec7,bed,5dda0b14-713b-46d0-a6ce-a7a33a2fb6f9,b0d4d2c8-f6ee-bc16-ffd7-fc33c8db8571,382e6330-c64e-2a4c-b734-e519ba94dc2c,2026-04-10,null,2026-04-10 22:55:50.068336+00
d15d789d-2b94-41fa-85fe-45dbb8a1c8ae,00000000-0000-0000-0000-000000000001,c8821692-1886-4706-9b60-6d3fee0b640a,bed,5dda0b14-713b-46d0-a6ce-a7a33a2fb6f9,b0d4d2c8-f6ee-bc16-ffd7-fc33c8db8571,96bb1fe8-5e0d-fdd2-0b6f-94aa78cf0ba2,2026-04-10,null,2026-04-10 22:55:50.068336+00
7f523abe-3cfd-44dd-99a7-e79d9a401d9c,00000000-0000-0000-0000-000000000001,e8d71662-62d7-480e-8d3b-159689214e74,bed,5dda0b14-713b-46d0-a6ce-a7a33a2fb6f9,b0d4d2c8-f6ee-bc16-ffd7-fc33c8db8571,3adf68ca-04d2-f3f2-6459-8418efbb3e0a,2026-04-10,null,2026-04-10 22:55:50.068336+00
e21c8086-2448-4640-8dd5-8210e151269d,00000000-0000-0000-0000-000000000001,ce6e8257-0ab4-41a2-8591-e64ce3268138,bed,5dda0b14-713b-46d0-a6ce-a7a33a2fb6f9,b0d4d2c8-f6ee-bc16-ffd7-fc33c8db8571,7a6a9299-de4c-2a5d-e8f7-c78170295aec,2026-04-10,null,2026-04-10 22:55:50.068336+00
845ff721-8626-4bd2-8b36-31deea98d7c4,00000000-0000-0000-0000-000000000001,21a53b0e-1cae-4990-a85f-49a967885075,bed,5dda0b14-713b-46d0-a6ce-a7a33a2fb6f9,b0d4d2c8-f6ee-bc16-ffd7-fc33c8db8571,caf1f559-25d7-959b-c416-cb63f4ded6cc,2026-04-10,null,2026-04-10 22:55:50.068336+00
6f0d9960-78f6-4201-995c-ea933a04a4c1,00000000-0000-0000-0000-000000000001,2d705be7-15d1-4138-86d2-baa1cee931f0,bed,5dda0b14-713b-46d0-a6ce-a7a33a2fb6f9,b0d4d2c8-f6ee-bc16-ffd7-fc33c8db8571,382e6330-c64e-2a4c-b734-e519ba94dc2c,2026-04-10,null,2026-04-10 22:55:50.068336+00
49ee2f5d-040f-4fc9-9ab7-b858ffc09cdc,00000000-0000-0000-0000-000000000001,29358585-cf58-4e22-9d33-c6210636e011,apartment,5dda0b14-713b-46d0-a6ce-a7a33a2fb6f9,b0d4d2c8-f6ee-bc16-ffd7-fc33c8db8571,null,2026-04-10,null,2026-04-10 22:55:50.068336+00
ea2c928f-e95f-4a6a-b146-e55f02366940,00000000-0000-0000-0000-000000000001,69cb270b-e8f3-410e-9142-2752016b44f9,bed,5dda0b14-713b-46d0-a6ce-a7a33a2fb6f9,b0d4d2c8-f6ee-bc16-ffd7-fc33c8db8571,96bb1fe8-5e0d-fdd2-0b6f-94aa78cf0ba2,2026-04-10,null,2026-04-10 22:55:50.068336+00
ea6d2670-7a5f-4bda-a78c-72baa8ab595e,00000000-0000-0000-0000-000000000001,45cf3ce8-48d0-4b37-b975-1b26af059c69,bed,5dda0b14-713b-46d0-a6ce-a7a33a2fb6f9,b0d4d2c8-f6ee-bc16-ffd7-fc33c8db8571,3adf68ca-04d2-f3f2-6459-8418efbb3e0a,2026-04-10,null,2026-04-10 22:55:50.068336+00
2fdd2581-d7e7-483e-b3c5-d8a038a5ba5b,00000000-0000-0000-0000-000000000001,45cf3ce8-48d0-4b37-b975-1b26af059c69,bed,5dda0b14-713b-46d0-a6ce-a7a33a2fb6f9,b0d4d2c8-f6ee-bc16-ffd7-fc33c8db8571,7a6a9299-de4c-2a5d-e8f7-c78170295aec,2026-04-10,null,2026-04-10 22:55:50.068336+00
31824569-00d6-4dab-bd55-d3625b8477ec,00000000-0000-0000-0000-000000000001,b0bccede-ab77-4d9a-8dc5-2bdcaf8624f4,bed,5dda0b14-713b-46d0-a6ce-a7a33a2fb6f9,b0d4d2c8-f6ee-bc16-ffd7-fc33c8db8571,caf1f559-25d7-959b-c416-cb63f4ded6cc,2026-04-10,null,2026-04-10 22:55:50.068336+00
51325c60-81e8-4af9-adf6-f033322f1a4f,00000000-0000-0000-0000-000000000001,b0bccede-ab77-4d9a-8dc5-2bdcaf8624f4,bed,5dda0b14-713b-46d0-a6ce-a7a33a2fb6f9,b0d4d2c8-f6ee-bc16-ffd7-fc33c8db8571,382e6330-c64e-2a4c-b734-e519ba94dc2c,2026-04-10,null,2026-04-10 22:55:50.068336+00
b3cceac3-0148-49ff-a48f-289e25b15466,00000000-0000-0000-0000-000000000001,e94e2714-8749-4fb3-abe4-c88124d1c485,apartment,5dda0b14-713b-46d0-a6ce-a7a33a2fb6f9,b0d4d2c8-f6ee-bc16-ffd7-fc33c8db8571,null,2026-04-10,null,2026-04-10 22:55:50.068336+00
3dc391b6-429c-448d-a2fa-b90d03c48b49,00000000-0000-0000-0000-000000000001,e19b8a01-087e-4f91-8345-a8d65cd0dea5,apartment,5dda0b14-713b-46d0-a6ce-a7a33a2fb6f9,b0d4d2c8-f6ee-bc16-ffd7-fc33c8db8571,null,2025-05-05,null,2026-04-10 22:55:50.068336+00
ac2b8f0b-7081-4cf8-b991-52a35623c6ff,00000000-0000-0000-0000-000000000001,ef6a6d30-c70e-4162-8adf-0bd6063ba0a3,bed,5dda0b14-713b-46d0-a6ce-a7a33a2fb6f9,b0d4d2c8-f6ee-bc16-ffd7-fc33c8db8571,96bb1fe8-5e0d-fdd2-0b6f-94aa78cf0ba2,2026-04-10,null,2026-04-10 22:55:50.068336+00
2445d7e2-feeb-4cb5-a8ac-675e1f80d55b,00000000-0000-0000-0000-000000000001,4813413b-565b-4e84-8d8f-6a44ab0b2345,bed,5dda0b14-713b-46d0-a6ce-a7a33a2fb6f9,b0d4d2c8-f6ee-bc16-ffd7-fc33c8db8571,3adf68ca-04d2-f3f2-6459-8418efbb3e0a,2026-04-10,null,2026-04-10 22:55:50.068336+00
620e8c8a-ef8e-4c7d-9c03-56235418191b,00000000-0000-0000-0000-000000000001,85f215f4-fb81-4f11-985b-03f19f8d92db,bed,5dda0b14-713b-46d0-a6ce-a7a33a2fb6f9,b0d4d2c8-f6ee-bc16-ffd7-fc33c8db8571,7a6a9299-de4c-2a5d-e8f7-c78170295aec,2026-04-10,null,2026-04-10 22:55:50.068336+00
f0491368-0464-4151-af51-9d402a794c68,00000000-0000-0000-0000-000000000001,e4b60c59-8c73-4adf-b72b-b66cc45454f4,bed,5dda0b14-713b-46d0-a6ce-a7a33a2fb6f9,b0d4d2c8-f6ee-bc16-ffd7-fc33c8db8571,caf1f559-25d7-959b-c416-cb63f4ded6cc,2026-04-10,null,2026-04-10 22:55:50.068336+00
5faa6760-e0fe-49a2-a1dd-4f59f90b7708,00000000-0000-0000-0000-000000000001,361822af-76e9-477c-91d6-644f19d909ed,bed,5dda0b14-713b-46d0-a6ce-a7a33a2fb6f9,b0d4d2c8-f6ee-bc16-ffd7-fc33c8db8571,382e6330-c64e-2a4c-b734-e519ba94dc2c,2026-04-10,null,2026-04-10 22:55:50.068336+00
1b211668-1ff1-45ea-ab9a-4fcc16c77fec,00000000-0000-0000-0000-000000000001,0878a42d-baca-4c65-9725-bfbe5132fbb2,apartment,5dda0b14-713b-46d0-a6ce-a7a33a2fb6f9,b0d4d2c8-f6ee-bc16-ffd7-fc33c8db8571,null,2026-04-10,null,2026-04-10 22:55:50.068336+00
8233a17f-1046-498b-b65b-6b9f50788c0f,00000000-0000-0000-0000-000000000001,74e57001-2693-4795-8072-3fe0b73742e5,apartment,5dda0b14-713b-46d0-a6ce-a7a33a2fb6f9,b0d4d2c8-f6ee-bc16-ffd7-fc33c8db8571,null,2026-04-10,null,2026-04-10 22:55:50.068336+00
7060c555-d14e-41da-971b-0f623359e504,00000000-0000-0000-0000-000000000001,98885f45-4010-403c-8884-8649d4cdd02a,apartment,5dda0b14-713b-46d0-a6ce-a7a33a2fb6f9,b0d4d2c8-f6ee-bc16-ffd7-fc33c8db8571,null,2023-03-30,null,2026-04-10 22:55:50.068336+00
7751c279-032e-49a9-acc9-bfb8245de469,00000000-0000-0000-0000-000000000001,6d646074-2025-446a-a7f9-4ffd8f30d9c1,apartment,5dda0b14-713b-46d0-a6ce-a7a33a2fb6f9,b0d4d2c8-f6ee-bc16-ffd7-fc33c8db8571,null,2026-04-10,null,2026-04-10 22:55:50.068336+00
7cd0cd6e-ff19-470c-b3a1-899f155a2046,00000000-0000-0000-0000-000000000001,c6f5b194-f58c-46a2-93b2-439f2d15ac34,apartment,5dda0b14-713b-46d0-a6ce-a7a33a2fb6f9,b0d4d2c8-f6ee-bc16-ffd7-fc33c8db8571,null,2026-04-10,null,2026-04-10 22:55:50.068336+00
8e93d12a-15ce-45b4-89fd-1c38cffd03ed,00000000-0000-0000-0000-000000000001,bab4a438-b9fd-4b22-8f52-42ccf8d8a96c,bed,5dda0b14-713b-46d0-a6ce-a7a33a2fb6f9,b0d4d2c8-f6ee-bc16-ffd7-fc33c8db8571,96bb1fe8-5e0d-fdd2-0b6f-94aa78cf0ba2,2026-04-10,null,2026-04-10 22:55:50.068336+00
18bce181-5cd2-4852-9c7a-ae7879a78a7e,00000000-0000-0000-0000-000000000001,1de68ea5-52f0-4d85-9458-33f9dd20f5d4,apartment,5dda0b14-713b-46d0-a6ce-a7a33a2fb6f9,b0d4d2c8-f6ee-bc16-ffd7-fc33c8db8571,null,2026-04-10,null,2026-04-10 22:55:50.068336+00
adee1ad0-2f52-4463-9c6a-27e6263b192b,00000000-0000-0000-0000-000000000001,985c8867-73b6-4869-a71b-6c6e9660acec,apartment,5dda0b14-713b-46d0-a6ce-a7a33a2fb6f9,b0d4d2c8-f6ee-bc16-ffd7-fc33c8db8571,null,2026-04-10,null,2026-04-10 22:55:50.068336+00
8af72623-dfa1-4a47-90ed-3beb602f8f94,00000000-0000-0000-0000-000000000001,d77c3c46-bcc6-4136-b3d2-495c366106a8,apartment,5dda0b14-713b-46d0-a6ce-a7a33a2fb6f9,b0d4d2c8-f6ee-bc16-ffd7-fc33c8db8571,null,2026-04-10,null,2026-04-10 22:55:50.068336+00
a667ee30-47f3-4aaf-b88f-213c4f16c791,00000000-0000-0000-0000-000000000001,420b8a83-5d8e-4ad3-af8a-bc82b45015c4,apartment,5dda0b14-713b-46d0-a6ce-a7a33a2fb6f9,b0d4d2c8-f6ee-bc16-ffd7-fc33c8db8571,null,2026-04-10,null,2026-04-10 22:55:50.068336+00
50390eb1-d1a8-4623-a5cd-e92672793ee2,00000000-0000-0000-0000-000000000001,853401e7-853b-4772-81be-e285fa894e20,apartment,5dda0b14-713b-46d0-a6ce-a7a33a2fb6f9,b0d4d2c8-f6ee-bc16-ffd7-fc33c8db8571,null,2026-04-10,null,2026-04-10 22:55:50.068336+00
c293aaac-63c6-43d0-a160-531502b2b06f,00000000-0000-0000-0000-000000000001,dccbf35d-537d-48ac-92d9-d1d792755a15,bed,5dda0b14-713b-46d0-a6ce-a7a33a2fb6f9,b0d4d2c8-f6ee-bc16-ffd7-fc33c8db8571,96bb1fe8-5e0d-fdd2-0b6f-94aa78cf0ba2,2026-04-10,null,2026-04-10 22:55:50.068336+00
5005b3a3-3601-49d9-ac77-c21320322a3f,00000000-0000-0000-0000-000000000001,dccbf35d-537d-48ac-92d9-d1d792755a15,bed,5dda0b14-713b-46d0-a6ce-a7a33a2fb6f9,b0d4d2c8-f6ee-bc16-ffd7-fc33c8db8571,caf1f559-25d7-959b-c416-cb63f4ded6cc,2026-04-10,null,2026-04-10 22:55:50.068336+00
8a20a867-cb79-4f92-9ad7-253a9104bcba,00000000-0000-0000-0000-000000000001,dccbf35d-537d-48ac-92d9-d1d792755a15,bed,5dda0b14-713b-46d0-a6ce-a7a33a2fb6f9,b0d4d2c8-f6ee-bc16-ffd7-fc33c8db8571,382e6330-c64e-2a4c-b734-e519ba94dc2c,2026-04-10,null,2026-04-10 22:55:50.068336+00
a45cf4f2-0fc2-48ba-aa59-56b95bfd3c24,00000000-0000-0000-0000-000000000001,84fadbc1-0050-4330-a93c-81d5666058b8,bed,5dda0b14-713b-46d0-a6ce-a7a33a2fb6f9,0a839c14-2a88-9896-c2f2-8d51fe610405,2225fe89-e491-892a-6af9-3161efe26613,2026-04-10,null,2026-04-10 22:55:50.068336+00
203df693-7ab9-4503-8dbf-7725cb3fa39e,00000000-0000-0000-0000-000000000001,fba581ce-b901-44df-b458-e9a545b30e8a,bed,5dda0b14-713b-46d0-a6ce-a7a33a2fb6f9,0a839c14-2a88-9896-c2f2-8d51fe610405,1f70e1f3-db99-3d9f-94a0-610b383d5702,2026-04-10,null,2026-04-10 22:55:50.068336+00
d950a6fe-5c11-488b-b855-99192b80d10a,00000000-0000-0000-0000-000000000001,fba581ce-b901-44df-b458-e9a545b30e8a,bed,5dda0b14-713b-46d0-a6ce-a7a33a2fb6f9,0a839c14-2a88-9896-c2f2-8d51fe610405,7c40116d-93d8-18b7-496a-5f628dab192d,2026-04-10,null,2026-04-10 22:55:50.068336+00
3deb9784-3d89-4101-81ff-18e45e8dc894,00000000-0000-0000-0000-000000000001,fba581ce-b901-44df-b458-e9a545b30e8a,bed,5dda0b14-713b-46d0-a6ce-a7a33a2fb6f9,0a839c14-2a88-9896-c2f2-8d51fe610405,74002291-4d86-7717-21fc-0a504d1080b7,2026-04-10,null,2026-04-10 22:55:50.068336+00
709a163d-4827-49c9-be91-57c08274984f,00000000-0000-0000-0000-000000000001,f22d37ca-e9d3-456f-8aa3-70b7ab94fc0c,bed,5dda0b14-713b-46d0-a6ce-a7a33a2fb6f9,0a839c14-2a88-9896-c2f2-8d51fe610405,19becc73-ba94-4a59-e2ef-19d1d342aee3,2026-04-10,null,2026-04-10 22:55:50.068336+00
0742d682-67ee-4b7d-9edb-05a17d8a3a8c,00000000-0000-0000-0000-000000000001,f22d37ca-e9d3-456f-8aa3-70b7ab94fc0c,bed,5dda0b14-713b-46d0-a6ce-a7a33a2fb6f9,0a839c14-2a88-9896-c2f2-8d51fe610405,25cdb264-370f-4be0-5004-6aeb735c94aa,2026-04-10,null,2026-04-10 22:55:50.068336+00
88a7e676-a1f6-4dc1-a0d5-c55c97df16d2,00000000-0000-0000-0000-000000000001,e9567b70-ce24-4a74-9300-de151d27d129,bed,5dda0b14-713b-46d0-a6ce-a7a33a2fb6f9,0a839c14-2a88-9896-c2f2-8d51fe610405,1f70e1f3-db99-3d9f-94a0-610b383d5702,2026-04-10,null,2026-04-10 22:55:50.068336+00
8e458480-9ec2-418b-94b0-83eadec605c7,00000000-0000-0000-0000-000000000001,9fadb565-1985-4e3c-a12d-5de9a2d0d1b5,bed,5dda0b14-713b-46d0-a6ce-a7a33a2fb6f9,0a839c14-2a88-9896-c2f2-8d51fe610405,7c40116d-93d8-18b7-496a-5f628dab192d,2026-04-10,null,2026-04-10 22:55:50.068336+00
4aea96d1-6690-4964-832c-17c626e3de5f,00000000-0000-0000-0000-000000000001,caaa23f7-7934-4931-82db-658e72c529b1,bed,5dda0b14-713b-46d0-a6ce-a7a33a2fb6f9,0a839c14-2a88-9896-c2f2-8d51fe610405,74002291-4d86-7717-21fc-0a504d1080b7,2026-04-10,null,2026-04-10 22:55:50.068336+00
2d6d3cc5-88d9-49ea-a85a-6619cd371788,00000000-0000-0000-0000-000000000001,1ea4ee71-a379-4948-ab46-3be764d45254,bed,5dda0b14-713b-46d0-a6ce-a7a33a2fb6f9,0a839c14-2a88-9896-c2f2-8d51fe610405,2225fe89-e491-892a-6af9-3161efe26613,2026-04-10,null,2026-04-10 22:55:50.068336+00
f43aa120-73ae-4a19-a0bd-7a6cd5427ed8,00000000-0000-0000-0000-000000000001,8cad06fb-70f0-4484-b0b3-9b548f0e6805,bed,5dda0b14-713b-46d0-a6ce-a7a33a2fb6f9,0a839c14-2a88-9896-c2f2-8d51fe610405,1f70e1f3-db99-3d9f-94a0-610b383d5702,2026-04-10,null,2026-04-10 22:55:50.068336+00
ab3c6ecd-8c27-4cf9-9985-ffb6e6e48d18,00000000-0000-0000-0000-000000000001,8cad06fb-70f0-4484-b0b3-9b548f0e6805,bed,5dda0b14-713b-46d0-a6ce-a7a33a2fb6f9,0a839c14-2a88-9896-c2f2-8d51fe610405,7c40116d-93d8-18b7-496a-5f628dab192d,2026-04-10,null,2026-04-10 22:55:50.068336+00
4772f60c-a8a2-493c-b37d-03b2a5007b82,00000000-0000-0000-0000-000000000001,8cad06fb-70f0-4484-b0b3-9b548f0e6805,bed,5dda0b14-713b-46d0-a6ce-a7a33a2fb6f9,0a839c14-2a88-9896-c2f2-8d51fe610405,74002291-4d86-7717-21fc-0a504d1080b7,2026-04-10,null,2026-04-10 22:55:50.068336+00
5202f5b7-e143-46a1-80bd-d140be0e56e6,00000000-0000-0000-0000-000000000001,87fa137b-3588-4e7b-8bbd-f9c0c03f405d,apartment,5dda0b14-713b-46d0-a6ce-a7a33a2fb6f9,0a839c14-2a88-9896-c2f2-8d51fe610405,null,2026-04-10,null,2026-04-10 22:55:50.068336+00
e16a8e84-3a7b-446f-b7d2-ac66fe3138ee,00000000-0000-0000-0000-000000000001,d18f2a4e-8748-4934-a47f-4f211589215d,apartment,5dda0b14-713b-46d0-a6ce-a7a33a2fb6f9,0a839c14-2a88-9896-c2f2-8d51fe610405,null,2026-04-10,null,2026-04-10 22:55:50.068336+00
e8f6bfe6-b283-4c15-a6d0-b74d49af3b23,00000000-0000-0000-0000-000000000001,7ec0c885-e9a3-4c39-9b00-d15a8071387d,bed,5dda0b14-713b-46d0-a6ce-a7a33a2fb6f9,0a839c14-2a88-9896-c2f2-8d51fe610405,2225fe89-e491-892a-6af9-3161efe26613,2025-06-17,null,2026-04-10 22:55:50.068336+00
a6b932ce-7e00-4b33-9dbe-a2894f61ec74,00000000-0000-0000-0000-000000000001,8d32730f-62b6-4fee-b6e2-df4adb61fd75,bed,5dda0b14-713b-46d0-a6ce-a7a33a2fb6f9,0a839c14-2a88-9896-c2f2-8d51fe610405,1f70e1f3-db99-3d9f-94a0-610b383d5702,2025-06-17,null,2026-04-10 22:55:50.068336+00
b02c9a7e-2500-4d06-94ab-ca523cdcecc6,00000000-0000-0000-0000-000000000001,c3d5bd54-03bd-4cc6-9a8c-6174188bda3a,bed,5dda0b14-713b-46d0-a6ce-a7a33a2fb6f9,0a839c14-2a88-9896-c2f2-8d51fe610405,1f70e1f3-db99-3d9f-94a0-610b383d5702,2026-04-10,null,2026-04-10 22:55:50.068336+00
932d20a3-9b81-43c1-aad6-683424008958,00000000-0000-0000-0000-000000000001,c73bfaed-fb61-42fe-abeb-b62f33bc153c,bed,5dda0b14-713b-46d0-a6ce-a7a33a2fb6f9,0a839c14-2a88-9896-c2f2-8d51fe610405,7c40116d-93d8-18b7-496a-5f628dab192d,2026-04-10,null,2026-04-10 22:55:50.068336+00
593ec8e2-10d9-4e8a-82ce-977cfb4b0db0,00000000-0000-0000-0000-000000000001,72d03baa-d690-4c89-87eb-654b209938fe,bed,5dda0b14-713b-46d0-a6ce-a7a33a2fb6f9,0a839c14-2a88-9896-c2f2-8d51fe610405,74002291-4d86-7717-21fc-0a504d1080b7,2026-04-10,null,2026-04-10 22:55:50.068336+00
9a8dce2c-1378-4362-bfdd-5cb5ecdf49d7,00000000-0000-0000-0000-000000000001,c32a1512-0cf2-4d78-8ced-09cec00eafe9,bed,5dda0b14-713b-46d0-a6ce-a7a33a2fb6f9,0a839c14-2a88-9896-c2f2-8d51fe610405,19becc73-ba94-4a59-e2ef-19d1d342aee3,2026-04-10,null,2026-04-10 22:55:50.068336+00
472bc89f-5546-406c-824d-7dc3b7640540,00000000-0000-0000-0000-000000000001,bf13d001-4fe7-419a-80e3-185bc45bc91e,bed,5dda0b14-713b-46d0-a6ce-a7a33a2fb6f9,0a839c14-2a88-9896-c2f2-8d51fe610405,25cdb264-370f-4be0-5004-6aeb735c94aa,2026-04-10,null,2026-04-10 22:55:50.068336+00
daa74306-ec16-4abd-8bae-0998f56f4ed8,00000000-0000-0000-0000-000000000001,0960ae76-0826-4ab5-ac32-040685c20804,bed,5dda0b14-713b-46d0-a6ce-a7a33a2fb6f9,0a839c14-2a88-9896-c2f2-8d51fe610405,2225fe89-e491-892a-6af9-3161efe26613,2026-04-10,null,2026-04-10 22:55:50.068336+00
b9427fa8-517e-4f0c-874b-fc18bc80031b,00000000-0000-0000-0000-000000000001,b131666d-2636-489f-8f37-e9d5b081712a,bed,5dda0b14-713b-46d0-a6ce-a7a33a2fb6f9,0a839c14-2a88-9896-c2f2-8d51fe610405,1f70e1f3-db99-3d9f-94a0-610b383d5702,2026-04-10,null,2026-04-10 22:55:50.068336+00
32df7b5e-c2b6-4e1e-bd8d-a4a4e3ec7286,00000000-0000-0000-0000-000000000001,61453173-daf0-4c97-a133-659008131872,bed,5dda0b14-713b-46d0-a6ce-a7a33a2fb6f9,0a839c14-2a88-9896-c2f2-8d51fe610405,7c40116d-93d8-18b7-496a-5f628dab192d,2026-04-10,null,2026-04-10 22:55:50.068336+00
d2401a08-cd1b-458a-ba79-9a96339c321e,00000000-0000-0000-0000-000000000001,aa7615c6-3e0d-40c4-99ec-d7a5d002a154,bed,5dda0b14-713b-46d0-a6ce-a7a33a2fb6f9,0a839c14-2a88-9896-c2f2-8d51fe610405,74002291-4d86-7717-21fc-0a504d1080b7,2026-04-10,null,2026-04-10 22:55:50.068336+00
7f70f4ab-848e-482e-9004-c78f6bd9dfdf,00000000-0000-0000-0000-000000000001,87c4a9a0-791d-4517-8cd6-b10e61bb6b67,bed,5dda0b14-713b-46d0-a6ce-a7a33a2fb6f9,0a839c14-2a88-9896-c2f2-8d51fe610405,19becc73-ba94-4a59-e2ef-19d1d342aee3,2026-04-10,null,2026-04-10 22:55:50.068336+00
5d014b50-ddfc-44d1-8e05-5eedddfbe262,00000000-0000-0000-0000-000000000001,1ed7ea1e-919f-4189-ac1c-92fbcc60760a,bed,5dda0b14-713b-46d0-a6ce-a7a33a2fb6f9,0a839c14-2a88-9896-c2f2-8d51fe610405,25cdb264-370f-4be0-5004-6aeb735c94aa,2026-04-10,null,2026-04-10 22:55:50.068336+00
a1141595-c15a-4175-a68c-e16be38f079c,00000000-0000-0000-0000-000000000001,1e0a548e-6d70-4397-bf2b-6293b15b37b3,apartment,5dda0b14-713b-46d0-a6ce-a7a33a2fb6f9,0a839c14-2a88-9896-c2f2-8d51fe610405,null,2026-04-10,null,2026-04-10 22:55:50.068336+00
976b72e2-8a15-4692-8c03-3962dc2075d4,00000000-0000-0000-0000-000000000001,f15d0ff8-209b-4934-92c8-1900afec3fa5,bed,5dda0b14-713b-46d0-a6ce-a7a33a2fb6f9,0a839c14-2a88-9896-c2f2-8d51fe610405,2225fe89-e491-892a-6af9-3161efe26613,2026-04-10,null,2026-04-10 22:55:50.068336+00
c63cdc48-2b08-48c2-bd57-15700583360a,00000000-0000-0000-0000-000000000001,28ed04a4-7793-4fd0-bac2-06c3fbaa1dce,bed,5dda0b14-713b-46d0-a6ce-a7a33a2fb6f9,0a839c14-2a88-9896-c2f2-8d51fe610405,1f70e1f3-db99-3d9f-94a0-610b383d5702,2026-04-10,null,2026-04-10 22:55:50.068336+00
3e34541a-5d6f-4706-b25a-bd6d1c06b05c,00000000-0000-0000-0000-000000000001,28ed04a4-7793-4fd0-bac2-06c3fbaa1dce,bed,5dda0b14-713b-46d0-a6ce-a7a33a2fb6f9,0a839c14-2a88-9896-c2f2-8d51fe610405,7c40116d-93d8-18b7-496a-5f628dab192d,2026-04-10,null,2026-04-10 22:55:50.068336+00
bdc3eadc-6d56-4c00-ae4b-24653a20e864,00000000-0000-0000-0000-000000000001,28ed04a4-7793-4fd0-bac2-06c3fbaa1dce,bed,5dda0b14-713b-46d0-a6ce-a7a33a2fb6f9,0a839c14-2a88-9896-c2f2-8d51fe610405,74002291-4d86-7717-21fc-0a504d1080b7,2026-04-10,null,2026-04-10 22:55:50.068336+00
bb0c0227-6cdb-4072-9244-211fbd68ecb6,00000000-0000-0000-0000-000000000001,df1d62da-3735-4274-b898-260ef96db619,bed,5dda0b14-713b-46d0-a6ce-a7a33a2fb6f9,0a839c14-2a88-9896-c2f2-8d51fe610405,19becc73-ba94-4a59-e2ef-19d1d342aee3,2026-04-10,null,2026-04-10 22:55:50.068336+00
1adf223a-41d6-46b1-ba9a-806ab18da208,00000000-0000-0000-0000-000000000001,df1d62da-3735-4274-b898-260ef96db619,bed,5dda0b14-713b-46d0-a6ce-a7a33a2fb6f9,0a839c14-2a88-9896-c2f2-8d51fe610405,25cdb264-370f-4be0-5004-6aeb735c94aa,2026-04-10,null,2026-04-10 22:55:50.068336+00
c3e584df-83cf-4bae-b893-56e18da81ed9,00000000-0000-0000-0000-000000000001,66ccee02-9bf9-4116-a392-e8d46fb9b166,apartment,5dda0b14-713b-46d0-a6ce-a7a33a2fb6f9,0a839c14-2a88-9896-c2f2-8d51fe610405,null,2026-04-10,null,2026-04-10 22:55:50.068336+00
d3b7962e-0cc5-430f-83db-6177e7c16fb5,00000000-0000-0000-0000-000000000001,1b79db3e-83de-48da-8975-5a78e4ca24fb,apartment,5dda0b14-713b-46d0-a6ce-a7a33a2fb6f9,0a839c14-2a88-9896-c2f2-8d51fe610405,null,2026-04-10,null,2026-04-10 22:55:50.068336+00
703ad1df-a2cb-4d0c-b1e6-e67dbbb06c68,00000000-0000-0000-0000-000000000001,26a9e952-e6b6-4ce1-8dae-38bfd6766493,bed,5dda0b14-713b-46d0-a6ce-a7a33a2fb6f9,0a839c14-2a88-9896-c2f2-8d51fe610405,2225fe89-e491-892a-6af9-3161efe26613,2026-04-10,null,2026-04-10 22:55:50.068336+00
a74d8c8c-f2ba-4810-ad2e-2cba4c713823,00000000-0000-0000-0000-000000000001,95e058fc-ed6f-415c-a40f-5cd769dbe264,bed,5dda0b14-713b-46d0-a6ce-a7a33a2fb6f9,0a839c14-2a88-9896-c2f2-8d51fe610405,1f70e1f3-db99-3d9f-94a0-610b383d5702,2026-04-10,null,2026-04-10 22:55:50.068336+00
7836e828-9548-4b61-992f-74fa060e4816,00000000-0000-0000-0000-000000000001,7d6c17bf-4050-40fc-987e-c4c937ed04a1,bed,5dda0b14-713b-46d0-a6ce-a7a33a2fb6f9,0a839c14-2a88-9896-c2f2-8d51fe610405,7c40116d-93d8-18b7-496a-5f628dab192d,2026-04-10,null,2026-04-10 22:55:50.068336+00
fe19fc3e-1682-45ff-bf1b-71207d5d1d78,00000000-0000-0000-0000-000000000001,6cbe1fad-8815-4566-827e-6e8e6151ee8a,bed,5dda0b14-713b-46d0-a6ce-a7a33a2fb6f9,0a839c14-2a88-9896-c2f2-8d51fe610405,74002291-4d86-7717-21fc-0a504d1080b7,2026-04-10,null,2026-04-10 22:55:50.068336+00
c1c08f7a-90e2-41f0-8e56-74ea92662d75,00000000-0000-0000-0000-000000000001,38d691f8-90b6-496f-8fad-651a5a26f6be,bed,5dda0b14-713b-46d0-a6ce-a7a33a2fb6f9,0a839c14-2a88-9896-c2f2-8d51fe610405,19becc73-ba94-4a59-e2ef-19d1d342aee3,2026-04-10,null,2026-04-10 22:55:50.068336+00
62509115-c82e-4def-8965-b66672b6255c,00000000-0000-0000-0000-000000000001,6d2906ca-3f71-4eb4-8d8c-b00d6de5dde2,bed,5dda0b14-713b-46d0-a6ce-a7a33a2fb6f9,0a839c14-2a88-9896-c2f2-8d51fe610405,25cdb264-370f-4be0-5004-6aeb735c94aa,2026-04-10,null,2026-04-10 22:55:50.068336+00
b37ab580-8e2e-4a8b-a039-2aec35ab6e07,00000000-0000-0000-0000-000000000001,b8234f81-000b-4b13-b761-5e6e8203ca91,apartment,5dda0b14-713b-46d0-a6ce-a7a33a2fb6f9,0a839c14-2a88-9896-c2f2-8d51fe610405,null,2026-04-10,null,2026-04-10 22:55:50.068336+00
0e9c6b67-bc22-4b20-8e5b-1ad96d587a41,00000000-0000-0000-0000-000000000001,b6e8eadc-9e56-4b2a-acd4-7031e9caeb15,apartment,5dda0b14-713b-46d0-a6ce-a7a33a2fb6f9,0a839c14-2a88-9896-c2f2-8d51fe610405,null,2026-04-10,null,2026-04-10 22:55:50.068336+00
6c35d807-b2bc-466a-8d4a-d4e8d2651938,00000000-0000-0000-0000-000000000001,7a398fa6-ac27-43af-b69a-886f22b62f3a,apartment,5dda0b14-713b-46d0-a6ce-a7a33a2fb6f9,0a839c14-2a88-9896-c2f2-8d51fe610405,null,2025-05-26,null,2026-04-10 22:55:50.068336+00
244fab94-fe93-4378-81aa-5e7492483cf7,00000000-0000-0000-0000-000000000001,a0766c33-05da-4c49-8c8f-d774b535c112,apartment,5dda0b14-713b-46d0-a6ce-a7a33a2fb6f9,0a839c14-2a88-9896-c2f2-8d51fe610405,null,2026-04-10,null,2026-04-10 22:55:50.068336+00
19da9a05-1c07-4fe4-8c17-21d4044f36f6,00000000-0000-0000-0000-000000000001,313e942c-dc21-4831-a082-f2681de898ec,apartment,5dda0b14-713b-46d0-a6ce-a7a33a2fb6f9,0a839c14-2a88-9896-c2f2-8d51fe610405,null,2026-04-10,null,2026-04-10 22:55:50.068336+00
7a08e7fe-1f3f-4311-9c28-a8e6e0db57a5,00000000-0000-0000-0000-000000000001,b1f8ed14-07d1-4624-92ad-1bc5500b1f84,bed,5dda0b14-713b-46d0-a6ce-a7a33a2fb6f9,0a839c14-2a88-9896-c2f2-8d51fe610405,2225fe89-e491-892a-6af9-3161efe26613,2026-04-10,null,2026-04-10 22:55:50.068336+00
78e19a9f-2f4a-4b19-be70-63931c7fee7f,00000000-0000-0000-0000-000000000001,0aa3b7f3-53c5-4c88-8747-b5ed946be0fe,bed,5dda0b14-713b-46d0-a6ce-a7a33a2fb6f9,0a839c14-2a88-9896-c2f2-8d51fe610405,1f70e1f3-db99-3d9f-94a0-610b383d5702,2026-04-10,null,2026-04-10 22:55:50.068336+00
a27604b0-a32f-4090-9376-ffe3ec452d09,00000000-0000-0000-0000-000000000001,0aa3b7f3-53c5-4c88-8747-b5ed946be0fe,bed,5dda0b14-713b-46d0-a6ce-a7a33a2fb6f9,0a839c14-2a88-9896-c2f2-8d51fe610405,7c40116d-93d8-18b7-496a-5f628dab192d,2026-04-10,null,2026-04-10 22:55:50.068336+00
3c57d344-9402-479a-9253-23d860873939,00000000-0000-0000-0000-000000000001,0aa3b7f3-53c5-4c88-8747-b5ed946be0fe,bed,5dda0b14-713b-46d0-a6ce-a7a33a2fb6f9,0a839c14-2a88-9896-c2f2-8d51fe610405,74002291-4d86-7717-21fc-0a504d1080b7,2026-04-10,null,2026-04-10 22:55:50.068336+00
1a6b9e1b-50e8-4dcb-8d2a-e5c82acf6a01,00000000-0000-0000-0000-000000000001,84612d6d-e106-404c-84e2-185168266c53,apartment,5dda0b14-713b-46d0-a6ce-a7a33a2fb6f9,0a839c14-2a88-9896-c2f2-8d51fe610405,null,2026-04-10,null,2026-04-10 22:55:50.068336+00
eab766d8-a2b8-4e88-98a3-f66ebec54d98,00000000-0000-0000-0000-000000000001,af72c599-70cf-40f6-90f7-66ec5eef2e85,bed,5dda0b14-713b-46d0-a6ce-a7a33a2fb6f9,0a839c14-2a88-9896-c2f2-8d51fe610405,2225fe89-e491-892a-6af9-3161efe26613,2025-06-17,null,2026-04-10 22:55:50.068336+00
acfbb7ed-70fe-47cf-81b6-96209fe7157f,00000000-0000-0000-0000-000000000001,ea9ed2e7-fd3d-460a-8927-dc4f167fa2c7,apartment,5dda0b14-713b-46d0-a6ce-a7a33a2fb6f9,0a839c14-2a88-9896-c2f2-8d51fe610405,null,2026-04-10,null,2026-04-10 22:55:50.068336+00
e36a5420-8486-42bb-a7af-ba647e8ebc46,00000000-0000-0000-0000-000000000001,027d437f-821c-48ba-9d3a-d937218e464a,bed,5dda0b14-713b-46d0-a6ce-a7a33a2fb6f9,0a839c14-2a88-9896-c2f2-8d51fe610405,1f70e1f3-db99-3d9f-94a0-610b383d5702,2026-04-10,null,2026-04-10 22:55:50.068336+00
47604738-ef39-4979-90dc-4816cd1157e6,00000000-0000-0000-0000-000000000001,027d437f-821c-48ba-9d3a-d937218e464a,bed,5dda0b14-713b-46d0-a6ce-a7a33a2fb6f9,0a839c14-2a88-9896-c2f2-8d51fe610405,7c40116d-93d8-18b7-496a-5f628dab192d,2026-04-10,null,2026-04-10 22:55:50.068336+00
3d98e892-7a22-4550-9702-c6b7e1abd8bc,00000000-0000-0000-0000-000000000001,1f34f4a7-c993-4d15-815b-8d19cbbc3505,bed,5dda0b14-713b-46d0-a6ce-a7a33a2fb6f9,0a839c14-2a88-9896-c2f2-8d51fe610405,2225fe89-e491-892a-6af9-3161efe26613,2026-04-10,null,2026-04-10 22:55:50.068336+00
ac23ab48-2843-446d-8cbd-595637d08ea1,00000000-0000-0000-0000-000000000001,1f34f4a7-c993-4d15-815b-8d19cbbc3505,bed,5dda0b14-713b-46d0-a6ce-a7a33a2fb6f9,0a839c14-2a88-9896-c2f2-8d51fe610405,19becc73-ba94-4a59-e2ef-19d1d342aee3,2026-04-10,null,2026-04-10 22:55:50.068336+00
7adb4288-9b07-4a1a-bc4c-6069f26fdde0,00000000-0000-0000-0000-000000000001,1f34f4a7-c993-4d15-815b-8d19cbbc3505,bed,5dda0b14-713b-46d0-a6ce-a7a33a2fb6f9,0a839c14-2a88-9896-c2f2-8d51fe610405,25cdb264-370f-4be0-5004-6aeb735c94aa,2026-04-10,null,2026-04-10 22:55:50.068336+00
351071b1-b5bd-4a49-aa31-ec08628e35d8,00000000-0000-0000-0000-000000000001,9d7eb51b-a72a-427a-96d1-b9977571e892,bed,5dda0b14-713b-46d0-a6ce-a7a33a2fb6f9,79853a4a-cb02-508c-e041-7e23378aec9c,db22043a-4435-6d25-c2e9-01dd93cc79a4,2026-04-10,null,2026-04-10 22:55:50.068336+00
12c55028-b510-4443-a7c5-c15dd4f022f0,00000000-0000-0000-0000-000000000001,cd2cff77-0bf2-48a6-a0df-59635215d520,bed,5dda0b14-713b-46d0-a6ce-a7a33a2fb6f9,79853a4a-cb02-508c-e041-7e23378aec9c,b3011caa-4f84-1357-f007-ee364043173f,2026-04-10,null,2026-04-10 22:55:50.068336+00
b910648a-25d2-4eac-a75f-532ec1233a62,00000000-0000-0000-0000-000000000001,cd2cff77-0bf2-48a6-a0df-59635215d520,bed,5dda0b14-713b-46d0-a6ce-a7a33a2fb6f9,79853a4a-cb02-508c-e041-7e23378aec9c,0153ccf1-dd56-71dd-4156-d4c3c648531b,2026-04-10,null,2026-04-10 22:55:50.068336+00
9230366c-366f-4775-8ed8-3f6e026dcb32,00000000-0000-0000-0000-000000000001,71701352-6d07-4b20-b6f7-7b70117dd5a3,bed,5dda0b14-713b-46d0-a6ce-a7a33a2fb6f9,79853a4a-cb02-508c-e041-7e23378aec9c,f108b08d-b6c6-e6fe-5782-ba89ca9c16ad,2026-04-10,null,2026-04-10 22:55:50.068336+00
fda7cc5a-91c9-4ef8-8187-1ac5fa273cb9,00000000-0000-0000-0000-000000000001,71701352-6d07-4b20-b6f7-7b70117dd5a3,bed,5dda0b14-713b-46d0-a6ce-a7a33a2fb6f9,79853a4a-cb02-508c-e041-7e23378aec9c,d6055fee-34a1-8a0d-f508-a9469caccc68,2026-04-10,null,2026-04-10 22:55:50.068336+00
42bbc1a0-940a-40d1-bc17-171e32100589,00000000-0000-0000-0000-000000000001,9b9582bc-1a57-4820-80ae-ce7589129083,bed,5dda0b14-713b-46d0-a6ce-a7a33a2fb6f9,79853a4a-cb02-508c-e041-7e23378aec9c,b3011caa-4f84-1357-f007-ee364043173f,2026-04-10,null,2026-04-10 22:55:50.068336+00
651d3f67-3c48-439b-ad95-4199bb00f16e,00000000-0000-0000-0000-000000000001,9b9582bc-1a57-4820-80ae-ce7589129083,bed,5dda0b14-713b-46d0-a6ce-a7a33a2fb6f9,79853a4a-cb02-508c-e041-7e23378aec9c,0153ccf1-dd56-71dd-4156-d4c3c648531b,2026-04-10,null,2026-04-10 22:55:50.068336+00
29834fb9-de22-4728-a539-aff48351d73e,00000000-0000-0000-0000-000000000001,9b9582bc-1a57-4820-80ae-ce7589129083,bed,5dda0b14-713b-46d0-a6ce-a7a33a2fb6f9,79853a4a-cb02-508c-e041-7e23378aec9c,084bb169-aff1-824a-c5de-2804fd43160b,2026-04-10,null,2026-04-10 22:55:50.068336+00
9c217702-67e3-482c-8a46-f592a90bdd9b,00000000-0000-0000-0000-000000000001,d6ba6370-ca76-4dc8-846d-9b25d96a1ac8,bed,5dda0b14-713b-46d0-a6ce-a7a33a2fb6f9,79853a4a-cb02-508c-e041-7e23378aec9c,db22043a-4435-6d25-c2e9-01dd93cc79a4,2026-04-10,null,2026-04-10 22:55:50.068336+00
ec7cee22-5945-4520-8e84-4c134761c423,00000000-0000-0000-0000-000000000001,b3b327a1-754b-48eb-8618-5cf0c33bf8ea,apartment,5dda0b14-713b-46d0-a6ce-a7a33a2fb6f9,79853a4a-cb02-508c-e041-7e23378aec9c,null,2026-04-10,null,2026-04-10 22:55:50.068336+00
75a188ed-d7d9-4ed8-9455-74823887b754,00000000-0000-0000-0000-000000000001,18efef0f-0a5b-49b9-8c9e-28ae6b51471c,apartment,5dda0b14-713b-46d0-a6ce-a7a33a2fb6f9,79853a4a-cb02-508c-e041-7e23378aec9c,null,2026-04-10,null,2026-04-10 22:55:50.068336+00
b6db58f8-450a-4ae4-8d41-4525f9d1faf5,00000000-0000-0000-0000-000000000001,747faa0f-b4b9-4b39-9dd5-39a362977c74,bed,5dda0b14-713b-46d0-a6ce-a7a33a2fb6f9,79853a4a-cb02-508c-e041-7e23378aec9c,b3011caa-4f84-1357-f007-ee364043173f,2026-04-10,null,2026-04-10 22:55:50.068336+00
3b04f7f0-ec51-4d43-b2c0-b085b2f8d1ba,00000000-0000-0000-0000-000000000001,badbe9bd-5cdb-4a9a-a0a2-b005df1d813e,bed,5dda0b14-713b-46d0-a6ce-a7a33a2fb6f9,79853a4a-cb02-508c-e041-7e23378aec9c,0153ccf1-dd56-71dd-4156-d4c3c648531b,2026-04-10,null,2026-04-10 22:55:50.068336+00
95354048-ba56-483f-a30e-3eda42f8660c,00000000-0000-0000-0000-000000000001,a0c47948-5824-4651-a0ed-6fbdafcdea5b,bed,5dda0b14-713b-46d0-a6ce-a7a33a2fb6f9,79853a4a-cb02-508c-e041-7e23378aec9c,db22043a-4435-6d25-c2e9-01dd93cc79a4,2026-04-10,null,2026-04-10 22:55:50.068336+00
4f092a97-321d-4b9c-bb15-42a7c929bc4e,00000000-0000-0000-0000-000000000001,d7e0423d-69a3-4804-b098-61231594d6d1,bed,5dda0b14-713b-46d0-a6ce-a7a33a2fb6f9,79853a4a-cb02-508c-e041-7e23378aec9c,b3011caa-4f84-1357-f007-ee364043173f,2026-04-10,null,2026-04-10 22:55:50.068336+00
15079124-19ca-496d-9535-2cae7b9e6655,00000000-0000-0000-0000-000000000001,da67e176-0e39-4bc3-98f9-0592785ee4f8,bed,5dda0b14-713b-46d0-a6ce-a7a33a2fb6f9,79853a4a-cb02-508c-e041-7e23378aec9c,0153ccf1-dd56-71dd-4156-d4c3c648531b,2026-04-10,null,2026-04-10 22:55:50.068336+00
76230545-297f-40d0-866c-bda1ffb5bce8,00000000-0000-0000-0000-000000000001,051dee8a-d6c7-4b65-adb5-c8f44fb27385,bed,5dda0b14-713b-46d0-a6ce-a7a33a2fb6f9,79853a4a-cb02-508c-e041-7e23378aec9c,f108b08d-b6c6-e6fe-5782-ba89ca9c16ad,2026-04-10,null,2026-04-10 22:55:50.068336+00
fd136cad-40f9-471b-89b8-d826ebf726bd,00000000-0000-0000-0000-000000000001,28c5b709-194b-4f15-9b4c-8bca14f22046,bed,5dda0b14-713b-46d0-a6ce-a7a33a2fb6f9,79853a4a-cb02-508c-e041-7e23378aec9c,d6055fee-34a1-8a0d-f508-a9469caccc68,2026-04-10,null,2026-04-10 22:55:50.068336+00
55c2c646-4abc-4fc2-8919-5b9498b83f8d,00000000-0000-0000-0000-000000000001,461d3c53-89ac-42ae-8b31-b070850b49a1,bed,5dda0b14-713b-46d0-a6ce-a7a33a2fb6f9,79853a4a-cb02-508c-e041-7e23378aec9c,084bb169-aff1-824a-c5de-2804fd43160b,2026-04-10,null,2026-04-10 22:55:50.068336+00
545b018c-16ca-48ba-9665-0b429df25279,00000000-0000-0000-0000-000000000001,a8255c6f-911e-4742-95bf-87d19cb30f5b,bed,5dda0b14-713b-46d0-a6ce-a7a33a2fb6f9,79853a4a-cb02-508c-e041-7e23378aec9c,db22043a-4435-6d25-c2e9-01dd93cc79a4,2026-04-10,null,2026-04-10 22:55:50.068336+00
884f70ed-4290-4d0e-8f91-8f941e1c439b,00000000-0000-0000-0000-000000000001,6e92f808-dbc1-473d-8960-fc705c6b5289,bed,5dda0b14-713b-46d0-a6ce-a7a33a2fb6f9,79853a4a-cb02-508c-e041-7e23378aec9c,b3011caa-4f84-1357-f007-ee364043173f,2026-04-10,null,2026-04-10 22:55:50.068336+00
129a3d37-4ae9-4493-940c-783750ec5fda,00000000-0000-0000-0000-000000000001,d25fbf4d-158f-4669-a6af-85515d8e50b0,bed,5dda0b14-713b-46d0-a6ce-a7a33a2fb6f9,79853a4a-cb02-508c-e041-7e23378aec9c,0153ccf1-dd56-71dd-4156-d4c3c648531b,2026-04-10,null,2026-04-10 22:55:50.068336+00
97516ef3-3999-4481-ad5b-fc0bc8aaaacb,00000000-0000-0000-0000-000000000001,1d636b41-0f27-48db-b70c-63414832c405,bed,5dda0b14-713b-46d0-a6ce-a7a33a2fb6f9,79853a4a-cb02-508c-e041-7e23378aec9c,f108b08d-b6c6-e6fe-5782-ba89ca9c16ad,2026-04-10,null,2026-04-10 22:55:50.068336+00
f7ebd6cc-272d-4973-9e28-2c85543d1fef,00000000-0000-0000-0000-000000000001,5bb9b47e-a660-44c7-9326-48c7c02030cc,bed,5dda0b14-713b-46d0-a6ce-a7a33a2fb6f9,79853a4a-cb02-508c-e041-7e23378aec9c,d6055fee-34a1-8a0d-f508-a9469caccc68,2026-04-10,null,2026-04-10 22:55:50.068336+00
6fb55d39-9a59-402d-bafc-9167f174020c,00000000-0000-0000-0000-000000000001,df403c47-8fb4-41ba-8971-7055935e1336,bed,5dda0b14-713b-46d0-a6ce-a7a33a2fb6f9,79853a4a-cb02-508c-e041-7e23378aec9c,b3011caa-4f84-1357-f007-ee364043173f,2026-04-10,null,2026-04-10 22:55:50.068336+00
b3866369-3e5f-4cea-b512-5bd5acf76190,00000000-0000-0000-0000-000000000001,df403c47-8fb4-41ba-8971-7055935e1336,bed,5dda0b14-713b-46d0-a6ce-a7a33a2fb6f9,79853a4a-cb02-508c-e041-7e23378aec9c,0153ccf1-dd56-71dd-4156-d4c3c648531b,2026-04-10,null,2026-04-10 22:55:50.068336+00
f3e8aeac-6754-4fa1-b55c-a731fb0a83f0,00000000-0000-0000-0000-000000000001,df403c47-8fb4-41ba-8971-7055935e1336,bed,5dda0b14-713b-46d0-a6ce-a7a33a2fb6f9,79853a4a-cb02-508c-e041-7e23378aec9c,084bb169-aff1-824a-c5de-2804fd43160b,2026-04-10,null,2026-04-10 22:55:50.068336+00
bdc0de53-5a77-4ec5-be00-ffb362ff046d,00000000-0000-0000-0000-000000000001,75dfb265-445d-4ed2-8356-ff0e899d20f5,apartment,5dda0b14-713b-46d0-a6ce-a7a33a2fb6f9,79853a4a-cb02-508c-e041-7e23378aec9c,null,2026-04-10,null,2026-04-10 22:55:50.068336+00
79e5881d-aed3-4358-af7d-f554c8c7581a,00000000-0000-0000-0000-000000000001,2d64cbe9-9c34-495b-9ed7-f45de219c086,bed,5dda0b14-713b-46d0-a6ce-a7a33a2fb6f9,79853a4a-cb02-508c-e041-7e23378aec9c,db22043a-4435-6d25-c2e9-01dd93cc79a4,2026-04-10,null,2026-04-10 22:55:50.068336+00
39fe5538-f812-4bf4-96e2-d67ce7ac02ff,00000000-0000-0000-0000-000000000001,5759ded5-06b1-412e-b2f3-8c94605c0c14,bed,5dda0b14-713b-46d0-a6ce-a7a33a2fb6f9,79853a4a-cb02-508c-e041-7e23378aec9c,b3011caa-4f84-1357-f007-ee364043173f,2026-04-10,null,2026-04-10 22:55:50.068336+00
faefc4f0-5f44-4cb1-ac19-bcc787c93fa2,00000000-0000-0000-0000-000000000001,5759ded5-06b1-412e-b2f3-8c94605c0c14,bed,5dda0b14-713b-46d0-a6ce-a7a33a2fb6f9,79853a4a-cb02-508c-e041-7e23378aec9c,0153ccf1-dd56-71dd-4156-d4c3c648531b,2026-04-10,null,2026-04-10 22:55:50.068336+00
bee801d9-eb49-4922-b1f3-84f7f9a90277,00000000-0000-0000-0000-000000000001,9d1e311a-cb0a-4ed0-a1a5-54bafa0ca837,bed,5dda0b14-713b-46d0-a6ce-a7a33a2fb6f9,79853a4a-cb02-508c-e041-7e23378aec9c,f108b08d-b6c6-e6fe-5782-ba89ca9c16ad,2026-04-10,null,2026-04-10 22:55:50.068336+00
b311893f-f7cf-4751-a956-2b93750ce7e2,00000000-0000-0000-0000-000000000001,9d1e311a-cb0a-4ed0-a1a5-54bafa0ca837,bed,5dda0b14-713b-46d0-a6ce-a7a33a2fb6f9,79853a4a-cb02-508c-e041-7e23378aec9c,d6055fee-34a1-8a0d-f508-a9469caccc68,2026-04-10,null,2026-04-10 22:55:50.068336+00
883397c3-8cab-4e27-8b20-23702948ccf7,00000000-0000-0000-0000-000000000001,7f864296-4fea-4704-9363-c0bdd3dcfc31,bed,5dda0b14-713b-46d0-a6ce-a7a33a2fb6f9,79853a4a-cb02-508c-e041-7e23378aec9c,b3011caa-4f84-1357-f007-ee364043173f,2026-04-10,null,2026-04-10 22:55:50.068336+00
d641163f-d5e3-456f-86bc-6f15c17bd11f,00000000-0000-0000-0000-000000000001,7f864296-4fea-4704-9363-c0bdd3dcfc31,bed,5dda0b14-713b-46d0-a6ce-a7a33a2fb6f9,79853a4a-cb02-508c-e041-7e23378aec9c,0153ccf1-dd56-71dd-4156-d4c3c648531b,2026-04-10,null,2026-04-10 22:55:50.068336+00
bdc8ac14-0e79-46db-af6b-5529542c516e,00000000-0000-0000-0000-000000000001,7f864296-4fea-4704-9363-c0bdd3dcfc31,bed,5dda0b14-713b-46d0-a6ce-a7a33a2fb6f9,79853a4a-cb02-508c-e041-7e23378aec9c,084bb169-aff1-824a-c5de-2804fd43160b,2026-04-10,null,2026-04-10 22:55:50.068336+00
25da36af-e0c9-4e72-9da3-3207daa08083,00000000-0000-0000-0000-000000000001,04bbff44-9abe-4204-b8be-b60d07778c68,apartment,5dda0b14-713b-46d0-a6ce-a7a33a2fb6f9,79853a4a-cb02-508c-e041-7e23378aec9c,null,2026-04-10,null,2026-04-10 22:55:50.068336+00
5c86d037-fa5c-45f5-8e0f-cdc651156fd0,00000000-0000-0000-0000-000000000001,f719feff-9bd6-4a58-88c9-7f4829b0ab09,bed,5dda0b14-713b-46d0-a6ce-a7a33a2fb6f9,79853a4a-cb02-508c-e041-7e23378aec9c,db22043a-4435-6d25-c2e9-01dd93cc79a4,2026-04-10,null,2026-04-10 22:55:50.068336+00
52ed3da2-468d-4d38-9049-b66471ba3635,00000000-0000-0000-0000-000000000001,45be4a5a-8a7e-4ce7-bb25-c3021d5d3c8f,bed,5dda0b14-713b-46d0-a6ce-a7a33a2fb6f9,79853a4a-cb02-508c-e041-7e23378aec9c,b3011caa-4f84-1357-f007-ee364043173f,2026-04-10,null,2026-04-10 22:55:50.068336+00
ac35336b-6250-4de6-82f5-0246bf18ec02,00000000-0000-0000-0000-000000000001,b9d6b81f-65a1-4273-b510-0dea90aca2dd,bed,5dda0b14-713b-46d0-a6ce-a7a33a2fb6f9,79853a4a-cb02-508c-e041-7e23378aec9c,0153ccf1-dd56-71dd-4156-d4c3c648531b,2026-04-10,null,2026-04-10 22:55:50.068336+00
9dae9e71-bf53-453d-ac99-9584c6ae8997,00000000-0000-0000-0000-000000000001,617eb4e9-4860-4511-82a5-2c9a482cd7dc,bed,5dda0b14-713b-46d0-a6ce-a7a33a2fb6f9,79853a4a-cb02-508c-e041-7e23378aec9c,f108b08d-b6c6-e6fe-5782-ba89ca9c16ad,2026-04-10,null,2026-04-10 22:55:50.068336+00
16e07355-bceb-404b-9850-2212fbeb0cc9,00000000-0000-0000-0000-000000000001,d8f0cc0c-26be-46da-b0e3-0f285eb2d59c,bed,5dda0b14-713b-46d0-a6ce-a7a33a2fb6f9,79853a4a-cb02-508c-e041-7e23378aec9c,d6055fee-34a1-8a0d-f508-a9469caccc68,2026-04-10,null,2026-04-10 22:55:50.068336+00
c1a289be-83eb-4fd1-a324-52d30fc91b73,00000000-0000-0000-0000-000000000001,f2b91526-bd0b-4b38-80b4-7390ea35c445,bed,5dda0b14-713b-46d0-a6ce-a7a33a2fb6f9,79853a4a-cb02-508c-e041-7e23378aec9c,b3011caa-4f84-1357-f007-ee364043173f,2026-04-10,null,2026-04-10 22:55:50.068336+00
fb0b751a-47a9-4446-addf-9c8f6afe30b3,00000000-0000-0000-0000-000000000001,9e26b5fd-92ba-4ba4-844b-3a547d867fec,bed,5dda0b14-713b-46d0-a6ce-a7a33a2fb6f9,79853a4a-cb02-508c-e041-7e23378aec9c,0153ccf1-dd56-71dd-4156-d4c3c648531b,2026-04-10,null,2026-04-10 22:55:50.068336+00
2eae7cb7-0de4-43e8-a4f5-eb34837fbb77,00000000-0000-0000-0000-000000000001,23ae6899-3a8a-4250-ba94-7d0bd2277ab0,bed,5dda0b14-713b-46d0-a6ce-a7a33a2fb6f9,79853a4a-cb02-508c-e041-7e23378aec9c,084bb169-aff1-824a-c5de-2804fd43160b,2026-04-10,null,2026-04-10 22:55:50.068336+00
c94f2840-bbe0-4895-ab4c-9566e8be32c0,00000000-0000-0000-0000-000000000001,ca0121b1-e44e-480b-a144-725e7ba7850e,apartment,5dda0b14-713b-46d0-a6ce-a7a33a2fb6f9,79853a4a-cb02-508c-e041-7e23378aec9c,null,2026-04-10,null,2026-04-10 22:55:50.068336+00
85dabda2-fc32-4acf-80ae-3be045d547c6,00000000-0000-0000-0000-000000000001,52abe4ce-6090-4c82-9b77-fd11f5ed36d1,apartment,5dda0b14-713b-46d0-a6ce-a7a33a2fb6f9,79853a4a-cb02-508c-e041-7e23378aec9c,null,2026-04-10,null,2026-04-10 22:55:50.068336+00
4cc56ba1-febe-47a3-b2e5-c08ac1297e2d,00000000-0000-0000-0000-000000000001,ca68dd62-68a5-4a63-a016-b7e64f51fba0,apartment,5dda0b14-713b-46d0-a6ce-a7a33a2fb6f9,79853a4a-cb02-508c-e041-7e23378aec9c,null,2024-04-02,null,2026-04-10 22:55:50.068336+00
d3d2a07d-a4b0-4555-85fd-d55597efa5f1,00000000-0000-0000-0000-000000000001,0c6a45fa-eea8-4b3e-925c-9e22848928f0,apartment,5dda0b14-713b-46d0-a6ce-a7a33a2fb6f9,79853a4a-cb02-508c-e041-7e23378aec9c,null,2026-03-23,null,2026-04-10 22:55:50.068336+00
9dbe4f5e-4522-460b-80d1-6630db99a3d2,00000000-0000-0000-0000-000000000001,d87bd485-05f2-4617-a9ad-bdb8a5769a19,apartment,5dda0b14-713b-46d0-a6ce-a7a33a2fb6f9,79853a4a-cb02-508c-e041-7e23378aec9c,null,2026-04-10,null,2026-04-10 22:55:50.068336+00
d4e8d12f-43fc-4024-884b-5745701dc0d0,00000000-0000-0000-0000-000000000001,a511b23c-c734-4e7f-84f5-5b6fafd92e2e,apartment,5dda0b14-713b-46d0-a6ce-a7a33a2fb6f9,79853a4a-cb02-508c-e041-7e23378aec9c,null,2026-04-10,null,2026-04-10 22:55:50.068336+00
72a43ea0-b232-4dba-85fb-ee029735218a,00000000-0000-0000-0000-000000000001,03f68b83-e328-485a-bfe0-d419e564b2b8,apartment,5dda0b14-713b-46d0-a6ce-a7a33a2fb6f9,79853a4a-cb02-508c-e041-7e23378aec9c,null,2026-04-10,null,2026-04-10 22:55:50.068336+00
90e68d25-ccc7-47bc-a409-743a8d33cc4a,00000000-0000-0000-0000-000000000001,6bc38871-25d9-457f-a31d-3e8eefc1a3ef,apartment,5dda0b14-713b-46d0-a6ce-a7a33a2fb6f9,79853a4a-cb02-508c-e041-7e23378aec9c,null,2026-04-10,null,2026-04-10 22:55:50.068336+00
70767d13-6bc7-4ca8-89a3-46a794efe1f6,00000000-0000-0000-0000-000000000001,71429d80-5d20-47b1-a840-ace2c86722c8,bed,5dda0b14-713b-46d0-a6ce-a7a33a2fb6f9,79853a4a-cb02-508c-e041-7e23378aec9c,b3011caa-4f84-1357-f007-ee364043173f,2026-04-10,null,2026-04-10 22:55:50.068336+00
c12ecdaf-e579-4f51-a2ef-2b1bfe11a6f4,00000000-0000-0000-0000-000000000001,71429d80-5d20-47b1-a840-ace2c86722c8,bed,5dda0b14-713b-46d0-a6ce-a7a33a2fb6f9,79853a4a-cb02-508c-e041-7e23378aec9c,0153ccf1-dd56-71dd-4156-d4c3c648531b,2026-04-10,null,2026-04-10 22:55:50.068336+00
701a9e39-6b9c-4438-9446-eb915ae498b0,00000000-0000-0000-0000-000000000001,71429d80-5d20-47b1-a840-ace2c86722c8,bed,5dda0b14-713b-46d0-a6ce-a7a33a2fb6f9,79853a4a-cb02-508c-e041-7e23378aec9c,084bb169-aff1-824a-c5de-2804fd43160b,2026-04-10,null,2026-04-10 22:55:50.068336+00
2d42d700-cc01-46e6-90ee-e55a3b1237c5,00000000-0000-0000-0000-000000000001,adb3400d-f02f-4df4-9edb-1ae6e142d858,apartment,5dda0b14-713b-46d0-a6ce-a7a33a2fb6f9,79853a4a-cb02-508c-e041-7e23378aec9c,null,2026-04-10,null,2026-04-10 22:55:50.068336+00
30d34e7e-d5d8-42d8-8990-0100b5eab63a,00000000-0000-0000-0000-000000000001,64ffae91-ff30-488f-96fb-24e14f1bef3d,bed,5dda0b14-713b-46d0-a6ce-a7a33a2fb6f9,79853a4a-cb02-508c-e041-7e23378aec9c,b3011caa-4f84-1357-f007-ee364043173f,2026-04-10,null,2026-04-10 22:55:50.068336+00
3805f639-c4db-41cb-8dd9-378471e0b878,00000000-0000-0000-0000-000000000001,9cf723ca-4abf-4b62-ba49-d7a155d6b83a,bed,5dda0b14-713b-46d0-a6ce-a7a33a2fb6f9,79853a4a-cb02-508c-e041-7e23378aec9c,0153ccf1-dd56-71dd-4156-d4c3c648531b,2026-04-10,null,2026-04-10 22:55:50.068336+00
1126e068-65c1-42da-b8cb-18e072843f48,00000000-0000-0000-0000-000000000001,42f85d91-3372-483f-9f1d-0a3f1face037,apartment,5dda0b14-713b-46d0-a6ce-a7a33a2fb6f9,79853a4a-cb02-508c-e041-7e23378aec9c,null,2026-04-10,null,2026-04-10 22:55:50.068336+00
abe23638-5fb8-473b-a7b5-c86b4c66bbb5,00000000-0000-0000-0000-000000000001,221a8e8b-1f99-42dc-a890-e819e526999e,apartment,5dda0b14-713b-46d0-a6ce-a7a33a2fb6f9,79853a4a-cb02-508c-e041-7e23378aec9c,null,2026-04-10,null,2026-04-10 22:55:50.068336+00
fa07e0d4-3d59-4d1b-bee9-97fe7f651775,00000000-0000-0000-0000-000000000001,f1b25cdd-e630-44ef-a054-2f57d7add09c,bed,5dda0b14-713b-46d0-a6ce-a7a33a2fb6f9,03edc7c5-4c46-b55e-523d-9fb7be29910b,42541fce-4dd2-805a-5d01-5aa7e5db8726,2026-04-10,null,2026-04-10 22:55:50.068336+00
21414b8e-f732-4b7d-82d5-a67673e9eedf,00000000-0000-0000-0000-000000000001,732451e8-2061-4534-9b47-f94f0f301982,bed,5dda0b14-713b-46d0-a6ce-a7a33a2fb6f9,03edc7c5-4c46-b55e-523d-9fb7be29910b,93a076cf-52c6-b904-02a9-5b95125d5dfb,2026-04-10,null,2026-04-10 22:55:50.068336+00
b0448086-5838-4f57-b0eb-e9c32fa0a954,00000000-0000-0000-0000-000000000001,732451e8-2061-4534-9b47-f94f0f301982,bed,5dda0b14-713b-46d0-a6ce-a7a33a2fb6f9,03edc7c5-4c46-b55e-523d-9fb7be29910b,7f5d0339-af32-1588-78ab-cfbcebe8e47f,2026-04-10,null,2026-04-10 22:55:50.068336+00
384841c9-5858-45c7-8aba-37fc339de0ff,00000000-0000-0000-0000-000000000001,e9d5977f-a772-4983-b0c9-01e119da732e,bed,5dda0b14-713b-46d0-a6ce-a7a33a2fb6f9,03edc7c5-4c46-b55e-523d-9fb7be29910b,7c369e8a-97c2-59de-b4b9-6f506fb0812f,2026-04-10,null,2026-04-10 22:55:50.068336+00
0c72c326-1bb7-47b9-980a-b64c46c18dd7,00000000-0000-0000-0000-000000000001,e9d5977f-a772-4983-b0c9-01e119da732e,bed,5dda0b14-713b-46d0-a6ce-a7a33a2fb6f9,03edc7c5-4c46-b55e-523d-9fb7be29910b,69a06a67-b0da-0493-6495-0620f46df91c,2026-04-10,null,2026-04-10 22:55:50.068336+00
daad729b-4c45-420d-902a-8ad3a385abe5,00000000-0000-0000-0000-000000000001,4bca902d-8716-446e-b3b2-e01da0999fba,bed,5dda0b14-713b-46d0-a6ce-a7a33a2fb6f9,03edc7c5-4c46-b55e-523d-9fb7be29910b,abfa482f-64b8-5ca0-3072-e8345f44a317,2026-04-10,null,2026-04-10 22:55:50.068336+00
5167421b-f39e-4a2c-920b-9c8653e31517,00000000-0000-0000-0000-000000000001,4bca902d-8716-446e-b3b2-e01da0999fba,apartment,5dda0b14-713b-46d0-a6ce-a7a33a2fb6f9,03edc7c5-4c46-b55e-523d-9fb7be29910b,null,2026-04-10,null,2026-04-10 22:55:50.068336+00
26d66729-b464-494c-b54a-42f6309faeeb,00000000-0000-0000-0000-000000000001,89609263-4d65-4695-b979-4f6629798d05,bed,5dda0b14-713b-46d0-a6ce-a7a33a2fb6f9,03edc7c5-4c46-b55e-523d-9fb7be29910b,93a076cf-52c6-b904-02a9-5b95125d5dfb,2026-04-10,null,2026-04-10 22:55:50.068336+00
baa8816f-5124-4f4d-8070-f93c3bca37dc,00000000-0000-0000-0000-000000000001,e1f40eb2-985c-446d-a7e8-2f45fa676414,bed,5dda0b14-713b-46d0-a6ce-a7a33a2fb6f9,03edc7c5-4c46-b55e-523d-9fb7be29910b,7f5d0339-af32-1588-78ab-cfbcebe8e47f,2026-04-10,null,2026-04-10 22:55:50.068336+00
82448650-65b2-44c5-8dfd-b7336e437392,00000000-0000-0000-0000-000000000001,c023db5a-992e-436b-90b5-9f0b421b7ffc,bed,5dda0b14-713b-46d0-a6ce-a7a33a2fb6f9,03edc7c5-4c46-b55e-523d-9fb7be29910b,7c369e8a-97c2-59de-b4b9-6f506fb0812f,2026-04-10,null,2026-04-10 22:55:50.068336+00
09a04eac-ab3d-4587-8e03-4e1bbf41e13f,00000000-0000-0000-0000-000000000001,bf55eb73-e861-4c1a-9ccb-46dc975c604f,bed,5dda0b14-713b-46d0-a6ce-a7a33a2fb6f9,03edc7c5-4c46-b55e-523d-9fb7be29910b,69a06a67-b0da-0493-6495-0620f46df91c,2026-04-10,null,2026-04-10 22:55:50.068336+00
66a0ff8d-9ceb-4dc5-95bc-9edaae6f1a91,00000000-0000-0000-0000-000000000001,ada1208e-4951-4c73-b4ef-1468ea582cb3,apartment,5dda0b14-713b-46d0-a6ce-a7a33a2fb6f9,03edc7c5-4c46-b55e-523d-9fb7be29910b,null,2026-04-10,null,2026-04-10 22:55:50.068336+00
fa84017c-54bb-4e34-b334-101ca6c8e74e,00000000-0000-0000-0000-000000000001,80438cfd-b937-4560-af65-fe67fdaeb93e,bed,5dda0b14-713b-46d0-a6ce-a7a33a2fb6f9,03edc7c5-4c46-b55e-523d-9fb7be29910b,42541fce-4dd2-805a-5d01-5aa7e5db8726,2026-04-10,null,2026-04-10 22:55:50.068336+00
62b0ce73-0a6d-4fc0-88d6-17da91d1a0b3,00000000-0000-0000-0000-000000000001,a40a14d3-8c32-4380-a976-c8e56f7b5e0c,apartment,5dda0b14-713b-46d0-a6ce-a7a33a2fb6f9,03edc7c5-4c46-b55e-523d-9fb7be29910b,null,2026-04-10,null,2026-04-10 22:55:50.068336+00
cba39ed4-7021-402a-97e5-d0af7f937d28,00000000-0000-0000-0000-000000000001,1abc4639-3965-40fb-b399-0342401a409a,apartment,5dda0b14-713b-46d0-a6ce-a7a33a2fb6f9,03edc7c5-4c46-b55e-523d-9fb7be29910b,null,2026-04-10,null,2026-04-10 22:55:50.068336+00
3323f12f-7d6b-4960-a4c5-eb29bfa7b6ba,00000000-0000-0000-0000-000000000001,c42a326e-7158-4f8a-968a-a39158a76b24,apartment,5dda0b14-713b-46d0-a6ce-a7a33a2fb6f9,03edc7c5-4c46-b55e-523d-9fb7be29910b,null,2026-04-10,null,2026-04-10 22:55:50.068336+00
70a0af78-e144-4e35-a018-0d429913228b,00000000-0000-0000-0000-000000000001,faf79926-ad6d-4683-9998-c086601d369f,bed,5dda0b14-713b-46d0-a6ce-a7a33a2fb6f9,03edc7c5-4c46-b55e-523d-9fb7be29910b,42541fce-4dd2-805a-5d01-5aa7e5db8726,2026-04-10,null,2026-04-10 22:55:50.068336+00
004a70e8-78a0-475d-b2b1-0ac0cc191ddf,00000000-0000-0000-0000-000000000001,baf57145-6eae-4df6-bc64-c097aafd7abb,bed,5dda0b14-713b-46d0-a6ce-a7a33a2fb6f9,03edc7c5-4c46-b55e-523d-9fb7be29910b,93a076cf-52c6-b904-02a9-5b95125d5dfb,2026-04-10,null,2026-04-10 22:55:50.068336+00
180fd183-d8af-4dfd-a479-1937f6bf5dcc,00000000-0000-0000-0000-000000000001,f8f9e614-3686-4821-af16-5ffd6c86cfa1,bed,5dda0b14-713b-46d0-a6ce-a7a33a2fb6f9,03edc7c5-4c46-b55e-523d-9fb7be29910b,7f5d0339-af32-1588-78ab-cfbcebe8e47f,2026-04-10,null,2026-04-10 22:55:50.068336+00
e31c9e86-7510-4014-9120-e51e59fbd9d5,00000000-0000-0000-0000-000000000001,5c3cc2a5-1fb3-414e-9e6e-373f83a8fe51,bed,5dda0b14-713b-46d0-a6ce-a7a33a2fb6f9,03edc7c5-4c46-b55e-523d-9fb7be29910b,7c369e8a-97c2-59de-b4b9-6f506fb0812f,2026-04-10,null,2026-04-10 22:55:50.068336+00
075b2cb2-191c-42e5-98a4-14ae10b3ac0c,00000000-0000-0000-0000-000000000001,c32730f7-1da1-41f6-b046-96605ee27ab7,bed,5dda0b14-713b-46d0-a6ce-a7a33a2fb6f9,03edc7c5-4c46-b55e-523d-9fb7be29910b,69a06a67-b0da-0493-6495-0620f46df91c,2026-04-10,null,2026-04-10 22:55:50.068336+00
4ac112e8-1d69-4b5c-9ebe-fcf5a49a489b,00000000-0000-0000-0000-000000000001,33111449-c948-48fa-88db-f2c428f08590,apartment,5dda0b14-713b-46d0-a6ce-a7a33a2fb6f9,03edc7c5-4c46-b55e-523d-9fb7be29910b,null,2026-04-10,null,2026-04-10 22:55:50.068336+00
4e86d0a5-5d07-481c-901c-492a1964fb8a,00000000-0000-0000-0000-000000000001,85bff95a-36d4-4788-bb27-cdbb588024e9,bed,5dda0b14-713b-46d0-a6ce-a7a33a2fb6f9,03edc7c5-4c46-b55e-523d-9fb7be29910b,42541fce-4dd2-805a-5d01-5aa7e5db8726,2026-04-10,null,2026-04-10 22:55:50.068336+00
15885f7a-2507-47d4-a1fe-5ab264086d7d,00000000-0000-0000-0000-000000000001,741e7d2f-2820-4743-bbc7-d3b76c50437e,bed,5dda0b14-713b-46d0-a6ce-a7a33a2fb6f9,03edc7c5-4c46-b55e-523d-9fb7be29910b,93a076cf-52c6-b904-02a9-5b95125d5dfb,2026-04-10,null,2026-04-10 22:55:50.068336+00
4737bb94-8ade-4980-b4e6-b808eed18cc4,00000000-0000-0000-0000-000000000001,a36dcf6f-52d0-48df-9db0-a7204ab4abfe,bed,5dda0b14-713b-46d0-a6ce-a7a33a2fb6f9,03edc7c5-4c46-b55e-523d-9fb7be29910b,7f5d0339-af32-1588-78ab-cfbcebe8e47f,2026-04-10,null,2026-04-10 22:55:50.068336+00
a0e88f31-ca05-4a6d-aec0-4c556592857b,00000000-0000-0000-0000-000000000001,a5b5e719-bbd1-4d13-aa4d-c8a2e7b326ac,bed,5dda0b14-713b-46d0-a6ce-a7a33a2fb6f9,03edc7c5-4c46-b55e-523d-9fb7be29910b,7c369e8a-97c2-59de-b4b9-6f506fb0812f,2026-04-10,null,2026-04-10 22:55:50.068336+00
f79d6db2-34c3-4e67-909c-8335eed37c8d,00000000-0000-0000-0000-000000000001,72f9d14b-12cf-4083-b8c7-f59c7a9f9105,bed,5dda0b14-713b-46d0-a6ce-a7a33a2fb6f9,03edc7c5-4c46-b55e-523d-9fb7be29910b,69a06a67-b0da-0493-6495-0620f46df91c,2026-04-10,null,2026-04-10 22:55:50.068336+00
c010245b-b4af-4287-bf7f-7cebfbcfeafa,00000000-0000-0000-0000-000000000001,bbe816a2-8227-41be-8837-581ee0465969,apartment,5dda0b14-713b-46d0-a6ce-a7a33a2fb6f9,03edc7c5-4c46-b55e-523d-9fb7be29910b,null,2026-04-10,null,2026-04-10 22:55:50.068336+00
fccb5726-9e2a-413e-b15a-490c644004d7,00000000-0000-0000-0000-000000000001,97392733-b421-419e-8358-b6b86ba59e3e,apartment,5dda0b14-713b-46d0-a6ce-a7a33a2fb6f9,03edc7c5-4c46-b55e-523d-9fb7be29910b,null,2026-04-10,null,2026-04-10 22:55:50.068336+00
d344fc7d-896b-479a-ad42-002dd8a6b903,00000000-0000-0000-0000-000000000001,86cfe969-a250-4233-ae88-b25e85bfd41e,bed,5dda0b14-713b-46d0-a6ce-a7a33a2fb6f9,03edc7c5-4c46-b55e-523d-9fb7be29910b,42541fce-4dd2-805a-5d01-5aa7e5db8726,2026-04-10,null,2026-04-10 22:55:50.068336+00
0b3437fe-5698-4f2e-aedc-acc02e26896f,00000000-0000-0000-0000-000000000001,8e4a1a7b-c87d-40fc-b80c-181f621c7e4a,bed,5dda0b14-713b-46d0-a6ce-a7a33a2fb6f9,03edc7c5-4c46-b55e-523d-9fb7be29910b,93a076cf-52c6-b904-02a9-5b95125d5dfb,2026-04-10,null,2026-04-10 22:55:50.068336+00
3f346c3e-da08-4abb-aeb3-628afe71cdca,00000000-0000-0000-0000-000000000001,8e4a1a7b-c87d-40fc-b80c-181f621c7e4a,bed,5dda0b14-713b-46d0-a6ce-a7a33a2fb6f9,03edc7c5-4c46-b55e-523d-9fb7be29910b,7f5d0339-af32-1588-78ab-cfbcebe8e47f,2026-04-10,null,2026-04-10 22:55:50.068336+00
a65de4b5-b306-419f-a664-98b2d7b1b341,00000000-0000-0000-0000-000000000001,5adc0dfb-3390-4e17-bed7-ebeb8b8e571f,bed,5dda0b14-713b-46d0-a6ce-a7a33a2fb6f9,03edc7c5-4c46-b55e-523d-9fb7be29910b,7c369e8a-97c2-59de-b4b9-6f506fb0812f,2026-04-10,null,2026-04-10 22:55:50.068336+00
4e12ca99-e192-4670-9494-b842b2be2f71,00000000-0000-0000-0000-000000000001,5adc0dfb-3390-4e17-bed7-ebeb8b8e571f,bed,5dda0b14-713b-46d0-a6ce-a7a33a2fb6f9,03edc7c5-4c46-b55e-523d-9fb7be29910b,69a06a67-b0da-0493-6495-0620f46df91c,2026-04-10,null,2026-04-10 22:55:50.068336+00
5ddf7e6d-7dab-4fdf-8100-993ea995722b,00000000-0000-0000-0000-000000000001,563f1f66-9d2f-4054-b25b-775b06211ce1,bed,5dda0b14-713b-46d0-a6ce-a7a33a2fb6f9,03edc7c5-4c46-b55e-523d-9fb7be29910b,abfa482f-64b8-5ca0-3072-e8345f44a317,2026-04-10,null,2026-04-10 22:55:50.068336+00
c9b85149-d0b4-4f49-a17c-ea5424b2a8bb,00000000-0000-0000-0000-000000000001,563f1f66-9d2f-4054-b25b-775b06211ce1,apartment,5dda0b14-713b-46d0-a6ce-a7a33a2fb6f9,03edc7c5-4c46-b55e-523d-9fb7be29910b,null,2026-04-10,null,2026-04-10 22:55:50.068336+00
d448ea31-7d59-49b2-87b2-b1b974bfae6c,00000000-0000-0000-0000-000000000001,f2fa781a-a6f2-46ab-a15a-af374aeb289c,apartment,5dda0b14-713b-46d0-a6ce-a7a33a2fb6f9,03edc7c5-4c46-b55e-523d-9fb7be29910b,null,2026-04-10,null,2026-04-10 22:55:50.068336+00
f55769af-8f9d-4f28-bd28-95c551f7c7c2,00000000-0000-0000-0000-000000000001,198ff132-5758-4103-8b96-b9c76ef3efdb,apartment,5dda0b14-713b-46d0-a6ce-a7a33a2fb6f9,03edc7c5-4c46-b55e-523d-9fb7be29910b,null,2026-04-10,null,2026-04-10 22:55:50.068336+00
6aef05ca-e124-412d-830d-a22867b30665,00000000-0000-0000-0000-000000000001,cca3f510-0800-4f99-93c2-034559cc9afe,bed,5dda0b14-713b-46d0-a6ce-a7a33a2fb6f9,03edc7c5-4c46-b55e-523d-9fb7be29910b,42541fce-4dd2-805a-5d01-5aa7e5db8726,2026-04-10,null,2026-04-10 22:55:50.068336+00
235b929a-ce89-45ab-9afc-52496b8b1cf8,00000000-0000-0000-0000-000000000001,33b4dded-ea9a-498b-b4f7-b0b178c74c9a,bed,5dda0b14-713b-46d0-a6ce-a7a33a2fb6f9,03edc7c5-4c46-b55e-523d-9fb7be29910b,93a076cf-52c6-b904-02a9-5b95125d5dfb,2026-04-10,null,2026-04-10 22:55:50.068336+00
4fbdc80b-917b-4bc5-a978-a6b8ac9eab14,00000000-0000-0000-0000-000000000001,21629850-ff3c-4c3d-a886-ae1456c4e98e,bed,5dda0b14-713b-46d0-a6ce-a7a33a2fb6f9,03edc7c5-4c46-b55e-523d-9fb7be29910b,7f5d0339-af32-1588-78ab-cfbcebe8e47f,2026-04-10,null,2026-04-10 22:55:50.068336+00
47588749-1c35-480e-91be-c6c7341ddb6e,00000000-0000-0000-0000-000000000001,c9aefe22-624e-4434-9034-0d0dc0b66083,bed,5dda0b14-713b-46d0-a6ce-a7a33a2fb6f9,03edc7c5-4c46-b55e-523d-9fb7be29910b,7c369e8a-97c2-59de-b4b9-6f506fb0812f,2026-04-10,null,2026-04-10 22:55:50.068336+00
7744d6d6-fac8-4a45-ac61-600bdb515405,00000000-0000-0000-0000-000000000001,62cccc82-f9cc-45db-8c9c-7fa6994bc264,bed,5dda0b14-713b-46d0-a6ce-a7a33a2fb6f9,03edc7c5-4c46-b55e-523d-9fb7be29910b,69a06a67-b0da-0493-6495-0620f46df91c,2026-04-10,null,2026-04-10 22:55:50.068336+00
42644d8e-c7b7-4e66-a09c-514e8ea333eb,00000000-0000-0000-0000-000000000001,eb3b3eb1-2453-45df-b8ba-a54590737d19,apartment,5dda0b14-713b-46d0-a6ce-a7a33a2fb6f9,03edc7c5-4c46-b55e-523d-9fb7be29910b,null,2026-04-10,null,2026-04-10 22:55:50.068336+00
612ccd85-d86c-44c9-84e0-96ab6d013cef,00000000-0000-0000-0000-000000000001,018c7b79-0a17-4196-be3f-ae620bc2be6b,apartment,5dda0b14-713b-46d0-a6ce-a7a33a2fb6f9,03edc7c5-4c46-b55e-523d-9fb7be29910b,null,2026-04-10,null,2026-04-10 22:55:50.068336+00
e4fc7c1c-5b3b-4328-9575-4dcb67bb25a6,00000000-0000-0000-0000-000000000001,e3a5c95c-3543-4dea-937b-939e61086ed3,apartment,5dda0b14-713b-46d0-a6ce-a7a33a2fb6f9,03edc7c5-4c46-b55e-523d-9fb7be29910b,null,2026-04-10,null,2026-04-10 22:55:50.068336+00
f020d693-8673-43e5-b2b3-0546da30d6cc,00000000-0000-0000-0000-000000000001,36e8fa1c-4cd7-478b-9e8b-53b1c9cbc79a,apartment,5dda0b14-713b-46d0-a6ce-a7a33a2fb6f9,03edc7c5-4c46-b55e-523d-9fb7be29910b,null,2024-02-28,null,2026-04-10 22:55:50.068336+00
b609ea6a-d03f-4dd6-adaa-b089e47c5b5d,00000000-0000-0000-0000-000000000001,c149597a-44ff-49b6-9fb5-06d8182ec253,apartment,5dda0b14-713b-46d0-a6ce-a7a33a2fb6f9,03edc7c5-4c46-b55e-523d-9fb7be29910b,null,2026-04-10,null,2026-04-10 22:55:50.068336+00
88a43469-b2f3-47ba-94ae-172c18227623,00000000-0000-0000-0000-000000000001,8c09af37-8d4b-4120-ae8e-95bedc8a75d7,bed,5dda0b14-713b-46d0-a6ce-a7a33a2fb6f9,03edc7c5-4c46-b55e-523d-9fb7be29910b,42541fce-4dd2-805a-5d01-5aa7e5db8726,2026-04-10,null,2026-04-10 22:55:50.068336+00
b2581d0e-730c-4a5e-92da-ef256415fe29,00000000-0000-0000-0000-000000000001,a0299a3c-344b-41e5-bd48-3ca430b3c322,apartment,5dda0b14-713b-46d0-a6ce-a7a33a2fb6f9,03edc7c5-4c46-b55e-523d-9fb7be29910b,null,2026-04-10,null,2026-04-10 22:55:50.068336+00
9ebc8c8a-6038-458b-a5ba-886314666edc,00000000-0000-0000-0000-000000000001,61588e29-a459-4f80-a880-ec76d8edc197,apartment,5dda0b14-713b-46d0-a6ce-a7a33a2fb6f9,03edc7c5-4c46-b55e-523d-9fb7be29910b,null,2026-04-10,null,2026-04-10 22:55:50.068336+00
1f56bf70-b8c2-4d85-8540-e5790c465b3e,00000000-0000-0000-0000-000000000001,b2edd28c-6c62-4fb1-a069-7539dfff9859,apartment,5dda0b14-713b-46d0-a6ce-a7a33a2fb6f9,03edc7c5-4c46-b55e-523d-9fb7be29910b,null,2026-04-10,null,2026-04-10 22:55:50.068336+00
dc8acb78-06e3-40eb-ae40-9611e8748d91,00000000-0000-0000-0000-000000000001,66b2a845-6f63-4241-b7b6-3e0115ae0bc9,apartment,5dda0b14-713b-46d0-a6ce-a7a33a2fb6f9,03edc7c5-4c46-b55e-523d-9fb7be29910b,null,2026-04-10,null,2026-04-10 22:55:50.068336+00
3205068e-46e9-4490-8fb5-7123fa7d000c,00000000-0000-0000-0000-000000000001,5ef57748-430e-402c-b0dc-399b6d36295f,apartment,5dda0b14-713b-46d0-a6ce-a7a33a2fb6f9,03edc7c5-4c46-b55e-523d-9fb7be29910b,null,2026-04-10,null,2026-04-10 22:55:50.068336+00
f55dbe4a-e3d8-49b0-a31f-0ac84645d36d,00000000-0000-0000-0000-000000000001,f727ec7c-4591-4eae-9836-6c1a05777196,bed,5dda0b14-713b-46d0-a6ce-a7a33a2fb6f9,03edc7c5-4c46-b55e-523d-9fb7be29910b,93a076cf-52c6-b904-02a9-5b95125d5dfb,2026-04-10,null,2026-04-10 22:55:50.068336+00
8429b274-49b1-448a-ac10-13141cc816ce,00000000-0000-0000-0000-000000000001,f727ec7c-4591-4eae-9836-6c1a05777196,bed,5dda0b14-713b-46d0-a6ce-a7a33a2fb6f9,03edc7c5-4c46-b55e-523d-9fb7be29910b,7f5d0339-af32-1588-78ab-cfbcebe8e47f,2026-04-10,null,2026-04-10 22:55:50.068336+00
c92968f1-a315-464b-a78b-6f11a14543ed,00000000-0000-0000-0000-000000000001,48c964f1-235e-4646-a73a-b8984a021c35,bed,5dda0b14-713b-46d0-a6ce-a7a33a2fb6f9,03edc7c5-4c46-b55e-523d-9fb7be29910b,93a076cf-52c6-b904-02a9-5b95125d5dfb,2026-04-10,null,2026-04-10 22:55:50.068336+00
0a0ef5b9-d515-4942-b715-deda125c4e14,00000000-0000-0000-0000-000000000001,48c964f1-235e-4646-a73a-b8984a021c35,bed,5dda0b14-713b-46d0-a6ce-a7a33a2fb6f9,03edc7c5-4c46-b55e-523d-9fb7be29910b,7f5d0339-af32-1588-78ab-cfbcebe8e47f,2026-04-10,null,2026-04-10 22:55:50.068336+00
7e0dfc8b-e21d-4462-865c-2a59e7b2046e,00000000-0000-0000-0000-000000000001,1f2db2a4-13ef-405c-970f-d5f7838c73fa,bed,5dda0b14-713b-46d0-a6ce-a7a33a2fb6f9,03edc7c5-4c46-b55e-523d-9fb7be29910b,42541fce-4dd2-805a-5d01-5aa7e5db8726,2026-04-10,null,2026-04-10 22:55:50.068336+00
1e0d9cd2-3bbd-48c9-92c8-7291596457bb,00000000-0000-0000-0000-000000000001,1f2db2a4-13ef-405c-970f-d5f7838c73fa,bed,5dda0b14-713b-46d0-a6ce-a7a33a2fb6f9,03edc7c5-4c46-b55e-523d-9fb7be29910b,7c369e8a-97c2-59de-b4b9-6f506fb0812f,2026-04-10,null,2026-04-10 22:55:50.068336+00
104d5204-c7b6-4476-bc8c-80302f72f2fa,00000000-0000-0000-0000-000000000001,1f2db2a4-13ef-405c-970f-d5f7838c73fa,bed,5dda0b14-713b-46d0-a6ce-a7a33a2fb6f9,03edc7c5-4c46-b55e-523d-9fb7be29910b,69a06a67-b0da-0493-6495-0620f46df91c,2026-04-10,null,2026-04-10 22:55:50.068336+00
7ed3d966-6980-4ea7-8468-1f4cf3ccb36c,00000000-0000-0000-0000-000000000001,3f41cc65-e037-4c1e-863a-cc49813984d6,bed,5dda0b14-713b-46d0-a6ce-a7a33a2fb6f9,2fc42a4f-fe5a-ae08-0e4e-2c89ca71db85,04c251ff-5d8d-dc9e-d27d-0a96efe3a6b3,2026-04-10,null,2026-04-10 22:55:50.068336+00
a887e630-801f-44e0-981a-78c8e9a69099,00000000-0000-0000-0000-000000000001,d3504816-bcb3-46f3-82a1-c7a13e7d5bc3,bed,5dda0b14-713b-46d0-a6ce-a7a33a2fb6f9,2fc42a4f-fe5a-ae08-0e4e-2c89ca71db85,66aab816-d365-9068-e62c-3d82356d8021,2026-04-10,null,2026-04-10 22:55:50.068336+00
b499aae4-4d04-4fa9-a2d2-287eb04c237e,00000000-0000-0000-0000-000000000001,d3504816-bcb3-46f3-82a1-c7a13e7d5bc3,bed,5dda0b14-713b-46d0-a6ce-a7a33a2fb6f9,2fc42a4f-fe5a-ae08-0e4e-2c89ca71db85,f874f74a-642d-0943-eaae-4c54a18982cf,2026-04-10,null,2026-04-10 22:55:50.068336+00
8edcbc2e-8c83-4879-ad2d-e244974f75af,00000000-0000-0000-0000-000000000001,40273ebc-52da-4130-82f8-a28b466d4adc,bed,5dda0b14-713b-46d0-a6ce-a7a33a2fb6f9,2fc42a4f-fe5a-ae08-0e4e-2c89ca71db85,3f71f5af-8bd3-fe23-4d09-0210257ad798,2026-04-10,null,2026-04-10 22:55:50.068336+00
5de31b2a-ac22-4ac6-a8e6-52fa1c7cca79,00000000-0000-0000-0000-000000000001,40273ebc-52da-4130-82f8-a28b466d4adc,bed,5dda0b14-713b-46d0-a6ce-a7a33a2fb6f9,2fc42a4f-fe5a-ae08-0e4e-2c89ca71db85,b8e2da25-71c4-1b06-f7dd-e06f7f8f7741,2026-04-10,null,2026-04-10 22:55:50.068336+00
0f1824bf-7873-4c93-9abc-f96f6b335cbb,00000000-0000-0000-0000-000000000001,bc7caf2c-ad7b-403a-9681-01e3c22c291f,bed,5dda0b14-713b-46d0-a6ce-a7a33a2fb6f9,2fc42a4f-fe5a-ae08-0e4e-2c89ca71db85,d41b0f34-d7f8-ce1a-36d9-c00f0100aa45,2026-04-10,null,2026-04-10 22:55:50.068336+00
a9c37570-ec36-4851-a63b-2b81c17a400a,00000000-0000-0000-0000-000000000001,bc7caf2c-ad7b-403a-9681-01e3c22c291f,apartment,5dda0b14-713b-46d0-a6ce-a7a33a2fb6f9,2fc42a4f-fe5a-ae08-0e4e-2c89ca71db85,null,2026-04-10,null,2026-04-10 22:55:50.068336+00
b3c52bcc-cb40-49bc-ae8d-3eb18fae3767,00000000-0000-0000-0000-000000000001,a6867600-f7df-4fd1-842d-688046a99f1b,apartment,5dda0b14-713b-46d0-a6ce-a7a33a2fb6f9,2fc42a4f-fe5a-ae08-0e4e-2c89ca71db85,null,2026-04-10,null,2026-04-10 22:55:50.068336+00
99a6e385-97a9-4002-82bc-9c9b6cb5737e,00000000-0000-0000-0000-000000000001,aebd7047-b4ff-439d-a82a-3e9a93b9f6a0,apartment,5dda0b14-713b-46d0-a6ce-a7a33a2fb6f9,2fc42a4f-fe5a-ae08-0e4e-2c89ca71db85,null,2026-04-10,null,2026-04-10 22:55:50.068336+00
29d87753-97f8-49b8-b528-97a02fef43a2,00000000-0000-0000-0000-000000000001,d8990484-d2bf-4880-82ca-f9ac4e64170c,bed,5dda0b14-713b-46d0-a6ce-a7a33a2fb6f9,2fc42a4f-fe5a-ae08-0e4e-2c89ca71db85,04c251ff-5d8d-dc9e-d27d-0a96efe3a6b3,2026-04-10,null,2026-04-10 22:55:50.068336+00
90a24f61-a61c-493e-93e2-583f7bae623a,00000000-0000-0000-0000-000000000001,000544bc-948e-4bf2-8468-a3384971f1e6,bed,5dda0b14-713b-46d0-a6ce-a7a33a2fb6f9,2fc42a4f-fe5a-ae08-0e4e-2c89ca71db85,66aab816-d365-9068-e62c-3d82356d8021,2026-04-10,null,2026-04-10 22:55:50.068336+00
5532d881-5457-475a-8629-8a6224171cc4,00000000-0000-0000-0000-000000000001,7644d4a6-c397-43a9-8ff2-48269f97734e,bed,5dda0b14-713b-46d0-a6ce-a7a33a2fb6f9,2fc42a4f-fe5a-ae08-0e4e-2c89ca71db85,f874f74a-642d-0943-eaae-4c54a18982cf,2026-04-10,null,2026-04-10 22:55:50.068336+00
8145bffc-f83a-4154-a800-e63468954753,00000000-0000-0000-0000-000000000001,f6f42966-c39d-4201-aa55-164b01430395,bed,5dda0b14-713b-46d0-a6ce-a7a33a2fb6f9,2fc42a4f-fe5a-ae08-0e4e-2c89ca71db85,3f71f5af-8bd3-fe23-4d09-0210257ad798,2026-04-10,null,2026-04-10 22:55:50.068336+00
33558c21-f6aa-4bed-8f9e-478bc9ef0d56,00000000-0000-0000-0000-000000000001,97074196-6c9c-47bc-8245-df6504c48758,bed,5dda0b14-713b-46d0-a6ce-a7a33a2fb6f9,2fc42a4f-fe5a-ae08-0e4e-2c89ca71db85,b8e2da25-71c4-1b06-f7dd-e06f7f8f7741,2026-04-10,null,2026-04-10 22:55:50.068336+00
8bce7c91-35a0-4d43-9e1e-9beb993db852,00000000-0000-0000-0000-000000000001,a070f7ce-5472-4fb8-a1f8-c0b4d9e63f1f,apartment,5dda0b14-713b-46d0-a6ce-a7a33a2fb6f9,2fc42a4f-fe5a-ae08-0e4e-2c89ca71db85,null,2026-04-10,null,2026-04-10 22:55:50.068336+00
e4b891b3-6b8e-459d-8f23-b10c49bca498,00000000-0000-0000-0000-000000000001,ece9641f-402b-4419-99d5-f37cecdb9139,bed,5dda0b14-713b-46d0-a6ce-a7a33a2fb6f9,2fc42a4f-fe5a-ae08-0e4e-2c89ca71db85,04c251ff-5d8d-dc9e-d27d-0a96efe3a6b3,2026-04-10,null,2026-04-10 22:55:50.068336+00
1d6f4d6c-31fa-48e9-a0d0-9be58f649be0,00000000-0000-0000-0000-000000000001,2bbe28a7-9d1b-4ef1-b24c-9b2efd828a68,bed,5dda0b14-713b-46d0-a6ce-a7a33a2fb6f9,2fc42a4f-fe5a-ae08-0e4e-2c89ca71db85,66aab816-d365-9068-e62c-3d82356d8021,2026-04-10,null,2026-04-10 22:55:50.068336+00
6fefe2e1-f362-4350-9a43-d1629aa4e6d2,00000000-0000-0000-0000-000000000001,e9415abf-638c-4216-b7e6-0faec06b36b5,bed,5dda0b14-713b-46d0-a6ce-a7a33a2fb6f9,2fc42a4f-fe5a-ae08-0e4e-2c89ca71db85,f874f74a-642d-0943-eaae-4c54a18982cf,2026-04-10,null,2026-04-10 22:55:50.068336+00
4c76bb9c-a220-4a6e-ad80-9317cf6a9361,00000000-0000-0000-0000-000000000001,0764fb38-4356-4c1d-8420-8af99c7c9bc6,bed,5dda0b14-713b-46d0-a6ce-a7a33a2fb6f9,2fc42a4f-fe5a-ae08-0e4e-2c89ca71db85,3f71f5af-8bd3-fe23-4d09-0210257ad798,2026-04-10,null,2026-04-10 22:55:50.068336+00
3a076b6e-eb15-40f7-9854-0d01fe35bba8,00000000-0000-0000-0000-000000000001,91c93b4b-6062-4db7-a8e7-0364d02303b2,bed,5dda0b14-713b-46d0-a6ce-a7a33a2fb6f9,2fc42a4f-fe5a-ae08-0e4e-2c89ca71db85,b8e2da25-71c4-1b06-f7dd-e06f7f8f7741,2026-04-10,null,2026-04-10 22:55:50.068336+00
e5a93449-9a5f-4257-b6ba-36cfcd977531,00000000-0000-0000-0000-000000000001,258d48fb-9fcd-4500-8724-3d5f900e042a,bed,5dda0b14-713b-46d0-a6ce-a7a33a2fb6f9,2fc42a4f-fe5a-ae08-0e4e-2c89ca71db85,d41b0f34-d7f8-ce1a-36d9-c00f0100aa45,2026-04-10,null,2026-04-10 22:55:50.068336+00
a33dfbef-ee88-43f7-b0e4-c2b07edc0565,00000000-0000-0000-0000-000000000001,3b2afdd0-3a5f-498d-a58d-bb6f7dfca6f2,apartment,5dda0b14-713b-46d0-a6ce-a7a33a2fb6f9,2fc42a4f-fe5a-ae08-0e4e-2c89ca71db85,null,2026-04-10,null,2026-04-10 22:55:50.068336+00
b1b28351-6dda-4def-9c62-3429a256831b,00000000-0000-0000-0000-000000000001,777a2250-f699-429c-a636-bc862e16b82e,apartment,5dda0b14-713b-46d0-a6ce-a7a33a2fb6f9,2fc42a4f-fe5a-ae08-0e4e-2c89ca71db85,null,2026-04-10,null,2026-04-10 22:55:50.068336+00
b6f58a30-379c-4c22-a235-e836ca83fcec,00000000-0000-0000-0000-000000000001,80fb5d2c-47e2-49df-8c39-2d45b01c281a,apartment,5dda0b14-713b-46d0-a6ce-a7a33a2fb6f9,2fc42a4f-fe5a-ae08-0e4e-2c89ca71db85,null,2026-04-10,null,2026-04-10 22:55:50.068336+00
ac4454c6-a193-4f62-8f1e-8c1494dc1331,00000000-0000-0000-0000-000000000001,c717188d-45f2-4640-8950-23e09e37eb64,bed,5dda0b14-713b-46d0-a6ce-a7a33a2fb6f9,2fc42a4f-fe5a-ae08-0e4e-2c89ca71db85,04c251ff-5d8d-dc9e-d27d-0a96efe3a6b3,2026-04-10,null,2026-04-10 22:55:50.068336+00
95b19f08-a854-445f-b90c-a3a7935dee43,00000000-0000-0000-0000-000000000001,1508b088-449a-4e1b-923a-43b3776cefbc,bed,5dda0b14-713b-46d0-a6ce-a7a33a2fb6f9,2fc42a4f-fe5a-ae08-0e4e-2c89ca71db85,66aab816-d365-9068-e62c-3d82356d8021,2026-04-10,null,2026-04-10 22:55:50.068336+00
4ed4e645-3461-43a3-8039-bb875ccbfb11,00000000-0000-0000-0000-000000000001,1508b088-449a-4e1b-923a-43b3776cefbc,bed,5dda0b14-713b-46d0-a6ce-a7a33a2fb6f9,2fc42a4f-fe5a-ae08-0e4e-2c89ca71db85,f874f74a-642d-0943-eaae-4c54a18982cf,2026-04-10,null,2026-04-10 22:55:50.068336+00
890dcf79-cc0e-4f7a-861e-1aa7945f38a1,00000000-0000-0000-0000-000000000001,eae0d1da-f93a-4885-a271-13367955be13,bed,5dda0b14-713b-46d0-a6ce-a7a33a2fb6f9,2fc42a4f-fe5a-ae08-0e4e-2c89ca71db85,3f71f5af-8bd3-fe23-4d09-0210257ad798,2026-04-10,null,2026-04-10 22:55:50.068336+00
54557072-6822-4a79-8d8f-26ac237d5267,00000000-0000-0000-0000-000000000001,eae0d1da-f93a-4885-a271-13367955be13,bed,5dda0b14-713b-46d0-a6ce-a7a33a2fb6f9,2fc42a4f-fe5a-ae08-0e4e-2c89ca71db85,b8e2da25-71c4-1b06-f7dd-e06f7f8f7741,2026-04-10,null,2026-04-10 22:55:50.068336+00
8961326f-7036-456d-ae90-6f349b7a6a82,00000000-0000-0000-0000-000000000001,abf1c24b-7e06-4b8d-b523-57b81c7a54aa,bed,5dda0b14-713b-46d0-a6ce-a7a33a2fb6f9,2fc42a4f-fe5a-ae08-0e4e-2c89ca71db85,d41b0f34-d7f8-ce1a-36d9-c00f0100aa45,2026-04-10,null,2026-04-10 22:55:50.068336+00
31be3593-1ee1-4fb0-9915-cd6c00184fe0,00000000-0000-0000-0000-000000000001,abf1c24b-7e06-4b8d-b523-57b81c7a54aa,apartment,5dda0b14-713b-46d0-a6ce-a7a33a2fb6f9,2fc42a4f-fe5a-ae08-0e4e-2c89ca71db85,null,2026-04-10,null,2026-04-10 22:55:50.068336+00
df45b721-4f75-4a79-821b-c27b5dbf92bd,00000000-0000-0000-0000-000000000001,439ae075-64e7-4c7e-b777-9673d95831ad,apartment,5dda0b14-713b-46d0-a6ce-a7a33a2fb6f9,2fc42a4f-fe5a-ae08-0e4e-2c89ca71db85,null,2026-04-10,null,2026-04-10 22:55:50.068336+00
7cd83032-242a-4f99-8631-2be4542e6854,00000000-0000-0000-0000-000000000001,e508d231-df58-4a4a-ad56-5300ed69aaee,bed,5dda0b14-713b-46d0-a6ce-a7a33a2fb6f9,2fc42a4f-fe5a-ae08-0e4e-2c89ca71db85,04c251ff-5d8d-dc9e-d27d-0a96efe3a6b3,2026-04-10,null,2026-04-10 22:55:50.068336+00
a067ebbd-297b-4cfd-b3a3-e4a2a32e31df,00000000-0000-0000-0000-000000000001,228fef1d-e37e-4738-b26a-cae6c84a797a,bed,5dda0b14-713b-46d0-a6ce-a7a33a2fb6f9,2fc42a4f-fe5a-ae08-0e4e-2c89ca71db85,66aab816-d365-9068-e62c-3d82356d8021,2026-04-10,null,2026-04-10 22:55:50.068336+00
e2dfb283-1ae7-468c-8a72-e8d26a504234,00000000-0000-0000-0000-000000000001,8d4d1dc5-77c6-4936-9b0b-f49bd3e6e51a,bed,5dda0b14-713b-46d0-a6ce-a7a33a2fb6f9,2fc42a4f-fe5a-ae08-0e4e-2c89ca71db85,f874f74a-642d-0943-eaae-4c54a18982cf,2026-04-10,null,2026-04-10 22:55:50.068336+00
aa8a1b0a-573d-4aaa-9b49-e20f188ab88e,00000000-0000-0000-0000-000000000001,cf29d69d-f8ee-4a65-ac6a-248a197f33fe,bed,5dda0b14-713b-46d0-a6ce-a7a33a2fb6f9,2fc42a4f-fe5a-ae08-0e4e-2c89ca71db85,3f71f5af-8bd3-fe23-4d09-0210257ad798,2026-04-10,null,2026-04-10 22:55:50.068336+00
92b480a3-2ed8-4a1b-990e-439c52afd306,00000000-0000-0000-0000-000000000001,60e408c2-009b-454d-9ded-f057c8534a95,bed,5dda0b14-713b-46d0-a6ce-a7a33a2fb6f9,2fc42a4f-fe5a-ae08-0e4e-2c89ca71db85,b8e2da25-71c4-1b06-f7dd-e06f7f8f7741,2026-04-10,null,2026-04-10 22:55:50.068336+00
125d44ca-6fdb-4883-b28a-dab00cf34013,00000000-0000-0000-0000-000000000001,3a3fe8ca-89ff-4ee3-b964-cc7d37010f6a,apartment,5dda0b14-713b-46d0-a6ce-a7a33a2fb6f9,2fc42a4f-fe5a-ae08-0e4e-2c89ca71db85,null,2026-04-10,null,2026-04-10 22:55:50.068336+00
8dda1dd5-0e07-476e-a95b-7aa2c8b147b2,00000000-0000-0000-0000-000000000001,4f818090-d059-4e11-836f-d90d0116bce2,apartment,5dda0b14-713b-46d0-a6ce-a7a33a2fb6f9,2fc42a4f-fe5a-ae08-0e4e-2c89ca71db85,null,2026-04-10,null,2026-04-10 22:55:50.068336+00
41018e2c-7270-487f-842c-e2db232e3800,00000000-0000-0000-0000-000000000001,ae6f48ff-2dbb-4507-b71a-31e396f32239,apartment,5dda0b14-713b-46d0-a6ce-a7a33a2fb6f9,2fc42a4f-fe5a-ae08-0e4e-2c89ca71db85,null,2026-04-10,null,2026-04-10 22:55:50.068336+00
66ea3697-5856-412f-a0a8-22e409fb7f97,00000000-0000-0000-0000-000000000001,3e17194b-d4bf-44f1-92ff-8095282e0288,apartment,5dda0b14-713b-46d0-a6ce-a7a33a2fb6f9,2fc42a4f-fe5a-ae08-0e4e-2c89ca71db85,null,2026-04-10,null,2026-04-10 22:55:50.068336+00
157a8322-9137-4f7d-9005-8b3f01fad99b,00000000-0000-0000-0000-000000000001,4d7d29f4-9e25-4586-815b-513e73307a26,bed,5dda0b14-713b-46d0-a6ce-a7a33a2fb6f9,2fc42a4f-fe5a-ae08-0e4e-2c89ca71db85,04c251ff-5d8d-dc9e-d27d-0a96efe3a6b3,2026-04-10,null,2026-04-10 22:55:50.068336+00
abffc343-bba5-4302-9b74-c491a127f077,00000000-0000-0000-0000-000000000001,9e06e001-3ffa-4dfa-90ce-9bcddfe790db,bed,5dda0b14-713b-46d0-a6ce-a7a33a2fb6f9,2fc42a4f-fe5a-ae08-0e4e-2c89ca71db85,04c251ff-5d8d-dc9e-d27d-0a96efe3a6b3,2026-04-10,null,2026-04-10 22:55:50.068336+00
b312c387-aa5b-405d-b3f2-3f3ba9ed67a7,00000000-0000-0000-0000-000000000001,4a548767-8170-4f83-ab5a-2573fc199b78,apartment,5dda0b14-713b-46d0-a6ce-a7a33a2fb6f9,2fc42a4f-fe5a-ae08-0e4e-2c89ca71db85,null,2026-04-10,null,2026-04-10 22:55:50.068336+00
eec0497c-e77c-4677-8a7e-56c89b6847eb,00000000-0000-0000-0000-000000000001,ea17ab4c-5899-4189-a0a2-9c716c3d8393,apartment,5dda0b14-713b-46d0-a6ce-a7a33a2fb6f9,2fc42a4f-fe5a-ae08-0e4e-2c89ca71db85,null,2026-04-10,null,2026-04-10 22:55:50.068336+00
fdd8096c-cf7a-4b20-9398-73bfdcc76b16,00000000-0000-0000-0000-000000000001,d2bf306d-87f2-4546-9339-64ff19252560,apartment,5dda0b14-713b-46d0-a6ce-a7a33a2fb6f9,2fc42a4f-fe5a-ae08-0e4e-2c89ca71db85,null,2026-04-10,null,2026-04-10 22:55:50.068336+00
ae037c02-9e87-42b1-bbbd-7c3ab184256c,00000000-0000-0000-0000-000000000001,d8959eba-efa7-4e73-8f95-147b4f6aa5b6,apartment,5dda0b14-713b-46d0-a6ce-a7a33a2fb6f9,2fc42a4f-fe5a-ae08-0e4e-2c89ca71db85,null,2026-04-10,null,2026-04-10 22:55:50.068336+00
342f0ed0-45b5-4d70-a705-9ae0fbaa1fab,00000000-0000-0000-0000-000000000001,7a151cec-a73d-494f-a736-f3ba7d48d8ae,apartment,5dda0b14-713b-46d0-a6ce-a7a33a2fb6f9,2fc42a4f-fe5a-ae08-0e4e-2c89ca71db85,null,2026-04-10,null,2026-04-10 22:55:50.068336+00
3e3e53fa-fc62-4506-a748-8f73d574468d,00000000-0000-0000-0000-000000000001,97ff054f-ebe0-4cfe-8f03-dba72342180a,bed,5dda0b14-713b-46d0-a6ce-a7a33a2fb6f9,2fc42a4f-fe5a-ae08-0e4e-2c89ca71db85,04c251ff-5d8d-dc9e-d27d-0a96efe3a6b3,2026-04-10,null,2026-04-10 22:55:50.068336+00
f8c474a0-d49d-4dc8-a27a-1c0989dc4665,00000000-0000-0000-0000-000000000001,97ff054f-ebe0-4cfe-8f03-dba72342180a,bed,5dda0b14-713b-46d0-a6ce-a7a33a2fb6f9,2fc42a4f-fe5a-ae08-0e4e-2c89ca71db85,3f71f5af-8bd3-fe23-4d09-0210257ad798,2026-04-10,null,2026-04-10 22:55:50.068336+00
0e180006-9e4b-4fe5-a3ba-1b41d6d1909d,00000000-0000-0000-0000-000000000001,97ff054f-ebe0-4cfe-8f03-dba72342180a,bed,5dda0b14-713b-46d0-a6ce-a7a33a2fb6f9,2fc42a4f-fe5a-ae08-0e4e-2c89ca71db85,b8e2da25-71c4-1b06-f7dd-e06f7f8f7741,2026-04-10,null,2026-04-10 22:55:50.068336+00
4ea2c140-ab85-4f09-85c0-d638ba19acaf,00000000-0000-0000-0000-000000000001,640176e1-0f60-49d0-bdae-a2a1de9c46ed,bed,5dda0b14-713b-46d0-a6ce-a7a33a2fb6f9,2fc42a4f-fe5a-ae08-0e4e-2c89ca71db85,66aab816-d365-9068-e62c-3d82356d8021,2026-04-10,null,2026-04-10 22:55:50.068336+00
851251d5-acd3-43e1-9da2-2a38cf41728e,00000000-0000-0000-0000-000000000001,640176e1-0f60-49d0-bdae-a2a1de9c46ed,bed,5dda0b14-713b-46d0-a6ce-a7a33a2fb6f9,2fc42a4f-fe5a-ae08-0e4e-2c89ca71db85,f874f74a-642d-0943-eaae-4c54a18982cf,2026-04-10,null,2026-04-10 22:55:50.068336+00
7e84e4f8-88c7-495d-b5d3-56d3d4c77713,00000000-0000-0000-0000-000000000001,d774147a-a1c4-4b48-bb72-65ed32615ba6,apartment,5dda0b14-713b-46d0-a6ce-a7a33a2fb6f9,2fc42a4f-fe5a-ae08-0e4e-2c89ca71db85,null,2026-04-10,null,2026-04-10 22:55:50.068336+00
5fe13da0-2d8d-49eb-960d-df9181c8238e,00000000-0000-0000-0000-000000000001,d774147a-a1c4-4b48-bb72-65ed32615ba6,bed,5dda0b14-713b-46d0-a6ce-a7a33a2fb6f9,2fc42a4f-fe5a-ae08-0e4e-2c89ca71db85,f874f74a-642d-0943-eaae-4c54a18982cf,2026-04-10,null,2026-04-10 22:55:50.068336+00
2e3e26a8-1774-4f1b-b45a-f0d50261edfc,00000000-0000-0000-0000-000000000001,d6d1e730-b764-4dfc-aeda-759b7c2ab0a9,bed,5dda0b14-713b-46d0-a6ce-a7a33a2fb6f9,5d204545-2f72-b89b-3190-a826b5ab6512,f21233ef-4976-14c5-b37d-3c30b4a3a97a,2026-04-10,null,2026-04-10 22:55:50.068336+00
5ed7af6b-c74e-4d1c-b74c-487ac8a711e1,00000000-0000-0000-0000-000000000001,0861776d-2243-4e50-815b-7d79e5acdd51,bed,5dda0b14-713b-46d0-a6ce-a7a33a2fb6f9,5d204545-2f72-b89b-3190-a826b5ab6512,f5f9de92-380f-d57b-ad87-139022e4d27a,2026-04-10,null,2026-04-10 22:55:50.068336+00
436feb6f-10ab-427f-b4b7-275ac43401e5,00000000-0000-0000-0000-000000000001,0861776d-2243-4e50-815b-7d79e5acdd51,bed,5dda0b14-713b-46d0-a6ce-a7a33a2fb6f9,5d204545-2f72-b89b-3190-a826b5ab6512,b8451620-5c0d-e318-9cbf-5ecba152b866,2026-04-10,null,2026-04-10 22:55:50.068336+00
25a0ed5e-517d-449a-9023-2102639aebae,00000000-0000-0000-0000-000000000001,b40ecc8b-216d-40e6-93a8-ca852ecd0b88,bed,5dda0b14-713b-46d0-a6ce-a7a33a2fb6f9,5d204545-2f72-b89b-3190-a826b5ab6512,85eff0e3-3d5f-9fe4-005e-7501036edcbb,2026-04-10,null,2026-04-10 22:55:50.068336+00
ab0d404f-efd2-4309-aee8-f0b2528647fc,00000000-0000-0000-0000-000000000001,b40ecc8b-216d-40e6-93a8-ca852ecd0b88,bed,5dda0b14-713b-46d0-a6ce-a7a33a2fb6f9,5d204545-2f72-b89b-3190-a826b5ab6512,a607e4b0-3364-b1fb-774e-01d67c4fcdf1,2026-04-10,null,2026-04-10 22:55:50.068336+00
452b9848-ac25-40d2-b27d-20c96c31955f,00000000-0000-0000-0000-000000000001,fb1c1923-92bc-48e7-b4ed-1af5b64ba221,bed,5dda0b14-713b-46d0-a6ce-a7a33a2fb6f9,5d204545-2f72-b89b-3190-a826b5ab6512,f21233ef-4976-14c5-b37d-3c30b4a3a97a,2026-04-10,null,2026-04-10 22:55:50.068336+00
8cfe9420-49f4-4f18-ae56-9b6f9b4b7019,00000000-0000-0000-0000-000000000001,5d3e349d-1996-4560-ae53-8deea6ef9984,bed,5dda0b14-713b-46d0-a6ce-a7a33a2fb6f9,5d204545-2f72-b89b-3190-a826b5ab6512,f21233ef-4976-14c5-b37d-3c30b4a3a97a,2026-04-10,null,2026-04-10 22:55:50.068336+00
72c4ef34-d616-41dc-832a-9deb9e4bc581,00000000-0000-0000-0000-000000000001,ee813154-77a0-40c1-b762-e2cea63a35bf,bed,5dda0b14-713b-46d0-a6ce-a7a33a2fb6f9,5d204545-2f72-b89b-3190-a826b5ab6512,f5f9de92-380f-d57b-ad87-139022e4d27a,2026-04-10,null,2026-04-10 22:55:50.068336+00
6effc1f4-d228-42fd-8bf7-7943c887880e,00000000-0000-0000-0000-000000000001,c995bc7c-0719-43bc-a980-13d678075b1d,bed,5dda0b14-713b-46d0-a6ce-a7a33a2fb6f9,5d204545-2f72-b89b-3190-a826b5ab6512,b8451620-5c0d-e318-9cbf-5ecba152b866,2026-04-10,null,2026-04-10 22:55:50.068336+00
dfe071ec-6d20-4b69-b752-7a36fadd6afb,00000000-0000-0000-0000-000000000001,c9715ff6-e06a-4a35-8915-1a712e51d81f,bed,5dda0b14-713b-46d0-a6ce-a7a33a2fb6f9,5d204545-2f72-b89b-3190-a826b5ab6512,85eff0e3-3d5f-9fe4-005e-7501036edcbb,2026-04-10,null,2026-04-10 22:55:50.068336+00
39557d3a-910c-4bda-8e30-66694f678733,00000000-0000-0000-0000-000000000001,e55fe0a4-6d40-493e-b9af-af55243403f7,bed,5dda0b14-713b-46d0-a6ce-a7a33a2fb6f9,5d204545-2f72-b89b-3190-a826b5ab6512,a607e4b0-3364-b1fb-774e-01d67c4fcdf1,2026-04-10,null,2026-04-10 22:55:50.068336+00
e6b4f97e-1fab-4af0-b2ee-5718f883e492,00000000-0000-0000-0000-000000000001,f2d29075-ee7d-4af7-afd3-3f1d7775d2e6,bed,5dda0b14-713b-46d0-a6ce-a7a33a2fb6f9,5d204545-2f72-b89b-3190-a826b5ab6512,f21233ef-4976-14c5-b37d-3c30b4a3a97a,2026-04-10,null,2026-04-10 22:55:50.068336+00
1f9691df-121e-4d48-8eed-4356c4740dfb,00000000-0000-0000-0000-000000000001,18de1186-ae6c-4ce6-a4b2-4c26de696f57,bed,5dda0b14-713b-46d0-a6ce-a7a33a2fb6f9,5d204545-2f72-b89b-3190-a826b5ab6512,f5f9de92-380f-d57b-ad87-139022e4d27a,2026-04-10,null,2026-04-10 22:55:50.068336+00
bd6285e4-433a-4c06-8730-75fc0fc17b79,00000000-0000-0000-0000-000000000001,ccd1f944-e336-4746-bd7c-b49224658fb8,bed,5dda0b14-713b-46d0-a6ce-a7a33a2fb6f9,5d204545-2f72-b89b-3190-a826b5ab6512,b8451620-5c0d-e318-9cbf-5ecba152b866,2026-04-10,null,2026-04-10 22:55:50.068336+00
7893763e-eab0-4286-a80a-85f54526824c,00000000-0000-0000-0000-000000000001,0c596fbc-1bfe-4e0b-ac77-17b130652f2d,apartment,5dda0b14-713b-46d0-a6ce-a7a33a2fb6f9,5d204545-2f72-b89b-3190-a826b5ab6512,null,2026-04-10,null,2026-04-10 22:55:50.068336+00
f6e4988d-4ff9-4f88-8b28-78d1be6e19f5,00000000-0000-0000-0000-000000000001,527b09ae-5e2e-4296-8c7a-f6a1d50d9cba,apartment,5dda0b14-713b-46d0-a6ce-a7a33a2fb6f9,5d204545-2f72-b89b-3190-a826b5ab6512,null,2026-04-10,null,2026-04-10 22:55:50.068336+00
7db62b7c-9ba8-467b-83ca-ab9152a70b3f,00000000-0000-0000-0000-000000000001,91441c91-6ca6-4489-9af6-eeccdaf615a5,bed,5dda0b14-713b-46d0-a6ce-a7a33a2fb6f9,5d204545-2f72-b89b-3190-a826b5ab6512,85eff0e3-3d5f-9fe4-005e-7501036edcbb,2026-04-10,null,2026-04-10 22:55:50.068336+00
c64ab93f-60b8-40c8-a276-7bc9111a01f1,00000000-0000-0000-0000-000000000001,317172ac-c2bb-40a2-bf74-b4770912b83a,bed,5dda0b14-713b-46d0-a6ce-a7a33a2fb6f9,5d204545-2f72-b89b-3190-a826b5ab6512,a607e4b0-3364-b1fb-774e-01d67c4fcdf1,2026-04-10,null,2026-04-10 22:55:50.068336+00
76dd3995-6b48-453b-b91e-a76c466f28f7,00000000-0000-0000-0000-000000000001,84c91482-47ca-432e-9a59-4fbd9edbc142,apartment,5dda0b14-713b-46d0-a6ce-a7a33a2fb6f9,5d204545-2f72-b89b-3190-a826b5ab6512,null,2026-04-10,null,2026-04-10 22:55:50.068336+00
197f53f6-5cda-4968-bfd0-11f98a5c658d,00000000-0000-0000-0000-000000000001,899acae1-5416-4de3-9e84-34cf923c0a57,apartment,5dda0b14-713b-46d0-a6ce-a7a33a2fb6f9,5d204545-2f72-b89b-3190-a826b5ab6512,null,2026-04-10,null,2026-04-10 22:55:50.068336+00
79fe0868-64e9-42a6-8984-89eb46bccb73,00000000-0000-0000-0000-000000000001,1e89902f-536e-4657-8a2a-d218478c6cd3,apartment,5dda0b14-713b-46d0-a6ce-a7a33a2fb6f9,5d204545-2f72-b89b-3190-a826b5ab6512,null,2026-04-10,null,2026-04-10 22:55:50.068336+00
7ecd16d7-8f3a-443c-8575-aeb6ca2e63b0,00000000-0000-0000-0000-000000000001,797e7972-72a1-4785-895a-38ea0e45a330,bed,5dda0b14-713b-46d0-a6ce-a7a33a2fb6f9,5d204545-2f72-b89b-3190-a826b5ab6512,f21233ef-4976-14c5-b37d-3c30b4a3a97a,2026-04-10,null,2026-04-10 22:55:50.068336+00
42bc5f23-e497-4c29-b517-2706a9bd1ba3,00000000-0000-0000-0000-000000000001,f1f8b383-aa8d-4f9d-b51d-b4e8816bf9db,bed,5dda0b14-713b-46d0-a6ce-a7a33a2fb6f9,5d204545-2f72-b89b-3190-a826b5ab6512,f5f9de92-380f-d57b-ad87-139022e4d27a,2026-04-10,null,2026-04-10 22:55:50.068336+00
a2eb1bfc-190a-469c-b6c6-ec6efb25a6dd,00000000-0000-0000-0000-000000000001,f1f8b383-aa8d-4f9d-b51d-b4e8816bf9db,bed,5dda0b14-713b-46d0-a6ce-a7a33a2fb6f9,5d204545-2f72-b89b-3190-a826b5ab6512,b8451620-5c0d-e318-9cbf-5ecba152b866,2026-04-10,null,2026-04-10 22:55:50.068336+00
7d3af918-f898-4a5a-a8da-b7c65e8281b9,00000000-0000-0000-0000-000000000001,3cbd4e3f-c83a-4694-901c-adab177847a6,bed,5dda0b14-713b-46d0-a6ce-a7a33a2fb6f9,5d204545-2f72-b89b-3190-a826b5ab6512,85eff0e3-3d5f-9fe4-005e-7501036edcbb,2026-04-10,null,2026-04-10 22:55:50.068336+00
bb8f42bd-1fa2-4f6c-8a36-3bd29b623ce7,00000000-0000-0000-0000-000000000001,3cbd4e3f-c83a-4694-901c-adab177847a6,bed,5dda0b14-713b-46d0-a6ce-a7a33a2fb6f9,5d204545-2f72-b89b-3190-a826b5ab6512,a607e4b0-3364-b1fb-774e-01d67c4fcdf1,2026-04-10,null,2026-04-10 22:55:50.068336+00
c0abe21b-14eb-4e0c-900b-45cab91fcb6d,00000000-0000-0000-0000-000000000001,0e80ba4d-b402-4b8f-ad64-848d39c7a440,apartment,5dda0b14-713b-46d0-a6ce-a7a33a2fb6f9,5d204545-2f72-b89b-3190-a826b5ab6512,null,2026-04-10,null,2026-04-10 22:55:50.068336+00
8a8c6103-8126-4681-a6a1-99c4f4b89768,00000000-0000-0000-0000-000000000001,dd2aa8ed-5426-4766-bdfc-5a6311cdd993,apartment,5dda0b14-713b-46d0-a6ce-a7a33a2fb6f9,5d204545-2f72-b89b-3190-a826b5ab6512,null,2026-04-10,null,2026-04-10 22:55:50.068336+00
695b3a92-3eb6-43cf-b36c-f8cb9fc4679c,00000000-0000-0000-0000-000000000001,85d47c27-2713-49ce-b476-ed1dcddc0a93,bed,5dda0b14-713b-46d0-a6ce-a7a33a2fb6f9,5d204545-2f72-b89b-3190-a826b5ab6512,f21233ef-4976-14c5-b37d-3c30b4a3a97a,2026-04-10,null,2026-04-10 22:55:50.068336+00
67d216f7-d567-44ba-a6ba-9343a440fc64,00000000-0000-0000-0000-000000000001,20cce6d9-a4dd-48c8-b924-b4e39a9db297,bed,5dda0b14-713b-46d0-a6ce-a7a33a2fb6f9,5d204545-2f72-b89b-3190-a826b5ab6512,f5f9de92-380f-d57b-ad87-139022e4d27a,2026-04-10,null,2026-04-10 22:55:50.068336+00
4a64b48d-c116-4816-b9e3-43796c47c44e,00000000-0000-0000-0000-000000000001,48e94177-4a93-4e9b-8ee2-b4e43db36d56,bed,5dda0b14-713b-46d0-a6ce-a7a33a2fb6f9,5d204545-2f72-b89b-3190-a826b5ab6512,b8451620-5c0d-e318-9cbf-5ecba152b866,2026-04-10,null,2026-04-10 22:55:50.068336+00
786e677b-f4df-45fb-bf49-e6901710c76e,00000000-0000-0000-0000-000000000001,faa2ad38-cfce-4914-943b-1a566a3c3b88,bed,5dda0b14-713b-46d0-a6ce-a7a33a2fb6f9,5d204545-2f72-b89b-3190-a826b5ab6512,85eff0e3-3d5f-9fe4-005e-7501036edcbb,2026-04-10,null,2026-04-10 22:55:50.068336+00
5da3d1b8-bedb-437f-bb37-cf254288a889,00000000-0000-0000-0000-000000000001,14699c05-eea1-41c1-b94c-cfe64ff7354c,bed,5dda0b14-713b-46d0-a6ce-a7a33a2fb6f9,5d204545-2f72-b89b-3190-a826b5ab6512,a607e4b0-3364-b1fb-774e-01d67c4fcdf1,2026-04-10,null,2026-04-10 22:55:50.068336+00
e933e39e-4266-4aac-82f8-70ebf30fbd7d,00000000-0000-0000-0000-000000000001,2e788324-b0a6-4615-b32b-8fc2e1c3e17a,apartment,5dda0b14-713b-46d0-a6ce-a7a33a2fb6f9,5d204545-2f72-b89b-3190-a826b5ab6512,null,2026-04-10,null,2026-04-10 22:55:50.068336+00
780bcc53-b75e-4eb5-ab1c-95922467f250,00000000-0000-0000-0000-000000000001,8953e4c8-88d0-4842-aae7-356974031efe,apartment,5dda0b14-713b-46d0-a6ce-a7a33a2fb6f9,5d204545-2f72-b89b-3190-a826b5ab6512,null,2026-04-10,null,2026-04-10 22:55:50.068336+00
341e041a-9a32-4065-acf7-14e43edd5ef7,00000000-0000-0000-0000-000000000001,6d6df3d5-fc6b-417d-bdba-9b0ef9c1425c,apartment,5dda0b14-713b-46d0-a6ce-a7a33a2fb6f9,5d204545-2f72-b89b-3190-a826b5ab6512,null,2026-04-10,null,2026-04-10 22:55:50.068336+00
87470ee6-774a-4d70-9a5b-db5fbadd89ae,00000000-0000-0000-0000-000000000001,88fbc7aa-c091-47f8-b1e1-ec561ff05cf3,apartment,5dda0b14-713b-46d0-a6ce-a7a33a2fb6f9,5d204545-2f72-b89b-3190-a826b5ab6512,null,2026-04-10,null,2026-04-10 22:55:50.068336+00
fde705d0-1db1-4b48-8599-026a78246b7a,00000000-0000-0000-0000-000000000001,cef54185-0af8-4777-afb1-4e11d9b9add4,apartment,5dda0b14-713b-46d0-a6ce-a7a33a2fb6f9,5d204545-2f72-b89b-3190-a826b5ab6512,null,2026-04-10,null,2026-04-10 22:55:50.068336+00
abe870f5-f686-4c67-a499-0f2b9368aaeb,00000000-0000-0000-0000-000000000001,9064dd75-05b4-42ca-8199-474bd5e69116,bed,5dda0b14-713b-46d0-a6ce-a7a33a2fb6f9,5d204545-2f72-b89b-3190-a826b5ab6512,f21233ef-4976-14c5-b37d-3c30b4a3a97a,2026-04-10,null,2026-04-10 22:55:50.068336+00
2d6c9ddf-e501-4d62-94ab-6643a30dd88b,00000000-0000-0000-0000-000000000001,7179b437-4868-4645-8629-61b16ea84e89,apartment,5dda0b14-713b-46d0-a6ce-a7a33a2fb6f9,5d204545-2f72-b89b-3190-a826b5ab6512,null,2026-04-10,null,2026-04-10 22:55:50.068336+00
9524eee2-4f78-4cd5-9537-ddb08fffee2d,00000000-0000-0000-0000-000000000001,91be87a5-9260-434d-a46b-0359a024d56a,apartment,5dda0b14-713b-46d0-a6ce-a7a33a2fb6f9,5d204545-2f72-b89b-3190-a826b5ab6512,null,2026-04-10,null,2026-04-10 22:55:50.068336+00
342ea17a-dad3-4a5f-9641-60ea0b14d07a,00000000-0000-0000-0000-000000000001,87f1cde5-cc89-4a84-83a1-d3f92094f0f8,apartment,5dda0b14-713b-46d0-a6ce-a7a33a2fb6f9,5d204545-2f72-b89b-3190-a826b5ab6512,null,2026-04-10,null,2026-04-10 22:55:50.068336+00
3d534d7f-b1f1-40d1-bcda-220ab876f6d7,00000000-0000-0000-0000-000000000001,9c87e2e9-08dd-4d4e-b6e2-54eeeb4dce20,bed,5dda0b14-713b-46d0-a6ce-a7a33a2fb6f9,5d204545-2f72-b89b-3190-a826b5ab6512,f5f9de92-380f-d57b-ad87-139022e4d27a,2026-04-10,null,2026-04-10 22:55:50.068336+00
d8161daf-e07b-4241-8455-6c3d845afc74,00000000-0000-0000-0000-000000000001,9c87e2e9-08dd-4d4e-b6e2-54eeeb4dce20,bed,5dda0b14-713b-46d0-a6ce-a7a33a2fb6f9,5d204545-2f72-b89b-3190-a826b5ab6512,b8451620-5c0d-e318-9cbf-5ecba152b866,2026-04-10,null,2026-04-10 22:55:50.068336+00
f26c7583-93df-47e4-bc1a-8bd984127b7f,00000000-0000-0000-0000-000000000001,326a9803-4ecf-4a90-9ad6-dc039042ff6c,bed,5dda0b14-713b-46d0-a6ce-a7a33a2fb6f9,5d204545-2f72-b89b-3190-a826b5ab6512,f21233ef-4976-14c5-b37d-3c30b4a3a97a,2026-04-10,null,2026-04-10 22:55:50.068336+00
a06c7887-f1e1-467e-ad04-de218bc5b325,00000000-0000-0000-0000-000000000001,326a9803-4ecf-4a90-9ad6-dc039042ff6c,bed,5dda0b14-713b-46d0-a6ce-a7a33a2fb6f9,5d204545-2f72-b89b-3190-a826b5ab6512,85eff0e3-3d5f-9fe4-005e-7501036edcbb,2026-04-10,null,2026-04-10 22:55:50.068336+00
221edf7f-c3ee-47c6-8290-1be67c0cbf65,00000000-0000-0000-0000-000000000001,326a9803-4ecf-4a90-9ad6-dc039042ff6c,bed,5dda0b14-713b-46d0-a6ce-a7a33a2fb6f9,5d204545-2f72-b89b-3190-a826b5ab6512,a607e4b0-3364-b1fb-774e-01d67c4fcdf1,2026-04-10,null,2026-04-10 22:55:50.068336+00
93c48b6d-4b1a-4161-a52e-75af2eaf089d,00000000-0000-0000-0000-000000000001,d4f2ff34-b56c-4fa6-bdb2-fabb4d39c447,bed,5dda0b14-713b-46d0-a6ce-a7a33a2fb6f9,417c9738-a0f7-5a00-1091-37a9fd083dd6,046c3e92-cd17-a1e9-aa97-733c3127f809,2026-04-10,null,2026-04-10 22:55:50.068336+00
6435ef07-4fe5-46a6-9cd9-d18bbbcea7f9,00000000-0000-0000-0000-000000000001,d4f2ff34-b56c-4fa6-bdb2-fabb4d39c447,bed,5dda0b14-713b-46d0-a6ce-a7a33a2fb6f9,417c9738-a0f7-5a00-1091-37a9fd083dd6,5810da0c-60c8-5ffd-72cc-d74b1f3425e9,2026-04-10,null,2026-04-10 22:55:50.068336+00
4399167f-246c-4460-8a24-0743f6b3195d,00000000-0000-0000-0000-000000000001,77767257-fb83-446b-a520-e59bef8e1d49,bed,5dda0b14-713b-46d0-a6ce-a7a33a2fb6f9,417c9738-a0f7-5a00-1091-37a9fd083dd6,f9b73f69-33c8-b36d-daf6-c7078c00692c,2026-04-10,null,2026-04-10 22:55:50.068336+00
a32d24ad-ef83-499a-9356-112c52292df4,00000000-0000-0000-0000-000000000001,77767257-fb83-446b-a520-e59bef8e1d49,bed,5dda0b14-713b-46d0-a6ce-a7a33a2fb6f9,417c9738-a0f7-5a00-1091-37a9fd083dd6,1a8e227a-8e7b-102b-4e40-33fadfcb8aee,2026-04-10,null,2026-04-10 22:55:50.068336+00
6470a8a5-3545-4cff-a603-158a48956b09,00000000-0000-0000-0000-000000000001,0c03377f-8496-488b-9c08-ac6fddf873e8,apartment,5dda0b14-713b-46d0-a6ce-a7a33a2fb6f9,417c9738-a0f7-5a00-1091-37a9fd083dd6,null,2026-04-10,null,2026-04-10 22:55:50.068336+00
d07ac994-ae85-440b-82e1-906efd8a2007,00000000-0000-0000-0000-000000000001,0061abd2-efb8-4d07-8d5b-995af0480d78,apartment,5dda0b14-713b-46d0-a6ce-a7a33a2fb6f9,417c9738-a0f7-5a00-1091-37a9fd083dd6,null,2026-04-10,null,2026-04-10 22:55:50.068336+00
4cda1656-a06c-40f8-808b-1b22f94d2a76,00000000-0000-0000-0000-000000000001,104eaaef-3446-4465-8ae4-d4178cc46d4e,apartment,5dda0b14-713b-46d0-a6ce-a7a33a2fb6f9,417c9738-a0f7-5a00-1091-37a9fd083dd6,null,2026-04-10,null,2026-04-10 22:55:50.068336+00
05ea2194-5562-47c8-a8c0-3b43b2f6ee86,00000000-0000-0000-0000-000000000001,0a82c0bd-3d31-4978-aadf-dfc279d8059a,apartment,5dda0b14-713b-46d0-a6ce-a7a33a2fb6f9,417c9738-a0f7-5a00-1091-37a9fd083dd6,null,2026-04-10,null,2026-04-10 22:55:50.068336+00
a0693788-40f4-43b6-b68c-68830771950e,00000000-0000-0000-0000-000000000001,c94425dd-961d-45ff-af5e-384592e643e7,bed,5dda0b14-713b-46d0-a6ce-a7a33a2fb6f9,417c9738-a0f7-5a00-1091-37a9fd083dd6,046c3e92-cd17-a1e9-aa97-733c3127f809,2026-04-10,null,2026-04-10 22:55:50.068336+00
bdf1dbc0-ad8d-4ae5-95c4-a0252e212709,00000000-0000-0000-0000-000000000001,bfc07faf-f30c-469e-8f5e-d52b3f302d8b,bed,5dda0b14-713b-46d0-a6ce-a7a33a2fb6f9,417c9738-a0f7-5a00-1091-37a9fd083dd6,5810da0c-60c8-5ffd-72cc-d74b1f3425e9,2026-04-10,null,2026-04-10 22:55:50.068336+00
942d8709-f013-4830-ad61-648568b9eec2,00000000-0000-0000-0000-000000000001,d79e58e5-0cfb-4928-aca0-d4ea5a49fa78,bed,5dda0b14-713b-46d0-a6ce-a7a33a2fb6f9,417c9738-a0f7-5a00-1091-37a9fd083dd6,f9b73f69-33c8-b36d-daf6-c7078c00692c,2026-04-10,null,2026-04-10 22:55:50.068336+00
446d8ac8-8ee7-499a-a5fa-345404d46f50,00000000-0000-0000-0000-000000000001,652d71c4-9693-4722-aa70-2defec183568,bed,5dda0b14-713b-46d0-a6ce-a7a33a2fb6f9,417c9738-a0f7-5a00-1091-37a9fd083dd6,1a8e227a-8e7b-102b-4e40-33fadfcb8aee,2026-04-10,null,2026-04-10 22:55:50.068336+00
9c09162a-027c-4d44-945a-57d921d40bf2,00000000-0000-0000-0000-000000000001,78a2ac0f-0e30-464f-ba3b-634e84e7d46e,bed,5dda0b14-713b-46d0-a6ce-a7a33a2fb6f9,417c9738-a0f7-5a00-1091-37a9fd083dd6,046c3e92-cd17-a1e9-aa97-733c3127f809,2026-04-10,null,2026-04-10 22:55:50.068336+00
5420b912-8896-4ee2-aa19-874e30cdd280,00000000-0000-0000-0000-000000000001,a6f01342-1719-4b20-9357-3ea01bd11473,bed,5dda0b14-713b-46d0-a6ce-a7a33a2fb6f9,417c9738-a0f7-5a00-1091-37a9fd083dd6,5810da0c-60c8-5ffd-72cc-d74b1f3425e9,2026-04-10,null,2026-04-10 22:55:50.068336+00
77201f27-8b53-4f6a-aba7-db908157e3b6,00000000-0000-0000-0000-000000000001,b1a9ee2b-3c75-4a23-ad28-3a27c7d93e41,apartment,5dda0b14-713b-46d0-a6ce-a7a33a2fb6f9,417c9738-a0f7-5a00-1091-37a9fd083dd6,null,2026-04-10,null,2026-04-10 22:55:50.068336+00
d9498868-02d5-406f-8db8-2fc618e6bf54,00000000-0000-0000-0000-000000000001,0f4400ab-3ba3-43be-8501-a740652f62aa,apartment,5dda0b14-713b-46d0-a6ce-a7a33a2fb6f9,417c9738-a0f7-5a00-1091-37a9fd083dd6,null,2026-04-10,null,2026-04-10 22:55:50.068336+00
37316340-ef04-460c-8332-e1d758ab8a52,00000000-0000-0000-0000-000000000001,b045b49c-8572-4178-b157-bbcbc229f437,bed,5dda0b14-713b-46d0-a6ce-a7a33a2fb6f9,417c9738-a0f7-5a00-1091-37a9fd083dd6,f9b73f69-33c8-b36d-daf6-c7078c00692c,2026-04-10,null,2026-04-10 22:55:56.158203+00
404679a7-60a2-4ec9-ac80-bd6121519745,00000000-0000-0000-0000-000000000001,660492a2-aeb0-43ec-8d4d-c018b239bc99,bed,5dda0b14-713b-46d0-a6ce-a7a33a2fb6f9,417c9738-a0f7-5a00-1091-37a9fd083dd6,1a8e227a-8e7b-102b-4e40-33fadfcb8aee,2026-04-10,null,2026-04-10 22:55:56.158203+00
a0f522b9-9b33-4100-8f80-5155002f2cc7,00000000-0000-0000-0000-000000000001,0c8064f6-def9-4ce0-99e2-58cc93476a3e,apartment,5dda0b14-713b-46d0-a6ce-a7a33a2fb6f9,417c9738-a0f7-5a00-1091-37a9fd083dd6,null,2026-04-10,null,2026-04-10 22:55:56.158203+00
8bef86b3-1d77-47f2-aeaf-cb37ae995225,00000000-0000-0000-0000-000000000001,a55ae9b6-311f-4722-ac9f-eee9b5bf3dbc,apartment,5dda0b14-713b-46d0-a6ce-a7a33a2fb6f9,417c9738-a0f7-5a00-1091-37a9fd083dd6,null,2026-04-10,null,2026-04-10 22:55:56.158203+00
a0cba58d-5fb8-402a-9b95-94930b2d0ce5,00000000-0000-0000-0000-000000000001,aa5e8c85-ee50-4ed7-ac41-9891f57151fc,apartment,5dda0b14-713b-46d0-a6ce-a7a33a2fb6f9,417c9738-a0f7-5a00-1091-37a9fd083dd6,null,2026-04-10,null,2026-04-10 22:55:56.158203+00
d0a87b09-e9fc-47db-8b1d-784c2094170c,00000000-0000-0000-0000-000000000001,14d27fc6-b43f-420e-9cc7-29bec3989775,bed,5dda0b14-713b-46d0-a6ce-a7a33a2fb6f9,417c9738-a0f7-5a00-1091-37a9fd083dd6,046c3e92-cd17-a1e9-aa97-733c3127f809,2026-04-10,null,2026-04-10 22:55:56.158203+00
d5c6b2b7-6eed-4b3e-b4bc-5c3f46e5f5f1,00000000-0000-0000-0000-000000000001,14d27fc6-b43f-420e-9cc7-29bec3989775,bed,5dda0b14-713b-46d0-a6ce-a7a33a2fb6f9,417c9738-a0f7-5a00-1091-37a9fd083dd6,5810da0c-60c8-5ffd-72cc-d74b1f3425e9,2026-04-10,null,2026-04-10 22:55:56.158203+00
c3464a42-6ea6-4899-923c-16c47330e71d,00000000-0000-0000-0000-000000000001,58cb2e24-2d02-4c94-acad-fe4c2afaa878,bed,5dda0b14-713b-46d0-a6ce-a7a33a2fb6f9,417c9738-a0f7-5a00-1091-37a9fd083dd6,f9b73f69-33c8-b36d-daf6-c7078c00692c,2026-04-10,null,2026-04-10 22:55:56.158203+00
7c1d0c7b-28a6-4170-8b6e-bfddd22b8014,00000000-0000-0000-0000-000000000001,58cb2e24-2d02-4c94-acad-fe4c2afaa878,bed,5dda0b14-713b-46d0-a6ce-a7a33a2fb6f9,417c9738-a0f7-5a00-1091-37a9fd083dd6,1a8e227a-8e7b-102b-4e40-33fadfcb8aee,2026-04-10,null,2026-04-10 22:55:56.158203+00
3ed96df8-152f-43ec-b6f3-098fca4bebce,00000000-0000-0000-0000-000000000001,6d139e37-b2c9-41ce-ab61-761b58c50881,apartment,5dda0b14-713b-46d0-a6ce-a7a33a2fb6f9,417c9738-a0f7-5a00-1091-37a9fd083dd6,null,2026-04-10,null,2026-04-10 22:55:56.158203+00
1164aa80-2705-42d7-bfde-94c4ce7164c8,00000000-0000-0000-0000-000000000001,4948239d-c0c6-418e-866b-0369e7ffe393,apartment,5dda0b14-713b-46d0-a6ce-a7a33a2fb6f9,417c9738-a0f7-5a00-1091-37a9fd083dd6,null,2026-04-10,null,2026-04-10 22:55:56.158203+00
99fb74f8-4659-4135-b795-2cff55568c4d,00000000-0000-0000-0000-000000000001,1b664f06-fb9b-4b4a-917e-499b86f5d1d8,bed,5dda0b14-713b-46d0-a6ce-a7a33a2fb6f9,417c9738-a0f7-5a00-1091-37a9fd083dd6,046c3e92-cd17-a1e9-aa97-733c3127f809,2026-04-10,null,2026-04-10 22:55:56.158203+00
df9f4c15-db3e-48f9-a0f3-485fba1e556b,00000000-0000-0000-0000-000000000001,533491a7-0d69-4639-bbe7-d3583abf1ef7,bed,5dda0b14-713b-46d0-a6ce-a7a33a2fb6f9,417c9738-a0f7-5a00-1091-37a9fd083dd6,5810da0c-60c8-5ffd-72cc-d74b1f3425e9,2026-04-10,null,2026-04-10 22:55:56.158203+00
434490fc-7d4b-49a3-83df-ae7ffd2dda12,00000000-0000-0000-0000-000000000001,8df6b261-ef18-468e-aab3-96cab19b4ffa,bed,5dda0b14-713b-46d0-a6ce-a7a33a2fb6f9,417c9738-a0f7-5a00-1091-37a9fd083dd6,f9b73f69-33c8-b36d-daf6-c7078c00692c,2026-04-10,null,2026-04-10 22:55:56.158203+00
e6bd6185-7257-4556-9e2a-f31f086b4e0a,00000000-0000-0000-0000-000000000001,1bc21ebb-ed96-4d21-8263-264ce05329b1,bed,5dda0b14-713b-46d0-a6ce-a7a33a2fb6f9,417c9738-a0f7-5a00-1091-37a9fd083dd6,1a8e227a-8e7b-102b-4e40-33fadfcb8aee,2026-04-10,null,2026-04-10 22:55:56.158203+00
3e5ee33d-3835-45ab-a051-cc62eee0ffe0,00000000-0000-0000-0000-000000000001,1616f4f3-38d2-4758-b116-0b1cef502fa5,apartment,5dda0b14-713b-46d0-a6ce-a7a33a2fb6f9,417c9738-a0f7-5a00-1091-37a9fd083dd6,null,2025-07-29,null,2026-04-10 22:55:56.158203+00
9151edb7-9f7e-4a3c-b056-5b8f93dc5a54,00000000-0000-0000-0000-000000000001,27ee160b-3897-471a-a0cb-9599fe8fdfaa,apartment,5dda0b14-713b-46d0-a6ce-a7a33a2fb6f9,417c9738-a0f7-5a00-1091-37a9fd083dd6,null,2026-04-10,null,2026-04-10 22:55:56.158203+00
892a243e-b874-4490-8a4c-15df3e785cb6,00000000-0000-0000-0000-000000000001,9c517620-7cbf-45ba-b969-fa3728bf2957,apartment,5dda0b14-713b-46d0-a6ce-a7a33a2fb6f9,417c9738-a0f7-5a00-1091-37a9fd083dd6,null,2025-01-18,null,2026-04-10 22:55:56.158203+00
51683247-ef8d-4e4d-a6d5-8f04535f1718,00000000-0000-0000-0000-000000000001,1ae4f454-cdb2-49de-af78-00efe5419ec6,apartment,5dda0b14-713b-46d0-a6ce-a7a33a2fb6f9,417c9738-a0f7-5a00-1091-37a9fd083dd6,null,2026-04-10,null,2026-04-10 22:55:56.158203+00
cb534e66-c74f-4bab-b313-10a288d9630e,00000000-0000-0000-0000-000000000001,af693946-26a9-495a-837e-82a0d7189fae,apartment,5dda0b14-713b-46d0-a6ce-a7a33a2fb6f9,417c9738-a0f7-5a00-1091-37a9fd083dd6,null,2026-04-10,null,2026-04-10 22:55:56.158203+00
b3819db4-934c-4582-beaf-69fd1378a48a,00000000-0000-0000-0000-000000000001,ad38cbbf-3655-4b59-91a9-ebfc678177fd,apartment,5dda0b14-713b-46d0-a6ce-a7a33a2fb6f9,417c9738-a0f7-5a00-1091-37a9fd083dd6,null,2026-04-10,null,2026-04-10 22:55:56.158203+00
64548784-c744-4827-be0b-e5086d69e963,00000000-0000-0000-0000-000000000001,53bc6aa1-4d9f-4cc7-8db1-4e9a8e36c50b,apartment,5dda0b14-713b-46d0-a6ce-a7a33a2fb6f9,417c9738-a0f7-5a00-1091-37a9fd083dd6,null,2026-04-10,null,2026-04-10 22:55:56.158203+00
82d3816a-074a-4d14-9a72-d592c9b41807,00000000-0000-0000-0000-000000000001,b24527ab-8027-47a9-9313-31ad7ab0aa00,apartment,5dda0b14-713b-46d0-a6ce-a7a33a2fb6f9,417c9738-a0f7-5a00-1091-37a9fd083dd6,null,2026-04-10,null,2026-04-10 22:55:56.158203+00
a43a6c45-39a1-4af4-b135-ca776ab2a833,00000000-0000-0000-0000-000000000001,bf92b299-c37b-4834-926b-100eb409047c,apartment,5dda0b14-713b-46d0-a6ce-a7a33a2fb6f9,417c9738-a0f7-5a00-1091-37a9fd083dd6,null,2025-07-29,null,2026-04-10 22:55:56.158203+00
c4626b02-223d-4a4e-be9f-b637bd7d4974,00000000-0000-0000-0000-000000000001,6b3439e1-ce82-479e-9781-e9a2b893b664,bed,5dda0b14-713b-46d0-a6ce-a7a33a2fb6f9,417c9738-a0f7-5a00-1091-37a9fd083dd6,046c3e92-cd17-a1e9-aa97-733c3127f809,2026-04-10,null,2026-04-10 22:55:56.158203+00
d16e3af9-5dc0-4b02-a132-50dec520cb46,00000000-0000-0000-0000-000000000001,6b3439e1-ce82-479e-9781-e9a2b893b664,bed,5dda0b14-713b-46d0-a6ce-a7a33a2fb6f9,417c9738-a0f7-5a00-1091-37a9fd083dd6,5810da0c-60c8-5ffd-72cc-d74b1f3425e9,2026-04-10,null,2026-04-10 22:55:56.158203+00
5c41b876-159c-4b05-a75b-7fe6d1cfee52,00000000-0000-0000-0000-000000000001,7a01a904-0541-42d0-9ea7-581c93367b35,bed,5dda0b14-713b-46d0-a6ce-a7a33a2fb6f9,417c9738-a0f7-5a00-1091-37a9fd083dd6,74a79821-aacb-043c-db1e-2c704e457547,2026-04-10,null,2026-04-10 22:55:56.158203+00
c2f020fd-8dbb-4887-8344-e229f042b9fe,00000000-0000-0000-0000-000000000001,7a01a904-0541-42d0-9ea7-581c93367b35,bed,5dda0b14-713b-46d0-a6ce-a7a33a2fb6f9,417c9738-a0f7-5a00-1091-37a9fd083dd6,f9b73f69-33c8-b36d-daf6-c7078c00692c,2026-04-10,null,2026-04-10 22:55:56.158203+00
09349a1a-60ec-4546-813a-2c1619c659cb,00000000-0000-0000-0000-000000000001,7a01a904-0541-42d0-9ea7-581c93367b35,bed,5dda0b14-713b-46d0-a6ce-a7a33a2fb6f9,417c9738-a0f7-5a00-1091-37a9fd083dd6,1a8e227a-8e7b-102b-4e40-33fadfcb8aee,2026-04-10,null,2026-04-10 22:55:56.158203+00
076c4448-5f58-4840-b4f6-708f1385a36b,00000000-0000-0000-0000-000000000001,f4f592b5-47aa-4c47-ae37-5299306ddb56,bed,5dda0b14-713b-46d0-a6ce-a7a33a2fb6f9,82b270bf-e567-2deb-5ef3-495baafd7645,5b45fa77-c694-2c4b-9657-29944633ded5,2026-04-10,null,2026-04-10 22:55:56.158203+00
06b5a361-5c8b-46ae-8694-6de9fe604c91,00000000-0000-0000-0000-000000000001,bb16fb18-3977-45db-9072-c93a4fbb46c5,bed,5dda0b14-713b-46d0-a6ce-a7a33a2fb6f9,82b270bf-e567-2deb-5ef3-495baafd7645,5c31f9fd-7275-3511-295a-a2740dc3ff01,2026-04-10,null,2026-04-10 22:55:56.158203+00
8bbcb7c5-77b9-4613-93e6-30f08ab3f8f1,00000000-0000-0000-0000-000000000001,bb16fb18-3977-45db-9072-c93a4fbb46c5,bed,5dda0b14-713b-46d0-a6ce-a7a33a2fb6f9,82b270bf-e567-2deb-5ef3-495baafd7645,a99a7569-c4ba-31c0-62a9-b5fdc33d6863,2026-04-10,null,2026-04-10 22:55:56.158203+00
0491c142-728a-4ed5-b7e9-535dedccd9f3,00000000-0000-0000-0000-000000000001,9d364a68-c955-4fe7-8a91-9ed05f2a64a8,bed,5dda0b14-713b-46d0-a6ce-a7a33a2fb6f9,82b270bf-e567-2deb-5ef3-495baafd7645,5dad6c37-ac37-145e-cdc8-33bf5ef05497,2026-04-10,null,2026-04-10 22:55:56.158203+00
12ccd585-4597-4157-87f9-fdbb10cde208,00000000-0000-0000-0000-000000000001,9d364a68-c955-4fe7-8a91-9ed05f2a64a8,bed,5dda0b14-713b-46d0-a6ce-a7a33a2fb6f9,82b270bf-e567-2deb-5ef3-495baafd7645,b9880845-d37b-c083-ffd7-adcaa279cb30,2026-04-10,null,2026-04-10 22:55:56.158203+00
76d7b48a-4a29-4325-b344-6ae687d5edb2,00000000-0000-0000-0000-000000000001,b43448f8-08f8-4bcc-aa58-9d7517191ffc,apartment,5dda0b14-713b-46d0-a6ce-a7a33a2fb6f9,82b270bf-e567-2deb-5ef3-495baafd7645,null,2026-04-10,null,2026-04-10 22:55:56.158203+00
3720cb5e-42c5-44c7-b685-6b2b503fc895,00000000-0000-0000-0000-000000000001,027f3f55-ff33-4f42-80c7-3057a240005c,bed,5dda0b14-713b-46d0-a6ce-a7a33a2fb6f9,82b270bf-e567-2deb-5ef3-495baafd7645,5b45fa77-c694-2c4b-9657-29944633ded5,2026-04-10,null,2026-04-10 22:55:56.158203+00
ac375d63-a8ed-4eb0-8c8e-246c947f41e6,00000000-0000-0000-0000-000000000001,fa43dba3-20f8-4ca7-b8b5-2a2b7e999e40,apartment,5dda0b14-713b-46d0-a6ce-a7a33a2fb6f9,82b270bf-e567-2deb-5ef3-495baafd7645,null,2026-04-10,null,2026-04-10 22:55:56.158203+00
b8c185a8-b0c2-416d-bc04-ea7df8595625,00000000-0000-0000-0000-000000000001,27511d3b-4d75-46b0-ace6-ab0a808722cd,apartment,5dda0b14-713b-46d0-a6ce-a7a33a2fb6f9,82b270bf-e567-2deb-5ef3-495baafd7645,null,2026-04-10,null,2026-04-10 22:55:56.158203+00
d88ba317-a51d-4d65-9afc-b61f586c43f4,00000000-0000-0000-0000-000000000001,f8fe2cb5-1fe9-4d48-b8cb-1f4819eed235,apartment,5dda0b14-713b-46d0-a6ce-a7a33a2fb6f9,82b270bf-e567-2deb-5ef3-495baafd7645,null,2026-04-10,null,2026-04-10 22:55:56.158203+00
e42e590e-3d76-4e4a-815a-e5c86ab5e340,00000000-0000-0000-0000-000000000001,4f41137c-adb3-4668-b87a-609c7cbe34ba,bed,5dda0b14-713b-46d0-a6ce-a7a33a2fb6f9,82b270bf-e567-2deb-5ef3-495baafd7645,5b45fa77-c694-2c4b-9657-29944633ded5,2026-04-10,null,2026-04-10 22:55:56.158203+00
9a0f75f6-5c5f-4da4-8ce5-98bb033d9cbb,00000000-0000-0000-0000-000000000001,1b74d82c-0c6e-489d-b7bb-95ccf07e22a0,bed,5dda0b14-713b-46d0-a6ce-a7a33a2fb6f9,82b270bf-e567-2deb-5ef3-495baafd7645,5c31f9fd-7275-3511-295a-a2740dc3ff01,2026-04-10,null,2026-04-10 22:55:56.158203+00
f7f298cc-5c7c-40f3-ade3-497397d6d059,00000000-0000-0000-0000-000000000001,ba532fbf-5f15-446a-9c1e-8b34b5f0adba,bed,5dda0b14-713b-46d0-a6ce-a7a33a2fb6f9,82b270bf-e567-2deb-5ef3-495baafd7645,a99a7569-c4ba-31c0-62a9-b5fdc33d6863,2026-04-10,null,2026-04-10 22:55:56.158203+00
1fd00b5e-1ec0-427e-944d-94bbc8d5d34e,00000000-0000-0000-0000-000000000001,841939c0-bc80-4188-8ec7-7f8401b90c21,bed,5dda0b14-713b-46d0-a6ce-a7a33a2fb6f9,82b270bf-e567-2deb-5ef3-495baafd7645,5dad6c37-ac37-145e-cdc8-33bf5ef05497,2026-04-10,null,2026-04-10 22:55:56.158203+00
e8ea9d04-b1ab-4f29-823d-faab30071df2,00000000-0000-0000-0000-000000000001,d2c7b03e-13e6-4038-b13c-095b7a07b8d2,bed,5dda0b14-713b-46d0-a6ce-a7a33a2fb6f9,82b270bf-e567-2deb-5ef3-495baafd7645,b9880845-d37b-c083-ffd7-adcaa279cb30,2026-04-10,null,2026-04-10 22:55:56.158203+00
549ac0ac-600e-4a01-8933-1de62a845150,00000000-0000-0000-0000-000000000001,69d9c8cf-57c5-475e-a120-c23829948970,bed,5dda0b14-713b-46d0-a6ce-a7a33a2fb6f9,82b270bf-e567-2deb-5ef3-495baafd7645,5b45fa77-c694-2c4b-9657-29944633ded5,2026-04-10,null,2026-04-10 22:55:56.158203+00
ae7294a3-0e5d-4b54-b64b-1be8ca529506,00000000-0000-0000-0000-000000000001,d8d662fd-0f62-42d0-bcf2-4f22a9ab23ea,bed,5dda0b14-713b-46d0-a6ce-a7a33a2fb6f9,82b270bf-e567-2deb-5ef3-495baafd7645,5c31f9fd-7275-3511-295a-a2740dc3ff01,2026-04-10,null,2026-04-10 22:55:56.158203+00
9a1a150b-622c-432b-9a37-0abcfbfc2ca0,00000000-0000-0000-0000-000000000001,4127c641-b61c-4c57-911b-849032138a56,bed,5dda0b14-713b-46d0-a6ce-a7a33a2fb6f9,82b270bf-e567-2deb-5ef3-495baafd7645,a99a7569-c4ba-31c0-62a9-b5fdc33d6863,2026-04-10,null,2026-04-10 22:55:56.158203+00
7bf7de56-f3fc-495b-a6f3-efda8df846da,00000000-0000-0000-0000-000000000001,1acf99d6-b5d6-49b1-b102-e544c50a41a4,apartment,5dda0b14-713b-46d0-a6ce-a7a33a2fb6f9,82b270bf-e567-2deb-5ef3-495baafd7645,null,2026-04-10,null,2026-04-10 22:55:56.158203+00
5bee1de7-4f6f-4064-adac-6c771696608e,00000000-0000-0000-0000-000000000001,8376fbc5-6fad-47e7-92fd-0f4b5b3ff302,apartment,5dda0b14-713b-46d0-a6ce-a7a33a2fb6f9,82b270bf-e567-2deb-5ef3-495baafd7645,null,2026-04-10,null,2026-04-10 22:55:56.158203+00
a8c3defb-b8d9-4570-a262-da32bb577608,00000000-0000-0000-0000-000000000001,6e7febe9-ee65-4fad-8d38-7d50bbe6ba41,bed,5dda0b14-713b-46d0-a6ce-a7a33a2fb6f9,82b270bf-e567-2deb-5ef3-495baafd7645,5dad6c37-ac37-145e-cdc8-33bf5ef05497,2026-04-10,null,2026-04-10 22:55:56.158203+00
ea34bb87-3756-4d37-b2ec-8212ffa10e08,00000000-0000-0000-0000-000000000001,4acea0db-c8bc-4068-a2b3-c08755d6d370,bed,5dda0b14-713b-46d0-a6ce-a7a33a2fb6f9,82b270bf-e567-2deb-5ef3-495baafd7645,b9880845-d37b-c083-ffd7-adcaa279cb30,2026-04-10,null,2026-04-10 22:55:56.158203+00
0548a297-565f-4f95-96f4-a0c41bcc0ffe,00000000-0000-0000-0000-000000000001,69f1210d-c843-4637-afd6-f6541b6d7040,apartment,5dda0b14-713b-46d0-a6ce-a7a33a2fb6f9,82b270bf-e567-2deb-5ef3-495baafd7645,null,2026-04-10,null,2026-04-10 22:55:56.158203+00
82086d87-817c-487e-a93a-8b9a1cd0ffe7,00000000-0000-0000-0000-000000000001,350a5d9f-c741-4da5-9c41-4d6628f4be60,apartment,5dda0b14-713b-46d0-a6ce-a7a33a2fb6f9,82b270bf-e567-2deb-5ef3-495baafd7645,null,2026-04-10,null,2026-04-10 22:55:56.158203+00
d2c5b8d2-888d-4861-8c46-b53621e44f23,00000000-0000-0000-0000-000000000001,36f7edf9-6161-4d38-b484-e65b0b545b8b,apartment,5dda0b14-713b-46d0-a6ce-a7a33a2fb6f9,82b270bf-e567-2deb-5ef3-495baafd7645,null,2026-04-10,null,2026-04-10 22:55:56.158203+00
f2137cd9-19a4-402b-ad30-ab1a5614343d,00000000-0000-0000-0000-000000000001,d808c152-ecd9-40b8-a60b-cc800d25e27d,apartment,5dda0b14-713b-46d0-a6ce-a7a33a2fb6f9,82b270bf-e567-2deb-5ef3-495baafd7645,null,2026-04-10,null,2026-04-10 22:55:56.158203+00
8fb367ba-7be6-4c3f-a14c-5808b1b5ab85,00000000-0000-0000-0000-000000000001,affc59e1-4e50-4b39-9026-c4adbf601fdb,bed,5dda0b14-713b-46d0-a6ce-a7a33a2fb6f9,82b270bf-e567-2deb-5ef3-495baafd7645,5b45fa77-c694-2c4b-9657-29944633ded5,2026-04-10,null,2026-04-10 22:55:56.158203+00
192a8ef4-7966-498d-8081-b8418b635595,00000000-0000-0000-0000-000000000001,ef9a41c0-4e35-474e-ab7b-3ca0833228c2,bed,5dda0b14-713b-46d0-a6ce-a7a33a2fb6f9,82b270bf-e567-2deb-5ef3-495baafd7645,5c31f9fd-7275-3511-295a-a2740dc3ff01,2026-04-10,null,2026-04-10 22:55:56.158203+00
9b92d805-fc42-4860-8c98-2b600a4d489e,00000000-0000-0000-0000-000000000001,ef9a41c0-4e35-474e-ab7b-3ca0833228c2,bed,5dda0b14-713b-46d0-a6ce-a7a33a2fb6f9,82b270bf-e567-2deb-5ef3-495baafd7645,a99a7569-c4ba-31c0-62a9-b5fdc33d6863,2026-04-10,null,2026-04-10 22:55:56.158203+00
d4c300f8-2611-4f59-a763-0b39f5086a61,00000000-0000-0000-0000-000000000001,97248d4f-b62a-4315-9915-18dee0224ade,bed,5dda0b14-713b-46d0-a6ce-a7a33a2fb6f9,82b270bf-e567-2deb-5ef3-495baafd7645,5dad6c37-ac37-145e-cdc8-33bf5ef05497,2026-04-10,null,2026-04-10 22:55:56.158203+00
f4eafb37-92c3-44fb-897c-9d359cb542b0,00000000-0000-0000-0000-000000000001,97248d4f-b62a-4315-9915-18dee0224ade,bed,5dda0b14-713b-46d0-a6ce-a7a33a2fb6f9,82b270bf-e567-2deb-5ef3-495baafd7645,b9880845-d37b-c083-ffd7-adcaa279cb30,2026-04-10,null,2026-04-10 22:55:56.158203+00
65527a93-eef2-4301-962d-704d4e57789c,00000000-0000-0000-0000-000000000001,a13f0c50-2845-4ab1-b7f1-5955c25ff6ee,apartment,5dda0b14-713b-46d0-a6ce-a7a33a2fb6f9,82b270bf-e567-2deb-5ef3-495baafd7645,null,2026-04-10,null,2026-04-10 22:55:56.158203+00
c70cf637-080a-4020-9fdd-3595cd4e3064,00000000-0000-0000-0000-000000000001,02467f34-667c-4200-bf02-090ec6274180,bed,5dda0b14-713b-46d0-a6ce-a7a33a2fb6f9,82b270bf-e567-2deb-5ef3-495baafd7645,5b45fa77-c694-2c4b-9657-29944633ded5,2026-04-10,null,2026-04-10 22:55:56.158203+00
adac2ed3-ad91-4b06-9b77-54e7792a6401,00000000-0000-0000-0000-000000000001,08635064-b234-4460-b461-39a5eb86c144,bed,5dda0b14-713b-46d0-a6ce-a7a33a2fb6f9,82b270bf-e567-2deb-5ef3-495baafd7645,5c31f9fd-7275-3511-295a-a2740dc3ff01,2026-04-10,null,2026-04-10 22:55:56.158203+00
ed4eaf9a-3330-4aee-a6d8-cfd421c6a2f9,00000000-0000-0000-0000-000000000001,5cafe387-b6ea-41dc-a4bc-777ac1e84b85,bed,5dda0b14-713b-46d0-a6ce-a7a33a2fb6f9,82b270bf-e567-2deb-5ef3-495baafd7645,a99a7569-c4ba-31c0-62a9-b5fdc33d6863,2026-04-10,null,2026-04-10 22:55:56.158203+00
82c9da35-bd9b-4330-8c38-8f88c7794466,00000000-0000-0000-0000-000000000001,edc229b9-aa25-4f57-acf9-d992974aa798,bed,5dda0b14-713b-46d0-a6ce-a7a33a2fb6f9,82b270bf-e567-2deb-5ef3-495baafd7645,5dad6c37-ac37-145e-cdc8-33bf5ef05497,2026-04-10,null,2026-04-10 22:55:56.158203+00
f476d480-44f9-447a-81a0-ce8833402c73,00000000-0000-0000-0000-000000000001,24eb48f0-199e-4932-9b67-5ec3dd853112,bed,5dda0b14-713b-46d0-a6ce-a7a33a2fb6f9,82b270bf-e567-2deb-5ef3-495baafd7645,b9880845-d37b-c083-ffd7-adcaa279cb30,2026-04-10,null,2026-04-10 22:55:56.158203+00
bc53a173-fa07-4df9-a7b3-c22a7aeefa71,00000000-0000-0000-0000-000000000001,65f89850-5c79-40b4-b6e5-d9fa4f66557e,apartment,5dda0b14-713b-46d0-a6ce-a7a33a2fb6f9,82b270bf-e567-2deb-5ef3-495baafd7645,null,2026-04-10,null,2026-04-10 22:55:56.158203+00
91cf506b-d240-4a90-bf1a-9b6a64d7e664,00000000-0000-0000-0000-000000000001,1967bad2-ccb8-4c40-8ee0-2c4dfe7440aa,apartment,5dda0b14-713b-46d0-a6ce-a7a33a2fb6f9,82b270bf-e567-2deb-5ef3-495baafd7645,null,2026-04-10,null,2026-04-10 22:55:56.158203+00
ee5bd956-329a-41a5-8045-df48eb453406,00000000-0000-0000-0000-000000000001,e023aafd-324b-46e0-9d1c-4185c31eab44,apartment,5dda0b14-713b-46d0-a6ce-a7a33a2fb6f9,82b270bf-e567-2deb-5ef3-495baafd7645,null,2026-04-10,null,2026-04-10 22:55:56.158203+00
42c5af65-8cba-45a3-8c84-4596ca3aa08c,00000000-0000-0000-0000-000000000001,708fa4ef-732d-42b3-a703-662c7856927e,apartment,5dda0b14-713b-46d0-a6ce-a7a33a2fb6f9,82b270bf-e567-2deb-5ef3-495baafd7645,null,2026-04-10,null,2026-04-10 22:55:56.158203+00
ea32377c-5dc7-4e8c-8579-214a7f274cfd,00000000-0000-0000-0000-000000000001,f9bfe028-7c8b-4738-a673-dd78b0818535,apartment,5dda0b14-713b-46d0-a6ce-a7a33a2fb6f9,82b270bf-e567-2deb-5ef3-495baafd7645,null,2026-04-10,null,2026-04-10 22:55:56.158203+00
86fc78af-12d1-46a4-8959-d0c661845ce6,00000000-0000-0000-0000-000000000001,3d922a51-fe63-417d-8da2-a5bf53202a07,bed,5dda0b14-713b-46d0-a6ce-a7a33a2fb6f9,82b270bf-e567-2deb-5ef3-495baafd7645,5b45fa77-c694-2c4b-9657-29944633ded5,2026-04-10,null,2026-04-10 22:55:56.158203+00
e17b7fac-52f7-45f3-a5ff-67f49763edf7,00000000-0000-0000-0000-000000000001,9c3191a4-5585-4167-8008-5bb1f5b83502,apartment,5dda0b14-713b-46d0-a6ce-a7a33a2fb6f9,82b270bf-e567-2deb-5ef3-495baafd7645,null,2026-04-10,null,2026-04-10 22:55:56.158203+00
73c85c23-ea25-4848-80d9-910e0fea0b82,00000000-0000-0000-0000-000000000001,d6aa081d-70e8-45b2-9eec-367e7eb38ec8,apartment,5dda0b14-713b-46d0-a6ce-a7a33a2fb6f9,82b270bf-e567-2deb-5ef3-495baafd7645,null,2026-04-10,null,2026-04-10 22:55:56.158203+00
8da5c2e1-10b6-4624-9930-4791196dfdf0,00000000-0000-0000-0000-000000000001,8fa7ae15-a7c0-48bd-a956-fb3413636488,apartment,5dda0b14-713b-46d0-a6ce-a7a33a2fb6f9,82b270bf-e567-2deb-5ef3-495baafd7645,null,2026-04-10,null,2026-04-10 22:55:56.158203+00
97c7f6a4-4734-4490-9f16-9431fffef3e0,00000000-0000-0000-0000-000000000001,fe147861-628d-44a6-90c3-b11e362a15ce,apartment,5dda0b14-713b-46d0-a6ce-a7a33a2fb6f9,82b270bf-e567-2deb-5ef3-495baafd7645,null,2026-04-10,null,2026-04-10 22:55:56.158203+00
e0ae2778-e817-4c6b-b317-631b0b73d332,00000000-0000-0000-0000-000000000001,8a0f6aac-358b-4bf0-9672-f1ddfaf4f48a,bed,5dda0b14-713b-46d0-a6ce-a7a33a2fb6f9,82b270bf-e567-2deb-5ef3-495baafd7645,5b45fa77-c694-2c4b-9657-29944633ded5,2026-04-10,null,2026-04-10 22:55:56.158203+00
a0fd36bf-8418-4abf-8484-18aa2a9df1ed,00000000-0000-0000-0000-000000000001,8a0f6aac-358b-4bf0-9672-f1ddfaf4f48a,bed,5dda0b14-713b-46d0-a6ce-a7a33a2fb6f9,82b270bf-e567-2deb-5ef3-495baafd7645,5dad6c37-ac37-145e-cdc8-33bf5ef05497,2026-04-10,null,2026-04-10 22:55:56.158203+00
00ee76f0-dc56-482d-bdd6-e095f30e184f,00000000-0000-0000-0000-000000000001,8a0f6aac-358b-4bf0-9672-f1ddfaf4f48a,bed,5dda0b14-713b-46d0-a6ce-a7a33a2fb6f9,82b270bf-e567-2deb-5ef3-495baafd7645,b9880845-d37b-c083-ffd7-adcaa279cb30,2026-04-10,null,2026-04-10 22:55:56.158203+00
7f36f438-dd4d-4c54-b31f-22626248d4a9,00000000-0000-0000-0000-000000000001,03a83019-dd0e-4ab1-8e20-d1ad13a04ea8,bed,5dda0b14-713b-46d0-a6ce-a7a33a2fb6f9,82b270bf-e567-2deb-5ef3-495baafd7645,5c31f9fd-7275-3511-295a-a2740dc3ff01,2026-04-10,null,2026-04-10 22:55:56.158203+00
feacfa89-bb83-4c09-b8c4-7d7f7b19f01e,00000000-0000-0000-0000-000000000001,03a83019-dd0e-4ab1-8e20-d1ad13a04ea8,bed,5dda0b14-713b-46d0-a6ce-a7a33a2fb6f9,82b270bf-e567-2deb-5ef3-495baafd7645,a99a7569-c4ba-31c0-62a9-b5fdc33d6863,2026-04-10,null,2026-04-10 22:55:56.158203+00
685165e1-9ceb-44ca-bb9f-a5872cefcde8,00000000-0000-0000-0000-000000000001,61507e8e-6567-48b7-b838-3e16c2397da7,bed,5dda0b14-713b-46d0-a6ce-a7a33a2fb6f9,574de174-c7bb-bc11-f282-cff2aa2501c5,8e7cf1aa-84ce-dc1b-38e7-3f51f80f357b,2026-04-10,null,2026-04-10 22:55:56.158203+00
5fced804-2004-4984-8df8-1e3fcf57a333,00000000-0000-0000-0000-000000000001,61507e8e-6567-48b7-b838-3e16c2397da7,bed,5dda0b14-713b-46d0-a6ce-a7a33a2fb6f9,574de174-c7bb-bc11-f282-cff2aa2501c5,53df99b1-1189-e6c5-90a7-2172d38c9035,2026-04-10,null,2026-04-10 22:55:56.158203+00
6a178fbf-39f9-4ab2-8e9d-c154e5ce1ced,00000000-0000-0000-0000-000000000001,db7f65e5-9fe6-4986-a7ac-37fbdddff609,bed,5dda0b14-713b-46d0-a6ce-a7a33a2fb6f9,574de174-c7bb-bc11-f282-cff2aa2501c5,a97d74e9-7adc-a35d-5a71-2ed6aea432be,2026-04-10,null,2026-04-10 22:55:56.158203+00
fb8e1da7-b51a-4a72-b861-d868e90959e8,00000000-0000-0000-0000-000000000001,db7f65e5-9fe6-4986-a7ac-37fbdddff609,bed,5dda0b14-713b-46d0-a6ce-a7a33a2fb6f9,574de174-c7bb-bc11-f282-cff2aa2501c5,6a9383e4-a0ac-1ecc-cbac-8ac4dfd10b7e,2026-04-10,null,2026-04-10 22:55:56.158203+00
d02a7266-56e8-485c-835e-6f44f36afe37,00000000-0000-0000-0000-000000000001,c76bf49d-62c5-4005-8c75-3b944e8d8aaf,bed,5dda0b14-713b-46d0-a6ce-a7a33a2fb6f9,574de174-c7bb-bc11-f282-cff2aa2501c5,c4a7862a-03e1-25e3-920f-248bbf96eb07,2026-04-10,null,2026-04-10 22:55:56.158203+00
2c629cf7-fd3c-4515-9696-a64230b2fe2b,00000000-0000-0000-0000-000000000001,3bc41eb4-feb0-4e73-9cd9-345d91186522,bed,5dda0b14-713b-46d0-a6ce-a7a33a2fb6f9,574de174-c7bb-bc11-f282-cff2aa2501c5,c4a7862a-03e1-25e3-920f-248bbf96eb07,2026-04-10,null,2026-04-10 22:55:56.158203+00
4fd60606-5cdf-4ad6-a76d-b5543ff3b89c,00000000-0000-0000-0000-000000000001,228658f4-68c6-4d7c-ad31-dd14deae0fc4,apartment,5dda0b14-713b-46d0-a6ce-a7a33a2fb6f9,574de174-c7bb-bc11-f282-cff2aa2501c5,null,2026-04-10,null,2026-04-10 22:55:56.158203+00
752321f6-e728-46e3-89a5-2409dcd855a8,00000000-0000-0000-0000-000000000001,85db7457-ce74-4870-b20f-9232da18cd1b,apartment,5dda0b14-713b-46d0-a6ce-a7a33a2fb6f9,574de174-c7bb-bc11-f282-cff2aa2501c5,null,2026-04-10,null,2026-04-10 22:55:56.158203+00
d11bc45a-8680-49ed-8b4d-220e3f10c55d,00000000-0000-0000-0000-000000000001,3b7770a9-6095-4c9b-803d-f17f8a52d1c9,apartment,5dda0b14-713b-46d0-a6ce-a7a33a2fb6f9,574de174-c7bb-bc11-f282-cff2aa2501c5,null,2026-04-10,null,2026-04-10 22:55:56.158203+00
f3a7c563-736d-450c-8b68-ec8614343b52,00000000-0000-0000-0000-000000000001,1a465956-4b83-481c-90aa-4e2bd9f669ee,bed,5dda0b14-713b-46d0-a6ce-a7a33a2fb6f9,574de174-c7bb-bc11-f282-cff2aa2501c5,c4a7862a-03e1-25e3-920f-248bbf96eb07,2026-04-10,null,2026-04-10 22:55:56.158203+00
37377201-db3e-49f6-9fec-e1f3caad941d,00000000-0000-0000-0000-000000000001,941f8de5-0039-404d-a409-101f15d70eab,bed,5dda0b14-713b-46d0-a6ce-a7a33a2fb6f9,574de174-c7bb-bc11-f282-cff2aa2501c5,8e7cf1aa-84ce-dc1b-38e7-3f51f80f357b,2026-04-10,null,2026-04-10 22:55:56.158203+00
619e4c4f-aa54-40f8-8788-7f15317621e0,00000000-0000-0000-0000-000000000001,b202ac1c-f242-44ab-a465-443432848f8e,bed,5dda0b14-713b-46d0-a6ce-a7a33a2fb6f9,574de174-c7bb-bc11-f282-cff2aa2501c5,53df99b1-1189-e6c5-90a7-2172d38c9035,2026-04-10,null,2026-04-10 22:55:56.158203+00
cdcfb898-2b18-458f-bf3a-6a9d716224c2,00000000-0000-0000-0000-000000000001,8856a21d-821d-4515-8d16-e58c52243b7d,bed,5dda0b14-713b-46d0-a6ce-a7a33a2fb6f9,574de174-c7bb-bc11-f282-cff2aa2501c5,a97d74e9-7adc-a35d-5a71-2ed6aea432be,2026-04-10,null,2026-04-10 22:55:56.158203+00
b3a77db8-f048-403d-be44-c0f27ca35179,00000000-0000-0000-0000-000000000001,faac34bc-4f99-4389-a98b-3c16d42812b8,bed,5dda0b14-713b-46d0-a6ce-a7a33a2fb6f9,574de174-c7bb-bc11-f282-cff2aa2501c5,6a9383e4-a0ac-1ecc-cbac-8ac4dfd10b7e,2026-04-10,null,2026-04-10 22:55:56.158203+00
7cddeb4d-ad80-448f-92fa-c354d419de91,00000000-0000-0000-0000-000000000001,8fb20c02-0c2e-4e77-ace6-86c1cce40d44,bed,5dda0b14-713b-46d0-a6ce-a7a33a2fb6f9,574de174-c7bb-bc11-f282-cff2aa2501c5,c4a7862a-03e1-25e3-920f-248bbf96eb07,2026-04-10,null,2026-04-10 22:55:56.158203+00
d983c574-144b-4262-a8a5-325e880f85dd,00000000-0000-0000-0000-000000000001,1ca2b66b-652c-4bb5-9587-7a7d88360732,bed,5dda0b14-713b-46d0-a6ce-a7a33a2fb6f9,574de174-c7bb-bc11-f282-cff2aa2501c5,8e7cf1aa-84ce-dc1b-38e7-3f51f80f357b,2026-04-10,null,2026-04-10 22:55:56.158203+00
3d40b5bc-bf05-4a54-9aee-6c7a93e7c590,00000000-0000-0000-0000-000000000001,dbb4e06f-cc85-42a7-a42d-b636e194e3c2,bed,5dda0b14-713b-46d0-a6ce-a7a33a2fb6f9,574de174-c7bb-bc11-f282-cff2aa2501c5,53df99b1-1189-e6c5-90a7-2172d38c9035,2026-04-10,null,2026-04-10 22:55:56.158203+00
55089955-042e-4eb6-9c7d-4060434aef30,00000000-0000-0000-0000-000000000001,dce1b777-12db-4b41-9536-16a7665779cd,apartment,5dda0b14-713b-46d0-a6ce-a7a33a2fb6f9,574de174-c7bb-bc11-f282-cff2aa2501c5,null,2026-04-10,null,2026-04-10 22:55:56.158203+00
25a101d9-42f6-4c1a-bca3-fb812cb89d2a,00000000-0000-0000-0000-000000000001,d7f13961-48b6-4d7b-b0ec-72d3f967ba40,apartment,5dda0b14-713b-46d0-a6ce-a7a33a2fb6f9,574de174-c7bb-bc11-f282-cff2aa2501c5,null,2026-04-10,null,2026-04-10 22:55:56.158203+00
8c90ed08-2771-4198-8601-53130861bafd,00000000-0000-0000-0000-000000000001,e5b92bd1-9976-4a99-93cc-d22f48e894b6,bed,5dda0b14-713b-46d0-a6ce-a7a33a2fb6f9,574de174-c7bb-bc11-f282-cff2aa2501c5,a97d74e9-7adc-a35d-5a71-2ed6aea432be,2026-04-10,null,2026-04-10 22:55:56.158203+00
8b5773e1-1ccd-4673-8624-f6a22e70615a,00000000-0000-0000-0000-000000000001,22131ef0-b296-4a2d-9522-65edf9d89dee,bed,5dda0b14-713b-46d0-a6ce-a7a33a2fb6f9,574de174-c7bb-bc11-f282-cff2aa2501c5,6a9383e4-a0ac-1ecc-cbac-8ac4dfd10b7e,2026-04-10,null,2026-04-10 22:55:56.158203+00
ba0c57e1-983a-4d94-acb3-7846659b3ee6,00000000-0000-0000-0000-000000000001,18b794e6-0e3b-4ee6-8ff7-df79414700a3,apartment,5dda0b14-713b-46d0-a6ce-a7a33a2fb6f9,574de174-c7bb-bc11-f282-cff2aa2501c5,null,2026-04-10,null,2026-04-10 22:55:56.158203+00
7bb67b3f-f0b6-475a-b159-cde6844ca0e1,00000000-0000-0000-0000-000000000001,4da383bd-cc92-459f-88de-bd50dfec1bc5,apartment,5dda0b14-713b-46d0-a6ce-a7a33a2fb6f9,574de174-c7bb-bc11-f282-cff2aa2501c5,null,2026-04-10,null,2026-04-10 22:55:56.158203+00
c6a20970-c1a7-483b-b47a-5ad7bdf1aa6f,00000000-0000-0000-0000-000000000001,31c95f11-ae76-4640-bdfa-d92f44b8195f,bed,5dda0b14-713b-46d0-a6ce-a7a33a2fb6f9,574de174-c7bb-bc11-f282-cff2aa2501c5,c4a7862a-03e1-25e3-920f-248bbf96eb07,2026-04-10,null,2026-04-10 22:55:56.158203+00
d1e42b20-ee69-4396-8b14-144d2b545f61,00000000-0000-0000-0000-000000000001,e0b06d6a-cf22-4125-a6b3-ff4c53560aac,apartment,5dda0b14-713b-46d0-a6ce-a7a33a2fb6f9,574de174-c7bb-bc11-f282-cff2aa2501c5,null,2026-04-10,null,2026-04-10 22:55:56.158203+00
d05d3ab4-6078-4cfd-92da-539ad38eff1f,00000000-0000-0000-0000-000000000001,cadeeac7-7077-4edf-821e-2fff39de5ce1,apartment,5dda0b14-713b-46d0-a6ce-a7a33a2fb6f9,574de174-c7bb-bc11-f282-cff2aa2501c5,null,2026-04-10,null,2026-04-10 22:55:56.158203+00
5c87f58f-280e-4868-a83f-a23a2ab09a73,00000000-0000-0000-0000-000000000001,c9db82aa-39ec-404f-b045-4c140ea217e5,bed,5dda0b14-713b-46d0-a6ce-a7a33a2fb6f9,574de174-c7bb-bc11-f282-cff2aa2501c5,8e7cf1aa-84ce-dc1b-38e7-3f51f80f357b,2026-04-10,null,2026-04-10 22:55:56.158203+00
ba2610fe-3ecb-49dc-824f-2e0689d8b7fb,00000000-0000-0000-0000-000000000001,c9db82aa-39ec-404f-b045-4c140ea217e5,bed,5dda0b14-713b-46d0-a6ce-a7a33a2fb6f9,574de174-c7bb-bc11-f282-cff2aa2501c5,53df99b1-1189-e6c5-90a7-2172d38c9035,2026-04-10,null,2026-04-10 22:55:56.158203+00
39fc2287-48a1-4bb4-8ba7-d789f29558ce,00000000-0000-0000-0000-000000000001,0e9127c1-dd69-4c46-9126-a605af00881c,bed,5dda0b14-713b-46d0-a6ce-a7a33a2fb6f9,574de174-c7bb-bc11-f282-cff2aa2501c5,a97d74e9-7adc-a35d-5a71-2ed6aea432be,2026-04-10,null,2026-04-10 22:55:56.158203+00
27585136-ca4a-4aa2-9d7c-8ec6ec5bf2dd,00000000-0000-0000-0000-000000000001,0e9127c1-dd69-4c46-9126-a605af00881c,bed,5dda0b14-713b-46d0-a6ce-a7a33a2fb6f9,574de174-c7bb-bc11-f282-cff2aa2501c5,6a9383e4-a0ac-1ecc-cbac-8ac4dfd10b7e,2026-04-10,null,2026-04-10 22:55:56.158203+00
12300a13-4325-4105-a41e-4d174d1cf560,00000000-0000-0000-0000-000000000001,4eca5eca-6f52-4f2d-b536-454eb2c68a15,apartment,5dda0b14-713b-46d0-a6ce-a7a33a2fb6f9,574de174-c7bb-bc11-f282-cff2aa2501c5,null,2026-04-10,null,2026-04-10 22:55:56.158203+00
cef69e3c-097a-4227-a4d7-4d79c2207fad,00000000-0000-0000-0000-000000000001,323a7b45-f686-46f0-89ff-a3d178d87a9c,bed,5dda0b14-713b-46d0-a6ce-a7a33a2fb6f9,574de174-c7bb-bc11-f282-cff2aa2501c5,c4a7862a-03e1-25e3-920f-248bbf96eb07,2026-04-10,null,2026-04-10 22:55:56.158203+00
63a4e15c-57dc-4796-babf-283de7e0b2f0,00000000-0000-0000-0000-000000000001,79fbcae3-88d1-4402-964f-6d375ca1d389,apartment,5dda0b14-713b-46d0-a6ce-a7a33a2fb6f9,574de174-c7bb-bc11-f282-cff2aa2501c5,null,2026-04-10,null,2026-04-10 22:55:56.158203+00
fc955b6e-0282-408b-93e0-5b8a372e43e3,00000000-0000-0000-0000-000000000001,2fc10db6-64e0-41df-baf0-8bdc9502f776,bed,5dda0b14-713b-46d0-a6ce-a7a33a2fb6f9,574de174-c7bb-bc11-f282-cff2aa2501c5,8e7cf1aa-84ce-dc1b-38e7-3f51f80f357b,2026-04-10,null,2026-04-10 22:55:56.158203+00
676f08af-8efe-4916-9a51-ab5df510c124,00000000-0000-0000-0000-000000000001,acb43ebd-66dd-4a28-862b-afd26910da82,bed,5dda0b14-713b-46d0-a6ce-a7a33a2fb6f9,574de174-c7bb-bc11-f282-cff2aa2501c5,53df99b1-1189-e6c5-90a7-2172d38c9035,2026-04-10,null,2026-04-10 22:55:56.158203+00
618c605d-b07d-41ae-b5d4-145f8e4c7306,00000000-0000-0000-0000-000000000001,32de34c5-5da8-4ce6-84c3-4a6b8d7855eb,bed,5dda0b14-713b-46d0-a6ce-a7a33a2fb6f9,574de174-c7bb-bc11-f282-cff2aa2501c5,a97d74e9-7adc-a35d-5a71-2ed6aea432be,2026-04-10,null,2026-04-10 22:55:56.158203+00
61c9fcf9-3561-419a-a48c-f60da3ba1faf,00000000-0000-0000-0000-000000000001,5b028d5a-0378-4ebb-a876-7a01e54b7e0f,bed,5dda0b14-713b-46d0-a6ce-a7a33a2fb6f9,574de174-c7bb-bc11-f282-cff2aa2501c5,6a9383e4-a0ac-1ecc-cbac-8ac4dfd10b7e,2026-04-10,null,2026-04-10 22:55:56.158203+00
a5c660fe-290b-49e0-94a2-d5a6beac4631,00000000-0000-0000-0000-000000000001,a9e7c679-eb77-4140-9e8e-6126fb83fd19,bed,5dda0b14-713b-46d0-a6ce-a7a33a2fb6f9,574de174-c7bb-bc11-f282-cff2aa2501c5,c4a7862a-03e1-25e3-920f-248bbf96eb07,2026-04-10,null,2026-04-10 22:55:56.158203+00
2df0d059-9f5c-4d83-b784-f73797f67c1a,00000000-0000-0000-0000-000000000001,04e30c01-39cc-4fe4-8afc-4ad1b2c7eee9,bed,5dda0b14-713b-46d0-a6ce-a7a33a2fb6f9,574de174-c7bb-bc11-f282-cff2aa2501c5,c4a7862a-03e1-25e3-920f-248bbf96eb07,2026-04-10,null,2026-04-10 22:55:56.158203+00
c4435e83-348c-4f4d-893a-99b54a011a6f,00000000-0000-0000-0000-000000000001,0e86adce-207d-46e0-8fb3-a51945c18e02,apartment,5dda0b14-713b-46d0-a6ce-a7a33a2fb6f9,574de174-c7bb-bc11-f282-cff2aa2501c5,null,2026-04-10,null,2026-04-10 22:55:56.158203+00
e1b15357-23a8-4387-b5b2-a4f6737ee965,00000000-0000-0000-0000-000000000001,0be59d03-abb4-4b0b-9cf8-da4d6bca575d,apartment,5dda0b14-713b-46d0-a6ce-a7a33a2fb6f9,574de174-c7bb-bc11-f282-cff2aa2501c5,null,2026-04-10,null,2026-04-10 22:55:56.158203+00
d018804e-19e2-409d-8084-d9dd3a8a5fcd,00000000-0000-0000-0000-000000000001,531fd0db-e47f-4d8b-8728-dae79c326c8b,apartment,5dda0b14-713b-46d0-a6ce-a7a33a2fb6f9,574de174-c7bb-bc11-f282-cff2aa2501c5,null,2023-04-03,null,2026-04-10 22:55:56.158203+00
950ade3b-d85e-4280-94f0-0c6738f50392,00000000-0000-0000-0000-000000000001,03ae8d0d-4d90-42c5-9857-207b132a4685,apartment,5dda0b14-713b-46d0-a6ce-a7a33a2fb6f9,574de174-c7bb-bc11-f282-cff2aa2501c5,null,2026-04-10,null,2026-04-10 22:55:56.158203+00
5b439400-bf35-45b7-a7b3-522a5189b552,00000000-0000-0000-0000-000000000001,52eacfc2-7653-42ea-9d6c-1130dc1e3b79,apartment,5dda0b14-713b-46d0-a6ce-a7a33a2fb6f9,574de174-c7bb-bc11-f282-cff2aa2501c5,null,2026-04-10,null,2026-04-10 22:55:56.158203+00
0e222450-ce0b-4514-b57b-8b62d0550dd2,00000000-0000-0000-0000-000000000001,a157e653-f7e6-40dc-8bc6-0d4082147d79,apartment,5dda0b14-713b-46d0-a6ce-a7a33a2fb6f9,574de174-c7bb-bc11-f282-cff2aa2501c5,null,2026-04-10,null,2026-04-10 22:55:56.158203+00
7aba5d67-994b-4332-b8d7-f322106f0c6a,00000000-0000-0000-0000-000000000001,3cf102d1-9729-4082-a55f-d031d3d2c075,apartment,5dda0b14-713b-46d0-a6ce-a7a33a2fb6f9,574de174-c7bb-bc11-f282-cff2aa2501c5,null,2026-04-10,null,2026-04-10 22:55:56.158203+00
4fa44a94-e1fe-4294-ae60-35341a29e882,00000000-0000-0000-0000-000000000001,b451b3ea-d625-47c0-89ba-14591fc16c50,bed,5dda0b14-713b-46d0-a6ce-a7a33a2fb6f9,574de174-c7bb-bc11-f282-cff2aa2501c5,c4a7862a-03e1-25e3-920f-248bbf96eb07,2026-04-10,null,2026-04-10 22:55:56.158203+00
55f4b6b5-564c-4095-87c3-66cbbcfd1527,00000000-0000-0000-0000-000000000001,882fbc52-86a2-4581-86ac-7bc0c47f3f03,apartment,5dda0b14-713b-46d0-a6ce-a7a33a2fb6f9,574de174-c7bb-bc11-f282-cff2aa2501c5,null,2026-04-10,null,2026-04-10 22:55:56.158203+00
66cc77a2-61aa-4557-9ec4-79d356ea233a,00000000-0000-0000-0000-000000000001,e91395e9-65c4-4ca0-96d1-312e44c08e92,bed,5dda0b14-713b-46d0-a6ce-a7a33a2fb6f9,574de174-c7bb-bc11-f282-cff2aa2501c5,c4a7862a-03e1-25e3-920f-248bbf96eb07,2026-04-10,null,2026-04-10 22:55:56.158203+00
2610b335-1e96-4712-b7d5-6c3ec4aab9fb,00000000-0000-0000-0000-000000000001,e91395e9-65c4-4ca0-96d1-312e44c08e92,bed,5dda0b14-713b-46d0-a6ce-a7a33a2fb6f9,574de174-c7bb-bc11-f282-cff2aa2501c5,a97d74e9-7adc-a35d-5a71-2ed6aea432be,2026-04-10,null,2026-04-10 22:55:56.158203+00
9a485d9d-496b-4bda-9c25-5f3e060fb639,00000000-0000-0000-0000-000000000001,e91395e9-65c4-4ca0-96d1-312e44c08e92,bed,5dda0b14-713b-46d0-a6ce-a7a33a2fb6f9,574de174-c7bb-bc11-f282-cff2aa2501c5,6a9383e4-a0ac-1ecc-cbac-8ac4dfd10b7e,2026-04-10,null,2026-04-10 22:55:56.158203+00
6d0a5ea8-d5aa-4a95-ad27-5712648eed2a,00000000-0000-0000-0000-000000000001,b8d03f02-7c55-4a9a-a74f-93b3ee3469ef,apartment,5dda0b14-713b-46d0-a6ce-a7a33a2fb6f9,574de174-c7bb-bc11-f282-cff2aa2501c5,null,2026-04-10,null,2026-04-10 22:55:56.158203+00
ee6c05f2-9a86-4e9c-a5a0-5e8854056816,00000000-0000-0000-0000-000000000001,174f192d-5c8c-4a99-b2a0-8969c74e82af,apartment,5dda0b14-713b-46d0-a6ce-a7a33a2fb6f9,574de174-c7bb-bc11-f282-cff2aa2501c5,null,2026-04-10,null,2026-04-10 22:55:56.158203+00
7eb85c3d-75b6-4c17-9412-07ca84ac62aa,00000000-0000-0000-0000-000000000001,1f66dc02-27aa-4363-bd97-2df70371ebb0,bed,5dda0b14-713b-46d0-a6ce-a7a33a2fb6f9,a361bd0d-c2c1-2aee-6303-d65de004edd0,ac9af09e-62c0-08f5-e71e-d14dc5f83e6d,2026-04-10,null,2026-04-10 22:55:56.158203+00
7588461d-cd84-456c-bc8a-b8cec853abc7,00000000-0000-0000-0000-000000000001,1f66dc02-27aa-4363-bd97-2df70371ebb0,bed,5dda0b14-713b-46d0-a6ce-a7a33a2fb6f9,a361bd0d-c2c1-2aee-6303-d65de004edd0,a4def813-d3a1-fa98-de2f-18ad2a9699a7,2026-04-10,null,2026-04-10 22:55:56.158203+00
c50f1da5-4dbf-4168-8af5-efd81d6cc268,00000000-0000-0000-0000-000000000001,ce9964be-389f-4a84-b81c-ea22ddc62eb4,bed,5dda0b14-713b-46d0-a6ce-a7a33a2fb6f9,a361bd0d-c2c1-2aee-6303-d65de004edd0,9b9feba7-c6ce-bf0e-4b62-7c7541025927,2026-04-10,null,2026-04-10 22:55:56.158203+00
1df74c6c-8c53-48d8-abc6-86cfc4587e5b,00000000-0000-0000-0000-000000000001,ce9964be-389f-4a84-b81c-ea22ddc62eb4,bed,5dda0b14-713b-46d0-a6ce-a7a33a2fb6f9,a361bd0d-c2c1-2aee-6303-d65de004edd0,4878b203-a8a4-ae51-ee40-ab6717cd55b6,2026-04-10,null,2026-04-10 22:55:56.158203+00
c3a48e08-fad9-4fee-af7a-034b26bf9ebb,00000000-0000-0000-0000-000000000001,ce9964be-389f-4a84-b81c-ea22ddc62eb4,bed,5dda0b14-713b-46d0-a6ce-a7a33a2fb6f9,a361bd0d-c2c1-2aee-6303-d65de004edd0,a45df4b7-c5f0-7a91-40d4-49b836a85b7d,2026-04-10,null,2026-04-10 22:55:56.158203+00
98775cbb-5ae2-493d-9773-abbbca9f3421,00000000-0000-0000-0000-000000000001,32416d58-60cb-49a8-9d45-42e68272c044,apartment,5dda0b14-713b-46d0-a6ce-a7a33a2fb6f9,a361bd0d-c2c1-2aee-6303-d65de004edd0,null,2026-04-10,null,2026-04-10 22:55:56.158203+00
efc4c7be-0cb6-433a-ba68-2974bc29a574,00000000-0000-0000-0000-000000000001,3dbc7592-a86c-46d0-b08c-dadf816e376c,bed,5dda0b14-713b-46d0-a6ce-a7a33a2fb6f9,a361bd0d-c2c1-2aee-6303-d65de004edd0,9b9feba7-c6ce-bf0e-4b62-7c7541025927,2026-04-10,null,2026-04-10 22:55:56.158203+00
c242950b-51df-40b7-9f78-c772120eda7e,00000000-0000-0000-0000-000000000001,a10d884a-abcc-4379-820b-359fb8948831,bed,5dda0b14-713b-46d0-a6ce-a7a33a2fb6f9,a361bd0d-c2c1-2aee-6303-d65de004edd0,4878b203-a8a4-ae51-ee40-ab6717cd55b6,2026-04-10,null,2026-04-10 22:55:56.158203+00
187416ad-7227-4928-a315-db231c4787e7,00000000-0000-0000-0000-000000000001,da2a1d1e-02dc-45a2-97e6-b7ea9b31038b,bed,5dda0b14-713b-46d0-a6ce-a7a33a2fb6f9,a361bd0d-c2c1-2aee-6303-d65de004edd0,a45df4b7-c5f0-7a91-40d4-49b836a85b7d,2026-04-10,null,2026-04-10 22:55:56.158203+00
64e32a3f-2bd8-4ee8-afff-a26844e4d29f,00000000-0000-0000-0000-000000000001,347c9173-749b-411c-b3bc-3b33efbad727,apartment,5dda0b14-713b-46d0-a6ce-a7a33a2fb6f9,a361bd0d-c2c1-2aee-6303-d65de004edd0,null,2026-04-10,null,2026-04-10 22:55:56.158203+00
17ca5fb7-1573-4fac-a938-94df7f6957d0,00000000-0000-0000-0000-000000000001,890c731f-c754-473a-8073-dddea821b03a,bed,5dda0b14-713b-46d0-a6ce-a7a33a2fb6f9,a361bd0d-c2c1-2aee-6303-d65de004edd0,9b9feba7-c6ce-bf0e-4b62-7c7541025927,2026-04-10,null,2026-04-10 22:55:56.158203+00
170a816b-c795-4a72-9e7d-eff1865972e1,00000000-0000-0000-0000-000000000001,890c731f-c754-473a-8073-dddea821b03a,bed,5dda0b14-713b-46d0-a6ce-a7a33a2fb6f9,a361bd0d-c2c1-2aee-6303-d65de004edd0,4878b203-a8a4-ae51-ee40-ab6717cd55b6,2026-04-10,null,2026-04-10 22:55:56.158203+00
bfadb596-b00f-4909-b498-94b14d8f2fe2,00000000-0000-0000-0000-000000000001,890c731f-c754-473a-8073-dddea821b03a,bed,5dda0b14-713b-46d0-a6ce-a7a33a2fb6f9,a361bd0d-c2c1-2aee-6303-d65de004edd0,a45df4b7-c5f0-7a91-40d4-49b836a85b7d,2026-04-10,null,2026-04-10 22:55:56.158203+00
c2d7bcb1-3f36-4321-aa60-4a4241b5c875,00000000-0000-0000-0000-000000000001,8b260938-529c-4527-9622-9e31f3b35bca,apartment,5dda0b14-713b-46d0-a6ce-a7a33a2fb6f9,a361bd0d-c2c1-2aee-6303-d65de004edd0,null,2026-04-10,null,2026-04-10 22:55:56.158203+00
00e5e28f-9967-4eca-898b-6605f9202f37,00000000-0000-0000-0000-000000000001,9119d443-02f9-4dc5-8235-c98702f25ce2,bed,5dda0b14-713b-46d0-a6ce-a7a33a2fb6f9,a361bd0d-c2c1-2aee-6303-d65de004edd0,ac9af09e-62c0-08f5-e71e-d14dc5f83e6d,2026-04-10,null,2026-04-10 22:55:56.158203+00
8df600ad-a5d5-4dea-bdd6-e88f620eeb40,00000000-0000-0000-0000-000000000001,06f26b03-b23f-40bc-9343-e6ec40ce50cc,bed,5dda0b14-713b-46d0-a6ce-a7a33a2fb6f9,a361bd0d-c2c1-2aee-6303-d65de004edd0,a4def813-d3a1-fa98-de2f-18ad2a9699a7,2026-04-10,null,2026-04-10 22:55:56.158203+00
04b34adc-047e-4321-8a4f-5712b2eb4723,00000000-0000-0000-0000-000000000001,8daf1183-8fe8-4151-843a-b7e337863cfc,bed,5dda0b14-713b-46d0-a6ce-a7a33a2fb6f9,a361bd0d-c2c1-2aee-6303-d65de004edd0,9b9feba7-c6ce-bf0e-4b62-7c7541025927,2026-04-10,null,2026-04-10 22:55:56.158203+00
3a3680d2-5c75-4b7f-85f5-c470f27ec7a0,00000000-0000-0000-0000-000000000001,822cc356-056a-4cef-8ae6-3ccc995937fb,bed,5dda0b14-713b-46d0-a6ce-a7a33a2fb6f9,a361bd0d-c2c1-2aee-6303-d65de004edd0,4878b203-a8a4-ae51-ee40-ab6717cd55b6,2026-04-10,null,2026-04-10 22:55:56.158203+00
4758e1b0-6395-416f-ac6d-54b273a1eacf,00000000-0000-0000-0000-000000000001,0005fdf1-ce7c-4ae0-a3f1-6c97d57df2cc,bed,5dda0b14-713b-46d0-a6ce-a7a33a2fb6f9,a361bd0d-c2c1-2aee-6303-d65de004edd0,a45df4b7-c5f0-7a91-40d4-49b836a85b7d,2026-04-10,null,2026-04-10 22:55:56.158203+00
966a3ca8-3424-4ee6-854c-b5a99555ff3e,00000000-0000-0000-0000-000000000001,c6d34ded-032e-40a5-93c1-9762e101bab5,bed,5dda0b14-713b-46d0-a6ce-a7a33a2fb6f9,a361bd0d-c2c1-2aee-6303-d65de004edd0,ac9af09e-62c0-08f5-e71e-d14dc5f83e6d,2026-04-10,null,2026-04-10 22:55:56.158203+00
e419d494-074d-4768-9287-0d9597c58e9b,00000000-0000-0000-0000-000000000001,9044bf16-22b0-4aec-9820-b377e55f80ad,bed,5dda0b14-713b-46d0-a6ce-a7a33a2fb6f9,a361bd0d-c2c1-2aee-6303-d65de004edd0,a4def813-d3a1-fa98-de2f-18ad2a9699a7,2026-04-10,null,2026-04-10 22:55:56.158203+00
a09a8e83-ab4b-4315-830b-20740ede6766,00000000-0000-0000-0000-000000000001,3020afd9-cee6-49de-90d3-77a18023d86e,bed,5dda0b14-713b-46d0-a6ce-a7a33a2fb6f9,a361bd0d-c2c1-2aee-6303-d65de004edd0,9b9feba7-c6ce-bf0e-4b62-7c7541025927,2026-04-10,null,2026-04-10 22:55:56.158203+00
49a60eb3-c230-49d5-9043-deb756219227,00000000-0000-0000-0000-000000000001,11cafc09-e28b-449f-81be-943e55210103,bed,5dda0b14-713b-46d0-a6ce-a7a33a2fb6f9,a361bd0d-c2c1-2aee-6303-d65de004edd0,4878b203-a8a4-ae51-ee40-ab6717cd55b6,2026-04-10,null,2026-04-10 22:55:56.158203+00
008d143c-abc1-4ac5-89d7-6a5ebcb6d612,00000000-0000-0000-0000-000000000001,2fc7884a-57c9-4449-9ed4-362d2a1be5ea,bed,5dda0b14-713b-46d0-a6ce-a7a33a2fb6f9,a361bd0d-c2c1-2aee-6303-d65de004edd0,a45df4b7-c5f0-7a91-40d4-49b836a85b7d,2026-04-10,null,2026-04-10 22:55:56.158203+00
305b499a-aa52-4fa9-83c4-687b31a71ab8,00000000-0000-0000-0000-000000000001,d7fca567-ee6d-446e-bcb4-b66de45785e3,apartment,5dda0b14-713b-46d0-a6ce-a7a33a2fb6f9,a361bd0d-c2c1-2aee-6303-d65de004edd0,null,2026-04-10,null,2026-04-10 22:55:56.158203+00
9aeb0014-8fa2-4254-ad03-d825d60fec6f,00000000-0000-0000-0000-000000000001,a53f936a-4736-41c6-9315-d946a3c071d0,bed,5dda0b14-713b-46d0-a6ce-a7a33a2fb6f9,a361bd0d-c2c1-2aee-6303-d65de004edd0,ac9af09e-62c0-08f5-e71e-d14dc5f83e6d,2026-04-10,null,2026-04-10 22:55:56.158203+00
d7bdc712-0aa5-4d4d-a4ca-387b0ea4ba24,00000000-0000-0000-0000-000000000001,a53f936a-4736-41c6-9315-d946a3c071d0,bed,5dda0b14-713b-46d0-a6ce-a7a33a2fb6f9,a361bd0d-c2c1-2aee-6303-d65de004edd0,a4def813-d3a1-fa98-de2f-18ad2a9699a7,2026-04-10,null,2026-04-10 22:55:56.158203+00
7da6cc97-eef7-470c-955b-cd33f7783f76,00000000-0000-0000-0000-000000000001,c7f7b971-19fa-46c7-849d-4c5982a86ff7,bed,5dda0b14-713b-46d0-a6ce-a7a33a2fb6f9,a361bd0d-c2c1-2aee-6303-d65de004edd0,9b9feba7-c6ce-bf0e-4b62-7c7541025927,2026-04-10,null,2026-04-10 22:55:56.158203+00
50dc87af-6041-4790-a489-b75b9d44d2d2,00000000-0000-0000-0000-000000000001,c7f7b971-19fa-46c7-849d-4c5982a86ff7,bed,5dda0b14-713b-46d0-a6ce-a7a33a2fb6f9,a361bd0d-c2c1-2aee-6303-d65de004edd0,4878b203-a8a4-ae51-ee40-ab6717cd55b6,2026-04-10,null,2026-04-10 22:55:56.158203+00
1415515f-4e37-4c42-ad84-ddcc9baa5699,00000000-0000-0000-0000-000000000001,c7f7b971-19fa-46c7-849d-4c5982a86ff7,bed,5dda0b14-713b-46d0-a6ce-a7a33a2fb6f9,a361bd0d-c2c1-2aee-6303-d65de004edd0,a45df4b7-c5f0-7a91-40d4-49b836a85b7d,2026-04-10,null,2026-04-10 22:55:56.158203+00
b19ecb70-a0c2-421a-a948-aaf241aea074,00000000-0000-0000-0000-000000000001,d3a112e4-d578-4d5c-ac52-9a9c551f924a,apartment,5dda0b14-713b-46d0-a6ce-a7a33a2fb6f9,a361bd0d-c2c1-2aee-6303-d65de004edd0,null,2026-04-10,null,2026-04-10 22:55:56.158203+00
ea7d55ae-6e10-4ecd-b5e5-de5922dc04af,00000000-0000-0000-0000-000000000001,e2fdb037-ac4f-4f97-b5cf-0409540e4991,apartment,5dda0b14-713b-46d0-a6ce-a7a33a2fb6f9,a361bd0d-c2c1-2aee-6303-d65de004edd0,null,2026-04-10,null,2026-04-10 22:55:56.158203+00
b6455f36-1bea-4e4f-ba35-6322f9832bdf,00000000-0000-0000-0000-000000000001,3df1c8ab-d1ad-4212-85a2-df0bf0d916a6,bed,5dda0b14-713b-46d0-a6ce-a7a33a2fb6f9,a361bd0d-c2c1-2aee-6303-d65de004edd0,ac9af09e-62c0-08f5-e71e-d14dc5f83e6d,2026-04-10,null,2026-04-10 22:55:56.158203+00
bce72965-f34c-41e7-a279-57ebe24e4ea2,00000000-0000-0000-0000-000000000001,9ef6691d-a376-4bc2-8b65-55b8e66b0b02,bed,5dda0b14-713b-46d0-a6ce-a7a33a2fb6f9,a361bd0d-c2c1-2aee-6303-d65de004edd0,a4def813-d3a1-fa98-de2f-18ad2a9699a7,2026-04-10,null,2026-04-10 22:55:56.158203+00
2764f82a-c6b1-4af8-9996-edb95ff3485a,00000000-0000-0000-0000-000000000001,67d91b82-ea9e-47f0-8158-fa6627a209fa,bed,5dda0b14-713b-46d0-a6ce-a7a33a2fb6f9,a361bd0d-c2c1-2aee-6303-d65de004edd0,9b9feba7-c6ce-bf0e-4b62-7c7541025927,2026-04-10,null,2026-04-10 22:55:56.158203+00
643be89c-2aa6-4b64-a1ae-ce2545e7272d,00000000-0000-0000-0000-000000000001,d814617a-9d75-46eb-b39e-918f593693c5,bed,5dda0b14-713b-46d0-a6ce-a7a33a2fb6f9,a361bd0d-c2c1-2aee-6303-d65de004edd0,4878b203-a8a4-ae51-ee40-ab6717cd55b6,2026-04-10,null,2026-04-10 22:55:56.158203+00
24bdfb38-2fa4-4ac3-b12d-76f3c3d40c1e,00000000-0000-0000-0000-000000000001,c2b9ec80-df03-45f0-ab93-1109fcd8d586,bed,5dda0b14-713b-46d0-a6ce-a7a33a2fb6f9,a361bd0d-c2c1-2aee-6303-d65de004edd0,a45df4b7-c5f0-7a91-40d4-49b836a85b7d,2026-04-10,null,2026-04-10 22:55:56.158203+00
f5a1c8cf-afc4-4287-9ccd-731b1264a4b4,00000000-0000-0000-0000-000000000001,7f9e2e6f-3a38-4f00-9813-157956b1d652,apartment,5dda0b14-713b-46d0-a6ce-a7a33a2fb6f9,a361bd0d-c2c1-2aee-6303-d65de004edd0,null,2026-04-10,null,2026-04-10 22:55:56.158203+00
68d6398b-0185-4112-bce3-b4cf55ac27e4,00000000-0000-0000-0000-000000000001,6c6ff729-5d35-449c-a62d-be86b5c90f2e,apartment,5dda0b14-713b-46d0-a6ce-a7a33a2fb6f9,a361bd0d-c2c1-2aee-6303-d65de004edd0,null,2026-04-10,null,2026-04-10 22:55:56.158203+00
8e330e52-0724-48db-ac28-4d95b515e0d9,00000000-0000-0000-0000-000000000001,3b8bb692-7a19-4edd-9e46-ac377618d820,apartment,5dda0b14-713b-46d0-a6ce-a7a33a2fb6f9,a361bd0d-c2c1-2aee-6303-d65de004edd0,null,2026-02-09,null,2026-04-10 22:55:56.158203+00
42fb3464-09d1-4535-b2d7-c4fb7bd4933d,00000000-0000-0000-0000-000000000001,bbd7edd0-4a1f-41cf-a4a9-00175b37bd63,apartment,5dda0b14-713b-46d0-a6ce-a7a33a2fb6f9,a361bd0d-c2c1-2aee-6303-d65de004edd0,null,2026-04-10,null,2026-04-10 22:55:56.158203+00
2485c6ba-596f-4e09-b3f7-8a72121e9dce,00000000-0000-0000-0000-000000000001,8ec4d187-9005-4a7a-8f05-5595acd7036c,apartment,5dda0b14-713b-46d0-a6ce-a7a33a2fb6f9,a361bd0d-c2c1-2aee-6303-d65de004edd0,null,2026-04-10,null,2026-04-10 22:55:56.158203+00
bb96d3b7-483a-4f34-8be6-b3380ac92aff,00000000-0000-0000-0000-000000000001,11f5cf8a-e7e3-4b82-a952-98842536a356,apartment,5dda0b14-713b-46d0-a6ce-a7a33a2fb6f9,a361bd0d-c2c1-2aee-6303-d65de004edd0,null,2026-04-10,null,2026-04-10 22:55:56.158203+00
b2f30d7c-c13e-4313-b362-f5880186c952,00000000-0000-0000-0000-000000000001,c3958dee-851d-470b-904b-2481b8a86eef,bed,5dda0b14-713b-46d0-a6ce-a7a33a2fb6f9,a361bd0d-c2c1-2aee-6303-d65de004edd0,9b9feba7-c6ce-bf0e-4b62-7c7541025927,2026-04-10,null,2026-04-10 22:55:56.158203+00
764aa380-0bd3-4f9f-a84b-5b11f28ae1d3,00000000-0000-0000-0000-000000000001,c3958dee-851d-470b-904b-2481b8a86eef,bed,5dda0b14-713b-46d0-a6ce-a7a33a2fb6f9,a361bd0d-c2c1-2aee-6303-d65de004edd0,4878b203-a8a4-ae51-ee40-ab6717cd55b6,2026-04-10,null,2026-04-10 22:55:56.158203+00
fe652811-ef40-4a79-aa1e-79468ce96bff,00000000-0000-0000-0000-000000000001,c3958dee-851d-470b-904b-2481b8a86eef,bed,5dda0b14-713b-46d0-a6ce-a7a33a2fb6f9,a361bd0d-c2c1-2aee-6303-d65de004edd0,a45df4b7-c5f0-7a91-40d4-49b836a85b7d,2026-04-10,null,2026-04-10 22:55:56.158203+00
b2424ae0-6db3-4c8a-b64e-449c1feb432f,00000000-0000-0000-0000-000000000001,59bcd00f-90a9-4dc0-b1cd-bf61401d5de7,apartment,5dda0b14-713b-46d0-a6ce-a7a33a2fb6f9,a361bd0d-c2c1-2aee-6303-d65de004edd0,null,2026-04-10,null,2026-04-10 22:55:56.158203+00
c595f420-71b6-479a-97b9-65f13c3c457c,00000000-0000-0000-0000-000000000001,a8fae757-b9cc-4af6-994d-cba3c67bd409,apartment,5dda0b14-713b-46d0-a6ce-a7a33a2fb6f9,a361bd0d-c2c1-2aee-6303-d65de004edd0,null,2026-04-10,null,2026-04-10 22:55:56.158203+00
cbd9882a-d146-4d6b-9a95-a51195b5030c,00000000-0000-0000-0000-000000000001,2b2f6325-f71e-4739-ae56-b3f912714978,bed,5dda0b14-713b-46d0-a6ce-a7a33a2fb6f9,a361bd0d-c2c1-2aee-6303-d65de004edd0,9b9feba7-c6ce-bf0e-4b62-7c7541025927,2026-04-10,null,2026-04-10 22:55:56.158203+00
09ce0627-89b2-4ac4-ae98-29cb1554bf9d,00000000-0000-0000-0000-000000000001,2b2f6325-f71e-4739-ae56-b3f912714978,bed,5dda0b14-713b-46d0-a6ce-a7a33a2fb6f9,a361bd0d-c2c1-2aee-6303-d65de004edd0,4878b203-a8a4-ae51-ee40-ab6717cd55b6,2026-04-10,null,2026-04-10 22:55:56.158203+00
7dc56f41-3e3a-442b-8664-b36c13e52405,00000000-0000-0000-0000-000000000001,9825178f-ed2c-476b-b220-330e7408dcad,apartment,5dda0b14-713b-46d0-a6ce-a7a33a2fb6f9,a361bd0d-c2c1-2aee-6303-d65de004edd0,null,2026-04-10,null,2026-04-10 22:55:56.158203+00
d00b831c-3ddd-46e0-a4fb-961d4646a73e,00000000-0000-0000-0000-000000000001,22f8ad1d-d97f-49b9-b616-bc87fc3f6766,bed,5dda0b14-713b-46d0-a6ce-a7a33a2fb6f9,8767525e-d22f-a295-bc29-ba104fdc589a,641e8720-4414-b77a-b383-2fdfb0d4afa8,2026-04-10,null,2026-04-10 22:55:56.158203+00
d23a7c5a-553d-41c2-84c3-59a2f75c54e0,00000000-0000-0000-0000-000000000001,22f8ad1d-d97f-49b9-b616-bc87fc3f6766,bed,5dda0b14-713b-46d0-a6ce-a7a33a2fb6f9,8767525e-d22f-a295-bc29-ba104fdc589a,5bc695a1-231f-0c21-1a51-b7c3e9e1ea7d,2026-04-10,null,2026-04-10 22:55:56.158203+00
79f8efb4-2126-4a28-844b-b789693d68f7,00000000-0000-0000-0000-000000000001,c3834c9e-f116-40fa-a168-fb48b97bd0ef,bed,5dda0b14-713b-46d0-a6ce-a7a33a2fb6f9,8767525e-d22f-a295-bc29-ba104fdc589a,d97200d1-0973-2121-83e1-33d3c63b9565,2026-04-10,null,2026-04-10 22:55:56.158203+00
065fb299-a9ed-4659-bfa7-41d90882faea,00000000-0000-0000-0000-000000000001,c3834c9e-f116-40fa-a168-fb48b97bd0ef,bed,5dda0b14-713b-46d0-a6ce-a7a33a2fb6f9,8767525e-d22f-a295-bc29-ba104fdc589a,1de2d676-6b57-57c9-570d-27116c18b3cc,2026-04-10,null,2026-04-10 22:55:56.158203+00
d4204861-b4e0-48aa-96f8-8e7578418fec,00000000-0000-0000-0000-000000000001,206a4ea2-cff6-4a4f-8596-10f3ead786ff,apartment,5dda0b14-713b-46d0-a6ce-a7a33a2fb6f9,8767525e-d22f-a295-bc29-ba104fdc589a,null,2026-04-10,null,2026-04-10 22:55:56.158203+00
74e4f215-2a1d-4be4-9f1c-d35852932f9e,00000000-0000-0000-0000-000000000001,4f55fd06-452a-4dd5-9d0f-00e38f0fe797,apartment,5dda0b14-713b-46d0-a6ce-a7a33a2fb6f9,8767525e-d22f-a295-bc29-ba104fdc589a,null,2026-04-10,null,2026-04-10 22:55:56.158203+00
2dc15000-48b3-4c8b-a5ac-dcd431bef154,00000000-0000-0000-0000-000000000001,8a6e73ed-3117-4620-a1f7-64b158e8fe2e,bed,5dda0b14-713b-46d0-a6ce-a7a33a2fb6f9,8767525e-d22f-a295-bc29-ba104fdc589a,641e8720-4414-b77a-b383-2fdfb0d4afa8,2026-04-10,null,2026-04-10 22:55:56.158203+00
01f6a0f5-1ba5-4985-b4fd-fad63793dd4e,00000000-0000-0000-0000-000000000001,1b782ebd-3a13-462a-a037-1fc06e16a477,bed,5dda0b14-713b-46d0-a6ce-a7a33a2fb6f9,8767525e-d22f-a295-bc29-ba104fdc589a,5bc695a1-231f-0c21-1a51-b7c3e9e1ea7d,2026-04-10,null,2026-04-10 22:55:56.158203+00
7c415b2b-98d3-4664-a29e-817c9c69ab78,00000000-0000-0000-0000-000000000001,d0d98fe4-7312-41ea-97be-d53b3ec87461,bed,5dda0b14-713b-46d0-a6ce-a7a33a2fb6f9,8767525e-d22f-a295-bc29-ba104fdc589a,d97200d1-0973-2121-83e1-33d3c63b9565,2026-04-10,null,2026-04-10 22:55:56.158203+00
5217fe58-8b69-4987-8bcb-d0740cb65175,00000000-0000-0000-0000-000000000001,6faf14b4-1606-4341-94a0-230cd73aedc6,bed,5dda0b14-713b-46d0-a6ce-a7a33a2fb6f9,8767525e-d22f-a295-bc29-ba104fdc589a,1de2d676-6b57-57c9-570d-27116c18b3cc,2026-04-10,null,2026-04-10 22:55:56.158203+00
d7a5ccb9-1a1f-452d-8688-5fa3d6129119,00000000-0000-0000-0000-000000000001,68971ccc-9ffd-492d-ae16-24e68e3838ec,bed,5dda0b14-713b-46d0-a6ce-a7a33a2fb6f9,8767525e-d22f-a295-bc29-ba104fdc589a,641e8720-4414-b77a-b383-2fdfb0d4afa8,2026-04-10,null,2026-04-10 22:55:56.158203+00
ce0fb330-db76-4e21-bff1-1e95cdce4b84,00000000-0000-0000-0000-000000000001,13b5d459-2df0-473b-adc7-cd2cd7dc01db,bed,5dda0b14-713b-46d0-a6ce-a7a33a2fb6f9,8767525e-d22f-a295-bc29-ba104fdc589a,5bc695a1-231f-0c21-1a51-b7c3e9e1ea7d,2026-04-10,null,2026-04-10 22:55:56.158203+00
32490fef-bbad-4c63-b604-842d4aa4ba62,00000000-0000-0000-0000-000000000001,d56d6d9a-fd8a-4af4-a036-dfc5db7b67b1,bed,5dda0b14-713b-46d0-a6ce-a7a33a2fb6f9,8767525e-d22f-a295-bc29-ba104fdc589a,d97200d1-0973-2121-83e1-33d3c63b9565,2026-04-10,null,2026-04-10 22:55:56.158203+00
b13e97a1-6155-4ac5-9913-8701bb1b6af2,00000000-0000-0000-0000-000000000001,917fef0b-8dc7-4894-a7cb-a27444429ea6,bed,5dda0b14-713b-46d0-a6ce-a7a33a2fb6f9,8767525e-d22f-a295-bc29-ba104fdc589a,1de2d676-6b57-57c9-570d-27116c18b3cc,2026-04-10,null,2026-04-10 22:55:56.158203+00
7379a39f-b4a4-4f20-aaa3-1ada83fc3024,00000000-0000-0000-0000-000000000001,705c3df1-bef3-41c3-94c7-67de54a65ec5,apartment,5dda0b14-713b-46d0-a6ce-a7a33a2fb6f9,8767525e-d22f-a295-bc29-ba104fdc589a,null,2026-04-10,null,2026-04-10 22:55:56.158203+00
58917ed7-ad37-45f4-851d-0481dfcc27c0,00000000-0000-0000-0000-000000000001,9e532a16-590b-4004-9863-8cc0a6c4844a,bed,5dda0b14-713b-46d0-a6ce-a7a33a2fb6f9,8767525e-d22f-a295-bc29-ba104fdc589a,641e8720-4414-b77a-b383-2fdfb0d4afa8,2026-04-10,null,2026-04-10 22:55:56.158203+00
e142e054-5c03-4766-8403-86e6e4aa9ee1,00000000-0000-0000-0000-000000000001,9e532a16-590b-4004-9863-8cc0a6c4844a,bed,5dda0b14-713b-46d0-a6ce-a7a33a2fb6f9,8767525e-d22f-a295-bc29-ba104fdc589a,5bc695a1-231f-0c21-1a51-b7c3e9e1ea7d,2026-04-10,null,2026-04-10 22:55:56.158203+00
91e062ef-941d-45bc-b5d7-bbf318bedb04,00000000-0000-0000-0000-000000000001,9dc88e29-1681-411f-9e12-db576e61896e,bed,5dda0b14-713b-46d0-a6ce-a7a33a2fb6f9,8767525e-d22f-a295-bc29-ba104fdc589a,d97200d1-0973-2121-83e1-33d3c63b9565,2026-04-10,null,2026-04-10 22:55:56.158203+00
d4334bd3-f4fc-4ce4-85c5-b182106e7c2f,00000000-0000-0000-0000-000000000001,9dc88e29-1681-411f-9e12-db576e61896e,bed,5dda0b14-713b-46d0-a6ce-a7a33a2fb6f9,8767525e-d22f-a295-bc29-ba104fdc589a,1de2d676-6b57-57c9-570d-27116c18b3cc,2026-04-10,null,2026-04-10 22:55:56.158203+00
43c00a7c-78b8-4f7f-b5d1-0612de37e123,00000000-0000-0000-0000-000000000001,dea6d8fa-cde2-4ee3-9355-8b9eff5aaf58,apartment,5dda0b14-713b-46d0-a6ce-a7a33a2fb6f9,8767525e-d22f-a295-bc29-ba104fdc589a,null,2026-04-10,null,2026-04-10 22:55:56.158203+00
afccc47a-b93c-40ec-b8f2-0804b8ad0fb6,00000000-0000-0000-0000-000000000001,aedc50be-5d8a-40c6-842e-c823eea79fd6,apartment,5dda0b14-713b-46d0-a6ce-a7a33a2fb6f9,8767525e-d22f-a295-bc29-ba104fdc589a,null,2026-04-10,null,2026-04-10 22:55:56.158203+00
dccf2195-fa05-463c-be3e-7d58c8b3db7e,00000000-0000-0000-0000-000000000001,0cdf0993-f1a5-4a42-8389-2122b38109ad,bed,5dda0b14-713b-46d0-a6ce-a7a33a2fb6f9,8767525e-d22f-a295-bc29-ba104fdc589a,d97200d1-0973-2121-83e1-33d3c63b9565,2025-08-05,null,2026-04-10 22:55:56.158203+00
08153457-ca22-4492-af8d-a65e0ddbac8d,00000000-0000-0000-0000-000000000001,cf8fb9b7-a4cf-422f-96a9-e1ea4ccb82c6,bed,5dda0b14-713b-46d0-a6ce-a7a33a2fb6f9,8767525e-d22f-a295-bc29-ba104fdc589a,641e8720-4414-b77a-b383-2fdfb0d4afa8,2026-04-10,null,2026-04-10 22:55:56.158203+00
b4a2561c-87c0-40ee-9a19-89e70b709910,00000000-0000-0000-0000-000000000001,785118f1-d4af-4914-9072-d4e65f343461,bed,5dda0b14-713b-46d0-a6ce-a7a33a2fb6f9,8767525e-d22f-a295-bc29-ba104fdc589a,5bc695a1-231f-0c21-1a51-b7c3e9e1ea7d,2026-04-10,null,2026-04-10 22:55:56.158203+00
42150af7-a2a9-4360-9bbe-d62c632fd4a7,00000000-0000-0000-0000-000000000001,bb3a7a45-bed6-408d-a8f5-6bd712253fb4,bed,5dda0b14-713b-46d0-a6ce-a7a33a2fb6f9,8767525e-d22f-a295-bc29-ba104fdc589a,1de2d676-6b57-57c9-570d-27116c18b3cc,2026-04-10,null,2026-04-10 22:55:56.158203+00
2ceb9db1-340d-44ee-be83-405fca3c79d2,00000000-0000-0000-0000-000000000001,de44806e-b663-459e-8b7f-f18051f4dc70,apartment,5dda0b14-713b-46d0-a6ce-a7a33a2fb6f9,8767525e-d22f-a295-bc29-ba104fdc589a,null,2026-04-10,null,2026-04-10 22:55:56.158203+00
6db016e3-f831-4fd9-a2c4-eb67d98741b0,00000000-0000-0000-0000-000000000001,59648563-d684-42a9-bbe6-43acd3c86928,apartment,5dda0b14-713b-46d0-a6ce-a7a33a2fb6f9,8767525e-d22f-a295-bc29-ba104fdc589a,null,2026-04-10,null,2026-04-10 22:55:56.158203+00
deefebac-7cf1-4733-a952-b262630a58fe,00000000-0000-0000-0000-000000000001,43890728-ffee-43a6-baea-363f8900a7f7,apartment,5dda0b14-713b-46d0-a6ce-a7a33a2fb6f9,8767525e-d22f-a295-bc29-ba104fdc589a,null,2026-04-10,null,2026-04-10 22:55:56.158203+00
7747468f-8603-425d-9a75-589e40efa5ab,00000000-0000-0000-0000-000000000001,7bc2555b-7df8-41a2-ae10-2db292fbb6bf,apartment,5dda0b14-713b-46d0-a6ce-a7a33a2fb6f9,8767525e-d22f-a295-bc29-ba104fdc589a,null,2026-04-10,null,2026-04-10 22:55:56.158203+00
3eda6c7f-dec1-4e57-aadf-9789873db22c,00000000-0000-0000-0000-000000000001,b8f6f1aa-28c0-4435-a1e7-a99007c54bf1,apartment,5dda0b14-713b-46d0-a6ce-a7a33a2fb6f9,8767525e-d22f-a295-bc29-ba104fdc589a,null,2026-04-10,null,2026-04-10 22:55:56.158203+00
2c369140-41b3-4350-b585-9028adbf0987,00000000-0000-0000-0000-000000000001,415346f3-628a-43c2-9b23-9a23f5b4f065,apartment,5dda0b14-713b-46d0-a6ce-a7a33a2fb6f9,8767525e-d22f-a295-bc29-ba104fdc589a,null,2026-04-10,null,2026-04-10 22:55:56.158203+00
94710c17-2d58-4c93-b2eb-8fd26e6d8037,00000000-0000-0000-0000-000000000001,0692c31e-c24c-4ffb-95ce-71030b59bfc3,apartment,5dda0b14-713b-46d0-a6ce-a7a33a2fb6f9,8767525e-d22f-a295-bc29-ba104fdc589a,null,2026-04-10,null,2026-04-10 22:55:56.158203+00
5c9cd03e-8f03-4926-b8e2-80d19bcb018a,00000000-0000-0000-0000-000000000001,adf78410-c6b2-4141-bb0b-8bd83c5a2a69,apartment,5dda0b14-713b-46d0-a6ce-a7a33a2fb6f9,8767525e-d22f-a295-bc29-ba104fdc589a,null,2026-04-10,null,2026-04-10 22:55:56.158203+00
ea0b0219-f957-4a8f-a0c0-5bf829567230,00000000-0000-0000-0000-000000000001,4216ac36-73ce-4c5b-85b2-b4fcc892d8ba,bed,5dda0b14-713b-46d0-a6ce-a7a33a2fb6f9,8767525e-d22f-a295-bc29-ba104fdc589a,641e8720-4414-b77a-b383-2fdfb0d4afa8,2026-04-10,null,2026-04-10 22:55:56.158203+00
88747bd1-522b-40a1-ada9-46e82415a8ac,00000000-0000-0000-0000-000000000001,4216ac36-73ce-4c5b-85b2-b4fcc892d8ba,bed,5dda0b14-713b-46d0-a6ce-a7a33a2fb6f9,8767525e-d22f-a295-bc29-ba104fdc589a,5bc695a1-231f-0c21-1a51-b7c3e9e1ea7d,2026-04-10,null,2026-04-10 22:55:56.158203+00
6122a032-91bf-4da7-b2db-efe2eb0a0eb9,00000000-0000-0000-0000-000000000001,bc1ea20e-8f5d-476b-b2b1-619f3d2290cd,apartment,5dda0b14-713b-46d0-a6ce-a7a33a2fb6f9,8767525e-d22f-a295-bc29-ba104fdc589a,null,2026-04-10,null,2026-04-10 22:55:56.158203+00
18a9006f-b62e-46a8-a999-af9da21f4f54,00000000-0000-0000-0000-000000000001,bc1ea20e-8f5d-476b-b2b1-619f3d2290cd,bed,5dda0b14-713b-46d0-a6ce-a7a33a2fb6f9,8767525e-d22f-a295-bc29-ba104fdc589a,d97200d1-0973-2121-83e1-33d3c63b9565,2026-04-10,null,2026-04-10 22:55:56.158203+00
4e5a7673-d830-4413-a465-78f3274a3816,00000000-0000-0000-0000-000000000001,bc1ea20e-8f5d-476b-b2b1-619f3d2290cd,bed,5dda0b14-713b-46d0-a6ce-a7a33a2fb6f9,8767525e-d22f-a295-bc29-ba104fdc589a,1de2d676-6b57-57c9-570d-27116c18b3cc,2026-04-10,null,2026-04-10 22:55:56.158203+00
f89b595b-5b79-492f-890d-6bf010d45fd2,00000000-0000-0000-0000-000000000001,90a74d97-1020-4138-ae55-d4fe1fcebc07,bed,5dda0b14-713b-46d0-a6ce-a7a33a2fb6f9,323c0dff-be56-f6ee-f053-ee37de806dea,46708e4f-0f36-d317-bc46-7cc2bcfc59ea,2026-04-10,null,2026-04-10 22:55:56.158203+00
96f20b2a-ff3e-4f34-803d-fbc7354761b9,00000000-0000-0000-0000-000000000001,0bdb19b4-73e1-4ed7-b4e5-2e23c26f6fe6,bed,5dda0b14-713b-46d0-a6ce-a7a33a2fb6f9,323c0dff-be56-f6ee-f053-ee37de806dea,e7642e66-b680-f2af-0035-0f1b6b2e4fc5,2026-04-10,null,2026-04-10 22:55:56.158203+00
d426496c-7198-4ff6-8121-0ef47950cb37,00000000-0000-0000-0000-000000000001,0bdb19b4-73e1-4ed7-b4e5-2e23c26f6fe6,bed,5dda0b14-713b-46d0-a6ce-a7a33a2fb6f9,323c0dff-be56-f6ee-f053-ee37de806dea,d3a51c07-b151-013a-a133-40382989bfdf,2026-04-10,null,2026-04-10 22:55:56.158203+00
7ee769d6-b383-461c-90de-584855b08ae3,00000000-0000-0000-0000-000000000001,8e6f2f8e-fb5c-48b3-a1d5-8c35f1a2d8b2,bed,5dda0b14-713b-46d0-a6ce-a7a33a2fb6f9,323c0dff-be56-f6ee-f053-ee37de806dea,e6304ffe-b79e-f679-5337-930246f0b5a5,2026-04-10,null,2026-04-10 22:55:56.158203+00
a4613825-1483-4b41-b0b0-721aea408781,00000000-0000-0000-0000-000000000001,8e6f2f8e-fb5c-48b3-a1d5-8c35f1a2d8b2,bed,5dda0b14-713b-46d0-a6ce-a7a33a2fb6f9,323c0dff-be56-f6ee-f053-ee37de806dea,cead0c81-cb47-a00d-6583-2032ac0d3b68,2026-04-10,null,2026-04-10 22:55:56.158203+00
a8c8c1fe-8685-4c82-b01e-ec91987872ce,00000000-0000-0000-0000-000000000001,4f649b4a-36ec-449f-8630-642b2837a367,bed,5dda0b14-713b-46d0-a6ce-a7a33a2fb6f9,323c0dff-be56-f6ee-f053-ee37de806dea,46708e4f-0f36-d317-bc46-7cc2bcfc59ea,2026-04-10,null,2026-04-10 22:55:56.158203+00
98562416-e76c-49d8-9d72-13cd458c4233,00000000-0000-0000-0000-000000000001,d8066794-1fcc-458c-a123-13020a12240a,bed,5dda0b14-713b-46d0-a6ce-a7a33a2fb6f9,323c0dff-be56-f6ee-f053-ee37de806dea,e7642e66-b680-f2af-0035-0f1b6b2e4fc5,2026-04-10,null,2026-04-10 22:55:56.158203+00
c6d67542-0afe-4a14-b2c4-fd7ff3f93ede,00000000-0000-0000-0000-000000000001,02fbcc4d-22b1-46c8-80be-27d816fa00cb,bed,5dda0b14-713b-46d0-a6ce-a7a33a2fb6f9,323c0dff-be56-f6ee-f053-ee37de806dea,d3a51c07-b151-013a-a133-40382989bfdf,2026-04-10,null,2026-04-10 22:55:56.158203+00
f25f1ae1-5858-49cf-96fc-64c57daea46e,00000000-0000-0000-0000-000000000001,0747674e-3911-4872-953f-3cc60211e87d,apartment,5dda0b14-713b-46d0-a6ce-a7a33a2fb6f9,323c0dff-be56-f6ee-f053-ee37de806dea,null,2026-04-10,null,2026-04-10 22:55:56.158203+00
e8cb3e49-8ff2-41d1-a907-155410cfe153,00000000-0000-0000-0000-000000000001,6e4e8866-172b-435f-b96c-d94f2ca99d7f,bed,5dda0b14-713b-46d0-a6ce-a7a33a2fb6f9,323c0dff-be56-f6ee-f053-ee37de806dea,46708e4f-0f36-d317-bc46-7cc2bcfc59ea,2026-04-10,null,2026-04-10 22:55:56.158203+00
5bfa3220-13a1-4edc-8ce5-ba15bbb2447c,00000000-0000-0000-0000-000000000001,df71c709-4d0a-4bd1-af98-d4f0da2c7493,apartment,5dda0b14-713b-46d0-a6ce-a7a33a2fb6f9,323c0dff-be56-f6ee-f053-ee37de806dea,null,2026-04-10,null,2026-04-10 22:55:56.158203+00
3a6734fa-8f19-4e6b-9b6f-3d4d802380d7,00000000-0000-0000-0000-000000000001,d40bd168-e75d-469b-b93a-1dc7dcf59911,apartment,5dda0b14-713b-46d0-a6ce-a7a33a2fb6f9,323c0dff-be56-f6ee-f053-ee37de806dea,null,2026-04-10,null,2026-04-10 22:55:56.158203+00
20bc6639-cc7f-4f3b-8cad-8cd29bfd652d,00000000-0000-0000-0000-000000000001,c81c1fc9-cc6b-478e-b7c0-6c6249d1af36,apartment,5dda0b14-713b-46d0-a6ce-a7a33a2fb6f9,323c0dff-be56-f6ee-f053-ee37de806dea,null,2026-04-10,null,2026-04-10 22:55:56.158203+00
28610006-1f4b-41e4-8eaa-405f38f42504,00000000-0000-0000-0000-000000000001,b83c5e4d-1874-4590-bc2d-bb5cacebeaf5,bed,5dda0b14-713b-46d0-a6ce-a7a33a2fb6f9,323c0dff-be56-f6ee-f053-ee37de806dea,46708e4f-0f36-d317-bc46-7cc2bcfc59ea,2026-04-10,null,2026-04-10 22:55:56.158203+00
3b79d37d-f897-4db1-847f-746b4bf05365,00000000-0000-0000-0000-000000000001,b012128d-4aef-4e12-ab52-12723e7eba04,bed,5dda0b14-713b-46d0-a6ce-a7a33a2fb6f9,323c0dff-be56-f6ee-f053-ee37de806dea,e7642e66-b680-f2af-0035-0f1b6b2e4fc5,2026-04-10,null,2026-04-10 22:55:56.158203+00
5e939790-198c-4480-88b0-88546ccd75bb,00000000-0000-0000-0000-000000000001,c61604c6-7d03-4992-a28a-061d0848d5b9,bed,5dda0b14-713b-46d0-a6ce-a7a33a2fb6f9,323c0dff-be56-f6ee-f053-ee37de806dea,d3a51c07-b151-013a-a133-40382989bfdf,2026-04-10,null,2026-04-10 22:55:56.158203+00
d07fe1a8-fdce-418a-b379-d022850a6b91,00000000-0000-0000-0000-000000000001,f43fa749-cff6-4791-8192-b332dfee4b11,bed,5dda0b14-713b-46d0-a6ce-a7a33a2fb6f9,323c0dff-be56-f6ee-f053-ee37de806dea,e6304ffe-b79e-f679-5337-930246f0b5a5,2026-04-10,null,2026-04-10 22:55:56.158203+00
0dee40ae-6ce8-4ed6-930c-4eeb1850e832,00000000-0000-0000-0000-000000000001,10eaaa6b-156c-45b9-ace8-d1829ad106a4,bed,5dda0b14-713b-46d0-a6ce-a7a33a2fb6f9,323c0dff-be56-f6ee-f053-ee37de806dea,cead0c81-cb47-a00d-6583-2032ac0d3b68,2026-04-10,null,2026-04-10 22:55:56.158203+00
817892ef-cb89-46c7-aa57-30b05a0b3102,00000000-0000-0000-0000-000000000001,598fe453-121d-45d0-8707-eede0e7c5037,bed,5dda0b14-713b-46d0-a6ce-a7a33a2fb6f9,323c0dff-be56-f6ee-f053-ee37de806dea,46708e4f-0f36-d317-bc46-7cc2bcfc59ea,2026-04-10,null,2026-04-10 22:55:56.158203+00
88c7ccda-35d2-49f0-bf26-a73bc56a2342,00000000-0000-0000-0000-000000000001,5acc2529-4e49-4370-96c4-d99b0433a6fc,bed,5dda0b14-713b-46d0-a6ce-a7a33a2fb6f9,323c0dff-be56-f6ee-f053-ee37de806dea,e7642e66-b680-f2af-0035-0f1b6b2e4fc5,2026-04-10,null,2026-04-10 22:55:56.158203+00
cd22e276-9e50-4fd9-a5ae-e850ae075279,00000000-0000-0000-0000-000000000001,ca60d906-58f4-4059-a743-fd04601023d4,bed,5dda0b14-713b-46d0-a6ce-a7a33a2fb6f9,323c0dff-be56-f6ee-f053-ee37de806dea,d3a51c07-b151-013a-a133-40382989bfdf,2026-04-10,null,2026-04-10 22:55:56.158203+00
d60cb380-5dbc-41a8-bc26-ef9c7e81290a,00000000-0000-0000-0000-000000000001,481cd9cc-586a-4a23-b5a8-500299b836fe,bed,5dda0b14-713b-46d0-a6ce-a7a33a2fb6f9,323c0dff-be56-f6ee-f053-ee37de806dea,e6304ffe-b79e-f679-5337-930246f0b5a5,2026-04-10,null,2026-04-10 22:55:56.158203+00
869eec0f-2333-42ec-bfeb-a13852000b52,00000000-0000-0000-0000-000000000001,5c74efba-07f6-47ac-8eea-cc319339cb0f,bed,5dda0b14-713b-46d0-a6ce-a7a33a2fb6f9,323c0dff-be56-f6ee-f053-ee37de806dea,cead0c81-cb47-a00d-6583-2032ac0d3b68,2026-04-10,null,2026-04-10 22:55:56.158203+00
cef298fc-344c-4417-a854-59f2eb75f00f,00000000-0000-0000-0000-000000000001,5a770dee-8954-4606-8b8d-8e1fce0f4526,apartment,5dda0b14-713b-46d0-a6ce-a7a33a2fb6f9,323c0dff-be56-f6ee-f053-ee37de806dea,null,2026-04-10,null,2026-04-10 22:55:56.158203+00
6205a56b-754a-4fd4-9a1c-89ee94796d21,00000000-0000-0000-0000-000000000001,4f2d398b-5ee1-4f70-9f37-0a1bf7161b9a,bed,5dda0b14-713b-46d0-a6ce-a7a33a2fb6f9,323c0dff-be56-f6ee-f053-ee37de806dea,46708e4f-0f36-d317-bc46-7cc2bcfc59ea,2026-04-10,null,2026-04-10 22:55:56.158203+00
dfd08f11-ced3-4f04-be46-ee10cc8c406b,00000000-0000-0000-0000-000000000001,ed224186-5fdc-4b37-8d53-371dc20b46cb,bed,5dda0b14-713b-46d0-a6ce-a7a33a2fb6f9,323c0dff-be56-f6ee-f053-ee37de806dea,e7642e66-b680-f2af-0035-0f1b6b2e4fc5,2026-04-10,null,2026-04-10 22:55:56.158203+00
5e9613cf-93f6-414b-8b31-9f1a9678940c,00000000-0000-0000-0000-000000000001,ed224186-5fdc-4b37-8d53-371dc20b46cb,bed,5dda0b14-713b-46d0-a6ce-a7a33a2fb6f9,323c0dff-be56-f6ee-f053-ee37de806dea,d3a51c07-b151-013a-a133-40382989bfdf,2026-04-10,null,2026-04-10 22:55:56.158203+00
0c1232b6-fcb1-474d-a7ca-d68595c46f87,00000000-0000-0000-0000-000000000001,940b8003-960e-419b-a9d6-f1ed75fced7d,bed,5dda0b14-713b-46d0-a6ce-a7a33a2fb6f9,323c0dff-be56-f6ee-f053-ee37de806dea,e6304ffe-b79e-f679-5337-930246f0b5a5,2026-04-10,null,2026-04-10 22:55:56.158203+00
0f5af0c1-5d36-4938-969a-0db341994e83,00000000-0000-0000-0000-000000000001,940b8003-960e-419b-a9d6-f1ed75fced7d,bed,5dda0b14-713b-46d0-a6ce-a7a33a2fb6f9,323c0dff-be56-f6ee-f053-ee37de806dea,cead0c81-cb47-a00d-6583-2032ac0d3b68,2026-04-10,null,2026-04-10 22:55:56.158203+00
6bac25e5-69a2-4931-a2fd-0265c5d0ffcf,00000000-0000-0000-0000-000000000001,f30488b0-cc6a-4881-b28c-da8f4daad807,apartment,5dda0b14-713b-46d0-a6ce-a7a33a2fb6f9,323c0dff-be56-f6ee-f053-ee37de806dea,null,2026-04-10,null,2026-04-10 22:55:56.158203+00
b72b8cd9-49f7-4b15-90a0-c7f77ab1fa0f,00000000-0000-0000-0000-000000000001,8da8550d-a8be-4ed1-b197-f54273c9c4c8,apartment,5dda0b14-713b-46d0-a6ce-a7a33a2fb6f9,323c0dff-be56-f6ee-f053-ee37de806dea,null,2026-04-10,null,2026-04-10 22:55:56.158203+00
292ca2d2-8eda-4162-bbbd-bc25192fbf62,00000000-0000-0000-0000-000000000001,eb31de6a-d3fa-47a9-8d69-dac8705c98c0,bed,5dda0b14-713b-46d0-a6ce-a7a33a2fb6f9,323c0dff-be56-f6ee-f053-ee37de806dea,46708e4f-0f36-d317-bc46-7cc2bcfc59ea,2025-08-05,null,2026-04-10 22:55:56.158203+00
6afd991d-4b13-462d-9ff1-c240e944a97a,00000000-0000-0000-0000-000000000001,5168103a-5a3c-41b2-8083-78c39d40fee3,bed,5dda0b14-713b-46d0-a6ce-a7a33a2fb6f9,323c0dff-be56-f6ee-f053-ee37de806dea,e7642e66-b680-f2af-0035-0f1b6b2e4fc5,2026-04-10,null,2026-04-10 22:55:56.158203+00
808edc5e-0347-48ef-971f-6c1f18a11cd0,00000000-0000-0000-0000-000000000001,c20cd545-542b-4bb6-b53e-2667efcff0cf,bed,5dda0b14-713b-46d0-a6ce-a7a33a2fb6f9,323c0dff-be56-f6ee-f053-ee37de806dea,d3a51c07-b151-013a-a133-40382989bfdf,2026-04-10,null,2026-04-10 22:55:56.158203+00
45b9746f-d161-4249-bc38-044ae7758aa3,00000000-0000-0000-0000-000000000001,f1f0fd91-60b7-488c-9254-442e5438debf,bed,5dda0b14-713b-46d0-a6ce-a7a33a2fb6f9,323c0dff-be56-f6ee-f053-ee37de806dea,e6304ffe-b79e-f679-5337-930246f0b5a5,2026-04-10,null,2026-04-10 22:55:56.158203+00
817b2fab-4f5a-44ac-914a-6493452cc145,00000000-0000-0000-0000-000000000001,5bb1165b-c119-421d-95a8-1da1427bf49a,bed,5dda0b14-713b-46d0-a6ce-a7a33a2fb6f9,323c0dff-be56-f6ee-f053-ee37de806dea,cead0c81-cb47-a00d-6583-2032ac0d3b68,2026-04-10,null,2026-04-10 22:55:56.158203+00
483cd857-4916-4504-887e-3d47176bdb9f,00000000-0000-0000-0000-000000000001,cbad9e4a-6ad9-4884-8f75-697b6e3c08ab,apartment,5dda0b14-713b-46d0-a6ce-a7a33a2fb6f9,323c0dff-be56-f6ee-f053-ee37de806dea,null,2026-04-10,null,2026-04-10 22:55:56.158203+00
648baf55-f304-4b83-a09d-2b9a2d77f84d,00000000-0000-0000-0000-000000000001,28166767-7252-4703-80da-5fdef635ecc9,apartment,5dda0b14-713b-46d0-a6ce-a7a33a2fb6f9,323c0dff-be56-f6ee-f053-ee37de806dea,null,2026-04-10,null,2026-04-10 22:55:56.158203+00
c5486bb3-1520-47ce-9a99-41597adb10d8,00000000-0000-0000-0000-000000000001,5a8e3cf4-9abe-4240-8ecd-307405ee17c3,apartment,5dda0b14-713b-46d0-a6ce-a7a33a2fb6f9,323c0dff-be56-f6ee-f053-ee37de806dea,null,2025-04-06,null,2026-04-10 22:55:56.158203+00
3085074c-3567-400b-a1ca-a06b49a9a984,00000000-0000-0000-0000-000000000001,d9becf83-e186-416e-85ce-348f3fa5be3c,apartment,5dda0b14-713b-46d0-a6ce-a7a33a2fb6f9,323c0dff-be56-f6ee-f053-ee37de806dea,null,2026-04-10,null,2026-04-10 22:55:56.158203+00
e02f451c-6b40-48aa-898e-e19a0fe9038f,00000000-0000-0000-0000-000000000001,42c1044e-e415-47c4-83e8-34eb19be782c,apartment,5dda0b14-713b-46d0-a6ce-a7a33a2fb6f9,323c0dff-be56-f6ee-f053-ee37de806dea,null,2026-04-10,null,2026-04-10 22:55:56.158203+00
7e580767-f50e-4e16-880f-f4ac9a8b488a,00000000-0000-0000-0000-000000000001,ff76b2dd-0585-455e-be5b-c8c1f6e4a623,bed,5dda0b14-713b-46d0-a6ce-a7a33a2fb6f9,323c0dff-be56-f6ee-f053-ee37de806dea,46708e4f-0f36-d317-bc46-7cc2bcfc59ea,2026-04-10,null,2026-04-10 22:55:56.158203+00
3f3d9e13-4a15-4540-b73f-180c58308e78,00000000-0000-0000-0000-000000000001,79f35b1d-8acc-4059-944f-cec0d74c5ee2,apartment,5dda0b14-713b-46d0-a6ce-a7a33a2fb6f9,323c0dff-be56-f6ee-f053-ee37de806dea,null,2026-04-10,null,2026-04-10 22:55:56.158203+00
97ea5faa-1e7d-4d1e-b65d-8f126d601583,00000000-0000-0000-0000-000000000001,05e34863-02cb-4405-8e49-68c93de2656d,apartment,5dda0b14-713b-46d0-a6ce-a7a33a2fb6f9,323c0dff-be56-f6ee-f053-ee37de806dea,null,2026-04-10,null,2026-04-10 22:55:56.158203+00
0ed2661c-055c-4467-8b97-5c90857150b8,00000000-0000-0000-0000-000000000001,7dc2475f-f3cc-4922-980d-d99b3182abbc,apartment,5dda0b14-713b-46d0-a6ce-a7a33a2fb6f9,323c0dff-be56-f6ee-f053-ee37de806dea,null,2026-04-10,null,2026-04-10 22:55:56.158203+00
8197e5bf-8796-4c68-b2b5-b0e774a84614,00000000-0000-0000-0000-000000000001,63583664-7699-4bd5-892d-2123c5cc534b,bed,5dda0b14-713b-46d0-a6ce-a7a33a2fb6f9,323c0dff-be56-f6ee-f053-ee37de806dea,46708e4f-0f36-d317-bc46-7cc2bcfc59ea,2026-04-10,null,2026-04-10 22:55:56.158203+00
7999291c-cdc8-4186-a73b-d20417cd2cf4,00000000-0000-0000-0000-000000000001,63583664-7699-4bd5-892d-2123c5cc534b,bed,5dda0b14-713b-46d0-a6ce-a7a33a2fb6f9,323c0dff-be56-f6ee-f053-ee37de806dea,e6304ffe-b79e-f679-5337-930246f0b5a5,2026-04-10,null,2026-04-10 22:55:56.158203+00
de8267ab-90dd-4cea-b373-0f78d5670388,00000000-0000-0000-0000-000000000001,63583664-7699-4bd5-892d-2123c5cc534b,bed,5dda0b14-713b-46d0-a6ce-a7a33a2fb6f9,323c0dff-be56-f6ee-f053-ee37de806dea,cead0c81-cb47-a00d-6583-2032ac0d3b68,2026-04-10,null,2026-04-10 22:55:56.158203+00
7062d529-ad63-4d8f-acf4-7be1188c09e0,00000000-0000-0000-0000-000000000001,56c5eeeb-c17d-42a4-98a5-fb8dc5e1f705,bed,5dda0b14-713b-46d0-a6ce-a7a33a2fb6f9,323c0dff-be56-f6ee-f053-ee37de806dea,e7642e66-b680-f2af-0035-0f1b6b2e4fc5,2026-04-10,null,2026-04-10 22:55:56.158203+00
566f3148-aaa9-4acc-849a-457e50a0c789,00000000-0000-0000-0000-000000000001,56c5eeeb-c17d-42a4-98a5-fb8dc5e1f705,bed,5dda0b14-713b-46d0-a6ce-a7a33a2fb6f9,323c0dff-be56-f6ee-f053-ee37de806dea,d3a51c07-b151-013a-a133-40382989bfdf,2026-04-10,null,2026-04-10 22:55:56.158203+00
ca01645a-b995-40c5-8e2a-131588ef20cd,00000000-0000-0000-0000-000000000001,dbecf469-5471-49d2-9ae7-d40117f3e15c,apartment,5dda0b14-713b-46d0-a6ce-a7a33a2fb6f9,323c0dff-be56-f6ee-f053-ee37de806dea,null,2026-04-10,null,2026-04-10 22:55:56.158203+00
a0345701-0b05-451a-99be-2fea4df1f3b1,00000000-0000-0000-0000-000000000001,6964752d-3abb-4921-9c1b-d1b668a1ce85,bed,5dda0b14-713b-46d0-a6ce-a7a33a2fb6f9,aa73cade-c28c-dc5b-5980-55801ea0d415,22718a42-c413-2da1-bcc2-87755dd1e12b,2026-04-10,null,2026-04-10 22:55:56.158203+00
c55f5696-a6a0-4d9d-b759-cfecb51e4738,00000000-0000-0000-0000-000000000001,0feecc7c-d922-4209-8a6a-b37268d302ce,bed,5dda0b14-713b-46d0-a6ce-a7a33a2fb6f9,aa73cade-c28c-dc5b-5980-55801ea0d415,fc9765ca-aee5-6f71-e441-e12679f0bb12,2026-04-10,null,2026-04-10 22:55:56.158203+00
df285a54-be81-4f1b-882c-ef652f16c727,00000000-0000-0000-0000-000000000001,0feecc7c-d922-4209-8a6a-b37268d302ce,bed,5dda0b14-713b-46d0-a6ce-a7a33a2fb6f9,aa73cade-c28c-dc5b-5980-55801ea0d415,ee1fb02c-fb9a-533e-3afc-8a9125d2a24c,2026-04-10,null,2026-04-10 22:55:56.158203+00
4a34530a-bd68-4230-aae4-757d8627c0a6,00000000-0000-0000-0000-000000000001,999d799d-ddf8-4e3e-9913-bf8a20411d21,bed,5dda0b14-713b-46d0-a6ce-a7a33a2fb6f9,aa73cade-c28c-dc5b-5980-55801ea0d415,50d7a816-da06-6897-ffe0-cb694a257dec,2026-04-10,null,2026-04-10 22:55:56.158203+00
7be3e418-f892-41ee-a0e7-a562533b4273,00000000-0000-0000-0000-000000000001,999d799d-ddf8-4e3e-9913-bf8a20411d21,bed,5dda0b14-713b-46d0-a6ce-a7a33a2fb6f9,aa73cade-c28c-dc5b-5980-55801ea0d415,e240e3e5-c69e-eb28-28a3-e88cb6561735,2026-04-10,null,2026-04-10 22:55:56.158203+00
c655f331-21b2-434a-98c9-8d1f71610c14,00000000-0000-0000-0000-000000000001,e12e18c7-073b-4a69-a967-675914aac5a2,bed,5dda0b14-713b-46d0-a6ce-a7a33a2fb6f9,aa73cade-c28c-dc5b-5980-55801ea0d415,22718a42-c413-2da1-bcc2-87755dd1e12b,2026-04-10,null,2026-04-10 22:55:56.158203+00
a82e6093-5d84-4d43-8f2b-0113620b02d7,00000000-0000-0000-0000-000000000001,9d8f5a0f-c468-4ce6-a8ac-3f65375f0949,bed,5dda0b14-713b-46d0-a6ce-a7a33a2fb6f9,aa73cade-c28c-dc5b-5980-55801ea0d415,fc9765ca-aee5-6f71-e441-e12679f0bb12,2026-04-10,null,2026-04-10 22:55:56.158203+00
67a66fed-9422-4cca-948d-589feacfcc2e,00000000-0000-0000-0000-000000000001,a06d8f29-3663-4983-a60d-40cebfc22341,bed,5dda0b14-713b-46d0-a6ce-a7a33a2fb6f9,aa73cade-c28c-dc5b-5980-55801ea0d415,ee1fb02c-fb9a-533e-3afc-8a9125d2a24c,2026-04-10,null,2026-04-10 22:55:56.158203+00
23c6638d-9de6-492c-82a6-ce37bde95fea,00000000-0000-0000-0000-000000000001,b715bf1a-b8db-45b0-8ad4-15cb2c7f3a17,bed,5dda0b14-713b-46d0-a6ce-a7a33a2fb6f9,aa73cade-c28c-dc5b-5980-55801ea0d415,22718a42-c413-2da1-bcc2-87755dd1e12b,2026-04-10,null,2026-04-10 22:55:56.158203+00
2729d7aa-e93a-4a3a-af03-2f8f99f2294f,00000000-0000-0000-0000-000000000001,8428f7f1-7b26-46fd-930b-6ccc6a510427,apartment,5dda0b14-713b-46d0-a6ce-a7a33a2fb6f9,aa73cade-c28c-dc5b-5980-55801ea0d415,null,2026-04-10,null,2026-04-10 22:55:56.158203+00
1c165d4c-5b38-455e-a59f-c0585b8ad5fd,00000000-0000-0000-0000-000000000001,cefcc938-dfa0-4213-83d7-2683c6e040a7,apartment,5dda0b14-713b-46d0-a6ce-a7a33a2fb6f9,aa73cade-c28c-dc5b-5980-55801ea0d415,null,2026-04-10,null,2026-04-10 22:55:56.158203+00
04f66fe1-0b7e-47e1-93cb-28785169de18,00000000-0000-0000-0000-000000000001,20212082-f62f-4743-9f1f-b88dbbd36c94,apartment,5dda0b14-713b-46d0-a6ce-a7a33a2fb6f9,aa73cade-c28c-dc5b-5980-55801ea0d415,null,2026-04-10,null,2026-04-10 22:55:56.158203+00
75837dee-5d96-4a01-bc1e-afe567e0c7f5,00000000-0000-0000-0000-000000000001,19f480ec-af4f-4bc6-824d-da6c00d1845e,bed,5dda0b14-713b-46d0-a6ce-a7a33a2fb6f9,aa73cade-c28c-dc5b-5980-55801ea0d415,22718a42-c413-2da1-bcc2-87755dd1e12b,2026-04-10,null,2026-04-10 22:55:56.158203+00
13f577cf-6ac6-4051-9c41-a7b47ba468de,00000000-0000-0000-0000-000000000001,381e54bc-1ae1-4784-ae2b-54e1587deed5,bed,5dda0b14-713b-46d0-a6ce-a7a33a2fb6f9,aa73cade-c28c-dc5b-5980-55801ea0d415,fc9765ca-aee5-6f71-e441-e12679f0bb12,2026-04-10,null,2026-04-10 22:55:56.158203+00
dd7f60f3-9991-4b43-b16f-367515ac2c07,00000000-0000-0000-0000-000000000001,19da01ea-5aca-4216-a5b2-9b404a0ba481,bed,5dda0b14-713b-46d0-a6ce-a7a33a2fb6f9,aa73cade-c28c-dc5b-5980-55801ea0d415,ee1fb02c-fb9a-533e-3afc-8a9125d2a24c,2026-04-10,null,2026-04-10 22:55:56.158203+00
cd5af602-c34f-4f94-bcf6-9fa62c8030fd,00000000-0000-0000-0000-000000000001,b23f3ed6-3bba-4a28-85bc-ebea924f5eb6,bed,5dda0b14-713b-46d0-a6ce-a7a33a2fb6f9,aa73cade-c28c-dc5b-5980-55801ea0d415,50d7a816-da06-6897-ffe0-cb694a257dec,2026-04-10,null,2026-04-10 22:55:56.158203+00
b19dfe49-5793-484a-ad27-16bdeaa49872,00000000-0000-0000-0000-000000000001,544b7073-6afc-400a-bb6d-561234a7664d,bed,5dda0b14-713b-46d0-a6ce-a7a33a2fb6f9,aa73cade-c28c-dc5b-5980-55801ea0d415,e240e3e5-c69e-eb28-28a3-e88cb6561735,2026-04-10,null,2026-04-10 22:55:56.158203+00
a50f8805-0f1f-4ceb-98c4-084d4afa50f0,00000000-0000-0000-0000-000000000001,506a76fb-c75b-4021-9a06-e33f09940382,bed,5dda0b14-713b-46d0-a6ce-a7a33a2fb6f9,aa73cade-c28c-dc5b-5980-55801ea0d415,22718a42-c413-2da1-bcc2-87755dd1e12b,2026-04-10,null,2026-04-10 22:55:56.158203+00
5704b401-cbac-4fc0-9191-084e32a0366d,00000000-0000-0000-0000-000000000001,fff97ebd-37ea-4dcf-9ea0-1ef8664bfe84,bed,5dda0b14-713b-46d0-a6ce-a7a33a2fb6f9,aa73cade-c28c-dc5b-5980-55801ea0d415,fc9765ca-aee5-6f71-e441-e12679f0bb12,2026-04-10,null,2026-04-10 22:55:56.158203+00
e4e4b687-50d0-4bbc-bcd4-85cb31bd0140,00000000-0000-0000-0000-000000000001,b85afe51-1c99-4dc0-af55-3241a9bd6f47,bed,5dda0b14-713b-46d0-a6ce-a7a33a2fb6f9,aa73cade-c28c-dc5b-5980-55801ea0d415,ee1fb02c-fb9a-533e-3afc-8a9125d2a24c,2026-04-10,null,2026-04-10 22:55:56.158203+00
11015341-d8a5-4db0-ac3c-51e147ba14e2,00000000-0000-0000-0000-000000000001,482ebc6b-9875-4f32-b96c-ea193c4fe7ad,bed,5dda0b14-713b-46d0-a6ce-a7a33a2fb6f9,aa73cade-c28c-dc5b-5980-55801ea0d415,50d7a816-da06-6897-ffe0-cb694a257dec,2026-04-10,null,2026-04-10 22:55:56.158203+00
b1a4e574-b5ad-4b2e-bbf9-e26c8397ca04,00000000-0000-0000-0000-000000000001,57eb404d-4ae5-4503-846c-7fbf696a0e79,bed,5dda0b14-713b-46d0-a6ce-a7a33a2fb6f9,aa73cade-c28c-dc5b-5980-55801ea0d415,e240e3e5-c69e-eb28-28a3-e88cb6561735,2026-04-10,null,2026-04-10 22:55:56.158203+00
9fb979d8-bef1-407c-aa31-e9e73fb149f2,00000000-0000-0000-0000-000000000001,e3824c6d-a533-40d6-a750-14c81a20c045,apartment,5dda0b14-713b-46d0-a6ce-a7a33a2fb6f9,aa73cade-c28c-dc5b-5980-55801ea0d415,null,2026-04-10,null,2026-04-10 22:55:56.158203+00
2a3568a2-918a-40c5-a63e-42e93697231c,00000000-0000-0000-0000-000000000001,23613fa4-ac57-4a26-9de3-658c3f2c4b4d,bed,5dda0b14-713b-46d0-a6ce-a7a33a2fb6f9,aa73cade-c28c-dc5b-5980-55801ea0d415,22718a42-c413-2da1-bcc2-87755dd1e12b,2026-04-10,null,2026-04-10 22:55:56.158203+00
e3acb995-bfa0-4624-8e43-97bf7760f0c4,00000000-0000-0000-0000-000000000001,ed832524-02dc-40c7-9df4-0bab4f2ac191,bed,5dda0b14-713b-46d0-a6ce-a7a33a2fb6f9,aa73cade-c28c-dc5b-5980-55801ea0d415,fc9765ca-aee5-6f71-e441-e12679f0bb12,2026-04-10,null,2026-04-10 22:55:56.158203+00
f9f6c19a-4dec-4298-a577-c59a893e0111,00000000-0000-0000-0000-000000000001,ed832524-02dc-40c7-9df4-0bab4f2ac191,bed,5dda0b14-713b-46d0-a6ce-a7a33a2fb6f9,aa73cade-c28c-dc5b-5980-55801ea0d415,ee1fb02c-fb9a-533e-3afc-8a9125d2a24c,2026-04-10,null,2026-04-10 22:55:56.158203+00
49217304-e7c8-4c34-8e8a-cb733bba03de,00000000-0000-0000-0000-000000000001,c7d66935-49df-474a-af4e-5db892413e2e,bed,5dda0b14-713b-46d0-a6ce-a7a33a2fb6f9,aa73cade-c28c-dc5b-5980-55801ea0d415,50d7a816-da06-6897-ffe0-cb694a257dec,2026-04-10,null,2026-04-10 22:55:56.158203+00
7f526bf2-eb2f-4091-9eb4-6c76593fd092,00000000-0000-0000-0000-000000000001,c7d66935-49df-474a-af4e-5db892413e2e,bed,5dda0b14-713b-46d0-a6ce-a7a33a2fb6f9,aa73cade-c28c-dc5b-5980-55801ea0d415,e240e3e5-c69e-eb28-28a3-e88cb6561735,2026-04-10,null,2026-04-10 22:55:56.158203+00
5edacfc5-4b96-4c55-9e78-7cb913b74fbb,00000000-0000-0000-0000-000000000001,a8b93a82-6ac7-4b2e-8fbc-ccb2703835d6,apartment,5dda0b14-713b-46d0-a6ce-a7a33a2fb6f9,aa73cade-c28c-dc5b-5980-55801ea0d415,null,2025-02-21,null,2026-04-10 22:55:56.158203+00
b53d2c13-535e-4eb2-aa62-97812e7f657c,00000000-0000-0000-0000-000000000001,ff1e9e8a-fddb-4d0a-a735-4f9d8166e956,bed,5dda0b14-713b-46d0-a6ce-a7a33a2fb6f9,aa73cade-c28c-dc5b-5980-55801ea0d415,50d7a816-da06-6897-ffe0-cb694a257dec,2025-08-05,null,2026-04-10 22:55:56.158203+00
628a28af-f4d5-479f-9fc2-6d9971b7d1fc,00000000-0000-0000-0000-000000000001,907c3cce-3fa5-4c56-bda3-751e8e5c8d4a,bed,5dda0b14-713b-46d0-a6ce-a7a33a2fb6f9,aa73cade-c28c-dc5b-5980-55801ea0d415,22718a42-c413-2da1-bcc2-87755dd1e12b,2026-04-10,null,2026-04-10 22:55:56.158203+00
1e83dd4c-5520-4c89-a104-017b7ce156b7,00000000-0000-0000-0000-000000000001,7af03a39-914c-4c69-ab36-e169f6d52f65,bed,5dda0b14-713b-46d0-a6ce-a7a33a2fb6f9,aa73cade-c28c-dc5b-5980-55801ea0d415,fc9765ca-aee5-6f71-e441-e12679f0bb12,2026-04-10,null,2026-04-10 22:55:56.158203+00
a2a50f02-5044-4e4d-a97e-159431ac80a5,00000000-0000-0000-0000-000000000001,d48d190d-e234-47a0-a33c-315e9a54855f,bed,5dda0b14-713b-46d0-a6ce-a7a33a2fb6f9,aa73cade-c28c-dc5b-5980-55801ea0d415,ee1fb02c-fb9a-533e-3afc-8a9125d2a24c,2026-04-10,null,2026-04-10 22:55:56.158203+00
f5ec6bd6-2a71-49fe-b49d-15bbd3d3da7e,00000000-0000-0000-0000-000000000001,34df9a0b-4208-4901-baa8-c1b03076e57a,bed,5dda0b14-713b-46d0-a6ce-a7a33a2fb6f9,aa73cade-c28c-dc5b-5980-55801ea0d415,e240e3e5-c69e-eb28-28a3-e88cb6561735,2026-04-10,null,2026-04-10 22:55:56.158203+00
a0309fc6-2e7b-4c57-a9ec-fe29c1e862e8,00000000-0000-0000-0000-000000000001,b6584e89-b55e-4e4c-aa98-a34c72f15191,apartment,5dda0b14-713b-46d0-a6ce-a7a33a2fb6f9,aa73cade-c28c-dc5b-5980-55801ea0d415,null,2026-04-10,null,2026-04-10 22:55:56.158203+00
beb01319-2e29-45d5-9bd7-049ac2d7215f,00000000-0000-0000-0000-000000000001,3622b8e4-8e8f-4264-a33e-ea56373f527d,apartment,5dda0b14-713b-46d0-a6ce-a7a33a2fb6f9,aa73cade-c28c-dc5b-5980-55801ea0d415,null,2026-04-10,null,2026-04-10 22:55:56.158203+00
0f46a643-defc-4086-9fc1-e01e5718ae78,00000000-0000-0000-0000-000000000001,09e4c408-b20f-4da1-bd5b-918b9ba224d2,apartment,5dda0b14-713b-46d0-a6ce-a7a33a2fb6f9,aa73cade-c28c-dc5b-5980-55801ea0d415,null,2025-07-16,null,2026-04-10 22:55:56.158203+00
37a461d6-4159-4d67-a8ce-b40590ec25c2,00000000-0000-0000-0000-000000000001,f1157985-e1ce-4242-9be6-13cd5d021cc5,apartment,5dda0b14-713b-46d0-a6ce-a7a33a2fb6f9,aa73cade-c28c-dc5b-5980-55801ea0d415,null,2026-04-10,null,2026-04-10 22:55:56.158203+00
63724f88-1eb7-4cd8-b8dd-cb5c0adf5630,00000000-0000-0000-0000-000000000001,98ec9659-a624-4eed-8558-c14a0cdcdd7b,apartment,5dda0b14-713b-46d0-a6ce-a7a33a2fb6f9,aa73cade-c28c-dc5b-5980-55801ea0d415,null,2026-04-10,null,2026-04-10 22:55:56.158203+00
ab979757-ea3e-4db0-a3b1-d76d94bdf3da,00000000-0000-0000-0000-000000000001,2ae73dbf-d726-4520-94a1-defa8d081a97,bed,5dda0b14-713b-46d0-a6ce-a7a33a2fb6f9,aa73cade-c28c-dc5b-5980-55801ea0d415,22718a42-c413-2da1-bcc2-87755dd1e12b,2026-04-10,null,2026-04-10 22:55:56.158203+00
f462e956-d5c5-4f57-90ed-dfbbd8e6ec2e,00000000-0000-0000-0000-000000000001,ba4a69e7-2dc8-4b9b-ac2e-75ed6bb13112,apartment,5dda0b14-713b-46d0-a6ce-a7a33a2fb6f9,aa73cade-c28c-dc5b-5980-55801ea0d415,null,2026-04-10,null,2026-04-10 22:55:56.158203+00
30e8e626-476b-4fad-8477-dd82434dbe9c,00000000-0000-0000-0000-000000000001,cc454bac-0c42-4691-9302-1c9b6b171222,apartment,5dda0b14-713b-46d0-a6ce-a7a33a2fb6f9,aa73cade-c28c-dc5b-5980-55801ea0d415,null,2026-04-10,null,2026-04-10 22:55:56.158203+00
1f38a4eb-fd72-4af9-a29c-988288cf4915,00000000-0000-0000-0000-000000000001,d2945aeb-cfbb-4f6d-bf0f-ddf2bb499fc0,apartment,5dda0b14-713b-46d0-a6ce-a7a33a2fb6f9,aa73cade-c28c-dc5b-5980-55801ea0d415,null,2026-04-10,null,2026-04-10 22:55:56.158203+00
0b22be93-27f0-4a29-af85-69e39051b36c,00000000-0000-0000-0000-000000000001,a7824fbc-00a2-491d-be78-cb399324a152,apartment,5dda0b14-713b-46d0-a6ce-a7a33a2fb6f9,aa73cade-c28c-dc5b-5980-55801ea0d415,null,2026-04-10,null,2026-04-10 22:55:56.158203+00
ac3fec7d-cb7c-49f1-9076-80641e88d626,00000000-0000-0000-0000-000000000001,fd1c154e-48e8-4628-a96e-8dd89f40c8eb,apartment,5dda0b14-713b-46d0-a6ce-a7a33a2fb6f9,aa73cade-c28c-dc5b-5980-55801ea0d415,null,2026-04-10,null,2026-04-10 22:55:56.158203+00
a7a46290-15c8-4bd7-86fd-3a2e67ae4842,00000000-0000-0000-0000-000000000001,41b29390-ba7f-498b-accf-cf2f33a2d333,bed,5dda0b14-713b-46d0-a6ce-a7a33a2fb6f9,aa73cade-c28c-dc5b-5980-55801ea0d415,22718a42-c413-2da1-bcc2-87755dd1e12b,2026-04-10,null,2026-04-10 22:55:56.158203+00
b39e9266-c057-49e8-8360-910a26a3ce7e,00000000-0000-0000-0000-000000000001,41b29390-ba7f-498b-accf-cf2f33a2d333,bed,5dda0b14-713b-46d0-a6ce-a7a33a2fb6f9,aa73cade-c28c-dc5b-5980-55801ea0d415,50d7a816-da06-6897-ffe0-cb694a257dec,2026-04-10,null,2026-04-10 22:55:56.158203+00
a2532675-2032-4014-9440-6572fd926d30,00000000-0000-0000-0000-000000000001,41b29390-ba7f-498b-accf-cf2f33a2d333,bed,5dda0b14-713b-46d0-a6ce-a7a33a2fb6f9,aa73cade-c28c-dc5b-5980-55801ea0d415,e240e3e5-c69e-eb28-28a3-e88cb6561735,2026-04-10,null,2026-04-10 22:55:56.158203+00
b88eae11-cef4-4229-9adf-d419a511d576,00000000-0000-0000-0000-000000000001,16d999ee-f005-4ff5-86f4-a07d8e02c976,bed,5dda0b14-713b-46d0-a6ce-a7a33a2fb6f9,aa73cade-c28c-dc5b-5980-55801ea0d415,fc9765ca-aee5-6f71-e441-e12679f0bb12,2026-04-10,null,2026-04-10 22:55:56.158203+00
6a8c5ba7-8798-483a-858f-363503c6aee4,00000000-0000-0000-0000-000000000001,16d999ee-f005-4ff5-86f4-a07d8e02c976,bed,5dda0b14-713b-46d0-a6ce-a7a33a2fb6f9,aa73cade-c28c-dc5b-5980-55801ea0d415,ee1fb02c-fb9a-533e-3afc-8a9125d2a24c,2026-04-10,null,2026-04-10 22:55:56.158203+00
02f5bbc6-8876-49d3-90ff-805fac021296,00000000-0000-0000-0000-000000000001,39e26a0c-5a2c-4fd4-bfe4-53291c31d00b,bed,5dda0b14-713b-46d0-a6ce-a7a33a2fb6f9,49ed1c8e-3653-c89b-ec74-16d8e20bb923,15d608c9-9596-d151-b9c5-21b22647f848,2026-04-10,null,2026-04-10 22:55:56.158203+00
70f61e0f-d53b-4c3d-b67a-32df3e518d7e,00000000-0000-0000-0000-000000000001,015a5afe-f096-4f3f-a41a-734a4743aa19,bed,5dda0b14-713b-46d0-a6ce-a7a33a2fb6f9,49ed1c8e-3653-c89b-ec74-16d8e20bb923,18cdbd64-ea17-6578-2f54-2b5ad8a2c7fe,2026-04-10,null,2026-04-10 22:55:56.158203+00
6e02d568-9e07-4ccf-b50e-8040fa1941df,00000000-0000-0000-0000-000000000001,015a5afe-f096-4f3f-a41a-734a4743aa19,bed,5dda0b14-713b-46d0-a6ce-a7a33a2fb6f9,49ed1c8e-3653-c89b-ec74-16d8e20bb923,1171b668-e4d4-65e2-411e-0989dc9a3b6f,2026-04-10,null,2026-04-10 22:55:56.158203+00
9762dbd6-40da-4975-8687-3fcf8a94be28,00000000-0000-0000-0000-000000000001,5bb5663a-ef48-40a1-809e-649ffacbc657,bed,5dda0b14-713b-46d0-a6ce-a7a33a2fb6f9,49ed1c8e-3653-c89b-ec74-16d8e20bb923,f1cc5c44-ebb5-5f81-9dac-9887fb5bb58e,2026-04-10,null,2026-04-10 22:55:56.158203+00
9daafe8d-0d17-4f6f-9d90-38b48d673fba,00000000-0000-0000-0000-000000000001,5bb5663a-ef48-40a1-809e-649ffacbc657,bed,5dda0b14-713b-46d0-a6ce-a7a33a2fb6f9,49ed1c8e-3653-c89b-ec74-16d8e20bb923,c2468504-0b8f-0d2a-dded-dff98fde1028,2026-04-10,null,2026-04-10 22:55:56.158203+00
effffa83-8308-4c76-a768-88fe3810ff48,00000000-0000-0000-0000-000000000001,8319bbe0-4902-43ca-9d57-a0ac14359db9,bed,5dda0b14-713b-46d0-a6ce-a7a33a2fb6f9,49ed1c8e-3653-c89b-ec74-16d8e20bb923,15d608c9-9596-d151-b9c5-21b22647f848,2026-04-10,null,2026-04-10 22:55:56.158203+00
64a3942d-26ee-49da-b0ac-10f9ab150de0,00000000-0000-0000-0000-000000000001,cb430048-3638-48b4-bc6c-aa955bd6c024,bed,5dda0b14-713b-46d0-a6ce-a7a33a2fb6f9,49ed1c8e-3653-c89b-ec74-16d8e20bb923,18cdbd64-ea17-6578-2f54-2b5ad8a2c7fe,2026-04-10,null,2026-04-10 22:55:56.158203+00
9be758d3-2c82-4d15-8d62-8a340df67c6e,00000000-0000-0000-0000-000000000001,d84c53da-8f7e-49fb-9be2-15f0fb332997,bed,5dda0b14-713b-46d0-a6ce-a7a33a2fb6f9,49ed1c8e-3653-c89b-ec74-16d8e20bb923,1171b668-e4d4-65e2-411e-0989dc9a3b6f,2026-04-10,null,2026-04-10 22:55:56.158203+00
52e05626-945d-43e9-975d-8df3ca4aa2b5,00000000-0000-0000-0000-000000000001,035388f7-9a2e-42f5-9560-a03d77357ef2,bed,5dda0b14-713b-46d0-a6ce-a7a33a2fb6f9,49ed1c8e-3653-c89b-ec74-16d8e20bb923,f1cc5c44-ebb5-5f81-9dac-9887fb5bb58e,2026-04-10,null,2026-04-10 22:55:56.158203+00
495fe0dd-8d0d-4665-8321-88b3a566dc5e,00000000-0000-0000-0000-000000000001,3490481c-e2d1-4cab-9a33-2c6a2dcfa6ee,bed,5dda0b14-713b-46d0-a6ce-a7a33a2fb6f9,49ed1c8e-3653-c89b-ec74-16d8e20bb923,c2468504-0b8f-0d2a-dded-dff98fde1028,2026-04-10,null,2026-04-10 22:55:56.158203+00
e8e8b693-1a4c-463d-b80f-ef773cb9f30d,00000000-0000-0000-0000-000000000001,ff1be0a5-7386-4949-82e8-cd4fe5387f62,bed,5dda0b14-713b-46d0-a6ce-a7a33a2fb6f9,49ed1c8e-3653-c89b-ec74-16d8e20bb923,15d608c9-9596-d151-b9c5-21b22647f848,2026-04-10,null,2026-04-10 22:55:56.158203+00
5d62eed4-e4ad-40d9-9ca6-db0c0538fd57,00000000-0000-0000-0000-000000000001,ca8b890b-5e5c-4038-8285-e015fc5ce441,bed,5dda0b14-713b-46d0-a6ce-a7a33a2fb6f9,49ed1c8e-3653-c89b-ec74-16d8e20bb923,18cdbd64-ea17-6578-2f54-2b5ad8a2c7fe,2026-04-10,null,2026-04-10 22:55:56.158203+00
01317daf-f3ea-4f52-80c3-2eb8ed207af3,00000000-0000-0000-0000-000000000001,c6d5341f-7b4d-4ca4-9c07-bc2b0a29233a,bed,5dda0b14-713b-46d0-a6ce-a7a33a2fb6f9,49ed1c8e-3653-c89b-ec74-16d8e20bb923,1171b668-e4d4-65e2-411e-0989dc9a3b6f,2026-04-10,null,2026-04-10 22:55:56.158203+00
4bb062c1-bf63-490e-948b-7bf01b688579,00000000-0000-0000-0000-000000000001,67ea021e-1e23-4554-96d4-eb8470b69b9b,apartment,5dda0b14-713b-46d0-a6ce-a7a33a2fb6f9,49ed1c8e-3653-c89b-ec74-16d8e20bb923,null,2026-04-10,null,2026-04-10 22:55:56.158203+00
6b661d55-a0fa-4d89-b6aa-29b76ba141e8,00000000-0000-0000-0000-000000000001,4698cf3a-ede0-443a-93db-43bc526e0162,bed,5dda0b14-713b-46d0-a6ce-a7a33a2fb6f9,49ed1c8e-3653-c89b-ec74-16d8e20bb923,15d608c9-9596-d151-b9c5-21b22647f848,2025-06-17,null,2026-04-10 22:55:56.158203+00
e8a087bb-9280-4575-a2f5-ebf9f684e8ff,00000000-0000-0000-0000-000000000001,70036fa7-ead2-4747-9b6b-49115da82e53,bed,5dda0b14-713b-46d0-a6ce-a7a33a2fb6f9,49ed1c8e-3653-c89b-ec74-16d8e20bb923,18cdbd64-ea17-6578-2f54-2b5ad8a2c7fe,2026-04-10,null,2026-04-10 22:55:56.158203+00
ed89ed93-e49f-4cf5-8db9-f718d04dc086,00000000-0000-0000-0000-000000000001,11769019-5f59-45b0-b47b-2adda63e8f82,bed,5dda0b14-713b-46d0-a6ce-a7a33a2fb6f9,49ed1c8e-3653-c89b-ec74-16d8e20bb923,1171b668-e4d4-65e2-411e-0989dc9a3b6f,2026-04-10,null,2026-04-10 22:55:56.158203+00
72e63001-95c5-4fd6-aafd-5a3da3b4094b,00000000-0000-0000-0000-000000000001,51286b91-78c1-4306-a4cd-3c4558391cf8,apartment,5dda0b14-713b-46d0-a6ce-a7a33a2fb6f9,49ed1c8e-3653-c89b-ec74-16d8e20bb923,null,2026-04-10,null,2026-04-10 22:55:56.158203+00
bd07cf48-beae-4d84-985a-c6437c527e2f,00000000-0000-0000-0000-000000000001,c8140bc3-dd19-42c3-9448-0b8f8cadee7a,apartment,5dda0b14-713b-46d0-a6ce-a7a33a2fb6f9,49ed1c8e-3653-c89b-ec74-16d8e20bb923,null,2026-04-10,null,2026-04-10 22:55:56.158203+00
c753ddad-98f7-47de-aa09-b08a46614b76,00000000-0000-0000-0000-000000000001,e046c6d8-397c-4586-8fdf-c88e78da3ec5,bed,5dda0b14-713b-46d0-a6ce-a7a33a2fb6f9,49ed1c8e-3653-c89b-ec74-16d8e20bb923,15d608c9-9596-d151-b9c5-21b22647f848,2026-04-10,null,2026-04-10 22:55:56.158203+00
9299669b-5921-4ed6-968a-d5465b197c67,00000000-0000-0000-0000-000000000001,43960756-e448-4803-9883-7afa96e4fd54,bed,5dda0b14-713b-46d0-a6ce-a7a33a2fb6f9,49ed1c8e-3653-c89b-ec74-16d8e20bb923,18cdbd64-ea17-6578-2f54-2b5ad8a2c7fe,2026-04-10,null,2026-04-10 22:55:56.158203+00
47eb3cdd-f851-4128-8e77-d6d9bcaa3729,00000000-0000-0000-0000-000000000001,0c1c9397-410e-4953-9049-5d4ba960c4e2,bed,5dda0b14-713b-46d0-a6ce-a7a33a2fb6f9,49ed1c8e-3653-c89b-ec74-16d8e20bb923,1171b668-e4d4-65e2-411e-0989dc9a3b6f,2026-04-10,null,2026-04-10 22:55:56.158203+00
8638448b-b4ea-4db2-af70-baa4708406d1,00000000-0000-0000-0000-000000000001,7d39b0a9-0f1a-472f-966b-284de23f0dc0,bed,5dda0b14-713b-46d0-a6ce-a7a33a2fb6f9,49ed1c8e-3653-c89b-ec74-16d8e20bb923,f1cc5c44-ebb5-5f81-9dac-9887fb5bb58e,2026-04-10,null,2026-04-10 22:55:56.158203+00
1570f654-6803-448e-b58d-79abff311588,00000000-0000-0000-0000-000000000001,77e251ff-36e7-483d-a139-4ea05f1188fe,bed,5dda0b14-713b-46d0-a6ce-a7a33a2fb6f9,49ed1c8e-3653-c89b-ec74-16d8e20bb923,c2468504-0b8f-0d2a-dded-dff98fde1028,2026-04-10,null,2026-04-10 22:55:56.158203+00
e71d0f88-1b14-41f7-8496-8ddb47b923b6,00000000-0000-0000-0000-000000000001,49160701-70ac-4678-b086-610698ab9ef2,apartment,5dda0b14-713b-46d0-a6ce-a7a33a2fb6f9,49ed1c8e-3653-c89b-ec74-16d8e20bb923,null,2026-04-10,null,2026-04-10 22:55:56.158203+00
3135fafd-8c8c-4e51-8f24-6ce0883e9b0d,00000000-0000-0000-0000-000000000001,c79df700-6e0b-4d5e-b431-d855a7d266d1,bed,5dda0b14-713b-46d0-a6ce-a7a33a2fb6f9,49ed1c8e-3653-c89b-ec74-16d8e20bb923,15d608c9-9596-d151-b9c5-21b22647f848,2026-04-10,null,2026-04-10 22:55:56.158203+00
5a75195a-4072-49a3-b05b-642f47248d5f,00000000-0000-0000-0000-000000000001,f67f24e6-333f-4cd5-a0f4-a2b85f76a0b2,bed,5dda0b14-713b-46d0-a6ce-a7a33a2fb6f9,49ed1c8e-3653-c89b-ec74-16d8e20bb923,18cdbd64-ea17-6578-2f54-2b5ad8a2c7fe,2026-04-10,null,2026-04-10 22:55:56.158203+00
9aded627-41e0-46d8-aacb-ad8813d87a20,00000000-0000-0000-0000-000000000001,f67f24e6-333f-4cd5-a0f4-a2b85f76a0b2,bed,5dda0b14-713b-46d0-a6ce-a7a33a2fb6f9,49ed1c8e-3653-c89b-ec74-16d8e20bb923,1171b668-e4d4-65e2-411e-0989dc9a3b6f,2026-04-10,null,2026-04-10 22:55:56.158203+00
f1c7e384-baad-4add-8af4-9895c56540db,00000000-0000-0000-0000-000000000001,08e5cc48-188f-4df9-a3a8-b64c053b1241,bed,5dda0b14-713b-46d0-a6ce-a7a33a2fb6f9,49ed1c8e-3653-c89b-ec74-16d8e20bb923,f1cc5c44-ebb5-5f81-9dac-9887fb5bb58e,2026-04-10,null,2026-04-10 22:55:56.158203+00
6f663919-ed32-4ca5-9ad6-f4cea6d3658f,00000000-0000-0000-0000-000000000001,08e5cc48-188f-4df9-a3a8-b64c053b1241,bed,5dda0b14-713b-46d0-a6ce-a7a33a2fb6f9,49ed1c8e-3653-c89b-ec74-16d8e20bb923,c2468504-0b8f-0d2a-dded-dff98fde1028,2026-04-10,null,2026-04-10 22:55:56.158203+00
ba90f691-70b6-4aba-8fe8-082758ec79f9,00000000-0000-0000-0000-000000000001,5c0430f5-c3d6-4e31-8318-efbd509cf996,apartment,5dda0b14-713b-46d0-a6ce-a7a33a2fb6f9,49ed1c8e-3653-c89b-ec74-16d8e20bb923,null,2026-04-10,null,2026-04-10 22:55:56.158203+00
d1ebba14-5c2c-4440-9ecd-12f5017a250a,00000000-0000-0000-0000-000000000001,9e43da1d-fd6f-4da2-bde3-6fb9eb6169f4,apartment,5dda0b14-713b-46d0-a6ce-a7a33a2fb6f9,49ed1c8e-3653-c89b-ec74-16d8e20bb923,null,2026-04-10,null,2026-04-10 22:55:56.158203+00
3b9dba92-61db-42f4-962f-1c46b899471c,00000000-0000-0000-0000-000000000001,0b828bec-a402-4948-b901-0fbeb2244baa,bed,5dda0b14-713b-46d0-a6ce-a7a33a2fb6f9,49ed1c8e-3653-c89b-ec74-16d8e20bb923,15d608c9-9596-d151-b9c5-21b22647f848,2026-04-10,null,2026-04-10 22:55:56.158203+00
a9df10fe-6743-4795-a3a4-8cd9daaebd9c,00000000-0000-0000-0000-000000000001,d48c8247-a5ca-4cc1-ad16-c9f3579d43d9,bed,5dda0b14-713b-46d0-a6ce-a7a33a2fb6f9,49ed1c8e-3653-c89b-ec74-16d8e20bb923,18cdbd64-ea17-6578-2f54-2b5ad8a2c7fe,2026-04-10,null,2026-04-10 22:55:56.158203+00
e3a8841e-8cdc-46f7-91f8-2fecd7742c59,00000000-0000-0000-0000-000000000001,b22b676a-e30b-49ef-bacd-3c84f73da5a7,bed,5dda0b14-713b-46d0-a6ce-a7a33a2fb6f9,49ed1c8e-3653-c89b-ec74-16d8e20bb923,1171b668-e4d4-65e2-411e-0989dc9a3b6f,2026-04-10,null,2026-04-10 22:55:56.158203+00
6caee195-7b18-478a-83b5-6b6f1c8887f7,00000000-0000-0000-0000-000000000001,9ba1c049-3d50-42ba-91ef-013513d6e67e,bed,5dda0b14-713b-46d0-a6ce-a7a33a2fb6f9,49ed1c8e-3653-c89b-ec74-16d8e20bb923,f1cc5c44-ebb5-5f81-9dac-9887fb5bb58e,2026-04-10,null,2026-04-10 22:55:56.158203+00
baebb2af-15b2-4a09-b0fb-999644e6a4f6,00000000-0000-0000-0000-000000000001,a7b51108-c41f-4cf4-80e2-7d69f2617226,bed,5dda0b14-713b-46d0-a6ce-a7a33a2fb6f9,49ed1c8e-3653-c89b-ec74-16d8e20bb923,c2468504-0b8f-0d2a-dded-dff98fde1028,2026-04-10,null,2026-04-10 22:55:56.158203+00
3be6b7ee-3bd2-4515-ac77-b346ed9f1283,00000000-0000-0000-0000-000000000001,f40e473a-5e0b-4fe9-a52f-13658272a0f0,apartment,5dda0b14-713b-46d0-a6ce-a7a33a2fb6f9,49ed1c8e-3653-c89b-ec74-16d8e20bb923,null,2026-04-10,null,2026-04-10 22:55:56.158203+00
53153101-dd03-4539-9985-efa1132e3b46,00000000-0000-0000-0000-000000000001,63753dd5-7520-46ce-8cd9-7763df8ef09a,apartment,5dda0b14-713b-46d0-a6ce-a7a33a2fb6f9,49ed1c8e-3653-c89b-ec74-16d8e20bb923,null,2026-04-10,null,2026-04-10 22:55:56.158203+00
68498b57-8211-4754-8f58-4f3d562f8645,00000000-0000-0000-0000-000000000001,67d176c1-1187-44d6-aee7-0a7e1aa59a2d,apartment,5dda0b14-713b-46d0-a6ce-a7a33a2fb6f9,49ed1c8e-3653-c89b-ec74-16d8e20bb923,null,2025-10-23,null,2026-04-10 22:55:56.158203+00
14525aa9-67d8-4540-9c1b-1a70a9f08ac0,00000000-0000-0000-0000-000000000001,f9cd5a86-a0e1-42e6-82b4-3bd402caa059,apartment,5dda0b14-713b-46d0-a6ce-a7a33a2fb6f9,49ed1c8e-3653-c89b-ec74-16d8e20bb923,null,2026-04-10,null,2026-04-10 22:55:56.158203+00
449cdca7-aff0-4a58-9130-a9e7beb4aee8,00000000-0000-0000-0000-000000000001,a2ba9215-1429-4ee3-9900-6716e241cbfd,apartment,5dda0b14-713b-46d0-a6ce-a7a33a2fb6f9,49ed1c8e-3653-c89b-ec74-16d8e20bb923,null,2026-04-10,null,2026-04-10 22:55:56.158203+00
a5f00c62-bec7-4ddd-9dca-78849e4bbdea,00000000-0000-0000-0000-000000000001,38097fdf-f453-4dc4-ad3b-f299ee026480,bed,5dda0b14-713b-46d0-a6ce-a7a33a2fb6f9,49ed1c8e-3653-c89b-ec74-16d8e20bb923,15d608c9-9596-d151-b9c5-21b22647f848,2026-04-10,null,2026-04-10 22:55:56.158203+00
004203a5-99d1-45c8-b2a8-0d552665a4f7,00000000-0000-0000-0000-000000000001,9c353dd6-6065-407c-918a-04b324019650,apartment,5dda0b14-713b-46d0-a6ce-a7a33a2fb6f9,49ed1c8e-3653-c89b-ec74-16d8e20bb923,null,2026-04-10,null,2026-04-10 22:55:56.158203+00
d5a85f45-fe6b-4e55-97cd-f4e4ff40f563,00000000-0000-0000-0000-000000000001,1ee25285-5a8a-4199-aeb1-1a63d81221dc,apartment,5dda0b14-713b-46d0-a6ce-a7a33a2fb6f9,49ed1c8e-3653-c89b-ec74-16d8e20bb923,null,2026-04-10,null,2026-04-10 22:55:56.158203+00
11e31b25-ce60-4749-b258-fa2b192427b2,00000000-0000-0000-0000-000000000001,6b25c9db-abbc-436b-82c9-c1d0663e6f69,apartment,5dda0b14-713b-46d0-a6ce-a7a33a2fb6f9,49ed1c8e-3653-c89b-ec74-16d8e20bb923,null,2026-04-10,null,2026-04-10 22:55:56.158203+00
ffe19108-c6c7-4469-bb24-631e590b0824,00000000-0000-0000-0000-000000000001,c0db2869-f692-4552-a037-2b4b57f03999,apartment,5dda0b14-713b-46d0-a6ce-a7a33a2fb6f9,49ed1c8e-3653-c89b-ec74-16d8e20bb923,null,2026-04-10,null,2026-04-10 22:55:56.158203+00
b4e13223-be97-4ae3-90b8-8b2d5741fe0a,00000000-0000-0000-0000-000000000001,c4f83b7d-d7b1-4bd0-8e81-4d275600148c,bed,5dda0b14-713b-46d0-a6ce-a7a33a2fb6f9,49ed1c8e-3653-c89b-ec74-16d8e20bb923,18cdbd64-ea17-6578-2f54-2b5ad8a2c7fe,2026-04-10,null,2026-04-10 22:55:56.158203+00
4c8eaec6-4742-4552-93ca-8b4cf6a7fadf,00000000-0000-0000-0000-000000000001,c4f83b7d-d7b1-4bd0-8e81-4d275600148c,bed,5dda0b14-713b-46d0-a6ce-a7a33a2fb6f9,49ed1c8e-3653-c89b-ec74-16d8e20bb923,1171b668-e4d4-65e2-411e-0989dc9a3b6f,2026-04-10,null,2026-04-10 22:55:56.158203+00
54e4a283-d6c5-4ccf-a64c-f92315f51efe,00000000-0000-0000-0000-000000000001,a6025c52-4f09-458f-8000-de052bd9adfb,bed,5dda0b14-713b-46d0-a6ce-a7a33a2fb6f9,49ed1c8e-3653-c89b-ec74-16d8e20bb923,15d608c9-9596-d151-b9c5-21b22647f848,2026-04-10,null,2026-04-10 22:55:56.158203+00
9f76ace3-49d0-4ca4-beb2-660c0a6b6223,00000000-0000-0000-0000-000000000001,a6025c52-4f09-458f-8000-de052bd9adfb,bed,5dda0b14-713b-46d0-a6ce-a7a33a2fb6f9,49ed1c8e-3653-c89b-ec74-16d8e20bb923,f1cc5c44-ebb5-5f81-9dac-9887fb5bb58e,2026-04-10,null,2026-04-10 22:55:56.158203+00
40e99216-f4f3-48f0-af43-39c0433271a2,00000000-0000-0000-0000-000000000001,a6025c52-4f09-458f-8000-de052bd9adfb,bed,5dda0b14-713b-46d0-a6ce-a7a33a2fb6f9,49ed1c8e-3653-c89b-ec74-16d8e20bb923,c2468504-0b8f-0d2a-dded-dff98fde1028,2026-04-10,null,2026-04-10 22:55:56.158203+00
434c40f7-f240-456c-a4a9-8c31e5ac667e,00000000-0000-0000-0000-000000000001,df642633-e164-47a7-9c64-55517cd1c3c4,bed,5dda0b14-713b-46d0-a6ce-a7a33a2fb6f9,85292340-826d-52c1-65c7-7f2a9eb2c2c4,93663979-f41a-3ec8-8da2-3f87ea43e72e,2026-04-10,null,2026-04-10 22:55:56.158203+00
4f1e2c1f-0971-4bd4-bc49-00936aea1608,00000000-0000-0000-0000-000000000001,60e6badc-68a9-4456-b05b-c745c0e14502,bed,5dda0b14-713b-46d0-a6ce-a7a33a2fb6f9,85292340-826d-52c1-65c7-7f2a9eb2c2c4,8e25f001-fe3b-3a8e-0754-b8a08d432526,2026-04-10,null,2026-04-10 22:55:56.158203+00
a7780436-e737-4252-a558-73b423e8ac74,00000000-0000-0000-0000-000000000001,60e6badc-68a9-4456-b05b-c745c0e14502,bed,5dda0b14-713b-46d0-a6ce-a7a33a2fb6f9,85292340-826d-52c1-65c7-7f2a9eb2c2c4,4692433b-f9b8-9bdd-a2ff-4cd11d36de58,2026-04-10,null,2026-04-10 22:55:56.158203+00
ef01e0d3-c8d3-49f4-b5f4-c9ec5fdbf596,00000000-0000-0000-0000-000000000001,19232b9f-c4c0-41b7-a655-830705dd9c3b,bed,5dda0b14-713b-46d0-a6ce-a7a33a2fb6f9,85292340-826d-52c1-65c7-7f2a9eb2c2c4,07cdb453-b699-f209-d609-434a47fca737,2026-04-10,null,2026-04-10 22:55:56.158203+00
442282ec-045e-41ae-a09b-8d4c09f08c76,00000000-0000-0000-0000-000000000001,19232b9f-c4c0-41b7-a655-830705dd9c3b,bed,5dda0b14-713b-46d0-a6ce-a7a33a2fb6f9,85292340-826d-52c1-65c7-7f2a9eb2c2c4,4c38ecbe-c637-8a04-6f67-ffbccbd96317,2026-04-10,null,2026-04-10 22:55:56.158203+00
33f3000a-db78-4b14-8267-a70f36b552fa,00000000-0000-0000-0000-000000000001,625b07e7-083b-4c9d-b00b-203844544ea3,bed,5dda0b14-713b-46d0-a6ce-a7a33a2fb6f9,85292340-826d-52c1-65c7-7f2a9eb2c2c4,3d87a782-0782-2c9a-8dd1-d06d80cf917b,2026-04-10,null,2026-04-10 22:55:56.158203+00
4c8628a9-6b3e-4cec-8e3e-b1f71dfd26e0,00000000-0000-0000-0000-000000000001,625b07e7-083b-4c9d-b00b-203844544ea3,apartment,5dda0b14-713b-46d0-a6ce-a7a33a2fb6f9,85292340-826d-52c1-65c7-7f2a9eb2c2c4,null,2026-04-10,null,2026-04-10 22:55:56.158203+00
88406ce4-20fc-4611-a7e0-465e876f2230,00000000-0000-0000-0000-000000000001,041464db-fd41-4a70-b1fb-28f7dc2556a2,apartment,5dda0b14-713b-46d0-a6ce-a7a33a2fb6f9,85292340-826d-52c1-65c7-7f2a9eb2c2c4,null,2026-04-10,null,2026-04-10 22:55:56.158203+00
804a3f08-da24-48fb-9c6f-92f634a4e1f8,00000000-0000-0000-0000-000000000001,0902fe8d-d8a2-4c29-889a-29db379670e1,apartment,5dda0b14-713b-46d0-a6ce-a7a33a2fb6f9,85292340-826d-52c1-65c7-7f2a9eb2c2c4,null,2026-04-10,null,2026-04-10 22:55:56.158203+00
951458b1-b97f-4dfa-ac98-72415c218c3b,00000000-0000-0000-0000-000000000001,04851861-fec2-4671-a509-4744db93c9b1,bed,5dda0b14-713b-46d0-a6ce-a7a33a2fb6f9,85292340-826d-52c1-65c7-7f2a9eb2c2c4,93663979-f41a-3ec8-8da2-3f87ea43e72e,2026-04-10,null,2026-04-10 22:55:56.158203+00
514338d5-a989-4f90-9e9e-c39efcc1faa3,00000000-0000-0000-0000-000000000001,e3adbca6-5afc-4000-a1ab-610b5e799b24,apartment,5dda0b14-713b-46d0-a6ce-a7a33a2fb6f9,85292340-826d-52c1-65c7-7f2a9eb2c2c4,null,2026-04-10,null,2026-04-10 22:55:56.158203+00
48bba0a4-4b15-4a5b-9bfd-29abce9d4571,00000000-0000-0000-0000-000000000001,60601c3a-24d4-4f20-a073-346b9ba44a51,apartment,5dda0b14-713b-46d0-a6ce-a7a33a2fb6f9,85292340-826d-52c1-65c7-7f2a9eb2c2c4,null,2026-04-10,null,2026-04-10 22:55:56.158203+00
f9b00e2a-fdb6-4223-8109-2668f76e2aa5,00000000-0000-0000-0000-000000000001,29b966b0-e82f-462c-86d7-66c654e1c9da,apartment,5dda0b14-713b-46d0-a6ce-a7a33a2fb6f9,85292340-826d-52c1-65c7-7f2a9eb2c2c4,null,2026-04-10,null,2026-04-10 22:55:56.158203+00
f71a19bf-79f5-4b91-92ea-1e09ab35230c,00000000-0000-0000-0000-000000000001,cb1b3f5f-347b-4a3b-adee-1924192848d1,bed,5dda0b14-713b-46d0-a6ce-a7a33a2fb6f9,85292340-826d-52c1-65c7-7f2a9eb2c2c4,3d87a782-0782-2c9a-8dd1-d06d80cf917b,2025-01-01,null,2026-04-10 22:55:56.158203+00
ae970599-53fa-4e57-b06e-05f357af3292,00000000-0000-0000-0000-000000000001,4fe6ef9f-6c7b-43a7-9082-f2ee64869d12,bed,5dda0b14-713b-46d0-a6ce-a7a33a2fb6f9,85292340-826d-52c1-65c7-7f2a9eb2c2c4,93663979-f41a-3ec8-8da2-3f87ea43e72e,2026-04-10,null,2026-04-10 22:55:56.158203+00
8c908dea-b4ae-4547-910c-1f062c47a950,00000000-0000-0000-0000-000000000001,9cf2840d-6749-4f2f-b5ba-f7cb1968ae2d,bed,5dda0b14-713b-46d0-a6ce-a7a33a2fb6f9,85292340-826d-52c1-65c7-7f2a9eb2c2c4,8e25f001-fe3b-3a8e-0754-b8a08d432526,2026-04-10,null,2026-04-10 22:55:56.158203+00
f824d145-626f-451a-af6a-4d6aef3f436b,00000000-0000-0000-0000-000000000001,3d6c01d9-d4ba-4751-b5ae-a722e85de637,bed,5dda0b14-713b-46d0-a6ce-a7a33a2fb6f9,85292340-826d-52c1-65c7-7f2a9eb2c2c4,4692433b-f9b8-9bdd-a2ff-4cd11d36de58,2026-04-10,null,2026-04-10 22:55:56.158203+00
60c930e5-d726-43fa-9dc2-03c964061496,00000000-0000-0000-0000-000000000001,e08dbb6a-4d27-445a-80ee-870ea0dd893c,bed,5dda0b14-713b-46d0-a6ce-a7a33a2fb6f9,85292340-826d-52c1-65c7-7f2a9eb2c2c4,07cdb453-b699-f209-d609-434a47fca737,2026-04-10,null,2026-04-10 22:55:56.158203+00
ad8432fa-95d5-47ba-9f4b-2d72f4459fb1,00000000-0000-0000-0000-000000000001,317983f4-1b2f-4a9a-903c-1dffa602ad47,bed,5dda0b14-713b-46d0-a6ce-a7a33a2fb6f9,85292340-826d-52c1-65c7-7f2a9eb2c2c4,4c38ecbe-c637-8a04-6f67-ffbccbd96317,2026-04-10,null,2026-04-10 22:55:56.158203+00
ed0cbfe3-ee2e-4857-a3e8-cc28496e9145,00000000-0000-0000-0000-000000000001,c90bc047-457e-480a-8e6e-5b6db6f3dd2c,apartment,5dda0b14-713b-46d0-a6ce-a7a33a2fb6f9,85292340-826d-52c1-65c7-7f2a9eb2c2c4,null,2026-04-10,null,2026-04-10 22:55:56.158203+00
2274225f-1d8b-4029-96da-8dd8a2e55a17,00000000-0000-0000-0000-000000000001,0ec012eb-9dea-4bba-8b4e-420e8ddb5239,bed,5dda0b14-713b-46d0-a6ce-a7a33a2fb6f9,85292340-826d-52c1-65c7-7f2a9eb2c2c4,93663979-f41a-3ec8-8da2-3f87ea43e72e,2026-04-10,null,2026-04-10 22:55:56.158203+00
7c78ab80-cdcb-4e3a-99cd-ea26af11a862,00000000-0000-0000-0000-000000000001,f39b2bc1-f57e-46a0-bb42-6dccadba1f22,bed,5dda0b14-713b-46d0-a6ce-a7a33a2fb6f9,85292340-826d-52c1-65c7-7f2a9eb2c2c4,8e25f001-fe3b-3a8e-0754-b8a08d432526,2026-04-10,null,2026-04-10 22:55:56.158203+00
bf8badbd-4630-42b0-81d0-8c1e286b1d71,00000000-0000-0000-0000-000000000001,0dda5fcd-f875-4f66-b360-252a8890c05b,bed,5dda0b14-713b-46d0-a6ce-a7a33a2fb6f9,85292340-826d-52c1-65c7-7f2a9eb2c2c4,4692433b-f9b8-9bdd-a2ff-4cd11d36de58,2026-04-10,null,2026-04-10 22:55:56.158203+00
91218423-9e10-4729-914f-47920fd6e9f1,00000000-0000-0000-0000-000000000001,a565954d-48d2-40f6-ae64-dff0cedbda28,bed,5dda0b14-713b-46d0-a6ce-a7a33a2fb6f9,85292340-826d-52c1-65c7-7f2a9eb2c2c4,07cdb453-b699-f209-d609-434a47fca737,2026-04-10,null,2026-04-10 22:55:56.158203+00
600a24c9-d2dc-4f95-99bb-408ca828c6d3,00000000-0000-0000-0000-000000000001,643c111d-3ae4-414c-844f-1d4d47fb52f4,bed,5dda0b14-713b-46d0-a6ce-a7a33a2fb6f9,85292340-826d-52c1-65c7-7f2a9eb2c2c4,4c38ecbe-c637-8a04-6f67-ffbccbd96317,2026-04-10,null,2026-04-10 22:55:56.158203+00
f1e05ffb-bcf0-4c3f-8689-16e67c9f5739,00000000-0000-0000-0000-000000000001,3649fe7e-fe87-4a6b-831b-df6fb9bb2f78,apartment,5dda0b14-713b-46d0-a6ce-a7a33a2fb6f9,85292340-826d-52c1-65c7-7f2a9eb2c2c4,null,2026-04-10,null,2026-04-10 22:55:56.158203+00
7080fd82-f6eb-4f09-a65e-dd260125ebc2,00000000-0000-0000-0000-000000000001,9d7ff9b4-5bc2-4736-ad0d-eba28a7bae42,apartment,5dda0b14-713b-46d0-a6ce-a7a33a2fb6f9,85292340-826d-52c1-65c7-7f2a9eb2c2c4,null,2026-04-10,null,2026-04-10 22:55:56.158203+00
4109224f-77a3-489f-83a9-d72f4454ca4c,00000000-0000-0000-0000-000000000001,78771496-d60c-4fe0-b6bd-cd95b52e12dd,bed,5dda0b14-713b-46d0-a6ce-a7a33a2fb6f9,85292340-826d-52c1-65c7-7f2a9eb2c2c4,93663979-f41a-3ec8-8da2-3f87ea43e72e,2026-04-10,null,2026-04-10 22:55:56.158203+00
2d653e5e-d36c-4f8f-be11-bae36f6ec084,00000000-0000-0000-0000-000000000001,d8fd8cbb-af29-4c01-9615-f3993f03d32d,bed,5dda0b14-713b-46d0-a6ce-a7a33a2fb6f9,85292340-826d-52c1-65c7-7f2a9eb2c2c4,8e25f001-fe3b-3a8e-0754-b8a08d432526,2026-04-10,null,2026-04-10 22:55:56.158203+00
d666d475-e2ed-4818-8e07-ebe06c963ff6,00000000-0000-0000-0000-000000000001,d8fd8cbb-af29-4c01-9615-f3993f03d32d,bed,5dda0b14-713b-46d0-a6ce-a7a33a2fb6f9,85292340-826d-52c1-65c7-7f2a9eb2c2c4,4692433b-f9b8-9bdd-a2ff-4cd11d36de58,2026-04-10,null,2026-04-10 22:55:56.158203+00
fdb7d475-14b0-4c7b-9194-c4400be20e99,00000000-0000-0000-0000-000000000001,b0d336ac-179e-4a18-b540-685c52821a1f,bed,5dda0b14-713b-46d0-a6ce-a7a33a2fb6f9,85292340-826d-52c1-65c7-7f2a9eb2c2c4,07cdb453-b699-f209-d609-434a47fca737,2026-04-10,null,2026-04-10 22:55:56.158203+00
689b0d95-c6a6-457e-9860-fb1c88c2ed7e,00000000-0000-0000-0000-000000000001,b0d336ac-179e-4a18-b540-685c52821a1f,bed,5dda0b14-713b-46d0-a6ce-a7a33a2fb6f9,85292340-826d-52c1-65c7-7f2a9eb2c2c4,4c38ecbe-c637-8a04-6f67-ffbccbd96317,2026-04-10,null,2026-04-10 22:55:56.158203+00
3d93d92a-ff6e-45f3-a5c7-8af7ee0fad9b,00000000-0000-0000-0000-000000000001,a70eb2c3-706c-45d7-9af3-c0be7a59c764,bed,5dda0b14-713b-46d0-a6ce-a7a33a2fb6f9,85292340-826d-52c1-65c7-7f2a9eb2c2c4,3d87a782-0782-2c9a-8dd1-d06d80cf917b,2026-04-10,null,2026-04-10 22:55:56.158203+00
d5e5e848-b3b3-41df-925a-5e260929bb10,00000000-0000-0000-0000-000000000001,a70eb2c3-706c-45d7-9af3-c0be7a59c764,apartment,5dda0b14-713b-46d0-a6ce-a7a33a2fb6f9,85292340-826d-52c1-65c7-7f2a9eb2c2c4,null,2026-04-10,null,2026-04-10 22:55:56.158203+00
33e6ef26-d90c-4c8e-a7bb-1d35a00c1835,00000000-0000-0000-0000-000000000001,0b0ec1cf-599c-4f19-8dbe-7400b104289d,apartment,5dda0b14-713b-46d0-a6ce-a7a33a2fb6f9,85292340-826d-52c1-65c7-7f2a9eb2c2c4,null,2026-04-10,null,2026-04-10 22:55:56.158203+00
0482c4ad-6715-4219-b449-e78762c98101,00000000-0000-0000-0000-000000000001,6a6809c3-0c56-41a1-bcb6-633938411363,bed,5dda0b14-713b-46d0-a6ce-a7a33a2fb6f9,85292340-826d-52c1-65c7-7f2a9eb2c2c4,93663979-f41a-3ec8-8da2-3f87ea43e72e,2026-04-10,null,2026-04-10 22:55:56.158203+00
45739ab7-7caf-419b-8e2e-beadea062e39,00000000-0000-0000-0000-000000000001,3d28c0fa-a960-4710-89bc-8c8b99529d99,bed,5dda0b14-713b-46d0-a6ce-a7a33a2fb6f9,85292340-826d-52c1-65c7-7f2a9eb2c2c4,8e25f001-fe3b-3a8e-0754-b8a08d432526,2026-04-10,null,2026-04-10 22:55:56.158203+00
ef3e9a51-882e-443f-8bc2-a94f4ccf26f3,00000000-0000-0000-0000-000000000001,e8afe4f5-c8ea-45c4-af99-e7b8664034a5,bed,5dda0b14-713b-46d0-a6ce-a7a33a2fb6f9,85292340-826d-52c1-65c7-7f2a9eb2c2c4,4692433b-f9b8-9bdd-a2ff-4cd11d36de58,2026-04-10,null,2026-04-10 22:55:56.158203+00
665e0798-b8f0-4fa4-8fb8-2f3a62722dc6,00000000-0000-0000-0000-000000000001,29e60f49-c6ec-4eed-b9af-5941b5b5290c,bed,5dda0b14-713b-46d0-a6ce-a7a33a2fb6f9,85292340-826d-52c1-65c7-7f2a9eb2c2c4,07cdb453-b699-f209-d609-434a47fca737,2026-04-10,null,2026-04-10 22:55:56.158203+00
58fe065c-af30-4ba6-bbee-bcf41ce81666,00000000-0000-0000-0000-000000000001,564fcc53-ecde-485c-8f18-bf42d4a0259b,bed,5dda0b14-713b-46d0-a6ce-a7a33a2fb6f9,85292340-826d-52c1-65c7-7f2a9eb2c2c4,4c38ecbe-c637-8a04-6f67-ffbccbd96317,2026-04-10,null,2026-04-10 22:55:56.158203+00
927265c1-c8e7-43b3-a37c-ba881dbd9c62,00000000-0000-0000-0000-000000000001,b352a30b-c1da-40e4-aa27-275a6b0e067f,apartment,5dda0b14-713b-46d0-a6ce-a7a33a2fb6f9,85292340-826d-52c1-65c7-7f2a9eb2c2c4,null,2026-04-10,null,2026-04-10 22:55:56.158203+00
7d2d18ea-7586-45e9-988e-b0d14fa9eccf,00000000-0000-0000-0000-000000000001,6244d612-03f5-4c99-95a4-704a82c130e9,apartment,5dda0b14-713b-46d0-a6ce-a7a33a2fb6f9,85292340-826d-52c1-65c7-7f2a9eb2c2c4,null,2026-04-10,null,2026-04-10 22:55:56.158203+00
3361da11-9759-4aeb-9774-a4eeee41064e,00000000-0000-0000-0000-000000000001,fc8c6844-22b0-4c18-9473-a5c72571d7c4,apartment,5dda0b14-713b-46d0-a6ce-a7a33a2fb6f9,85292340-826d-52c1-65c7-7f2a9eb2c2c4,null,2026-04-10,null,2026-04-10 22:55:56.158203+00
cd3b73bc-cb79-4f2d-bdae-434928bd5f47,00000000-0000-0000-0000-000000000001,0af7f68e-537d-44e5-b4e3-9a17e2e5fd90,apartment,5dda0b14-713b-46d0-a6ce-a7a33a2fb6f9,85292340-826d-52c1-65c7-7f2a9eb2c2c4,null,2024-06-18,null,2026-04-10 22:55:56.158203+00
50adf56e-ae11-4e49-abff-76a8b6554969,00000000-0000-0000-0000-000000000001,c14d5e2f-cffc-4b76-9930-a04a215c2e81,apartment,5dda0b14-713b-46d0-a6ce-a7a33a2fb6f9,85292340-826d-52c1-65c7-7f2a9eb2c2c4,null,2026-04-10,null,2026-04-10 22:55:56.158203+00
06211d70-a5a3-4112-866e-f2e354285e38,00000000-0000-0000-0000-000000000001,4b701e94-a825-472d-9e0d-b0821a059838,bed,5dda0b14-713b-46d0-a6ce-a7a33a2fb6f9,85292340-826d-52c1-65c7-7f2a9eb2c2c4,93663979-f41a-3ec8-8da2-3f87ea43e72e,2026-04-10,null,2026-04-10 22:55:56.158203+00
228c803e-36a1-4d10-a84c-52cdef47047e,00000000-0000-0000-0000-000000000001,1a2da172-cefb-4274-9488-673fd887f811,apartment,5dda0b14-713b-46d0-a6ce-a7a33a2fb6f9,85292340-826d-52c1-65c7-7f2a9eb2c2c4,null,2026-04-10,null,2026-04-10 22:55:56.158203+00
97f01bf2-b1f5-466c-9ee1-b4401e25af43,00000000-0000-0000-0000-000000000001,5c6b7dd0-0039-4a40-a249-9ae81ab42ccb,apartment,5dda0b14-713b-46d0-a6ce-a7a33a2fb6f9,85292340-826d-52c1-65c7-7f2a9eb2c2c4,null,2026-04-10,null,2026-04-10 22:55:56.158203+00
92b51a82-1587-46ca-b1a8-cdf1de84d2c8,00000000-0000-0000-0000-000000000001,5d09e39d-b520-4f36-8c4b-9e02e4d7a870,apartment,5dda0b14-713b-46d0-a6ce-a7a33a2fb6f9,85292340-826d-52c1-65c7-7f2a9eb2c2c4,null,2026-04-10,null,2026-04-10 22:55:56.158203+00
18b6d66c-856c-4f2a-9d30-043fc8495107,00000000-0000-0000-0000-000000000001,b07c2e02-3a06-41d1-a98e-33d3bd2c2fb7,apartment,5dda0b14-713b-46d0-a6ce-a7a33a2fb6f9,85292340-826d-52c1-65c7-7f2a9eb2c2c4,null,2026-04-10,null,2026-04-10 22:55:56.158203+00
0ff79f85-a9cc-495d-9f99-54e2a7493f62,00000000-0000-0000-0000-000000000001,bc7405e1-4885-4894-83a3-f55a9d05e457,bed,5dda0b14-713b-46d0-a6ce-a7a33a2fb6f9,85292340-826d-52c1-65c7-7f2a9eb2c2c4,8e25f001-fe3b-3a8e-0754-b8a08d432526,2026-04-10,null,2026-04-10 22:55:56.158203+00
394e8187-270a-428b-a939-0c8d5d7d70c8,00000000-0000-0000-0000-000000000001,bc7405e1-4885-4894-83a3-f55a9d05e457,bed,5dda0b14-713b-46d0-a6ce-a7a33a2fb6f9,85292340-826d-52c1-65c7-7f2a9eb2c2c4,4692433b-f9b8-9bdd-a2ff-4cd11d36de58,2026-04-10,null,2026-04-10 22:55:56.158203+00
73033a00-ee13-4dbe-9b65-a421a5539909,00000000-0000-0000-0000-000000000001,cacacd59-1ea0-4b85-b1e8-d4f00e5f6b32,bed,5dda0b14-713b-46d0-a6ce-a7a33a2fb6f9,85292340-826d-52c1-65c7-7f2a9eb2c2c4,8e25f001-fe3b-3a8e-0754-b8a08d432526,2026-04-10,null,2026-04-10 22:55:56.158203+00
8f99a26e-eae6-4d9f-821f-5a8f5d8a62aa,00000000-0000-0000-0000-000000000001,cacacd59-1ea0-4b85-b1e8-d4f00e5f6b32,bed,5dda0b14-713b-46d0-a6ce-a7a33a2fb6f9,85292340-826d-52c1-65c7-7f2a9eb2c2c4,4692433b-f9b8-9bdd-a2ff-4cd11d36de58,2026-04-10,null,2026-04-10 22:55:56.158203+00
b3445d57-f355-4fe8-9e09-fc65c8ec1544,00000000-0000-0000-0000-000000000001,c7d5eb2d-a700-47a0-a4d0-3cafe9a73716,apartment,5dda0b14-713b-46d0-a6ce-a7a33a2fb6f9,85292340-826d-52c1-65c7-7f2a9eb2c2c4,null,2026-04-10,null,2026-04-10 22:55:56.158203+00
0910d45e-97b3-409f-8fa7-784e963f803e,00000000-0000-0000-0000-000000000001,ad75c377-9acf-491b-a138-6bf57009111c,bed,5dda0b14-713b-46d0-a6ce-a7a33a2fb6f9,bde00681-ebfc-ef38-4f6e-4906a012de6b,83a7b624-6ba5-7e9f-53eb-acd6d0ab5bb4,2026-04-10,null,2026-04-10 22:55:56.158203+00
b335067a-fca8-4a53-8096-374f12360ccd,00000000-0000-0000-0000-000000000001,d6b0afc8-bfb7-42fb-8a6f-f026ee1a26e1,bed,5dda0b14-713b-46d0-a6ce-a7a33a2fb6f9,bde00681-ebfc-ef38-4f6e-4906a012de6b,1d409b50-0f02-94aa-63c7-737e000c8120,2026-04-10,null,2026-04-10 22:55:56.158203+00
ae9cf88c-fd30-4049-9c9a-53b5c1f35aeb,00000000-0000-0000-0000-000000000001,d6b0afc8-bfb7-42fb-8a6f-f026ee1a26e1,bed,5dda0b14-713b-46d0-a6ce-a7a33a2fb6f9,bde00681-ebfc-ef38-4f6e-4906a012de6b,7fd152e9-2f00-0fc6-c8ed-83b426803a4d,2026-04-10,null,2026-04-10 22:55:56.158203+00
0de5af5b-812a-4852-9c25-2e57a82d2f95,00000000-0000-0000-0000-000000000001,32c898f1-bb0e-4759-ae8b-a79021d7b7e1,bed,5dda0b14-713b-46d0-a6ce-a7a33a2fb6f9,bde00681-ebfc-ef38-4f6e-4906a012de6b,f8438f04-74bb-497b-3e33-ff6f52b77043,2026-04-10,null,2026-04-10 22:55:56.158203+00
e22e61f0-ca8b-4e32-8442-841cfbd22379,00000000-0000-0000-0000-000000000001,32c898f1-bb0e-4759-ae8b-a79021d7b7e1,bed,5dda0b14-713b-46d0-a6ce-a7a33a2fb6f9,bde00681-ebfc-ef38-4f6e-4906a012de6b,3a185413-10c3-cb63-5dcd-e49b06ca0d51,2026-04-10,null,2026-04-10 22:55:56.158203+00
b14e881e-e475-4e85-91de-eb92254b1dc5,00000000-0000-0000-0000-000000000001,35eb362f-8216-406f-9e55-3166a3231a6d,bed,5dda0b14-713b-46d0-a6ce-a7a33a2fb6f9,bde00681-ebfc-ef38-4f6e-4906a012de6b,83a7b624-6ba5-7e9f-53eb-acd6d0ab5bb4,2026-04-10,null,2026-04-10 22:55:56.158203+00
b2f0d33c-7bfe-430b-a5a1-fb2c865c5b88,00000000-0000-0000-0000-000000000001,9c958763-2d9c-46a4-8f4e-44f491ee63ef,bed,5dda0b14-713b-46d0-a6ce-a7a33a2fb6f9,bde00681-ebfc-ef38-4f6e-4906a012de6b,1d409b50-0f02-94aa-63c7-737e000c8120,2026-04-10,null,2026-04-10 22:55:56.158203+00
463e07cf-2b1a-4ac8-86d6-7ba00e90d321,00000000-0000-0000-0000-000000000001,1d27ebfe-ce34-436a-917c-88cbf923ab8e,bed,5dda0b14-713b-46d0-a6ce-a7a33a2fb6f9,bde00681-ebfc-ef38-4f6e-4906a012de6b,7fd152e9-2f00-0fc6-c8ed-83b426803a4d,2026-04-10,null,2026-04-10 22:55:56.158203+00
969e3f38-c331-4279-8f06-55e8a257139e,00000000-0000-0000-0000-000000000001,d22b154f-ef62-45dc-9853-1e5338ce702d,bed,5dda0b14-713b-46d0-a6ce-a7a33a2fb6f9,bde00681-ebfc-ef38-4f6e-4906a012de6b,f8438f04-74bb-497b-3e33-ff6f52b77043,2026-04-10,null,2026-04-10 22:55:56.158203+00
f2c35e38-9ff7-40be-a7bb-aa20e68afbf4,00000000-0000-0000-0000-000000000001,46386361-c2f6-4e4c-acdf-18a3856d3359,bed,5dda0b14-713b-46d0-a6ce-a7a33a2fb6f9,bde00681-ebfc-ef38-4f6e-4906a012de6b,3a185413-10c3-cb63-5dcd-e49b06ca0d51,2026-04-10,null,2026-04-10 22:55:56.158203+00
9b427f4c-5d4a-43cb-af1a-2280ba0f563e,00000000-0000-0000-0000-000000000001,a625556f-aa22-4aef-ab94-d6aa22590675,bed,5dda0b14-713b-46d0-a6ce-a7a33a2fb6f9,bde00681-ebfc-ef38-4f6e-4906a012de6b,83a7b624-6ba5-7e9f-53eb-acd6d0ab5bb4,2026-04-10,null,2026-04-10 22:55:56.158203+00
030dba90-f312-4277-a155-0c8129499fc5,00000000-0000-0000-0000-000000000001,a80932c3-b167-438a-9982-7915d8b15316,apartment,5dda0b14-713b-46d0-a6ce-a7a33a2fb6f9,bde00681-ebfc-ef38-4f6e-4906a012de6b,null,2026-04-10,null,2026-04-10 22:55:56.158203+00
51dcdbf5-b8e4-4781-935b-fa1d4a51f1fa,00000000-0000-0000-0000-000000000001,098fb593-50f3-40cc-b8a8-aa9b74a55140,bed,5dda0b14-713b-46d0-a6ce-a7a33a2fb6f9,bde00681-ebfc-ef38-4f6e-4906a012de6b,f8438f04-74bb-497b-3e33-ff6f52b77043,2026-04-10,null,2026-04-10 22:55:56.158203+00
b85e51f7-6c92-44c6-bf94-14e8e419af2b,00000000-0000-0000-0000-000000000001,b0bed498-97c5-4cf5-8d88-b49b08049f5d,bed,5dda0b14-713b-46d0-a6ce-a7a33a2fb6f9,bde00681-ebfc-ef38-4f6e-4906a012de6b,3a185413-10c3-cb63-5dcd-e49b06ca0d51,2026-04-10,null,2026-04-10 22:55:56.158203+00
09fa6afe-1790-4686-9dcd-3f83c6a0d85d,00000000-0000-0000-0000-000000000001,f58d98a6-8140-4810-b1d7-061beb5fd095,bed,5dda0b14-713b-46d0-a6ce-a7a33a2fb6f9,bde00681-ebfc-ef38-4f6e-4906a012de6b,83a7b624-6ba5-7e9f-53eb-acd6d0ab5bb4,2026-04-10,null,2026-04-10 22:55:56.158203+00
4ded2b34-41a2-4c89-b6db-827c489d8684,00000000-0000-0000-0000-000000000001,a528d0c8-fdd5-498e-8aa7-c815480fdacc,bed,5dda0b14-713b-46d0-a6ce-a7a33a2fb6f9,bde00681-ebfc-ef38-4f6e-4906a012de6b,1d409b50-0f02-94aa-63c7-737e000c8120,2026-04-10,null,2026-04-10 22:55:56.158203+00
c0a72e01-b8b1-48ea-b287-44e9ba5adea1,00000000-0000-0000-0000-000000000001,8c5c5736-64f8-4847-a7cf-d6247a7fcd3a,bed,5dda0b14-713b-46d0-a6ce-a7a33a2fb6f9,bde00681-ebfc-ef38-4f6e-4906a012de6b,7fd152e9-2f00-0fc6-c8ed-83b426803a4d,2026-04-10,null,2026-04-10 22:55:56.158203+00
026d1426-eeb2-4e2b-976a-9b3935106885,00000000-0000-0000-0000-000000000001,11ddf318-7a60-4733-aa59-3917b7ea82b5,bed,5dda0b14-713b-46d0-a6ce-a7a33a2fb6f9,bde00681-ebfc-ef38-4f6e-4906a012de6b,f8438f04-74bb-497b-3e33-ff6f52b77043,2026-04-10,null,2026-04-10 22:55:56.158203+00
2ac940c8-ac34-4cc4-b1e4-efcb322417e7,00000000-0000-0000-0000-000000000001,d5c5230e-4443-4198-bf91-6ac6d33434ad,bed,5dda0b14-713b-46d0-a6ce-a7a33a2fb6f9,bde00681-ebfc-ef38-4f6e-4906a012de6b,3a185413-10c3-cb63-5dcd-e49b06ca0d51,2026-04-10,null,2026-04-10 22:55:56.158203+00
5c20b930-ce0e-4940-8e04-7928b7d50faf,00000000-0000-0000-0000-000000000001,4c2a4a38-3f00-4c96-9168-3755931b1a7a,bed,5dda0b14-713b-46d0-a6ce-a7a33a2fb6f9,bde00681-ebfc-ef38-4f6e-4906a012de6b,83a7b624-6ba5-7e9f-53eb-acd6d0ab5bb4,2026-04-10,null,2026-04-10 22:55:56.158203+00
399b6f66-6a1e-4a6d-ae40-1d28940cf13a,00000000-0000-0000-0000-000000000001,e90136a2-ecaa-4438-b1c4-80cee5005e51,bed,5dda0b14-713b-46d0-a6ce-a7a33a2fb6f9,bde00681-ebfc-ef38-4f6e-4906a012de6b,1d409b50-0f02-94aa-63c7-737e000c8120,2026-04-10,null,2026-04-10 22:55:56.158203+00
6f51b2c4-2e8a-40d6-9005-64a2e08c4616,00000000-0000-0000-0000-000000000001,5fcf6db2-7d8e-4ca8-a423-6506e0233127,bed,5dda0b14-713b-46d0-a6ce-a7a33a2fb6f9,bde00681-ebfc-ef38-4f6e-4906a012de6b,7fd152e9-2f00-0fc6-c8ed-83b426803a4d,2026-04-10,null,2026-04-10 22:55:56.158203+00
2d74ca81-4745-44d6-8504-7231d7566545,00000000-0000-0000-0000-000000000001,71f80c08-2700-4b15-afe2-8e94f1d739f5,bed,5dda0b14-713b-46d0-a6ce-a7a33a2fb6f9,bde00681-ebfc-ef38-4f6e-4906a012de6b,f8438f04-74bb-497b-3e33-ff6f52b77043,2026-04-10,null,2026-04-10 22:55:56.158203+00
0ca419ce-7303-4fd3-8665-4042afd93d53,00000000-0000-0000-0000-000000000001,34e4d0a1-6104-4c14-b13e-b583201226ef,bed,5dda0b14-713b-46d0-a6ce-a7a33a2fb6f9,bde00681-ebfc-ef38-4f6e-4906a012de6b,3a185413-10c3-cb63-5dcd-e49b06ca0d51,2026-04-10,null,2026-04-10 22:55:56.158203+00
71dbc9f6-305f-4694-9472-2534a37c7aca,00000000-0000-0000-0000-000000000001,d75e7051-851d-4ba7-8ffe-431d443590ca,apartment,5dda0b14-713b-46d0-a6ce-a7a33a2fb6f9,bde00681-ebfc-ef38-4f6e-4906a012de6b,null,2026-04-10,null,2026-04-10 22:55:56.158203+00
a4caab86-ce3c-428d-9085-009772b726bb,00000000-0000-0000-0000-000000000001,8e1ba219-6bc7-43ce-89cd-ab40b84ad7fb,bed,5dda0b14-713b-46d0-a6ce-a7a33a2fb6f9,bde00681-ebfc-ef38-4f6e-4906a012de6b,83a7b624-6ba5-7e9f-53eb-acd6d0ab5bb4,2026-04-10,null,2026-04-10 22:55:56.158203+00
de7a66c2-8714-415d-b8cc-e92c99dae420,00000000-0000-0000-0000-000000000001,63478105-cb45-42c7-a539-896abd5618d4,bed,5dda0b14-713b-46d0-a6ce-a7a33a2fb6f9,bde00681-ebfc-ef38-4f6e-4906a012de6b,1d409b50-0f02-94aa-63c7-737e000c8120,2026-04-10,null,2026-04-10 22:55:56.158203+00
18b3b86d-245f-4803-a413-a760dc4719b0,00000000-0000-0000-0000-000000000001,63478105-cb45-42c7-a539-896abd5618d4,bed,5dda0b14-713b-46d0-a6ce-a7a33a2fb6f9,bde00681-ebfc-ef38-4f6e-4906a012de6b,7fd152e9-2f00-0fc6-c8ed-83b426803a4d,2026-04-10,null,2026-04-10 22:55:56.158203+00
315d06a3-e21f-4cd2-898f-1dbe47bfb946,00000000-0000-0000-0000-000000000001,5255813b-afa8-4222-9151-d1b9ecbf3f06,bed,5dda0b14-713b-46d0-a6ce-a7a33a2fb6f9,bde00681-ebfc-ef38-4f6e-4906a012de6b,f8438f04-74bb-497b-3e33-ff6f52b77043,2026-04-10,null,2026-04-10 22:55:56.158203+00
91c04b99-6719-4c40-bcb3-c9f447838ebe,00000000-0000-0000-0000-000000000001,5255813b-afa8-4222-9151-d1b9ecbf3f06,bed,5dda0b14-713b-46d0-a6ce-a7a33a2fb6f9,bde00681-ebfc-ef38-4f6e-4906a012de6b,3a185413-10c3-cb63-5dcd-e49b06ca0d51,2026-04-10,null,2026-04-10 22:55:56.158203+00
61f09bf2-e9cc-4d7c-8eec-59926040e849,00000000-0000-0000-0000-000000000001,afee8099-1dee-4d1b-a78d-12c1d9dbff2a,apartment,5dda0b14-713b-46d0-a6ce-a7a33a2fb6f9,bde00681-ebfc-ef38-4f6e-4906a012de6b,null,2026-04-10,null,2026-04-10 22:55:56.158203+00
0c4a2de8-1fc7-47ae-aacf-730a33e816e0,00000000-0000-0000-0000-000000000001,03e622a3-2d0a-4e50-aa51-2e4e3d4be132,apartment,5dda0b14-713b-46d0-a6ce-a7a33a2fb6f9,bde00681-ebfc-ef38-4f6e-4906a012de6b,null,2026-04-10,null,2026-04-10 22:55:56.158203+00
cdc87874-75d2-4e9f-a620-963a6bd26491,00000000-0000-0000-0000-000000000001,50bb456b-b3ae-4482-b305-26ca52681629,bed,5dda0b14-713b-46d0-a6ce-a7a33a2fb6f9,bde00681-ebfc-ef38-4f6e-4906a012de6b,83a7b624-6ba5-7e9f-53eb-acd6d0ab5bb4,2026-04-10,null,2026-04-10 22:55:56.158203+00
aff1ecd5-4a5f-4350-bb15-840dd173481b,00000000-0000-0000-0000-000000000001,f0dbb86d-ecab-4fe2-b135-b21b6c52e265,bed,5dda0b14-713b-46d0-a6ce-a7a33a2fb6f9,bde00681-ebfc-ef38-4f6e-4906a012de6b,1d409b50-0f02-94aa-63c7-737e000c8120,2026-04-10,null,2026-04-10 22:55:56.158203+00
fb625fed-eda4-45f9-b686-52abb08111df,00000000-0000-0000-0000-000000000001,2e477ae3-b641-4f2e-b4c8-3b9e7bfb40f1,bed,5dda0b14-713b-46d0-a6ce-a7a33a2fb6f9,bde00681-ebfc-ef38-4f6e-4906a012de6b,7fd152e9-2f00-0fc6-c8ed-83b426803a4d,2026-04-10,null,2026-04-10 22:55:56.158203+00
1d999e49-f204-4153-bd57-1fc93e55615c,00000000-0000-0000-0000-000000000001,67c1c106-caea-4310-9444-89e1c2ad0d37,bed,5dda0b14-713b-46d0-a6ce-a7a33a2fb6f9,bde00681-ebfc-ef38-4f6e-4906a012de6b,f8438f04-74bb-497b-3e33-ff6f52b77043,2026-04-10,null,2026-04-10 22:55:56.158203+00
356d0ca2-7b08-445c-b98e-594cfbc95fbc,00000000-0000-0000-0000-000000000001,1974b778-be5b-4985-ad58-810152114072,bed,5dda0b14-713b-46d0-a6ce-a7a33a2fb6f9,bde00681-ebfc-ef38-4f6e-4906a012de6b,3a185413-10c3-cb63-5dcd-e49b06ca0d51,2026-04-10,null,2026-04-10 22:55:56.158203+00
5c4fb992-1755-4d8f-be75-ce3b68d0ada7,00000000-0000-0000-0000-000000000001,c1f58612-6190-430f-8769-275e07c13f55,apartment,5dda0b14-713b-46d0-a6ce-a7a33a2fb6f9,bde00681-ebfc-ef38-4f6e-4906a012de6b,null,2026-04-10,null,2026-04-10 22:55:56.158203+00
0ce3a7da-d8da-405d-aaaf-28f97da69af6,00000000-0000-0000-0000-000000000001,55fe15de-f098-4f51-a9b5-906665b9996b,apartment,5dda0b14-713b-46d0-a6ce-a7a33a2fb6f9,bde00681-ebfc-ef38-4f6e-4906a012de6b,null,2026-04-10,null,2026-04-10 22:55:56.158203+00
9a9988f7-25c1-4fc4-9582-80c7bb1a4c5e,00000000-0000-0000-0000-000000000001,16c5c8dd-f976-48b6-b996-a134ac6c81a7,apartment,5dda0b14-713b-46d0-a6ce-a7a33a2fb6f9,bde00681-ebfc-ef38-4f6e-4906a012de6b,null,2025-11-07,null,2026-04-10 22:55:56.158203+00
4a444cc5-3ee4-468c-ab47-c52f32d540d3,00000000-0000-0000-0000-000000000001,700c21dc-9828-423e-a27d-aa9aa51bdd2f,apartment,5dda0b14-713b-46d0-a6ce-a7a33a2fb6f9,bde00681-ebfc-ef38-4f6e-4906a012de6b,null,2026-04-10,null,2026-04-10 22:55:56.158203+00
ee3ff102-bf87-411c-b5cc-f38a7ed62bac,00000000-0000-0000-0000-000000000001,25c3b70b-9f25-47d0-80aa-f47af8bbae00,apartment,5dda0b14-713b-46d0-a6ce-a7a33a2fb6f9,bde00681-ebfc-ef38-4f6e-4906a012de6b,null,2026-04-10,null,2026-04-10 22:55:56.158203+00
0e85401c-a9b4-461d-8709-14010f944545,00000000-0000-0000-0000-000000000001,2090b006-fc59-4cd9-8445-ed44e8cd133b,bed,5dda0b14-713b-46d0-a6ce-a7a33a2fb6f9,bde00681-ebfc-ef38-4f6e-4906a012de6b,83a7b624-6ba5-7e9f-53eb-acd6d0ab5bb4,2026-04-10,null,2026-04-10 22:55:56.158203+00
35753964-35ad-4447-aa05-afda991befeb,00000000-0000-0000-0000-000000000001,5fcad72b-6837-462a-be78-1060127d86d9,apartment,5dda0b14-713b-46d0-a6ce-a7a33a2fb6f9,bde00681-ebfc-ef38-4f6e-4906a012de6b,null,2026-04-10,null,2026-04-10 22:55:56.158203+00
bf565e5e-ea27-4e41-87cb-4f3ec54a4aad,00000000-0000-0000-0000-000000000001,4b055482-1be4-4cc9-80a4-2040c66638d2,apartment,5dda0b14-713b-46d0-a6ce-a7a33a2fb6f9,bde00681-ebfc-ef38-4f6e-4906a012de6b,null,2026-04-10,null,2026-04-10 22:55:56.158203+00
460f2965-3583-4021-a6e3-9aad455e5bcc,00000000-0000-0000-0000-000000000001,7ebd2e55-880b-4dbb-9644-fb480dc69cbe,apartment,5dda0b14-713b-46d0-a6ce-a7a33a2fb6f9,bde00681-ebfc-ef38-4f6e-4906a012de6b,null,2026-04-10,null,2026-04-10 22:55:56.158203+00
6155d4d5-b0a8-410b-b329-abe3a3200a67,00000000-0000-0000-0000-000000000001,8ac38fac-21c5-437c-b041-d35aa66d955d,apartment,5dda0b14-713b-46d0-a6ce-a7a33a2fb6f9,bde00681-ebfc-ef38-4f6e-4906a012de6b,null,2026-04-10,null,2026-04-10 22:55:56.158203+00
d5a9dd22-2346-4820-9341-ac4d0f38fb17,00000000-0000-0000-0000-000000000001,5a1e1a76-50d6-41f9-af23-dddff1960809,bed,5dda0b14-713b-46d0-a6ce-a7a33a2fb6f9,bde00681-ebfc-ef38-4f6e-4906a012de6b,1d409b50-0f02-94aa-63c7-737e000c8120,2026-04-10,null,2026-04-10 22:55:56.158203+00
1f95e418-564b-4aaf-bf43-6a4033554f86,00000000-0000-0000-0000-000000000001,5a1e1a76-50d6-41f9-af23-dddff1960809,bed,5dda0b14-713b-46d0-a6ce-a7a33a2fb6f9,bde00681-ebfc-ef38-4f6e-4906a012de6b,7fd152e9-2f00-0fc6-c8ed-83b426803a4d,2026-04-10,null,2026-04-10 22:55:56.158203+00
5e70c80c-d612-43fa-b8e3-b1a794b522e1,00000000-0000-0000-0000-000000000001,a24f0d8d-efd9-4dec-ab1c-a0c615e45db5,bed,5dda0b14-713b-46d0-a6ce-a7a33a2fb6f9,bde00681-ebfc-ef38-4f6e-4906a012de6b,83a7b624-6ba5-7e9f-53eb-acd6d0ab5bb4,2026-04-10,null,2026-04-10 22:55:56.158203+00
ef5ed8ee-f5b4-4454-9eed-e74199586558,00000000-0000-0000-0000-000000000001,a24f0d8d-efd9-4dec-ab1c-a0c615e45db5,bed,5dda0b14-713b-46d0-a6ce-a7a33a2fb6f9,bde00681-ebfc-ef38-4f6e-4906a012de6b,f8438f04-74bb-497b-3e33-ff6f52b77043,2026-04-10,null,2026-04-10 22:55:56.158203+00
b1ef9503-28b2-472c-8788-a0581837fe83,00000000-0000-0000-0000-000000000001,a24f0d8d-efd9-4dec-ab1c-a0c615e45db5,bed,5dda0b14-713b-46d0-a6ce-a7a33a2fb6f9,bde00681-ebfc-ef38-4f6e-4906a012de6b,3a185413-10c3-cb63-5dcd-e49b06ca0d51,2026-04-10,null,2026-04-10 22:55:56.158203+00
00353e0a-a5d4-440d-b4c9-d4a9a45a71f7,00000000-0000-0000-0000-000000000001,e033fe7f-dc31-46f7-9723-cce3793a1cca,bed,5dda0b14-713b-46d0-a6ce-a7a33a2fb6f9,ffbd5fe0-d9b3-cb55-cfd7-2d72a3498109,6e45aca0-18fa-334d-4711-4da7cc94e30f,2026-04-10,null,2026-04-10 22:55:56.158203+00
6c348537-8816-4cf6-8f94-ff23ec48ca1d,00000000-0000-0000-0000-000000000001,c32e31b0-0954-4a6b-930a-75b8931fc9c2,bed,5dda0b14-713b-46d0-a6ce-a7a33a2fb6f9,ffbd5fe0-d9b3-cb55-cfd7-2d72a3498109,7fe69b36-41b0-fb38-f990-b56311e3fbad,2026-04-10,null,2026-04-10 22:55:56.158203+00
90ae8639-a28e-47a0-877f-eddf7e7bf655,00000000-0000-0000-0000-000000000001,c32e31b0-0954-4a6b-930a-75b8931fc9c2,bed,5dda0b14-713b-46d0-a6ce-a7a33a2fb6f9,ffbd5fe0-d9b3-cb55-cfd7-2d72a3498109,717b9b58-969a-8452-088a-972edaf5da24,2026-04-10,null,2026-04-10 22:55:56.158203+00
57006c07-e5d5-4adb-85d4-55ab1ee93585,00000000-0000-0000-0000-000000000001,bb236be0-2a55-43fa-b798-b41eb5132d2d,bed,5dda0b14-713b-46d0-a6ce-a7a33a2fb6f9,ffbd5fe0-d9b3-cb55-cfd7-2d72a3498109,9e254d9d-fe84-3236-eca3-7adff58dafa1,2026-04-10,null,2026-04-10 22:55:56.158203+00
da49f105-d073-4230-92b6-504f1c792439,00000000-0000-0000-0000-000000000001,bb236be0-2a55-43fa-b798-b41eb5132d2d,bed,5dda0b14-713b-46d0-a6ce-a7a33a2fb6f9,ffbd5fe0-d9b3-cb55-cfd7-2d72a3498109,d896c15c-52be-8a4e-6bcf-b598f12b31af,2026-04-10,null,2026-04-10 22:55:56.158203+00
33a1811a-0440-4f82-8bf7-b46fe98d39ef,00000000-0000-0000-0000-000000000001,6cefc6da-cbc2-463f-a8ae-7f87b066497d,bed,5dda0b14-713b-46d0-a6ce-a7a33a2fb6f9,ffbd5fe0-d9b3-cb55-cfd7-2d72a3498109,6e45aca0-18fa-334d-4711-4da7cc94e30f,2026-04-10,null,2026-04-10 22:55:56.158203+00
9a3b986f-2522-4ab4-bb18-4d87df8cdf15,00000000-0000-0000-0000-000000000001,6eda6c3d-1ec3-4341-9ce9-3bea1aeed91d,bed,5dda0b14-713b-46d0-a6ce-a7a33a2fb6f9,ffbd5fe0-d9b3-cb55-cfd7-2d72a3498109,7fe69b36-41b0-fb38-f990-b56311e3fbad,2026-04-10,null,2026-04-10 22:55:56.158203+00
e82c5e1e-f2f6-4aea-a1a7-b96bff77bbc9,00000000-0000-0000-0000-000000000001,3392ce00-cd0c-4863-9a47-3e7a49584d77,bed,5dda0b14-713b-46d0-a6ce-a7a33a2fb6f9,ffbd5fe0-d9b3-cb55-cfd7-2d72a3498109,717b9b58-969a-8452-088a-972edaf5da24,2026-04-10,null,2026-04-10 22:55:56.158203+00
dd08dccc-529a-41dc-843f-56f6c48bae3d,00000000-0000-0000-0000-000000000001,77f433f5-c916-4ced-a9cd-21f86a57e5de,bed,5dda0b14-713b-46d0-a6ce-a7a33a2fb6f9,ffbd5fe0-d9b3-cb55-cfd7-2d72a3498109,9e254d9d-fe84-3236-eca3-7adff58dafa1,2026-04-10,null,2026-04-10 22:55:56.158203+00
fec62f4f-d46d-46af-922a-f8cc28cb2d41,00000000-0000-0000-0000-000000000001,bbdc672a-e635-4f90-8eac-7cc9ea2225ff,bed,5dda0b14-713b-46d0-a6ce-a7a33a2fb6f9,ffbd5fe0-d9b3-cb55-cfd7-2d72a3498109,d896c15c-52be-8a4e-6bcf-b598f12b31af,2026-04-10,null,2026-04-10 22:55:56.158203+00
68a660b6-52d7-4a5a-9ea8-557784718761,00000000-0000-0000-0000-000000000001,c36ce42d-feed-41c4-b723-83819147fac7,bed,5dda0b14-713b-46d0-a6ce-a7a33a2fb6f9,ffbd5fe0-d9b3-cb55-cfd7-2d72a3498109,6e45aca0-18fa-334d-4711-4da7cc94e30f,2026-04-10,null,2026-04-10 22:55:56.158203+00
7a3fb1a7-ffaa-4c3a-bfae-1406f4409dc1,00000000-0000-0000-0000-000000000001,03cff3a9-01e6-4142-a367-88cb35c9b969,apartment,5dda0b14-713b-46d0-a6ce-a7a33a2fb6f9,ffbd5fe0-d9b3-cb55-cfd7-2d72a3498109,null,2026-04-10,null,2026-04-10 22:55:56.158203+00
3630ffc4-1e72-4128-9a70-4971a966581a,00000000-0000-0000-0000-000000000001,9dca778b-0edb-4898-95fe-23769d7dfb21,apartment,5dda0b14-713b-46d0-a6ce-a7a33a2fb6f9,ffbd5fe0-d9b3-cb55-cfd7-2d72a3498109,null,2026-04-10,null,2026-04-10 22:55:56.158203+00
86f591e3-3a4b-4fff-ac4c-31224526a70b,00000000-0000-0000-0000-000000000001,fab34eeb-98e9-46f5-b9f0-d7176839b2ec,apartment,5dda0b14-713b-46d0-a6ce-a7a33a2fb6f9,ffbd5fe0-d9b3-cb55-cfd7-2d72a3498109,null,2026-04-10,null,2026-04-10 22:55:56.158203+00
2ede38bb-d791-4b2c-a674-f98f71a64b21,00000000-0000-0000-0000-000000000001,a0ec0182-c484-4f03-b5c6-be2adaf1a686,bed,5dda0b14-713b-46d0-a6ce-a7a33a2fb6f9,ffbd5fe0-d9b3-cb55-cfd7-2d72a3498109,6e45aca0-18fa-334d-4711-4da7cc94e30f,2026-04-10,null,2026-04-10 22:55:56.158203+00
76272162-8802-4d68-90b4-57207dc8846c,00000000-0000-0000-0000-000000000001,fc002b3d-8e01-4321-b31b-f5935107966b,bed,5dda0b14-713b-46d0-a6ce-a7a33a2fb6f9,ffbd5fe0-d9b3-cb55-cfd7-2d72a3498109,7fe69b36-41b0-fb38-f990-b56311e3fbad,2026-04-10,null,2026-04-10 22:55:56.158203+00
0940d8ed-0192-4778-889d-0f8255d93906,00000000-0000-0000-0000-000000000001,db8d1a3c-7a73-438b-9734-7e891f7094af,bed,5dda0b14-713b-46d0-a6ce-a7a33a2fb6f9,ffbd5fe0-d9b3-cb55-cfd7-2d72a3498109,717b9b58-969a-8452-088a-972edaf5da24,2026-04-10,null,2026-04-10 22:55:56.158203+00
fc40379e-d482-4fc4-a70a-b5a0a7ae03b9,00000000-0000-0000-0000-000000000001,bcb860d2-ad53-42fc-ae69-dfbcb58dcb49,bed,5dda0b14-713b-46d0-a6ce-a7a33a2fb6f9,ffbd5fe0-d9b3-cb55-cfd7-2d72a3498109,9e254d9d-fe84-3236-eca3-7adff58dafa1,2026-04-10,null,2026-04-10 22:56:02.195967+00
10446c33-e68e-491c-a9f1-151c324ce4f3,00000000-0000-0000-0000-000000000001,00b15e63-8df1-4d65-9cd3-14eb0091e8fc,bed,5dda0b14-713b-46d0-a6ce-a7a33a2fb6f9,ffbd5fe0-d9b3-cb55-cfd7-2d72a3498109,d896c15c-52be-8a4e-6bcf-b598f12b31af,2026-04-10,null,2026-04-10 22:56:02.195967+00
60ea1458-5039-4ce3-9218-c695a7cc0a67,00000000-0000-0000-0000-000000000001,b81ac54c-7b3d-44e4-9c81-31edee0b037a,bed,5dda0b14-713b-46d0-a6ce-a7a33a2fb6f9,ffbd5fe0-d9b3-cb55-cfd7-2d72a3498109,6e45aca0-18fa-334d-4711-4da7cc94e30f,2026-04-10,null,2026-04-10 22:56:02.195967+00
4628c953-6464-4bac-b8b4-7199e7f4cb79,00000000-0000-0000-0000-000000000001,0967fd74-fd2c-4539-b4b1-7cb49990aef4,bed,5dda0b14-713b-46d0-a6ce-a7a33a2fb6f9,ffbd5fe0-d9b3-cb55-cfd7-2d72a3498109,7fe69b36-41b0-fb38-f990-b56311e3fbad,2026-04-10,null,2026-04-10 22:56:02.195967+00
46c1b3cb-6490-4445-a9d7-d49e7591b6fb,00000000-0000-0000-0000-000000000001,5ebc4c5e-583f-43b8-916b-3dcd19c0e183,bed,5dda0b14-713b-46d0-a6ce-a7a33a2fb6f9,ffbd5fe0-d9b3-cb55-cfd7-2d72a3498109,717b9b58-969a-8452-088a-972edaf5da24,2026-04-10,null,2026-04-10 22:56:02.195967+00
73fca73a-acd0-4cb3-b01b-59dc46998cba,00000000-0000-0000-0000-000000000001,d9b090f2-7f0c-4739-86aa-d438a804da23,bed,5dda0b14-713b-46d0-a6ce-a7a33a2fb6f9,ffbd5fe0-d9b3-cb55-cfd7-2d72a3498109,9e254d9d-fe84-3236-eca3-7adff58dafa1,2026-04-10,null,2026-04-10 22:56:02.195967+00
174434a3-e31a-4cfa-aa9c-a616a1cdb946,00000000-0000-0000-0000-000000000001,33c595eb-aaed-4c4f-9aed-df79764301d2,bed,5dda0b14-713b-46d0-a6ce-a7a33a2fb6f9,ffbd5fe0-d9b3-cb55-cfd7-2d72a3498109,d896c15c-52be-8a4e-6bcf-b598f12b31af,2026-04-10,null,2026-04-10 22:56:02.195967+00
d5544762-1a31-4a46-9eb8-deee85a337ad,00000000-0000-0000-0000-000000000001,d415fabb-19cb-4b3a-baf2-b767da51638f,apartment,5dda0b14-713b-46d0-a6ce-a7a33a2fb6f9,ffbd5fe0-d9b3-cb55-cfd7-2d72a3498109,null,2026-04-10,null,2026-04-10 22:56:02.195967+00
c83a834e-3625-41f6-b5ed-35e19bab0e4e,00000000-0000-0000-0000-000000000001,3005c67a-dd3b-4a53-a457-4b155602758d,bed,5dda0b14-713b-46d0-a6ce-a7a33a2fb6f9,ffbd5fe0-d9b3-cb55-cfd7-2d72a3498109,6e45aca0-18fa-334d-4711-4da7cc94e30f,2026-04-10,null,2026-04-10 22:56:02.195967+00
d54f5aef-3b88-426e-b987-2dbdce9160aa,00000000-0000-0000-0000-000000000001,8708cb71-d743-477b-9c87-6670912b0e75,bed,5dda0b14-713b-46d0-a6ce-a7a33a2fb6f9,ffbd5fe0-d9b3-cb55-cfd7-2d72a3498109,7fe69b36-41b0-fb38-f990-b56311e3fbad,2026-04-10,null,2026-04-10 22:56:02.195967+00
a966e1cb-872f-4935-a9ab-a759395a195e,00000000-0000-0000-0000-000000000001,8708cb71-d743-477b-9c87-6670912b0e75,bed,5dda0b14-713b-46d0-a6ce-a7a33a2fb6f9,ffbd5fe0-d9b3-cb55-cfd7-2d72a3498109,717b9b58-969a-8452-088a-972edaf5da24,2026-04-10,null,2026-04-10 22:56:02.195967+00
14a5cfe3-8fcb-4be0-ae0f-fdcea2507a26,00000000-0000-0000-0000-000000000001,8906598f-8e6d-425b-9b02-970790d80f97,bed,5dda0b14-713b-46d0-a6ce-a7a33a2fb6f9,ffbd5fe0-d9b3-cb55-cfd7-2d72a3498109,9e254d9d-fe84-3236-eca3-7adff58dafa1,2026-04-10,null,2026-04-10 22:56:02.195967+00
27e0acd9-4c6e-4d64-bc54-5294fb44d04a,00000000-0000-0000-0000-000000000001,8906598f-8e6d-425b-9b02-970790d80f97,bed,5dda0b14-713b-46d0-a6ce-a7a33a2fb6f9,ffbd5fe0-d9b3-cb55-cfd7-2d72a3498109,d896c15c-52be-8a4e-6bcf-b598f12b31af,2026-04-10,null,2026-04-10 22:56:02.195967+00
cba9fdd4-8a9f-4f62-8f59-4d222fe0f096,00000000-0000-0000-0000-000000000001,daa0a7b2-b2a7-43bc-a680-04ec813f98e4,apartment,5dda0b14-713b-46d0-a6ce-a7a33a2fb6f9,ffbd5fe0-d9b3-cb55-cfd7-2d72a3498109,null,2026-04-10,null,2026-04-10 22:56:02.195967+00
2205e85f-596d-41e0-8e78-41029060374a,00000000-0000-0000-0000-000000000001,4047a701-4994-43bc-9d29-d2760582f964,apartment,5dda0b14-713b-46d0-a6ce-a7a33a2fb6f9,ffbd5fe0-d9b3-cb55-cfd7-2d72a3498109,null,2026-04-10,null,2026-04-10 22:56:02.195967+00
bd726b87-c527-4a47-adaa-0760dc83e467,00000000-0000-0000-0000-000000000001,d82667f7-5080-43ff-83d2-0204c1c94dfc,bed,5dda0b14-713b-46d0-a6ce-a7a33a2fb6f9,ffbd5fe0-d9b3-cb55-cfd7-2d72a3498109,6e45aca0-18fa-334d-4711-4da7cc94e30f,2026-04-10,null,2026-04-10 22:56:02.195967+00
41b10698-6135-497c-ba07-653b622898c1,00000000-0000-0000-0000-000000000001,63704af6-b3ea-4ce1-86a1-99d81f36ea95,bed,5dda0b14-713b-46d0-a6ce-a7a33a2fb6f9,ffbd5fe0-d9b3-cb55-cfd7-2d72a3498109,7fe69b36-41b0-fb38-f990-b56311e3fbad,2026-04-10,null,2026-04-10 22:56:02.195967+00
3e08a1f3-d820-46d7-874d-5f3b0aaa654c,00000000-0000-0000-0000-000000000001,03488726-86aa-4030-a7a9-8d61ad714db5,bed,5dda0b14-713b-46d0-a6ce-a7a33a2fb6f9,ffbd5fe0-d9b3-cb55-cfd7-2d72a3498109,717b9b58-969a-8452-088a-972edaf5da24,2026-04-10,null,2026-04-10 22:56:02.195967+00
a0497935-5816-41fa-9ea1-8a279272f4af,00000000-0000-0000-0000-000000000001,7f190965-9ca2-4541-bcd5-3d7eb3c5263c,bed,5dda0b14-713b-46d0-a6ce-a7a33a2fb6f9,ffbd5fe0-d9b3-cb55-cfd7-2d72a3498109,9e254d9d-fe84-3236-eca3-7adff58dafa1,2026-04-10,null,2026-04-10 22:56:02.195967+00
3287ce83-40ab-4f31-b3dd-be67bf7f8626,00000000-0000-0000-0000-000000000001,ab5fad8f-d21b-44ae-b392-fab608a40bac,bed,5dda0b14-713b-46d0-a6ce-a7a33a2fb6f9,ffbd5fe0-d9b3-cb55-cfd7-2d72a3498109,d896c15c-52be-8a4e-6bcf-b598f12b31af,2026-04-10,null,2026-04-10 22:56:02.195967+00
91045278-e419-4aed-8c40-e180b2e0f885,00000000-0000-0000-0000-000000000001,680347d0-037d-404c-a41e-cc37890a12ea,apartment,5dda0b14-713b-46d0-a6ce-a7a33a2fb6f9,ffbd5fe0-d9b3-cb55-cfd7-2d72a3498109,null,2026-04-10,null,2026-04-10 22:56:02.195967+00
10647aea-bdcf-4250-afe1-103208fb377f,00000000-0000-0000-0000-000000000001,e2dad993-c28f-4aae-843b-f233b1ccf7ff,apartment,5dda0b14-713b-46d0-a6ce-a7a33a2fb6f9,ffbd5fe0-d9b3-cb55-cfd7-2d72a3498109,null,2026-04-10,null,2026-04-10 22:56:02.195967+00
6f4be2bf-befc-4078-ba2a-c8509d91597b,00000000-0000-0000-0000-000000000001,c44baed9-eb09-45bc-ab4d-eaba9a19d7ff,apartment,5dda0b14-713b-46d0-a6ce-a7a33a2fb6f9,ffbd5fe0-d9b3-cb55-cfd7-2d72a3498109,null,2024-08-02,null,2026-04-10 22:56:02.195967+00
259ab5d8-dbb6-4ac8-8d70-b1d7ae74fbb9,00000000-0000-0000-0000-000000000001,7cca3533-5cab-4eb4-8941-f16ba73f0405,apartment,5dda0b14-713b-46d0-a6ce-a7a33a2fb6f9,ffbd5fe0-d9b3-cb55-cfd7-2d72a3498109,null,2026-04-10,null,2026-04-10 22:56:02.195967+00
fdab380f-2ce1-48d6-8c31-a7d188fcb2e1,00000000-0000-0000-0000-000000000001,e51e986d-4c16-4636-b8ed-a8f2943df9d3,apartment,5dda0b14-713b-46d0-a6ce-a7a33a2fb6f9,ffbd5fe0-d9b3-cb55-cfd7-2d72a3498109,null,2026-04-10,null,2026-04-10 22:56:02.195967+00
43919db7-9f59-4e2b-b797-2c89bcff510a,00000000-0000-0000-0000-000000000001,894bdccc-f132-4f9c-8adb-35d22c08da54,bed,5dda0b14-713b-46d0-a6ce-a7a33a2fb6f9,ffbd5fe0-d9b3-cb55-cfd7-2d72a3498109,6e45aca0-18fa-334d-4711-4da7cc94e30f,2026-04-10,null,2026-04-10 22:56:02.195967+00
e80f9604-70f4-4f7f-b8bc-2e5a302d70b7,00000000-0000-0000-0000-000000000001,1733228a-f508-4b1e-aa0a-6c342c48fe6e,apartment,5dda0b14-713b-46d0-a6ce-a7a33a2fb6f9,ffbd5fe0-d9b3-cb55-cfd7-2d72a3498109,null,2026-04-10,null,2026-04-10 22:56:02.195967+00
abedb464-fc84-40d0-86f8-219dd458816d,00000000-0000-0000-0000-000000000001,20fae8ef-0ff7-410d-a114-9b32b366c673,apartment,5dda0b14-713b-46d0-a6ce-a7a33a2fb6f9,ffbd5fe0-d9b3-cb55-cfd7-2d72a3498109,null,2026-04-10,null,2026-04-10 22:56:02.195967+00
42084d15-57ba-4303-9659-f05c4824e65e,00000000-0000-0000-0000-000000000001,1f48d7c6-26ad-44dc-9529-4a186d6aa56d,apartment,5dda0b14-713b-46d0-a6ce-a7a33a2fb6f9,ffbd5fe0-d9b3-cb55-cfd7-2d72a3498109,null,2026-04-10,null,2026-04-10 22:56:02.195967+00
a891ec2c-c87e-4bf3-b4fd-3fd265d6ee81,00000000-0000-0000-0000-000000000001,d48ea955-7f36-4a33-941d-11b1c50af761,bed,5dda0b14-713b-46d0-a6ce-a7a33a2fb6f9,ffbd5fe0-d9b3-cb55-cfd7-2d72a3498109,7fe69b36-41b0-fb38-f990-b56311e3fbad,2026-04-10,null,2026-04-10 22:56:02.195967+00
e4fe0955-d247-4cbc-87d7-3c19f70af4e1,00000000-0000-0000-0000-000000000001,d48ea955-7f36-4a33-941d-11b1c50af761,bed,5dda0b14-713b-46d0-a6ce-a7a33a2fb6f9,ffbd5fe0-d9b3-cb55-cfd7-2d72a3498109,717b9b58-969a-8452-088a-972edaf5da24,2026-04-10,null,2026-04-10 22:56:02.195967+00
c4211658-7b42-473a-b884-3231294d52ed,00000000-0000-0000-0000-000000000001,eea44658-d1a6-4d79-8fa4-bf8c9eb7c508,bed,5dda0b14-713b-46d0-a6ce-a7a33a2fb6f9,ffbd5fe0-d9b3-cb55-cfd7-2d72a3498109,6e45aca0-18fa-334d-4711-4da7cc94e30f,2026-04-10,null,2026-04-10 22:56:02.195967+00
891ae584-7cf0-4e4d-8d5f-833320c1feca,00000000-0000-0000-0000-000000000001,eea44658-d1a6-4d79-8fa4-bf8c9eb7c508,bed,5dda0b14-713b-46d0-a6ce-a7a33a2fb6f9,ffbd5fe0-d9b3-cb55-cfd7-2d72a3498109,9e254d9d-fe84-3236-eca3-7adff58dafa1,2026-04-10,null,2026-04-10 22:56:02.195967+00
ef5445fa-854d-4fda-9690-1fb791788166,00000000-0000-0000-0000-000000000001,eea44658-d1a6-4d79-8fa4-bf8c9eb7c508,bed,5dda0b14-713b-46d0-a6ce-a7a33a2fb6f9,ffbd5fe0-d9b3-cb55-cfd7-2d72a3498109,d896c15c-52be-8a4e-6bcf-b598f12b31af,2026-04-10,null,2026-04-10 22:56:02.195967+00
a32320dc-d5bc-4461-8f3b-b53dd0f9b6e5,00000000-0000-0000-0000-000000000001,50fccbdd-9c3e-407c-ace9-47dd457a3b4d,bed,5dda0b14-713b-46d0-a6ce-a7a33a2fb6f9,bc7f358d-0d6d-f95f-ff80-9089eefdef69,9570bcbc-dd00-294f-7a17-6204b4b0a29b,2026-04-10,null,2026-04-10 22:56:02.195967+00
3d3baebc-6026-4a54-9cb6-de29ff044427,00000000-0000-0000-0000-000000000001,a84c1a18-cffc-45bf-b987-a85bdf1a6753,bed,5dda0b14-713b-46d0-a6ce-a7a33a2fb6f9,bc7f358d-0d6d-f95f-ff80-9089eefdef69,90eedc35-b872-5505-a86d-2824a91e518c,2026-04-10,null,2026-04-10 22:56:02.195967+00
b1db9bc0-9b6c-4fdf-9411-14b6cba8f41a,00000000-0000-0000-0000-000000000001,a84c1a18-cffc-45bf-b987-a85bdf1a6753,bed,5dda0b14-713b-46d0-a6ce-a7a33a2fb6f9,bc7f358d-0d6d-f95f-ff80-9089eefdef69,a53594cb-07e9-75eb-d239-771b29f1bdab,2026-04-10,null,2026-04-10 22:56:02.195967+00
c3e15794-dfae-4ec8-972b-9dfbbbf2bace,00000000-0000-0000-0000-000000000001,99d778f7-c033-4e7f-b205-35213a9877d6,bed,5dda0b14-713b-46d0-a6ce-a7a33a2fb6f9,bc7f358d-0d6d-f95f-ff80-9089eefdef69,3ba3be35-43a3-79f2-d76c-617b73cd813d,2026-04-10,null,2026-04-10 22:56:02.195967+00
11cc9df6-88df-44d5-87ef-dee0ba0c145f,00000000-0000-0000-0000-000000000001,99d778f7-c033-4e7f-b205-35213a9877d6,bed,5dda0b14-713b-46d0-a6ce-a7a33a2fb6f9,bc7f358d-0d6d-f95f-ff80-9089eefdef69,b943869b-b18f-a89f-0396-b63afbee28e9,2026-04-10,null,2026-04-10 22:56:02.195967+00
64336912-7109-4c5c-a0ba-54ac5b02f601,00000000-0000-0000-0000-000000000001,f9722453-5e01-42fb-b088-8ceef1daa75e,bed,5dda0b14-713b-46d0-a6ce-a7a33a2fb6f9,bc7f358d-0d6d-f95f-ff80-9089eefdef69,9570bcbc-dd00-294f-7a17-6204b4b0a29b,2026-04-10,null,2026-04-10 22:56:02.195967+00
210b2e94-1f28-4c46-95c4-2e183ad63422,00000000-0000-0000-0000-000000000001,58a5706c-2b32-4d8b-9d3f-c6bd51526533,bed,5dda0b14-713b-46d0-a6ce-a7a33a2fb6f9,bc7f358d-0d6d-f95f-ff80-9089eefdef69,90eedc35-b872-5505-a86d-2824a91e518c,2026-04-10,null,2026-04-10 22:56:02.195967+00
04cf1476-9109-4f09-8640-77c56b3ff3b6,00000000-0000-0000-0000-000000000001,5db5f513-e5ff-4829-9cd9-f7f6ff76a95d,bed,5dda0b14-713b-46d0-a6ce-a7a33a2fb6f9,bc7f358d-0d6d-f95f-ff80-9089eefdef69,a53594cb-07e9-75eb-d239-771b29f1bdab,2026-04-10,null,2026-04-10 22:56:02.195967+00
4d1c70e6-674f-4c64-9ff5-b362c19c76a1,00000000-0000-0000-0000-000000000001,3d7977af-be81-44c7-9d52-123d4fd823a0,bed,5dda0b14-713b-46d0-a6ce-a7a33a2fb6f9,bc7f358d-0d6d-f95f-ff80-9089eefdef69,3ba3be35-43a3-79f2-d76c-617b73cd813d,2026-04-10,null,2026-04-10 22:56:02.195967+00
71256e58-c7d9-4b53-9b87-203a9a252ca1,00000000-0000-0000-0000-000000000001,06195c8b-eee5-4aa3-955b-03ed5d35cf74,bed,5dda0b14-713b-46d0-a6ce-a7a33a2fb6f9,bc7f358d-0d6d-f95f-ff80-9089eefdef69,b943869b-b18f-a89f-0396-b63afbee28e9,2026-04-10,null,2026-04-10 22:56:02.195967+00
48fb86d4-872d-4a53-8b2e-5cd401ed6c73,00000000-0000-0000-0000-000000000001,f12f6f21-4e48-4951-b2b6-72b87178190e,bed,5dda0b14-713b-46d0-a6ce-a7a33a2fb6f9,bc7f358d-0d6d-f95f-ff80-9089eefdef69,9570bcbc-dd00-294f-7a17-6204b4b0a29b,2026-04-10,null,2026-04-10 22:56:02.195967+00
0b40f4ba-4db0-48c5-840e-bb5ec0f949bd,00000000-0000-0000-0000-000000000001,5ff12dae-9fd4-43dd-b91b-9a1ff354e683,apartment,5dda0b14-713b-46d0-a6ce-a7a33a2fb6f9,bc7f358d-0d6d-f95f-ff80-9089eefdef69,null,2026-04-10,null,2026-04-10 22:56:02.195967+00
8ad2eee6-e42a-4624-9b51-06a1075f3e03,00000000-0000-0000-0000-000000000001,d13c8816-1f9d-4f2e-b72f-1b7a5343e950,apartment,5dda0b14-713b-46d0-a6ce-a7a33a2fb6f9,bc7f358d-0d6d-f95f-ff80-9089eefdef69,null,2026-04-10,null,2026-04-10 22:56:02.195967+00
ce4d8e22-dfcc-4506-ac7c-4a2395f01f38,00000000-0000-0000-0000-000000000001,a693590f-e184-4e7f-8f0f-f73331148865,apartment,5dda0b14-713b-46d0-a6ce-a7a33a2fb6f9,bc7f358d-0d6d-f95f-ff80-9089eefdef69,null,2026-04-10,null,2026-04-10 22:56:02.195967+00
08523d98-f2c9-4519-afad-de1f09573739,00000000-0000-0000-0000-000000000001,c2d8e1f9-10b7-4aaa-8a07-a5f8f11790f6,bed,5dda0b14-713b-46d0-a6ce-a7a33a2fb6f9,bc7f358d-0d6d-f95f-ff80-9089eefdef69,9570bcbc-dd00-294f-7a17-6204b4b0a29b,2026-04-10,null,2026-04-10 22:56:02.195967+00
5d3945a9-887a-409d-a90f-63bbec779127,00000000-0000-0000-0000-000000000001,1b18f88c-8f4c-45c1-bf3d-4952c8a321b7,bed,5dda0b14-713b-46d0-a6ce-a7a33a2fb6f9,bc7f358d-0d6d-f95f-ff80-9089eefdef69,90eedc35-b872-5505-a86d-2824a91e518c,2026-04-10,null,2026-04-10 22:56:02.195967+00
280c6b83-f1c9-45ef-b13d-8842efa7d29b,00000000-0000-0000-0000-000000000001,5ad275d8-7e58-4941-80e5-e16a05d16f48,bed,5dda0b14-713b-46d0-a6ce-a7a33a2fb6f9,bc7f358d-0d6d-f95f-ff80-9089eefdef69,a53594cb-07e9-75eb-d239-771b29f1bdab,2026-04-10,null,2026-04-10 22:56:02.195967+00
128690ed-2104-42f6-b816-1c1e5ed30dcc,00000000-0000-0000-0000-000000000001,94d08aa2-76fc-41ff-b53f-40898f292c10,bed,5dda0b14-713b-46d0-a6ce-a7a33a2fb6f9,bc7f358d-0d6d-f95f-ff80-9089eefdef69,3ba3be35-43a3-79f2-d76c-617b73cd813d,2026-04-10,null,2026-04-10 22:56:02.195967+00
54325dd7-1d87-42f0-b4c9-28dcb3932a34,00000000-0000-0000-0000-000000000001,f6124fdc-65be-440f-b5e3-60951a3b7528,bed,5dda0b14-713b-46d0-a6ce-a7a33a2fb6f9,bc7f358d-0d6d-f95f-ff80-9089eefdef69,b943869b-b18f-a89f-0396-b63afbee28e9,2026-04-10,null,2026-04-10 22:56:02.195967+00
b6252dc1-16a7-4a34-8a2b-25c50d696aae,00000000-0000-0000-0000-000000000001,9c58b14f-c26e-4c3d-b71a-31dd1fe5c1f6,bed,5dda0b14-713b-46d0-a6ce-a7a33a2fb6f9,bc7f358d-0d6d-f95f-ff80-9089eefdef69,9570bcbc-dd00-294f-7a17-6204b4b0a29b,2026-04-10,null,2026-04-10 22:56:02.195967+00
2086820d-7f77-42a6-bf44-59b7e27832c4,00000000-0000-0000-0000-000000000001,ea842ca8-3beb-44f3-9159-32494159c1d3,bed,5dda0b14-713b-46d0-a6ce-a7a33a2fb6f9,bc7f358d-0d6d-f95f-ff80-9089eefdef69,90eedc35-b872-5505-a86d-2824a91e518c,2026-04-10,null,2026-04-10 22:56:02.195967+00
51578535-5970-4de7-8877-b9588a7049c2,00000000-0000-0000-0000-000000000001,d4ef0351-b677-47de-b3df-023721ed2853,bed,5dda0b14-713b-46d0-a6ce-a7a33a2fb6f9,bc7f358d-0d6d-f95f-ff80-9089eefdef69,a53594cb-07e9-75eb-d239-771b29f1bdab,2026-04-10,null,2026-04-10 22:56:02.195967+00
595a5a70-8a54-4af4-854c-87c7656bfe92,00000000-0000-0000-0000-000000000001,7a811591-f266-44c0-9c37-641948291c8b,bed,5dda0b14-713b-46d0-a6ce-a7a33a2fb6f9,bc7f358d-0d6d-f95f-ff80-9089eefdef69,3ba3be35-43a3-79f2-d76c-617b73cd813d,2026-04-10,null,2026-04-10 22:56:02.195967+00
3f94b0fd-10a3-4d30-be9b-f04e7aa5e118,00000000-0000-0000-0000-000000000001,6a7459f1-367c-481e-b774-dd20c5f07eb6,bed,5dda0b14-713b-46d0-a6ce-a7a33a2fb6f9,bc7f358d-0d6d-f95f-ff80-9089eefdef69,b943869b-b18f-a89f-0396-b63afbee28e9,2026-04-10,null,2026-04-10 22:56:02.195967+00
1f8254d3-9b6c-4171-8bb3-c5f3baaf0ba4,00000000-0000-0000-0000-000000000001,711d3ed1-3264-4a9a-bb31-fa5f7027e0fa,apartment,5dda0b14-713b-46d0-a6ce-a7a33a2fb6f9,bc7f358d-0d6d-f95f-ff80-9089eefdef69,null,2026-04-10,null,2026-04-10 22:56:02.195967+00
f9fafb30-a5b6-4d1b-8f54-33dc5de1db25,00000000-0000-0000-0000-000000000001,453fb961-9969-497b-958e-0d539c10ee8f,bed,5dda0b14-713b-46d0-a6ce-a7a33a2fb6f9,bc7f358d-0d6d-f95f-ff80-9089eefdef69,9570bcbc-dd00-294f-7a17-6204b4b0a29b,2026-04-10,null,2026-04-10 22:56:02.195967+00
0b05d31f-26a5-4683-94a2-feb5607a0a39,00000000-0000-0000-0000-000000000001,b9946d2d-f501-45d7-a5ac-b01a089c7f80,bed,5dda0b14-713b-46d0-a6ce-a7a33a2fb6f9,bc7f358d-0d6d-f95f-ff80-9089eefdef69,90eedc35-b872-5505-a86d-2824a91e518c,2026-04-10,null,2026-04-10 22:56:02.195967+00
70594cd1-6e98-4682-9730-d7d1db48a336,00000000-0000-0000-0000-000000000001,b9946d2d-f501-45d7-a5ac-b01a089c7f80,bed,5dda0b14-713b-46d0-a6ce-a7a33a2fb6f9,bc7f358d-0d6d-f95f-ff80-9089eefdef69,a53594cb-07e9-75eb-d239-771b29f1bdab,2026-04-10,null,2026-04-10 22:56:02.195967+00
de9c9c99-e5f2-4851-8cc0-1b63b1be2451,00000000-0000-0000-0000-000000000001,e9b3ee0b-2542-4494-bbec-af30b46f14d4,bed,5dda0b14-713b-46d0-a6ce-a7a33a2fb6f9,bc7f358d-0d6d-f95f-ff80-9089eefdef69,3ba3be35-43a3-79f2-d76c-617b73cd813d,2026-04-10,null,2026-04-10 22:56:02.195967+00
9fb235f5-16f9-4752-b92c-e6730cc18ac7,00000000-0000-0000-0000-000000000001,e9b3ee0b-2542-4494-bbec-af30b46f14d4,bed,5dda0b14-713b-46d0-a6ce-a7a33a2fb6f9,bc7f358d-0d6d-f95f-ff80-9089eefdef69,b943869b-b18f-a89f-0396-b63afbee28e9,2026-04-10,null,2026-04-10 22:56:02.195967+00
79876461-03dc-43a9-b509-da25bc8da54d,00000000-0000-0000-0000-000000000001,67614d38-51d8-4af6-be06-c3bdc547b92c,apartment,5dda0b14-713b-46d0-a6ce-a7a33a2fb6f9,bc7f358d-0d6d-f95f-ff80-9089eefdef69,null,2026-04-10,null,2026-04-10 22:56:02.195967+00
e63f907b-e141-44d7-bf09-759e531be0b2,00000000-0000-0000-0000-000000000001,d3259d57-da07-4fdb-b45f-18a033ec34ca,apartment,5dda0b14-713b-46d0-a6ce-a7a33a2fb6f9,bc7f358d-0d6d-f95f-ff80-9089eefdef69,null,2026-04-10,null,2026-04-10 22:56:02.195967+00
6b650590-f873-4e37-8fd0-ad6aa7126a3b,00000000-0000-0000-0000-000000000001,5af9ee14-c873-4418-8471-d7b24f216e73,bed,5dda0b14-713b-46d0-a6ce-a7a33a2fb6f9,bc7f358d-0d6d-f95f-ff80-9089eefdef69,9570bcbc-dd00-294f-7a17-6204b4b0a29b,2026-04-10,null,2026-04-10 22:56:02.195967+00
adb54c36-7b96-42bb-beeb-711ee9f756de,00000000-0000-0000-0000-000000000001,05822b80-f0d1-41c4-aac6-64cd6b186659,bed,5dda0b14-713b-46d0-a6ce-a7a33a2fb6f9,bc7f358d-0d6d-f95f-ff80-9089eefdef69,90eedc35-b872-5505-a86d-2824a91e518c,2026-04-10,null,2026-04-10 22:56:02.195967+00
dadd5a45-b499-4a46-8973-af8d032d9844,00000000-0000-0000-0000-000000000001,ad62b268-23d5-4929-aebf-369e5e3d4736,bed,5dda0b14-713b-46d0-a6ce-a7a33a2fb6f9,bc7f358d-0d6d-f95f-ff80-9089eefdef69,a53594cb-07e9-75eb-d239-771b29f1bdab,2026-04-10,null,2026-04-10 22:56:02.195967+00
fc4b407b-3d74-485b-b05a-77b651a91748,00000000-0000-0000-0000-000000000001,d84480a3-e07a-4f97-9090-a22dd011c680,bed,5dda0b14-713b-46d0-a6ce-a7a33a2fb6f9,bc7f358d-0d6d-f95f-ff80-9089eefdef69,3ba3be35-43a3-79f2-d76c-617b73cd813d,2026-04-10,null,2026-04-10 22:56:02.195967+00
ecfec8b4-48cd-485f-8b8f-c22276eac29c,00000000-0000-0000-0000-000000000001,d7693841-e7f5-470b-9702-00b1a5e73192,bed,5dda0b14-713b-46d0-a6ce-a7a33a2fb6f9,bc7f358d-0d6d-f95f-ff80-9089eefdef69,b943869b-b18f-a89f-0396-b63afbee28e9,2026-04-10,null,2026-04-10 22:56:02.195967+00
2e19d759-25b8-447f-ab49-63ef51ae3fd1,00000000-0000-0000-0000-000000000001,3f8e79a6-2f22-4d16-9c69-a8ff743643ec,apartment,5dda0b14-713b-46d0-a6ce-a7a33a2fb6f9,bc7f358d-0d6d-f95f-ff80-9089eefdef69,null,2026-04-10,null,2026-04-10 22:56:02.195967+00
e56c44b3-d8de-477d-9696-7b9726e85f42,00000000-0000-0000-0000-000000000001,6923a4b8-18c4-4f85-8545-25aba7244599,apartment,5dda0b14-713b-46d0-a6ce-a7a33a2fb6f9,bc7f358d-0d6d-f95f-ff80-9089eefdef69,null,2026-04-10,null,2026-04-10 22:56:02.195967+00
dad78be6-4614-4b3f-b3d6-dd35c03e01f9,00000000-0000-0000-0000-000000000001,389629be-9c2e-4460-82b8-645b38166328,apartment,5dda0b14-713b-46d0-a6ce-a7a33a2fb6f9,bc7f358d-0d6d-f95f-ff80-9089eefdef69,null,2024-06-16,null,2026-04-10 22:56:02.195967+00
29403ba7-9cc5-4cd3-afcc-bb8db4df7136,00000000-0000-0000-0000-000000000001,44daf928-931e-4b98-b5f6-7b28cc6e31db,apartment,5dda0b14-713b-46d0-a6ce-a7a33a2fb6f9,bc7f358d-0d6d-f95f-ff80-9089eefdef69,null,2026-04-10,null,2026-04-10 22:56:02.195967+00
13c91cfd-e59e-408a-b231-0cea1c049e89,00000000-0000-0000-0000-000000000001,4a25aa46-1f1a-4410-8f2b-691700382818,apartment,5dda0b14-713b-46d0-a6ce-a7a33a2fb6f9,bc7f358d-0d6d-f95f-ff80-9089eefdef69,null,2026-04-10,null,2026-04-10 22:56:02.195967+00
4e299f3c-e40b-4756-9a29-14bb32945ecf,00000000-0000-0000-0000-000000000001,7e01b046-1f55-4d68-91f1-d99237f279cd,bed,5dda0b14-713b-46d0-a6ce-a7a33a2fb6f9,bc7f358d-0d6d-f95f-ff80-9089eefdef69,9570bcbc-dd00-294f-7a17-6204b4b0a29b,2026-04-10,null,2026-04-10 22:56:02.195967+00
660eeda0-f3bf-4c1f-9287-f80a08f18aff,00000000-0000-0000-0000-000000000001,e51b8da6-0547-4241-9f22-d62d96ddd988,apartment,5dda0b14-713b-46d0-a6ce-a7a33a2fb6f9,bc7f358d-0d6d-f95f-ff80-9089eefdef69,null,2026-04-10,null,2026-04-10 22:56:02.195967+00
30659449-a9b4-49c4-948f-3bd106ddc2e0,00000000-0000-0000-0000-000000000001,4e158ed5-6166-4271-a6f8-df01cbf292b0,apartment,5dda0b14-713b-46d0-a6ce-a7a33a2fb6f9,bc7f358d-0d6d-f95f-ff80-9089eefdef69,null,2026-04-10,null,2026-04-10 22:56:02.195967+00
d260b387-92dc-41bd-9f31-366bc06ad7c7,00000000-0000-0000-0000-000000000001,c07a0161-cba3-4b63-8ac2-869b2a65ea93,apartment,5dda0b14-713b-46d0-a6ce-a7a33a2fb6f9,bc7f358d-0d6d-f95f-ff80-9089eefdef69,null,2026-04-10,null,2026-04-10 22:56:02.195967+00
674464c6-1700-4a55-a6dc-8f10fe8bf3d8,00000000-0000-0000-0000-000000000001,2ba744f4-1d9d-416a-b710-0883dd5d63fa,apartment,5dda0b14-713b-46d0-a6ce-a7a33a2fb6f9,bc7f358d-0d6d-f95f-ff80-9089eefdef69,null,2026-04-10,null,2026-04-10 22:56:02.195967+00
eaa85916-063e-451b-a7f0-0136e5374705,00000000-0000-0000-0000-000000000001,48ee9dbf-20ec-4344-8ad6-3b6529f95f4a,bed,5dda0b14-713b-46d0-a6ce-a7a33a2fb6f9,bc7f358d-0d6d-f95f-ff80-9089eefdef69,90eedc35-b872-5505-a86d-2824a91e518c,2026-04-10,null,2026-04-10 22:56:02.195967+00
2a98518a-5e26-41f2-82bb-f8205f5dc91d,00000000-0000-0000-0000-000000000001,48ee9dbf-20ec-4344-8ad6-3b6529f95f4a,bed,5dda0b14-713b-46d0-a6ce-a7a33a2fb6f9,bc7f358d-0d6d-f95f-ff80-9089eefdef69,a53594cb-07e9-75eb-d239-771b29f1bdab,2026-04-10,null,2026-04-10 22:56:02.195967+00
b0682279-2e3d-4233-8625-1fa6a74c4761,00000000-0000-0000-0000-000000000001,76328e4c-4888-4272-944f-73e44a3817bf,bed,5dda0b14-713b-46d0-a6ce-a7a33a2fb6f9,bc7f358d-0d6d-f95f-ff80-9089eefdef69,9570bcbc-dd00-294f-7a17-6204b4b0a29b,2026-04-10,null,2026-04-10 22:56:02.195967+00
5d614852-8218-46ba-ae48-b74d4e91068f,00000000-0000-0000-0000-000000000001,76328e4c-4888-4272-944f-73e44a3817bf,bed,5dda0b14-713b-46d0-a6ce-a7a33a2fb6f9,bc7f358d-0d6d-f95f-ff80-9089eefdef69,3ba3be35-43a3-79f2-d76c-617b73cd813d,2026-04-10,null,2026-04-10 22:56:02.195967+00
4b63b7af-3db2-4ae3-8ba5-b8c080e7f7a5,00000000-0000-0000-0000-000000000001,76328e4c-4888-4272-944f-73e44a3817bf,bed,5dda0b14-713b-46d0-a6ce-a7a33a2fb6f9,bc7f358d-0d6d-f95f-ff80-9089eefdef69,b943869b-b18f-a89f-0396-b63afbee28e9,2026-04-10,null,2026-04-10 22:56:02.195967+00
f08dd3a1-5e65-4b53-92ee-3ddfba446fe8,00000000-0000-0000-0000-000000000001,4e5f5e33-7af3-47f5-8e05-d3ea5795882e,bed,5dda0b14-713b-46d0-a6ce-a7a33a2fb6f9,b0875d50-a469-821b-57c3-03ac62809198,26ce09f1-599b-0d8d-aa06-c08db6a2dcde,2026-04-10,null,2026-04-10 22:56:02.195967+00
f6f8ddf9-eba1-4b5e-81ef-b0a1023e8aae,00000000-0000-0000-0000-000000000001,a01fdc02-1311-43b4-828c-ae25f1158139,bed,5dda0b14-713b-46d0-a6ce-a7a33a2fb6f9,b0875d50-a469-821b-57c3-03ac62809198,acc99892-cb35-8aaf-7d74-61bb7125b1bf,2026-04-10,null,2026-04-10 22:56:02.195967+00
dfc265c2-4339-43a1-9af1-37180d821600,00000000-0000-0000-0000-000000000001,a01fdc02-1311-43b4-828c-ae25f1158139,bed,5dda0b14-713b-46d0-a6ce-a7a33a2fb6f9,b0875d50-a469-821b-57c3-03ac62809198,ac589718-81c1-c7cb-c032-0f81fc39d1db,2026-04-10,null,2026-04-10 22:56:02.195967+00
3b7a5217-d2af-49d8-b07b-aadd550ef236,00000000-0000-0000-0000-000000000001,471a77c8-6159-471b-a7b3-910527eb1e9c,bed,5dda0b14-713b-46d0-a6ce-a7a33a2fb6f9,b0875d50-a469-821b-57c3-03ac62809198,0584f4bb-c204-0301-4599-fc18ed551828,2026-04-10,null,2026-04-10 22:56:02.195967+00
26fea136-c9cd-4ecf-8185-0c9c4e832986,00000000-0000-0000-0000-000000000001,471a77c8-6159-471b-a7b3-910527eb1e9c,bed,5dda0b14-713b-46d0-a6ce-a7a33a2fb6f9,b0875d50-a469-821b-57c3-03ac62809198,016f303d-6271-385d-c540-0595095bab14,2026-04-10,null,2026-04-10 22:56:02.195967+00
c72868b6-a1c5-4087-8f2a-8385dee68afd,00000000-0000-0000-0000-000000000001,14231c5a-4b89-48c1-816e-5604de42720a,apartment,5dda0b14-713b-46d0-a6ce-a7a33a2fb6f9,b0875d50-a469-821b-57c3-03ac62809198,null,2026-04-10,null,2026-04-10 22:56:02.195967+00
c28dadba-a620-4aea-a89c-56665ec9f9bc,00000000-0000-0000-0000-000000000001,e98878e6-dd29-4b51-91ee-7d45ca28be51,apartment,5dda0b14-713b-46d0-a6ce-a7a33a2fb6f9,b0875d50-a469-821b-57c3-03ac62809198,null,2026-04-10,null,2026-04-10 22:56:02.195967+00
9f9713e6-914b-4407-925d-2719734e6445,00000000-0000-0000-0000-000000000001,a24babc4-2981-45b3-b5b3-829920f0cacb,apartment,5dda0b14-713b-46d0-a6ce-a7a33a2fb6f9,b0875d50-a469-821b-57c3-03ac62809198,null,2026-04-10,null,2026-04-10 22:56:02.195967+00
fd9f11c4-d929-46ed-8a82-3ffaef7511f8,00000000-0000-0000-0000-000000000001,83f34b4f-24b8-4e5c-814d-1a7850701469,apartment,5dda0b14-713b-46d0-a6ce-a7a33a2fb6f9,b0875d50-a469-821b-57c3-03ac62809198,null,2026-04-10,null,2026-04-10 22:56:02.195967+00
e02802af-0993-42cb-bfdd-6ba6e59aedb0,00000000-0000-0000-0000-000000000001,4b0930bd-49ae-4a23-a9ba-12e943964a66,apartment,5dda0b14-713b-46d0-a6ce-a7a33a2fb6f9,b0875d50-a469-821b-57c3-03ac62809198,null,2026-04-10,null,2026-04-10 22:56:02.195967+00
299fa04c-f708-463e-9622-a956e71edefc,00000000-0000-0000-0000-000000000001,66767d7a-1439-4b4b-8345-e907eedef209,bed,5dda0b14-713b-46d0-a6ce-a7a33a2fb6f9,b0875d50-a469-821b-57c3-03ac62809198,acc99892-cb35-8aaf-7d74-61bb7125b1bf,2025-01-01,null,2026-04-10 22:56:02.195967+00
44558c6d-95c6-4173-9e62-b56f83625655,00000000-0000-0000-0000-000000000001,8a435a87-d3a1-41a4-85fc-7ace207ca007,bed,5dda0b14-713b-46d0-a6ce-a7a33a2fb6f9,b0875d50-a469-821b-57c3-03ac62809198,26ce09f1-599b-0d8d-aa06-c08db6a2dcde,2026-04-10,null,2026-04-10 22:56:02.195967+00
bb1a98fc-f133-4d6d-9df0-df9e43b461ee,00000000-0000-0000-0000-000000000001,2d37638b-0bdd-4247-90a6-086b86438fcf,bed,5dda0b14-713b-46d0-a6ce-a7a33a2fb6f9,b0875d50-a469-821b-57c3-03ac62809198,ac589718-81c1-c7cb-c032-0f81fc39d1db,2026-04-10,null,2026-04-10 22:56:02.195967+00
9883ecf5-b138-4ad4-a19e-0278280574c2,00000000-0000-0000-0000-000000000001,19f9c395-4eda-4bef-9e61-e22db5270031,bed,5dda0b14-713b-46d0-a6ce-a7a33a2fb6f9,b0875d50-a469-821b-57c3-03ac62809198,0584f4bb-c204-0301-4599-fc18ed551828,2026-04-10,null,2026-04-10 22:56:02.195967+00
cdda75ba-ddc0-456f-b392-7a4c851bbf14,00000000-0000-0000-0000-000000000001,51cf0425-f458-4ae9-989c-8b4fff85d3e2,bed,5dda0b14-713b-46d0-a6ce-a7a33a2fb6f9,b0875d50-a469-821b-57c3-03ac62809198,016f303d-6271-385d-c540-0595095bab14,2026-04-10,null,2026-04-10 22:56:02.195967+00
72c8d24f-122c-4a71-8caa-6bc502222324,00000000-0000-0000-0000-000000000001,57a0eea9-ef47-44ab-8874-29b2ed971dd2,bed,5dda0b14-713b-46d0-a6ce-a7a33a2fb6f9,b0875d50-a469-821b-57c3-03ac62809198,26ce09f1-599b-0d8d-aa06-c08db6a2dcde,2026-04-10,null,2026-04-10 22:56:02.195967+00
0c5fd60f-3b93-47ae-a9fd-a6a58eb3e220,00000000-0000-0000-0000-000000000001,8fc3d945-9584-48b1-801f-5e81d9f9c1eb,bed,5dda0b14-713b-46d0-a6ce-a7a33a2fb6f9,b0875d50-a469-821b-57c3-03ac62809198,acc99892-cb35-8aaf-7d74-61bb7125b1bf,2026-04-10,null,2026-04-10 22:56:02.195967+00
e9516932-7522-41dc-b7f9-383a438d2d51,00000000-0000-0000-0000-000000000001,be6f5794-929c-4332-b821-ec9e51e0c4b3,bed,5dda0b14-713b-46d0-a6ce-a7a33a2fb6f9,b0875d50-a469-821b-57c3-03ac62809198,ac589718-81c1-c7cb-c032-0f81fc39d1db,2026-04-10,null,2026-04-10 22:56:02.195967+00
4e1e65fd-9e72-4c44-b0bc-1b3bb1f4f76b,00000000-0000-0000-0000-000000000001,cfc280d3-6e50-4598-a81c-dc6746e9d27e,bed,5dda0b14-713b-46d0-a6ce-a7a33a2fb6f9,b0875d50-a469-821b-57c3-03ac62809198,0584f4bb-c204-0301-4599-fc18ed551828,2026-04-10,null,2026-04-10 22:56:02.195967+00
1b07b940-7f50-4708-9377-deb4b44cb3fe,00000000-0000-0000-0000-000000000001,3ee5f2a6-dc33-4910-a804-2aac2bb9a6c5,bed,5dda0b14-713b-46d0-a6ce-a7a33a2fb6f9,b0875d50-a469-821b-57c3-03ac62809198,016f303d-6271-385d-c540-0595095bab14,2026-04-10,null,2026-04-10 22:56:02.195967+00
3daf818f-c973-4bab-82e4-391d0a08e745,00000000-0000-0000-0000-000000000001,02f5e53a-ac3b-4b51-ad0d-d88965808999,apartment,5dda0b14-713b-46d0-a6ce-a7a33a2fb6f9,b0875d50-a469-821b-57c3-03ac62809198,null,2026-04-10,null,2026-04-10 22:56:02.195967+00
238752aa-5482-41cf-96a2-52deb1f9e78a,00000000-0000-0000-0000-000000000001,6e9f681a-1292-4cec-95d5-80c22a076e15,bed,5dda0b14-713b-46d0-a6ce-a7a33a2fb6f9,b0875d50-a469-821b-57c3-03ac62809198,26ce09f1-599b-0d8d-aa06-c08db6a2dcde,2026-04-10,null,2026-04-10 22:56:02.195967+00
c987ac2c-d51d-4a68-800a-0b6f733cbd6f,00000000-0000-0000-0000-000000000001,359cb52c-8251-4d5b-85ef-fd67c9d5dc46,bed,5dda0b14-713b-46d0-a6ce-a7a33a2fb6f9,b0875d50-a469-821b-57c3-03ac62809198,acc99892-cb35-8aaf-7d74-61bb7125b1bf,2026-04-10,null,2026-04-10 22:56:02.195967+00
ad9e80c0-f31a-4a6c-af95-8f89fa77e434,00000000-0000-0000-0000-000000000001,359cb52c-8251-4d5b-85ef-fd67c9d5dc46,bed,5dda0b14-713b-46d0-a6ce-a7a33a2fb6f9,b0875d50-a469-821b-57c3-03ac62809198,ac589718-81c1-c7cb-c032-0f81fc39d1db,2026-04-10,null,2026-04-10 22:56:02.195967+00
c0193cdd-5e92-488b-b73d-5baff8039cdd,00000000-0000-0000-0000-000000000001,f52710af-1fbb-4cf8-b113-084ced145f7d,bed,5dda0b14-713b-46d0-a6ce-a7a33a2fb6f9,b0875d50-a469-821b-57c3-03ac62809198,0584f4bb-c204-0301-4599-fc18ed551828,2026-04-10,null,2026-04-10 22:56:02.195967+00
ace09f7d-8b47-4ed9-ac92-5eeffe5bc8fe,00000000-0000-0000-0000-000000000001,f52710af-1fbb-4cf8-b113-084ced145f7d,bed,5dda0b14-713b-46d0-a6ce-a7a33a2fb6f9,b0875d50-a469-821b-57c3-03ac62809198,016f303d-6271-385d-c540-0595095bab14,2026-04-10,null,2026-04-10 22:56:02.195967+00
869a1078-7922-41be-b84a-0da5f412d433,00000000-0000-0000-0000-000000000001,ea26357d-049a-451a-8c62-fd6a8c68b228,apartment,5dda0b14-713b-46d0-a6ce-a7a33a2fb6f9,b0875d50-a469-821b-57c3-03ac62809198,null,2026-04-10,null,2026-04-10 22:56:02.195967+00
5361149a-74e4-4b61-a8e8-f4ca8d0692ef,00000000-0000-0000-0000-000000000001,3399f2b1-20a4-43a5-aac8-25f05c341483,apartment,5dda0b14-713b-46d0-a6ce-a7a33a2fb6f9,b0875d50-a469-821b-57c3-03ac62809198,null,2025-07-03,null,2026-04-10 22:56:02.195967+00
ccb7be38-9dc3-4471-b733-038d98b61cac,00000000-0000-0000-0000-000000000001,f910b04f-e726-4aa7-9523-c9d10dca9b98,bed,5dda0b14-713b-46d0-a6ce-a7a33a2fb6f9,b0875d50-a469-821b-57c3-03ac62809198,26ce09f1-599b-0d8d-aa06-c08db6a2dcde,2026-04-10,null,2026-04-10 22:56:02.195967+00
e6d3f528-a010-4f2e-a49a-ccbefff2a200,00000000-0000-0000-0000-000000000001,85590534-ac0f-4cbd-9ec3-3e3c4b8a4250,bed,5dda0b14-713b-46d0-a6ce-a7a33a2fb6f9,b0875d50-a469-821b-57c3-03ac62809198,acc99892-cb35-8aaf-7d74-61bb7125b1bf,2026-04-10,null,2026-04-10 22:56:02.195967+00
0936e32b-0176-411d-b2bd-ab6e22f0e2a6,00000000-0000-0000-0000-000000000001,01eb02f0-c903-4e4d-8271-9516d64b5608,bed,5dda0b14-713b-46d0-a6ce-a7a33a2fb6f9,b0875d50-a469-821b-57c3-03ac62809198,ac589718-81c1-c7cb-c032-0f81fc39d1db,2026-04-10,null,2026-04-10 22:56:02.195967+00
a6c5c763-395d-4503-90f8-de450f9acf7d,00000000-0000-0000-0000-000000000001,3a7357aa-7f8a-4970-9330-2d8436693a47,bed,5dda0b14-713b-46d0-a6ce-a7a33a2fb6f9,b0875d50-a469-821b-57c3-03ac62809198,0584f4bb-c204-0301-4599-fc18ed551828,2026-04-10,null,2026-04-10 22:56:02.195967+00
c274534b-bcec-47bd-b681-700605c8ff2c,00000000-0000-0000-0000-000000000001,f4beee0f-ed9f-497d-a5de-a82829fb6f2d,bed,5dda0b14-713b-46d0-a6ce-a7a33a2fb6f9,b0875d50-a469-821b-57c3-03ac62809198,016f303d-6271-385d-c540-0595095bab14,2026-04-10,null,2026-04-10 22:56:02.195967+00
0463874c-34ba-402c-9f25-9f6d9db4a4fa,00000000-0000-0000-0000-000000000001,3ceb76b5-b647-4a80-90d4-1b0f3c24cfe9,apartment,5dda0b14-713b-46d0-a6ce-a7a33a2fb6f9,b0875d50-a469-821b-57c3-03ac62809198,null,2026-04-10,null,2026-04-10 22:56:02.195967+00
035c3b4f-7bc8-4f01-9676-4321d4042003,00000000-0000-0000-0000-000000000001,622a5e38-7c3b-457f-865c-8b8a9ffc2ce2,apartment,5dda0b14-713b-46d0-a6ce-a7a33a2fb6f9,b0875d50-a469-821b-57c3-03ac62809198,null,2026-04-10,null,2026-04-10 22:56:02.195967+00
24c10265-1df6-4f4f-bed4-6027f9e7d523,00000000-0000-0000-0000-000000000001,e5a1f770-e368-43c8-a5f8-ea8b0a342ded,apartment,5dda0b14-713b-46d0-a6ce-a7a33a2fb6f9,b0875d50-a469-821b-57c3-03ac62809198,null,2025-04-06,null,2026-04-10 22:56:02.195967+00
80e746ee-4b3f-4df6-ad3c-04e46aaecbdb,00000000-0000-0000-0000-000000000001,8a30674c-749a-49c3-b63c-ce498f3dc2fb,apartment,5dda0b14-713b-46d0-a6ce-a7a33a2fb6f9,b0875d50-a469-821b-57c3-03ac62809198,null,2026-04-10,null,2026-04-10 22:56:02.195967+00
5b507a6c-f446-4ac8-b4c1-d717feecd361,00000000-0000-0000-0000-000000000001,50f5af77-289f-4bf7-8c2f-b74369ffd9bc,apartment,5dda0b14-713b-46d0-a6ce-a7a33a2fb6f9,b0875d50-a469-821b-57c3-03ac62809198,null,2026-04-10,null,2026-04-10 22:56:02.195967+00
35a4087b-e742-4bdf-99fe-aa75ce915e2a,00000000-0000-0000-0000-000000000001,980ff08f-01bb-4ec8-846e-87474b79285d,bed,5dda0b14-713b-46d0-a6ce-a7a33a2fb6f9,b0875d50-a469-821b-57c3-03ac62809198,26ce09f1-599b-0d8d-aa06-c08db6a2dcde,2026-04-10,null,2026-04-10 22:56:02.195967+00
49f32263-4df4-4fe3-a7a1-8a1f32226e78,00000000-0000-0000-0000-000000000001,fce507f4-6f74-4680-9043-131bf454aea2,apartment,5dda0b14-713b-46d0-a6ce-a7a33a2fb6f9,b0875d50-a469-821b-57c3-03ac62809198,null,2026-04-10,null,2026-04-10 22:56:02.195967+00
59d348ea-149b-4a32-a841-aaf16c140c68,00000000-0000-0000-0000-000000000001,25895145-c5ca-4ed9-9644-1f8086470efa,apartment,5dda0b14-713b-46d0-a6ce-a7a33a2fb6f9,b0875d50-a469-821b-57c3-03ac62809198,null,2026-04-10,null,2026-04-10 22:56:02.195967+00
136d8049-08fb-450c-ab1e-927af85c1d33,00000000-0000-0000-0000-000000000001,02f56e51-61b4-4122-8c93-d20ad256322d,apartment,5dda0b14-713b-46d0-a6ce-a7a33a2fb6f9,b0875d50-a469-821b-57c3-03ac62809198,null,2026-04-10,null,2026-04-10 22:56:02.195967+00
b36e1d50-d7cc-482c-8394-2f583c42402a,00000000-0000-0000-0000-000000000001,16dd9801-8456-4eab-9f32-26043f1fc234,bed,5dda0b14-713b-46d0-a6ce-a7a33a2fb6f9,b0875d50-a469-821b-57c3-03ac62809198,acc99892-cb35-8aaf-7d74-61bb7125b1bf,2026-04-10,null,2026-04-10 22:56:02.195967+00
f0728711-e880-459b-8712-ca8b45aba98a,00000000-0000-0000-0000-000000000001,16dd9801-8456-4eab-9f32-26043f1fc234,bed,5dda0b14-713b-46d0-a6ce-a7a33a2fb6f9,b0875d50-a469-821b-57c3-03ac62809198,ac589718-81c1-c7cb-c032-0f81fc39d1db,2026-04-10,null,2026-04-10 22:56:02.195967+00
bbca7ef0-4851-4cd3-9bef-9d2b3933afc2,00000000-0000-0000-0000-000000000001,f8509fe4-3aae-4daf-aed6-ce73ecbd7f26,apartment,5dda0b14-713b-46d0-a6ce-a7a33a2fb6f9,b0875d50-a469-821b-57c3-03ac62809198,null,2026-04-10,null,2026-04-10 22:56:02.195967+00
a52650c4-1595-4801-a6bd-c33aa5d13630,00000000-0000-0000-0000-000000000001,147c451f-29c0-4333-a9e7-a73d1cdb9a1b,bed,5dda0b14-713b-46d0-a6ce-a7a33a2fb6f9,dd96a329-ec95-e96a-1348-69d976f39cd4,cd504af3-aa51-0793-c3fc-fb030590ae09,2026-04-10,null,2026-04-10 22:56:02.195967+00
2d0fe3f8-772b-4cf0-9942-ed86be17b3ee,00000000-0000-0000-0000-000000000001,06fd6cbb-8d35-400c-8659-aaa0eea17971,bed,5dda0b14-713b-46d0-a6ce-a7a33a2fb6f9,dd96a329-ec95-e96a-1348-69d976f39cd4,d2ad3fde-45b8-0cd9-8e17-31257bcd567e,2026-04-10,null,2026-04-10 22:56:02.195967+00
722be902-3033-40da-b7ab-21e1887b7f06,00000000-0000-0000-0000-000000000001,06fd6cbb-8d35-400c-8659-aaa0eea17971,bed,5dda0b14-713b-46d0-a6ce-a7a33a2fb6f9,dd96a329-ec95-e96a-1348-69d976f39cd4,5dd54516-df42-d086-0eef-3495660d438f,2026-04-10,null,2026-04-10 22:56:02.195967+00
4abd9c6b-0b96-4f0b-822b-1d917a0abf6b,00000000-0000-0000-0000-000000000001,4e17cd4f-5f13-4f9f-8b47-4756d2a2ff05,bed,5dda0b14-713b-46d0-a6ce-a7a33a2fb6f9,dd96a329-ec95-e96a-1348-69d976f39cd4,421647d1-fa0d-7e8e-af7d-fa5dcd4ebe7b,2026-04-10,null,2026-04-10 22:56:02.195967+00
748a2a59-8453-4484-be5c-99d5637e6fd1,00000000-0000-0000-0000-000000000001,4e17cd4f-5f13-4f9f-8b47-4756d2a2ff05,bed,5dda0b14-713b-46d0-a6ce-a7a33a2fb6f9,dd96a329-ec95-e96a-1348-69d976f39cd4,f64ad55d-d5e9-6b9e-9676-efeb66d20201,2026-04-10,null,2026-04-10 22:56:02.195967+00
57556ac5-2cdf-4751-a5ba-c7f0533f4201,00000000-0000-0000-0000-000000000001,572c3a43-35ae-48cc-941e-77484386f1bd,bed,5dda0b14-713b-46d0-a6ce-a7a33a2fb6f9,dd96a329-ec95-e96a-1348-69d976f39cd4,d2ad3fde-45b8-0cd9-8e17-31257bcd567e,2026-04-10,null,2026-04-10 22:56:02.195967+00
e540a3f5-962e-4d3e-8ec3-bcfea7138111,00000000-0000-0000-0000-000000000001,572c3a43-35ae-48cc-941e-77484386f1bd,bed,5dda0b14-713b-46d0-a6ce-a7a33a2fb6f9,dd96a329-ec95-e96a-1348-69d976f39cd4,5dd54516-df42-d086-0eef-3495660d438f,2026-04-10,null,2026-04-10 22:56:02.195967+00
c2852c20-e473-4ce6-ba8c-0e917e9c85ac,00000000-0000-0000-0000-000000000001,572c3a43-35ae-48cc-941e-77484386f1bd,apartment,5dda0b14-713b-46d0-a6ce-a7a33a2fb6f9,dd96a329-ec95-e96a-1348-69d976f39cd4,null,2026-04-10,null,2026-04-10 22:56:02.195967+00
d3aa0f58-dd13-4bc3-b6ea-a31dc1ac8ed8,00000000-0000-0000-0000-000000000001,2cbc8c56-879e-418c-84f7-cc6c53598d18,bed,5dda0b14-713b-46d0-a6ce-a7a33a2fb6f9,dd96a329-ec95-e96a-1348-69d976f39cd4,d2ad3fde-45b8-0cd9-8e17-31257bcd567e,2026-04-10,null,2026-04-10 22:56:02.195967+00
b170e7b3-2ff3-44b7-94dd-c6b439831c80,00000000-0000-0000-0000-000000000001,f43c6f19-35a1-4330-9869-01dc2d4d62ef,bed,5dda0b14-713b-46d0-a6ce-a7a33a2fb6f9,dd96a329-ec95-e96a-1348-69d976f39cd4,5dd54516-df42-d086-0eef-3495660d438f,2026-04-10,null,2026-04-10 22:56:02.195967+00
d653d0d9-d009-4273-910f-e0d70c65db97,00000000-0000-0000-0000-000000000001,e92e0911-2a14-4376-96d4-eb0939d1c18b,bed,5dda0b14-713b-46d0-a6ce-a7a33a2fb6f9,dd96a329-ec95-e96a-1348-69d976f39cd4,cd504af3-aa51-0793-c3fc-fb030590ae09,2026-04-10,null,2026-04-10 22:56:02.195967+00
0503651b-5ef3-4ae4-b984-3d8485e48109,00000000-0000-0000-0000-000000000001,09879342-a1db-48db-978f-abdd5471611d,apartment,5dda0b14-713b-46d0-a6ce-a7a33a2fb6f9,dd96a329-ec95-e96a-1348-69d976f39cd4,null,2026-04-10,null,2026-04-10 22:56:02.195967+00
44be6d1f-1df9-439d-ae29-3ddbe38cac6b,00000000-0000-0000-0000-000000000001,bc2f294f-639a-4bb0-bbde-786be27e2db5,bed,5dda0b14-713b-46d0-a6ce-a7a33a2fb6f9,dd96a329-ec95-e96a-1348-69d976f39cd4,d2ad3fde-45b8-0cd9-8e17-31257bcd567e,2026-04-10,null,2026-04-10 22:56:02.195967+00
6da23862-eca8-4467-b4ed-87cce96a2d44,00000000-0000-0000-0000-000000000001,914243dc-161a-454e-8327-a9ec33a6bf5e,bed,5dda0b14-713b-46d0-a6ce-a7a33a2fb6f9,dd96a329-ec95-e96a-1348-69d976f39cd4,5dd54516-df42-d086-0eef-3495660d438f,2026-04-10,null,2026-04-10 22:56:02.195967+00
643619d6-b9fb-496b-a8b2-ae01202216e6,00000000-0000-0000-0000-000000000001,efb6f6fe-4ef8-43fa-b97d-e727a530d3d3,apartment,5dda0b14-713b-46d0-a6ce-a7a33a2fb6f9,dd96a329-ec95-e96a-1348-69d976f39cd4,null,2026-04-10,null,2026-04-10 22:56:02.195967+00
060d58d9-411b-4c74-9867-71211fe2a4a1,00000000-0000-0000-0000-000000000001,0fc562f2-e95a-4e0c-90a7-834536072790,bed,5dda0b14-713b-46d0-a6ce-a7a33a2fb6f9,dd96a329-ec95-e96a-1348-69d976f39cd4,cd504af3-aa51-0793-c3fc-fb030590ae09,2026-04-10,null,2026-04-10 22:56:02.195967+00
174fad99-5000-409f-b2c9-c1d8bd26876c,00000000-0000-0000-0000-000000000001,bec807b0-91b1-40ad-aa5e-453ff501ff28,bed,5dda0b14-713b-46d0-a6ce-a7a33a2fb6f9,dd96a329-ec95-e96a-1348-69d976f39cd4,d2ad3fde-45b8-0cd9-8e17-31257bcd567e,2026-04-10,null,2026-04-10 22:56:02.195967+00
e7c5a674-a6c5-429a-993d-bd2c22f18da1,00000000-0000-0000-0000-000000000001,93d3cb57-9f50-496b-97cf-c833cc05c66c,bed,5dda0b14-713b-46d0-a6ce-a7a33a2fb6f9,dd96a329-ec95-e96a-1348-69d976f39cd4,5dd54516-df42-d086-0eef-3495660d438f,2026-04-10,null,2026-04-10 22:56:02.195967+00
f6f61d5d-e335-4822-92ca-4abf1db26819,00000000-0000-0000-0000-000000000001,65502072-1cb3-47a3-81cb-3d58cef6db9a,bed,5dda0b14-713b-46d0-a6ce-a7a33a2fb6f9,dd96a329-ec95-e96a-1348-69d976f39cd4,421647d1-fa0d-7e8e-af7d-fa5dcd4ebe7b,2026-04-10,null,2026-04-10 22:56:02.195967+00
74fdf111-7135-43db-88a0-f17da6581b46,00000000-0000-0000-0000-000000000001,40159b54-d740-4443-98b1-737d4dbf853e,bed,5dda0b14-713b-46d0-a6ce-a7a33a2fb6f9,dd96a329-ec95-e96a-1348-69d976f39cd4,f64ad55d-d5e9-6b9e-9676-efeb66d20201,2026-04-10,null,2026-04-10 22:56:02.195967+00
594b14c5-e18f-4cec-b061-6b562b61e121,00000000-0000-0000-0000-000000000001,7a14979e-6e89-4006-9aa2-8705a2f07dfe,apartment,5dda0b14-713b-46d0-a6ce-a7a33a2fb6f9,dd96a329-ec95-e96a-1348-69d976f39cd4,null,2026-04-10,null,2026-04-10 22:56:02.195967+00
5a0863a3-1689-446d-a182-a87ded2f18f7,00000000-0000-0000-0000-000000000001,f0abbc27-ea3c-4be7-90a2-2950b3d8bc46,bed,5dda0b14-713b-46d0-a6ce-a7a33a2fb6f9,dd96a329-ec95-e96a-1348-69d976f39cd4,cd504af3-aa51-0793-c3fc-fb030590ae09,2026-04-10,null,2026-04-10 22:56:02.195967+00
dc2b2489-9be6-48c8-870b-daf039aff957,00000000-0000-0000-0000-000000000001,aef6ff0b-736b-4e8b-b44f-7f28ebd311bc,bed,5dda0b14-713b-46d0-a6ce-a7a33a2fb6f9,dd96a329-ec95-e96a-1348-69d976f39cd4,d2ad3fde-45b8-0cd9-8e17-31257bcd567e,2026-04-10,null,2026-04-10 22:56:02.195967+00
b83ef359-f8a1-4d38-9eac-d9ad555500b8,00000000-0000-0000-0000-000000000001,514b3a8d-978b-419b-8ac7-350d2fe503d6,bed,5dda0b14-713b-46d0-a6ce-a7a33a2fb6f9,dd96a329-ec95-e96a-1348-69d976f39cd4,5dd54516-df42-d086-0eef-3495660d438f,2026-04-10,null,2026-04-10 22:56:02.195967+00
7a454352-8a48-49d5-9d3d-e16b92dd3cc2,00000000-0000-0000-0000-000000000001,cbd90fe2-a79c-4d75-b355-5e85441e7352,bed,5dda0b14-713b-46d0-a6ce-a7a33a2fb6f9,dd96a329-ec95-e96a-1348-69d976f39cd4,421647d1-fa0d-7e8e-af7d-fa5dcd4ebe7b,2026-04-10,null,2026-04-10 22:56:02.195967+00
74d7ced8-6586-4e6f-9482-8970c0b17867,00000000-0000-0000-0000-000000000001,4f576513-fd80-459e-b380-4a5a8b31ab0b,bed,5dda0b14-713b-46d0-a6ce-a7a33a2fb6f9,dd96a329-ec95-e96a-1348-69d976f39cd4,f64ad55d-d5e9-6b9e-9676-efeb66d20201,2026-04-10,null,2026-04-10 22:56:02.195967+00
864ca5df-2526-4865-9f34-e16b7b1ac1c6,00000000-0000-0000-0000-000000000001,892dee30-f709-4a03-84bf-21b682baa295,apartment,5dda0b14-713b-46d0-a6ce-a7a33a2fb6f9,dd96a329-ec95-e96a-1348-69d976f39cd4,null,2026-04-10,null,2026-04-10 22:56:02.195967+00
d7b7c6c9-de56-458e-97d4-fdb979a1516d,00000000-0000-0000-0000-000000000001,13f744d4-6712-4f57-a2c0-e01be5ff7e0a,apartment,5dda0b14-713b-46d0-a6ce-a7a33a2fb6f9,dd96a329-ec95-e96a-1348-69d976f39cd4,null,2026-04-10,null,2026-04-10 22:56:02.195967+00
a555c136-7c04-409f-8f6b-783006723dbe,00000000-0000-0000-0000-000000000001,6eb2d076-e348-4bfc-856d-86723e94ab90,bed,5dda0b14-713b-46d0-a6ce-a7a33a2fb6f9,dd96a329-ec95-e96a-1348-69d976f39cd4,cd504af3-aa51-0793-c3fc-fb030590ae09,2026-04-10,null,2026-04-10 22:56:02.195967+00
2fc53718-8719-40ff-9e4a-0f232cdabdb8,00000000-0000-0000-0000-000000000001,c3e4cf3b-765c-4e09-8c22-383bff808a3b,bed,5dda0b14-713b-46d0-a6ce-a7a33a2fb6f9,dd96a329-ec95-e96a-1348-69d976f39cd4,d2ad3fde-45b8-0cd9-8e17-31257bcd567e,2026-04-10,null,2026-04-10 22:56:02.195967+00
85ebec77-cb72-47d5-9888-135341a88a3e,00000000-0000-0000-0000-000000000001,c3e4cf3b-765c-4e09-8c22-383bff808a3b,bed,5dda0b14-713b-46d0-a6ce-a7a33a2fb6f9,dd96a329-ec95-e96a-1348-69d976f39cd4,5dd54516-df42-d086-0eef-3495660d438f,2026-04-10,null,2026-04-10 22:56:02.195967+00
950074ec-3167-42e4-8d34-3c94374a7e85,00000000-0000-0000-0000-000000000001,ab789334-fbcd-43c7-bee0-ff6a046cfaab,bed,5dda0b14-713b-46d0-a6ce-a7a33a2fb6f9,dd96a329-ec95-e96a-1348-69d976f39cd4,421647d1-fa0d-7e8e-af7d-fa5dcd4ebe7b,2026-04-10,null,2026-04-10 22:56:02.195967+00
482416ec-e22d-4c49-a358-6ea4a04b62de,00000000-0000-0000-0000-000000000001,ab789334-fbcd-43c7-bee0-ff6a046cfaab,bed,5dda0b14-713b-46d0-a6ce-a7a33a2fb6f9,dd96a329-ec95-e96a-1348-69d976f39cd4,f64ad55d-d5e9-6b9e-9676-efeb66d20201,2026-04-10,null,2026-04-10 22:56:02.195967+00
584958a9-fd8b-42a8-a4a8-bda71b1ca069,00000000-0000-0000-0000-000000000001,3572c37b-84df-4271-8325-05cc2691c152,apartment,5dda0b14-713b-46d0-a6ce-a7a33a2fb6f9,dd96a329-ec95-e96a-1348-69d976f39cd4,null,2026-04-10,null,2026-04-10 22:56:02.195967+00
7f156a2a-f9d6-411d-9d0b-a8a50e8d229a,00000000-0000-0000-0000-000000000001,65682bd2-39f7-48df-9dcf-132d8853120d,bed,5dda0b14-713b-46d0-a6ce-a7a33a2fb6f9,dd96a329-ec95-e96a-1348-69d976f39cd4,cd504af3-aa51-0793-c3fc-fb030590ae09,2026-04-10,null,2026-04-10 22:56:02.195967+00
be98753b-53be-461e-b2ae-78c27ea635d3,00000000-0000-0000-0000-000000000001,919dced2-653d-444b-8daf-a7fb0866f7ac,bed,5dda0b14-713b-46d0-a6ce-a7a33a2fb6f9,dd96a329-ec95-e96a-1348-69d976f39cd4,d2ad3fde-45b8-0cd9-8e17-31257bcd567e,2026-04-10,null,2026-04-10 22:56:02.195967+00
8746558f-4acb-44f5-9374-922fc3dceed8,00000000-0000-0000-0000-000000000001,e31d55e4-28cb-4c42-ba0c-a04cdea1d579,bed,5dda0b14-713b-46d0-a6ce-a7a33a2fb6f9,dd96a329-ec95-e96a-1348-69d976f39cd4,5dd54516-df42-d086-0eef-3495660d438f,2026-04-10,null,2026-04-10 22:56:02.195967+00
8c6f8d61-3b9d-4fc9-ad26-4f3fa70134e4,00000000-0000-0000-0000-000000000001,aafc5fd6-f6ce-40c7-b8a3-12ada933af97,bed,5dda0b14-713b-46d0-a6ce-a7a33a2fb6f9,dd96a329-ec95-e96a-1348-69d976f39cd4,5dd54516-df42-d086-0eef-3495660d438f,2026-04-10,null,2026-04-10 22:56:02.195967+00
29a27398-9ddc-4fe7-bb66-7ad4e2f0707b,00000000-0000-0000-0000-000000000001,f1d60ec1-4a13-41fa-8c6b-945fd688704c,apartment,5dda0b14-713b-46d0-a6ce-a7a33a2fb6f9,dd96a329-ec95-e96a-1348-69d976f39cd4,null,2026-04-10,null,2026-04-10 22:56:02.195967+00
2030bca2-e9f0-46ef-9c1a-9786c5dd65cc,00000000-0000-0000-0000-000000000001,7a121576-386c-40dd-8a6d-a3120902a359,apartment,5dda0b14-713b-46d0-a6ce-a7a33a2fb6f9,dd96a329-ec95-e96a-1348-69d976f39cd4,null,2026-04-10,null,2026-04-10 22:56:02.195967+00
e72ed515-28c9-44b3-ab03-524c083c9b2a,00000000-0000-0000-0000-000000000001,cd87be66-49d2-4f84-830c-e18828702451,apartment,5dda0b14-713b-46d0-a6ce-a7a33a2fb6f9,dd96a329-ec95-e96a-1348-69d976f39cd4,null,2026-04-10,null,2026-04-10 22:56:02.195967+00
bfb3247d-01aa-48a8-a816-6682bac0ba4a,00000000-0000-0000-0000-000000000001,8c06c598-304e-4add-a866-f3c6912f89fa,apartment,5dda0b14-713b-46d0-a6ce-a7a33a2fb6f9,dd96a329-ec95-e96a-1348-69d976f39cd4,null,2026-04-10,null,2026-04-10 22:56:02.195967+00
fe6eee66-6ee8-43e2-9d52-841e0d7eb49b,00000000-0000-0000-0000-000000000001,6eeaf23d-9860-46ec-a658-4c78ff614c12,apartment,5dda0b14-713b-46d0-a6ce-a7a33a2fb6f9,dd96a329-ec95-e96a-1348-69d976f39cd4,null,2025-02-28,null,2026-04-10 22:56:02.195967+00
108c197e-0d28-424e-9dc2-c63f74365572,00000000-0000-0000-0000-000000000001,ae8902c3-6b75-4c00-85ee-d7c61b87ae5c,apartment,5dda0b14-713b-46d0-a6ce-a7a33a2fb6f9,dd96a329-ec95-e96a-1348-69d976f39cd4,null,2026-04-10,null,2026-04-10 22:56:02.195967+00
11f8e78b-c976-479b-bc50-2bc1c8477f8c,00000000-0000-0000-0000-000000000001,6a487155-d829-44f7-bef8-f8b8350b4d29,apartment,5dda0b14-713b-46d0-a6ce-a7a33a2fb6f9,dd96a329-ec95-e96a-1348-69d976f39cd4,null,2026-04-10,null,2026-04-10 22:56:02.195967+00
16ebd48a-989a-400b-8a94-b9813f2810fc,00000000-0000-0000-0000-000000000001,b3881b60-e84d-451a-894f-e6311baff77e,bed,5dda0b14-713b-46d0-a6ce-a7a33a2fb6f9,dd96a329-ec95-e96a-1348-69d976f39cd4,cd504af3-aa51-0793-c3fc-fb030590ae09,2026-04-10,null,2026-04-10 22:56:02.195967+00
c5bf64a6-c11d-42f7-9fd6-5b0b3195cefb,00000000-0000-0000-0000-000000000001,345049ae-57ed-4eb2-8fe8-964599ba369a,apartment,5dda0b14-713b-46d0-a6ce-a7a33a2fb6f9,dd96a329-ec95-e96a-1348-69d976f39cd4,null,2026-04-10,null,2026-04-10 22:56:02.195967+00
07280f53-ef06-4a91-8902-3bcf98b1ed55,00000000-0000-0000-0000-000000000001,2db5cc24-d582-4257-b6f3-ab807f928e19,bed,5dda0b14-713b-46d0-a6ce-a7a33a2fb6f9,dd96a329-ec95-e96a-1348-69d976f39cd4,d2ad3fde-45b8-0cd9-8e17-31257bcd567e,2026-04-10,null,2026-04-10 22:56:02.195967+00
9ae67a25-be5c-4f51-9dda-d75cb09a1808,00000000-0000-0000-0000-000000000001,2db5cc24-d582-4257-b6f3-ab807f928e19,bed,5dda0b14-713b-46d0-a6ce-a7a33a2fb6f9,dd96a329-ec95-e96a-1348-69d976f39cd4,5dd54516-df42-d086-0eef-3495660d438f,2026-04-10,null,2026-04-10 22:56:02.195967+00
d60c7862-ba26-4c1e-811b-6d1a1ef7c493,00000000-0000-0000-0000-000000000001,2db5cc24-d582-4257-b6f3-ab807f928e19,apartment,5dda0b14-713b-46d0-a6ce-a7a33a2fb6f9,dd96a329-ec95-e96a-1348-69d976f39cd4,null,2026-04-10,null,2026-04-10 22:56:02.195967+00
826127b6-4843-44f8-9cd0-5761583c88a6,00000000-0000-0000-0000-000000000001,1ce7ec08-c4c1-4075-8392-4d98bbe5c2b6,apartment,5dda0b14-713b-46d0-a6ce-a7a33a2fb6f9,dd96a329-ec95-e96a-1348-69d976f39cd4,null,2026-04-10,null,2026-04-10 22:56:02.195967+00
6ee63792-815c-403b-a74e-8bf9d560407b,00000000-0000-0000-0000-000000000001,84578b9d-7435-4590-96ec-0a9601f487b6,apartment,5dda0b14-713b-46d0-a6ce-a7a33a2fb6f9,dd96a329-ec95-e96a-1348-69d976f39cd4,null,2026-04-10,null,2026-04-10 22:56:02.195967+00
a9e046d2-7879-468a-bd20-ef3bda300de3,00000000-0000-0000-0000-000000000001,ccdb51f8-1109-42a6-9f33-98cf8ffa5176,apartment,5dda0b14-713b-46d0-a6ce-a7a33a2fb6f9,dd96a329-ec95-e96a-1348-69d976f39cd4,null,2026-04-10,null,2026-04-10 22:56:02.195967+00
3bbe89d1-0905-4fd4-8def-72c2ce080e64,00000000-0000-0000-0000-000000000001,9a3018d6-bbfc-4e5c-ac01-173ec34fc8b3,bed,5dda0b14-713b-46d0-a6ce-a7a33a2fb6f9,dd96a329-ec95-e96a-1348-69d976f39cd4,d2ad3fde-45b8-0cd9-8e17-31257bcd567e,2026-04-10,null,2026-04-10 22:56:02.195967+00
041bb4d7-046d-43b3-9921-15c85c4af1b8,00000000-0000-0000-0000-000000000001,9a3018d6-bbfc-4e5c-ac01-173ec34fc8b3,bed,5dda0b14-713b-46d0-a6ce-a7a33a2fb6f9,dd96a329-ec95-e96a-1348-69d976f39cd4,5dd54516-df42-d086-0eef-3495660d438f,2026-04-10,null,2026-04-10 22:56:02.195967+00
1a81da1e-ffc1-417d-9d81-863f5e19f32d,00000000-0000-0000-0000-000000000001,9a3018d6-bbfc-4e5c-ac01-173ec34fc8b3,apartment,5dda0b14-713b-46d0-a6ce-a7a33a2fb6f9,dd96a329-ec95-e96a-1348-69d976f39cd4,null,2026-04-10,null,2026-04-10 22:56:02.195967+00
e48a4aa2-0992-4b78-9651-29782c622162,00000000-0000-0000-0000-000000000001,e737446b-4264-4572-b757-9302d5b7ce8f,apartment,5dda0b14-713b-46d0-a6ce-a7a33a2fb6f9,dd96a329-ec95-e96a-1348-69d976f39cd4,null,2026-04-10,null,2026-04-10 22:56:02.195967+00
1370d3cc-3754-49d8-a79b-b5119970acdc,00000000-0000-0000-0000-000000000001,196155a4-0a58-41ee-a6d9-d66ad917c414,bed,5dda0b14-713b-46d0-a6ce-a7a33a2fb6f9,dd96a329-ec95-e96a-1348-69d976f39cd4,cd504af3-aa51-0793-c3fc-fb030590ae09,2026-04-10,null,2026-04-10 22:56:02.195967+00
e9341995-eac7-494e-94d4-29105dd7d42c,00000000-0000-0000-0000-000000000001,196155a4-0a58-41ee-a6d9-d66ad917c414,bed,5dda0b14-713b-46d0-a6ce-a7a33a2fb6f9,dd96a329-ec95-e96a-1348-69d976f39cd4,421647d1-fa0d-7e8e-af7d-fa5dcd4ebe7b,2026-04-10,null,2026-04-10 22:56:02.195967+00
46b3946d-56ce-4b7c-8955-8e16aadc49e7,00000000-0000-0000-0000-000000000001,196155a4-0a58-41ee-a6d9-d66ad917c414,bed,5dda0b14-713b-46d0-a6ce-a7a33a2fb6f9,dd96a329-ec95-e96a-1348-69d976f39cd4,f64ad55d-d5e9-6b9e-9676-efeb66d20201,2026-04-10,null,2026-04-10 22:56:02.195967+00
551e9107-2283-4aab-85a6-bb724f627490,00000000-0000-0000-0000-000000000001,43b14e12-c149-42ca-882a-0a8f9fe53c9b,bed,5dda0b14-713b-46d0-a6ce-a7a33a2fb6f9,77c3a6fd-4651-d880-29aa-abd19c8324df,2564984d-d7f3-5161-99d4-3d648f77f03e,2026-04-10,null,2026-04-10 22:56:02.195967+00
38964667-42f8-4044-8990-4c334b087737,00000000-0000-0000-0000-000000000001,148cd99b-63d7-4fc0-aa54-6c1021e94b51,bed,5dda0b14-713b-46d0-a6ce-a7a33a2fb6f9,77c3a6fd-4651-d880-29aa-abd19c8324df,58b51b21-f4aa-b4ea-0947-8ff74e4562a7,2026-04-10,null,2026-04-10 22:56:02.195967+00
9a5325e4-14a5-4834-9f46-bd00a2590987,00000000-0000-0000-0000-000000000001,148cd99b-63d7-4fc0-aa54-6c1021e94b51,bed,5dda0b14-713b-46d0-a6ce-a7a33a2fb6f9,77c3a6fd-4651-d880-29aa-abd19c8324df,1bb2080e-607b-e17c-487b-3fc55b233158,2026-04-10,null,2026-04-10 22:56:02.195967+00
2b9fed51-690f-4016-8466-aef74bca2f5f,00000000-0000-0000-0000-000000000001,3efce5d2-b6c1-424a-9491-52000cca55c5,bed,5dda0b14-713b-46d0-a6ce-a7a33a2fb6f9,77c3a6fd-4651-d880-29aa-abd19c8324df,77dab2f4-7c09-59d1-5a0a-8473cdf46d8d,2026-04-10,null,2026-04-10 22:56:02.195967+00
94ad1a14-8b33-43fc-8329-374146567acd,00000000-0000-0000-0000-000000000001,3efce5d2-b6c1-424a-9491-52000cca55c5,bed,5dda0b14-713b-46d0-a6ce-a7a33a2fb6f9,77c3a6fd-4651-d880-29aa-abd19c8324df,98fd7f93-0ba0-1cf1-aa22-36fa6d3816ed,2026-04-10,null,2026-04-10 22:56:02.195967+00
54001d09-9409-4777-ac63-630c8a6fba1a,00000000-0000-0000-0000-000000000001,1ecc31a0-bd06-47cd-97d6-08a6fc66b684,bed,5dda0b14-713b-46d0-a6ce-a7a33a2fb6f9,77c3a6fd-4651-d880-29aa-abd19c8324df,2ac95711-7b8e-8315-eae3-c0ad2ace7ade,2026-04-10,null,2026-04-10 22:56:02.195967+00
b1a3be5a-1c9b-459e-aa1a-bbe558276969,00000000-0000-0000-0000-000000000001,1ecc31a0-bd06-47cd-97d6-08a6fc66b684,apartment,5dda0b14-713b-46d0-a6ce-a7a33a2fb6f9,77c3a6fd-4651-d880-29aa-abd19c8324df,null,2026-04-10,null,2026-04-10 22:56:02.195967+00
be64481e-03fd-40d4-9844-adf44e5ba01e,00000000-0000-0000-0000-000000000001,a53399f5-fdc0-4ae8-bb05-31ca8ec2c8b5,bed,5dda0b14-713b-46d0-a6ce-a7a33a2fb6f9,77c3a6fd-4651-d880-29aa-abd19c8324df,77dab2f4-7c09-59d1-5a0a-8473cdf46d8d,2026-04-10,null,2026-04-10 22:56:02.195967+00
a17fe960-b272-477b-88b5-87f5a3119d7f,00000000-0000-0000-0000-000000000001,9a0db726-841c-4e57-aee3-e6a3ce285e7f,bed,5dda0b14-713b-46d0-a6ce-a7a33a2fb6f9,77c3a6fd-4651-d880-29aa-abd19c8324df,98fd7f93-0ba0-1cf1-aa22-36fa6d3816ed,2026-04-10,null,2026-04-10 22:56:02.195967+00
c10200c4-1385-41e0-b3fe-9db6c3a05cef,00000000-0000-0000-0000-000000000001,a8f9d6fa-007e-4443-bb75-eb95b82164c4,bed,5dda0b14-713b-46d0-a6ce-a7a33a2fb6f9,77c3a6fd-4651-d880-29aa-abd19c8324df,2564984d-d7f3-5161-99d4-3d648f77f03e,2026-04-10,null,2026-04-10 22:56:02.195967+00
a3f9128c-6822-4623-8214-b4fc65652703,00000000-0000-0000-0000-000000000001,17ef7273-5605-4694-8966-2f2c9d4f0cc2,apartment,5dda0b14-713b-46d0-a6ce-a7a33a2fb6f9,77c3a6fd-4651-d880-29aa-abd19c8324df,null,2026-04-10,null,2026-04-10 22:56:02.195967+00
5d8742fb-9335-4616-9b26-8272cc0195cd,00000000-0000-0000-0000-000000000001,ec23b8d3-2e50-448d-9bfa-60c8c9b12cc1,apartment,5dda0b14-713b-46d0-a6ce-a7a33a2fb6f9,77c3a6fd-4651-d880-29aa-abd19c8324df,null,2026-04-10,null,2026-04-10 22:56:02.195967+00
278597d2-1605-4722-91db-21e269fc6ec1,00000000-0000-0000-0000-000000000001,e45ce855-936a-47d3-9e0b-a0f80a259de2,apartment,5dda0b14-713b-46d0-a6ce-a7a33a2fb6f9,77c3a6fd-4651-d880-29aa-abd19c8324df,null,2026-04-10,null,2026-04-10 22:56:02.195967+00
c6f3bf07-8ee0-468b-8208-18bdc74acb11,00000000-0000-0000-0000-000000000001,555e98eb-4fe6-4459-8cc7-46924f281dfb,bed,5dda0b14-713b-46d0-a6ce-a7a33a2fb6f9,77c3a6fd-4651-d880-29aa-abd19c8324df,2564984d-d7f3-5161-99d4-3d648f77f03e,2026-04-10,null,2026-04-10 22:56:02.195967+00
81e77139-1013-4872-b44c-e69d7af0bc2f,00000000-0000-0000-0000-000000000001,9377cbcd-3030-473f-9941-519310a1135b,bed,5dda0b14-713b-46d0-a6ce-a7a33a2fb6f9,77c3a6fd-4651-d880-29aa-abd19c8324df,58b51b21-f4aa-b4ea-0947-8ff74e4562a7,2026-04-10,null,2026-04-10 22:56:02.195967+00
76ac818b-aad3-4309-849f-a6cc166ca830,00000000-0000-0000-0000-000000000001,b8003346-054d-49d1-998a-cceab6a75b5c,bed,5dda0b14-713b-46d0-a6ce-a7a33a2fb6f9,77c3a6fd-4651-d880-29aa-abd19c8324df,1bb2080e-607b-e17c-487b-3fc55b233158,2026-04-10,null,2026-04-10 22:56:02.195967+00
410f8ae8-9623-4e24-8880-985ee1a392ec,00000000-0000-0000-0000-000000000001,dc0331d7-c01e-4d7f-b191-15466d6712c9,bed,5dda0b14-713b-46d0-a6ce-a7a33a2fb6f9,77c3a6fd-4651-d880-29aa-abd19c8324df,77dab2f4-7c09-59d1-5a0a-8473cdf46d8d,2026-04-10,null,2026-04-10 22:56:02.195967+00
0a632635-3bed-43d1-8ce3-13729fb42b58,00000000-0000-0000-0000-000000000001,9910bc27-1a6f-49c9-a206-e6808ed16bf9,bed,5dda0b14-713b-46d0-a6ce-a7a33a2fb6f9,77c3a6fd-4651-d880-29aa-abd19c8324df,98fd7f93-0ba0-1cf1-aa22-36fa6d3816ed,2026-04-10,null,2026-04-10 22:56:02.195967+00
8520c06f-4ad6-4107-a492-ac2d6ca48711,00000000-0000-0000-0000-000000000001,e45c57d4-7bcc-4157-b4da-f1cfca9bdb11,apartment,5dda0b14-713b-46d0-a6ce-a7a33a2fb6f9,77c3a6fd-4651-d880-29aa-abd19c8324df,null,2026-04-10,null,2026-04-10 22:56:02.195967+00
b09d3de0-d496-457e-96e4-63c67e7099f5,00000000-0000-0000-0000-000000000001,e7775685-4d86-4e71-aa8b-6f8f3b636f31,bed,5dda0b14-713b-46d0-a6ce-a7a33a2fb6f9,77c3a6fd-4651-d880-29aa-abd19c8324df,2564984d-d7f3-5161-99d4-3d648f77f03e,2026-04-10,null,2026-04-10 22:56:02.195967+00
9f5f195f-64e9-46a7-8ae6-c6850f2339ad,00000000-0000-0000-0000-000000000001,bfd47674-0655-4326-8234-0319500e761a,bed,5dda0b14-713b-46d0-a6ce-a7a33a2fb6f9,77c3a6fd-4651-d880-29aa-abd19c8324df,58b51b21-f4aa-b4ea-0947-8ff74e4562a7,2026-04-10,null,2026-04-10 22:56:02.195967+00
3a08132f-f37a-46dc-ac97-69da6efe5e60,00000000-0000-0000-0000-000000000001,6a331c7f-a514-44d4-bf08-fb9b25c19bce,bed,5dda0b14-713b-46d0-a6ce-a7a33a2fb6f9,77c3a6fd-4651-d880-29aa-abd19c8324df,1bb2080e-607b-e17c-487b-3fc55b233158,2026-04-10,null,2026-04-10 22:56:02.195967+00
a2c9276b-8537-4e91-bea7-7b13d5482aee,00000000-0000-0000-0000-000000000001,41a95851-1134-4c72-bb90-0facacd3adb9,bed,5dda0b14-713b-46d0-a6ce-a7a33a2fb6f9,77c3a6fd-4651-d880-29aa-abd19c8324df,77dab2f4-7c09-59d1-5a0a-8473cdf46d8d,2026-04-10,null,2026-04-10 22:56:02.195967+00
c58b7536-3cfe-491e-b42f-c10ac8f5adc2,00000000-0000-0000-0000-000000000001,36cd28b3-daf4-4769-8723-eb98b467824d,bed,5dda0b14-713b-46d0-a6ce-a7a33a2fb6f9,77c3a6fd-4651-d880-29aa-abd19c8324df,98fd7f93-0ba0-1cf1-aa22-36fa6d3816ed,2026-04-10,null,2026-04-10 22:56:02.195967+00
e4193555-0faa-4bd5-ac59-22a28211fc5e,00000000-0000-0000-0000-000000000001,b36523a5-7ea4-4615-a073-05c1871150f6,apartment,5dda0b14-713b-46d0-a6ce-a7a33a2fb6f9,77c3a6fd-4651-d880-29aa-abd19c8324df,null,2026-04-10,null,2026-04-10 22:56:02.195967+00
aaa737bc-f66a-4bcc-88b0-0698a1d801be,00000000-0000-0000-0000-000000000001,59edf16d-c907-4d05-b0ec-4c8ed8db16f0,apartment,5dda0b14-713b-46d0-a6ce-a7a33a2fb6f9,77c3a6fd-4651-d880-29aa-abd19c8324df,null,2026-04-10,null,2026-04-10 22:56:02.195967+00
9520523d-459e-46d7-95b9-da1fee935041,00000000-0000-0000-0000-000000000001,e25799f8-c46f-404b-bd82-90a48e674059,bed,5dda0b14-713b-46d0-a6ce-a7a33a2fb6f9,77c3a6fd-4651-d880-29aa-abd19c8324df,2564984d-d7f3-5161-99d4-3d648f77f03e,2026-04-10,null,2026-04-10 22:56:02.195967+00
2f402988-6675-4029-9709-aa966fe194e4,00000000-0000-0000-0000-000000000001,0f1b6df8-4efc-496f-8a5d-410cc10e3899,bed,5dda0b14-713b-46d0-a6ce-a7a33a2fb6f9,77c3a6fd-4651-d880-29aa-abd19c8324df,58b51b21-f4aa-b4ea-0947-8ff74e4562a7,2026-04-10,null,2026-04-10 22:56:02.195967+00
84d83296-3276-4da7-b6fa-26bff63bf6c6,00000000-0000-0000-0000-000000000001,0f1b6df8-4efc-496f-8a5d-410cc10e3899,bed,5dda0b14-713b-46d0-a6ce-a7a33a2fb6f9,77c3a6fd-4651-d880-29aa-abd19c8324df,1bb2080e-607b-e17c-487b-3fc55b233158,2026-04-10,null,2026-04-10 22:56:02.195967+00
1ef68a71-4747-45d6-b5d4-2009a8f1af4f,00000000-0000-0000-0000-000000000001,cb8dc609-29e7-4b74-a6c8-c0bfcd19e6e4,bed,5dda0b14-713b-46d0-a6ce-a7a33a2fb6f9,77c3a6fd-4651-d880-29aa-abd19c8324df,77dab2f4-7c09-59d1-5a0a-8473cdf46d8d,2026-04-10,null,2026-04-10 22:56:02.195967+00
c27381ab-4d26-4cfd-b08e-a0761a3d27c1,00000000-0000-0000-0000-000000000001,cb8dc609-29e7-4b74-a6c8-c0bfcd19e6e4,bed,5dda0b14-713b-46d0-a6ce-a7a33a2fb6f9,77c3a6fd-4651-d880-29aa-abd19c8324df,98fd7f93-0ba0-1cf1-aa22-36fa6d3816ed,2026-04-10,null,2026-04-10 22:56:02.195967+00
a61eaf46-9701-48e5-8cec-b4274aa2e5ef,00000000-0000-0000-0000-000000000001,b9a701c4-e0fd-49c9-aa3a-14ff9e9e30be,bed,5dda0b14-713b-46d0-a6ce-a7a33a2fb6f9,77c3a6fd-4651-d880-29aa-abd19c8324df,2ac95711-7b8e-8315-eae3-c0ad2ace7ade,2026-04-10,null,2026-04-10 22:56:02.195967+00
c407a932-97a6-49c6-8a39-e8b12fa49c74,00000000-0000-0000-0000-000000000001,b9a701c4-e0fd-49c9-aa3a-14ff9e9e30be,apartment,5dda0b14-713b-46d0-a6ce-a7a33a2fb6f9,77c3a6fd-4651-d880-29aa-abd19c8324df,null,2026-04-10,null,2026-04-10 22:56:02.195967+00
4a2e3f5e-bac4-4f89-a47b-e5aaece0fb36,00000000-0000-0000-0000-000000000001,988103cb-7e0e-46c5-863f-d8164f6cb4fe,apartment,5dda0b14-713b-46d0-a6ce-a7a33a2fb6f9,77c3a6fd-4651-d880-29aa-abd19c8324df,null,2026-04-10,null,2026-04-10 22:56:02.195967+00
d1e32b44-7c10-46f9-8894-86bf29318bee,00000000-0000-0000-0000-000000000001,04135367-b275-454d-b38a-1bbedca32a4a,bed,5dda0b14-713b-46d0-a6ce-a7a33a2fb6f9,77c3a6fd-4651-d880-29aa-abd19c8324df,2564984d-d7f3-5161-99d4-3d648f77f03e,2026-04-10,null,2026-04-10 22:56:02.195967+00
41a05fc0-2791-47fc-ae40-c8a1a2ce378c,00000000-0000-0000-0000-000000000001,5505a05c-6638-4437-b92d-d84df6474416,bed,5dda0b14-713b-46d0-a6ce-a7a33a2fb6f9,77c3a6fd-4651-d880-29aa-abd19c8324df,58b51b21-f4aa-b4ea-0947-8ff74e4562a7,2026-04-10,null,2026-04-10 22:56:02.195967+00
362f4614-2b28-4555-bd92-f6aa8ea34790,00000000-0000-0000-0000-000000000001,7e2cab63-2cac-4d15-828e-4e661c420c75,bed,5dda0b14-713b-46d0-a6ce-a7a33a2fb6f9,77c3a6fd-4651-d880-29aa-abd19c8324df,1bb2080e-607b-e17c-487b-3fc55b233158,2026-04-10,null,2026-04-10 22:56:02.195967+00
855064be-7ed9-4fe6-9f2d-aaba6767a5d1,00000000-0000-0000-0000-000000000001,7671150a-76ca-4bb2-ac05-7d2cdd9d5529,bed,5dda0b14-713b-46d0-a6ce-a7a33a2fb6f9,77c3a6fd-4651-d880-29aa-abd19c8324df,77dab2f4-7c09-59d1-5a0a-8473cdf46d8d,2026-04-10,null,2026-04-10 22:56:02.195967+00
b56c59b5-da8c-4acf-983f-3eeb458fc238,00000000-0000-0000-0000-000000000001,4b7898bc-ca42-42e3-95a1-e0dcc173421c,bed,5dda0b14-713b-46d0-a6ce-a7a33a2fb6f9,77c3a6fd-4651-d880-29aa-abd19c8324df,98fd7f93-0ba0-1cf1-aa22-36fa6d3816ed,2026-04-10,null,2026-04-10 22:56:02.195967+00
e4123128-1b23-4d65-baec-2f729566100a,00000000-0000-0000-0000-000000000001,1e4ef57c-120d-4cdc-a787-174ef516eda4,apartment,5dda0b14-713b-46d0-a6ce-a7a33a2fb6f9,77c3a6fd-4651-d880-29aa-abd19c8324df,null,2026-04-10,null,2026-04-10 22:56:02.195967+00
a0cd1b33-4ca8-4ddf-bd14-0823dfea6b9a,00000000-0000-0000-0000-000000000001,ee5277cb-c0b4-4d6c-9594-89021f5d24b3,apartment,5dda0b14-713b-46d0-a6ce-a7a33a2fb6f9,77c3a6fd-4651-d880-29aa-abd19c8324df,null,2026-04-10,null,2026-04-10 22:56:02.195967+00
c9f99d15-b09a-43f7-ba14-243212d9b62e,00000000-0000-0000-0000-000000000001,0990f861-fff8-4c6b-90fe-a2f9c149209a,apartment,5dda0b14-713b-46d0-a6ce-a7a33a2fb6f9,77c3a6fd-4651-d880-29aa-abd19c8324df,null,2026-04-10,null,2026-04-10 22:56:02.195967+00
818424af-b2ef-4a2b-b675-6537dc95c588,00000000-0000-0000-0000-000000000001,0dcfad8a-af37-4c71-8097-1d78e2f17a6f,apartment,5dda0b14-713b-46d0-a6ce-a7a33a2fb6f9,77c3a6fd-4651-d880-29aa-abd19c8324df,null,2026-04-10,null,2026-04-10 22:56:02.195967+00
4ccf104b-0da9-4069-844e-3f88d8f1e497,00000000-0000-0000-0000-000000000001,4a6d35a8-ee4e-4b3a-9863-0d061af78add,apartment,5dda0b14-713b-46d0-a6ce-a7a33a2fb6f9,77c3a6fd-4651-d880-29aa-abd19c8324df,null,2026-04-10,null,2026-04-10 22:56:02.195967+00
dbc347f6-10a2-458a-9dd5-8bb35b7a5243,00000000-0000-0000-0000-000000000001,aafed727-3968-4681-b810-2f70495453de,bed,5dda0b14-713b-46d0-a6ce-a7a33a2fb6f9,77c3a6fd-4651-d880-29aa-abd19c8324df,2564984d-d7f3-5161-99d4-3d648f77f03e,2026-04-10,null,2026-04-10 22:56:02.195967+00
d084a6cb-ff70-4473-9b7d-e1bbb00c763b,00000000-0000-0000-0000-000000000001,b6511f6c-5de9-4db1-8f0e-34cbbad800a0,apartment,5dda0b14-713b-46d0-a6ce-a7a33a2fb6f9,77c3a6fd-4651-d880-29aa-abd19c8324df,null,2026-04-10,null,2026-04-10 22:56:02.195967+00
3fe52699-5b72-45d7-a4e5-6b12722e0759,00000000-0000-0000-0000-000000000001,46f15565-1d96-4548-8dfe-29d81be97673,apartment,5dda0b14-713b-46d0-a6ce-a7a33a2fb6f9,77c3a6fd-4651-d880-29aa-abd19c8324df,null,2026-04-10,null,2026-04-10 22:56:02.195967+00
a9724703-aec5-4881-9074-99d1e10d0454,00000000-0000-0000-0000-000000000001,6bb4484a-8055-40b3-8309-ba92c7a3fb62,apartment,5dda0b14-713b-46d0-a6ce-a7a33a2fb6f9,77c3a6fd-4651-d880-29aa-abd19c8324df,null,2026-04-10,null,2026-04-10 22:56:02.195967+00
578c5bf4-2759-4efe-b2b4-5306d72cef88,00000000-0000-0000-0000-000000000001,cf06d5e3-31dc-4283-9596-9c8f19818ffd,apartment,5dda0b14-713b-46d0-a6ce-a7a33a2fb6f9,77c3a6fd-4651-d880-29aa-abd19c8324df,null,2026-04-10,null,2026-04-10 22:56:02.195967+00
699099d8-3f1a-4155-a0c5-0835d1108a95,00000000-0000-0000-0000-000000000001,a5b9df5f-a304-4e71-ae9a-3ffdf56c2ea3,bed,5dda0b14-713b-46d0-a6ce-a7a33a2fb6f9,77c3a6fd-4651-d880-29aa-abd19c8324df,58b51b21-f4aa-b4ea-0947-8ff74e4562a7,2026-04-10,null,2026-04-10 22:56:02.195967+00
9220993e-d94d-44dc-8cd8-54be75d3b1bd,00000000-0000-0000-0000-000000000001,a5b9df5f-a304-4e71-ae9a-3ffdf56c2ea3,bed,5dda0b14-713b-46d0-a6ce-a7a33a2fb6f9,77c3a6fd-4651-d880-29aa-abd19c8324df,1bb2080e-607b-e17c-487b-3fc55b233158,2026-04-10,null,2026-04-10 22:56:02.195967+00
b7b8a589-7081-4de6-bb34-3eb86440af9b,00000000-0000-0000-0000-000000000001,0063a3c4-a985-4ead-8949-3f0b87fcbed8,apartment,5dda0b14-713b-46d0-a6ce-a7a33a2fb6f9,77c3a6fd-4651-d880-29aa-abd19c8324df,null,2026-04-10,null,2026-04-10 22:56:02.195967+00
5b4e1344-ed37-4f38-b531-edd3de813095,00000000-0000-0000-0000-000000000001,cd86c5f0-efa9-4bfc-9ecb-7c3230173dcd,bed,5dda0b14-713b-46d0-a6ce-a7a33a2fb6f9,86ad1ceb-8d81-a926-d998-3a2f1cafba06,aa6faaa7-b2dc-3312-7b5d-91d48f1f2711,2026-04-10,null,2026-04-10 22:56:02.195967+00
60f8c3d1-4820-4473-85e6-821a889c69b2,00000000-0000-0000-0000-000000000001,cd86c5f0-efa9-4bfc-9ecb-7c3230173dcd,bed,5dda0b14-713b-46d0-a6ce-a7a33a2fb6f9,86ad1ceb-8d81-a926-d998-3a2f1cafba06,e7028e9f-6d8f-c1b2-9104-a6c79b6f1c44,2026-04-10,null,2026-04-10 22:56:02.195967+00
65890edb-89a4-4a23-96e3-06979620f506,00000000-0000-0000-0000-000000000001,cd86c5f0-efa9-4bfc-9ecb-7c3230173dcd,bed,5dda0b14-713b-46d0-a6ce-a7a33a2fb6f9,86ad1ceb-8d81-a926-d998-3a2f1cafba06,fd583622-d483-7a0e-b288-a9d0d1e0807a,2026-04-10,null,2026-04-10 22:56:02.195967+00
6973ba66-a1f8-4f21-9f09-8e6ff3e07c94,00000000-0000-0000-0000-000000000001,2f21f3cd-e827-48fe-83a5-396e23c7fef1,bed,5dda0b14-713b-46d0-a6ce-a7a33a2fb6f9,86ad1ceb-8d81-a926-d998-3a2f1cafba06,c46d93e3-a810-2d16-e3f0-d30f9a288817,2026-04-10,null,2026-04-10 22:56:02.195967+00
6d73d742-2466-4b1d-a7d5-c6e40042bd2a,00000000-0000-0000-0000-000000000001,2f21f3cd-e827-48fe-83a5-396e23c7fef1,bed,5dda0b14-713b-46d0-a6ce-a7a33a2fb6f9,86ad1ceb-8d81-a926-d998-3a2f1cafba06,0b5cde17-d9c1-1f3f-ebeb-c45493421ae0,2026-04-10,null,2026-04-10 22:56:02.195967+00
78002056-947b-4a05-8d9b-831e6518f419,00000000-0000-0000-0000-000000000001,70f0dbd0-04ba-448f-adc0-1808af4f9690,bed,5dda0b14-713b-46d0-a6ce-a7a33a2fb6f9,86ad1ceb-8d81-a926-d998-3a2f1cafba06,c46d93e3-a810-2d16-e3f0-d30f9a288817,2026-04-10,null,2026-04-10 22:56:02.195967+00
e5ce3b21-d09e-487d-8a1e-2329b0e0a327,00000000-0000-0000-0000-000000000001,d0c208a4-23de-42d4-b744-99aa96a732d4,bed,5dda0b14-713b-46d0-a6ce-a7a33a2fb6f9,86ad1ceb-8d81-a926-d998-3a2f1cafba06,0b5cde17-d9c1-1f3f-ebeb-c45493421ae0,2026-04-10,null,2026-04-10 22:56:02.195967+00
c2fa3617-9e15-4d38-ad59-278ae139765d,00000000-0000-0000-0000-000000000001,b7f34e92-c6d4-45ce-9438-a7ff2da6c086,bed,5dda0b14-713b-46d0-a6ce-a7a33a2fb6f9,86ad1ceb-8d81-a926-d998-3a2f1cafba06,aa6faaa7-b2dc-3312-7b5d-91d48f1f2711,2026-04-10,null,2026-04-10 22:56:02.195967+00
6fc57aac-b417-467e-bc29-4662a0b25f0c,00000000-0000-0000-0000-000000000001,b7f34e92-c6d4-45ce-9438-a7ff2da6c086,bed,5dda0b14-713b-46d0-a6ce-a7a33a2fb6f9,86ad1ceb-8d81-a926-d998-3a2f1cafba06,e7028e9f-6d8f-c1b2-9104-a6c79b6f1c44,2026-04-10,null,2026-04-10 22:56:02.195967+00
9715f1f6-b6ad-4ac6-82bf-cb5302aea86d,00000000-0000-0000-0000-000000000001,b7f34e92-c6d4-45ce-9438-a7ff2da6c086,bed,5dda0b14-713b-46d0-a6ce-a7a33a2fb6f9,86ad1ceb-8d81-a926-d998-3a2f1cafba06,fd583622-d483-7a0e-b288-a9d0d1e0807a,2026-04-10,null,2026-04-10 22:56:02.195967+00
1baf2d53-a827-4198-8ce5-ec430bb3cfdd,00000000-0000-0000-0000-000000000001,0b4235cb-f824-40f4-9749-9ee07bd8393a,apartment,5dda0b14-713b-46d0-a6ce-a7a33a2fb6f9,86ad1ceb-8d81-a926-d998-3a2f1cafba06,null,2026-04-10,null,2026-04-10 22:56:02.195967+00
073a855d-44aa-4c81-9fe1-9878d9119734,00000000-0000-0000-0000-000000000001,00e75d16-9d5c-4cc2-bc63-c5dfa0ac04ec,bed,5dda0b14-713b-46d0-a6ce-a7a33a2fb6f9,86ad1ceb-8d81-a926-d998-3a2f1cafba06,aa6faaa7-b2dc-3312-7b5d-91d48f1f2711,2026-04-10,null,2026-04-10 22:56:02.195967+00
15c0e127-cdfb-429e-8a70-b862d405104e,00000000-0000-0000-0000-000000000001,6b3b68b6-5ffd-4b66-8d71-535c6ec13110,bed,5dda0b14-713b-46d0-a6ce-a7a33a2fb6f9,86ad1ceb-8d81-a926-d998-3a2f1cafba06,e7028e9f-6d8f-c1b2-9104-a6c79b6f1c44,2026-04-10,null,2026-04-10 22:56:02.195967+00
b6c205fa-f02e-4660-8588-057db8d74ee7,00000000-0000-0000-0000-000000000001,acad55b2-f580-47ec-9ef1-5693687695ce,bed,5dda0b14-713b-46d0-a6ce-a7a33a2fb6f9,86ad1ceb-8d81-a926-d998-3a2f1cafba06,fd583622-d483-7a0e-b288-a9d0d1e0807a,2026-04-10,null,2026-04-10 22:56:02.195967+00
fab31a06-1fd4-4d7f-b30a-fa968c3e8f9c,00000000-0000-0000-0000-000000000001,f0fc3e11-eac7-4775-963d-fb8a200b9e84,bed,5dda0b14-713b-46d0-a6ce-a7a33a2fb6f9,86ad1ceb-8d81-a926-d998-3a2f1cafba06,c46d93e3-a810-2d16-e3f0-d30f9a288817,2026-04-10,null,2026-04-10 22:56:02.195967+00
9cc9d260-0f90-4b42-a67f-539c65984029,00000000-0000-0000-0000-000000000001,56fc86e9-a64c-4c80-bf04-474e9ba03562,bed,5dda0b14-713b-46d0-a6ce-a7a33a2fb6f9,86ad1ceb-8d81-a926-d998-3a2f1cafba06,0b5cde17-d9c1-1f3f-ebeb-c45493421ae0,2026-04-10,null,2026-04-10 22:56:02.195967+00
93543b8e-08c4-459c-825e-08e7f142184a,00000000-0000-0000-0000-000000000001,c7d00c54-9c25-423e-8f9c-04e5e01c8383,bed,5dda0b14-713b-46d0-a6ce-a7a33a2fb6f9,86ad1ceb-8d81-a926-d998-3a2f1cafba06,aa6faaa7-b2dc-3312-7b5d-91d48f1f2711,2026-04-10,null,2026-04-10 22:56:02.195967+00
b786ce1c-c629-412b-bf80-18e090fb6515,00000000-0000-0000-0000-000000000001,46ac4f2a-c5db-480e-a586-d69d14dcca89,bed,5dda0b14-713b-46d0-a6ce-a7a33a2fb6f9,86ad1ceb-8d81-a926-d998-3a2f1cafba06,e7028e9f-6d8f-c1b2-9104-a6c79b6f1c44,2026-04-10,null,2026-04-10 22:56:02.195967+00
6ebb9cb4-674d-4391-bde9-406d8a8d59b6,00000000-0000-0000-0000-000000000001,81e4237c-0382-4c38-9e68-b23c53b66f44,bed,5dda0b14-713b-46d0-a6ce-a7a33a2fb6f9,86ad1ceb-8d81-a926-d998-3a2f1cafba06,fd583622-d483-7a0e-b288-a9d0d1e0807a,2026-04-10,null,2026-04-10 22:56:02.195967+00
2789c7c2-d10e-494f-b683-a504fff73b33,00000000-0000-0000-0000-000000000001,b523c956-91cf-455f-9827-13ee923cf695,bed,5dda0b14-713b-46d0-a6ce-a7a33a2fb6f9,86ad1ceb-8d81-a926-d998-3a2f1cafba06,c46d93e3-a810-2d16-e3f0-d30f9a288817,2026-04-10,null,2026-04-10 22:56:02.195967+00
f70a1a63-91fe-4abe-ae43-49e0f99d75f7,00000000-0000-0000-0000-000000000001,b1faa001-6814-4af7-8275-c12c5a59a1dc,bed,5dda0b14-713b-46d0-a6ce-a7a33a2fb6f9,86ad1ceb-8d81-a926-d998-3a2f1cafba06,0b5cde17-d9c1-1f3f-ebeb-c45493421ae0,2026-04-10,null,2026-04-10 22:56:02.195967+00
08dccf39-4758-4280-b6bc-ab4dabce39e4,00000000-0000-0000-0000-000000000001,7edf9955-6df6-4729-80d5-ce1ede7ec467,apartment,5dda0b14-713b-46d0-a6ce-a7a33a2fb6f9,86ad1ceb-8d81-a926-d998-3a2f1cafba06,null,2026-04-10,null,2026-04-10 22:56:02.195967+00
b62b06db-1d59-45b0-b245-405c4de635d7,00000000-0000-0000-0000-000000000001,aaf765c9-a0b1-48be-8c21-3ac43a462480,bed,5dda0b14-713b-46d0-a6ce-a7a33a2fb6f9,86ad1ceb-8d81-a926-d998-3a2f1cafba06,aa6faaa7-b2dc-3312-7b5d-91d48f1f2711,2026-04-10,null,2026-04-10 22:56:02.195967+00
34e0dc0f-0d6b-4caf-97f1-bfcf863f3fb9,00000000-0000-0000-0000-000000000001,aaf765c9-a0b1-48be-8c21-3ac43a462480,bed,5dda0b14-713b-46d0-a6ce-a7a33a2fb6f9,86ad1ceb-8d81-a926-d998-3a2f1cafba06,e7028e9f-6d8f-c1b2-9104-a6c79b6f1c44,2026-04-10,null,2026-04-10 22:56:02.195967+00
99bd7a0c-9e61-4263-bcc7-ff25ba94d199,00000000-0000-0000-0000-000000000001,aaf765c9-a0b1-48be-8c21-3ac43a462480,bed,5dda0b14-713b-46d0-a6ce-a7a33a2fb6f9,86ad1ceb-8d81-a926-d998-3a2f1cafba06,fd583622-d483-7a0e-b288-a9d0d1e0807a,2026-04-10,null,2026-04-10 22:56:02.195967+00
68bd6087-c636-46a3-ba10-02682fcce27c,00000000-0000-0000-0000-000000000001,3f2f77a4-c3ef-4437-a2c3-de4946f929ba,bed,5dda0b14-713b-46d0-a6ce-a7a33a2fb6f9,86ad1ceb-8d81-a926-d998-3a2f1cafba06,c46d93e3-a810-2d16-e3f0-d30f9a288817,2026-04-10,null,2026-04-10 22:56:02.195967+00
df78916b-99d2-4347-a3bf-c9ed47717209,00000000-0000-0000-0000-000000000001,3f2f77a4-c3ef-4437-a2c3-de4946f929ba,bed,5dda0b14-713b-46d0-a6ce-a7a33a2fb6f9,86ad1ceb-8d81-a926-d998-3a2f1cafba06,0b5cde17-d9c1-1f3f-ebeb-c45493421ae0,2026-04-10,null,2026-04-10 22:56:02.195967+00
fb0013a2-ee97-44e2-81b4-854e5d914830,00000000-0000-0000-0000-000000000001,7e58ae82-c8b2-44bc-a54d-0dace198462e,apartment,5dda0b14-713b-46d0-a6ce-a7a33a2fb6f9,86ad1ceb-8d81-a926-d998-3a2f1cafba06,null,2026-04-10,null,2026-04-10 22:56:02.195967+00
5a80bf67-fc58-4fdf-ac93-e9ff99309d54,00000000-0000-0000-0000-000000000001,57e63ff3-c514-4bd9-818f-e8e5fec9f069,apartment,5dda0b14-713b-46d0-a6ce-a7a33a2fb6f9,86ad1ceb-8d81-a926-d998-3a2f1cafba06,null,2026-04-10,null,2026-04-10 22:56:02.195967+00
465f00b4-8d5a-446c-9b29-1f0f4a8d5ca6,00000000-0000-0000-0000-000000000001,90f435b8-90ac-4abc-ab0c-7bc647ead707,bed,5dda0b14-713b-46d0-a6ce-a7a33a2fb6f9,86ad1ceb-8d81-a926-d998-3a2f1cafba06,aa6faaa7-b2dc-3312-7b5d-91d48f1f2711,2026-04-10,null,2026-04-10 22:56:02.195967+00
4cf87801-8335-458f-b7cc-f5b2213493ef,00000000-0000-0000-0000-000000000001,881cf053-2664-4b7c-845e-828bb9b4ce26,bed,5dda0b14-713b-46d0-a6ce-a7a33a2fb6f9,86ad1ceb-8d81-a926-d998-3a2f1cafba06,e7028e9f-6d8f-c1b2-9104-a6c79b6f1c44,2026-04-10,null,2026-04-10 22:56:02.195967+00
edbdba6f-a4b3-4ded-b479-929c398a2764,00000000-0000-0000-0000-000000000001,e4f42a04-4332-4ddb-a9ed-0275422c0c35,bed,5dda0b14-713b-46d0-a6ce-a7a33a2fb6f9,86ad1ceb-8d81-a926-d998-3a2f1cafba06,fd583622-d483-7a0e-b288-a9d0d1e0807a,2026-04-10,null,2026-04-10 22:56:02.195967+00
498933d6-129a-4164-bec0-6dee6aa0f1b3,00000000-0000-0000-0000-000000000001,7a782d2d-855d-4783-bca8-1a6f6302536d,bed,5dda0b14-713b-46d0-a6ce-a7a33a2fb6f9,86ad1ceb-8d81-a926-d998-3a2f1cafba06,c46d93e3-a810-2d16-e3f0-d30f9a288817,2026-04-10,null,2026-04-10 22:56:02.195967+00
d19df704-58ed-44e0-9931-ccd94f0731da,00000000-0000-0000-0000-000000000001,4b86f586-f8d0-4820-8b4b-4ef9ebba691b,bed,5dda0b14-713b-46d0-a6ce-a7a33a2fb6f9,86ad1ceb-8d81-a926-d998-3a2f1cafba06,0b5cde17-d9c1-1f3f-ebeb-c45493421ae0,2026-04-10,null,2026-04-10 22:56:02.195967+00
888215f0-86e4-459a-b812-985d5bf3e27c,00000000-0000-0000-0000-000000000001,63b81cac-d8de-490e-9b04-0ca984233363,apartment,5dda0b14-713b-46d0-a6ce-a7a33a2fb6f9,86ad1ceb-8d81-a926-d998-3a2f1cafba06,null,2026-04-10,null,2026-04-10 22:56:02.195967+00
0fddfd4c-a7ef-40f7-990e-f9040c7dd24d,00000000-0000-0000-0000-000000000001,ca626dd9-f708-4d73-a896-d0ba975e4afd,apartment,5dda0b14-713b-46d0-a6ce-a7a33a2fb6f9,86ad1ceb-8d81-a926-d998-3a2f1cafba06,null,2026-04-10,null,2026-04-10 22:56:02.195967+00
1515989f-d90b-41a2-8843-f5fa88c44869,00000000-0000-0000-0000-000000000001,6bf30914-e3f6-4477-89a0-6f82b5e5baf8,apartment,5dda0b14-713b-46d0-a6ce-a7a33a2fb6f9,86ad1ceb-8d81-a926-d998-3a2f1cafba06,null,2024-08-21,null,2026-04-10 22:56:02.195967+00
106bed21-84b4-4a65-a317-708a2edf379b,00000000-0000-0000-0000-000000000001,2078708d-95c7-4856-8473-d7fad803ffbc,apartment,5dda0b14-713b-46d0-a6ce-a7a33a2fb6f9,86ad1ceb-8d81-a926-d998-3a2f1cafba06,null,2026-04-10,null,2026-04-10 22:56:02.195967+00
491230c8-0552-4345-ba39-a62e8495c80c,00000000-0000-0000-0000-000000000001,bb885e59-6d27-4d34-9ee9-2bdf1bafd50d,apartment,5dda0b14-713b-46d0-a6ce-a7a33a2fb6f9,86ad1ceb-8d81-a926-d998-3a2f1cafba06,null,2026-04-10,null,2026-04-10 22:56:02.195967+00
19fdadcc-b695-4d83-b0b9-246f3fece53d,00000000-0000-0000-0000-000000000001,33c22057-ddb6-4d8c-9806-0df17fb09262,bed,5dda0b14-713b-46d0-a6ce-a7a33a2fb6f9,86ad1ceb-8d81-a926-d998-3a2f1cafba06,aa6faaa7-b2dc-3312-7b5d-91d48f1f2711,2026-04-10,null,2026-04-10 22:56:02.195967+00
922d0dae-e982-4b49-bf23-ba66e4ee99b7,00000000-0000-0000-0000-000000000001,33c22057-ddb6-4d8c-9806-0df17fb09262,bed,5dda0b14-713b-46d0-a6ce-a7a33a2fb6f9,86ad1ceb-8d81-a926-d998-3a2f1cafba06,e7028e9f-6d8f-c1b2-9104-a6c79b6f1c44,2026-04-10,null,2026-04-10 22:56:02.195967+00
b3efdcb4-e272-459d-bfb7-08ce011560a6,00000000-0000-0000-0000-000000000001,33c22057-ddb6-4d8c-9806-0df17fb09262,bed,5dda0b14-713b-46d0-a6ce-a7a33a2fb6f9,86ad1ceb-8d81-a926-d998-3a2f1cafba06,fd583622-d483-7a0e-b288-a9d0d1e0807a,2026-04-10,null,2026-04-10 22:56:02.195967+00
e1c6e25c-503f-4176-a8a3-96903be8bcbd,00000000-0000-0000-0000-000000000001,9048fc8b-4fae-4b8c-8456-4b577a998917,apartment,5dda0b14-713b-46d0-a6ce-a7a33a2fb6f9,86ad1ceb-8d81-a926-d998-3a2f1cafba06,null,2026-04-10,null,2026-04-10 22:56:02.195967+00
34e05d0c-4168-40be-a3bf-33d40fbfe644,00000000-0000-0000-0000-000000000001,40b942fc-9bc1-4e5c-a2b2-44a1a1c0b77e,bed,5dda0b14-713b-46d0-a6ce-a7a33a2fb6f9,86ad1ceb-8d81-a926-d998-3a2f1cafba06,aa6faaa7-b2dc-3312-7b5d-91d48f1f2711,2026-04-10,null,2026-04-10 22:56:02.195967+00
0f25aa20-c0b1-43e1-bcb1-73938d3a7b29,00000000-0000-0000-0000-000000000001,40b942fc-9bc1-4e5c-a2b2-44a1a1c0b77e,bed,5dda0b14-713b-46d0-a6ce-a7a33a2fb6f9,86ad1ceb-8d81-a926-d998-3a2f1cafba06,e7028e9f-6d8f-c1b2-9104-a6c79b6f1c44,2026-04-10,null,2026-04-10 22:56:02.195967+00
957cbae9-2bec-415d-b0b0-e1c0f3e6f0fa,00000000-0000-0000-0000-000000000001,40b942fc-9bc1-4e5c-a2b2-44a1a1c0b77e,bed,5dda0b14-713b-46d0-a6ce-a7a33a2fb6f9,86ad1ceb-8d81-a926-d998-3a2f1cafba06,fd583622-d483-7a0e-b288-a9d0d1e0807a,2026-04-10,null,2026-04-10 22:56:02.195967+00
f1abc2d9-7f8d-4ae6-b673-835780303bde,00000000-0000-0000-0000-000000000001,4a3f3e80-1c5b-469a-ae3c-e467b3f2bc85,apartment,5dda0b14-713b-46d0-a6ce-a7a33a2fb6f9,86ad1ceb-8d81-a926-d998-3a2f1cafba06,null,2026-04-10,null,2026-04-10 22:56:02.195967+00
316d2210-4e3e-4cf9-b049-37e4bb933234,00000000-0000-0000-0000-000000000001,b77ddefe-f6df-4c09-bcfb-07115192863f,bed,5dda0b14-713b-46d0-a6ce-a7a33a2fb6f9,86ad1ceb-8d81-a926-d998-3a2f1cafba06,aa6faaa7-b2dc-3312-7b5d-91d48f1f2711,2026-04-10,null,2026-04-10 22:56:02.195967+00
c4d06a5d-9b14-454d-8a42-61629ed3425c,00000000-0000-0000-0000-000000000001,b77ddefe-f6df-4c09-bcfb-07115192863f,bed,5dda0b14-713b-46d0-a6ce-a7a33a2fb6f9,86ad1ceb-8d81-a926-d998-3a2f1cafba06,e7028e9f-6d8f-c1b2-9104-a6c79b6f1c44,2026-04-10,null,2026-04-10 22:56:02.195967+00
7aa13ac6-1755-483e-b9cc-156efbf9acd9,00000000-0000-0000-0000-000000000001,d8b12303-e019-4392-95aa-49d5ebdb9f5f,apartment,5dda0b14-713b-46d0-a6ce-a7a33a2fb6f9,86ad1ceb-8d81-a926-d998-3a2f1cafba06,null,2026-04-10,null,2026-04-10 22:56:02.195967+00
1a8d6ae4-6aee-4621-ab38-5d13fd1e7d73,00000000-0000-0000-0000-000000000001,436099db-3a2e-4b9c-984c-ccb958ef972e,bed,5dda0b14-713b-46d0-a6ce-a7a33a2fb6f9,10c6863d-07c3-4fc4-94f9-6adc29157ce1,84952c96-2043-cf2d-46cc-061e64428c28,2026-04-10,null,2026-04-10 22:56:02.195967+00
43d1e4c3-15c6-49bb-b875-86dba9419b42,00000000-0000-0000-0000-000000000001,8f5d7ba9-389f-4c66-9724-0e54abeb3076,bed,5dda0b14-713b-46d0-a6ce-a7a33a2fb6f9,10c6863d-07c3-4fc4-94f9-6adc29157ce1,bb071334-4646-5a4c-51c0-633d5b3db352,2026-04-10,null,2026-04-10 22:56:02.195967+00
5e68e15e-7f61-4482-897d-e41d0598430a,00000000-0000-0000-0000-000000000001,8f5d7ba9-389f-4c66-9724-0e54abeb3076,bed,5dda0b14-713b-46d0-a6ce-a7a33a2fb6f9,10c6863d-07c3-4fc4-94f9-6adc29157ce1,dcfddc61-693e-2180-1cf6-f3e8e0dd40d8,2026-04-10,null,2026-04-10 22:56:02.195967+00
4f2306fa-c0bd-4893-9323-476ba56191a9,00000000-0000-0000-0000-000000000001,d9a2ce08-6abd-43c3-bbf2-33b0c187a3b5,bed,5dda0b14-713b-46d0-a6ce-a7a33a2fb6f9,10c6863d-07c3-4fc4-94f9-6adc29157ce1,32dfa2d6-dbf8-4dd2-90a0-e664e838b0ac,2026-04-10,null,2026-04-10 22:56:02.195967+00
3f1783a5-d53e-4598-8604-cf53521175c0,00000000-0000-0000-0000-000000000001,d9a2ce08-6abd-43c3-bbf2-33b0c187a3b5,bed,5dda0b14-713b-46d0-a6ce-a7a33a2fb6f9,10c6863d-07c3-4fc4-94f9-6adc29157ce1,51597632-5648-1987-017c-c65e2ad300f8,2026-04-10,null,2026-04-10 22:56:02.195967+00
27e506d6-2507-497f-a58c-60da225a0879,00000000-0000-0000-0000-000000000001,abdc9198-3b1f-4afa-a372-6366b8627999,bed,5dda0b14-713b-46d0-a6ce-a7a33a2fb6f9,10c6863d-07c3-4fc4-94f9-6adc29157ce1,96eb4dcb-a6ae-3881-7690-8a119a4506bc,2026-04-10,null,2026-04-10 22:56:02.195967+00
6f6f50de-08d3-4670-8eb5-d1c8ea2363e2,00000000-0000-0000-0000-000000000001,abdc9198-3b1f-4afa-a372-6366b8627999,apartment,5dda0b14-713b-46d0-a6ce-a7a33a2fb6f9,10c6863d-07c3-4fc4-94f9-6adc29157ce1,null,2026-04-10,null,2026-04-10 22:56:02.195967+00
4d922a08-08fa-4505-a534-e7ac91c8e8ff,00000000-0000-0000-0000-000000000001,35dfa200-b1a5-4607-9379-c42a59587b06,bed,5dda0b14-713b-46d0-a6ce-a7a33a2fb6f9,10c6863d-07c3-4fc4-94f9-6adc29157ce1,bb071334-4646-5a4c-51c0-633d5b3db352,2026-04-10,null,2026-04-10 22:56:02.195967+00
d514b8b1-bcdc-4576-bc65-fd407662b022,00000000-0000-0000-0000-000000000001,c0654959-32fc-4506-821e-db502e57e389,bed,5dda0b14-713b-46d0-a6ce-a7a33a2fb6f9,10c6863d-07c3-4fc4-94f9-6adc29157ce1,dcfddc61-693e-2180-1cf6-f3e8e0dd40d8,2026-04-10,null,2026-04-10 22:56:02.195967+00
3f04465d-1b38-42b9-a054-aec04e324099,00000000-0000-0000-0000-000000000001,2c5887e8-96e8-457f-b93e-c8b03ec51c2c,bed,5dda0b14-713b-46d0-a6ce-a7a33a2fb6f9,10c6863d-07c3-4fc4-94f9-6adc29157ce1,32dfa2d6-dbf8-4dd2-90a0-e664e838b0ac,2026-04-10,null,2026-04-10 22:56:02.195967+00
74267315-a41d-46eb-a0d9-6438e879f655,00000000-0000-0000-0000-000000000001,eb5bab57-d611-4b72-85e1-e8d7220049b7,bed,5dda0b14-713b-46d0-a6ce-a7a33a2fb6f9,10c6863d-07c3-4fc4-94f9-6adc29157ce1,51597632-5648-1987-017c-c65e2ad300f8,2026-04-10,null,2026-04-10 22:56:02.195967+00
4d5d4582-fe75-477a-bf51-79afa3bfbd38,00000000-0000-0000-0000-000000000001,1f9ee7ec-e9c7-44c6-b15d-1857d1f24707,bed,5dda0b14-713b-46d0-a6ce-a7a33a2fb6f9,10c6863d-07c3-4fc4-94f9-6adc29157ce1,84952c96-2043-cf2d-46cc-061e64428c28,2026-04-10,null,2026-04-10 22:56:02.195967+00
9ad3ba39-1fcd-4b93-a3c2-bd6c00d2ec29,00000000-0000-0000-0000-000000000001,d8dfdef3-a556-400f-9d13-089a38c58f7c,apartment,5dda0b14-713b-46d0-a6ce-a7a33a2fb6f9,10c6863d-07c3-4fc4-94f9-6adc29157ce1,null,2026-04-10,null,2026-04-10 22:56:02.195967+00
cbdee27e-e562-4542-8520-85b3c6858e62,00000000-0000-0000-0000-000000000001,c50d5fa9-c387-44c5-b4ca-535a833fe9df,apartment,5dda0b14-713b-46d0-a6ce-a7a33a2fb6f9,10c6863d-07c3-4fc4-94f9-6adc29157ce1,null,2026-04-10,null,2026-04-10 22:56:02.195967+00
9f6688af-781b-40d2-b249-aa26c3806d13,00000000-0000-0000-0000-000000000001,8b73c5e6-49df-43f8-9786-5b7c92d30cb0,apartment,5dda0b14-713b-46d0-a6ce-a7a33a2fb6f9,10c6863d-07c3-4fc4-94f9-6adc29157ce1,null,2026-04-10,null,2026-04-10 22:56:02.195967+00
3727b4d4-f04f-45c9-a799-5155a87fab9f,00000000-0000-0000-0000-000000000001,6a09f40e-fb35-4f9e-b626-eb82a15bf059,bed,5dda0b14-713b-46d0-a6ce-a7a33a2fb6f9,10c6863d-07c3-4fc4-94f9-6adc29157ce1,84952c96-2043-cf2d-46cc-061e64428c28,2026-04-10,null,2026-04-10 22:56:02.195967+00
48c4e240-f0a6-4d07-952b-ea4a2cb70c7f,00000000-0000-0000-0000-000000000001,a36008be-c17d-4c5d-834f-01f1b306809d,bed,5dda0b14-713b-46d0-a6ce-a7a33a2fb6f9,10c6863d-07c3-4fc4-94f9-6adc29157ce1,bb071334-4646-5a4c-51c0-633d5b3db352,2026-04-10,null,2026-04-10 22:56:02.195967+00
6b4164ae-5a35-431e-b6c8-1781f3cc4ed1,00000000-0000-0000-0000-000000000001,64bcf2af-1291-40c9-89aa-146ada376d24,bed,5dda0b14-713b-46d0-a6ce-a7a33a2fb6f9,10c6863d-07c3-4fc4-94f9-6adc29157ce1,dcfddc61-693e-2180-1cf6-f3e8e0dd40d8,2026-04-10,null,2026-04-10 22:56:02.195967+00
b737cbc8-9c82-4009-bbfd-fc7460944577,00000000-0000-0000-0000-000000000001,e0165e64-065c-4436-a286-46ecbd34ab8a,bed,5dda0b14-713b-46d0-a6ce-a7a33a2fb6f9,10c6863d-07c3-4fc4-94f9-6adc29157ce1,32dfa2d6-dbf8-4dd2-90a0-e664e838b0ac,2026-04-10,null,2026-04-10 22:56:02.195967+00
44df293c-9dba-4f8e-994e-64578cb868d7,00000000-0000-0000-0000-000000000001,0d988587-e808-4a0c-8be4-2121cf44fbe7,bed,5dda0b14-713b-46d0-a6ce-a7a33a2fb6f9,10c6863d-07c3-4fc4-94f9-6adc29157ce1,51597632-5648-1987-017c-c65e2ad300f8,2026-04-10,null,2026-04-10 22:56:02.195967+00
c9a54269-9143-4fff-9aec-db679c2c8bf9,00000000-0000-0000-0000-000000000001,29c84bca-960c-4f77-ba4a-a0a97c6462c7,apartment,5dda0b14-713b-46d0-a6ce-a7a33a2fb6f9,10c6863d-07c3-4fc4-94f9-6adc29157ce1,null,2026-04-10,null,2026-04-10 22:56:02.195967+00
578ada7f-0b04-4e82-b2bc-70ef0353a44e,00000000-0000-0000-0000-000000000001,10df781b-93b7-4428-91ea-c8c166180d21,bed,5dda0b14-713b-46d0-a6ce-a7a33a2fb6f9,10c6863d-07c3-4fc4-94f9-6adc29157ce1,84952c96-2043-cf2d-46cc-061e64428c28,2026-04-10,null,2026-04-10 22:56:02.195967+00
98d10170-2213-46d5-8a69-65a3b26089d7,00000000-0000-0000-0000-000000000001,ea59b72b-fecb-4fac-acd8-25b0c22f2953,bed,5dda0b14-713b-46d0-a6ce-a7a33a2fb6f9,10c6863d-07c3-4fc4-94f9-6adc29157ce1,bb071334-4646-5a4c-51c0-633d5b3db352,2026-04-10,null,2026-04-10 22:56:02.195967+00
ba8c179e-5cb6-4c51-afa6-ba8ec0699dd1,00000000-0000-0000-0000-000000000001,2c90b8cc-bcb1-448c-b42a-1400f37967f4,bed,5dda0b14-713b-46d0-a6ce-a7a33a2fb6f9,10c6863d-07c3-4fc4-94f9-6adc29157ce1,dcfddc61-693e-2180-1cf6-f3e8e0dd40d8,2026-04-10,null,2026-04-10 22:56:02.195967+00
796764ea-49e3-463f-929c-231946378070,00000000-0000-0000-0000-000000000001,64f2aa76-fd3b-45a6-ad65-09bdf8269fa2,bed,5dda0b14-713b-46d0-a6ce-a7a33a2fb6f9,10c6863d-07c3-4fc4-94f9-6adc29157ce1,32dfa2d6-dbf8-4dd2-90a0-e664e838b0ac,2026-04-10,null,2026-04-10 22:56:02.195967+00
fa2bfe44-734d-495e-b76f-cf3ea769904c,00000000-0000-0000-0000-000000000001,a129a825-8fdf-4c13-8f57-7e9214fff811,bed,5dda0b14-713b-46d0-a6ce-a7a33a2fb6f9,10c6863d-07c3-4fc4-94f9-6adc29157ce1,51597632-5648-1987-017c-c65e2ad300f8,2026-04-10,null,2026-04-10 22:56:02.195967+00
3ce9268e-1348-4fa5-84f3-7c4964d388f4,00000000-0000-0000-0000-000000000001,591ed9aa-6e8c-4371-b265-b30d33ba2204,apartment,5dda0b14-713b-46d0-a6ce-a7a33a2fb6f9,10c6863d-07c3-4fc4-94f9-6adc29157ce1,null,2026-04-10,null,2026-04-10 22:56:02.195967+00
ebd33ffe-c171-4c37-b79e-d56d1636d97c,00000000-0000-0000-0000-000000000001,87951641-4617-489e-95b6-bb20b76cf1c7,bed,5dda0b14-713b-46d0-a6ce-a7a33a2fb6f9,10c6863d-07c3-4fc4-94f9-6adc29157ce1,84952c96-2043-cf2d-46cc-061e64428c28,2026-04-10,null,2026-04-10 22:56:02.195967+00
3531894f-0772-4c3e-b9c4-0e89b79f99b6,00000000-0000-0000-0000-000000000001,f709e278-465c-4078-bbce-4e282e891ea8,bed,5dda0b14-713b-46d0-a6ce-a7a33a2fb6f9,10c6863d-07c3-4fc4-94f9-6adc29157ce1,bb071334-4646-5a4c-51c0-633d5b3db352,2026-04-10,null,2026-04-10 22:56:02.195967+00
9b4af96c-afb9-452d-bc09-177f84e9e456,00000000-0000-0000-0000-000000000001,f709e278-465c-4078-bbce-4e282e891ea8,bed,5dda0b14-713b-46d0-a6ce-a7a33a2fb6f9,10c6863d-07c3-4fc4-94f9-6adc29157ce1,dcfddc61-693e-2180-1cf6-f3e8e0dd40d8,2026-04-10,null,2026-04-10 22:56:02.195967+00
ba1aebd9-26e8-4569-8b07-10904c8491bf,00000000-0000-0000-0000-000000000001,75d01f7c-1d6c-4526-89a9-cd60de1a0a72,bed,5dda0b14-713b-46d0-a6ce-a7a33a2fb6f9,10c6863d-07c3-4fc4-94f9-6adc29157ce1,32dfa2d6-dbf8-4dd2-90a0-e664e838b0ac,2026-04-10,null,2026-04-10 22:56:02.195967+00
5450c237-4d6f-4049-bd69-d72df547c949,00000000-0000-0000-0000-000000000001,75d01f7c-1d6c-4526-89a9-cd60de1a0a72,bed,5dda0b14-713b-46d0-a6ce-a7a33a2fb6f9,10c6863d-07c3-4fc4-94f9-6adc29157ce1,51597632-5648-1987-017c-c65e2ad300f8,2026-04-10,null,2026-04-10 22:56:02.195967+00
a38c316a-e970-4b66-918b-550e6d378f19,00000000-0000-0000-0000-000000000001,7a8faef7-aab4-43c5-bf03-b4a1561577db,bed,5dda0b14-713b-46d0-a6ce-a7a33a2fb6f9,10c6863d-07c3-4fc4-94f9-6adc29157ce1,96eb4dcb-a6ae-3881-7690-8a119a4506bc,2026-04-10,null,2026-04-10 22:56:02.195967+00
8871d02e-6547-4710-a63b-772c831b4b0d,00000000-0000-0000-0000-000000000001,7a8faef7-aab4-43c5-bf03-b4a1561577db,apartment,5dda0b14-713b-46d0-a6ce-a7a33a2fb6f9,10c6863d-07c3-4fc4-94f9-6adc29157ce1,null,2026-04-10,null,2026-04-10 22:56:02.195967+00
4a74a5c5-aabd-4f58-804c-020dfa16523c,00000000-0000-0000-0000-000000000001,56b6810a-dac6-4192-9146-769ba92844bb,apartment,5dda0b14-713b-46d0-a6ce-a7a33a2fb6f9,10c6863d-07c3-4fc4-94f9-6adc29157ce1,null,2026-04-10,null,2026-04-10 22:56:02.195967+00
b73a48bb-2bf5-4bb9-8873-3b3708e4ae4d,00000000-0000-0000-0000-000000000001,f5b89777-c9e3-4995-ab4f-ccbf2dc9a54c,apartment,5dda0b14-713b-46d0-a6ce-a7a33a2fb6f9,10c6863d-07c3-4fc4-94f9-6adc29157ce1,null,2026-04-10,null,2026-04-10 22:56:02.195967+00
c61af12a-0443-469e-99e6-e52c15eeda09,00000000-0000-0000-0000-000000000001,b19debb2-481d-4939-992a-f9c5f9be7a26,bed,5dda0b14-713b-46d0-a6ce-a7a33a2fb6f9,10c6863d-07c3-4fc4-94f9-6adc29157ce1,84952c96-2043-cf2d-46cc-061e64428c28,2026-04-10,null,2026-04-10 22:56:02.195967+00
c38a894a-9868-40d7-972f-e9cca5df9374,00000000-0000-0000-0000-000000000001,e33da857-f3c8-45ce-8950-a36059d060f2,bed,5dda0b14-713b-46d0-a6ce-a7a33a2fb6f9,10c6863d-07c3-4fc4-94f9-6adc29157ce1,bb071334-4646-5a4c-51c0-633d5b3db352,2026-04-10,null,2026-04-10 22:56:02.195967+00
baf44b99-dd9c-4f3b-b050-3cc43b3051db,00000000-0000-0000-0000-000000000001,7d4ce971-fbb6-46fd-bd44-f0eb29132eec,bed,5dda0b14-713b-46d0-a6ce-a7a33a2fb6f9,10c6863d-07c3-4fc4-94f9-6adc29157ce1,dcfddc61-693e-2180-1cf6-f3e8e0dd40d8,2026-04-10,null,2026-04-10 22:56:02.195967+00
9a6e4246-1d2b-44ea-8735-22b1d133e291,00000000-0000-0000-0000-000000000001,9b099509-5d31-46e6-81ea-7e7aed2e74f3,bed,5dda0b14-713b-46d0-a6ce-a7a33a2fb6f9,10c6863d-07c3-4fc4-94f9-6adc29157ce1,32dfa2d6-dbf8-4dd2-90a0-e664e838b0ac,2026-04-10,null,2026-04-10 22:56:02.195967+00
2ccb8254-c322-4c99-8d65-20b144646836,00000000-0000-0000-0000-000000000001,0383411b-bfd5-42ba-b86c-6195e8c99bea,bed,5dda0b14-713b-46d0-a6ce-a7a33a2fb6f9,10c6863d-07c3-4fc4-94f9-6adc29157ce1,51597632-5648-1987-017c-c65e2ad300f8,2026-04-10,null,2026-04-10 22:56:02.195967+00
fc11dc67-4315-4c53-bff5-0d20adf9654d,00000000-0000-0000-0000-000000000001,e043dc95-dac5-4da4-866e-e8c67e19f91f,apartment,5dda0b14-713b-46d0-a6ce-a7a33a2fb6f9,10c6863d-07c3-4fc4-94f9-6adc29157ce1,null,2026-04-10,null,2026-04-10 22:56:02.195967+00
dc314f4f-b934-4859-88ea-e80b51255aa8,00000000-0000-0000-0000-000000000001,65b4ffef-e391-4fad-8bd1-c4ecab090fc5,apartment,5dda0b14-713b-46d0-a6ce-a7a33a2fb6f9,10c6863d-07c3-4fc4-94f9-6adc29157ce1,null,2026-04-10,null,2026-04-10 22:56:02.195967+00
6730d7e9-b887-402a-8482-ffc2c0a432b6,00000000-0000-0000-0000-000000000001,2e8e0248-380f-4fac-977c-8567182ecef7,apartment,5dda0b14-713b-46d0-a6ce-a7a33a2fb6f9,10c6863d-07c3-4fc4-94f9-6adc29157ce1,null,2026-04-10,null,2026-04-10 22:56:02.195967+00
c8e6bfa9-b3cd-4a9f-bfde-a84b24b067fd,00000000-0000-0000-0000-000000000001,6cb27459-de3c-427e-911e-71b60fc9a10c,apartment,5dda0b14-713b-46d0-a6ce-a7a33a2fb6f9,10c6863d-07c3-4fc4-94f9-6adc29157ce1,null,2026-04-10,null,2026-04-10 22:56:02.195967+00
efa2674a-d3b2-4e97-8f8f-919d04c24b1e,00000000-0000-0000-0000-000000000001,90dbd2c0-8bea-41d4-be6d-f4b605eb9242,apartment,5dda0b14-713b-46d0-a6ce-a7a33a2fb6f9,10c6863d-07c3-4fc4-94f9-6adc29157ce1,null,2026-04-10,null,2026-04-10 22:56:02.195967+00
71c55e5d-c77b-47d7-8d05-abc8ecda8327,00000000-0000-0000-0000-000000000001,5689c021-2725-4c08-a5ca-b548dc984d7f,bed,5dda0b14-713b-46d0-a6ce-a7a33a2fb6f9,10c6863d-07c3-4fc4-94f9-6adc29157ce1,84952c96-2043-cf2d-46cc-061e64428c28,2026-04-10,null,2026-04-10 22:56:02.195967+00
34f78e89-55cd-48ec-8298-63879d0df362,00000000-0000-0000-0000-000000000001,3c4bf59c-44ec-46ba-b995-5daccb5c31f7,apartment,5dda0b14-713b-46d0-a6ce-a7a33a2fb6f9,10c6863d-07c3-4fc4-94f9-6adc29157ce1,null,2026-04-10,null,2026-04-10 22:56:02.195967+00
ad7a1f7f-d7b1-4588-a0da-79754a7d0418,00000000-0000-0000-0000-000000000001,3e8844b8-f5b6-4bf7-a1e6-3618878385f2,apartment,5dda0b14-713b-46d0-a6ce-a7a33a2fb6f9,10c6863d-07c3-4fc4-94f9-6adc29157ce1,null,2026-04-10,null,2026-04-10 22:56:02.195967+00
c435241d-f5ca-44b9-9306-dc7ef7c7fc4b,00000000-0000-0000-0000-000000000001,0c450207-9807-40d2-b604-9f9a35ff64f4,apartment,5dda0b14-713b-46d0-a6ce-a7a33a2fb6f9,10c6863d-07c3-4fc4-94f9-6adc29157ce1,null,2026-04-10,null,2026-04-10 22:56:02.195967+00
2b17fad7-8c05-44f6-aded-7638f81fa55e,00000000-0000-0000-0000-000000000001,9b08f744-6ac9-4bdb-ac28-ebca706b3d88,apartment,5dda0b14-713b-46d0-a6ce-a7a33a2fb6f9,10c6863d-07c3-4fc4-94f9-6adc29157ce1,null,2026-04-10,null,2026-04-10 22:56:02.195967+00
f0054cbc-aa0c-47e0-a8a3-1a46eb127488,00000000-0000-0000-0000-000000000001,fe4b006a-9f70-4251-85bf-f638cc28feb8,bed,5dda0b14-713b-46d0-a6ce-a7a33a2fb6f9,10c6863d-07c3-4fc4-94f9-6adc29157ce1,84952c96-2043-cf2d-46cc-061e64428c28,2025-06-17,null,2026-04-10 22:56:02.195967+00
122e152f-e78f-4a5b-a595-5e5ea4d58397,00000000-0000-0000-0000-000000000001,6ef5ab29-d0cd-44eb-bd5f-a462f9d96ae5,apartment,5dda0b14-713b-46d0-a6ce-a7a33a2fb6f9,10c6863d-07c3-4fc4-94f9-6adc29157ce1,null,2026-04-10,null,2026-04-10 22:56:02.195967+00
11304261-d0d8-4b46-ab6f-86049843c8b8,00000000-0000-0000-0000-000000000001,af5af20a-c018-4458-b9f8-e7a25b0c4f75,apartment,5dda0b14-713b-46d0-a6ce-a7a33a2fb6f9,10c6863d-07c3-4fc4-94f9-6adc29157ce1,null,2026-04-10,null,2026-04-10 22:56:02.195967+00
d027905e-c733-4890-b3e7-887f1d93dd88,00000000-0000-0000-0000-000000000001,3b810b8a-a13d-485f-b818-594238b2b0a3,bed,5dda0b14-713b-46d0-a6ce-a7a33a2fb6f9,10c6863d-07c3-4fc4-94f9-6adc29157ce1,bb071334-4646-5a4c-51c0-633d5b3db352,2026-04-10,null,2026-04-10 22:56:02.195967+00
dd54c972-d01f-4f2f-b8ec-701ad2eb7ab0,00000000-0000-0000-0000-000000000001,3b810b8a-a13d-485f-b818-594238b2b0a3,bed,5dda0b14-713b-46d0-a6ce-a7a33a2fb6f9,10c6863d-07c3-4fc4-94f9-6adc29157ce1,dcfddc61-693e-2180-1cf6-f3e8e0dd40d8,2026-04-10,null,2026-04-10 22:56:02.195967+00
84073176-f576-43a9-ab88-4496f42eb3f8,00000000-0000-0000-0000-000000000001,42a93c58-fb3e-4aaf-a63d-91102387a922,bed,5dda0b14-713b-46d0-a6ce-a7a33a2fb6f9,10c6863d-07c3-4fc4-94f9-6adc29157ce1,84952c96-2043-cf2d-46cc-061e64428c28,2026-04-10,null,2026-04-10 22:56:02.195967+00
0e741ccb-faf6-474d-86d3-2a5f148cb010,00000000-0000-0000-0000-000000000001,42a93c58-fb3e-4aaf-a63d-91102387a922,bed,5dda0b14-713b-46d0-a6ce-a7a33a2fb6f9,10c6863d-07c3-4fc4-94f9-6adc29157ce1,32dfa2d6-dbf8-4dd2-90a0-e664e838b0ac,2026-04-10,null,2026-04-10 22:56:02.195967+00
f0dee011-26d0-47f2-8fdd-f00af391303d,00000000-0000-0000-0000-000000000001,42a93c58-fb3e-4aaf-a63d-91102387a922,bed,5dda0b14-713b-46d0-a6ce-a7a33a2fb6f9,10c6863d-07c3-4fc4-94f9-6adc29157ce1,51597632-5648-1987-017c-c65e2ad300f8,2026-04-10,null,2026-04-10 22:56:02.195967+00
e0ff3471-028f-44b9-acef-dbc6b4865b43,00000000-0000-0000-0000-000000000001,cd778700-b2bf-4051-b6b7-2278bcb1bae2,bed,5dda0b14-713b-46d0-a6ce-a7a33a2fb6f9,990e8a3e-a69c-7b31-f606-3eeb21e3d4c6,28adcae8-d3f2-7d01-473b-45f62020cdc0,2026-04-10,null,2026-04-10 22:56:02.195967+00
82b4151b-d979-4448-b114-02f668da6f76,00000000-0000-0000-0000-000000000001,03f8aa98-9864-42fd-921e-06eddab47e98,bed,5dda0b14-713b-46d0-a6ce-a7a33a2fb6f9,990e8a3e-a69c-7b31-f606-3eeb21e3d4c6,64cc49bd-a361-2d41-45ab-ba260eff90bc,2026-04-10,null,2026-04-10 22:56:02.195967+00
9caa6c66-dedb-441c-a136-b145388a7baf,00000000-0000-0000-0000-000000000001,03f8aa98-9864-42fd-921e-06eddab47e98,bed,5dda0b14-713b-46d0-a6ce-a7a33a2fb6f9,990e8a3e-a69c-7b31-f606-3eeb21e3d4c6,f226894e-3765-1bd7-6cda-03e887bc56b3,2026-04-10,null,2026-04-10 22:56:02.195967+00
9642fb3e-7feb-4f0d-b512-47ad4a3f71ee,00000000-0000-0000-0000-000000000001,913bd3e8-1251-4191-882d-e8ea0cfe6e5b,bed,5dda0b14-713b-46d0-a6ce-a7a33a2fb6f9,990e8a3e-a69c-7b31-f606-3eeb21e3d4c6,7aa135ce-55b9-8787-a51c-fa6c42aad3b2,2026-04-10,null,2026-04-10 22:56:02.195967+00
1df7895f-7127-425d-b911-d35219a3b04c,00000000-0000-0000-0000-000000000001,913bd3e8-1251-4191-882d-e8ea0cfe6e5b,bed,5dda0b14-713b-46d0-a6ce-a7a33a2fb6f9,990e8a3e-a69c-7b31-f606-3eeb21e3d4c6,e5f8d124-710a-6c9f-2667-88950dcc7e60,2026-04-10,null,2026-04-10 22:56:02.195967+00
8698fdc7-fc5b-4cd8-8db0-e3595c02ccc6,00000000-0000-0000-0000-000000000001,c1635bf9-84fe-4950-8d89-57c157a57cea,bed,5dda0b14-713b-46d0-a6ce-a7a33a2fb6f9,990e8a3e-a69c-7b31-f606-3eeb21e3d4c6,64cc49bd-a361-2d41-45ab-ba260eff90bc,2026-04-10,null,2026-04-10 22:56:02.195967+00
8e4de5d0-2175-46e8-a055-d2bc1f112c91,00000000-0000-0000-0000-000000000001,3babeb92-9e7c-4877-8eea-8b0a471e1e37,bed,5dda0b14-713b-46d0-a6ce-a7a33a2fb6f9,990e8a3e-a69c-7b31-f606-3eeb21e3d4c6,f226894e-3765-1bd7-6cda-03e887bc56b3,2026-04-10,null,2026-04-10 22:56:02.195967+00
bf338fbc-3c3c-467e-bfe0-972710bc9bed,00000000-0000-0000-0000-000000000001,16a9c5c4-e252-4489-9365-7260adc68a58,bed,5dda0b14-713b-46d0-a6ce-a7a33a2fb6f9,990e8a3e-a69c-7b31-f606-3eeb21e3d4c6,7aa135ce-55b9-8787-a51c-fa6c42aad3b2,2026-04-10,null,2026-04-10 22:56:02.195967+00
05ed0a63-0a01-422e-ba08-370795d58772,00000000-0000-0000-0000-000000000001,24963069-d2f4-4107-9883-55c4d071fd2a,bed,5dda0b14-713b-46d0-a6ce-a7a33a2fb6f9,990e8a3e-a69c-7b31-f606-3eeb21e3d4c6,e5f8d124-710a-6c9f-2667-88950dcc7e60,2026-04-10,null,2026-04-10 22:56:02.195967+00
84f1ce81-22bb-4b30-8bca-bb20768de12a,00000000-0000-0000-0000-000000000001,35367d45-b3a1-4d40-92af-5c258bea5f38,bed,5dda0b14-713b-46d0-a6ce-a7a33a2fb6f9,990e8a3e-a69c-7b31-f606-3eeb21e3d4c6,28adcae8-d3f2-7d01-473b-45f62020cdc0,2026-04-10,null,2026-04-10 22:56:02.195967+00
d7a188a4-41a4-4543-9eaf-68afad995aa0,00000000-0000-0000-0000-000000000001,817e98c4-6771-46ed-ae5d-01ed711583d4,apartment,5dda0b14-713b-46d0-a6ce-a7a33a2fb6f9,990e8a3e-a69c-7b31-f606-3eeb21e3d4c6,null,2026-04-10,null,2026-04-10 22:56:02.195967+00
a3174753-94db-49e8-82ab-18a421a9b8a1,00000000-0000-0000-0000-000000000001,7751ba9f-dfef-474b-83ee-e42c143fecc1,apartment,5dda0b14-713b-46d0-a6ce-a7a33a2fb6f9,990e8a3e-a69c-7b31-f606-3eeb21e3d4c6,null,2026-04-10,null,2026-04-10 22:56:02.195967+00
0d50ce54-ed1f-4c84-9a08-811f6ea10a72,00000000-0000-0000-0000-000000000001,98438b20-af8b-48b2-a21a-1d9af3300770,apartment,5dda0b14-713b-46d0-a6ce-a7a33a2fb6f9,990e8a3e-a69c-7b31-f606-3eeb21e3d4c6,null,2026-04-10,null,2026-04-10 22:56:02.195967+00
5d44f697-9ad6-4ae8-b62c-2a8d990de782,00000000-0000-0000-0000-000000000001,47a5b915-c061-4dc5-b9a2-149a9bc68fa4,bed,5dda0b14-713b-46d0-a6ce-a7a33a2fb6f9,990e8a3e-a69c-7b31-f606-3eeb21e3d4c6,28adcae8-d3f2-7d01-473b-45f62020cdc0,2026-04-10,null,2026-04-10 22:56:02.195967+00
5638ca61-84eb-4977-ac77-24305c2b4916,00000000-0000-0000-0000-000000000001,5234a811-e5d6-4f40-8bf4-8d722f1c3a5e,bed,5dda0b14-713b-46d0-a6ce-a7a33a2fb6f9,990e8a3e-a69c-7b31-f606-3eeb21e3d4c6,64cc49bd-a361-2d41-45ab-ba260eff90bc,2026-04-10,null,2026-04-10 22:56:02.195967+00
a2cce523-257e-4d78-9db5-d009e361d100,00000000-0000-0000-0000-000000000001,45e463a8-0e2d-47de-8890-6b0ca0998640,bed,5dda0b14-713b-46d0-a6ce-a7a33a2fb6f9,990e8a3e-a69c-7b31-f606-3eeb21e3d4c6,f226894e-3765-1bd7-6cda-03e887bc56b3,2026-04-10,null,2026-04-10 22:56:02.195967+00
89df49c2-70cc-4164-9363-86be73fc8887,00000000-0000-0000-0000-000000000001,03fe3424-4bba-4d3c-bbbc-789001f85cfb,bed,5dda0b14-713b-46d0-a6ce-a7a33a2fb6f9,990e8a3e-a69c-7b31-f606-3eeb21e3d4c6,7aa135ce-55b9-8787-a51c-fa6c42aad3b2,2026-04-10,null,2026-04-10 22:56:02.195967+00
a416eeac-ba6a-4635-9baa-acd60464fc5f,00000000-0000-0000-0000-000000000001,769a1796-ea59-47f9-83cc-700979abbf1c,bed,5dda0b14-713b-46d0-a6ce-a7a33a2fb6f9,990e8a3e-a69c-7b31-f606-3eeb21e3d4c6,e5f8d124-710a-6c9f-2667-88950dcc7e60,2026-04-10,null,2026-04-10 22:56:02.195967+00
efbfa35c-b413-43cb-9937-23bb17bceb9d,00000000-0000-0000-0000-000000000001,d3ebb9f9-47a3-4bc3-adb6-378a8a6eba2c,bed,5dda0b14-713b-46d0-a6ce-a7a33a2fb6f9,990e8a3e-a69c-7b31-f606-3eeb21e3d4c6,28adcae8-d3f2-7d01-473b-45f62020cdc0,2026-04-10,null,2026-04-10 22:56:02.195967+00
b267870b-6d84-451a-9207-c602106b624d,00000000-0000-0000-0000-000000000001,de3adc91-55a2-4fea-b7b5-af818e51d2d2,bed,5dda0b14-713b-46d0-a6ce-a7a33a2fb6f9,990e8a3e-a69c-7b31-f606-3eeb21e3d4c6,64cc49bd-a361-2d41-45ab-ba260eff90bc,2026-04-10,null,2026-04-10 22:56:02.195967+00
d0b906be-53cb-4932-b7fa-546d287560e6,00000000-0000-0000-0000-000000000001,f90eb50c-e8da-42f8-ab5b-39e01233c585,bed,5dda0b14-713b-46d0-a6ce-a7a33a2fb6f9,990e8a3e-a69c-7b31-f606-3eeb21e3d4c6,f226894e-3765-1bd7-6cda-03e887bc56b3,2026-04-10,null,2026-04-10 22:56:02.195967+00
bb7228de-a929-44d7-b39b-c4e09b8d5391,00000000-0000-0000-0000-000000000001,65468591-7e47-4008-a7ce-c086621832da,bed,5dda0b14-713b-46d0-a6ce-a7a33a2fb6f9,990e8a3e-a69c-7b31-f606-3eeb21e3d4c6,7aa135ce-55b9-8787-a51c-fa6c42aad3b2,2026-04-10,null,2026-04-10 22:56:02.195967+00
4983273e-031d-4d90-9d69-4d3184e1aae7,00000000-0000-0000-0000-000000000001,4f48d094-6bbb-4944-a409-69e8d7e7fb23,bed,5dda0b14-713b-46d0-a6ce-a7a33a2fb6f9,990e8a3e-a69c-7b31-f606-3eeb21e3d4c6,e5f8d124-710a-6c9f-2667-88950dcc7e60,2026-04-10,null,2026-04-10 22:56:02.195967+00
628835fd-cb17-46c7-ac2f-300b8830dffd,00000000-0000-0000-0000-000000000001,6d7fa04f-1cf0-4161-b2b6-650870375bda,apartment,5dda0b14-713b-46d0-a6ce-a7a33a2fb6f9,990e8a3e-a69c-7b31-f606-3eeb21e3d4c6,null,2026-04-10,null,2026-04-10 22:56:02.195967+00
7a0ac7ed-680a-44d2-9df6-6d93b46d2f05,00000000-0000-0000-0000-000000000001,181aff97-914b-4ff9-b980-bdff1ecec62b,bed,5dda0b14-713b-46d0-a6ce-a7a33a2fb6f9,990e8a3e-a69c-7b31-f606-3eeb21e3d4c6,28adcae8-d3f2-7d01-473b-45f62020cdc0,2026-04-10,null,2026-04-10 22:56:02.195967+00
f58f5b6a-195b-4aa1-9e04-6e0c33765f5a,00000000-0000-0000-0000-000000000001,3cd43d6f-933d-4917-9b7d-296ae90d9d4f,bed,5dda0b14-713b-46d0-a6ce-a7a33a2fb6f9,990e8a3e-a69c-7b31-f606-3eeb21e3d4c6,64cc49bd-a361-2d41-45ab-ba260eff90bc,2026-04-10,null,2026-04-10 22:56:02.195967+00
57d102cb-5c19-49f2-91ab-ed0a2659f123,00000000-0000-0000-0000-000000000001,3cd43d6f-933d-4917-9b7d-296ae90d9d4f,bed,5dda0b14-713b-46d0-a6ce-a7a33a2fb6f9,990e8a3e-a69c-7b31-f606-3eeb21e3d4c6,f226894e-3765-1bd7-6cda-03e887bc56b3,2026-04-10,null,2026-04-10 22:56:02.195967+00
009eebc1-9e27-47f1-9dc1-46091474ac3c,00000000-0000-0000-0000-000000000001,a10f37e4-1c2b-474e-a941-3c6b07304636,bed,5dda0b14-713b-46d0-a6ce-a7a33a2fb6f9,990e8a3e-a69c-7b31-f606-3eeb21e3d4c6,7aa135ce-55b9-8787-a51c-fa6c42aad3b2,2026-04-10,null,2026-04-10 22:56:02.195967+00
92e7b10b-e0cf-4552-953f-5069d3011900,00000000-0000-0000-0000-000000000001,a10f37e4-1c2b-474e-a941-3c6b07304636,bed,5dda0b14-713b-46d0-a6ce-a7a33a2fb6f9,990e8a3e-a69c-7b31-f606-3eeb21e3d4c6,e5f8d124-710a-6c9f-2667-88950dcc7e60,2026-04-10,null,2026-04-10 22:56:02.195967+00
99ef1067-53c7-4b00-baab-c0e170e27ffc,00000000-0000-0000-0000-000000000001,a6b72698-0c60-4dd3-9d9b-c74e36ac3dd0,apartment,5dda0b14-713b-46d0-a6ce-a7a33a2fb6f9,990e8a3e-a69c-7b31-f606-3eeb21e3d4c6,null,2026-04-10,null,2026-04-10 22:56:02.195967+00
8bf29cc8-0d01-4791-9bca-d1c4425ea63a,00000000-0000-0000-0000-000000000001,833435bc-94b1-43c6-87df-b61107dcd42d,apartment,5dda0b14-713b-46d0-a6ce-a7a33a2fb6f9,990e8a3e-a69c-7b31-f606-3eeb21e3d4c6,null,2026-04-10,null,2026-04-10 22:56:02.195967+00
ee4686ff-1682-4679-8d6b-7c50294021fe,00000000-0000-0000-0000-000000000001,7b9f145a-7e41-4d81-bfc9-4b93655acd42,bed,5dda0b14-713b-46d0-a6ce-a7a33a2fb6f9,990e8a3e-a69c-7b31-f606-3eeb21e3d4c6,28adcae8-d3f2-7d01-473b-45f62020cdc0,2026-04-10,null,2026-04-10 22:56:02.195967+00
3920dabd-92a7-403f-a637-590e51fb1086,00000000-0000-0000-0000-000000000001,ca7e5ae6-5cdc-4eb6-9bca-f77f46073e56,bed,5dda0b14-713b-46d0-a6ce-a7a33a2fb6f9,990e8a3e-a69c-7b31-f606-3eeb21e3d4c6,64cc49bd-a361-2d41-45ab-ba260eff90bc,2026-04-10,null,2026-04-10 22:56:02.195967+00
73e3e47e-f96f-415d-9784-f7390a4f2139,00000000-0000-0000-0000-000000000001,32f51b37-6aba-4300-aba2-209af6632e03,bed,5dda0b14-713b-46d0-a6ce-a7a33a2fb6f9,990e8a3e-a69c-7b31-f606-3eeb21e3d4c6,f226894e-3765-1bd7-6cda-03e887bc56b3,2026-04-10,null,2026-04-10 22:56:02.195967+00
11d77ee2-1a3f-4518-88f2-58e2a536cfa3,00000000-0000-0000-0000-000000000001,562b4f84-2305-48e7-bfc9-0550813e4e62,bed,5dda0b14-713b-46d0-a6ce-a7a33a2fb6f9,990e8a3e-a69c-7b31-f606-3eeb21e3d4c6,7aa135ce-55b9-8787-a51c-fa6c42aad3b2,2026-04-10,null,2026-04-10 22:56:02.195967+00
c3dd6276-7f2e-4ba4-819e-9da6686eb0e0,00000000-0000-0000-0000-000000000001,795096e5-898a-435c-8bc9-72be48b2eb50,bed,5dda0b14-713b-46d0-a6ce-a7a33a2fb6f9,990e8a3e-a69c-7b31-f606-3eeb21e3d4c6,e5f8d124-710a-6c9f-2667-88950dcc7e60,2026-04-10,null,2026-04-10 22:56:02.195967+00
5a7d65ed-9bb8-472a-945e-c4d6d0fdda60,00000000-0000-0000-0000-000000000001,aa3a102d-6c37-442a-bc9d-f42a56a6959a,apartment,5dda0b14-713b-46d0-a6ce-a7a33a2fb6f9,990e8a3e-a69c-7b31-f606-3eeb21e3d4c6,null,2026-04-10,null,2026-04-10 22:56:02.195967+00
5d2ecda3-aeca-4c1f-908a-69a2ebbccfbc,00000000-0000-0000-0000-000000000001,b57f0cee-940f-45d9-8b3a-409c9d782183,apartment,5dda0b14-713b-46d0-a6ce-a7a33a2fb6f9,990e8a3e-a69c-7b31-f606-3eeb21e3d4c6,null,2026-04-10,null,2026-04-10 22:56:02.195967+00
12f4f95d-bf61-4dfc-906f-a97115a30a22,00000000-0000-0000-0000-000000000001,e1ee1927-859c-44fb-beee-1211b3c1828a,apartment,5dda0b14-713b-46d0-a6ce-a7a33a2fb6f9,990e8a3e-a69c-7b31-f606-3eeb21e3d4c6,null,2025-10-27,null,2026-04-10 22:56:02.195967+00
cbc3244b-7183-4188-a0b2-02edbd8f4c05,00000000-0000-0000-0000-000000000001,0b7229be-01ca-4c95-941d-ecc2aeffb8da,apartment,5dda0b14-713b-46d0-a6ce-a7a33a2fb6f9,990e8a3e-a69c-7b31-f606-3eeb21e3d4c6,null,2026-04-10,null,2026-04-10 22:56:02.195967+00
b250a851-eac4-491f-992f-fe2f726a66b9,00000000-0000-0000-0000-000000000001,6e028850-49de-43f8-9efd-6e1948511c05,apartment,5dda0b14-713b-46d0-a6ce-a7a33a2fb6f9,990e8a3e-a69c-7b31-f606-3eeb21e3d4c6,null,2026-04-10,null,2026-04-10 22:56:02.195967+00
6bc35912-f310-4aff-b960-581fc8f2d769,00000000-0000-0000-0000-000000000001,16c1e201-7326-4f06-8807-c30fad39f4e9,bed,5dda0b14-713b-46d0-a6ce-a7a33a2fb6f9,990e8a3e-a69c-7b31-f606-3eeb21e3d4c6,28adcae8-d3f2-7d01-473b-45f62020cdc0,2026-04-10,null,2026-04-10 22:56:02.195967+00
51dd60f5-e706-4a24-b908-c728e85c8066,00000000-0000-0000-0000-000000000001,f135cb93-1c8e-45d6-a207-9b52d16c8ba5,apartment,5dda0b14-713b-46d0-a6ce-a7a33a2fb6f9,990e8a3e-a69c-7b31-f606-3eeb21e3d4c6,null,2026-04-10,null,2026-04-10 22:56:02.195967+00
c75a8e90-79b7-458d-9efb-cbe9b6474b57,00000000-0000-0000-0000-000000000001,83931711-dceb-4259-ba6a-556a897f87c8,apartment,5dda0b14-713b-46d0-a6ce-a7a33a2fb6f9,990e8a3e-a69c-7b31-f606-3eeb21e3d4c6,null,2026-04-10,null,2026-04-10 22:56:02.195967+00
821ad469-b751-414e-b5fd-4a5ca86cb570,00000000-0000-0000-0000-000000000001,3a182355-af17-484a-af61-8ec8dc4547e3,apartment,5dda0b14-713b-46d0-a6ce-a7a33a2fb6f9,990e8a3e-a69c-7b31-f606-3eeb21e3d4c6,null,2026-04-10,null,2026-04-10 22:56:02.195967+00
98eb8469-83ba-433b-98b5-4053fe452815,00000000-0000-0000-0000-000000000001,ef6fcdbb-25b5-4b87-a2dc-489af0a5b712,bed,5dda0b14-713b-46d0-a6ce-a7a33a2fb6f9,990e8a3e-a69c-7b31-f606-3eeb21e3d4c6,7aa135ce-55b9-8787-a51c-fa6c42aad3b2,2025-06-17,null,2026-04-10 22:56:02.195967+00
a98d23ec-7482-47e9-929c-96e5fe02ab59,00000000-0000-0000-0000-000000000001,ef6fcdbb-25b5-4b87-a2dc-489af0a5b712,bed,5dda0b14-713b-46d0-a6ce-a7a33a2fb6f9,990e8a3e-a69c-7b31-f606-3eeb21e3d4c6,e5f8d124-710a-6c9f-2667-88950dcc7e60,2025-06-17,null,2026-04-10 22:56:02.195967+00
2dbb8c34-ac03-4785-a518-82e0051e3025,00000000-0000-0000-0000-000000000001,03ba51ea-96a3-47dd-ac56-6c066cd9a16d,bed,5dda0b14-713b-46d0-a6ce-a7a33a2fb6f9,990e8a3e-a69c-7b31-f606-3eeb21e3d4c6,28adcae8-d3f2-7d01-473b-45f62020cdc0,2025-06-17,null,2026-04-10 22:56:02.195967+00
246d9fa0-9b5a-488e-8535-5dd7c6dfba10,00000000-0000-0000-0000-000000000001,749517a3-bc94-4092-94b6-48c55df52b27,apartment,5dda0b14-713b-46d0-a6ce-a7a33a2fb6f9,990e8a3e-a69c-7b31-f606-3eeb21e3d4c6,null,2026-04-10,null,2026-04-10 22:56:02.195967+00
4e93f947-24b3-43b5-89df-af16f788f622,00000000-0000-0000-0000-000000000001,ad7e715a-8f05-4936-90b6-0613392bf3b3,apartment,5dda0b14-713b-46d0-a6ce-a7a33a2fb6f9,990e8a3e-a69c-7b31-f606-3eeb21e3d4c6,null,2026-04-10,null,2026-04-10 22:56:02.195967+00
f2754f86-2a6d-4eab-8500-c3e02e23df84,00000000-0000-0000-0000-000000000001,2920e94a-8321-4019-8aac-1ead84f7559e,bed,5dda0b14-713b-46d0-a6ce-a7a33a2fb6f9,990e8a3e-a69c-7b31-f606-3eeb21e3d4c6,28adcae8-d3f2-7d01-473b-45f62020cdc0,2026-04-10,null,2026-04-10 22:56:02.195967+00
03d16ea7-51ad-49d8-a716-eae92f5717d6,00000000-0000-0000-0000-000000000001,2920e94a-8321-4019-8aac-1ead84f7559e,bed,5dda0b14-713b-46d0-a6ce-a7a33a2fb6f9,990e8a3e-a69c-7b31-f606-3eeb21e3d4c6,7aa135ce-55b9-8787-a51c-fa6c42aad3b2,2026-04-10,null,2026-04-10 22:56:02.195967+00
4be0730f-a24c-40bf-899c-b253a25eece9,00000000-0000-0000-0000-000000000001,2920e94a-8321-4019-8aac-1ead84f7559e,bed,5dda0b14-713b-46d0-a6ce-a7a33a2fb6f9,990e8a3e-a69c-7b31-f606-3eeb21e3d4c6,e5f8d124-710a-6c9f-2667-88950dcc7e60,2026-04-10,null,2026-04-10 22:56:02.195967+00
543d8687-93d2-4ec0-aca6-2d93e3190c35,00000000-0000-0000-0000-000000000001,fd1af9e3-4206-4c49-83bb-d64ddf1b56d1,bed,5dda0b14-713b-46d0-a6ce-a7a33a2fb6f9,1b4d1066-8fe4-199b-7b3b-39e4bded9714,fd6cdb68-6242-d6f8-7bf2-78d3e2483220,2026-04-10,null,2026-04-10 22:56:02.195967+00
68a70d27-2154-4e51-a89a-9cb66bcc9669,00000000-0000-0000-0000-000000000001,aa6f4ce6-e2ac-44f0-917b-0f04f9a1896f,bed,5dda0b14-713b-46d0-a6ce-a7a33a2fb6f9,1b4d1066-8fe4-199b-7b3b-39e4bded9714,18323ac7-06c3-e126-fb43-8a9b6cbb53ba,2026-04-10,null,2026-04-10 22:56:02.195967+00
6f56c813-2bdc-49db-9e93-a1506515a367,00000000-0000-0000-0000-000000000001,aa6f4ce6-e2ac-44f0-917b-0f04f9a1896f,bed,5dda0b14-713b-46d0-a6ce-a7a33a2fb6f9,1b4d1066-8fe4-199b-7b3b-39e4bded9714,e490e3a6-9e5c-a6b8-a156-bfb492b8b0a4,2026-04-10,null,2026-04-10 22:56:02.195967+00
e2bbcaaa-b0d0-488f-b2ff-6c5f2d3150f7,00000000-0000-0000-0000-000000000001,cfa76754-d580-4670-92e0-17f2be4dc13a,bed,5dda0b14-713b-46d0-a6ce-a7a33a2fb6f9,1b4d1066-8fe4-199b-7b3b-39e4bded9714,5b329584-dbb7-69f7-f834-ca10e997588e,2026-04-10,null,2026-04-10 22:56:02.195967+00
7d0688ea-9f9e-481d-8a46-a4b8147f6634,00000000-0000-0000-0000-000000000001,cfa76754-d580-4670-92e0-17f2be4dc13a,bed,5dda0b14-713b-46d0-a6ce-a7a33a2fb6f9,1b4d1066-8fe4-199b-7b3b-39e4bded9714,0c9684aa-8ff5-082e-bdcd-2f3ddeefce53,2026-04-10,null,2026-04-10 22:56:02.195967+00
2fd9f9e1-6602-402c-bca3-cb86c6bc6240,00000000-0000-0000-0000-000000000001,1b6c25dd-0b0e-42c8-bcbe-4db643f93f0c,bed,5dda0b14-713b-46d0-a6ce-a7a33a2fb6f9,1b4d1066-8fe4-199b-7b3b-39e4bded9714,a7224399-02e5-e81c-026b-031bd1393be8,2026-04-10,null,2026-04-10 22:56:02.195967+00
74dd8cbd-66b2-41ab-bcf3-4579bc7fc8ad,00000000-0000-0000-0000-000000000001,1b6c25dd-0b0e-42c8-bcbe-4db643f93f0c,apartment,5dda0b14-713b-46d0-a6ce-a7a33a2fb6f9,1b4d1066-8fe4-199b-7b3b-39e4bded9714,null,2026-04-10,null,2026-04-10 22:56:02.195967+00
64033866-d496-4bbe-99c2-79776db0e0e4,00000000-0000-0000-0000-000000000001,8ba23bd2-c79d-47f8-bd9a-fce14d69fd65,bed,5dda0b14-713b-46d0-a6ce-a7a33a2fb6f9,1b4d1066-8fe4-199b-7b3b-39e4bded9714,18323ac7-06c3-e126-fb43-8a9b6cbb53ba,2026-04-10,null,2026-04-10 22:56:02.195967+00
d82b40db-cac9-46ba-beda-c48907e46c27,00000000-0000-0000-0000-000000000001,4464c94c-a1a3-4658-ae52-805edad1df56,bed,5dda0b14-713b-46d0-a6ce-a7a33a2fb6f9,1b4d1066-8fe4-199b-7b3b-39e4bded9714,e490e3a6-9e5c-a6b8-a156-bfb492b8b0a4,2026-04-10,null,2026-04-10 22:56:02.195967+00
4213ea52-a844-4cff-a643-e63aa9c24b7a,00000000-0000-0000-0000-000000000001,2eeaf69b-4bcd-43a6-8524-04b30682d1e9,bed,5dda0b14-713b-46d0-a6ce-a7a33a2fb6f9,1b4d1066-8fe4-199b-7b3b-39e4bded9714,fd6cdb68-6242-d6f8-7bf2-78d3e2483220,2026-04-10,null,2026-04-10 22:56:02.195967+00
830e3332-6242-470d-b341-9f807bc99e5f,00000000-0000-0000-0000-000000000001,abbddbc2-3cd2-414a-84e5-692d259381b4,apartment,5dda0b14-713b-46d0-a6ce-a7a33a2fb6f9,1b4d1066-8fe4-199b-7b3b-39e4bded9714,null,2026-04-10,null,2026-04-10 22:56:02.195967+00
fce81027-ffa0-4cbb-b74c-1c16025e4268,00000000-0000-0000-0000-000000000001,32993506-874a-4edd-a56e-fc3ee5c56e32,apartment,5dda0b14-713b-46d0-a6ce-a7a33a2fb6f9,1b4d1066-8fe4-199b-7b3b-39e4bded9714,null,2026-04-10,null,2026-04-10 22:56:02.195967+00
1a6b1b49-21b3-4c65-b289-32bfc24f2e1a,00000000-0000-0000-0000-000000000001,aa4724c2-3c52-4130-a4e7-5a3e62a3ee94,apartment,5dda0b14-713b-46d0-a6ce-a7a33a2fb6f9,1b4d1066-8fe4-199b-7b3b-39e4bded9714,null,2026-04-10,null,2026-04-10 22:56:02.195967+00
dabc77d3-97fe-4ea4-86b3-be538df37c7e,00000000-0000-0000-0000-000000000001,c6fbf854-513f-4f1a-8387-5088b586820c,bed,5dda0b14-713b-46d0-a6ce-a7a33a2fb6f9,1b4d1066-8fe4-199b-7b3b-39e4bded9714,fd6cdb68-6242-d6f8-7bf2-78d3e2483220,2026-04-10,null,2026-04-10 22:56:02.195967+00
d54d1364-d9e4-4e57-8dbb-57bdb937052b,00000000-0000-0000-0000-000000000001,467e67f5-5fb7-4ca2-9c43-64842541479e,bed,5dda0b14-713b-46d0-a6ce-a7a33a2fb6f9,1b4d1066-8fe4-199b-7b3b-39e4bded9714,18323ac7-06c3-e126-fb43-8a9b6cbb53ba,2026-04-10,null,2026-04-10 22:56:02.195967+00
ac2df24c-02a0-45e5-bb8b-325a61409ee6,00000000-0000-0000-0000-000000000001,c4d6843e-c74f-4b27-a79b-63b2ab94c5cb,bed,5dda0b14-713b-46d0-a6ce-a7a33a2fb6f9,1b4d1066-8fe4-199b-7b3b-39e4bded9714,e490e3a6-9e5c-a6b8-a156-bfb492b8b0a4,2026-04-10,null,2026-04-10 22:56:02.195967+00
636f1fe4-6ae9-4b9a-b291-0d091471fc1a,00000000-0000-0000-0000-000000000001,d63bdc7f-0717-4f48-aebb-450267416c25,bed,5dda0b14-713b-46d0-a6ce-a7a33a2fb6f9,1b4d1066-8fe4-199b-7b3b-39e4bded9714,5b329584-dbb7-69f7-f834-ca10e997588e,2026-04-10,null,2026-04-10 22:56:02.195967+00
ca5a02c9-61a2-49fb-aa8f-c93a1956ecce,00000000-0000-0000-0000-000000000001,7958e246-d772-42bc-9c5d-549ec334c83f,bed,5dda0b14-713b-46d0-a6ce-a7a33a2fb6f9,1b4d1066-8fe4-199b-7b3b-39e4bded9714,0c9684aa-8ff5-082e-bdcd-2f3ddeefce53,2026-04-10,null,2026-04-10 22:56:02.195967+00
feae2203-6408-477f-81ab-c913040f0dce,00000000-0000-0000-0000-000000000001,afa07e17-7a28-4d1c-b44b-9674e9231833,apartment,5dda0b14-713b-46d0-a6ce-a7a33a2fb6f9,1b4d1066-8fe4-199b-7b3b-39e4bded9714,null,2026-04-10,null,2026-04-10 22:56:02.195967+00
55c063e8-1498-4805-9ed7-87ca7e2d4e9f,00000000-0000-0000-0000-000000000001,0fb1f284-9504-46f4-a7f2-7b839453ddee,bed,5dda0b14-713b-46d0-a6ce-a7a33a2fb6f9,1b4d1066-8fe4-199b-7b3b-39e4bded9714,fd6cdb68-6242-d6f8-7bf2-78d3e2483220,2026-04-10,null,2026-04-10 22:56:02.195967+00
f8754a50-a049-4a09-8b65-90131b8388e2,00000000-0000-0000-0000-000000000001,ab3c3030-0269-46a0-b467-5c10b0dc3d24,bed,5dda0b14-713b-46d0-a6ce-a7a33a2fb6f9,1b4d1066-8fe4-199b-7b3b-39e4bded9714,18323ac7-06c3-e126-fb43-8a9b6cbb53ba,2026-04-10,null,2026-04-10 22:56:02.195967+00
6214a1dc-fa96-4f5e-8fb1-6fbf8de7e2bd,00000000-0000-0000-0000-000000000001,fc7c7ce3-e4f4-4022-9765-9ebce66e4bda,bed,5dda0b14-713b-46d0-a6ce-a7a33a2fb6f9,1b4d1066-8fe4-199b-7b3b-39e4bded9714,e490e3a6-9e5c-a6b8-a156-bfb492b8b0a4,2026-04-10,null,2026-04-10 22:56:02.195967+00
ba4b0974-9637-43ff-a05d-0a5055d1ccea,00000000-0000-0000-0000-000000000001,5b6a9197-5455-4442-bd19-7ef10a303dff,bed,5dda0b14-713b-46d0-a6ce-a7a33a2fb6f9,1b4d1066-8fe4-199b-7b3b-39e4bded9714,5b329584-dbb7-69f7-f834-ca10e997588e,2026-04-10,null,2026-04-10 22:56:02.195967+00
ef97b828-563c-4105-b3bc-d854ee35d617,00000000-0000-0000-0000-000000000001,c150ff65-0b95-44c3-a999-61f17d23da16,bed,5dda0b14-713b-46d0-a6ce-a7a33a2fb6f9,1b4d1066-8fe4-199b-7b3b-39e4bded9714,0c9684aa-8ff5-082e-bdcd-2f3ddeefce53,2026-04-10,null,2026-04-10 22:56:02.195967+00
46d35baa-e907-45bd-8ff0-3912ce2bfa51,00000000-0000-0000-0000-000000000001,f9dab561-ef4b-4d81-bc36-5ea24970752b,apartment,5dda0b14-713b-46d0-a6ce-a7a33a2fb6f9,1b4d1066-8fe4-199b-7b3b-39e4bded9714,null,2026-04-10,null,2026-04-10 22:56:02.195967+00
11563b5f-c66d-4481-90a3-56cdec1e37ff,00000000-0000-0000-0000-000000000001,d614059b-8e23-4178-87e0-c62a97e5e84c,apartment,5dda0b14-713b-46d0-a6ce-a7a33a2fb6f9,1b4d1066-8fe4-199b-7b3b-39e4bded9714,null,2026-04-10,null,2026-04-10 22:56:02.195967+00
8efb795e-af5c-4ec9-872d-a92497e29b7f,00000000-0000-0000-0000-000000000001,1800a8a6-cde0-4997-a8b0-2809060b4a04,bed,5dda0b14-713b-46d0-a6ce-a7a33a2fb6f9,1b4d1066-8fe4-199b-7b3b-39e4bded9714,fd6cdb68-6242-d6f8-7bf2-78d3e2483220,2026-04-10,null,2026-04-10 22:56:02.195967+00
8a41cbef-3c88-4f51-8f77-6a79fc841c7f,00000000-0000-0000-0000-000000000001,c6d65f33-8882-4758-a18f-9660657339e8,bed,5dda0b14-713b-46d0-a6ce-a7a33a2fb6f9,1b4d1066-8fe4-199b-7b3b-39e4bded9714,18323ac7-06c3-e126-fb43-8a9b6cbb53ba,2026-04-10,null,2026-04-10 22:56:02.195967+00
488bd378-1394-4ee0-b389-cc1442cd0a2d,00000000-0000-0000-0000-000000000001,c6d65f33-8882-4758-a18f-9660657339e8,bed,5dda0b14-713b-46d0-a6ce-a7a33a2fb6f9,1b4d1066-8fe4-199b-7b3b-39e4bded9714,e490e3a6-9e5c-a6b8-a156-bfb492b8b0a4,2026-04-10,null,2026-04-10 22:56:02.195967+00
2419ccb7-0423-40f4-ad11-ecb973fb232a,00000000-0000-0000-0000-000000000001,c58f8aa4-d7cc-424f-b374-f173f91be3bf,bed,5dda0b14-713b-46d0-a6ce-a7a33a2fb6f9,1b4d1066-8fe4-199b-7b3b-39e4bded9714,5b329584-dbb7-69f7-f834-ca10e997588e,2026-04-10,null,2026-04-10 22:56:02.195967+00
f72caa80-bb92-4f0f-8ed6-444b923c0059,00000000-0000-0000-0000-000000000001,c58f8aa4-d7cc-424f-b374-f173f91be3bf,bed,5dda0b14-713b-46d0-a6ce-a7a33a2fb6f9,1b4d1066-8fe4-199b-7b3b-39e4bded9714,0c9684aa-8ff5-082e-bdcd-2f3ddeefce53,2026-04-10,null,2026-04-10 22:56:02.195967+00
5b91c41e-76a6-49b5-9980-50f8b4f7ae3f,00000000-0000-0000-0000-000000000001,1c2b1ca8-c7d4-4c53-94c8-62837e542238,bed,5dda0b14-713b-46d0-a6ce-a7a33a2fb6f9,1b4d1066-8fe4-199b-7b3b-39e4bded9714,a7224399-02e5-e81c-026b-031bd1393be8,2026-04-10,null,2026-04-10 22:56:02.195967+00
8dd4a4a0-7b0d-4329-a944-b12774f3446d,00000000-0000-0000-0000-000000000001,1c2b1ca8-c7d4-4c53-94c8-62837e542238,apartment,5dda0b14-713b-46d0-a6ce-a7a33a2fb6f9,1b4d1066-8fe4-199b-7b3b-39e4bded9714,null,2026-04-10,null,2026-04-10 22:56:02.195967+00
2237925c-b87f-404a-b41e-116a191d2ce7,00000000-0000-0000-0000-000000000001,9c3c4efe-3f66-4b98-ad7a-40df844c90b2,apartment,5dda0b14-713b-46d0-a6ce-a7a33a2fb6f9,1b4d1066-8fe4-199b-7b3b-39e4bded9714,null,2026-04-10,null,2026-04-10 22:56:02.195967+00
f36835cc-600c-406c-a0a9-512fe67fcd9b,00000000-0000-0000-0000-000000000001,f4a18af2-a902-4c53-9c80-b9a5f6e9b035,apartment,5dda0b14-713b-46d0-a6ce-a7a33a2fb6f9,1b4d1066-8fe4-199b-7b3b-39e4bded9714,null,2026-04-10,null,2026-04-10 22:56:02.195967+00
39310c79-b1df-4a3b-8059-63f8616b6cf4,00000000-0000-0000-0000-000000000001,786fd34d-df30-41d9-b515-7751b8238cef,bed,5dda0b14-713b-46d0-a6ce-a7a33a2fb6f9,1b4d1066-8fe4-199b-7b3b-39e4bded9714,fd6cdb68-6242-d6f8-7bf2-78d3e2483220,2026-04-10,null,2026-04-10 22:56:02.195967+00
f7c78e72-d988-4c83-a7bc-82b0a2db2630,00000000-0000-0000-0000-000000000001,b932db3d-4811-4992-9935-105f0939bc7f,bed,5dda0b14-713b-46d0-a6ce-a7a33a2fb6f9,1b4d1066-8fe4-199b-7b3b-39e4bded9714,18323ac7-06c3-e126-fb43-8a9b6cbb53ba,2026-04-10,null,2026-04-10 22:56:02.195967+00
aef002ac-31d8-4f11-8a02-7ba48c3f6b40,00000000-0000-0000-0000-000000000001,8a5744b9-a6dd-4648-9653-c31f8b5d6859,bed,5dda0b14-713b-46d0-a6ce-a7a33a2fb6f9,1b4d1066-8fe4-199b-7b3b-39e4bded9714,e490e3a6-9e5c-a6b8-a156-bfb492b8b0a4,2026-04-10,null,2026-04-10 22:56:02.195967+00
d54f3a9f-1984-4ed2-8434-d94b25616340,00000000-0000-0000-0000-000000000001,3680db5e-851e-4f78-a93c-1986de5eaa81,bed,5dda0b14-713b-46d0-a6ce-a7a33a2fb6f9,1b4d1066-8fe4-199b-7b3b-39e4bded9714,5b329584-dbb7-69f7-f834-ca10e997588e,2026-04-10,null,2026-04-10 22:56:02.195967+00
0a8c5653-0a17-43ba-b971-71c3264c82f0,00000000-0000-0000-0000-000000000001,521d43bb-2358-4666-99e9-9c928f727d6b,bed,5dda0b14-713b-46d0-a6ce-a7a33a2fb6f9,1b4d1066-8fe4-199b-7b3b-39e4bded9714,0c9684aa-8ff5-082e-bdcd-2f3ddeefce53,2026-04-10,null,2026-04-10 22:56:02.195967+00
e59928fe-b756-473f-83c7-685a5f703e89,00000000-0000-0000-0000-000000000001,224ee5a7-7704-4276-95d7-4296d737e51a,apartment,5dda0b14-713b-46d0-a6ce-a7a33a2fb6f9,1b4d1066-8fe4-199b-7b3b-39e4bded9714,null,2026-04-10,null,2026-04-10 22:56:02.195967+00
978ed989-b50b-4ff9-b5c7-07866726d21b,00000000-0000-0000-0000-000000000001,1845ce71-89cc-43aa-8920-538173bcaf6b,apartment,5dda0b14-713b-46d0-a6ce-a7a33a2fb6f9,1b4d1066-8fe4-199b-7b3b-39e4bded9714,null,2026-04-10,null,2026-04-10 22:56:02.195967+00
57feaab6-25f7-4345-935b-11d57ca258cd,00000000-0000-0000-0000-000000000001,674fc797-2fa0-4292-9fcb-4205d7c5353b,apartment,5dda0b14-713b-46d0-a6ce-a7a33a2fb6f9,1b4d1066-8fe4-199b-7b3b-39e4bded9714,null,2024-03-30,null,2026-04-10 22:56:02.195967+00
6c7ab75b-14d0-4e27-a7f9-82a57227c078,00000000-0000-0000-0000-000000000001,468b6f0d-242b-4df0-b86a-6c8f6fe47a2b,apartment,5dda0b14-713b-46d0-a6ce-a7a33a2fb6f9,1b4d1066-8fe4-199b-7b3b-39e4bded9714,null,2026-04-10,null,2026-04-10 22:56:02.195967+00
754080b3-037f-4af5-81b3-b661cbf9e969,00000000-0000-0000-0000-000000000001,9505abb2-e79a-490e-946e-e1e11d97d655,bed,5dda0b14-713b-46d0-a6ce-a7a33a2fb6f9,1b4d1066-8fe4-199b-7b3b-39e4bded9714,fd6cdb68-6242-d6f8-7bf2-78d3e2483220,2026-04-10,null,2026-04-10 22:56:02.195967+00
9da05975-e091-4b8f-8941-40de3378ec1e,00000000-0000-0000-0000-000000000001,38baf261-69c2-4d5e-84ed-e65aaf02a34f,apartment,5dda0b14-713b-46d0-a6ce-a7a33a2fb6f9,1b4d1066-8fe4-199b-7b3b-39e4bded9714,null,2026-04-10,null,2026-04-10 22:56:02.195967+00
f99487d0-87e5-435a-9bbd-cf2d47983d5c,00000000-0000-0000-0000-000000000001,7bc66f2f-69d7-4158-a622-85091ecfbdfc,apartment,5dda0b14-713b-46d0-a6ce-a7a33a2fb6f9,1b4d1066-8fe4-199b-7b3b-39e4bded9714,null,2026-04-10,null,2026-04-10 22:56:02.195967+00
a3f86bd2-5284-43ef-824e-1be3f2a7a988,00000000-0000-0000-0000-000000000001,e6a8de8e-8059-488b-9c46-2af24ebf0f1e,apartment,5dda0b14-713b-46d0-a6ce-a7a33a2fb6f9,1b4d1066-8fe4-199b-7b3b-39e4bded9714,null,2026-04-10,null,2026-04-10 22:56:02.195967+00
57d6b00a-85bd-4815-9b7f-830ad71a8e30,00000000-0000-0000-0000-000000000001,c760ed05-268f-46bd-83ab-963910ec6f3f,apartment,5dda0b14-713b-46d0-a6ce-a7a33a2fb6f9,1b4d1066-8fe4-199b-7b3b-39e4bded9714,null,2026-04-10,null,2026-04-10 22:56:02.195967+00
91eda9d8-db25-454f-bbc6-5756933a01ea,00000000-0000-0000-0000-000000000001,072b1626-18a8-4969-bf95-3000feb13496,bed,5dda0b14-713b-46d0-a6ce-a7a33a2fb6f9,1b4d1066-8fe4-199b-7b3b-39e4bded9714,18323ac7-06c3-e126-fb43-8a9b6cbb53ba,2026-04-10,null,2026-04-10 22:56:02.195967+00
f2458a07-1b4d-4f4e-8c3f-a3326fa98676,00000000-0000-0000-0000-000000000001,072b1626-18a8-4969-bf95-3000feb13496,bed,5dda0b14-713b-46d0-a6ce-a7a33a2fb6f9,1b4d1066-8fe4-199b-7b3b-39e4bded9714,e490e3a6-9e5c-a6b8-a156-bfb492b8b0a4,2026-04-10,null,2026-04-10 22:56:02.195967+00
8ffceae1-7dac-46e2-a859-e31d12cfaa7e,00000000-0000-0000-0000-000000000001,fd7124f0-fc98-43aa-92a8-264fbed04d21,bed,5dda0b14-713b-46d0-a6ce-a7a33a2fb6f9,1b4d1066-8fe4-199b-7b3b-39e4bded9714,18323ac7-06c3-e126-fb43-8a9b6cbb53ba,2026-04-10,null,2026-04-10 22:56:02.195967+00
4fb6e073-11c8-4997-8726-908b5c985e03,00000000-0000-0000-0000-000000000001,fd7124f0-fc98-43aa-92a8-264fbed04d21,bed,5dda0b14-713b-46d0-a6ce-a7a33a2fb6f9,1b4d1066-8fe4-199b-7b3b-39e4bded9714,e490e3a6-9e5c-a6b8-a156-bfb492b8b0a4,2026-04-10,null,2026-04-10 22:56:02.195967+00
adcc03ee-1613-4838-b6a0-66ad1f22cdfe,00000000-0000-0000-0000-000000000001,92b17b6c-0d06-4884-a7d6-ac11d69ae9f9,bed,5dda0b14-713b-46d0-a6ce-a7a33a2fb6f9,1b4d1066-8fe4-199b-7b3b-39e4bded9714,fd6cdb68-6242-d6f8-7bf2-78d3e2483220,2026-04-10,null,2026-04-10 22:56:02.195967+00
01150af5-52f5-4900-89fd-c301ae46dacb,00000000-0000-0000-0000-000000000001,92b17b6c-0d06-4884-a7d6-ac11d69ae9f9,bed,5dda0b14-713b-46d0-a6ce-a7a33a2fb6f9,1b4d1066-8fe4-199b-7b3b-39e4bded9714,5b329584-dbb7-69f7-f834-ca10e997588e,2026-04-10,null,2026-04-10 22:56:02.195967+00
636c00bc-0273-485f-8d64-05f4a206d36c,00000000-0000-0000-0000-000000000001,92b17b6c-0d06-4884-a7d6-ac11d69ae9f9,bed,5dda0b14-713b-46d0-a6ce-a7a33a2fb6f9,1b4d1066-8fe4-199b-7b3b-39e4bded9714,0c9684aa-8ff5-082e-bdcd-2f3ddeefce53,2026-04-10,null,2026-04-10 22:56:02.195967+00
22b0bf3d-cda3-4349-907f-bf71823e8d45,00000000-0000-0000-0000-000000000001,38024f17-c961-4963-a0ed-d681e192a3f6,bed,5dda0b14-713b-46d0-a6ce-a7a33a2fb6f9,9d5d0096-0b78-a663-1142-be871dfa2bda,235bd597-22a1-f0f2-0d40-a0a2f59f41fd,2026-04-10,null,2026-04-10 22:56:02.195967+00
9b05e466-820a-4ff5-8a82-cebdbfb00c4c,00000000-0000-0000-0000-000000000001,690f675a-c094-4d91-98ac-96d339f5ef64,bed,5dda0b14-713b-46d0-a6ce-a7a33a2fb6f9,9d5d0096-0b78-a663-1142-be871dfa2bda,b67440c5-1089-ccdb-bb31-3211a4ee4d0e,2026-04-10,null,2026-04-10 22:56:02.195967+00
7a634922-a467-4946-8159-4e76023bc105,00000000-0000-0000-0000-000000000001,690f675a-c094-4d91-98ac-96d339f5ef64,bed,5dda0b14-713b-46d0-a6ce-a7a33a2fb6f9,9d5d0096-0b78-a663-1142-be871dfa2bda,41f5e6bc-d64a-b8a7-f9d4-2826bba3d899,2026-04-10,null,2026-04-10 22:56:02.195967+00
b699b63f-fae2-4546-8d5f-ecfa30ee66ba,00000000-0000-0000-0000-000000000001,376d7336-cbff-4759-ac43-c1781e99e148,bed,5dda0b14-713b-46d0-a6ce-a7a33a2fb6f9,9d5d0096-0b78-a663-1142-be871dfa2bda,54634a96-25c7-022f-0239-fef1800aebd4,2026-04-10,null,2026-04-10 22:56:02.195967+00
b8523fe0-4543-4409-aa50-97e9327f1ce1,00000000-0000-0000-0000-000000000001,376d7336-cbff-4759-ac43-c1781e99e148,bed,5dda0b14-713b-46d0-a6ce-a7a33a2fb6f9,9d5d0096-0b78-a663-1142-be871dfa2bda,5964e174-4d85-43f8-388d-3f66a1ecbd0e,2026-04-10,null,2026-04-10 22:56:02.195967+00
4b23082a-019b-4886-99f1-83118ce88496,00000000-0000-0000-0000-000000000001,9317e37b-b0a6-4566-bdc8-87ed2cafe1e3,apartment,5dda0b14-713b-46d0-a6ce-a7a33a2fb6f9,9d5d0096-0b78-a663-1142-be871dfa2bda,null,2026-04-10,null,2026-04-10 22:56:02.195967+00
9e740c45-8293-48fe-83d4-2534ba4db906,00000000-0000-0000-0000-000000000001,55f98c26-30ef-4a92-a566-d559f592b234,bed,5dda0b14-713b-46d0-a6ce-a7a33a2fb6f9,9d5d0096-0b78-a663-1142-be871dfa2bda,54634a96-25c7-022f-0239-fef1800aebd4,2026-04-10,null,2026-04-10 22:56:02.195967+00
7e569c1f-c1b0-40ef-b5e5-26c6a1df03c2,00000000-0000-0000-0000-000000000001,2596d296-c644-4c8a-b053-c799b6510ebb,bed,5dda0b14-713b-46d0-a6ce-a7a33a2fb6f9,9d5d0096-0b78-a663-1142-be871dfa2bda,5964e174-4d85-43f8-388d-3f66a1ecbd0e,2026-04-10,null,2026-04-10 22:56:02.195967+00
e351f17f-c22e-4826-8b11-4627de1082ea,00000000-0000-0000-0000-000000000001,38560dcf-e1f2-411c-a1a6-963d7ccb8486,bed,5dda0b14-713b-46d0-a6ce-a7a33a2fb6f9,9d5d0096-0b78-a663-1142-be871dfa2bda,235bd597-22a1-f0f2-0d40-a0a2f59f41fd,2026-04-10,null,2026-04-10 22:56:02.195967+00
6cf0ba71-376b-4b92-9bd7-20fb6afcde8b,00000000-0000-0000-0000-000000000001,d4a94f74-38e3-4f2c-989f-1702570a1caa,apartment,5dda0b14-713b-46d0-a6ce-a7a33a2fb6f9,9d5d0096-0b78-a663-1142-be871dfa2bda,null,2026-04-10,null,2026-04-10 22:56:02.195967+00
b379b760-e5bd-4848-a9d7-e8ee800d7f52,00000000-0000-0000-0000-000000000001,02f627ea-ccca-4e8e-a08e-5ef5acef004d,apartment,5dda0b14-713b-46d0-a6ce-a7a33a2fb6f9,9d5d0096-0b78-a663-1142-be871dfa2bda,null,2026-04-10,null,2026-04-10 22:56:02.195967+00
f6ac4abe-fe0e-4934-ac9f-62da666dffc9,00000000-0000-0000-0000-000000000001,a31da222-104c-4580-9c1f-75329c794c12,bed,5dda0b14-713b-46d0-a6ce-a7a33a2fb6f9,9d5d0096-0b78-a663-1142-be871dfa2bda,235bd597-22a1-f0f2-0d40-a0a2f59f41fd,2026-04-10,null,2026-04-10 22:56:02.195967+00
ea0ab74b-b497-41b0-b5f9-95f7186be76a,00000000-0000-0000-0000-000000000001,df003ccd-9975-45d2-b416-99adf7f5c5c6,bed,5dda0b14-713b-46d0-a6ce-a7a33a2fb6f9,9d5d0096-0b78-a663-1142-be871dfa2bda,b67440c5-1089-ccdb-bb31-3211a4ee4d0e,2026-04-10,null,2026-04-10 22:56:02.195967+00
45a91fdd-fa9d-4a73-8749-519b28bb78ef,00000000-0000-0000-0000-000000000001,42653db6-c3f4-4ab2-b9b5-932188acad7b,bed,5dda0b14-713b-46d0-a6ce-a7a33a2fb6f9,9d5d0096-0b78-a663-1142-be871dfa2bda,41f5e6bc-d64a-b8a7-f9d4-2826bba3d899,2026-04-10,null,2026-04-10 22:56:02.195967+00
9c01ba36-0e05-4242-92bc-c2beefd702a3,00000000-0000-0000-0000-000000000001,201290dd-e2b7-4ca8-b639-97803f09c885,bed,5dda0b14-713b-46d0-a6ce-a7a33a2fb6f9,9d5d0096-0b78-a663-1142-be871dfa2bda,54634a96-25c7-022f-0239-fef1800aebd4,2026-04-10,null,2026-04-10 22:56:02.195967+00
15d7ec85-1c0b-4ff3-b173-a8c2a6ad599f,00000000-0000-0000-0000-000000000001,95b84f44-77e6-4a6b-a2e2-551fcd7be487,bed,5dda0b14-713b-46d0-a6ce-a7a33a2fb6f9,9d5d0096-0b78-a663-1142-be871dfa2bda,5964e174-4d85-43f8-388d-3f66a1ecbd0e,2026-04-10,null,2026-04-10 22:56:02.195967+00
fbf65deb-48d7-4efd-97f6-6a236da07a12,00000000-0000-0000-0000-000000000001,078372c7-ea7f-4f36-83b9-f8b86d521ab6,bed,5dda0b14-713b-46d0-a6ce-a7a33a2fb6f9,9d5d0096-0b78-a663-1142-be871dfa2bda,235bd597-22a1-f0f2-0d40-a0a2f59f41fd,2026-04-10,null,2026-04-10 22:56:02.195967+00
d893dad8-8535-4e66-8e2f-b6c85e33e457,00000000-0000-0000-0000-000000000001,f866875c-8a32-49d0-b600-259b7d35c158,bed,5dda0b14-713b-46d0-a6ce-a7a33a2fb6f9,9d5d0096-0b78-a663-1142-be871dfa2bda,b67440c5-1089-ccdb-bb31-3211a4ee4d0e,2026-04-10,null,2026-04-10 22:56:02.195967+00
eb6d1e7f-c6b6-4e03-a8c4-d1bf8df413a2,00000000-0000-0000-0000-000000000001,a6c370a7-a51e-4831-85ae-fb4e663c61e3,bed,5dda0b14-713b-46d0-a6ce-a7a33a2fb6f9,9d5d0096-0b78-a663-1142-be871dfa2bda,41f5e6bc-d64a-b8a7-f9d4-2826bba3d899,2026-04-10,null,2026-04-10 22:56:02.195967+00
26f0aef8-ba49-4d3b-99bf-ac48fc116862,00000000-0000-0000-0000-000000000001,a2531dee-49e7-45c7-a015-1480f2d71131,bed,5dda0b14-713b-46d0-a6ce-a7a33a2fb6f9,9d5d0096-0b78-a663-1142-be871dfa2bda,54634a96-25c7-022f-0239-fef1800aebd4,2026-04-10,null,2026-04-10 22:56:02.195967+00
0ef7020d-48fa-43c3-928d-55421cceb8ea,00000000-0000-0000-0000-000000000001,eda39682-5ae1-4636-b877-59618e5ad714,bed,5dda0b14-713b-46d0-a6ce-a7a33a2fb6f9,9d5d0096-0b78-a663-1142-be871dfa2bda,5964e174-4d85-43f8-388d-3f66a1ecbd0e,2026-04-10,null,2026-04-10 22:56:02.195967+00
eeefd921-ea65-4da6-8908-8d45979803c1,00000000-0000-0000-0000-000000000001,52313b4f-0bc9-4916-9cbd-98e482e8d163,apartment,5dda0b14-713b-46d0-a6ce-a7a33a2fb6f9,9d5d0096-0b78-a663-1142-be871dfa2bda,null,2026-04-10,null,2026-04-10 22:56:02.195967+00
c39d79c2-7813-492f-be35-582f892deb56,00000000-0000-0000-0000-000000000001,b7d12596-f392-485c-8766-94f3519ee625,bed,5dda0b14-713b-46d0-a6ce-a7a33a2fb6f9,9d5d0096-0b78-a663-1142-be871dfa2bda,235bd597-22a1-f0f2-0d40-a0a2f59f41fd,2026-04-10,null,2026-04-10 22:56:02.195967+00
a5e969ce-3e6a-4a88-8472-e10a6761322e,00000000-0000-0000-0000-000000000001,36d53e9d-9454-4bde-b620-15b0c51c77e4,bed,5dda0b14-713b-46d0-a6ce-a7a33a2fb6f9,9d5d0096-0b78-a663-1142-be871dfa2bda,b67440c5-1089-ccdb-bb31-3211a4ee4d0e,2026-04-10,null,2026-04-10 22:56:02.195967+00
fea8a6cc-b57f-4eec-8dfb-09fe8be6ab3e,00000000-0000-0000-0000-000000000001,36d53e9d-9454-4bde-b620-15b0c51c77e4,bed,5dda0b14-713b-46d0-a6ce-a7a33a2fb6f9,9d5d0096-0b78-a663-1142-be871dfa2bda,41f5e6bc-d64a-b8a7-f9d4-2826bba3d899,2026-04-10,null,2026-04-10 22:56:02.195967+00
2b54cad7-72b9-4919-a220-850b49b99075,00000000-0000-0000-0000-000000000001,9ed56090-544a-4a8e-942c-109b962ba12b,bed,5dda0b14-713b-46d0-a6ce-a7a33a2fb6f9,9d5d0096-0b78-a663-1142-be871dfa2bda,54634a96-25c7-022f-0239-fef1800aebd4,2026-04-10,null,2026-04-10 22:56:02.195967+00
704ef9bc-154d-4521-8ba4-d7013b8878b8,00000000-0000-0000-0000-000000000001,9ed56090-544a-4a8e-942c-109b962ba12b,bed,5dda0b14-713b-46d0-a6ce-a7a33a2fb6f9,9d5d0096-0b78-a663-1142-be871dfa2bda,5964e174-4d85-43f8-388d-3f66a1ecbd0e,2026-04-10,null,2026-04-10 22:56:02.195967+00
fdb14b14-fabd-4030-b62b-496f08b3322d,00000000-0000-0000-0000-000000000001,d7eadb72-689b-4067-805b-64f42ce8e2ab,apartment,5dda0b14-713b-46d0-a6ce-a7a33a2fb6f9,9d5d0096-0b78-a663-1142-be871dfa2bda,null,2026-04-10,null,2026-04-10 22:56:02.195967+00
b43645b7-a8aa-454c-ba3d-ce7f35cb3018,00000000-0000-0000-0000-000000000001,5880f859-291d-44d2-80ea-680f0f96e9b9,apartment,5dda0b14-713b-46d0-a6ce-a7a33a2fb6f9,9d5d0096-0b78-a663-1142-be871dfa2bda,null,2026-04-10,null,2026-04-10 22:56:02.195967+00
6d28b4e7-5ab0-45e2-ae4e-a85d8c61be60,00000000-0000-0000-0000-000000000001,8a4cca51-2033-4948-88c9-f09239f357af,bed,5dda0b14-713b-46d0-a6ce-a7a33a2fb6f9,9d5d0096-0b78-a663-1142-be871dfa2bda,235bd597-22a1-f0f2-0d40-a0a2f59f41fd,2026-04-10,null,2026-04-10 22:56:02.195967+00
a86261ab-a886-4a8a-9910-5e6db1e92891,00000000-0000-0000-0000-000000000001,b211cd49-7305-410d-bc24-cc4f1ea90650,bed,5dda0b14-713b-46d0-a6ce-a7a33a2fb6f9,9d5d0096-0b78-a663-1142-be871dfa2bda,b67440c5-1089-ccdb-bb31-3211a4ee4d0e,2026-04-10,null,2026-04-10 22:56:02.195967+00
ecd73679-2ad4-4c6b-a5c4-62fdfef24415,00000000-0000-0000-0000-000000000001,1566e7c3-52cf-43b5-97bf-e077bded9f62,bed,5dda0b14-713b-46d0-a6ce-a7a33a2fb6f9,9d5d0096-0b78-a663-1142-be871dfa2bda,41f5e6bc-d64a-b8a7-f9d4-2826bba3d899,2026-04-10,null,2026-04-10 22:56:02.195967+00
07090af1-467e-4845-a752-5be4e357eeb7,00000000-0000-0000-0000-000000000001,092ae4c4-c5a9-4e47-9194-ddb53c903c42,bed,5dda0b14-713b-46d0-a6ce-a7a33a2fb6f9,9d5d0096-0b78-a663-1142-be871dfa2bda,54634a96-25c7-022f-0239-fef1800aebd4,2026-04-10,null,2026-04-10 22:56:02.195967+00
dcd47994-dcaf-475b-ac1b-031a50437d94,00000000-0000-0000-0000-000000000001,beeb0025-1b3b-46c5-9285-606f4ef9a426,bed,5dda0b14-713b-46d0-a6ce-a7a33a2fb6f9,9d5d0096-0b78-a663-1142-be871dfa2bda,5964e174-4d85-43f8-388d-3f66a1ecbd0e,2026-04-10,null,2026-04-10 22:56:02.195967+00
23d6ffc8-b263-4d6d-805e-5cd2efb7096f,00000000-0000-0000-0000-000000000001,5bf4a7c0-b674-4341-ad0c-6e96164d0976,apartment,5dda0b14-713b-46d0-a6ce-a7a33a2fb6f9,9d5d0096-0b78-a663-1142-be871dfa2bda,null,2026-04-10,null,2026-04-10 22:56:02.195967+00
04f93c9c-a5e9-44e4-b318-87b5f2e7fd5c,00000000-0000-0000-0000-000000000001,5cd61223-1443-40c8-bce7-ff195b3e2d7e,apartment,5dda0b14-713b-46d0-a6ce-a7a33a2fb6f9,9d5d0096-0b78-a663-1142-be871dfa2bda,null,2026-04-10,null,2026-04-10 22:56:02.195967+00
287c7014-f7ad-4b1b-a9b4-8cd1d39ef9a2,00000000-0000-0000-0000-000000000001,d0b4ac3e-4e8c-4215-b1bc-d88a4420ac1a,apartment,5dda0b14-713b-46d0-a6ce-a7a33a2fb6f9,9d5d0096-0b78-a663-1142-be871dfa2bda,null,2026-04-10,null,2026-04-10 22:56:02.195967+00
15180bfa-adf9-46ea-9d8a-54ff63c84271,00000000-0000-0000-0000-000000000001,b2f4cd6e-1049-4f25-8903-02352fb6eb67,apartment,5dda0b14-713b-46d0-a6ce-a7a33a2fb6f9,9d5d0096-0b78-a663-1142-be871dfa2bda,null,2026-04-10,null,2026-04-10 22:56:02.195967+00
3e1d7070-88b4-4c8a-815c-7862a45a283d,00000000-0000-0000-0000-000000000001,c5464d36-4fa3-4e52-8674-f0f5a79ff0bf,apartment,5dda0b14-713b-46d0-a6ce-a7a33a2fb6f9,9d5d0096-0b78-a663-1142-be871dfa2bda,null,2026-04-10,null,2026-04-10 22:56:02.195967+00
d34d60a0-6726-44ed-a572-bf9d50fbf59a,00000000-0000-0000-0000-000000000001,8681bc28-a464-410d-8d97-244d0420fa3f,bed,5dda0b14-713b-46d0-a6ce-a7a33a2fb6f9,9d5d0096-0b78-a663-1142-be871dfa2bda,235bd597-22a1-f0f2-0d40-a0a2f59f41fd,2026-04-10,null,2026-04-10 22:56:09.024651+00
bd6d0391-9879-46cb-af1d-b83f4649f2e4,00000000-0000-0000-0000-000000000001,bb4bad4b-02b1-4f85-bee4-6efdace761f8,apartment,5dda0b14-713b-46d0-a6ce-a7a33a2fb6f9,9d5d0096-0b78-a663-1142-be871dfa2bda,null,2026-04-10,null,2026-04-10 22:56:09.024651+00
90bfd5fa-e3c2-42ae-acba-c52425a380e8,00000000-0000-0000-0000-000000000001,ddd76816-a6c5-4e7e-bc8b-5d8d121922b5,apartment,5dda0b14-713b-46d0-a6ce-a7a33a2fb6f9,9d5d0096-0b78-a663-1142-be871dfa2bda,null,2026-04-10,null,2026-04-10 22:56:09.024651+00
7d7aab4b-33d4-4230-9f3d-84d8183cd458,00000000-0000-0000-0000-000000000001,c36d706f-6d3b-4060-945c-df1d58425009,apartment,5dda0b14-713b-46d0-a6ce-a7a33a2fb6f9,9d5d0096-0b78-a663-1142-be871dfa2bda,null,2026-04-10,null,2026-04-10 22:56:09.024651+00
16329202-fa82-470a-968f-a259feee37f6,00000000-0000-0000-0000-000000000001,ef1b9d4c-4b06-40f7-9655-ff187d113d83,apartment,5dda0b14-713b-46d0-a6ce-a7a33a2fb6f9,9d5d0096-0b78-a663-1142-be871dfa2bda,null,2026-04-10,null,2026-04-10 22:56:09.024651+00
4dd4c2c8-3cdc-42a3-bfc4-bb1cba851bf1,00000000-0000-0000-0000-000000000001,d04220d8-e0a3-4377-8096-ae6756f1bef7,bed,5dda0b14-713b-46d0-a6ce-a7a33a2fb6f9,9d5d0096-0b78-a663-1142-be871dfa2bda,b67440c5-1089-ccdb-bb31-3211a4ee4d0e,2026-04-10,null,2026-04-10 22:56:09.024651+00
9af98636-5564-42e2-8741-01f30d3a7e01,00000000-0000-0000-0000-000000000001,d04220d8-e0a3-4377-8096-ae6756f1bef7,bed,5dda0b14-713b-46d0-a6ce-a7a33a2fb6f9,9d5d0096-0b78-a663-1142-be871dfa2bda,41f5e6bc-d64a-b8a7-f9d4-2826bba3d899,2026-04-10,null,2026-04-10 22:56:09.024651+00
1459ef02-9541-4813-a074-4e43775af1b1,00000000-0000-0000-0000-000000000001,7f86b98d-2ca5-4a44-8c4b-bc89e75d7e89,bed,5dda0b14-713b-46d0-a6ce-a7a33a2fb6f9,9d5d0096-0b78-a663-1142-be871dfa2bda,235bd597-22a1-f0f2-0d40-a0a2f59f41fd,2026-04-10,null,2026-04-10 22:56:09.024651+00
295c9857-9e45-4535-ad16-c4942a4972f5,00000000-0000-0000-0000-000000000001,7f86b98d-2ca5-4a44-8c4b-bc89e75d7e89,bed,5dda0b14-713b-46d0-a6ce-a7a33a2fb6f9,9d5d0096-0b78-a663-1142-be871dfa2bda,54634a96-25c7-022f-0239-fef1800aebd4,2026-04-10,null,2026-04-10 22:56:09.024651+00
dbd22675-21b3-402a-b010-c5fe391a7ec5,00000000-0000-0000-0000-000000000001,7f86b98d-2ca5-4a44-8c4b-bc89e75d7e89,bed,5dda0b14-713b-46d0-a6ce-a7a33a2fb6f9,9d5d0096-0b78-a663-1142-be871dfa2bda,5964e174-4d85-43f8-388d-3f66a1ecbd0e,2026-04-10,null,2026-04-10 22:56:09.024651+00
6fda3995-0935-4ef7-8d5a-683c9b808a0d,00000000-0000-0000-0000-000000000001,1d23efda-47c5-4f25-a9a9-fb25f27f1555,bed,5dda0b14-713b-46d0-a6ce-a7a33a2fb6f9,fb5cedd6-2992-1c62-7fba-4a7a6b43b2ff,9803c12a-e08e-d213-5575-c44623241381,2026-04-10,null,2026-04-10 22:56:09.024651+00
6e4dbadb-c544-49dc-a6a6-d24b63878a39,00000000-0000-0000-0000-000000000001,b5edcf4e-54dc-432a-a6bd-f1b36e2e0813,bed,5dda0b14-713b-46d0-a6ce-a7a33a2fb6f9,fb5cedd6-2992-1c62-7fba-4a7a6b43b2ff,be0208ae-5786-5d6b-7ab7-8ab62ebff5d0,2026-04-10,null,2026-04-10 22:56:09.024651+00
8fd565a2-684c-4a3c-80de-bddc2eff2a77,00000000-0000-0000-0000-000000000001,b5edcf4e-54dc-432a-a6bd-f1b36e2e0813,bed,5dda0b14-713b-46d0-a6ce-a7a33a2fb6f9,fb5cedd6-2992-1c62-7fba-4a7a6b43b2ff,f9e98282-6ed1-2655-561b-5122ac7d94a1,2026-04-10,null,2026-04-10 22:56:09.024651+00
81b4989b-33f8-4a1d-a947-de810d96377b,00000000-0000-0000-0000-000000000001,d3ccf10c-b503-4208-b412-0bf8b877c76c,bed,5dda0b14-713b-46d0-a6ce-a7a33a2fb6f9,fb5cedd6-2992-1c62-7fba-4a7a6b43b2ff,39eacd05-ff7e-5541-7fe2-feddf8854c55,2026-04-10,null,2026-04-10 22:56:09.024651+00
be2a0e8e-6ae5-454b-a121-5e1b4cb7c61c,00000000-0000-0000-0000-000000000001,d3ccf10c-b503-4208-b412-0bf8b877c76c,bed,5dda0b14-713b-46d0-a6ce-a7a33a2fb6f9,fb5cedd6-2992-1c62-7fba-4a7a6b43b2ff,97486463-9125-9851-3039-04f213b371d4,2026-04-10,null,2026-04-10 22:56:09.024651+00
5fe04526-0553-4aa3-aaed-9474723c4c8a,00000000-0000-0000-0000-000000000001,61c39088-6c22-4637-8905-206c7e280d59,bed,5dda0b14-713b-46d0-a6ce-a7a33a2fb6f9,fb5cedd6-2992-1c62-7fba-4a7a6b43b2ff,39eacd05-ff7e-5541-7fe2-feddf8854c55,2026-04-10,null,2026-04-10 22:56:09.024651+00
14572d3c-090a-4068-b084-3a79fe0bd11f,00000000-0000-0000-0000-000000000001,e26677fe-7cc9-4a1a-86c7-ed4903d8516a,bed,5dda0b14-713b-46d0-a6ce-a7a33a2fb6f9,fb5cedd6-2992-1c62-7fba-4a7a6b43b2ff,97486463-9125-9851-3039-04f213b371d4,2026-04-10,null,2026-04-10 22:56:09.024651+00
a6e00ed0-ecf5-4f44-8dc4-ed19b12784d8,00000000-0000-0000-0000-000000000001,aee946c4-2948-4330-a75c-fd4399249364,bed,5dda0b14-713b-46d0-a6ce-a7a33a2fb6f9,fb5cedd6-2992-1c62-7fba-4a7a6b43b2ff,9803c12a-e08e-d213-5575-c44623241381,2026-04-10,null,2026-04-10 22:56:09.024651+00
b1f19120-bd65-47d6-b130-4de8e256095e,00000000-0000-0000-0000-000000000001,3a5a1e15-db8a-4557-8597-4f6aa646153e,apartment,5dda0b14-713b-46d0-a6ce-a7a33a2fb6f9,fb5cedd6-2992-1c62-7fba-4a7a6b43b2ff,null,2026-04-10,null,2026-04-10 22:56:09.024651+00
8f0ef3f4-c0c7-46f8-87ea-99313488de6f,00000000-0000-0000-0000-000000000001,3f0a13c9-6ca0-477d-bbdd-6aa6a21ae140,apartment,5dda0b14-713b-46d0-a6ce-a7a33a2fb6f9,fb5cedd6-2992-1c62-7fba-4a7a6b43b2ff,null,2026-04-10,null,2026-04-10 22:56:09.024651+00
b0039386-6318-4c8c-b24e-484c9fb918d0,00000000-0000-0000-0000-000000000001,7933a33d-c5d9-4d5f-be75-351f26d5e6ee,bed,5dda0b14-713b-46d0-a6ce-a7a33a2fb6f9,fb5cedd6-2992-1c62-7fba-4a7a6b43b2ff,9803c12a-e08e-d213-5575-c44623241381,2026-04-10,null,2026-04-10 22:56:09.024651+00
1e3b4cd7-33f3-47c3-adaa-4ab98ed49232,00000000-0000-0000-0000-000000000001,835d0fa8-63d8-4067-b6e9-c6f7334b09d0,bed,5dda0b14-713b-46d0-a6ce-a7a33a2fb6f9,fb5cedd6-2992-1c62-7fba-4a7a6b43b2ff,be0208ae-5786-5d6b-7ab7-8ab62ebff5d0,2026-04-10,null,2026-04-10 22:56:09.024651+00
30ca4b1f-0dc3-463c-9308-c08c2f3cd9bb,00000000-0000-0000-0000-000000000001,1b082c2f-dcc3-45a2-ba43-3308caf04844,bed,5dda0b14-713b-46d0-a6ce-a7a33a2fb6f9,fb5cedd6-2992-1c62-7fba-4a7a6b43b2ff,f9e98282-6ed1-2655-561b-5122ac7d94a1,2026-04-10,null,2026-04-10 22:56:09.024651+00
cc7a9a0b-f4cd-40b2-827c-cc3f9d16e87a,00000000-0000-0000-0000-000000000001,8fff0c13-03cf-4eb7-bbb3-715c0be1c32b,bed,5dda0b14-713b-46d0-a6ce-a7a33a2fb6f9,fb5cedd6-2992-1c62-7fba-4a7a6b43b2ff,39eacd05-ff7e-5541-7fe2-feddf8854c55,2026-04-10,null,2026-04-10 22:56:09.024651+00
79830db0-7a9c-405f-89d2-b7468da2ceab,00000000-0000-0000-0000-000000000001,f0ef1440-dd4a-40d6-9bf1-7c55c218f1bc,bed,5dda0b14-713b-46d0-a6ce-a7a33a2fb6f9,fb5cedd6-2992-1c62-7fba-4a7a6b43b2ff,97486463-9125-9851-3039-04f213b371d4,2026-04-10,null,2026-04-10 22:56:09.024651+00
90cbc3bb-a7cb-4762-a52d-7b12224dcad4,00000000-0000-0000-0000-000000000001,392b85f6-033a-4bd5-8141-dc6bcecf313a,bed,5dda0b14-713b-46d0-a6ce-a7a33a2fb6f9,fb5cedd6-2992-1c62-7fba-4a7a6b43b2ff,9803c12a-e08e-d213-5575-c44623241381,2026-04-10,null,2026-04-10 22:56:09.024651+00
12842e28-e21f-4913-b0c5-3ac9cce22984,00000000-0000-0000-0000-000000000001,60116934-1256-48b1-9ba9-bac1b438dab7,bed,5dda0b14-713b-46d0-a6ce-a7a33a2fb6f9,fb5cedd6-2992-1c62-7fba-4a7a6b43b2ff,be0208ae-5786-5d6b-7ab7-8ab62ebff5d0,2026-04-10,null,2026-04-10 22:56:09.024651+00
e6895858-28a1-41ac-8227-8764adde22b4,00000000-0000-0000-0000-000000000001,6ebb5f10-e5c9-43fa-aa88-2d588f3b05e9,bed,5dda0b14-713b-46d0-a6ce-a7a33a2fb6f9,fb5cedd6-2992-1c62-7fba-4a7a6b43b2ff,f9e98282-6ed1-2655-561b-5122ac7d94a1,2026-04-10,null,2026-04-10 22:56:09.024651+00
c68f84e9-86d2-459c-b6f2-efc2cb7289e3,00000000-0000-0000-0000-000000000001,b8beb00f-d440-4749-95a2-0489b5ca8b95,bed,5dda0b14-713b-46d0-a6ce-a7a33a2fb6f9,fb5cedd6-2992-1c62-7fba-4a7a6b43b2ff,39eacd05-ff7e-5541-7fe2-feddf8854c55,2026-04-10,null,2026-04-10 22:56:09.024651+00
7d2eca03-adaa-4cae-99a8-65117eb103e3,00000000-0000-0000-0000-000000000001,656467e0-85ba-45b6-ac40-6fa5e71d0af6,bed,5dda0b14-713b-46d0-a6ce-a7a33a2fb6f9,fb5cedd6-2992-1c62-7fba-4a7a6b43b2ff,97486463-9125-9851-3039-04f213b371d4,2026-04-10,null,2026-04-10 22:56:09.024651+00
aea732f9-b22c-472b-9d23-9b91bbdc4805,00000000-0000-0000-0000-000000000001,22177261-f086-4309-a75b-e12eeba5d81b,apartment,5dda0b14-713b-46d0-a6ce-a7a33a2fb6f9,fb5cedd6-2992-1c62-7fba-4a7a6b43b2ff,null,2026-04-10,null,2026-04-10 22:56:09.024651+00
bcd632c6-76f8-4859-9671-0ac7eb3e7934,00000000-0000-0000-0000-000000000001,b764b8e7-a208-4b9a-846c-b1e6365cab20,bed,5dda0b14-713b-46d0-a6ce-a7a33a2fb6f9,fb5cedd6-2992-1c62-7fba-4a7a6b43b2ff,9803c12a-e08e-d213-5575-c44623241381,2026-04-10,null,2026-04-10 22:56:09.024651+00
85b0238a-96e6-4283-913a-6575f2084d96,00000000-0000-0000-0000-000000000001,30d9dbfc-a9d3-49fb-bc99-c78196773658,bed,5dda0b14-713b-46d0-a6ce-a7a33a2fb6f9,fb5cedd6-2992-1c62-7fba-4a7a6b43b2ff,be0208ae-5786-5d6b-7ab7-8ab62ebff5d0,2026-04-10,null,2026-04-10 22:56:09.024651+00
8b0d0ff2-54ae-45f8-9910-5aa972d9da6f,00000000-0000-0000-0000-000000000001,30d9dbfc-a9d3-49fb-bc99-c78196773658,bed,5dda0b14-713b-46d0-a6ce-a7a33a2fb6f9,fb5cedd6-2992-1c62-7fba-4a7a6b43b2ff,f9e98282-6ed1-2655-561b-5122ac7d94a1,2026-04-10,null,2026-04-10 22:56:09.024651+00
d1c5e3fa-fe31-480a-863f-ef3d8297a27c,00000000-0000-0000-0000-000000000001,60fa4daf-142b-44d7-bdaf-e8a2df296689,bed,5dda0b14-713b-46d0-a6ce-a7a33a2fb6f9,fb5cedd6-2992-1c62-7fba-4a7a6b43b2ff,39eacd05-ff7e-5541-7fe2-feddf8854c55,2026-04-10,null,2026-04-10 22:56:09.024651+00
da88afdc-9c64-4194-aead-1423e8ca12de,00000000-0000-0000-0000-000000000001,60fa4daf-142b-44d7-bdaf-e8a2df296689,bed,5dda0b14-713b-46d0-a6ce-a7a33a2fb6f9,fb5cedd6-2992-1c62-7fba-4a7a6b43b2ff,97486463-9125-9851-3039-04f213b371d4,2026-04-10,null,2026-04-10 22:56:09.024651+00
d4c304c5-2e39-4c22-b946-7e99473094cf,00000000-0000-0000-0000-000000000001,10b20edb-cf44-48fc-a15f-564cb1a79586,apartment,5dda0b14-713b-46d0-a6ce-a7a33a2fb6f9,fb5cedd6-2992-1c62-7fba-4a7a6b43b2ff,null,2026-04-10,null,2026-04-10 22:56:09.024651+00
c7eb231c-ca80-4398-8025-8667355e64c7,00000000-0000-0000-0000-000000000001,2dc102be-058f-4240-ad8d-dbbffb26d854,apartment,5dda0b14-713b-46d0-a6ce-a7a33a2fb6f9,fb5cedd6-2992-1c62-7fba-4a7a6b43b2ff,null,2025-05-05,null,2026-04-10 22:56:09.024651+00
54cc0876-29b5-43fb-8f46-4c007ceeb69a,00000000-0000-0000-0000-000000000001,3e5eeef1-214e-4b27-a0be-b3c14214156e,bed,5dda0b14-713b-46d0-a6ce-a7a33a2fb6f9,fb5cedd6-2992-1c62-7fba-4a7a6b43b2ff,9803c12a-e08e-d213-5575-c44623241381,2026-04-10,null,2026-04-10 22:56:09.024651+00
694bd453-bf13-4487-b5e0-e184457e025c,00000000-0000-0000-0000-000000000001,85b154ae-6478-4cd7-a94a-8b0a0993425a,bed,5dda0b14-713b-46d0-a6ce-a7a33a2fb6f9,fb5cedd6-2992-1c62-7fba-4a7a6b43b2ff,be0208ae-5786-5d6b-7ab7-8ab62ebff5d0,2026-04-10,null,2026-04-10 22:56:09.024651+00
b8be6ee0-385b-4f9e-9dde-229df889512f,00000000-0000-0000-0000-000000000001,3cd2bf5c-660d-430e-b19b-b376f73544ab,bed,5dda0b14-713b-46d0-a6ce-a7a33a2fb6f9,fb5cedd6-2992-1c62-7fba-4a7a6b43b2ff,f9e98282-6ed1-2655-561b-5122ac7d94a1,2026-04-10,null,2026-04-10 22:56:09.024651+00
e4d0b8e0-4744-4fe4-a035-2631ba8338bc,00000000-0000-0000-0000-000000000001,51c73248-3030-4056-a48e-534f42564947,bed,5dda0b14-713b-46d0-a6ce-a7a33a2fb6f9,fb5cedd6-2992-1c62-7fba-4a7a6b43b2ff,39eacd05-ff7e-5541-7fe2-feddf8854c55,2026-04-10,null,2026-04-10 22:56:09.024651+00
79e604eb-375d-4ea1-bd7a-70a4afdcae65,00000000-0000-0000-0000-000000000001,6fb88cdc-84e8-40a4-a606-ea8fd1ca4048,bed,5dda0b14-713b-46d0-a6ce-a7a33a2fb6f9,fb5cedd6-2992-1c62-7fba-4a7a6b43b2ff,97486463-9125-9851-3039-04f213b371d4,2026-04-10,null,2026-04-10 22:56:09.024651+00
ba6f5d07-f0a7-4c7a-8a81-c29c626e53d4,00000000-0000-0000-0000-000000000001,0f712cce-89f8-4915-80fb-0936fe1b1632,apartment,5dda0b14-713b-46d0-a6ce-a7a33a2fb6f9,fb5cedd6-2992-1c62-7fba-4a7a6b43b2ff,null,2026-04-10,null,2026-04-10 22:56:09.024651+00
e9cb61f6-2a3e-4c88-96c4-f9b84d6d67d0,00000000-0000-0000-0000-000000000001,2b009272-39ca-4da1-bab7-dac1b8b39de9,apartment,5dda0b14-713b-46d0-a6ce-a7a33a2fb6f9,fb5cedd6-2992-1c62-7fba-4a7a6b43b2ff,null,2026-04-10,null,2026-04-10 22:56:09.024651+00
011e46b2-2120-43b6-9c56-096314b863da,00000000-0000-0000-0000-000000000001,8a0845e3-0198-495e-b17a-47edad6f4480,apartment,5dda0b14-713b-46d0-a6ce-a7a33a2fb6f9,fb5cedd6-2992-1c62-7fba-4a7a6b43b2ff,null,2023-03-30,null,2026-04-10 22:56:09.024651+00
4c0b63f0-b55d-4a6f-a524-8fe2731ca061,00000000-0000-0000-0000-000000000001,3356339f-179a-4bb2-bee4-63886f4e1e2f,apartment,5dda0b14-713b-46d0-a6ce-a7a33a2fb6f9,fb5cedd6-2992-1c62-7fba-4a7a6b43b2ff,null,2026-04-10,null,2026-04-10 22:56:09.024651+00
9626cd94-6db3-4461-9675-40596f499bff,00000000-0000-0000-0000-000000000001,90e2e4a1-129f-4334-8686-bbd8de7f1805,apartment,5dda0b14-713b-46d0-a6ce-a7a33a2fb6f9,fb5cedd6-2992-1c62-7fba-4a7a6b43b2ff,null,2026-04-10,null,2026-04-10 22:56:09.024651+00
0fe3847d-48a7-4cc6-8898-4418f0296b75,00000000-0000-0000-0000-000000000001,47f72718-ac23-4938-80b6-ef9eff13e8d8,bed,5dda0b14-713b-46d0-a6ce-a7a33a2fb6f9,fb5cedd6-2992-1c62-7fba-4a7a6b43b2ff,9803c12a-e08e-d213-5575-c44623241381,2026-04-10,null,2026-04-10 22:56:09.024651+00
b4165bd2-bda0-43a8-be7f-359e4073ecc1,00000000-0000-0000-0000-000000000001,a2b37083-1ad7-4c06-8c21-2c2023e28970,apartment,5dda0b14-713b-46d0-a6ce-a7a33a2fb6f9,fb5cedd6-2992-1c62-7fba-4a7a6b43b2ff,null,2026-04-10,null,2026-04-10 22:56:09.024651+00
c3e9b2a8-77fe-4c2e-bcc8-95a2fad3a113,00000000-0000-0000-0000-000000000001,7fa99a49-f850-4b57-8028-aab4a8fbade0,apartment,5dda0b14-713b-46d0-a6ce-a7a33a2fb6f9,fb5cedd6-2992-1c62-7fba-4a7a6b43b2ff,null,2026-04-10,null,2026-04-10 22:56:09.024651+00
e22ef746-a3e8-488f-9f1c-3b9b1e97a951,00000000-0000-0000-0000-000000000001,74928897-0b26-488e-9de2-4ac9185c044e,apartment,5dda0b14-713b-46d0-a6ce-a7a33a2fb6f9,fb5cedd6-2992-1c62-7fba-4a7a6b43b2ff,null,2026-04-10,null,2026-04-10 22:56:09.024651+00
bd5fed42-228d-429f-86e4-d2c8903538b1,00000000-0000-0000-0000-000000000001,44ee6905-97d0-4e14-843d-55300d23be1d,apartment,5dda0b14-713b-46d0-a6ce-a7a33a2fb6f9,fb5cedd6-2992-1c62-7fba-4a7a6b43b2ff,null,2026-04-10,null,2026-04-10 22:56:09.024651+00
8555a84d-2e70-49d8-b3df-ec852ac82975,00000000-0000-0000-0000-000000000001,6de08c27-a0bd-47b3-aa1b-50fa02129ff4,bed,5dda0b14-713b-46d0-a6ce-a7a33a2fb6f9,fb5cedd6-2992-1c62-7fba-4a7a6b43b2ff,be0208ae-5786-5d6b-7ab7-8ab62ebff5d0,2026-04-10,null,2026-04-10 22:56:09.024651+00
e2fc9f02-a2c9-44a7-9cda-90b25808a901,00000000-0000-0000-0000-000000000001,6de08c27-a0bd-47b3-aa1b-50fa02129ff4,bed,5dda0b14-713b-46d0-a6ce-a7a33a2fb6f9,fb5cedd6-2992-1c62-7fba-4a7a6b43b2ff,f9e98282-6ed1-2655-561b-5122ac7d94a1,2026-04-10,null,2026-04-10 22:56:09.024651+00
49d229e1-ca6d-491c-abc5-37ee90557340,00000000-0000-0000-0000-000000000001,9e83589c-0310-479c-9453-b3da59f7e07d,bed,5dda0b14-713b-46d0-a6ce-a7a33a2fb6f9,fb5cedd6-2992-1c62-7fba-4a7a6b43b2ff,9803c12a-e08e-d213-5575-c44623241381,2026-04-10,null,2026-04-10 22:56:09.024651+00
ac058dc5-af69-4122-9f33-677a25f8f986,00000000-0000-0000-0000-000000000001,9e83589c-0310-479c-9453-b3da59f7e07d,bed,5dda0b14-713b-46d0-a6ce-a7a33a2fb6f9,fb5cedd6-2992-1c62-7fba-4a7a6b43b2ff,39eacd05-ff7e-5541-7fe2-feddf8854c55,2026-04-10,null,2026-04-10 22:56:09.024651+00
7d460cf3-588b-4f80-8e25-7414d573b1f8,00000000-0000-0000-0000-000000000001,9e83589c-0310-479c-9453-b3da59f7e07d,bed,5dda0b14-713b-46d0-a6ce-a7a33a2fb6f9,fb5cedd6-2992-1c62-7fba-4a7a6b43b2ff,97486463-9125-9851-3039-04f213b371d4,2026-04-10,null,2026-04-10 22:56:09.024651+00
aa776279-c7d1-4569-85be-39abbe7ede2a,00000000-0000-0000-0000-000000000001,8ee72cf1-ebba-4daf-9713-19fe4b2b8f06,bed,5dda0b14-713b-46d0-a6ce-a7a33a2fb6f9,233cca0e-efcf-e631-d2fc-9997a6ba5706,962dbb92-b657-7b1c-10df-8977244bdef2,2026-04-10,null,2026-04-10 22:56:09.024651+00
35a904d2-14c1-4d39-b23f-7961cb9b7b4d,00000000-0000-0000-0000-000000000001,13d9d678-a406-41b2-853d-8628a9ce5b31,bed,5dda0b14-713b-46d0-a6ce-a7a33a2fb6f9,233cca0e-efcf-e631-d2fc-9997a6ba5706,0b49669f-6579-fa2c-a871-13f7c9f46ae6,2026-04-10,null,2026-04-10 22:56:09.024651+00
44912496-1ad7-4db6-a6aa-78bfa3203d16,00000000-0000-0000-0000-000000000001,13d9d678-a406-41b2-853d-8628a9ce5b31,bed,5dda0b14-713b-46d0-a6ce-a7a33a2fb6f9,233cca0e-efcf-e631-d2fc-9997a6ba5706,1a0c6b87-ff3f-bbf9-8751-3b329d6b9911,2026-04-10,null,2026-04-10 22:56:09.024651+00
2cddfdf3-e4ad-4261-89cc-f668d8226575,00000000-0000-0000-0000-000000000001,1ac33845-439e-4379-ba39-8f2c952e8873,bed,5dda0b14-713b-46d0-a6ce-a7a33a2fb6f9,233cca0e-efcf-e631-d2fc-9997a6ba5706,7dcf272d-a13c-9661-df5a-a6704de16ab8,2026-04-10,null,2026-04-10 22:56:09.024651+00
1ac53dd0-c474-472a-a49e-fd124506b2a8,00000000-0000-0000-0000-000000000001,1ac33845-439e-4379-ba39-8f2c952e8873,bed,5dda0b14-713b-46d0-a6ce-a7a33a2fb6f9,233cca0e-efcf-e631-d2fc-9997a6ba5706,48942e49-dfb3-3eff-732a-2842f615cb8a,2026-04-10,null,2026-04-10 22:56:09.024651+00
fade5361-8e5e-4e1e-acef-136dc4b65429,00000000-0000-0000-0000-000000000001,5f808eec-7ba7-4136-ba85-0e2aee0f52bd,bed,5dda0b14-713b-46d0-a6ce-a7a33a2fb6f9,233cca0e-efcf-e631-d2fc-9997a6ba5706,0b49669f-6579-fa2c-a871-13f7c9f46ae6,2026-04-10,null,2026-04-10 22:56:09.024651+00
8c251603-9703-4b82-afa2-ad972a215c50,00000000-0000-0000-0000-000000000001,2f68badc-a5b7-4256-b4c7-3e76fef4c3fe,bed,5dda0b14-713b-46d0-a6ce-a7a33a2fb6f9,233cca0e-efcf-e631-d2fc-9997a6ba5706,1a0c6b87-ff3f-bbf9-8751-3b329d6b9911,2026-04-10,null,2026-04-10 22:56:09.024651+00
35c365c2-ce23-4ffd-a4e6-4a79e73b65a5,00000000-0000-0000-0000-000000000001,9c8eae2f-09a7-4b60-bb03-bffe7963479e,bed,5dda0b14-713b-46d0-a6ce-a7a33a2fb6f9,233cca0e-efcf-e631-d2fc-9997a6ba5706,7dcf272d-a13c-9661-df5a-a6704de16ab8,2026-04-10,null,2026-04-10 22:56:09.024651+00
9d5c4bb3-a45e-4b70-8edc-e61ce609143d,00000000-0000-0000-0000-000000000001,32e3ad84-9f64-4682-9190-eb9d8b4db52c,bed,5dda0b14-713b-46d0-a6ce-a7a33a2fb6f9,233cca0e-efcf-e631-d2fc-9997a6ba5706,48942e49-dfb3-3eff-732a-2842f615cb8a,2026-04-10,null,2026-04-10 22:56:09.024651+00
8ade4fc1-0aff-4d1a-a722-abe36300bd10,00000000-0000-0000-0000-000000000001,6c381c26-1782-4883-9b35-d5738428c60b,bed,5dda0b14-713b-46d0-a6ce-a7a33a2fb6f9,233cca0e-efcf-e631-d2fc-9997a6ba5706,962dbb92-b657-7b1c-10df-8977244bdef2,2026-04-10,null,2026-04-10 22:56:09.024651+00
e7247c69-a48e-485d-92ff-e2af2316e91a,00000000-0000-0000-0000-000000000001,0669bb3d-7a25-4d55-9f9e-9ca93f56d9a3,apartment,5dda0b14-713b-46d0-a6ce-a7a33a2fb6f9,233cca0e-efcf-e631-d2fc-9997a6ba5706,null,2026-04-10,null,2026-04-10 22:56:09.024651+00
dfaa3693-31d5-433a-a5b8-277f9111c2b4,00000000-0000-0000-0000-000000000001,381e7e22-8454-4fa2-8b30-dbfd7b67586a,apartment,5dda0b14-713b-46d0-a6ce-a7a33a2fb6f9,233cca0e-efcf-e631-d2fc-9997a6ba5706,null,2026-04-10,null,2026-04-10 22:56:09.024651+00
34df1536-783c-4ff0-8d78-443284189edb,00000000-0000-0000-0000-000000000001,4aad8676-62e0-4dc4-b098-34df037aec14,bed,5dda0b14-713b-46d0-a6ce-a7a33a2fb6f9,233cca0e-efcf-e631-d2fc-9997a6ba5706,962dbb92-b657-7b1c-10df-8977244bdef2,2026-04-10,null,2026-04-10 22:56:09.024651+00
ea64659c-ab5c-47a4-8cde-d1c82e615f30,00000000-0000-0000-0000-000000000001,1303088b-8cb4-4433-8a44-9385da20a6b7,bed,5dda0b14-713b-46d0-a6ce-a7a33a2fb6f9,233cca0e-efcf-e631-d2fc-9997a6ba5706,0b49669f-6579-fa2c-a871-13f7c9f46ae6,2026-04-10,null,2026-04-10 22:56:09.024651+00
418daffb-e3f7-4375-8db1-f5a97166aa2f,00000000-0000-0000-0000-000000000001,5601dab1-6054-44c2-9b49-cd71b19dfa37,bed,5dda0b14-713b-46d0-a6ce-a7a33a2fb6f9,233cca0e-efcf-e631-d2fc-9997a6ba5706,1a0c6b87-ff3f-bbf9-8751-3b329d6b9911,2026-04-10,null,2026-04-10 22:56:09.024651+00
5de76c0a-bcde-4736-beda-f28f5a2e9248,00000000-0000-0000-0000-000000000001,9e8a94ee-79d8-45ba-b21d-58f1c9b53ec9,bed,5dda0b14-713b-46d0-a6ce-a7a33a2fb6f9,233cca0e-efcf-e631-d2fc-9997a6ba5706,7dcf272d-a13c-9661-df5a-a6704de16ab8,2026-04-10,null,2026-04-10 22:56:09.024651+00
68a74450-1555-4284-a97b-647657003be1,00000000-0000-0000-0000-000000000001,5ca5bf28-2d1c-47b6-9008-2ed28ac08b10,bed,5dda0b14-713b-46d0-a6ce-a7a33a2fb6f9,233cca0e-efcf-e631-d2fc-9997a6ba5706,48942e49-dfb3-3eff-732a-2842f615cb8a,2026-04-10,null,2026-04-10 22:56:09.024651+00
42f0a97d-b676-4cab-902c-ae949399fa8a,00000000-0000-0000-0000-000000000001,14ede415-4e42-4132-a4d8-f97622c7aef0,bed,5dda0b14-713b-46d0-a6ce-a7a33a2fb6f9,233cca0e-efcf-e631-d2fc-9997a6ba5706,962dbb92-b657-7b1c-10df-8977244bdef2,2026-04-10,null,2026-04-10 22:56:09.024651+00
ed79a99a-8bd4-4399-b42a-8d7fbfc49788,00000000-0000-0000-0000-000000000001,6960a9fc-4df7-4bc3-9fed-e815ba0de256,bed,5dda0b14-713b-46d0-a6ce-a7a33a2fb6f9,233cca0e-efcf-e631-d2fc-9997a6ba5706,0b49669f-6579-fa2c-a871-13f7c9f46ae6,2026-04-10,null,2026-04-10 22:56:09.024651+00
6f749e68-0172-4222-aa3d-6d8052ff72b0,00000000-0000-0000-0000-000000000001,03d5e083-8048-44b2-8534-ead77088bc21,bed,5dda0b14-713b-46d0-a6ce-a7a33a2fb6f9,233cca0e-efcf-e631-d2fc-9997a6ba5706,1a0c6b87-ff3f-bbf9-8751-3b329d6b9911,2026-04-10,null,2026-04-10 22:56:09.024651+00
525e3d4d-f9c9-47cc-8d64-9721672d6b3e,00000000-0000-0000-0000-000000000001,aa943eb2-f80b-4f42-a308-5c25130627c6,bed,5dda0b14-713b-46d0-a6ce-a7a33a2fb6f9,233cca0e-efcf-e631-d2fc-9997a6ba5706,7dcf272d-a13c-9661-df5a-a6704de16ab8,2026-04-10,null,2026-04-10 22:56:09.024651+00
17973802-2070-4305-a65c-38fd3dd65af5,00000000-0000-0000-0000-000000000001,6209ee7b-6c86-4060-a32e-ca5d265dedea,bed,5dda0b14-713b-46d0-a6ce-a7a33a2fb6f9,233cca0e-efcf-e631-d2fc-9997a6ba5706,48942e49-dfb3-3eff-732a-2842f615cb8a,2026-04-10,null,2026-04-10 22:56:09.024651+00
0df6d532-91e5-4c1b-b626-cc0b9ad2947c,00000000-0000-0000-0000-000000000001,f6a50d94-7748-4cb4-848c-acb0929d97a6,apartment,5dda0b14-713b-46d0-a6ce-a7a33a2fb6f9,233cca0e-efcf-e631-d2fc-9997a6ba5706,null,2026-04-10,null,2026-04-10 22:56:09.024651+00
1db68a70-f8a4-4244-bae6-8ed7de901fe6,00000000-0000-0000-0000-000000000001,e5e81efe-84c7-4339-a968-dda6e1f264cc,bed,5dda0b14-713b-46d0-a6ce-a7a33a2fb6f9,233cca0e-efcf-e631-d2fc-9997a6ba5706,962dbb92-b657-7b1c-10df-8977244bdef2,2026-04-10,null,2026-04-10 22:56:09.024651+00
9d922f8f-99b8-445a-8aed-7b2bb75ae7ef,00000000-0000-0000-0000-000000000001,b582975d-5d81-492e-8f06-a1e5d3d78fd7,bed,5dda0b14-713b-46d0-a6ce-a7a33a2fb6f9,233cca0e-efcf-e631-d2fc-9997a6ba5706,0b49669f-6579-fa2c-a871-13f7c9f46ae6,2026-04-10,null,2026-04-10 22:56:09.024651+00
ef8da3c8-0056-44a7-99e8-345644245f6d,00000000-0000-0000-0000-000000000001,b582975d-5d81-492e-8f06-a1e5d3d78fd7,bed,5dda0b14-713b-46d0-a6ce-a7a33a2fb6f9,233cca0e-efcf-e631-d2fc-9997a6ba5706,1a0c6b87-ff3f-bbf9-8751-3b329d6b9911,2026-04-10,null,2026-04-10 22:56:09.024651+00
3a1c50ea-b577-47c9-aa2f-e7dc6f2e8394,00000000-0000-0000-0000-000000000001,9b877037-bfe9-4589-8d21-cd44544ec393,bed,5dda0b14-713b-46d0-a6ce-a7a33a2fb6f9,233cca0e-efcf-e631-d2fc-9997a6ba5706,7dcf272d-a13c-9661-df5a-a6704de16ab8,2026-04-10,null,2026-04-10 22:56:09.024651+00
296b6e2b-bd3c-4cd6-b98c-804080bedbc9,00000000-0000-0000-0000-000000000001,9b877037-bfe9-4589-8d21-cd44544ec393,bed,5dda0b14-713b-46d0-a6ce-a7a33a2fb6f9,233cca0e-efcf-e631-d2fc-9997a6ba5706,48942e49-dfb3-3eff-732a-2842f615cb8a,2026-04-10,null,2026-04-10 22:56:09.024651+00
6ab74c9d-5448-47b1-8371-fab22eeb3d62,00000000-0000-0000-0000-000000000001,96f7f9cd-ab09-4613-b714-0e7150b4c67c,apartment,5dda0b14-713b-46d0-a6ce-a7a33a2fb6f9,233cca0e-efcf-e631-d2fc-9997a6ba5706,null,2026-04-10,null,2026-04-10 22:56:09.024651+00
c9759030-f644-430f-8aa5-0c5fe69ae2e4,00000000-0000-0000-0000-000000000001,0f8007c8-eb7c-4018-8167-3336744955b8,apartment,5dda0b14-713b-46d0-a6ce-a7a33a2fb6f9,233cca0e-efcf-e631-d2fc-9997a6ba5706,null,2026-04-10,null,2026-04-10 22:56:09.024651+00
01e64b5b-bcc2-4fa2-baa1-051ac7e4a231,00000000-0000-0000-0000-000000000001,39ed7576-74b9-47df-813e-1b4b3858092f,bed,5dda0b14-713b-46d0-a6ce-a7a33a2fb6f9,233cca0e-efcf-e631-d2fc-9997a6ba5706,962dbb92-b657-7b1c-10df-8977244bdef2,2026-04-10,null,2026-04-10 22:56:09.024651+00
9187c4b9-4e21-4cac-9c73-1111bfc2b323,00000000-0000-0000-0000-000000000001,aeeed058-2d0e-4c0a-90ab-614372ddd1ac,bed,5dda0b14-713b-46d0-a6ce-a7a33a2fb6f9,233cca0e-efcf-e631-d2fc-9997a6ba5706,0b49669f-6579-fa2c-a871-13f7c9f46ae6,2026-04-10,null,2026-04-10 22:56:09.024651+00
e03269f1-2e9f-4535-a32b-a18f5dbe8b74,00000000-0000-0000-0000-000000000001,cfe576d6-7421-46ee-878a-3470e3327be1,bed,5dda0b14-713b-46d0-a6ce-a7a33a2fb6f9,233cca0e-efcf-e631-d2fc-9997a6ba5706,1a0c6b87-ff3f-bbf9-8751-3b329d6b9911,2026-04-10,null,2026-04-10 22:56:09.024651+00
2ccf8e3f-792a-4907-81f3-06e4bd7fd0e4,00000000-0000-0000-0000-000000000001,85c76cd0-e07a-48e7-a458-7f924950fc0e,bed,5dda0b14-713b-46d0-a6ce-a7a33a2fb6f9,233cca0e-efcf-e631-d2fc-9997a6ba5706,7dcf272d-a13c-9661-df5a-a6704de16ab8,2026-04-10,null,2026-04-10 22:56:09.024651+00
4c985305-39be-48c4-a4b0-3a74e608db76,00000000-0000-0000-0000-000000000001,b6b85972-04b9-4ae2-a2bf-a34e1c9eea7a,bed,5dda0b14-713b-46d0-a6ce-a7a33a2fb6f9,233cca0e-efcf-e631-d2fc-9997a6ba5706,48942e49-dfb3-3eff-732a-2842f615cb8a,2026-04-10,null,2026-04-10 22:56:09.024651+00
ce6130b0-72fb-4a51-9600-4d1b19d05358,00000000-0000-0000-0000-000000000001,12bfdef1-5180-437e-93dc-0cdcd1a55f21,apartment,5dda0b14-713b-46d0-a6ce-a7a33a2fb6f9,233cca0e-efcf-e631-d2fc-9997a6ba5706,null,2026-04-10,null,2026-04-10 22:56:09.024651+00
32f27d98-ba6c-4ee6-95ef-77fcadb89474,00000000-0000-0000-0000-000000000001,9eecd708-a126-4640-aadf-7decd7d1886f,apartment,5dda0b14-713b-46d0-a6ce-a7a33a2fb6f9,233cca0e-efcf-e631-d2fc-9997a6ba5706,null,2026-04-10,null,2026-04-10 22:56:09.024651+00
ac8fcade-fb1d-4366-afd2-c5fbe9a362cc,00000000-0000-0000-0000-000000000001,dbbc3c27-acd8-4522-ac08-f97d8df569cb,apartment,5dda0b14-713b-46d0-a6ce-a7a33a2fb6f9,233cca0e-efcf-e631-d2fc-9997a6ba5706,null,2023-03-30,null,2026-04-10 22:56:09.024651+00
c82fb851-d304-41ec-94c8-e9cc69731bca,00000000-0000-0000-0000-000000000001,044383dc-1766-4e85-a833-a1248677b2be,apartment,5dda0b14-713b-46d0-a6ce-a7a33a2fb6f9,233cca0e-efcf-e631-d2fc-9997a6ba5706,null,2026-04-10,null,2026-04-10 22:56:09.024651+00
859cc151-9dd0-4d9e-accf-65f83d4d2979,00000000-0000-0000-0000-000000000001,222c2ff8-1be1-4138-b37b-ab41f2563648,apartment,5dda0b14-713b-46d0-a6ce-a7a33a2fb6f9,233cca0e-efcf-e631-d2fc-9997a6ba5706,null,2026-04-10,null,2026-04-10 22:56:09.024651+00
0363a7cb-6183-4ce6-8ede-a681877ff5a5,00000000-0000-0000-0000-000000000001,4fe13ea9-58e7-4848-aeed-9e6601ed8a1f,bed,5dda0b14-713b-46d0-a6ce-a7a33a2fb6f9,233cca0e-efcf-e631-d2fc-9997a6ba5706,962dbb92-b657-7b1c-10df-8977244bdef2,2026-04-10,null,2026-04-10 22:56:09.024651+00
de64b45f-aa5f-45de-aa92-689ff163966c,00000000-0000-0000-0000-000000000001,9ba1704a-4a9c-41b3-80b7-d09d4b44a86b,apartment,5dda0b14-713b-46d0-a6ce-a7a33a2fb6f9,233cca0e-efcf-e631-d2fc-9997a6ba5706,null,2026-04-10,null,2026-04-10 22:56:09.024651+00
3640add1-9b08-4086-9a53-444200b1ff9e,00000000-0000-0000-0000-000000000001,afa43bbd-f82d-44b5-8cf1-3b0d31591ed4,apartment,5dda0b14-713b-46d0-a6ce-a7a33a2fb6f9,233cca0e-efcf-e631-d2fc-9997a6ba5706,null,2026-04-10,null,2026-04-10 22:56:09.024651+00
1830de09-598c-4663-95d7-1e3c7a39d1fb,00000000-0000-0000-0000-000000000001,b6a9c919-3199-455c-b42c-9f367f1d2b24,apartment,5dda0b14-713b-46d0-a6ce-a7a33a2fb6f9,233cca0e-efcf-e631-d2fc-9997a6ba5706,null,2026-04-10,null,2026-04-10 22:56:09.024651+00
043d0475-edc3-49eb-936e-298a45938af2,00000000-0000-0000-0000-000000000001,38fd8693-6cf4-4bea-ad41-57f8e9ca7503,apartment,5dda0b14-713b-46d0-a6ce-a7a33a2fb6f9,233cca0e-efcf-e631-d2fc-9997a6ba5706,null,2026-04-10,null,2026-04-10 22:56:09.024651+00
09b4525d-8f30-4ea2-bc81-23ea689595e6,00000000-0000-0000-0000-000000000001,ed6fecaf-7694-4b4e-8d35-e74cc52c0572,bed,5dda0b14-713b-46d0-a6ce-a7a33a2fb6f9,233cca0e-efcf-e631-d2fc-9997a6ba5706,0b49669f-6579-fa2c-a871-13f7c9f46ae6,2026-04-10,null,2026-04-10 22:56:09.024651+00
2c1c81d8-2258-461b-807f-38170edbfa09,00000000-0000-0000-0000-000000000001,ed6fecaf-7694-4b4e-8d35-e74cc52c0572,bed,5dda0b14-713b-46d0-a6ce-a7a33a2fb6f9,233cca0e-efcf-e631-d2fc-9997a6ba5706,1a0c6b87-ff3f-bbf9-8751-3b329d6b9911,2026-04-10,null,2026-04-10 22:56:09.024651+00
1f2f5873-016c-45d1-ab62-bd99fa70e771,00000000-0000-0000-0000-000000000001,f67aa3ba-1acc-43fb-bdb6-e45f74888054,bed,5dda0b14-713b-46d0-a6ce-a7a33a2fb6f9,233cca0e-efcf-e631-d2fc-9997a6ba5706,962dbb92-b657-7b1c-10df-8977244bdef2,2026-04-10,null,2026-04-10 22:56:09.024651+00
9f4b6056-bf18-4161-8e06-1fad8069e685,00000000-0000-0000-0000-000000000001,f67aa3ba-1acc-43fb-bdb6-e45f74888054,bed,5dda0b14-713b-46d0-a6ce-a7a33a2fb6f9,233cca0e-efcf-e631-d2fc-9997a6ba5706,7dcf272d-a13c-9661-df5a-a6704de16ab8,2026-04-10,null,2026-04-10 22:56:09.024651+00
16cb0f20-5fbe-4457-b866-90068aa44e94,00000000-0000-0000-0000-000000000001,f67aa3ba-1acc-43fb-bdb6-e45f74888054,bed,5dda0b14-713b-46d0-a6ce-a7a33a2fb6f9,233cca0e-efcf-e631-d2fc-9997a6ba5706,48942e49-dfb3-3eff-732a-2842f615cb8a,2026-04-10,null,2026-04-10 22:56:09.024651+00
e2f1247a-9913-4aba-85c1-6c759e299634,00000000-0000-0000-0000-000000000001,5da6f131-fa1e-4f4a-bd3e-736bee9f59d2,apartment,5dda0b14-713b-46d0-a6ce-a7a33a2fb6f9,dc4adc21-f501-0573-2e9a-d7bbbc89e5d6,null,2026-04-10,null,2026-04-10 22:56:09.024651+00
84ede20f-2fc4-4774-8c1f-697c18f45fc5,00000000-0000-0000-0000-000000000001,ae778bb1-a990-49a0-b433-d37eaff89aa9,bed,5dda0b14-713b-46d0-a6ce-a7a33a2fb6f9,dc4adc21-f501-0573-2e9a-d7bbbc89e5d6,75895052-85e6-0a26-47e6-53c1e763d4da,2026-04-10,null,2026-04-10 22:56:09.024651+00
981d31d0-e61a-416b-b662-4e6eaf4aede4,00000000-0000-0000-0000-000000000001,ae778bb1-a990-49a0-b433-d37eaff89aa9,apartment,5dda0b14-713b-46d0-a6ce-a7a33a2fb6f9,dc4adc21-f501-0573-2e9a-d7bbbc89e5d6,null,2026-04-10,null,2026-04-10 22:56:09.024651+00
f8840000-8591-433c-a755-3252fdf8f037,00000000-0000-0000-0000-000000000001,9de4f299-90f7-4a53-a8c5-8000e64f1b8c,bed,5dda0b14-713b-46d0-a6ce-a7a33a2fb6f9,dc4adc21-f501-0573-2e9a-d7bbbc89e5d6,75895052-85e6-0a26-47e6-53c1e763d4da,2026-04-10,null,2026-04-10 22:56:09.024651+00
917b75fb-4e56-4d98-99a3-3feed5a67262,00000000-0000-0000-0000-000000000001,9de4f299-90f7-4a53-a8c5-8000e64f1b8c,apartment,5dda0b14-713b-46d0-a6ce-a7a33a2fb6f9,dc4adc21-f501-0573-2e9a-d7bbbc89e5d6,null,2026-04-10,null,2026-04-10 22:56:09.024651+00
6d9e21fd-b4a3-45fb-b83e-aea039bfebed,00000000-0000-0000-0000-000000000001,9de4f299-90f7-4a53-a8c5-8000e64f1b8c,apartment,5dda0b14-713b-46d0-a6ce-a7a33a2fb6f9,dc4adc21-f501-0573-2e9a-d7bbbc89e5d6,null,2026-04-10,null,2026-04-10 22:56:09.024651+00
bd81bc93-284f-4c9b-b633-ab7a6542d5b0,00000000-0000-0000-0000-000000000001,d62e228c-2695-46b3-8a0a-c307c04b84c8,bed,5dda0b14-713b-46d0-a6ce-a7a33a2fb6f9,dc4adc21-f501-0573-2e9a-d7bbbc89e5d6,75895052-85e6-0a26-47e6-53c1e763d4da,2026-04-10,null,2026-04-10 22:56:09.024651+00
1ba0d78b-bbbf-4412-98c6-ea960fbfbf82,00000000-0000-0000-0000-000000000001,3f10af6c-d4e1-4d29-89f8-56c741d2c8b9,apartment,5dda0b14-713b-46d0-a6ce-a7a33a2fb6f9,dc4adc21-f501-0573-2e9a-d7bbbc89e5d6,null,2026-04-10,null,2026-04-10 22:56:09.024651+00
7068d4cf-7593-4c13-9c99-23e6a4f6a490,00000000-0000-0000-0000-000000000001,92552377-55a9-4b88-8f83-998d8bfcb72b,apartment,5dda0b14-713b-46d0-a6ce-a7a33a2fb6f9,dc4adc21-f501-0573-2e9a-d7bbbc89e5d6,null,2026-04-10,null,2026-04-10 22:56:09.024651+00
38685f8c-d379-4f8b-92c8-d599114b12a8,00000000-0000-0000-0000-000000000001,aa849c29-c7ab-4374-ba10-cd79a303f3af,apartment,5dda0b14-713b-46d0-a6ce-a7a33a2fb6f9,dc4adc21-f501-0573-2e9a-d7bbbc89e5d6,null,2026-04-10,null,2026-04-10 22:56:09.024651+00
d9aac279-7d18-4c2c-8f77-7252b5163237,00000000-0000-0000-0000-000000000001,40a65f50-20cf-4631-b949-2be9a125a7cd,apartment,5dda0b14-713b-46d0-a6ce-a7a33a2fb6f9,dc4adc21-f501-0573-2e9a-d7bbbc89e5d6,null,2026-04-10,null,2026-04-10 22:56:09.024651+00
d5c1ce70-462f-490f-8c84-777af2b5f5ce,00000000-0000-0000-0000-000000000001,718a0082-d5e2-4e95-ac15-70bc14f4dd18,bed,5dda0b14-713b-46d0-a6ce-a7a33a2fb6f9,dc4adc21-f501-0573-2e9a-d7bbbc89e5d6,75895052-85e6-0a26-47e6-53c1e763d4da,2026-04-10,null,2026-04-10 22:56:09.024651+00
28d50776-0975-4d13-a3ec-4d7e6e610a70,00000000-0000-0000-0000-000000000001,718a0082-d5e2-4e95-ac15-70bc14f4dd18,apartment,5dda0b14-713b-46d0-a6ce-a7a33a2fb6f9,dc4adc21-f501-0573-2e9a-d7bbbc89e5d6,null,2026-04-10,null,2026-04-10 22:56:09.024651+00
ba12988c-5479-4755-afef-5adc5eea03ee,00000000-0000-0000-0000-000000000001,718a0082-d5e2-4e95-ac15-70bc14f4dd18,apartment,5dda0b14-713b-46d0-a6ce-a7a33a2fb6f9,dc4adc21-f501-0573-2e9a-d7bbbc89e5d6,null,2026-04-10,null,2026-04-10 22:56:09.024651+00
bdeeb4f3-9096-459c-a73b-9feb268c72b2,00000000-0000-0000-0000-000000000001,b5878a56-04de-4945-9873-41959ba93e37,apartment,5dda0b14-713b-46d0-a6ce-a7a33a2fb6f9,dc4adc21-f501-0573-2e9a-d7bbbc89e5d6,null,2026-04-10,null,2026-04-10 22:56:09.024651+00
1c85f3f3-b497-4cfb-b1b3-6761c180db66,00000000-0000-0000-0000-000000000001,ce9b9756-33b0-4d04-b64a-6af7fcbca6cf,apartment,5dda0b14-713b-46d0-a6ce-a7a33a2fb6f9,dc4adc21-f501-0573-2e9a-d7bbbc89e5d6,null,2026-04-10,null,2026-04-10 22:56:09.024651+00
f752e6d2-34f8-485c-9c14-795e700777e9,00000000-0000-0000-0000-000000000001,e570c8cf-9460-4125-97cc-4c2924fe5882,bed,5dda0b14-713b-46d0-a6ce-a7a33a2fb6f9,dc4adc21-f501-0573-2e9a-d7bbbc89e5d6,75895052-85e6-0a26-47e6-53c1e763d4da,2026-04-10,null,2026-04-10 22:56:09.024651+00
2b67ab97-ff8a-45da-a588-09f5cfa88552,00000000-0000-0000-0000-000000000001,3d8a59c1-825f-4b5f-97d1-ef05e6260424,apartment,5dda0b14-713b-46d0-a6ce-a7a33a2fb6f9,dc4adc21-f501-0573-2e9a-d7bbbc89e5d6,null,2026-04-10,null,2026-04-10 22:56:09.024651+00
dfc93702-e026-4ae0-9d97-d4b79f91964b,00000000-0000-0000-0000-000000000001,10d695bc-f929-4f9a-835e-f5f272128e47,apartment,5dda0b14-713b-46d0-a6ce-a7a33a2fb6f9,dc4adc21-f501-0573-2e9a-d7bbbc89e5d6,null,2026-04-10,null,2026-04-10 22:56:09.024651+00
b5ef228f-b3d8-4c60-a0a9-44bf4f4e647c,00000000-0000-0000-0000-000000000001,4a517757-b1a9-468c-9dba-216e104e9ad9,apartment,5dda0b14-713b-46d0-a6ce-a7a33a2fb6f9,dc4adc21-f501-0573-2e9a-d7bbbc89e5d6,null,2026-04-10,null,2026-04-10 22:56:09.024651+00
a5aaf37c-fd71-4519-a6a7-813a26397042,00000000-0000-0000-0000-000000000001,2f4632a4-122d-4877-8f71-bc3618e56677,bed,5dda0b14-713b-46d0-a6ce-a7a33a2fb6f9,dc4adc21-f501-0573-2e9a-d7bbbc89e5d6,75895052-85e6-0a26-47e6-53c1e763d4da,2026-04-10,null,2026-04-10 22:56:09.024651+00
6a96c2d3-def6-498c-8a6e-845fc07efe52,00000000-0000-0000-0000-000000000001,84b5415d-929f-4555-af57-6320e96ad816,apartment,5dda0b14-713b-46d0-a6ce-a7a33a2fb6f9,dc4adc21-f501-0573-2e9a-d7bbbc89e5d6,null,2026-04-10,null,2026-04-10 22:56:09.024651+00
156b0f15-ddda-4ef5-92f6-ff2572faf543,00000000-0000-0000-0000-000000000001,b574a563-60e4-4abc-828f-0208ffa9840b,apartment,5dda0b14-713b-46d0-a6ce-a7a33a2fb6f9,dc4adc21-f501-0573-2e9a-d7bbbc89e5d6,null,2026-04-10,null,2026-04-10 22:56:09.024651+00
38447adf-b7d6-47d3-b34e-9abe2f1826c5,00000000-0000-0000-0000-000000000001,b04c7975-b41a-4a6a-b82c-15c29e4d7f32,apartment,5dda0b14-713b-46d0-a6ce-a7a33a2fb6f9,dc4adc21-f501-0573-2e9a-d7bbbc89e5d6,null,2026-04-10,null,2026-04-10 22:56:09.024651+00
0014ffe4-4e65-4d86-a6c5-059d2057d08c,00000000-0000-0000-0000-000000000001,8e7bf2ce-20ff-42de-910d-4a24921515b6,apartment,5dda0b14-713b-46d0-a6ce-a7a33a2fb6f9,dc4adc21-f501-0573-2e9a-d7bbbc89e5d6,null,2026-04-10,null,2026-04-10 22:56:09.024651+00
5d739707-4dcb-4cae-b8ba-4b8c65c85fe3,00000000-0000-0000-0000-000000000001,dc1020be-24a1-4aba-a4bc-ba16db1478b7,bed,5dda0b14-713b-46d0-a6ce-a7a33a2fb6f9,dc4adc21-f501-0573-2e9a-d7bbbc89e5d6,75895052-85e6-0a26-47e6-53c1e763d4da,2026-04-10,null,2026-04-10 22:56:09.024651+00
9777b926-3ed6-45d1-a990-a1be308daed9,00000000-0000-0000-0000-000000000001,dc1020be-24a1-4aba-a4bc-ba16db1478b7,apartment,5dda0b14-713b-46d0-a6ce-a7a33a2fb6f9,dc4adc21-f501-0573-2e9a-d7bbbc89e5d6,null,2026-04-10,null,2026-04-10 22:56:09.024651+00
36c9391b-e5e3-4375-a9e9-4171709ea064,00000000-0000-0000-0000-000000000001,05a93b2d-a6c7-4640-93af-6fd19b12c0a2,apartment,5dda0b14-713b-46d0-a6ce-a7a33a2fb6f9,dc4adc21-f501-0573-2e9a-d7bbbc89e5d6,null,2025-05-05,null,2026-04-10 22:56:09.024651+00
c62b4e29-3843-446b-a9fb-825735597b87,00000000-0000-0000-0000-000000000001,ea804b5d-ce6d-455f-b01a-8cc27d0595eb,apartment,5dda0b14-713b-46d0-a6ce-a7a33a2fb6f9,dc4adc21-f501-0573-2e9a-d7bbbc89e5d6,null,2026-04-10,null,2026-04-10 22:56:09.024651+00
7277db01-e27e-4a14-8457-8dfbaca8f793,00000000-0000-0000-0000-000000000001,17957fac-cf0a-45ec-a106-d445925da1e0,bed,5dda0b14-713b-46d0-a6ce-a7a33a2fb6f9,dc4adc21-f501-0573-2e9a-d7bbbc89e5d6,75895052-85e6-0a26-47e6-53c1e763d4da,2026-04-10,null,2026-04-10 22:56:09.024651+00
109a5984-a1c4-4326-8857-0f546e96ba7a,00000000-0000-0000-0000-000000000001,6d1785a8-1f78-4c30-ab03-dda0f15a282e,apartment,5dda0b14-713b-46d0-a6ce-a7a33a2fb6f9,dc4adc21-f501-0573-2e9a-d7bbbc89e5d6,null,2026-04-10,null,2026-04-10 22:56:09.024651+00
2290b47c-cf1d-46f9-b9f4-8f34a290b8e2,00000000-0000-0000-0000-000000000001,6ccbe5a4-2e5d-4ece-9074-039a98590de0,bed,5dda0b14-713b-46d0-a6ce-a7a33a2fb6f9,dc4adc21-f501-0573-2e9a-d7bbbc89e5d6,75895052-85e6-0a26-47e6-53c1e763d4da,2026-04-10,null,2026-04-10 22:56:09.024651+00
77c2b7f3-b025-445d-8ff8-b2c4aa31c3bc,00000000-0000-0000-0000-000000000001,d6431127-7862-4964-a4d8-3e15e2118a4b,apartment,5dda0b14-713b-46d0-a6ce-a7a33a2fb6f9,dc4adc21-f501-0573-2e9a-d7bbbc89e5d6,null,2026-04-10,null,2026-04-10 22:56:09.024651+00
f56ef4eb-c70b-400e-a2b1-2eda7c751251,00000000-0000-0000-0000-000000000001,a1558217-d3cf-4def-885b-e0db879fd72e,apartment,5dda0b14-713b-46d0-a6ce-a7a33a2fb6f9,dc4adc21-f501-0573-2e9a-d7bbbc89e5d6,null,2026-04-10,null,2026-04-10 22:56:09.024651+00
04037e06-0437-4a9a-ad9a-7e37561a0842,00000000-0000-0000-0000-000000000001,cce831ad-398f-49b4-adf2-b594419b2f62,apartment,5dda0b14-713b-46d0-a6ce-a7a33a2fb6f9,dc4adc21-f501-0573-2e9a-d7bbbc89e5d6,null,2026-04-10,null,2026-04-10 22:56:09.024651+00
aa172314-2774-4524-b9d7-58cde6848537,00000000-0000-0000-0000-000000000001,3a808621-2515-4b75-9e29-7b16e340da4f,apartment,5dda0b14-713b-46d0-a6ce-a7a33a2fb6f9,dc4adc21-f501-0573-2e9a-d7bbbc89e5d6,null,2026-04-10,null,2026-04-10 22:56:09.024651+00
28d54c01-345e-438a-a86e-9476706f8b43,00000000-0000-0000-0000-000000000001,5fbc29f6-4bf5-49ea-8394-626682cbaa98,apartment,5dda0b14-713b-46d0-a6ce-a7a33a2fb6f9,dc4adc21-f501-0573-2e9a-d7bbbc89e5d6,null,2025-09-16,null,2026-04-10 22:56:09.024651+00
4578719a-e1a6-438f-a544-d00fe4d5ec47,00000000-0000-0000-0000-000000000001,7e97db74-404f-43de-950c-2fb34dbd70db,apartment,5dda0b14-713b-46d0-a6ce-a7a33a2fb6f9,dc4adc21-f501-0573-2e9a-d7bbbc89e5d6,null,2026-04-10,null,2026-04-10 22:56:09.024651+00
3e948ccb-d0e8-4b94-9064-e34b6f288021,00000000-0000-0000-0000-000000000001,0ea8c39f-bb94-4db7-a15c-172e6f74e4d8,apartment,5dda0b14-713b-46d0-a6ce-a7a33a2fb6f9,dc4adc21-f501-0573-2e9a-d7bbbc89e5d6,null,2026-04-10,null,2026-04-10 22:56:09.024651+00
fd60352d-c92c-4c4f-bb20-5107353f4f4a,00000000-0000-0000-0000-000000000001,25a7ebc5-6cf7-4eab-8a97-6a1347eea0bb,apartment,5dda0b14-713b-46d0-a6ce-a7a33a2fb6f9,dc4adc21-f501-0573-2e9a-d7bbbc89e5d6,null,2026-04-10,null,2026-04-10 22:56:09.024651+00
4d816f25-f322-4c39-9282-c012192ce97f,00000000-0000-0000-0000-000000000001,5fac2cd5-3c3b-404b-8787-fe7496fe76f6,apartment,5dda0b14-713b-46d0-a6ce-a7a33a2fb6f9,dc4adc21-f501-0573-2e9a-d7bbbc89e5d6,null,2026-04-10,null,2026-04-10 22:56:09.024651+00
b1a97023-a0b4-459d-b00a-3d3b72f82b75,00000000-0000-0000-0000-000000000001,f0ab2a84-12dd-46f5-bdb4-496336356ecb,bed,5dda0b14-713b-46d0-a6ce-a7a33a2fb6f9,dc4adc21-f501-0573-2e9a-d7bbbc89e5d6,75895052-85e6-0a26-47e6-53c1e763d4da,2026-04-10,null,2026-04-10 22:56:09.024651+00
6e036688-6f5f-4bb5-9736-c6e4ae3181c7,00000000-0000-0000-0000-000000000001,f0ab2a84-12dd-46f5-bdb4-496336356ecb,apartment,5dda0b14-713b-46d0-a6ce-a7a33a2fb6f9,dc4adc21-f501-0573-2e9a-d7bbbc89e5d6,null,2026-04-10,null,2026-04-10 22:56:09.024651+00
37175cbf-fcfb-46b4-920f-c7caf89b3493,00000000-0000-0000-0000-000000000001,f0ab2a84-12dd-46f5-bdb4-496336356ecb,apartment,5dda0b14-713b-46d0-a6ce-a7a33a2fb6f9,dc4adc21-f501-0573-2e9a-d7bbbc89e5d6,null,2026-04-10,null,2026-04-10 22:56:09.024651+00
7ba19f32-f181-42e8-afc8-3bd17ccd623f,00000000-0000-0000-0000-000000000001,ea09bed0-6ebb-449c-be27-c8f65cc49f17,apartment,5dda0b14-713b-46d0-a6ce-a7a33a2fb6f9,dc4adc21-f501-0573-2e9a-d7bbbc89e5d6,null,2026-04-10,null,2026-04-10 22:56:09.024651+00
e2026e18-8c5a-42cc-bc6f-8d41c31d3698,00000000-0000-0000-0000-000000000001,8aa65042-22ee-45b4-9708-36f743ae7cf9,apartment,5dda0b14-713b-46d0-a6ce-a7a33a2fb6f9,dc4adc21-f501-0573-2e9a-d7bbbc89e5d6,null,2026-04-10,null,2026-04-10 22:56:09.024651+00
2d8f3339-d66d-4558-94d0-a7f094b0b6f9,00000000-0000-0000-0000-000000000001,1a481f1c-7ed0-4657-95a2-da034730c773,bed,5dda0b14-713b-46d0-a6ce-a7a33a2fb6f9,dc4adc21-f501-0573-2e9a-d7bbbc89e5d6,75895052-85e6-0a26-47e6-53c1e763d4da,2026-04-10,null,2026-04-10 22:56:09.024651+00
352600f5-7686-4fa3-8240-20530219dbde,00000000-0000-0000-0000-000000000001,1a481f1c-7ed0-4657-95a2-da034730c773,apartment,5dda0b14-713b-46d0-a6ce-a7a33a2fb6f9,dc4adc21-f501-0573-2e9a-d7bbbc89e5d6,null,2026-04-10,null,2026-04-10 22:56:09.024651+00
0375f5b8-818b-46bb-b8bd-04d63494e008,00000000-0000-0000-0000-000000000001,92306217-eb0e-43bb-8199-832c63709fc4,apartment,5dda0b14-713b-46d0-a6ce-a7a33a2fb6f9,dc4adc21-f501-0573-2e9a-d7bbbc89e5d6,null,2026-04-10,null,2026-04-10 22:56:09.024651+00
be8a91f4-1649-4f34-a093-445732a2ec6d,00000000-0000-0000-0000-000000000001,4cc0955d-86df-48bb-9fe7-bd4e4218361f,bed,5dda0b14-713b-46d0-a6ce-a7a33a2fb6f9,dc4adc21-f501-0573-2e9a-d7bbbc89e5d6,75895052-85e6-0a26-47e6-53c1e763d4da,2026-04-10,null,2026-04-10 22:56:09.024651+00
8a2ab3e2-8efa-45f0-af9a-7a6740497de0,00000000-0000-0000-0000-000000000001,4cc0955d-86df-48bb-9fe7-bd4e4218361f,apartment,5dda0b14-713b-46d0-a6ce-a7a33a2fb6f9,dc4adc21-f501-0573-2e9a-d7bbbc89e5d6,null,2026-04-10,null,2026-04-10 22:56:09.024651+00
2a71b64e-33ea-4941-90d0-89c2c76fabcf,00000000-0000-0000-0000-000000000001,4cc0955d-86df-48bb-9fe7-bd4e4218361f,apartment,5dda0b14-713b-46d0-a6ce-a7a33a2fb6f9,dc4adc21-f501-0573-2e9a-d7bbbc89e5d6,null,2026-04-10,null,2026-04-10 22:56:09.024651+00
70b4d16a-a5b6-413f-8680-1b6dd9dbd094,00000000-0000-0000-0000-000000000001,64446452-f9e9-42d6-98d4-dc9aab5f2985,bed,5dda0b14-713b-46d0-a6ce-a7a33a2fb6f9,c17c5093-48b7-139f-ebfc-1cd33ef5179c,d938459f-29e8-72b7-85d9-59b6df6db501,2026-04-10,null,2026-04-10 22:56:09.024651+00
1e3ca97d-4e17-4356-8ec4-a890856e4373,00000000-0000-0000-0000-000000000001,01358eaa-06be-455c-b086-9d9ced1d02c9,bed,5dda0b14-713b-46d0-a6ce-a7a33a2fb6f9,c17c5093-48b7-139f-ebfc-1cd33ef5179c,5926f2d3-f34a-ae71-03bd-8c67d6660d49,2026-04-10,null,2026-04-10 22:56:09.024651+00
3f8aa97f-6df3-4845-9f2c-e6d59e711368,00000000-0000-0000-0000-000000000001,01358eaa-06be-455c-b086-9d9ced1d02c9,bed,5dda0b14-713b-46d0-a6ce-a7a33a2fb6f9,c17c5093-48b7-139f-ebfc-1cd33ef5179c,b5a4ef5b-dfab-12e9-96d2-c7657d00fb50,2026-04-10,null,2026-04-10 22:56:09.024651+00
f6b8322e-beaa-41a8-a03c-752b157249e2,00000000-0000-0000-0000-000000000001,9eaf25c2-a5d9-4854-a2cc-1373bb337682,bed,5dda0b14-713b-46d0-a6ce-a7a33a2fb6f9,c17c5093-48b7-139f-ebfc-1cd33ef5179c,4afa5689-5806-e349-ab1d-a4358f44e1d6,2026-04-10,null,2026-04-10 22:56:09.024651+00
7f7b21f3-8aab-484f-9d4b-fc28674c6cab,00000000-0000-0000-0000-000000000001,9eaf25c2-a5d9-4854-a2cc-1373bb337682,bed,5dda0b14-713b-46d0-a6ce-a7a33a2fb6f9,c17c5093-48b7-139f-ebfc-1cd33ef5179c,d93f50a4-5a42-703f-d932-e75e0557b43a,2026-04-10,null,2026-04-10 22:56:09.024651+00
9998a22e-9dfb-4d5f-8848-fde7c5bf5837,00000000-0000-0000-0000-000000000001,99abf431-7de0-45fc-8e98-374b58a9fcb1,bed,5dda0b14-713b-46d0-a6ce-a7a33a2fb6f9,c17c5093-48b7-139f-ebfc-1cd33ef5179c,d938459f-29e8-72b7-85d9-59b6df6db501,2026-04-10,null,2026-04-10 22:56:09.024651+00
b9ae3356-c1a3-41e7-9fce-f33fbba39ec9,00000000-0000-0000-0000-000000000001,030587a5-77b5-48db-95ce-c76bae9fd3da,apartment,5dda0b14-713b-46d0-a6ce-a7a33a2fb6f9,c17c5093-48b7-139f-ebfc-1cd33ef5179c,null,2026-04-10,null,2026-04-10 22:56:09.024651+00
86392141-5b7f-452a-9197-1c2b047009ef,00000000-0000-0000-0000-000000000001,22a185e5-161a-4b0d-8dcb-cbd6a7ba3873,apartment,5dda0b14-713b-46d0-a6ce-a7a33a2fb6f9,c17c5093-48b7-139f-ebfc-1cd33ef5179c,null,2026-04-10,null,2026-04-10 22:56:09.024651+00
66a15da9-7185-49d1-986e-ef282904487a,00000000-0000-0000-0000-000000000001,11ec207e-e6f6-49b7-ac69-d4c595537c09,bed,5dda0b14-713b-46d0-a6ce-a7a33a2fb6f9,c17c5093-48b7-139f-ebfc-1cd33ef5179c,4afa5689-5806-e349-ab1d-a4358f44e1d6,2025-06-17,null,2026-04-10 22:56:09.024651+00
020036ba-65b8-46a1-b07e-f93e7ee94b7f,00000000-0000-0000-0000-000000000001,7238ef91-06c5-4a76-9ddc-94e3f935f5e5,bed,5dda0b14-713b-46d0-a6ce-a7a33a2fb6f9,c17c5093-48b7-139f-ebfc-1cd33ef5179c,d938459f-29e8-72b7-85d9-59b6df6db501,2026-04-10,null,2026-04-10 22:56:09.024651+00
b1598ce0-c759-4bfe-8dc5-5db15a9bbae9,00000000-0000-0000-0000-000000000001,9967095e-fa20-4c7b-8c3f-6bc419b14c46,bed,5dda0b14-713b-46d0-a6ce-a7a33a2fb6f9,c17c5093-48b7-139f-ebfc-1cd33ef5179c,5926f2d3-f34a-ae71-03bd-8c67d6660d49,2026-04-10,null,2026-04-10 22:56:09.024651+00
2939fde8-1324-4294-9617-6799e3895e1b,00000000-0000-0000-0000-000000000001,ab7debdd-09cd-4e36-bb8b-0d4eb6444cd1,bed,5dda0b14-713b-46d0-a6ce-a7a33a2fb6f9,c17c5093-48b7-139f-ebfc-1cd33ef5179c,b5a4ef5b-dfab-12e9-96d2-c7657d00fb50,2026-04-10,null,2026-04-10 22:56:09.024651+00
5eb6d457-0dad-4ab3-b22c-bea4bdc1b674,00000000-0000-0000-0000-000000000001,b02beced-4dbd-454f-950f-b6254896dae2,bed,5dda0b14-713b-46d0-a6ce-a7a33a2fb6f9,c17c5093-48b7-139f-ebfc-1cd33ef5179c,d93f50a4-5a42-703f-d932-e75e0557b43a,2026-04-10,null,2026-04-10 22:56:09.024651+00
9956394c-daae-4c85-a9e8-40c1e87ecc32,00000000-0000-0000-0000-000000000001,a6d320f2-c368-4074-98ed-25444e6287d3,bed,5dda0b14-713b-46d0-a6ce-a7a33a2fb6f9,c17c5093-48b7-139f-ebfc-1cd33ef5179c,d938459f-29e8-72b7-85d9-59b6df6db501,2026-04-10,null,2026-04-10 22:56:09.024651+00
65b65a43-66b1-4cbc-9819-4bb472f1db46,00000000-0000-0000-0000-000000000001,cdaaab49-8984-492d-811b-4fcb93508155,bed,5dda0b14-713b-46d0-a6ce-a7a33a2fb6f9,c17c5093-48b7-139f-ebfc-1cd33ef5179c,5926f2d3-f34a-ae71-03bd-8c67d6660d49,2026-04-10,null,2026-04-10 22:56:09.024651+00
f6ffc325-9dfc-467d-ba8a-9fde743fd7ba,00000000-0000-0000-0000-000000000001,7cb3ace3-4480-4aa0-9efe-c9b0134c8624,bed,5dda0b14-713b-46d0-a6ce-a7a33a2fb6f9,c17c5093-48b7-139f-ebfc-1cd33ef5179c,b5a4ef5b-dfab-12e9-96d2-c7657d00fb50,2026-04-10,null,2026-04-10 22:56:09.024651+00
50c447fc-403f-488d-8ae6-b10a00e2dddf,00000000-0000-0000-0000-000000000001,763d357a-c096-4573-bc9f-22c615990521,bed,5dda0b14-713b-46d0-a6ce-a7a33a2fb6f9,c17c5093-48b7-139f-ebfc-1cd33ef5179c,4afa5689-5806-e349-ab1d-a4358f44e1d6,2026-04-10,null,2026-04-10 22:56:09.024651+00
cfa0d868-e6b0-472d-9d61-3cd3eb597c59,00000000-0000-0000-0000-000000000001,c082fb6f-40ac-4ceb-95b0-685704d71eee,bed,5dda0b14-713b-46d0-a6ce-a7a33a2fb6f9,c17c5093-48b7-139f-ebfc-1cd33ef5179c,d93f50a4-5a42-703f-d932-e75e0557b43a,2026-04-10,null,2026-04-10 22:56:09.024651+00
d9c67595-f67f-40c9-a567-3b65535a8299,00000000-0000-0000-0000-000000000001,9adcfb39-5e9e-457a-948e-3168da9151a8,apartment,5dda0b14-713b-46d0-a6ce-a7a33a2fb6f9,c17c5093-48b7-139f-ebfc-1cd33ef5179c,null,2026-04-10,null,2026-04-10 22:56:09.024651+00
1e5fb68d-fdc6-4042-8a0c-aa8968b78fb6,00000000-0000-0000-0000-000000000001,ef10d1c8-9621-40f6-b586-955840042208,bed,5dda0b14-713b-46d0-a6ce-a7a33a2fb6f9,c17c5093-48b7-139f-ebfc-1cd33ef5179c,d938459f-29e8-72b7-85d9-59b6df6db501,2026-04-10,null,2026-04-10 22:56:09.024651+00
25714a3a-e40a-455c-83f9-dc3cd1073813,00000000-0000-0000-0000-000000000001,3466151e-b985-4928-a03b-037084dcf9ae,bed,5dda0b14-713b-46d0-a6ce-a7a33a2fb6f9,c17c5093-48b7-139f-ebfc-1cd33ef5179c,5926f2d3-f34a-ae71-03bd-8c67d6660d49,2026-04-10,null,2026-04-10 22:56:09.024651+00
7dcc9c06-141e-4da5-912c-3166d2227f99,00000000-0000-0000-0000-000000000001,3466151e-b985-4928-a03b-037084dcf9ae,bed,5dda0b14-713b-46d0-a6ce-a7a33a2fb6f9,c17c5093-48b7-139f-ebfc-1cd33ef5179c,b5a4ef5b-dfab-12e9-96d2-c7657d00fb50,2026-04-10,null,2026-04-10 22:56:09.024651+00
9b8ce80e-7798-4d87-9165-d7571772783a,00000000-0000-0000-0000-000000000001,3415582a-1981-4e36-9a42-e1fb2f44736a,bed,5dda0b14-713b-46d0-a6ce-a7a33a2fb6f9,c17c5093-48b7-139f-ebfc-1cd33ef5179c,4afa5689-5806-e349-ab1d-a4358f44e1d6,2026-04-10,null,2026-04-10 22:56:09.024651+00
fec7f9a6-5b33-4f87-967b-f9bdc1952bad,00000000-0000-0000-0000-000000000001,3415582a-1981-4e36-9a42-e1fb2f44736a,bed,5dda0b14-713b-46d0-a6ce-a7a33a2fb6f9,c17c5093-48b7-139f-ebfc-1cd33ef5179c,d93f50a4-5a42-703f-d932-e75e0557b43a,2026-04-10,null,2026-04-10 22:56:09.024651+00
fed6677e-b415-4b84-a08c-9b13b4ce8423,00000000-0000-0000-0000-000000000001,9b695a1b-ddcc-4938-86ce-e7512d409fd9,apartment,5dda0b14-713b-46d0-a6ce-a7a33a2fb6f9,c17c5093-48b7-139f-ebfc-1cd33ef5179c,null,2026-04-10,null,2026-04-10 22:56:09.024651+00
3e07705d-7a98-4df0-ac54-9eab5d63c7b2,00000000-0000-0000-0000-000000000001,d0a2330c-4dce-4a19-b662-b15151510b9a,apartment,5dda0b14-713b-46d0-a6ce-a7a33a2fb6f9,c17c5093-48b7-139f-ebfc-1cd33ef5179c,null,2026-04-10,null,2026-04-10 22:56:09.024651+00
25322d23-4f19-44ea-b6fe-f1c3fb1490bd,00000000-0000-0000-0000-000000000001,65d588f4-b541-48b2-9392-1b7bb582b347,bed,5dda0b14-713b-46d0-a6ce-a7a33a2fb6f9,c17c5093-48b7-139f-ebfc-1cd33ef5179c,d938459f-29e8-72b7-85d9-59b6df6db501,2026-04-10,null,2026-04-10 22:56:09.024651+00
901bca63-fd4e-45ca-adf9-4e355052a213,00000000-0000-0000-0000-000000000001,1743aa57-2c5a-41e0-8c7d-600589983b09,bed,5dda0b14-713b-46d0-a6ce-a7a33a2fb6f9,c17c5093-48b7-139f-ebfc-1cd33ef5179c,5926f2d3-f34a-ae71-03bd-8c67d6660d49,2026-04-10,null,2026-04-10 22:56:09.024651+00
c5c42d73-8c17-4ff9-81b8-863c5515980e,00000000-0000-0000-0000-000000000001,be4a4e16-10fb-424e-a938-8b380eb907d2,bed,5dda0b14-713b-46d0-a6ce-a7a33a2fb6f9,c17c5093-48b7-139f-ebfc-1cd33ef5179c,b5a4ef5b-dfab-12e9-96d2-c7657d00fb50,2026-04-10,null,2026-04-10 22:56:09.024651+00
d96cb08c-d489-4070-a877-95d836c1f6ce,00000000-0000-0000-0000-000000000001,65c3743a-5ada-4841-b404-5caa26763b61,bed,5dda0b14-713b-46d0-a6ce-a7a33a2fb6f9,c17c5093-48b7-139f-ebfc-1cd33ef5179c,4afa5689-5806-e349-ab1d-a4358f44e1d6,2026-04-10,null,2026-04-10 22:56:09.024651+00
29855264-e774-4be0-a04d-cf01e686ffd4,00000000-0000-0000-0000-000000000001,6a1e4096-cd14-4e97-8b89-8611f0709834,bed,5dda0b14-713b-46d0-a6ce-a7a33a2fb6f9,c17c5093-48b7-139f-ebfc-1cd33ef5179c,d93f50a4-5a42-703f-d932-e75e0557b43a,2026-04-10,null,2026-04-10 22:56:09.024651+00
e10eb5c1-5bed-456b-b75b-d38f5eabeb51,00000000-0000-0000-0000-000000000001,c6478769-5359-4d78-805a-61f57d7a13c1,apartment,5dda0b14-713b-46d0-a6ce-a7a33a2fb6f9,c17c5093-48b7-139f-ebfc-1cd33ef5179c,null,2026-04-10,null,2026-04-10 22:56:09.024651+00
ef0f0099-9d85-429f-be2a-12a9d4fdb9f7,00000000-0000-0000-0000-000000000001,ba5fd3a3-3226-40df-b104-9be533c5fc1d,apartment,5dda0b14-713b-46d0-a6ce-a7a33a2fb6f9,c17c5093-48b7-139f-ebfc-1cd33ef5179c,null,2026-04-10,null,2026-04-10 22:56:09.024651+00
134674e3-0c9e-473e-a2ae-36fc3098ab81,00000000-0000-0000-0000-000000000001,06c9f1ba-db3c-498d-a890-0980f8b1db13,apartment,5dda0b14-713b-46d0-a6ce-a7a33a2fb6f9,c17c5093-48b7-139f-ebfc-1cd33ef5179c,null,2023-08-05,null,2026-04-10 22:56:09.024651+00
c5154807-f237-4e9e-a852-fad03519461e,00000000-0000-0000-0000-000000000001,e7a99d72-b73f-48b0-a987-bccbc856fecd,apartment,5dda0b14-713b-46d0-a6ce-a7a33a2fb6f9,c17c5093-48b7-139f-ebfc-1cd33ef5179c,null,2026-04-10,null,2026-04-10 22:56:09.024651+00
ab5df328-ca3e-490a-b827-39ef38b32739,00000000-0000-0000-0000-000000000001,a3041d18-6247-4915-bd0a-dbcc0eb445bc,apartment,5dda0b14-713b-46d0-a6ce-a7a33a2fb6f9,c17c5093-48b7-139f-ebfc-1cd33ef5179c,null,2026-04-10,null,2026-04-10 22:56:09.024651+00
7ee5867a-df19-4d05-964e-bd7884638ddd,00000000-0000-0000-0000-000000000001,2a5cb961-86a5-4c0d-a730-b691db804bb0,bed,5dda0b14-713b-46d0-a6ce-a7a33a2fb6f9,c17c5093-48b7-139f-ebfc-1cd33ef5179c,d938459f-29e8-72b7-85d9-59b6df6db501,2026-04-10,null,2026-04-10 22:56:09.024651+00
acb6d64f-9f5e-4314-87e8-ed70ac0a9d84,00000000-0000-0000-0000-000000000001,ebdf998b-c481-4e82-8481-aec0765a7c9d,apartment,5dda0b14-713b-46d0-a6ce-a7a33a2fb6f9,c17c5093-48b7-139f-ebfc-1cd33ef5179c,null,2026-04-10,null,2026-04-10 22:56:09.024651+00
0df2d6a3-6210-470b-a407-d8438f511b2c,00000000-0000-0000-0000-000000000001,f3f12a72-eb44-47b2-b260-66c8b872706a,apartment,5dda0b14-713b-46d0-a6ce-a7a33a2fb6f9,c17c5093-48b7-139f-ebfc-1cd33ef5179c,null,2026-04-10,null,2026-04-10 22:56:09.024651+00
58652b60-d63e-492d-aa63-88761d9b939a,00000000-0000-0000-0000-000000000001,5613cb77-4927-498c-b44d-8a2fcffd976a,apartment,5dda0b14-713b-46d0-a6ce-a7a33a2fb6f9,c17c5093-48b7-139f-ebfc-1cd33ef5179c,null,2026-04-10,null,2026-04-10 22:56:09.024651+00
c693a5fd-e912-490f-87c7-b15e437f7de7,00000000-0000-0000-0000-000000000001,db587abf-ef23-4356-9795-974e2c76d1d3,bed,5dda0b14-713b-46d0-a6ce-a7a33a2fb6f9,c17c5093-48b7-139f-ebfc-1cd33ef5179c,5926f2d3-f34a-ae71-03bd-8c67d6660d49,2026-04-10,null,2026-04-10 22:56:09.024651+00
27d02532-5d22-4f9d-8f53-d802b6d0d50e,00000000-0000-0000-0000-000000000001,db587abf-ef23-4356-9795-974e2c76d1d3,bed,5dda0b14-713b-46d0-a6ce-a7a33a2fb6f9,c17c5093-48b7-139f-ebfc-1cd33ef5179c,b5a4ef5b-dfab-12e9-96d2-c7657d00fb50,2026-04-10,null,2026-04-10 22:56:09.024651+00
1555e1c6-24ba-40ca-be56-5e8ab77039c7,00000000-0000-0000-0000-000000000001,68aaafcd-5ce1-4f3d-85f7-5b42b0dafa15,bed,5dda0b14-713b-46d0-a6ce-a7a33a2fb6f9,c17c5093-48b7-139f-ebfc-1cd33ef5179c,5926f2d3-f34a-ae71-03bd-8c67d6660d49,2026-04-10,null,2026-04-10 22:56:09.024651+00
34804910-0735-4290-a987-594a348b21e1,00000000-0000-0000-0000-000000000001,68aaafcd-5ce1-4f3d-85f7-5b42b0dafa15,bed,5dda0b14-713b-46d0-a6ce-a7a33a2fb6f9,c17c5093-48b7-139f-ebfc-1cd33ef5179c,b5a4ef5b-dfab-12e9-96d2-c7657d00fb50,2026-04-10,null,2026-04-10 22:56:09.024651+00
a8cbd316-6387-4aab-b918-bffde2ac9963,00000000-0000-0000-0000-000000000001,00b7fd23-69e7-46fd-82ef-ca35a3f56394,bed,5dda0b14-713b-46d0-a6ce-a7a33a2fb6f9,c2ff0c11-4d1b-7b9b-b93c-aa37c9b6c40b,f825c883-6815-d3b1-7a49-620004f0a7ae,2026-04-10,null,2026-04-10 22:56:09.024651+00
313eeca4-d52d-4205-b083-1b39d664c53b,00000000-0000-0000-0000-000000000001,0605d972-00d7-4e1c-9717-1b4bdb98227b,bed,5dda0b14-713b-46d0-a6ce-a7a33a2fb6f9,c2ff0c11-4d1b-7b9b-b93c-aa37c9b6c40b,93ca06f8-59a4-5441-fa72-8211f7fb7d8a,2026-04-10,null,2026-04-10 22:56:09.024651+00
fa9aa84a-f94c-4ee6-8132-3ec6101f9f99,00000000-0000-0000-0000-000000000001,0605d972-00d7-4e1c-9717-1b4bdb98227b,bed,5dda0b14-713b-46d0-a6ce-a7a33a2fb6f9,c2ff0c11-4d1b-7b9b-b93c-aa37c9b6c40b,16d9e7d4-a079-cc9d-1fb4-b96de3cb70dd,2026-04-10,null,2026-04-10 22:56:09.024651+00
9604edd4-3f4d-4d75-b048-9653f68476ab,00000000-0000-0000-0000-000000000001,da8e458f-b860-4736-acbb-059435162885,bed,5dda0b14-713b-46d0-a6ce-a7a33a2fb6f9,c2ff0c11-4d1b-7b9b-b93c-aa37c9b6c40b,93ca06f8-59a4-5441-fa72-8211f7fb7d8a,2026-04-10,null,2026-04-10 22:56:09.024651+00
001154b4-18fd-4a1a-9933-c6038190b080,00000000-0000-0000-0000-000000000001,da8e458f-b860-4736-acbb-059435162885,bed,5dda0b14-713b-46d0-a6ce-a7a33a2fb6f9,c2ff0c11-4d1b-7b9b-b93c-aa37c9b6c40b,16d9e7d4-a079-cc9d-1fb4-b96de3cb70dd,2026-04-10,null,2026-04-10 22:56:09.024651+00
ede0af9d-23f6-42ac-80fc-abf6ad436d73,00000000-0000-0000-0000-000000000001,da8e458f-b860-4736-acbb-059435162885,apartment,5dda0b14-713b-46d0-a6ce-a7a33a2fb6f9,c2ff0c11-4d1b-7b9b-b93c-aa37c9b6c40b,null,2026-04-10,null,2026-04-10 22:56:09.024651+00
edd642e9-6b4a-4a46-a317-d7e97b26b576,00000000-0000-0000-0000-000000000001,561ea125-de43-46ef-b0b5-c9748b1e06ad,apartment,5dda0b14-713b-46d0-a6ce-a7a33a2fb6f9,c2ff0c11-4d1b-7b9b-b93c-aa37c9b6c40b,null,2026-04-10,null,2026-04-10 22:56:09.024651+00
5e2f0e33-286c-4b1d-88b3-700a4334881d,00000000-0000-0000-0000-000000000001,d114815a-2414-4c11-b7d9-7f76b1c43ee3,bed,5dda0b14-713b-46d0-a6ce-a7a33a2fb6f9,c2ff0c11-4d1b-7b9b-b93c-aa37c9b6c40b,f825c883-6815-d3b1-7a49-620004f0a7ae,2026-04-10,null,2026-04-10 22:56:09.024651+00
31334b03-088a-437a-a285-414309428b69,00000000-0000-0000-0000-000000000001,66a42ee0-bd9f-473f-8ed1-f9fc7a42a3b0,bed,5dda0b14-713b-46d0-a6ce-a7a33a2fb6f9,c2ff0c11-4d1b-7b9b-b93c-aa37c9b6c40b,93ca06f8-59a4-5441-fa72-8211f7fb7d8a,2026-04-10,null,2026-04-10 22:56:09.024651+00
6da1cd34-e693-43dc-9b47-ede1d58f7193,00000000-0000-0000-0000-000000000001,fa801108-0a26-429b-93ec-153042dc864d,bed,5dda0b14-713b-46d0-a6ce-a7a33a2fb6f9,c2ff0c11-4d1b-7b9b-b93c-aa37c9b6c40b,16d9e7d4-a079-cc9d-1fb4-b96de3cb70dd,2026-04-10,null,2026-04-10 22:56:09.024651+00
4a4e42ac-e986-4f22-8273-10529e732238,00000000-0000-0000-0000-000000000001,b7d5f32e-9a60-4659-8605-97d9a6c24086,apartment,5dda0b14-713b-46d0-a6ce-a7a33a2fb6f9,c2ff0c11-4d1b-7b9b-b93c-aa37c9b6c40b,null,2026-04-10,null,2026-04-10 22:56:09.024651+00
eee70720-f4c2-41bf-a06a-c84dd67d4271,00000000-0000-0000-0000-000000000001,8795e09a-b5b0-43cb-b20e-12dfe95dae05,bed,5dda0b14-713b-46d0-a6ce-a7a33a2fb6f9,c2ff0c11-4d1b-7b9b-b93c-aa37c9b6c40b,f825c883-6815-d3b1-7a49-620004f0a7ae,2026-04-10,null,2026-04-10 22:56:09.024651+00
73d5c35f-45f8-429a-a04d-abdd36b3db11,00000000-0000-0000-0000-000000000001,b96d90b1-dbbd-4579-96b9-a2286a9411cc,bed,5dda0b14-713b-46d0-a6ce-a7a33a2fb6f9,c2ff0c11-4d1b-7b9b-b93c-aa37c9b6c40b,93ca06f8-59a4-5441-fa72-8211f7fb7d8a,2026-04-10,null,2026-04-10 22:56:09.024651+00
47dec909-f781-40c9-b35c-54df949e13ac,00000000-0000-0000-0000-000000000001,3cbab2b0-0224-4c16-9af2-be43c8dd2f0c,bed,5dda0b14-713b-46d0-a6ce-a7a33a2fb6f9,c2ff0c11-4d1b-7b9b-b93c-aa37c9b6c40b,16d9e7d4-a079-cc9d-1fb4-b96de3cb70dd,2026-04-10,null,2026-04-10 22:56:09.024651+00
a72ac6a1-f467-46ca-ae4e-6a3b60d0874e,00000000-0000-0000-0000-000000000001,85070bcd-27ad-4549-b34f-df82054903d0,apartment,5dda0b14-713b-46d0-a6ce-a7a33a2fb6f9,c2ff0c11-4d1b-7b9b-b93c-aa37c9b6c40b,null,2026-04-10,null,2026-04-10 22:56:09.024651+00
105e6754-fc0f-4a25-8ec9-07d0e11059c1,00000000-0000-0000-0000-000000000001,1606f766-3eb8-4d25-87c3-cc26222be44b,bed,5dda0b14-713b-46d0-a6ce-a7a33a2fb6f9,c2ff0c11-4d1b-7b9b-b93c-aa37c9b6c40b,f825c883-6815-d3b1-7a49-620004f0a7ae,2026-04-10,null,2026-04-10 22:56:09.024651+00
36793c5f-e4fe-41a3-ac56-c1999d2e52cd,00000000-0000-0000-0000-000000000001,b2adffa3-e7fd-43f8-8e0e-ab00c3b43040,bed,5dda0b14-713b-46d0-a6ce-a7a33a2fb6f9,c2ff0c11-4d1b-7b9b-b93c-aa37c9b6c40b,93ca06f8-59a4-5441-fa72-8211f7fb7d8a,2026-04-10,null,2026-04-10 22:56:09.024651+00
0da160b8-9337-4e19-ae9a-6abe0c054181,00000000-0000-0000-0000-000000000001,e60b5fa9-81c0-4497-8bcc-72dbbfbc0198,bed,5dda0b14-713b-46d0-a6ce-a7a33a2fb6f9,c2ff0c11-4d1b-7b9b-b93c-aa37c9b6c40b,16d9e7d4-a079-cc9d-1fb4-b96de3cb70dd,2026-04-10,null,2026-04-10 22:56:09.024651+00
a8344232-e545-4a06-a8ae-a862cbd91d2d,00000000-0000-0000-0000-000000000001,b057aedf-024a-4f78-bcdf-db0b296060de,apartment,5dda0b14-713b-46d0-a6ce-a7a33a2fb6f9,c2ff0c11-4d1b-7b9b-b93c-aa37c9b6c40b,null,2026-04-10,null,2026-04-10 22:56:09.024651+00
718cf3dd-d3c0-4aa1-92e2-3ad16ca44375,00000000-0000-0000-0000-000000000001,79b14f2a-439d-42a3-973b-c0c8b17d190f,apartment,5dda0b14-713b-46d0-a6ce-a7a33a2fb6f9,c2ff0c11-4d1b-7b9b-b93c-aa37c9b6c40b,null,2026-04-10,null,2026-04-10 22:56:09.024651+00
1202c407-bb90-47c2-9a20-8b0b2a8ab9aa,00000000-0000-0000-0000-000000000001,5afb5cb0-85ac-4667-a503-73f76261a726,bed,5dda0b14-713b-46d0-a6ce-a7a33a2fb6f9,c2ff0c11-4d1b-7b9b-b93c-aa37c9b6c40b,f825c883-6815-d3b1-7a49-620004f0a7ae,2026-04-10,null,2026-04-10 22:56:09.024651+00
aef5fb55-6f0a-4e48-bf20-eef84fc40ade,00000000-0000-0000-0000-000000000001,8ad4378e-8b51-4c43-8690-81aba71ae42a,bed,5dda0b14-713b-46d0-a6ce-a7a33a2fb6f9,c2ff0c11-4d1b-7b9b-b93c-aa37c9b6c40b,93ca06f8-59a4-5441-fa72-8211f7fb7d8a,2026-04-10,null,2026-04-10 22:56:09.024651+00
348191fa-5662-4e4e-8f60-cd7ce943122b,00000000-0000-0000-0000-000000000001,8ad4378e-8b51-4c43-8690-81aba71ae42a,bed,5dda0b14-713b-46d0-a6ce-a7a33a2fb6f9,c2ff0c11-4d1b-7b9b-b93c-aa37c9b6c40b,16d9e7d4-a079-cc9d-1fb4-b96de3cb70dd,2026-04-10,null,2026-04-10 22:56:09.024651+00
79d6f725-3c04-4f78-b543-a85733f4aeb1,00000000-0000-0000-0000-000000000001,1c7e8258-9896-4a48-a5b7-f04e6beba3b8,bed,5dda0b14-713b-46d0-a6ce-a7a33a2fb6f9,c2ff0c11-4d1b-7b9b-b93c-aa37c9b6c40b,93ca06f8-59a4-5441-fa72-8211f7fb7d8a,2026-04-10,null,2026-04-10 22:56:09.024651+00
e28670fb-9a92-4d81-b320-915423f17f48,00000000-0000-0000-0000-000000000001,c191f5ff-1405-4422-8b9e-6877a17b6566,apartment,5dda0b14-713b-46d0-a6ce-a7a33a2fb6f9,c2ff0c11-4d1b-7b9b-b93c-aa37c9b6c40b,null,2026-04-10,null,2026-04-10 22:56:09.024651+00
9f56c413-5fe7-40f7-9143-341b39f9cb12,00000000-0000-0000-0000-000000000001,54597bcc-8382-45fa-b652-363a5569487f,bed,5dda0b14-713b-46d0-a6ce-a7a33a2fb6f9,c2ff0c11-4d1b-7b9b-b93c-aa37c9b6c40b,93ca06f8-59a4-5441-fa72-8211f7fb7d8a,2025-08-05,null,2026-04-10 22:56:09.024651+00
8551cc8e-9e6c-48ed-801b-9777ba4f9e77,00000000-0000-0000-0000-000000000001,48ef7a83-122b-45c3-8fb2-f247c719a705,bed,5dda0b14-713b-46d0-a6ce-a7a33a2fb6f9,c2ff0c11-4d1b-7b9b-b93c-aa37c9b6c40b,f825c883-6815-d3b1-7a49-620004f0a7ae,2026-04-10,null,2026-04-10 22:56:09.024651+00
0b4b5ff1-8cad-41f3-a137-993b59199be1,00000000-0000-0000-0000-000000000001,7037d891-8043-422e-8870-a9c86afb316f,bed,5dda0b14-713b-46d0-a6ce-a7a33a2fb6f9,c2ff0c11-4d1b-7b9b-b93c-aa37c9b6c40b,16d9e7d4-a079-cc9d-1fb4-b96de3cb70dd,2026-04-10,null,2026-04-10 22:56:09.024651+00
651c439d-6ab4-498f-92bd-cf8d59efb4a1,00000000-0000-0000-0000-000000000001,6aa7a64b-0a14-467d-9672-2493d51b162c,bed,5dda0b14-713b-46d0-a6ce-a7a33a2fb6f9,c2ff0c11-4d1b-7b9b-b93c-aa37c9b6c40b,93ca06f8-59a4-5441-fa72-8211f7fb7d8a,2026-04-10,null,2026-04-10 22:56:09.024651+00
798ef1c2-83cc-4949-a491-3a3d97d25286,00000000-0000-0000-0000-000000000001,7e482326-2c7f-4779-a551-6587701336fc,bed,5dda0b14-713b-46d0-a6ce-a7a33a2fb6f9,c2ff0c11-4d1b-7b9b-b93c-aa37c9b6c40b,16d9e7d4-a079-cc9d-1fb4-b96de3cb70dd,2026-04-10,null,2026-04-10 22:56:09.024651+00
493de79b-3ab6-4341-8d66-566c0db05baa,00000000-0000-0000-0000-000000000001,2a24262d-ef65-4f62-b7fb-d9f0c1f64a00,apartment,5dda0b14-713b-46d0-a6ce-a7a33a2fb6f9,c2ff0c11-4d1b-7b9b-b93c-aa37c9b6c40b,null,2026-04-10,null,2026-04-10 22:56:09.024651+00
8d9aee34-1a6d-42da-8086-212a6a776f98,00000000-0000-0000-0000-000000000001,74ff719c-e7cf-4a9d-81fc-46d6b8e9182f,apartment,5dda0b14-713b-46d0-a6ce-a7a33a2fb6f9,c2ff0c11-4d1b-7b9b-b93c-aa37c9b6c40b,null,2026-04-10,null,2026-04-10 22:56:09.024651+00
e3115ae6-cf18-43fd-91f2-f528a9f1b383,00000000-0000-0000-0000-000000000001,9450d545-3ee6-4242-99fa-9ae894e95d4e,apartment,5dda0b14-713b-46d0-a6ce-a7a33a2fb6f9,c2ff0c11-4d1b-7b9b-b93c-aa37c9b6c40b,null,2026-04-10,null,2026-04-10 22:56:09.024651+00
3a745935-4e77-42f8-962e-f8e836981e1d,00000000-0000-0000-0000-000000000001,1fac099b-4e9f-4260-bfa2-9ecdd23b97fb,apartment,5dda0b14-713b-46d0-a6ce-a7a33a2fb6f9,c2ff0c11-4d1b-7b9b-b93c-aa37c9b6c40b,null,2023-08-30,null,2026-04-10 22:56:09.024651+00
0fde8162-7ea6-4982-9f7d-fb97feeedc4f,00000000-0000-0000-0000-000000000001,b8f71ee8-8960-4ba5-9398-481094286a78,apartment,5dda0b14-713b-46d0-a6ce-a7a33a2fb6f9,c2ff0c11-4d1b-7b9b-b93c-aa37c9b6c40b,null,2026-04-10,null,2026-04-10 22:56:09.024651+00
9e533367-3fe9-4767-b0a1-ff2a22337fe7,00000000-0000-0000-0000-000000000001,0fbdb3a1-a55f-48e5-a3ba-be125d3b99f7,apartment,5dda0b14-713b-46d0-a6ce-a7a33a2fb6f9,c2ff0c11-4d1b-7b9b-b93c-aa37c9b6c40b,null,2026-04-10,null,2026-04-10 22:56:09.024651+00
00b05ce0-64d0-402d-8b9c-ff4c214efa66,00000000-0000-0000-0000-000000000001,83e8e16b-83ca-41bb-892c-50f7b125305a,bed,5dda0b14-713b-46d0-a6ce-a7a33a2fb6f9,c2ff0c11-4d1b-7b9b-b93c-aa37c9b6c40b,f825c883-6815-d3b1-7a49-620004f0a7ae,2026-04-10,null,2026-04-10 22:56:09.024651+00
769520c8-88e9-4f1e-b954-b87d058f043a,00000000-0000-0000-0000-000000000001,8d94b712-e1bb-43cf-be52-11ef9223ab5a,apartment,5dda0b14-713b-46d0-a6ce-a7a33a2fb6f9,c2ff0c11-4d1b-7b9b-b93c-aa37c9b6c40b,null,2026-04-10,null,2026-04-10 22:56:09.024651+00
be1b88a7-3cce-42f7-8612-688a931b5f9d,00000000-0000-0000-0000-000000000001,84b2ced1-debf-4182-b973-054535294fec,bed,5dda0b14-713b-46d0-a6ce-a7a33a2fb6f9,c2ff0c11-4d1b-7b9b-b93c-aa37c9b6c40b,93ca06f8-59a4-5441-fa72-8211f7fb7d8a,2026-04-10,null,2026-04-10 22:56:09.024651+00
5cec6d6c-616e-4842-85c8-11bcb38d93c2,00000000-0000-0000-0000-000000000001,84b2ced1-debf-4182-b973-054535294fec,bed,5dda0b14-713b-46d0-a6ce-a7a33a2fb6f9,c2ff0c11-4d1b-7b9b-b93c-aa37c9b6c40b,16d9e7d4-a079-cc9d-1fb4-b96de3cb70dd,2026-04-10,null,2026-04-10 22:56:09.024651+00
7ac81336-1544-4a9a-9c9c-102b08d9c62f,00000000-0000-0000-0000-000000000001,84b2ced1-debf-4182-b973-054535294fec,apartment,5dda0b14-713b-46d0-a6ce-a7a33a2fb6f9,c2ff0c11-4d1b-7b9b-b93c-aa37c9b6c40b,null,2026-04-10,null,2026-04-10 22:56:09.024651+00
295cca5f-3a22-459a-be62-aaaeeb8b71e2,00000000-0000-0000-0000-000000000001,4a514fb4-b375-4a45-ae4c-fa886fa20132,apartment,5dda0b14-713b-46d0-a6ce-a7a33a2fb6f9,c2ff0c11-4d1b-7b9b-b93c-aa37c9b6c40b,null,2026-04-10,null,2026-04-10 22:56:09.024651+00
b928cb7d-8f1a-4d53-8305-db64bc9a45ce,00000000-0000-0000-0000-000000000001,754787b3-542f-4911-abd5-c050c59784e8,bed,5dda0b14-713b-46d0-a6ce-a7a33a2fb6f9,c2ff0c11-4d1b-7b9b-b93c-aa37c9b6c40b,93ca06f8-59a4-5441-fa72-8211f7fb7d8a,2026-04-10,null,2026-04-10 22:56:09.024651+00
e0fffa81-be72-457b-b848-d32dbbe09381,00000000-0000-0000-0000-000000000001,754787b3-542f-4911-abd5-c050c59784e8,bed,5dda0b14-713b-46d0-a6ce-a7a33a2fb6f9,c2ff0c11-4d1b-7b9b-b93c-aa37c9b6c40b,16d9e7d4-a079-cc9d-1fb4-b96de3cb70dd,2026-04-10,null,2026-04-10 22:56:09.024651+00
63b6f1e7-3c75-4f92-ab6b-736ec5de26b8,00000000-0000-0000-0000-000000000001,c7044986-1955-41ac-a051-7ba5f4d56833,bed,5dda0b14-713b-46d0-a6ce-a7a33a2fb6f9,c2ff0c11-4d1b-7b9b-b93c-aa37c9b6c40b,93ca06f8-59a4-5441-fa72-8211f7fb7d8a,2026-04-10,null,2026-04-10 22:56:09.024651+00
3ca9d252-6127-45fd-8638-debb6d2a8401,00000000-0000-0000-0000-000000000001,c7044986-1955-41ac-a051-7ba5f4d56833,bed,5dda0b14-713b-46d0-a6ce-a7a33a2fb6f9,c2ff0c11-4d1b-7b9b-b93c-aa37c9b6c40b,16d9e7d4-a079-cc9d-1fb4-b96de3cb70dd,2026-04-10,null,2026-04-10 22:56:09.024651+00
faa8ada5-27f7-437a-8eba-92dcaf48a84c,00000000-0000-0000-0000-000000000001,e5028470-51a0-49b6-95a5-8c4ac29fc08a,apartment,5dda0b14-713b-46d0-a6ce-a7a33a2fb6f9,c2ff0c11-4d1b-7b9b-b93c-aa37c9b6c40b,null,2026-04-10,null,2026-04-10 22:56:09.024651+00
f08ea8a9-d8d2-465a-9a21-efc002d00539,00000000-0000-0000-0000-000000000001,9d8f13d5-24ee-4b50-8509-a7d1e702882c,apartment,5dda0b14-713b-46d0-a6ce-a7a33a2fb6f9,null,null,2025-09-16,null,2026-04-10 22:56:09.024651+00
c99937ee-24d1-46ee-9dbb-acbb30a4f446,00000000-0000-0000-0000-000000000001,c9545faa-61af-4983-9522-3fa31a3924ac,bed,5dda0b14-713b-46d0-a6ce-a7a33a2fb6f9,d2298bb8-a5e5-735a-c8ca-9b18c7daacd6,0e28e491-ba1e-8a78-875b-ab861c7f40e6,2026-04-10,null,2026-04-10 22:56:09.024651+00
626c09af-b8a1-47f2-b190-7c3320c44af9,00000000-0000-0000-0000-000000000001,c9545faa-61af-4983-9522-3fa31a3924ac,bed,5dda0b14-713b-46d0-a6ce-a7a33a2fb6f9,d2298bb8-a5e5-735a-c8ca-9b18c7daacd6,d0c84d1e-4238-9b66-8d10-7665d8e44980,2026-04-10,null,2026-04-10 22:56:09.024651+00
ce91ce97-b987-4fb5-9b18-b98089b93b48,00000000-0000-0000-0000-000000000001,137edf51-8c3c-42ba-8ee2-fa5b316f6e55,bed,5dda0b14-713b-46d0-a6ce-a7a33a2fb6f9,d2298bb8-a5e5-735a-c8ca-9b18c7daacd6,3e28154d-1bfe-92b4-2fff-f295a9f54738,2026-04-10,null,2026-04-10 22:56:09.024651+00
4de1d151-3af0-4cd3-b175-acbbd3ccb627,00000000-0000-0000-0000-000000000001,137edf51-8c3c-42ba-8ee2-fa5b316f6e55,bed,5dda0b14-713b-46d0-a6ce-a7a33a2fb6f9,d2298bb8-a5e5-735a-c8ca-9b18c7daacd6,d9438ef4-c18e-28ab-44ad-feab7ce72db5,2026-04-10,null,2026-04-10 22:56:09.024651+00
258d6d8f-9617-4199-9953-d0f74f847f1a,00000000-0000-0000-0000-000000000001,60ad83ea-7645-4c2d-a861-30436cfb0eb0,bed,5dda0b14-713b-46d0-a6ce-a7a33a2fb6f9,d2298bb8-a5e5-735a-c8ca-9b18c7daacd6,0e28e491-ba1e-8a78-875b-ab861c7f40e6,2026-04-10,null,2026-04-10 22:56:09.024651+00
6e2c3900-f1a6-4df5-bee7-cdd2f008d72e,00000000-0000-0000-0000-000000000001,60ad83ea-7645-4c2d-a861-30436cfb0eb0,bed,5dda0b14-713b-46d0-a6ce-a7a33a2fb6f9,d2298bb8-a5e5-735a-c8ca-9b18c7daacd6,d0c84d1e-4238-9b66-8d10-7665d8e44980,2026-04-10,null,2026-04-10 22:56:09.024651+00
4aaea714-9590-4e6c-878f-3e2f54d70753,00000000-0000-0000-0000-000000000001,5113f32c-70bb-4e71-9b7f-f7160c4ecb3e,bed,5dda0b14-713b-46d0-a6ce-a7a33a2fb6f9,d2298bb8-a5e5-735a-c8ca-9b18c7daacd6,3e28154d-1bfe-92b4-2fff-f295a9f54738,2026-04-10,null,2026-04-10 22:56:09.024651+00
e8a0318b-398e-4f46-b00a-7ba4a02bf852,00000000-0000-0000-0000-000000000001,5113f32c-70bb-4e71-9b7f-f7160c4ecb3e,bed,5dda0b14-713b-46d0-a6ce-a7a33a2fb6f9,d2298bb8-a5e5-735a-c8ca-9b18c7daacd6,d9438ef4-c18e-28ab-44ad-feab7ce72db5,2026-04-10,null,2026-04-10 22:56:09.024651+00
3f0dc167-82b8-4ac5-8613-30b53e07a47d,00000000-0000-0000-0000-000000000001,1078a694-1087-4360-83d8-fe23f63b80cb,bed,5dda0b14-713b-46d0-a6ce-a7a33a2fb6f9,d2298bb8-a5e5-735a-c8ca-9b18c7daacd6,0e28e491-ba1e-8a78-875b-ab861c7f40e6,2026-04-10,null,2026-04-10 22:56:09.024651+00
47f28234-26fe-46da-bc4e-01bdffd92e68,00000000-0000-0000-0000-000000000001,4d04ac5b-ace9-424c-b2cf-97c3843d8d10,bed,5dda0b14-713b-46d0-a6ce-a7a33a2fb6f9,d2298bb8-a5e5-735a-c8ca-9b18c7daacd6,d0c84d1e-4238-9b66-8d10-7665d8e44980,2026-04-10,null,2026-04-10 22:56:09.024651+00
17c682f5-9fd8-45ac-8d51-3a4acdec2476,00000000-0000-0000-0000-000000000001,bf3fd2a7-e4df-4c5f-ae8d-86c7f3c37fb4,bed,5dda0b14-713b-46d0-a6ce-a7a33a2fb6f9,d2298bb8-a5e5-735a-c8ca-9b18c7daacd6,3e28154d-1bfe-92b4-2fff-f295a9f54738,2026-04-10,null,2026-04-10 22:56:09.024651+00
bf20b9e6-9c6a-4df3-aee1-0de6af36dc36,00000000-0000-0000-0000-000000000001,d03aff15-6ca7-49f1-9511-eb663005869c,bed,5dda0b14-713b-46d0-a6ce-a7a33a2fb6f9,d2298bb8-a5e5-735a-c8ca-9b18c7daacd6,d9438ef4-c18e-28ab-44ad-feab7ce72db5,2026-04-10,null,2026-04-10 22:56:09.024651+00
59de9cb4-ef09-4485-a547-3c13a188e399,00000000-0000-0000-0000-000000000001,2c298190-dbc3-4fdb-aaaa-5f71fce885a2,apartment,5dda0b14-713b-46d0-a6ce-a7a33a2fb6f9,d2298bb8-a5e5-735a-c8ca-9b18c7daacd6,null,2026-04-10,null,2026-04-10 22:56:09.024651+00
1e33d939-5faf-4694-b112-37bb364e60fa,00000000-0000-0000-0000-000000000001,021a3ba8-bf30-42a9-883c-adb864332c45,apartment,5dda0b14-713b-46d0-a6ce-a7a33a2fb6f9,d2298bb8-a5e5-735a-c8ca-9b18c7daacd6,null,2026-04-10,null,2026-04-10 22:56:09.024651+00
bd239b8f-0828-4700-8b90-210e43d36e2a,00000000-0000-0000-0000-000000000001,1cce7627-62b5-40f3-b741-d911b095be2a,apartment,5dda0b14-713b-46d0-a6ce-a7a33a2fb6f9,d2298bb8-a5e5-735a-c8ca-9b18c7daacd6,null,2026-04-10,null,2026-04-10 22:56:09.024651+00
354cc5a2-4cc7-436a-8812-c4afcc81ed01,00000000-0000-0000-0000-000000000001,18112572-db14-45be-b418-71ce4b319f06,bed,5dda0b14-713b-46d0-a6ce-a7a33a2fb6f9,d2298bb8-a5e5-735a-c8ca-9b18c7daacd6,0e28e491-ba1e-8a78-875b-ab861c7f40e6,2026-04-10,null,2026-04-10 22:56:09.024651+00
e83fcde6-9c74-48d9-9e15-944302a7dec1,00000000-0000-0000-0000-000000000001,b7400564-dacb-4ee8-a667-52d81f983da7,bed,5dda0b14-713b-46d0-a6ce-a7a33a2fb6f9,d2298bb8-a5e5-735a-c8ca-9b18c7daacd6,3e28154d-1bfe-92b4-2fff-f295a9f54738,2026-04-10,null,2026-04-10 22:56:09.024651+00
b13f2b90-1b2d-4b86-bc0c-e42aacefd9ed,00000000-0000-0000-0000-000000000001,527f8fc0-3a74-4ef8-b695-fb4ccf82e9de,apartment,5dda0b14-713b-46d0-a6ce-a7a33a2fb6f9,d2298bb8-a5e5-735a-c8ca-9b18c7daacd6,null,2026-04-10,null,2026-04-10 22:56:09.024651+00
4f1463b8-fc46-4b68-a134-c12c5b97b326,00000000-0000-0000-0000-000000000001,ea6fe692-9811-419e-93dc-75a572135263,bed,5dda0b14-713b-46d0-a6ce-a7a33a2fb6f9,d2298bb8-a5e5-735a-c8ca-9b18c7daacd6,d0c84d1e-4238-9b66-8d10-7665d8e44980,2026-04-10,null,2026-04-10 22:56:09.024651+00
043693e4-034e-40c7-90a5-b8fc1f0a9fe8,00000000-0000-0000-0000-000000000001,3dc8b542-e5ca-4b3d-a0af-8c1e4072f688,bed,5dda0b14-713b-46d0-a6ce-a7a33a2fb6f9,d2298bb8-a5e5-735a-c8ca-9b18c7daacd6,d9438ef4-c18e-28ab-44ad-feab7ce72db5,2026-04-10,null,2026-04-10 22:56:09.024651+00
cae38746-aec1-463f-8e27-8e74e806dc1f,00000000-0000-0000-0000-000000000001,dd690931-e83e-4b28-83c4-b05ca31b74dd,bed,5dda0b14-713b-46d0-a6ce-a7a33a2fb6f9,d2298bb8-a5e5-735a-c8ca-9b18c7daacd6,0e28e491-ba1e-8a78-875b-ab861c7f40e6,2026-04-10,null,2026-04-10 22:56:09.024651+00
377e71e6-f88b-46a9-84a1-3a7ad804db1a,00000000-0000-0000-0000-000000000001,2b82128c-87b3-48f5-956e-069d386c76b3,bed,5dda0b14-713b-46d0-a6ce-a7a33a2fb6f9,d2298bb8-a5e5-735a-c8ca-9b18c7daacd6,d0c84d1e-4238-9b66-8d10-7665d8e44980,2026-04-10,null,2026-04-10 22:56:09.024651+00
476a7e07-ee31-4a58-90cd-893a8e56fdbb,00000000-0000-0000-0000-000000000001,f9944fce-2a95-4c13-b4ad-5c85415ec060,bed,5dda0b14-713b-46d0-a6ce-a7a33a2fb6f9,d2298bb8-a5e5-735a-c8ca-9b18c7daacd6,3e28154d-1bfe-92b4-2fff-f295a9f54738,2026-04-10,null,2026-04-10 22:56:09.024651+00
3d4f88a7-aee0-403b-bc22-e0c7903eaf02,00000000-0000-0000-0000-000000000001,90c7369d-3d2f-4d32-b117-c0330fde1854,bed,5dda0b14-713b-46d0-a6ce-a7a33a2fb6f9,d2298bb8-a5e5-735a-c8ca-9b18c7daacd6,d9438ef4-c18e-28ab-44ad-feab7ce72db5,2026-04-10,null,2026-04-10 22:56:09.024651+00
ebae3377-4c1d-40b7-a540-925dcd2faee6,00000000-0000-0000-0000-000000000001,205ea9ff-310b-4b74-baa5-68b476feec85,apartment,5dda0b14-713b-46d0-a6ce-a7a33a2fb6f9,d2298bb8-a5e5-735a-c8ca-9b18c7daacd6,null,2026-04-10,null,2026-04-10 22:56:09.024651+00
495be824-49d3-4984-a6b6-9d1e983cf694,00000000-0000-0000-0000-000000000001,1f2065e6-8ac9-40aa-9f72-0af4ed4db4a1,apartment,5dda0b14-713b-46d0-a6ce-a7a33a2fb6f9,d2298bb8-a5e5-735a-c8ca-9b18c7daacd6,null,2026-04-10,null,2026-04-10 22:56:09.024651+00
b7858dec-d81d-4586-ae2a-d301c5beda97,00000000-0000-0000-0000-000000000001,a6a4e6d3-fdf3-4db8-a975-0c94c5ba6c2c,apartment,5dda0b14-713b-46d0-a6ce-a7a33a2fb6f9,d2298bb8-a5e5-735a-c8ca-9b18c7daacd6,null,2026-04-10,null,2026-04-10 22:56:09.024651+00
3e5c8bdd-e698-43f4-8e28-df049b2a1202,00000000-0000-0000-0000-000000000001,9fae7d86-8928-4ebf-9c2d-f7b9ab7e186e,apartment,5dda0b14-713b-46d0-a6ce-a7a33a2fb6f9,d2298bb8-a5e5-735a-c8ca-9b18c7daacd6,null,2026-04-10,null,2026-04-10 22:56:09.024651+00
084757b6-1a9f-48ae-a608-5d41695607b8,00000000-0000-0000-0000-000000000001,b4baf311-18f4-48c7-ad9f-9b83cc8f45f0,bed,5dda0b14-713b-46d0-a6ce-a7a33a2fb6f9,d2298bb8-a5e5-735a-c8ca-9b18c7daacd6,0e28e491-ba1e-8a78-875b-ab861c7f40e6,2026-04-10,null,2026-04-10 22:56:09.024651+00
bd1b9588-dfb1-4b4c-bd3a-6bae9ae26f45,00000000-0000-0000-0000-000000000001,d0b4578f-a55c-4fce-855e-f5437dce8f0c,bed,5dda0b14-713b-46d0-a6ce-a7a33a2fb6f9,d2298bb8-a5e5-735a-c8ca-9b18c7daacd6,d0c84d1e-4238-9b66-8d10-7665d8e44980,2026-04-10,null,2026-04-10 22:56:09.024651+00
a34d371a-5a20-4870-9d6a-ce8c84e9c759,00000000-0000-0000-0000-000000000001,4fa15c18-501d-44de-b344-58c3adec261b,bed,5dda0b14-713b-46d0-a6ce-a7a33a2fb6f9,d2298bb8-a5e5-735a-c8ca-9b18c7daacd6,3e28154d-1bfe-92b4-2fff-f295a9f54738,2026-04-10,null,2026-04-10 22:56:09.024651+00
1400638d-1607-4e8e-b737-bc552bccedce,00000000-0000-0000-0000-000000000001,77d74337-bdf6-4d7c-8cf6-0bdd730cb65b,bed,5dda0b14-713b-46d0-a6ce-a7a33a2fb6f9,d2298bb8-a5e5-735a-c8ca-9b18c7daacd6,d9438ef4-c18e-28ab-44ad-feab7ce72db5,2026-04-10,null,2026-04-10 22:56:09.024651+00
6b4e349a-1720-497e-8e98-1506fa03ab6c,00000000-0000-0000-0000-000000000001,ccdae532-94e1-4400-b5dc-35f5dcf28080,apartment,5dda0b14-713b-46d0-a6ce-a7a33a2fb6f9,d2298bb8-a5e5-735a-c8ca-9b18c7daacd6,null,2026-04-10,null,2026-04-10 22:56:09.024651+00
a385ddc4-2e12-4303-bd79-97f00b63ed47,00000000-0000-0000-0000-000000000001,6fce0a91-6eba-42eb-bb6b-7cd892e90c64,apartment,5dda0b14-713b-46d0-a6ce-a7a33a2fb6f9,d2298bb8-a5e5-735a-c8ca-9b18c7daacd6,null,2026-04-10,null,2026-04-10 22:56:09.024651+00
591f469f-0882-4455-98b7-b46a0824e49f,00000000-0000-0000-0000-000000000001,b73fbb0c-76b9-4d95-ac58-cbb1aae5d205,apartment,5dda0b14-713b-46d0-a6ce-a7a33a2fb6f9,d2298bb8-a5e5-735a-c8ca-9b18c7daacd6,null,2026-04-10,null,2026-04-10 22:56:09.024651+00
4119283d-0c1e-4658-bbbf-d6c5e56ce0c6,00000000-0000-0000-0000-000000000001,e4c9f198-fa67-48a3-9739-d1a19d8e92e7,apartment,5dda0b14-713b-46d0-a6ce-a7a33a2fb6f9,d2298bb8-a5e5-735a-c8ca-9b18c7daacd6,null,2026-04-10,null,2026-04-10 22:56:09.024651+00
015383f3-d801-4c1a-b6fc-e4157bd313e1,00000000-0000-0000-0000-000000000001,d0121f97-ad91-43f3-bdfa-cfed7f0e006b,apartment,5dda0b14-713b-46d0-a6ce-a7a33a2fb6f9,d2298bb8-a5e5-735a-c8ca-9b18c7daacd6,null,2026-04-10,null,2026-04-10 22:56:09.024651+00
6a1b543a-4cbd-4620-bba8-a4e9ca14bf79,00000000-0000-0000-0000-000000000001,1c198d17-d14b-4355-ab9e-86e4839480d0,bed,5dda0b14-713b-46d0-a6ce-a7a33a2fb6f9,d2298bb8-a5e5-735a-c8ca-9b18c7daacd6,0e28e491-ba1e-8a78-875b-ab861c7f40e6,2026-04-10,null,2026-04-10 22:56:09.024651+00
ccf926e0-9528-4444-a88f-3dac48f8620a,00000000-0000-0000-0000-000000000001,1c198d17-d14b-4355-ab9e-86e4839480d0,bed,5dda0b14-713b-46d0-a6ce-a7a33a2fb6f9,d2298bb8-a5e5-735a-c8ca-9b18c7daacd6,d0c84d1e-4238-9b66-8d10-7665d8e44980,2026-04-10,null,2026-04-10 22:56:09.024651+00
790c363f-3806-4049-8880-be140e8e9c5a,00000000-0000-0000-0000-000000000001,fff00394-bda1-4ac1-b428-6227e3920406,bed,5dda0b14-713b-46d0-a6ce-a7a33a2fb6f9,d2298bb8-a5e5-735a-c8ca-9b18c7daacd6,3e28154d-1bfe-92b4-2fff-f295a9f54738,2026-04-10,null,2026-04-10 22:56:09.024651+00
f9a33faf-f80b-4409-8d9d-890bc3e81f63,00000000-0000-0000-0000-000000000001,fff00394-bda1-4ac1-b428-6227e3920406,bed,5dda0b14-713b-46d0-a6ce-a7a33a2fb6f9,d2298bb8-a5e5-735a-c8ca-9b18c7daacd6,d9438ef4-c18e-28ab-44ad-feab7ce72db5,2026-04-10,null,2026-04-10 22:56:09.024651+00
0beb9a40-7949-43f7-a14b-0d68335c1c9e,00000000-0000-0000-0000-000000000001,6aa5096b-7c03-4394-bcdf-432cbf0a10ba,apartment,5dda0b14-713b-46d0-a6ce-a7a33a2fb6f9,d2298bb8-a5e5-735a-c8ca-9b18c7daacd6,null,2026-04-10,null,2026-04-10 22:56:09.024651+00
b188bb5a-715d-485d-97ce-dfb3a909d067,00000000-0000-0000-0000-000000000001,cc4a8356-b73f-4f29-a050-58825c000135,apartment,5dda0b14-713b-46d0-a6ce-a7a33a2fb6f9,d2298bb8-a5e5-735a-c8ca-9b18c7daacd6,null,2026-04-10,null,2026-04-10 22:56:09.024651+00
853f69b7-6602-4042-b197-57361aa63fb1,00000000-0000-0000-0000-000000000001,799556b4-c72b-4e1a-8e20-01050acd3ef7,bed,5dda0b14-713b-46d0-a6ce-a7a33a2fb6f9,d2298bb8-a5e5-735a-c8ca-9b18c7daacd6,0e28e491-ba1e-8a78-875b-ab861c7f40e6,2026-04-10,null,2026-04-10 22:56:09.024651+00
604d4ba8-9ca3-4b93-83e3-362bb7396e09,00000000-0000-0000-0000-000000000001,4d8e84db-7c8b-4272-8b87-e3ba03735706,bed,5dda0b14-713b-46d0-a6ce-a7a33a2fb6f9,d2298bb8-a5e5-735a-c8ca-9b18c7daacd6,d0c84d1e-4238-9b66-8d10-7665d8e44980,2026-04-10,null,2026-04-10 22:56:09.024651+00
61e5bc4e-9e8d-4787-9ed9-916ef60f7f71,00000000-0000-0000-0000-000000000001,d647647e-dc26-41fe-9125-bd7848247a12,bed,5dda0b14-713b-46d0-a6ce-a7a33a2fb6f9,d2298bb8-a5e5-735a-c8ca-9b18c7daacd6,3e28154d-1bfe-92b4-2fff-f295a9f54738,2026-04-10,null,2026-04-10 22:56:09.024651+00
531534fc-e320-41ce-8340-12e3cc6841f3,00000000-0000-0000-0000-000000000001,2be1edbe-5431-4c8d-aef8-3f9706b996ed,bed,5dda0b14-713b-46d0-a6ce-a7a33a2fb6f9,d2298bb8-a5e5-735a-c8ca-9b18c7daacd6,d9438ef4-c18e-28ab-44ad-feab7ce72db5,2026-04-10,null,2026-04-10 22:56:09.024651+00
64c7f739-868e-456d-bc7f-c2736b065cb8,00000000-0000-0000-0000-000000000001,d1f01035-b047-4c26-a6b4-15ba170ba834,apartment,5dda0b14-713b-46d0-a6ce-a7a33a2fb6f9,d2298bb8-a5e5-735a-c8ca-9b18c7daacd6,null,2026-04-10,null,2026-04-10 22:56:09.024651+00
ad8f97a4-d38c-412d-a7b4-1dd58c7677fc,00000000-0000-0000-0000-000000000001,7836ba82-c2a6-40c1-aa01-1fc91c5194be,apartment,5dda0b14-713b-46d0-a6ce-a7a33a2fb6f9,d2298bb8-a5e5-735a-c8ca-9b18c7daacd6,null,2026-04-10,null,2026-04-10 22:56:09.024651+00
efc363c2-36bc-47b7-9de2-67fc7ad6385e,00000000-0000-0000-0000-000000000001,254099a9-0675-4455-aa1a-986edd8421bc,apartment,5dda0b14-713b-46d0-a6ce-a7a33a2fb6f9,d2298bb8-a5e5-735a-c8ca-9b18c7daacd6,null,2026-04-10,null,2026-04-10 22:56:09.024651+00
c3a6889b-ecb7-4e52-aa6c-edf5e8745d5a,00000000-0000-0000-0000-000000000001,3eb819f9-cd5e-42b7-a5c4-9083fd312107,apartment,5dda0b14-713b-46d0-a6ce-a7a33a2fb6f9,d2298bb8-a5e5-735a-c8ca-9b18c7daacd6,null,2026-04-10,null,2026-04-10 22:56:09.024651+00
f1f073dd-95d3-41b3-b33b-948d37094245,00000000-0000-0000-0000-000000000001,1fbbb8be-44d6-4c87-aeaf-ac856484553b,apartment,5dda0b14-713b-46d0-a6ce-a7a33a2fb6f9,d2298bb8-a5e5-735a-c8ca-9b18c7daacd6,null,2026-04-10,null,2026-04-10 22:56:09.024651+00
83c6f201-d8c2-44a0-8ad2-d804d7efd394,00000000-0000-0000-0000-000000000001,563d9d41-eea8-4ef0-8948-8e66f3140539,apartment,5dda0b14-713b-46d0-a6ce-a7a33a2fb6f9,d2298bb8-a5e5-735a-c8ca-9b18c7daacd6,null,2026-04-10,null,2026-04-10 22:56:09.024651+00
4a33f56f-cbf4-49f9-9106-298492169960,00000000-0000-0000-0000-000000000001,c353442a-902b-4d6c-b7ed-ab113dc2bdc5,apartment,5dda0b14-713b-46d0-a6ce-a7a33a2fb6f9,d2298bb8-a5e5-735a-c8ca-9b18c7daacd6,null,2026-04-10,null,2026-04-10 22:56:09.024651+00
a4bc3fab-bb16-413b-a1d6-c6c1589309e7,00000000-0000-0000-0000-000000000001,2135b780-5345-406d-ae31-fd3cd1c49650,apartment,5dda0b14-713b-46d0-a6ce-a7a33a2fb6f9,d2298bb8-a5e5-735a-c8ca-9b18c7daacd6,null,2025-02-02,null,2026-04-10 22:56:09.024651+00
aed8613e-2d0b-495e-ba73-f0d37019f030,00000000-0000-0000-0000-000000000001,26ba6b85-3093-4d95-be14-acc1f44b37e2,apartment,5dda0b14-713b-46d0-a6ce-a7a33a2fb6f9,d2298bb8-a5e5-735a-c8ca-9b18c7daacd6,null,2026-04-10,null,2026-04-10 22:56:09.024651+00
292387f0-9563-4ee1-a825-6aee9f0e2490,00000000-0000-0000-0000-000000000001,8b840345-f0de-4bfb-88fb-07d0bde3f7fd,apartment,5dda0b14-713b-46d0-a6ce-a7a33a2fb6f9,d2298bb8-a5e5-735a-c8ca-9b18c7daacd6,null,2026-04-10,null,2026-04-10 22:56:09.024651+00
4d8fb427-2d44-48e3-a958-6036d8bd9db2,00000000-0000-0000-0000-000000000001,f00efade-15af-41dd-82bb-fb36d1c97c75,bed,5dda0b14-713b-46d0-a6ce-a7a33a2fb6f9,d2298bb8-a5e5-735a-c8ca-9b18c7daacd6,0e28e491-ba1e-8a78-875b-ab861c7f40e6,2026-04-10,null,2026-04-10 22:56:09.024651+00
cdfaadd7-529a-4ea9-b7e8-8db6412520a9,00000000-0000-0000-0000-000000000001,6e08194d-adc8-434f-9a9b-94f4b2edf7ff,bed,5dda0b14-713b-46d0-a6ce-a7a33a2fb6f9,d2298bb8-a5e5-735a-c8ca-9b18c7daacd6,3e28154d-1bfe-92b4-2fff-f295a9f54738,2026-04-10,null,2026-04-10 22:56:09.024651+00
5c568022-c663-47ab-830e-e58f0eb55389,00000000-0000-0000-0000-000000000001,1891221d-503f-4fb6-9c49-af064dbbc1cb,bed,5dda0b14-713b-46d0-a6ce-a7a33a2fb6f9,d2298bb8-a5e5-735a-c8ca-9b18c7daacd6,d0c84d1e-4238-9b66-8d10-7665d8e44980,2026-04-10,null,2026-04-10 22:56:09.024651+00
5cfe1d02-5991-4a53-a42f-776e19c08316,00000000-0000-0000-0000-000000000001,9d659886-8095-46ea-a636-520864f4fbac,bed,5dda0b14-713b-46d0-a6ce-a7a33a2fb6f9,d2298bb8-a5e5-735a-c8ca-9b18c7daacd6,d9438ef4-c18e-28ab-44ad-feab7ce72db5,2026-04-10,null,2026-04-10 22:56:09.024651+00
481abd41-07c6-4628-b290-d465851454e0,00000000-0000-0000-0000-000000000001,0a389b6f-ad27-4dc9-a68e-66537642d7b8,apartment,5dda0b14-713b-46d0-a6ce-a7a33a2fb6f9,d2298bb8-a5e5-735a-c8ca-9b18c7daacd6,null,2026-04-10,null,2026-04-10 22:56:09.024651+00
7c4eacf7-6976-492c-aba2-0010ac251b55,00000000-0000-0000-0000-000000000001,f244be1f-e77c-424a-a9b4-f13e3b9c63a3,apartment,5dda0b14-713b-46d0-a6ce-a7a33a2fb6f9,d2298bb8-a5e5-735a-c8ca-9b18c7daacd6,null,2026-04-10,null,2026-04-10 22:56:09.024651+00
c4b61455-9c80-44bd-aa8b-2e16b1697d07,00000000-0000-0000-0000-000000000001,968c9160-19ee-48c3-82cf-93b9d41b5764,apartment,5dda0b14-713b-46d0-a6ce-a7a33a2fb6f9,d2298bb8-a5e5-735a-c8ca-9b18c7daacd6,null,2026-04-10,null,2026-04-10 22:56:09.024651+00
04892b7a-bde4-4580-817a-b3f63efcd536,00000000-0000-0000-0000-000000000001,639a13d5-dfa2-44e9-b290-9e766737e5ed,bed,5dda0b14-713b-46d0-a6ce-a7a33a2fb6f9,d2298bb8-a5e5-735a-c8ca-9b18c7daacd6,0e28e491-ba1e-8a78-875b-ab861c7f40e6,2026-04-10,null,2026-04-10 22:56:09.024651+00
b7cad465-8c2d-4234-996d-fb1aa8d44583,00000000-0000-0000-0000-000000000001,639a13d5-dfa2-44e9-b290-9e766737e5ed,bed,5dda0b14-713b-46d0-a6ce-a7a33a2fb6f9,d2298bb8-a5e5-735a-c8ca-9b18c7daacd6,d0c84d1e-4238-9b66-8d10-7665d8e44980,2026-04-10,null,2026-04-10 22:56:09.024651+00
133a9334-6ef1-409e-8d2c-6ad21c25f78f,00000000-0000-0000-0000-000000000001,cb8ee2ea-5294-4841-b841-769cb00f5e9a,bed,5dda0b14-713b-46d0-a6ce-a7a33a2fb6f9,d2298bb8-a5e5-735a-c8ca-9b18c7daacd6,e5918d8e-46b0-075e-14d9-60f3b60511e3,2026-04-10,null,2026-04-10 22:56:09.024651+00
b69fd627-8bd7-44fb-8e15-e366a810ddcd,00000000-0000-0000-0000-000000000001,cb8ee2ea-5294-4841-b841-769cb00f5e9a,bed,5dda0b14-713b-46d0-a6ce-a7a33a2fb6f9,d2298bb8-a5e5-735a-c8ca-9b18c7daacd6,3e28154d-1bfe-92b4-2fff-f295a9f54738,2026-04-10,null,2026-04-10 22:56:09.024651+00
caa2b265-6302-414c-a09a-f4be94614229,00000000-0000-0000-0000-000000000001,cb8ee2ea-5294-4841-b841-769cb00f5e9a,bed,5dda0b14-713b-46d0-a6ce-a7a33a2fb6f9,d2298bb8-a5e5-735a-c8ca-9b18c7daacd6,d9438ef4-c18e-28ab-44ad-feab7ce72db5,2026-04-10,null,2026-04-10 22:56:09.024651+00
3feff8fc-423e-45b1-bd1a-d9740afa67aa,00000000-0000-0000-0000-000000000001,96331626-7381-4018-bbff-d488d3048929,bed,5dda0b14-713b-46d0-a6ce-a7a33a2fb6f9,574de174-c7bb-bc11-f282-cff2aa2501c5,c4a7862a-03e1-25e3-920f-248bbf96eb07,2026-04-10,null,2026-04-10 22:56:09.024651+00