apartment_id,property_id,billing_month,month,units_consumed,anomaly_type,severity,baseline_method,expected_range,deviation_score,recommended_action,reason
c17c5093-48b7-139f-ebfc-1cd33ef5179c,5dda0b14-713b-46d0-a6ce-a7a33a2fb6f9,Oct-24,2024-10-01,570.8,high_consumption,High,seasonal,488-494,89.59,Possible abnormal consumption — inspect for leak or usage change,"z=89.59 vs seasonal baseline (n=3, med=491)"
7719849e-1d17-27d2-31d4-475a4e71f261,5dda0b14-713b-46d0-a6ce-a7a33a2fb6f9,Aug-23,2023-08-01,3801.04,high_consumption,High,apartment_fallback,70-487,59.16,Possible abnormal consumption — inspect for leak or usage change,"z=59.16 vs apartment_fallback baseline (n=16, med=278)"
233cca0e-efcf-e631-d2fc-9997a6ba5706,5dda0b14-713b-46d0-a6ce-a7a33a2fb6f9,Oct-23,2023-10-01,940.4,high_consumption,High,seasonal,581-641,38.31,Possible abnormal consumption — inspect for leak or usage change,"z=38.31 vs seasonal baseline (n=3, med=611)"
b0d4d2c8-f6ee-bc16-ffd7-fc33c8db8571,5dda0b14-713b-46d0-a6ce-a7a33a2fb6f9,Sep-24,2024-09-01,1032.5,high_consumption,High,seasonal,621-691,37.34,Possible abnormal consumption — inspect for leak or usage change,"z=37.34 vs seasonal baseline (n=3, med=656)"
574de174-c7bb-bc11-f282-cff2aa2501c5,5dda0b14-713b-46d0-a6ce-a7a33a2fb6f9,Oct-23,2023-10-01,507.2,high_consumption,High,seasonal,380-407,29.57,Possible abnormal consumption — inspect for leak or usage change,"z=29.57 vs seasonal baseline (n=3, med=393)"
1183b300-b9ae-5e28-acb2-304cb2fd36db,5dda0b14-713b-46d0-a6ce-a7a33a2fb6f9,Aug-25,2025-08-01,9258.6,high_consumption,High,apartment_fallback,-900-1497,26.16,Possible abnormal consumption — inspect for leak or usage change,"z=26.16 vs apartment_fallback baseline (n=7, med=299)"
d2298bb8-a5e5-735a-c8ca-9b18c7daacd6,5dda0b14-713b-46d0-a6ce-a7a33a2fb6f9,Jan-25,2025-01-01,351.0,high_consumption,High,seasonal,185-224,25.97,Possible abnormal consumption — inspect for leak or usage change,"z=25.97 vs seasonal baseline (n=3, med=205)"
49ed1c8e-3653-c89b-ec74-16d8e20bb923,5dda0b14-713b-46d0-a6ce-a7a33a2fb6f9,Feb-26,2026-02-01,565.3,high_consumption,High,seasonal,447-476,25.08,Possible abnormal consumption — inspect for leak or usage change,"z=25.08 vs seasonal baseline (n=3, med=461)"
82b270bf-e567-2deb-5ef3-495baafd7645,5dda0b14-713b-46d0-a6ce-a7a33a2fb6f9,Jan-25,2025-01-01,428.7,high_consumption,High,seasonal,137-219,21.4,Possible abnormal consumption — inspect for leak or usage change,"z=21.40 vs seasonal baseline (n=3, med=178)"
990e8a3e-a69c-7b31-f606-3eeb21e3d4c6,5dda0b14-713b-46d0-a6ce-a7a33a2fb6f9,Mar-25,2025-03-01,536.9,high_consumption,High,seasonal,297-388,14.92,Possible abnormal consumption — inspect for leak or usage change,"z=14.92 vs seasonal baseline (n=3, med=342)"
c2ff0c11-4d1b-7b9b-b93c-aa37c9b6c40b,5dda0b14-713b-46d0-a6ce-a7a33a2fb6f9,Feb-25,2025-02-01,609.0,high_consumption,High,seasonal,335-441,14.61,Possible abnormal consumption — inspect for leak or usage change,"z=14.61 vs seasonal baseline (n=3, med=388)"
03edc7c5-4c46-b55e-523d-9fb7be29910b,5dda0b14-713b-46d0-a6ce-a7a33a2fb6f9,Jul-26,2026-07-01,1334.1,high_consumption,High,seasonal,767-1001,13.5,Possible abnormal consumption — inspect for leak or usage change,"z=13.50 vs seasonal baseline (n=4, med=884)"
85292340-826d-52c1-65c7-7f2a9eb2c2c4,5dda0b14-713b-46d0-a6ce-a7a33a2fb6f9,Aug-24,2024-08-01,1194.0,high_consumption,High,seasonal,783-978,11.23,Possible abnormal consumption — inspect for leak or usage change,"z=11.23 vs seasonal baseline (n=3, med=881)"
dc4adc21-f501-0573-2e9a-d7bbbc89e5d6,5dda0b14-713b-46d0-a6ce-a7a33a2fb6f9,Nov-25,2025-11-01,741.8,high_consumption,High,seasonal,316-520,11.09,Possible abnormal consumption — inspect for leak or usage change,"z=11.09 vs seasonal baseline (n=3, med=418)"
03edc7c5-4c46-b55e-523d-9fb7be29910b,5dda0b14-713b-46d0-a6ce-a7a33a2fb6f9,Mar-25,2025-03-01,1213.7,high_consumption,High,seasonal,880-1044,10.76,Possible abnormal consumption — inspect for leak or usage change,"z=10.76 vs seasonal baseline (n=3, med=962)"
c2ff0c11-4d1b-7b9b-b93c-aa37c9b6c40b,5dda0b14-713b-46d0-a6ce-a7a33a2fb6f9,Jan-25,2025-01-01,469.7,high_consumption,High,seasonal,187-331,10.24,Possible abnormal consumption — inspect for leak or usage change,"z=10.24 vs seasonal baseline (n=3, med=259)"
ffbd5fe0-d9b3-cb55-cfd7-2d72a3498109,5dda0b14-713b-46d0-a6ce-a7a33a2fb6f9,Oct-23,2023-10-01,955.8,high_consumption,High,seasonal,579-772,10.16,Possible abnormal consumption — inspect for leak or usage change,"z=10.16 vs seasonal baseline (n=3, med=676)"
c17c5093-48b7-139f-ebfc-1cd33ef5179c,5dda0b14-713b-46d0-a6ce-a7a33a2fb6f9,Apr-23,2023-04-01,1970.0,high_consumption,High,seasonal,102-1064,10.09,Possible abnormal consumption — inspect for leak or usage change,"z=10.09 vs seasonal baseline (n=4, med=583)"
323c0dff-be56-f6ee-f053-ee37de806dea,5dda0b14-713b-46d0-a6ce-a7a33a2fb6f9,Jan-24,2024-01-01,829.0,high_consumption,High,seasonal,613-731,9.28,Possible abnormal consumption — inspect for leak or usage change,"z=9.28 vs seasonal baseline (n=3, med=672)"
b0875d50-a469-821b-57c3-03ac62809198,5dda0b14-713b-46d0-a6ce-a7a33a2fb6f9,Feb-26,2026-02-01,568.4,high_consumption,High,seasonal,343-466,9.28,Possible abnormal consumption — inspect for leak or usage change,"z=9.28 vs seasonal baseline (n=3, med=405)"
85292340-826d-52c1-65c7-7f2a9eb2c2c4,5dda0b14-713b-46d0-a6ce-a7a33a2fb6f9,Nov-24,2024-11-01,665.8,high_consumption,High,seasonal,556-618,8.84,Possible abnormal consumption — inspect for leak or usage change,"z=8.84 vs seasonal baseline (n=3, med=587)"
bde00681-ebfc-ef38-4f6e-4906a012de6b,5dda0b14-713b-46d0-a6ce-a7a33a2fb6f9,Jan-25,2025-01-01,641.6,high_consumption,High,seasonal,342-520,8.3,Possible abnormal consumption — inspect for leak or usage change,"z=8.30 vs seasonal baseline (n=3, med=431)"
10c6863d-07c3-4fc4-94f9-6adc29157ce1,5dda0b14-713b-46d0-a6ce-a7a33a2fb6f9,Mar-24,2024-03-01,666.3,high_consumption,High,seasonal,461-587,7.86,Possible abnormal consumption — inspect for leak or usage change,"z=7.86 vs seasonal baseline (n=3, med=524)"
d2298bb8-a5e5-735a-c8ca-9b18c7daacd6,5dda0b14-713b-46d0-a6ce-a7a33a2fb6f9,Nov-24,2024-11-01,671.0,high_consumption,High,seasonal,459-591,7.75,Possible abnormal consumption — inspect for leak or usage change,"z=7.75 vs seasonal baseline (n=3, med=525)"
dc4adc21-f501-0573-2e9a-d7bbbc89e5d6,5dda0b14-713b-46d0-a6ce-a7a33a2fb6f9,Aug-25,2025-08-01,961.1,high_consumption,High,seasonal,530-802,7.57,Possible abnormal consumption — inspect for leak or usage change,"z=7.57 vs seasonal baseline (n=3, med=666)"
dd96a329-ec95-e96a-1348-69d976f39cd4,5dda0b14-713b-46d0-a6ce-a7a33a2fb6f9,Nov-24,2024-11-01,666.25,high_consumption,High,seasonal,488-605,7.16,Possible abnormal consumption — inspect for leak or usage change,"z=7.16 vs seasonal baseline (n=3, med=547)"
82b270bf-e567-2deb-5ef3-495baafd7645,5dda0b14-713b-46d0-a6ce-a7a33a2fb6f9,Apr-26,2026-04-01,470.7,high_consumption,Medium,seasonal,358-442,5.96,Possible abnormal consumption — inspect for leak or usage change,"z=5.96 vs seasonal baseline (n=4, med=400)"
990e8a3e-a69c-7b31-f606-3eeb21e3d4c6,5dda0b14-713b-46d0-a6ce-a7a33a2fb6f9,Aug-24,2024-08-01,762.0,high_consumption,Medium,seasonal,283-652,5.6,Possible abnormal consumption — inspect for leak or usage change,"z=5.60 vs seasonal baseline (n=3, med=467)"
bc7f358d-0d6d-f95f-ff80-9089eefdef69,5dda0b14-713b-46d0-a6ce-a7a33a2fb6f9,Jul-26,2026-07-01,1706.4,high_consumption,Medium,seasonal,514-1442,5.5,Possible abnormal consumption — inspect for leak or usage change,"z=5.50 vs seasonal baseline (n=4, med=978)"
49ed1c8e-3653-c89b-ec74-16d8e20bb923,5dda0b14-713b-46d0-a6ce-a7a33a2fb6f9,Nov-24,2024-11-01,577.3,high_consumption,Medium,seasonal,407-542,5.32,Possible abnormal consumption — inspect for leak or usage change,"z=5.32 vs seasonal baseline (n=3, med=475)"
a361bd0d-c2c1-2aee-6303-d65de004edd0,5dda0b14-713b-46d0-a6ce-a7a33a2fb6f9,Sep-25,2025-09-01,966.7,high_consumption,Medium,seasonal,457-871,5.11,Possible abnormal consumption — inspect for leak or usage change,"z=5.11 vs seasonal baseline (n=3, med=664)"
85292340-826d-52c1-65c7-7f2a9eb2c2c4,5dda0b14-713b-46d0-a6ce-a7a33a2fb6f9,Apr-24,2024-04-01,1556.2,high_consumption,Medium,seasonal,609-1384,5.06,Possible abnormal consumption — inspect for leak or usage change,"z=5.06 vs seasonal baseline (n=4, med=996)"
7719849e-1d17-27d2-31d4-475a4e71f261,5dda0b14-713b-46d0-a6ce-a7a33a2fb6f9,Dec-24,2024-12-01,577.0,high_consumption,Medium,apartment_fallback,70-487,5.02,Possible abnormal consumption — inspect for leak or usage change,"z=5.02 vs apartment_fallback baseline (n=16, med=278)"
4d1dd99b-b75a-70b5-406b-f5e869954002,5dda0b14-713b-46d0-a6ce-a7a33a2fb6f9,Aug-25,2025-08-01,1364.1,high_consumption,Medium,apartment_fallback,-88-1121,4.91,Possible abnormal consumption — inspect for leak or usage change,"z=4.91 vs apartment_fallback baseline (n=8, med=517)"
77c3a6fd-4651-d880-29aa-abd19c8324df,5dda0b14-713b-46d0-a6ce-a7a33a2fb6f9,Oct-23,2023-10-01,873.0,high_consumption,Medium,seasonal,386-801,4.71,Possible abnormal consumption — inspect for leak or usage change,"z=4.71 vs seasonal baseline (n=3, med=594)"
574de174-c7bb-bc11-f282-cff2aa2501c5,5dda0b14-713b-46d0-a6ce-a7a33a2fb6f9,Jun-25,2025-06-01,623.0,high_consumption,Medium,seasonal,382-595,4.43,Possible abnormal consumption — inspect for leak or usage change,"z=4.43 vs seasonal baseline (n=4, med=488)"
2fc42a4f-fe5a-ae08-0e4e-2c89ca71db85,5dda0b14-713b-46d0-a6ce-a7a33a2fb6f9,Jul-26,2026-07-01,896.4,high_consumption,Medium,seasonal,598-862,4.4,Possible abnormal consumption — inspect for leak or usage change,"z=4.40 vs seasonal baseline (n=4, med=730)"
b0875d50-a469-821b-57c3-03ac62809198,5dda0b14-713b-46d0-a6ce-a7a33a2fb6f9,Nov-25,2025-11-01,856.0,high_consumption,Medium,seasonal,122-773,4.39,Possible abnormal consumption — inspect for leak or usage change,"z=4.39 vs seasonal baseline (n=3, med=448)"
dd96a329-ec95-e96a-1348-69d976f39cd4,5dda0b14-713b-46d0-a6ce-a7a33a2fb6f9,Feb-25,2025-02-01,944.3,high_consumption,Medium,seasonal,348-888,4.23,Possible abnormal consumption — inspect for leak or usage change,"z=4.23 vs seasonal baseline (n=3, med=618)"
5d204545-2f72-b89b-3190-a826b5ab6512,5dda0b14-713b-46d0-a6ce-a7a33a2fb6f9,Jun-25,2025-06-01,983.6,high_consumption,Medium,seasonal,365-926,4.22,Possible abnormal consumption — inspect for leak or usage change,"z=4.22 vs seasonal baseline (n=4, med=646)"
aa73cade-c28c-dc5b-5980-55801ea0d415,5dda0b14-713b-46d0-a6ce-a7a33a2fb6f9,Jun-24,2024-06-01,1233.0,high_consumption,Medium,seasonal,679-1187,4.14,Possible abnormal consumption — inspect for leak or usage change,"z=4.14 vs seasonal baseline (n=4, med=933)"
10c6863d-07c3-4fc4-94f9-6adc29157ce1,5dda0b14-713b-46d0-a6ce-a7a33a2fb6f9,Jan-25,2025-01-01,594.4,high_consumption,Medium,seasonal,77-551,4.14,Possible abnormal consumption — inspect for leak or usage change,"z=4.14 vs seasonal baseline (n=3, med=314)"
b0875d50-a469-821b-57c3-03ac62809198,5dda0b14-713b-46d0-a6ce-a7a33a2fb6f9,Sep-25,2025-09-01,745.4,high_consumption,Medium,seasonal,412-719,4.11,Possible abnormal consumption — inspect for leak or usage change,"z=4.11 vs seasonal baseline (n=3, med=565)"
dd96a329-ec95-e96a-1348-69d976f39cd4,5dda0b14-713b-46d0-a6ce-a7a33a2fb6f9,May-25,2025-05-01,1792.8,high_consumption,Medium,seasonal,468-1688,4.1,Possible abnormal consumption — inspect for leak or usage change,"z=4.10 vs seasonal baseline (n=4, med=1078)"
233cca0e-efcf-e631-d2fc-9997a6ba5706,5dda0b14-713b-46d0-a6ce-a7a33a2fb6f9,Nov-25,2025-11-01,801.1,high_consumption,Medium,seasonal,193-758,4.03,Possible abnormal consumption — inspect for leak or usage change,"z=4.03 vs seasonal baseline (n=3, med=476)"
aa73cade-c28c-dc5b-5980-55801ea0d415,5dda0b14-713b-46d0-a6ce-a7a33a2fb6f9,Aug-23,2023-08-01,1001.4,high_consumption,Medium,seasonal,456-972,3.9,Possible abnormal consumption — inspect for leak or usage change,"z=3.90 vs seasonal baseline (n=3, med=714)"
dd96a329-ec95-e96a-1348-69d976f39cd4,5dda0b14-713b-46d0-a6ce-a7a33a2fb6f9,Jun-25,2025-06-01,1275.4,high_consumption,Medium,seasonal,536-1236,3.89,Possible abnormal consumption — inspect for leak or usage change,"z=3.89 vs seasonal baseline (n=3, med=886)"
03edc7c5-4c46-b55e-523d-9fb7be29910b,5dda0b14-713b-46d0-a6ce-a7a33a2fb6f9,Oct-23,2023-10-01,1028.2,high_consumption,Medium,seasonal,370-998,3.84,Possible abnormal consumption — inspect for leak or usage change,"z=3.84 vs seasonal baseline (n=3, med=684)"
417c9738-a0f7-5a00-1091-37a9fd083dd6,5dda0b14-713b-46d0-a6ce-a7a33a2fb6f9,Nov-25,2025-11-01,698.8,high_consumption,Medium,seasonal,394-687,3.78,Possible abnormal consumption — inspect for leak or usage change,"z=3.78 vs seasonal baseline (n=3, med=541)"
2fc42a4f-fe5a-ae08-0e4e-2c89ca71db85,5dda0b14-713b-46d0-a6ce-a7a33a2fb6f9,Jan-26,2026-01-01,627.1,high_consumption,Medium,seasonal,291-619,3.67,Possible abnormal consumption — inspect for leak or usage change,"z=3.67 vs seasonal baseline (n=3, med=455)"
aa73cade-c28c-dc5b-5980-55801ea0d415,5dda0b14-713b-46d0-a6ce-a7a33a2fb6f9,Feb-25,2025-02-01,785.6,high_consumption,Medium,seasonal,250-779,3.58,Possible abnormal consumption — inspect for leak or usage change,"z=3.58 vs seasonal baseline (n=3, med=515)"
5d204545-2f72-b89b-3190-a826b5ab6512,5dda0b14-713b-46d0-a6ce-a7a33a2fb6f9,Jul-25,2025-07-01,892.1,high_consumption,Medium,seasonal,318-887,3.57,Possible abnormal consumption — inspect for leak or usage change,"z=3.57 vs seasonal baseline (n=4, med=602)"
dc4adc21-f501-0573-2e9a-d7bbbc89e5d6,5dda0b14-713b-46d0-a6ce-a7a33a2fb6f9,Feb-24,2024-02-01,584.57,high_consumption,Medium,seasonal,425-584,3.53,Possible abnormal consumption — inspect for leak or usage change,"z=3.53 vs seasonal baseline (n=3, med=504)"
211a2b33-4e94-3da1-7d97-406bc26036f5,5dda0b14-713b-46d0-a6ce-a7a33a2fb6f9,May-23,2023-05-01,0.0,invalid,High,none,,,Verify meter / reset / data entry,invalid_reading: units<=0
188aee4d-68e0-1ddb-38e6-a946bc75072d,5dda0b14-713b-46d0-a6ce-a7a33a2fb6f9,May-23,2023-05-01,0.0,invalid,High,none,,,Verify meter / reset / data entry,invalid_reading: units<=0
4d1dd99b-b75a-70b5-406b-f5e869954002,5dda0b14-713b-46d0-a6ce-a7a33a2fb6f9,May-23,2023-05-01,0.0,invalid,High,none,,,Verify meter / reset / data entry,invalid_reading: units<=0
574de174-c7bb-bc11-f282-cff2aa2501c5,5dda0b14-713b-46d0-a6ce-a7a33a2fb6f9,May-23,2023-05-01,0.0,invalid,High,none,,,Verify meter / reset / data entry,invalid_reading: units<=0
188aee4d-68e0-1ddb-38e6-a946bc75072d,5dda0b14-713b-46d0-a6ce-a7a33a2fb6f9,May-25,2025-05-01,0.0,invalid,High,none,,,Verify meter / reset / data entry,invalid_reading: units<=0
4d1dd99b-b75a-70b5-406b-f5e869954002,5dda0b14-713b-46d0-a6ce-a7a33a2fb6f9,May-25,2025-05-01,0.0,invalid,High,none,,,Verify meter / reset / data entry,invalid_reading: units<=0
79853a4a-cb02-508c-e041-7e23378aec9c,5dda0b14-713b-46d0-a6ce-a7a33a2fb6f9,Jun-26,2026-06-01,-30365.0,invalid,High,none,,,Verify meter / reset / data entry,invalid_reading: reading_end<reading_start
dd96a329-ec95-e96a-1348-69d976f39cd4,5dda0b14-713b-46d0-a6ce-a7a33a2fb6f9,Jun-26,2026-06-01,-61429.3,invalid,High,none,,,Verify meter / reset / data entry,invalid_reading: reading_end<reading_start
1b4d1066-8fe4-199b-7b3b-39e4bded9714,5dda0b14-713b-46d0-a6ce-a7a33a2fb6f9,May-23,2023-05-01,0.0,invalid,High,none,,,Verify meter / reset / data entry,invalid_reading: units<=0
c17c5093-48b7-139f-ebfc-1cd33ef5179c,5dda0b14-713b-46d0-a6ce-a7a33a2fb6f9,May-23,2023-05-01,0.0,invalid,High,none,,,Verify meter / reset / data entry,invalid_reading: units<=0
c2ff0c11-4d1b-7b9b-b93c-aa37c9b6c40b,5dda0b14-713b-46d0-a6ce-a7a33a2fb6f9,May-23,2023-05-01,0.0,invalid,High,none,,,Verify meter / reset / data entry,invalid_reading: units<=0
7719849e-1d17-27d2-31d4-475a4e71f261,5dda0b14-713b-46d0-a6ce-a7a33a2fb6f9,May-23,2023-05-01,0.0,invalid,High,none,,,Verify meter / reset / data entry,invalid_reading: units<=0
211a2b33-4e94-3da1-7d97-406bc26036f5,5dda0b14-713b-46d0-a6ce-a7a33a2fb6f9,Jun-23,2023-06-01,0.0,invalid,High,none,,,Verify meter / reset / data entry,invalid_reading: units<=0
188aee4d-68e0-1ddb-38e6-a946bc75072d,5dda0b14-713b-46d0-a6ce-a7a33a2fb6f9,Jun-23,2023-06-01,0.0,invalid,High,none,,,Verify meter / reset / data entry,invalid_reading: units<=0
1b4d1066-8fe4-199b-7b3b-39e4bded9714,5dda0b14-713b-46d0-a6ce-a7a33a2fb6f9,Jun-23,2023-06-01,0.0,invalid,High,none,,,Verify meter / reset / data entry,invalid_reading: units<=0
c17c5093-48b7-139f-ebfc-1cd33ef5179c,5dda0b14-713b-46d0-a6ce-a7a33a2fb6f9,Jun-23,2023-06-01,0.0,invalid,High,none,,,Verify meter / reset / data entry,invalid_reading: units<=0
c2ff0c11-4d1b-7b9b-b93c-aa37c9b6c40b,5dda0b14-713b-46d0-a6ce-a7a33a2fb6f9,Jun-23,2023-06-01,0.0,invalid,High,none,,,Verify meter / reset / data entry,invalid_reading: units<=0
7719849e-1d17-27d2-31d4-475a4e71f261,5dda0b14-713b-46d0-a6ce-a7a33a2fb6f9,Jun-23,2023-06-01,0.0,invalid,High,none,,,Verify meter / reset / data entry,invalid_reading: units<=0
1b4d1066-8fe4-199b-7b3b-39e4bded9714,5dda0b14-713b-46d0-a6ce-a7a33a2fb6f9,Jul-23,2023-07-01,0.0,invalid,High,none,,,Verify meter / reset / data entry,invalid_reading: units<=0
c17c5093-48b7-139f-ebfc-1cd33ef5179c,5dda0b14-713b-46d0-a6ce-a7a33a2fb6f9,Jul-23,2023-07-01,0.0,invalid,High,none,,,Verify meter / reset / data entry,invalid_reading: units<=0
c2ff0c11-4d1b-7b9b-b93c-aa37c9b6c40b,5dda0b14-713b-46d0-a6ce-a7a33a2fb6f9,Jul-23,2023-07-01,0.0,invalid,High,none,,,Verify meter / reset / data entry,invalid_reading: units<=0
7719849e-1d17-27d2-31d4-475a4e71f261,5dda0b14-713b-46d0-a6ce-a7a33a2fb6f9,Jul-23,2023-07-01,0.0,invalid,High,none,,,Verify meter / reset / data entry,invalid_reading: units<=0
211a2b33-4e94-3da1-7d97-406bc26036f5,5dda0b14-713b-46d0-a6ce-a7a33a2fb6f9,Aug-23,2023-08-01,0.0,invalid,High,none,,,Verify meter / reset / data entry,invalid_reading: units<=0
1b4d1066-8fe4-199b-7b3b-39e4bded9714,5dda0b14-713b-46d0-a6ce-a7a33a2fb6f9,Aug-23,2023-08-01,-24.0,invalid,High,none,,,Verify meter / reset / data entry,invalid_reading: reading_end<reading_start
c2ff0c11-4d1b-7b9b-b93c-aa37c9b6c40b,5dda0b14-713b-46d0-a6ce-a7a33a2fb6f9,Aug-23,2023-08-01,0.0,invalid,High,none,,,Verify meter / reset / data entry,invalid_reading: units<=0
211a2b33-4e94-3da1-7d97-406bc26036f5,5dda0b14-713b-46d0-a6ce-a7a33a2fb6f9,Sep-23,2023-09-01,0.0,invalid,High,none,,,Verify meter / reset / data entry,invalid_reading: units<=0
188aee4d-68e0-1ddb-38e6-a946bc75072d,5dda0b14-713b-46d0-a6ce-a7a33a2fb6f9,Sep-23,2023-09-01,0.0,invalid,High,none,,,Verify meter / reset / data entry,invalid_reading: units<=0
4d1dd99b-b75a-70b5-406b-f5e869954002,5dda0b14-713b-46d0-a6ce-a7a33a2fb6f9,Sep-23,2023-09-01,0.0,invalid,High,none,,,Verify meter / reset / data entry,invalid_reading: units<=0
1b4d1066-8fe4-199b-7b3b-39e4bded9714,5dda0b14-713b-46d0-a6ce-a7a33a2fb6f9,Sep-23,2023-09-01,0.0,invalid,High,none,,,Verify meter / reset / data entry,invalid_reading: reading_end<reading_start
211a2b33-4e94-3da1-7d97-406bc26036f5,5dda0b14-713b-46d0-a6ce-a7a33a2fb6f9,Oct-23,2023-10-01,0.0,invalid,High,none,,,Verify meter / reset / data entry,invalid_reading: reading_end<reading_start
188aee4d-68e0-1ddb-38e6-a946bc75072d,5dda0b14-713b-46d0-a6ce-a7a33a2fb6f9,Oct-23,2023-10-01,0.0,invalid,High,none,,,Verify meter / reset / data entry,invalid_reading: reading_end<reading_start
4d1dd99b-b75a-70b5-406b-f5e869954002,5dda0b14-713b-46d0-a6ce-a7a33a2fb6f9,Oct-23,2023-10-01,0.0,invalid,High,none,,,Verify meter / reset / data entry,invalid_reading: reading_end<reading_start
211a2b33-4e94-3da1-7d97-406bc26036f5,5dda0b14-713b-46d0-a6ce-a7a33a2fb6f9,Nov-23,2023-11-01,0.0,invalid,High,none,,,Verify meter / reset / data entry,invalid_reading: units<=0
188aee4d-68e0-1ddb-38e6-a946bc75072d,5dda0b14-713b-46d0-a6ce-a7a33a2fb6f9,Nov-23,2023-11-01,0.0,invalid,High,none,,,Verify meter / reset / data entry,invalid_reading: units<=0
4d1dd99b-b75a-70b5-406b-f5e869954002,5dda0b14-713b-46d0-a6ce-a7a33a2fb6f9,Nov-23,2023-11-01,0.0,invalid,High,none,,,Verify meter / reset / data entry,invalid_reading: units<=0
1b4d1066-8fe4-199b-7b3b-39e4bded9714,5dda0b14-713b-46d0-a6ce-a7a33a2fb6f9,Nov-23,2023-11-01,0.0,invalid,High,none,,,Verify meter / reset / data entry,invalid_reading: units<=0
211a2b33-4e94-3da1-7d97-406bc26036f5,5dda0b14-713b-46d0-a6ce-a7a33a2fb6f9,Jan-24,2024-01-01,0.0,invalid,High,none,,,Verify meter / reset / data entry,invalid_reading: units<=0
188aee4d-68e0-1ddb-38e6-a946bc75072d,5dda0b14-713b-46d0-a6ce-a7a33a2fb6f9,Jan-24,2024-01-01,0.0,invalid,High,none,,,Verify meter / reset / data entry,invalid_reading: units<=0
4d1dd99b-b75a-70b5-406b-f5e869954002,5dda0b14-713b-46d0-a6ce-a7a33a2fb6f9,Jan-24,2024-01-01,0.0,invalid,High,none,,,Verify meter / reset / data entry,invalid_reading: units<=0
990e8a3e-a69c-7b31-f606-3eeb21e3d4c6,5dda0b14-713b-46d0-a6ce-a7a33a2fb6f9,Jan-24,2024-01-01,0.0,invalid,High,none,,,Verify meter / reset / data entry,invalid_reading: reading_end<reading_start
1b4d1066-8fe4-199b-7b3b-39e4bded9714,5dda0b14-713b-46d0-a6ce-a7a33a2fb6f9,Jan-24,2024-01-01,0.0,invalid,High,none,,,Verify meter / reset / data entry,invalid_reading: units<=0
211a2b33-4e94-3da1-7d97-406bc26036f5,5dda0b14-713b-46d0-a6ce-a7a33a2fb6f9,Feb-24,2024-02-01,0.0,invalid,High,none,,,Verify meter / reset / data entry,invalid_reading: units<=0
188aee4d-68e0-1ddb-38e6-a946bc75072d,5dda0b14-713b-46d0-a6ce-a7a33a2fb6f9,Feb-24,2024-02-01,0.0,invalid,High,none,,,Verify meter / reset / data entry,invalid_reading: units<=0
4d1dd99b-b75a-70b5-406b-f5e869954002,5dda0b14-713b-46d0-a6ce-a7a33a2fb6f9,Feb-24,2024-02-01,0.0,invalid,High,none,,,Verify meter / reset / data entry,invalid_reading: units<=0
1b4d1066-8fe4-199b-7b3b-39e4bded9714,5dda0b14-713b-46d0-a6ce-a7a33a2fb6f9,Feb-24,2024-02-01,0.0,invalid,High,none,,,Verify meter / reset / data entry,invalid_reading: units<=0
211a2b33-4e94-3da1-7d97-406bc26036f5,5dda0b14-713b-46d0-a6ce-a7a33a2fb6f9,Mar-24,2024-03-01,0.0,invalid,High,none,,,Verify meter / reset / data entry,invalid_reading: units<=0
188aee4d-68e0-1ddb-38e6-a946bc75072d,5dda0b14-713b-46d0-a6ce-a7a33a2fb6f9,Mar-24,2024-03-01,0.0,invalid,High,none,,,Verify meter / reset / data entry,invalid_reading: units<=0
4d1dd99b-b75a-70b5-406b-f5e869954002,5dda0b14-713b-46d0-a6ce-a7a33a2fb6f9,Mar-24,2024-03-01,0.0,invalid,High,none,,,Verify meter / reset / data entry,invalid_reading: units<=0
211a2b33-4e94-3da1-7d97-406bc26036f5,5dda0b14-713b-46d0-a6ce-a7a33a2fb6f9,Apr-24,2024-04-01,0.0,invalid,High,none,,,Verify meter / reset / data entry,invalid_reading: units<=0
188aee4d-68e0-1ddb-38e6-a946bc75072d,5dda0b14-713b-46d0-a6ce-a7a33a2fb6f9,Apr-24,2024-04-01,0.0,invalid,High,none,,,Verify meter / reset / data entry,invalid_reading: units<=0
4d1dd99b-b75a-70b5-406b-f5e869954002,5dda0b14-713b-46d0-a6ce-a7a33a2fb6f9,Apr-24,2024-04-01,0.0,invalid,High,none,,,Verify meter / reset / data entry,invalid_reading: units<=0
211a2b33-4e94-3da1-7d97-406bc26036f5,5dda0b14-713b-46d0-a6ce-a7a33a2fb6f9,May-24,2024-05-01,0.0,invalid,High,none,,,Verify meter / reset / data entry,invalid_reading: units<=0
188aee4d-68e0-1ddb-38e6-a946bc75072d,5dda0b14-713b-46d0-a6ce-a7a33a2fb6f9,May-24,2024-05-01,0.0,invalid,High,none,,,Verify meter / reset / data entry,invalid_reading: units<=0
4d1dd99b-b75a-70b5-406b-f5e869954002,5dda0b14-713b-46d0-a6ce-a7a33a2fb6f9,May-24,2024-05-01,0.0,invalid,High,none,,,Verify meter / reset / data entry,invalid_reading: units<=0
211a2b33-4e94-3da1-7d97-406bc26036f5,5dda0b14-713b-46d0-a6ce-a7a33a2fb6f9,Jun-24,2024-06-01,0.0,invalid,High,none,,,Verify meter / reset / data entry,invalid_reading: units<=0
188aee4d-68e0-1ddb-38e6-a946bc75072d,5dda0b14-713b-46d0-a6ce-a7a33a2fb6f9,Jun-24,2024-06-01,0.0,invalid,High,none,,,Verify meter / reset / data entry,invalid_reading: units<=0
4d1dd99b-b75a-70b5-406b-f5e869954002,5dda0b14-713b-46d0-a6ce-a7a33a2fb6f9,Jun-24,2024-06-01,0.0,invalid,High,none,,,Verify meter / reset / data entry,invalid_reading: units<=0
86ad1ceb-8d81-a926-d998-3a2f1cafba06,5dda0b14-713b-46d0-a6ce-a7a33a2fb6f9,Jun-24,2024-06-01,0.0,invalid,High,none,,,Verify meter / reset / data entry,invalid_reading: units<=0
1183b300-b9ae-5e28-acb2-304cb2fd36db,5dda0b14-713b-46d0-a6ce-a7a33a2fb6f9,Jun-24,2024-06-01,0.0,invalid,High,none,,,Verify meter / reset / data entry,invalid_reading: units<=0
211a2b33-4e94-3da1-7d97-406bc26036f5,5dda0b14-713b-46d0-a6ce-a7a33a2fb6f9,Jul-24,2024-07-01,0.0,invalid,High,none,,,Verify meter / reset / data entry,invalid_reading: units<=0
188aee4d-68e0-1ddb-38e6-a946bc75072d,5dda0b14-713b-46d0-a6ce-a7a33a2fb6f9,Jul-24,2024-07-01,0.0,invalid,High,none,,,Verify meter / reset / data entry,invalid_reading: units<=0
4d1dd99b-b75a-70b5-406b-f5e869954002,5dda0b14-713b-46d0-a6ce-a7a33a2fb6f9,Jul-24,2024-07-01,0.0,invalid,High,none,,,Verify meter / reset / data entry,invalid_reading: units<=0
1183b300-b9ae-5e28-acb2-304cb2fd36db,5dda0b14-713b-46d0-a6ce-a7a33a2fb6f9,Jul-24,2024-07-01,0.0,invalid,High,none,,,Verify meter / reset / data entry,invalid_reading: units<=0
211a2b33-4e94-3da1-7d97-406bc26036f5,5dda0b14-713b-46d0-a6ce-a7a33a2fb6f9,Aug-24,2024-08-01,0.0,invalid,High,none,,,Verify meter / reset / data entry,invalid_reading: units<=0
188aee4d-68e0-1ddb-38e6-a946bc75072d,5dda0b14-713b-46d0-a6ce-a7a33a2fb6f9,Aug-24,2024-08-01,0.0,invalid,High,none,,,Verify meter / reset / data entry,invalid_reading: units<=0
4d1dd99b-b75a-70b5-406b-f5e869954002,5dda0b14-713b-46d0-a6ce-a7a33a2fb6f9,Aug-24,2024-08-01,0.0,invalid,High,none,,,Verify meter / reset / data entry,invalid_reading: units<=0
8767525e-d22f-a295-bc29-ba104fdc589a,5dda0b14-713b-46d0-a6ce-a7a33a2fb6f9,Aug-24,2024-08-01,0.0,invalid,High,none,,,Verify meter / reset / data entry,invalid_reading: units<=0
1183b300-b9ae-5e28-acb2-304cb2fd36db,5dda0b14-713b-46d0-a6ce-a7a33a2fb6f9,Aug-24,2024-08-01,0.0,invalid,High,none,,,Verify meter / reset / data entry,invalid_reading: units<=0
211a2b33-4e94-3da1-7d97-406bc26036f5,5dda0b14-713b-46d0-a6ce-a7a33a2fb6f9,Apr-23,2023-04-01,0.0,invalid,High,none,,,Verify meter / reset / data entry,invalid_reading: units<=0
188aee4d-68e0-1ddb-38e6-a946bc75072d,5dda0b14-713b-46d0-a6ce-a7a33a2fb6f9,Apr-23,2023-04-01,0.0,invalid,High,none,,,Verify meter / reset / data entry,invalid_reading: units<=0
4d1dd99b-b75a-70b5-406b-f5e869954002,5dda0b14-713b-46d0-a6ce-a7a33a2fb6f9,Apr-23,2023-04-01,0.0,invalid,High,none,,,Verify meter / reset / data entry,invalid_reading: units<=0
79853a4a-cb02-508c-e041-7e23378aec9c,5dda0b14-713b-46d0-a6ce-a7a33a2fb6f9,Apr-23,2023-04-01,0.0,invalid,High,none,,,Verify meter / reset / data entry,invalid_reading: units<=0
574de174-c7bb-bc11-f282-cff2aa2501c5,5dda0b14-713b-46d0-a6ce-a7a33a2fb6f9,Apr-23,2023-04-01,0.0,invalid,High,none,,,Verify meter / reset / data entry,invalid_reading: units<=0
8767525e-d22f-a295-bc29-ba104fdc589a,5dda0b14-713b-46d0-a6ce-a7a33a2fb6f9,Apr-23,2023-04-01,0.0,invalid,High,none,,,Verify meter / reset / data entry,invalid_reading: units<=0
86ad1ceb-8d81-a926-d998-3a2f1cafba06,5dda0b14-713b-46d0-a6ce-a7a33a2fb6f9,Apr-23,2023-04-01,0.0,invalid,High,none,,,Verify meter / reset / data entry,invalid_reading: units<=0
1183b300-b9ae-5e28-acb2-304cb2fd36db,5dda0b14-713b-46d0-a6ce-a7a33a2fb6f9,Apr-23,2023-04-01,0.0,invalid,High,none,,,Verify meter / reset / data entry,invalid_reading: units<=0
7719849e-1d17-27d2-31d4-475a4e71f261,5dda0b14-713b-46d0-a6ce-a7a33a2fb6f9,Apr-23,2023-04-01,0.0,invalid,High,none,,,Verify meter / reset / data entry,invalid_reading: units<=0
211a2b33-4e94-3da1-7d97-406bc26036f5,5dda0b14-713b-46d0-a6ce-a7a33a2fb6f9,Sep-24,2024-09-01,0.0,invalid,High,none,,,Verify meter / reset / data entry,invalid_reading: units<=0
188aee4d-68e0-1ddb-38e6-a946bc75072d,5dda0b14-713b-46d0-a6ce-a7a33a2fb6f9,Sep-24,2024-09-01,0.0,invalid,High,none,,,Verify meter / reset / data entry,invalid_reading: units<=0
4d1dd99b-b75a-70b5-406b-f5e869954002,5dda0b14-713b-46d0-a6ce-a7a33a2fb6f9,Sep-24,2024-09-01,0.0,invalid,High,none,,,Verify meter / reset / data entry,invalid_reading: units<=0
8767525e-d22f-a295-bc29-ba104fdc589a,5dda0b14-713b-46d0-a6ce-a7a33a2fb6f9,Sep-24,2024-09-01,0.0,invalid,High,none,,,Verify meter / reset / data entry,invalid_reading: units<=0
1183b300-b9ae-5e28-acb2-304cb2fd36db,5dda0b14-713b-46d0-a6ce-a7a33a2fb6f9,Sep-24,2024-09-01,0.0,invalid,High,none,,,Verify meter / reset / data entry,invalid_reading: units<=0
211a2b33-4e94-3da1-7d97-406bc26036f5,5dda0b14-713b-46d0-a6ce-a7a33a2fb6f9,Oct-24,2024-10-01,0.0,invalid,High,none,,,Verify meter / reset / data entry,invalid_reading: units<=0
188aee4d-68e0-1ddb-38e6-a946bc75072d,5dda0b14-713b-46d0-a6ce-a7a33a2fb6f9,Oct-24,2024-10-01,0.0,invalid,High,none,,,Verify meter / reset / data entry,invalid_reading: units<=0
4d1dd99b-b75a-70b5-406b-f5e869954002,5dda0b14-713b-46d0-a6ce-a7a33a2fb6f9,Oct-24,2024-10-01,0.0,invalid,High,none,,,Verify meter / reset / data entry,invalid_reading: units<=0
1183b300-b9ae-5e28-acb2-304cb2fd36db,5dda0b14-713b-46d0-a6ce-a7a33a2fb6f9,Oct-24,2024-10-01,0.0,invalid,High,none,,,Verify meter / reset / data entry,invalid_reading: units<=0
211a2b33-4e94-3da1-7d97-406bc26036f5,5dda0b14-713b-46d0-a6ce-a7a33a2fb6f9,Nov-24,2024-11-01,0.0,invalid,High,none,,,Verify meter / reset / data entry,invalid_reading: units<=0
188aee4d-68e0-1ddb-38e6-a946bc75072d,5dda0b14-713b-46d0-a6ce-a7a33a2fb6f9,Nov-24,2024-11-01,0.0,invalid,High,none,,,Verify meter / reset / data entry,invalid_reading: units<=0
4d1dd99b-b75a-70b5-406b-f5e869954002,5dda0b14-713b-46d0-a6ce-a7a33a2fb6f9,Nov-24,2024-11-01,0.0,invalid,High,none,,,Verify meter / reset / data entry,invalid_reading: units<=0
1183b300-b9ae-5e28-acb2-304cb2fd36db,5dda0b14-713b-46d0-a6ce-a7a33a2fb6f9,Nov-24,2024-11-01,0.0,invalid,High,none,,,Verify meter / reset / data entry,invalid_reading: units<=0
211a2b33-4e94-3da1-7d97-406bc26036f5,5dda0b14-713b-46d0-a6ce-a7a33a2fb6f9,Dec-24,2024-12-01,0.0,invalid,High,none,,,Verify meter / reset / data entry,invalid_reading: units<=0
188aee4d-68e0-1ddb-38e6-a946bc75072d,5dda0b14-713b-46d0-a6ce-a7a33a2fb6f9,Dec-24,2024-12-01,0.0,invalid,High,none,,,Verify meter / reset / data entry,invalid_reading: units<=0
4d1dd99b-b75a-70b5-406b-f5e869954002,5dda0b14-713b-46d0-a6ce-a7a33a2fb6f9,Dec-24,2024-12-01,0.0,invalid,High,none,,,Verify meter / reset / data entry,invalid_reading: units<=0
1183b300-b9ae-5e28-acb2-304cb2fd36db,5dda0b14-713b-46d0-a6ce-a7a33a2fb6f9,Dec-24,2024-12-01,0.0,invalid,High,none,,,Verify meter / reset / data entry,invalid_reading: units<=0
211a2b33-4e94-3da1-7d97-406bc26036f5,5dda0b14-713b-46d0-a6ce-a7a33a2fb6f9,Jan-25,2025-01-01,0.0,invalid,High,none,,,Verify meter / reset / data entry,invalid_reading: units<=0
188aee4d-68e0-1ddb-38e6-a946bc75072d,5dda0b14-713b-46d0-a6ce-a7a33a2fb6f9,Jan-25,2025-01-01,0.0,invalid,High,none,,,Verify meter / reset / data entry,invalid_reading: units<=0
4d1dd99b-b75a-70b5-406b-f5e869954002,5dda0b14-713b-46d0-a6ce-a7a33a2fb6f9,Jan-25,2025-01-01,0.0,invalid,High,none,,,Verify meter / reset / data entry,invalid_reading: units<=0
1183b300-b9ae-5e28-acb2-304cb2fd36db,5dda0b14-713b-46d0-a6ce-a7a33a2fb6f9,Jan-25,2025-01-01,0.0,invalid,High,none,,,Verify meter / reset / data entry,invalid_reading: units<=0
44625074-3f26-4a2d-74ae-56ba4c94a395,5dda0b14-713b-46d0-a6ce-a7a33a2fb6f9,Jan-25,2025-01-01,0.0,invalid,High,none,,,Verify meter / reset / data entry,invalid_reading: units<=0
7719849e-1d17-27d2-31d4-475a4e71f261,5dda0b14-713b-46d0-a6ce-a7a33a2fb6f9,Jan-25,2025-01-01,0.0,invalid,High,none,,,Verify meter / reset / data entry,invalid_reading: units<=0
211a2b33-4e94-3da1-7d97-406bc26036f5,5dda0b14-713b-46d0-a6ce-a7a33a2fb6f9,Feb-25,2025-02-01,0.0,invalid,High,none,,,Verify meter / reset / data entry,invalid_reading: units<=0
188aee4d-68e0-1ddb-38e6-a946bc75072d,5dda0b14-713b-46d0-a6ce-a7a33a2fb6f9,Feb-25,2025-02-01,0.0,invalid,High,none,,,Verify meter / reset / data entry,invalid_reading: units<=0
4d1dd99b-b75a-70b5-406b-f5e869954002,5dda0b14-713b-46d0-a6ce-a7a33a2fb6f9,Feb-25,2025-02-01,0.0,invalid,High,none,,,Verify meter / reset / data entry,invalid_reading: units<=0
82b270bf-e567-2deb-5ef3-495baafd7645,5dda0b14-713b-46d0-a6ce-a7a33a2fb6f9,Feb-25,2025-02-01,0.0,invalid,High,none,,,Verify meter / reset / data entry,invalid_reading: units<=0
1183b300-b9ae-5e28-acb2-304cb2fd36db,5dda0b14-713b-46d0-a6ce-a7a33a2fb6f9,Feb-25,2025-02-01,0.0,invalid,High,none,,,Verify meter / reset / data entry,invalid_reading: units<=0
44625074-3f26-4a2d-74ae-56ba4c94a395,5dda0b14-713b-46d0-a6ce-a7a33a2fb6f9,Feb-25,2025-02-01,0.0,invalid,High,none,,,Verify meter / reset / data entry,invalid_reading: units<=0
7719849e-1d17-27d2-31d4-475a4e71f261,5dda0b14-713b-46d0-a6ce-a7a33a2fb6f9,Feb-25,2025-02-01,0.0,invalid,High,none,,,Verify meter / reset / data entry,invalid_reading: units<=0
211a2b33-4e94-3da1-7d97-406bc26036f5,5dda0b14-713b-46d0-a6ce-a7a33a2fb6f9,Mar-25,2025-03-01,0.0,invalid,High,none,,,Verify meter / reset / data entry,invalid_reading: units<=0
188aee4d-68e0-1ddb-38e6-a946bc75072d,5dda0b14-713b-46d0-a6ce-a7a33a2fb6f9,Mar-25,2025-03-01,0.0,invalid,High,none,,,Verify meter / reset / data entry,invalid_reading: units<=0
4d1dd99b-b75a-70b5-406b-f5e869954002,5dda0b14-713b-46d0-a6ce-a7a33a2fb6f9,Mar-25,2025-03-01,0.0,invalid,High,none,,,Verify meter / reset / data entry,invalid_reading: units<=0
1183b300-b9ae-5e28-acb2-304cb2fd36db,5dda0b14-713b-46d0-a6ce-a7a33a2fb6f9,Mar-25,2025-03-01,0.0,invalid,High,none,,,Verify meter / reset / data entry,invalid_reading: units<=0
44625074-3f26-4a2d-74ae-56ba4c94a395,5dda0b14-713b-46d0-a6ce-a7a33a2fb6f9,Mar-25,2025-03-01,0.0,invalid,High,none,,,Verify meter / reset / data entry,invalid_reading: units<=0
7719849e-1d17-27d2-31d4-475a4e71f261,5dda0b14-713b-46d0-a6ce-a7a33a2fb6f9,Mar-25,2025-03-01,0.0,invalid,High,none,,,Verify meter / reset / data entry,invalid_reading: units<=0
211a2b33-4e94-3da1-7d97-406bc26036f5,5dda0b14-713b-46d0-a6ce-a7a33a2fb6f9,Apr-25,2025-04-01,0.0,invalid,High,none,,,Verify meter / reset / data entry,invalid_reading: units<=0
188aee4d-68e0-1ddb-38e6-a946bc75072d,5dda0b14-713b-46d0-a6ce-a7a33a2fb6f9,Apr-25,2025-04-01,0.0,invalid,High,none,,,Verify meter / reset / data entry,invalid_reading: units<=0
4d1dd99b-b75a-70b5-406b-f5e869954002,5dda0b14-713b-46d0-a6ce-a7a33a2fb6f9,Apr-25,2025-04-01,0.0,invalid,High,none,,,Verify meter / reset / data entry,invalid_reading: units<=0
1183b300-b9ae-5e28-acb2-304cb2fd36db,5dda0b14-713b-46d0-a6ce-a7a33a2fb6f9,Apr-25,2025-04-01,0.0,invalid,High,none,,,Verify meter / reset / data entry,invalid_reading: units<=0
44625074-3f26-4a2d-74ae-56ba4c94a395,5dda0b14-713b-46d0-a6ce-a7a33a2fb6f9,Apr-25,2025-04-01,0.0,invalid,High,none,,,Verify meter / reset / data entry,invalid_reading: units<=0
7719849e-1d17-27d2-31d4-475a4e71f261,5dda0b14-713b-46d0-a6ce-a7a33a2fb6f9,Apr-25,2025-04-01,0.0,invalid,High,none,,,Verify meter / reset / data entry,invalid_reading: units<=0
211a2b33-4e94-3da1-7d97-406bc26036f5,5dda0b14-713b-46d0-a6ce-a7a33a2fb6f9,May-25,2025-05-01,0.0,invalid,High,none,,,Verify meter / reset / data entry,invalid_reading: units<=0
1183b300-b9ae-5e28-acb2-304cb2fd36db,5dda0b14-713b-46d0-a6ce-a7a33a2fb6f9,May-25,2025-05-01,0.0,invalid,High,none,,,Verify meter / reset / data entry,invalid_reading: units<=0
44625074-3f26-4a2d-74ae-56ba4c94a395,5dda0b14-713b-46d0-a6ce-a7a33a2fb6f9,May-25,2025-05-01,0.0,invalid,High,none,,,Verify meter / reset / data entry,invalid_reading: units<=0
7719849e-1d17-27d2-31d4-475a4e71f261,5dda0b14-713b-46d0-a6ce-a7a33a2fb6f9,May-25,2025-05-01,0.0,invalid,High,none,,,Verify meter / reset / data entry,invalid_reading: units<=0
211a2b33-4e94-3da1-7d97-406bc26036f5,5dda0b14-713b-46d0-a6ce-a7a33a2fb6f9,Jun-25,2025-06-01,0.0,invalid,High,none,,,Verify meter / reset / data entry,invalid_reading: units<=0
188aee4d-68e0-1ddb-38e6-a946bc75072d,5dda0b14-713b-46d0-a6ce-a7a33a2fb6f9,Jun-25,2025-06-01,0.0,invalid,High,none,,,Verify meter / reset / data entry,invalid_reading: units<=0
4d1dd99b-b75a-70b5-406b-f5e869954002,5dda0b14-713b-46d0-a6ce-a7a33a2fb6f9,Jun-25,2025-06-01,0.0,invalid,High,none,,,Verify meter / reset / data entry,invalid_reading: units<=0
1183b300-b9ae-5e28-acb2-304cb2fd36db,5dda0b14-713b-46d0-a6ce-a7a33a2fb6f9,Jun-25,2025-06-01,0.0,invalid,High,none,,,Verify meter / reset / data entry,invalid_reading: units<=0
44625074-3f26-4a2d-74ae-56ba4c94a395,5dda0b14-713b-46d0-a6ce-a7a33a2fb6f9,Jun-25,2025-06-01,0.0,invalid,High,none,,,Verify meter / reset / data entry,invalid_reading: units<=0
7719849e-1d17-27d2-31d4-475a4e71f261,5dda0b14-713b-46d0-a6ce-a7a33a2fb6f9,Jun-25,2025-06-01,0.0,invalid,High,none,,,Verify meter / reset / data entry,invalid_reading: units<=0
211a2b33-4e94-3da1-7d97-406bc26036f5,5dda0b14-713b-46d0-a6ce-a7a33a2fb6f9,Jul-25,2025-07-01,0.0,invalid,High,none,,,Verify meter / reset / data entry,invalid_reading: units<=0
188aee4d-68e0-1ddb-38e6-a946bc75072d,5dda0b14-713b-46d0-a6ce-a7a33a2fb6f9,Jul-25,2025-07-01,0.0,invalid,High,none,,,Verify meter / reset / data entry,invalid_reading: units<=0
4d1dd99b-b75a-70b5-406b-f5e869954002,5dda0b14-713b-46d0-a6ce-a7a33a2fb6f9,Jul-25,2025-07-01,0.0,invalid,High,none,,,Verify meter / reset / data entry,invalid_reading: units<=0
1183b300-b9ae-5e28-acb2-304cb2fd36db,5dda0b14-713b-46d0-a6ce-a7a33a2fb6f9,Jul-25,2025-07-01,0.0,invalid,High,none,,,Verify meter / reset / data entry,invalid_reading: units<=0
44625074-3f26-4a2d-74ae-56ba4c94a395,5dda0b14-713b-46d0-a6ce-a7a33a2fb6f9,Jul-25,2025-07-01,0.0,invalid,High,none,,,Verify meter / reset / data entry,invalid_reading: units<=0
7719849e-1d17-27d2-31d4-475a4e71f261,5dda0b14-713b-46d0-a6ce-a7a33a2fb6f9,Jul-25,2025-07-01,0.0,invalid,High,none,,,Verify meter / reset / data entry,invalid_reading: units<=0
44625074-3f26-4a2d-74ae-56ba4c94a395,5dda0b14-713b-46d0-a6ce-a7a33a2fb6f9,Aug-25,2025-08-01,0.0,invalid,High,none,,,Verify meter / reset / data entry,invalid_reading: units<=0
7719849e-1d17-27d2-31d4-475a4e71f261,5dda0b14-713b-46d0-a6ce-a7a33a2fb6f9,Aug-25,2025-08-01,0.0,invalid,High,none,,,Verify meter / reset / data entry,invalid_reading: units<=0
44625074-3f26-4a2d-74ae-56ba4c94a395,5dda0b14-713b-46d0-a6ce-a7a33a2fb6f9,Sep-25,2025-09-01,0.0,invalid,High,none,,,Verify meter / reset / data entry,invalid_reading: units<=0
7719849e-1d17-27d2-31d4-475a4e71f261,5dda0b14-713b-46d0-a6ce-a7a33a2fb6f9,Sep-25,2025-09-01,0.0,invalid,High,none,,,Verify meter / reset / data entry,invalid_reading: units<=0
44625074-3f26-4a2d-74ae-56ba4c94a395,5dda0b14-713b-46d0-a6ce-a7a33a2fb6f9,Oct-25,2025-10-01,0.0,invalid,High,none,,,Verify meter / reset / data entry,invalid_reading: units<=0
7719849e-1d17-27d2-31d4-475a4e71f261,5dda0b14-713b-46d0-a6ce-a7a33a2fb6f9,Oct-25,2025-10-01,0.0,invalid,High,none,,,Verify meter / reset / data entry,invalid_reading: units<=0
44625074-3f26-4a2d-74ae-56ba4c94a395,5dda0b14-713b-46d0-a6ce-a7a33a2fb6f9,Nov-25,2025-11-01,0.0,invalid,High,none,,,Verify meter / reset / data entry,invalid_reading: units<=0
7719849e-1d17-27d2-31d4-475a4e71f261,5dda0b14-713b-46d0-a6ce-a7a33a2fb6f9,Nov-25,2025-11-01,0.0,invalid,High,none,,,Verify meter / reset / data entry,invalid_reading: units<=0
44625074-3f26-4a2d-74ae-56ba4c94a395,5dda0b14-713b-46d0-a6ce-a7a33a2fb6f9,Dec-25,2025-12-01,0.0,invalid,High,none,,,Verify meter / reset / data entry,invalid_reading: units<=0
7719849e-1d17-27d2-31d4-475a4e71f261,5dda0b14-713b-46d0-a6ce-a7a33a2fb6f9,Dec-25,2025-12-01,0.0,invalid,High,none,,,Verify meter / reset / data entry,invalid_reading: units<=0
44625074-3f26-4a2d-74ae-56ba4c94a395,5dda0b14-713b-46d0-a6ce-a7a33a2fb6f9,Jan-26,2026-01-01,0.0,invalid,High,none,,,Verify meter / reset / data entry,invalid_reading: units<=0
7719849e-1d17-27d2-31d4-475a4e71f261,5dda0b14-713b-46d0-a6ce-a7a33a2fb6f9,Jan-26,2026-01-01,0.0,invalid,High,none,,,Verify meter / reset / data entry,invalid_reading: units<=0
44625074-3f26-4a2d-74ae-56ba4c94a395,5dda0b14-713b-46d0-a6ce-a7a33a2fb6f9,Feb-26,2026-02-01,0.0,invalid,High,none,,,Verify meter / reset / data entry,invalid_reading: units<=0
7719849e-1d17-27d2-31d4-475a4e71f261,5dda0b14-713b-46d0-a6ce-a7a33a2fb6f9,Feb-26,2026-02-01,0.0,invalid,High,none,,,Verify meter / reset / data entry,invalid_reading: units<=0
aa73cade-c28c-dc5b-5980-55801ea0d415,5dda0b14-713b-46d0-a6ce-a7a33a2fb6f9,Jan-26,2026-01-01,402.8,low_consumption,Medium,seasonal,408-718,-3.61,Unusually low — verify meter/occupancy/vacancy,"z=-3.61 vs seasonal baseline (n=3, med=563)"
ffbd5fe0-d9b3-cb55-cfd7-2d72a3498109,5dda0b14-713b-46d0-a6ce-a7a33a2fb6f9,Apr-23,2023-04-01,444.0,low_consumption,Medium,seasonal,460-1255,-3.64,Unusually low — verify meter/occupancy/vacancy,"z=-3.64 vs seasonal baseline (n=4, med=857)"
82b270bf-e567-2deb-5ef3-495baafd7645,5dda0b14-713b-46d0-a6ce-a7a33a2fb6f9,Mar-25,2025-03-01,239.8,low_consumption,Medium,seasonal,245-479,-3.66,Unusually low — verify meter/occupancy/vacancy,"z=-3.66 vs seasonal baseline (n=3, med=362)"
0a839c14-2a88-9896-c2f2-8d51fe610405,5dda0b14-713b-46d0-a6ce-a7a33a2fb6f9,Jan-26,2026-01-01,294.8,low_consumption,Medium,seasonal,297-360,-3.72,Unusually low — verify meter/occupancy/vacancy,"z=-3.72 vs seasonal baseline (n=3, med=328)"
fb5cedd6-2992-1c62-7fba-4a7a6b43b2ff,5dda0b14-713b-46d0-a6ce-a7a33a2fb6f9,May-23,2023-05-01,543.0,low_consumption,Medium,seasonal,597-1779,-3.82,Unusually low — verify meter/occupancy/vacancy,"z=-3.82 vs seasonal baseline (n=4, med=1188)"
9d5d0096-0b78-a663-1142-be871dfa2bda,5dda0b14-713b-46d0-a6ce-a7a33a2fb6f9,Sep-23,2023-09-01,917.8,low_consumption,Medium,seasonal,924-1044,-3.83,Unusually low — verify meter/occupancy/vacancy,"z=-3.83 vs seasonal baseline (n=3, med=984)"
77c3a6fd-4651-d880-29aa-abd19c8324df,5dda0b14-713b-46d0-a6ce-a7a33a2fb6f9,Feb-26,2026-02-01,266.4,low_consumption,Medium,seasonal,289-752,-3.84,Unusually low — verify meter/occupancy/vacancy,"z=-3.84 vs seasonal baseline (n=3, med=520)"
574de174-c7bb-bc11-f282-cff2aa2501c5,5dda0b14-713b-46d0-a6ce-a7a33a2fb6f9,Jul-23,2023-07-01,41.3,low_consumption,Medium,seasonal,85-781,-3.94,Unusually low — verify meter/occupancy/vacancy,"z=-3.94 vs seasonal baseline (n=4, med=433)"
bde00681-ebfc-ef38-4f6e-4906a012de6b,5dda0b14-713b-46d0-a6ce-a7a33a2fb6f9,May-23,2023-05-01,870.0,low_consumption,Medium,seasonal,912-1541,-3.96,Unusually low — verify meter/occupancy/vacancy,"z=-3.96 vs seasonal baseline (n=4, med=1226)"
ffbd5fe0-d9b3-cb55-cfd7-2d72a3498109,5dda0b14-713b-46d0-a6ce-a7a33a2fb6f9,Mar-26,2026-03-01,679.7,low_consumption,Medium,seasonal,735-1303,-4.18,Unusually low — verify meter/occupancy/vacancy,"z=-4.18 vs seasonal baseline (n=3, med=1019)"
fb5cedd6-2992-1c62-7fba-4a7a6b43b2ff,5dda0b14-713b-46d0-a6ce-a7a33a2fb6f9,Jun-23,2023-06-01,580.5,low_consumption,Medium,seasonal,664-1351,-4.35,Unusually low — verify meter/occupancy/vacancy,"z=-4.35 vs seasonal baseline (n=4, med=1008)"
bc7f358d-0d6d-f95f-ff80-9089eefdef69,5dda0b14-713b-46d0-a6ce-a7a33a2fb6f9,Aug-23,2023-08-01,837.2,low_consumption,Medium,seasonal,909-1415,-4.49,Unusually low — verify meter/occupancy/vacancy,"z=-4.49 vs seasonal baseline (n=3, med=1162)"
9d5d0096-0b78-a663-1142-be871dfa2bda,5dda0b14-713b-46d0-a6ce-a7a33a2fb6f9,Nov-24,2024-11-01,743.7,low_consumption,Medium,seasonal,787-1053,-4.64,Unusually low — verify meter/occupancy/vacancy,"z=-4.64 vs seasonal baseline (n=3, med=920)"
c2ff0c11-4d1b-7b9b-b93c-aa37c9b6c40b,5dda0b14-713b-46d0-a6ce-a7a33a2fb6f9,Mar-24,2024-03-01,301.89,low_consumption,Medium,seasonal,393-936,-4.68,Unusually low — verify meter/occupancy/vacancy,"z=-4.68 vs seasonal baseline (n=3, med=664)"
85292340-826d-52c1-65c7-7f2a9eb2c2c4,5dda0b14-713b-46d0-a6ce-a7a33a2fb6f9,Mar-26,2026-03-01,663.0,low_consumption,Medium,seasonal,761-1325,-4.71,Unusually low — verify meter/occupancy/vacancy,"z=-4.71 vs seasonal baseline (n=3, med=1043)"
233cca0e-efcf-e631-d2fc-9997a6ba5706,5dda0b14-713b-46d0-a6ce-a7a33a2fb6f9,Aug-24,2024-08-01,560.0,low_consumption,Medium,seasonal,670-1203,-4.95,Unusually low — verify meter/occupancy/vacancy,"z=-4.95 vs seasonal baseline (n=3, med=937)"
10c6863d-07c3-4fc4-94f9-6adc29157ce1,5dda0b14-713b-46d0-a6ce-a7a33a2fb6f9,Jul-25,2025-07-01,401.8,low_consumption,Medium,seasonal,512-1044,-4.96,Unusually low — verify meter/occupancy/vacancy,"z=-4.96 vs seasonal baseline (n=4, med=778)"
2fc42a4f-fe5a-ae08-0e4e-2c89ca71db85,5dda0b14-713b-46d0-a6ce-a7a33a2fb6f9,Sep-23,2023-09-01,591.1,low_consumption,Medium,seasonal,677-1061,-5.07,Unusually low — verify meter/occupancy/vacancy,"z=-5.07 vs seasonal baseline (n=3, med=869)"
49ed1c8e-3653-c89b-ec74-16d8e20bb923,5dda0b14-713b-46d0-a6ce-a7a33a2fb6f9,Mar-24,2024-03-01,539.9,low_consumption,Medium,seasonal,629-1014,-5.12,Unusually low — verify meter/occupancy/vacancy,"z=-5.12 vs seasonal baseline (n=3, med=821)"
b0875d50-a469-821b-57c3-03ac62809198,5dda0b14-713b-46d0-a6ce-a7a33a2fb6f9,Jun-26,2026-06-01,52.6,low_consumption,Medium,seasonal,286-1184,-5.32,Unusually low — verify meter/occupancy/vacancy,"z=-5.32 vs seasonal baseline (n=4, med=735)"
10c6863d-07c3-4fc4-94f9-6adc29157ce1,5dda0b14-713b-46d0-a6ce-a7a33a2fb6f9,Jun-25,2025-06-01,568.1,low_consumption,Medium,seasonal,639-909,-5.34,Unusually low — verify meter/occupancy/vacancy,"z=-5.34 vs seasonal baseline (n=4, med=774)"
990e8a3e-a69c-7b31-f606-3eeb21e3d4c6,5dda0b14-713b-46d0-a6ce-a7a33a2fb6f9,Jul-23,2023-07-01,401.5,low_consumption,Medium,seasonal,506-804,-5.96,Unusually low — verify meter/occupancy/vacancy,"z=-5.96 vs seasonal baseline (n=4, med=655)"
323c0dff-be56-f6ee-f053-ee37de806dea,5dda0b14-713b-46d0-a6ce-a7a33a2fb6f9,Nov-25,2025-11-01,641.2,low_consumption,Medium,seasonal,694-826,-6.3,Unusually low — verify meter/occupancy/vacancy,"z=-6.30 vs seasonal baseline (n=3, med=760)"
fb5cedd6-2992-1c62-7fba-4a7a6b43b2ff,5dda0b14-713b-46d0-a6ce-a7a33a2fb6f9,Jul-23,2023-07-01,328.2,low_consumption,Medium,seasonal,590-1233,-6.35,Unusually low — verify meter/occupancy/vacancy,"z=-6.35 vs seasonal baseline (n=4, med=912)"
82b270bf-e567-2deb-5ef3-495baafd7645,5dda0b14-713b-46d0-a6ce-a7a33a2fb6f9,Jun-24,2024-06-01,437.0,low_consumption,Medium,seasonal,527-678,-7.68,Unusually low — verify meter/occupancy/vacancy,"z=-7.68 vs seasonal baseline (n=4, med=603)"
990e8a3e-a69c-7b31-f606-3eeb21e3d4c6,5dda0b14-713b-46d0-a6ce-a7a33a2fb6f9,Jun-23,2023-06-01,260.0,low_consumption,Medium,seasonal,473-775,-8.44,Unusually low — verify meter/occupancy/vacancy,"z=-8.44 vs seasonal baseline (n=4, med=624)"
2fc42a4f-fe5a-ae08-0e4e-2c89ca71db85,5dda0b14-713b-46d0-a6ce-a7a33a2fb6f9,May-23,2023-05-01,777.0,low_consumption,Medium,seasonal,916-1086,-9.23,Unusually low — verify meter/occupancy/vacancy,"z=-9.23 vs seasonal baseline (n=4, med=1001)"
dd96a329-ec95-e96a-1348-69d976f39cd4,5dda0b14-713b-46d0-a6ce-a7a33a2fb6f9,Sep-23,2023-09-01,736.15,low_consumption,Medium,seasonal,867-1019,-9.52,Unusually low — verify meter/occupancy/vacancy,"z=-9.52 vs seasonal baseline (n=3, med=943)"
b0d4d2c8-f6ee-bc16-ffd7-fc33c8db8571,5dda0b14-713b-46d0-a6ce-a7a33a2fb6f9,Jul-23,2023-07-01,439.8,low_consumption,Medium,seasonal,751-1097,-9.78,Unusually low — verify meter/occupancy/vacancy,"z=-9.78 vs seasonal baseline (n=4, med=924)"
417c9738-a0f7-5a00-1091-37a9fd083dd6,5dda0b14-713b-46d0-a6ce-a7a33a2fb6f9,Mar-26,2026-03-01,584.5,low_consumption,Medium,seasonal,776-936,-11.9,Unusually low — verify meter/occupancy/vacancy,"z=-11.90 vs seasonal baseline (n=3, med=856)"
77c3a6fd-4651-d880-29aa-abd19c8324df,5dda0b14-713b-46d0-a6ce-a7a33a2fb6f9,Mar-26,2026-03-01,404.0,low_consumption,Medium,seasonal,636-777,-14.98,Unusually low — verify meter/occupancy/vacancy,"z=-14.98 vs seasonal baseline (n=3, med=706)"
233cca0e-efcf-e631-d2fc-9997a6ba5706,5dda0b14-713b-46d0-a6ce-a7a33a2fb6f9,Mar-24,2024-03-01,558.7,low_consumption,Medium,seasonal,763-877,-16.03,Unusually low — verify meter/occupancy/vacancy,"z=-16.03 vs seasonal baseline (n=3, med=820)"
c2ff0c11-4d1b-7b9b-b93c-aa37c9b6c40b,5dda0b14-713b-46d0-a6ce-a7a33a2fb6f9,Oct-24,2024-10-01,392.35,low_consumption,Medium,seasonal,642-766,-17.65,Unusually low — verify meter/occupancy/vacancy,"z=-17.65 vs seasonal baseline (n=3, med=704)"
2fc42a4f-fe5a-ae08-0e4e-2c89ca71db85,5dda0b14-713b-46d0-a6ce-a7a33a2fb6f9,Apr-23,2023-04-01,374.0,low_consumption,Medium,seasonal,843-1053,-19.11,Unusually low — verify meter/occupancy/vacancy,"z=-19.11 vs seasonal baseline (n=4, med=948)"
c17c5093-48b7-139f-ebfc-1cd33ef5179c,5dda0b14-713b-46d0-a6ce-a7a33a2fb6f9,Sep-25,2025-09-01,513.6,low_consumption,Medium,seasonal,655-705,-23.33,Unusually low — verify meter/occupancy/vacancy,"z=-23.33 vs seasonal baseline (n=3, med=680)"
bde00681-ebfc-ef38-4f6e-4906a012de6b,5dda0b14-713b-46d0-a6ce-a7a33a2fb6f9,Oct-25,2025-10-01,344.0,low_consumption,Medium,seasonal,703-830,-23.35,Unusually low — verify meter/occupancy/vacancy,"z=-23.35 vs seasonal baseline (n=3, med=766)"
a361bd0d-c2c1-2aee-6303-d65de004edd0,5dda0b14-713b-46d0-a6ce-a7a33a2fb6f9,Aug-23,2023-08-01,777.3,low_consumption,Medium,seasonal,866-891,-27.3,Unusually low — verify meter/occupancy/vacancy,"z=-27.30 vs seasonal baseline (n=3, med=878)"
233cca0e-efcf-e631-d2fc-9997a6ba5706,5dda0b14-713b-46d0-a6ce-a7a33a2fb6f9,Sep-24,2024-09-01,555.7,low_consumption,Medium,seasonal,899-959,-43.41,Unusually low — verify meter/occupancy/vacancy,"z=-43.41 vs seasonal baseline (n=3, med=929)"
bde00681-ebfc-ef38-4f6e-4906a012de6b,5dda0b14-713b-46d0-a6ce-a7a33a2fb6f9,Aug-23,2023-08-01,727.9,low_consumption,Medium,seasonal,949-969,-82.07,Unusually low — verify meter/occupancy/vacancy,"z=-82.07 vs seasonal baseline (n=3, med=959)"
a361bd0d-c2c1-2aee-6303-d65de004edd0,5dda0b14-713b-46d0-a6ce-a7a33a2fb6f9,Feb-25,2025-02-01,312.1,low_consumption,Medium,seasonal,431-438,-117.65,Unusually low — verify meter/occupancy/vacancy,"z=-117.65 vs seasonal baseline (n=3, med=434)"
dd96a329-ec95-e96a-1348-69d976f39cd4,5dda0b14-713b-46d0-a6ce-a7a33a2fb6f9,Apr-25,2025-04-01,1818.5,normal,None,seasonal,-183-1925,3.15,Monitoring,"z=3.15 vs seasonal baseline (n=4, med=871)"
dc4adc21-f501-0573-2e9a-d7bbbc89e5d6,5dda0b14-713b-46d0-a6ce-a7a33a2fb6f9,Sep-25,2025-09-01,892.9,normal,None,seasonal,253-943,2.99,Monitoring,"z=2.99 vs seasonal baseline (n=3, med=598)"
49ed1c8e-3653-c89b-ec74-16d8e20bb923,5dda0b14-713b-46d0-a6ce-a7a33a2fb6f9,Jan-25,2025-01-01,458.1,normal,None,seasonal,241-476,2.98,Monitoring,"z=2.98 vs seasonal baseline (n=3, med=358)"
323c0dff-be56-f6ee-f053-ee37de806dea,5dda0b14-713b-46d0-a6ce-a7a33a2fb6f9,Apr-26,2026-04-01,937.7,normal,None,seasonal,398-982,2.97,Monitoring,"z=2.97 vs seasonal baseline (n=4, med=690)"
85292340-826d-52c1-65c7-7f2a9eb2c2c4,5dda0b14-713b-46d0-a6ce-a7a33a2fb6f9,Sep-24,2024-09-01,1335.7,normal,None,seasonal,593-1401,2.93,Monitoring,"z=2.93 vs seasonal baseline (n=3, med=997)"
0a839c14-2a88-9896-c2f2-8d51fe610405,5dda0b14-713b-46d0-a6ce-a7a33a2fb6f9,Oct-24,2024-10-01,769.8,normal,None,seasonal,103-833,2.89,Monitoring,"z=2.89 vs seasonal baseline (n=3, med=468)"
b0d4d2c8-f6ee-bc16-ffd7-fc33c8db8571,5dda0b14-713b-46d0-a6ce-a7a33a2fb6f9,Oct-24,2024-10-01,1149.1,normal,None,seasonal,153-1260,2.8,Monitoring,"z=2.80 vs seasonal baseline (n=3, med=707)"
bc7f358d-0d6d-f95f-ff80-9089eefdef69,5dda0b14-713b-46d0-a6ce-a7a33a2fb6f9,Jun-26,2026-06-01,1337.4,normal,None,seasonal,569-1426,2.78,Monitoring,"z=2.78 vs seasonal baseline (n=4, med=997)"
233cca0e-efcf-e631-d2fc-9997a6ba5706,5dda0b14-713b-46d0-a6ce-a7a33a2fb6f9,Apr-26,2026-04-01,1076.5,normal,None,seasonal,439-1154,2.74,Monitoring,"z=2.74 vs seasonal baseline (n=4, med=796)"
a361bd0d-c2c1-2aee-6303-d65de004edd0,5dda0b14-713b-46d0-a6ce-a7a33a2fb6f9,Jan-24,2024-01-01,428.3,normal,None,seasonal,140-464,2.72,Monitoring,"z=2.72 vs seasonal baseline (n=3, med=302)"
77c3a6fd-4651-d880-29aa-abd19c8324df,5dda0b14-713b-46d0-a6ce-a7a33a2fb6f9,Apr-24,2024-04-01,881.0,normal,None,seasonal,184-972,2.69,Monitoring,"z=2.69 vs seasonal baseline (n=4, med=578)"
49ed1c8e-3653-c89b-ec74-16d8e20bb923,5dda0b14-713b-46d0-a6ce-a7a33a2fb6f9,Jul-26,2026-07-01,923.7,normal,None,seasonal,262-1013,2.67,Monitoring,"z=2.67 vs seasonal baseline (n=4, med=638)"
bc7f358d-0d6d-f95f-ff80-9089eefdef69,5dda0b14-713b-46d0-a6ce-a7a33a2fb6f9,Jan-25,2025-01-01,609.4,normal,None,seasonal,180-669,2.65,Monitoring,"z=2.65 vs seasonal baseline (n=3, med=424)"
8767525e-d22f-a295-bc29-ba104fdc589a,5dda0b14-713b-46d0-a6ce-a7a33a2fb6f9,Jun-25,2025-06-01,555.5,normal,None,apartment_fallback,-137-655,2.62,Monitoring,"z=2.62 vs apartment_fallback baseline (n=22, med=259)"
fb5cedd6-2992-1c62-7fba-4a7a6b43b2ff,5dda0b14-713b-46d0-a6ce-a7a33a2fb6f9,Oct-25,2025-10-01,944.5,normal,None,seasonal,800-965,2.62,Monitoring,"z=2.62 vs seasonal baseline (n=3, med=883)"
8767525e-d22f-a295-bc29-ba104fdc589a,5dda0b14-713b-46d0-a6ce-a7a33a2fb6f9,Apr-25,2025-04-01,553.0,normal,None,apartment_fallback,-137-655,2.6,Monitoring,"z=2.60 vs apartment_fallback baseline (n=22, med=259)"
49ed1c8e-3653-c89b-ec74-16d8e20bb923,5dda0b14-713b-46d0-a6ce-a7a33a2fb6f9,Oct-24,2024-10-01,739.0,normal,None,seasonal,521-772,2.59,Monitoring,"z=2.59 vs seasonal baseline (n=3, med=646)"
2fc42a4f-fe5a-ae08-0e4e-2c89ca71db85,5dda0b14-713b-46d0-a6ce-a7a33a2fb6f9,Oct-25,2025-10-01,854.4,normal,None,seasonal,493-912,2.54,Monitoring,"z=2.54 vs seasonal baseline (n=3, med=702)"
fb5cedd6-2992-1c62-7fba-4a7a6b43b2ff,5dda0b14-713b-46d0-a6ce-a7a33a2fb6f9,Mar-25,2025-03-01,1043.8,normal,None,seasonal,438-1143,2.52,Monitoring,"z=2.52 vs seasonal baseline (n=3, med=791)"
323c0dff-be56-f6ee-f053-ee37de806dea,5dda0b14-713b-46d0-a6ce-a7a33a2fb6f9,Jun-26,2026-06-01,986.4,normal,None,seasonal,700-1033,2.51,Monitoring,"z=2.51 vs seasonal baseline (n=4, med=867)"
c17c5093-48b7-139f-ebfc-1cd33ef5179c,5dda0b14-713b-46d0-a6ce-a7a33a2fb6f9,Jan-25,2025-01-01,335.7,normal,None,seasonal,27-389,2.47,Monitoring,"z=2.47 vs seasonal baseline (n=3, med=208)"
574de174-c7bb-bc11-f282-cff2aa2501c5,5dda0b14-713b-46d0-a6ce-a7a33a2fb6f9,Feb-24,2024-02-01,518.3,normal,None,seasonal,100-597,2.39,Monitoring,"z=2.39 vs seasonal baseline (n=3, med=348)"
9d5d0096-0b78-a663-1142-be871dfa2bda,5dda0b14-713b-46d0-a6ce-a7a33a2fb6f9,Jan-25,2025-01-01,961.2,normal,None,seasonal,-180-1193,2.32,Monitoring,"z=2.32 vs seasonal baseline (n=3, med=507)"
10c6863d-07c3-4fc4-94f9-6adc29157ce1,5dda0b14-713b-46d0-a6ce-a7a33a2fb6f9,Feb-25,2025-02-01,674.5,normal,None,seasonal,97-793,2.31,Monitoring,"z=2.31 vs seasonal baseline (n=3, med=445)"
c17c5093-48b7-139f-ebfc-1cd33ef5179c,5dda0b14-713b-46d0-a6ce-a7a33a2fb6f9,Feb-25,2025-02-01,494.8,normal,None,seasonal,217-551,2.31,Monitoring,"z=2.31 vs seasonal baseline (n=3, med=384)"
bc7f358d-0d6d-f95f-ff80-9089eefdef69,5dda0b14-713b-46d0-a6ce-a7a33a2fb6f9,Nov-25,2025-11-01,1095.0,normal,None,seasonal,-14-1332,2.27,Monitoring,"z=2.27 vs seasonal baseline (n=3, med=659)"
c17c5093-48b7-139f-ebfc-1cd33ef5179c,5dda0b14-713b-46d0-a6ce-a7a33a2fb6f9,Mar-25,2025-03-01,626.5,normal,None,seasonal,356-685,2.26,Monitoring,"z=2.26 vs seasonal baseline (n=3, med=520)"
d2298bb8-a5e5-735a-c8ca-9b18c7daacd6,5dda0b14-713b-46d0-a6ce-a7a33a2fb6f9,Apr-25,2025-04-01,927.8,normal,None,seasonal,-21-1140,2.22,Monitoring,"z=2.22 vs seasonal baseline (n=4, med=560)"
dc4adc21-f501-0573-2e9a-d7bbbc89e5d6,5dda0b14-713b-46d0-a6ce-a7a33a2fb6f9,Oct-25,2025-10-01,722.0,normal,None,seasonal,195-840,2.22,Monitoring,"z=2.22 vs seasonal baseline (n=3, med=517)"
10c6863d-07c3-4fc4-94f9-6adc29157ce1,5dda0b14-713b-46d0-a6ce-a7a33a2fb6f9,Nov-23,2023-11-01,647.7,normal,None,seasonal,242-740,2.21,Monitoring,"z=2.21 vs seasonal baseline (n=3, med=491)"
dd96a329-ec95-e96a-1348-69d976f39cd4,5dda0b14-713b-46d0-a6ce-a7a33a2fb6f9,Mar-25,2025-03-01,1532.3,normal,None,seasonal,-348-1961,2.2,Monitoring,"z=2.20 vs seasonal baseline (n=3, med=806)"
82b270bf-e567-2deb-5ef3-495baafd7645,5dda0b14-713b-46d0-a6ce-a7a33a2fb6f9,May-23,2023-05-01,680.0,normal,None,seasonal,230-791,2.11,Monitoring,"z=2.11 vs seasonal baseline (n=4, med=511)"
417c9738-a0f7-5a00-1091-37a9fd083dd6,5dda0b14-713b-46d0-a6ce-a7a33a2fb6f9,Feb-25,2025-02-01,729.2,normal,None,seasonal,232-860,2.04,Monitoring,"z=2.04 vs seasonal baseline (n=3, med=546)"
417c9738-a0f7-5a00-1091-37a9fd083dd6,5dda0b14-713b-46d0-a6ce-a7a33a2fb6f9,Sep-25,2025-09-01,790.1,normal,None,seasonal,382-898,2.04,Monitoring,"z=2.04 vs seasonal baseline (n=3, med=640)"
2fc42a4f-fe5a-ae08-0e4e-2c89ca71db85,5dda0b14-713b-46d0-a6ce-a7a33a2fb6f9,Nov-25,2025-11-01,905.4,normal,None,seasonal,230-1087,2.02,Monitoring,"z=2.02 vs seasonal baseline (n=3, med=658)"
990e8a3e-a69c-7b31-f606-3eeb21e3d4c6,5dda0b14-713b-46d0-a6ce-a7a33a2fb6f9,May-23,2023-05-01,645.0,normal,None,seasonal,465-694,2.0,Monitoring,"z=2.00 vs seasonal baseline (n=4, med=580)"
d2298bb8-a5e5-735a-c8ca-9b18c7daacd6,5dda0b14-713b-46d0-a6ce-a7a33a2fb6f9,Jul-24,2024-07-01,911.0,normal,None,seasonal,606-996,1.98,Monitoring,"z=1.98 vs seasonal baseline (n=4, med=801)"
86ad1ceb-8d81-a926-d998-3a2f1cafba06,5dda0b14-713b-46d0-a6ce-a7a33a2fb6f9,Jun-26,2026-06-01,998.6,normal,None,apartment_fallback,-262-1356,1.95,Monitoring,"z=1.95 vs apartment_fallback baseline (n=25, med=547)"
bde00681-ebfc-ef38-4f6e-4906a012de6b,5dda0b14-713b-46d0-a6ce-a7a33a2fb6f9,Feb-26,2026-02-01,772.6,normal,None,seasonal,545-838,1.94,Monitoring,"z=1.94 vs seasonal baseline (n=3, med=691)"
8767525e-d22f-a295-bc29-ba104fdc589a,5dda0b14-713b-46d0-a6ce-a7a33a2fb6f9,May-25,2025-05-01,476.6,normal,None,apartment_fallback,-137-655,1.92,Monitoring,"z=1.92 vs apartment_fallback baseline (n=22, med=259)"
a361bd0d-c2c1-2aee-6303-d65de004edd0,5dda0b14-713b-46d0-a6ce-a7a33a2fb6f9,Jul-25,2025-07-01,1219.9,normal,None,seasonal,105-1548,1.91,Monitoring,"z=1.91 vs seasonal baseline (n=4, med=826)"
2fc42a4f-fe5a-ae08-0e4e-2c89ca71db85,5dda0b14-713b-46d0-a6ce-a7a33a2fb6f9,Jun-26,2026-06-01,1103.8,normal,None,seasonal,332-1340,1.86,Monitoring,"z=1.86 vs seasonal baseline (n=4, med=836)"
417c9738-a0f7-5a00-1091-37a9fd083dd6,5dda0b14-713b-46d0-a6ce-a7a33a2fb6f9,May-24,2024-05-01,1187.0,normal,None,seasonal,135-1515,1.84,Monitoring,"z=1.84 vs seasonal baseline (n=4, med=825)"
ffbd5fe0-d9b3-cb55-cfd7-2d72a3498109,5dda0b14-713b-46d0-a6ce-a7a33a2fb6f9,Feb-24,2024-02-01,837.3,normal,None,seasonal,-6-1104,1.82,Monitoring,"z=1.82 vs seasonal baseline (n=3, med=549)"
574de174-c7bb-bc11-f282-cff2aa2501c5,5dda0b14-713b-46d0-a6ce-a7a33a2fb6f9,Jan-24,2024-01-01,345.4,normal,None,seasonal,253-375,1.8,Monitoring,"z=1.80 vs seasonal baseline (n=3, med=314)"
417c9738-a0f7-5a00-1091-37a9fd083dd6,5dda0b14-713b-46d0-a6ce-a7a33a2fb6f9,Jun-26,2026-06-01,1006.5,normal,None,seasonal,448-1189,1.78,Monitoring,"z=1.78 vs seasonal baseline (n=4, med=819)"
990e8a3e-a69c-7b31-f606-3eeb21e3d4c6,5dda0b14-713b-46d0-a6ce-a7a33a2fb6f9,Nov-24,2024-11-01,351.7,normal,None,seasonal,104-432,1.78,Monitoring,"z=1.78 vs seasonal baseline (n=3, med=268)"
86ad1ceb-8d81-a926-d998-3a2f1cafba06,5dda0b14-713b-46d0-a6ce-a7a33a2fb6f9,Jun-25,2025-06-01,957.6,normal,None,apartment_fallback,-262-1356,1.78,Monitoring,"z=1.78 vs apartment_fallback baseline (n=25, med=547)"
7719849e-1d17-27d2-31d4-475a4e71f261,5dda0b14-713b-46d0-a6ce-a7a33a2fb6f9,Jun-24,2024-06-01,384.0,normal,None,apartment_fallback,70-487,1.77,Monitoring,"z=1.77 vs apartment_fallback baseline (n=16, med=278)"
44625074-3f26-4a2d-74ae-56ba4c94a395,5dda0b14-713b-46d0-a6ce-a7a33a2fb6f9,May-24,2024-05-01,687.0,normal,None,apartment_fallback,-6-916,1.76,Monitoring,"z=1.76 vs apartment_fallback baseline (n=20, med=455)"
323c0dff-be56-f6ee-f053-ee37de806dea,5dda0b14-713b-46d0-a6ce-a7a33a2fb6f9,Mar-24,2024-03-01,961.0,normal,None,seasonal,353-1168,1.72,Monitoring,"z=1.72 vs seasonal baseline (n=3, med=760)"
ffbd5fe0-d9b3-cb55-cfd7-2d72a3498109,5dda0b14-713b-46d0-a6ce-a7a33a2fb6f9,May-24,2024-05-01,1164.0,normal,None,seasonal,98-1536,1.69,Monitoring,"z=1.69 vs seasonal baseline (n=4, med=817)"
86ad1ceb-8d81-a926-d998-3a2f1cafba06,5dda0b14-713b-46d0-a6ce-a7a33a2fb6f9,May-26,2026-05-01,934.4,normal,None,apartment_fallback,-262-1356,1.68,Monitoring,"z=1.68 vs apartment_fallback baseline (n=25, med=547)"
9d5d0096-0b78-a663-1142-be871dfa2bda,5dda0b14-713b-46d0-a6ce-a7a33a2fb6f9,Jun-25,2025-06-01,1583.3,normal,None,seasonal,-405-2298,1.65,Monitoring,"z=1.65 vs seasonal baseline (n=4, med=946)"
5d204545-2f72-b89b-3190-a826b5ab6512,5dda0b14-713b-46d0-a6ce-a7a33a2fb6f9,Sep-24,2024-09-01,860.7,normal,None,seasonal,387-1036,1.61,Monitoring,"z=1.61 vs seasonal baseline (n=3, med=711)"
0a839c14-2a88-9896-c2f2-8d51fe610405,5dda0b14-713b-46d0-a6ce-a7a33a2fb6f9,Nov-24,2024-11-01,579.8,normal,None,seasonal,87-763,1.6,Monitoring,"z=1.60 vs seasonal baseline (n=3, med=425)"
03edc7c5-4c46-b55e-523d-9fb7be29910b,5dda0b14-713b-46d0-a6ce-a7a33a2fb6f9,Nov-25,2025-11-01,783.9,normal,None,seasonal,506-888,1.6,Monitoring,"z=1.60 vs seasonal baseline (n=3, med=697)"
10c6863d-07c3-4fc4-94f9-6adc29157ce1,5dda0b14-713b-46d0-a6ce-a7a33a2fb6f9,Sep-23,2023-09-01,862.6,normal,None,seasonal,510-999,1.54,Monitoring,"z=1.54 vs seasonal baseline (n=3, med=755)"
03edc7c5-4c46-b55e-523d-9fb7be29910b,5dda0b14-713b-46d0-a6ce-a7a33a2fb6f9,Jan-25,2025-01-01,688.6,normal,None,seasonal,188-883,1.54,Monitoring,"z=1.54 vs seasonal baseline (n=3, med=535)"
8767525e-d22f-a295-bc29-ba104fdc589a,5dda0b14-713b-46d0-a6ce-a7a33a2fb6f9,Sep-25,2025-09-01,429.6,normal,None,apartment_fallback,-137-655,1.51,Monitoring,"z=1.51 vs apartment_fallback baseline (n=22, med=259)"
188aee4d-68e0-1ddb-38e6-a946bc75072d,5dda0b14-713b-46d0-a6ce-a7a33a2fb6f9,May-26,2026-05-01,705.6,normal,None,apartment_fallback,-422-1163,1.48,Monitoring,"z=1.48 vs apartment_fallback baseline (n=14, med=371)"
c2ff0c11-4d1b-7b9b-b93c-aa37c9b6c40b,5dda0b14-713b-46d0-a6ce-a7a33a2fb6f9,Nov-25,2025-11-01,805.3,normal,None,seasonal,-159-1196,1.48,Monitoring,"z=1.48 vs seasonal baseline (n=3, med=518)"
b0d4d2c8-f6ee-bc16-ffd7-fc33c8db8571,5dda0b14-713b-46d0-a6ce-a7a33a2fb6f9,Aug-24,2024-08-01,1127.0,normal,None,seasonal,-7-1592,1.46,Monitoring,"z=1.46 vs seasonal baseline (n=3, med=792)"
8767525e-d22f-a295-bc29-ba104fdc589a,5dda0b14-713b-46d0-a6ce-a7a33a2fb6f9,Mar-25,2025-03-01,423.0,normal,None,apartment_fallback,-137-655,1.45,Monitoring,"z=1.45 vs apartment_fallback baseline (n=22, med=259)"
c17c5093-48b7-139f-ebfc-1cd33ef5179c,5dda0b14-713b-46d0-a6ce-a7a33a2fb6f9,Jun-24,2024-06-01,763.0,normal,None,seasonal,639-814,1.44,Monitoring,"z=1.44 vs seasonal baseline (n=3, med=727)"
a361bd0d-c2c1-2aee-6303-d65de004edd0,5dda0b14-713b-46d0-a6ce-a7a33a2fb6f9,Nov-24,2024-11-01,905.9,normal,None,seasonal,-105-1340,1.4,Monitoring,"z=1.40 vs seasonal baseline (n=3, med=617)"
03edc7c5-4c46-b55e-523d-9fb7be29910b,5dda0b14-713b-46d0-a6ce-a7a33a2fb6f9,Jun-26,2026-06-01,1518.5,normal,None,seasonal,265-2058,1.39,Monitoring,"z=1.39 vs seasonal baseline (n=4, med=1162)"
5d204545-2f72-b89b-3190-a826b5ab6512,5dda0b14-713b-46d0-a6ce-a7a33a2fb6f9,Apr-25,2025-04-01,835.4,normal,None,seasonal,266-1086,1.36,Monitoring,"z=1.36 vs seasonal baseline (n=4, med=676)"
417c9738-a0f7-5a00-1091-37a9fd083dd6,5dda0b14-713b-46d0-a6ce-a7a33a2fb6f9,Aug-25,2025-08-01,698.0,normal,None,seasonal,416-822,1.36,Monitoring,"z=1.36 vs seasonal baseline (n=3, med=619)"
ffbd5fe0-d9b3-cb55-cfd7-2d72a3498109,5dda0b14-713b-46d0-a6ce-a7a33a2fb6f9,Nov-24,2024-11-01,857.3,normal,None,seasonal,435-1044,1.35,Monitoring,"z=1.35 vs seasonal baseline (n=3, med=740)"
990e8a3e-a69c-7b31-f606-3eeb21e3d4c6,5dda0b14-713b-46d0-a6ce-a7a33a2fb6f9,Jun-26,2026-06-01,681.2,normal,None,seasonal,473-775,1.33,Monitoring,"z=1.33 vs seasonal baseline (n=4, med=624)"
8767525e-d22f-a295-bc29-ba104fdc589a,5dda0b14-713b-46d0-a6ce-a7a33a2fb6f9,Jul-25,2025-07-01,409.9,normal,None,apartment_fallback,-137-655,1.33,Monitoring,"z=1.33 vs apartment_fallback baseline (n=22, med=259)"
574de174-c7bb-bc11-f282-cff2aa2501c5,5dda0b14-713b-46d0-a6ce-a7a33a2fb6f9,Jul-25,2025-07-01,564.1,normal,None,seasonal,85-781,1.32,Monitoring,"z=1.32 vs seasonal baseline (n=4, med=433)"
2fc42a4f-fe5a-ae08-0e4e-2c89ca71db85,5dda0b14-713b-46d0-a6ce-a7a33a2fb6f9,Apr-26,2026-04-01,987.2,normal,None,seasonal,843-1053,1.31,Monitoring,"z=1.31 vs seasonal baseline (n=4, med=948)"
85292340-826d-52c1-65c7-7f2a9eb2c2c4,5dda0b14-713b-46d0-a6ce-a7a33a2fb6f9,Jun-24,2024-06-01,1554.0,normal,None,seasonal,408-2074,1.31,Monitoring,"z=1.31 vs seasonal baseline (n=4, med=1241)"
49ed1c8e-3653-c89b-ec74-16d8e20bb923,5dda0b14-713b-46d0-a6ce-a7a33a2fb6f9,Aug-24,2024-08-01,800.0,normal,None,seasonal,328-1015,1.31,Monitoring,"z=1.31 vs seasonal baseline (n=3, med=671)"
c2ff0c11-4d1b-7b9b-b93c-aa37c9b6c40b,5dda0b14-713b-46d0-a6ce-a7a33a2fb6f9,Apr-25,2025-04-01,703.0,normal,None,seasonal,150-955,1.31,Monitoring,"z=1.31 vs seasonal baseline (n=4, med=553)"
5d204545-2f72-b89b-3190-a826b5ab6512,5dda0b14-713b-46d0-a6ce-a7a33a2fb6f9,May-23,2023-05-01,1086.0,normal,None,seasonal,-16-1593,1.3,Monitoring,"z=1.30 vs seasonal baseline (n=4, med=788)"
5d204545-2f72-b89b-3190-a826b5ab6512,5dda0b14-713b-46d0-a6ce-a7a33a2fb6f9,Mar-26,2026-03-01,949.0,normal,None,seasonal,308-1246,1.29,Monitoring,"z=1.29 vs seasonal baseline (n=3, med=777)"
77c3a6fd-4651-d880-29aa-abd19c8324df,5dda0b14-713b-46d0-a6ce-a7a33a2fb6f9,Jul-25,2025-07-01,947.4,normal,None,seasonal,448-1178,1.29,Monitoring,"z=1.29 vs seasonal baseline (n=4, med=813)"
0a839c14-2a88-9896-c2f2-8d51fe610405,5dda0b14-713b-46d0-a6ce-a7a33a2fb6f9,Jul-26,2026-07-01,1077.3,normal,None,seasonal,167-1501,1.28,Monitoring,"z=1.28 vs seasonal baseline (n=4, med=834)"
dd96a329-ec95-e96a-1348-69d976f39cd4,5dda0b14-713b-46d0-a6ce-a7a33a2fb6f9,Jul-26,2026-07-01,1421.2,normal,None,seasonal,-69-2113,1.28,Monitoring,"z=1.28 vs seasonal baseline (n=4, med=1022)"
323c0dff-be56-f6ee-f053-ee37de806dea,5dda0b14-713b-46d0-a6ce-a7a33a2fb6f9,Feb-24,2024-02-01,887.1,normal,None,seasonal,134-1237,1.28,Monitoring,"z=1.28 vs seasonal baseline (n=3, med=685)"
85292340-826d-52c1-65c7-7f2a9eb2c2c4,5dda0b14-713b-46d0-a6ce-a7a33a2fb6f9,Jul-24,2024-07-01,1350.0,normal,None,seasonal,540-1726,1.28,Monitoring,"z=1.28 vs seasonal baseline (n=4, med=1133)"
0a839c14-2a88-9896-c2f2-8d51fe610405,5dda0b14-713b-46d0-a6ce-a7a33a2fb6f9,Sep-23,2023-09-01,886.1,normal,None,seasonal,116-1248,1.26,Monitoring,"z=1.26 vs seasonal baseline (n=3, med=682)"
bc7f358d-0d6d-f95f-ff80-9089eefdef69,5dda0b14-713b-46d0-a6ce-a7a33a2fb6f9,Apr-24,2024-04-01,1311.7,normal,None,seasonal,166-1849,1.26,Monitoring,"z=1.26 vs seasonal baseline (n=4, med=1008)"
dd96a329-ec95-e96a-1348-69d976f39cd4,5dda0b14-713b-46d0-a6ce-a7a33a2fb6f9,Aug-25,2025-08-01,1309.6,normal,None,seasonal,-117-1985,1.25,Monitoring,"z=1.25 vs seasonal baseline (n=3, med=934)"
0a839c14-2a88-9896-c2f2-8d51fe610405,5dda0b14-713b-46d0-a6ce-a7a33a2fb6f9,Jun-26,2026-06-01,1140.4,normal,None,seasonal,-204-1779,1.24,Monitoring,"z=1.24 vs seasonal baseline (n=4, med=788)"
0a839c14-2a88-9896-c2f2-8d51fe610405,5dda0b14-713b-46d0-a6ce-a7a33a2fb6f9,Aug-23,2023-08-01,791.3,normal,None,seasonal,756-808,1.23,Monitoring,"z=1.23 vs seasonal baseline (n=3, med=782)"
2fc42a4f-fe5a-ae08-0e4e-2c89ca71db85,5dda0b14-713b-46d0-a6ce-a7a33a2fb6f9,May-26,2026-05-01,1030.4,normal,None,seasonal,916-1086,1.22,Monitoring,"z=1.22 vs seasonal baseline (n=4, med=1001)"
fb5cedd6-2992-1c62-7fba-4a7a6b43b2ff,5dda0b14-713b-46d0-a6ce-a7a33a2fb6f9,Jul-26,2026-07-01,1023.6,normal,None,seasonal,590-1233,1.22,Monitoring,"z=1.22 vs seasonal baseline (n=4, med=912)"
0a839c14-2a88-9896-c2f2-8d51fe610405,5dda0b14-713b-46d0-a6ce-a7a33a2fb6f9,Feb-24,2024-02-01,566.4,normal,None,seasonal,440-628,1.21,Monitoring,"z=1.21 vs seasonal baseline (n=3, med=534)"
fb5cedd6-2992-1c62-7fba-4a7a6b43b2ff,5dda0b14-713b-46d0-a6ce-a7a33a2fb6f9,Sep-25,2025-09-01,1110.1,normal,None,seasonal,646-1336,1.21,Monitoring,"z=1.21 vs seasonal baseline (n=3, med=991)"
0a839c14-2a88-9896-c2f2-8d51fe610405,5dda0b14-713b-46d0-a6ce-a7a33a2fb6f9,May-26,2026-05-01,1074.7,normal,None,seasonal,-79-1639,1.2,Monitoring,"z=1.20 vs seasonal baseline (n=4, med=780)"
1b4d1066-8fe4-199b-7b3b-39e4bded9714,5dda0b14-713b-46d0-a6ce-a7a33a2fb6f9,May-26,2026-05-01,1483.8,normal,None,seasonal,836-1802,1.2,Monitoring,"z=1.20 vs seasonal baseline (n=3, med=1319)"
79853a4a-cb02-508c-e041-7e23378aec9c,5dda0b14-713b-46d0-a6ce-a7a33a2fb6f9,Jun-24,2024-06-01,1556.0,normal,None,apartment_fallback,-275-2453,1.2,Monitoring,"z=1.20 vs apartment_fallback baseline (n=25, med=1089)"
03edc7c5-4c46-b55e-523d-9fb7be29910b,5dda0b14-713b-46d0-a6ce-a7a33a2fb6f9,Apr-25,2025-04-01,1432.4,normal,None,seasonal,109-2081,1.2,Monitoring,"z=1.20 vs seasonal baseline (n=4, med=1095)"
1b4d1066-8fe4-199b-7b3b-39e4bded9714,5dda0b14-713b-46d0-a6ce-a7a33a2fb6f9,Jul-26,2026-07-01,1286.4,normal,None,seasonal,765-1543,1.19,Monitoring,"z=1.19 vs seasonal baseline (n=3, med=1154)"
ffbd5fe0-d9b3-cb55-cfd7-2d72a3498109,5dda0b14-713b-46d0-a6ce-a7a33a2fb6f9,Jul-24,2024-07-01,1049.0,normal,None,seasonal,357-1393,1.18,Monitoring,"z=1.18 vs seasonal baseline (n=4, med=875)"
323c0dff-be56-f6ee-f053-ee37de806dea,5dda0b14-713b-46d0-a6ce-a7a33a2fb6f9,Jul-26,2026-07-01,948.5,normal,None,seasonal,581-1132,1.17,Monitoring,"z=1.17 vs seasonal baseline (n=4, med=857)"
574de174-c7bb-bc11-f282-cff2aa2501c5,5dda0b14-713b-46d0-a6ce-a7a33a2fb6f9,Aug-23,2023-08-01,551.1,normal,None,seasonal,291-682,1.16,Monitoring,"z=1.16 vs seasonal baseline (n=3, med=487)"
b0875d50-a469-821b-57c3-03ac62809198,5dda0b14-713b-46d0-a6ce-a7a33a2fb6f9,Jun-24,2024-06-01,884.0,normal,None,seasonal,286-1184,1.16,Monitoring,"z=1.16 vs seasonal baseline (n=4, med=735)"
b0875d50-a469-821b-57c3-03ac62809198,5dda0b14-713b-46d0-a6ce-a7a33a2fb6f9,Jul-26,2026-07-01,700.0,normal,None,seasonal,332-886,1.15,Monitoring,"z=1.15 vs seasonal baseline (n=4, med=609)"
211a2b33-4e94-3da1-7d97-406bc26036f5,5dda0b14-713b-46d0-a6ce-a7a33a2fb6f9,May-26,2026-05-01,650.6,normal,None,apartment_fallback,-345-1157,1.14,Monitoring,"z=1.14 vs apartment_fallback baseline (n=13, med=406)"
990e8a3e-a69c-7b31-f606-3eeb21e3d4c6,5dda0b14-713b-46d0-a6ce-a7a33a2fb6f9,Jul-24,2024-07-01,703.0,normal,None,seasonal,506-804,1.13,Monitoring,"z=1.13 vs seasonal baseline (n=4, med=655)"
c17c5093-48b7-139f-ebfc-1cd33ef5179c,5dda0b14-713b-46d0-a6ce-a7a33a2fb6f9,Nov-24,2024-11-01,549.7,normal,None,seasonal,66-797,1.13,Monitoring,"z=1.13 vs seasonal baseline (n=3, med=432)"
bde00681-ebfc-ef38-4f6e-4906a012de6b,5dda0b14-713b-46d0-a6ce-a7a33a2fb6f9,Nov-25,2025-11-01,859.5,normal,None,seasonal,-156-1380,1.13,Monitoring,"z=1.13 vs seasonal baseline (n=3, med=612)"
211a2b33-4e94-3da1-7d97-406bc26036f5,5dda0b14-713b-46d0-a6ce-a7a33a2fb6f9,Jul-26,2026-07-01,645.3,normal,None,apartment_fallback,-345-1157,1.11,Monitoring,"z=1.11 vs apartment_fallback baseline (n=13, med=406)"
bde00681-ebfc-ef38-4f6e-4906a012de6b,5dda0b14-713b-46d0-a6ce-a7a33a2fb6f9,Apr-25,2025-04-01,1223.2,normal,None,seasonal,69-1821,1.11,Monitoring,"z=1.11 vs seasonal baseline (n=4, med=945)"
211a2b33-4e94-3da1-7d97-406bc26036f5,5dda0b14-713b-46d0-a6ce-a7a33a2fb6f9,Jun-26,2026-06-01,641.9,normal,None,apartment_fallback,-345-1157,1.1,Monitoring,"z=1.10 vs apartment_fallback baseline (n=13, med=406)"
44625074-3f26-4a2d-74ae-56ba4c94a395,5dda0b14-713b-46d0-a6ce-a7a33a2fb6f9,Jun-24,2024-06-01,600.0,normal,None,apartment_fallback,-6-916,1.1,Monitoring,"z=1.10 vs apartment_fallback baseline (n=20, med=455)"
417c9738-a0f7-5a00-1091-37a9fd083dd6,5dda0b14-713b-46d0-a6ce-a7a33a2fb6f9,Apr-25,2025-04-01,1085.8,normal,None,seasonal,-163-1739,1.1,Monitoring,"z=1.10 vs seasonal baseline (n=4, med=788)"
b0875d50-a469-821b-57c3-03ac62809198,5dda0b14-713b-46d0-a6ce-a7a33a2fb6f9,May-26,2026-05-01,1290.3,normal,None,seasonal,-400-2189,1.07,Monitoring,"z=1.07 vs seasonal baseline (n=4, med=894)"
c2ff0c11-4d1b-7b9b-b93c-aa37c9b6c40b,5dda0b14-713b-46d0-a6ce-a7a33a2fb6f9,May-26,2026-05-01,948.8,normal,None,seasonal,-603-1776,1.07,Monitoring,"z=1.07 vs seasonal baseline (n=3, med=586)"
dd96a329-ec95-e96a-1348-69d976f39cd4,5dda0b14-713b-46d0-a6ce-a7a33a2fb6f9,Jan-25,2025-01-01,937.7,normal,None,seasonal,-713-1815,1.07,Monitoring,"z=1.07 vs seasonal baseline (n=3, med=551)"
86ad1ceb-8d81-a926-d998-3a2f1cafba06,5dda0b14-713b-46d0-a6ce-a7a33a2fb6f9,Sep-25,2025-09-01,794.0,normal,None,apartment_fallback,-262-1356,1.07,Monitoring,"z=1.07 vs apartment_fallback baseline (n=25, med=547)"
9d5d0096-0b78-a663-1142-be871dfa2bda,5dda0b14-713b-46d0-a6ce-a7a33a2fb6f9,Jul-25,2025-07-01,1497.8,normal,None,seasonal,12-2294,1.06,Monitoring,"z=1.06 vs seasonal baseline (n=4, med=1153)"
188aee4d-68e0-1ddb-38e6-a946bc75072d,5dda0b14-713b-46d0-a6ce-a7a33a2fb6f9,Jun-26,2026-06-01,608.9,normal,None,apartment_fallback,-422-1163,1.05,Monitoring,"z=1.05 vs apartment_fallback baseline (n=14, med=371)"
417c9738-a0f7-5a00-1091-37a9fd083dd6,5dda0b14-713b-46d0-a6ce-a7a33a2fb6f9,Jul-26,2026-07-01,938.3,normal,None,seasonal,417-1218,1.05,Monitoring,"z=1.05 vs seasonal baseline (n=4, med=818)"
bde00681-ebfc-ef38-4f6e-4906a012de6b,5dda0b14-713b-46d0-a6ce-a7a33a2fb6f9,Jul-26,2026-07-01,1449.5,normal,None,seasonal,-497-2507,1.04,Monitoring,"z=1.04 vs seasonal baseline (n=4, med=1005)"
233cca0e-efcf-e631-d2fc-9997a6ba5706,5dda0b14-713b-46d0-a6ce-a7a33a2fb6f9,Jul-26,2026-07-01,1026.2,normal,None,seasonal,169-1490,1.04,Monitoring,"z=1.04 vs seasonal baseline (n=4, med=830)"
85292340-826d-52c1-65c7-7f2a9eb2c2c4,5dda0b14-713b-46d0-a6ce-a7a33a2fb6f9,May-24,2024-05-01,1617.0,normal,None,seasonal,-236-2618,1.04,Monitoring,"z=1.04 vs seasonal baseline (n=4, med=1191)"
a361bd0d-c2c1-2aee-6303-d65de004edd0,5dda0b14-713b-46d0-a6ce-a7a33a2fb6f9,Apr-25,2025-04-01,769.2,normal,None,seasonal,258-1046,1.04,Monitoring,"z=1.04 vs seasonal baseline (n=4, med=652)"
77c3a6fd-4651-d880-29aa-abd19c8324df,5dda0b14-713b-46d0-a6ce-a7a33a2fb6f9,Jun-25,2025-06-01,840.1,normal,None,seasonal,707-912,1.04,Monitoring,"z=1.04 vs seasonal baseline (n=4, med=809)"
fb5cedd6-2992-1c62-7fba-4a7a6b43b2ff,5dda0b14-713b-46d0-a6ce-a7a33a2fb6f9,Apr-26,2026-04-01,1251.7,normal,None,seasonal,122-1867,1.03,Monitoring,"z=1.03 vs seasonal baseline (n=4, med=995)"
dc4adc21-f501-0573-2e9a-d7bbbc89e5d6,5dda0b14-713b-46d0-a6ce-a7a33a2fb6f9,Jun-25,2025-06-01,1077.3,normal,None,seasonal,146-1585,1.03,Monitoring,"z=1.03 vs seasonal baseline (n=4, med=865)"
79853a4a-cb02-508c-e041-7e23378aec9c,5dda0b14-713b-46d0-a6ce-a7a33a2fb6f9,Jun-25,2025-06-01,1484.8,normal,None,apartment_fallback,-275-2453,1.02,Monitoring,"z=1.02 vs apartment_fallback baseline (n=25, med=1089)"
44625074-3f26-4a2d-74ae-56ba4c94a395,5dda0b14-713b-46d0-a6ce-a7a33a2fb6f9,Mar-24,2024-03-01,588.69,normal,None,apartment_fallback,-6-916,1.01,Monitoring,"z=1.01 vs apartment_fallback baseline (n=20, med=455)"
dc4adc21-f501-0573-2e9a-d7bbbc89e5d6,5dda0b14-713b-46d0-a6ce-a7a33a2fb6f9,May-26,2026-05-01,1074.1,normal,None,seasonal,547-1368,1.0,Monitoring,"z=1.00 vs seasonal baseline (n=4, med=957)"
d2298bb8-a5e5-735a-c8ca-9b18c7daacd6,5dda0b14-713b-46d0-a6ce-a7a33a2fb6f9,Aug-23,2023-08-01,856.0,normal,None,seasonal,702-943,0.98,Monitoring,"z=0.98 vs seasonal baseline (n=3, med=822)"
aa73cade-c28c-dc5b-5980-55801ea0d415,5dda0b14-713b-46d0-a6ce-a7a33a2fb6f9,May-24,2024-05-01,1202.0,normal,None,seasonal,-7-1884,0.98,Monitoring,"z=0.98 vs seasonal baseline (n=4, med=938)"
188aee4d-68e0-1ddb-38e6-a946bc75072d,5dda0b14-713b-46d0-a6ce-a7a33a2fb6f9,Jul-26,2026-07-01,590.9,normal,None,apartment_fallback,-422-1163,0.97,Monitoring,"z=0.97 vs apartment_fallback baseline (n=14, med=371)"
dc4adc21-f501-0573-2e9a-d7bbbc89e5d6,5dda0b14-713b-46d0-a6ce-a7a33a2fb6f9,Apr-25,2025-04-01,864.3,normal,None,seasonal,406-1124,0.97,Monitoring,"z=0.97 vs seasonal baseline (n=4, med=765)"
82b270bf-e567-2deb-5ef3-495baafd7645,5dda0b14-713b-46d0-a6ce-a7a33a2fb6f9,Nov-24,2024-11-01,352.2,normal,None,seasonal,-53-584,0.96,Monitoring,"z=0.96 vs seasonal baseline (n=3, med=265)"
9d5d0096-0b78-a663-1142-be871dfa2bda,5dda0b14-713b-46d0-a6ce-a7a33a2fb6f9,May-25,2025-05-01,1490.0,normal,None,seasonal,-437-2591,0.95,Monitoring,"z=0.95 vs seasonal baseline (n=4, med=1077)"
d2298bb8-a5e5-735a-c8ca-9b18c7daacd6,5dda0b14-713b-46d0-a6ce-a7a33a2fb6f9,May-23,2023-05-01,956.0,normal,None,seasonal,589-1166,0.95,Monitoring,"z=0.95 vs seasonal baseline (n=4, med=878)"
77c3a6fd-4651-d880-29aa-abd19c8324df,5dda0b14-713b-46d0-a6ce-a7a33a2fb6f9,May-25,2025-05-01,954.1,normal,None,seasonal,351-1303,0.94,Monitoring,"z=0.94 vs seasonal baseline (n=4, med=827)"
fb5cedd6-2992-1c62-7fba-4a7a6b43b2ff,5dda0b14-713b-46d0-a6ce-a7a33a2fb6f9,Jun-24,2024-06-01,1100.0,normal,None,seasonal,664-1351,0.94,Monitoring,"z=0.94 vs seasonal baseline (n=4, med=1008)"
9d5d0096-0b78-a663-1142-be871dfa2bda,5dda0b14-713b-46d0-a6ce-a7a33a2fb6f9,Aug-24,2024-08-01,1039.0,normal,None,seasonal,935-1099,0.93,Monitoring,"z=0.93 vs seasonal baseline (n=3, med=1017)"
c2ff0c11-4d1b-7b9b-b93c-aa37c9b6c40b,5dda0b14-713b-46d0-a6ce-a7a33a2fb6f9,Aug-25,2025-08-01,799.1,normal,None,apartment_fallback,-399-1495,0.93,Monitoring,"z=0.93 vs apartment_fallback baseline (n=35, med=548)"
a361bd0d-c2c1-2aee-6303-d65de004edd0,5dda0b14-713b-46d0-a6ce-a7a33a2fb6f9,Jun-25,2025-06-01,1219.7,normal,None,seasonal,267-1776,0.92,Monitoring,"z=0.92 vs seasonal baseline (n=4, med=1021)"
b0d4d2c8-f6ee-bc16-ffd7-fc33c8db8571,5dda0b14-713b-46d0-a6ce-a7a33a2fb6f9,Apr-23,2023-04-01,1059.0,normal,None,seasonal,190-1569,0.91,Monitoring,"z=0.91 vs seasonal baseline (n=4, med=879)"
233cca0e-efcf-e631-d2fc-9997a6ba5706,5dda0b14-713b-46d0-a6ce-a7a33a2fb6f9,May-26,2026-05-01,1037.4,normal,None,seasonal,695-1240,0.9,Monitoring,"z=0.90 vs seasonal baseline (n=4, med=968)"
ffbd5fe0-d9b3-cb55-cfd7-2d72a3498109,5dda0b14-713b-46d0-a6ce-a7a33a2fb6f9,Apr-25,2025-04-01,959.8,normal,None,seasonal,460-1255,0.9,Monitoring,"z=0.90 vs seasonal baseline (n=4, med=857)"
9d5d0096-0b78-a663-1142-be871dfa2bda,5dda0b14-713b-46d0-a6ce-a7a33a2fb6f9,Apr-25,2025-04-01,1527.7,normal,None,seasonal,-857-2946,0.89,Monitoring,"z=0.89 vs seasonal baseline (n=4, med=1044)"
233cca0e-efcf-e631-d2fc-9997a6ba5706,5dda0b14-713b-46d0-a6ce-a7a33a2fb6f9,Jun-26,2026-06-01,1006.5,normal,None,seasonal,-493-1902,0.88,Monitoring,"z=0.88 vs seasonal baseline (n=4, med=705)"
aa73cade-c28c-dc5b-5980-55801ea0d415,5dda0b14-713b-46d0-a6ce-a7a33a2fb6f9,Apr-24,2024-04-01,1084.6,normal,None,seasonal,-450-2001,0.88,Monitoring,"z=0.88 vs seasonal baseline (n=4, med=776)"
bde00681-ebfc-ef38-4f6e-4906a012de6b,5dda0b14-713b-46d0-a6ce-a7a33a2fb6f9,Mar-25,2025-03-01,936.2,normal,None,seasonal,421-1244,0.88,Monitoring,"z=0.88 vs seasonal baseline (n=3, med=832)"
d2298bb8-a5e5-735a-c8ca-9b18c7daacd6,5dda0b14-713b-46d0-a6ce-a7a33a2fb6f9,Jun-26,2026-06-01,1090.0,normal,None,seasonal,-196-1865,0.87,Monitoring,"z=0.87 vs seasonal baseline (n=4, med=835)"
dc4adc21-f501-0573-2e9a-d7bbbc89e5d6,5dda0b14-713b-46d0-a6ce-a7a33a2fb6f9,Jul-26,2026-07-01,1032.5,normal,None,seasonal,-5-1658,0.87,Monitoring,"z=0.87 vs seasonal baseline (n=4, med=827)"
fb5cedd6-2992-1c62-7fba-4a7a6b43b2ff,5dda0b14-713b-46d0-a6ce-a7a33a2fb6f9,May-24,2024-05-01,1334.0,normal,None,seasonal,597-1779,0.87,Monitoring,"z=0.87 vs seasonal baseline (n=4, med=1188)"
ffbd5fe0-d9b3-cb55-cfd7-2d72a3498109,5dda0b14-713b-46d0-a6ce-a7a33a2fb6f9,Jan-24,2024-01-01,614.1,normal,None,seasonal,-73-1031,0.86,Monitoring,"z=0.86 vs seasonal baseline (n=3, med=479)"
b0d4d2c8-f6ee-bc16-ffd7-fc33c8db8571,5dda0b14-713b-46d0-a6ce-a7a33a2fb6f9,Jun-26,2026-06-01,1088.7,normal,None,seasonal,-472-2038,0.85,Monitoring,"z=0.85 vs seasonal baseline (n=4, med=783)"
0a839c14-2a88-9896-c2f2-8d51fe610405,5dda0b14-713b-46d0-a6ce-a7a33a2fb6f9,Apr-24,2024-04-01,861.5,normal,None,seasonal,370-1161,0.85,Monitoring,"z=0.85 vs seasonal baseline (n=4, med=765)"
44625074-3f26-4a2d-74ae-56ba4c94a395,5dda0b14-713b-46d0-a6ce-a7a33a2fb6f9,Apr-23,2023-04-01,568.0,normal,None,apartment_fallback,-6-916,0.85,Monitoring,"z=0.85 vs apartment_fallback baseline (n=20, med=455)"
b0d4d2c8-f6ee-bc16-ffd7-fc33c8db8571,5dda0b14-713b-46d0-a6ce-a7a33a2fb6f9,Feb-26,2026-02-01,793.2,normal,None,seasonal,80-1228,0.85,Monitoring,"z=0.85 vs seasonal baseline (n=3, med=654)"
990e8a3e-a69c-7b31-f606-3eeb21e3d4c6,5dda0b14-713b-46d0-a6ce-a7a33a2fb6f9,Apr-23,2023-04-01,554.0,normal,None,seasonal,265-731,0.84,Monitoring,"z=0.84 vs seasonal baseline (n=4, med=498)"
bc7f358d-0d6d-f95f-ff80-9089eefdef69,5dda0b14-713b-46d0-a6ce-a7a33a2fb6f9,Feb-24,2024-02-01,840.3,normal,None,seasonal,402-1111,0.83,Monitoring,"z=0.83 vs seasonal baseline (n=3, med=756)"
82b270bf-e567-2deb-5ef3-495baafd7645,5dda0b14-713b-46d0-a6ce-a7a33a2fb6f9,Jun-25,2025-06-01,620.6,normal,None,seasonal,527-678,0.83,Monitoring,"z=0.83 vs seasonal baseline (n=4, med=603)"
188aee4d-68e0-1ddb-38e6-a946bc75072d,5dda0b14-713b-46d0-a6ce-a7a33a2fb6f9,Apr-26,2026-04-01,555.7,normal,None,apartment_fallback,-422-1163,0.82,Monitoring,"z=0.82 vs apartment_fallback baseline (n=14, med=371)"
b0d4d2c8-f6ee-bc16-ffd7-fc33c8db8571,5dda0b14-713b-46d0-a6ce-a7a33a2fb6f9,May-26,2026-05-01,958.1,normal,None,seasonal,426-1288,0.82,Monitoring,"z=0.82 vs seasonal baseline (n=4, med=857)"
49ed1c8e-3653-c89b-ec74-16d8e20bb923,5dda0b14-713b-46d0-a6ce-a7a33a2fb6f9,Jun-25,2025-06-01,870.7,normal,None,seasonal,583-1049,0.82,Monitoring,"z=0.82 vs seasonal baseline (n=4, med=816)"
ffbd5fe0-d9b3-cb55-cfd7-2d72a3498109,5dda0b14-713b-46d0-a6ce-a7a33a2fb6f9,Jun-25,2025-06-01,765.4,normal,None,seasonal,607-864,0.82,Monitoring,"z=0.82 vs seasonal baseline (n=4, med=735)"
10c6863d-07c3-4fc4-94f9-6adc29157ce1,5dda0b14-713b-46d0-a6ce-a7a33a2fb6f9,May-24,2024-05-01,903.0,normal,None,seasonal,276-1294,0.81,Monitoring,"z=0.81 vs seasonal baseline (n=4, med=785)"
1183b300-b9ae-5e28-acb2-304cb2fd36db,5dda0b14-713b-46d0-a6ce-a7a33a2fb6f9,Nov-25,2025-11-01,576.9,normal,None,apartment_fallback,-900-1497,0.81,Monitoring,"z=0.81 vs apartment_fallback baseline (n=7, med=299)"
82b270bf-e567-2deb-5ef3-495baafd7645,5dda0b14-713b-46d0-a6ce-a7a33a2fb6f9,Jul-25,2025-07-01,667.1,normal,None,seasonal,157-987,0.8,Monitoring,"z=0.80 vs seasonal baseline (n=4, med=572)"
1b4d1066-8fe4-199b-7b3b-39e4bded9714,5dda0b14-713b-46d0-a6ce-a7a33a2fb6f9,Apr-25,2025-04-01,1240.9,normal,None,seasonal,-644-2433,0.79,Monitoring,"z=0.79 vs seasonal baseline (n=4, med=895)"
03edc7c5-4c46-b55e-523d-9fb7be29910b,5dda0b14-713b-46d0-a6ce-a7a33a2fb6f9,May-23,2023-05-01,1362.0,normal,None,seasonal,918-1644,0.78,Monitoring,"z=0.78 vs seasonal baseline (n=4, med=1281)"
a361bd0d-c2c1-2aee-6303-d65de004edd0,5dda0b14-713b-46d0-a6ce-a7a33a2fb6f9,May-25,2025-05-01,1129.7,normal,None,seasonal,341-1631,0.78,Monitoring,"z=0.78 vs seasonal baseline (n=4, med=986)"
86ad1ceb-8d81-a926-d998-3a2f1cafba06,5dda0b14-713b-46d0-a6ce-a7a33a2fb6f9,Aug-25,2025-08-01,726.9,normal,None,apartment_fallback,-262-1356,0.78,Monitoring,"z=0.78 vs apartment_fallback baseline (n=25, med=547)"
323c0dff-be56-f6ee-f053-ee37de806dea,5dda0b14-713b-46d0-a6ce-a7a33a2fb6f9,May-26,2026-05-01,1015.5,normal,None,seasonal,129-1583,0.77,Monitoring,"z=0.77 vs seasonal baseline (n=4, med=856)"
bde00681-ebfc-ef38-4f6e-4906a012de6b,5dda0b14-713b-46d0-a6ce-a7a33a2fb6f9,May-26,2026-05-01,1295.2,normal,None,seasonal,912-1541,0.77,Monitoring,"z=0.77 vs seasonal baseline (n=4, med=1226)"
82b270bf-e567-2deb-5ef3-495baafd7645,5dda0b14-713b-46d0-a6ce-a7a33a2fb6f9,Aug-24,2024-08-01,552.0,normal,None,seasonal,293-718,0.76,Monitoring,"z=0.76 vs seasonal baseline (n=3, med=506)"
10c6863d-07c3-4fc4-94f9-6adc29157ce1,5dda0b14-713b-46d0-a6ce-a7a33a2fb6f9,Jun-26,2026-06-01,803.0,normal,None,seasonal,639-909,0.75,Monitoring,"z=0.75 vs seasonal baseline (n=4, med=774)"
10c6863d-07c3-4fc4-94f9-6adc29157ce1,5dda0b14-713b-46d0-a6ce-a7a33a2fb6f9,Apr-24,2024-04-01,765.7,normal,None,seasonal,449-970,0.75,Monitoring,"z=0.75 vs seasonal baseline (n=4, med=710)"
10c6863d-07c3-4fc4-94f9-6adc29157ce1,5dda0b14-713b-46d0-a6ce-a7a33a2fb6f9,Jul-24,2024-07-01,835.0,normal,None,seasonal,512-1044,0.75,Monitoring,"z=0.75 vs seasonal baseline (n=4, med=778)"
bc7f358d-0d6d-f95f-ff80-9089eefdef69,5dda0b14-713b-46d0-a6ce-a7a33a2fb6f9,May-23,2023-05-01,1255.0,normal,None,seasonal,822-1536,0.74,Monitoring,"z=0.74 vs seasonal baseline (n=4, med=1179)"
49ed1c8e-3653-c89b-ec74-16d8e20bb923,5dda0b14-713b-46d0-a6ce-a7a33a2fb6f9,Sep-24,2024-09-01,744.4,normal,None,seasonal,307-1028,0.74,Monitoring,"z=0.74 vs seasonal baseline (n=3, med=668)"
b0875d50-a469-821b-57c3-03ac62809198,5dda0b14-713b-46d0-a6ce-a7a33a2fb6f9,Apr-26,2026-04-01,963.3,normal,None,seasonal,284-1408,0.73,Monitoring,"z=0.73 vs seasonal baseline (n=4, med=846)"
bde00681-ebfc-ef38-4f6e-4906a012de6b,5dda0b14-713b-46d0-a6ce-a7a33a2fb6f9,Jun-26,2026-06-01,1361.0,normal,None,seasonal,28-2234,0.73,Monitoring,"z=0.73 vs seasonal baseline (n=4, med=1131)"
79853a4a-cb02-508c-e041-7e23378aec9c,5dda0b14-713b-46d0-a6ce-a7a33a2fb6f9,May-25,2025-05-01,1370.4,normal,None,apartment_fallback,-275-2453,0.72,Monitoring,"z=0.72 vs apartment_fallback baseline (n=25, med=1089)"
b0d4d2c8-f6ee-bc16-ffd7-fc33c8db8571,5dda0b14-713b-46d0-a6ce-a7a33a2fb6f9,Jul-24,2024-07-01,960.0,normal,None,seasonal,751-1097,0.72,Monitoring,"z=0.72 vs seasonal baseline (n=4, med=924)"
dc4adc21-f501-0573-2e9a-d7bbbc89e5d6,5dda0b14-713b-46d0-a6ce-a7a33a2fb6f9,Jan-25,2025-01-01,547.0,normal,None,seasonal,139-817,0.71,Monitoring,"z=0.71 vs seasonal baseline (n=3, med=478)"
49ed1c8e-3653-c89b-ec74-16d8e20bb923,5dda0b14-713b-46d0-a6ce-a7a33a2fb6f9,Apr-25,2025-04-01,948.9,normal,None,seasonal,-210-1720,0.7,Monitoring,"z=0.70 vs seasonal baseline (n=4, med=755)"
79853a4a-cb02-508c-e041-7e23378aec9c,5dda0b14-713b-46d0-a6ce-a7a33a2fb6f9,Apr-26,2026-04-01,1358.0,normal,None,apartment_fallback,-275-2453,0.69,Monitoring,"z=0.69 vs apartment_fallback baseline (n=25, med=1089)"
49ed1c8e-3653-c89b-ec74-16d8e20bb923,5dda0b14-713b-46d0-a6ce-a7a33a2fb6f9,May-26,2026-05-01,935.9,normal,None,seasonal,566-1183,0.69,Monitoring,"z=0.69 vs seasonal baseline (n=4, med=875)"
aa73cade-c28c-dc5b-5980-55801ea0d415,5dda0b14-713b-46d0-a6ce-a7a33a2fb6f9,Jul-24,2024-07-01,970.0,normal,None,seasonal,436-1329,0.69,Monitoring,"z=0.69 vs seasonal baseline (n=4, med=882)"
8767525e-d22f-a295-bc29-ba104fdc589a,5dda0b14-713b-46d0-a6ce-a7a33a2fb6f9,Aug-25,2025-08-01,336.8,normal,None,apartment_fallback,-137-655,0.69,Monitoring,"z=0.69 vs apartment_fallback baseline (n=22, med=259)"
44625074-3f26-4a2d-74ae-56ba4c94a395,5dda0b14-713b-46d0-a6ce-a7a33a2fb6f9,Apr-24,2024-04-01,544.5,normal,None,apartment_fallback,-6-916,0.68,Monitoring,"z=0.68 vs apartment_fallback baseline (n=20, med=455)"
a361bd0d-c2c1-2aee-6303-d65de004edd0,5dda0b14-713b-46d0-a6ce-a7a33a2fb6f9,Oct-25,2025-10-01,902.1,normal,None,seasonal,-27-1529,0.68,Monitoring,"z=0.68 vs seasonal baseline (n=3, med=751)"
86ad1ceb-8d81-a926-d998-3a2f1cafba06,5dda0b14-713b-46d0-a6ce-a7a33a2fb6f9,Apr-26,2026-04-01,703.1,normal,None,apartment_fallback,-262-1356,0.67,Monitoring,"z=0.67 vs apartment_fallback baseline (n=25, med=547)"
233cca0e-efcf-e631-d2fc-9997a6ba5706,5dda0b14-713b-46d0-a6ce-a7a33a2fb6f9,Mar-26,2026-03-01,831.2,normal,None,seasonal,763-877,0.67,Monitoring,"z=0.67 vs seasonal baseline (n=3, med=820)"
49ed1c8e-3653-c89b-ec74-16d8e20bb923,5dda0b14-713b-46d0-a6ce-a7a33a2fb6f9,Mar-26,2026-03-01,858.5,normal,None,seasonal,629-1014,0.67,Monitoring,"z=0.67 vs seasonal baseline (n=3, med=821)"
2fc42a4f-fe5a-ae08-0e4e-2c89ca71db85,5dda0b14-713b-46d0-a6ce-a7a33a2fb6f9,Mar-26,2026-03-01,1102.2,normal,None,seasonal,486-1519,0.67,Monitoring,"z=0.67 vs seasonal baseline (n=3, med=1003)"
a361bd0d-c2c1-2aee-6303-d65de004edd0,5dda0b14-713b-46d0-a6ce-a7a33a2fb6f9,Mar-26,2026-03-01,696.9,normal,None,seasonal,457-859,0.67,Monitoring,"z=0.67 vs seasonal baseline (n=3, med=658)"
86ad1ceb-8d81-a926-d998-3a2f1cafba06,5dda0b14-713b-46d0-a6ce-a7a33a2fb6f9,Jul-26,2026-07-01,1133.9,normal,None,seasonal,287-1707,0.67,Monitoring,"z=0.67 vs seasonal baseline (n=3, med=997)"
c17c5093-48b7-139f-ebfc-1cd33ef5179c,5dda0b14-713b-46d0-a6ce-a7a33a2fb6f9,Jul-26,2026-07-01,783.9,normal,None,seasonal,484-987,0.67,Monitoring,"z=0.67 vs seasonal baseline (n=3, med=735)"
c2ff0c11-4d1b-7b9b-b93c-aa37c9b6c40b,5dda0b14-713b-46d0-a6ce-a7a33a2fb6f9,Jul-26,2026-07-01,1048.0,normal,None,seasonal,-336-1985,0.67,Monitoring,"z=0.67 vs seasonal baseline (n=3, med=824)"
1b4d1066-8fe4-199b-7b3b-39e4bded9714,5dda0b14-713b-46d0-a6ce-a7a33a2fb6f9,Jun-26,2026-06-01,1450.7,normal,None,seasonal,849-1858,0.67,Monitoring,"z=0.67 vs seasonal baseline (n=3, med=1354)"
77c3a6fd-4651-d880-29aa-abd19c8324df,5dda0b14-713b-46d0-a6ce-a7a33a2fb6f9,Aug-23,2023-08-01,875.9,normal,None,seasonal,375-1215,0.67,Monitoring,"z=0.67 vs seasonal baseline (n=3, med=795)"
10c6863d-07c3-4fc4-94f9-6adc29157ce1,5dda0b14-713b-46d0-a6ce-a7a33a2fb6f9,Aug-23,2023-08-01,1018.9,normal,None,seasonal,79-1655,0.67,Monitoring,"z=0.67 vs seasonal baseline (n=3, med=867)"
574de174-c7bb-bc11-f282-cff2aa2501c5,5dda0b14-713b-46d0-a6ce-a7a33a2fb6f9,Sep-23,2023-09-01,499.5,normal,None,seasonal,316-623,0.67,Monitoring,"z=0.67 vs seasonal baseline (n=3, med=470)"
323c0dff-be56-f6ee-f053-ee37de806dea,5dda0b14-713b-46d0-a6ce-a7a33a2fb6f9,Sep-23,2023-09-01,918.5,normal,None,seasonal,210-1398,0.67,Monitoring,"z=0.67 vs seasonal baseline (n=3, med=804)"
aa73cade-c28c-dc5b-5980-55801ea0d415,5dda0b14-713b-46d0-a6ce-a7a33a2fb6f9,Sep-23,2023-09-01,979.0,normal,None,seasonal,635-1212,0.67,Monitoring,"z=0.67 vs seasonal baseline (n=3, med=923)"
77c3a6fd-4651-d880-29aa-abd19c8324df,5dda0b14-713b-46d0-a6ce-a7a33a2fb6f9,Sep-23,2023-09-01,802.7,normal,None,seasonal,377-1091,0.67,Monitoring,"z=0.67 vs seasonal baseline (n=3, med=734)"
233cca0e-efcf-e631-d2fc-9997a6ba5706,5dda0b14-713b-46d0-a6ce-a7a33a2fb6f9,Sep-23,2023-09-01,934.8,normal,None,seasonal,899-959,0.67,Monitoring,"z=0.67 vs seasonal baseline (n=3, med=929)"
417c9738-a0f7-5a00-1091-37a9fd083dd6,5dda0b14-713b-46d0-a6ce-a7a33a2fb6f9,Oct-23,2023-10-01,855.8,normal,None,seasonal,297-1234,0.67,Monitoring,"z=0.67 vs seasonal baseline (n=3, med=766)"
323c0dff-be56-f6ee-f053-ee37de806dea,5dda0b14-713b-46d0-a6ce-a7a33a2fb6f9,Oct-23,2023-10-01,979.6,normal,None,seasonal,-331-1866,0.67,Monitoring,"z=0.67 vs seasonal baseline (n=3, med=768)"
aa73cade-c28c-dc5b-5980-55801ea0d415,5dda0b14-713b-46d0-a6ce-a7a33a2fb6f9,Oct-23,2023-10-01,1126.0,normal,None,seasonal,-207-2028,0.67,Monitoring,"z=0.67 vs seasonal baseline (n=3, med=911)"
bde00681-ebfc-ef38-4f6e-4906a012de6b,5dda0b14-713b-46d0-a6ce-a7a33a2fb6f9,Oct-23,2023-10-01,778.6,normal,None,seasonal,703-830,0.67,Monitoring,"z=0.67 vs seasonal baseline (n=3, med=766)"
b0875d50-a469-821b-57c3-03ac62809198,5dda0b14-713b-46d0-a6ce-a7a33a2fb6f9,Oct-23,2023-10-01,631.6,normal,None,seasonal,370-809,0.67,Monitoring,"z=0.67 vs seasonal baseline (n=3, med=589)"
10c6863d-07c3-4fc4-94f9-6adc29157ce1,5dda0b14-713b-46d0-a6ce-a7a33a2fb6f9,Oct-23,2023-10-01,743.2,normal,None,seasonal,-86-1304,0.67,Monitoring,"z=0.67 vs seasonal baseline (n=3, med=609)"
c2ff0c11-4d1b-7b9b-b93c-aa37c9b6c40b,5dda0b14-713b-46d0-a6ce-a7a33a2fb6f9,Oct-23,2023-10-01,715.7,normal,None,seasonal,642-766,0.67,Monitoring,"z=0.67 vs seasonal baseline (n=3, med=704)"
574de174-c7bb-bc11-f282-cff2aa2501c5,5dda0b14-713b-46d0-a6ce-a7a33a2fb6f9,Nov-23,2023-11-01,487.1,normal,None,seasonal,145-718,0.67,Monitoring,"z=0.67 vs seasonal baseline (n=3, med=432)"
323c0dff-be56-f6ee-f053-ee37de806dea,5dda0b14-713b-46d0-a6ce-a7a33a2fb6f9,Nov-23,2023-11-01,772.5,normal,None,seasonal,694-826,0.67,Monitoring,"z=0.67 vs seasonal baseline (n=3, med=760)"
aa73cade-c28c-dc5b-5980-55801ea0d415,5dda0b14-713b-46d0-a6ce-a7a33a2fb6f9,Nov-23,2023-11-01,849.2,normal,None,seasonal,153-1320,0.67,Monitoring,"z=0.67 vs seasonal baseline (n=3, med=737)"
9d5d0096-0b78-a663-1142-be871dfa2bda,5dda0b14-713b-46d0-a6ce-a7a33a2fb6f9,Nov-23,2023-11-01,945.5,normal,None,seasonal,787-1053,0.67,Monitoring,"z=0.67 vs seasonal baseline (n=3, med=920)"
0a839c14-2a88-9896-c2f2-8d51fe610405,5dda0b14-713b-46d0-a6ce-a7a33a2fb6f9,Jan-24,2024-01-01,334.5,normal,None,seasonal,297-360,0.67,Monitoring,"z=0.67 vs seasonal baseline (n=3, med=328)"
417c9738-a0f7-5a00-1091-37a9fd083dd6,5dda0b14-713b-46d0-a6ce-a7a33a2fb6f9,Jan-24,2024-01-01,665.1,normal,None,seasonal,-265-1295,0.67,Monitoring,"z=0.67 vs seasonal baseline (n=3, med=515)"
85292340-826d-52c1-65c7-7f2a9eb2c2c4,5dda0b14-713b-46d0-a6ce-a7a33a2fb6f9,Feb-24,2024-02-01,869.5,normal,None,seasonal,-485-1786,0.67,Monitoring,"z=0.67 vs seasonal baseline (n=3, med=651)"
77c3a6fd-4651-d880-29aa-abd19c8324df,5dda0b14-713b-46d0-a6ce-a7a33a2fb6f9,Feb-24,2024-02-01,564.8,normal,None,seasonal,289-752,0.67,Monitoring,"z=0.67 vs seasonal baseline (n=3, med=520)"
fb5cedd6-2992-1c62-7fba-4a7a6b43b2ff,5dda0b14-713b-46d0-a6ce-a7a33a2fb6f9,Feb-24,2024-02-01,764.2,normal,None,seasonal,415-1001,0.67,Monitoring,"z=0.67 vs seasonal baseline (n=3, med=708)"
d2298bb8-a5e5-735a-c8ca-9b18c7daacd6,5dda0b14-713b-46d0-a6ce-a7a33a2fb6f9,Feb-24,2024-02-01,675.4,normal,None,seasonal,-464-1447,0.67,Monitoring,"z=0.67 vs seasonal baseline (n=3, med=491)"
0a839c14-2a88-9896-c2f2-8d51fe610405,5dda0b14-713b-46d0-a6ce-a7a33a2fb6f9,Mar-24,2024-03-01,799.4,normal,None,seasonal,555-965,0.67,Monitoring,"z=0.67 vs seasonal baseline (n=3, med=760)"
417c9738-a0f7-5a00-1091-37a9fd083dd6,5dda0b14-713b-46d0-a6ce-a7a33a2fb6f9,Mar-24,2024-03-01,871.6,normal,None,seasonal,776-936,0.67,Monitoring,"z=0.67 vs seasonal baseline (n=3, med=856)"
82b270bf-e567-2deb-5ef3-495baafd7645,5dda0b14-713b-46d0-a6ce-a7a33a2fb6f9,Mar-24,2024-03-01,384.5,normal,None,seasonal,245-479,0.67,Monitoring,"z=0.67 vs seasonal baseline (n=3, med=362)"
85292340-826d-52c1-65c7-7f2a9eb2c2c4,5dda0b14-713b-46d0-a6ce-a7a33a2fb6f9,Mar-24,2024-03-01,1097.6,normal,None,seasonal,761-1325,0.67,Monitoring,"z=0.67 vs seasonal baseline (n=3, med=1043)"
ffbd5fe0-d9b3-cb55-cfd7-2d72a3498109,5dda0b14-713b-46d0-a6ce-a7a33a2fb6f9,Mar-24,2024-03-01,1073.6,normal,None,seasonal,735-1303,0.67,Monitoring,"z=0.67 vs seasonal baseline (n=3, med=1019)"
bc7f358d-0d6d-f95f-ff80-9089eefdef69,5dda0b14-713b-46d0-a6ce-a7a33a2fb6f9,Mar-24,2024-03-01,1130.4,normal,None,seasonal,63-1853,0.67,Monitoring,"z=0.67 vs seasonal baseline (n=3, med=958)"
b0875d50-a469-821b-57c3-03ac62809198,5dda0b14-713b-46d0-a6ce-a7a33a2fb6f9,Mar-24,2024-03-01,693.5,normal,None,seasonal,454-856,0.67,Monitoring,"z=0.67 vs seasonal baseline (n=3, med=655)"
77c3a6fd-4651-d880-29aa-abd19c8324df,5dda0b14-713b-46d0-a6ce-a7a33a2fb6f9,Mar-24,2024-03-01,719.7,normal,None,seasonal,636-777,0.67,Monitoring,"z=0.67 vs seasonal baseline (n=3, med=706)"
d2298bb8-a5e5-735a-c8ca-9b18c7daacd6,5dda0b14-713b-46d0-a6ce-a7a33a2fb6f9,Mar-24,2024-03-01,694.1,normal,None,seasonal,404-891,0.67,Monitoring,"z=0.67 vs seasonal baseline (n=3, med=647)"
574de174-c7bb-bc11-f282-cff2aa2501c5,5dda0b14-713b-46d0-a6ce-a7a33a2fb6f9,Apr-24,2024-04-01,460.0,normal,None,seasonal,299-569,0.67,Monitoring,"z=0.67 vs seasonal baseline (n=3, med=434)"
574de174-c7bb-bc11-f282-cff2aa2501c5,5dda0b14-713b-46d0-a6ce-a7a33a2fb6f9,May-24,2024-05-01,561.0,normal,None,seasonal,323-722,0.67,Monitoring,"z=0.67 vs seasonal baseline (n=3, med=523)"
c17c5093-48b7-139f-ebfc-1cd33ef5179c,5dda0b14-713b-46d0-a6ce-a7a33a2fb6f9,May-24,2024-05-01,810.0,normal,None,seasonal,-175-1477,0.67,Monitoring,"z=0.67 vs seasonal baseline (n=3, med=651)"
79853a4a-cb02-508c-e041-7e23378aec9c,5dda0b14-713b-46d0-a6ce-a7a33a2fb6f9,Jul-24,2024-07-01,1523.0,normal,None,seasonal,1180-1755,0.67,Monitoring,"z=0.67 vs seasonal baseline (n=3, med=1468)"
79853a4a-cb02-508c-e041-7e23378aec9c,5dda0b14-713b-46d0-a6ce-a7a33a2fb6f9,Aug-24,2024-08-01,1352.0,normal,None,apartment_fallback,-275-2453,0.67,Monitoring,"z=0.67 vs apartment_fallback baseline (n=25, med=1089)"
03edc7c5-4c46-b55e-523d-9fb7be29910b,5dda0b14-713b-46d0-a6ce-a7a33a2fb6f9,Aug-24,2024-08-01,1049.0,normal,None,seasonal,604-1350,0.67,Monitoring,"z=0.67 vs seasonal baseline (n=3, med=977)"
2fc42a4f-fe5a-ae08-0e4e-2c89ca71db85,5dda0b14-713b-46d0-a6ce-a7a33a2fb6f9,Aug-24,2024-08-01,882.0,normal,None,seasonal,-54-1516,0.67,Monitoring,"z=0.67 vs seasonal baseline (n=3, med=731)"
5d204545-2f72-b89b-3190-a826b5ab6512,5dda0b14-713b-46d0-a6ce-a7a33a2fb6f9,Aug-24,2024-08-01,981.0,normal,None,seasonal,186-1519,0.67,Monitoring,"z=0.67 vs seasonal baseline (n=3, med=852)"
a361bd0d-c2c1-2aee-6303-d65de004edd0,5dda0b14-713b-46d0-a6ce-a7a33a2fb6f9,Aug-24,2024-08-01,881.0,normal,None,seasonal,866-891,0.67,Monitoring,"z=0.67 vs seasonal baseline (n=3, med=878)"
bde00681-ebfc-ef38-4f6e-4906a012de6b,5dda0b14-713b-46d0-a6ce-a7a33a2fb6f9,Aug-24,2024-08-01,961.0,normal,None,seasonal,949-969,0.67,Monitoring,"z=0.67 vs seasonal baseline (n=3, med=959)"
ffbd5fe0-d9b3-cb55-cfd7-2d72a3498109,5dda0b14-713b-46d0-a6ce-a7a33a2fb6f9,Aug-24,2024-08-01,967.0,normal,None,seasonal,110-1547,0.67,Monitoring,"z=0.67 vs seasonal baseline (n=3, med=828)"
bc7f358d-0d6d-f95f-ff80-9089eefdef69,5dda0b14-713b-46d0-a6ce-a7a33a2fb6f9,Aug-24,2024-08-01,1211.0,normal,None,seasonal,909-1415,0.67,Monitoring,"z=0.67 vs seasonal baseline (n=3, med=1162)"
c17c5093-48b7-139f-ebfc-1cd33ef5179c,5dda0b14-713b-46d0-a6ce-a7a33a2fb6f9,Aug-24,2024-08-01,529.0,normal,None,seasonal,397-618,0.67,Monitoring,"z=0.67 vs seasonal baseline (n=3, med=508)"
03edc7c5-4c46-b55e-523d-9fb7be29910b,5dda0b14-713b-46d0-a6ce-a7a33a2fb6f9,Sep-24,2024-09-01,1116.6,normal,None,seasonal,828-1312,0.67,Monitoring,"z=0.67 vs seasonal baseline (n=3, med=1070)"
bde00681-ebfc-ef38-4f6e-4906a012de6b,5dda0b14-713b-46d0-a6ce-a7a33a2fb6f9,Sep-24,2024-09-01,912.1,normal,None,seasonal,470-1212,0.67,Monitoring,"z=0.67 vs seasonal baseline (n=3, med=841)"
ffbd5fe0-d9b3-cb55-cfd7-2d72a3498109,5dda0b14-713b-46d0-a6ce-a7a33a2fb6f9,Sep-24,2024-09-01,1137.2,normal,None,seasonal,-132-1996,0.67,Monitoring,"z=0.67 vs seasonal baseline (n=3, med=932)"
990e8a3e-a69c-7b31-f606-3eeb21e3d4c6,5dda0b14-713b-46d0-a6ce-a7a33a2fb6f9,Sep-24,2024-09-01,514.9,normal,None,seasonal,1-863,0.67,Monitoring,"z=0.67 vs seasonal baseline (n=3, med=432)"
9d5d0096-0b78-a663-1142-be871dfa2bda,5dda0b14-713b-46d0-a6ce-a7a33a2fb6f9,Sep-24,2024-09-01,995.3,normal,None,seasonal,924-1044,0.67,Monitoring,"z=0.67 vs seasonal baseline (n=3, med=984)"
c17c5093-48b7-139f-ebfc-1cd33ef5179c,5dda0b14-713b-46d0-a6ce-a7a33a2fb6f9,Sep-24,2024-09-01,684.4,normal,None,seasonal,655-705,0.67,Monitoring,"z=0.67 vs seasonal baseline (n=3, med=680)"
5d204545-2f72-b89b-3190-a826b5ab6512,5dda0b14-713b-46d0-a6ce-a7a33a2fb6f9,Oct-24,2024-10-01,624.1,normal,None,seasonal,476-725,0.67,Monitoring,"z=0.67 vs seasonal baseline (n=3, med=600)"
82b270bf-e567-2deb-5ef3-495baafd7645,5dda0b14-713b-46d0-a6ce-a7a33a2fb6f9,Oct-24,2024-10-01,458.5,normal,None,seasonal,252-598,0.67,Monitoring,"z=0.67 vs seasonal baseline (n=3, med=425)"
85292340-826d-52c1-65c7-7f2a9eb2c2c4,5dda0b14-713b-46d0-a6ce-a7a33a2fb6f9,Oct-24,2024-10-01,1224.2,normal,None,seasonal,155-1948,0.67,Monitoring,"z=0.67 vs seasonal baseline (n=3, med=1052)"
bc7f358d-0d6d-f95f-ff80-9089eefdef69,5dda0b14-713b-46d0-a6ce-a7a33a2fb6f9,Oct-24,2024-10-01,907.4,normal,None,seasonal,709-1041,0.67,Monitoring,"z=0.67 vs seasonal baseline (n=3, med=875)"
dd96a329-ec95-e96a-1348-69d976f39cd4,5dda0b14-713b-46d0-a6ce-a7a33a2fb6f9,Oct-24,2024-10-01,840.5,normal,None,seasonal,146-1311,0.67,Monitoring,"z=0.67 vs seasonal baseline (n=3, med=728)"
990e8a3e-a69c-7b31-f606-3eeb21e3d4c6,5dda0b14-713b-46d0-a6ce-a7a33a2fb6f9,Oct-24,2024-10-01,382.9,normal,None,seasonal,113-566,0.67,Monitoring,"z=0.67 vs seasonal baseline (n=3, med=339)"
1b4d1066-8fe4-199b-7b3b-39e4bded9714,5dda0b14-713b-46d0-a6ce-a7a33a2fb6f9,Oct-24,2024-10-01,1069.2,normal,None,seasonal,-439-2090,0.67,Monitoring,"z=0.67 vs seasonal baseline (n=3, med=826)"
9d5d0096-0b78-a663-1142-be871dfa2bda,5dda0b14-713b-46d0-a6ce-a7a33a2fb6f9,Oct-24,2024-10-01,972.0,normal,None,seasonal,676-1173,0.67,Monitoring,"z=0.67 vs seasonal baseline (n=3, med=924)"
b0d4d2c8-f6ee-bc16-ffd7-fc33c8db8571,5dda0b14-713b-46d0-a6ce-a7a33a2fb6f9,Nov-24,2024-11-01,931.9,normal,None,seasonal,-314-1775,0.67,Monitoring,"z=0.67 vs seasonal baseline (n=3, med=731)"
5d204545-2f72-b89b-3190-a826b5ab6512,5dda0b14-713b-46d0-a6ce-a7a33a2fb6f9,Nov-24,2024-11-01,596.5,normal,None,seasonal,249-832,0.67,Monitoring,"z=0.67 vs seasonal baseline (n=3, med=540)"
77c3a6fd-4651-d880-29aa-abd19c8324df,5dda0b14-713b-46d0-a6ce-a7a33a2fb6f9,Nov-24,2024-11-01,508.1,normal,None,seasonal,420-568,0.67,Monitoring,"z=0.67 vs seasonal baseline (n=3, med=494)"
44625074-3f26-4a2d-74ae-56ba4c94a395,5dda0b14-713b-46d0-a6ce-a7a33a2fb6f9,Dec-24,2024-12-01,544.0,normal,None,apartment_fallback,-6-916,0.67,Monitoring,"z=0.67 vs apartment_fallback baseline (n=20, med=455)"
b0d4d2c8-f6ee-bc16-ffd7-fc33c8db8571,5dda0b14-713b-46d0-a6ce-a7a33a2fb6f9,Jan-25,2025-01-01,762.1,normal,None,seasonal,30-1258,0.67,Monitoring,"z=0.67 vs seasonal baseline (n=3, med=644)"
aa73cade-c28c-dc5b-5980-55801ea0d415,5dda0b14-713b-46d0-a6ce-a7a33a2fb6f9,Jan-25,2025-01-01,592.9,normal,None,seasonal,408-718,0.67,Monitoring,"z=0.67 vs seasonal baseline (n=3, med=563)"
85292340-826d-52c1-65c7-7f2a9eb2c2c4,5dda0b14-713b-46d0-a6ce-a7a33a2fb6f9,Jan-25,2025-01-01,761.6,normal,None,seasonal,-289-1472,0.67,Monitoring,"z=0.67 vs seasonal baseline (n=3, med=592)"
b0875d50-a469-821b-57c3-03ac62809198,5dda0b14-713b-46d0-a6ce-a7a33a2fb6f9,Jan-25,2025-01-01,422.9,normal,None,seasonal,-37-734,0.67,Monitoring,"z=0.67 vs seasonal baseline (n=3, med=349)"
77c3a6fd-4651-d880-29aa-abd19c8324df,5dda0b14-713b-46d0-a6ce-a7a33a2fb6f9,Jan-25,2025-01-01,406.1,normal,None,seasonal,116-603,0.67,Monitoring,"z=0.67 vs seasonal baseline (n=3, med=359)"
fb5cedd6-2992-1c62-7fba-4a7a6b43b2ff,5dda0b14-713b-46d0-a6ce-a7a33a2fb6f9,Jan-25,2025-01-01,607.3,normal,None,seasonal,137-926,0.67,Monitoring,"z=0.67 vs seasonal baseline (n=3, med=531)"
03edc7c5-4c46-b55e-523d-9fb7be29910b,5dda0b14-713b-46d0-a6ce-a7a33a2fb6f9,Feb-25,2025-02-01,771.2,normal,None,seasonal,185-1168,0.67,Monitoring,"z=0.67 vs seasonal baseline (n=3, med=676)"
990e8a3e-a69c-7b31-f606-3eeb21e3d4c6,5dda0b14-713b-46d0-a6ce-a7a33a2fb6f9,Feb-25,2025-02-01,300.5,normal,None,seasonal,224-352,0.67,Monitoring,"z=0.67 vs seasonal baseline (n=3, med=288)"
9d5d0096-0b78-a663-1142-be871dfa2bda,5dda0b14-713b-46d0-a6ce-a7a33a2fb6f9,Feb-25,2025-02-01,989.9,normal,None,seasonal,316-1446,0.67,Monitoring,"z=0.67 vs seasonal baseline (n=3, med=881)"
b0d4d2c8-f6ee-bc16-ffd7-fc33c8db8571,5dda0b14-713b-46d0-a6ce-a7a33a2fb6f9,Mar-25,2025-03-01,925.1,normal,None,seasonal,262-1374,0.67,Monitoring,"z=0.67 vs seasonal baseline (n=3, med=818)"
574de174-c7bb-bc11-f282-cff2aa2501c5,5dda0b14-713b-46d0-a6ce-a7a33a2fb6f9,Mar-25,2025-03-01,523.1,normal,None,seasonal,105-806,0.67,Monitoring,"z=0.67 vs seasonal baseline (n=3, med=456)"
aa73cade-c28c-dc5b-5980-55801ea0d415,5dda0b14-713b-46d0-a6ce-a7a33a2fb6f9,Mar-25,2025-03-01,993.7,normal,None,seasonal,342-1435,0.67,Monitoring,"z=0.67 vs seasonal baseline (n=3, med=888)"
1b4d1066-8fe4-199b-7b3b-39e4bded9714,5dda0b14-713b-46d0-a6ce-a7a33a2fb6f9,Mar-25,2025-03-01,1459.3,normal,None,seasonal,-1504-3465,0.67,Monitoring,"z=0.67 vs seasonal baseline (n=3, med=980)"
9d5d0096-0b78-a663-1142-be871dfa2bda,5dda0b14-713b-46d0-a6ce-a7a33a2fb6f9,Mar-25,2025-03-01,1239.4,normal,None,seasonal,149-1978,0.67,Monitoring,"z=0.67 vs seasonal baseline (n=3, med=1063)"
dc4adc21-f501-0573-2e9a-d7bbbc89e5d6,5dda0b14-713b-46d0-a6ce-a7a33a2fb6f9,Mar-25,2025-03-01,817.7,normal,None,seasonal,615-955,0.67,Monitoring,"z=0.67 vs seasonal baseline (n=3, med=785)"
c2ff0c11-4d1b-7b9b-b93c-aa37c9b6c40b,5dda0b14-713b-46d0-a6ce-a7a33a2fb6f9,Mar-25,2025-03-01,716.7,normal,None,seasonal,393-936,0.67,Monitoring,"z=0.67 vs seasonal baseline (n=3, med=664)"
c2ff0c11-4d1b-7b9b-b93c-aa37c9b6c40b,5dda0b14-713b-46d0-a6ce-a7a33a2fb6f9,Jun-25,2025-06-01,1214.2,normal,None,seasonal,-361-2280,0.67,Monitoring,"z=0.67 vs seasonal baseline (n=3, med=960)"
323c0dff-be56-f6ee-f053-ee37de806dea,5dda0b14-713b-46d0-a6ce-a7a33a2fb6f9,Aug-25,2025-08-01,820.8,normal,None,seasonal,643-941,0.67,Monitoring,"z=0.67 vs seasonal baseline (n=3, med=792)"
b0875d50-a469-821b-57c3-03ac62809198,5dda0b14-713b-46d0-a6ce-a7a33a2fb6f9,Aug-25,2025-08-01,643.9,normal,None,seasonal,484-752,0.67,Monitoring,"z=0.67 vs seasonal baseline (n=3, med=618)"
fb5cedd6-2992-1c62-7fba-4a7a6b43b2ff,5dda0b14-713b-46d0-a6ce-a7a33a2fb6f9,Aug-25,2025-08-01,1076.5,normal,None,seasonal,596-1402,0.67,Monitoring,"z=0.67 vs seasonal baseline (n=3, med=999)"
233cca0e-efcf-e631-d2fc-9997a6ba5706,5dda0b14-713b-46d0-a6ce-a7a33a2fb6f9,Aug-25,2025-08-01,987.9,normal,None,seasonal,670-1203,0.67,Monitoring,"z=0.67 vs seasonal baseline (n=3, med=937)"
2fc42a4f-fe5a-ae08-0e4e-2c89ca71db85,5dda0b14-713b-46d0-a6ce-a7a33a2fb6f9,Sep-25,2025-09-01,906.0,normal,None,seasonal,677-1061,0.67,Monitoring,"z=0.67 vs seasonal baseline (n=3, med=869)"
82b270bf-e567-2deb-5ef3-495baafd7645,5dda0b14-713b-46d0-a6ce-a7a33a2fb6f9,Sep-25,2025-09-01,574.2,normal,None,seasonal,173-846,0.67,Monitoring,"z=0.67 vs seasonal baseline (n=3, med=509)"
bc7f358d-0d6d-f95f-ff80-9089eefdef69,5dda0b14-713b-46d0-a6ce-a7a33a2fb6f9,Sep-25,2025-09-01,1097.9,normal,None,seasonal,707-1362,0.67,Monitoring,"z=0.67 vs seasonal baseline (n=3, med=1035)"
dd96a329-ec95-e96a-1348-69d976f39cd4,5dda0b14-713b-46d0-a6ce-a7a33a2fb6f9,Sep-25,2025-09-01,957.5,normal,None,seasonal,867-1019,0.67,Monitoring,"z=0.67 vs seasonal baseline (n=3, med=943)"
c2ff0c11-4d1b-7b9b-b93c-aa37c9b6c40b,5dda0b14-713b-46d0-a6ce-a7a33a2fb6f9,Sep-25,2025-09-01,834.4,normal,None,seasonal,-237-1560,0.67,Monitoring,"z=0.67 vs seasonal baseline (n=3, med=661)"
1183b300-b9ae-5e28-acb2-304cb2fd36db,5dda0b14-713b-46d0-a6ce-a7a33a2fb6f9,Oct-25,2025-10-01,529.7,normal,None,apartment_fallback,-900-1497,0.67,Monitoring,"z=0.67 vs apartment_fallback baseline (n=7, med=299)"
fb5cedd6-2992-1c62-7fba-4a7a6b43b2ff,5dda0b14-713b-46d0-a6ce-a7a33a2fb6f9,Nov-25,2025-11-01,769.5,normal,None,seasonal,576-900,0.67,Monitoring,"z=0.67 vs seasonal baseline (n=3, med=738)"
5d204545-2f72-b89b-3190-a826b5ab6512,5dda0b14-713b-46d0-a6ce-a7a33a2fb6f9,Jan-26,2026-01-01,537.1,normal,None,seasonal,144-803,0.67,Monitoring,"z=0.67 vs seasonal baseline (n=3, med=474)"
233cca0e-efcf-e631-d2fc-9997a6ba5706,5dda0b14-713b-46d0-a6ce-a7a33a2fb6f9,Jan-26,2026-01-01,513.7,normal,None,seasonal,47-830,0.67,Monitoring,"z=0.67 vs seasonal baseline (n=3, med=438)"
2fc42a4f-fe5a-ae08-0e4e-2c89ca71db85,5dda0b14-713b-46d0-a6ce-a7a33a2fb6f9,Feb-26,2026-02-01,681.4,normal,None,seasonal,535-781,0.67,Monitoring,"z=0.67 vs seasonal baseline (n=3, med=658)"
5d204545-2f72-b89b-3190-a826b5ab6512,5dda0b14-713b-46d0-a6ce-a7a33a2fb6f9,Feb-26,2026-02-01,719.4,normal,None,seasonal,256-1033,0.67,Monitoring,"z=0.67 vs seasonal baseline (n=3, med=645)"
a361bd0d-c2c1-2aee-6303-d65de004edd0,5dda0b14-713b-46d0-a6ce-a7a33a2fb6f9,Feb-26,2026-02-01,434.9,normal,None,seasonal,431-438,0.67,Monitoring,"z=0.67 vs seasonal baseline (n=3, med=434)"
233cca0e-efcf-e631-d2fc-9997a6ba5706,5dda0b14-713b-46d0-a6ce-a7a33a2fb6f9,Feb-26,2026-02-01,636.4,normal,None,seasonal,473-747,0.67,Monitoring,"z=0.67 vs seasonal baseline (n=3, med=610)"
49ed1c8e-3653-c89b-ec74-16d8e20bb923,5dda0b14-713b-46d0-a6ce-a7a33a2fb6f9,May-25,2025-05-01,932.5,normal,None,seasonal,566-1183,0.66,Monitoring,"z=0.66 vs seasonal baseline (n=4, med=875)"
2fc42a4f-fe5a-ae08-0e4e-2c89ca71db85,5dda0b14-713b-46d0-a6ce-a7a33a2fb6f9,Jul-23,2023-07-01,755.0,normal,None,seasonal,598-862,0.66,Monitoring,"z=0.66 vs seasonal baseline (n=4, med=730)"
aa73cade-c28c-dc5b-5980-55801ea0d415,5dda0b14-713b-46d0-a6ce-a7a33a2fb6f9,Jul-23,2023-07-01,967.2,normal,None,seasonal,436-1329,0.66,Monitoring,"z=0.66 vs seasonal baseline (n=4, med=882)"
323c0dff-be56-f6ee-f053-ee37de806dea,5dda0b14-713b-46d0-a6ce-a7a33a2fb6f9,Apr-24,2024-04-01,744.6,normal,None,seasonal,398-982,0.66,Monitoring,"z=0.66 vs seasonal baseline (n=4, med=690)"
49ed1c8e-3653-c89b-ec74-16d8e20bb923,5dda0b14-713b-46d0-a6ce-a7a33a2fb6f9,Jul-25,2025-07-01,708.1,normal,None,seasonal,262-1013,0.66,Monitoring,"z=0.66 vs seasonal baseline (n=4, med=638)"
49ed1c8e-3653-c89b-ec74-16d8e20bb923,5dda0b14-713b-46d0-a6ce-a7a33a2fb6f9,Apr-26,2026-04-01,933.0,normal,None,seasonal,-210-1720,0.65,Monitoring,"z=0.65 vs seasonal baseline (n=4, med=755)"
86ad1ceb-8d81-a926-d998-3a2f1cafba06,5dda0b14-713b-46d0-a6ce-a7a33a2fb6f9,Oct-25,2025-10-01,694.5,normal,None,apartment_fallback,-262-1356,0.64,Monitoring,"z=0.64 vs apartment_fallback baseline (n=25, med=547)"
d2298bb8-a5e5-735a-c8ca-9b18c7daacd6,5dda0b14-713b-46d0-a6ce-a7a33a2fb6f9,Apr-26,2026-04-01,663.6,normal,None,seasonal,-21-1140,0.63,Monitoring,"z=0.63 vs seasonal baseline (n=4, med=560)"
b0d4d2c8-f6ee-bc16-ffd7-fc33c8db8571,5dda0b14-713b-46d0-a6ce-a7a33a2fb6f9,Jul-26,2026-07-01,955.1,normal,None,seasonal,751-1097,0.63,Monitoring,"z=0.63 vs seasonal baseline (n=4, med=924)"
211a2b33-4e94-3da1-7d97-406bc26036f5,5dda0b14-713b-46d0-a6ce-a7a33a2fb6f9,Apr-26,2026-04-01,539.2,normal,None,apartment_fallback,-345-1157,0.62,Monitoring,"z=0.62 vs apartment_fallback baseline (n=13, med=406)"
b0875d50-a469-821b-57c3-03ac62809198,5dda0b14-713b-46d0-a6ce-a7a33a2fb6f9,Apr-24,2024-04-01,944.8,normal,None,seasonal,284-1408,0.62,Monitoring,"z=0.62 vs seasonal baseline (n=4, med=846)"
b0d4d2c8-f6ee-bc16-ffd7-fc33c8db8571,5dda0b14-713b-46d0-a6ce-a7a33a2fb6f9,Apr-25,2025-04-01,1002.3,normal,None,seasonal,190-1569,0.62,Monitoring,"z=0.62 vs seasonal baseline (n=4, med=879)"
bde00681-ebfc-ef38-4f6e-4906a012de6b,5dda0b14-713b-46d0-a6ce-a7a33a2fb6f9,Jun-25,2025-06-01,1325.8,normal,None,seasonal,28-2234,0.62,Monitoring,"z=0.62 vs seasonal baseline (n=4, med=1131)"
bc7f358d-0d6d-f95f-ff80-9089eefdef69,5dda0b14-713b-46d0-a6ce-a7a33a2fb6f9,May-24,2024-05-01,1241.0,normal,None,seasonal,822-1536,0.61,Monitoring,"z=0.61 vs seasonal baseline (n=4, med=1179)"
417c9738-a0f7-5a00-1091-37a9fd083dd6,5dda0b14-713b-46d0-a6ce-a7a33a2fb6f9,Jun-25,2025-06-01,883.1,normal,None,seasonal,448-1189,0.61,Monitoring,"z=0.61 vs seasonal baseline (n=4, med=819)"
323c0dff-be56-f6ee-f053-ee37de806dea,5dda0b14-713b-46d0-a6ce-a7a33a2fb6f9,Jun-23,2023-06-01,895.2,normal,None,seasonal,700-1033,0.6,Monitoring,"z=0.60 vs seasonal baseline (n=4, med=867)"
10c6863d-07c3-4fc4-94f9-6adc29157ce1,5dda0b14-713b-46d0-a6ce-a7a33a2fb6f9,Jun-23,2023-06-01,797.0,normal,None,seasonal,639-909,0.6,Monitoring,"z=0.60 vs seasonal baseline (n=4, med=774)"
10c6863d-07c3-4fc4-94f9-6adc29157ce1,5dda0b14-713b-46d0-a6ce-a7a33a2fb6f9,Jul-23,2023-07-01,823.5,normal,None,seasonal,512-1044,0.6,Monitoring,"z=0.60 vs seasonal baseline (n=4, med=778)"
44625074-3f26-4a2d-74ae-56ba4c94a395,5dda0b14-713b-46d0-a6ce-a7a33a2fb6f9,Jul-24,2024-07-01,534.0,normal,None,apartment_fallback,-6-916,0.6,Monitoring,"z=0.60 vs apartment_fallback baseline (n=20, med=455)"
10c6863d-07c3-4fc4-94f9-6adc29157ce1,5dda0b14-713b-46d0-a6ce-a7a33a2fb6f9,Apr-25,2025-04-01,753.9,normal,None,seasonal,449-970,0.6,Monitoring,"z=0.60 vs seasonal baseline (n=4, med=710)"
79853a4a-cb02-508c-e041-7e23378aec9c,5dda0b14-713b-46d0-a6ce-a7a33a2fb6f9,May-26,2026-05-01,1318.4,normal,None,apartment_fallback,-275-2453,0.59,Monitoring,"z=0.59 vs apartment_fallback baseline (n=25, med=1089)"
ffbd5fe0-d9b3-cb55-cfd7-2d72a3498109,5dda0b14-713b-46d0-a6ce-a7a33a2fb6f9,May-26,2026-05-01,936.0,normal,None,seasonal,98-1536,0.58,Monitoring,"z=0.58 vs seasonal baseline (n=4, med=817)"
bde00681-ebfc-ef38-4f6e-4906a012de6b,5dda0b14-713b-46d0-a6ce-a7a33a2fb6f9,May-25,2025-05-01,1278.3,normal,None,seasonal,912-1541,0.58,Monitoring,"z=0.58 vs seasonal baseline (n=4, med=1226)"
323c0dff-be56-f6ee-f053-ee37de806dea,5dda0b14-713b-46d0-a6ce-a7a33a2fb6f9,May-24,2024-05-01,977.0,normal,None,seasonal,129-1583,0.58,Monitoring,"z=0.58 vs seasonal baseline (n=4, med=856)"
03edc7c5-4c46-b55e-523d-9fb7be29910b,5dda0b14-713b-46d0-a6ce-a7a33a2fb6f9,Jun-25,2025-06-01,1311.5,normal,None,seasonal,265-2058,0.58,Monitoring,"z=0.58 vs seasonal baseline (n=4, med=1162)"
a361bd0d-c2c1-2aee-6303-d65de004edd0,5dda0b14-713b-46d0-a6ce-a7a33a2fb6f9,May-26,2026-05-01,1090.8,normal,None,seasonal,341-1631,0.57,Monitoring,"z=0.57 vs seasonal baseline (n=4, med=986)"
03edc7c5-4c46-b55e-523d-9fb7be29910b,5dda0b14-713b-46d0-a6ce-a7a33a2fb6f9,May-25,2025-05-01,1340.0,normal,None,seasonal,918-1644,0.57,Monitoring,"z=0.57 vs seasonal baseline (n=4, med=1281)"
77c3a6fd-4651-d880-29aa-abd19c8324df,5dda0b14-713b-46d0-a6ce-a7a33a2fb6f9,Apr-25,2025-04-01,641.8,normal,None,seasonal,184-972,0.57,Monitoring,"z=0.57 vs seasonal baseline (n=4, med=578)"
1b4d1066-8fe4-199b-7b3b-39e4bded9714,5dda0b14-713b-46d0-a6ce-a7a33a2fb6f9,Apr-26,2026-04-01,1141.3,normal,None,seasonal,-644-2433,0.56,Monitoring,"z=0.56 vs seasonal baseline (n=4, med=895)"
82b270bf-e567-2deb-5ef3-495baafd7645,5dda0b14-713b-46d0-a6ce-a7a33a2fb6f9,Jul-26,2026-07-01,637.1,normal,None,seasonal,157-987,0.55,Monitoring,"z=0.55 vs seasonal baseline (n=4, med=572)"
10c6863d-07c3-4fc4-94f9-6adc29157ce1,5dda0b14-713b-46d0-a6ce-a7a33a2fb6f9,May-23,2023-05-01,863.0,normal,None,seasonal,276-1294,0.54,Monitoring,"z=0.54 vs seasonal baseline (n=4, med=785)"
dd96a329-ec95-e96a-1348-69d976f39cd4,5dda0b14-713b-46d0-a6ce-a7a33a2fb6f9,Jul-25,2025-07-01,1191.7,normal,None,seasonal,-69-2113,0.54,Monitoring,"z=0.54 vs seasonal baseline (n=4, med=1022)"
dd96a329-ec95-e96a-1348-69d976f39cd4,5dda0b14-713b-46d0-a6ce-a7a33a2fb6f9,May-26,2026-05-01,1170.0,normal,None,seasonal,468-1688,0.53,Monitoring,"z=0.53 vs seasonal baseline (n=4, med=1078)"
b0d4d2c8-f6ee-bc16-ffd7-fc33c8db8571,5dda0b14-713b-46d0-a6ce-a7a33a2fb6f9,May-25,2025-05-01,921.3,normal,None,seasonal,426-1288,0.53,Monitoring,"z=0.53 vs seasonal baseline (n=4, med=857)"
49ed1c8e-3653-c89b-ec74-16d8e20bb923,5dda0b14-713b-46d0-a6ce-a7a33a2fb6f9,Jun-26,2026-06-01,851.1,normal,None,seasonal,583-1049,0.53,Monitoring,"z=0.53 vs seasonal baseline (n=4, med=816)"
ffbd5fe0-d9b3-cb55-cfd7-2d72a3498109,5dda0b14-713b-46d0-a6ce-a7a33a2fb6f9,Jun-23,2023-06-01,754.9,normal,None,seasonal,607-864,0.53,Monitoring,"z=0.53 vs seasonal baseline (n=4, med=735)"
bde00681-ebfc-ef38-4f6e-4906a012de6b,5dda0b14-713b-46d0-a6ce-a7a33a2fb6f9,Jul-25,2025-07-01,1232.4,normal,None,seasonal,-497-2507,0.53,Monitoring,"z=0.53 vs seasonal baseline (n=4, med=1005)"
82b270bf-e567-2deb-5ef3-495baafd7645,5dda0b14-713b-46d0-a6ce-a7a33a2fb6f9,Jun-26,2026-06-01,613.9,normal,None,seasonal,527-678,0.52,Monitoring,"z=0.52 vs seasonal baseline (n=4, med=603)"
233cca0e-efcf-e631-d2fc-9997a6ba5706,5dda0b14-713b-46d0-a6ce-a7a33a2fb6f9,May-24,2024-05-01,1008.0,normal,None,seasonal,695-1240,0.52,Monitoring,"z=0.52 vs seasonal baseline (n=4, med=968)"
2fc42a4f-fe5a-ae08-0e4e-2c89ca71db85,5dda0b14-713b-46d0-a6ce-a7a33a2fb6f9,Jun-25,2025-06-01,910.3,normal,None,seasonal,332-1340,0.52,Monitoring,"z=0.52 vs seasonal baseline (n=4, med=836)"
990e8a3e-a69c-7b31-f606-3eeb21e3d4c6,5dda0b14-713b-46d0-a6ce-a7a33a2fb6f9,Apr-25,2025-04-01,532.3,normal,None,seasonal,265-731,0.51,Monitoring,"z=0.51 vs seasonal baseline (n=4, med=498)"
b0875d50-a469-821b-57c3-03ac62809198,5dda0b14-713b-46d0-a6ce-a7a33a2fb6f9,Jul-25,2025-07-01,649.3,normal,None,seasonal,332-886,0.51,Monitoring,"z=0.51 vs seasonal baseline (n=4, med=609)"
1b4d1066-8fe4-199b-7b3b-39e4bded9714,5dda0b14-713b-46d0-a6ce-a7a33a2fb6f9,Sep-25,2025-09-01,1164.8,normal,None,apartment_fallback,-350-2293,0.51,Monitoring,"z=0.51 vs apartment_fallback baseline (n=31, med=971)"
0a839c14-2a88-9896-c2f2-8d51fe610405,5dda0b14-713b-46d0-a6ce-a7a33a2fb6f9,Apr-25,2025-04-01,821.1,normal,None,seasonal,370-1161,0.5,Monitoring,"z=0.50 vs seasonal baseline (n=4, med=765)"
b0d4d2c8-f6ee-bc16-ffd7-fc33c8db8571,5dda0b14-713b-46d0-a6ce-a7a33a2fb6f9,Jun-25,2025-06-01,960.5,normal,None,seasonal,-472-2038,0.5,Monitoring,"z=0.50 vs seasonal baseline (n=4, med=783)"
fb5cedd6-2992-1c62-7fba-4a7a6b43b2ff,5dda0b14-713b-46d0-a6ce-a7a33a2fb6f9,May-26,2026-05-01,1269.6,normal,None,seasonal,597-1779,0.48,Monitoring,"z=0.48 vs seasonal baseline (n=4, med=1188)"
7719849e-1d17-27d2-31d4-475a4e71f261,5dda0b14-713b-46d0-a6ce-a7a33a2fb6f9,Oct-23,2023-10-01,306.73,normal,None,apartment_fallback,70-487,0.48,Monitoring,"z=0.48 vs apartment_fallback baseline (n=16, med=278)"
0a839c14-2a88-9896-c2f2-8d51fe610405,5dda0b14-713b-46d0-a6ce-a7a33a2fb6f9,May-24,2024-05-01,898.0,normal,None,seasonal,-79-1639,0.48,Monitoring,"z=0.48 vs seasonal baseline (n=4, med=780)"
d2298bb8-a5e5-735a-c8ca-9b18c7daacd6,5dda0b14-713b-46d0-a6ce-a7a33a2fb6f9,Jun-24,2024-06-01,977.0,normal,None,seasonal,-196-1865,0.48,Monitoring,"z=0.48 vs seasonal baseline (n=4, med=835)"
dc4adc21-f501-0573-2e9a-d7bbbc89e5d6,5dda0b14-713b-46d0-a6ce-a7a33a2fb6f9,Jul-25,2025-07-01,941.6,normal,None,seasonal,-5-1658,0.48,Monitoring,"z=0.48 vs seasonal baseline (n=4, med=827)"
188aee4d-68e0-1ddb-38e6-a946bc75072d,5dda0b14-713b-46d0-a6ce-a7a33a2fb6f9,Aug-25,2025-08-01,478.3,normal,None,apartment_fallback,-422-1163,0.48,Monitoring,"z=0.48 vs apartment_fallback baseline (n=14, med=371)"
b0875d50-a469-821b-57c3-03ac62809198,5dda0b14-713b-46d0-a6ce-a7a33a2fb6f9,May-24,2024-05-01,1070.0,normal,None,seasonal,-400-2189,0.47,Monitoring,"z=0.47 vs seasonal baseline (n=4, med=894)"
aa73cade-c28c-dc5b-5980-55801ea0d415,5dda0b14-713b-46d0-a6ce-a7a33a2fb6f9,Apr-25,2025-04-01,939.5,normal,None,seasonal,-450-2001,0.47,Monitoring,"z=0.47 vs seasonal baseline (n=4, med=776)"
233cca0e-efcf-e631-d2fc-9997a6ba5706,5dda0b14-713b-46d0-a6ce-a7a33a2fb6f9,Jun-25,2025-06-01,864.7,normal,None,seasonal,-493-1902,0.47,Monitoring,"z=0.47 vs seasonal baseline (n=4, med=705)"
211a2b33-4e94-3da1-7d97-406bc26036f5,5dda0b14-713b-46d0-a6ce-a7a33a2fb6f9,Mar-26,2026-03-01,505.4,normal,None,apartment_fallback,-345-1157,0.46,Monitoring,"z=0.46 vs apartment_fallback baseline (n=13, med=406)"
9d5d0096-0b78-a663-1142-be871dfa2bda,5dda0b14-713b-46d0-a6ce-a7a33a2fb6f9,Apr-24,2024-04-01,1293.6,normal,None,seasonal,-857-2946,0.46,Monitoring,"z=0.46 vs seasonal baseline (n=4, med=1044)"
ffbd5fe0-d9b3-cb55-cfd7-2d72a3498109,5dda0b14-713b-46d0-a6ce-a7a33a2fb6f9,Apr-24,2024-04-01,908.0,normal,None,seasonal,460-1255,0.45,Monitoring,"z=0.45 vs seasonal baseline (n=4, med=857)"
c17c5093-48b7-139f-ebfc-1cd33ef5179c,5dda0b14-713b-46d0-a6ce-a7a33a2fb6f9,Apr-25,2025-04-01,644.7,normal,None,seasonal,102-1064,0.45,Monitoring,"z=0.45 vs seasonal baseline (n=4, med=583)"
d2298bb8-a5e5-735a-c8ca-9b18c7daacd6,5dda0b14-713b-46d0-a6ce-a7a33a2fb6f9,May-24,2024-05-01,914.0,normal,None,seasonal,589-1166,0.44,Monitoring,"z=0.44 vs seasonal baseline (n=4, med=878)"
a361bd0d-c2c1-2aee-6303-d65de004edd0,5dda0b14-713b-46d0-a6ce-a7a33a2fb6f9,Jun-26,2026-06-01,1113.7,normal,None,seasonal,267-1776,0.43,Monitoring,"z=0.43 vs seasonal baseline (n=4, med=1021)"
82b270bf-e567-2deb-5ef3-495baafd7645,5dda0b14-713b-46d0-a6ce-a7a33a2fb6f9,Apr-23,2023-04-01,405.0,normal,None,seasonal,358-442,0.42,Monitoring,"z=0.42 vs seasonal baseline (n=4, med=400)"
fb5cedd6-2992-1c62-7fba-4a7a6b43b2ff,5dda0b14-713b-46d0-a6ce-a7a33a2fb6f9,Apr-25,2025-04-01,1098.3,normal,None,seasonal,122-1867,0.42,Monitoring,"z=0.42 vs seasonal baseline (n=4, med=995)"
77c3a6fd-4651-d880-29aa-abd19c8324df,5dda0b14-713b-46d0-a6ce-a7a33a2fb6f9,May-24,2024-05-01,883.0,normal,None,seasonal,351-1303,0.41,Monitoring,"z=0.41 vs seasonal baseline (n=4, med=827)"
a361bd0d-c2c1-2aee-6303-d65de004edd0,5dda0b14-713b-46d0-a6ce-a7a33a2fb6f9,Jul-24,2024-07-01,910.0,normal,None,seasonal,105-1548,0.41,Monitoring,"z=0.41 vs seasonal baseline (n=4, med=826)"
fb5cedd6-2992-1c62-7fba-4a7a6b43b2ff,5dda0b14-713b-46d0-a6ce-a7a33a2fb6f9,Jun-25,2025-06-01,1047.9,normal,None,seasonal,664-1351,0.41,Monitoring,"z=0.41 vs seasonal baseline (n=4, med=1008)"
bde00681-ebfc-ef38-4f6e-4906a012de6b,5dda0b14-713b-46d0-a6ce-a7a33a2fb6f9,Apr-26,2026-04-01,1045.7,normal,None,seasonal,69-1821,0.4,Monitoring,"z=0.40 vs seasonal baseline (n=4, med=945)"
79853a4a-cb02-508c-e041-7e23378aec9c,5dda0b14-713b-46d0-a6ce-a7a33a2fb6f9,Apr-25,2025-04-01,1245.5,normal,None,apartment_fallback,-275-2453,0.4,Monitoring,"z=0.40 vs apartment_fallback baseline (n=25, med=1089)"
9d5d0096-0b78-a663-1142-be871dfa2bda,5dda0b14-713b-46d0-a6ce-a7a33a2fb6f9,May-24,2024-05-01,1248.0,normal,None,seasonal,-437-2591,0.39,Monitoring,"z=0.39 vs seasonal baseline (n=4, med=1077)"
bc7f358d-0d6d-f95f-ff80-9089eefdef69,5dda0b14-713b-46d0-a6ce-a7a33a2fb6f9,Jul-24,2024-07-01,1030.0,normal,None,seasonal,514-1442,0.39,Monitoring,"z=0.39 vs seasonal baseline (n=4, med=978)"
dc4adc21-f501-0573-2e9a-d7bbbc89e5d6,5dda0b14-713b-46d0-a6ce-a7a33a2fb6f9,Apr-26,2026-04-01,804.5,normal,None,seasonal,406-1124,0.38,Monitoring,"z=0.38 vs seasonal baseline (n=4, med=765)"
574de174-c7bb-bc11-f282-cff2aa2501c5,5dda0b14-713b-46d0-a6ce-a7a33a2fb6f9,Jun-23,2023-06-01,500.0,normal,None,seasonal,382-595,0.38,Monitoring,"z=0.38 vs seasonal baseline (n=4, med=488)"
77c3a6fd-4651-d880-29aa-abd19c8324df,5dda0b14-713b-46d0-a6ce-a7a33a2fb6f9,Jul-24,2024-07-01,853.0,normal,None,seasonal,448-1178,0.38,Monitoring,"z=0.38 vs seasonal baseline (n=4, med=813)"
79853a4a-cb02-508c-e041-7e23378aec9c,5dda0b14-713b-46d0-a6ce-a7a33a2fb6f9,Sep-24,2024-09-01,1237.5,normal,None,apartment_fallback,-275-2453,0.38,Monitoring,"z=0.38 vs apartment_fallback baseline (n=25, med=1089)"
aa73cade-c28c-dc5b-5980-55801ea0d415,5dda0b14-713b-46d0-a6ce-a7a33a2fb6f9,May-25,2025-05-01,1038.8,normal,None,seasonal,-7-1884,0.37,Monitoring,"z=0.37 vs seasonal baseline (n=4, med=938)"
5d204545-2f72-b89b-3190-a826b5ab6512,5dda0b14-713b-46d0-a6ce-a7a33a2fb6f9,Jul-23,2023-07-01,632.6,normal,None,seasonal,318-887,0.37,Monitoring,"z=0.37 vs seasonal baseline (n=4, med=602)"
86ad1ceb-8d81-a926-d998-3a2f1cafba06,5dda0b14-713b-46d0-a6ce-a7a33a2fb6f9,May-25,2025-05-01,630.7,normal,None,apartment_fallback,-262-1356,0.36,Monitoring,"z=0.36 vs apartment_fallback baseline (n=25, med=547)"
7719849e-1d17-27d2-31d4-475a4e71f261,5dda0b14-713b-46d0-a6ce-a7a33a2fb6f9,Aug-24,2024-08-01,299.0,normal,None,apartment_fallback,70-487,0.35,Monitoring,"z=0.35 vs apartment_fallback baseline (n=16, med=278)"
dc4adc21-f501-0573-2e9a-d7bbbc89e5d6,5dda0b14-713b-46d0-a6ce-a7a33a2fb6f9,May-25,2025-05-01,998.7,normal,None,seasonal,547-1368,0.35,Monitoring,"z=0.35 vs seasonal baseline (n=4, med=957)"
85292340-826d-52c1-65c7-7f2a9eb2c2c4,5dda0b14-713b-46d0-a6ce-a7a33a2fb6f9,Jul-26,2026-07-01,1190.1,normal,None,seasonal,540-1726,0.34,Monitoring,"z=0.34 vs seasonal baseline (n=4, med=1133)"
44625074-3f26-4a2d-74ae-56ba4c94a395,5dda0b14-713b-46d0-a6ce-a7a33a2fb6f9,Aug-24,2024-08-01,500.0,normal,None,apartment_fallback,-6-916,0.34,Monitoring,"z=0.34 vs apartment_fallback baseline (n=20, med=455)"
0a839c14-2a88-9896-c2f2-8d51fe610405,5dda0b14-713b-46d0-a6ce-a7a33a2fb6f9,Jun-24,2024-06-01,882.0,normal,None,seasonal,-204-1779,0.33,Monitoring,"z=0.33 vs seasonal baseline (n=4, med=788)"
dc4adc21-f501-0573-2e9a-d7bbbc89e5d6,5dda0b14-713b-46d0-a6ce-a7a33a2fb6f9,Jun-26,2026-06-01,930.7,normal,None,seasonal,146-1585,0.32,Monitoring,"z=0.32 vs seasonal baseline (n=4, med=865)"
8767525e-d22f-a295-bc29-ba104fdc589a,5dda0b14-713b-46d0-a6ce-a7a33a2fb6f9,Jul-26,2026-07-01,293.6,normal,None,apartment_fallback,-137-655,0.31,Monitoring,"z=0.31 vs apartment_fallback baseline (n=22, med=259)"
a361bd0d-c2c1-2aee-6303-d65de004edd0,5dda0b14-713b-46d0-a6ce-a7a33a2fb6f9,Apr-24,2024-04-01,687.1,normal,None,seasonal,258-1046,0.31,Monitoring,"z=0.31 vs seasonal baseline (n=4, med=652)"
233cca0e-efcf-e631-d2fc-9997a6ba5706,5dda0b14-713b-46d0-a6ce-a7a33a2fb6f9,Jul-25,2025-07-01,887.8,normal,None,seasonal,169-1490,0.31,Monitoring,"z=0.31 vs seasonal baseline (n=4, med=830)"
4d1dd99b-b75a-70b5-406b-f5e869954002,5dda0b14-713b-46d0-a6ce-a7a33a2fb6f9,Nov-25,2025-11-01,570.4,normal,None,apartment_fallback,-88-1121,0.31,Monitoring,"z=0.31 vs apartment_fallback baseline (n=8, med=517)"
85292340-826d-52c1-65c7-7f2a9eb2c2c4,5dda0b14-713b-46d0-a6ce-a7a33a2fb6f9,May-26,2026-05-01,1314.9,normal,None,seasonal,-236-2618,0.3,Monitoring,"z=0.30 vs seasonal baseline (n=4, med=1191)"
77c3a6fd-4651-d880-29aa-abd19c8324df,5dda0b14-713b-46d0-a6ce-a7a33a2fb6f9,Jun-23,2023-06-01,818.4,normal,None,seasonal,707-912,0.3,Monitoring,"z=0.30 vs seasonal baseline (n=4, med=809)"
85292340-826d-52c1-65c7-7f2a9eb2c2c4,5dda0b14-713b-46d0-a6ce-a7a33a2fb6f9,Apr-25,2025-04-01,1029.3,normal,None,seasonal,609-1384,0.3,Monitoring,"z=0.30 vs seasonal baseline (n=4, med=996)"
9d5d0096-0b78-a663-1142-be871dfa2bda,5dda0b14-713b-46d0-a6ce-a7a33a2fb6f9,Jul-26,2026-07-01,1248.6,normal,None,seasonal,12-2294,0.29,Monitoring,"z=0.29 vs seasonal baseline (n=4, med=1153)"
417c9738-a0f7-5a00-1091-37a9fd083dd6,5dda0b14-713b-46d0-a6ce-a7a33a2fb6f9,Jul-25,2025-07-01,851.3,normal,None,seasonal,417-1218,0.29,Monitoring,"z=0.29 vs seasonal baseline (n=4, med=818)"
03edc7c5-4c46-b55e-523d-9fb7be29910b,5dda0b14-713b-46d0-a6ce-a7a33a2fb6f9,Jul-25,2025-07-01,893.0,normal,None,seasonal,767-1001,0.28,Monitoring,"z=0.28 vs seasonal baseline (n=4, med=884)"
417c9738-a0f7-5a00-1091-37a9fd083dd6,5dda0b14-713b-46d0-a6ce-a7a33a2fb6f9,May-26,2026-05-01,877.8,normal,None,seasonal,135-1515,0.27,Monitoring,"z=0.27 vs seasonal baseline (n=4, med=825)"
7719849e-1d17-27d2-31d4-475a4e71f261,5dda0b14-713b-46d0-a6ce-a7a33a2fb6f9,Oct-24,2024-10-01,294.26,normal,None,apartment_fallback,70-487,0.27,Monitoring,"z=0.27 vs apartment_fallback baseline (n=16, med=278)"
4d1dd99b-b75a-70b5-406b-f5e869954002,5dda0b14-713b-46d0-a6ce-a7a33a2fb6f9,Sep-25,2025-09-01,564.1,normal,None,apartment_fallback,-88-1121,0.27,Monitoring,"z=0.27 vs apartment_fallback baseline (n=8, med=517)"
417c9738-a0f7-5a00-1091-37a9fd083dd6,5dda0b14-713b-46d0-a6ce-a7a33a2fb6f9,Apr-24,2024-04-01,856.1,normal,None,seasonal,-163-1739,0.25,Monitoring,"z=0.25 vs seasonal baseline (n=4, med=788)"
5d204545-2f72-b89b-3190-a826b5ab6512,5dda0b14-713b-46d0-a6ce-a7a33a2fb6f9,Jun-24,2024-06-01,666.0,normal,None,seasonal,365-926,0.25,Monitoring,"z=0.25 vs seasonal baseline (n=4, med=646)"
79853a4a-cb02-508c-e041-7e23378aec9c,5dda0b14-713b-46d0-a6ce-a7a33a2fb6f9,Mar-25,2025-03-01,1182.5,normal,None,apartment_fallback,-275-2453,0.24,Monitoring,"z=0.24 vs apartment_fallback baseline (n=25, med=1089)"
990e8a3e-a69c-7b31-f606-3eeb21e3d4c6,5dda0b14-713b-46d0-a6ce-a7a33a2fb6f9,Jul-26,2026-07-01,664.6,normal,None,seasonal,506-804,0.22,Monitoring,"z=0.22 vs seasonal baseline (n=4, med=655)"
211a2b33-4e94-3da1-7d97-406bc26036f5,5dda0b14-713b-46d0-a6ce-a7a33a2fb6f9,Sep-25,2025-09-01,454.1,normal,None,apartment_fallback,-345-1157,0.22,Monitoring,"z=0.22 vs apartment_fallback baseline (n=13, med=406)"
7719849e-1d17-27d2-31d4-475a4e71f261,5dda0b14-713b-46d0-a6ce-a7a33a2fb6f9,Nov-24,2024-11-01,290.83,normal,None,apartment_fallback,70-487,0.21,Monitoring,"z=0.21 vs apartment_fallback baseline (n=16, med=278)"
d2298bb8-a5e5-735a-c8ca-9b18c7daacd6,5dda0b14-713b-46d0-a6ce-a7a33a2fb6f9,Jul-26,2026-07-01,811.9,normal,None,seasonal,606-996,0.2,Monitoring,"z=0.20 vs seasonal baseline (n=4, med=801)"
5d204545-2f72-b89b-3190-a826b5ab6512,5dda0b14-713b-46d0-a6ce-a7a33a2fb6f9,Apr-24,2024-04-01,700.0,normal,None,seasonal,266-1086,0.2,Monitoring,"z=0.20 vs seasonal baseline (n=4, med=676)"
233cca0e-efcf-e631-d2fc-9997a6ba5706,5dda0b14-713b-46d0-a6ce-a7a33a2fb6f9,Apr-25,2025-04-01,816.9,normal,None,seasonal,439-1154,0.2,Monitoring,"z=0.20 vs seasonal baseline (n=4, med=796)"
44625074-3f26-4a2d-74ae-56ba4c94a395,5dda0b14-713b-46d0-a6ce-a7a33a2fb6f9,Aug-23,2023-08-01,479.79,normal,None,apartment_fallback,-6-916,0.19,Monitoring,"z=0.19 vs apartment_fallback baseline (n=20, med=455)"
b0875d50-a469-821b-57c3-03ac62809198,5dda0b14-713b-46d0-a6ce-a7a33a2fb6f9,Jun-25,2025-06-01,758.7,normal,None,seasonal,286-1184,0.19,Monitoring,"z=0.19 vs seasonal baseline (n=4, med=735)"
9d5d0096-0b78-a663-1142-be871dfa2bda,5dda0b14-713b-46d0-a6ce-a7a33a2fb6f9,Jun-26,2026-06-01,1016.9,normal,None,seasonal,-405-2298,0.18,Monitoring,"z=0.18 vs seasonal baseline (n=4, med=946)"
323c0dff-be56-f6ee-f053-ee37de806dea,5dda0b14-713b-46d0-a6ce-a7a33a2fb6f9,Jul-24,2024-07-01,871.0,normal,None,seasonal,581-1132,0.18,Monitoring,"z=0.18 vs seasonal baseline (n=4, med=857)"
ffbd5fe0-d9b3-cb55-cfd7-2d72a3498109,5dda0b14-713b-46d0-a6ce-a7a33a2fb6f9,Jul-26,2026-07-01,900.6,normal,None,seasonal,357-1393,0.17,Monitoring,"z=0.17 vs seasonal baseline (n=4, med=875)"
d2298bb8-a5e5-735a-c8ca-9b18c7daacd6,5dda0b14-713b-46d0-a6ce-a7a33a2fb6f9,Sep-23,2023-09-01,708.3,normal,None,apartment_fallback,-153-1495,0.16,Monitoring,"z=0.16 vs apartment_fallback baseline (n=37, med=671)"
03edc7c5-4c46-b55e-523d-9fb7be29910b,5dda0b14-713b-46d0-a6ce-a7a33a2fb6f9,Apr-24,2024-04-01,1137.2,normal,None,seasonal,109-2081,0.15,Monitoring,"z=0.15 vs seasonal baseline (n=4, med=1095)"
8767525e-d22f-a295-bc29-ba104fdc589a,5dda0b14-713b-46d0-a6ce-a7a33a2fb6f9,Feb-25,2025-02-01,275.7,normal,None,apartment_fallback,-137-655,0.15,Monitoring,"z=0.15 vs apartment_fallback baseline (n=22, med=259)"
bc7f358d-0d6d-f95f-ff80-9089eefdef69,5dda0b14-713b-46d0-a6ce-a7a33a2fb6f9,Jun-25,2025-06-01,1015.9,normal,None,seasonal,569-1426,0.15,Monitoring,"z=0.15 vs seasonal baseline (n=4, med=997)"
2fc42a4f-fe5a-ae08-0e4e-2c89ca71db85,5dda0b14-713b-46d0-a6ce-a7a33a2fb6f9,May-24,2024-05-01,1004.0,normal,None,seasonal,916-1086,0.13,Monitoring,"z=0.13 vs seasonal baseline (n=4, med=1001)"
fb5cedd6-2992-1c62-7fba-4a7a6b43b2ff,5dda0b14-713b-46d0-a6ce-a7a33a2fb6f9,Jul-24,2024-07-01,924.0,normal,None,seasonal,590-1233,0.13,Monitoring,"z=0.13 vs seasonal baseline (n=4, med=912)"
aa73cade-c28c-dc5b-5980-55801ea0d415,5dda0b14-713b-46d0-a6ce-a7a33a2fb6f9,Jun-25,2025-06-01,942.2,normal,None,seasonal,679-1187,0.13,Monitoring,"z=0.13 vs seasonal baseline (n=4, med=933)"
82b270bf-e567-2deb-5ef3-495baafd7645,5dda0b14-713b-46d0-a6ce-a7a33a2fb6f9,May-26,2026-05-01,519.1,normal,None,seasonal,230-791,0.1,Monitoring,"z=0.10 vs seasonal baseline (n=4, med=511)"
dd96a329-ec95-e96a-1348-69d976f39cd4,5dda0b14-713b-46d0-a6ce-a7a33a2fb6f9,Apr-24,2024-04-01,902.15,normal,None,seasonal,-183-1925,0.1,Monitoring,"z=0.10 vs seasonal baseline (n=4, med=871)"
8767525e-d22f-a295-bc29-ba104fdc589a,5dda0b14-713b-46d0-a6ce-a7a33a2fb6f9,Nov-24,2024-11-01,270.7,normal,None,apartment_fallback,-137-655,0.1,Monitoring,"z=0.10 vs apartment_fallback baseline (n=22, med=259)"
0a839c14-2a88-9896-c2f2-8d51fe610405,5dda0b14-713b-46d0-a6ce-a7a33a2fb6f9,Jul-23,2023-07-01,849.7,normal,None,seasonal,167-1501,0.08,Monitoring,"z=0.08 vs seasonal baseline (n=4, med=834)"
7719849e-1d17-27d2-31d4-475a4e71f261,5dda0b14-713b-46d0-a6ce-a7a33a2fb6f9,Sep-23,2023-09-01,283.37,normal,None,apartment_fallback,70-487,0.08,Monitoring,"z=0.08 vs apartment_fallback baseline (n=16, med=278)"
bc7f358d-0d6d-f95f-ff80-9089eefdef69,5dda0b14-713b-46d0-a6ce-a7a33a2fb6f9,Apr-23,2023-04-01,1028.0,normal,None,seasonal,166-1849,0.08,Monitoring,"z=0.08 vs seasonal baseline (n=4, med=1008)"
44625074-3f26-4a2d-74ae-56ba4c94a395,5dda0b14-713b-46d0-a6ce-a7a33a2fb6f9,May-23,2023-05-01,463.0,normal,None,apartment_fallback,-6-916,0.06,Monitoring,"z=0.06 vs apartment_fallback baseline (n=20, med=455)"
188aee4d-68e0-1ddb-38e6-a946bc75072d,5dda0b14-713b-46d0-a6ce-a7a33a2fb6f9,Sep-25,2025-09-01,385.0,normal,None,apartment_fallback,-422-1163,0.06,Monitoring,"z=0.06 vs apartment_fallback baseline (n=14, med=371)"
86ad1ceb-8d81-a926-d998-3a2f1cafba06,5dda0b14-713b-46d0-a6ce-a7a33a2fb6f9,Nov-25,2025-11-01,561.4,normal,None,apartment_fallback,-262-1356,0.06,Monitoring,"z=0.06 vs apartment_fallback baseline (n=25, med=547)"
5d204545-2f72-b89b-3190-a826b5ab6512,5dda0b14-713b-46d0-a6ce-a7a33a2fb6f9,May-25,2025-05-01,800.8,normal,None,seasonal,-16-1593,0.05,Monitoring,"z=0.05 vs seasonal baseline (n=4, med=788)"
188aee4d-68e0-1ddb-38e6-a946bc75072d,5dda0b14-713b-46d0-a6ce-a7a33a2fb6f9,Mar-26,2026-03-01,380.4,normal,None,apartment_fallback,-422-1163,0.04,Monitoring,"z=0.04 vs apartment_fallback baseline (n=14, med=371)"
c2ff0c11-4d1b-7b9b-b93c-aa37c9b6c40b,5dda0b14-713b-46d0-a6ce-a7a33a2fb6f9,Apr-26,2026-04-01,557.1,normal,None,seasonal,150-955,0.04,Monitoring,"z=0.04 vs seasonal baseline (n=4, med=553)"
85292340-826d-52c1-65c7-7f2a9eb2c2c4,5dda0b14-713b-46d0-a6ce-a7a33a2fb6f9,Jun-26,2026-06-01,1249.6,normal,None,seasonal,408-2074,0.04,Monitoring,"z=0.04 vs seasonal baseline (n=4, med=1241)"
990e8a3e-a69c-7b31-f606-3eeb21e3d4c6,5dda0b14-713b-46d0-a6ce-a7a33a2fb6f9,May-24,2024-05-01,581.0,normal,None,seasonal,465-694,0.04,Monitoring,"z=0.04 vs seasonal baseline (n=4, med=580)"
2fc42a4f-fe5a-ae08-0e4e-2c89ca71db85,5dda0b14-713b-46d0-a6ce-a7a33a2fb6f9,Apr-25,2025-04-01,948.9,normal,None,seasonal,843-1053,0.04,Monitoring,"z=0.04 vs seasonal baseline (n=4, med=948)"
4d1dd99b-b75a-70b5-406b-f5e869954002,5dda0b14-713b-46d0-a6ce-a7a33a2fb6f9,Oct-25,2025-10-01,523.4,normal,None,apartment_fallback,-88-1121,0.04,Monitoring,"z=0.04 vs apartment_fallback baseline (n=8, med=517)"
574de174-c7bb-bc11-f282-cff2aa2501c5,5dda0b14-713b-46d0-a6ce-a7a33a2fb6f9,Jul-26,2026-07-01,436.5,normal,None,seasonal,85-781,0.03,Monitoring,"z=0.03 vs seasonal baseline (n=4, med=433)"
8767525e-d22f-a295-bc29-ba104fdc589a,5dda0b14-713b-46d0-a6ce-a7a33a2fb6f9,Apr-26,2026-04-01,261.1,normal,None,apartment_fallback,-137-655,0.02,Monitoring,"z=0.02 vs apartment_fallback baseline (n=22, med=259)"
990e8a3e-a69c-7b31-f606-3eeb21e3d4c6,5dda0b14-713b-46d0-a6ce-a7a33a2fb6f9,Jun-25,2025-06-01,624.9,normal,None,seasonal,473-775,0.02,Monitoring,"z=0.02 vs seasonal baseline (n=4, med=624)"
bde00681-ebfc-ef38-4f6e-4906a012de6b,5dda0b14-713b-46d0-a6ce-a7a33a2fb6f9,Mar-26,2026-03-01,832.4,normal,None,seasonal,421-1244,0.0,Monitoring,"z=0.00 vs seasonal baseline (n=3, med=832)"
b0875d50-a469-821b-57c3-03ac62809198,5dda0b14-713b-46d0-a6ce-a7a33a2fb6f9,Mar-26,2026-03-01,654.8,normal,None,seasonal,454-856,0.0,Monitoring,"z=0.00 vs seasonal baseline (n=3, med=655)"
10c6863d-07c3-4fc4-94f9-6adc29157ce1,5dda0b14-713b-46d0-a6ce-a7a33a2fb6f9,Mar-26,2026-03-01,524.1,normal,None,seasonal,461-587,0.0,Monitoring,"z=0.00 vs seasonal baseline (n=3, med=524)"
1b4d1066-8fe4-199b-7b3b-39e4bded9714,5dda0b14-713b-46d0-a6ce-a7a33a2fb6f9,Mar-26,2026-03-01,980.5,normal,None,seasonal,-1504-3465,0.0,Monitoring,"z=0.00 vs seasonal baseline (n=3, med=980)"
c2ff0c11-4d1b-7b9b-b93c-aa37c9b6c40b,5dda0b14-713b-46d0-a6ce-a7a33a2fb6f9,Mar-26,2026-03-01,664.4,normal,None,seasonal,393-936,0.0,Monitoring,"z=0.00 vs seasonal baseline (n=3, med=664)"
323c0dff-be56-f6ee-f053-ee37de806dea,5dda0b14-713b-46d0-a6ce-a7a33a2fb6f9,Mar-26,2026-03-01,760.4,normal,None,seasonal,353-1168,0.0,Monitoring,"z=0.00 vs seasonal baseline (n=3, med=760)"
b0d4d2c8-f6ee-bc16-ffd7-fc33c8db8571,5dda0b14-713b-46d0-a6ce-a7a33a2fb6f9,Mar-26,2026-03-01,818.0,normal,None,seasonal,262-1374,0.0,Monitoring,"z=0.00 vs seasonal baseline (n=3, med=818)"
fb5cedd6-2992-1c62-7fba-4a7a6b43b2ff,5dda0b14-713b-46d0-a6ce-a7a33a2fb6f9,Mar-26,2026-03-01,790.6,normal,None,seasonal,438-1143,0.0,Monitoring,"z=0.00 vs seasonal baseline (n=3, med=791)"
82b270bf-e567-2deb-5ef3-495baafd7645,5dda0b14-713b-46d0-a6ce-a7a33a2fb6f9,Mar-26,2026-03-01,362.0,normal,None,seasonal,245-479,0.0,Monitoring,"z=0.00 vs seasonal baseline (n=3, med=362)"
574de174-c7bb-bc11-f282-cff2aa2501c5,5dda0b14-713b-46d0-a6ce-a7a33a2fb6f9,May-25,2025-05-01,522.6,normal,None,seasonal,323-722,0.0,Monitoring,"z=0.00 vs seasonal baseline (n=3, med=523)"
79853a4a-cb02-508c-e041-7e23378aec9c,5dda0b14-713b-46d0-a6ce-a7a33a2fb6f9,Jul-26,2026-07-01,1467.5,normal,None,seasonal,1180-1755,0.0,Monitoring,"z=0.00 vs seasonal baseline (n=3, med=1468)"
c2ff0c11-4d1b-7b9b-b93c-aa37c9b6c40b,5dda0b14-713b-46d0-a6ce-a7a33a2fb6f9,Jun-26,2026-06-01,959.7,normal,None,seasonal,-361-2280,0.0,Monitoring,"z=0.00 vs seasonal baseline (n=3, med=960)"
5d204545-2f72-b89b-3190-a826b5ab6512,5dda0b14-713b-46d0-a6ce-a7a33a2fb6f9,Aug-23,2023-08-01,852.5,normal,None,seasonal,186-1519,0.0,Monitoring,"z=0.00 vs seasonal baseline (n=3, med=852)"
417c9738-a0f7-5a00-1091-37a9fd083dd6,5dda0b14-713b-46d0-a6ce-a7a33a2fb6f9,Aug-23,2023-08-01,619.1,normal,None,seasonal,416-822,0.0,Monitoring,"z=0.00 vs seasonal baseline (n=3, med=619)"
49ed1c8e-3653-c89b-ec74-16d8e20bb923,5dda0b14-713b-46d0-a6ce-a7a33a2fb6f9,Aug-23,2023-08-01,671.4,normal,None,seasonal,328-1015,0.0,Monitoring,"z=0.00 vs seasonal baseline (n=3, med=671)"
ffbd5fe0-d9b3-cb55-cfd7-2d72a3498109,5dda0b14-713b-46d0-a6ce-a7a33a2fb6f9,Aug-23,2023-08-01,828.5,normal,None,seasonal,110-1547,0.0,Monitoring,"z=0.00 vs seasonal baseline (n=3, med=828)"
b0875d50-a469-821b-57c3-03ac62809198,5dda0b14-713b-46d0-a6ce-a7a33a2fb6f9,Aug-23,2023-08-01,618.1,normal,None,seasonal,484-752,0.0,Monitoring,"z=0.00 vs seasonal baseline (n=3, med=618)"
9d5d0096-0b78-a663-1142-be871dfa2bda,5dda0b14-713b-46d0-a6ce-a7a33a2fb6f9,Aug-23,2023-08-01,1017.3,normal,None,seasonal,935-1099,0.0,Monitoring,"z=0.00 vs seasonal baseline (n=3, med=1017)"
fb5cedd6-2992-1c62-7fba-4a7a6b43b2ff,5dda0b14-713b-46d0-a6ce-a7a33a2fb6f9,Aug-23,2023-08-01,998.9,normal,None,seasonal,596-1402,0.0,Monitoring,"z=0.00 vs seasonal baseline (n=3, med=999)"
233cca0e-efcf-e631-d2fc-9997a6ba5706,5dda0b14-713b-46d0-a6ce-a7a33a2fb6f9,Aug-23,2023-08-01,936.6,normal,None,seasonal,670-1203,0.0,Monitoring,"z=0.00 vs seasonal baseline (n=3, med=937)"
c17c5093-48b7-139f-ebfc-1cd33ef5179c,5dda0b14-713b-46d0-a6ce-a7a33a2fb6f9,Aug-23,2023-08-01,507.7,normal,None,seasonal,397-618,0.0,Monitoring,"z=0.00 vs seasonal baseline (n=3, med=508)"
a361bd0d-c2c1-2aee-6303-d65de004edd0,5dda0b14-713b-46d0-a6ce-a7a33a2fb6f9,Sep-23,2023-09-01,664.3,normal,None,seasonal,457-871,0.0,Monitoring,"z=0.00 vs seasonal baseline (n=3, med=664)"
85292340-826d-52c1-65c7-7f2a9eb2c2c4,5dda0b14-713b-46d0-a6ce-a7a33a2fb6f9,Sep-23,2023-09-01,997.1,normal,None,seasonal,593-1401,0.0,Monitoring,"z=0.00 vs seasonal baseline (n=3, med=997)"
ffbd5fe0-d9b3-cb55-cfd7-2d72a3498109,5dda0b14-713b-46d0-a6ce-a7a33a2fb6f9,Sep-23,2023-09-01,932.1,normal,None,seasonal,-132-1996,0.0,Monitoring,"z=0.00 vs seasonal baseline (n=3, med=932)"
c17c5093-48b7-139f-ebfc-1cd33ef5179c,5dda0b14-713b-46d0-a6ce-a7a33a2fb6f9,Sep-23,2023-09-01,679.6,normal,None,seasonal,655-705,0.0,Monitoring,"z=0.00 vs seasonal baseline (n=3, med=680)"
c2ff0c11-4d1b-7b9b-b93c-aa37c9b6c40b,5dda0b14-713b-46d0-a6ce-a7a33a2fb6f9,Sep-23,2023-09-01,661.3,normal,None,seasonal,-237-1560,0.0,Monitoring,"z=0.00 vs seasonal baseline (n=3, med=661)"
b0d4d2c8-f6ee-bc16-ffd7-fc33c8db8571,5dda0b14-713b-46d0-a6ce-a7a33a2fb6f9,Oct-23,2023-10-01,706.6,normal,None,seasonal,153-1260,0.0,Monitoring,"z=0.00 vs seasonal baseline (n=3, med=707)"
5d204545-2f72-b89b-3190-a826b5ab6512,5dda0b14-713b-46d0-a6ce-a7a33a2fb6f9,Oct-23,2023-10-01,600.1,normal,None,seasonal,476-725,0.0,Monitoring,"z=0.00 vs seasonal baseline (n=3, med=600)"
82b270bf-e567-2deb-5ef3-495baafd7645,5dda0b14-713b-46d0-a6ce-a7a33a2fb6f9,Oct-23,2023-10-01,425.2,normal,None,seasonal,252-598,0.0,Monitoring,"z=0.00 vs seasonal baseline (n=3, med=425)"
a361bd0d-c2c1-2aee-6303-d65de004edd0,5dda0b14-713b-46d0-a6ce-a7a33a2fb6f9,Oct-23,2023-10-01,751.1,normal,None,seasonal,-27-1529,0.0,Monitoring,"z=0.00 vs seasonal baseline (n=3, med=751)"
49ed1c8e-3653-c89b-ec74-16d8e20bb923,5dda0b14-713b-46d0-a6ce-a7a33a2fb6f9,Oct-23,2023-10-01,646.5,normal,None,seasonal,521-772,0.0,Monitoring,"z=0.00 vs seasonal baseline (n=3, med=646)"
85292340-826d-52c1-65c7-7f2a9eb2c2c4,5dda0b14-713b-46d0-a6ce-a7a33a2fb6f9,Oct-23,2023-10-01,1051.5,normal,None,seasonal,155-1948,0.0,Monitoring,"z=0.00 vs seasonal baseline (n=3, med=1052)"
dd96a329-ec95-e96a-1348-69d976f39cd4,5dda0b14-713b-46d0-a6ce-a7a33a2fb6f9,Oct-23,2023-10-01,728.3,normal,None,seasonal,146-1311,0.0,Monitoring,"z=0.00 vs seasonal baseline (n=3, med=728)"
9d5d0096-0b78-a663-1142-be871dfa2bda,5dda0b14-713b-46d0-a6ce-a7a33a2fb6f9,Oct-23,2023-10-01,924.1,normal,None,seasonal,676-1173,0.0,Monitoring,"z=0.00 vs seasonal baseline (n=3, med=924)"
fb5cedd6-2992-1c62-7fba-4a7a6b43b2ff,5dda0b14-713b-46d0-a6ce-a7a33a2fb6f9,Oct-23,2023-10-01,882.7,normal,None,seasonal,800-965,0.0,Monitoring,"z=0.00 vs seasonal baseline (n=3, med=883)"
dc4adc21-f501-0573-2e9a-d7bbbc89e5d6,5dda0b14-713b-46d0-a6ce-a7a33a2fb6f9,Oct-23,2023-10-01,517.49,normal,None,seasonal,195-840,0.0,Monitoring,"z=0.00 vs seasonal baseline (n=3, med=517)"
03edc7c5-4c46-b55e-523d-9fb7be29910b,5dda0b14-713b-46d0-a6ce-a7a33a2fb6f9,Nov-23,2023-11-01,696.8,normal,None,seasonal,506-888,0.0,Monitoring,"z=0.00 vs seasonal baseline (n=3, med=697)"
ffbd5fe0-d9b3-cb55-cfd7-2d72a3498109,5dda0b14-713b-46d0-a6ce-a7a33a2fb6f9,Nov-23,2023-11-01,739.5,normal,None,seasonal,435-1044,0.0,Monitoring,"z=0.00 vs seasonal baseline (n=3, med=740)"
bc7f358d-0d6d-f95f-ff80-9089eefdef69,5dda0b14-713b-46d0-a6ce-a7a33a2fb6f9,Nov-23,2023-11-01,659.1,normal,None,seasonal,-14-1332,0.0,Monitoring,"z=0.00 vs seasonal baseline (n=3, med=659)"
b0875d50-a469-821b-57c3-03ac62809198,5dda0b14-713b-46d0-a6ce-a7a33a2fb6f9,Nov-23,2023-11-01,447.8,normal,None,seasonal,122-773,0.0,Monitoring,"z=0.00 vs seasonal baseline (n=3, med=448)"
77c3a6fd-4651-d880-29aa-abd19c8324df,5dda0b14-713b-46d0-a6ce-a7a33a2fb6f9,Nov-23,2023-11-01,493.8,normal,None,seasonal,420-568,0.0,Monitoring,"z=0.00 vs seasonal baseline (n=3, med=494)"
fb5cedd6-2992-1c62-7fba-4a7a6b43b2ff,5dda0b14-713b-46d0-a6ce-a7a33a2fb6f9,Nov-23,2023-11-01,738.3,normal,None,seasonal,576-900,0.0,Monitoring,"z=0.00 vs seasonal baseline (n=3, med=738)"
c17c5093-48b7-139f-ebfc-1cd33ef5179c,5dda0b14-713b-46d0-a6ce-a7a33a2fb6f9,Nov-23,2023-11-01,431.7,normal,None,seasonal,66-797,0.0,Monitoring,"z=0.00 vs seasonal baseline (n=3, med=432)"
c2ff0c11-4d1b-7b9b-b93c-aa37c9b6c40b,5dda0b14-713b-46d0-a6ce-a7a33a2fb6f9,Nov-23,2023-11-01,518.4,normal,None,seasonal,-159-1196,0.0,Monitoring,"z=0.00 vs seasonal baseline (n=3, med=518)"
d2298bb8-a5e5-735a-c8ca-9b18c7daacd6,5dda0b14-713b-46d0-a6ce-a7a33a2fb6f9,Nov-23,2023-11-01,525.0,normal,None,seasonal,459-591,0.0,Monitoring,"z=0.00 vs seasonal baseline (n=3, med=525)"
2fc42a4f-fe5a-ae08-0e4e-2c89ca71db85,5dda0b14-713b-46d0-a6ce-a7a33a2fb6f9,Jan-24,2024-01-01,455.1,normal,None,seasonal,291-619,0.0,Monitoring,"z=0.00 vs seasonal baseline (n=3, med=455)"
82b270bf-e567-2deb-5ef3-495baafd7645,5dda0b14-713b-46d0-a6ce-a7a33a2fb6f9,Jan-24,2024-01-01,178.1,normal,None,seasonal,137-219,0.0,Monitoring,"z=0.00 vs seasonal baseline (n=3, med=178)"
aa73cade-c28c-dc5b-5980-55801ea0d415,5dda0b14-713b-46d0-a6ce-a7a33a2fb6f9,Jan-24,2024-01-01,563.0,normal,None,seasonal,408-718,0.0,Monitoring,"z=0.00 vs seasonal baseline (n=3, med=563)"
49ed1c8e-3653-c89b-ec74-16d8e20bb923,5dda0b14-713b-46d0-a6ce-a7a33a2fb6f9,Jan-24,2024-01-01,358.4,normal,None,seasonal,241-476,0.0,Monitoring,"z=0.00 vs seasonal baseline (n=3, med=358)"
85292340-826d-52c1-65c7-7f2a9eb2c2c4,5dda0b14-713b-46d0-a6ce-a7a33a2fb6f9,Jan-24,2024-01-01,591.9,normal,None,seasonal,-289-1472,0.0,Monitoring,"z=0.00 vs seasonal baseline (n=3, med=592)"
dd96a329-ec95-e96a-1348-69d976f39cd4,5dda0b14-713b-46d0-a6ce-a7a33a2fb6f9,Jan-24,2024-01-01,551.0,normal,None,seasonal,-713-1815,0.0,Monitoring,"z=0.00 vs seasonal baseline (n=3, med=551)"
77c3a6fd-4651-d880-29aa-abd19c8324df,5dda0b14-713b-46d0-a6ce-a7a33a2fb6f9,Jan-24,2024-01-01,359.2,normal,None,seasonal,116-603,0.0,Monitoring,"z=0.00 vs seasonal baseline (n=3, med=359)"
10c6863d-07c3-4fc4-94f9-6adc29157ce1,5dda0b14-713b-46d0-a6ce-a7a33a2fb6f9,Jan-24,2024-01-01,313.9,normal,None,seasonal,77-551,0.0,Monitoring,"z=0.00 vs seasonal baseline (n=3, med=314)"
233cca0e-efcf-e631-d2fc-9997a6ba5706,5dda0b14-713b-46d0-a6ce-a7a33a2fb6f9,Jan-24,2024-01-01,438.3,normal,None,seasonal,47-830,0.0,Monitoring,"z=0.00 vs seasonal baseline (n=3, med=438)"
dc4adc21-f501-0573-2e9a-d7bbbc89e5d6,5dda0b14-713b-46d0-a6ce-a7a33a2fb6f9,Jan-24,2024-01-01,478.23,normal,None,seasonal,139-817,0.0,Monitoring,"z=0.00 vs seasonal baseline (n=3, med=478)"
d2298bb8-a5e5-735a-c8ca-9b18c7daacd6,5dda0b14-713b-46d0-a6ce-a7a33a2fb6f9,Jan-24,2024-01-01,204.7,normal,None,seasonal,185-224,0.0,Monitoring,"z=0.00 vs seasonal baseline (n=3, med=205)"
2fc42a4f-fe5a-ae08-0e4e-2c89ca71db85,5dda0b14-713b-46d0-a6ce-a7a33a2fb6f9,Feb-24,2024-02-01,657.7,normal,None,seasonal,535-781,0.0,Monitoring,"z=0.00 vs seasonal baseline (n=3, med=658)"
417c9738-a0f7-5a00-1091-37a9fd083dd6,5dda0b14-713b-46d0-a6ce-a7a33a2fb6f9,Feb-24,2024-02-01,545.8,normal,None,seasonal,232-860,0.0,Monitoring,"z=0.00 vs seasonal baseline (n=3, med=546)"
a361bd0d-c2c1-2aee-6303-d65de004edd0,5dda0b14-713b-46d0-a6ce-a7a33a2fb6f9,Feb-24,2024-02-01,434.2,normal,None,seasonal,431-438,0.0,Monitoring,"z=0.00 vs seasonal baseline (n=3, med=434)"
aa73cade-c28c-dc5b-5980-55801ea0d415,5dda0b14-713b-46d0-a6ce-a7a33a2fb6f9,Feb-24,2024-02-01,514.8,normal,None,seasonal,250-779,0.0,Monitoring,"z=0.00 vs seasonal baseline (n=3, med=515)"
49ed1c8e-3653-c89b-ec74-16d8e20bb923,5dda0b14-713b-46d0-a6ce-a7a33a2fb6f9,Feb-24,2024-02-01,461.2,normal,None,seasonal,447-476,0.0,Monitoring,"z=0.00 vs seasonal baseline (n=3, med=461)"
dd96a329-ec95-e96a-1348-69d976f39cd4,5dda0b14-713b-46d0-a6ce-a7a33a2fb6f9,Feb-24,2024-02-01,617.85,normal,None,seasonal,348-888,0.0,Monitoring,"z=0.00 vs seasonal baseline (n=3, med=618)"
10c6863d-07c3-4fc4-94f9-6adc29157ce1,5dda0b14-713b-46d0-a6ce-a7a33a2fb6f9,Feb-24,2024-02-01,445.0,normal,None,seasonal,97-793,0.0,Monitoring,"z=0.00 vs seasonal baseline (n=3, med=445)"
990e8a3e-a69c-7b31-f606-3eeb21e3d4c6,5dda0b14-713b-46d0-a6ce-a7a33a2fb6f9,Feb-24,2024-02-01,288.1,normal,None,seasonal,224-352,0.0,Monitoring,"z=0.00 vs seasonal baseline (n=3, med=288)"
9d5d0096-0b78-a663-1142-be871dfa2bda,5dda0b14-713b-46d0-a6ce-a7a33a2fb6f9,Feb-24,2024-02-01,881.0,normal,None,seasonal,316-1446,0.0,Monitoring,"z=0.00 vs seasonal baseline (n=3, med=881)"
233cca0e-efcf-e631-d2fc-9997a6ba5706,5dda0b14-713b-46d0-a6ce-a7a33a2fb6f9,Feb-24,2024-02-01,610.0,normal,None,seasonal,473-747,0.0,Monitoring,"z=0.00 vs seasonal baseline (n=3, med=610)"
c17c5093-48b7-139f-ebfc-1cd33ef5179c,5dda0b14-713b-46d0-a6ce-a7a33a2fb6f9,Feb-24,2024-02-01,384.4,normal,None,seasonal,217-551,0.0,Monitoring,"z=0.00 vs seasonal baseline (n=3, med=384)"
c2ff0c11-4d1b-7b9b-b93c-aa37c9b6c40b,5dda0b14-713b-46d0-a6ce-a7a33a2fb6f9,Feb-24,2024-02-01,388.1,normal,None,seasonal,335-441,0.0,Monitoring,"z=0.00 vs seasonal baseline (n=3, med=388)"
03edc7c5-4c46-b55e-523d-9fb7be29910b,5dda0b14-713b-46d0-a6ce-a7a33a2fb6f9,Mar-24,2024-03-01,961.6,normal,None,seasonal,880-1044,0.0,Monitoring,"z=0.00 vs seasonal baseline (n=3, med=962)"
2fc42a4f-fe5a-ae08-0e4e-2c89ca71db85,5dda0b14-713b-46d0-a6ce-a7a33a2fb6f9,Mar-24,2024-03-01,1002.7,normal,None,seasonal,486-1519,0.0,Monitoring,"z=0.00 vs seasonal baseline (n=3, med=1003)"
574de174-c7bb-bc11-f282-cff2aa2501c5,5dda0b14-713b-46d0-a6ce-a7a33a2fb6f9,Mar-24,2024-03-01,455.5,normal,None,seasonal,105-806,0.0,Monitoring,"z=0.00 vs seasonal baseline (n=3, med=456)"
aa73cade-c28c-dc5b-5980-55801ea0d415,5dda0b14-713b-46d0-a6ce-a7a33a2fb6f9,Mar-24,2024-03-01,888.4,normal,None,seasonal,342-1435,0.0,Monitoring,"z=0.00 vs seasonal baseline (n=3, med=888)"
dd96a329-ec95-e96a-1348-69d976f39cd4,5dda0b14-713b-46d0-a6ce-a7a33a2fb6f9,Mar-24,2024-03-01,806.4,normal,None,seasonal,-348-1961,0.0,Monitoring,"z=0.00 vs seasonal baseline (n=3, med=806)"
990e8a3e-a69c-7b31-f606-3eeb21e3d4c6,5dda0b14-713b-46d0-a6ce-a7a33a2fb6f9,Mar-24,2024-03-01,342.2,normal,None,seasonal,297-388,0.0,Monitoring,"z=0.00 vs seasonal baseline (n=3, med=342)"
9d5d0096-0b78-a663-1142-be871dfa2bda,5dda0b14-713b-46d0-a6ce-a7a33a2fb6f9,Mar-24,2024-03-01,1063.2,normal,None,seasonal,149-1978,0.0,Monitoring,"z=0.00 vs seasonal baseline (n=3, med=1063)"
dc4adc21-f501-0573-2e9a-d7bbbc89e5d6,5dda0b14-713b-46d0-a6ce-a7a33a2fb6f9,Mar-24,2024-03-01,784.91,normal,None,seasonal,615-955,0.0,Monitoring,"z=0.00 vs seasonal baseline (n=3, med=785)"
c17c5093-48b7-139f-ebfc-1cd33ef5179c,5dda0b14-713b-46d0-a6ce-a7a33a2fb6f9,Mar-24,2024-03-01,520.2,normal,None,seasonal,356-685,0.0,Monitoring,"z=0.00 vs seasonal baseline (n=3, med=520)"
1b4d1066-8fe4-199b-7b3b-39e4bded9714,5dda0b14-713b-46d0-a6ce-a7a33a2fb6f9,May-24,2024-05-01,1319.0,normal,None,seasonal,836-1802,0.0,Monitoring,"z=0.00 vs seasonal baseline (n=3, med=1319)"
dd96a329-ec95-e96a-1348-69d976f39cd4,5dda0b14-713b-46d0-a6ce-a7a33a2fb6f9,Jun-24,2024-06-01,886.0,normal,None,seasonal,536-1236,0.0,Monitoring,"z=0.00 vs seasonal baseline (n=3, med=886)"
86ad1ceb-8d81-a926-d998-3a2f1cafba06,5dda0b14-713b-46d0-a6ce-a7a33a2fb6f9,Jul-24,2024-07-01,997.0,normal,None,seasonal,287-1707,0.0,Monitoring,"z=0.00 vs seasonal baseline (n=3, med=997)"
1b4d1066-8fe4-199b-7b3b-39e4bded9714,5dda0b14-713b-46d0-a6ce-a7a33a2fb6f9,Jul-24,2024-07-01,1154.0,normal,None,seasonal,765-1543,0.0,Monitoring,"z=0.00 vs seasonal baseline (n=3, med=1154)"
0a839c14-2a88-9896-c2f2-8d51fe610405,5dda0b14-713b-46d0-a6ce-a7a33a2fb6f9,Aug-24,2024-08-01,782.0,normal,None,seasonal,756-808,0.0,Monitoring,"z=0.00 vs seasonal baseline (n=3, med=782)"
323c0dff-be56-f6ee-f053-ee37de806dea,5dda0b14-713b-46d0-a6ce-a7a33a2fb6f9,Aug-24,2024-08-01,792.0,normal,None,seasonal,643-941,0.0,Monitoring,"z=0.00 vs seasonal baseline (n=3, med=792)"
aa73cade-c28c-dc5b-5980-55801ea0d415,5dda0b14-713b-46d0-a6ce-a7a33a2fb6f9,Aug-24,2024-08-01,714.0,normal,None,seasonal,456-972,0.0,Monitoring,"z=0.00 vs seasonal baseline (n=3, med=714)"
dd96a329-ec95-e96a-1348-69d976f39cd4,5dda0b14-713b-46d0-a6ce-a7a33a2fb6f9,Aug-24,2024-08-01,934.0,normal,None,seasonal,-117-1985,0.0,Monitoring,"z=0.00 vs seasonal baseline (n=3, med=934)"
77c3a6fd-4651-d880-29aa-abd19c8324df,5dda0b14-713b-46d0-a6ce-a7a33a2fb6f9,Aug-24,2024-08-01,795.0,normal,None,seasonal,375-1215,0.0,Monitoring,"z=0.00 vs seasonal baseline (n=3, med=795)"
10c6863d-07c3-4fc4-94f9-6adc29157ce1,5dda0b14-713b-46d0-a6ce-a7a33a2fb6f9,Aug-24,2024-08-01,867.0,normal,None,seasonal,79-1655,0.0,Monitoring,"z=0.00 vs seasonal baseline (n=3, med=867)"
dc4adc21-f501-0573-2e9a-d7bbbc89e5d6,5dda0b14-713b-46d0-a6ce-a7a33a2fb6f9,Aug-24,2024-08-01,666.0,normal,None,seasonal,530-802,0.0,Monitoring,"z=0.00 vs seasonal baseline (n=3, med=666)"
2fc42a4f-fe5a-ae08-0e4e-2c89ca71db85,5dda0b14-713b-46d0-a6ce-a7a33a2fb6f9,Sep-24,2024-09-01,869.0,normal,None,seasonal,677-1061,0.0,Monitoring,"z=0.00 vs seasonal baseline (n=3, med=869)"
417c9738-a0f7-5a00-1091-37a9fd083dd6,5dda0b14-713b-46d0-a6ce-a7a33a2fb6f9,Sep-24,2024-09-01,639.9,normal,None,seasonal,382-898,0.0,Monitoring,"z=0.00 vs seasonal baseline (n=3, med=640)"
82b270bf-e567-2deb-5ef3-495baafd7645,5dda0b14-713b-46d0-a6ce-a7a33a2fb6f9,Sep-24,2024-09-01,509.3,normal,None,seasonal,173-846,0.0,Monitoring,"z=0.00 vs seasonal baseline (n=3, med=509)"
aa73cade-c28c-dc5b-5980-55801ea0d415,5dda0b14-713b-46d0-a6ce-a7a33a2fb6f9,Sep-24,2024-09-01,923.4,normal,None,seasonal,635-1212,0.0,Monitoring,"z=0.00 vs seasonal baseline (n=3, med=923)"
bc7f358d-0d6d-f95f-ff80-9089eefdef69,5dda0b14-713b-46d0-a6ce-a7a33a2fb6f9,Sep-24,2024-09-01,1034.8,normal,None,seasonal,707-1362,0.0,Monitoring,"z=0.00 vs seasonal baseline (n=3, med=1035)"
b0875d50-a469-821b-57c3-03ac62809198,5dda0b14-713b-46d0-a6ce-a7a33a2fb6f9,Sep-24,2024-09-01,565.2,normal,None,seasonal,412-719,0.0,Monitoring,"z=0.00 vs seasonal baseline (n=3, med=565)"
dd96a329-ec95-e96a-1348-69d976f39cd4,5dda0b14-713b-46d0-a6ce-a7a33a2fb6f9,Sep-24,2024-09-01,942.85,normal,None,seasonal,867-1019,0.0,Monitoring,"z=0.00 vs seasonal baseline (n=3, med=943)"
77c3a6fd-4651-d880-29aa-abd19c8324df,5dda0b14-713b-46d0-a6ce-a7a33a2fb6f9,Sep-24,2024-09-01,733.9,normal,None,seasonal,377-1091,0.0,Monitoring,"z=0.00 vs seasonal baseline (n=3, med=734)"
86ad1ceb-8d81-a926-d998-3a2f1cafba06,5dda0b14-713b-46d0-a6ce-a7a33a2fb6f9,Sep-24,2024-09-01,547.2,normal,None,apartment_fallback,-262-1356,0.0,Monitoring,"z=0.00 vs apartment_fallback baseline (n=25, med=547)"
10c6863d-07c3-4fc4-94f9-6adc29157ce1,5dda0b14-713b-46d0-a6ce-a7a33a2fb6f9,Sep-24,2024-09-01,754.8,normal,None,seasonal,510-999,0.0,Monitoring,"z=0.00 vs seasonal baseline (n=3, med=755)"
fb5cedd6-2992-1c62-7fba-4a7a6b43b2ff,5dda0b14-713b-46d0-a6ce-a7a33a2fb6f9,Sep-24,2024-09-01,990.7,normal,None,seasonal,646-1336,0.0,Monitoring,"z=0.00 vs seasonal baseline (n=3, med=991)"
dc4adc21-f501-0573-2e9a-d7bbbc89e5d6,5dda0b14-713b-46d0-a6ce-a7a33a2fb6f9,Sep-24,2024-09-01,598.0,normal,None,seasonal,253-943,0.0,Monitoring,"z=0.00 vs seasonal baseline (n=3, med=598)"
03edc7c5-4c46-b55e-523d-9fb7be29910b,5dda0b14-713b-46d0-a6ce-a7a33a2fb6f9,Oct-24,2024-10-01,683.7,normal,None,seasonal,370-998,0.0,Monitoring,"z=0.00 vs seasonal baseline (n=3, med=684)"
2fc42a4f-fe5a-ae08-0e4e-2c89ca71db85,5dda0b14-713b-46d0-a6ce-a7a33a2fb6f9,Oct-24,2024-10-01,702.5,normal,None,seasonal,493-912,0.0,Monitoring,"z=0.00 vs seasonal baseline (n=3, med=702)"
417c9738-a0f7-5a00-1091-37a9fd083dd6,5dda0b14-713b-46d0-a6ce-a7a33a2fb6f9,Oct-24,2024-10-01,765.5,normal,None,seasonal,297-1234,0.0,Monitoring,"z=0.00 vs seasonal baseline (n=3, med=766)"
574de174-c7bb-bc11-f282-cff2aa2501c5,5dda0b14-713b-46d0-a6ce-a7a33a2fb6f9,Oct-24,2024-10-01,393.2,normal,None,seasonal,380-407,0.0,Monitoring,"z=0.00 vs seasonal baseline (n=3, med=393)"
323c0dff-be56-f6ee-f053-ee37de806dea,5dda0b14-713b-46d0-a6ce-a7a33a2fb6f9,Oct-24,2024-10-01,767.9,normal,None,seasonal,-331-1866,0.0,Monitoring,"z=0.00 vs seasonal baseline (n=3, med=768)"
aa73cade-c28c-dc5b-5980-55801ea0d415,5dda0b14-713b-46d0-a6ce-a7a33a2fb6f9,Oct-24,2024-10-01,910.7,normal,None,seasonal,-207-2028,0.0,Monitoring,"z=0.00 vs seasonal baseline (n=3, med=911)"
bde00681-ebfc-ef38-4f6e-4906a012de6b,5dda0b14-713b-46d0-a6ce-a7a33a2fb6f9,Oct-24,2024-10-01,766.4,normal,None,seasonal,703-830,0.0,Monitoring,"z=0.00 vs seasonal baseline (n=3, med=766)"
ffbd5fe0-d9b3-cb55-cfd7-2d72a3498109,5dda0b14-713b-46d0-a6ce-a7a33a2fb6f9,Oct-24,2024-10-01,675.6,normal,None,seasonal,579-772,0.0,Monitoring,"z=0.00 vs seasonal baseline (n=3, med=676)"
10c6863d-07c3-4fc4-94f9-6adc29157ce1,5dda0b14-713b-46d0-a6ce-a7a33a2fb6f9,Oct-24,2024-10-01,609.3,normal,None,seasonal,-86-1304,0.0,Monitoring,"z=0.00 vs seasonal baseline (n=3, med=609)"
233cca0e-efcf-e631-d2fc-9997a6ba5706,5dda0b14-713b-46d0-a6ce-a7a33a2fb6f9,Oct-24,2024-10-01,611.0,normal,None,seasonal,581-641,0.0,Monitoring,"z=0.00 vs seasonal baseline (n=3, med=611)"
2fc42a4f-fe5a-ae08-0e4e-2c89ca71db85,5dda0b14-713b-46d0-a6ce-a7a33a2fb6f9,Nov-24,2024-11-01,658.5,normal,None,seasonal,230-1087,0.0,Monitoring,"z=0.00 vs seasonal baseline (n=3, med=658)"
417c9738-a0f7-5a00-1091-37a9fd083dd6,5dda0b14-713b-46d0-a6ce-a7a33a2fb6f9,Nov-24,2024-11-01,540.7,normal,None,seasonal,394-687,0.0,Monitoring,"z=0.00 vs seasonal baseline (n=3, med=541)"
323c0dff-be56-f6ee-f053-ee37de806dea,5dda0b14-713b-46d0-a6ce-a7a33a2fb6f9,Nov-24,2024-11-01,759.8,normal,None,seasonal,694-826,0.0,Monitoring,"z=0.00 vs seasonal baseline (n=3, med=760)"
aa73cade-c28c-dc5b-5980-55801ea0d415,5dda0b14-713b-46d0-a6ce-a7a33a2fb6f9,Nov-24,2024-11-01,736.7,normal,None,seasonal,153-1320,0.0,Monitoring,"z=0.00 vs seasonal baseline (n=3, med=737)"
bde00681-ebfc-ef38-4f6e-4906a012de6b,5dda0b14-713b-46d0-a6ce-a7a33a2fb6f9,Nov-24,2024-11-01,611.8,normal,None,seasonal,-156-1380,0.0,Monitoring,"z=0.00 vs seasonal baseline (n=3, med=612)"
10c6863d-07c3-4fc4-94f9-6adc29157ce1,5dda0b14-713b-46d0-a6ce-a7a33a2fb6f9,Nov-24,2024-11-01,490.6,normal,None,seasonal,242-740,0.0,Monitoring,"z=0.00 vs seasonal baseline (n=3, med=491)"
233cca0e-efcf-e631-d2fc-9997a6ba5706,5dda0b14-713b-46d0-a6ce-a7a33a2fb6f9,Nov-24,2024-11-01,475.5,normal,None,seasonal,193-758,0.0,Monitoring,"z=0.00 vs seasonal baseline (n=3, med=476)"
dc4adc21-f501-0573-2e9a-d7bbbc89e5d6,5dda0b14-713b-46d0-a6ce-a7a33a2fb6f9,Nov-24,2024-11-01,418.3,normal,None,seasonal,316-520,0.0,Monitoring,"z=0.00 vs seasonal baseline (n=3, med=418)"
0a839c14-2a88-9896-c2f2-8d51fe610405,5dda0b14-713b-46d0-a6ce-a7a33a2fb6f9,Jan-25,2025-01-01,328.4,normal,None,seasonal,297-360,0.0,Monitoring,"z=0.00 vs seasonal baseline (n=3, med=328)"
5d204545-2f72-b89b-3190-a826b5ab6512,5dda0b14-713b-46d0-a6ce-a7a33a2fb6f9,Jan-25,2025-01-01,473.6,normal,None,seasonal,144-803,0.0,Monitoring,"z=0.00 vs seasonal baseline (n=3, med=474)"
417c9738-a0f7-5a00-1091-37a9fd083dd6,5dda0b14-713b-46d0-a6ce-a7a33a2fb6f9,Jan-25,2025-01-01,514.8,normal,None,seasonal,-265-1295,0.0,Monitoring,"z=0.00 vs seasonal baseline (n=3, med=515)"
323c0dff-be56-f6ee-f053-ee37de806dea,5dda0b14-713b-46d0-a6ce-a7a33a2fb6f9,Jan-25,2025-01-01,672.1,normal,None,seasonal,613-731,0.0,Monitoring,"z=0.00 vs seasonal baseline (n=3, med=672)"
ffbd5fe0-d9b3-cb55-cfd7-2d72a3498109,5dda0b14-713b-46d0-a6ce-a7a33a2fb6f9,Jan-25,2025-01-01,479.2,normal,None,seasonal,-73-1031,0.0,Monitoring,"z=0.00 vs seasonal baseline (n=3, med=479)"
b0d4d2c8-f6ee-bc16-ffd7-fc33c8db8571,5dda0b14-713b-46d0-a6ce-a7a33a2fb6f9,Feb-25,2025-02-01,654.2,normal,None,seasonal,80-1228,0.0,Monitoring,"z=0.00 vs seasonal baseline (n=3, med=654)"
5d204545-2f72-b89b-3190-a826b5ab6512,5dda0b14-713b-46d0-a6ce-a7a33a2fb6f9,Feb-25,2025-02-01,644.6,normal,None,seasonal,256-1033,0.0,Monitoring,"z=0.00 vs seasonal baseline (n=3, med=645)"
574de174-c7bb-bc11-f282-cff2aa2501c5,5dda0b14-713b-46d0-a6ce-a7a33a2fb6f9,Feb-25,2025-02-01,348.3,normal,None,seasonal,100-597,0.0,Monitoring,"z=0.00 vs seasonal baseline (n=3, med=348)"
85292340-826d-52c1-65c7-7f2a9eb2c2c4,5dda0b14-713b-46d0-a6ce-a7a33a2fb6f9,Feb-25,2025-02-01,650.7,normal,None,seasonal,-485-1786,0.0,Monitoring,"z=0.00 vs seasonal baseline (n=3, med=651)"
bde00681-ebfc-ef38-4f6e-4906a012de6b,5dda0b14-713b-46d0-a6ce-a7a33a2fb6f9,Feb-25,2025-02-01,691.4,normal,None,seasonal,545-838,0.0,Monitoring,"z=0.00 vs seasonal baseline (n=3, med=691)"
ffbd5fe0-d9b3-cb55-cfd7-2d72a3498109,5dda0b14-713b-46d0-a6ce-a7a33a2fb6f9,Feb-25,2025-02-01,548.9,normal,None,seasonal,-6-1104,0.0,Monitoring,"z=0.00 vs seasonal baseline (n=3, med=549)"
bc7f358d-0d6d-f95f-ff80-9089eefdef69,5dda0b14-713b-46d0-a6ce-a7a33a2fb6f9,Feb-25,2025-02-01,756.5,normal,None,seasonal,402-1111,0.0,Monitoring,"z=0.00 vs seasonal baseline (n=3, med=756)"
b0875d50-a469-821b-57c3-03ac62809198,5dda0b14-713b-46d0-a6ce-a7a33a2fb6f9,Feb-25,2025-02-01,404.6,normal,None,seasonal,343-466,0.0,Monitoring,"z=0.00 vs seasonal baseline (n=3, med=405)"
77c3a6fd-4651-d880-29aa-abd19c8324df,5dda0b14-713b-46d0-a6ce-a7a33a2fb6f9,Feb-25,2025-02-01,520.2,normal,None,seasonal,289-752,0.0,Monitoring,"z=0.00 vs seasonal baseline (n=3, med=520)"
fb5cedd6-2992-1c62-7fba-4a7a6b43b2ff,5dda0b14-713b-46d0-a6ce-a7a33a2fb6f9,Feb-25,2025-02-01,707.7,normal,None,seasonal,415-1001,0.0,Monitoring,"z=0.00 vs seasonal baseline (n=3, med=708)"
dc4adc21-f501-0573-2e9a-d7bbbc89e5d6,5dda0b14-713b-46d0-a6ce-a7a33a2fb6f9,Feb-25,2025-02-01,504.4,normal,None,seasonal,425-584,0.0,Monitoring,"z=0.00 vs seasonal baseline (n=3, med=504)"
d2298bb8-a5e5-735a-c8ca-9b18c7daacd6,5dda0b14-713b-46d0-a6ce-a7a33a2fb6f9,Feb-25,2025-02-01,491.3,normal,None,seasonal,-464-1447,0.0,Monitoring,"z=0.00 vs seasonal baseline (n=3, med=491)"
0a839c14-2a88-9896-c2f2-8d51fe610405,5dda0b14-713b-46d0-a6ce-a7a33a2fb6f9,Mar-25,2025-03-01,759.9,normal,None,seasonal,555-965,0.0,Monitoring,"z=0.00 vs seasonal baseline (n=3, med=760)"
5d204545-2f72-b89b-3190-a826b5ab6512,5dda0b14-713b-46d0-a6ce-a7a33a2fb6f9,Mar-25,2025-03-01,776.7,normal,None,seasonal,308-1246,0.0,Monitoring,"z=0.00 vs seasonal baseline (n=3, med=777)"
417c9738-a0f7-5a00-1091-37a9fd083dd6,5dda0b14-713b-46d0-a6ce-a7a33a2fb6f9,Mar-25,2025-03-01,856.2,normal,None,seasonal,776-936,0.0,Monitoring,"z=0.00 vs seasonal baseline (n=3, med=856)"
a361bd0d-c2c1-2aee-6303-d65de004edd0,5dda0b14-713b-46d0-a6ce-a7a33a2fb6f9,Mar-25,2025-03-01,658.2,normal,None,seasonal,457-859,0.0,Monitoring,"z=0.00 vs seasonal baseline (n=3, med=658)"
49ed1c8e-3653-c89b-ec74-16d8e20bb923,5dda0b14-713b-46d0-a6ce-a7a33a2fb6f9,Mar-25,2025-03-01,821.4,normal,None,seasonal,629-1014,0.0,Monitoring,"z=0.00 vs seasonal baseline (n=3, med=821)"
85292340-826d-52c1-65c7-7f2a9eb2c2c4,5dda0b14-713b-46d0-a6ce-a7a33a2fb6f9,Mar-25,2025-03-01,1043.2,normal,None,seasonal,761-1325,0.0,Monitoring,"z=0.00 vs seasonal baseline (n=3, med=1043)"
ffbd5fe0-d9b3-cb55-cfd7-2d72a3498109,5dda0b14-713b-46d0-a6ce-a7a33a2fb6f9,Mar-25,2025-03-01,1018.9,normal,None,seasonal,735-1303,0.0,Monitoring,"z=0.00 vs seasonal baseline (n=3, med=1019)"
bc7f358d-0d6d-f95f-ff80-9089eefdef69,5dda0b14-713b-46d0-a6ce-a7a33a2fb6f9,Mar-25,2025-03-01,957.9,normal,None,seasonal,63-1853,0.0,Monitoring,"z=0.00 vs seasonal baseline (n=3, med=958)"
77c3a6fd-4651-d880-29aa-abd19c8324df,5dda0b14-713b-46d0-a6ce-a7a33a2fb6f9,Mar-25,2025-03-01,706.1,normal,None,seasonal,636-777,0.0,Monitoring,"z=0.00 vs seasonal baseline (n=3, med=706)"
233cca0e-efcf-e631-d2fc-9997a6ba5706,5dda0b14-713b-46d0-a6ce-a7a33a2fb6f9,Mar-25,2025-03-01,820.2,normal,None,seasonal,763-877,0.0,Monitoring,"z=0.00 vs seasonal baseline (n=3, med=820)"
d2298bb8-a5e5-735a-c8ca-9b18c7daacd6,5dda0b14-713b-46d0-a6ce-a7a33a2fb6f9,Mar-25,2025-03-01,647.2,normal,None,seasonal,404-891,0.0,Monitoring,"z=0.00 vs seasonal baseline (n=3, med=647)"
574de174-c7bb-bc11-f282-cff2aa2501c5,5dda0b14-713b-46d0-a6ce-a7a33a2fb6f9,Apr-25,2025-04-01,434.0,normal,None,seasonal,299-569,0.0,Monitoring,"z=0.00 vs seasonal baseline (n=3, med=434)"
c17c5093-48b7-139f-ebfc-1cd33ef5179c,5dda0b14-713b-46d0-a6ce-a7a33a2fb6f9,May-25,2025-05-01,650.8,normal,None,seasonal,-175-1477,0.0,Monitoring,"z=0.00 vs seasonal baseline (n=3, med=651)"
c2ff0c11-4d1b-7b9b-b93c-aa37c9b6c40b,5dda0b14-713b-46d0-a6ce-a7a33a2fb6f9,May-25,2025-05-01,586.2,normal,None,seasonal,-603-1776,0.0,Monitoring,"z=0.00 vs seasonal baseline (n=3, med=586)"
1b4d1066-8fe4-199b-7b3b-39e4bded9714,5dda0b14-713b-46d0-a6ce-a7a33a2fb6f9,Jun-25,2025-06-01,1353.5,normal,None,seasonal,849-1858,0.0,Monitoring,"z=0.00 vs seasonal baseline (n=3, med=1354)"
c17c5093-48b7-139f-ebfc-1cd33ef5179c,5dda0b14-713b-46d0-a6ce-a7a33a2fb6f9,Jun-25,2025-06-01,726.8,normal,None,seasonal,639-814,0.0,Monitoring,"z=0.00 vs seasonal baseline (n=3, med=727)"
c17c5093-48b7-139f-ebfc-1cd33ef5179c,5dda0b14-713b-46d0-a6ce-a7a33a2fb6f9,Jul-25,2025-07-01,735.4,normal,None,seasonal,484-987,0.0,Monitoring,"z=0.00 vs seasonal baseline (n=3, med=735)"
c2ff0c11-4d1b-7b9b-b93c-aa37c9b6c40b,5dda0b14-713b-46d0-a6ce-a7a33a2fb6f9,Jul-25,2025-07-01,824.4,normal,None,seasonal,-336-1985,0.0,Monitoring,"z=0.00 vs seasonal baseline (n=3, med=824)"
b0d4d2c8-f6ee-bc16-ffd7-fc33c8db8571,5dda0b14-713b-46d0-a6ce-a7a33a2fb6f9,Aug-25,2025-08-01,792.3,normal,None,seasonal,-7-1592,0.0,Monitoring,"z=0.00 vs seasonal baseline (n=3, med=792)"
03edc7c5-4c46-b55e-523d-9fb7be29910b,5dda0b14-713b-46d0-a6ce-a7a33a2fb6f9,Aug-25,2025-08-01,977.1,normal,None,seasonal,604-1350,0.0,Monitoring,"z=0.00 vs seasonal baseline (n=3, med=977)"
2fc42a4f-fe5a-ae08-0e4e-2c89ca71db85,5dda0b14-713b-46d0-a6ce-a7a33a2fb6f9,Aug-25,2025-08-01,730.7,normal,None,seasonal,-54-1516,0.0,Monitoring,"z=0.00 vs seasonal baseline (n=3, med=731)"
82b270bf-e567-2deb-5ef3-495baafd7645,5dda0b14-713b-46d0-a6ce-a7a33a2fb6f9,Aug-25,2025-08-01,505.7,normal,None,seasonal,293-718,0.0,Monitoring,"z=0.00 vs seasonal baseline (n=3, med=506)"
574de174-c7bb-bc11-f282-cff2aa2501c5,5dda0b14-713b-46d0-a6ce-a7a33a2fb6f9,Aug-25,2025-08-01,486.6,normal,None,seasonal,291-682,0.0,Monitoring,"z=0.00 vs seasonal baseline (n=3, med=487)"
a361bd0d-c2c1-2aee-6303-d65de004edd0,5dda0b14-713b-46d0-a6ce-a7a33a2fb6f9,Aug-25,2025-08-01,878.5,normal,None,seasonal,866-891,0.0,Monitoring,"z=0.00 vs seasonal baseline (n=3, med=878)"
85292340-826d-52c1-65c7-7f2a9eb2c2c4,5dda0b14-713b-46d0-a6ce-a7a33a2fb6f9,Aug-25,2025-08-01,880.9,normal,None,seasonal,783-978,0.0,Monitoring,"z=0.00 vs seasonal baseline (n=3, med=881)"
bde00681-ebfc-ef38-4f6e-4906a012de6b,5dda0b14-713b-46d0-a6ce-a7a33a2fb6f9,Aug-25,2025-08-01,959.1,normal,None,seasonal,949-969,0.0,Monitoring,"z=0.00 vs seasonal baseline (n=3, med=959)"
bc7f358d-0d6d-f95f-ff80-9089eefdef69,5dda0b14-713b-46d0-a6ce-a7a33a2fb6f9,Aug-25,2025-08-01,1162.2,normal,None,seasonal,909-1415,0.0,Monitoring,"z=0.00 vs seasonal baseline (n=3, med=1162)"
990e8a3e-a69c-7b31-f606-3eeb21e3d4c6,5dda0b14-713b-46d0-a6ce-a7a33a2fb6f9,Aug-25,2025-08-01,467.4,normal,None,seasonal,283-652,0.0,Monitoring,"z=0.00 vs seasonal baseline (n=3, med=467)"
1b4d1066-8fe4-199b-7b3b-39e4bded9714,5dda0b14-713b-46d0-a6ce-a7a33a2fb6f9,Aug-25,2025-08-01,971.4,normal,None,apartment_fallback,-350-2293,0.0,Monitoring,"z=0.00 vs apartment_fallback baseline (n=31, med=971)"
d2298bb8-a5e5-735a-c8ca-9b18c7daacd6,5dda0b14-713b-46d0-a6ce-a7a33a2fb6f9,Aug-25,2025-08-01,822.2,normal,None,seasonal,702-943,0.0,Monitoring,"z=0.00 vs seasonal baseline (n=3, med=822)"
b0d4d2c8-f6ee-bc16-ffd7-fc33c8db8571,5dda0b14-713b-46d0-a6ce-a7a33a2fb6f9,Sep-25,2025-09-01,656.0,normal,None,seasonal,621-691,0.0,Monitoring,"z=0.00 vs seasonal baseline (n=3, med=656)"
0a839c14-2a88-9896-c2f2-8d51fe610405,5dda0b14-713b-46d0-a6ce-a7a33a2fb6f9,Sep-25,2025-09-01,681.9,normal,None,seasonal,116-1248,0.0,Monitoring,"z=0.00 vs seasonal baseline (n=3, med=682)"
79853a4a-cb02-508c-e041-7e23378aec9c,5dda0b14-713b-46d0-a6ce-a7a33a2fb6f9,Sep-25,2025-09-01,1089.1,normal,None,apartment_fallback,-275-2453,0.0,Monitoring,"z=0.00 vs apartment_fallback baseline (n=25, med=1089)"
03edc7c5-4c46-b55e-523d-9fb7be29910b,5dda0b14-713b-46d0-a6ce-a7a33a2fb6f9,Sep-25,2025-09-01,1069.9,normal,None,seasonal,828-1312,0.0,Monitoring,"z=0.00 vs seasonal baseline (n=3, med=1070)"
5d204545-2f72-b89b-3190-a826b5ab6512,5dda0b14-713b-46d0-a6ce-a7a33a2fb6f9,Sep-25,2025-09-01,711.2,normal,None,seasonal,387-1036,0.0,Monitoring,"z=0.00 vs seasonal baseline (n=3, med=711)"
574de174-c7bb-bc11-f282-cff2aa2501c5,5dda0b14-713b-46d0-a6ce-a7a33a2fb6f9,Sep-25,2025-09-01,469.9,normal,None,seasonal,316-623,0.0,Monitoring,"z=0.00 vs seasonal baseline (n=3, med=470)"
323c0dff-be56-f6ee-f053-ee37de806dea,5dda0b14-713b-46d0-a6ce-a7a33a2fb6f9,Sep-25,2025-09-01,804.1,normal,None,seasonal,210-1398,0.0,Monitoring,"z=0.00 vs seasonal baseline (n=3, med=804)"
49ed1c8e-3653-c89b-ec74-16d8e20bb923,5dda0b14-713b-46d0-a6ce-a7a33a2fb6f9,Sep-25,2025-09-01,667.8,normal,None,seasonal,307-1028,0.0,Monitoring,"z=0.00 vs seasonal baseline (n=3, med=668)"
bde00681-ebfc-ef38-4f6e-4906a012de6b,5dda0b14-713b-46d0-a6ce-a7a33a2fb6f9,Sep-25,2025-09-01,840.6,normal,None,seasonal,470-1212,0.0,Monitoring,"z=0.00 vs seasonal baseline (n=3, med=841)"
990e8a3e-a69c-7b31-f606-3eeb21e3d4c6,5dda0b14-713b-46d0-a6ce-a7a33a2fb6f9,Sep-25,2025-09-01,431.8,normal,None,seasonal,1-863,0.0,Monitoring,"z=0.00 vs seasonal baseline (n=3, med=432)"
9d5d0096-0b78-a663-1142-be871dfa2bda,5dda0b14-713b-46d0-a6ce-a7a33a2fb6f9,Sep-25,2025-09-01,983.7,normal,None,seasonal,924-1044,0.0,Monitoring,"z=0.00 vs seasonal baseline (n=3, med=984)"
233cca0e-efcf-e631-d2fc-9997a6ba5706,5dda0b14-713b-46d0-a6ce-a7a33a2fb6f9,Sep-25,2025-09-01,929.0,normal,None,seasonal,899-959,0.0,Monitoring,"z=0.00 vs seasonal baseline (n=3, med=929)"
1183b300-b9ae-5e28-acb2-304cb2fd36db,5dda0b14-713b-46d0-a6ce-a7a33a2fb6f9,Sep-25,2025-09-01,298.7,normal,None,apartment_fallback,-900-1497,0.0,Monitoring,"z=0.00 vs apartment_fallback baseline (n=7, med=299)"
0a839c14-2a88-9896-c2f2-8d51fe610405,5dda0b14-713b-46d0-a6ce-a7a33a2fb6f9,Oct-25,2025-10-01,468.2,normal,None,seasonal,103-833,0.0,Monitoring,"z=0.00 vs seasonal baseline (n=3, med=468)"
bc7f358d-0d6d-f95f-ff80-9089eefdef69,5dda0b14-713b-46d0-a6ce-a7a33a2fb6f9,Oct-25,2025-10-01,875.4,normal,None,seasonal,709-1041,0.0,Monitoring,"z=0.00 vs seasonal baseline (n=3, med=875)"
b0875d50-a469-821b-57c3-03ac62809198,5dda0b14-713b-46d0-a6ce-a7a33a2fb6f9,Oct-25,2025-10-01,589.3,normal,None,seasonal,370-809,0.0,Monitoring,"z=0.00 vs seasonal baseline (n=3, med=589)"
77c3a6fd-4651-d880-29aa-abd19c8324df,5dda0b14-713b-46d0-a6ce-a7a33a2fb6f9,Oct-25,2025-10-01,593.7,normal,None,seasonal,386-801,0.0,Monitoring,"z=0.00 vs seasonal baseline (n=3, med=594)"
990e8a3e-a69c-7b31-f606-3eeb21e3d4c6,5dda0b14-713b-46d0-a6ce-a7a33a2fb6f9,Oct-25,2025-10-01,339.3,normal,None,seasonal,113-566,0.0,Monitoring,"z=0.00 vs seasonal baseline (n=3, med=339)"
1b4d1066-8fe4-199b-7b3b-39e4bded9714,5dda0b14-713b-46d0-a6ce-a7a33a2fb6f9,Oct-25,2025-10-01,825.5,normal,None,seasonal,-439-2090,0.0,Monitoring,"z=0.00 vs seasonal baseline (n=3, med=826)"
c17c5093-48b7-139f-ebfc-1cd33ef5179c,5dda0b14-713b-46d0-a6ce-a7a33a2fb6f9,Oct-25,2025-10-01,491.1,normal,None,seasonal,488-494,0.0,Monitoring,"z=0.00 vs seasonal baseline (n=3, med=491)"
c2ff0c11-4d1b-7b9b-b93c-aa37c9b6c40b,5dda0b14-713b-46d0-a6ce-a7a33a2fb6f9,Oct-25,2025-10-01,703.8,normal,None,seasonal,642-766,0.0,Monitoring,"z=0.00 vs seasonal baseline (n=3, med=704)"
211a2b33-4e94-3da1-7d97-406bc26036f5,5dda0b14-713b-46d0-a6ce-a7a33a2fb6f9,Nov-25,2025-11-01,406.1,normal,None,apartment_fallback,-345-1157,0.0,Monitoring,"z=0.00 vs apartment_fallback baseline (n=13, med=406)"
b0d4d2c8-f6ee-bc16-ffd7-fc33c8db8571,5dda0b14-713b-46d0-a6ce-a7a33a2fb6f9,Nov-25,2025-11-01,730.6,normal,None,seasonal,-314-1775,0.0,Monitoring,"z=0.00 vs seasonal baseline (n=3, med=731)"
0a839c14-2a88-9896-c2f2-8d51fe610405,5dda0b14-713b-46d0-a6ce-a7a33a2fb6f9,Nov-25,2025-11-01,424.9,normal,None,seasonal,87-763,0.0,Monitoring,"z=0.00 vs seasonal baseline (n=3, med=425)"
5d204545-2f72-b89b-3190-a826b5ab6512,5dda0b14-713b-46d0-a6ce-a7a33a2fb6f9,Nov-25,2025-11-01,540.3,normal,None,seasonal,249-832,0.0,Monitoring,"z=0.00 vs seasonal baseline (n=3, med=540)"
82b270bf-e567-2deb-5ef3-495baafd7645,5dda0b14-713b-46d0-a6ce-a7a33a2fb6f9,Nov-25,2025-11-01,265.2,normal,None,seasonal,-53-584,0.0,Monitoring,"z=0.00 vs seasonal baseline (n=3, med=265)"
574de174-c7bb-bc11-f282-cff2aa2501c5,5dda0b14-713b-46d0-a6ce-a7a33a2fb6f9,Nov-25,2025-11-01,431.9,normal,None,seasonal,145-718,0.0,Monitoring,"z=0.00 vs seasonal baseline (n=3, med=432)"
a361bd0d-c2c1-2aee-6303-d65de004edd0,5dda0b14-713b-46d0-a6ce-a7a33a2fb6f9,Nov-25,2025-11-01,617.4,normal,None,seasonal,-105-1340,0.0,Monitoring,"z=0.00 vs seasonal baseline (n=3, med=617)"
49ed1c8e-3653-c89b-ec74-16d8e20bb923,5dda0b14-713b-46d0-a6ce-a7a33a2fb6f9,Nov-25,2025-11-01,474.7,normal,None,seasonal,407-542,0.0,Monitoring,"z=0.00 vs seasonal baseline (n=3, med=475)"
85292340-826d-52c1-65c7-7f2a9eb2c2c4,5dda0b14-713b-46d0-a6ce-a7a33a2fb6f9,Nov-25,2025-11-01,587.2,normal,None,seasonal,556-618,0.0,Monitoring,"z=0.00 vs seasonal baseline (n=3, med=587)"
dd96a329-ec95-e96a-1348-69d976f39cd4,5dda0b14-713b-46d0-a6ce-a7a33a2fb6f9,Nov-25,2025-11-01,546.8,normal,None,seasonal,488-605,0.0,Monitoring,"z=0.00 vs seasonal baseline (n=3, med=547)"
990e8a3e-a69c-7b31-f606-3eeb21e3d4c6,5dda0b14-713b-46d0-a6ce-a7a33a2fb6f9,Nov-25,2025-11-01,268.2,normal,None,seasonal,104-432,0.0,Monitoring,"z=0.00 vs seasonal baseline (n=3, med=268)"
9d5d0096-0b78-a663-1142-be871dfa2bda,5dda0b14-713b-46d0-a6ce-a7a33a2fb6f9,Nov-25,2025-11-01,919.9,normal,None,seasonal,787-1053,0.0,Monitoring,"z=0.00 vs seasonal baseline (n=3, med=920)"
b0d4d2c8-f6ee-bc16-ffd7-fc33c8db8571,5dda0b14-713b-46d0-a6ce-a7a33a2fb6f9,Jan-26,2026-01-01,643.8,normal,None,seasonal,30-1258,0.0,Monitoring,"z=0.00 vs seasonal baseline (n=3, med=644)"
03edc7c5-4c46-b55e-523d-9fb7be29910b,5dda0b14-713b-46d0-a6ce-a7a33a2fb6f9,Jan-26,2026-01-01,535.3,normal,None,seasonal,188-883,0.0,Monitoring,"z=0.00 vs seasonal baseline (n=3, med=535)"
574de174-c7bb-bc11-f282-cff2aa2501c5,5dda0b14-713b-46d0-a6ce-a7a33a2fb6f9,Jan-26,2026-01-01,313.9,normal,None,seasonal,253-375,0.0,Monitoring,"z=0.00 vs seasonal baseline (n=3, med=314)"
a361bd0d-c2c1-2aee-6303-d65de004edd0,5dda0b14-713b-46d0-a6ce-a7a33a2fb6f9,Jan-26,2026-01-01,302.3,normal,None,seasonal,140-464,0.0,Monitoring,"z=0.00 vs seasonal baseline (n=3, med=302)"
bde00681-ebfc-ef38-4f6e-4906a012de6b,5dda0b14-713b-46d0-a6ce-a7a33a2fb6f9,Jan-26,2026-01-01,431.1,normal,None,seasonal,342-520,0.0,Monitoring,"z=0.00 vs seasonal baseline (n=3, med=431)"
bc7f358d-0d6d-f95f-ff80-9089eefdef69,5dda0b14-713b-46d0-a6ce-a7a33a2fb6f9,Jan-26,2026-01-01,424.2,normal,None,seasonal,180-669,0.0,Monitoring,"z=0.00 vs seasonal baseline (n=3, med=424)"
b0875d50-a469-821b-57c3-03ac62809198,5dda0b14-713b-46d0-a6ce-a7a33a2fb6f9,Jan-26,2026-01-01,348.6,normal,None,seasonal,-37-734,0.0,Monitoring,"z=0.00 vs seasonal baseline (n=3, med=349)"
9d5d0096-0b78-a663-1142-be871dfa2bda,5dda0b14-713b-46d0-a6ce-a7a33a2fb6f9,Jan-26,2026-01-01,506.8,normal,None,seasonal,-180-1193,0.0,Monitoring,"z=0.00 vs seasonal baseline (n=3, med=507)"
fb5cedd6-2992-1c62-7fba-4a7a6b43b2ff,5dda0b14-713b-46d0-a6ce-a7a33a2fb6f9,Jan-26,2026-01-01,531.3,normal,None,seasonal,137-926,0.0,Monitoring,"z=0.00 vs seasonal baseline (n=3, med=531)"
c17c5093-48b7-139f-ebfc-1cd33ef5179c,5dda0b14-713b-46d0-a6ce-a7a33a2fb6f9,Jan-26,2026-01-01,207.7,normal,None,seasonal,27-389,0.0,Monitoring,"z=0.00 vs seasonal baseline (n=3, med=208)"
c2ff0c11-4d1b-7b9b-b93c-aa37c9b6c40b,5dda0b14-713b-46d0-a6ce-a7a33a2fb6f9,Jan-26,2026-01-01,258.7,normal,None,seasonal,187-331,0.0,Monitoring,"z=0.00 vs seasonal baseline (n=3, med=259)"
0a839c14-2a88-9896-c2f2-8d51fe610405,5dda0b14-713b-46d0-a6ce-a7a33a2fb6f9,Feb-26,2026-02-01,534.0,normal,None,seasonal,440-628,0.0,Monitoring,"z=0.00 vs seasonal baseline (n=3, med=534)"
323c0dff-be56-f6ee-f053-ee37de806dea,5dda0b14-713b-46d0-a6ce-a7a33a2fb6f9,Feb-26,2026-02-01,685.3,normal,None,seasonal,134-1237,0.0,Monitoring,"z=0.00 vs seasonal baseline (n=3, med=685)"
03edc7c5-4c46-b55e-523d-9fb7be29910b,5dda0b14-713b-46d0-a6ce-a7a33a2fb6f9,Feb-26,2026-02-01,676.5,normal,None,seasonal,185-1168,0.0,Monitoring,"z=0.00 vs seasonal baseline (n=3, med=676)"
211a2b33-4e94-3da1-7d97-406bc26036f5,5dda0b14-713b-46d0-a6ce-a7a33a2fb6f9,Oct-25,2025-10-01,404.7,normal,None,apartment_fallback,-345-1157,-0.01,Monitoring,"z=-0.01 vs apartment_fallback baseline (n=13, med=406)"
990e8a3e-a69c-7b31-f606-3eeb21e3d4c6,5dda0b14-713b-46d0-a6ce-a7a33a2fb6f9,Jun-24,2024-06-01,623.0,normal,None,seasonal,473-775,-0.02,Monitoring,"z=-0.02 vs seasonal baseline (n=4, med=624)"
8767525e-d22f-a295-bc29-ba104fdc589a,5dda0b14-713b-46d0-a6ce-a7a33a2fb6f9,Dec-24,2024-12-01,256.7,normal,None,apartment_fallback,-137-655,-0.02,Monitoring,"z=-0.02 vs apartment_fallback baseline (n=22, med=259)"
79853a4a-cb02-508c-e041-7e23378aec9c,5dda0b14-713b-46d0-a6ce-a7a33a2fb6f9,Aug-25,2025-08-01,1081.3,normal,None,apartment_fallback,-275-2453,-0.02,Monitoring,"z=-0.02 vs apartment_fallback baseline (n=25, med=1089)"
574de174-c7bb-bc11-f282-cff2aa2501c5,5dda0b14-713b-46d0-a6ce-a7a33a2fb6f9,Jul-24,2024-07-01,430.0,normal,None,seasonal,85-781,-0.03,Monitoring,"z=-0.03 vs seasonal baseline (n=4, med=433)"
990e8a3e-a69c-7b31-f606-3eeb21e3d4c6,5dda0b14-713b-46d0-a6ce-a7a33a2fb6f9,May-26,2026-05-01,578.2,normal,None,seasonal,465-694,-0.04,Monitoring,"z=-0.04 vs seasonal baseline (n=4, med=580)"
4d1dd99b-b75a-70b5-406b-f5e869954002,5dda0b14-713b-46d0-a6ce-a7a33a2fb6f9,Jun-23,2023-06-01,510.0,normal,None,apartment_fallback,-88-1121,-0.04,Monitoring,"z=-0.04 vs apartment_fallback baseline (n=8, med=517)"
85292340-826d-52c1-65c7-7f2a9eb2c2c4,5dda0b14-713b-46d0-a6ce-a7a33a2fb6f9,Jun-23,2023-06-01,1232.9,normal,None,seasonal,408-2074,-0.04,Monitoring,"z=-0.04 vs seasonal baseline (n=4, med=1241)"
2fc42a4f-fe5a-ae08-0e4e-2c89ca71db85,5dda0b14-713b-46d0-a6ce-a7a33a2fb6f9,Apr-24,2024-04-01,946.7,normal,None,seasonal,843-1053,-0.04,Monitoring,"z=-0.04 vs seasonal baseline (n=4, med=948)"
c2ff0c11-4d1b-7b9b-b93c-aa37c9b6c40b,5dda0b14-713b-46d0-a6ce-a7a33a2fb6f9,Apr-23,2023-04-01,548.0,normal,None,seasonal,150-955,-0.04,Monitoring,"z=-0.04 vs seasonal baseline (n=4, med=553)"
188aee4d-68e0-1ddb-38e6-a946bc75072d,5dda0b14-713b-46d0-a6ce-a7a33a2fb6f9,Feb-26,2026-02-01,360.7,normal,None,apartment_fallback,-422-1163,-0.04,Monitoring,"z=-0.04 vs apartment_fallback baseline (n=14, med=371)"
5d204545-2f72-b89b-3190-a826b5ab6512,5dda0b14-713b-46d0-a6ce-a7a33a2fb6f9,May-24,2024-05-01,776.0,normal,None,seasonal,-16-1593,-0.05,Monitoring,"z=-0.05 vs seasonal baseline (n=4, med=788)"
574de174-c7bb-bc11-f282-cff2aa2501c5,5dda0b14-713b-46d0-a6ce-a7a33a2fb6f9,Dec-24,2024-12-01,431.9,normal,None,apartment_fallback,110-763,-0.05,Monitoring,"z=-0.05 vs apartment_fallback baseline (n=37, med=436)"
44625074-3f26-4a2d-74ae-56ba4c94a395,5dda0b14-713b-46d0-a6ce-a7a33a2fb6f9,Sep-24,2024-09-01,447.8,normal,None,apartment_fallback,-6-916,-0.06,Monitoring,"z=-0.06 vs apartment_fallback baseline (n=20, med=455)"
0a839c14-2a88-9896-c2f2-8d51fe610405,5dda0b14-713b-46d0-a6ce-a7a33a2fb6f9,Jul-24,2024-07-01,818.0,normal,None,seasonal,167-1501,-0.08,Monitoring,"z=-0.08 vs seasonal baseline (n=4, med=834)"
7719849e-1d17-27d2-31d4-475a4e71f261,5dda0b14-713b-46d0-a6ce-a7a33a2fb6f9,Sep-24,2024-09-01,273.34,normal,None,apartment_fallback,70-487,-0.08,Monitoring,"z=-0.08 vs apartment_fallback baseline (n=16, med=278)"
bc7f358d-0d6d-f95f-ff80-9089eefdef69,5dda0b14-713b-46d0-a6ce-a7a33a2fb6f9,Apr-25,2025-04-01,987.4,normal,None,seasonal,166-1849,-0.08,Monitoring,"z=-0.08 vs seasonal baseline (n=4, med=1008)"
dd96a329-ec95-e96a-1348-69d976f39cd4,5dda0b14-713b-46d0-a6ce-a7a33a2fb6f9,Apr-26,2026-04-01,839.4,normal,None,seasonal,-183-1925,-0.1,Monitoring,"z=-0.10 vs seasonal baseline (n=4, med=871)"
82b270bf-e567-2deb-5ef3-495baafd7645,5dda0b14-713b-46d0-a6ce-a7a33a2fb6f9,May-25,2025-05-01,502.3,normal,None,seasonal,230-791,-0.1,Monitoring,"z=-0.10 vs seasonal baseline (n=4, med=511)"
2fc42a4f-fe5a-ae08-0e4e-2c89ca71db85,5dda0b14-713b-46d0-a6ce-a7a33a2fb6f9,May-25,2025-05-01,997.7,normal,None,seasonal,916-1086,-0.13,Monitoring,"z=-0.13 vs seasonal baseline (n=4, med=1001)"
aa73cade-c28c-dc5b-5980-55801ea0d415,5dda0b14-713b-46d0-a6ce-a7a33a2fb6f9,Jun-26,2026-06-01,923.7,normal,None,seasonal,679-1187,-0.13,Monitoring,"z=-0.13 vs seasonal baseline (n=4, med=933)"
44625074-3f26-4a2d-74ae-56ba4c94a395,5dda0b14-713b-46d0-a6ce-a7a33a2fb6f9,Feb-24,2024-02-01,438.43,normal,None,apartment_fallback,-6-916,-0.13,Monitoring,"z=-0.13 vs apartment_fallback baseline (n=20, med=455)"
fb5cedd6-2992-1c62-7fba-4a7a6b43b2ff,5dda0b14-713b-46d0-a6ce-a7a33a2fb6f9,Jul-25,2025-07-01,899.7,normal,None,seasonal,590-1233,-0.13,Monitoring,"z=-0.13 vs seasonal baseline (n=4, med=912)"
1183b300-b9ae-5e28-acb2-304cb2fd36db,5dda0b14-713b-46d0-a6ce-a7a33a2fb6f9,Dec-25,2025-12-01,253.9,normal,None,apartment_fallback,-900-1497,-0.13,Monitoring,"z=-0.13 vs apartment_fallback baseline (n=7, med=299)"
03edc7c5-4c46-b55e-523d-9fb7be29910b,5dda0b14-713b-46d0-a6ce-a7a33a2fb6f9,Apr-26,2026-04-01,1052.4,normal,None,seasonal,109-2081,-0.15,Monitoring,"z=-0.15 vs seasonal baseline (n=4, med=1095)"
bc7f358d-0d6d-f95f-ff80-9089eefdef69,5dda0b14-713b-46d0-a6ce-a7a33a2fb6f9,Jun-24,2024-06-01,979.0,normal,None,seasonal,569-1426,-0.15,Monitoring,"z=-0.15 vs seasonal baseline (n=4, med=997)"
ffbd5fe0-d9b3-cb55-cfd7-2d72a3498109,5dda0b14-713b-46d0-a6ce-a7a33a2fb6f9,Jul-23,2023-07-01,849.4,normal,None,seasonal,357-1393,-0.17,Monitoring,"z=-0.17 vs seasonal baseline (n=4, med=875)"
7719849e-1d17-27d2-31d4-475a4e71f261,5dda0b14-713b-46d0-a6ce-a7a33a2fb6f9,May-24,2024-05-01,268.0,normal,None,apartment_fallback,70-487,-0.17,Monitoring,"z=-0.17 vs apartment_fallback baseline (n=16, med=278)"
1183b300-b9ae-5e28-acb2-304cb2fd36db,5dda0b14-713b-46d0-a6ce-a7a33a2fb6f9,Jan-26,2026-01-01,238.9,normal,None,apartment_fallback,-900-1497,-0.17,Monitoring,"z=-0.17 vs apartment_fallback baseline (n=7, med=299)"
9d5d0096-0b78-a663-1142-be871dfa2bda,5dda0b14-713b-46d0-a6ce-a7a33a2fb6f9,Jun-24,2024-06-01,876.0,normal,None,seasonal,-405-2298,-0.18,Monitoring,"z=-0.18 vs seasonal baseline (n=4, med=946)"
323c0dff-be56-f6ee-f053-ee37de806dea,5dda0b14-713b-46d0-a6ce-a7a33a2fb6f9,Jul-25,2025-07-01,842.4,normal,None,seasonal,581-1132,-0.18,Monitoring,"z=-0.18 vs seasonal baseline (n=4, med=857)"
b0875d50-a469-821b-57c3-03ac62809198,5dda0b14-713b-46d0-a6ce-a7a33a2fb6f9,Jun-23,2023-06-01,710.9,normal,None,seasonal,286-1184,-0.19,Monitoring,"z=-0.19 vs seasonal baseline (n=4, med=735)"
5d204545-2f72-b89b-3190-a826b5ab6512,5dda0b14-713b-46d0-a6ce-a7a33a2fb6f9,Apr-26,2026-04-01,652.6,normal,None,seasonal,266-1086,-0.2,Monitoring,"z=-0.20 vs seasonal baseline (n=4, med=676)"
233cca0e-efcf-e631-d2fc-9997a6ba5706,5dda0b14-713b-46d0-a6ce-a7a33a2fb6f9,Apr-23,2023-04-01,776.0,normal,None,seasonal,439-1154,-0.2,Monitoring,"z=-0.20 vs seasonal baseline (n=4, med=796)"
d2298bb8-a5e5-735a-c8ca-9b18c7daacd6,5dda0b14-713b-46d0-a6ce-a7a33a2fb6f9,Jul-25,2025-07-01,789.7,normal,None,seasonal,606-996,-0.2,Monitoring,"z=-0.20 vs seasonal baseline (n=4, med=801)"
5d204545-2f72-b89b-3190-a826b5ab6512,5dda0b14-713b-46d0-a6ce-a7a33a2fb6f9,Dec-24,2024-12-01,602.7,normal,None,apartment_fallback,137-1129,-0.21,Monitoring,"z=-0.21 vs apartment_fallback baseline (n=39, med=633)"
86ad1ceb-8d81-a926-d998-3a2f1cafba06,5dda0b14-713b-46d0-a6ce-a7a33a2fb6f9,Dec-24,2024-12-01,499.8,normal,None,apartment_fallback,-262-1356,-0.21,Monitoring,"z=-0.21 vs apartment_fallback baseline (n=25, med=547)"
188aee4d-68e0-1ddb-38e6-a946bc75072d,5dda0b14-713b-46d0-a6ce-a7a33a2fb6f9,Oct-25,2025-10-01,324.1,normal,None,apartment_fallback,-422-1163,-0.21,Monitoring,"z=-0.21 vs apartment_fallback baseline (n=14, med=371)"
990e8a3e-a69c-7b31-f606-3eeb21e3d4c6,5dda0b14-713b-46d0-a6ce-a7a33a2fb6f9,Jul-25,2025-07-01,645.6,normal,None,seasonal,506-804,-0.22,Monitoring,"z=-0.22 vs seasonal baseline (n=4, med=655)"
b0d4d2c8-f6ee-bc16-ffd7-fc33c8db8571,5dda0b14-713b-46d0-a6ce-a7a33a2fb6f9,Dec-24,2024-12-01,701.5,normal,None,apartment_fallback,-28-1541,-0.24,Monitoring,"z=-0.24 vs apartment_fallback baseline (n=39, med=756)"
417c9738-a0f7-5a00-1091-37a9fd083dd6,5dda0b14-713b-46d0-a6ce-a7a33a2fb6f9,Apr-26,2026-04-01,719.3,normal,None,seasonal,-163-1739,-0.25,Monitoring,"z=-0.25 vs seasonal baseline (n=4, med=788)"
5d204545-2f72-b89b-3190-a826b5ab6512,5dda0b14-713b-46d0-a6ce-a7a33a2fb6f9,Jun-23,2023-06-01,625.5,normal,None,seasonal,365-926,-0.25,Monitoring,"z=-0.25 vs seasonal baseline (n=4, med=646)"
d2298bb8-a5e5-735a-c8ca-9b18c7daacd6,5dda0b14-713b-46d0-a6ce-a7a33a2fb6f9,Oct-23,2023-10-01,613.0,normal,None,apartment_fallback,-153-1495,-0.25,Monitoring,"z=-0.25 vs apartment_fallback baseline (n=37, med=671)"
86ad1ceb-8d81-a926-d998-3a2f1cafba06,5dda0b14-713b-46d0-a6ce-a7a33a2fb6f9,Aug-24,2024-08-01,489.0,normal,None,apartment_fallback,-262-1356,-0.25,Monitoring,"z=-0.25 vs apartment_fallback baseline (n=25, med=547)"
79853a4a-cb02-508c-e041-7e23378aec9c,5dda0b14-713b-46d0-a6ce-a7a33a2fb6f9,Oct-24,2024-10-01,993.4,normal,None,apartment_fallback,-275-2453,-0.25,Monitoring,"z=-0.25 vs apartment_fallback baseline (n=25, med=1089)"
86ad1ceb-8d81-a926-d998-3a2f1cafba06,5dda0b14-713b-46d0-a6ce-a7a33a2fb6f9,Nov-24,2024-11-01,486.3,normal,None,apartment_fallback,-262-1356,-0.26,Monitoring,"z=-0.26 vs apartment_fallback baseline (n=25, med=547)"
417c9738-a0f7-5a00-1091-37a9fd083dd6,5dda0b14-713b-46d0-a6ce-a7a33a2fb6f9,May-25,2025-05-01,772.4,normal,None,seasonal,135-1515,-0.27,Monitoring,"z=-0.27 vs seasonal baseline (n=4, med=825)"
1b4d1066-8fe4-199b-7b3b-39e4bded9714,5dda0b14-713b-46d0-a6ce-a7a33a2fb6f9,Aug-24,2024-08-01,868.0,normal,None,apartment_fallback,-350-2293,-0.27,Monitoring,"z=-0.27 vs apartment_fallback baseline (n=31, med=971)"
1b4d1066-8fe4-199b-7b3b-39e4bded9714,5dda0b14-713b-46d0-a6ce-a7a33a2fb6f9,Sep-24,2024-09-01,868.0,normal,None,apartment_fallback,-350-2293,-0.27,Monitoring,"z=-0.27 vs apartment_fallback baseline (n=31, med=971)"
03edc7c5-4c46-b55e-523d-9fb7be29910b,5dda0b14-713b-46d0-a6ce-a7a33a2fb6f9,Jul-23,2023-07-01,874.6,normal,None,seasonal,767-1001,-0.28,Monitoring,"z=-0.28 vs seasonal baseline (n=4, med=884)"
417c9738-a0f7-5a00-1091-37a9fd083dd6,5dda0b14-713b-46d0-a6ce-a7a33a2fb6f9,Jul-24,2024-07-01,784.0,normal,None,seasonal,417-1218,-0.29,Monitoring,"z=-0.29 vs seasonal baseline (n=4, med=818)"
9d5d0096-0b78-a663-1142-be871dfa2bda,5dda0b14-713b-46d0-a6ce-a7a33a2fb6f9,Jul-24,2024-07-01,1058.0,normal,None,seasonal,12-2294,-0.29,Monitoring,"z=-0.29 vs seasonal baseline (n=4, med=1153)"
7719849e-1d17-27d2-31d4-475a4e71f261,5dda0b14-713b-46d0-a6ce-a7a33a2fb6f9,Jul-24,2024-07-01,261.0,normal,None,apartment_fallback,70-487,-0.29,Monitoring,"z=-0.29 vs apartment_fallback baseline (n=16, med=278)"
1b4d1066-8fe4-199b-7b3b-39e4bded9714,5dda0b14-713b-46d0-a6ce-a7a33a2fb6f9,Nov-24,2024-11-01,863.3,normal,None,apartment_fallback,-350-2293,-0.29,Monitoring,"z=-0.29 vs apartment_fallback baseline (n=31, med=971)"
86ad1ceb-8d81-a926-d998-3a2f1cafba06,5dda0b14-713b-46d0-a6ce-a7a33a2fb6f9,Mar-25,2025-03-01,480.6,normal,None,apartment_fallback,-262-1356,-0.29,Monitoring,"z=-0.29 vs apartment_fallback baseline (n=25, med=547)"
85292340-826d-52c1-65c7-7f2a9eb2c2c4,5dda0b14-713b-46d0-a6ce-a7a33a2fb6f9,Apr-26,2026-04-01,963.7,normal,None,seasonal,609-1384,-0.3,Monitoring,"z=-0.30 vs seasonal baseline (n=4, med=996)"
85292340-826d-52c1-65c7-7f2a9eb2c2c4,5dda0b14-713b-46d0-a6ce-a7a33a2fb6f9,May-23,2023-05-01,1067.0,normal,None,seasonal,-236-2618,-0.3,Monitoring,"z=-0.30 vs seasonal baseline (n=4, med=1191)"
77c3a6fd-4651-d880-29aa-abd19c8324df,5dda0b14-713b-46d0-a6ce-a7a33a2fb6f9,Jun-26,2026-06-01,800.5,normal,None,seasonal,707-912,-0.3,Monitoring,"z=-0.30 vs seasonal baseline (n=4, med=809)"
79853a4a-cb02-508c-e041-7e23378aec9c,5dda0b14-713b-46d0-a6ce-a7a33a2fb6f9,Oct-25,2025-10-01,973.7,normal,None,apartment_fallback,-275-2453,-0.3,Monitoring,"z=-0.30 vs apartment_fallback baseline (n=25, med=1089)"
a361bd0d-c2c1-2aee-6303-d65de004edd0,5dda0b14-713b-46d0-a6ce-a7a33a2fb6f9,Apr-26,2026-04-01,617.3,normal,None,seasonal,258-1046,-0.31,Monitoring,"z=-0.31 vs seasonal baseline (n=4, med=652)"
233cca0e-efcf-e631-d2fc-9997a6ba5706,5dda0b14-713b-46d0-a6ce-a7a33a2fb6f9,Jul-23,2023-07-01,771.7,normal,None,seasonal,169-1490,-0.31,Monitoring,"z=-0.31 vs seasonal baseline (n=4, med=830)"
188aee4d-68e0-1ddb-38e6-a946bc75072d,5dda0b14-713b-46d0-a6ce-a7a33a2fb6f9,Jan-26,2026-01-01,300.5,normal,None,apartment_fallback,-422-1163,-0.31,Monitoring,"z=-0.31 vs apartment_fallback baseline (n=14, med=371)"
dc4adc21-f501-0573-2e9a-d7bbbc89e5d6,5dda0b14-713b-46d0-a6ce-a7a33a2fb6f9,Jun-24,2024-06-01,800.0,normal,None,seasonal,146-1585,-0.32,Monitoring,"z=-0.32 vs seasonal baseline (n=4, med=865)"
79853a4a-cb02-508c-e041-7e23378aec9c,5dda0b14-713b-46d0-a6ce-a7a33a2fb6f9,Mar-26,2026-03-01,958.7,normal,None,apartment_fallback,-275-2453,-0.33,Monitoring,"z=-0.33 vs apartment_fallback baseline (n=25, med=1089)"
1b4d1066-8fe4-199b-7b3b-39e4bded9714,5dda0b14-713b-46d0-a6ce-a7a33a2fb6f9,Feb-25,2025-02-01,846.9,normal,None,apartment_fallback,-350-2293,-0.33,Monitoring,"z=-0.33 vs apartment_fallback baseline (n=31, med=971)"
0a839c14-2a88-9896-c2f2-8d51fe610405,5dda0b14-713b-46d0-a6ce-a7a33a2fb6f9,Jun-25,2025-06-01,693.7,normal,None,seasonal,-204-1779,-0.33,Monitoring,"z=-0.33 vs seasonal baseline (n=4, med=788)"
85292340-826d-52c1-65c7-7f2a9eb2c2c4,5dda0b14-713b-46d0-a6ce-a7a33a2fb6f9,Jul-23,2023-07-01,1076.6,normal,None,seasonal,540-1726,-0.34,Monitoring,"z=-0.34 vs seasonal baseline (n=4, med=1133)"
233cca0e-efcf-e631-d2fc-9997a6ba5706,5dda0b14-713b-46d0-a6ce-a7a33a2fb6f9,Dec-25,2025-12-01,686.0,normal,None,apartment_fallback,-104-1647,-0.34,Monitoring,"z=-0.34 vs apartment_fallback baseline (n=39, med=772)"
dc4adc21-f501-0573-2e9a-d7bbbc89e5d6,5dda0b14-713b-46d0-a6ce-a7a33a2fb6f9,May-24,2024-05-01,916.0,normal,None,seasonal,547-1368,-0.35,Monitoring,"z=-0.35 vs seasonal baseline (n=4, med=957)"
323c0dff-be56-f6ee-f053-ee37de806dea,5dda0b14-713b-46d0-a6ce-a7a33a2fb6f9,Dec-24,2024-12-01,716.3,normal,None,apartment_fallback,271-1265,-0.36,Monitoring,"z=-0.36 vs apartment_fallback baseline (n=39, med=768)"
aa73cade-c28c-dc5b-5980-55801ea0d415,5dda0b14-713b-46d0-a6ce-a7a33a2fb6f9,May-26,2026-05-01,837.6,normal,None,seasonal,-7-1884,-0.37,Monitoring,"z=-0.37 vs seasonal baseline (n=4, med=938)"
5d204545-2f72-b89b-3190-a826b5ab6512,5dda0b14-713b-46d0-a6ce-a7a33a2fb6f9,Jul-26,2026-07-01,571.7,normal,None,seasonal,318-887,-0.37,Monitoring,"z=-0.37 vs seasonal baseline (n=4, med=602)"
77c3a6fd-4651-d880-29aa-abd19c8324df,5dda0b14-713b-46d0-a6ce-a7a33a2fb6f9,Jul-23,2023-07-01,772.9,normal,None,seasonal,448-1178,-0.38,Monitoring,"z=-0.38 vs seasonal baseline (n=4, med=813)"
dc4adc21-f501-0573-2e9a-d7bbbc89e5d6,5dda0b14-713b-46d0-a6ce-a7a33a2fb6f9,Apr-24,2024-04-01,726.0,normal,None,seasonal,406-1124,-0.38,Monitoring,"z=-0.38 vs seasonal baseline (n=4, med=765)"
574de174-c7bb-bc11-f282-cff2aa2501c5,5dda0b14-713b-46d0-a6ce-a7a33a2fb6f9,Jun-24,2024-06-01,477.0,normal,None,seasonal,382-595,-0.38,Monitoring,"z=-0.38 vs seasonal baseline (n=4, med=488)"
9d5d0096-0b78-a663-1142-be871dfa2bda,5dda0b14-713b-46d0-a6ce-a7a33a2fb6f9,May-26,2026-05-01,906.4,normal,None,seasonal,-437-2591,-0.39,Monitoring,"z=-0.39 vs seasonal baseline (n=4, med=1077)"
bc7f358d-0d6d-f95f-ff80-9089eefdef69,5dda0b14-713b-46d0-a6ce-a7a33a2fb6f9,Jul-25,2025-07-01,925.9,normal,None,seasonal,514-1442,-0.39,Monitoring,"z=-0.39 vs seasonal baseline (n=4, med=978)"
1b4d1066-8fe4-199b-7b3b-39e4bded9714,5dda0b14-713b-46d0-a6ce-a7a33a2fb6f9,Nov-25,2025-11-01,824.5,normal,None,apartment_fallback,-350-2293,-0.39,Monitoring,"z=-0.39 vs apartment_fallback baseline (n=31, med=971)"
bde00681-ebfc-ef38-4f6e-4906a012de6b,5dda0b14-713b-46d0-a6ce-a7a33a2fb6f9,Apr-24,2024-04-01,843.7,normal,None,seasonal,69-1821,-0.4,Monitoring,"z=-0.40 vs seasonal baseline (n=4, med=945)"
77c3a6fd-4651-d880-29aa-abd19c8324df,5dda0b14-713b-46d0-a6ce-a7a33a2fb6f9,May-26,2026-05-01,770.6,normal,None,seasonal,351-1303,-0.41,Monitoring,"z=-0.41 vs seasonal baseline (n=4, med=827)"
a361bd0d-c2c1-2aee-6303-d65de004edd0,5dda0b14-713b-46d0-a6ce-a7a33a2fb6f9,Jul-26,2026-07-01,743.0,normal,None,seasonal,105-1548,-0.41,Monitoring,"z=-0.41 vs seasonal baseline (n=4, med=826)"
fb5cedd6-2992-1c62-7fba-4a7a6b43b2ff,5dda0b14-713b-46d0-a6ce-a7a33a2fb6f9,Jun-26,2026-06-01,967.6,normal,None,seasonal,664-1351,-0.41,Monitoring,"z=-0.41 vs seasonal baseline (n=4, med=1008)"
fb5cedd6-2992-1c62-7fba-4a7a6b43b2ff,5dda0b14-713b-46d0-a6ce-a7a33a2fb6f9,Apr-23,2023-04-01,891.0,normal,None,seasonal,122-1867,-0.42,Monitoring,"z=-0.42 vs seasonal baseline (n=4, med=995)"
9d5d0096-0b78-a663-1142-be871dfa2bda,5dda0b14-713b-46d0-a6ce-a7a33a2fb6f9,Dec-24,2024-12-01,872.2,normal,None,apartment_fallback,335-1556,-0.42,Monitoring,"z=-0.42 vs apartment_fallback baseline (n=39, med=946)"
82b270bf-e567-2deb-5ef3-495baafd7645,5dda0b14-713b-46d0-a6ce-a7a33a2fb6f9,Apr-25,2025-04-01,395.0,normal,None,seasonal,358-442,-0.42,Monitoring,"z=-0.42 vs seasonal baseline (n=4, med=400)"
44625074-3f26-4a2d-74ae-56ba4c94a395,5dda0b14-713b-46d0-a6ce-a7a33a2fb6f9,Sep-23,2023-09-01,398.57,normal,None,apartment_fallback,-6-916,-0.43,Monitoring,"z=-0.43 vs apartment_fallback baseline (n=20, med=455)"
a361bd0d-c2c1-2aee-6303-d65de004edd0,5dda0b14-713b-46d0-a6ce-a7a33a2fb6f9,Jun-24,2024-06-01,929.0,normal,None,seasonal,267-1776,-0.43,Monitoring,"z=-0.43 vs seasonal baseline (n=4, med=1021)"
b0875d50-a469-821b-57c3-03ac62809198,5dda0b14-713b-46d0-a6ce-a7a33a2fb6f9,Dec-25,2025-12-01,500.0,normal,None,apartment_fallback,-145-1324,-0.43,Monitoring,"z=-0.43 vs apartment_fallback baseline (n=39, med=589)"
8767525e-d22f-a295-bc29-ba104fdc589a,5dda0b14-713b-46d0-a6ce-a7a33a2fb6f9,Mar-26,2026-03-01,209.0,normal,None,apartment_fallback,-137-655,-0.44,Monitoring,"z=-0.44 vs apartment_fallback baseline (n=22, med=259)"
d2298bb8-a5e5-735a-c8ca-9b18c7daacd6,5dda0b14-713b-46d0-a6ce-a7a33a2fb6f9,May-26,2026-05-01,841.5,normal,None,seasonal,589-1166,-0.44,Monitoring,"z=-0.44 vs seasonal baseline (n=4, med=878)"
ffbd5fe0-d9b3-cb55-cfd7-2d72a3498109,5dda0b14-713b-46d0-a6ce-a7a33a2fb6f9,Apr-26,2026-04-01,806.6,normal,None,seasonal,460-1255,-0.45,Monitoring,"z=-0.45 vs seasonal baseline (n=4, med=857)"
c17c5093-48b7-139f-ebfc-1cd33ef5179c,5dda0b14-713b-46d0-a6ce-a7a33a2fb6f9,Apr-24,2024-04-01,520.6,normal,None,seasonal,102-1064,-0.45,Monitoring,"z=-0.45 vs seasonal baseline (n=4, med=583)"
b0d4d2c8-f6ee-bc16-ffd7-fc33c8db8571,5dda0b14-713b-46d0-a6ce-a7a33a2fb6f9,Dec-25,2025-12-01,656.4,normal,None,apartment_fallback,-28-1541,-0.45,Monitoring,"z=-0.45 vs apartment_fallback baseline (n=39, med=756)"
9d5d0096-0b78-a663-1142-be871dfa2bda,5dda0b14-713b-46d0-a6ce-a7a33a2fb6f9,Apr-26,2026-04-01,794.8,normal,None,seasonal,-857-2946,-0.46,Monitoring,"z=-0.46 vs seasonal baseline (n=4, med=1044)"
d2298bb8-a5e5-735a-c8ca-9b18c7daacd6,5dda0b14-713b-46d0-a6ce-a7a33a2fb6f9,Sep-25,2025-09-01,562.2,normal,None,apartment_fallback,-153-1495,-0.46,Monitoring,"z=-0.46 vs apartment_fallback baseline (n=37, med=671)"
86ad1ceb-8d81-a926-d998-3a2f1cafba06,5dda0b14-713b-46d0-a6ce-a7a33a2fb6f9,Feb-26,2026-02-01,440.0,normal,None,apartment_fallback,-262-1356,-0.46,Monitoring,"z=-0.46 vs apartment_fallback baseline (n=25, med=547)"
aa73cade-c28c-dc5b-5980-55801ea0d415,5dda0b14-713b-46d0-a6ce-a7a33a2fb6f9,Apr-26,2026-04-01,612.3,normal,None,seasonal,-450-2001,-0.47,Monitoring,"z=-0.47 vs seasonal baseline (n=4, med=776)"
b0875d50-a469-821b-57c3-03ac62809198,5dda0b14-713b-46d0-a6ce-a7a33a2fb6f9,May-23,2023-05-01,719.0,normal,None,seasonal,-400-2189,-0.47,Monitoring,"z=-0.47 vs seasonal baseline (n=4, med=894)"
233cca0e-efcf-e631-d2fc-9997a6ba5706,5dda0b14-713b-46d0-a6ce-a7a33a2fb6f9,Jun-24,2024-06-01,545.0,normal,None,seasonal,-493-1902,-0.47,Monitoring,"z=-0.47 vs seasonal baseline (n=4, med=705)"
8767525e-d22f-a295-bc29-ba104fdc589a,5dda0b14-713b-46d0-a6ce-a7a33a2fb6f9,Jan-25,2025-01-01,206.2,normal,None,apartment_fallback,-137-655,-0.47,Monitoring,"z=-0.47 vs apartment_fallback baseline (n=22, med=259)"
8767525e-d22f-a295-bc29-ba104fdc589a,5dda0b14-713b-46d0-a6ce-a7a33a2fb6f9,Oct-25,2025-10-01,205.2,normal,None,apartment_fallback,-137-655,-0.47,Monitoring,"z=-0.47 vs apartment_fallback baseline (n=22, med=259)"
211a2b33-4e94-3da1-7d97-406bc26036f5,5dda0b14-713b-46d0-a6ce-a7a33a2fb6f9,Feb-26,2026-02-01,303.1,normal,None,apartment_fallback,-345-1157,-0.48,Monitoring,"z=-0.48 vs apartment_fallback baseline (n=13, med=406)"
0a839c14-2a88-9896-c2f2-8d51fe610405,5dda0b14-713b-46d0-a6ce-a7a33a2fb6f9,May-25,2025-05-01,661.9,normal,None,seasonal,-79-1639,-0.48,Monitoring,"z=-0.48 vs seasonal baseline (n=4, med=780)"
dc4adc21-f501-0573-2e9a-d7bbbc89e5d6,5dda0b14-713b-46d0-a6ce-a7a33a2fb6f9,Jul-24,2024-07-01,712.0,normal,None,seasonal,-5-1658,-0.48,Monitoring,"z=-0.48 vs seasonal baseline (n=4, med=827)"
fb5cedd6-2992-1c62-7fba-4a7a6b43b2ff,5dda0b14-713b-46d0-a6ce-a7a33a2fb6f9,May-25,2025-05-01,1106.3,normal,None,seasonal,597-1779,-0.48,Monitoring,"z=-0.48 vs seasonal baseline (n=4, med=1188)"
d2298bb8-a5e5-735a-c8ca-9b18c7daacd6,5dda0b14-713b-46d0-a6ce-a7a33a2fb6f9,Jun-25,2025-06-01,692.8,normal,None,seasonal,-196-1865,-0.48,Monitoring,"z=-0.48 vs seasonal baseline (n=4, med=835)"
8767525e-d22f-a295-bc29-ba104fdc589a,5dda0b14-713b-46d0-a6ce-a7a33a2fb6f9,Nov-25,2025-11-01,204.3,normal,None,apartment_fallback,-137-655,-0.48,Monitoring,"z=-0.48 vs apartment_fallback baseline (n=22, med=259)"
0a839c14-2a88-9896-c2f2-8d51fe610405,5dda0b14-713b-46d0-a6ce-a7a33a2fb6f9,Apr-26,2026-04-01,709.1,normal,None,seasonal,370-1161,-0.5,Monitoring,"z=-0.50 vs seasonal baseline (n=4, med=765)"
b0d4d2c8-f6ee-bc16-ffd7-fc33c8db8571,5dda0b14-713b-46d0-a6ce-a7a33a2fb6f9,Jun-24,2024-06-01,605.0,normal,None,seasonal,-472-2038,-0.5,Monitoring,"z=-0.50 vs seasonal baseline (n=4, med=783)"
990e8a3e-a69c-7b31-f606-3eeb21e3d4c6,5dda0b14-713b-46d0-a6ce-a7a33a2fb6f9,Apr-26,2026-04-01,464.2,normal,None,seasonal,265-731,-0.51,Monitoring,"z=-0.51 vs seasonal baseline (n=4, med=498)"
44625074-3f26-4a2d-74ae-56ba4c94a395,5dda0b14-713b-46d0-a6ce-a7a33a2fb6f9,Oct-23,2023-10-01,388.11,normal,None,apartment_fallback,-6-916,-0.51,Monitoring,"z=-0.51 vs apartment_fallback baseline (n=20, med=455)"
b0875d50-a469-821b-57c3-03ac62809198,5dda0b14-713b-46d0-a6ce-a7a33a2fb6f9,Jul-24,2024-07-01,568.0,normal,None,seasonal,332-886,-0.51,Monitoring,"z=-0.51 vs seasonal baseline (n=4, med=609)"
86ad1ceb-8d81-a926-d998-3a2f1cafba06,5dda0b14-713b-46d0-a6ce-a7a33a2fb6f9,Dec-25,2025-12-01,428.3,normal,None,apartment_fallback,-262-1356,-0.51,Monitoring,"z=-0.51 vs apartment_fallback baseline (n=25, med=547)"
233cca0e-efcf-e631-d2fc-9997a6ba5706,5dda0b14-713b-46d0-a6ce-a7a33a2fb6f9,May-23,2023-05-01,927.0,normal,None,seasonal,695-1240,-0.52,Monitoring,"z=-0.52 vs seasonal baseline (n=4, med=968)"
82b270bf-e567-2deb-5ef3-495baafd7645,5dda0b14-713b-46d0-a6ce-a7a33a2fb6f9,Jun-23,2023-06-01,591.5,normal,None,seasonal,527-678,-0.52,Monitoring,"z=-0.52 vs seasonal baseline (n=4, med=603)"
2fc42a4f-fe5a-ae08-0e4e-2c89ca71db85,5dda0b14-713b-46d0-a6ce-a7a33a2fb6f9,Jun-24,2024-06-01,762.0,normal,None,seasonal,332-1340,-0.52,Monitoring,"z=-0.52 vs seasonal baseline (n=4, med=836)"
b0d4d2c8-f6ee-bc16-ffd7-fc33c8db8571,5dda0b14-713b-46d0-a6ce-a7a33a2fb6f9,May-24,2024-05-01,792.0,normal,None,seasonal,426-1288,-0.53,Monitoring,"z=-0.53 vs seasonal baseline (n=4, med=857)"
dd96a329-ec95-e96a-1348-69d976f39cd4,5dda0b14-713b-46d0-a6ce-a7a33a2fb6f9,May-24,2024-05-01,986.0,normal,None,seasonal,468-1688,-0.53,Monitoring,"z=-0.53 vs seasonal baseline (n=4, med=1078)"
49ed1c8e-3653-c89b-ec74-16d8e20bb923,5dda0b14-713b-46d0-a6ce-a7a33a2fb6f9,Jun-24,2024-06-01,781.0,normal,None,seasonal,583-1049,-0.53,Monitoring,"z=-0.53 vs seasonal baseline (n=4, med=816)"
ffbd5fe0-d9b3-cb55-cfd7-2d72a3498109,5dda0b14-713b-46d0-a6ce-a7a33a2fb6f9,Jun-24,2024-06-01,716.0,normal,None,seasonal,607-864,-0.53,Monitoring,"z=-0.53 vs seasonal baseline (n=4, med=735)"
bde00681-ebfc-ef38-4f6e-4906a012de6b,5dda0b14-713b-46d0-a6ce-a7a33a2fb6f9,Jul-24,2024-07-01,778.0,normal,None,seasonal,-497-2507,-0.53,Monitoring,"z=-0.53 vs seasonal baseline (n=4, med=1005)"
1b4d1066-8fe4-199b-7b3b-39e4bded9714,5dda0b14-713b-46d0-a6ce-a7a33a2fb6f9,Dec-24,2024-12-01,772.3,normal,None,apartment_fallback,-350-2293,-0.53,Monitoring,"z=-0.53 vs apartment_fallback baseline (n=31, med=971)"
188aee4d-68e0-1ddb-38e6-a946bc75072d,5dda0b14-713b-46d0-a6ce-a7a33a2fb6f9,Nov-25,2025-11-01,250.1,normal,None,apartment_fallback,-422-1163,-0.53,Monitoring,"z=-0.53 vs apartment_fallback baseline (n=14, med=371)"
10c6863d-07c3-4fc4-94f9-6adc29157ce1,5dda0b14-713b-46d0-a6ce-a7a33a2fb6f9,May-26,2026-05-01,707.0,normal,None,seasonal,276-1294,-0.54,Monitoring,"z=-0.54 vs seasonal baseline (n=4, med=785)"
8767525e-d22f-a295-bc29-ba104fdc589a,5dda0b14-713b-46d0-a6ce-a7a33a2fb6f9,Jun-26,2026-06-01,197.6,normal,None,apartment_fallback,-137-655,-0.54,Monitoring,"z=-0.54 vs apartment_fallback baseline (n=22, med=259)"
dd96a329-ec95-e96a-1348-69d976f39cd4,5dda0b14-713b-46d0-a6ce-a7a33a2fb6f9,Jul-24,2024-07-01,853.0,normal,None,seasonal,-69-2113,-0.54,Monitoring,"z=-0.54 vs seasonal baseline (n=4, med=1022)"
79853a4a-cb02-508c-e041-7e23378aec9c,5dda0b14-713b-46d0-a6ce-a7a33a2fb6f9,Nov-24,2024-11-01,878.8,normal,None,apartment_fallback,-275-2453,-0.54,Monitoring,"z=-0.54 vs apartment_fallback baseline (n=25, med=1089)"
82b270bf-e567-2deb-5ef3-495baafd7645,5dda0b14-713b-46d0-a6ce-a7a33a2fb6f9,Jul-24,2024-07-01,507.0,normal,None,seasonal,157-987,-0.55,Monitoring,"z=-0.55 vs seasonal baseline (n=4, med=572)"
86ad1ceb-8d81-a926-d998-3a2f1cafba06,5dda0b14-713b-46d0-a6ce-a7a33a2fb6f9,Mar-26,2026-03-01,416.9,normal,None,apartment_fallback,-262-1356,-0.56,Monitoring,"z=-0.56 vs apartment_fallback baseline (n=25, med=547)"
44625074-3f26-4a2d-74ae-56ba4c94a395,5dda0b14-713b-46d0-a6ce-a7a33a2fb6f9,Jun-23,2023-06-01,382.01,normal,None,apartment_fallback,-6-916,-0.56,Monitoring,"z=-0.56 vs apartment_fallback baseline (n=20, med=455)"
1b4d1066-8fe4-199b-7b3b-39e4bded9714,5dda0b14-713b-46d0-a6ce-a7a33a2fb6f9,Apr-24,2024-04-01,647.9,normal,None,seasonal,-644-2433,-0.56,Monitoring,"z=-0.56 vs seasonal baseline (n=4, med=895)"
03edc7c5-4c46-b55e-523d-9fb7be29910b,5dda0b14-713b-46d0-a6ce-a7a33a2fb6f9,May-24,2024-05-01,1222.0,normal,None,seasonal,918-1644,-0.57,Monitoring,"z=-0.57 vs seasonal baseline (n=4, med=1281)"
a361bd0d-c2c1-2aee-6303-d65de004edd0,5dda0b14-713b-46d0-a6ce-a7a33a2fb6f9,May-24,2024-05-01,881.0,normal,None,seasonal,341-1631,-0.57,Monitoring,"z=-0.57 vs seasonal baseline (n=4, med=986)"
77c3a6fd-4651-d880-29aa-abd19c8324df,5dda0b14-713b-46d0-a6ce-a7a33a2fb6f9,Apr-23,2023-04-01,514.0,normal,None,seasonal,184-972,-0.57,Monitoring,"z=-0.57 vs seasonal baseline (n=4, med=578)"
c2ff0c11-4d1b-7b9b-b93c-aa37c9b6c40b,5dda0b14-713b-46d0-a6ce-a7a33a2fb6f9,Dec-25,2025-12-01,394.2,normal,None,apartment_fallback,-399-1495,-0.57,Monitoring,"z=-0.57 vs apartment_fallback baseline (n=35, med=548)"
ffbd5fe0-d9b3-cb55-cfd7-2d72a3498109,5dda0b14-713b-46d0-a6ce-a7a33a2fb6f9,May-23,2023-05-01,698.0,normal,None,seasonal,98-1536,-0.58,Monitoring,"z=-0.58 vs seasonal baseline (n=4, med=817)"
323c0dff-be56-f6ee-f053-ee37de806dea,5dda0b14-713b-46d0-a6ce-a7a33a2fb6f9,May-25,2025-05-01,735.4,normal,None,seasonal,129-1583,-0.58,Monitoring,"z=-0.58 vs seasonal baseline (n=4, med=856)"
bde00681-ebfc-ef38-4f6e-4906a012de6b,5dda0b14-713b-46d0-a6ce-a7a33a2fb6f9,May-24,2024-05-01,1174.0,normal,None,seasonal,912-1541,-0.58,Monitoring,"z=-0.58 vs seasonal baseline (n=4, med=1226)"
03edc7c5-4c46-b55e-523d-9fb7be29910b,5dda0b14-713b-46d0-a6ce-a7a33a2fb6f9,Jun-24,2024-06-01,1012.0,normal,None,seasonal,265-2058,-0.58,Monitoring,"z=-0.58 vs seasonal baseline (n=4, med=1162)"
10c6863d-07c3-4fc4-94f9-6adc29157ce1,5dda0b14-713b-46d0-a6ce-a7a33a2fb6f9,Apr-26,2026-04-01,665.2,normal,None,seasonal,449-970,-0.6,Monitoring,"z=-0.60 vs seasonal baseline (n=4, med=710)"
10c6863d-07c3-4fc4-94f9-6adc29157ce1,5dda0b14-713b-46d0-a6ce-a7a33a2fb6f9,Jul-26,2026-07-01,732.6,normal,None,seasonal,512-1044,-0.6,Monitoring,"z=-0.60 vs seasonal baseline (n=4, med=778)"
10c6863d-07c3-4fc4-94f9-6adc29157ce1,5dda0b14-713b-46d0-a6ce-a7a33a2fb6f9,Jun-24,2024-06-01,751.0,normal,None,seasonal,639-909,-0.6,Monitoring,"z=-0.60 vs seasonal baseline (n=4, med=774)"
323c0dff-be56-f6ee-f053-ee37de806dea,5dda0b14-713b-46d0-a6ce-a7a33a2fb6f9,Jun-25,2025-06-01,838.3,normal,None,seasonal,700-1033,-0.6,Monitoring,"z=-0.60 vs seasonal baseline (n=4, med=867)"
bc7f358d-0d6d-f95f-ff80-9089eefdef69,5dda0b14-713b-46d0-a6ce-a7a33a2fb6f9,May-26,2026-05-01,1117.3,normal,None,seasonal,822-1536,-0.61,Monitoring,"z=-0.61 vs seasonal baseline (n=4, med=1179)"
417c9738-a0f7-5a00-1091-37a9fd083dd6,5dda0b14-713b-46d0-a6ce-a7a33a2fb6f9,Jun-24,2024-06-01,754.0,normal,None,seasonal,448-1189,-0.61,Monitoring,"z=-0.61 vs seasonal baseline (n=4, med=819)"
86ad1ceb-8d81-a926-d998-3a2f1cafba06,5dda0b14-713b-46d0-a6ce-a7a33a2fb6f9,Oct-24,2024-10-01,405.5,normal,None,apartment_fallback,-262-1356,-0.61,Monitoring,"z=-0.61 vs apartment_fallback baseline (n=25, med=547)"
c17c5093-48b7-139f-ebfc-1cd33ef5179c,5dda0b14-713b-46d0-a6ce-a7a33a2fb6f9,Dec-24,2024-12-01,409.1,normal,None,apartment_fallback,-99-1133,-0.61,Monitoring,"z=-0.61 vs apartment_fallback baseline (n=36, med=517)"
b0d4d2c8-f6ee-bc16-ffd7-fc33c8db8571,5dda0b14-713b-46d0-a6ce-a7a33a2fb6f9,Apr-26,2026-04-01,756.2,normal,None,seasonal,190-1569,-0.62,Monitoring,"z=-0.62 vs seasonal baseline (n=4, med=879)"
bde00681-ebfc-ef38-4f6e-4906a012de6b,5dda0b14-713b-46d0-a6ce-a7a33a2fb6f9,Jun-24,2024-06-01,936.0,normal,None,seasonal,28-2234,-0.62,Monitoring,"z=-0.62 vs seasonal baseline (n=4, med=1131)"
b0875d50-a469-821b-57c3-03ac62809198,5dda0b14-713b-46d0-a6ce-a7a33a2fb6f9,Apr-25,2025-04-01,746.8,normal,None,seasonal,284-1408,-0.62,Monitoring,"z=-0.62 vs seasonal baseline (n=4, med=846)"
d2298bb8-a5e5-735a-c8ca-9b18c7daacd6,5dda0b14-713b-46d0-a6ce-a7a33a2fb6f9,Apr-23,2023-04-01,456.0,normal,None,seasonal,-21-1140,-0.63,Monitoring,"z=-0.63 vs seasonal baseline (n=4, med=560)"
b0d4d2c8-f6ee-bc16-ffd7-fc33c8db8571,5dda0b14-713b-46d0-a6ce-a7a33a2fb6f9,Jul-25,2025-07-01,893.2,normal,None,seasonal,751-1097,-0.63,Monitoring,"z=-0.63 vs seasonal baseline (n=4, med=924)"
49ed1c8e-3653-c89b-ec74-16d8e20bb923,5dda0b14-713b-46d0-a6ce-a7a33a2fb6f9,Apr-24,2024-04-01,577.0,normal,None,seasonal,-210-1720,-0.65,Monitoring,"z=-0.65 vs seasonal baseline (n=4, med=755)"
49ed1c8e-3653-c89b-ec74-16d8e20bb923,5dda0b14-713b-46d0-a6ce-a7a33a2fb6f9,May-24,2024-05-01,817.0,normal,None,seasonal,566-1183,-0.66,Monitoring,"z=-0.66 vs seasonal baseline (n=4, med=875)"
49ed1c8e-3653-c89b-ec74-16d8e20bb923,5dda0b14-713b-46d0-a6ce-a7a33a2fb6f9,Jul-24,2024-07-01,567.0,normal,None,seasonal,262-1013,-0.66,Monitoring,"z=-0.66 vs seasonal baseline (n=4, med=638)"
323c0dff-be56-f6ee-f053-ee37de806dea,5dda0b14-713b-46d0-a6ce-a7a33a2fb6f9,Apr-25,2025-04-01,635.1,normal,None,seasonal,398-982,-0.66,Monitoring,"z=-0.66 vs seasonal baseline (n=4, med=690)"
2fc42a4f-fe5a-ae08-0e4e-2c89ca71db85,5dda0b14-713b-46d0-a6ce-a7a33a2fb6f9,Jul-25,2025-07-01,705.1,normal,None,seasonal,598-862,-0.66,Monitoring,"z=-0.66 vs seasonal baseline (n=4, med=730)"
aa73cade-c28c-dc5b-5980-55801ea0d415,5dda0b14-713b-46d0-a6ce-a7a33a2fb6f9,Jul-25,2025-07-01,797.8,normal,None,seasonal,436-1329,-0.66,Monitoring,"z=-0.66 vs seasonal baseline (n=4, med=882)"
8767525e-d22f-a295-bc29-ba104fdc589a,5dda0b14-713b-46d0-a6ce-a7a33a2fb6f9,Feb-26,2026-02-01,184.1,normal,None,apartment_fallback,-137-655,-0.66,Monitoring,"z=-0.66 vs apartment_fallback baseline (n=22, med=259)"
990e8a3e-a69c-7b31-f606-3eeb21e3d4c6,5dda0b14-713b-46d0-a6ce-a7a33a2fb6f9,Mar-26,2026-03-01,333.4,normal,None,seasonal,297-388,-0.67,Monitoring,"z=-0.67 vs seasonal baseline (n=3, med=342)"
03edc7c5-4c46-b55e-523d-9fb7be29910b,5dda0b14-713b-46d0-a6ce-a7a33a2fb6f9,Mar-26,2026-03-01,945.8,normal,None,seasonal,880-1044,-0.67,Monitoring,"z=-0.67 vs seasonal baseline (n=3, med=962)"
dd96a329-ec95-e96a-1348-69d976f39cd4,5dda0b14-713b-46d0-a6ce-a7a33a2fb6f9,Mar-26,2026-03-01,583.9,normal,None,seasonal,-348-1961,-0.67,Monitoring,"z=-0.67 vs seasonal baseline (n=3, med=806)"
c17c5093-48b7-139f-ebfc-1cd33ef5179c,5dda0b14-713b-46d0-a6ce-a7a33a2fb6f9,Mar-26,2026-03-01,488.5,normal,None,seasonal,356-685,-0.67,Monitoring,"z=-0.67 vs seasonal baseline (n=3, med=520)"
1b4d1066-8fe4-199b-7b3b-39e4bded9714,5dda0b14-713b-46d0-a6ce-a7a33a2fb6f9,May-25,2025-05-01,1226.0,normal,None,seasonal,836-1802,-0.67,Monitoring,"z=-0.67 vs seasonal baseline (n=3, med=1319)"
c17c5093-48b7-139f-ebfc-1cd33ef5179c,5dda0b14-713b-46d0-a6ce-a7a33a2fb6f9,Jun-26,2026-06-01,709.9,normal,None,seasonal,639-814,-0.67,Monitoring,"z=-0.67 vs seasonal baseline (n=3, med=727)"
dd96a329-ec95-e96a-1348-69d976f39cd4,5dda0b14-713b-46d0-a6ce-a7a33a2fb6f9,Jun-23,2023-06-01,818.5,normal,None,seasonal,536-1236,-0.67,Monitoring,"z=-0.67 vs seasonal baseline (n=3, med=886)"
b0d4d2c8-f6ee-bc16-ffd7-fc33c8db8571,5dda0b14-713b-46d0-a6ce-a7a33a2fb6f9,Aug-23,2023-08-01,638.2,normal,None,seasonal,-7-1592,-0.67,Monitoring,"z=-0.67 vs seasonal baseline (n=3, med=792)"
82b270bf-e567-2deb-5ef3-495baafd7645,5dda0b14-713b-46d0-a6ce-a7a33a2fb6f9,Aug-23,2023-08-01,464.7,normal,None,seasonal,293-718,-0.67,Monitoring,"z=-0.67 vs seasonal baseline (n=3, med=506)"
85292340-826d-52c1-65c7-7f2a9eb2c2c4,5dda0b14-713b-46d0-a6ce-a7a33a2fb6f9,Aug-23,2023-08-01,862.1,normal,None,seasonal,783-978,-0.67,Monitoring,"z=-0.67 vs seasonal baseline (n=3, med=881)"
dd96a329-ec95-e96a-1348-69d976f39cd4,5dda0b14-713b-46d0-a6ce-a7a33a2fb6f9,Aug-23,2023-08-01,731.5,normal,None,seasonal,-117-1985,-0.67,Monitoring,"z=-0.67 vs seasonal baseline (n=3, med=934)"
990e8a3e-a69c-7b31-f606-3eeb21e3d4c6,5dda0b14-713b-46d0-a6ce-a7a33a2fb6f9,Aug-23,2023-08-01,431.9,normal,None,seasonal,283-652,-0.67,Monitoring,"z=-0.67 vs seasonal baseline (n=3, med=467)"
dc4adc21-f501-0573-2e9a-d7bbbc89e5d6,5dda0b14-713b-46d0-a6ce-a7a33a2fb6f9,Aug-23,2023-08-01,639.71,normal,None,seasonal,530-802,-0.67,Monitoring,"z=-0.67 vs seasonal baseline (n=3, med=666)"
b0d4d2c8-f6ee-bc16-ffd7-fc33c8db8571,5dda0b14-713b-46d0-a6ce-a7a33a2fb6f9,Sep-23,2023-09-01,649.2,normal,None,seasonal,621-691,-0.67,Monitoring,"z=-0.67 vs seasonal baseline (n=3, med=656)"
5d204545-2f72-b89b-3190-a826b5ab6512,5dda0b14-713b-46d0-a6ce-a7a33a2fb6f9,Sep-23,2023-09-01,648.7,normal,None,seasonal,387-1036,-0.67,Monitoring,"z=-0.67 vs seasonal baseline (n=3, med=711)"
417c9738-a0f7-5a00-1091-37a9fd083dd6,5dda0b14-713b-46d0-a6ce-a7a33a2fb6f9,Sep-23,2023-09-01,590.2,normal,None,seasonal,382-898,-0.67,Monitoring,"z=-0.67 vs seasonal baseline (n=3, med=640)"
49ed1c8e-3653-c89b-ec74-16d8e20bb923,5dda0b14-713b-46d0-a6ce-a7a33a2fb6f9,Sep-23,2023-09-01,598.3,normal,None,seasonal,307-1028,-0.67,Monitoring,"z=-0.67 vs seasonal baseline (n=3, med=668)"
b0875d50-a469-821b-57c3-03ac62809198,5dda0b14-713b-46d0-a6ce-a7a33a2fb6f9,Sep-23,2023-09-01,535.6,normal,None,seasonal,412-719,-0.67,Monitoring,"z=-0.67 vs seasonal baseline (n=3, med=565)"
fb5cedd6-2992-1c62-7fba-4a7a6b43b2ff,5dda0b14-713b-46d0-a6ce-a7a33a2fb6f9,Sep-23,2023-09-01,924.2,normal,None,seasonal,646-1336,-0.67,Monitoring,"z=-0.67 vs seasonal baseline (n=3, med=991)"
dc4adc21-f501-0573-2e9a-d7bbbc89e5d6,5dda0b14-713b-46d0-a6ce-a7a33a2fb6f9,Sep-23,2023-09-01,531.43,normal,None,seasonal,253-943,-0.67,Monitoring,"z=-0.67 vs seasonal baseline (n=3, med=598)"
0a839c14-2a88-9896-c2f2-8d51fe610405,5dda0b14-713b-46d0-a6ce-a7a33a2fb6f9,Oct-23,2023-10-01,397.9,normal,None,seasonal,103-833,-0.67,Monitoring,"z=-0.67 vs seasonal baseline (n=3, med=468)"
2fc42a4f-fe5a-ae08-0e4e-2c89ca71db85,5dda0b14-713b-46d0-a6ce-a7a33a2fb6f9,Oct-23,2023-10-01,662.2,normal,None,seasonal,493-912,-0.67,Monitoring,"z=-0.67 vs seasonal baseline (n=3, med=702)"
c17c5093-48b7-139f-ebfc-1cd33ef5179c,5dda0b14-713b-46d0-a6ce-a7a33a2fb6f9,Oct-23,2023-10-01,490.5,normal,None,seasonal,488-494,-0.67,Monitoring,"z=-0.67 vs seasonal baseline (n=3, med=491)"
0a839c14-2a88-9896-c2f2-8d51fe610405,5dda0b14-713b-46d0-a6ce-a7a33a2fb6f9,Nov-23,2023-11-01,359.8,normal,None,seasonal,87-763,-0.67,Monitoring,"z=-0.67 vs seasonal baseline (n=3, med=425)"
2fc42a4f-fe5a-ae08-0e4e-2c89ca71db85,5dda0b14-713b-46d0-a6ce-a7a33a2fb6f9,Nov-23,2023-11-01,576.0,normal,None,seasonal,230-1087,-0.67,Monitoring,"z=-0.67 vs seasonal baseline (n=3, med=658)"
417c9738-a0f7-5a00-1091-37a9fd083dd6,5dda0b14-713b-46d0-a6ce-a7a33a2fb6f9,Nov-23,2023-11-01,512.5,normal,None,seasonal,394-687,-0.67,Monitoring,"z=-0.67 vs seasonal baseline (n=3, med=541)"
82b270bf-e567-2deb-5ef3-495baafd7645,5dda0b14-713b-46d0-a6ce-a7a33a2fb6f9,Nov-23,2023-11-01,203.8,normal,None,seasonal,-53-584,-0.67,Monitoring,"z=-0.67 vs seasonal baseline (n=3, med=265)"
a361bd0d-c2c1-2aee-6303-d65de004edd0,5dda0b14-713b-46d0-a6ce-a7a33a2fb6f9,Nov-23,2023-11-01,478.2,normal,None,seasonal,-105-1340,-0.67,Monitoring,"z=-0.67 vs seasonal baseline (n=3, med=617)"
49ed1c8e-3653-c89b-ec74-16d8e20bb923,5dda0b14-713b-46d0-a6ce-a7a33a2fb6f9,Nov-23,2023-11-01,461.7,normal,None,seasonal,407-542,-0.67,Monitoring,"z=-0.67 vs seasonal baseline (n=3, med=475)"
85292340-826d-52c1-65c7-7f2a9eb2c2c4,5dda0b14-713b-46d0-a6ce-a7a33a2fb6f9,Nov-23,2023-11-01,581.2,normal,None,seasonal,556-618,-0.67,Monitoring,"z=-0.67 vs seasonal baseline (n=3, med=587)"
bde00681-ebfc-ef38-4f6e-4906a012de6b,5dda0b14-713b-46d0-a6ce-a7a33a2fb6f9,Nov-23,2023-11-01,463.8,normal,None,seasonal,-156-1380,-0.67,Monitoring,"z=-0.67 vs seasonal baseline (n=3, med=612)"
dd96a329-ec95-e96a-1348-69d976f39cd4,5dda0b14-713b-46d0-a6ce-a7a33a2fb6f9,Nov-23,2023-11-01,535.55,normal,None,seasonal,488-605,-0.67,Monitoring,"z=-0.67 vs seasonal baseline (n=3, med=547)"
990e8a3e-a69c-7b31-f606-3eeb21e3d4c6,5dda0b14-713b-46d0-a6ce-a7a33a2fb6f9,Nov-23,2023-11-01,236.6,normal,None,seasonal,104-432,-0.67,Monitoring,"z=-0.67 vs seasonal baseline (n=3, med=268)"
233cca0e-efcf-e631-d2fc-9997a6ba5706,5dda0b14-713b-46d0-a6ce-a7a33a2fb6f9,Nov-23,2023-11-01,421.0,normal,None,seasonal,193-758,-0.67,Monitoring,"z=-0.67 vs seasonal baseline (n=3, med=476)"
dc4adc21-f501-0573-2e9a-d7bbbc89e5d6,5dda0b14-713b-46d0-a6ce-a7a33a2fb6f9,Nov-23,2023-11-01,398.63,normal,None,seasonal,316-520,-0.67,Monitoring,"z=-0.67 vs seasonal baseline (n=3, med=418)"
03edc7c5-4c46-b55e-523d-9fb7be29910b,5dda0b14-713b-46d0-a6ce-a7a33a2fb6f9,Jan-24,2024-01-01,468.3,normal,None,seasonal,188-883,-0.67,Monitoring,"z=-0.67 vs seasonal baseline (n=3, med=535)"
bde00681-ebfc-ef38-4f6e-4906a012de6b,5dda0b14-713b-46d0-a6ce-a7a33a2fb6f9,Jan-24,2024-01-01,414.0,normal,None,seasonal,342-520,-0.67,Monitoring,"z=-0.67 vs seasonal baseline (n=3, med=431)"
bc7f358d-0d6d-f95f-ff80-9089eefdef69,5dda0b14-713b-46d0-a6ce-a7a33a2fb6f9,Jan-24,2024-01-01,377.1,normal,None,seasonal,180-669,-0.67,Monitoring,"z=-0.67 vs seasonal baseline (n=3, med=424)"
9d5d0096-0b78-a663-1142-be871dfa2bda,5dda0b14-713b-46d0-a6ce-a7a33a2fb6f9,Jan-24,2024-01-01,374.5,normal,None,seasonal,-180-1193,-0.67,Monitoring,"z=-0.67 vs seasonal baseline (n=3, med=507)"
c17c5093-48b7-139f-ebfc-1cd33ef5179c,5dda0b14-713b-46d0-a6ce-a7a33a2fb6f9,Jan-24,2024-01-01,172.8,normal,None,seasonal,27-389,-0.67,Monitoring,"z=-0.67 vs seasonal baseline (n=3, med=208)"
c2ff0c11-4d1b-7b9b-b93c-aa37c9b6c40b,5dda0b14-713b-46d0-a6ce-a7a33a2fb6f9,Jan-24,2024-01-01,244.8,normal,None,seasonal,187-331,-0.67,Monitoring,"z=-0.67 vs seasonal baseline (n=3, med=259)"
b0d4d2c8-f6ee-bc16-ffd7-fc33c8db8571,5dda0b14-713b-46d0-a6ce-a7a33a2fb6f9,Feb-24,2024-02-01,543.6,normal,None,seasonal,80-1228,-0.67,Monitoring,"z=-0.67 vs seasonal baseline (n=3, med=654)"
bde00681-ebfc-ef38-4f6e-4906a012de6b,5dda0b14-713b-46d0-a6ce-a7a33a2fb6f9,Feb-24,2024-02-01,663.1,normal,None,seasonal,545-838,-0.67,Monitoring,"z=-0.67 vs seasonal baseline (n=3, med=691)"
b0875d50-a469-821b-57c3-03ac62809198,5dda0b14-713b-46d0-a6ce-a7a33a2fb6f9,Feb-24,2024-02-01,392.7,normal,None,seasonal,343-466,-0.67,Monitoring,"z=-0.67 vs seasonal baseline (n=3, med=405)"
5d204545-2f72-b89b-3190-a826b5ab6512,5dda0b14-713b-46d0-a6ce-a7a33a2fb6f9,Mar-24,2024-03-01,686.3,normal,None,seasonal,308-1246,-0.67,Monitoring,"z=-0.67 vs seasonal baseline (n=3, med=777)"
bde00681-ebfc-ef38-4f6e-4906a012de6b,5dda0b14-713b-46d0-a6ce-a7a33a2fb6f9,Mar-24,2024-03-01,753.1,normal,None,seasonal,421-1244,-0.67,Monitoring,"z=-0.67 vs seasonal baseline (n=3, med=832)"
fb5cedd6-2992-1c62-7fba-4a7a6b43b2ff,5dda0b14-713b-46d0-a6ce-a7a33a2fb6f9,Mar-24,2024-03-01,722.7,normal,None,seasonal,438-1143,-0.67,Monitoring,"z=-0.67 vs seasonal baseline (n=3, med=791)"
c2ff0c11-4d1b-7b9b-b93c-aa37c9b6c40b,5dda0b14-713b-46d0-a6ce-a7a33a2fb6f9,May-24,2024-05-01,357.0,normal,None,seasonal,-603-1776,-0.67,Monitoring,"z=-0.67 vs seasonal baseline (n=3, med=586)"
417c9738-a0f7-5a00-1091-37a9fd083dd6,5dda0b14-713b-46d0-a6ce-a7a33a2fb6f9,Aug-24,2024-08-01,580.0,normal,None,seasonal,416-822,-0.67,Monitoring,"z=-0.67 vs seasonal baseline (n=3, med=619)"
574de174-c7bb-bc11-f282-cff2aa2501c5,5dda0b14-713b-46d0-a6ce-a7a33a2fb6f9,Aug-24,2024-08-01,449.0,normal,None,seasonal,291-682,-0.67,Monitoring,"z=-0.67 vs seasonal baseline (n=3, med=487)"
d2298bb8-a5e5-735a-c8ca-9b18c7daacd6,5dda0b14-713b-46d0-a6ce-a7a33a2fb6f9,Aug-24,2024-08-01,799.0,normal,None,seasonal,702-943,-0.67,Monitoring,"z=-0.67 vs seasonal baseline (n=3, med=822)"
0a839c14-2a88-9896-c2f2-8d51fe610405,5dda0b14-713b-46d0-a6ce-a7a33a2fb6f9,Sep-24,2024-09-01,572.9,normal,None,seasonal,116-1248,-0.67,Monitoring,"z=-0.67 vs seasonal baseline (n=3, med=682)"
a361bd0d-c2c1-2aee-6303-d65de004edd0,5dda0b14-713b-46d0-a6ce-a7a33a2fb6f9,Sep-24,2024-09-01,624.4,normal,None,seasonal,457-871,-0.67,Monitoring,"z=-0.67 vs seasonal baseline (n=3, med=664)"
a361bd0d-c2c1-2aee-6303-d65de004edd0,5dda0b14-713b-46d0-a6ce-a7a33a2fb6f9,Oct-24,2024-10-01,601.2,normal,None,seasonal,-27-1529,-0.67,Monitoring,"z=-0.67 vs seasonal baseline (n=3, med=751)"
77c3a6fd-4651-d880-29aa-abd19c8324df,5dda0b14-713b-46d0-a6ce-a7a33a2fb6f9,Oct-24,2024-10-01,553.7,normal,None,seasonal,386-801,-0.67,Monitoring,"z=-0.67 vs seasonal baseline (n=3, med=594)"
fb5cedd6-2992-1c62-7fba-4a7a6b43b2ff,5dda0b14-713b-46d0-a6ce-a7a33a2fb6f9,Oct-24,2024-10-01,866.8,normal,None,seasonal,800-965,-0.67,Monitoring,"z=-0.67 vs seasonal baseline (n=3, med=883)"
dc4adc21-f501-0573-2e9a-d7bbbc89e5d6,5dda0b14-713b-46d0-a6ce-a7a33a2fb6f9,Oct-24,2024-10-01,455.26,normal,None,seasonal,195-840,-0.67,Monitoring,"z=-0.67 vs seasonal baseline (n=3, med=517)"
03edc7c5-4c46-b55e-523d-9fb7be29910b,5dda0b14-713b-46d0-a6ce-a7a33a2fb6f9,Nov-24,2024-11-01,660.0,normal,None,seasonal,506-888,-0.67,Monitoring,"z=-0.67 vs seasonal baseline (n=3, med=697)"
bc7f358d-0d6d-f95f-ff80-9089eefdef69,5dda0b14-713b-46d0-a6ce-a7a33a2fb6f9,Nov-24,2024-11-01,529.4,normal,None,seasonal,-14-1332,-0.67,Monitoring,"z=-0.67 vs seasonal baseline (n=3, med=659)"
b0875d50-a469-821b-57c3-03ac62809198,5dda0b14-713b-46d0-a6ce-a7a33a2fb6f9,Nov-24,2024-11-01,385.1,normal,None,seasonal,122-773,-0.67,Monitoring,"z=-0.67 vs seasonal baseline (n=3, med=448)"
c2ff0c11-4d1b-7b9b-b93c-aa37c9b6c40b,5dda0b14-713b-46d0-a6ce-a7a33a2fb6f9,Nov-24,2024-11-01,387.77,normal,None,seasonal,-159-1196,-0.67,Monitoring,"z=-0.67 vs seasonal baseline (n=3, med=518)"
2fc42a4f-fe5a-ae08-0e4e-2c89ca71db85,5dda0b14-713b-46d0-a6ce-a7a33a2fb6f9,Jan-25,2025-01-01,423.5,normal,None,seasonal,291-619,-0.67,Monitoring,"z=-0.67 vs seasonal baseline (n=3, med=455)"
574de174-c7bb-bc11-f282-cff2aa2501c5,5dda0b14-713b-46d0-a6ce-a7a33a2fb6f9,Jan-25,2025-01-01,302.1,normal,None,seasonal,253-375,-0.67,Monitoring,"z=-0.67 vs seasonal baseline (n=3, med=314)"
a361bd0d-c2c1-2aee-6303-d65de004edd0,5dda0b14-713b-46d0-a6ce-a7a33a2fb6f9,Jan-25,2025-01-01,271.1,normal,None,seasonal,140-464,-0.67,Monitoring,"z=-0.67 vs seasonal baseline (n=3, med=302)"
0a839c14-2a88-9896-c2f2-8d51fe610405,5dda0b14-713b-46d0-a6ce-a7a33a2fb6f9,Feb-25,2025-02-01,515.9,normal,None,seasonal,440-628,-0.67,Monitoring,"z=-0.67 vs seasonal baseline (n=3, med=534)"
79853a4a-cb02-508c-e041-7e23378aec9c,5dda0b14-713b-46d0-a6ce-a7a33a2fb6f9,Feb-25,2025-02-01,829.4,normal,None,apartment_fallback,-275-2453,-0.67,Monitoring,"z=-0.67 vs apartment_fallback baseline (n=25, med=1089)"
323c0dff-be56-f6ee-f053-ee37de806dea,5dda0b14-713b-46d0-a6ce-a7a33a2fb6f9,Feb-25,2025-02-01,579.0,normal,None,seasonal,134-1237,-0.67,Monitoring,"z=-0.67 vs seasonal baseline (n=3, med=685)"
49ed1c8e-3653-c89b-ec74-16d8e20bb923,5dda0b14-713b-46d0-a6ce-a7a33a2fb6f9,Feb-25,2025-02-01,458.4,normal,None,seasonal,447-476,-0.67,Monitoring,"z=-0.67 vs seasonal baseline (n=3, med=461)"
323c0dff-be56-f6ee-f053-ee37de806dea,5dda0b14-713b-46d0-a6ce-a7a33a2fb6f9,Mar-25,2025-03-01,681.8,normal,None,seasonal,353-1168,-0.67,Monitoring,"z=-0.67 vs seasonal baseline (n=3, med=760)"
10c6863d-07c3-4fc4-94f9-6adc29157ce1,5dda0b14-713b-46d0-a6ce-a7a33a2fb6f9,Mar-25,2025-03-01,511.9,normal,None,seasonal,461-587,-0.67,Monitoring,"z=-0.67 vs seasonal baseline (n=3, med=524)"
1b4d1066-8fe4-199b-7b3b-39e4bded9714,5dda0b14-713b-46d0-a6ce-a7a33a2fb6f9,Jul-25,2025-07-01,1079.1,normal,None,seasonal,765-1543,-0.67,Monitoring,"z=-0.67 vs seasonal baseline (n=3, med=1154)"
211a2b33-4e94-3da1-7d97-406bc26036f5,5dda0b14-713b-46d0-a6ce-a7a33a2fb6f9,Aug-25,2025-08-01,261.4,normal,None,apartment_fallback,-345-1157,-0.67,Monitoring,"z=-0.67 vs apartment_fallback baseline (n=13, med=406)"
0a839c14-2a88-9896-c2f2-8d51fe610405,5dda0b14-713b-46d0-a6ce-a7a33a2fb6f9,Aug-25,2025-08-01,776.9,normal,None,seasonal,756-808,-0.67,Monitoring,"z=-0.67 vs seasonal baseline (n=3, med=782)"
aa73cade-c28c-dc5b-5980-55801ea0d415,5dda0b14-713b-46d0-a6ce-a7a33a2fb6f9,Aug-25,2025-08-01,664.3,normal,None,seasonal,456-972,-0.67,Monitoring,"z=-0.67 vs seasonal baseline (n=3, med=714)"
49ed1c8e-3653-c89b-ec74-16d8e20bb923,5dda0b14-713b-46d0-a6ce-a7a33a2fb6f9,Aug-25,2025-08-01,605.2,normal,None,seasonal,328-1015,-0.67,Monitoring,"z=-0.67 vs seasonal baseline (n=3, med=671)"
9d5d0096-0b78-a663-1142-be871dfa2bda,5dda0b14-713b-46d0-a6ce-a7a33a2fb6f9,Aug-25,2025-08-01,1001.5,normal,None,seasonal,935-1099,-0.67,Monitoring,"z=-0.67 vs seasonal baseline (n=3, med=1017)"
85292340-826d-52c1-65c7-7f2a9eb2c2c4,5dda0b14-713b-46d0-a6ce-a7a33a2fb6f9,Sep-25,2025-09-01,919.2,normal,None,seasonal,593-1401,-0.67,Monitoring,"z=-0.67 vs seasonal baseline (n=3, med=997)"
10c6863d-07c3-4fc4-94f9-6adc29157ce1,5dda0b14-713b-46d0-a6ce-a7a33a2fb6f9,Sep-25,2025-09-01,707.7,normal,None,seasonal,510-999,-0.67,Monitoring,"z=-0.67 vs seasonal baseline (n=3, med=755)"
b0d4d2c8-f6ee-bc16-ffd7-fc33c8db8571,5dda0b14-713b-46d0-a6ce-a7a33a2fb6f9,Oct-25,2025-10-01,600.0,normal,None,seasonal,153-1260,-0.67,Monitoring,"z=-0.67 vs seasonal baseline (n=3, med=707)"
03edc7c5-4c46-b55e-523d-9fb7be29910b,5dda0b14-713b-46d0-a6ce-a7a33a2fb6f9,Oct-25,2025-10-01,623.2,normal,None,seasonal,370-998,-0.67,Monitoring,"z=-0.67 vs seasonal baseline (n=3, med=684)"
574de174-c7bb-bc11-f282-cff2aa2501c5,5dda0b14-713b-46d0-a6ce-a7a33a2fb6f9,Oct-25,2025-10-01,390.6,normal,None,seasonal,380-407,-0.67,Monitoring,"z=-0.67 vs seasonal baseline (n=3, med=393)"
49ed1c8e-3653-c89b-ec74-16d8e20bb923,5dda0b14-713b-46d0-a6ce-a7a33a2fb6f9,Oct-25,2025-10-01,622.4,normal,None,seasonal,521-772,-0.67,Monitoring,"z=-0.67 vs seasonal baseline (n=3, med=646)"
ffbd5fe0-d9b3-cb55-cfd7-2d72a3498109,5dda0b14-713b-46d0-a6ce-a7a33a2fb6f9,Oct-25,2025-10-01,657.0,normal,None,seasonal,579-772,-0.67,Monitoring,"z=-0.67 vs seasonal baseline (n=3, med=676)"
233cca0e-efcf-e631-d2fc-9997a6ba5706,5dda0b14-713b-46d0-a6ce-a7a33a2fb6f9,Oct-25,2025-10-01,605.2,normal,None,seasonal,581-641,-0.67,Monitoring,"z=-0.67 vs seasonal baseline (n=3, med=611)"
ffbd5fe0-d9b3-cb55-cfd7-2d72a3498109,5dda0b14-713b-46d0-a6ce-a7a33a2fb6f9,Nov-25,2025-11-01,680.8,normal,None,seasonal,435-1044,-0.67,Monitoring,"z=-0.67 vs seasonal baseline (n=3, med=740)"
10c6863d-07c3-4fc4-94f9-6adc29157ce1,5dda0b14-713b-46d0-a6ce-a7a33a2fb6f9,Nov-25,2025-11-01,442.6,normal,None,seasonal,242-740,-0.67,Monitoring,"z=-0.67 vs seasonal baseline (n=3, med=491)"
c17c5093-48b7-139f-ebfc-1cd33ef5179c,5dda0b14-713b-46d0-a6ce-a7a33a2fb6f9,Nov-25,2025-11-01,361.3,normal,None,seasonal,66-797,-0.67,Monitoring,"z=-0.67 vs seasonal baseline (n=3, med=432)"
d2298bb8-a5e5-735a-c8ca-9b18c7daacd6,5dda0b14-713b-46d0-a6ce-a7a33a2fb6f9,Nov-25,2025-11-01,512.3,normal,None,seasonal,459-591,-0.67,Monitoring,"z=-0.67 vs seasonal baseline (n=3, med=525)"
82b270bf-e567-2deb-5ef3-495baafd7645,5dda0b14-713b-46d0-a6ce-a7a33a2fb6f9,Jan-26,2026-01-01,170.2,normal,None,seasonal,137-219,-0.67,Monitoring,"z=-0.67 vs seasonal baseline (n=3, med=178)"
323c0dff-be56-f6ee-f053-ee37de806dea,5dda0b14-713b-46d0-a6ce-a7a33a2fb6f9,Jan-26,2026-01-01,660.7,normal,None,seasonal,613-731,-0.67,Monitoring,"z=-0.67 vs seasonal baseline (n=3, med=672)"
49ed1c8e-3653-c89b-ec74-16d8e20bb923,5dda0b14-713b-46d0-a6ce-a7a33a2fb6f9,Jan-26,2026-01-01,335.8,normal,None,seasonal,241-476,-0.67,Monitoring,"z=-0.67 vs seasonal baseline (n=3, med=358)"
ffbd5fe0-d9b3-cb55-cfd7-2d72a3498109,5dda0b14-713b-46d0-a6ce-a7a33a2fb6f9,Jan-26,2026-01-01,372.8,normal,None,seasonal,-73-1031,-0.67,Monitoring,"z=-0.67 vs seasonal baseline (n=3, med=479)"
dd96a329-ec95-e96a-1348-69d976f39cd4,5dda0b14-713b-46d0-a6ce-a7a33a2fb6f9,Jan-26,2026-01-01,307.5,normal,None,seasonal,-713-1815,-0.67,Monitoring,"z=-0.67 vs seasonal baseline (n=3, med=551)"
10c6863d-07c3-4fc4-94f9-6adc29157ce1,5dda0b14-713b-46d0-a6ce-a7a33a2fb6f9,Jan-26,2026-01-01,268.2,normal,None,seasonal,77-551,-0.67,Monitoring,"z=-0.67 vs seasonal baseline (n=3, med=314)"
dc4adc21-f501-0573-2e9a-d7bbbc89e5d6,5dda0b14-713b-46d0-a6ce-a7a33a2fb6f9,Jan-26,2026-01-01,412.9,normal,None,seasonal,139-817,-0.67,Monitoring,"z=-0.67 vs seasonal baseline (n=3, med=478)"
d2298bb8-a5e5-735a-c8ca-9b18c7daacd6,5dda0b14-713b-46d0-a6ce-a7a33a2fb6f9,Jan-26,2026-01-01,200.9,normal,None,seasonal,185-224,-0.67,Monitoring,"z=-0.67 vs seasonal baseline (n=3, med=205)"
417c9738-a0f7-5a00-1091-37a9fd083dd6,5dda0b14-713b-46d0-a6ce-a7a33a2fb6f9,Feb-26,2026-02-01,485.3,normal,None,seasonal,232-860,-0.67,Monitoring,"z=-0.67 vs seasonal baseline (n=3, med=546)"
574de174-c7bb-bc11-f282-cff2aa2501c5,5dda0b14-713b-46d0-a6ce-a7a33a2fb6f9,Feb-26,2026-02-01,300.4,normal,None,seasonal,100-597,-0.67,Monitoring,"z=-0.67 vs seasonal baseline (n=3, med=348)"
aa73cade-c28c-dc5b-5980-55801ea0d415,5dda0b14-713b-46d0-a6ce-a7a33a2fb6f9,Feb-26,2026-02-01,463.8,normal,None,seasonal,250-779,-0.67,Monitoring,"z=-0.67 vs seasonal baseline (n=3, med=515)"
ffbd5fe0-d9b3-cb55-cfd7-2d72a3498109,5dda0b14-713b-46d0-a6ce-a7a33a2fb6f9,Feb-26,2026-02-01,442.0,normal,None,seasonal,-6-1104,-0.67,Monitoring,"z=-0.67 vs seasonal baseline (n=3, med=549)"
dd96a329-ec95-e96a-1348-69d976f39cd4,5dda0b14-713b-46d0-a6ce-a7a33a2fb6f9,Feb-26,2026-02-01,565.8,normal,None,seasonal,348-888,-0.67,Monitoring,"z=-0.67 vs seasonal baseline (n=3, med=618)"
10c6863d-07c3-4fc4-94f9-6adc29157ce1,5dda0b14-713b-46d0-a6ce-a7a33a2fb6f9,Feb-26,2026-02-01,378.0,normal,None,seasonal,97-793,-0.67,Monitoring,"z=-0.67 vs seasonal baseline (n=3, med=445)"
dc4adc21-f501-0573-2e9a-d7bbbc89e5d6,5dda0b14-713b-46d0-a6ce-a7a33a2fb6f9,Feb-26,2026-02-01,489.1,normal,None,seasonal,425-584,-0.67,Monitoring,"z=-0.67 vs seasonal baseline (n=3, med=504)"
c17c5093-48b7-139f-ebfc-1cd33ef5179c,5dda0b14-713b-46d0-a6ce-a7a33a2fb6f9,Feb-26,2026-02-01,352.2,normal,None,seasonal,217-551,-0.67,Monitoring,"z=-0.67 vs seasonal baseline (n=3, med=384)"
c2ff0c11-4d1b-7b9b-b93c-aa37c9b6c40b,5dda0b14-713b-46d0-a6ce-a7a33a2fb6f9,Feb-26,2026-02-01,377.9,normal,None,seasonal,335-441,-0.67,Monitoring,"z=-0.67 vs seasonal baseline (n=3, med=388)"
bc7f358d-0d6d-f95f-ff80-9089eefdef69,5dda0b14-713b-46d0-a6ce-a7a33a2fb6f9,Feb-26,2026-02-01,688.1,normal,None,seasonal,402-1111,-0.67,Monitoring,"z=-0.67 vs seasonal baseline (n=3, med=756)"
49ed1c8e-3653-c89b-ec74-16d8e20bb923,5dda0b14-713b-46d0-a6ce-a7a33a2fb6f9,Dec-24,2024-12-01,462.3,normal,None,apartment_fallback,-201-1445,-0.68,Monitoring,"z=-0.68 vs apartment_fallback baseline (n=39, med=622)"
ffbd5fe0-d9b3-cb55-cfd7-2d72a3498109,5dda0b14-713b-46d0-a6ce-a7a33a2fb6f9,Sep-25,2025-09-01,725.3,normal,None,seasonal,-132-1996,-0.68,Monitoring,"z=-0.68 vs seasonal baseline (n=3, med=932)"
417c9738-a0f7-5a00-1091-37a9fd083dd6,5dda0b14-713b-46d0-a6ce-a7a33a2fb6f9,Jan-26,2026-01-01,363.1,normal,None,seasonal,-265-1295,-0.68,Monitoring,"z=-0.68 vs seasonal baseline (n=3, med=515)"
49ed1c8e-3653-c89b-ec74-16d8e20bb923,5dda0b14-713b-46d0-a6ce-a7a33a2fb6f9,Jul-23,2023-07-01,563.4,normal,None,seasonal,262-1013,-0.69,Monitoring,"z=-0.69 vs seasonal baseline (n=4, med=638)"
2fc42a4f-fe5a-ae08-0e4e-2c89ca71db85,5dda0b14-713b-46d0-a6ce-a7a33a2fb6f9,Jul-24,2024-07-01,704.0,normal,None,seasonal,598-862,-0.69,Monitoring,"z=-0.69 vs seasonal baseline (n=4, med=730)"
323c0dff-be56-f6ee-f053-ee37de806dea,5dda0b14-713b-46d0-a6ce-a7a33a2fb6f9,Apr-23,2023-04-01,632.0,normal,None,seasonal,398-982,-0.69,Monitoring,"z=-0.69 vs seasonal baseline (n=4, med=690)"
79853a4a-cb02-508c-e041-7e23378aec9c,5dda0b14-713b-46d0-a6ce-a7a33a2fb6f9,Dec-24,2024-12-01,821.4,normal,None,apartment_fallback,-275-2453,-0.69,Monitoring,"z=-0.69 vs apartment_fallback baseline (n=25, med=1089)"
990e8a3e-a69c-7b31-f606-3eeb21e3d4c6,5dda0b14-713b-46d0-a6ce-a7a33a2fb6f9,Dec-24,2024-12-01,280.8,normal,None,apartment_fallback,-335-1199,-0.69,Monitoring,"z=-0.69 vs apartment_fallback baseline (n=38, med=432)"
b0875d50-a469-821b-57c3-03ac62809198,5dda0b14-713b-46d0-a6ce-a7a33a2fb6f9,Aug-24,2024-08-01,591.0,normal,None,seasonal,484-752,-0.71,Monitoring,"z=-0.71 vs seasonal baseline (n=3, med=618)"
c2ff0c11-4d1b-7b9b-b93c-aa37c9b6c40b,5dda0b14-713b-46d0-a6ce-a7a33a2fb6f9,Aug-24,2024-08-01,357.0,normal,None,apartment_fallback,-399-1495,-0.71,Monitoring,"z=-0.71 vs apartment_fallback baseline (n=35, med=548)"
1b4d1066-8fe4-199b-7b3b-39e4bded9714,5dda0b14-713b-46d0-a6ce-a7a33a2fb6f9,Jan-25,2025-01-01,701.8,normal,None,apartment_fallback,-350-2293,-0.71,Monitoring,"z=-0.71 vs apartment_fallback baseline (n=31, med=971)"
233cca0e-efcf-e631-d2fc-9997a6ba5706,5dda0b14-713b-46d0-a6ce-a7a33a2fb6f9,Jan-25,2025-01-01,358.7,normal,None,seasonal,47-830,-0.71,Monitoring,"z=-0.71 vs seasonal baseline (n=3, med=438)"
86ad1ceb-8d81-a926-d998-3a2f1cafba06,5dda0b14-713b-46d0-a6ce-a7a33a2fb6f9,Jul-25,2025-07-01,852.6,normal,None,seasonal,287-1707,-0.71,Monitoring,"z=-0.71 vs seasonal baseline (n=3, med=997)"
b0d4d2c8-f6ee-bc16-ffd7-fc33c8db8571,5dda0b14-713b-46d0-a6ce-a7a33a2fb6f9,Apr-24,2024-04-01,736.5,normal,None,seasonal,190-1569,-0.72,Monitoring,"z=-0.72 vs seasonal baseline (n=4, med=879)"
d2298bb8-a5e5-735a-c8ca-9b18c7daacd6,5dda0b14-713b-46d0-a6ce-a7a33a2fb6f9,Apr-24,2024-04-01,439.9,normal,None,seasonal,-21-1140,-0.72,Monitoring,"z=-0.72 vs seasonal baseline (n=4, med=560)"
1183b300-b9ae-5e28-acb2-304cb2fd36db,5dda0b14-713b-46d0-a6ce-a7a33a2fb6f9,Feb-26,2026-02-01,52.7,normal,None,apartment_fallback,-900-1497,-0.72,Monitoring,"z=-0.72 vs apartment_fallback baseline (n=7, med=299)"
44625074-3f26-4a2d-74ae-56ba4c94a395,5dda0b14-713b-46d0-a6ce-a7a33a2fb6f9,Jan-24,2024-01-01,358.67,normal,None,apartment_fallback,-6-916,-0.73,Monitoring,"z=-0.73 vs apartment_fallback baseline (n=20, med=455)"
aa73cade-c28c-dc5b-5980-55801ea0d415,5dda0b14-713b-46d0-a6ce-a7a33a2fb6f9,Dec-24,2024-12-01,598.4,normal,None,apartment_fallback,-165-1760,-0.73,Monitoring,"z=-0.73 vs apartment_fallback baseline (n=39, med=798)"
417c9738-a0f7-5a00-1091-37a9fd083dd6,5dda0b14-713b-46d0-a6ce-a7a33a2fb6f9,Jun-23,2023-06-01,740.3,normal,None,seasonal,448-1189,-0.74,Monitoring,"z=-0.74 vs seasonal baseline (n=4, med=819)"
b0875d50-a469-821b-57c3-03ac62809198,5dda0b14-713b-46d0-a6ce-a7a33a2fb6f9,Jan-24,2024-01-01,266.9,normal,None,seasonal,-37-734,-0.74,Monitoring,"z=-0.74 vs seasonal baseline (n=3, med=349)"
9d5d0096-0b78-a663-1142-be871dfa2bda,5dda0b14-713b-46d0-a6ce-a7a33a2fb6f9,Oct-25,2025-10-01,871.2,normal,None,seasonal,676-1173,-0.74,Monitoring,"z=-0.74 vs seasonal baseline (n=3, med=924)"
323c0dff-be56-f6ee-f053-ee37de806dea,5dda0b14-713b-46d0-a6ce-a7a33a2fb6f9,Jun-24,2024-06-01,831.0,normal,None,seasonal,700-1033,-0.75,Monitoring,"z=-0.75 vs seasonal baseline (n=4, med=867)"
990e8a3e-a69c-7b31-f606-3eeb21e3d4c6,5dda0b14-713b-46d0-a6ce-a7a33a2fb6f9,Jan-25,2025-01-01,268.1,normal,None,apartment_fallback,-335-1199,-0.75,Monitoring,"z=-0.75 vs apartment_fallback baseline (n=38, med=432)"
323c0dff-be56-f6ee-f053-ee37de806dea,5dda0b14-713b-46d0-a6ce-a7a33a2fb6f9,Oct-25,2025-10-01,532.2,normal,None,seasonal,-331-1866,-0.75,Monitoring,"z=-0.75 vs seasonal baseline (n=3, med=768)"
dc4adc21-f501-0573-2e9a-d7bbbc89e5d6,5dda0b14-713b-46d0-a6ce-a7a33a2fb6f9,Dec-25,2025-12-01,469.4,normal,None,apartment_fallback,-252-1584,-0.75,Monitoring,"z=-0.75 vs apartment_fallback baseline (n=39, med=666)"
03edc7c5-4c46-b55e-523d-9fb7be29910b,5dda0b14-713b-46d0-a6ce-a7a33a2fb6f9,Jun-23,2023-06-01,965.9,normal,None,seasonal,265-2058,-0.76,Monitoring,"z=-0.76 vs seasonal baseline (n=4, med=1162)"
c17c5093-48b7-139f-ebfc-1cd33ef5179c,5dda0b14-713b-46d0-a6ce-a7a33a2fb6f9,May-26,2026-05-01,469.9,normal,None,seasonal,-175-1477,-0.77,Monitoring,"z=-0.77 vs seasonal baseline (n=3, med=651)"
ffbd5fe0-d9b3-cb55-cfd7-2d72a3498109,5dda0b14-713b-46d0-a6ce-a7a33a2fb6f9,May-25,2025-05-01,658.9,normal,None,seasonal,98-1536,-0.77,Monitoring,"z=-0.77 vs seasonal baseline (n=4, med=817)"
77c3a6fd-4651-d880-29aa-abd19c8324df,5dda0b14-713b-46d0-a6ce-a7a33a2fb6f9,Apr-26,2026-04-01,490.0,normal,None,seasonal,184-972,-0.78,Monitoring,"z=-0.78 vs seasonal baseline (n=4, med=578)"
574de174-c7bb-bc11-f282-cff2aa2501c5,5dda0b14-713b-46d0-a6ce-a7a33a2fb6f9,Mar-26,2026-03-01,377.2,normal,None,seasonal,105-806,-0.78,Monitoring,"z=-0.78 vs seasonal baseline (n=3, med=456)"
8767525e-d22f-a295-bc29-ba104fdc589a,5dda0b14-713b-46d0-a6ce-a7a33a2fb6f9,May-26,2026-05-01,170.8,normal,None,apartment_fallback,-137-655,-0.78,Monitoring,"z=-0.78 vs apartment_fallback baseline (n=22, med=259)"
2fc42a4f-fe5a-ae08-0e4e-2c89ca71db85,5dda0b14-713b-46d0-a6ce-a7a33a2fb6f9,Aug-23,2023-08-01,552.9,normal,None,seasonal,-54-1516,-0.79,Monitoring,"z=-0.79 vs seasonal baseline (n=3, med=731)"
82b270bf-e567-2deb-5ef3-495baafd7645,5dda0b14-713b-46d0-a6ce-a7a33a2fb6f9,Oct-25,2025-10-01,386.0,normal,None,seasonal,252-598,-0.79,Monitoring,"z=-0.79 vs seasonal baseline (n=3, med=425)"
211a2b33-4e94-3da1-7d97-406bc26036f5,5dda0b14-713b-46d0-a6ce-a7a33a2fb6f9,Dec-25,2025-12-01,236.0,normal,None,apartment_fallback,-345-1157,-0.79,Monitoring,"z=-0.79 vs apartment_fallback baseline (n=13, med=406)"
79853a4a-cb02-508c-e041-7e23378aec9c,5dda0b14-713b-46d0-a6ce-a7a33a2fb6f9,Nov-25,2025-11-01,778.2,normal,None,apartment_fallback,-275-2453,-0.8,Monitoring,"z=-0.80 vs apartment_fallback baseline (n=25, med=1089)"
85292340-826d-52c1-65c7-7f2a9eb2c2c4,5dda0b14-713b-46d0-a6ce-a7a33a2fb6f9,Feb-26,2026-02-01,387.1,normal,None,seasonal,-485-1786,-0.81,Monitoring,"z=-0.81 vs seasonal baseline (n=3, med=651)"
dd96a329-ec95-e96a-1348-69d976f39cd4,5dda0b14-713b-46d0-a6ce-a7a33a2fb6f9,Jul-23,2023-07-01,771.25,normal,None,seasonal,-69-2113,-0.81,Monitoring,"z=-0.81 vs seasonal baseline (n=4, med=1022)"
dd96a329-ec95-e96a-1348-69d976f39cd4,5dda0b14-713b-46d0-a6ce-a7a33a2fb6f9,May-23,2023-05-01,935.0,normal,None,seasonal,468-1688,-0.82,Monitoring,"z=-0.82 vs seasonal baseline (n=4, med=1078)"
bde00681-ebfc-ef38-4f6e-4906a012de6b,5dda0b14-713b-46d0-a6ce-a7a33a2fb6f9,Jul-23,2023-07-01,653.5,normal,None,seasonal,-497-2507,-0.82,Monitoring,"z=-0.82 vs seasonal baseline (n=4, med=1005)"
44625074-3f26-4a2d-74ae-56ba4c94a395,5dda0b14-713b-46d0-a6ce-a7a33a2fb6f9,Jul-23,2023-07-01,347.61,normal,None,apartment_fallback,-6-916,-0.82,Monitoring,"z=-0.82 vs apartment_fallback baseline (n=20, med=455)"
bde00681-ebfc-ef38-4f6e-4906a012de6b,5dda0b14-713b-46d0-a6ce-a7a33a2fb6f9,Sep-23,2023-09-01,754.0,normal,None,seasonal,470-1212,-0.82,Monitoring,"z=-0.82 vs seasonal baseline (n=3, med=841)"
323c0dff-be56-f6ee-f053-ee37de806dea,5dda0b14-713b-46d0-a6ce-a7a33a2fb6f9,May-23,2023-05-01,683.0,normal,None,seasonal,129-1583,-0.83,Monitoring,"z=-0.83 vs seasonal baseline (n=4, med=856)"
2fc42a4f-fe5a-ae08-0e4e-2c89ca71db85,5dda0b14-713b-46d0-a6ce-a7a33a2fb6f9,Jun-23,2023-06-01,716.1,normal,None,seasonal,332-1340,-0.83,Monitoring,"z=-0.83 vs seasonal baseline (n=4, med=836)"
79853a4a-cb02-508c-e041-7e23378aec9c,5dda0b14-713b-46d0-a6ce-a7a33a2fb6f9,Jan-25,2025-01-01,765.5,normal,None,apartment_fallback,-275-2453,-0.83,Monitoring,"z=-0.83 vs apartment_fallback baseline (n=25, med=1089)"
233cca0e-efcf-e631-d2fc-9997a6ba5706,5dda0b14-713b-46d0-a6ce-a7a33a2fb6f9,May-25,2025-05-01,903.0,normal,None,seasonal,695-1240,-0.83,Monitoring,"z=-0.83 vs seasonal baseline (n=4, med=968)"
86ad1ceb-8d81-a926-d998-3a2f1cafba06,5dda0b14-713b-46d0-a6ce-a7a33a2fb6f9,Jan-26,2026-01-01,355.3,normal,None,apartment_fallback,-262-1356,-0.83,Monitoring,"z=-0.83 vs apartment_fallback baseline (n=25, med=547)"
d2298bb8-a5e5-735a-c8ca-9b18c7daacd6,5dda0b14-713b-46d0-a6ce-a7a33a2fb6f9,Feb-26,2026-02-01,264.1,normal,None,seasonal,-464-1447,-0.83,Monitoring,"z=-0.83 vs seasonal baseline (n=3, med=491)"
b0875d50-a469-821b-57c3-03ac62809198,5dda0b14-713b-46d0-a6ce-a7a33a2fb6f9,Jul-23,2023-07-01,542.5,normal,None,seasonal,332-886,-0.84,Monitoring,"z=-0.84 vs seasonal baseline (n=4, med=609)"
85292340-826d-52c1-65c7-7f2a9eb2c2c4,5dda0b14-713b-46d0-a6ce-a7a33a2fb6f9,Dec-24,2024-12-01,622.7,normal,None,apartment_fallback,-446-2369,-0.84,Monitoring,"z=-0.84 vs apartment_fallback baseline (n=39, med=962)"
86ad1ceb-8d81-a926-d998-3a2f1cafba06,5dda0b14-713b-46d0-a6ce-a7a33a2fb6f9,Jan-25,2025-01-01,351.1,normal,None,apartment_fallback,-262-1356,-0.85,Monitoring,"z=-0.85 vs apartment_fallback baseline (n=25, med=547)"
44625074-3f26-4a2d-74ae-56ba4c94a395,5dda0b14-713b-46d0-a6ce-a7a33a2fb6f9,Oct-24,2024-10-01,342.14,normal,None,apartment_fallback,-6-916,-0.86,Monitoring,"z=-0.86 vs apartment_fallback baseline (n=20, med=455)"
0a839c14-2a88-9896-c2f2-8d51fe610405,5dda0b14-713b-46d0-a6ce-a7a33a2fb6f9,May-23,2023-05-01,567.0,normal,None,seasonal,-79-1639,-0.87,Monitoring,"z=-0.87 vs seasonal baseline (n=4, med=780)"
b0875d50-a469-821b-57c3-03ac62809198,5dda0b14-713b-46d0-a6ce-a7a33a2fb6f9,May-25,2025-05-01,571.1,normal,None,seasonal,-400-2189,-0.87,Monitoring,"z=-0.87 vs seasonal baseline (n=4, med=894)"
7719849e-1d17-27d2-31d4-475a4e71f261,5dda0b14-713b-46d0-a6ce-a7a33a2fb6f9,Mar-24,2024-03-01,226.41,normal,None,apartment_fallback,70-487,-0.87,Monitoring,"z=-0.87 vs apartment_fallback baseline (n=16, med=278)"
188aee4d-68e0-1ddb-38e6-a946bc75072d,5dda0b14-713b-46d0-a6ce-a7a33a2fb6f9,Dec-25,2025-12-01,174.4,normal,None,apartment_fallback,-422-1163,-0.87,Monitoring,"z=-0.87 vs apartment_fallback baseline (n=14, med=371)"
85292340-826d-52c1-65c7-7f2a9eb2c2c4,5dda0b14-713b-46d0-a6ce-a7a33a2fb6f9,Jan-26,2026-01-01,371.7,normal,None,seasonal,-289-1472,-0.88,Monitoring,"z=-0.88 vs seasonal baseline (n=3, med=592)"
77c3a6fd-4651-d880-29aa-abd19c8324df,5dda0b14-713b-46d0-a6ce-a7a33a2fb6f9,Dec-24,2024-12-01,474.7,normal,None,apartment_fallback,-156-1536,-0.89,Monitoring,"z=-0.89 vs apartment_fallback baseline (n=39, med=690)"
c17c5093-48b7-139f-ebfc-1cd33ef5179c,5dda0b14-713b-46d0-a6ce-a7a33a2fb6f9,Apr-26,2026-04-01,459.3,normal,None,seasonal,102-1064,-0.9,Monitoring,"z=-0.90 vs seasonal baseline (n=4, med=583)"
bde00681-ebfc-ef38-4f6e-4906a012de6b,5dda0b14-713b-46d0-a6ce-a7a33a2fb6f9,Jun-23,2023-06-01,844.8,normal,None,seasonal,28-2234,-0.91,Monitoring,"z=-0.91 vs seasonal baseline (n=4, med=1131)"
323c0dff-be56-f6ee-f053-ee37de806dea,5dda0b14-713b-46d0-a6ce-a7a33a2fb6f9,Sep-24,2024-09-01,649.6,normal,None,seasonal,210-1398,-0.91,Monitoring,"z=-0.91 vs seasonal baseline (n=3, med=804)"
d2298bb8-a5e5-735a-c8ca-9b18c7daacd6,5dda0b14-713b-46d0-a6ce-a7a33a2fb6f9,May-25,2025-05-01,802.9,normal,None,seasonal,589-1166,-0.91,Monitoring,"z=-0.91 vs seasonal baseline (n=4, med=878)"
49ed1c8e-3653-c89b-ec74-16d8e20bb923,5dda0b14-713b-46d0-a6ce-a7a33a2fb6f9,Apr-23,2023-04-01,501.0,normal,None,seasonal,-210-1720,-0.92,Monitoring,"z=-0.92 vs seasonal baseline (n=4, med=755)"
dd96a329-ec95-e96a-1348-69d976f39cd4,5dda0b14-713b-46d0-a6ce-a7a33a2fb6f9,Dec-24,2024-12-01,571.0,normal,None,apartment_fallback,-187-1867,-0.92,Monitoring,"z=-0.92 vs apartment_fallback baseline (n=38, med=840)"
86ad1ceb-8d81-a926-d998-3a2f1cafba06,5dda0b14-713b-46d0-a6ce-a7a33a2fb6f9,Feb-25,2025-02-01,334.9,normal,None,apartment_fallback,-262-1356,-0.92,Monitoring,"z=-0.92 vs apartment_fallback baseline (n=25, med=547)"
5d204545-2f72-b89b-3190-a826b5ab6512,5dda0b14-713b-46d0-a6ce-a7a33a2fb6f9,Dec-25,2025-12-01,503.0,normal,None,apartment_fallback,137-1129,-0.92,Monitoring,"z=-0.92 vs apartment_fallback baseline (n=39, med=633)"
bc7f358d-0d6d-f95f-ff80-9089eefdef69,5dda0b14-713b-46d0-a6ce-a7a33a2fb6f9,Mar-26,2026-03-01,720.9,normal,None,seasonal,63-1853,-0.93,Monitoring,"z=-0.93 vs seasonal baseline (n=3, med=958)"
82b270bf-e567-2deb-5ef3-495baafd7645,5dda0b14-713b-46d0-a6ce-a7a33a2fb6f9,Apr-24,2024-04-01,389.0,normal,None,seasonal,358-442,-0.93,Monitoring,"z=-0.93 vs seasonal baseline (n=4, med=400)"
fb5cedd6-2992-1c62-7fba-4a7a6b43b2ff,5dda0b14-713b-46d0-a6ce-a7a33a2fb6f9,Apr-24,2024-04-01,762.1,normal,None,seasonal,122-1867,-0.93,Monitoring,"z=-0.93 vs seasonal baseline (n=4, med=995)"
10c6863d-07c3-4fc4-94f9-6adc29157ce1,5dda0b14-713b-46d0-a6ce-a7a33a2fb6f9,Aug-25,2025-08-01,656.8,normal,None,seasonal,79-1655,-0.93,Monitoring,"z=-0.93 vs seasonal baseline (n=3, med=867)"
2fc42a4f-fe5a-ae08-0e4e-2c89ca71db85,5dda0b14-713b-46d0-a6ce-a7a33a2fb6f9,Dec-25,2025-12-01,546.8,normal,None,apartment_fallback,-29-1539,-0.93,Monitoring,"z=-0.93 vs apartment_fallback baseline (n=39, med=755)"
03edc7c5-4c46-b55e-523d-9fb7be29910b,5dda0b14-713b-46d0-a6ce-a7a33a2fb6f9,May-26,2026-05-01,1183.0,normal,None,seasonal,918-1644,-0.94,Monitoring,"z=-0.94 vs seasonal baseline (n=4, med=1281)"
a361bd0d-c2c1-2aee-6303-d65de004edd0,5dda0b14-713b-46d0-a6ce-a7a33a2fb6f9,Jul-23,2023-07-01,632.1,normal,None,seasonal,105-1548,-0.94,Monitoring,"z=-0.94 vs seasonal baseline (n=4, med=826)"
7719849e-1d17-27d2-31d4-475a4e71f261,5dda0b14-713b-46d0-a6ce-a7a33a2fb6f9,Nov-23,2023-11-01,222.17,normal,None,apartment_fallback,70-487,-0.94,Monitoring,"z=-0.94 vs apartment_fallback baseline (n=16, med=278)"
990e8a3e-a69c-7b31-f606-3eeb21e3d4c6,5dda0b14-713b-46d0-a6ce-a7a33a2fb6f9,Apr-24,2024-04-01,435.7,normal,None,seasonal,265-731,-0.94,Monitoring,"z=-0.94 vs seasonal baseline (n=4, med=498)"
a361bd0d-c2c1-2aee-6303-d65de004edd0,5dda0b14-713b-46d0-a6ce-a7a33a2fb6f9,Dec-25,2025-12-01,396.2,normal,None,apartment_fallback,-397-1771,-0.94,Monitoring,"z=-0.94 vs apartment_fallback baseline (n=39, med=687)"
8767525e-d22f-a295-bc29-ba104fdc589a,5dda0b14-713b-46d0-a6ce-a7a33a2fb6f9,Jan-26,2026-01-01,152.5,normal,None,apartment_fallback,-137-655,-0.94,Monitoring,"z=-0.94 vs apartment_fallback baseline (n=22, med=259)"
bde00681-ebfc-ef38-4f6e-4906a012de6b,5dda0b14-713b-46d0-a6ce-a7a33a2fb6f9,Apr-23,2023-04-01,708.0,normal,None,seasonal,69-1821,-0.95,Monitoring,"z=-0.95 vs seasonal baseline (n=4, med=945)"
77c3a6fd-4651-d880-29aa-abd19c8324df,5dda0b14-713b-46d0-a6ce-a7a33a2fb6f9,Jul-26,2026-07-01,712.3,normal,None,seasonal,448-1178,-0.96,Monitoring,"z=-0.96 vs seasonal baseline (n=4, med=813)"
188aee4d-68e0-1ddb-38e6-a946bc75072d,5dda0b14-713b-46d0-a6ce-a7a33a2fb6f9,Jul-23,2023-07-01,154.0,normal,None,apartment_fallback,-422-1163,-0.96,Monitoring,"z=-0.96 vs apartment_fallback baseline (n=14, med=371)"
bc7f358d-0d6d-f95f-ff80-9089eefdef69,5dda0b14-713b-46d0-a6ce-a7a33a2fb6f9,Jul-23,2023-07-01,851.2,normal,None,seasonal,514-1442,-0.96,Monitoring,"z=-0.96 vs seasonal baseline (n=4, med=978)"
574de174-c7bb-bc11-f282-cff2aa2501c5,5dda0b14-713b-46d0-a6ce-a7a33a2fb6f9,Jun-26,2026-06-01,459.0,normal,None,seasonal,382-595,-0.97,Monitoring,"z=-0.97 vs seasonal baseline (n=4, med=488)"
9d5d0096-0b78-a663-1142-be871dfa2bda,5dda0b14-713b-46d0-a6ce-a7a33a2fb6f9,May-23,2023-05-01,656.0,normal,None,seasonal,-437-2591,-0.97,Monitoring,"z=-0.97 vs seasonal baseline (n=4, med=1077)"
5d204545-2f72-b89b-3190-a826b5ab6512,5dda0b14-713b-46d0-a6ce-a7a33a2fb6f9,Jul-24,2024-07-01,523.0,normal,None,seasonal,318-887,-0.97,Monitoring,"z=-0.97 vs seasonal baseline (n=4, med=602)"
1b4d1066-8fe4-199b-7b3b-39e4bded9714,5dda0b14-713b-46d0-a6ce-a7a33a2fb6f9,Feb-26,2026-02-01,603.7,normal,None,apartment_fallback,-350-2293,-0.97,Monitoring,"z=-0.97 vs apartment_fallback baseline (n=31, med=971)"
a361bd0d-c2c1-2aee-6303-d65de004edd0,5dda0b14-713b-46d0-a6ce-a7a33a2fb6f9,Jun-23,2023-06-01,808.4,normal,None,seasonal,267-1776,-0.99,Monitoring,"z=-0.99 vs seasonal baseline (n=4, med=1021)"
d2298bb8-a5e5-735a-c8ca-9b18c7daacd6,5dda0b14-713b-46d0-a6ce-a7a33a2fb6f9,Jun-23,2023-06-01,543.3,normal,None,seasonal,-196-1865,-0.99,Monitoring,"z=-0.99 vs seasonal baseline (n=4, med=835)"
b0875d50-a469-821b-57c3-03ac62809198,5dda0b14-713b-46d0-a6ce-a7a33a2fb6f9,Dec-24,2024-12-01,382.5,normal,None,apartment_fallback,-145-1324,-0.99,Monitoring,"z=-0.99 vs apartment_fallback baseline (n=39, med=589)"
211a2b33-4e94-3da1-7d97-406bc26036f5,5dda0b14-713b-46d0-a6ce-a7a33a2fb6f9,Jan-26,2026-01-01,194.4,normal,None,apartment_fallback,-345-1157,-0.99,Monitoring,"z=-0.99 vs apartment_fallback baseline (n=13, med=406)"
b0d4d2c8-f6ee-bc16-ffd7-fc33c8db8571,5dda0b14-713b-46d0-a6ce-a7a33a2fb6f9,Jun-23,2023-06-01,424.2,normal,None,seasonal,-472-2038,-1.0,Monitoring,"z=-1.00 vs seasonal baseline (n=4, med=783)"
990e8a3e-a69c-7b31-f606-3eeb21e3d4c6,5dda0b14-713b-46d0-a6ce-a7a33a2fb6f9,Jan-26,2026-01-01,213.6,normal,None,apartment_fallback,-335-1199,-1.0,Monitoring,"z=-1.00 vs apartment_fallback baseline (n=38, med=432)"
77c3a6fd-4651-d880-29aa-abd19c8324df,5dda0b14-713b-46d0-a6ce-a7a33a2fb6f9,May-23,2023-05-01,690.0,normal,None,seasonal,351-1303,-1.01,Monitoring,"z=-1.01 vs seasonal baseline (n=4, med=827)"
dc4adc21-f501-0573-2e9a-d7bbbc89e5d6,5dda0b14-713b-46d0-a6ce-a7a33a2fb6f9,Dec-24,2024-12-01,401.0,normal,None,apartment_fallback,-252-1584,-1.01,Monitoring,"z=-1.01 vs apartment_fallback baseline (n=39, med=666)"
85292340-826d-52c1-65c7-7f2a9eb2c2c4,5dda0b14-713b-46d0-a6ce-a7a33a2fb6f9,Jul-25,2025-07-01,961.6,normal,None,seasonal,540-1726,-1.01,Monitoring,"z=-1.01 vs seasonal baseline (n=4, med=1133)"
0a839c14-2a88-9896-c2f2-8d51fe610405,5dda0b14-713b-46d0-a6ce-a7a33a2fb6f9,Jun-23,2023-06-01,499.9,normal,None,seasonal,-204-1779,-1.02,Monitoring,"z=-1.02 vs seasonal baseline (n=4, med=788)"
aa73cade-c28c-dc5b-5980-55801ea0d415,5dda0b14-713b-46d0-a6ce-a7a33a2fb6f9,Apr-23,2023-04-01,420.0,normal,None,seasonal,-450-2001,-1.02,Monitoring,"z=-1.02 vs seasonal baseline (n=4, med=776)"
0a839c14-2a88-9896-c2f2-8d51fe610405,5dda0b14-713b-46d0-a6ce-a7a33a2fb6f9,Dec-24,2024-12-01,421.6,normal,None,apartment_fallback,-164-1488,-1.02,Monitoring,"z=-1.02 vs apartment_fallback baseline (n=39, med=662)"
aa73cade-c28c-dc5b-5980-55801ea0d415,5dda0b14-713b-46d0-a6ce-a7a33a2fb6f9,Oct-25,2025-10-01,585.0,normal,None,seasonal,-207-2028,-1.02,Monitoring,"z=-1.02 vs seasonal baseline (n=3, med=911)"
b0d4d2c8-f6ee-bc16-ffd7-fc33c8db8571,5dda0b14-713b-46d0-a6ce-a7a33a2fb6f9,May-23,2023-05-01,730.0,normal,None,seasonal,426-1288,-1.03,Monitoring,"z=-1.03 vs seasonal baseline (n=4, med=857)"
82b270bf-e567-2deb-5ef3-495baafd7645,5dda0b14-713b-46d0-a6ce-a7a33a2fb6f9,Sep-23,2023-09-01,409.8,normal,None,seasonal,173-846,-1.03,Monitoring,"z=-1.03 vs seasonal baseline (n=3, med=509)"
4d1dd99b-b75a-70b5-406b-f5e869954002,5dda0b14-713b-46d0-a6ce-a7a33a2fb6f9,Dec-25,2025-12-01,337.5,normal,None,apartment_fallback,-88-1121,-1.04,Monitoring,"z=-1.04 vs apartment_fallback baseline (n=8, med=517)"
85292340-826d-52c1-65c7-7f2a9eb2c2c4,5dda0b14-713b-46d0-a6ce-a7a33a2fb6f9,Apr-23,2023-04-01,880.0,normal,None,seasonal,609-1384,-1.05,Monitoring,"z=-1.05 vs seasonal baseline (n=4, med=996)"
574de174-c7bb-bc11-f282-cff2aa2501c5,5dda0b14-713b-46d0-a6ce-a7a33a2fb6f9,Sep-24,2024-09-01,423.7,normal,None,seasonal,316-623,-1.05,Monitoring,"z=-1.05 vs seasonal baseline (n=3, med=470)"
dd96a329-ec95-e96a-1348-69d976f39cd4,5dda0b14-713b-46d0-a6ce-a7a33a2fb6f9,Oct-25,2025-10-01,554.2,normal,None,seasonal,146-1311,-1.05,Monitoring,"z=-1.05 vs seasonal baseline (n=3, med=728)"
03edc7c5-4c46-b55e-523d-9fb7be29910b,5dda0b14-713b-46d0-a6ce-a7a33a2fb6f9,Dec-25,2025-12-01,564.3,normal,None,apartment_fallback,-363-2281,-1.05,Monitoring,"z=-1.05 vs apartment_fallback baseline (n=39, med=959)"
ffbd5fe0-d9b3-cb55-cfd7-2d72a3498109,5dda0b14-713b-46d0-a6ce-a7a33a2fb6f9,Dec-24,2024-12-01,486.3,normal,None,apartment_fallback,-96-1575,-1.06,Monitoring,"z=-1.06 vs apartment_fallback baseline (n=39, med=740)"
d2298bb8-a5e5-735a-c8ca-9b18c7daacd6,5dda0b14-713b-46d0-a6ce-a7a33a2fb6f9,Dec-24,2024-12-01,421.0,normal,None,apartment_fallback,-153-1495,-1.06,Monitoring,"z=-1.06 vs apartment_fallback baseline (n=37, med=671)"
77c3a6fd-4651-d880-29aa-abd19c8324df,5dda0b14-713b-46d0-a6ce-a7a33a2fb6f9,Aug-25,2025-08-01,667.8,normal,None,seasonal,375-1215,-1.06,Monitoring,"z=-1.06 vs seasonal baseline (n=3, med=795)"
1b4d1066-8fe4-199b-7b3b-39e4bded9714,5dda0b14-713b-46d0-a6ce-a7a33a2fb6f9,Jun-24,2024-06-01,1200.0,normal,None,seasonal,849-1858,-1.07,Monitoring,"z=-1.07 vs seasonal baseline (n=3, med=1354)"
03edc7c5-4c46-b55e-523d-9fb7be29910b,5dda0b14-713b-46d0-a6ce-a7a33a2fb6f9,Jul-24,2024-07-01,848.0,normal,None,seasonal,767-1001,-1.07,Monitoring,"z=-1.07 vs seasonal baseline (n=4, med=884)"
85292340-826d-52c1-65c7-7f2a9eb2c2c4,5dda0b14-713b-46d0-a6ce-a7a33a2fb6f9,Oct-25,2025-10-01,777.0,normal,None,seasonal,155-1948,-1.07,Monitoring,"z=-1.07 vs seasonal baseline (n=3, med=1052)"
8767525e-d22f-a295-bc29-ba104fdc589a,5dda0b14-713b-46d0-a6ce-a7a33a2fb6f9,Dec-25,2025-12-01,137.7,normal,None,apartment_fallback,-137-655,-1.07,Monitoring,"z=-1.07 vs apartment_fallback baseline (n=22, med=259)"
417c9738-a0f7-5a00-1091-37a9fd083dd6,5dda0b14-713b-46d0-a6ce-a7a33a2fb6f9,May-23,2023-05-01,612.0,normal,None,seasonal,135-1515,-1.08,Monitoring,"z=-1.08 vs seasonal baseline (n=4, med=825)"
c2ff0c11-4d1b-7b9b-b93c-aa37c9b6c40b,5dda0b14-713b-46d0-a6ce-a7a33a2fb6f9,Dec-24,2024-12-01,255.0,normal,None,apartment_fallback,-399-1495,-1.08,Monitoring,"z=-1.08 vs apartment_fallback baseline (n=35, med=548)"
86ad1ceb-8d81-a926-d998-3a2f1cafba06,5dda0b14-713b-46d0-a6ce-a7a33a2fb6f9,Apr-25,2025-04-01,298.6,normal,None,apartment_fallback,-262-1356,-1.08,Monitoring,"z=-1.08 vs apartment_fallback baseline (n=25, med=547)"
79853a4a-cb02-508c-e041-7e23378aec9c,5dda0b14-713b-46d0-a6ce-a7a33a2fb6f9,Feb-26,2026-02-01,664.5,normal,None,apartment_fallback,-275-2453,-1.09,Monitoring,"z=-1.09 vs apartment_fallback baseline (n=25, med=1089)"
5d204545-2f72-b89b-3190-a826b5ab6512,5dda0b14-713b-46d0-a6ce-a7a33a2fb6f9,Jun-26,2026-06-01,557.9,normal,None,seasonal,365-926,-1.1,Monitoring,"z=-1.10 vs seasonal baseline (n=4, med=646)"
417c9738-a0f7-5a00-1091-37a9fd083dd6,5dda0b14-713b-46d0-a6ce-a7a33a2fb6f9,Dec-24,2024-12-01,448.3,normal,None,apartment_fallback,-95-1493,-1.1,Monitoring,"z=-1.10 vs apartment_fallback baseline (n=39, med=699)"
990e8a3e-a69c-7b31-f606-3eeb21e3d4c6,5dda0b14-713b-46d0-a6ce-a7a33a2fb6f9,Dec-25,2025-12-01,191.4,normal,None,apartment_fallback,-335-1199,-1.1,Monitoring,"z=-1.10 vs apartment_fallback baseline (n=38, med=432)"
2fc42a4f-fe5a-ae08-0e4e-2c89ca71db85,5dda0b14-713b-46d0-a6ce-a7a33a2fb6f9,Mar-25,2025-03-01,838.6,normal,None,seasonal,486-1519,-1.11,Monitoring,"z=-1.11 vs seasonal baseline (n=3, med=1003)"
d2298bb8-a5e5-735a-c8ca-9b18c7daacd6,5dda0b14-713b-46d0-a6ce-a7a33a2fb6f9,Jul-23,2023-07-01,736.8,normal,None,seasonal,606-996,-1.15,Monitoring,"z=-1.15 vs seasonal baseline (n=4, med=801)"
233cca0e-efcf-e631-d2fc-9997a6ba5706,5dda0b14-713b-46d0-a6ce-a7a33a2fb6f9,Apr-24,2024-04-01,679.0,normal,None,seasonal,439-1154,-1.15,Monitoring,"z=-1.15 vs seasonal baseline (n=4, med=796)"
5d204545-2f72-b89b-3190-a826b5ab6512,5dda0b14-713b-46d0-a6ce-a7a33a2fb6f9,Apr-23,2023-04-01,542.0,normal,None,seasonal,266-1086,-1.15,Monitoring,"z=-1.15 vs seasonal baseline (n=4, med=676)"
c2ff0c11-4d1b-7b9b-b93c-aa37c9b6c40b,5dda0b14-713b-46d0-a6ce-a7a33a2fb6f9,Sep-24,2024-09-01,365.45,normal,None,seasonal,-237-1560,-1.15,Monitoring,"z=-1.15 vs seasonal baseline (n=3, med=661)"
5d204545-2f72-b89b-3190-a826b5ab6512,5dda0b14-713b-46d0-a6ce-a7a33a2fb6f9,Aug-25,2025-08-01,632.7,normal,None,seasonal,186-1519,-1.15,Monitoring,"z=-1.15 vs seasonal baseline (n=3, med=852)"
2fc42a4f-fe5a-ae08-0e4e-2c89ca71db85,5dda0b14-713b-46d0-a6ce-a7a33a2fb6f9,Dec-24,2024-12-01,496.1,normal,None,apartment_fallback,-29-1539,-1.16,Monitoring,"z=-1.16 vs apartment_fallback baseline (n=39, med=755)"
b0875d50-a469-821b-57c3-03ac62809198,5dda0b14-713b-46d0-a6ce-a7a33a2fb6f9,Mar-25,2025-03-01,588.3,normal,None,seasonal,454-856,-1.16,Monitoring,"z=-1.16 vs seasonal baseline (n=3, med=655)"
9d5d0096-0b78-a663-1142-be871dfa2bda,5dda0b14-713b-46d0-a6ce-a7a33a2fb6f9,Jun-23,2023-06-01,496.1,normal,None,seasonal,-405-2298,-1.17,Monitoring,"z=-1.17 vs seasonal baseline (n=4, med=946)"
b0d4d2c8-f6ee-bc16-ffd7-fc33c8db8571,5dda0b14-713b-46d0-a6ce-a7a33a2fb6f9,Mar-24,2024-03-01,632.9,normal,None,seasonal,262-1374,-1.17,Monitoring,"z=-1.17 vs seasonal baseline (n=3, med=818)"
574de174-c7bb-bc11-f282-cff2aa2501c5,5dda0b14-713b-46d0-a6ce-a7a33a2fb6f9,Dec-25,2025-12-01,327.6,normal,None,apartment_fallback,110-763,-1.17,Monitoring,"z=-1.17 vs apartment_fallback baseline (n=37, med=436)"
03edc7c5-4c46-b55e-523d-9fb7be29910b,5dda0b14-713b-46d0-a6ce-a7a33a2fb6f9,Aug-23,2023-08-01,850.5,normal,None,seasonal,604-1350,-1.19,Monitoring,"z=-1.19 vs seasonal baseline (n=3, med=977)"
990e8a3e-a69c-7b31-f606-3eeb21e3d4c6,5dda0b14-713b-46d0-a6ce-a7a33a2fb6f9,Oct-23,2023-10-01,262.5,normal,None,seasonal,113-566,-1.19,Monitoring,"z=-1.19 vs seasonal baseline (n=3, med=339)"
44625074-3f26-4a2d-74ae-56ba4c94a395,5dda0b14-713b-46d0-a6ce-a7a33a2fb6f9,Nov-23,2023-11-01,298.97,normal,None,apartment_fallback,-6-916,-1.19,Monitoring,"z=-1.19 vs apartment_fallback baseline (n=20, med=455)"
bc7f358d-0d6d-f95f-ff80-9089eefdef69,5dda0b14-713b-46d0-a6ce-a7a33a2fb6f9,Jun-23,2023-06-01,850.8,normal,None,seasonal,569-1426,-1.2,Monitoring,"z=-1.20 vs seasonal baseline (n=4, med=997)"
79853a4a-cb02-508c-e041-7e23378aec9c,5dda0b14-713b-46d0-a6ce-a7a33a2fb6f9,Dec-25,2025-12-01,623.0,normal,None,apartment_fallback,-275-2453,-1.2,Monitoring,"z=-1.20 vs apartment_fallback baseline (n=25, med=1089)"
bc7f358d-0d6d-f95f-ff80-9089eefdef69,5dda0b14-713b-46d0-a6ce-a7a33a2fb6f9,Dec-25,2025-12-01,606.4,normal,None,apartment_fallback,-3-1855,-1.2,Monitoring,"z=-1.20 vs apartment_fallback baseline (n=39, med=926)"
aa73cade-c28c-dc5b-5980-55801ea0d415,5dda0b14-713b-46d0-a6ce-a7a33a2fb6f9,Jun-23,2023-06-01,844.4,normal,None,seasonal,679-1187,-1.22,Monitoring,"z=-1.22 vs seasonal baseline (n=4, med=933)"
ffbd5fe0-d9b3-cb55-cfd7-2d72a3498109,5dda0b14-713b-46d0-a6ce-a7a33a2fb6f9,Aug-25,2025-08-01,576.8,normal,None,seasonal,110-1547,-1.23,Monitoring,"z=-1.23 vs seasonal baseline (n=3, med=828)"
c17c5093-48b7-139f-ebfc-1cd33ef5179c,5dda0b14-713b-46d0-a6ce-a7a33a2fb6f9,Aug-25,2025-08-01,468.8,normal,None,seasonal,397-618,-1.23,Monitoring,"z=-1.23 vs seasonal baseline (n=3, med=508)"
82b270bf-e567-2deb-5ef3-495baafd7645,5dda0b14-713b-46d0-a6ce-a7a33a2fb6f9,May-24,2024-05-01,411.0,normal,None,seasonal,230-791,-1.24,Monitoring,"z=-1.24 vs seasonal baseline (n=4, med=511)"
dd96a329-ec95-e96a-1348-69d976f39cd4,5dda0b14-713b-46d0-a6ce-a7a33a2fb6f9,Apr-23,2023-04-01,496.0,normal,None,seasonal,-183-1925,-1.24,Monitoring,"z=-1.24 vs seasonal baseline (n=4, med=871)"
323c0dff-be56-f6ee-f053-ee37de806dea,5dda0b14-713b-46d0-a6ce-a7a33a2fb6f9,Dec-25,2025-12-01,589.0,normal,None,apartment_fallback,271-1265,-1.26,Monitoring,"z=-1.26 vs apartment_fallback baseline (n=39, med=768)"
79853a4a-cb02-508c-e041-7e23378aec9c,5dda0b14-713b-46d0-a6ce-a7a33a2fb6f9,Jan-26,2026-01-01,597.9,normal,None,apartment_fallback,-275-2453,-1.26,Monitoring,"z=-1.26 vs apartment_fallback baseline (n=25, med=1089)"
0a839c14-2a88-9896-c2f2-8d51fe610405,5dda0b14-713b-46d0-a6ce-a7a33a2fb6f9,Jul-25,2025-07-01,592.6,normal,None,seasonal,167-1501,-1.27,Monitoring,"z=-1.27 vs seasonal baseline (n=4, med=834)"
ffbd5fe0-d9b3-cb55-cfd7-2d72a3498109,5dda0b14-713b-46d0-a6ce-a7a33a2fb6f9,Jul-25,2025-07-01,685.5,normal,None,seasonal,357-1393,-1.28,Monitoring,"z=-1.28 vs seasonal baseline (n=4, med=875)"
990e8a3e-a69c-7b31-f606-3eeb21e3d4c6,5dda0b14-713b-46d0-a6ce-a7a33a2fb6f9,May-25,2025-05-01,536.8,normal,None,seasonal,465-694,-1.31,Monitoring,"z=-1.31 vs seasonal baseline (n=4, med=580)"
fb5cedd6-2992-1c62-7fba-4a7a6b43b2ff,5dda0b14-713b-46d0-a6ce-a7a33a2fb6f9,Dec-24,2024-12-01,560.8,normal,None,apartment_fallback,25-1740,-1.31,Monitoring,"z=-1.31 vs apartment_fallback baseline (n=39, med=883)"
1b4d1066-8fe4-199b-7b3b-39e4bded9714,5dda0b14-713b-46d0-a6ce-a7a33a2fb6f9,Mar-24,2024-03-01,41.2,normal,None,seasonal,-1504-3465,-1.32,Monitoring,"z=-1.32 vs seasonal baseline (n=3, med=980)"
1b4d1066-8fe4-199b-7b3b-39e4bded9714,5dda0b14-713b-46d0-a6ce-a7a33a2fb6f9,Jan-26,2026-01-01,473.7,normal,None,apartment_fallback,-350-2293,-1.32,Monitoring,"z=-1.32 vs apartment_fallback baseline (n=31, med=971)"
9d5d0096-0b78-a663-1142-be871dfa2bda,5dda0b14-713b-46d0-a6ce-a7a33a2fb6f9,Apr-23,2023-04-01,319.0,normal,None,seasonal,-857-2946,-1.33,Monitoring,"z=-1.33 vs seasonal baseline (n=4, med=1044)"
990e8a3e-a69c-7b31-f606-3eeb21e3d4c6,5dda0b14-713b-46d0-a6ce-a7a33a2fb6f9,Sep-23,2023-09-01,266.8,normal,None,seasonal,1-863,-1.34,Monitoring,"z=-1.34 vs seasonal baseline (n=3, med=432)"
85292340-826d-52c1-65c7-7f2a9eb2c2c4,5dda0b14-713b-46d0-a6ce-a7a33a2fb6f9,May-25,2025-05-01,639.5,normal,None,seasonal,-236-2618,-1.35,Monitoring,"z=-1.35 vs seasonal baseline (n=4, med=1191)"
10c6863d-07c3-4fc4-94f9-6adc29157ce1,5dda0b14-713b-46d0-a6ce-a7a33a2fb6f9,Apr-23,2023-04-01,609.0,normal,None,seasonal,449-970,-1.35,Monitoring,"z=-1.35 vs seasonal baseline (n=4, med=710)"
9d5d0096-0b78-a663-1142-be871dfa2bda,5dda0b14-713b-46d0-a6ce-a7a33a2fb6f9,Feb-26,2026-02-01,662.7,normal,None,seasonal,316-1446,-1.35,Monitoring,"z=-1.35 vs seasonal baseline (n=3, med=881)"
9d5d0096-0b78-a663-1142-be871dfa2bda,5dda0b14-713b-46d0-a6ce-a7a33a2fb6f9,Mar-26,2026-03-01,708.1,normal,None,seasonal,149-1978,-1.36,Monitoring,"z=-1.36 vs seasonal baseline (n=3, med=1063)"
10c6863d-07c3-4fc4-94f9-6adc29157ce1,5dda0b14-713b-46d0-a6ce-a7a33a2fb6f9,Oct-25,2025-10-01,340.2,normal,None,seasonal,-86-1304,-1.36,Monitoring,"z=-1.36 vs seasonal baseline (n=3, med=609)"
44625074-3f26-4a2d-74ae-56ba4c94a395,5dda0b14-713b-46d0-a6ce-a7a33a2fb6f9,Nov-24,2024-11-01,270.94,normal,None,apartment_fallback,-6-916,-1.4,Monitoring,"z=-1.40 vs apartment_fallback baseline (n=20, med=455)"
7719849e-1d17-27d2-31d4-475a4e71f261,5dda0b14-713b-46d0-a6ce-a7a33a2fb6f9,Apr-24,2024-04-01,193.67,normal,None,apartment_fallback,70-487,-1.42,Monitoring,"z=-1.42 vs apartment_fallback baseline (n=16, med=278)"
10c6863d-07c3-4fc4-94f9-6adc29157ce1,5dda0b14-713b-46d0-a6ce-a7a33a2fb6f9,Dec-24,2024-12-01,375.7,normal,None,apartment_fallback,-50-1380,-1.42,Monitoring,"z=-1.42 vs apartment_fallback baseline (n=39, med=665)"
1b4d1066-8fe4-199b-7b3b-39e4bded9714,5dda0b14-713b-46d0-a6ce-a7a33a2fb6f9,Dec-25,2025-12-01,436.7,normal,None,apartment_fallback,-350-2293,-1.42,Monitoring,"z=-1.42 vs apartment_fallback baseline (n=31, med=971)"
aa73cade-c28c-dc5b-5980-55801ea0d415,5dda0b14-713b-46d0-a6ce-a7a33a2fb6f9,May-23,2023-05-01,553.0,normal,None,seasonal,-7-1884,-1.43,Monitoring,"z=-1.43 vs seasonal baseline (n=4, med=938)"
82b270bf-e567-2deb-5ef3-495baafd7645,5dda0b14-713b-46d0-a6ce-a7a33a2fb6f9,Feb-24,2024-02-01,212.7,normal,None,apartment_fallback,-81-917,-1.44,Monitoring,"z=-1.44 vs apartment_fallback baseline (n=38, med=418)"
8767525e-d22f-a295-bc29-ba104fdc589a,5dda0b14-713b-46d0-a6ce-a7a33a2fb6f9,Oct-24,2024-10-01,96.0,normal,None,apartment_fallback,-137-655,-1.44,Monitoring,"z=-1.44 vs apartment_fallback baseline (n=22, med=259)"
bde00681-ebfc-ef38-4f6e-4906a012de6b,5dda0b14-713b-46d0-a6ce-a7a33a2fb6f9,Dec-24,2024-12-01,530.7,normal,None,apartment_fallback,101-1564,-1.44,Monitoring,"z=-1.44 vs apartment_fallback baseline (n=39, med=832)"
9d5d0096-0b78-a663-1142-be871dfa2bda,5dda0b14-713b-46d0-a6ce-a7a33a2fb6f9,Dec-25,2025-12-01,694.0,normal,None,apartment_fallback,335-1556,-1.44,Monitoring,"z=-1.44 vs apartment_fallback baseline (n=39, med=946)"
10c6863d-07c3-4fc4-94f9-6adc29157ce1,5dda0b14-713b-46d0-a6ce-a7a33a2fb6f9,May-25,2025-05-01,573.8,normal,None,seasonal,276-1294,-1.45,Monitoring,"z=-1.45 vs seasonal baseline (n=4, med=785)"
77c3a6fd-4651-d880-29aa-abd19c8324df,5dda0b14-713b-46d0-a6ce-a7a33a2fb6f9,Jun-24,2024-06-01,767.0,normal,None,seasonal,707-912,-1.45,Monitoring,"z=-1.45 vs seasonal baseline (n=4, med=809)"
417c9738-a0f7-5a00-1091-37a9fd083dd6,5dda0b14-713b-46d0-a6ce-a7a33a2fb6f9,Apr-23,2023-04-01,395.0,normal,None,seasonal,-163-1739,-1.45,Monitoring,"z=-1.45 vs seasonal baseline (n=4, med=788)"
82b270bf-e567-2deb-5ef3-495baafd7645,5dda0b14-713b-46d0-a6ce-a7a33a2fb6f9,Feb-26,2026-02-01,212.1,normal,None,apartment_fallback,-81-917,-1.45,Monitoring,"z=-1.45 vs apartment_fallback baseline (n=38, med=418)"
233cca0e-efcf-e631-d2fc-9997a6ba5706,5dda0b14-713b-46d0-a6ce-a7a33a2fb6f9,Jun-23,2023-06-01,202.7,normal,None,seasonal,-493-1902,-1.47,Monitoring,"z=-1.47 vs seasonal baseline (n=4, med=705)"
85292340-826d-52c1-65c7-7f2a9eb2c2c4,5dda0b14-713b-46d0-a6ce-a7a33a2fb6f9,Dec-25,2025-12-01,361.3,normal,None,apartment_fallback,-446-2369,-1.49,Monitoring,"z=-1.49 vs apartment_fallback baseline (n=39, med=962)"
aa73cade-c28c-dc5b-5980-55801ea0d415,5dda0b14-713b-46d0-a6ce-a7a33a2fb6f9,Dec-25,2025-12-01,382.2,normal,None,apartment_fallback,-165-1760,-1.51,Monitoring,"z=-1.51 vs apartment_fallback baseline (n=39, med=798)"
82b270bf-e567-2deb-5ef3-495baafd7645,5dda0b14-713b-46d0-a6ce-a7a33a2fb6f9,Dec-25,2025-12-01,201.7,normal,None,apartment_fallback,-81-917,-1.52,Monitoring,"z=-1.52 vs apartment_fallback baseline (n=38, med=418)"
dc4adc21-f501-0573-2e9a-d7bbbc89e5d6,5dda0b14-713b-46d0-a6ce-a7a33a2fb6f9,Jul-23,2023-07-01,463.49,normal,None,seasonal,-5-1658,-1.53,Monitoring,"z=-1.53 vs seasonal baseline (n=4, med=827)"
82b270bf-e567-2deb-5ef3-495baafd7645,5dda0b14-713b-46d0-a6ce-a7a33a2fb6f9,Dec-24,2024-12-01,200.3,normal,None,apartment_fallback,-81-917,-1.53,Monitoring,"z=-1.53 vs apartment_fallback baseline (n=38, med=418)"
323c0dff-be56-f6ee-f053-ee37de806dea,5dda0b14-713b-46d0-a6ce-a7a33a2fb6f9,Jul-23,2023-07-01,734.0,normal,None,seasonal,581-1132,-1.56,Monitoring,"z=-1.56 vs seasonal baseline (n=4, med=857)"
03edc7c5-4c46-b55e-523d-9fb7be29910b,5dda0b14-713b-46d0-a6ce-a7a33a2fb6f9,Dec-24,2024-12-01,371.3,normal,None,apartment_fallback,-363-2281,-1.56,Monitoring,"z=-1.56 vs apartment_fallback baseline (n=39, med=959)"
d2298bb8-a5e5-735a-c8ca-9b18c7daacd6,5dda0b14-713b-46d0-a6ce-a7a33a2fb6f9,Dec-25,2025-12-01,301.2,normal,None,apartment_fallback,-153-1495,-1.57,Monitoring,"z=-1.57 vs apartment_fallback baseline (n=37, med=671)"
188aee4d-68e0-1ddb-38e6-a946bc75072d,5dda0b14-713b-46d0-a6ce-a7a33a2fb6f9,Aug-23,2023-08-01,12.3,normal,None,apartment_fallback,-422-1163,-1.58,Monitoring,"z=-1.58 vs apartment_fallback baseline (n=14, med=371)"
d2298bb8-a5e5-735a-c8ca-9b18c7daacd6,5dda0b14-713b-46d0-a6ce-a7a33a2fb6f9,Oct-25,2025-10-01,299.0,normal,None,apartment_fallback,-153-1495,-1.58,Monitoring,"z=-1.58 vs apartment_fallback baseline (n=37, med=671)"
5d204545-2f72-b89b-3190-a826b5ab6512,5dda0b14-713b-46d0-a6ce-a7a33a2fb6f9,May-26,2026-05-01,423.7,normal,None,seasonal,-16-1593,-1.59,Monitoring,"z=-1.59 vs seasonal baseline (n=4, med=788)"
211a2b33-4e94-3da1-7d97-406bc26036f5,5dda0b14-713b-46d0-a6ce-a7a33a2fb6f9,Jul-23,2023-07-01,65.9,normal,None,apartment_fallback,-345-1157,-1.59,Monitoring,"z=-1.59 vs apartment_fallback baseline (n=13, med=406)"
77c3a6fd-4651-d880-29aa-abd19c8324df,5dda0b14-713b-46d0-a6ce-a7a33a2fb6f9,Jan-26,2026-01-01,248.9,normal,None,seasonal,116-603,-1.59,Monitoring,"z=-1.59 vs seasonal baseline (n=3, med=359)"
03edc7c5-4c46-b55e-523d-9fb7be29910b,5dda0b14-713b-46d0-a6ce-a7a33a2fb6f9,Sep-23,2023-09-01,959.0,normal,None,seasonal,828-1312,-1.6,Monitoring,"z=-1.60 vs seasonal baseline (n=3, med=1070)"
5d204545-2f72-b89b-3190-a826b5ab6512,5dda0b14-713b-46d0-a6ce-a7a33a2fb6f9,Feb-24,2024-02-01,467.5,normal,None,seasonal,256-1033,-1.6,Monitoring,"z=-1.60 vs seasonal baseline (n=3, med=645)"
fb5cedd6-2992-1c62-7fba-4a7a6b43b2ff,5dda0b14-713b-46d0-a6ce-a7a33a2fb6f9,Feb-26,2026-02-01,573.8,normal,None,seasonal,415-1001,-1.6,Monitoring,"z=-1.60 vs seasonal baseline (n=3, med=708)"
bc7f358d-0d6d-f95f-ff80-9089eefdef69,5dda0b14-713b-46d0-a6ce-a7a33a2fb6f9,Dec-24,2024-12-01,494.9,normal,None,apartment_fallback,-3-1855,-1.62,Monitoring,"z=-1.62 vs apartment_fallback baseline (n=39, med=926)"
574de174-c7bb-bc11-f282-cff2aa2501c5,5dda0b14-713b-46d0-a6ce-a7a33a2fb6f9,Nov-24,2024-11-01,297.4,normal,None,seasonal,145-718,-1.64,Monitoring,"z=-1.64 vs seasonal baseline (n=3, med=432)"
aa73cade-c28c-dc5b-5980-55801ea0d415,5dda0b14-713b-46d0-a6ce-a7a33a2fb6f9,Sep-25,2025-09-01,788.3,normal,None,seasonal,635-1212,-1.64,Monitoring,"z=-1.64 vs seasonal baseline (n=3, med=923)"
233cca0e-efcf-e631-d2fc-9997a6ba5706,5dda0b14-713b-46d0-a6ce-a7a33a2fb6f9,Jul-24,2024-07-01,518.0,normal,None,seasonal,169-1490,-1.65,Monitoring,"z=-1.65 vs seasonal baseline (n=4, med=830)"
0a839c14-2a88-9896-c2f2-8d51fe610405,5dda0b14-713b-46d0-a6ce-a7a33a2fb6f9,Dec-25,2025-12-01,272.4,normal,None,apartment_fallback,-164-1488,-1.65,Monitoring,"z=-1.65 vs apartment_fallback baseline (n=39, med=662)"
574de174-c7bb-bc11-f282-cff2aa2501c5,5dda0b14-713b-46d0-a6ce-a7a33a2fb6f9,May-26,2026-05-01,428.0,normal,None,seasonal,323-722,-1.66,Monitoring,"z=-1.66 vs seasonal baseline (n=3, med=523)"
417c9738-a0f7-5a00-1091-37a9fd083dd6,5dda0b14-713b-46d0-a6ce-a7a33a2fb6f9,Oct-25,2025-10-01,540.9,normal,None,seasonal,297-1234,-1.68,Monitoring,"z=-1.68 vs seasonal baseline (n=3, med=766)"
c2ff0c11-4d1b-7b9b-b93c-aa37c9b6c40b,5dda0b14-713b-46d0-a6ce-a7a33a2fb6f9,Jul-24,2024-07-01,258.0,normal,None,seasonal,-336-1985,-1.71,Monitoring,"z=-1.71 vs seasonal baseline (n=3, med=824)"
aa73cade-c28c-dc5b-5980-55801ea0d415,5dda0b14-713b-46d0-a6ce-a7a33a2fb6f9,Nov-25,2025-11-01,448.5,normal,None,seasonal,153-1320,-1.73,Monitoring,"z=-1.73 vs seasonal baseline (n=3, med=737)"
dd96a329-ec95-e96a-1348-69d976f39cd4,5dda0b14-713b-46d0-a6ce-a7a33a2fb6f9,Dec-25,2025-12-01,331.0,normal,None,apartment_fallback,-187-1867,-1.73,Monitoring,"z=-1.73 vs apartment_fallback baseline (n=38, med=840)"
dc4adc21-f501-0573-2e9a-d7bbbc89e5d6,5dda0b14-713b-46d0-a6ce-a7a33a2fb6f9,Jun-23,2023-06-01,508.69,normal,None,seasonal,146-1585,-1.74,Monitoring,"z=-1.74 vs seasonal baseline (n=4, med=865)"
c2ff0c11-4d1b-7b9b-b93c-aa37c9b6c40b,5dda0b14-713b-46d0-a6ce-a7a33a2fb6f9,Jun-24,2024-06-01,302.0,normal,None,seasonal,-361-2280,-1.74,Monitoring,"z=-1.74 vs seasonal baseline (n=3, med=960)"
1b4d1066-8fe4-199b-7b3b-39e4bded9714,5dda0b14-713b-46d0-a6ce-a7a33a2fb6f9,Apr-23,2023-04-01,120.0,normal,None,seasonal,-644-2433,-1.76,Monitoring,"z=-1.76 vs seasonal baseline (n=4, med=895)"
5d204545-2f72-b89b-3190-a826b5ab6512,5dda0b14-713b-46d0-a6ce-a7a33a2fb6f9,Jan-24,2024-01-01,303.3,normal,None,seasonal,144-803,-1.81,Monitoring,"z=-1.81 vs seasonal baseline (n=3, med=474)"
bc7f358d-0d6d-f95f-ff80-9089eefdef69,5dda0b14-713b-46d0-a6ce-a7a33a2fb6f9,May-25,2025-05-01,992.2,normal,None,seasonal,822-1536,-1.83,Monitoring,"z=-1.83 vs seasonal baseline (n=4, med=1179)"
5d204545-2f72-b89b-3190-a826b5ab6512,5dda0b14-713b-46d0-a6ce-a7a33a2fb6f9,Nov-23,2023-11-01,387.7,normal,None,seasonal,249-832,-1.83,Monitoring,"z=-1.83 vs seasonal baseline (n=3, med=540)"
c17c5093-48b7-139f-ebfc-1cd33ef5179c,5dda0b14-713b-46d0-a6ce-a7a33a2fb6f9,Dec-25,2025-12-01,195.2,normal,None,apartment_fallback,-99-1133,-1.83,Monitoring,"z=-1.83 vs apartment_fallback baseline (n=36, med=517)"
574de174-c7bb-bc11-f282-cff2aa2501c5,5dda0b14-713b-46d0-a6ce-a7a33a2fb6f9,Apr-26,2026-04-01,362.6,normal,None,seasonal,299-569,-1.85,Monitoring,"z=-1.85 vs seasonal baseline (n=3, med=434)"
bc7f358d-0d6d-f95f-ff80-9089eefdef69,5dda0b14-713b-46d0-a6ce-a7a33a2fb6f9,Apr-26,2026-04-01,559.6,normal,None,seasonal,166-1849,-1.86,Monitoring,"z=-1.86 vs seasonal baseline (n=4, med=1008)"
233cca0e-efcf-e631-d2fc-9997a6ba5706,5dda0b14-713b-46d0-a6ce-a7a33a2fb6f9,Dec-24,2024-12-01,303.4,normal,None,apartment_fallback,-104-1647,-1.87,Monitoring,"z=-1.87 vs apartment_fallback baseline (n=39, med=772)"
417c9738-a0f7-5a00-1091-37a9fd083dd6,5dda0b14-713b-46d0-a6ce-a7a33a2fb6f9,Dec-25,2025-12-01,275.1,normal,None,apartment_fallback,-95-1493,-1.87,Monitoring,"z=-1.87 vs apartment_fallback baseline (n=39, med=699)"
49ed1c8e-3653-c89b-ec74-16d8e20bb923,5dda0b14-713b-46d0-a6ce-a7a33a2fb6f9,Dec-25,2025-12-01,183.6,normal,None,apartment_fallback,-201-1445,-1.87,Monitoring,"z=-1.87 vs apartment_fallback baseline (n=39, med=622)"
7719849e-1d17-27d2-31d4-475a4e71f261,5dda0b14-713b-46d0-a6ce-a7a33a2fb6f9,Feb-24,2024-02-01,166.33,normal,None,apartment_fallback,70-487,-1.88,Monitoring,"z=-1.88 vs apartment_fallback baseline (n=16, med=278)"
bde00681-ebfc-ef38-4f6e-4906a012de6b,5dda0b14-713b-46d0-a6ce-a7a33a2fb6f9,Dec-25,2025-12-01,434.5,normal,None,apartment_fallback,101-1564,-1.9,Monitoring,"z=-1.90 vs apartment_fallback baseline (n=39, med=832)"
d2298bb8-a5e5-735a-c8ca-9b18c7daacd6,5dda0b14-713b-46d0-a6ce-a7a33a2fb6f9,Mar-26,2026-03-01,514.2,normal,None,seasonal,404-891,-1.91,Monitoring,"z=-1.91 vs seasonal baseline (n=3, med=647)"
fb5cedd6-2992-1c62-7fba-4a7a6b43b2ff,5dda0b14-713b-46d0-a6ce-a7a33a2fb6f9,Jan-24,2024-01-01,314.1,normal,None,seasonal,137-926,-1.93,Monitoring,"z=-1.93 vs seasonal baseline (n=3, med=531)"
a361bd0d-c2c1-2aee-6303-d65de004edd0,5dda0b14-713b-46d0-a6ce-a7a33a2fb6f9,May-23,2023-05-01,629.0,normal,None,seasonal,341-1631,-1.94,Monitoring,"z=-1.94 vs seasonal baseline (n=4, med=986)"
77c3a6fd-4651-d880-29aa-abd19c8324df,5dda0b14-713b-46d0-a6ce-a7a33a2fb6f9,Sep-25,2025-09-01,536.1,normal,None,seasonal,377-1091,-1.94,Monitoring,"z=-1.94 vs seasonal baseline (n=3, med=734)"
b0d4d2c8-f6ee-bc16-ffd7-fc33c8db8571,5dda0b14-713b-46d0-a6ce-a7a33a2fb6f9,Nov-23,2023-11-01,142.9,normal,None,seasonal,-314-1775,-1.97,Monitoring,"z=-1.97 vs seasonal baseline (n=3, med=731)"
aa73cade-c28c-dc5b-5980-55801ea0d415,5dda0b14-713b-46d0-a6ce-a7a33a2fb6f9,Jul-26,2026-07-01,628.3,normal,None,seasonal,436-1329,-1.99,Monitoring,"z=-1.99 vs seasonal baseline (n=4, med=882)"
b0d4d2c8-f6ee-bc16-ffd7-fc33c8db8571,5dda0b14-713b-46d0-a6ce-a7a33a2fb6f9,Jan-24,2024-01-01,294.3,normal,None,seasonal,30-1258,-1.99,Monitoring,"z=-1.99 vs seasonal baseline (n=3, med=644)"
233cca0e-efcf-e631-d2fc-9997a6ba5706,5dda0b14-713b-46d0-a6ce-a7a33a2fb6f9,Feb-25,2025-02-01,531.0,normal,None,seasonal,473-747,-2.02,Monitoring,"z=-2.02 vs seasonal baseline (n=3, med=610)"
a361bd0d-c2c1-2aee-6303-d65de004edd0,5dda0b14-713b-46d0-a6ce-a7a33a2fb6f9,Dec-24,2024-12-01,57.9,normal,None,apartment_fallback,-397-1771,-2.03,Monitoring,"z=-2.03 vs apartment_fallback baseline (n=39, med=687)"
aa73cade-c28c-dc5b-5980-55801ea0d415,5dda0b14-713b-46d0-a6ce-a7a33a2fb6f9,Mar-26,2026-03-01,570.1,normal,None,seasonal,342-1435,-2.04,Monitoring,"z=-2.04 vs seasonal baseline (n=3, med=888)"
77c3a6fd-4651-d880-29aa-abd19c8324df,5dda0b14-713b-46d0-a6ce-a7a33a2fb6f9,Dec-25,2025-12-01,196.3,normal,None,apartment_fallback,-156-1536,-2.04,Monitoring,"z=-2.04 vs apartment_fallback baseline (n=39, med=690)"
a361bd0d-c2c1-2aee-6303-d65de004edd0,5dda0b14-713b-46d0-a6ce-a7a33a2fb6f9,Mar-24,2024-03-01,540.3,normal,None,seasonal,457-859,-2.05,Monitoring,"z=-2.05 vs seasonal baseline (n=3, med=658)"
ffbd5fe0-d9b3-cb55-cfd7-2d72a3498109,5dda0b14-713b-46d0-a6ce-a7a33a2fb6f9,Dec-25,2025-12-01,245.7,normal,None,apartment_fallback,-96-1575,-2.07,Monitoring,"z=-2.07 vs apartment_fallback baseline (n=39, med=740)"
c17c5093-48b7-139f-ebfc-1cd33ef5179c,5dda0b14-713b-46d0-a6ce-a7a33a2fb6f9,Jul-24,2024-07-01,586.0,normal,None,seasonal,484-987,-2.08,Monitoring,"z=-2.08 vs seasonal baseline (n=3, med=735)"
0a839c14-2a88-9896-c2f2-8d51fe610405,5dda0b14-713b-46d0-a6ce-a7a33a2fb6f9,Mar-26,2026-03-01,636.4,normal,None,seasonal,555-965,-2.11,Monitoring,"z=-2.11 vs seasonal baseline (n=3, med=760)"
fb5cedd6-2992-1c62-7fba-4a7a6b43b2ff,5dda0b14-713b-46d0-a6ce-a7a33a2fb6f9,Aug-24,2024-08-01,754.0,normal,None,seasonal,596-1402,-2.13,Monitoring,"z=-2.13 vs seasonal baseline (n=3, med=999)"
a361bd0d-c2c1-2aee-6303-d65de004edd0,5dda0b14-713b-46d0-a6ce-a7a33a2fb6f9,Apr-23,2023-04-01,412.0,normal,None,seasonal,258-1046,-2.13,Monitoring,"z=-2.13 vs seasonal baseline (n=4, med=652)"
bc7f358d-0d6d-f95f-ff80-9089eefdef69,5dda0b14-713b-46d0-a6ce-a7a33a2fb6f9,Oct-23,2023-10-01,774.1,normal,None,seasonal,709-1041,-2.14,Monitoring,"z=-2.14 vs seasonal baseline (n=3, med=875)"
82b270bf-e567-2deb-5ef3-495baafd7645,5dda0b14-713b-46d0-a6ce-a7a33a2fb6f9,Jul-23,2023-07-01,316.9,normal,None,seasonal,157-987,-2.15,Monitoring,"z=-2.15 vs seasonal baseline (n=4, med=572)"
10c6863d-07c3-4fc4-94f9-6adc29157ce1,5dda0b14-713b-46d0-a6ce-a7a33a2fb6f9,Dec-25,2025-12-01,216.8,normal,None,apartment_fallback,-50-1380,-2.19,Monitoring,"z=-2.19 vs apartment_fallback baseline (n=39, med=665)"
417c9738-a0f7-5a00-1091-37a9fd083dd6,5dda0b14-713b-46d0-a6ce-a7a33a2fb6f9,Jul-23,2023-07-01,564.9,normal,None,seasonal,417-1218,-2.21,Monitoring,"z=-2.21 vs seasonal baseline (n=4, med=818)"
dc4adc21-f501-0573-2e9a-d7bbbc89e5d6,5dda0b14-713b-46d0-a6ce-a7a33a2fb6f9,Mar-26,2026-03-01,676.3,normal,None,seasonal,615-955,-2.23,Monitoring,"z=-2.23 vs seasonal baseline (n=3, med=785)"
77c3a6fd-4651-d880-29aa-abd19c8324df,5dda0b14-713b-46d0-a6ce-a7a33a2fb6f9,Nov-25,2025-11-01,446.5,normal,None,seasonal,420-568,-2.23,Monitoring,"z=-2.23 vs seasonal baseline (n=3, med=494)"
fb5cedd6-2992-1c62-7fba-4a7a6b43b2ff,5dda0b14-713b-46d0-a6ce-a7a33a2fb6f9,Dec-25,2025-12-01,333.6,normal,None,apartment_fallback,25-1740,-2.24,Monitoring,"z=-2.24 vs apartment_fallback baseline (n=39, med=883)"
1b4d1066-8fe4-199b-7b3b-39e4bded9714,5dda0b14-713b-46d0-a6ce-a7a33a2fb6f9,Oct-23,2023-10-01,0.5,normal,None,seasonal,-439-2090,-2.28,Monitoring,"z=-2.28 vs seasonal baseline (n=3, med=826)"
03edc7c5-4c46-b55e-523d-9fb7be29910b,5dda0b14-713b-46d0-a6ce-a7a33a2fb6f9,Apr-23,2023-04-01,448.0,normal,None,seasonal,109-2081,-2.3,Monitoring,"z=-2.30 vs seasonal baseline (n=4, med=1095)"
ffbd5fe0-d9b3-cb55-cfd7-2d72a3498109,5dda0b14-713b-46d0-a6ce-a7a33a2fb6f9,Jun-26,2026-06-01,651.0,normal,None,seasonal,607-864,-2.31,Monitoring,"z=-2.31 vs seasonal baseline (n=4, med=735)"
fb5cedd6-2992-1c62-7fba-4a7a6b43b2ff,5dda0b14-713b-46d0-a6ce-a7a33a2fb6f9,Nov-24,2024-11-01,631.3,normal,None,seasonal,576-900,-2.31,Monitoring,"z=-2.31 vs seasonal baseline (n=3, med=738)"
2fc42a4f-fe5a-ae08-0e4e-2c89ca71db85,5dda0b14-713b-46d0-a6ce-a7a33a2fb6f9,Feb-25,2025-02-01,574.3,normal,None,seasonal,535-781,-2.37,Monitoring,"z=-2.37 vs seasonal baseline (n=3, med=658)"
0a839c14-2a88-9896-c2f2-8d51fe610405,5dda0b14-713b-46d0-a6ce-a7a33a2fb6f9,Apr-23,2023-04-01,486.0,normal,None,seasonal,370-1161,-2.47,Monitoring,"z=-2.47 vs seasonal baseline (n=4, med=765)"
49ed1c8e-3653-c89b-ec74-16d8e20bb923,5dda0b14-713b-46d0-a6ce-a7a33a2fb6f9,Jun-23,2023-06-01,649.2,normal,None,seasonal,583-1049,-2.51,Monitoring,"z=-2.51 vs seasonal baseline (n=4, med=816)"
c2ff0c11-4d1b-7b9b-b93c-aa37c9b6c40b,5dda0b14-713b-46d0-a6ce-a7a33a2fb6f9,Apr-24,2024-04-01,258.23,normal,None,seasonal,150-955,-2.56,Monitoring,"z=-2.56 vs seasonal baseline (n=4, med=553)"
b0875d50-a469-821b-57c3-03ac62809198,5dda0b14-713b-46d0-a6ce-a7a33a2fb6f9,Oct-24,2024-10-01,428.6,normal,None,seasonal,370-809,-2.56,Monitoring,"z=-2.56 vs seasonal baseline (n=3, med=589)"
4d1dd99b-b75a-70b5-406b-f5e869954002,5dda0b14-713b-46d0-a6ce-a7a33a2fb6f9,Aug-23,2023-08-01,69.4,normal,None,apartment_fallback,-88-1121,-2.59,Monitoring,"z=-2.59 vs apartment_fallback baseline (n=8, med=517)"
5d204545-2f72-b89b-3190-a826b5ab6512,5dda0b14-713b-46d0-a6ce-a7a33a2fb6f9,Oct-25,2025-10-01,506.3,normal,None,seasonal,476-725,-2.64,Monitoring,"z=-2.64 vs seasonal baseline (n=3, med=600)"
323c0dff-be56-f6ee-f053-ee37de806dea,5dda0b14-713b-46d0-a6ce-a7a33a2fb6f9,Aug-23,2023-08-01,677.8,normal,None,seasonal,643-941,-2.67,Monitoring,"z=-2.67 vs seasonal baseline (n=3, med=792)"
79853a4a-cb02-508c-e041-7e23378aec9c,5dda0b14-713b-46d0-a6ce-a7a33a2fb6f9,Jul-25,2025-07-01,1246.1,normal,None,seasonal,1180-1755,-2.69,Monitoring,"z=-2.69 vs seasonal baseline (n=3, med=1468)"
85292340-826d-52c1-65c7-7f2a9eb2c2c4,5dda0b14-713b-46d0-a6ce-a7a33a2fb6f9,Jun-25,2025-06-01,599.5,normal,None,seasonal,408-2074,-2.7,Monitoring,"z=-2.70 vs seasonal baseline (n=4, med=1241)"
dc4adc21-f501-0573-2e9a-d7bbbc89e5d6,5dda0b14-713b-46d0-a6ce-a7a33a2fb6f9,Apr-23,2023-04-01,479.0,normal,None,seasonal,406-1124,-2.79,Monitoring,"z=-2.79 vs seasonal baseline (n=4, med=765)"
9d5d0096-0b78-a663-1142-be871dfa2bda,5dda0b14-713b-46d0-a6ce-a7a33a2fb6f9,Jul-23,2023-07-01,239.3,normal,None,seasonal,12-2294,-2.8,Monitoring,"z=-2.80 vs seasonal baseline (n=4, med=1153)"
49ed1c8e-3653-c89b-ec74-16d8e20bb923,5dda0b14-713b-46d0-a6ce-a7a33a2fb6f9,May-23,2023-05-01,621.0,normal,None,seasonal,566-1183,-2.88,Monitoring,"z=-2.88 vs seasonal baseline (n=4, med=875)"
dc4adc21-f501-0573-2e9a-d7bbbc89e5d6,5dda0b14-713b-46d0-a6ce-a7a33a2fb6f9,May-23,2023-05-01,618.0,normal,None,seasonal,547-1368,-2.9,Monitoring,"z=-2.90 vs seasonal baseline (n=4, med=957)"
7719849e-1d17-27d2-31d4-475a4e71f261,5dda0b14-713b-46d0-a6ce-a7a33a2fb6f9,Jan-24,2024-01-01,104.91,normal,None,apartment_fallback,70-487,-2.91,Monitoring,"z=-2.91 vs apartment_fallback baseline (n=16, med=278)"
4d1dd99b-b75a-70b5-406b-f5e869954002,5dda0b14-713b-46d0-a6ce-a7a33a2fb6f9,Jul-23,2023-07-01,1.0,normal,None,apartment_fallback,-88-1121,-2.99,Monitoring,"z=-2.99 vs apartment_fallback baseline (n=8, med=517)"
bc7f358d-0d6d-f95f-ff80-9089eefdef69,5dda0b14-713b-46d0-a6ce-a7a33a2fb6f9,Sep-23,2023-09-01,746.9,normal,None,seasonal,707-1362,-3.08,Monitoring,"z=-3.08 vs seasonal baseline (n=3, med=1035)"
b0875d50-a469-821b-57c3-03ac62809198,5dda0b14-713b-46d0-a6ce-a7a33a2fb6f9,Apr-23,2023-04-01,324.0,normal,None,seasonal,284-1408,-3.25,Monitoring,"z=-3.25 vs seasonal baseline (n=4, med=846)"
03edc7c5-4c46-b55e-523d-9fb7be29910b,5dda0b14-713b-46d0-a6ce-a7a33a2fb6f9,Feb-24,2024-02-01,193.2,normal,None,seasonal,185-1168,-3.44,Monitoring,"z=-3.44 vs seasonal baseline (n=3, med=676)"
990e8a3e-a69c-7b31-f606-3eeb21e3d4c6,5dda0b14-713b-46d0-a6ce-a7a33a2fb6f9,Feb-26,2026-02-01,223.9,normal,None,seasonal,224-352,-3.49,Monitoring,"z=-3.49 vs seasonal baseline (n=3, med=288)"
fad74a92-8e64-787e-38c3-8ebdb9db6511,5dda0b14-713b-46d0-a6ce-a7a33a2fb6f9,May-26,2026-05-01,103.3,normal,None,insufficient_history,,,Monitor (no baseline),insufficient history for a robust baseline
fad74a92-8e64-787e-38c3-8ebdb9db6511,5dda0b14-713b-46d0-a6ce-a7a33a2fb6f9,Jun-26,2026-06-01,164.0,normal,None,insufficient_history,,,Monitor (no baseline),insufficient history for a robust baseline
fad74a92-8e64-787e-38c3-8ebdb9db6511,5dda0b14-713b-46d0-a6ce-a7a33a2fb6f9,Jul-26,2026-07-01,209.9,normal,None,insufficient_history,,,Monitor (no baseline),insufficient history for a robust baseline
