ticket_id,apartment_id,issue_type_id,issue_type_name,assigned_to,created_ts,closed_ts,created_source,actual_resolution_hours,sla_hours,sla_remaining_hours,sla_breached,sla_status,lifecycle_quality,reason,recommended_action,method
e87fdb6a-0f93-4b63-8bf2-5f346cb9f10d,c2ff0c11-4d1b-7b9b-b93c-aa37c9b6c40b,54bc37a9-ef71-4e18-b896-593f71b161fa,Heater Issues,bd081ad6-5fe3-4c1d-a919-81b1055efa19,2026-07-19 09:07:39.561318,,logs+mt_match,,12,,,Insufficient lifecycle data,insufficient_lifecycle_data,insufficient_lifecycle_data,No closed event yet / open,Reconstructed SLA from ticket_logs lifecycle + issue_types.sla_hours (NOT verified app formula)
d83795d2-c76c-1f57-b4f1-a157fb9a1f9e,79853a4a-cb02-508c-e041-7e23378aec9c,caf6381e-5189-4c1f-bf0a-4dfd99d9b9e7,Washing machine Issue,e213d0c5-7de3-4f91-b5d4-cda0cd2ade6c,2026-04-20 07:40:09.223005,2026-04-20 07:40:09.223005,logs+mt_match,0.0,24,24.0,,Collapsed timestamp,collapsed_timestamp,collapsed_timestamp,Excluded from genuine SLA KPI (migration-collapsed timestamps),Reconstructed SLA from ticket_logs lifecycle + issue_types.sla_hours (NOT verified app formula)
c9cb7236-8e59-4d71-4640-b5bd5d92fc3c,d2298bb8-a5e5-735a-c8ca-9b18c7daacd6,a5831922-eaeb-48c2-941c-fd96fae8813d,AC Issues,d2b6ece0-395c-4c27-9667-6d7ce50b417c,2026-04-20 07:40:09.223005,2026-04-20 07:40:09.223005,logs+mt_match,0.0,12,12.0,,Collapsed timestamp,collapsed_timestamp,collapsed_timestamp,Excluded from genuine SLA KPI (migration-collapsed timestamps),Reconstructed SLA from ticket_logs lifecycle + issue_types.sla_hours (NOT verified app formula)
9b519d24-38bf-9a73-c7bc-13a86452cfc9,0a839c14-2a88-9896-c2f2-8d51fe610405,28158382-d5c1-436c-927b-3e3d9855c2af,Electrical Issues,e213d0c5-7de3-4f91-b5d4-cda0cd2ade6c,2026-04-20 07:40:09.223005,2026-04-20 07:40:09.223005,logs+mt_match,0.0,6,6.0,,Collapsed timestamp,collapsed_timestamp,collapsed_timestamp,Excluded from genuine SLA KPI (migration-collapsed timestamps),Reconstructed SLA from ticket_logs lifecycle + issue_types.sla_hours (NOT verified app formula)
9e565e88-284e-3695-913b-23d2b5ba38dd,0a839c14-2a88-9896-c2f2-8d51fe610405,01208ba1-4225-4a61-be39-3afe03dad690,RO Water Issues,d2b6ece0-395c-4c27-9667-6d7ce50b417c,2026-04-20 07:40:09.223005,2026-04-20 07:40:09.223005,logs+mt_match,0.0,6,6.0,,Collapsed timestamp,collapsed_timestamp,collapsed_timestamp,Excluded from genuine SLA KPI (migration-collapsed timestamps),Reconstructed SLA from ticket_logs lifecycle + issue_types.sla_hours (NOT verified app formula)
2253a749-6272-7393-199c-9d01bf989aaa,0a839c14-2a88-9896-c2f2-8d51fe610405,d76dd3bd-ccb7-4991-a01f-ce158dfe908e,Plumbing,e213d0c5-7de3-4f91-b5d4-cda0cd2ade6c,2026-04-20 07:40:09.223005,2026-04-20 07:40:09.223005,logs+mt_match,0.0,24,24.0,,Collapsed timestamp,collapsed_timestamp,collapsed_timestamp,Excluded from genuine SLA KPI (migration-collapsed timestamps),Reconstructed SLA from ticket_logs lifecycle + issue_types.sla_hours (NOT verified app formula)
e3d3b08e-1168-24d9-88db-6d8af6ed10da,dd96a329-ec95-e96a-1348-69d976f39cd4,28158382-d5c1-436c-927b-3e3d9855c2af,Electrical Issues,d2b6ece0-395c-4c27-9667-6d7ce50b417c,2026-04-20 07:40:09.223005,2026-04-20 07:40:09.223005,logs+mt_match,0.0,6,6.0,,Collapsed timestamp,collapsed_timestamp,collapsed_timestamp,Excluded from genuine SLA KPI (migration-collapsed timestamps),Reconstructed SLA from ticket_logs lifecycle + issue_types.sla_hours (NOT verified app formula)
54e11d47-087a-301c-2e07-65fe0ff60f46,dd96a329-ec95-e96a-1348-69d976f39cd4,caf6381e-5189-4c1f-bf0a-4dfd99d9b9e7,Washing machine Issue,e213d0c5-7de3-4f91-b5d4-cda0cd2ade6c,2026-04-20 07:40:09.223005,2026-04-20 07:40:09.223005,logs+mt_match,0.0,24,24.0,,Collapsed timestamp,collapsed_timestamp,collapsed_timestamp,Excluded from genuine SLA KPI (migration-collapsed timestamps),Reconstructed SLA from ticket_logs lifecycle + issue_types.sla_hours (NOT verified app formula)
57873b90-a7d4-ae83-d657-4bc0d57f6ee0,dd96a329-ec95-e96a-1348-69d976f39cd4,d76dd3bd-ccb7-4991-a01f-ce158dfe908e,Plumbing,e213d0c5-7de3-4f91-b5d4-cda0cd2ade6c,2026-04-20 07:40:09.223005,2026-04-20 07:40:09.223005,logs+mt_match,0.0,24,24.0,,Collapsed timestamp,collapsed_timestamp,collapsed_timestamp,Excluded from genuine SLA KPI (migration-collapsed timestamps),Reconstructed SLA from ticket_logs lifecycle + issue_types.sla_hours (NOT verified app formula)
1ef74a90-7dca-6bcb-05da-b385f97420e0,5d204545-2f72-b89b-3190-a826b5ab6512,a5831922-eaeb-48c2-941c-fd96fae8813d,AC Issues,e213d0c5-7de3-4f91-b5d4-cda0cd2ade6c,2026-04-20 07:40:09.223005,2026-04-20 07:40:09.223005,logs+mt_match,0.0,12,12.0,,Collapsed timestamp,collapsed_timestamp,collapsed_timestamp,Excluded from genuine SLA KPI (migration-collapsed timestamps),Reconstructed SLA from ticket_logs lifecycle + issue_types.sla_hours (NOT verified app formula)
37c4d587-a13a-a523-828b-8c1c3f47c6e5,03edc7c5-4c46-b55e-523d-9fb7be29910b,a5831922-eaeb-48c2-941c-fd96fae8813d,AC Issues,d2b6ece0-395c-4c27-9667-6d7ce50b417c,2026-04-20 07:40:09.223005,2026-04-20 07:40:09.223005,logs+mt_match,0.0,12,12.0,,Collapsed timestamp,collapsed_timestamp,collapsed_timestamp,Excluded from genuine SLA KPI (migration-collapsed timestamps),Reconstructed SLA from ticket_logs lifecycle + issue_types.sla_hours (NOT verified app formula)
b5e44530-52eb-195c-23ce-0901df0f2811,03edc7c5-4c46-b55e-523d-9fb7be29910b,47389994-b201-4bb1-bf91-8bce4dbde510,Other,e213d0c5-7de3-4f91-b5d4-cda0cd2ade6c,2026-04-20 07:40:09.223005,2026-04-20 07:40:09.223005,logs+mt_match,0.0,24,24.0,,Collapsed timestamp,collapsed_timestamp,collapsed_timestamp,Excluded from genuine SLA KPI (migration-collapsed timestamps),Reconstructed SLA from ticket_logs lifecycle + issue_types.sla_hours (NOT verified app formula)
58afb6b4-58c2-bb78-8401-0d840281812e,03edc7c5-4c46-b55e-523d-9fb7be29910b,e2aa2aaa-8af6-4807-9a4e-7665c5421eed,Furniture,d2b6ece0-395c-4c27-9667-6d7ce50b417c,2026-04-20 07:40:09.223005,2026-04-20 07:40:09.223005,logs+mt_match,0.0,24,24.0,,Collapsed timestamp,collapsed_timestamp,collapsed_timestamp,Excluded from genuine SLA KPI (migration-collapsed timestamps),Reconstructed SLA from ticket_logs lifecycle + issue_types.sla_hours (NOT verified app formula)
50c923c5-a984-3119-6443-cfa0e8805482,03edc7c5-4c46-b55e-523d-9fb7be29910b,a5831922-eaeb-48c2-941c-fd96fae8813d,AC Issues,d2b6ece0-395c-4c27-9667-6d7ce50b417c,2026-04-20 07:40:09.223005,2026-04-20 07:40:09.223005,logs+mt_match,0.0,12,12.0,,Collapsed timestamp,collapsed_timestamp,collapsed_timestamp,Excluded from genuine SLA KPI (migration-collapsed timestamps),Reconstructed SLA from ticket_logs lifecycle + issue_types.sla_hours (NOT verified app formula)
cb8c9894-64d9-69dd-3677-6f430d882b79,c2ff0c11-4d1b-7b9b-b93c-aa37c9b6c40b,01208ba1-4225-4a61-be39-3afe03dad690,RO Water Issues,e213d0c5-7de3-4f91-b5d4-cda0cd2ade6c,2026-04-20 07:40:09.223005,2026-04-20 07:40:09.223005,logs+mt_match,0.0,6,6.0,,Collapsed timestamp,collapsed_timestamp,collapsed_timestamp,Excluded from genuine SLA KPI (migration-collapsed timestamps),Reconstructed SLA from ticket_logs lifecycle + issue_types.sla_hours (NOT verified app formula)
752c8d81-bc98-42db-d215-788d17dba6eb,c2ff0c11-4d1b-7b9b-b93c-aa37c9b6c40b,47389994-b201-4bb1-bf91-8bce4dbde510,Other,e213d0c5-7de3-4f91-b5d4-cda0cd2ade6c,2026-04-20 07:40:09.223005,2026-04-20 07:40:09.223005,logs+mt_match,0.0,24,24.0,,Collapsed timestamp,collapsed_timestamp,collapsed_timestamp,Excluded from genuine SLA KPI (migration-collapsed timestamps),Reconstructed SLA from ticket_logs lifecycle + issue_types.sla_hours (NOT verified app formula)
7db38434-5d5c-80cd-e524-00e52d3546e6,c2ff0c11-4d1b-7b9b-b93c-aa37c9b6c40b,47389994-b201-4bb1-bf91-8bce4dbde510,Other,d2b6ece0-395c-4c27-9667-6d7ce50b417c,2026-04-20 07:40:09.223005,2026-04-20 07:40:09.223005,logs+mt_match,0.0,24,24.0,,Collapsed timestamp,collapsed_timestamp,collapsed_timestamp,Excluded from genuine SLA KPI (migration-collapsed timestamps),Reconstructed SLA from ticket_logs lifecycle + issue_types.sla_hours (NOT verified app formula)
96c1cf88-5d0c-4449-a197-7c8bc5fd4dc3,1b4d1066-8fe4-199b-7b3b-39e4bded9714,a25aca1b-211b-41d3-ab08-78bd2b9541e8,Toilet Issues,bd081ad6-5fe3-4c1d-a919-81b1055efa19,2026-06-03 12:58:38.559295,2026-06-16 13:13:40.711462,logs+mt_match,312.2505978241667,4,-308.2505978241667,True,SLA Breached,measurable,reconstructed 312.3h vs 4h SLA,Review breach — slow resolution for this issue type,Reconstructed SLA from ticket_logs lifecycle + issue_types.sla_hours (NOT verified app formula)
846c9340-23b3-47a4-8a54-5953b41f2f7a,03edc7c5-4c46-b55e-523d-9fb7be29910b,c5f1c3c0-af88-4c54-9730-ebffed128bc9,Kitchen Equipment,8c42685b-f2df-4dec-96bd-0e77b715e33e,2026-07-24 06:45:20.791749,,logs+mt_match,,12,,,Insufficient lifecycle data,insufficient_lifecycle_data,insufficient_lifecycle_data,No closed event yet / open,Reconstructed SLA from ticket_logs lifecycle + issue_types.sla_hours (NOT verified app formula)
f0de0900-6a45-49e5-87a7-f90468c0021f,82b270bf-e567-2deb-5ef3-495baafd7645,a5831922-eaeb-48c2-941c-fd96fae8813d,AC Issues,bd081ad6-5fe3-4c1d-a919-81b1055efa19,2026-04-18 06:55:19.141318,2026-05-29 14:35:52.760985,logs+mt_match,991.6760054630556,12,-979.6760054630556,True,SLA Breached,measurable,reconstructed 991.7h vs 12h SLA,Review breach — slow resolution for this issue type,Reconstructed SLA from ticket_logs lifecycle + issue_types.sla_hours (NOT verified app formula)
8940a72b-e97b-c430-fe80-dd5f703d2b2c,c2ff0c11-4d1b-7b9b-b93c-aa37c9b6c40b,01208ba1-4225-4a61-be39-3afe03dad690,RO Water Issues,e213d0c5-7de3-4f91-b5d4-cda0cd2ade6c,2026-04-20 07:40:09.223005,2026-04-20 07:40:09.223005,logs+mt_match,0.0,6,6.0,,Collapsed timestamp,collapsed_timestamp,collapsed_timestamp,Excluded from genuine SLA KPI (migration-collapsed timestamps),Reconstructed SLA from ticket_logs lifecycle + issue_types.sla_hours (NOT verified app formula)
9cc03432-0168-846b-b8af-34f2e82c1304,233cca0e-efcf-e631-d2fc-9997a6ba5706,a5831922-eaeb-48c2-941c-fd96fae8813d,AC Issues,d2b6ece0-395c-4c27-9667-6d7ce50b417c,2026-04-20 07:40:09.223005,2026-04-20 07:40:09.223005,logs+mt_match,0.0,12,12.0,,Collapsed timestamp,collapsed_timestamp,collapsed_timestamp,Excluded from genuine SLA KPI (migration-collapsed timestamps),Reconstructed SLA from ticket_logs lifecycle + issue_types.sla_hours (NOT verified app formula)
3214e117-49c9-552b-6e9c-cbcfa2d83bf4,233cca0e-efcf-e631-d2fc-9997a6ba5706,e2aa2aaa-8af6-4807-9a4e-7665c5421eed,Furniture,d2b6ece0-395c-4c27-9667-6d7ce50b417c,2026-04-20 07:40:09.223005,2026-04-20 07:40:09.223005,logs+mt_match,0.0,24,24.0,,Collapsed timestamp,collapsed_timestamp,collapsed_timestamp,Excluded from genuine SLA KPI (migration-collapsed timestamps),Reconstructed SLA from ticket_logs lifecycle + issue_types.sla_hours (NOT verified app formula)
bfbf4ee4-3dd6-8946-090f-0356ae9756b7,233cca0e-efcf-e631-d2fc-9997a6ba5706,e2aa2aaa-8af6-4807-9a4e-7665c5421eed,Furniture,d2b6ece0-395c-4c27-9667-6d7ce50b417c,2026-04-20 07:40:09.223005,2026-04-20 07:40:09.223005,logs+mt_match,0.0,24,24.0,,Collapsed timestamp,collapsed_timestamp,collapsed_timestamp,Excluded from genuine SLA KPI (migration-collapsed timestamps),Reconstructed SLA from ticket_logs lifecycle + issue_types.sla_hours (NOT verified app formula)
01f41bfa-c2f0-c2c6-f86a-f9b8cf2cc167,233cca0e-efcf-e631-d2fc-9997a6ba5706,a5831922-eaeb-48c2-941c-fd96fae8813d,AC Issues,d2b6ece0-395c-4c27-9667-6d7ce50b417c,2026-04-20 07:40:09.223005,2026-04-20 07:40:09.223005,logs+mt_match,0.0,12,12.0,,Collapsed timestamp,collapsed_timestamp,collapsed_timestamp,Excluded from genuine SLA KPI (migration-collapsed timestamps),Reconstructed SLA from ticket_logs lifecycle + issue_types.sla_hours (NOT verified app formula)
e62170fd-2a8f-147c-f99a-7f35f5948a80,233cca0e-efcf-e631-d2fc-9997a6ba5706,caf6381e-5189-4c1f-bf0a-4dfd99d9b9e7,Washing machine Issue,e213d0c5-7de3-4f91-b5d4-cda0cd2ade6c,2026-04-20 07:40:09.223005,2026-04-20 07:40:09.223005,logs+mt_match,0.0,24,24.0,,Collapsed timestamp,collapsed_timestamp,collapsed_timestamp,Excluded from genuine SLA KPI (migration-collapsed timestamps),Reconstructed SLA from ticket_logs lifecycle + issue_types.sla_hours (NOT verified app formula)
caa1c9b3-3c45-4470-f1b3-515b2aea1edc,233cca0e-efcf-e631-d2fc-9997a6ba5706,e2aa2aaa-8af6-4807-9a4e-7665c5421eed,Furniture,e213d0c5-7de3-4f91-b5d4-cda0cd2ade6c,2026-04-20 07:40:09.223005,2026-04-20 07:40:09.223005,logs+mt_match,0.0,24,24.0,,Collapsed timestamp,collapsed_timestamp,collapsed_timestamp,Excluded from genuine SLA KPI (migration-collapsed timestamps),Reconstructed SLA from ticket_logs lifecycle + issue_types.sla_hours (NOT verified app formula)
1b3d336b-b145-5392-6446-db743197dacb,233cca0e-efcf-e631-d2fc-9997a6ba5706,caf6381e-5189-4c1f-bf0a-4dfd99d9b9e7,Washing machine Issue,e213d0c5-7de3-4f91-b5d4-cda0cd2ade6c,2026-04-20 07:40:09.223005,2026-04-20 07:40:09.223005,logs+mt_match,0.0,24,24.0,,Collapsed timestamp,collapsed_timestamp,collapsed_timestamp,Excluded from genuine SLA KPI (migration-collapsed timestamps),Reconstructed SLA from ticket_logs lifecycle + issue_types.sla_hours (NOT verified app formula)
65cada80-da95-693b-58dd-f609d026c2a1,233cca0e-efcf-e631-d2fc-9997a6ba5706,e2aa2aaa-8af6-4807-9a4e-7665c5421eed,Furniture,e213d0c5-7de3-4f91-b5d4-cda0cd2ade6c,2026-04-20 07:40:09.223005,2026-04-20 07:40:09.223005,logs+mt_match,0.0,24,24.0,,Collapsed timestamp,collapsed_timestamp,collapsed_timestamp,Excluded from genuine SLA KPI (migration-collapsed timestamps),Reconstructed SLA from ticket_logs lifecycle + issue_types.sla_hours (NOT verified app formula)
e61d2cb9-3140-4ef0-b62a-d73a1c750756,dd96a329-ec95-e96a-1348-69d976f39cd4,e2aa2aaa-8af6-4807-9a4e-7665c5421eed,Furniture,bd081ad6-5fe3-4c1d-a919-81b1055efa19,2026-05-12 11:25:55.075373,2026-06-07 08:42:31.264481,logs+mt_match,621.2767191966667,24,-597.2767191966667,True,SLA Breached,measurable,reconstructed 621.3h vs 24h SLA,Review breach — slow resolution for this issue type,Reconstructed SLA from ticket_logs lifecycle + issue_types.sla_hours (NOT verified app formula)
76d61ead-a174-4c32-b826-99c5a6277e1f,49ed1c8e-3653-c89b-ec74-16d8e20bb923,28158382-d5c1-436c-927b-3e3d9855c2af,Electrical Issues,bd081ad6-5fe3-4c1d-a919-81b1055efa19,2026-04-19 05:52:59.356115,2026-04-22 03:31:01.305541,logs+mt_match,69.63387484055556,6,-63.63387484055556,True,SLA Breached,measurable,reconstructed 69.6h vs 6h SLA,Review breach — slow resolution for this issue type,Reconstructed SLA from ticket_logs lifecycle + issue_types.sla_hours (NOT verified app formula)
6383a047-73e9-0049-6be1-ad420bb426d6,188aee4d-68e0-1ddb-38e6-a946bc75072d,01208ba1-4225-4a61-be39-3afe03dad690,RO Water Issues,bd081ad6-5fe3-4c1d-a919-81b1055efa19,2026-04-20 07:40:09.877871,2026-04-20 07:40:09.877871,logs+mt_match,0.0,6,6.0,,Collapsed timestamp,collapsed_timestamp,collapsed_timestamp,Excluded from genuine SLA KPI (migration-collapsed timestamps),Reconstructed SLA from ticket_logs lifecycle + issue_types.sla_hours (NOT verified app formula)
298682a6-471a-a4c0-1cc9-4b9dc5ecfaa8,03edc7c5-4c46-b55e-523d-9fb7be29910b,01208ba1-4225-4a61-be39-3afe03dad690,RO Water Issues,e213d0c5-7de3-4f91-b5d4-cda0cd2ade6c,2026-04-20 07:40:09.877871,2026-04-20 07:40:09.877871,logs+mt_match,0.0,6,6.0,,Collapsed timestamp,collapsed_timestamp,collapsed_timestamp,Excluded from genuine SLA KPI (migration-collapsed timestamps),Reconstructed SLA from ticket_logs lifecycle + issue_types.sla_hours (NOT verified app formula)
998c2e22-122e-bbe3-865b-e1ff25394044,188aee4d-68e0-1ddb-38e6-a946bc75072d,47389994-b201-4bb1-bf91-8bce4dbde510,Other,d2b6ece0-395c-4c27-9667-6d7ce50b417c,2026-04-20 07:40:09.877871,2026-04-20 07:40:09.877871,logs+mt_match,0.0,24,24.0,,Collapsed timestamp,collapsed_timestamp,collapsed_timestamp,Excluded from genuine SLA KPI (migration-collapsed timestamps),Reconstructed SLA from ticket_logs lifecycle + issue_types.sla_hours (NOT verified app formula)
a4884c74-2b30-25a0-62a9-6c621ae380fe,188aee4d-68e0-1ddb-38e6-a946bc75072d,47389994-b201-4bb1-bf91-8bce4dbde510,Other,e213d0c5-7de3-4f91-b5d4-cda0cd2ade6c,2026-04-20 07:40:09.877871,2026-04-20 07:40:09.877871,logs+mt_match,0.0,24,24.0,,Collapsed timestamp,collapsed_timestamp,collapsed_timestamp,Excluded from genuine SLA KPI (migration-collapsed timestamps),Reconstructed SLA from ticket_logs lifecycle + issue_types.sla_hours (NOT verified app formula)
72405ca5-e55a-4349-9fdd-ca700389fd6b,b0875d50-a469-821b-57c3-03ac62809198,e2aa2aaa-8af6-4807-9a4e-7665c5421eed,Furniture,bd081ad6-5fe3-4c1d-a919-81b1055efa19,2026-04-18 12:18:21.743314,2026-04-18 12:29:52.649035,logs+mt_match,0.19191825583333333,24,23.808081744166667,False,Within SLA,measurable,reconstructed 0.2h vs 24h SLA,OK,Reconstructed SLA from ticket_logs lifecycle + issue_types.sla_hours (NOT verified app formula)
c1863a04-127e-cef5-7eff-0a3bd5bca7fc,188aee4d-68e0-1ddb-38e6-a946bc75072d,47389994-b201-4bb1-bf91-8bce4dbde510,Other,d2b6ece0-395c-4c27-9667-6d7ce50b417c,2026-04-20 07:40:09.877871,2026-04-20 07:40:09.877871,logs+mt_match,0.0,24,24.0,,Collapsed timestamp,collapsed_timestamp,collapsed_timestamp,Excluded from genuine SLA KPI (migration-collapsed timestamps),Reconstructed SLA from ticket_logs lifecycle + issue_types.sla_hours (NOT verified app formula)
cfa2d054-c1d3-89ad-2e1b-cc4421339451,4d1dd99b-b75a-70b5-406b-f5e869954002,d76dd3bd-ccb7-4991-a01f-ce158dfe908e,Plumbing,a55e7168-b152-4072-8b01-0cd4b7e299ca,2026-04-20 07:40:09.877871,2026-04-20 07:40:09.877871,logs+mt_match,0.0,24,24.0,,Collapsed timestamp,collapsed_timestamp,collapsed_timestamp,Excluded from genuine SLA KPI (migration-collapsed timestamps),Reconstructed SLA from ticket_logs lifecycle + issue_types.sla_hours (NOT verified app formula)
ed21b145-26a5-65ab-bf2c-ddf190872e8f,4d1dd99b-b75a-70b5-406b-f5e869954002,e2aa2aaa-8af6-4807-9a4e-7665c5421eed,Furniture,e213d0c5-7de3-4f91-b5d4-cda0cd2ade6c,2026-04-20 07:40:09.877871,2026-04-20 07:40:09.877871,logs+mt_match,0.0,24,24.0,,Collapsed timestamp,collapsed_timestamp,collapsed_timestamp,Excluded from genuine SLA KPI (migration-collapsed timestamps),Reconstructed SLA from ticket_logs lifecycle + issue_types.sla_hours (NOT verified app formula)
44316f83-5813-fb8e-d2ab-1343d0fab3f2,4d1dd99b-b75a-70b5-406b-f5e869954002,d76dd3bd-ccb7-4991-a01f-ce158dfe908e,Plumbing,e213d0c5-7de3-4f91-b5d4-cda0cd2ade6c,2026-04-20 07:40:09.877871,2026-04-20 07:40:09.877871,logs+mt_match,0.0,24,24.0,,Collapsed timestamp,collapsed_timestamp,collapsed_timestamp,Excluded from genuine SLA KPI (migration-collapsed timestamps),Reconstructed SLA from ticket_logs lifecycle + issue_types.sla_hours (NOT verified app formula)
88a47516-18c5-fc32-41c5-90261c772576,4d1dd99b-b75a-70b5-406b-f5e869954002,d76dd3bd-ccb7-4991-a01f-ce158dfe908e,Plumbing,a55e7168-b152-4072-8b01-0cd4b7e299ca,2026-04-20 07:40:09.877871,2026-04-20 07:40:09.877871,logs+mt_match,0.0,24,24.0,,Collapsed timestamp,collapsed_timestamp,collapsed_timestamp,Excluded from genuine SLA KPI (migration-collapsed timestamps),Reconstructed SLA from ticket_logs lifecycle + issue_types.sla_hours (NOT verified app formula)
dd4fdec3-f242-30e5-f5e1-aa357590564d,4d1dd99b-b75a-70b5-406b-f5e869954002,e2aa2aaa-8af6-4807-9a4e-7665c5421eed,Furniture,a55e7168-b152-4072-8b01-0cd4b7e299ca,2026-04-20 07:40:09.877871,2026-04-20 07:40:09.877871,logs+mt_match,0.0,24,24.0,,Collapsed timestamp,collapsed_timestamp,collapsed_timestamp,Excluded from genuine SLA KPI (migration-collapsed timestamps),Reconstructed SLA from ticket_logs lifecycle + issue_types.sla_hours (NOT verified app formula)
2a9075fb-d301-bbad-581c-adcd1678f49e,85292340-826d-52c1-65c7-7f2a9eb2c2c4,a5831922-eaeb-48c2-941c-fd96fae8813d,AC Issues,e213d0c5-7de3-4f91-b5d4-cda0cd2ade6c,2026-04-20 07:40:09.877871,2026-04-20 07:40:09.877871,logs+mt_match,0.0,12,12.0,,Collapsed timestamp,collapsed_timestamp,collapsed_timestamp,Excluded from genuine SLA KPI (migration-collapsed timestamps),Reconstructed SLA from ticket_logs lifecycle + issue_types.sla_hours (NOT verified app formula)
34da8673-bdcf-9b98-1ca2-9f2896b7f74f,85292340-826d-52c1-65c7-7f2a9eb2c2c4,01208ba1-4225-4a61-be39-3afe03dad690,RO Water Issues,e213d0c5-7de3-4f91-b5d4-cda0cd2ade6c,2026-04-20 07:40:09.877871,2026-04-20 07:40:09.877871,logs+mt_match,0.0,6,6.0,,Collapsed timestamp,collapsed_timestamp,collapsed_timestamp,Excluded from genuine SLA KPI (migration-collapsed timestamps),Reconstructed SLA from ticket_logs lifecycle + issue_types.sla_hours (NOT verified app formula)
63f97aaf-b20e-8b0a-5d96-7a6350f33a27,85292340-826d-52c1-65c7-7f2a9eb2c2c4,01208ba1-4225-4a61-be39-3afe03dad690,RO Water Issues,e213d0c5-7de3-4f91-b5d4-cda0cd2ade6c,2026-04-20 07:40:09.877871,2026-04-20 07:40:09.877871,logs+mt_match,0.0,6,6.0,,Collapsed timestamp,collapsed_timestamp,collapsed_timestamp,Excluded from genuine SLA KPI (migration-collapsed timestamps),Reconstructed SLA from ticket_logs lifecycle + issue_types.sla_hours (NOT verified app formula)
a6ee1147-a3cb-5e19-004b-15055ccb08ce,85292340-826d-52c1-65c7-7f2a9eb2c2c4,47389994-b201-4bb1-bf91-8bce4dbde510,Other,d2b6ece0-395c-4c27-9667-6d7ce50b417c,2026-04-20 07:40:09.877871,2026-04-20 07:40:09.877871,logs+mt_match,0.0,24,24.0,,Collapsed timestamp,collapsed_timestamp,collapsed_timestamp,Excluded from genuine SLA KPI (migration-collapsed timestamps),Reconstructed SLA from ticket_logs lifecycle + issue_types.sla_hours (NOT verified app formula)
dee0cae2-cd15-c3db-131c-74eb0aaa95da,85292340-826d-52c1-65c7-7f2a9eb2c2c4,47389994-b201-4bb1-bf91-8bce4dbde510,Other,d2b6ece0-395c-4c27-9667-6d7ce50b417c,2026-04-20 07:40:09.877871,2026-04-20 07:40:09.877871,logs+mt_match,0.0,24,24.0,,Collapsed timestamp,collapsed_timestamp,collapsed_timestamp,Excluded from genuine SLA KPI (migration-collapsed timestamps),Reconstructed SLA from ticket_logs lifecycle + issue_types.sla_hours (NOT verified app formula)
10c1b27a-bfc6-9920-7298-f5e427cb51e0,85292340-826d-52c1-65c7-7f2a9eb2c2c4,47389994-b201-4bb1-bf91-8bce4dbde510,Other,e213d0c5-7de3-4f91-b5d4-cda0cd2ade6c,2026-04-20 07:40:09.877871,2026-04-20 07:40:09.877871,logs+mt_match,0.0,24,24.0,,Collapsed timestamp,collapsed_timestamp,collapsed_timestamp,Excluded from genuine SLA KPI (migration-collapsed timestamps),Reconstructed SLA from ticket_logs lifecycle + issue_types.sla_hours (NOT verified app formula)
1b7a9324-3f5b-bd8a-c773-49a8f0277d78,d2298bb8-a5e5-735a-c8ca-9b18c7daacd6,a5831922-eaeb-48c2-941c-fd96fae8813d,AC Issues,d2b6ece0-395c-4c27-9667-6d7ce50b417c,2026-04-20 07:40:09.877871,2026-04-20 07:40:09.877871,logs+mt_match,0.0,12,12.0,,Collapsed timestamp,collapsed_timestamp,collapsed_timestamp,Excluded from genuine SLA KPI (migration-collapsed timestamps),Reconstructed SLA from ticket_logs lifecycle + issue_types.sla_hours (NOT verified app formula)
2132b30e-45a1-4021-801e-c0772c7fcc4d,dd96a329-ec95-e96a-1348-69d976f39cd4,47389994-b201-4bb1-bf91-8bce4dbde510,Other,bd081ad6-5fe3-4c1d-a919-81b1055efa19,2026-04-03 06:12:44.808072,,logs+mt_match,,24,,,Insufficient lifecycle data,insufficient_lifecycle_data,insufficient_lifecycle_data,No closed event yet / open,Reconstructed SLA from ticket_logs lifecycle + issue_types.sla_hours (NOT verified app formula)
41bdac72-19c0-5a9b-a35f-efc615ffa556,aa73cade-c28c-dc5b-5980-55801ea0d415,a5831922-eaeb-48c2-941c-fd96fae8813d,AC Issues,d2b6ece0-395c-4c27-9667-6d7ce50b417c,2026-04-20 07:40:09.877871,2026-04-20 07:40:09.877871,logs+mt_match,0.0,12,12.0,,Collapsed timestamp,collapsed_timestamp,collapsed_timestamp,Excluded from genuine SLA KPI (migration-collapsed timestamps),Reconstructed SLA from ticket_logs lifecycle + issue_types.sla_hours (NOT verified app formula)
2d0426ce-4364-67e9-68d1-143468bc86b1,03edc7c5-4c46-b55e-523d-9fb7be29910b,e2aa2aaa-8af6-4807-9a4e-7665c5421eed,Furniture,e213d0c5-7de3-4f91-b5d4-cda0cd2ade6c,2026-04-20 07:40:09.877871,2026-04-20 07:40:09.877871,logs+mt_match,0.0,24,24.0,,Collapsed timestamp,collapsed_timestamp,collapsed_timestamp,Excluded from genuine SLA KPI (migration-collapsed timestamps),Reconstructed SLA from ticket_logs lifecycle + issue_types.sla_hours (NOT verified app formula)
4e4b885f-7557-9cf8-c749-6b24d2c0b86b,03edc7c5-4c46-b55e-523d-9fb7be29910b,e2aa2aaa-8af6-4807-9a4e-7665c5421eed,Furniture,e213d0c5-7de3-4f91-b5d4-cda0cd2ade6c,2026-04-20 07:40:09.877871,2026-04-20 07:40:09.877871,logs+mt_match,0.0,24,24.0,,Collapsed timestamp,collapsed_timestamp,collapsed_timestamp,Excluded from genuine SLA KPI (migration-collapsed timestamps),Reconstructed SLA from ticket_logs lifecycle + issue_types.sla_hours (NOT verified app formula)
807cd978-b74c-c028-1930-847256523211,03edc7c5-4c46-b55e-523d-9fb7be29910b,e2aa2aaa-8af6-4807-9a4e-7665c5421eed,Furniture,bd081ad6-5fe3-4c1d-a919-81b1055efa19,2026-04-20 07:40:09.877871,2026-04-20 07:40:09.877871,logs+mt_match,0.0,24,24.0,,Collapsed timestamp,collapsed_timestamp,collapsed_timestamp,Excluded from genuine SLA KPI (migration-collapsed timestamps),Reconstructed SLA from ticket_logs lifecycle + issue_types.sla_hours (NOT verified app formula)
19f805a8-9b26-2b32-379c-99affa8e1f6b,10c6863d-07c3-4fc4-94f9-6adc29157ce1,e2aa2aaa-8af6-4807-9a4e-7665c5421eed,Furniture,d2b6ece0-395c-4c27-9667-6d7ce50b417c,2026-04-20 07:40:09.877871,2026-04-20 07:40:09.877871,logs+mt_match,0.0,24,24.0,,Collapsed timestamp,collapsed_timestamp,collapsed_timestamp,Excluded from genuine SLA KPI (migration-collapsed timestamps),Reconstructed SLA from ticket_logs lifecycle + issue_types.sla_hours (NOT verified app formula)
1d6c1d1e-c163-a3ed-f124-0be3e1ea6a82,85292340-826d-52c1-65c7-7f2a9eb2c2c4,e2aa2aaa-8af6-4807-9a4e-7665c5421eed,Furniture,e213d0c5-7de3-4f91-b5d4-cda0cd2ade6c,2026-04-20 07:40:09.877871,2026-04-20 07:40:09.877871,logs+mt_match,0.0,24,24.0,,Collapsed timestamp,collapsed_timestamp,collapsed_timestamp,Excluded from genuine SLA KPI (migration-collapsed timestamps),Reconstructed SLA from ticket_logs lifecycle + issue_types.sla_hours (NOT verified app formula)
09781585-3e29-b7f6-d8df-192b30112013,85292340-826d-52c1-65c7-7f2a9eb2c2c4,abc84f5b-a950-406e-ab46-cefbe11df925,Cleaning Issues,d2b6ece0-395c-4c27-9667-6d7ce50b417c,2026-04-20 07:40:09.877871,2026-04-20 07:40:09.877871,logs+mt_match,0.0,4,4.0,,Collapsed timestamp,collapsed_timestamp,collapsed_timestamp,Excluded from genuine SLA KPI (migration-collapsed timestamps),Reconstructed SLA from ticket_logs lifecycle + issue_types.sla_hours (NOT verified app formula)
5f9e416d-811a-4ecf-1b31-737be7ceb3a4,85292340-826d-52c1-65c7-7f2a9eb2c2c4,47389994-b201-4bb1-bf91-8bce4dbde510,Other,e213d0c5-7de3-4f91-b5d4-cda0cd2ade6c,2026-04-20 07:40:09.877871,2026-04-20 07:40:09.877871,logs+mt_match,0.0,24,24.0,,Collapsed timestamp,collapsed_timestamp,collapsed_timestamp,Excluded from genuine SLA KPI (migration-collapsed timestamps),Reconstructed SLA from ticket_logs lifecycle + issue_types.sla_hours (NOT verified app formula)
a92341f2-7949-9d9a-059c-7ec91da5f73f,85292340-826d-52c1-65c7-7f2a9eb2c2c4,47389994-b201-4bb1-bf91-8bce4dbde510,Other,e213d0c5-7de3-4f91-b5d4-cda0cd2ade6c,2026-04-20 07:40:09.877871,2026-04-20 07:40:09.877871,logs+mt_match,0.0,24,24.0,,Collapsed timestamp,collapsed_timestamp,collapsed_timestamp,Excluded from genuine SLA KPI (migration-collapsed timestamps),Reconstructed SLA from ticket_logs lifecycle + issue_types.sla_hours (NOT verified app formula)
7aa3d23d-49cc-3e4b-1540-ad55db32c87e,85292340-826d-52c1-65c7-7f2a9eb2c2c4,caf6381e-5189-4c1f-bf0a-4dfd99d9b9e7,Washing machine Issue,e213d0c5-7de3-4f91-b5d4-cda0cd2ade6c,2026-04-20 07:40:09.877871,2026-04-20 07:40:09.877871,logs+mt_match,0.0,24,24.0,,Collapsed timestamp,collapsed_timestamp,collapsed_timestamp,Excluded from genuine SLA KPI (migration-collapsed timestamps),Reconstructed SLA from ticket_logs lifecycle + issue_types.sla_hours (NOT verified app formula)
e2680a24-cf4d-bfe8-610c-72cf8f84dbc5,85292340-826d-52c1-65c7-7f2a9eb2c2c4,abc84f5b-a950-406e-ab46-cefbe11df925,Cleaning Issues,e213d0c5-7de3-4f91-b5d4-cda0cd2ade6c,2026-04-20 07:40:09.877871,2026-04-20 07:40:09.877871,logs+mt_match,0.0,4,4.0,,Collapsed timestamp,collapsed_timestamp,collapsed_timestamp,Excluded from genuine SLA KPI (migration-collapsed timestamps),Reconstructed SLA from ticket_logs lifecycle + issue_types.sla_hours (NOT verified app formula)
cfb7fc5d-8ab2-8bd5-49d0-64c8429e447d,85292340-826d-52c1-65c7-7f2a9eb2c2c4,28158382-d5c1-436c-927b-3e3d9855c2af,Electrical Issues,a55e7168-b152-4072-8b01-0cd4b7e299ca,2026-04-20 07:40:09.877871,2026-04-20 07:40:09.877871,logs+mt_match,0.0,6,6.0,,Collapsed timestamp,collapsed_timestamp,collapsed_timestamp,Excluded from genuine SLA KPI (migration-collapsed timestamps),Reconstructed SLA from ticket_logs lifecycle + issue_types.sla_hours (NOT verified app formula)
f4307019-60f3-9ada-2acd-8969db2d48ae,85292340-826d-52c1-65c7-7f2a9eb2c2c4,abc84f5b-a950-406e-ab46-cefbe11df925,Cleaning Issues,e213d0c5-7de3-4f91-b5d4-cda0cd2ade6c,2026-04-20 07:40:09.877871,2026-04-20 07:40:09.877871,logs+mt_match,0.0,4,4.0,,Collapsed timestamp,collapsed_timestamp,collapsed_timestamp,Excluded from genuine SLA KPI (migration-collapsed timestamps),Reconstructed SLA from ticket_logs lifecycle + issue_types.sla_hours (NOT verified app formula)
2c8244de-5eb7-4650-b53e-707875513366,49ed1c8e-3653-c89b-ec74-16d8e20bb923,28158382-d5c1-436c-927b-3e3d9855c2af,Electrical Issues,bd081ad6-5fe3-4c1d-a919-81b1055efa19,2026-05-18 16:57:57.900075,2026-05-19 14:26:42.176712,logs+mt_match,21.4789657325,6,-15.4789657325,True,SLA Breached,measurable,reconstructed 21.5h vs 6h SLA,Review breach — slow resolution for this issue type,Reconstructed SLA from ticket_logs lifecycle + issue_types.sla_hours (NOT verified app formula)
2500da24-9030-4a35-bdca-c1175df4b2ff,990e8a3e-a69c-7b31-f606-3eeb21e3d4c6,e2aa2aaa-8af6-4807-9a4e-7665c5421eed,Furniture,bd081ad6-5fe3-4c1d-a919-81b1055efa19,2026-04-25 07:29:36.146672,2026-05-18 05:52:29.502325,logs+mt_match,550.3814876813889,24,-526.3814876813889,True,SLA Breached,measurable,reconstructed 550.4h vs 24h SLA,Review breach — slow resolution for this issue type,Reconstructed SLA from ticket_logs lifecycle + issue_types.sla_hours (NOT verified app formula)
8d4494ef-d16a-9039-7a5e-cc1338af9606,85292340-826d-52c1-65c7-7f2a9eb2c2c4,a5831922-eaeb-48c2-941c-fd96fae8813d,AC Issues,e213d0c5-7de3-4f91-b5d4-cda0cd2ade6c,2026-04-20 07:40:09.877871,2026-04-20 07:40:09.877871,logs+mt_match,0.0,12,12.0,,Collapsed timestamp,collapsed_timestamp,collapsed_timestamp,Excluded from genuine SLA KPI (migration-collapsed timestamps),Reconstructed SLA from ticket_logs lifecycle + issue_types.sla_hours (NOT verified app formula)
4a510ded-bb90-41ad-8dc6-15bfa3346839,574de174-c7bb-bc11-f282-cff2aa2501c5,d76dd3bd-ccb7-4991-a01f-ce158dfe908e,Plumbing,a55e7168-b152-4072-8b01-0cd4b7e299ca,2026-03-31 19:18:17.528591,,logs+mt_match,,24,,,Insufficient lifecycle data,insufficient_lifecycle_data,insufficient_lifecycle_data,No closed event yet / open,Reconstructed SLA from ticket_logs lifecycle + issue_types.sla_hours (NOT verified app formula)
dc2e91e2-69aa-4915-a6dd-b84ead36f658,dc4adc21-f501-0573-2e9a-d7bbbc89e5d6,a5831922-eaeb-48c2-941c-fd96fae8813d,AC Issues,bd081ad6-5fe3-4c1d-a919-81b1055efa19,2026-05-12 05:49:23.690576,2026-07-19 15:30:52.524558,logs+mt_match,1641.6913427727777,12,-1629.6913427727777,True,SLA Breached,measurable,reconstructed 1641.7h vs 12h SLA,Review breach — slow resolution for this issue type,Reconstructed SLA from ticket_logs lifecycle + issue_types.sla_hours (NOT verified app formula)
97349eec-eeab-59cb-1c58-c48d49f27bb3,85292340-826d-52c1-65c7-7f2a9eb2c2c4,e2aa2aaa-8af6-4807-9a4e-7665c5421eed,Furniture,e213d0c5-7de3-4f91-b5d4-cda0cd2ade6c,2026-04-20 07:40:09.877871,2026-04-20 07:40:09.877871,logs+mt_match,0.0,24,24.0,,Collapsed timestamp,collapsed_timestamp,collapsed_timestamp,Excluded from genuine SLA KPI (migration-collapsed timestamps),Reconstructed SLA from ticket_logs lifecycle + issue_types.sla_hours (NOT verified app formula)
4dc2e07a-34a8-484e-af81-8347df1d0aef,77c3a6fd-4651-d880-29aa-abd19c8324df,e2aa2aaa-8af6-4807-9a4e-7665c5421eed,Furniture,bd081ad6-5fe3-4c1d-a919-81b1055efa19,2026-04-03 04:54:28.470268,,logs+mt_match,,24,,,Insufficient lifecycle data,insufficient_lifecycle_data,insufficient_lifecycle_data,No closed event yet / open,Reconstructed SLA from ticket_logs lifecycle + issue_types.sla_hours (NOT verified app formula)
55cdcc01-d85e-4ef7-86a5-c4ff8547afd3,b0d4d2c8-f6ee-bc16-ffd7-fc33c8db8571,a5831922-eaeb-48c2-941c-fd96fae8813d,AC Issues,bd081ad6-5fe3-4c1d-a919-81b1055efa19,2026-03-31 14:41:05.467561,,logs+mt_match,,12,,,Insufficient lifecycle data,insufficient_lifecycle_data,insufficient_lifecycle_data,No closed event yet / open,Reconstructed SLA from ticket_logs lifecycle + issue_types.sla_hours (NOT verified app formula)
074ea4b3-1a2f-4ee8-a73c-6e16276f6bff,990e8a3e-a69c-7b31-f606-3eeb21e3d4c6,28158382-d5c1-436c-927b-3e3d9855c2af,Electrical Issues,bd081ad6-5fe3-4c1d-a919-81b1055efa19,2026-06-24 08:26:20.119803,2026-07-04 09:13:26.262575,logs+mt_match,240.7850396588889,6,-234.7850396588889,True,SLA Breached,measurable,reconstructed 240.8h vs 6h SLA,Review breach — slow resolution for this issue type,Reconstructed SLA from ticket_logs lifecycle + issue_types.sla_hours (NOT verified app formula)
3370a9f2-c854-4e94-b39e-d811d2844bbc,2fc42a4f-fe5a-ae08-0e4e-2c89ca71db85,a5831922-eaeb-48c2-941c-fd96fae8813d,AC Issues,bd081ad6-5fe3-4c1d-a919-81b1055efa19,2026-04-05 09:25:30.844270,2026-06-28 15:01:36.542233,logs+mt_match,2021.6015827675,12,-2009.6015827675,True,SLA Breached,measurable,reconstructed 2021.6h vs 12h SLA,Review breach — slow resolution for this issue type,Reconstructed SLA from ticket_logs lifecycle + issue_types.sla_hours (NOT verified app formula)
5c0cde5c-e20b-40e4-8cb8-3d20e69f2841,dd96a329-ec95-e96a-1348-69d976f39cd4,e2aa2aaa-8af6-4807-9a4e-7665c5421eed,Furniture,bd081ad6-5fe3-4c1d-a919-81b1055efa19,2026-04-03 11:28:32.551554,,logs+mt_match,,24,,,Insufficient lifecycle data,insufficient_lifecycle_data,insufficient_lifecycle_data,No closed event yet / open,Reconstructed SLA from ticket_logs lifecycle + issue_types.sla_hours (NOT verified app formula)
57812506-96c7-7960-deb3-8f03aed7e43a,85292340-826d-52c1-65c7-7f2a9eb2c2c4,e2aa2aaa-8af6-4807-9a4e-7665c5421eed,Furniture,e213d0c5-7de3-4f91-b5d4-cda0cd2ade6c,2026-04-20 07:40:09.877871,2026-04-20 07:40:09.877871,logs+mt_match,0.0,24,24.0,,Collapsed timestamp,collapsed_timestamp,collapsed_timestamp,Excluded from genuine SLA KPI (migration-collapsed timestamps),Reconstructed SLA from ticket_logs lifecycle + issue_types.sla_hours (NOT verified app formula)
bef235f1-9a2e-a1e0-0eb4-8e61181e8a58,85292340-826d-52c1-65c7-7f2a9eb2c2c4,e2aa2aaa-8af6-4807-9a4e-7665c5421eed,Furniture,e213d0c5-7de3-4f91-b5d4-cda0cd2ade6c,2026-04-20 07:40:09.877871,2026-04-20 07:40:09.877871,logs+mt_match,0.0,24,24.0,,Collapsed timestamp,collapsed_timestamp,collapsed_timestamp,Excluded from genuine SLA KPI (migration-collapsed timestamps),Reconstructed SLA from ticket_logs lifecycle + issue_types.sla_hours (NOT verified app formula)
59383f60-80a3-45ae-8e89-537056666a9a,49ed1c8e-3653-c89b-ec74-16d8e20bb923,e2aa2aaa-8af6-4807-9a4e-7665c5421eed,Furniture,bd081ad6-5fe3-4c1d-a919-81b1055efa19,2026-04-04 05:17:53.105947,,logs+mt_match,,24,,,Insufficient lifecycle data,insufficient_lifecycle_data,insufficient_lifecycle_data,No closed event yet / open,Reconstructed SLA from ticket_logs lifecycle + issue_types.sla_hours (NOT verified app formula)
38bca02b-7f1a-39a5-a2f8-619a1d6258e9,85292340-826d-52c1-65c7-7f2a9eb2c2c4,abc84f5b-a950-406e-ab46-cefbe11df925,Cleaning Issues,e213d0c5-7de3-4f91-b5d4-cda0cd2ade6c,2026-04-20 07:40:09.877871,2026-04-20 07:40:09.877871,logs+mt_match,0.0,4,4.0,,Collapsed timestamp,collapsed_timestamp,collapsed_timestamp,Excluded from genuine SLA KPI (migration-collapsed timestamps),Reconstructed SLA from ticket_logs lifecycle + issue_types.sla_hours (NOT verified app formula)
7a434025-9978-430b-aad6-27f67465bd9f,49ed1c8e-3653-c89b-ec74-16d8e20bb923,47389994-b201-4bb1-bf91-8bce4dbde510,Other,bd081ad6-5fe3-4c1d-a919-81b1055efa19,2026-04-04 05:19:31.693360,,logs+mt_match,,24,,,Insufficient lifecycle data,insufficient_lifecycle_data,insufficient_lifecycle_data,No closed event yet / open,Reconstructed SLA from ticket_logs lifecycle + issue_types.sla_hours (NOT verified app formula)
4258bc18-25be-8242-126d-124cf1ef33dc,85292340-826d-52c1-65c7-7f2a9eb2c2c4,01208ba1-4225-4a61-be39-3afe03dad690,RO Water Issues,e213d0c5-7de3-4f91-b5d4-cda0cd2ade6c,2026-04-20 07:40:09.877871,2026-04-20 07:40:09.877871,logs+mt_match,0.0,6,6.0,,Collapsed timestamp,collapsed_timestamp,collapsed_timestamp,Excluded from genuine SLA KPI (migration-collapsed timestamps),Reconstructed SLA from ticket_logs lifecycle + issue_types.sla_hours (NOT verified app formula)
ef2570d4-44d4-3f78-f1f0-6c23a57fb96b,85292340-826d-52c1-65c7-7f2a9eb2c2c4,e2aa2aaa-8af6-4807-9a4e-7665c5421eed,Furniture,e213d0c5-7de3-4f91-b5d4-cda0cd2ade6c,2026-04-20 07:40:09.877871,2026-04-20 07:40:09.877871,logs+mt_match,0.0,24,24.0,,Collapsed timestamp,collapsed_timestamp,collapsed_timestamp,Excluded from genuine SLA KPI (migration-collapsed timestamps),Reconstructed SLA from ticket_logs lifecycle + issue_types.sla_hours (NOT verified app formula)
b01c08e7-1a87-232a-ae60-8ff001d24f41,211a2b33-4e94-3da1-7d97-406bc26036f5,28158382-d5c1-436c-927b-3e3d9855c2af,Electrical Issues,e213d0c5-7de3-4f91-b5d4-cda0cd2ade6c,2026-04-20 07:40:09.877871,2026-04-20 07:40:09.877871,logs+mt_match,0.0,6,6.0,,Collapsed timestamp,collapsed_timestamp,collapsed_timestamp,Excluded from genuine SLA KPI (migration-collapsed timestamps),Reconstructed SLA from ticket_logs lifecycle + issue_types.sla_hours (NOT verified app formula)
aa23d1f8-2684-c45c-6946-8d2d89b63e2d,211a2b33-4e94-3da1-7d97-406bc26036f5,d76dd3bd-ccb7-4991-a01f-ce158dfe908e,Plumbing,e213d0c5-7de3-4f91-b5d4-cda0cd2ade6c,2026-04-20 07:40:09.877871,2026-04-20 07:40:09.877871,logs+mt_match,0.0,24,24.0,,Collapsed timestamp,collapsed_timestamp,collapsed_timestamp,Excluded from genuine SLA KPI (migration-collapsed timestamps),Reconstructed SLA from ticket_logs lifecycle + issue_types.sla_hours (NOT verified app formula)
23895d1d-2d76-4fb4-9dbd-d0ff1b8eedff,bde00681-ebfc-ef38-4f6e-4906a012de6b,47389994-b201-4bb1-bf91-8bce4dbde510,Other,8c42685b-f2df-4dec-96bd-0e77b715e33e,2026-05-20 08:50:35.541450,2026-06-03 18:09:17.822286,logs+mt_match,345.3117446766667,24,-321.3117446766667,True,SLA Breached,measurable,reconstructed 345.3h vs 24h SLA,Review breach — slow resolution for this issue type,Reconstructed SLA from ticket_logs lifecycle + issue_types.sla_hours (NOT verified app formula)
87dbab50-1e1c-9e21-022a-1d4a580386d3,211a2b33-4e94-3da1-7d97-406bc26036f5,01208ba1-4225-4a61-be39-3afe03dad690,RO Water Issues,bd081ad6-5fe3-4c1d-a919-81b1055efa19,2026-04-20 07:40:09.877871,2026-04-20 07:40:09.877871,logs+mt_match,0.0,6,6.0,,Collapsed timestamp,collapsed_timestamp,collapsed_timestamp,Excluded from genuine SLA KPI (migration-collapsed timestamps),Reconstructed SLA from ticket_logs lifecycle + issue_types.sla_hours (NOT verified app formula)
2aff393b-0b59-8da0-9a1c-eaf8ba381c5a,79853a4a-cb02-508c-e041-7e23378aec9c,d76dd3bd-ccb7-4991-a01f-ce158dfe908e,Plumbing,e213d0c5-7de3-4f91-b5d4-cda0cd2ade6c,2026-04-20 07:40:09.877871,2026-04-20 07:40:09.877871,logs+mt_match,0.0,24,24.0,,Collapsed timestamp,collapsed_timestamp,collapsed_timestamp,Excluded from genuine SLA KPI (migration-collapsed timestamps),Reconstructed SLA from ticket_logs lifecycle + issue_types.sla_hours (NOT verified app formula)
73999906-6bab-4a7b-bb02-ee5f45f086a2,2fc42a4f-fe5a-ae08-0e4e-2c89ca71db85,e2aa2aaa-8af6-4807-9a4e-7665c5421eed,Furniture,a55e7168-b152-4072-8b01-0cd4b7e299ca,2026-04-03 09:37:00.009816,,logs+mt_match,,24,,,Insufficient lifecycle data,insufficient_lifecycle_data,insufficient_lifecycle_data,No closed event yet / open,Reconstructed SLA from ticket_logs lifecycle + issue_types.sla_hours (NOT verified app formula)
93875bf1-b143-40b3-b27a-84bb5f57ef44,fb5cedd6-2992-1c62-7fba-4a7a6b43b2ff,abc84f5b-a950-406e-ab46-cefbe11df925,Cleaning Issues,8c42685b-f2df-4dec-96bd-0e77b715e33e,2026-04-07 04:35:19.142702,,logs+mt_match,,4,,,Insufficient lifecycle data,insufficient_lifecycle_data,insufficient_lifecycle_data,No closed event yet / open,Reconstructed SLA from ticket_logs lifecycle + issue_types.sla_hours (NOT verified app formula)
f1d005e9-820f-3db6-3e1d-cf90adf2cca7,82b270bf-e567-2deb-5ef3-495baafd7645,01208ba1-4225-4a61-be39-3afe03dad690,RO Water Issues,e213d0c5-7de3-4f91-b5d4-cda0cd2ade6c,2026-04-20 07:40:09.877871,2026-04-20 07:40:09.877871,logs+mt_match,0.0,6,6.0,,Collapsed timestamp,collapsed_timestamp,collapsed_timestamp,Excluded from genuine SLA KPI (migration-collapsed timestamps),Reconstructed SLA from ticket_logs lifecycle + issue_types.sla_hours (NOT verified app formula)
b9bd090d-cea5-4596-96a5-86bfeb94b132,dd96a329-ec95-e96a-1348-69d976f39cd4,47389994-b201-4bb1-bf91-8bce4dbde510,Other,bd081ad6-5fe3-4c1d-a919-81b1055efa19,2026-04-03 06:08:32.211195,,logs+mt_match,,24,,,Insufficient lifecycle data,insufficient_lifecycle_data,insufficient_lifecycle_data,No closed event yet / open,Reconstructed SLA from ticket_logs lifecycle + issue_types.sla_hours (NOT verified app formula)
b230c8d4-47ac-4fca-bcfd-25076d66ebe0,5d204545-2f72-b89b-3190-a826b5ab6512,a5831922-eaeb-48c2-941c-fd96fae8813d,AC Issues,a55e7168-b152-4072-8b01-0cd4b7e299ca,2026-04-02 10:09:35.167950,,logs+mt_match,,12,,,Insufficient lifecycle data,insufficient_lifecycle_data,insufficient_lifecycle_data,No closed event yet / open,Reconstructed SLA from ticket_logs lifecycle + issue_types.sla_hours (NOT verified app formula)
8d172be0-ab43-cb22-e839-bf58a94564bf,1b4d1066-8fe4-199b-7b3b-39e4bded9714,28158382-d5c1-436c-927b-3e3d9855c2af,Electrical Issues,e213d0c5-7de3-4f91-b5d4-cda0cd2ade6c,2026-04-20 07:40:09.877871,2026-04-20 07:40:09.877871,logs+mt_match,0.0,6,6.0,,Collapsed timestamp,collapsed_timestamp,collapsed_timestamp,Excluded from genuine SLA KPI (migration-collapsed timestamps),Reconstructed SLA from ticket_logs lifecycle + issue_types.sla_hours (NOT verified app formula)
42dc85fe-a356-9222-0525-2ca60fcc8e2d,1b4d1066-8fe4-199b-7b3b-39e4bded9714,01208ba1-4225-4a61-be39-3afe03dad690,RO Water Issues,d2b6ece0-395c-4c27-9667-6d7ce50b417c,2026-04-20 07:40:09.877871,2026-04-20 07:40:09.877871,logs+mt_match,0.0,6,6.0,,Collapsed timestamp,collapsed_timestamp,collapsed_timestamp,Excluded from genuine SLA KPI (migration-collapsed timestamps),Reconstructed SLA from ticket_logs lifecycle + issue_types.sla_hours (NOT verified app formula)
05c1d1d2-acff-3956-0c2a-366d5c690a8b,1b4d1066-8fe4-199b-7b3b-39e4bded9714,47389994-b201-4bb1-bf91-8bce4dbde510,Other,d2b6ece0-395c-4c27-9667-6d7ce50b417c,2026-04-20 07:40:09.877871,2026-04-20 07:40:09.877871,logs+mt_match,0.0,24,24.0,,Collapsed timestamp,collapsed_timestamp,collapsed_timestamp,Excluded from genuine SLA KPI (migration-collapsed timestamps),Reconstructed SLA from ticket_logs lifecycle + issue_types.sla_hours (NOT verified app formula)
61d72347-fcd7-4363-94c2-e82a2a80912c,b0d4d2c8-f6ee-bc16-ffd7-fc33c8db8571,abc84f5b-a950-406e-ab46-cefbe11df925,Cleaning Issues,bd081ad6-5fe3-4c1d-a919-81b1055efa19,2026-06-03 06:50:02.084244,2026-06-05 06:05:06.978334,logs+mt_match,47.25135946944444,4,-43.25135946944444,True,SLA Breached,measurable,reconstructed 47.3h vs 4h SLA,Review breach — slow resolution for this issue type,Reconstructed SLA from ticket_logs lifecycle + issue_types.sla_hours (NOT verified app formula)
4178cce0-302c-c26e-34ef-5f46a77abc1a,b0d4d2c8-f6ee-bc16-ffd7-fc33c8db8571,01208ba1-4225-4a61-be39-3afe03dad690,RO Water Issues,e213d0c5-7de3-4f91-b5d4-cda0cd2ade6c,2026-04-20 07:40:08.505561,2026-04-20 07:40:08.505561,logs+mt_match,0.0,6,6.0,,Collapsed timestamp,collapsed_timestamp,collapsed_timestamp,Excluded from genuine SLA KPI (migration-collapsed timestamps),Reconstructed SLA from ticket_logs lifecycle + issue_types.sla_hours (NOT verified app formula)
5fc50886-f490-6b51-28df-166c5383b6f2,990e8a3e-a69c-7b31-f606-3eeb21e3d4c6,a5831922-eaeb-48c2-941c-fd96fae8813d,AC Issues,bd081ad6-5fe3-4c1d-a919-81b1055efa19,2026-04-20 07:40:09.877871,2026-04-20 07:40:09.877871,logs+mt_match,0.0,12,12.0,,Collapsed timestamp,collapsed_timestamp,collapsed_timestamp,Excluded from genuine SLA KPI (migration-collapsed timestamps),Reconstructed SLA from ticket_logs lifecycle + issue_types.sla_hours (NOT verified app formula)
f4f01648-706d-45b9-95cc-6b116b5a749b,dd96a329-ec95-e96a-1348-69d976f39cd4,e2aa2aaa-8af6-4807-9a4e-7665c5421eed,Furniture,bd081ad6-5fe3-4c1d-a919-81b1055efa19,2026-04-03 06:05:41.009490,,logs+mt_match,,24,,,Insufficient lifecycle data,insufficient_lifecycle_data,insufficient_lifecycle_data,No closed event yet / open,Reconstructed SLA from ticket_logs lifecycle + issue_types.sla_hours (NOT verified app formula)
36e7ab35-4d46-f2af-6003-ff1c720d7703,2fc42a4f-fe5a-ae08-0e4e-2c89ca71db85,e2aa2aaa-8af6-4807-9a4e-7665c5421eed,Furniture,d2b6ece0-395c-4c27-9667-6d7ce50b417c,2026-04-20 07:40:09.877871,2026-04-20 07:40:09.877871,logs+mt_match,0.0,24,24.0,,Collapsed timestamp,collapsed_timestamp,collapsed_timestamp,Excluded from genuine SLA KPI (migration-collapsed timestamps),Reconstructed SLA from ticket_logs lifecycle + issue_types.sla_hours (NOT verified app formula)
0663a0d4-f2cc-0202-976b-8181ff7dd772,2fc42a4f-fe5a-ae08-0e4e-2c89ca71db85,01208ba1-4225-4a61-be39-3afe03dad690,RO Water Issues,e213d0c5-7de3-4f91-b5d4-cda0cd2ade6c,2026-04-20 07:40:09.877871,2026-04-20 07:40:09.877871,logs+mt_match,0.0,6,6.0,,Collapsed timestamp,collapsed_timestamp,collapsed_timestamp,Excluded from genuine SLA KPI (migration-collapsed timestamps),Reconstructed SLA from ticket_logs lifecycle + issue_types.sla_hours (NOT verified app formula)
d6f54fbb-2bd4-dcc0-5a49-e29867b4754a,2fc42a4f-fe5a-ae08-0e4e-2c89ca71db85,e2aa2aaa-8af6-4807-9a4e-7665c5421eed,Furniture,e213d0c5-7de3-4f91-b5d4-cda0cd2ade6c,2026-04-20 07:40:09.877871,2026-04-20 07:40:09.877871,logs+mt_match,0.0,24,24.0,,Collapsed timestamp,collapsed_timestamp,collapsed_timestamp,Excluded from genuine SLA KPI (migration-collapsed timestamps),Reconstructed SLA from ticket_logs lifecycle + issue_types.sla_hours (NOT verified app formula)
2191b23d-eeba-66fc-7983-f3ce989917ce,2fc42a4f-fe5a-ae08-0e4e-2c89ca71db85,a5831922-eaeb-48c2-941c-fd96fae8813d,AC Issues,e213d0c5-7de3-4f91-b5d4-cda0cd2ade6c,2026-04-20 07:40:09.877871,2026-04-20 07:40:09.877871,logs+mt_match,0.0,12,12.0,,Collapsed timestamp,collapsed_timestamp,collapsed_timestamp,Excluded from genuine SLA KPI (migration-collapsed timestamps),Reconstructed SLA from ticket_logs lifecycle + issue_types.sla_hours (NOT verified app formula)
2d2f4aaa-e9db-12ef-bb50-f74383e74434,2fc42a4f-fe5a-ae08-0e4e-2c89ca71db85,a5831922-eaeb-48c2-941c-fd96fae8813d,AC Issues,e213d0c5-7de3-4f91-b5d4-cda0cd2ade6c,2026-04-20 07:40:09.877871,2026-04-20 07:40:09.877871,logs+mt_match,0.0,12,12.0,,Collapsed timestamp,collapsed_timestamp,collapsed_timestamp,Excluded from genuine SLA KPI (migration-collapsed timestamps),Reconstructed SLA from ticket_logs lifecycle + issue_types.sla_hours (NOT verified app formula)
31dbf808-b397-8ee5-d368-3cac57b8507c,b0d4d2c8-f6ee-bc16-ffd7-fc33c8db8571,28158382-d5c1-436c-927b-3e3d9855c2af,Electrical Issues,e213d0c5-7de3-4f91-b5d4-cda0cd2ade6c,2026-04-20 07:40:09.877871,2026-04-20 07:40:09.877871,logs+mt_match,0.0,6,6.0,,Collapsed timestamp,collapsed_timestamp,collapsed_timestamp,Excluded from genuine SLA KPI (migration-collapsed timestamps),Reconstructed SLA from ticket_logs lifecycle + issue_types.sla_hours (NOT verified app formula)
adf1259b-d291-fb77-ec80-a0ac71781819,b0d4d2c8-f6ee-bc16-ffd7-fc33c8db8571,e2aa2aaa-8af6-4807-9a4e-7665c5421eed,Furniture,e213d0c5-7de3-4f91-b5d4-cda0cd2ade6c,2026-04-20 07:40:09.877871,2026-04-20 07:40:09.877871,logs+mt_match,0.0,24,24.0,,Collapsed timestamp,collapsed_timestamp,collapsed_timestamp,Excluded from genuine SLA KPI (migration-collapsed timestamps),Reconstructed SLA from ticket_logs lifecycle + issue_types.sla_hours (NOT verified app formula)
44d8d40e-1945-d69f-fba6-b0836b9d2ac8,b0d4d2c8-f6ee-bc16-ffd7-fc33c8db8571,abc84f5b-a950-406e-ab46-cefbe11df925,Cleaning Issues,d2b6ece0-395c-4c27-9667-6d7ce50b417c,2026-04-20 07:40:09.877871,2026-04-20 07:40:09.877871,logs+mt_match,0.0,4,4.0,,Collapsed timestamp,collapsed_timestamp,collapsed_timestamp,Excluded from genuine SLA KPI (migration-collapsed timestamps),Reconstructed SLA from ticket_logs lifecycle + issue_types.sla_hours (NOT verified app formula)
8ebfcd5d-e530-732b-7a4b-ea5cb5c43f71,b0d4d2c8-f6ee-bc16-ffd7-fc33c8db8571,01208ba1-4225-4a61-be39-3afe03dad690,RO Water Issues,d2b6ece0-395c-4c27-9667-6d7ce50b417c,2026-04-20 07:40:09.877871,2026-04-20 07:40:09.877871,logs+mt_match,0.0,6,6.0,,Collapsed timestamp,collapsed_timestamp,collapsed_timestamp,Excluded from genuine SLA KPI (migration-collapsed timestamps),Reconstructed SLA from ticket_logs lifecycle + issue_types.sla_hours (NOT verified app formula)
b5a9d8e5-7aff-3007-8a07-0cae008936bb,b0d4d2c8-f6ee-bc16-ffd7-fc33c8db8571,caf6381e-5189-4c1f-bf0a-4dfd99d9b9e7,Washing machine Issue,e213d0c5-7de3-4f91-b5d4-cda0cd2ade6c,2026-04-20 07:40:09.877871,2026-04-20 07:40:09.877871,logs+mt_match,0.0,24,24.0,,Collapsed timestamp,collapsed_timestamp,collapsed_timestamp,Excluded from genuine SLA KPI (migration-collapsed timestamps),Reconstructed SLA from ticket_logs lifecycle + issue_types.sla_hours (NOT verified app formula)
7f308902-292b-d2d1-bb4b-76c5bf00aa54,b0d4d2c8-f6ee-bc16-ffd7-fc33c8db8571,e2aa2aaa-8af6-4807-9a4e-7665c5421eed,Furniture,e213d0c5-7de3-4f91-b5d4-cda0cd2ade6c,2026-04-20 07:40:09.877871,2026-04-20 07:40:09.877871,logs+mt_match,0.0,24,24.0,,Collapsed timestamp,collapsed_timestamp,collapsed_timestamp,Excluded from genuine SLA KPI (migration-collapsed timestamps),Reconstructed SLA from ticket_logs lifecycle + issue_types.sla_hours (NOT verified app formula)
8aa5cc61-6d57-4c38-ac7a-f4ac6c478ff1,85292340-826d-52c1-65c7-7f2a9eb2c2c4,47389994-b201-4bb1-bf91-8bce4dbde510,Other,bd081ad6-5fe3-4c1d-a919-81b1055efa19,2026-05-02 06:04:19.983409,2026-05-02 06:13:15.073534,logs+mt_match,0.14863614583333332,24,23.851363854166667,False,Within SLA,measurable,reconstructed 0.1h vs 24h SLA,OK,Reconstructed SLA from ticket_logs lifecycle + issue_types.sla_hours (NOT verified app formula)
195b33de-b770-4b0e-bd94-babf652a0704,dd96a329-ec95-e96a-1348-69d976f39cd4,abc84f5b-a950-406e-ab46-cefbe11df925,Cleaning Issues,bd081ad6-5fe3-4c1d-a919-81b1055efa19,2026-05-06 09:26:44.428337,2026-05-09 05:52:49.131828,logs+mt_match,68.4346398586111,4,-64.4346398586111,True,SLA Breached,measurable,reconstructed 68.4h vs 4h SLA,Review breach — slow resolution for this issue type,Reconstructed SLA from ticket_logs lifecycle + issue_types.sla_hours (NOT verified app formula)
a02e92b4-4619-4b7b-87f5-d1fd8f77c22a,c17c5093-48b7-139f-ebfc-1cd33ef5179c,47389994-b201-4bb1-bf91-8bce4dbde510,Other,bd081ad6-5fe3-4c1d-a919-81b1055efa19,2026-04-09 12:20:24.805912,,logs+mt_match,,24,,,Insufficient lifecycle data,insufficient_lifecycle_data,insufficient_lifecycle_data,No closed event yet / open,Reconstructed SLA from ticket_logs lifecycle + issue_types.sla_hours (NOT verified app formula)
358e878a-d9f2-cb1c-06a6-cbe99a7af07c,b0d4d2c8-f6ee-bc16-ffd7-fc33c8db8571,01208ba1-4225-4a61-be39-3afe03dad690,RO Water Issues,d2b6ece0-395c-4c27-9667-6d7ce50b417c,2026-04-20 07:40:08.505561,2026-04-20 07:40:08.505561,logs+mt_match,0.0,6,6.0,,Collapsed timestamp,collapsed_timestamp,collapsed_timestamp,Excluded from genuine SLA KPI (migration-collapsed timestamps),Reconstructed SLA from ticket_logs lifecycle + issue_types.sla_hours (NOT verified app formula)
fb30b031-d325-23a7-1bee-a92b3483fb9e,b0d4d2c8-f6ee-bc16-ffd7-fc33c8db8571,caf6381e-5189-4c1f-bf0a-4dfd99d9b9e7,Washing machine Issue,e213d0c5-7de3-4f91-b5d4-cda0cd2ade6c,2026-04-20 07:40:09.877871,2026-04-20 07:40:09.877871,logs+mt_match,0.0,24,24.0,,Collapsed timestamp,collapsed_timestamp,collapsed_timestamp,Excluded from genuine SLA KPI (migration-collapsed timestamps),Reconstructed SLA from ticket_logs lifecycle + issue_types.sla_hours (NOT verified app formula)
441c340c-01f0-bc40-79bb-5f4ae5242cfc,b0d4d2c8-f6ee-bc16-ffd7-fc33c8db8571,caf6381e-5189-4c1f-bf0a-4dfd99d9b9e7,Washing machine Issue,e213d0c5-7de3-4f91-b5d4-cda0cd2ade6c,2026-04-20 07:40:09.877871,2026-04-20 07:40:09.877871,logs+mt_match,0.0,24,24.0,,Collapsed timestamp,collapsed_timestamp,collapsed_timestamp,Excluded from genuine SLA KPI (migration-collapsed timestamps),Reconstructed SLA from ticket_logs lifecycle + issue_types.sla_hours (NOT verified app formula)
b82b0ffd-2e21-2699-d0b5-28465ae7b470,b0d4d2c8-f6ee-bc16-ffd7-fc33c8db8571,abc84f5b-a950-406e-ab46-cefbe11df925,Cleaning Issues,e213d0c5-7de3-4f91-b5d4-cda0cd2ade6c,2026-04-20 07:40:09.877871,2026-04-20 07:40:09.877871,logs+mt_match,0.0,4,4.0,,Collapsed timestamp,collapsed_timestamp,collapsed_timestamp,Excluded from genuine SLA KPI (migration-collapsed timestamps),Reconstructed SLA from ticket_logs lifecycle + issue_types.sla_hours (NOT verified app formula)
da4b522e-88ea-8369-3cab-234db640ae87,b0d4d2c8-f6ee-bc16-ffd7-fc33c8db8571,abc84f5b-a950-406e-ab46-cefbe11df925,Cleaning Issues,bd081ad6-5fe3-4c1d-a919-81b1055efa19,2026-04-20 07:40:09.877871,2026-04-20 07:40:09.877871,logs+mt_match,0.0,4,4.0,,Collapsed timestamp,collapsed_timestamp,collapsed_timestamp,Excluded from genuine SLA KPI (migration-collapsed timestamps),Reconstructed SLA from ticket_logs lifecycle + issue_types.sla_hours (NOT verified app formula)
73e91292-d62f-e4de-8f61-4991e760bf42,b0d4d2c8-f6ee-bc16-ffd7-fc33c8db8571,caf6381e-5189-4c1f-bf0a-4dfd99d9b9e7,Washing machine Issue,bd081ad6-5fe3-4c1d-a919-81b1055efa19,2026-04-20 07:40:09.877871,2026-04-20 07:40:09.877871,logs+mt_match,0.0,24,24.0,,Collapsed timestamp,collapsed_timestamp,collapsed_timestamp,Excluded from genuine SLA KPI (migration-collapsed timestamps),Reconstructed SLA from ticket_logs lifecycle + issue_types.sla_hours (NOT verified app formula)
14707aae-6ecc-b4d1-f07b-1cbbef577d15,86ad1ceb-8d81-a926-d998-3a2f1cafba06,caf6381e-5189-4c1f-bf0a-4dfd99d9b9e7,Washing machine Issue,e213d0c5-7de3-4f91-b5d4-cda0cd2ade6c,2026-04-20 07:40:09.877871,2026-04-20 07:40:09.877871,logs+mt_match,0.0,24,24.0,,Collapsed timestamp,collapsed_timestamp,collapsed_timestamp,Excluded from genuine SLA KPI (migration-collapsed timestamps),Reconstructed SLA from ticket_logs lifecycle + issue_types.sla_hours (NOT verified app formula)
f36a3de9-8f2a-8d34-9b71-173e85d0d430,2fc42a4f-fe5a-ae08-0e4e-2c89ca71db85,a5831922-eaeb-48c2-941c-fd96fae8813d,AC Issues,a55e7168-b152-4072-8b01-0cd4b7e299ca,2026-04-20 07:40:09.877871,2026-04-20 07:40:09.877871,logs+mt_match,0.0,12,12.0,,Collapsed timestamp,collapsed_timestamp,collapsed_timestamp,Excluded from genuine SLA KPI (migration-collapsed timestamps),Reconstructed SLA from ticket_logs lifecycle + issue_types.sla_hours (NOT verified app formula)
ca767982-0311-9ec4-0efb-66d254fe43ea,2fc42a4f-fe5a-ae08-0e4e-2c89ca71db85,a5831922-eaeb-48c2-941c-fd96fae8813d,AC Issues,a55e7168-b152-4072-8b01-0cd4b7e299ca,2026-04-20 07:40:09.877871,2026-04-20 07:40:09.877871,logs+mt_match,0.0,12,12.0,,Collapsed timestamp,collapsed_timestamp,collapsed_timestamp,Excluded from genuine SLA KPI (migration-collapsed timestamps),Reconstructed SLA from ticket_logs lifecycle + issue_types.sla_hours (NOT verified app formula)
ec2ccc9a-c9fb-d6dc-1c0c-8b5431541f70,2fc42a4f-fe5a-ae08-0e4e-2c89ca71db85,a5831922-eaeb-48c2-941c-fd96fae8813d,AC Issues,a55e7168-b152-4072-8b01-0cd4b7e299ca,2026-04-20 07:40:09.877871,2026-04-20 07:40:09.877871,logs+mt_match,0.0,12,12.0,,Collapsed timestamp,collapsed_timestamp,collapsed_timestamp,Excluded from genuine SLA KPI (migration-collapsed timestamps),Reconstructed SLA from ticket_logs lifecycle + issue_types.sla_hours (NOT verified app formula)
66ec0fed-ffa4-0ad9-019d-2c639998a9d9,d2298bb8-a5e5-735a-c8ca-9b18c7daacd6,a5831922-eaeb-48c2-941c-fd96fae8813d,AC Issues,d2b6ece0-395c-4c27-9667-6d7ce50b417c,2026-04-20 07:40:09.877871,2026-04-20 07:40:09.877871,logs+mt_match,0.0,12,12.0,,Collapsed timestamp,collapsed_timestamp,collapsed_timestamp,Excluded from genuine SLA KPI (migration-collapsed timestamps),Reconstructed SLA from ticket_logs lifecycle + issue_types.sla_hours (NOT verified app formula)
d30b22b5-0ac7-75a6-e420-6b0a5b9f5fcd,d2298bb8-a5e5-735a-c8ca-9b18c7daacd6,47389994-b201-4bb1-bf91-8bce4dbde510,Other,a55e7168-b152-4072-8b01-0cd4b7e299ca,2026-04-20 07:40:09.877871,2026-04-20 07:40:09.877871,logs+mt_match,0.0,24,24.0,,Collapsed timestamp,collapsed_timestamp,collapsed_timestamp,Excluded from genuine SLA KPI (migration-collapsed timestamps),Reconstructed SLA from ticket_logs lifecycle + issue_types.sla_hours (NOT verified app formula)
ca339a54-3c9f-62d9-dfda-fc897926f7f2,d2298bb8-a5e5-735a-c8ca-9b18c7daacd6,a5831922-eaeb-48c2-941c-fd96fae8813d,AC Issues,a55e7168-b152-4072-8b01-0cd4b7e299ca,2026-04-20 07:40:09.877871,2026-04-20 07:40:09.877871,logs+mt_match,0.0,12,12.0,,Collapsed timestamp,collapsed_timestamp,collapsed_timestamp,Excluded from genuine SLA KPI (migration-collapsed timestamps),Reconstructed SLA from ticket_logs lifecycle + issue_types.sla_hours (NOT verified app formula)
e81e2e0c-2011-bd98-1c48-b355cc939fd1,d2298bb8-a5e5-735a-c8ca-9b18c7daacd6,d76dd3bd-ccb7-4991-a01f-ce158dfe908e,Plumbing,a55e7168-b152-4072-8b01-0cd4b7e299ca,2026-04-20 07:40:09.877871,2026-04-20 07:40:09.877871,logs+mt_match,0.0,24,24.0,,Collapsed timestamp,collapsed_timestamp,collapsed_timestamp,Excluded from genuine SLA KPI (migration-collapsed timestamps),Reconstructed SLA from ticket_logs lifecycle + issue_types.sla_hours (NOT verified app formula)
f3d254a5-84be-aba0-e9f6-18960051c6e9,c17c5093-48b7-139f-ebfc-1cd33ef5179c,28158382-d5c1-436c-927b-3e3d9855c2af,Electrical Issues,e213d0c5-7de3-4f91-b5d4-cda0cd2ade6c,2026-04-20 07:40:09.877871,2026-04-20 07:40:09.877871,logs+mt_match,0.0,6,6.0,,Collapsed timestamp,collapsed_timestamp,collapsed_timestamp,Excluded from genuine SLA KPI (migration-collapsed timestamps),Reconstructed SLA from ticket_logs lifecycle + issue_types.sla_hours (NOT verified app formula)
3e6e0a31-07cc-d3e1-2828-76327d86404f,c17c5093-48b7-139f-ebfc-1cd33ef5179c,28158382-d5c1-436c-927b-3e3d9855c2af,Electrical Issues,d2b6ece0-395c-4c27-9667-6d7ce50b417c,2026-04-20 07:40:09.877871,2026-04-20 07:40:09.877871,logs+mt_match,0.0,6,6.0,,Collapsed timestamp,collapsed_timestamp,collapsed_timestamp,Excluded from genuine SLA KPI (migration-collapsed timestamps),Reconstructed SLA from ticket_logs lifecycle + issue_types.sla_hours (NOT verified app formula)
42c3224a-e332-3f39-2a9e-dd50aa7623b6,c17c5093-48b7-139f-ebfc-1cd33ef5179c,a5831922-eaeb-48c2-941c-fd96fae8813d,AC Issues,e213d0c5-7de3-4f91-b5d4-cda0cd2ade6c,2026-04-20 07:40:09.877871,2026-04-20 07:40:09.877871,logs+mt_match,0.0,12,12.0,,Collapsed timestamp,collapsed_timestamp,collapsed_timestamp,Excluded from genuine SLA KPI (migration-collapsed timestamps),Reconstructed SLA from ticket_logs lifecycle + issue_types.sla_hours (NOT verified app formula)
a6d9a817-9434-9ab9-78b4-9738e6e4a9f0,c17c5093-48b7-139f-ebfc-1cd33ef5179c,e2aa2aaa-8af6-4807-9a4e-7665c5421eed,Furniture,e213d0c5-7de3-4f91-b5d4-cda0cd2ade6c,2026-04-20 07:40:09.877871,2026-04-20 07:40:09.877871,logs+mt_match,0.0,24,24.0,,Collapsed timestamp,collapsed_timestamp,collapsed_timestamp,Excluded from genuine SLA KPI (migration-collapsed timestamps),Reconstructed SLA from ticket_logs lifecycle + issue_types.sla_hours (NOT verified app formula)
8e5d4904-2f0d-9258-d8be-15f59b27f94a,c17c5093-48b7-139f-ebfc-1cd33ef5179c,01208ba1-4225-4a61-be39-3afe03dad690,RO Water Issues,e213d0c5-7de3-4f91-b5d4-cda0cd2ade6c,2026-04-20 07:40:09.877871,2026-04-20 07:40:09.877871,logs+mt_match,0.0,6,6.0,,Collapsed timestamp,collapsed_timestamp,collapsed_timestamp,Excluded from genuine SLA KPI (migration-collapsed timestamps),Reconstructed SLA from ticket_logs lifecycle + issue_types.sla_hours (NOT verified app formula)
d3846174-ddb9-2777-dc63-a9e6bf1aed4c,ffbd5fe0-d9b3-cb55-cfd7-2d72a3498109,a5831922-eaeb-48c2-941c-fd96fae8813d,AC Issues,e213d0c5-7de3-4f91-b5d4-cda0cd2ade6c,2026-04-20 07:40:09.877871,2026-04-20 07:40:09.877871,logs+mt_match,0.0,12,12.0,,Collapsed timestamp,collapsed_timestamp,collapsed_timestamp,Excluded from genuine SLA KPI (migration-collapsed timestamps),Reconstructed SLA from ticket_logs lifecycle + issue_types.sla_hours (NOT verified app formula)
16712bef-057a-b054-b0df-fad8102616f9,ffbd5fe0-d9b3-cb55-cfd7-2d72a3498109,a5831922-eaeb-48c2-941c-fd96fae8813d,AC Issues,e213d0c5-7de3-4f91-b5d4-cda0cd2ade6c,2026-04-20 07:40:09.877871,2026-04-20 07:40:09.877871,logs+mt_match,0.0,12,12.0,,Collapsed timestamp,collapsed_timestamp,collapsed_timestamp,Excluded from genuine SLA KPI (migration-collapsed timestamps),Reconstructed SLA from ticket_logs lifecycle + issue_types.sla_hours (NOT verified app formula)
79e3e2e1-77a4-48ba-c2df-77280c9b9a2a,ffbd5fe0-d9b3-cb55-cfd7-2d72a3498109,a5831922-eaeb-48c2-941c-fd96fae8813d,AC Issues,e213d0c5-7de3-4f91-b5d4-cda0cd2ade6c,2026-04-20 07:40:09.877871,2026-04-20 07:40:09.877871,logs+mt_match,0.0,12,12.0,,Collapsed timestamp,collapsed_timestamp,collapsed_timestamp,Excluded from genuine SLA KPI (migration-collapsed timestamps),Reconstructed SLA from ticket_logs lifecycle + issue_types.sla_hours (NOT verified app formula)
53509283-e332-a848-f033-f156ba9bd243,ffbd5fe0-d9b3-cb55-cfd7-2d72a3498109,01208ba1-4225-4a61-be39-3afe03dad690,RO Water Issues,a55e7168-b152-4072-8b01-0cd4b7e299ca,2026-04-20 07:40:09.877871,2026-04-20 07:40:09.877871,logs+mt_match,0.0,6,6.0,,Collapsed timestamp,collapsed_timestamp,collapsed_timestamp,Excluded from genuine SLA KPI (migration-collapsed timestamps),Reconstructed SLA from ticket_logs lifecycle + issue_types.sla_hours (NOT verified app formula)
ca95c03f-1dae-5565-d8ef-6fd6180b77ce,a361bd0d-c2c1-2aee-6303-d65de004edd0,28158382-d5c1-436c-927b-3e3d9855c2af,Electrical Issues,e213d0c5-7de3-4f91-b5d4-cda0cd2ade6c,2026-04-20 07:40:09.877871,2026-04-20 07:40:09.877871,logs+mt_match,0.0,6,6.0,,Collapsed timestamp,collapsed_timestamp,collapsed_timestamp,Excluded from genuine SLA KPI (migration-collapsed timestamps),Reconstructed SLA from ticket_logs lifecycle + issue_types.sla_hours (NOT verified app formula)
392a0c6e-211c-42ad-e5fa-a33537d5df26,a361bd0d-c2c1-2aee-6303-d65de004edd0,28158382-d5c1-436c-927b-3e3d9855c2af,Electrical Issues,e213d0c5-7de3-4f91-b5d4-cda0cd2ade6c,2026-04-20 07:40:09.877871,2026-04-20 07:40:09.877871,logs+mt_match,0.0,6,6.0,,Collapsed timestamp,collapsed_timestamp,collapsed_timestamp,Excluded from genuine SLA KPI (migration-collapsed timestamps),Reconstructed SLA from ticket_logs lifecycle + issue_types.sla_hours (NOT verified app formula)
6a0a6c7a-96ad-4250-bb4e-b959e0104b63,a361bd0d-c2c1-2aee-6303-d65de004edd0,a5831922-eaeb-48c2-941c-fd96fae8813d,AC Issues,e213d0c5-7de3-4f91-b5d4-cda0cd2ade6c,2026-04-20 07:40:09.877871,2026-04-20 07:40:09.877871,logs+mt_match,0.0,12,12.0,,Collapsed timestamp,collapsed_timestamp,collapsed_timestamp,Excluded from genuine SLA KPI (migration-collapsed timestamps),Reconstructed SLA from ticket_logs lifecycle + issue_types.sla_hours (NOT verified app formula)
84508b32-6d5e-64fe-b469-9bdf32f62409,a361bd0d-c2c1-2aee-6303-d65de004edd0,28158382-d5c1-436c-927b-3e3d9855c2af,Electrical Issues,e213d0c5-7de3-4f91-b5d4-cda0cd2ade6c,2026-04-20 07:40:09.877871,2026-04-20 07:40:09.877871,logs+mt_match,0.0,6,6.0,,Collapsed timestamp,collapsed_timestamp,collapsed_timestamp,Excluded from genuine SLA KPI (migration-collapsed timestamps),Reconstructed SLA from ticket_logs lifecycle + issue_types.sla_hours (NOT verified app formula)
b251a63a-cfc3-adbc-edd9-8cd1e968f45c,a361bd0d-c2c1-2aee-6303-d65de004edd0,7917cc13-aaca-4558-a2c2-8be5cd8fc159,Internet Issues,d2b6ece0-395c-4c27-9667-6d7ce50b417c,2026-04-20 07:40:09.877871,2026-04-20 07:40:09.877871,logs+mt_match,0.0,6,6.0,,Collapsed timestamp,collapsed_timestamp,collapsed_timestamp,Excluded from genuine SLA KPI (migration-collapsed timestamps),Reconstructed SLA from ticket_logs lifecycle + issue_types.sla_hours (NOT verified app formula)
ba05cf16-9e6f-fea7-8a18-d319411a2aad,0a839c14-2a88-9896-c2f2-8d51fe610405,47389994-b201-4bb1-bf91-8bce4dbde510,Other,d2b6ece0-395c-4c27-9667-6d7ce50b417c,2026-04-20 07:40:09.877871,2026-04-20 07:40:09.877871,logs+mt_match,0.0,24,24.0,,Collapsed timestamp,collapsed_timestamp,collapsed_timestamp,Excluded from genuine SLA KPI (migration-collapsed timestamps),Reconstructed SLA from ticket_logs lifecycle + issue_types.sla_hours (NOT verified app formula)
16a68c05-d6f0-5226-4818-eb0fb78a93bd,1b4d1066-8fe4-199b-7b3b-39e4bded9714,abc84f5b-a950-406e-ab46-cefbe11df925,Cleaning Issues,d2b6ece0-395c-4c27-9667-6d7ce50b417c,2026-04-20 07:40:09.877871,2026-04-20 07:40:09.877871,logs+mt_match,0.0,4,4.0,,Collapsed timestamp,collapsed_timestamp,collapsed_timestamp,Excluded from genuine SLA KPI (migration-collapsed timestamps),Reconstructed SLA from ticket_logs lifecycle + issue_types.sla_hours (NOT verified app formula)
6650481d-5a62-3022-687f-6542f0a05b3a,1b4d1066-8fe4-199b-7b3b-39e4bded9714,47389994-b201-4bb1-bf91-8bce4dbde510,Other,e213d0c5-7de3-4f91-b5d4-cda0cd2ade6c,2026-04-20 07:40:09.877871,2026-04-20 07:40:09.877871,logs+mt_match,0.0,24,24.0,,Collapsed timestamp,collapsed_timestamp,collapsed_timestamp,Excluded from genuine SLA KPI (migration-collapsed timestamps),Reconstructed SLA from ticket_logs lifecycle + issue_types.sla_hours (NOT verified app formula)
821cbec5-596a-7f0e-6daa-f71788c6f3dc,aa73cade-c28c-dc5b-5980-55801ea0d415,e2aa2aaa-8af6-4807-9a4e-7665c5421eed,Furniture,e213d0c5-7de3-4f91-b5d4-cda0cd2ade6c,2026-04-20 07:40:09.877871,2026-04-20 07:40:09.877871,logs+mt_match,0.0,24,24.0,,Collapsed timestamp,collapsed_timestamp,collapsed_timestamp,Excluded from genuine SLA KPI (migration-collapsed timestamps),Reconstructed SLA from ticket_logs lifecycle + issue_types.sla_hours (NOT verified app formula)
0805c9b9-4ad2-eee5-4d20-2e2b186860bc,aa73cade-c28c-dc5b-5980-55801ea0d415,e2aa2aaa-8af6-4807-9a4e-7665c5421eed,Furniture,e213d0c5-7de3-4f91-b5d4-cda0cd2ade6c,2026-04-20 07:40:09.877871,2026-04-20 07:40:09.877871,logs+mt_match,0.0,24,24.0,,Collapsed timestamp,collapsed_timestamp,collapsed_timestamp,Excluded from genuine SLA KPI (migration-collapsed timestamps),Reconstructed SLA from ticket_logs lifecycle + issue_types.sla_hours (NOT verified app formula)
a719dcef-1785-485c-64ae-61d1a0ff249b,aa73cade-c28c-dc5b-5980-55801ea0d415,a5831922-eaeb-48c2-941c-fd96fae8813d,AC Issues,e213d0c5-7de3-4f91-b5d4-cda0cd2ade6c,2026-04-20 07:40:09.877871,2026-04-20 07:40:09.877871,logs+mt_match,0.0,12,12.0,,Collapsed timestamp,collapsed_timestamp,collapsed_timestamp,Excluded from genuine SLA KPI (migration-collapsed timestamps),Reconstructed SLA from ticket_logs lifecycle + issue_types.sla_hours (NOT verified app formula)
57973195-46ef-4872-a4bc-28f3eab8fd71,79853a4a-cb02-508c-e041-7e23378aec9c,28158382-d5c1-436c-927b-3e3d9855c2af,Electrical Issues,bd081ad6-5fe3-4c1d-a919-81b1055efa19,2026-04-20 04:58:25.112180,2026-04-22 01:59:05.710355,logs+mt_match,45.01127727083333,6,-39.01127727083333,True,SLA Breached,measurable,reconstructed 45.0h vs 6h SLA,Review breach — slow resolution for this issue type,Reconstructed SLA from ticket_logs lifecycle + issue_types.sla_hours (NOT verified app formula)
93e4010d-b202-4327-4291-8608090b4249,0a839c14-2a88-9896-c2f2-8d51fe610405,a5831922-eaeb-48c2-941c-fd96fae8813d,AC Issues,e213d0c5-7de3-4f91-b5d4-cda0cd2ade6c,2026-04-20 07:40:09.877871,2026-04-20 07:40:09.877871,logs+mt_match,0.0,12,12.0,,Collapsed timestamp,collapsed_timestamp,collapsed_timestamp,Excluded from genuine SLA KPI (migration-collapsed timestamps),Reconstructed SLA from ticket_logs lifecycle + issue_types.sla_hours (NOT verified app formula)
ab512c3f-da9f-2cf3-0a27-98f2af55e3e9,aa73cade-c28c-dc5b-5980-55801ea0d415,7917cc13-aaca-4558-a2c2-8be5cd8fc159,Internet Issues,e213d0c5-7de3-4f91-b5d4-cda0cd2ade6c,2026-04-20 07:40:09.877871,2026-04-20 07:40:09.877871,logs+mt_match,0.0,6,6.0,,Collapsed timestamp,collapsed_timestamp,collapsed_timestamp,Excluded from genuine SLA KPI (migration-collapsed timestamps),Reconstructed SLA from ticket_logs lifecycle + issue_types.sla_hours (NOT verified app formula)
b6192ba9-f4c2-080e-2cac-5c0a8a33d47d,aa73cade-c28c-dc5b-5980-55801ea0d415,caf6381e-5189-4c1f-bf0a-4dfd99d9b9e7,Washing machine Issue,d2b6ece0-395c-4c27-9667-6d7ce50b417c,2026-04-20 07:40:09.877871,2026-04-20 07:40:09.877871,logs+mt_match,0.0,24,24.0,,Collapsed timestamp,collapsed_timestamp,collapsed_timestamp,Excluded from genuine SLA KPI (migration-collapsed timestamps),Reconstructed SLA from ticket_logs lifecycle + issue_types.sla_hours (NOT verified app formula)
1493d90e-ab4a-15f0-9f8b-2547f4e3d840,aa73cade-c28c-dc5b-5980-55801ea0d415,e2aa2aaa-8af6-4807-9a4e-7665c5421eed,Furniture,e213d0c5-7de3-4f91-b5d4-cda0cd2ade6c,2026-04-20 07:40:09.877871,2026-04-20 07:40:09.877871,logs+mt_match,0.0,24,24.0,,Collapsed timestamp,collapsed_timestamp,collapsed_timestamp,Excluded from genuine SLA KPI (migration-collapsed timestamps),Reconstructed SLA from ticket_logs lifecycle + issue_types.sla_hours (NOT verified app formula)
77ac97b6-db0c-f7ed-82b2-d93e60dd841b,aa73cade-c28c-dc5b-5980-55801ea0d415,caf6381e-5189-4c1f-bf0a-4dfd99d9b9e7,Washing machine Issue,e213d0c5-7de3-4f91-b5d4-cda0cd2ade6c,2026-04-20 07:40:09.877871,2026-04-20 07:40:09.877871,logs+mt_match,0.0,24,24.0,,Collapsed timestamp,collapsed_timestamp,collapsed_timestamp,Excluded from genuine SLA KPI (migration-collapsed timestamps),Reconstructed SLA from ticket_logs lifecycle + issue_types.sla_hours (NOT verified app formula)
4cc5dd3d-04d1-7f06-9ae3-afc57770ff48,aa73cade-c28c-dc5b-5980-55801ea0d415,caf6381e-5189-4c1f-bf0a-4dfd99d9b9e7,Washing machine Issue,e213d0c5-7de3-4f91-b5d4-cda0cd2ade6c,2026-04-20 07:40:09.877871,2026-04-20 07:40:09.877871,logs+mt_match,0.0,24,24.0,,Collapsed timestamp,collapsed_timestamp,collapsed_timestamp,Excluded from genuine SLA KPI (migration-collapsed timestamps),Reconstructed SLA from ticket_logs lifecycle + issue_types.sla_hours (NOT verified app formula)
e0e96049-7aab-68ce-ff57-adba7d041458,aa73cade-c28c-dc5b-5980-55801ea0d415,caf6381e-5189-4c1f-bf0a-4dfd99d9b9e7,Washing machine Issue,e213d0c5-7de3-4f91-b5d4-cda0cd2ade6c,2026-04-20 07:40:09.877871,2026-04-20 07:40:09.877871,logs+mt_match,0.0,24,24.0,,Collapsed timestamp,collapsed_timestamp,collapsed_timestamp,Excluded from genuine SLA KPI (migration-collapsed timestamps),Reconstructed SLA from ticket_logs lifecycle + issue_types.sla_hours (NOT verified app formula)
da7b9309-d948-ccad-e28e-28896693e56e,aa73cade-c28c-dc5b-5980-55801ea0d415,abc84f5b-a950-406e-ab46-cefbe11df925,Cleaning Issues,d2b6ece0-395c-4c27-9667-6d7ce50b417c,2026-04-20 07:40:09.877871,2026-04-20 07:40:09.877871,logs+mt_match,0.0,4,4.0,,Collapsed timestamp,collapsed_timestamp,collapsed_timestamp,Excluded from genuine SLA KPI (migration-collapsed timestamps),Reconstructed SLA from ticket_logs lifecycle + issue_types.sla_hours (NOT verified app formula)
0a18b8da-f50d-17cf-cfc6-fbf63a5b2cd5,aa73cade-c28c-dc5b-5980-55801ea0d415,28158382-d5c1-436c-927b-3e3d9855c2af,Electrical Issues,d2b6ece0-395c-4c27-9667-6d7ce50b417c,2026-04-20 07:40:09.877871,2026-04-20 07:40:09.877871,logs+mt_match,0.0,6,6.0,,Collapsed timestamp,collapsed_timestamp,collapsed_timestamp,Excluded from genuine SLA KPI (migration-collapsed timestamps),Reconstructed SLA from ticket_logs lifecycle + issue_types.sla_hours (NOT verified app formula)
e59b8693-c216-f7a0-2b8d-e0f32303ee18,aa73cade-c28c-dc5b-5980-55801ea0d415,47389994-b201-4bb1-bf91-8bce4dbde510,Other,e213d0c5-7de3-4f91-b5d4-cda0cd2ade6c,2026-04-20 07:40:09.877871,2026-04-20 07:40:09.877871,logs+mt_match,0.0,24,24.0,,Collapsed timestamp,collapsed_timestamp,collapsed_timestamp,Excluded from genuine SLA KPI (migration-collapsed timestamps),Reconstructed SLA from ticket_logs lifecycle + issue_types.sla_hours (NOT verified app formula)
17328753-a5c5-1f60-e28a-9b49fa7d88b5,aa73cade-c28c-dc5b-5980-55801ea0d415,a5831922-eaeb-48c2-941c-fd96fae8813d,AC Issues,e213d0c5-7de3-4f91-b5d4-cda0cd2ade6c,2026-04-20 07:40:09.877871,2026-04-20 07:40:09.877871,logs+mt_match,0.0,12,12.0,,Collapsed timestamp,collapsed_timestamp,collapsed_timestamp,Excluded from genuine SLA KPI (migration-collapsed timestamps),Reconstructed SLA from ticket_logs lifecycle + issue_types.sla_hours (NOT verified app formula)
5a2444ea-07e6-ed92-4e88-8ce8c301eabb,9d5d0096-0b78-a663-1142-be871dfa2bda,e2aa2aaa-8af6-4807-9a4e-7665c5421eed,Furniture,e213d0c5-7de3-4f91-b5d4-cda0cd2ade6c,2026-04-20 07:40:09.877871,2026-04-20 07:40:09.877871,logs+mt_match,0.0,24,24.0,,Collapsed timestamp,collapsed_timestamp,collapsed_timestamp,Excluded from genuine SLA KPI (migration-collapsed timestamps),Reconstructed SLA from ticket_logs lifecycle + issue_types.sla_hours (NOT verified app formula)
9065ed47-28c5-ddb8-a33c-4b971bea31d9,9d5d0096-0b78-a663-1142-be871dfa2bda,d76dd3bd-ccb7-4991-a01f-ce158dfe908e,Plumbing,e213d0c5-7de3-4f91-b5d4-cda0cd2ade6c,2026-04-20 07:40:09.877871,2026-04-20 07:40:09.877871,logs+mt_match,0.0,24,24.0,,Collapsed timestamp,collapsed_timestamp,collapsed_timestamp,Excluded from genuine SLA KPI (migration-collapsed timestamps),Reconstructed SLA from ticket_logs lifecycle + issue_types.sla_hours (NOT verified app formula)
af5bb683-0bb1-484c-812a-6c365e52ad8a,2fc42a4f-fe5a-ae08-0e4e-2c89ca71db85,01208ba1-4225-4a61-be39-3afe03dad690,RO Water Issues,e213d0c5-7de3-4f91-b5d4-cda0cd2ade6c,2026-04-20 07:40:09.877871,2026-04-20 07:40:09.877871,logs+mt_match,0.0,6,6.0,,Collapsed timestamp,collapsed_timestamp,collapsed_timestamp,Excluded from genuine SLA KPI (migration-collapsed timestamps),Reconstructed SLA from ticket_logs lifecycle + issue_types.sla_hours (NOT verified app formula)
e4cac291-f415-0324-2de7-52b987aafabc,2fc42a4f-fe5a-ae08-0e4e-2c89ca71db85,d76dd3bd-ccb7-4991-a01f-ce158dfe908e,Plumbing,e213d0c5-7de3-4f91-b5d4-cda0cd2ade6c,2026-04-20 07:40:09.877871,2026-04-20 07:40:09.877871,logs+mt_match,0.0,24,24.0,,Collapsed timestamp,collapsed_timestamp,collapsed_timestamp,Excluded from genuine SLA KPI (migration-collapsed timestamps),Reconstructed SLA from ticket_logs lifecycle + issue_types.sla_hours (NOT verified app formula)
90c31ba1-869a-fdc8-be8e-965549b7287d,2fc42a4f-fe5a-ae08-0e4e-2c89ca71db85,d76dd3bd-ccb7-4991-a01f-ce158dfe908e,Plumbing,e213d0c5-7de3-4f91-b5d4-cda0cd2ade6c,2026-04-20 07:40:09.877871,2026-04-20 07:40:09.877871,logs+mt_match,0.0,24,24.0,,Collapsed timestamp,collapsed_timestamp,collapsed_timestamp,Excluded from genuine SLA KPI (migration-collapsed timestamps),Reconstructed SLA from ticket_logs lifecycle + issue_types.sla_hours (NOT verified app formula)
f07c107b-1e23-b654-2ba7-81e6d9650bd7,2fc42a4f-fe5a-ae08-0e4e-2c89ca71db85,caf6381e-5189-4c1f-bf0a-4dfd99d9b9e7,Washing machine Issue,e213d0c5-7de3-4f91-b5d4-cda0cd2ade6c,2026-04-20 07:40:09.877871,2026-04-20 07:40:09.877871,logs+mt_match,0.0,24,24.0,,Collapsed timestamp,collapsed_timestamp,collapsed_timestamp,Excluded from genuine SLA KPI (migration-collapsed timestamps),Reconstructed SLA from ticket_logs lifecycle + issue_types.sla_hours (NOT verified app formula)
f30105ad-0686-e5c3-9260-847b452c3f09,2fc42a4f-fe5a-ae08-0e4e-2c89ca71db85,47389994-b201-4bb1-bf91-8bce4dbde510,Other,e213d0c5-7de3-4f91-b5d4-cda0cd2ade6c,2026-04-20 07:40:09.877871,2026-04-20 07:40:09.877871,logs+mt_match,0.0,24,24.0,,Collapsed timestamp,collapsed_timestamp,collapsed_timestamp,Excluded from genuine SLA KPI (migration-collapsed timestamps),Reconstructed SLA from ticket_logs lifecycle + issue_types.sla_hours (NOT verified app formula)
f786ac47-d29a-9f0b-acd2-c179e0d5c49e,2fc42a4f-fe5a-ae08-0e4e-2c89ca71db85,a5831922-eaeb-48c2-941c-fd96fae8813d,AC Issues,e213d0c5-7de3-4f91-b5d4-cda0cd2ade6c,2026-04-20 07:40:09.877871,2026-04-20 07:40:09.877871,logs+mt_match,0.0,12,12.0,,Collapsed timestamp,collapsed_timestamp,collapsed_timestamp,Excluded from genuine SLA KPI (migration-collapsed timestamps),Reconstructed SLA from ticket_logs lifecycle + issue_types.sla_hours (NOT verified app formula)
6c82af21-3118-bc00-d7d7-b17d04a03d84,2fc42a4f-fe5a-ae08-0e4e-2c89ca71db85,a5831922-eaeb-48c2-941c-fd96fae8813d,AC Issues,a55e7168-b152-4072-8b01-0cd4b7e299ca,2026-04-20 07:40:09.877871,2026-04-20 07:40:09.877871,logs+mt_match,0.0,12,12.0,,Collapsed timestamp,collapsed_timestamp,collapsed_timestamp,Excluded from genuine SLA KPI (migration-collapsed timestamps),Reconstructed SLA from ticket_logs lifecycle + issue_types.sla_hours (NOT verified app formula)
0a89b554-b3fb-a037-300d-b6700f9ea741,b0d4d2c8-f6ee-bc16-ffd7-fc33c8db8571,01208ba1-4225-4a61-be39-3afe03dad690,RO Water Issues,bd081ad6-5fe3-4c1d-a919-81b1055efa19,2026-04-20 07:40:09.877871,2026-04-20 07:40:09.877871,logs+mt_match,0.0,6,6.0,,Collapsed timestamp,collapsed_timestamp,collapsed_timestamp,Excluded from genuine SLA KPI (migration-collapsed timestamps),Reconstructed SLA from ticket_logs lifecycle + issue_types.sla_hours (NOT verified app formula)
1fdfe0db-a50f-8eb9-b0ef-6eb600ad4b20,03edc7c5-4c46-b55e-523d-9fb7be29910b,47389994-b201-4bb1-bf91-8bce4dbde510,Other,e213d0c5-7de3-4f91-b5d4-cda0cd2ade6c,2026-04-20 07:40:09.877871,2026-04-20 07:40:09.877871,logs+mt_match,0.0,24,24.0,,Collapsed timestamp,collapsed_timestamp,collapsed_timestamp,Excluded from genuine SLA KPI (migration-collapsed timestamps),Reconstructed SLA from ticket_logs lifecycle + issue_types.sla_hours (NOT verified app formula)
ec1414fb-cf85-4da2-c91b-435bcbe0bedf,79853a4a-cb02-508c-e041-7e23378aec9c,01208ba1-4225-4a61-be39-3afe03dad690,RO Water Issues,a55e7168-b152-4072-8b01-0cd4b7e299ca,2026-04-20 07:40:09.877871,2026-04-20 07:40:09.877871,logs+mt_match,0.0,6,6.0,,Collapsed timestamp,collapsed_timestamp,collapsed_timestamp,Excluded from genuine SLA KPI (migration-collapsed timestamps),Reconstructed SLA from ticket_logs lifecycle + issue_types.sla_hours (NOT verified app formula)
f76bea3c-a024-2745-4b06-c1021739cddf,79853a4a-cb02-508c-e041-7e23378aec9c,caf6381e-5189-4c1f-bf0a-4dfd99d9b9e7,Washing machine Issue,a55e7168-b152-4072-8b01-0cd4b7e299ca,2026-04-20 07:40:09.877871,2026-04-20 07:40:09.877871,logs+mt_match,0.0,24,24.0,,Collapsed timestamp,collapsed_timestamp,collapsed_timestamp,Excluded from genuine SLA KPI (migration-collapsed timestamps),Reconstructed SLA from ticket_logs lifecycle + issue_types.sla_hours (NOT verified app formula)
7fb63f92-3d08-f01c-d3bb-36d5a14e53a1,82b270bf-e567-2deb-5ef3-495baafd7645,28158382-d5c1-436c-927b-3e3d9855c2af,Electrical Issues,a55e7168-b152-4072-8b01-0cd4b7e299ca,2026-04-20 07:40:09.877871,2026-04-20 07:40:09.877871,logs+mt_match,0.0,6,6.0,,Collapsed timestamp,collapsed_timestamp,collapsed_timestamp,Excluded from genuine SLA KPI (migration-collapsed timestamps),Reconstructed SLA from ticket_logs lifecycle + issue_types.sla_hours (NOT verified app formula)
b784ebad-ba4a-a89b-f48b-765c27359637,82b270bf-e567-2deb-5ef3-495baafd7645,e2aa2aaa-8af6-4807-9a4e-7665c5421eed,Furniture,a55e7168-b152-4072-8b01-0cd4b7e299ca,2026-04-20 07:40:09.877871,2026-04-20 07:40:09.877871,logs+mt_match,0.0,24,24.0,,Collapsed timestamp,collapsed_timestamp,collapsed_timestamp,Excluded from genuine SLA KPI (migration-collapsed timestamps),Reconstructed SLA from ticket_logs lifecycle + issue_types.sla_hours (NOT verified app formula)
f48d3aa0-e5e8-3cfe-115b-f5106cf97e9f,b0d4d2c8-f6ee-bc16-ffd7-fc33c8db8571,a5831922-eaeb-48c2-941c-fd96fae8813d,AC Issues,e213d0c5-7de3-4f91-b5d4-cda0cd2ade6c,2026-04-20 07:40:09.877871,2026-04-20 07:40:09.877871,logs+mt_match,0.0,12,12.0,,Collapsed timestamp,collapsed_timestamp,collapsed_timestamp,Excluded from genuine SLA KPI (migration-collapsed timestamps),Reconstructed SLA from ticket_logs lifecycle + issue_types.sla_hours (NOT verified app formula)
aaf86792-b98d-1597-72ca-01e51d266008,990e8a3e-a69c-7b31-f606-3eeb21e3d4c6,abc84f5b-a950-406e-ab46-cefbe11df925,Cleaning Issues,e213d0c5-7de3-4f91-b5d4-cda0cd2ade6c,2026-04-20 07:40:09.877871,2026-04-20 07:40:09.877871,logs+mt_match,0.0,4,4.0,,Collapsed timestamp,collapsed_timestamp,collapsed_timestamp,Excluded from genuine SLA KPI (migration-collapsed timestamps),Reconstructed SLA from ticket_logs lifecycle + issue_types.sla_hours (NOT verified app formula)
a6ec090b-d381-1f63-6f28-1bb81b6d0ec5,990e8a3e-a69c-7b31-f606-3eeb21e3d4c6,7917cc13-aaca-4558-a2c2-8be5cd8fc159,Internet Issues,e213d0c5-7de3-4f91-b5d4-cda0cd2ade6c,2026-04-20 07:40:09.877871,2026-04-20 07:40:09.877871,logs+mt_match,0.0,6,6.0,,Collapsed timestamp,collapsed_timestamp,collapsed_timestamp,Excluded from genuine SLA KPI (migration-collapsed timestamps),Reconstructed SLA from ticket_logs lifecycle + issue_types.sla_hours (NOT verified app formula)
0572540d-7d3d-cd44-9ef0-84a477a4859b,990e8a3e-a69c-7b31-f606-3eeb21e3d4c6,7917cc13-aaca-4558-a2c2-8be5cd8fc159,Internet Issues,e213d0c5-7de3-4f91-b5d4-cda0cd2ade6c,2026-04-20 07:40:09.877871,2026-04-20 07:40:09.877871,logs+mt_match,0.0,6,6.0,,Collapsed timestamp,collapsed_timestamp,collapsed_timestamp,Excluded from genuine SLA KPI (migration-collapsed timestamps),Reconstructed SLA from ticket_logs lifecycle + issue_types.sla_hours (NOT verified app formula)
13ee6ea9-d5b3-fd62-c035-e9bb1d8e7fe6,990e8a3e-a69c-7b31-f606-3eeb21e3d4c6,7917cc13-aaca-4558-a2c2-8be5cd8fc159,Internet Issues,e213d0c5-7de3-4f91-b5d4-cda0cd2ade6c,2026-04-20 07:40:09.877871,2026-04-20 07:40:09.877871,logs+mt_match,0.0,6,6.0,,Collapsed timestamp,collapsed_timestamp,collapsed_timestamp,Excluded from genuine SLA KPI (migration-collapsed timestamps),Reconstructed SLA from ticket_logs lifecycle + issue_types.sla_hours (NOT verified app formula)
480e1668-6e43-9dc4-959d-3963c3e3241d,990e8a3e-a69c-7b31-f606-3eeb21e3d4c6,7917cc13-aaca-4558-a2c2-8be5cd8fc159,Internet Issues,bd081ad6-5fe3-4c1d-a919-81b1055efa19,2026-04-20 07:40:09.877871,2026-04-20 07:40:09.877871,logs+mt_match,0.0,6,6.0,,Collapsed timestamp,collapsed_timestamp,collapsed_timestamp,Excluded from genuine SLA KPI (migration-collapsed timestamps),Reconstructed SLA from ticket_logs lifecycle + issue_types.sla_hours (NOT verified app formula)
14d0b195-1ffe-975f-40ea-5fe1145df246,b0d4d2c8-f6ee-bc16-ffd7-fc33c8db8571,caf6381e-5189-4c1f-bf0a-4dfd99d9b9e7,Washing machine Issue,e213d0c5-7de3-4f91-b5d4-cda0cd2ade6c,2026-04-20 07:40:09.877871,2026-04-20 07:40:09.877871,logs+mt_match,0.0,24,24.0,,Collapsed timestamp,collapsed_timestamp,collapsed_timestamp,Excluded from genuine SLA KPI (migration-collapsed timestamps),Reconstructed SLA from ticket_logs lifecycle + issue_types.sla_hours (NOT verified app formula)
5cb7e17e-1c68-3dd4-1d87-b0da116c9bff,b0d4d2c8-f6ee-bc16-ffd7-fc33c8db8571,a5831922-eaeb-48c2-941c-fd96fae8813d,AC Issues,e213d0c5-7de3-4f91-b5d4-cda0cd2ade6c,2026-04-20 07:40:09.877871,2026-04-20 07:40:09.877871,logs+mt_match,0.0,12,12.0,,Collapsed timestamp,collapsed_timestamp,collapsed_timestamp,Excluded from genuine SLA KPI (migration-collapsed timestamps),Reconstructed SLA from ticket_logs lifecycle + issue_types.sla_hours (NOT verified app formula)
08f019f5-aa34-6393-259c-8e382deecf44,b0d4d2c8-f6ee-bc16-ffd7-fc33c8db8571,47389994-b201-4bb1-bf91-8bce4dbde510,Other,e213d0c5-7de3-4f91-b5d4-cda0cd2ade6c,2026-04-20 07:40:09.877871,2026-04-20 07:40:09.877871,logs+mt_match,0.0,24,24.0,,Collapsed timestamp,collapsed_timestamp,collapsed_timestamp,Excluded from genuine SLA KPI (migration-collapsed timestamps),Reconstructed SLA from ticket_logs lifecycle + issue_types.sla_hours (NOT verified app formula)
5ffb0b10-ca2c-0d93-3b99-c455861c885c,b0d4d2c8-f6ee-bc16-ffd7-fc33c8db8571,d76dd3bd-ccb7-4991-a01f-ce158dfe908e,Plumbing,e213d0c5-7de3-4f91-b5d4-cda0cd2ade6c,2026-04-20 07:40:09.877871,2026-04-20 07:40:09.877871,logs+mt_match,0.0,24,24.0,,Collapsed timestamp,collapsed_timestamp,collapsed_timestamp,Excluded from genuine SLA KPI (migration-collapsed timestamps),Reconstructed SLA from ticket_logs lifecycle + issue_types.sla_hours (NOT verified app formula)
89cf9415-cb4b-a9d1-bb61-ecb5e2aaa387,ffbd5fe0-d9b3-cb55-cfd7-2d72a3498109,d76dd3bd-ccb7-4991-a01f-ce158dfe908e,Plumbing,a55e7168-b152-4072-8b01-0cd4b7e299ca,2026-04-20 07:40:09.877871,2026-04-20 07:40:09.877871,logs+mt_match,0.0,24,24.0,,Collapsed timestamp,collapsed_timestamp,collapsed_timestamp,Excluded from genuine SLA KPI (migration-collapsed timestamps),Reconstructed SLA from ticket_logs lifecycle + issue_types.sla_hours (NOT verified app formula)
4e65b997-6dbd-5e6a-2790-5433ef5a8664,a361bd0d-c2c1-2aee-6303-d65de004edd0,01208ba1-4225-4a61-be39-3afe03dad690,RO Water Issues,e213d0c5-7de3-4f91-b5d4-cda0cd2ade6c,2026-04-20 07:40:09.877871,2026-04-20 07:40:09.877871,logs+mt_match,0.0,6,6.0,,Collapsed timestamp,collapsed_timestamp,collapsed_timestamp,Excluded from genuine SLA KPI (migration-collapsed timestamps),Reconstructed SLA from ticket_logs lifecycle + issue_types.sla_hours (NOT verified app formula)
1aba1441-2df9-79da-5819-d950afda374e,a361bd0d-c2c1-2aee-6303-d65de004edd0,a5831922-eaeb-48c2-941c-fd96fae8813d,AC Issues,e213d0c5-7de3-4f91-b5d4-cda0cd2ade6c,2026-04-20 07:40:09.877871,2026-04-20 07:40:09.877871,logs+mt_match,0.0,12,12.0,,Collapsed timestamp,collapsed_timestamp,collapsed_timestamp,Excluded from genuine SLA KPI (migration-collapsed timestamps),Reconstructed SLA from ticket_logs lifecycle + issue_types.sla_hours (NOT verified app formula)
1297c3c4-025b-4f26-c633-718fc36ed0ee,a361bd0d-c2c1-2aee-6303-d65de004edd0,e2aa2aaa-8af6-4807-9a4e-7665c5421eed,Furniture,e213d0c5-7de3-4f91-b5d4-cda0cd2ade6c,2026-04-20 07:40:09.877871,2026-04-20 07:40:09.877871,logs+mt_match,0.0,24,24.0,,Collapsed timestamp,collapsed_timestamp,collapsed_timestamp,Excluded from genuine SLA KPI (migration-collapsed timestamps),Reconstructed SLA from ticket_logs lifecycle + issue_types.sla_hours (NOT verified app formula)
8d69ff83-3b77-b53e-15d6-cb22c193e5a1,a361bd0d-c2c1-2aee-6303-d65de004edd0,a5831922-eaeb-48c2-941c-fd96fae8813d,AC Issues,e213d0c5-7de3-4f91-b5d4-cda0cd2ade6c,2026-04-20 07:40:09.877871,2026-04-20 07:40:09.877871,logs+mt_match,0.0,12,12.0,,Collapsed timestamp,collapsed_timestamp,collapsed_timestamp,Excluded from genuine SLA KPI (migration-collapsed timestamps),Reconstructed SLA from ticket_logs lifecycle + issue_types.sla_hours (NOT verified app formula)
ea45107c-8117-e94f-238f-5a2a66b9f1ee,a361bd0d-c2c1-2aee-6303-d65de004edd0,47389994-b201-4bb1-bf91-8bce4dbde510,Other,a55e7168-b152-4072-8b01-0cd4b7e299ca,2026-04-20 07:40:09.877871,2026-04-20 07:40:09.877871,logs+mt_match,0.0,24,24.0,,Collapsed timestamp,collapsed_timestamp,collapsed_timestamp,Excluded from genuine SLA KPI (migration-collapsed timestamps),Reconstructed SLA from ticket_logs lifecycle + issue_types.sla_hours (NOT verified app formula)
d8ac9d4d-262c-01ac-c1f9-4436162b2e95,a361bd0d-c2c1-2aee-6303-d65de004edd0,7917cc13-aaca-4558-a2c2-8be5cd8fc159,Internet Issues,a55e7168-b152-4072-8b01-0cd4b7e299ca,2026-04-20 07:40:09.877871,2026-04-20 07:40:09.877871,logs+mt_match,0.0,6,6.0,,Collapsed timestamp,collapsed_timestamp,collapsed_timestamp,Excluded from genuine SLA KPI (migration-collapsed timestamps),Reconstructed SLA from ticket_logs lifecycle + issue_types.sla_hours (NOT verified app formula)
27f8d0e4-1105-9ba5-cbdf-1b73d5c8f7fa,a361bd0d-c2c1-2aee-6303-d65de004edd0,a5831922-eaeb-48c2-941c-fd96fae8813d,AC Issues,a55e7168-b152-4072-8b01-0cd4b7e299ca,2026-04-20 07:40:09.877871,2026-04-20 07:40:09.877871,logs+mt_match,0.0,12,12.0,,Collapsed timestamp,collapsed_timestamp,collapsed_timestamp,Excluded from genuine SLA KPI (migration-collapsed timestamps),Reconstructed SLA from ticket_logs lifecycle + issue_types.sla_hours (NOT verified app formula)
69c81b2b-edb9-f6b2-751a-223d282840df,a361bd0d-c2c1-2aee-6303-d65de004edd0,47389994-b201-4bb1-bf91-8bce4dbde510,Other,a55e7168-b152-4072-8b01-0cd4b7e299ca,2026-04-20 07:40:09.877871,2026-04-20 07:40:09.877871,logs+mt_match,0.0,24,24.0,,Collapsed timestamp,collapsed_timestamp,collapsed_timestamp,Excluded from genuine SLA KPI (migration-collapsed timestamps),Reconstructed SLA from ticket_logs lifecycle + issue_types.sla_hours (NOT verified app formula)
621220cf-d586-225a-2015-4c269cdcce23,a361bd0d-c2c1-2aee-6303-d65de004edd0,a5831922-eaeb-48c2-941c-fd96fae8813d,AC Issues,e213d0c5-7de3-4f91-b5d4-cda0cd2ade6c,2026-04-20 07:40:09.877871,2026-04-20 07:40:09.877871,logs+mt_match,0.0,12,12.0,,Collapsed timestamp,collapsed_timestamp,collapsed_timestamp,Excluded from genuine SLA KPI (migration-collapsed timestamps),Reconstructed SLA from ticket_logs lifecycle + issue_types.sla_hours (NOT verified app formula)
d5372a25-6e83-df83-ddec-2223d3361967,a361bd0d-c2c1-2aee-6303-d65de004edd0,01208ba1-4225-4a61-be39-3afe03dad690,RO Water Issues,e213d0c5-7de3-4f91-b5d4-cda0cd2ade6c,2026-04-20 07:40:09.877871,2026-04-20 07:40:09.877871,logs+mt_match,0.0,6,6.0,,Collapsed timestamp,collapsed_timestamp,collapsed_timestamp,Excluded from genuine SLA KPI (migration-collapsed timestamps),Reconstructed SLA from ticket_logs lifecycle + issue_types.sla_hours (NOT verified app formula)
76d4e83a-f486-5e8c-e50a-fae0a7740d4b,a361bd0d-c2c1-2aee-6303-d65de004edd0,a5831922-eaeb-48c2-941c-fd96fae8813d,AC Issues,e213d0c5-7de3-4f91-b5d4-cda0cd2ade6c,2026-04-20 07:40:09.877871,2026-04-20 07:40:09.877871,logs+mt_match,0.0,12,12.0,,Collapsed timestamp,collapsed_timestamp,collapsed_timestamp,Excluded from genuine SLA KPI (migration-collapsed timestamps),Reconstructed SLA from ticket_logs lifecycle + issue_types.sla_hours (NOT verified app formula)
03dd5932-a744-d556-f6df-d587ca1d1a8f,a361bd0d-c2c1-2aee-6303-d65de004edd0,a5831922-eaeb-48c2-941c-fd96fae8813d,AC Issues,a55e7168-b152-4072-8b01-0cd4b7e299ca,2026-04-20 07:40:09.877871,2026-04-20 07:40:09.877871,logs+mt_match,0.0,12,12.0,,Collapsed timestamp,collapsed_timestamp,collapsed_timestamp,Excluded from genuine SLA KPI (migration-collapsed timestamps),Reconstructed SLA from ticket_logs lifecycle + issue_types.sla_hours (NOT verified app formula)
7f38453a-97e7-d781-41c6-ae3e648a45c7,ffbd5fe0-d9b3-cb55-cfd7-2d72a3498109,ec405235-70e9-407e-9aa2-b877f8f36af8,Fridge Issues,a55e7168-b152-4072-8b01-0cd4b7e299ca,2026-04-20 07:40:09.877871,2026-04-20 07:40:09.877871,logs+mt_match,0.0,12,12.0,,Collapsed timestamp,collapsed_timestamp,collapsed_timestamp,Excluded from genuine SLA KPI (migration-collapsed timestamps),Reconstructed SLA from ticket_logs lifecycle + issue_types.sla_hours (NOT verified app formula)
614e6ff4-beb4-bf82-cda2-ad9fd855eaf4,ffbd5fe0-d9b3-cb55-cfd7-2d72a3498109,e2aa2aaa-8af6-4807-9a4e-7665c5421eed,Furniture,a55e7168-b152-4072-8b01-0cd4b7e299ca,2026-04-20 07:40:09.877871,2026-04-20 07:40:09.877871,logs+mt_match,0.0,24,24.0,,Collapsed timestamp,collapsed_timestamp,collapsed_timestamp,Excluded from genuine SLA KPI (migration-collapsed timestamps),Reconstructed SLA from ticket_logs lifecycle + issue_types.sla_hours (NOT verified app formula)
9f554f6d-697f-0963-d5c1-2d14d15be9ce,86ad1ceb-8d81-a926-d998-3a2f1cafba06,01208ba1-4225-4a61-be39-3afe03dad690,RO Water Issues,e213d0c5-7de3-4f91-b5d4-cda0cd2ade6c,2026-04-20 07:40:09.877871,2026-04-20 07:40:09.877871,logs+mt_match,0.0,6,6.0,,Collapsed timestamp,collapsed_timestamp,collapsed_timestamp,Excluded from genuine SLA KPI (migration-collapsed timestamps),Reconstructed SLA from ticket_logs lifecycle + issue_types.sla_hours (NOT verified app formula)
1edfb329-5f3a-1274-ed2d-d13041a43352,86ad1ceb-8d81-a926-d998-3a2f1cafba06,a5831922-eaeb-48c2-941c-fd96fae8813d,AC Issues,e213d0c5-7de3-4f91-b5d4-cda0cd2ade6c,2026-04-20 07:40:09.877871,2026-04-20 07:40:09.877871,logs+mt_match,0.0,12,12.0,,Collapsed timestamp,collapsed_timestamp,collapsed_timestamp,Excluded from genuine SLA KPI (migration-collapsed timestamps),Reconstructed SLA from ticket_logs lifecycle + issue_types.sla_hours (NOT verified app formula)
e02ffcaf-5ebc-8c38-d6f8-b784d77ec015,86ad1ceb-8d81-a926-d998-3a2f1cafba06,abc84f5b-a950-406e-ab46-cefbe11df925,Cleaning Issues,e213d0c5-7de3-4f91-b5d4-cda0cd2ade6c,2026-04-20 07:40:09.877871,2026-04-20 07:40:09.877871,logs+mt_match,0.0,4,4.0,,Collapsed timestamp,collapsed_timestamp,collapsed_timestamp,Excluded from genuine SLA KPI (migration-collapsed timestamps),Reconstructed SLA from ticket_logs lifecycle + issue_types.sla_hours (NOT verified app formula)
b63d6c63-ac9e-04e3-8068-387d8a2604ac,86ad1ceb-8d81-a926-d998-3a2f1cafba06,abc84f5b-a950-406e-ab46-cefbe11df925,Cleaning Issues,e213d0c5-7de3-4f91-b5d4-cda0cd2ade6c,2026-04-20 07:40:09.877871,2026-04-20 07:40:09.877871,logs+mt_match,0.0,4,4.0,,Collapsed timestamp,collapsed_timestamp,collapsed_timestamp,Excluded from genuine SLA KPI (migration-collapsed timestamps),Reconstructed SLA from ticket_logs lifecycle + issue_types.sla_hours (NOT verified app formula)
47460e2a-6de5-9f3c-e85d-26a87e88b9f9,86ad1ceb-8d81-a926-d998-3a2f1cafba06,abc84f5b-a950-406e-ab46-cefbe11df925,Cleaning Issues,e213d0c5-7de3-4f91-b5d4-cda0cd2ade6c,2026-04-20 07:40:09.877871,2026-04-20 07:40:09.877871,logs+mt_match,0.0,4,4.0,,Collapsed timestamp,collapsed_timestamp,collapsed_timestamp,Excluded from genuine SLA KPI (migration-collapsed timestamps),Reconstructed SLA from ticket_logs lifecycle + issue_types.sla_hours (NOT verified app formula)
91b192c9-411f-105d-d6ec-927d7c2dee6b,86ad1ceb-8d81-a926-d998-3a2f1cafba06,e2aa2aaa-8af6-4807-9a4e-7665c5421eed,Furniture,e213d0c5-7de3-4f91-b5d4-cda0cd2ade6c,2026-04-20 07:40:09.877871,2026-04-20 07:40:09.877871,logs+mt_match,0.0,24,24.0,,Collapsed timestamp,collapsed_timestamp,collapsed_timestamp,Excluded from genuine SLA KPI (migration-collapsed timestamps),Reconstructed SLA from ticket_logs lifecycle + issue_types.sla_hours (NOT verified app formula)
356c677e-db70-f33b-f02f-ce37c899ca6e,86ad1ceb-8d81-a926-d998-3a2f1cafba06,e2aa2aaa-8af6-4807-9a4e-7665c5421eed,Furniture,bd081ad6-5fe3-4c1d-a919-81b1055efa19,2026-04-20 07:40:09.877871,2026-04-20 07:40:09.877871,logs+mt_match,0.0,24,24.0,,Collapsed timestamp,collapsed_timestamp,collapsed_timestamp,Excluded from genuine SLA KPI (migration-collapsed timestamps),Reconstructed SLA from ticket_logs lifecycle + issue_types.sla_hours (NOT verified app formula)
6ad64ebc-fb2d-1b48-26e8-7981913864c5,86ad1ceb-8d81-a926-d998-3a2f1cafba06,d76dd3bd-ccb7-4991-a01f-ce158dfe908e,Plumbing,bd081ad6-5fe3-4c1d-a919-81b1055efa19,2026-04-20 07:40:09.877871,2026-04-20 07:40:09.877871,logs+mt_match,0.0,24,24.0,,Collapsed timestamp,collapsed_timestamp,collapsed_timestamp,Excluded from genuine SLA KPI (migration-collapsed timestamps),Reconstructed SLA from ticket_logs lifecycle + issue_types.sla_hours (NOT verified app formula)
e78bc5cf-1343-a638-4a87-8217095ae1d3,86ad1ceb-8d81-a926-d998-3a2f1cafba06,28158382-d5c1-436c-927b-3e3d9855c2af,Electrical Issues,bd081ad6-5fe3-4c1d-a919-81b1055efa19,2026-04-20 07:40:09.877871,2026-04-20 07:40:09.877871,logs+mt_match,0.0,6,6.0,,Collapsed timestamp,collapsed_timestamp,collapsed_timestamp,Excluded from genuine SLA KPI (migration-collapsed timestamps),Reconstructed SLA from ticket_logs lifecycle + issue_types.sla_hours (NOT verified app formula)
80eb03c0-513c-da92-e47b-dd2f93a5f84b,0a839c14-2a88-9896-c2f2-8d51fe610405,d76dd3bd-ccb7-4991-a01f-ce158dfe908e,Plumbing,e213d0c5-7de3-4f91-b5d4-cda0cd2ade6c,2026-04-20 07:40:09.877871,2026-04-20 07:40:09.877871,logs+mt_match,0.0,24,24.0,,Collapsed timestamp,collapsed_timestamp,collapsed_timestamp,Excluded from genuine SLA KPI (migration-collapsed timestamps),Reconstructed SLA from ticket_logs lifecycle + issue_types.sla_hours (NOT verified app formula)
ebd37461-93f5-9c36-a2fb-878d4d81fd60,0a839c14-2a88-9896-c2f2-8d51fe610405,47389994-b201-4bb1-bf91-8bce4dbde510,Other,e213d0c5-7de3-4f91-b5d4-cda0cd2ade6c,2026-04-20 07:40:09.877871,2026-04-20 07:40:09.877871,logs+mt_match,0.0,24,24.0,,Collapsed timestamp,collapsed_timestamp,collapsed_timestamp,Excluded from genuine SLA KPI (migration-collapsed timestamps),Reconstructed SLA from ticket_logs lifecycle + issue_types.sla_hours (NOT verified app formula)
6467266a-fc62-74a4-2746-da4c889a1cb8,a361bd0d-c2c1-2aee-6303-d65de004edd0,01208ba1-4225-4a61-be39-3afe03dad690,RO Water Issues,e213d0c5-7de3-4f91-b5d4-cda0cd2ade6c,2026-04-20 07:40:09.877871,2026-04-20 07:40:09.877871,logs+mt_match,0.0,6,6.0,,Collapsed timestamp,collapsed_timestamp,collapsed_timestamp,Excluded from genuine SLA KPI (migration-collapsed timestamps),Reconstructed SLA from ticket_logs lifecycle + issue_types.sla_hours (NOT verified app formula)
1e804873-1f01-2439-a1b2-e24dface96d9,a361bd0d-c2c1-2aee-6303-d65de004edd0,47389994-b201-4bb1-bf91-8bce4dbde510,Other,e213d0c5-7de3-4f91-b5d4-cda0cd2ade6c,2026-04-20 07:40:09.877871,2026-04-20 07:40:09.877871,logs+mt_match,0.0,24,24.0,,Collapsed timestamp,collapsed_timestamp,collapsed_timestamp,Excluded from genuine SLA KPI (migration-collapsed timestamps),Reconstructed SLA from ticket_logs lifecycle + issue_types.sla_hours (NOT verified app formula)
57584f0a-35f3-99af-bc46-f728d7ce662b,9d5d0096-0b78-a663-1142-be871dfa2bda,a5831922-eaeb-48c2-941c-fd96fae8813d,AC Issues,e213d0c5-7de3-4f91-b5d4-cda0cd2ade6c,2026-04-20 07:40:09.877871,2026-04-20 07:40:09.877871,logs+mt_match,0.0,12,12.0,,Collapsed timestamp,collapsed_timestamp,collapsed_timestamp,Excluded from genuine SLA KPI (migration-collapsed timestamps),Reconstructed SLA from ticket_logs lifecycle + issue_types.sla_hours (NOT verified app formula)
a110dcd6-57ff-f65e-a9f4-ad68d52f5ed7,9d5d0096-0b78-a663-1142-be871dfa2bda,7917cc13-aaca-4558-a2c2-8be5cd8fc159,Internet Issues,bd081ad6-5fe3-4c1d-a919-81b1055efa19,2026-04-20 07:40:09.877871,2026-04-20 07:40:09.877871,logs+mt_match,0.0,6,6.0,,Collapsed timestamp,collapsed_timestamp,collapsed_timestamp,Excluded from genuine SLA KPI (migration-collapsed timestamps),Reconstructed SLA from ticket_logs lifecycle + issue_types.sla_hours (NOT verified app formula)
a0fd9654-eb9e-da53-7b73-6db617b432e2,10c6863d-07c3-4fc4-94f9-6adc29157ce1,a5831922-eaeb-48c2-941c-fd96fae8813d,AC Issues,e213d0c5-7de3-4f91-b5d4-cda0cd2ade6c,2026-04-20 07:40:09.877871,2026-04-20 07:40:09.877871,logs+mt_match,0.0,12,12.0,,Collapsed timestamp,collapsed_timestamp,collapsed_timestamp,Excluded from genuine SLA KPI (migration-collapsed timestamps),Reconstructed SLA from ticket_logs lifecycle + issue_types.sla_hours (NOT verified app formula)
53a8bb41-b03a-6d85-efe4-aed7c835660c,10c6863d-07c3-4fc4-94f9-6adc29157ce1,a5831922-eaeb-48c2-941c-fd96fae8813d,AC Issues,bd081ad6-5fe3-4c1d-a919-81b1055efa19,2026-04-20 07:40:09.877871,2026-04-20 07:40:09.877871,logs+mt_match,0.0,12,12.0,,Collapsed timestamp,collapsed_timestamp,collapsed_timestamp,Excluded from genuine SLA KPI (migration-collapsed timestamps),Reconstructed SLA from ticket_logs lifecycle + issue_types.sla_hours (NOT verified app formula)
014cb7c7-f017-ac40-2dae-689e423794d2,10c6863d-07c3-4fc4-94f9-6adc29157ce1,abc84f5b-a950-406e-ab46-cefbe11df925,Cleaning Issues,bd081ad6-5fe3-4c1d-a919-81b1055efa19,2026-04-20 07:40:09.877871,2026-04-20 07:40:09.877871,logs+mt_match,0.0,4,4.0,,Collapsed timestamp,collapsed_timestamp,collapsed_timestamp,Excluded from genuine SLA KPI (migration-collapsed timestamps),Reconstructed SLA from ticket_logs lifecycle + issue_types.sla_hours (NOT verified app formula)
ae693564-6289-cfb1-cead-e6d8e4e9ba2c,10c6863d-07c3-4fc4-94f9-6adc29157ce1,a5831922-eaeb-48c2-941c-fd96fae8813d,AC Issues,bd081ad6-5fe3-4c1d-a919-81b1055efa19,2026-04-20 07:40:09.877871,2026-04-20 07:40:09.877871,logs+mt_match,0.0,12,12.0,,Collapsed timestamp,collapsed_timestamp,collapsed_timestamp,Excluded from genuine SLA KPI (migration-collapsed timestamps),Reconstructed SLA from ticket_logs lifecycle + issue_types.sla_hours (NOT verified app formula)
97beeab7-5ad1-8122-7784-1c690ab3e70b,10c6863d-07c3-4fc4-94f9-6adc29157ce1,28158382-d5c1-436c-927b-3e3d9855c2af,Electrical Issues,bd081ad6-5fe3-4c1d-a919-81b1055efa19,2026-04-20 07:40:09.877871,2026-04-20 07:40:09.877871,logs+mt_match,0.0,6,6.0,,Collapsed timestamp,collapsed_timestamp,collapsed_timestamp,Excluded from genuine SLA KPI (migration-collapsed timestamps),Reconstructed SLA from ticket_logs lifecycle + issue_types.sla_hours (NOT verified app formula)
f7eef293-0543-ae3f-98e3-6366264442e5,10c6863d-07c3-4fc4-94f9-6adc29157ce1,28158382-d5c1-436c-927b-3e3d9855c2af,Electrical Issues,bd081ad6-5fe3-4c1d-a919-81b1055efa19,2026-04-20 07:40:09.877871,2026-04-20 07:40:09.877871,logs+mt_match,0.0,6,6.0,,Collapsed timestamp,collapsed_timestamp,collapsed_timestamp,Excluded from genuine SLA KPI (migration-collapsed timestamps),Reconstructed SLA from ticket_logs lifecycle + issue_types.sla_hours (NOT verified app formula)
e1b17952-5bbe-3339-31a2-20244c2c0f99,c17c5093-48b7-139f-ebfc-1cd33ef5179c,e2aa2aaa-8af6-4807-9a4e-7665c5421eed,Furniture,e213d0c5-7de3-4f91-b5d4-cda0cd2ade6c,2026-04-20 07:40:09.877871,2026-04-20 07:40:09.877871,logs+mt_match,0.0,24,24.0,,Collapsed timestamp,collapsed_timestamp,collapsed_timestamp,Excluded from genuine SLA KPI (migration-collapsed timestamps),Reconstructed SLA from ticket_logs lifecycle + issue_types.sla_hours (NOT verified app formula)
9110e092-c877-fb73-70df-be1c73151790,ffbd5fe0-d9b3-cb55-cfd7-2d72a3498109,a5831922-eaeb-48c2-941c-fd96fae8813d,AC Issues,a55e7168-b152-4072-8b01-0cd4b7e299ca,2026-04-20 07:40:09.877871,2026-04-20 07:40:09.877871,logs+mt_match,0.0,12,12.0,,Collapsed timestamp,collapsed_timestamp,collapsed_timestamp,Excluded from genuine SLA KPI (migration-collapsed timestamps),Reconstructed SLA from ticket_logs lifecycle + issue_types.sla_hours (NOT verified app formula)
47b2b55c-b767-6e9a-26cb-5622dc4edd18,9d5d0096-0b78-a663-1142-be871dfa2bda,e2aa2aaa-8af6-4807-9a4e-7665c5421eed,Furniture,bd081ad6-5fe3-4c1d-a919-81b1055efa19,2026-04-20 07:40:09.877871,2026-04-20 07:40:09.877871,logs+mt_match,0.0,24,24.0,,Collapsed timestamp,collapsed_timestamp,collapsed_timestamp,Excluded from genuine SLA KPI (migration-collapsed timestamps),Reconstructed SLA from ticket_logs lifecycle + issue_types.sla_hours (NOT verified app formula)
49b58c99-5f2f-43ea-aa8e-87a305d018af,dd96a329-ec95-e96a-1348-69d976f39cd4,e2aa2aaa-8af6-4807-9a4e-7665c5421eed,Furniture,bd081ad6-5fe3-4c1d-a919-81b1055efa19,2026-05-27 08:29:33.572957,2026-05-28 04:50:03.082416,logs+mt_match,20.341530405277776,24,3.6584695947222237,False,Within SLA,measurable,reconstructed 20.3h vs 24h SLA,OK,Reconstructed SLA from ticket_logs lifecycle + issue_types.sla_hours (NOT verified app formula)
524eeb41-a60a-79da-43ac-8bc88c3c896d,9d5d0096-0b78-a663-1142-be871dfa2bda,47389994-b201-4bb1-bf91-8bce4dbde510,Other,bd081ad6-5fe3-4c1d-a919-81b1055efa19,2026-04-20 07:40:09.877871,2026-04-20 07:40:09.877871,logs+mt_match,0.0,24,24.0,,Collapsed timestamp,collapsed_timestamp,collapsed_timestamp,Excluded from genuine SLA KPI (migration-collapsed timestamps),Reconstructed SLA from ticket_logs lifecycle + issue_types.sla_hours (NOT verified app formula)
1df9b841-b039-6bcd-9e05-d24b1c3734f6,9d5d0096-0b78-a663-1142-be871dfa2bda,a5831922-eaeb-48c2-941c-fd96fae8813d,AC Issues,bd081ad6-5fe3-4c1d-a919-81b1055efa19,2026-04-20 07:40:09.877871,2026-04-20 07:40:09.877871,logs+mt_match,0.0,12,12.0,,Collapsed timestamp,collapsed_timestamp,collapsed_timestamp,Excluded from genuine SLA KPI (migration-collapsed timestamps),Reconstructed SLA from ticket_logs lifecycle + issue_types.sla_hours (NOT verified app formula)
e54040bc-7aed-d0df-3aa7-bed6b9f9f947,9d5d0096-0b78-a663-1142-be871dfa2bda,47389994-b201-4bb1-bf91-8bce4dbde510,Other,bd081ad6-5fe3-4c1d-a919-81b1055efa19,2026-04-20 07:40:09.877871,2026-04-20 07:40:09.877871,logs+mt_match,0.0,24,24.0,,Collapsed timestamp,collapsed_timestamp,collapsed_timestamp,Excluded from genuine SLA KPI (migration-collapsed timestamps),Reconstructed SLA from ticket_logs lifecycle + issue_types.sla_hours (NOT verified app formula)
498461fa-8dd5-2b1e-cda5-8f1433301f13,a361bd0d-c2c1-2aee-6303-d65de004edd0,47389994-b201-4bb1-bf91-8bce4dbde510,Other,e213d0c5-7de3-4f91-b5d4-cda0cd2ade6c,2026-04-20 07:40:09.877871,2026-04-20 07:40:09.877871,logs+mt_match,0.0,24,24.0,,Collapsed timestamp,collapsed_timestamp,collapsed_timestamp,Excluded from genuine SLA KPI (migration-collapsed timestamps),Reconstructed SLA from ticket_logs lifecycle + issue_types.sla_hours (NOT verified app formula)
f207d573-6afe-b507-8793-1d3c151d84ef,a361bd0d-c2c1-2aee-6303-d65de004edd0,abc84f5b-a950-406e-ab46-cefbe11df925,Cleaning Issues,e213d0c5-7de3-4f91-b5d4-cda0cd2ade6c,2026-04-20 07:40:09.877871,2026-04-20 07:40:09.877871,logs+mt_match,0.0,4,4.0,,Collapsed timestamp,collapsed_timestamp,collapsed_timestamp,Excluded from genuine SLA KPI (migration-collapsed timestamps),Reconstructed SLA from ticket_logs lifecycle + issue_types.sla_hours (NOT verified app formula)
68bd2885-5f97-208d-4f8a-dc5e09d6afde,a361bd0d-c2c1-2aee-6303-d65de004edd0,e2aa2aaa-8af6-4807-9a4e-7665c5421eed,Furniture,e213d0c5-7de3-4f91-b5d4-cda0cd2ade6c,2026-04-20 07:40:09.877871,2026-04-20 07:40:09.877871,logs+mt_match,0.0,24,24.0,,Collapsed timestamp,collapsed_timestamp,collapsed_timestamp,Excluded from genuine SLA KPI (migration-collapsed timestamps),Reconstructed SLA from ticket_logs lifecycle + issue_types.sla_hours (NOT verified app formula)
09cae616-8152-3e63-adc9-7e7a2e6095b0,a361bd0d-c2c1-2aee-6303-d65de004edd0,abc84f5b-a950-406e-ab46-cefbe11df925,Cleaning Issues,e213d0c5-7de3-4f91-b5d4-cda0cd2ade6c,2026-04-20 07:40:09.877871,2026-04-20 07:40:09.877871,logs+mt_match,0.0,4,4.0,,Collapsed timestamp,collapsed_timestamp,collapsed_timestamp,Excluded from genuine SLA KPI (migration-collapsed timestamps),Reconstructed SLA from ticket_logs lifecycle + issue_types.sla_hours (NOT verified app formula)
784240b2-b503-0cee-4a69-b79ff2613149,211a2b33-4e94-3da1-7d97-406bc26036f5,47389994-b201-4bb1-bf91-8bce4dbde510,Other,bd081ad6-5fe3-4c1d-a919-81b1055efa19,2026-04-20 07:40:09.877871,2026-04-20 07:40:09.877871,logs+mt_match,0.0,24,24.0,,Collapsed timestamp,collapsed_timestamp,collapsed_timestamp,Excluded from genuine SLA KPI (migration-collapsed timestamps),Reconstructed SLA from ticket_logs lifecycle + issue_types.sla_hours (NOT verified app formula)
afb8cf37-0927-b4d3-8281-30726617bf6a,bde00681-ebfc-ef38-4f6e-4906a012de6b,a5831922-eaeb-48c2-941c-fd96fae8813d,AC Issues,a55e7168-b152-4072-8b01-0cd4b7e299ca,2026-04-20 07:40:09.877871,2026-04-20 07:40:09.877871,logs+mt_match,0.0,12,12.0,,Collapsed timestamp,collapsed_timestamp,collapsed_timestamp,Excluded from genuine SLA KPI (migration-collapsed timestamps),Reconstructed SLA from ticket_logs lifecycle + issue_types.sla_hours (NOT verified app formula)
fb1f6a8e-4b6d-2eb3-ed71-10704003ca93,990e8a3e-a69c-7b31-f606-3eeb21e3d4c6,47389994-b201-4bb1-bf91-8bce4dbde510,Other,bd081ad6-5fe3-4c1d-a919-81b1055efa19,2026-04-20 07:40:09.877871,2026-04-20 07:40:09.877871,logs+mt_match,0.0,24,24.0,,Collapsed timestamp,collapsed_timestamp,collapsed_timestamp,Excluded from genuine SLA KPI (migration-collapsed timestamps),Reconstructed SLA from ticket_logs lifecycle + issue_types.sla_hours (NOT verified app formula)
9a513701-4c62-424e-9aa7-c38eff6c017b,990e8a3e-a69c-7b31-f606-3eeb21e3d4c6,47389994-b201-4bb1-bf91-8bce4dbde510,Other,bd081ad6-5fe3-4c1d-a919-81b1055efa19,2026-04-20 07:40:09.877871,2026-04-20 07:40:09.877871,logs+mt_match,0.0,24,24.0,,Collapsed timestamp,collapsed_timestamp,collapsed_timestamp,Excluded from genuine SLA KPI (migration-collapsed timestamps),Reconstructed SLA from ticket_logs lifecycle + issue_types.sla_hours (NOT verified app formula)
cc8dabc0-557f-445d-9bf0-6297ded41835,fad74a92-8e64-787e-38c3-8ebdb9db6511,28158382-d5c1-436c-927b-3e3d9855c2af,Electrical Issues,bd081ad6-5fe3-4c1d-a919-81b1055efa19,2026-05-11 15:50:40.311763,2026-05-18 04:24:09.002032,logs+mt_match,156.55796951916668,6,-150.55796951916668,True,SLA Breached,measurable,reconstructed 156.6h vs 6h SLA,Review breach — slow resolution for this issue type,Reconstructed SLA from ticket_logs lifecycle + issue_types.sla_hours (NOT verified app formula)
0a249101-dd5f-4a12-9c3a-07a92226137a,b0d4d2c8-f6ee-bc16-ffd7-fc33c8db8571,abc84f5b-a950-406e-ab46-cefbe11df925,Cleaning Issues,8c42685b-f2df-4dec-96bd-0e77b715e33e,2026-04-21 14:01:19.909610,2026-04-25 10:25:56.322605,logs+mt_match,92.41011472083333,4,-88.41011472083333,True,SLA Breached,measurable,reconstructed 92.4h vs 4h SLA,Review breach — slow resolution for this issue type,Reconstructed SLA from ticket_logs lifecycle + issue_types.sla_hours (NOT verified app formula)
c1b52572-c0ee-4d6f-8b4b-19e97105217b,77c3a6fd-4651-d880-29aa-abd19c8324df,caf6381e-5189-4c1f-bf0a-4dfd99d9b9e7,Washing machine Issue,bd081ad6-5fe3-4c1d-a919-81b1055efa19,2026-04-27 09:03:26.184497,2026-04-28 04:38:01.871057,logs+mt_match,19.576579600000002,24,4.423420399999998,False,Within SLA,measurable,reconstructed 19.6h vs 24h SLA,OK,Reconstructed SLA from ticket_logs lifecycle + issue_types.sla_hours (NOT verified app formula)
ad083df7-9c0d-12d8-d880-224050e43b60,9d5d0096-0b78-a663-1142-be871dfa2bda,e2aa2aaa-8af6-4807-9a4e-7665c5421eed,Furniture,e213d0c5-7de3-4f91-b5d4-cda0cd2ade6c,2026-04-20 07:40:05.376739,2026-04-20 07:40:05.376739,logs+mt_match,0.0,24,24.0,,Collapsed timestamp,collapsed_timestamp,collapsed_timestamp,Excluded from genuine SLA KPI (migration-collapsed timestamps),Reconstructed SLA from ticket_logs lifecycle + issue_types.sla_hours (NOT verified app formula)
e80fac36-7f85-ed6e-9b77-6ebc94fbad08,bde00681-ebfc-ef38-4f6e-4906a012de6b,e2aa2aaa-8af6-4807-9a4e-7665c5421eed,Furniture,e213d0c5-7de3-4f91-b5d4-cda0cd2ade6c,2026-04-20 07:40:05.376739,2026-04-20 07:40:05.376739,logs+mt_match,0.0,24,24.0,,Collapsed timestamp,collapsed_timestamp,collapsed_timestamp,Excluded from genuine SLA KPI (migration-collapsed timestamps),Reconstructed SLA from ticket_logs lifecycle + issue_types.sla_hours (NOT verified app formula)
482b850c-7344-192d-6f61-7c2f30322ece,bde00681-ebfc-ef38-4f6e-4906a012de6b,01208ba1-4225-4a61-be39-3afe03dad690,RO Water Issues,e213d0c5-7de3-4f91-b5d4-cda0cd2ade6c,2026-04-20 07:40:05.376739,2026-04-20 07:40:05.376739,logs+mt_match,0.0,6,6.0,,Collapsed timestamp,collapsed_timestamp,collapsed_timestamp,Excluded from genuine SLA KPI (migration-collapsed timestamps),Reconstructed SLA from ticket_logs lifecycle + issue_types.sla_hours (NOT verified app formula)
d081735b-45d5-6930-7ecc-9ba290d94909,bde00681-ebfc-ef38-4f6e-4906a012de6b,01208ba1-4225-4a61-be39-3afe03dad690,RO Water Issues,e213d0c5-7de3-4f91-b5d4-cda0cd2ade6c,2026-04-20 07:40:05.376739,2026-04-20 07:40:05.376739,logs+mt_match,0.0,6,6.0,,Collapsed timestamp,collapsed_timestamp,collapsed_timestamp,Excluded from genuine SLA KPI (migration-collapsed timestamps),Reconstructed SLA from ticket_logs lifecycle + issue_types.sla_hours (NOT verified app formula)
63b7cc7b-7577-a332-84d8-3363422b089a,bde00681-ebfc-ef38-4f6e-4906a012de6b,7917cc13-aaca-4558-a2c2-8be5cd8fc159,Internet Issues,e213d0c5-7de3-4f91-b5d4-cda0cd2ade6c,2026-04-20 07:40:05.376739,2026-04-20 07:40:05.376739,logs+mt_match,0.0,6,6.0,,Collapsed timestamp,collapsed_timestamp,collapsed_timestamp,Excluded from genuine SLA KPI (migration-collapsed timestamps),Reconstructed SLA from ticket_logs lifecycle + issue_types.sla_hours (NOT verified app formula)
b3e1c5b7-dadf-5ebd-3b5e-8e9da2466dc7,bde00681-ebfc-ef38-4f6e-4906a012de6b,01208ba1-4225-4a61-be39-3afe03dad690,RO Water Issues,e213d0c5-7de3-4f91-b5d4-cda0cd2ade6c,2026-04-20 07:40:05.376739,2026-04-20 07:40:05.376739,logs+mt_match,0.0,6,6.0,,Collapsed timestamp,collapsed_timestamp,collapsed_timestamp,Excluded from genuine SLA KPI (migration-collapsed timestamps),Reconstructed SLA from ticket_logs lifecycle + issue_types.sla_hours (NOT verified app formula)
610c6ef8-9e8e-ad7d-53c5-259a0e43c9cb,bde00681-ebfc-ef38-4f6e-4906a012de6b,47389994-b201-4bb1-bf91-8bce4dbde510,Other,d2b6ece0-395c-4c27-9667-6d7ce50b417c,2026-04-20 07:40:05.376739,2026-04-20 07:40:05.376739,logs+mt_match,0.0,24,24.0,,Collapsed timestamp,collapsed_timestamp,collapsed_timestamp,Excluded from genuine SLA KPI (migration-collapsed timestamps),Reconstructed SLA from ticket_logs lifecycle + issue_types.sla_hours (NOT verified app formula)
c7fbe84d-8e28-db31-8a39-da887d69982c,bde00681-ebfc-ef38-4f6e-4906a012de6b,47389994-b201-4bb1-bf91-8bce4dbde510,Other,e213d0c5-7de3-4f91-b5d4-cda0cd2ade6c,2026-04-20 07:40:05.376739,2026-04-20 07:40:05.376739,logs+mt_match,0.0,24,24.0,,Collapsed timestamp,collapsed_timestamp,collapsed_timestamp,Excluded from genuine SLA KPI (migration-collapsed timestamps),Reconstructed SLA from ticket_logs lifecycle + issue_types.sla_hours (NOT verified app formula)
c817bd3e-161f-a005-b447-e0679be1418c,bde00681-ebfc-ef38-4f6e-4906a012de6b,47389994-b201-4bb1-bf91-8bce4dbde510,Other,d2b6ece0-395c-4c27-9667-6d7ce50b417c,2026-04-20 07:40:05.376739,2026-04-20 07:40:05.376739,logs+mt_match,0.0,24,24.0,,Collapsed timestamp,collapsed_timestamp,collapsed_timestamp,Excluded from genuine SLA KPI (migration-collapsed timestamps),Reconstructed SLA from ticket_logs lifecycle + issue_types.sla_hours (NOT verified app formula)
b0f62c52-692f-b276-0bbd-50005572c3ef,bde00681-ebfc-ef38-4f6e-4906a012de6b,47389994-b201-4bb1-bf91-8bce4dbde510,Other,d2b6ece0-395c-4c27-9667-6d7ce50b417c,2026-04-20 07:40:05.376739,2026-04-20 07:40:05.376739,logs+mt_match,0.0,24,24.0,,Collapsed timestamp,collapsed_timestamp,collapsed_timestamp,Excluded from genuine SLA KPI (migration-collapsed timestamps),Reconstructed SLA from ticket_logs lifecycle + issue_types.sla_hours (NOT verified app formula)
6689d353-c81c-120f-019c-b088c521dafb,bde00681-ebfc-ef38-4f6e-4906a012de6b,e2aa2aaa-8af6-4807-9a4e-7665c5421eed,Furniture,d2b6ece0-395c-4c27-9667-6d7ce50b417c,2026-04-20 07:40:05.376739,2026-04-20 07:40:05.376739,logs+mt_match,0.0,24,24.0,,Collapsed timestamp,collapsed_timestamp,collapsed_timestamp,Excluded from genuine SLA KPI (migration-collapsed timestamps),Reconstructed SLA from ticket_logs lifecycle + issue_types.sla_hours (NOT verified app formula)
b87825e2-0121-09f6-274d-8d5148be80f7,bde00681-ebfc-ef38-4f6e-4906a012de6b,7917cc13-aaca-4558-a2c2-8be5cd8fc159,Internet Issues,a55e7168-b152-4072-8b01-0cd4b7e299ca,2026-04-20 07:40:05.376739,2026-04-20 07:40:05.376739,logs+mt_match,0.0,6,6.0,,Collapsed timestamp,collapsed_timestamp,collapsed_timestamp,Excluded from genuine SLA KPI (migration-collapsed timestamps),Reconstructed SLA from ticket_logs lifecycle + issue_types.sla_hours (NOT verified app formula)
2219302c-fd07-0f43-2d78-9271b8c38dae,bde00681-ebfc-ef38-4f6e-4906a012de6b,7917cc13-aaca-4558-a2c2-8be5cd8fc159,Internet Issues,a55e7168-b152-4072-8b01-0cd4b7e299ca,2026-04-20 07:40:05.376739,2026-04-20 07:40:05.376739,logs+mt_match,0.0,6,6.0,,Collapsed timestamp,collapsed_timestamp,collapsed_timestamp,Excluded from genuine SLA KPI (migration-collapsed timestamps),Reconstructed SLA from ticket_logs lifecycle + issue_types.sla_hours (NOT verified app formula)
9201790b-de85-739c-a3bd-a8185eb484fc,bde00681-ebfc-ef38-4f6e-4906a012de6b,f3614e6e-8394-40cd-bbb3-b1f78e9f17c2,Billing Issues,a55e7168-b152-4072-8b01-0cd4b7e299ca,2026-04-20 07:40:05.376739,2026-04-20 07:40:05.376739,logs+mt_match,0.0,24,24.0,,Collapsed timestamp,collapsed_timestamp,collapsed_timestamp,Excluded from genuine SLA KPI (migration-collapsed timestamps),Reconstructed SLA from ticket_logs lifecycle + issue_types.sla_hours (NOT verified app formula)
be11261f-5493-9e7c-0155-16852657b8b9,bde00681-ebfc-ef38-4f6e-4906a012de6b,7917cc13-aaca-4558-a2c2-8be5cd8fc159,Internet Issues,a55e7168-b152-4072-8b01-0cd4b7e299ca,2026-04-20 07:40:05.376739,2026-04-20 07:40:05.376739,logs+mt_match,0.0,6,6.0,,Collapsed timestamp,collapsed_timestamp,collapsed_timestamp,Excluded from genuine SLA KPI (migration-collapsed timestamps),Reconstructed SLA from ticket_logs lifecycle + issue_types.sla_hours (NOT verified app formula)
6d63af98-5c89-9093-a7b6-d3cfe37dc9c7,bde00681-ebfc-ef38-4f6e-4906a012de6b,7917cc13-aaca-4558-a2c2-8be5cd8fc159,Internet Issues,a55e7168-b152-4072-8b01-0cd4b7e299ca,2026-04-20 07:40:05.376739,2026-04-20 07:40:05.376739,logs+mt_match,0.0,6,6.0,,Collapsed timestamp,collapsed_timestamp,collapsed_timestamp,Excluded from genuine SLA KPI (migration-collapsed timestamps),Reconstructed SLA from ticket_logs lifecycle + issue_types.sla_hours (NOT verified app formula)
434ca6ed-8fc5-cbb9-8ff2-999b535f94b7,c17c5093-48b7-139f-ebfc-1cd33ef5179c,d76dd3bd-ccb7-4991-a01f-ce158dfe908e,Plumbing,e213d0c5-7de3-4f91-b5d4-cda0cd2ade6c,2026-04-20 07:40:05.376739,2026-04-20 07:40:05.376739,logs+mt_match,0.0,24,24.0,,Collapsed timestamp,collapsed_timestamp,collapsed_timestamp,Excluded from genuine SLA KPI (migration-collapsed timestamps),Reconstructed SLA from ticket_logs lifecycle + issue_types.sla_hours (NOT verified app formula)
08f20369-8c81-9bfe-f8f1-e5b66940a311,c17c5093-48b7-139f-ebfc-1cd33ef5179c,7917cc13-aaca-4558-a2c2-8be5cd8fc159,Internet Issues,e213d0c5-7de3-4f91-b5d4-cda0cd2ade6c,2026-04-20 07:40:05.376739,2026-04-20 07:40:05.376739,logs+mt_match,0.0,6,6.0,,Collapsed timestamp,collapsed_timestamp,collapsed_timestamp,Excluded from genuine SLA KPI (migration-collapsed timestamps),Reconstructed SLA from ticket_logs lifecycle + issue_types.sla_hours (NOT verified app formula)
197c1909-c115-b48f-c7db-608feb7f6151,c17c5093-48b7-139f-ebfc-1cd33ef5179c,e2aa2aaa-8af6-4807-9a4e-7665c5421eed,Furniture,e213d0c5-7de3-4f91-b5d4-cda0cd2ade6c,2026-04-20 07:40:05.376739,2026-04-20 07:40:05.376739,logs+mt_match,0.0,24,24.0,,Collapsed timestamp,collapsed_timestamp,collapsed_timestamp,Excluded from genuine SLA KPI (migration-collapsed timestamps),Reconstructed SLA from ticket_logs lifecycle + issue_types.sla_hours (NOT verified app formula)
d0567dac-8c86-d7cb-d1ea-30f478982a88,c17c5093-48b7-139f-ebfc-1cd33ef5179c,a5831922-eaeb-48c2-941c-fd96fae8813d,AC Issues,d2b6ece0-395c-4c27-9667-6d7ce50b417c,2026-04-20 07:40:05.376739,2026-04-20 07:40:05.376739,logs+mt_match,0.0,12,12.0,,Collapsed timestamp,collapsed_timestamp,collapsed_timestamp,Excluded from genuine SLA KPI (migration-collapsed timestamps),Reconstructed SLA from ticket_logs lifecycle + issue_types.sla_hours (NOT verified app formula)
fc7c612f-84e9-ac8a-17de-f68fb024d3d9,c17c5093-48b7-139f-ebfc-1cd33ef5179c,7917cc13-aaca-4558-a2c2-8be5cd8fc159,Internet Issues,e213d0c5-7de3-4f91-b5d4-cda0cd2ade6c,2026-04-20 07:40:05.376739,2026-04-20 07:40:05.376739,logs+mt_match,0.0,6,6.0,,Collapsed timestamp,collapsed_timestamp,collapsed_timestamp,Excluded from genuine SLA KPI (migration-collapsed timestamps),Reconstructed SLA from ticket_logs lifecycle + issue_types.sla_hours (NOT verified app formula)
6461b6d0-fd1c-df62-937d-770556f3ca78,c17c5093-48b7-139f-ebfc-1cd33ef5179c,7917cc13-aaca-4558-a2c2-8be5cd8fc159,Internet Issues,e213d0c5-7de3-4f91-b5d4-cda0cd2ade6c,2026-04-20 07:40:05.376739,2026-04-20 07:40:05.376739,logs+mt_match,0.0,6,6.0,,Collapsed timestamp,collapsed_timestamp,collapsed_timestamp,Excluded from genuine SLA KPI (migration-collapsed timestamps),Reconstructed SLA from ticket_logs lifecycle + issue_types.sla_hours (NOT verified app formula)
5df1f489-5450-e236-8313-402f7e12d88a,c17c5093-48b7-139f-ebfc-1cd33ef5179c,7917cc13-aaca-4558-a2c2-8be5cd8fc159,Internet Issues,e213d0c5-7de3-4f91-b5d4-cda0cd2ade6c,2026-04-20 07:40:05.376739,2026-04-20 07:40:05.376739,logs+mt_match,0.0,6,6.0,,Collapsed timestamp,collapsed_timestamp,collapsed_timestamp,Excluded from genuine SLA KPI (migration-collapsed timestamps),Reconstructed SLA from ticket_logs lifecycle + issue_types.sla_hours (NOT verified app formula)
3f4db417-d4d8-acce-3be1-0c7922e53e2e,c17c5093-48b7-139f-ebfc-1cd33ef5179c,7917cc13-aaca-4558-a2c2-8be5cd8fc159,Internet Issues,e213d0c5-7de3-4f91-b5d4-cda0cd2ade6c,2026-04-20 07:40:05.376739,2026-04-20 07:40:05.376739,logs+mt_match,0.0,6,6.0,,Collapsed timestamp,collapsed_timestamp,collapsed_timestamp,Excluded from genuine SLA KPI (migration-collapsed timestamps),Reconstructed SLA from ticket_logs lifecycle + issue_types.sla_hours (NOT verified app formula)
70ae761f-808e-7c4b-f576-6287eb0ce294,c17c5093-48b7-139f-ebfc-1cd33ef5179c,47389994-b201-4bb1-bf91-8bce4dbde510,Other,d2b6ece0-395c-4c27-9667-6d7ce50b417c,2026-04-20 07:40:05.376739,2026-04-20 07:40:05.376739,logs+mt_match,0.0,24,24.0,,Collapsed timestamp,collapsed_timestamp,collapsed_timestamp,Excluded from genuine SLA KPI (migration-collapsed timestamps),Reconstructed SLA from ticket_logs lifecycle + issue_types.sla_hours (NOT verified app formula)
b6178ef3-4c72-e931-f379-1822fc371017,85292340-826d-52c1-65c7-7f2a9eb2c2c4,47389994-b201-4bb1-bf91-8bce4dbde510,Other,d2b6ece0-395c-4c27-9667-6d7ce50b417c,2026-04-20 07:40:05.376739,2026-04-20 07:40:05.376739,logs+mt_match,0.0,24,24.0,,Collapsed timestamp,collapsed_timestamp,collapsed_timestamp,Excluded from genuine SLA KPI (migration-collapsed timestamps),Reconstructed SLA from ticket_logs lifecycle + issue_types.sla_hours (NOT verified app formula)
5c308b09-2750-c596-2408-e88621129da4,85292340-826d-52c1-65c7-7f2a9eb2c2c4,47389994-b201-4bb1-bf91-8bce4dbde510,Other,d2b6ece0-395c-4c27-9667-6d7ce50b417c,2026-04-20 07:40:05.376739,2026-04-20 07:40:05.376739,logs+mt_match,0.0,24,24.0,,Collapsed timestamp,collapsed_timestamp,collapsed_timestamp,Excluded from genuine SLA KPI (migration-collapsed timestamps),Reconstructed SLA from ticket_logs lifecycle + issue_types.sla_hours (NOT verified app formula)
4df5928b-5c95-6cd9-d960-33626578ae6c,85292340-826d-52c1-65c7-7f2a9eb2c2c4,28158382-d5c1-436c-927b-3e3d9855c2af,Electrical Issues,d2b6ece0-395c-4c27-9667-6d7ce50b417c,2026-04-20 07:40:05.376739,2026-04-20 07:40:05.376739,logs+mt_match,0.0,6,6.0,,Collapsed timestamp,collapsed_timestamp,collapsed_timestamp,Excluded from genuine SLA KPI (migration-collapsed timestamps),Reconstructed SLA from ticket_logs lifecycle + issue_types.sla_hours (NOT verified app formula)
a5ec4e65-3b89-709f-a548-7a4e84fdae41,79853a4a-cb02-508c-e041-7e23378aec9c,e2aa2aaa-8af6-4807-9a4e-7665c5421eed,Furniture,d2b6ece0-395c-4c27-9667-6d7ce50b417c,2026-04-20 07:40:05.376739,2026-04-20 07:40:05.376739,logs+mt_match,0.0,24,24.0,,Collapsed timestamp,collapsed_timestamp,collapsed_timestamp,Excluded from genuine SLA KPI (migration-collapsed timestamps),Reconstructed SLA from ticket_logs lifecycle + issue_types.sla_hours (NOT verified app formula)
77ba3295-631e-26cd-3785-48da40448148,79853a4a-cb02-508c-e041-7e23378aec9c,caf6381e-5189-4c1f-bf0a-4dfd99d9b9e7,Washing machine Issue,e213d0c5-7de3-4f91-b5d4-cda0cd2ade6c,2026-04-20 07:40:05.376739,2026-04-20 07:40:05.376739,logs+mt_match,0.0,24,24.0,,Collapsed timestamp,collapsed_timestamp,collapsed_timestamp,Excluded from genuine SLA KPI (migration-collapsed timestamps),Reconstructed SLA from ticket_logs lifecycle + issue_types.sla_hours (NOT verified app formula)
4133b508-ad94-d651-c631-effeae31b33d,79853a4a-cb02-508c-e041-7e23378aec9c,caf6381e-5189-4c1f-bf0a-4dfd99d9b9e7,Washing machine Issue,e213d0c5-7de3-4f91-b5d4-cda0cd2ade6c,2026-04-20 07:40:05.376739,2026-04-20 07:40:05.376739,logs+mt_match,0.0,24,24.0,,Collapsed timestamp,collapsed_timestamp,collapsed_timestamp,Excluded from genuine SLA KPI (migration-collapsed timestamps),Reconstructed SLA from ticket_logs lifecycle + issue_types.sla_hours (NOT verified app formula)
d7e7be03-0135-651d-000d-837d6b3fa476,b0875d50-a469-821b-57c3-03ac62809198,47389994-b201-4bb1-bf91-8bce4dbde510,Other,d2b6ece0-395c-4c27-9667-6d7ce50b417c,2026-04-20 07:40:05.376739,2026-04-20 07:40:05.376739,logs+mt_match,0.0,24,24.0,,Collapsed timestamp,collapsed_timestamp,collapsed_timestamp,Excluded from genuine SLA KPI (migration-collapsed timestamps),Reconstructed SLA from ticket_logs lifecycle + issue_types.sla_hours (NOT verified app formula)
5e0ecf89-2b66-8ad0-7146-430737109586,b0875d50-a469-821b-57c3-03ac62809198,47389994-b201-4bb1-bf91-8bce4dbde510,Other,e213d0c5-7de3-4f91-b5d4-cda0cd2ade6c,2026-04-20 07:40:05.376739,2026-04-20 07:40:05.376739,logs+mt_match,0.0,24,24.0,,Collapsed timestamp,collapsed_timestamp,collapsed_timestamp,Excluded from genuine SLA KPI (migration-collapsed timestamps),Reconstructed SLA from ticket_logs lifecycle + issue_types.sla_hours (NOT verified app formula)
e75be53b-546d-2a9e-7f23-8f298c88ad5c,b0875d50-a469-821b-57c3-03ac62809198,47389994-b201-4bb1-bf91-8bce4dbde510,Other,e213d0c5-7de3-4f91-b5d4-cda0cd2ade6c,2026-04-20 07:40:05.376739,2026-04-20 07:40:05.376739,logs+mt_match,0.0,24,24.0,,Collapsed timestamp,collapsed_timestamp,collapsed_timestamp,Excluded from genuine SLA KPI (migration-collapsed timestamps),Reconstructed SLA from ticket_logs lifecycle + issue_types.sla_hours (NOT verified app formula)
1c5f7abc-2c5c-2539-629e-2cd16a08ab09,d2298bb8-a5e5-735a-c8ca-9b18c7daacd6,7917cc13-aaca-4558-a2c2-8be5cd8fc159,Internet Issues,e213d0c5-7de3-4f91-b5d4-cda0cd2ade6c,2026-04-20 07:40:05.376739,2026-04-20 07:40:05.376739,logs+mt_match,0.0,6,6.0,,Collapsed timestamp,collapsed_timestamp,collapsed_timestamp,Excluded from genuine SLA KPI (migration-collapsed timestamps),Reconstructed SLA from ticket_logs lifecycle + issue_types.sla_hours (NOT verified app formula)
4d3d7725-09ab-e4fa-d5ae-3ec2f9008155,d2298bb8-a5e5-735a-c8ca-9b18c7daacd6,abc84f5b-a950-406e-ab46-cefbe11df925,Cleaning Issues,e213d0c5-7de3-4f91-b5d4-cda0cd2ade6c,2026-04-20 07:40:05.376739,2026-04-20 07:40:05.376739,logs+mt_match,0.0,4,4.0,,Collapsed timestamp,collapsed_timestamp,collapsed_timestamp,Excluded from genuine SLA KPI (migration-collapsed timestamps),Reconstructed SLA from ticket_logs lifecycle + issue_types.sla_hours (NOT verified app formula)
3ed32b48-c463-50fb-814c-3de0afc29a2e,d2298bb8-a5e5-735a-c8ca-9b18c7daacd6,abc84f5b-a950-406e-ab46-cefbe11df925,Cleaning Issues,e213d0c5-7de3-4f91-b5d4-cda0cd2ade6c,2026-04-20 07:40:05.376739,2026-04-20 07:40:05.376739,logs+mt_match,0.0,4,4.0,,Collapsed timestamp,collapsed_timestamp,collapsed_timestamp,Excluded from genuine SLA KPI (migration-collapsed timestamps),Reconstructed SLA from ticket_logs lifecycle + issue_types.sla_hours (NOT verified app formula)
0df78abe-895d-6b2d-2c0e-d08c2cc09528,d2298bb8-a5e5-735a-c8ca-9b18c7daacd6,d76dd3bd-ccb7-4991-a01f-ce158dfe908e,Plumbing,e213d0c5-7de3-4f91-b5d4-cda0cd2ade6c,2026-04-20 07:40:05.376739,2026-04-20 07:40:05.376739,logs+mt_match,0.0,24,24.0,,Collapsed timestamp,collapsed_timestamp,collapsed_timestamp,Excluded from genuine SLA KPI (migration-collapsed timestamps),Reconstructed SLA from ticket_logs lifecycle + issue_types.sla_hours (NOT verified app formula)
2afbc190-ef89-547a-a712-5a1baf55e2c0,d2298bb8-a5e5-735a-c8ca-9b18c7daacd6,caf6381e-5189-4c1f-bf0a-4dfd99d9b9e7,Washing machine Issue,e213d0c5-7de3-4f91-b5d4-cda0cd2ade6c,2026-04-20 07:40:05.376739,2026-04-20 07:40:05.376739,logs+mt_match,0.0,24,24.0,,Collapsed timestamp,collapsed_timestamp,collapsed_timestamp,Excluded from genuine SLA KPI (migration-collapsed timestamps),Reconstructed SLA from ticket_logs lifecycle + issue_types.sla_hours (NOT verified app formula)
cb88e974-53e8-cb0b-72fb-1e8409b7b2fd,990e8a3e-a69c-7b31-f606-3eeb21e3d4c6,d76dd3bd-ccb7-4991-a01f-ce158dfe908e,Plumbing,d2b6ece0-395c-4c27-9667-6d7ce50b417c,2026-04-20 07:40:05.376739,2026-04-20 07:40:05.376739,logs+mt_match,0.0,24,24.0,,Collapsed timestamp,collapsed_timestamp,collapsed_timestamp,Excluded from genuine SLA KPI (migration-collapsed timestamps),Reconstructed SLA from ticket_logs lifecycle + issue_types.sla_hours (NOT verified app formula)
7fd5bc9b-4cb3-8e7b-e296-aacc70fe390e,990e8a3e-a69c-7b31-f606-3eeb21e3d4c6,a5831922-eaeb-48c2-941c-fd96fae8813d,AC Issues,d2b6ece0-395c-4c27-9667-6d7ce50b417c,2026-04-20 07:40:05.376739,2026-04-20 07:40:05.376739,logs+mt_match,0.0,12,12.0,,Collapsed timestamp,collapsed_timestamp,collapsed_timestamp,Excluded from genuine SLA KPI (migration-collapsed timestamps),Reconstructed SLA from ticket_logs lifecycle + issue_types.sla_hours (NOT verified app formula)
79e5bb21-22c6-8b79-43b3-505f455eb348,990e8a3e-a69c-7b31-f606-3eeb21e3d4c6,28158382-d5c1-436c-927b-3e3d9855c2af,Electrical Issues,e213d0c5-7de3-4f91-b5d4-cda0cd2ade6c,2026-04-20 07:40:05.376739,2026-04-20 07:40:05.376739,logs+mt_match,0.0,6,6.0,,Collapsed timestamp,collapsed_timestamp,collapsed_timestamp,Excluded from genuine SLA KPI (migration-collapsed timestamps),Reconstructed SLA from ticket_logs lifecycle + issue_types.sla_hours (NOT verified app formula)
24e69fce-725c-f859-23d2-09810c7e72d4,990e8a3e-a69c-7b31-f606-3eeb21e3d4c6,47389994-b201-4bb1-bf91-8bce4dbde510,Other,e213d0c5-7de3-4f91-b5d4-cda0cd2ade6c,2026-04-20 07:40:05.376739,2026-04-20 07:40:05.376739,logs+mt_match,0.0,24,24.0,,Collapsed timestamp,collapsed_timestamp,collapsed_timestamp,Excluded from genuine SLA KPI (migration-collapsed timestamps),Reconstructed SLA from ticket_logs lifecycle + issue_types.sla_hours (NOT verified app formula)
09963920-afc7-8fcd-7829-b30987557b55,990e8a3e-a69c-7b31-f606-3eeb21e3d4c6,f3614e6e-8394-40cd-bbb3-b1f78e9f17c2,Billing Issues,e213d0c5-7de3-4f91-b5d4-cda0cd2ade6c,2026-04-20 07:40:05.376739,2026-04-20 07:40:05.376739,logs+mt_match,0.0,24,24.0,,Collapsed timestamp,collapsed_timestamp,collapsed_timestamp,Excluded from genuine SLA KPI (migration-collapsed timestamps),Reconstructed SLA from ticket_logs lifecycle + issue_types.sla_hours (NOT verified app formula)
c571eabe-749c-29ef-9207-0956a6800bb5,9d5d0096-0b78-a663-1142-be871dfa2bda,28158382-d5c1-436c-927b-3e3d9855c2af,Electrical Issues,e213d0c5-7de3-4f91-b5d4-cda0cd2ade6c,2026-04-20 07:40:05.376739,2026-04-20 07:40:05.376739,logs+mt_match,0.0,6,6.0,,Collapsed timestamp,collapsed_timestamp,collapsed_timestamp,Excluded from genuine SLA KPI (migration-collapsed timestamps),Reconstructed SLA from ticket_logs lifecycle + issue_types.sla_hours (NOT verified app formula)
ddf94358-0ea9-0871-0ed0-f48cc421d721,1b4d1066-8fe4-199b-7b3b-39e4bded9714,01208ba1-4225-4a61-be39-3afe03dad690,RO Water Issues,e213d0c5-7de3-4f91-b5d4-cda0cd2ade6c,2026-04-20 07:40:05.376739,2026-04-20 07:40:05.376739,logs+mt_match,0.0,6,6.0,,Collapsed timestamp,collapsed_timestamp,collapsed_timestamp,Excluded from genuine SLA KPI (migration-collapsed timestamps),Reconstructed SLA from ticket_logs lifecycle + issue_types.sla_hours (NOT verified app formula)
ce6db03e-7f9f-4564-73e7-e9d29ff78ab4,1b4d1066-8fe4-199b-7b3b-39e4bded9714,28158382-d5c1-436c-927b-3e3d9855c2af,Electrical Issues,e213d0c5-7de3-4f91-b5d4-cda0cd2ade6c,2026-04-20 07:40:05.376739,2026-04-20 07:40:05.376739,logs+mt_match,0.0,6,6.0,,Collapsed timestamp,collapsed_timestamp,collapsed_timestamp,Excluded from genuine SLA KPI (migration-collapsed timestamps),Reconstructed SLA from ticket_logs lifecycle + issue_types.sla_hours (NOT verified app formula)
aea3d88b-c517-2783-3d05-48f0546c4c57,1b4d1066-8fe4-199b-7b3b-39e4bded9714,28158382-d5c1-436c-927b-3e3d9855c2af,Electrical Issues,e213d0c5-7de3-4f91-b5d4-cda0cd2ade6c,2026-04-20 07:40:05.376739,2026-04-20 07:40:05.376739,logs+mt_match,0.0,6,6.0,,Collapsed timestamp,collapsed_timestamp,collapsed_timestamp,Excluded from genuine SLA KPI (migration-collapsed timestamps),Reconstructed SLA from ticket_logs lifecycle + issue_types.sla_hours (NOT verified app formula)
1142fbaa-dcc7-de1b-7bd8-be142ffa15cc,1b4d1066-8fe4-199b-7b3b-39e4bded9714,7917cc13-aaca-4558-a2c2-8be5cd8fc159,Internet Issues,e213d0c5-7de3-4f91-b5d4-cda0cd2ade6c,2026-04-20 07:40:05.376739,2026-04-20 07:40:05.376739,logs+mt_match,0.0,6,6.0,,Collapsed timestamp,collapsed_timestamp,collapsed_timestamp,Excluded from genuine SLA KPI (migration-collapsed timestamps),Reconstructed SLA from ticket_logs lifecycle + issue_types.sla_hours (NOT verified app formula)
09f81b2c-72e7-709d-5ba1-360f8646c884,1b4d1066-8fe4-199b-7b3b-39e4bded9714,ec405235-70e9-407e-9aa2-b877f8f36af8,Fridge Issues,e213d0c5-7de3-4f91-b5d4-cda0cd2ade6c,2026-04-20 07:40:05.376739,2026-04-20 07:40:05.376739,logs+mt_match,0.0,12,12.0,,Collapsed timestamp,collapsed_timestamp,collapsed_timestamp,Excluded from genuine SLA KPI (migration-collapsed timestamps),Reconstructed SLA from ticket_logs lifecycle + issue_types.sla_hours (NOT verified app formula)
1656ff84-c36f-d856-7314-b0a25a415913,1b4d1066-8fe4-199b-7b3b-39e4bded9714,d76dd3bd-ccb7-4991-a01f-ce158dfe908e,Plumbing,e213d0c5-7de3-4f91-b5d4-cda0cd2ade6c,2026-04-20 07:40:05.376739,2026-04-20 07:40:05.376739,logs+mt_match,0.0,24,24.0,,Collapsed timestamp,collapsed_timestamp,collapsed_timestamp,Excluded from genuine SLA KPI (migration-collapsed timestamps),Reconstructed SLA from ticket_logs lifecycle + issue_types.sla_hours (NOT verified app formula)
0c08f06f-7a08-3220-ee9c-6522b0b93825,1b4d1066-8fe4-199b-7b3b-39e4bded9714,28158382-d5c1-436c-927b-3e3d9855c2af,Electrical Issues,e213d0c5-7de3-4f91-b5d4-cda0cd2ade6c,2026-04-20 07:40:05.376739,2026-04-20 07:40:05.376739,logs+mt_match,0.0,6,6.0,,Collapsed timestamp,collapsed_timestamp,collapsed_timestamp,Excluded from genuine SLA KPI (migration-collapsed timestamps),Reconstructed SLA from ticket_logs lifecycle + issue_types.sla_hours (NOT verified app formula)
e81d0e92-c8ae-73c9-50de-586fcc1cbdf3,1b4d1066-8fe4-199b-7b3b-39e4bded9714,28158382-d5c1-436c-927b-3e3d9855c2af,Electrical Issues,e213d0c5-7de3-4f91-b5d4-cda0cd2ade6c,2026-04-20 07:40:05.376739,2026-04-20 07:40:05.376739,logs+mt_match,0.0,6,6.0,,Collapsed timestamp,collapsed_timestamp,collapsed_timestamp,Excluded from genuine SLA KPI (migration-collapsed timestamps),Reconstructed SLA from ticket_logs lifecycle + issue_types.sla_hours (NOT verified app formula)
2a3327d0-872c-007c-4a67-2a0a9b03c93b,1b4d1066-8fe4-199b-7b3b-39e4bded9714,28158382-d5c1-436c-927b-3e3d9855c2af,Electrical Issues,e213d0c5-7de3-4f91-b5d4-cda0cd2ade6c,2026-04-20 07:40:05.376739,2026-04-20 07:40:05.376739,logs+mt_match,0.0,6,6.0,,Collapsed timestamp,collapsed_timestamp,collapsed_timestamp,Excluded from genuine SLA KPI (migration-collapsed timestamps),Reconstructed SLA from ticket_logs lifecycle + issue_types.sla_hours (NOT verified app formula)
e61cc2bb-931d-59e6-1e2e-316293ff05e4,1b4d1066-8fe4-199b-7b3b-39e4bded9714,28158382-d5c1-436c-927b-3e3d9855c2af,Electrical Issues,e213d0c5-7de3-4f91-b5d4-cda0cd2ade6c,2026-04-20 07:40:05.376739,2026-04-20 07:40:05.376739,logs+mt_match,0.0,6,6.0,,Collapsed timestamp,collapsed_timestamp,collapsed_timestamp,Excluded from genuine SLA KPI (migration-collapsed timestamps),Reconstructed SLA from ticket_logs lifecycle + issue_types.sla_hours (NOT verified app formula)
10811cf6-6fa4-5c54-010e-863a8da4067e,1b4d1066-8fe4-199b-7b3b-39e4bded9714,d76dd3bd-ccb7-4991-a01f-ce158dfe908e,Plumbing,e213d0c5-7de3-4f91-b5d4-cda0cd2ade6c,2026-04-20 07:40:05.376739,2026-04-20 07:40:05.376739,logs+mt_match,0.0,24,24.0,,Collapsed timestamp,collapsed_timestamp,collapsed_timestamp,Excluded from genuine SLA KPI (migration-collapsed timestamps),Reconstructed SLA from ticket_logs lifecycle + issue_types.sla_hours (NOT verified app formula)
85bd1fef-51ab-3b14-6151-74d7fb0d6b7c,1b4d1066-8fe4-199b-7b3b-39e4bded9714,a5831922-eaeb-48c2-941c-fd96fae8813d,AC Issues,d2b6ece0-395c-4c27-9667-6d7ce50b417c,2026-04-20 07:40:05.376739,2026-04-20 07:40:05.376739,logs+mt_match,0.0,12,12.0,,Collapsed timestamp,collapsed_timestamp,collapsed_timestamp,Excluded from genuine SLA KPI (migration-collapsed timestamps),Reconstructed SLA from ticket_logs lifecycle + issue_types.sla_hours (NOT verified app formula)
abf38d2d-6fbf-d102-0915-ad1fa7488dca,1b4d1066-8fe4-199b-7b3b-39e4bded9714,caf6381e-5189-4c1f-bf0a-4dfd99d9b9e7,Washing machine Issue,e213d0c5-7de3-4f91-b5d4-cda0cd2ade6c,2026-04-20 07:40:05.376739,2026-04-20 07:40:05.376739,logs+mt_match,0.0,24,24.0,,Collapsed timestamp,collapsed_timestamp,collapsed_timestamp,Excluded from genuine SLA KPI (migration-collapsed timestamps),Reconstructed SLA from ticket_logs lifecycle + issue_types.sla_hours (NOT verified app formula)
e61d9b86-53e5-4ae3-755d-e8cb399dac7d,1b4d1066-8fe4-199b-7b3b-39e4bded9714,01208ba1-4225-4a61-be39-3afe03dad690,RO Water Issues,e213d0c5-7de3-4f91-b5d4-cda0cd2ade6c,2026-04-20 07:40:05.376739,2026-04-20 07:40:05.376739,logs+mt_match,0.0,6,6.0,,Collapsed timestamp,collapsed_timestamp,collapsed_timestamp,Excluded from genuine SLA KPI (migration-collapsed timestamps),Reconstructed SLA from ticket_logs lifecycle + issue_types.sla_hours (NOT verified app formula)
bfe6d0a1-db47-03ef-da0c-0b770d03b44b,1b4d1066-8fe4-199b-7b3b-39e4bded9714,01208ba1-4225-4a61-be39-3afe03dad690,RO Water Issues,e213d0c5-7de3-4f91-b5d4-cda0cd2ade6c,2026-04-20 07:40:05.376739,2026-04-20 07:40:05.376739,logs+mt_match,0.0,6,6.0,,Collapsed timestamp,collapsed_timestamp,collapsed_timestamp,Excluded from genuine SLA KPI (migration-collapsed timestamps),Reconstructed SLA from ticket_logs lifecycle + issue_types.sla_hours (NOT verified app formula)
8507f042-7a29-c3b6-3408-e31b541a76c2,1b4d1066-8fe4-199b-7b3b-39e4bded9714,d76dd3bd-ccb7-4991-a01f-ce158dfe908e,Plumbing,e213d0c5-7de3-4f91-b5d4-cda0cd2ade6c,2026-04-20 07:40:05.376739,2026-04-20 07:40:05.376739,logs+mt_match,0.0,24,24.0,,Collapsed timestamp,collapsed_timestamp,collapsed_timestamp,Excluded from genuine SLA KPI (migration-collapsed timestamps),Reconstructed SLA from ticket_logs lifecycle + issue_types.sla_hours (NOT verified app formula)
68f2b79b-99a7-fd31-c664-933f4296a50d,1b4d1066-8fe4-199b-7b3b-39e4bded9714,28158382-d5c1-436c-927b-3e3d9855c2af,Electrical Issues,e213d0c5-7de3-4f91-b5d4-cda0cd2ade6c,2026-04-20 07:40:05.376739,2026-04-20 07:40:05.376739,logs+mt_match,0.0,6,6.0,,Collapsed timestamp,collapsed_timestamp,collapsed_timestamp,Excluded from genuine SLA KPI (migration-collapsed timestamps),Reconstructed SLA from ticket_logs lifecycle + issue_types.sla_hours (NOT verified app formula)
fd95aa3b-dc52-7809-ca1e-c3a77c98640a,1b4d1066-8fe4-199b-7b3b-39e4bded9714,a5831922-eaeb-48c2-941c-fd96fae8813d,AC Issues,e213d0c5-7de3-4f91-b5d4-cda0cd2ade6c,2026-04-20 07:40:05.376739,2026-04-20 07:40:05.376739,logs+mt_match,0.0,12,12.0,,Collapsed timestamp,collapsed_timestamp,collapsed_timestamp,Excluded from genuine SLA KPI (migration-collapsed timestamps),Reconstructed SLA from ticket_logs lifecycle + issue_types.sla_hours (NOT verified app formula)
247a627c-f744-8179-498c-0e2e95528e61,1b4d1066-8fe4-199b-7b3b-39e4bded9714,caf6381e-5189-4c1f-bf0a-4dfd99d9b9e7,Washing machine Issue,e213d0c5-7de3-4f91-b5d4-cda0cd2ade6c,2026-04-20 07:40:05.376739,2026-04-20 07:40:05.376739,logs+mt_match,0.0,24,24.0,,Collapsed timestamp,collapsed_timestamp,collapsed_timestamp,Excluded from genuine SLA KPI (migration-collapsed timestamps),Reconstructed SLA from ticket_logs lifecycle + issue_types.sla_hours (NOT verified app formula)
cc6809fa-9153-7415-8aae-5e6e06e85431,1b4d1066-8fe4-199b-7b3b-39e4bded9714,a5831922-eaeb-48c2-941c-fd96fae8813d,AC Issues,e213d0c5-7de3-4f91-b5d4-cda0cd2ade6c,2026-04-20 07:40:05.376739,2026-04-20 07:40:05.376739,logs+mt_match,0.0,12,12.0,,Collapsed timestamp,collapsed_timestamp,collapsed_timestamp,Excluded from genuine SLA KPI (migration-collapsed timestamps),Reconstructed SLA from ticket_logs lifecycle + issue_types.sla_hours (NOT verified app formula)
d452baaa-641a-24de-db04-0e27f16ba62c,1b4d1066-8fe4-199b-7b3b-39e4bded9714,01208ba1-4225-4a61-be39-3afe03dad690,RO Water Issues,e213d0c5-7de3-4f91-b5d4-cda0cd2ade6c,2026-04-20 07:40:05.376739,2026-04-20 07:40:05.376739,logs+mt_match,0.0,6,6.0,,Collapsed timestamp,collapsed_timestamp,collapsed_timestamp,Excluded from genuine SLA KPI (migration-collapsed timestamps),Reconstructed SLA from ticket_logs lifecycle + issue_types.sla_hours (NOT verified app formula)
85ca321f-ffd0-7ab3-e1f7-8924bcc14eef,1b4d1066-8fe4-199b-7b3b-39e4bded9714,ec405235-70e9-407e-9aa2-b877f8f36af8,Fridge Issues,e213d0c5-7de3-4f91-b5d4-cda0cd2ade6c,2026-04-20 07:40:05.376739,2026-04-20 07:40:05.376739,logs+mt_match,0.0,12,12.0,,Collapsed timestamp,collapsed_timestamp,collapsed_timestamp,Excluded from genuine SLA KPI (migration-collapsed timestamps),Reconstructed SLA from ticket_logs lifecycle + issue_types.sla_hours (NOT verified app formula)
28ec0694-a088-19c4-4323-cd4553956079,1b4d1066-8fe4-199b-7b3b-39e4bded9714,a5831922-eaeb-48c2-941c-fd96fae8813d,AC Issues,bd081ad6-5fe3-4c1d-a919-81b1055efa19,2026-04-20 07:40:05.376739,2026-04-20 07:40:05.376739,logs+mt_match,0.0,12,12.0,,Collapsed timestamp,collapsed_timestamp,collapsed_timestamp,Excluded from genuine SLA KPI (migration-collapsed timestamps),Reconstructed SLA from ticket_logs lifecycle + issue_types.sla_hours (NOT verified app formula)
1e57c28b-1320-4b79-cf80-804c62ce33b0,1b4d1066-8fe4-199b-7b3b-39e4bded9714,d76dd3bd-ccb7-4991-a01f-ce158dfe908e,Plumbing,bd081ad6-5fe3-4c1d-a919-81b1055efa19,2026-04-20 07:40:05.376739,2026-04-20 07:40:05.376739,logs+mt_match,0.0,24,24.0,,Collapsed timestamp,collapsed_timestamp,collapsed_timestamp,Excluded from genuine SLA KPI (migration-collapsed timestamps),Reconstructed SLA from ticket_logs lifecycle + issue_types.sla_hours (NOT verified app formula)
03531a0e-3965-ab08-3d56-2dd34942f46c,1b4d1066-8fe4-199b-7b3b-39e4bded9714,d76dd3bd-ccb7-4991-a01f-ce158dfe908e,Plumbing,bd081ad6-5fe3-4c1d-a919-81b1055efa19,2026-04-20 07:40:05.376739,2026-04-20 07:40:05.376739,logs+mt_match,0.0,24,24.0,,Collapsed timestamp,collapsed_timestamp,collapsed_timestamp,Excluded from genuine SLA KPI (migration-collapsed timestamps),Reconstructed SLA from ticket_logs lifecycle + issue_types.sla_hours (NOT verified app formula)
9f53b279-80bb-d6c2-ac64-4a431b95bc5b,1b4d1066-8fe4-199b-7b3b-39e4bded9714,a5831922-eaeb-48c2-941c-fd96fae8813d,AC Issues,bd081ad6-5fe3-4c1d-a919-81b1055efa19,2026-04-20 07:40:05.376739,2026-04-20 07:40:05.376739,logs+mt_match,0.0,12,12.0,,Collapsed timestamp,collapsed_timestamp,collapsed_timestamp,Excluded from genuine SLA KPI (migration-collapsed timestamps),Reconstructed SLA from ticket_logs lifecycle + issue_types.sla_hours (NOT verified app formula)
df177e35-34fa-282b-99e3-d357ab89c159,86ad1ceb-8d81-a926-d998-3a2f1cafba06,47389994-b201-4bb1-bf91-8bce4dbde510,Other,e213d0c5-7de3-4f91-b5d4-cda0cd2ade6c,2026-04-20 07:40:05.376739,2026-04-20 07:40:05.376739,logs+mt_match,0.0,24,24.0,,Collapsed timestamp,collapsed_timestamp,collapsed_timestamp,Excluded from genuine SLA KPI (migration-collapsed timestamps),Reconstructed SLA from ticket_logs lifecycle + issue_types.sla_hours (NOT verified app formula)
62d4d454-72a1-4a9c-bf74-5e76d38d73a1,86ad1ceb-8d81-a926-d998-3a2f1cafba06,47389994-b201-4bb1-bf91-8bce4dbde510,Other,e213d0c5-7de3-4f91-b5d4-cda0cd2ade6c,2026-04-20 07:40:05.376739,2026-04-20 07:40:05.376739,logs+mt_match,0.0,24,24.0,,Collapsed timestamp,collapsed_timestamp,collapsed_timestamp,Excluded from genuine SLA KPI (migration-collapsed timestamps),Reconstructed SLA from ticket_logs lifecycle + issue_types.sla_hours (NOT verified app formula)
1dbdc9f9-607f-b4cc-0686-3b37b5ff8e2f,86ad1ceb-8d81-a926-d998-3a2f1cafba06,01208ba1-4225-4a61-be39-3afe03dad690,RO Water Issues,e213d0c5-7de3-4f91-b5d4-cda0cd2ade6c,2026-04-20 07:40:05.376739,2026-04-20 07:40:05.376739,logs+mt_match,0.0,6,6.0,,Collapsed timestamp,collapsed_timestamp,collapsed_timestamp,Excluded from genuine SLA KPI (migration-collapsed timestamps),Reconstructed SLA from ticket_logs lifecycle + issue_types.sla_hours (NOT verified app formula)
2e931b7a-d306-ca07-b025-a6de8424a0ef,86ad1ceb-8d81-a926-d998-3a2f1cafba06,47389994-b201-4bb1-bf91-8bce4dbde510,Other,e213d0c5-7de3-4f91-b5d4-cda0cd2ade6c,2026-04-20 07:40:05.376739,2026-04-20 07:40:05.376739,logs+mt_match,0.0,24,24.0,,Collapsed timestamp,collapsed_timestamp,collapsed_timestamp,Excluded from genuine SLA KPI (migration-collapsed timestamps),Reconstructed SLA from ticket_logs lifecycle + issue_types.sla_hours (NOT verified app formula)
4847fed3-1b82-6638-f5a1-7a9693648c96,79853a4a-cb02-508c-e041-7e23378aec9c,d76dd3bd-ccb7-4991-a01f-ce158dfe908e,Plumbing,e213d0c5-7de3-4f91-b5d4-cda0cd2ade6c,2026-04-20 07:40:05.376739,2026-04-20 07:40:05.376739,logs+mt_match,0.0,24,24.0,,Collapsed timestamp,collapsed_timestamp,collapsed_timestamp,Excluded from genuine SLA KPI (migration-collapsed timestamps),Reconstructed SLA from ticket_logs lifecycle + issue_types.sla_hours (NOT verified app formula)
5a925b9c-d1f8-0566-47d4-8ed4dd46dbb8,79853a4a-cb02-508c-e041-7e23378aec9c,47389994-b201-4bb1-bf91-8bce4dbde510,Other,e213d0c5-7de3-4f91-b5d4-cda0cd2ade6c,2026-04-20 07:40:05.376739,2026-04-20 07:40:05.376739,logs+mt_match,0.0,24,24.0,,Collapsed timestamp,collapsed_timestamp,collapsed_timestamp,Excluded from genuine SLA KPI (migration-collapsed timestamps),Reconstructed SLA from ticket_logs lifecycle + issue_types.sla_hours (NOT verified app formula)
24b7914b-5e48-2a00-b1ea-b8902ec62020,79853a4a-cb02-508c-e041-7e23378aec9c,28158382-d5c1-436c-927b-3e3d9855c2af,Electrical Issues,e213d0c5-7de3-4f91-b5d4-cda0cd2ade6c,2026-04-20 07:40:05.376739,2026-04-20 07:40:05.376739,logs+mt_match,0.0,6,6.0,,Collapsed timestamp,collapsed_timestamp,collapsed_timestamp,Excluded from genuine SLA KPI (migration-collapsed timestamps),Reconstructed SLA from ticket_logs lifecycle + issue_types.sla_hours (NOT verified app formula)
0a4cd8f2-2db8-9935-1b30-54c32fcbc537,aa73cade-c28c-dc5b-5980-55801ea0d415,a5831922-eaeb-48c2-941c-fd96fae8813d,AC Issues,d2b6ece0-395c-4c27-9667-6d7ce50b417c,2026-04-20 07:40:05.376739,2026-04-20 07:40:05.376739,logs+mt_match,0.0,12,12.0,,Collapsed timestamp,collapsed_timestamp,collapsed_timestamp,Excluded from genuine SLA KPI (migration-collapsed timestamps),Reconstructed SLA from ticket_logs lifecycle + issue_types.sla_hours (NOT verified app formula)
203ce1fb-f4ef-1b37-08de-ac71a6646312,aa73cade-c28c-dc5b-5980-55801ea0d415,28158382-d5c1-436c-927b-3e3d9855c2af,Electrical Issues,d2b6ece0-395c-4c27-9667-6d7ce50b417c,2026-04-20 07:40:05.376739,2026-04-20 07:40:05.376739,logs+mt_match,0.0,6,6.0,,Collapsed timestamp,collapsed_timestamp,collapsed_timestamp,Excluded from genuine SLA KPI (migration-collapsed timestamps),Reconstructed SLA from ticket_logs lifecycle + issue_types.sla_hours (NOT verified app formula)
0e58e701-d08d-a59c-2ad8-3f1a8c69219c,aa73cade-c28c-dc5b-5980-55801ea0d415,d76dd3bd-ccb7-4991-a01f-ce158dfe908e,Plumbing,e213d0c5-7de3-4f91-b5d4-cda0cd2ade6c,2026-04-20 07:40:05.376739,2026-04-20 07:40:05.376739,logs+mt_match,0.0,24,24.0,,Collapsed timestamp,collapsed_timestamp,collapsed_timestamp,Excluded from genuine SLA KPI (migration-collapsed timestamps),Reconstructed SLA from ticket_logs lifecycle + issue_types.sla_hours (NOT verified app formula)
23404ee7-bf50-01a4-3fac-ca1189241380,aa73cade-c28c-dc5b-5980-55801ea0d415,a5831922-eaeb-48c2-941c-fd96fae8813d,AC Issues,e213d0c5-7de3-4f91-b5d4-cda0cd2ade6c,2026-04-20 07:40:05.376739,2026-04-20 07:40:05.376739,logs+mt_match,0.0,12,12.0,,Collapsed timestamp,collapsed_timestamp,collapsed_timestamp,Excluded from genuine SLA KPI (migration-collapsed timestamps),Reconstructed SLA from ticket_logs lifecycle + issue_types.sla_hours (NOT verified app formula)
e3104f55-5184-c89b-8fdd-b79b306522b5,aa73cade-c28c-dc5b-5980-55801ea0d415,a5831922-eaeb-48c2-941c-fd96fae8813d,AC Issues,e213d0c5-7de3-4f91-b5d4-cda0cd2ade6c,2026-04-20 07:40:05.376739,2026-04-20 07:40:05.376739,logs+mt_match,0.0,12,12.0,,Collapsed timestamp,collapsed_timestamp,collapsed_timestamp,Excluded from genuine SLA KPI (migration-collapsed timestamps),Reconstructed SLA from ticket_logs lifecycle + issue_types.sla_hours (NOT verified app formula)
447d278c-ec24-ea0d-d97e-612c035047aa,aa73cade-c28c-dc5b-5980-55801ea0d415,a5831922-eaeb-48c2-941c-fd96fae8813d,AC Issues,d2b6ece0-395c-4c27-9667-6d7ce50b417c,2026-04-20 07:40:05.376739,2026-04-20 07:40:05.376739,logs+mt_match,0.0,12,12.0,,Collapsed timestamp,collapsed_timestamp,collapsed_timestamp,Excluded from genuine SLA KPI (migration-collapsed timestamps),Reconstructed SLA from ticket_logs lifecycle + issue_types.sla_hours (NOT verified app formula)
a6ec186d-73a9-1f62-04cf-cc99bb49e59b,aa73cade-c28c-dc5b-5980-55801ea0d415,28158382-d5c1-436c-927b-3e3d9855c2af,Electrical Issues,d2b6ece0-395c-4c27-9667-6d7ce50b417c,2026-04-20 07:40:05.376739,2026-04-20 07:40:05.376739,logs+mt_match,0.0,6,6.0,,Collapsed timestamp,collapsed_timestamp,collapsed_timestamp,Excluded from genuine SLA KPI (migration-collapsed timestamps),Reconstructed SLA from ticket_logs lifecycle + issue_types.sla_hours (NOT verified app formula)
a0b9da19-2d75-f36c-381c-cc12226c6796,aa73cade-c28c-dc5b-5980-55801ea0d415,01208ba1-4225-4a61-be39-3afe03dad690,RO Water Issues,bd081ad6-5fe3-4c1d-a919-81b1055efa19,2026-04-20 07:40:05.376739,2026-04-20 07:40:05.376739,logs+mt_match,0.0,6,6.0,,Collapsed timestamp,collapsed_timestamp,collapsed_timestamp,Excluded from genuine SLA KPI (migration-collapsed timestamps),Reconstructed SLA from ticket_logs lifecycle + issue_types.sla_hours (NOT verified app formula)
8a8311f9-e077-c1eb-9d82-bf29c1cb8760,bc7f358d-0d6d-f95f-ff80-9089eefdef69,01208ba1-4225-4a61-be39-3afe03dad690,RO Water Issues,e213d0c5-7de3-4f91-b5d4-cda0cd2ade6c,2026-04-20 07:40:05.376739,2026-04-20 07:40:05.376739,logs+mt_match,0.0,6,6.0,,Collapsed timestamp,collapsed_timestamp,collapsed_timestamp,Excluded from genuine SLA KPI (migration-collapsed timestamps),Reconstructed SLA from ticket_logs lifecycle + issue_types.sla_hours (NOT verified app formula)
dad411af-d52f-f78c-9f02-9e68d034ff23,bc7f358d-0d6d-f95f-ff80-9089eefdef69,01208ba1-4225-4a61-be39-3afe03dad690,RO Water Issues,e213d0c5-7de3-4f91-b5d4-cda0cd2ade6c,2026-04-20 07:40:05.376739,2026-04-20 07:40:05.376739,logs+mt_match,0.0,6,6.0,,Collapsed timestamp,collapsed_timestamp,collapsed_timestamp,Excluded from genuine SLA KPI (migration-collapsed timestamps),Reconstructed SLA from ticket_logs lifecycle + issue_types.sla_hours (NOT verified app formula)
ac3b2089-fd17-8405-c0da-36694478e99a,bc7f358d-0d6d-f95f-ff80-9089eefdef69,d76dd3bd-ccb7-4991-a01f-ce158dfe908e,Plumbing,d2b6ece0-395c-4c27-9667-6d7ce50b417c,2026-04-20 07:40:05.376739,2026-04-20 07:40:05.376739,logs+mt_match,0.0,24,24.0,,Collapsed timestamp,collapsed_timestamp,collapsed_timestamp,Excluded from genuine SLA KPI (migration-collapsed timestamps),Reconstructed SLA from ticket_logs lifecycle + issue_types.sla_hours (NOT verified app formula)
e3380041-43a8-3990-0d7e-afbde37b3059,bc7f358d-0d6d-f95f-ff80-9089eefdef69,7917cc13-aaca-4558-a2c2-8be5cd8fc159,Internet Issues,e213d0c5-7de3-4f91-b5d4-cda0cd2ade6c,2026-04-20 07:40:05.376739,2026-04-20 07:40:05.376739,logs+mt_match,0.0,6,6.0,,Collapsed timestamp,collapsed_timestamp,collapsed_timestamp,Excluded from genuine SLA KPI (migration-collapsed timestamps),Reconstructed SLA from ticket_logs lifecycle + issue_types.sla_hours (NOT verified app formula)
4127a382-8952-99ca-1643-4cdf2ad23be1,bc7f358d-0d6d-f95f-ff80-9089eefdef69,e2aa2aaa-8af6-4807-9a4e-7665c5421eed,Furniture,e213d0c5-7de3-4f91-b5d4-cda0cd2ade6c,2026-04-20 07:40:05.376739,2026-04-20 07:40:05.376739,logs+mt_match,0.0,24,24.0,,Collapsed timestamp,collapsed_timestamp,collapsed_timestamp,Excluded from genuine SLA KPI (migration-collapsed timestamps),Reconstructed SLA from ticket_logs lifecycle + issue_types.sla_hours (NOT verified app formula)
c0b69336-c6f6-d65a-f712-53e612261f9e,bc7f358d-0d6d-f95f-ff80-9089eefdef69,e2aa2aaa-8af6-4807-9a4e-7665c5421eed,Furniture,e213d0c5-7de3-4f91-b5d4-cda0cd2ade6c,2026-04-20 07:40:05.376739,2026-04-20 07:40:05.376739,logs+mt_match,0.0,24,24.0,,Collapsed timestamp,collapsed_timestamp,collapsed_timestamp,Excluded from genuine SLA KPI (migration-collapsed timestamps),Reconstructed SLA from ticket_logs lifecycle + issue_types.sla_hours (NOT verified app formula)
5eca8d51-c2b6-ec11-b6e6-89dd2897b075,bc7f358d-0d6d-f95f-ff80-9089eefdef69,caf6381e-5189-4c1f-bf0a-4dfd99d9b9e7,Washing machine Issue,e213d0c5-7de3-4f91-b5d4-cda0cd2ade6c,2026-04-20 07:40:05.376739,2026-04-20 07:40:05.376739,logs+mt_match,0.0,24,24.0,,Collapsed timestamp,collapsed_timestamp,collapsed_timestamp,Excluded from genuine SLA KPI (migration-collapsed timestamps),Reconstructed SLA from ticket_logs lifecycle + issue_types.sla_hours (NOT verified app formula)
bc76ebbc-cb82-bdd7-d9c6-de4748cd0326,bc7f358d-0d6d-f95f-ff80-9089eefdef69,e2aa2aaa-8af6-4807-9a4e-7665c5421eed,Furniture,e213d0c5-7de3-4f91-b5d4-cda0cd2ade6c,2026-04-20 07:40:05.376739,2026-04-20 07:40:05.376739,logs+mt_match,0.0,24,24.0,,Collapsed timestamp,collapsed_timestamp,collapsed_timestamp,Excluded from genuine SLA KPI (migration-collapsed timestamps),Reconstructed SLA from ticket_logs lifecycle + issue_types.sla_hours (NOT verified app formula)
981261d4-3c5b-8adc-db69-ae84bcc1dba3,5d204545-2f72-b89b-3190-a826b5ab6512,a5831922-eaeb-48c2-941c-fd96fae8813d,AC Issues,e213d0c5-7de3-4f91-b5d4-cda0cd2ade6c,2026-04-20 07:40:05.376739,2026-04-20 07:40:05.376739,logs+mt_match,0.0,12,12.0,,Collapsed timestamp,collapsed_timestamp,collapsed_timestamp,Excluded from genuine SLA KPI (migration-collapsed timestamps),Reconstructed SLA from ticket_logs lifecycle + issue_types.sla_hours (NOT verified app formula)
1a1395c3-f76b-19bf-1d27-c52cc4711aa6,5d204545-2f72-b89b-3190-a826b5ab6512,a5831922-eaeb-48c2-941c-fd96fae8813d,AC Issues,e213d0c5-7de3-4f91-b5d4-cda0cd2ade6c,2026-04-20 07:40:05.376739,2026-04-20 07:40:05.376739,logs+mt_match,0.0,12,12.0,,Collapsed timestamp,collapsed_timestamp,collapsed_timestamp,Excluded from genuine SLA KPI (migration-collapsed timestamps),Reconstructed SLA from ticket_logs lifecycle + issue_types.sla_hours (NOT verified app formula)
05d64e3b-69dd-31cc-8145-43d4e66a50f4,5d204545-2f72-b89b-3190-a826b5ab6512,7917cc13-aaca-4558-a2c2-8be5cd8fc159,Internet Issues,e213d0c5-7de3-4f91-b5d4-cda0cd2ade6c,2026-04-20 07:40:05.376739,2026-04-20 07:40:05.376739,logs+mt_match,0.0,6,6.0,,Collapsed timestamp,collapsed_timestamp,collapsed_timestamp,Excluded from genuine SLA KPI (migration-collapsed timestamps),Reconstructed SLA from ticket_logs lifecycle + issue_types.sla_hours (NOT verified app formula)
d9460800-359b-4052-f607-37cbccea4f3e,5d204545-2f72-b89b-3190-a826b5ab6512,e2aa2aaa-8af6-4807-9a4e-7665c5421eed,Furniture,e213d0c5-7de3-4f91-b5d4-cda0cd2ade6c,2026-04-20 07:40:05.376739,2026-04-20 07:40:05.376739,logs+mt_match,0.0,24,24.0,,Collapsed timestamp,collapsed_timestamp,collapsed_timestamp,Excluded from genuine SLA KPI (migration-collapsed timestamps),Reconstructed SLA from ticket_logs lifecycle + issue_types.sla_hours (NOT verified app formula)
f9dad515-1c6b-4b4f-4de5-8520cd2993b5,5d204545-2f72-b89b-3190-a826b5ab6512,d76dd3bd-ccb7-4991-a01f-ce158dfe908e,Plumbing,e213d0c5-7de3-4f91-b5d4-cda0cd2ade6c,2026-04-20 07:40:05.376739,2026-04-20 07:40:05.376739,logs+mt_match,0.0,24,24.0,,Collapsed timestamp,collapsed_timestamp,collapsed_timestamp,Excluded from genuine SLA KPI (migration-collapsed timestamps),Reconstructed SLA from ticket_logs lifecycle + issue_types.sla_hours (NOT verified app formula)
fb51ea4d-9db5-2145-4d51-c0cc488c77cc,5d204545-2f72-b89b-3190-a826b5ab6512,a5831922-eaeb-48c2-941c-fd96fae8813d,AC Issues,e213d0c5-7de3-4f91-b5d4-cda0cd2ade6c,2026-04-20 07:40:05.376739,2026-04-20 07:40:05.376739,logs+mt_match,0.0,12,12.0,,Collapsed timestamp,collapsed_timestamp,collapsed_timestamp,Excluded from genuine SLA KPI (migration-collapsed timestamps),Reconstructed SLA from ticket_logs lifecycle + issue_types.sla_hours (NOT verified app formula)
51eaca41-c28a-29b0-99c6-ab86a1ece54b,5d204545-2f72-b89b-3190-a826b5ab6512,e2aa2aaa-8af6-4807-9a4e-7665c5421eed,Furniture,e213d0c5-7de3-4f91-b5d4-cda0cd2ade6c,2026-04-20 07:40:05.376739,2026-04-20 07:40:05.376739,logs+mt_match,0.0,24,24.0,,Collapsed timestamp,collapsed_timestamp,collapsed_timestamp,Excluded from genuine SLA KPI (migration-collapsed timestamps),Reconstructed SLA from ticket_logs lifecycle + issue_types.sla_hours (NOT verified app formula)
39be7a6d-dc55-7d43-7ebc-b1224b409f99,5d204545-2f72-b89b-3190-a826b5ab6512,caf6381e-5189-4c1f-bf0a-4dfd99d9b9e7,Washing machine Issue,d2b6ece0-395c-4c27-9667-6d7ce50b417c,2026-04-20 07:40:05.376739,2026-04-20 07:40:05.376739,logs+mt_match,0.0,24,24.0,,Collapsed timestamp,collapsed_timestamp,collapsed_timestamp,Excluded from genuine SLA KPI (migration-collapsed timestamps),Reconstructed SLA from ticket_logs lifecycle + issue_types.sla_hours (NOT verified app formula)
426a131a-c589-9ad6-e71c-7850a464b002,5d204545-2f72-b89b-3190-a826b5ab6512,47389994-b201-4bb1-bf91-8bce4dbde510,Other,d2b6ece0-395c-4c27-9667-6d7ce50b417c,2026-04-20 07:40:05.376739,2026-04-20 07:40:05.376739,logs+mt_match,0.0,24,24.0,,Collapsed timestamp,collapsed_timestamp,collapsed_timestamp,Excluded from genuine SLA KPI (migration-collapsed timestamps),Reconstructed SLA from ticket_logs lifecycle + issue_types.sla_hours (NOT verified app formula)
2f805829-2fb8-7a88-3d1c-2e6f3078d664,5d204545-2f72-b89b-3190-a826b5ab6512,47389994-b201-4bb1-bf91-8bce4dbde510,Other,d2b6ece0-395c-4c27-9667-6d7ce50b417c,2026-04-20 07:40:05.376739,2026-04-20 07:40:05.376739,logs+mt_match,0.0,24,24.0,,Collapsed timestamp,collapsed_timestamp,collapsed_timestamp,Excluded from genuine SLA KPI (migration-collapsed timestamps),Reconstructed SLA from ticket_logs lifecycle + issue_types.sla_hours (NOT verified app formula)
426fd85d-0eae-4e36-2d0a-74ee0148d9b4,b0d4d2c8-f6ee-bc16-ffd7-fc33c8db8571,47389994-b201-4bb1-bf91-8bce4dbde510,Other,e213d0c5-7de3-4f91-b5d4-cda0cd2ade6c,2026-04-20 07:40:05.376739,2026-04-20 07:40:05.376739,logs+mt_match,0.0,24,24.0,,Collapsed timestamp,collapsed_timestamp,collapsed_timestamp,Excluded from genuine SLA KPI (migration-collapsed timestamps),Reconstructed SLA from ticket_logs lifecycle + issue_types.sla_hours (NOT verified app formula)
912e14a6-6b54-baf4-5eaf-c485f59e5529,b0d4d2c8-f6ee-bc16-ffd7-fc33c8db8571,47389994-b201-4bb1-bf91-8bce4dbde510,Other,e213d0c5-7de3-4f91-b5d4-cda0cd2ade6c,2026-04-20 07:40:05.376739,2026-04-20 07:40:05.376739,logs+mt_match,0.0,24,24.0,,Collapsed timestamp,collapsed_timestamp,collapsed_timestamp,Excluded from genuine SLA KPI (migration-collapsed timestamps),Reconstructed SLA from ticket_logs lifecycle + issue_types.sla_hours (NOT verified app formula)
1dc17326-126e-c888-59c5-f65ba7f151b3,b0d4d2c8-f6ee-bc16-ffd7-fc33c8db8571,47389994-b201-4bb1-bf91-8bce4dbde510,Other,e213d0c5-7de3-4f91-b5d4-cda0cd2ade6c,2026-04-20 07:40:05.376739,2026-04-20 07:40:05.376739,logs+mt_match,0.0,24,24.0,,Collapsed timestamp,collapsed_timestamp,collapsed_timestamp,Excluded from genuine SLA KPI (migration-collapsed timestamps),Reconstructed SLA from ticket_logs lifecycle + issue_types.sla_hours (NOT verified app formula)
f3acbb18-9cf1-6150-3522-83ecf16cc409,82b270bf-e567-2deb-5ef3-495baafd7645,e2aa2aaa-8af6-4807-9a4e-7665c5421eed,Furniture,e213d0c5-7de3-4f91-b5d4-cda0cd2ade6c,2026-04-20 07:40:05.376739,2026-04-20 07:40:05.376739,logs+mt_match,0.0,24,24.0,,Collapsed timestamp,collapsed_timestamp,collapsed_timestamp,Excluded from genuine SLA KPI (migration-collapsed timestamps),Reconstructed SLA from ticket_logs lifecycle + issue_types.sla_hours (NOT verified app formula)
ea46b250-7c89-56bc-6da1-73cddb149d51,5d204545-2f72-b89b-3190-a826b5ab6512,a5831922-eaeb-48c2-941c-fd96fae8813d,AC Issues,d2b6ece0-395c-4c27-9667-6d7ce50b417c,2026-04-20 07:40:05.376739,2026-04-20 07:40:05.376739,logs+mt_match,0.0,12,12.0,,Collapsed timestamp,collapsed_timestamp,collapsed_timestamp,Excluded from genuine SLA KPI (migration-collapsed timestamps),Reconstructed SLA from ticket_logs lifecycle + issue_types.sla_hours (NOT verified app formula)
16824e25-1f75-89a0-9bc8-1d0749eccfa8,5d204545-2f72-b89b-3190-a826b5ab6512,a5831922-eaeb-48c2-941c-fd96fae8813d,AC Issues,d2b6ece0-395c-4c27-9667-6d7ce50b417c,2026-04-20 07:40:05.376739,2026-04-20 07:40:05.376739,logs+mt_match,0.0,12,12.0,,Collapsed timestamp,collapsed_timestamp,collapsed_timestamp,Excluded from genuine SLA KPI (migration-collapsed timestamps),Reconstructed SLA from ticket_logs lifecycle + issue_types.sla_hours (NOT verified app formula)
3bc479ca-6d81-09b6-6ecb-30ec2cf68781,5d204545-2f72-b89b-3190-a826b5ab6512,28158382-d5c1-436c-927b-3e3d9855c2af,Electrical Issues,d2b6ece0-395c-4c27-9667-6d7ce50b417c,2026-04-20 07:40:05.376739,2026-04-20 07:40:05.376739,logs+mt_match,0.0,6,6.0,,Collapsed timestamp,collapsed_timestamp,collapsed_timestamp,Excluded from genuine SLA KPI (migration-collapsed timestamps),Reconstructed SLA from ticket_logs lifecycle + issue_types.sla_hours (NOT verified app formula)
0ccf2132-aaa6-a3d2-640d-87700fd8d69c,5d204545-2f72-b89b-3190-a826b5ab6512,d76dd3bd-ccb7-4991-a01f-ce158dfe908e,Plumbing,d2b6ece0-395c-4c27-9667-6d7ce50b417c,2026-04-20 07:40:05.376739,2026-04-20 07:40:05.376739,logs+mt_match,0.0,24,24.0,,Collapsed timestamp,collapsed_timestamp,collapsed_timestamp,Excluded from genuine SLA KPI (migration-collapsed timestamps),Reconstructed SLA from ticket_logs lifecycle + issue_types.sla_hours (NOT verified app formula)
61d44faa-d7f1-67a8-b8fe-8dda77dcc66c,5d204545-2f72-b89b-3190-a826b5ab6512,caf6381e-5189-4c1f-bf0a-4dfd99d9b9e7,Washing machine Issue,d2b6ece0-395c-4c27-9667-6d7ce50b417c,2026-04-20 07:40:05.376739,2026-04-20 07:40:05.376739,logs+mt_match,0.0,24,24.0,,Collapsed timestamp,collapsed_timestamp,collapsed_timestamp,Excluded from genuine SLA KPI (migration-collapsed timestamps),Reconstructed SLA from ticket_logs lifecycle + issue_types.sla_hours (NOT verified app formula)
fb2a8321-828e-f0b6-2f8e-4edc9a9f8bc0,5d204545-2f72-b89b-3190-a826b5ab6512,caf6381e-5189-4c1f-bf0a-4dfd99d9b9e7,Washing machine Issue,d2b6ece0-395c-4c27-9667-6d7ce50b417c,2026-04-20 07:40:05.376739,2026-04-20 07:40:05.376739,logs+mt_match,0.0,24,24.0,,Collapsed timestamp,collapsed_timestamp,collapsed_timestamp,Excluded from genuine SLA KPI (migration-collapsed timestamps),Reconstructed SLA from ticket_logs lifecycle + issue_types.sla_hours (NOT verified app formula)
41b155ae-0f70-9866-7ebd-1596f05e95c4,5d204545-2f72-b89b-3190-a826b5ab6512,a5831922-eaeb-48c2-941c-fd96fae8813d,AC Issues,d2b6ece0-395c-4c27-9667-6d7ce50b417c,2026-04-20 07:40:05.376739,2026-04-20 07:40:05.376739,logs+mt_match,0.0,12,12.0,,Collapsed timestamp,collapsed_timestamp,collapsed_timestamp,Excluded from genuine SLA KPI (migration-collapsed timestamps),Reconstructed SLA from ticket_logs lifecycle + issue_types.sla_hours (NOT verified app formula)
645aeafa-c16f-4cfc-0e99-6cf755a10311,5d204545-2f72-b89b-3190-a826b5ab6512,a5831922-eaeb-48c2-941c-fd96fae8813d,AC Issues,d2b6ece0-395c-4c27-9667-6d7ce50b417c,2026-04-20 07:40:05.376739,2026-04-20 07:40:05.376739,logs+mt_match,0.0,12,12.0,,Collapsed timestamp,collapsed_timestamp,collapsed_timestamp,Excluded from genuine SLA KPI (migration-collapsed timestamps),Reconstructed SLA from ticket_logs lifecycle + issue_types.sla_hours (NOT verified app formula)
8e402122-6b6b-6fc7-cace-ed00f0853c59,5d204545-2f72-b89b-3190-a826b5ab6512,a5831922-eaeb-48c2-941c-fd96fae8813d,AC Issues,e213d0c5-7de3-4f91-b5d4-cda0cd2ade6c,2026-04-20 07:40:05.376739,2026-04-20 07:40:05.376739,logs+mt_match,0.0,12,12.0,,Collapsed timestamp,collapsed_timestamp,collapsed_timestamp,Excluded from genuine SLA KPI (migration-collapsed timestamps),Reconstructed SLA from ticket_logs lifecycle + issue_types.sla_hours (NOT verified app formula)
41d3cf70-f318-b786-4010-902e3fd05280,5d204545-2f72-b89b-3190-a826b5ab6512,a5831922-eaeb-48c2-941c-fd96fae8813d,AC Issues,d2b6ece0-395c-4c27-9667-6d7ce50b417c,2026-04-20 07:40:05.376739,2026-04-20 07:40:05.376739,logs+mt_match,0.0,12,12.0,,Collapsed timestamp,collapsed_timestamp,collapsed_timestamp,Excluded from genuine SLA KPI (migration-collapsed timestamps),Reconstructed SLA from ticket_logs lifecycle + issue_types.sla_hours (NOT verified app formula)
46bb75e7-11af-198c-0abf-9e1bffda7010,5d204545-2f72-b89b-3190-a826b5ab6512,e2aa2aaa-8af6-4807-9a4e-7665c5421eed,Furniture,d2b6ece0-395c-4c27-9667-6d7ce50b417c,2026-04-20 07:40:05.376739,2026-04-20 07:40:05.376739,logs+mt_match,0.0,24,24.0,,Collapsed timestamp,collapsed_timestamp,collapsed_timestamp,Excluded from genuine SLA KPI (migration-collapsed timestamps),Reconstructed SLA from ticket_logs lifecycle + issue_types.sla_hours (NOT verified app formula)
f88b2c3f-8ae0-b291-402a-962c760dfe06,5d204545-2f72-b89b-3190-a826b5ab6512,abc84f5b-a950-406e-ab46-cefbe11df925,Cleaning Issues,d2b6ece0-395c-4c27-9667-6d7ce50b417c,2026-04-20 07:40:05.376739,2026-04-20 07:40:05.376739,logs+mt_match,0.0,4,4.0,,Collapsed timestamp,collapsed_timestamp,collapsed_timestamp,Excluded from genuine SLA KPI (migration-collapsed timestamps),Reconstructed SLA from ticket_logs lifecycle + issue_types.sla_hours (NOT verified app formula)
09c5b0a5-24b7-28fb-288c-8469809c38fe,5d204545-2f72-b89b-3190-a826b5ab6512,d76dd3bd-ccb7-4991-a01f-ce158dfe908e,Plumbing,e213d0c5-7de3-4f91-b5d4-cda0cd2ade6c,2026-04-20 07:40:05.376739,2026-04-20 07:40:05.376739,logs+mt_match,0.0,24,24.0,,Collapsed timestamp,collapsed_timestamp,collapsed_timestamp,Excluded from genuine SLA KPI (migration-collapsed timestamps),Reconstructed SLA from ticket_logs lifecycle + issue_types.sla_hours (NOT verified app formula)
54541597-831f-7957-88dd-62cedd74b747,5d204545-2f72-b89b-3190-a826b5ab6512,28158382-d5c1-436c-927b-3e3d9855c2af,Electrical Issues,e213d0c5-7de3-4f91-b5d4-cda0cd2ade6c,2026-04-20 07:40:05.376739,2026-04-20 07:40:05.376739,logs+mt_match,0.0,6,6.0,,Collapsed timestamp,collapsed_timestamp,collapsed_timestamp,Excluded from genuine SLA KPI (migration-collapsed timestamps),Reconstructed SLA from ticket_logs lifecycle + issue_types.sla_hours (NOT verified app formula)
117f9f22-b73f-e9dd-8f22-c26ca7f4570d,5d204545-2f72-b89b-3190-a826b5ab6512,caf6381e-5189-4c1f-bf0a-4dfd99d9b9e7,Washing machine Issue,d2b6ece0-395c-4c27-9667-6d7ce50b417c,2026-04-20 07:40:05.376739,2026-04-20 07:40:05.376739,logs+mt_match,0.0,24,24.0,,Collapsed timestamp,collapsed_timestamp,collapsed_timestamp,Excluded from genuine SLA KPI (migration-collapsed timestamps),Reconstructed SLA from ticket_logs lifecycle + issue_types.sla_hours (NOT verified app formula)
b6d17344-d2da-e8d7-812e-f76c7a390e58,5d204545-2f72-b89b-3190-a826b5ab6512,28158382-d5c1-436c-927b-3e3d9855c2af,Electrical Issues,e213d0c5-7de3-4f91-b5d4-cda0cd2ade6c,2026-04-20 07:40:05.376739,2026-04-20 07:40:05.376739,logs+mt_match,0.0,6,6.0,,Collapsed timestamp,collapsed_timestamp,collapsed_timestamp,Excluded from genuine SLA KPI (migration-collapsed timestamps),Reconstructed SLA from ticket_logs lifecycle + issue_types.sla_hours (NOT verified app formula)
3ab4faa5-abf5-31b8-fdbf-8ffb543cdbb0,dc4adc21-f501-0573-2e9a-d7bbbc89e5d6,a5831922-eaeb-48c2-941c-fd96fae8813d,AC Issues,d2b6ece0-395c-4c27-9667-6d7ce50b417c,2026-04-20 07:40:05.376739,2026-04-20 07:40:05.376739,logs+mt_match,0.0,12,12.0,,Collapsed timestamp,collapsed_timestamp,collapsed_timestamp,Excluded from genuine SLA KPI (migration-collapsed timestamps),Reconstructed SLA from ticket_logs lifecycle + issue_types.sla_hours (NOT verified app formula)
74049431-1314-fb4a-0d41-7894a6035d00,dc4adc21-f501-0573-2e9a-d7bbbc89e5d6,d76dd3bd-ccb7-4991-a01f-ce158dfe908e,Plumbing,d2b6ece0-395c-4c27-9667-6d7ce50b417c,2026-04-20 07:40:05.376739,2026-04-20 07:40:05.376739,logs+mt_match,0.0,24,24.0,,Collapsed timestamp,collapsed_timestamp,collapsed_timestamp,Excluded from genuine SLA KPI (migration-collapsed timestamps),Reconstructed SLA from ticket_logs lifecycle + issue_types.sla_hours (NOT verified app formula)
2cb9a7fb-76a2-068b-b739-041830b3edd7,dc4adc21-f501-0573-2e9a-d7bbbc89e5d6,01208ba1-4225-4a61-be39-3afe03dad690,RO Water Issues,d2b6ece0-395c-4c27-9667-6d7ce50b417c,2026-04-20 07:40:05.376739,2026-04-20 07:40:05.376739,logs+mt_match,0.0,6,6.0,,Collapsed timestamp,collapsed_timestamp,collapsed_timestamp,Excluded from genuine SLA KPI (migration-collapsed timestamps),Reconstructed SLA from ticket_logs lifecycle + issue_types.sla_hours (NOT verified app formula)
cc629fcc-fb15-5872-b444-904e2646d3f3,dc4adc21-f501-0573-2e9a-d7bbbc89e5d6,7917cc13-aaca-4558-a2c2-8be5cd8fc159,Internet Issues,d2b6ece0-395c-4c27-9667-6d7ce50b417c,2026-04-20 07:40:05.376739,2026-04-20 07:40:05.376739,logs+mt_match,0.0,6,6.0,,Collapsed timestamp,collapsed_timestamp,collapsed_timestamp,Excluded from genuine SLA KPI (migration-collapsed timestamps),Reconstructed SLA from ticket_logs lifecycle + issue_types.sla_hours (NOT verified app formula)
6071c6e8-f56c-00d1-94a1-f3a3de65dce0,dc4adc21-f501-0573-2e9a-d7bbbc89e5d6,47389994-b201-4bb1-bf91-8bce4dbde510,Other,d2b6ece0-395c-4c27-9667-6d7ce50b417c,2026-04-20 07:40:05.376739,2026-04-20 07:40:05.376739,logs+mt_match,0.0,24,24.0,,Collapsed timestamp,collapsed_timestamp,collapsed_timestamp,Excluded from genuine SLA KPI (migration-collapsed timestamps),Reconstructed SLA from ticket_logs lifecycle + issue_types.sla_hours (NOT verified app formula)
760c7838-d6cc-4adc-250b-62e58c4d778b,dc4adc21-f501-0573-2e9a-d7bbbc89e5d6,e2aa2aaa-8af6-4807-9a4e-7665c5421eed,Furniture,d2b6ece0-395c-4c27-9667-6d7ce50b417c,2026-04-20 07:40:05.376739,2026-04-20 07:40:05.376739,logs+mt_match,0.0,24,24.0,,Collapsed timestamp,collapsed_timestamp,collapsed_timestamp,Excluded from genuine SLA KPI (migration-collapsed timestamps),Reconstructed SLA from ticket_logs lifecycle + issue_types.sla_hours (NOT verified app formula)
3e853e5e-a856-aa19-34e3-dcb41b13f242,dc4adc21-f501-0573-2e9a-d7bbbc89e5d6,47389994-b201-4bb1-bf91-8bce4dbde510,Other,e213d0c5-7de3-4f91-b5d4-cda0cd2ade6c,2026-04-20 07:40:05.376739,2026-04-20 07:40:05.376739,logs+mt_match,0.0,24,24.0,,Collapsed timestamp,collapsed_timestamp,collapsed_timestamp,Excluded from genuine SLA KPI (migration-collapsed timestamps),Reconstructed SLA from ticket_logs lifecycle + issue_types.sla_hours (NOT verified app formula)
4536fcf1-5efd-28ec-bb95-8f03c474f0e8,dc4adc21-f501-0573-2e9a-d7bbbc89e5d6,a5831922-eaeb-48c2-941c-fd96fae8813d,AC Issues,a55e7168-b152-4072-8b01-0cd4b7e299ca,2026-04-20 07:40:05.376739,2026-04-20 07:40:05.376739,logs+mt_match,0.0,12,12.0,,Collapsed timestamp,collapsed_timestamp,collapsed_timestamp,Excluded from genuine SLA KPI (migration-collapsed timestamps),Reconstructed SLA from ticket_logs lifecycle + issue_types.sla_hours (NOT verified app formula)
8a25d154-e210-da76-4518-9865e5e371aa,dc4adc21-f501-0573-2e9a-d7bbbc89e5d6,e2aa2aaa-8af6-4807-9a4e-7665c5421eed,Furniture,a55e7168-b152-4072-8b01-0cd4b7e299ca,2026-04-20 07:40:05.376739,2026-04-20 07:40:05.376739,logs+mt_match,0.0,24,24.0,,Collapsed timestamp,collapsed_timestamp,collapsed_timestamp,Excluded from genuine SLA KPI (migration-collapsed timestamps),Reconstructed SLA from ticket_logs lifecycle + issue_types.sla_hours (NOT verified app formula)
b4b7dc1d-1b9a-63b3-30cb-7aa3d300777f,dc4adc21-f501-0573-2e9a-d7bbbc89e5d6,47389994-b201-4bb1-bf91-8bce4dbde510,Other,a55e7168-b152-4072-8b01-0cd4b7e299ca,2026-04-20 07:40:05.376739,2026-04-20 07:40:05.376739,logs+mt_match,0.0,24,24.0,,Collapsed timestamp,collapsed_timestamp,collapsed_timestamp,Excluded from genuine SLA KPI (migration-collapsed timestamps),Reconstructed SLA from ticket_logs lifecycle + issue_types.sla_hours (NOT verified app formula)
fb578592-2baf-dd51-b8b9-02d1693c76bf,dc4adc21-f501-0573-2e9a-d7bbbc89e5d6,a5831922-eaeb-48c2-941c-fd96fae8813d,AC Issues,a55e7168-b152-4072-8b01-0cd4b7e299ca,2026-04-20 07:40:05.376739,2026-04-20 07:40:05.376739,logs+mt_match,0.0,12,12.0,,Collapsed timestamp,collapsed_timestamp,collapsed_timestamp,Excluded from genuine SLA KPI (migration-collapsed timestamps),Reconstructed SLA from ticket_logs lifecycle + issue_types.sla_hours (NOT verified app formula)
6f80f35f-b19a-21b3-8506-ce7c8bc05b65,dc4adc21-f501-0573-2e9a-d7bbbc89e5d6,47389994-b201-4bb1-bf91-8bce4dbde510,Other,a55e7168-b152-4072-8b01-0cd4b7e299ca,2026-04-20 07:40:05.376739,2026-04-20 07:40:05.376739,logs+mt_match,0.0,24,24.0,,Collapsed timestamp,collapsed_timestamp,collapsed_timestamp,Excluded from genuine SLA KPI (migration-collapsed timestamps),Reconstructed SLA from ticket_logs lifecycle + issue_types.sla_hours (NOT verified app formula)
97309cb0-0ca8-b857-156e-e16a7dc4efd2,dd96a329-ec95-e96a-1348-69d976f39cd4,d76dd3bd-ccb7-4991-a01f-ce158dfe908e,Plumbing,d2b6ece0-395c-4c27-9667-6d7ce50b417c,2026-04-20 07:40:05.376739,2026-04-20 07:40:05.376739,logs+mt_match,0.0,24,24.0,,Collapsed timestamp,collapsed_timestamp,collapsed_timestamp,Excluded from genuine SLA KPI (migration-collapsed timestamps),Reconstructed SLA from ticket_logs lifecycle + issue_types.sla_hours (NOT verified app formula)
070592e9-2623-5baa-060d-4ec50c858f8a,dd96a329-ec95-e96a-1348-69d976f39cd4,a5831922-eaeb-48c2-941c-fd96fae8813d,AC Issues,d2b6ece0-395c-4c27-9667-6d7ce50b417c,2026-04-20 07:40:05.376739,2026-04-20 07:40:05.376739,logs+mt_match,0.0,12,12.0,,Collapsed timestamp,collapsed_timestamp,collapsed_timestamp,Excluded from genuine SLA KPI (migration-collapsed timestamps),Reconstructed SLA from ticket_logs lifecycle + issue_types.sla_hours (NOT verified app formula)
ad41337b-a0e9-0cf0-1699-b242bd846869,dd96a329-ec95-e96a-1348-69d976f39cd4,d76dd3bd-ccb7-4991-a01f-ce158dfe908e,Plumbing,d2b6ece0-395c-4c27-9667-6d7ce50b417c,2026-04-20 07:40:05.376739,2026-04-20 07:40:05.376739,logs+mt_match,0.0,24,24.0,,Collapsed timestamp,collapsed_timestamp,collapsed_timestamp,Excluded from genuine SLA KPI (migration-collapsed timestamps),Reconstructed SLA from ticket_logs lifecycle + issue_types.sla_hours (NOT verified app formula)
f5439bfe-94e3-9824-71c6-0421874bdb74,dd96a329-ec95-e96a-1348-69d976f39cd4,28158382-d5c1-436c-927b-3e3d9855c2af,Electrical Issues,e213d0c5-7de3-4f91-b5d4-cda0cd2ade6c,2026-04-20 07:40:05.376739,2026-04-20 07:40:05.376739,logs+mt_match,0.0,6,6.0,,Collapsed timestamp,collapsed_timestamp,collapsed_timestamp,Excluded from genuine SLA KPI (migration-collapsed timestamps),Reconstructed SLA from ticket_logs lifecycle + issue_types.sla_hours (NOT verified app formula)
e8b6876e-8665-cbc6-95b3-2037ef921736,49ed1c8e-3653-c89b-ec74-16d8e20bb923,47389994-b201-4bb1-bf91-8bce4dbde510,Other,d2b6ece0-395c-4c27-9667-6d7ce50b417c,2026-04-20 07:40:05.376739,2026-04-20 07:40:05.376739,logs+mt_match,0.0,24,24.0,,Collapsed timestamp,collapsed_timestamp,collapsed_timestamp,Excluded from genuine SLA KPI (migration-collapsed timestamps),Reconstructed SLA from ticket_logs lifecycle + issue_types.sla_hours (NOT verified app formula)
c8756a49-286a-a3f4-4a90-af32c2bb21b1,49ed1c8e-3653-c89b-ec74-16d8e20bb923,47389994-b201-4bb1-bf91-8bce4dbde510,Other,e213d0c5-7de3-4f91-b5d4-cda0cd2ade6c,2026-04-20 07:40:05.376739,2026-04-20 07:40:05.376739,logs+mt_match,0.0,24,24.0,,Collapsed timestamp,collapsed_timestamp,collapsed_timestamp,Excluded from genuine SLA KPI (migration-collapsed timestamps),Reconstructed SLA from ticket_logs lifecycle + issue_types.sla_hours (NOT verified app formula)
a23925d3-7c20-2966-b16a-0a16d0d973bf,49ed1c8e-3653-c89b-ec74-16d8e20bb923,e2aa2aaa-8af6-4807-9a4e-7665c5421eed,Furniture,e213d0c5-7de3-4f91-b5d4-cda0cd2ade6c,2026-04-20 07:40:05.376739,2026-04-20 07:40:05.376739,logs+mt_match,0.0,24,24.0,,Collapsed timestamp,collapsed_timestamp,collapsed_timestamp,Excluded from genuine SLA KPI (migration-collapsed timestamps),Reconstructed SLA from ticket_logs lifecycle + issue_types.sla_hours (NOT verified app formula)
332a0b92-f032-da4b-e51c-31a35375db98,49ed1c8e-3653-c89b-ec74-16d8e20bb923,d76dd3bd-ccb7-4991-a01f-ce158dfe908e,Plumbing,e213d0c5-7de3-4f91-b5d4-cda0cd2ade6c,2026-04-20 07:40:05.376739,2026-04-20 07:40:05.376739,logs+mt_match,0.0,24,24.0,,Collapsed timestamp,collapsed_timestamp,collapsed_timestamp,Excluded from genuine SLA KPI (migration-collapsed timestamps),Reconstructed SLA from ticket_logs lifecycle + issue_types.sla_hours (NOT verified app formula)
aadff554-5571-6661-3741-dc22842e3252,49ed1c8e-3653-c89b-ec74-16d8e20bb923,28158382-d5c1-436c-927b-3e3d9855c2af,Electrical Issues,e213d0c5-7de3-4f91-b5d4-cda0cd2ade6c,2026-04-20 07:40:05.376739,2026-04-20 07:40:05.376739,logs+mt_match,0.0,6,6.0,,Collapsed timestamp,collapsed_timestamp,collapsed_timestamp,Excluded from genuine SLA KPI (migration-collapsed timestamps),Reconstructed SLA from ticket_logs lifecycle + issue_types.sla_hours (NOT verified app formula)
326e574d-22b2-1849-ac5c-b2677b7cf820,990e8a3e-a69c-7b31-f606-3eeb21e3d4c6,a5831922-eaeb-48c2-941c-fd96fae8813d,AC Issues,d2b6ece0-395c-4c27-9667-6d7ce50b417c,2026-04-20 07:40:05.376739,2026-04-20 07:40:05.376739,logs+mt_match,0.0,12,12.0,,Collapsed timestamp,collapsed_timestamp,collapsed_timestamp,Excluded from genuine SLA KPI (migration-collapsed timestamps),Reconstructed SLA from ticket_logs lifecycle + issue_types.sla_hours (NOT verified app formula)
79a4fa68-ffe9-5fc6-32cf-fcbc279047db,990e8a3e-a69c-7b31-f606-3eeb21e3d4c6,abc84f5b-a950-406e-ab46-cefbe11df925,Cleaning Issues,e213d0c5-7de3-4f91-b5d4-cda0cd2ade6c,2026-04-20 07:40:05.376739,2026-04-20 07:40:05.376739,logs+mt_match,0.0,4,4.0,,Collapsed timestamp,collapsed_timestamp,collapsed_timestamp,Excluded from genuine SLA KPI (migration-collapsed timestamps),Reconstructed SLA from ticket_logs lifecycle + issue_types.sla_hours (NOT verified app formula)
7239c720-1796-50ef-ae84-dfd071ee0282,990e8a3e-a69c-7b31-f606-3eeb21e3d4c6,e2aa2aaa-8af6-4807-9a4e-7665c5421eed,Furniture,d2b6ece0-395c-4c27-9667-6d7ce50b417c,2026-04-20 07:40:05.376739,2026-04-20 07:40:05.376739,logs+mt_match,0.0,24,24.0,,Collapsed timestamp,collapsed_timestamp,collapsed_timestamp,Excluded from genuine SLA KPI (migration-collapsed timestamps),Reconstructed SLA from ticket_logs lifecycle + issue_types.sla_hours (NOT verified app formula)
1dd2c106-4258-400a-1a32-7d97685a4147,990e8a3e-a69c-7b31-f606-3eeb21e3d4c6,a5831922-eaeb-48c2-941c-fd96fae8813d,AC Issues,d2b6ece0-395c-4c27-9667-6d7ce50b417c,2026-04-20 07:40:05.376739,2026-04-20 07:40:05.376739,logs+mt_match,0.0,12,12.0,,Collapsed timestamp,collapsed_timestamp,collapsed_timestamp,Excluded from genuine SLA KPI (migration-collapsed timestamps),Reconstructed SLA from ticket_logs lifecycle + issue_types.sla_hours (NOT verified app formula)
eb28aba7-2121-5158-67cd-31bd0f594c53,990e8a3e-a69c-7b31-f606-3eeb21e3d4c6,abc84f5b-a950-406e-ab46-cefbe11df925,Cleaning Issues,e213d0c5-7de3-4f91-b5d4-cda0cd2ade6c,2026-04-20 07:40:05.376739,2026-04-20 07:40:05.376739,logs+mt_match,0.0,4,4.0,,Collapsed timestamp,collapsed_timestamp,collapsed_timestamp,Excluded from genuine SLA KPI (migration-collapsed timestamps),Reconstructed SLA from ticket_logs lifecycle + issue_types.sla_hours (NOT verified app formula)
56bf799d-78dc-cf98-7c9c-ae28fd077b67,990e8a3e-a69c-7b31-f606-3eeb21e3d4c6,e2aa2aaa-8af6-4807-9a4e-7665c5421eed,Furniture,d2b6ece0-395c-4c27-9667-6d7ce50b417c,2026-04-20 07:40:05.376739,2026-04-20 07:40:05.376739,logs+mt_match,0.0,24,24.0,,Collapsed timestamp,collapsed_timestamp,collapsed_timestamp,Excluded from genuine SLA KPI (migration-collapsed timestamps),Reconstructed SLA from ticket_logs lifecycle + issue_types.sla_hours (NOT verified app formula)
23a9dd24-c837-a686-d288-270f0c83192f,990e8a3e-a69c-7b31-f606-3eeb21e3d4c6,abc84f5b-a950-406e-ab46-cefbe11df925,Cleaning Issues,e213d0c5-7de3-4f91-b5d4-cda0cd2ade6c,2026-04-20 07:40:05.376739,2026-04-20 07:40:05.376739,logs+mt_match,0.0,4,4.0,,Collapsed timestamp,collapsed_timestamp,collapsed_timestamp,Excluded from genuine SLA KPI (migration-collapsed timestamps),Reconstructed SLA from ticket_logs lifecycle + issue_types.sla_hours (NOT verified app formula)
62a23cb9-2c0d-f789-7ca4-2116d1668f48,990e8a3e-a69c-7b31-f606-3eeb21e3d4c6,abc84f5b-a950-406e-ab46-cefbe11df925,Cleaning Issues,d2b6ece0-395c-4c27-9667-6d7ce50b417c,2026-04-20 07:40:05.376739,2026-04-20 07:40:05.376739,logs+mt_match,0.0,4,4.0,,Collapsed timestamp,collapsed_timestamp,collapsed_timestamp,Excluded from genuine SLA KPI (migration-collapsed timestamps),Reconstructed SLA from ticket_logs lifecycle + issue_types.sla_hours (NOT verified app formula)
a845ff25-034e-46d8-1eb7-bb5369cb3262,990e8a3e-a69c-7b31-f606-3eeb21e3d4c6,28158382-d5c1-436c-927b-3e3d9855c2af,Electrical Issues,e213d0c5-7de3-4f91-b5d4-cda0cd2ade6c,2026-04-20 07:40:05.376739,2026-04-20 07:40:05.376739,logs+mt_match,0.0,6,6.0,,Collapsed timestamp,collapsed_timestamp,collapsed_timestamp,Excluded from genuine SLA KPI (migration-collapsed timestamps),Reconstructed SLA from ticket_logs lifecycle + issue_types.sla_hours (NOT verified app formula)
66204206-a7b6-515d-6da6-70b6ff4e2312,aa73cade-c28c-dc5b-5980-55801ea0d415,47389994-b201-4bb1-bf91-8bce4dbde510,Other,e213d0c5-7de3-4f91-b5d4-cda0cd2ade6c,2026-04-20 07:40:05.376739,2026-04-20 07:40:05.376739,logs+mt_match,0.0,24,24.0,,Collapsed timestamp,collapsed_timestamp,collapsed_timestamp,Excluded from genuine SLA KPI (migration-collapsed timestamps),Reconstructed SLA from ticket_logs lifecycle + issue_types.sla_hours (NOT verified app formula)
252031ca-0ef5-8c6b-d2ff-1a00ca847936,aa73cade-c28c-dc5b-5980-55801ea0d415,47389994-b201-4bb1-bf91-8bce4dbde510,Other,e213d0c5-7de3-4f91-b5d4-cda0cd2ade6c,2026-04-20 07:40:05.376739,2026-04-20 07:40:05.376739,logs+mt_match,0.0,24,24.0,,Collapsed timestamp,collapsed_timestamp,collapsed_timestamp,Excluded from genuine SLA KPI (migration-collapsed timestamps),Reconstructed SLA from ticket_logs lifecycle + issue_types.sla_hours (NOT verified app formula)
807d886e-74a3-8db1-e062-0491b7e0026f,aa73cade-c28c-dc5b-5980-55801ea0d415,47389994-b201-4bb1-bf91-8bce4dbde510,Other,e213d0c5-7de3-4f91-b5d4-cda0cd2ade6c,2026-04-20 07:40:05.376739,2026-04-20 07:40:05.376739,logs+mt_match,0.0,24,24.0,,Collapsed timestamp,collapsed_timestamp,collapsed_timestamp,Excluded from genuine SLA KPI (migration-collapsed timestamps),Reconstructed SLA from ticket_logs lifecycle + issue_types.sla_hours (NOT verified app formula)
29997340-f115-502b-0d6c-7637b887e4dc,aa73cade-c28c-dc5b-5980-55801ea0d415,47389994-b201-4bb1-bf91-8bce4dbde510,Other,e213d0c5-7de3-4f91-b5d4-cda0cd2ade6c,2026-04-20 07:40:05.376739,2026-04-20 07:40:05.376739,logs+mt_match,0.0,24,24.0,,Collapsed timestamp,collapsed_timestamp,collapsed_timestamp,Excluded from genuine SLA KPI (migration-collapsed timestamps),Reconstructed SLA from ticket_logs lifecycle + issue_types.sla_hours (NOT verified app formula)
23177e98-39bc-a0ed-8a61-e1f8d8d4f79d,5d204545-2f72-b89b-3190-a826b5ab6512,47389994-b201-4bb1-bf91-8bce4dbde510,Other,d2b6ece0-395c-4c27-9667-6d7ce50b417c,2026-04-20 07:40:05.376739,2026-04-20 07:40:05.376739,logs+mt_match,0.0,24,24.0,,Collapsed timestamp,collapsed_timestamp,collapsed_timestamp,Excluded from genuine SLA KPI (migration-collapsed timestamps),Reconstructed SLA from ticket_logs lifecycle + issue_types.sla_hours (NOT verified app formula)
40ee49ea-91ec-0756-6c17-e660f8b67350,5d204545-2f72-b89b-3190-a826b5ab6512,47389994-b201-4bb1-bf91-8bce4dbde510,Other,d2b6ece0-395c-4c27-9667-6d7ce50b417c,2026-04-20 07:40:05.376739,2026-04-20 07:40:05.376739,logs+mt_match,0.0,24,24.0,,Collapsed timestamp,collapsed_timestamp,collapsed_timestamp,Excluded from genuine SLA KPI (migration-collapsed timestamps),Reconstructed SLA from ticket_logs lifecycle + issue_types.sla_hours (NOT verified app formula)
7e427e2e-e414-cbed-387c-0e94af7907ab,5d204545-2f72-b89b-3190-a826b5ab6512,47389994-b201-4bb1-bf91-8bce4dbde510,Other,d2b6ece0-395c-4c27-9667-6d7ce50b417c,2026-04-20 07:40:05.376739,2026-04-20 07:40:05.376739,logs+mt_match,0.0,24,24.0,,Collapsed timestamp,collapsed_timestamp,collapsed_timestamp,Excluded from genuine SLA KPI (migration-collapsed timestamps),Reconstructed SLA from ticket_logs lifecycle + issue_types.sla_hours (NOT verified app formula)
05e3d7c7-fc5a-f79b-ef5d-864e7e757deb,5d204545-2f72-b89b-3190-a826b5ab6512,47389994-b201-4bb1-bf91-8bce4dbde510,Other,d2b6ece0-395c-4c27-9667-6d7ce50b417c,2026-04-20 07:40:05.376739,2026-04-20 07:40:05.376739,logs+mt_match,0.0,24,24.0,,Collapsed timestamp,collapsed_timestamp,collapsed_timestamp,Excluded from genuine SLA KPI (migration-collapsed timestamps),Reconstructed SLA from ticket_logs lifecycle + issue_types.sla_hours (NOT verified app formula)
dc6209b1-1df4-0207-754d-0d66d1a873d7,5d204545-2f72-b89b-3190-a826b5ab6512,28158382-d5c1-436c-927b-3e3d9855c2af,Electrical Issues,e213d0c5-7de3-4f91-b5d4-cda0cd2ade6c,2026-04-20 07:40:05.376739,2026-04-20 07:40:05.376739,logs+mt_match,0.0,6,6.0,,Collapsed timestamp,collapsed_timestamp,collapsed_timestamp,Excluded from genuine SLA KPI (migration-collapsed timestamps),Reconstructed SLA from ticket_logs lifecycle + issue_types.sla_hours (NOT verified app formula)
9305429f-7bd9-af86-eb51-38dd47e9db23,5d204545-2f72-b89b-3190-a826b5ab6512,a5831922-eaeb-48c2-941c-fd96fae8813d,AC Issues,e213d0c5-7de3-4f91-b5d4-cda0cd2ade6c,2026-04-20 07:40:05.376739,2026-04-20 07:40:05.376739,logs+mt_match,0.0,12,12.0,,Collapsed timestamp,collapsed_timestamp,collapsed_timestamp,Excluded from genuine SLA KPI (migration-collapsed timestamps),Reconstructed SLA from ticket_logs lifecycle + issue_types.sla_hours (NOT verified app formula)
dc849f5b-a5bb-60fc-84b4-b2f4a25f0ea2,5d204545-2f72-b89b-3190-a826b5ab6512,7917cc13-aaca-4558-a2c2-8be5cd8fc159,Internet Issues,e213d0c5-7de3-4f91-b5d4-cda0cd2ade6c,2026-04-20 07:40:05.376739,2026-04-20 07:40:05.376739,logs+mt_match,0.0,6,6.0,,Collapsed timestamp,collapsed_timestamp,collapsed_timestamp,Excluded from genuine SLA KPI (migration-collapsed timestamps),Reconstructed SLA from ticket_logs lifecycle + issue_types.sla_hours (NOT verified app formula)
74120f49-0b22-3537-b5ec-d3c5572da009,5d204545-2f72-b89b-3190-a826b5ab6512,a5831922-eaeb-48c2-941c-fd96fae8813d,AC Issues,e213d0c5-7de3-4f91-b5d4-cda0cd2ade6c,2026-04-20 07:40:05.376739,2026-04-20 07:40:05.376739,logs+mt_match,0.0,12,12.0,,Collapsed timestamp,collapsed_timestamp,collapsed_timestamp,Excluded from genuine SLA KPI (migration-collapsed timestamps),Reconstructed SLA from ticket_logs lifecycle + issue_types.sla_hours (NOT verified app formula)
ecdc4f67-27c8-d1ea-11dd-e41dcf5dfe6d,5d204545-2f72-b89b-3190-a826b5ab6512,47389994-b201-4bb1-bf91-8bce4dbde510,Other,e213d0c5-7de3-4f91-b5d4-cda0cd2ade6c,2026-04-20 07:40:05.376739,2026-04-20 07:40:05.376739,logs+mt_match,0.0,24,24.0,,Collapsed timestamp,collapsed_timestamp,collapsed_timestamp,Excluded from genuine SLA KPI (migration-collapsed timestamps),Reconstructed SLA from ticket_logs lifecycle + issue_types.sla_hours (NOT verified app formula)
59b655fe-f97b-daf6-e89d-fdb0e1945f1d,5d204545-2f72-b89b-3190-a826b5ab6512,47389994-b201-4bb1-bf91-8bce4dbde510,Other,d2b6ece0-395c-4c27-9667-6d7ce50b417c,2026-04-20 07:40:05.376739,2026-04-20 07:40:05.376739,logs+mt_match,0.0,24,24.0,,Collapsed timestamp,collapsed_timestamp,collapsed_timestamp,Excluded from genuine SLA KPI (migration-collapsed timestamps),Reconstructed SLA from ticket_logs lifecycle + issue_types.sla_hours (NOT verified app formula)
e6e82b56-81dd-d808-0199-2e8da2bd3838,5d204545-2f72-b89b-3190-a826b5ab6512,47389994-b201-4bb1-bf91-8bce4dbde510,Other,e213d0c5-7de3-4f91-b5d4-cda0cd2ade6c,2026-04-20 07:40:05.376739,2026-04-20 07:40:05.376739,logs+mt_match,0.0,24,24.0,,Collapsed timestamp,collapsed_timestamp,collapsed_timestamp,Excluded from genuine SLA KPI (migration-collapsed timestamps),Reconstructed SLA from ticket_logs lifecycle + issue_types.sla_hours (NOT verified app formula)
f061e3f1-87fc-7754-0f2f-84162a953251,77c3a6fd-4651-d880-29aa-abd19c8324df,caf6381e-5189-4c1f-bf0a-4dfd99d9b9e7,Washing machine Issue,d2b6ece0-395c-4c27-9667-6d7ce50b417c,2026-04-20 07:40:05.376739,2026-04-20 07:40:05.376739,logs+mt_match,0.0,24,24.0,,Collapsed timestamp,collapsed_timestamp,collapsed_timestamp,Excluded from genuine SLA KPI (migration-collapsed timestamps),Reconstructed SLA from ticket_logs lifecycle + issue_types.sla_hours (NOT verified app formula)
fafbbe54-c3ff-f3c5-595a-a06cdb43c848,77c3a6fd-4651-d880-29aa-abd19c8324df,a5831922-eaeb-48c2-941c-fd96fae8813d,AC Issues,d2b6ece0-395c-4c27-9667-6d7ce50b417c,2026-04-20 07:40:05.376739,2026-04-20 07:40:05.376739,logs+mt_match,0.0,12,12.0,,Collapsed timestamp,collapsed_timestamp,collapsed_timestamp,Excluded from genuine SLA KPI (migration-collapsed timestamps),Reconstructed SLA from ticket_logs lifecycle + issue_types.sla_hours (NOT verified app formula)
4c3f7bae-781c-1224-0222-ad3f94ce381d,82b270bf-e567-2deb-5ef3-495baafd7645,caf6381e-5189-4c1f-bf0a-4dfd99d9b9e7,Washing machine Issue,d2b6ece0-395c-4c27-9667-6d7ce50b417c,2026-04-20 07:40:05.376739,2026-04-20 07:40:05.376739,logs+mt_match,0.0,24,24.0,,Collapsed timestamp,collapsed_timestamp,collapsed_timestamp,Excluded from genuine SLA KPI (migration-collapsed timestamps),Reconstructed SLA from ticket_logs lifecycle + issue_types.sla_hours (NOT verified app formula)
0286eca6-c356-4481-081f-29a964923811,82b270bf-e567-2deb-5ef3-495baafd7645,caf6381e-5189-4c1f-bf0a-4dfd99d9b9e7,Washing machine Issue,d2b6ece0-395c-4c27-9667-6d7ce50b417c,2026-04-20 07:40:05.376739,2026-04-20 07:40:05.376739,logs+mt_match,0.0,24,24.0,,Collapsed timestamp,collapsed_timestamp,collapsed_timestamp,Excluded from genuine SLA KPI (migration-collapsed timestamps),Reconstructed SLA from ticket_logs lifecycle + issue_types.sla_hours (NOT verified app formula)
f40e33ee-142d-488a-db13-058960c1e4af,82b270bf-e567-2deb-5ef3-495baafd7645,e2aa2aaa-8af6-4807-9a4e-7665c5421eed,Furniture,d2b6ece0-395c-4c27-9667-6d7ce50b417c,2026-04-20 07:40:05.376739,2026-04-20 07:40:05.376739,logs+mt_match,0.0,24,24.0,,Collapsed timestamp,collapsed_timestamp,collapsed_timestamp,Excluded from genuine SLA KPI (migration-collapsed timestamps),Reconstructed SLA from ticket_logs lifecycle + issue_types.sla_hours (NOT verified app formula)
a2c8ff46-ac0a-424a-bcae-582dfd6db28e,b0d4d2c8-f6ee-bc16-ffd7-fc33c8db8571,e2aa2aaa-8af6-4807-9a4e-7665c5421eed,Furniture,bd081ad6-5fe3-4c1d-a919-81b1055efa19,2026-04-07 13:39:43.076881,2026-04-25 10:26:11.109451,logs+mt_match,428.7744534916667,24,-404.7744534916667,True,SLA Breached,measurable,reconstructed 428.8h vs 24h SLA,Review breach — slow resolution for this issue type,Reconstructed SLA from ticket_logs lifecycle + issue_types.sla_hours (NOT verified app formula)
c21ada41-f39e-4dc2-a692-e977fc9d3772,77c3a6fd-4651-d880-29aa-abd19c8324df,a25aca1b-211b-41d3-ab08-78bd2b9541e8,Toilet Issues,bd081ad6-5fe3-4c1d-a919-81b1055efa19,2026-06-28 00:22:09.718234,,logs+mt_match,,4,,,Insufficient lifecycle data,insufficient_lifecycle_data,insufficient_lifecycle_data,No closed event yet / open,Reconstructed SLA from ticket_logs lifecycle + issue_types.sla_hours (NOT verified app formula)
6a9b6d23-6feb-e775-0c8e-83fe76169010,82b270bf-e567-2deb-5ef3-495baafd7645,ec405235-70e9-407e-9aa2-b877f8f36af8,Fridge Issues,d2b6ece0-395c-4c27-9667-6d7ce50b417c,2026-04-20 07:40:06.125016,2026-04-20 07:40:06.125016,logs+mt_match,0.0,12,12.0,,Collapsed timestamp,collapsed_timestamp,collapsed_timestamp,Excluded from genuine SLA KPI (migration-collapsed timestamps),Reconstructed SLA from ticket_logs lifecycle + issue_types.sla_hours (NOT verified app formula)
fa14fd02-b868-e37a-92b7-c20d6f0a5c10,82b270bf-e567-2deb-5ef3-495baafd7645,47389994-b201-4bb1-bf91-8bce4dbde510,Other,e213d0c5-7de3-4f91-b5d4-cda0cd2ade6c,2026-04-20 07:40:06.125016,2026-04-20 07:40:06.125016,logs+mt_match,0.0,24,24.0,,Collapsed timestamp,collapsed_timestamp,collapsed_timestamp,Excluded from genuine SLA KPI (migration-collapsed timestamps),Reconstructed SLA from ticket_logs lifecycle + issue_types.sla_hours (NOT verified app formula)
51807d31-16f9-9a56-70b6-59405dae842e,82b270bf-e567-2deb-5ef3-495baafd7645,caf6381e-5189-4c1f-bf0a-4dfd99d9b9e7,Washing machine Issue,e213d0c5-7de3-4f91-b5d4-cda0cd2ade6c,2026-04-20 07:40:06.125016,2026-04-20 07:40:06.125016,logs+mt_match,0.0,24,24.0,,Collapsed timestamp,collapsed_timestamp,collapsed_timestamp,Excluded from genuine SLA KPI (migration-collapsed timestamps),Reconstructed SLA from ticket_logs lifecycle + issue_types.sla_hours (NOT verified app formula)
8718b796-91e6-9c0c-92d2-c6d81c681770,82b270bf-e567-2deb-5ef3-495baafd7645,47389994-b201-4bb1-bf91-8bce4dbde510,Other,e213d0c5-7de3-4f91-b5d4-cda0cd2ade6c,2026-04-20 07:40:06.125016,2026-04-20 07:40:06.125016,logs+mt_match,0.0,24,24.0,,Collapsed timestamp,collapsed_timestamp,collapsed_timestamp,Excluded from genuine SLA KPI (migration-collapsed timestamps),Reconstructed SLA from ticket_logs lifecycle + issue_types.sla_hours (NOT verified app formula)
e8ed3a95-48e4-c823-b90e-b0e406766bf4,dc4adc21-f501-0573-2e9a-d7bbbc89e5d6,28158382-d5c1-436c-927b-3e3d9855c2af,Electrical Issues,e213d0c5-7de3-4f91-b5d4-cda0cd2ade6c,2026-04-20 07:40:06.125016,2026-04-20 07:40:06.125016,logs+mt_match,0.0,6,6.0,,Collapsed timestamp,collapsed_timestamp,collapsed_timestamp,Excluded from genuine SLA KPI (migration-collapsed timestamps),Reconstructed SLA from ticket_logs lifecycle + issue_types.sla_hours (NOT verified app formula)
fa5cda43-b643-29b8-8e7b-2cdf427a67e3,dc4adc21-f501-0573-2e9a-d7bbbc89e5d6,abc84f5b-a950-406e-ab46-cefbe11df925,Cleaning Issues,e213d0c5-7de3-4f91-b5d4-cda0cd2ade6c,2026-04-20 07:40:06.125016,2026-04-20 07:40:06.125016,logs+mt_match,0.0,4,4.0,,Collapsed timestamp,collapsed_timestamp,collapsed_timestamp,Excluded from genuine SLA KPI (migration-collapsed timestamps),Reconstructed SLA from ticket_logs lifecycle + issue_types.sla_hours (NOT verified app formula)
f064a275-3ae8-940a-4616-4aa677a8a5d6,dc4adc21-f501-0573-2e9a-d7bbbc89e5d6,d76dd3bd-ccb7-4991-a01f-ce158dfe908e,Plumbing,e213d0c5-7de3-4f91-b5d4-cda0cd2ade6c,2026-04-20 07:40:06.125016,2026-04-20 07:40:06.125016,logs+mt_match,0.0,24,24.0,,Collapsed timestamp,collapsed_timestamp,collapsed_timestamp,Excluded from genuine SLA KPI (migration-collapsed timestamps),Reconstructed SLA from ticket_logs lifecycle + issue_types.sla_hours (NOT verified app formula)
aa5246b5-42ec-df14-577c-9ae981cb4ff6,dc4adc21-f501-0573-2e9a-d7bbbc89e5d6,abc84f5b-a950-406e-ab46-cefbe11df925,Cleaning Issues,e213d0c5-7de3-4f91-b5d4-cda0cd2ade6c,2026-04-20 07:40:06.125016,2026-04-20 07:40:06.125016,logs+mt_match,0.0,4,4.0,,Collapsed timestamp,collapsed_timestamp,collapsed_timestamp,Excluded from genuine SLA KPI (migration-collapsed timestamps),Reconstructed SLA from ticket_logs lifecycle + issue_types.sla_hours (NOT verified app formula)
f4273f95-362a-d869-093c-d42cd4d9de4f,dc4adc21-f501-0573-2e9a-d7bbbc89e5d6,d76dd3bd-ccb7-4991-a01f-ce158dfe908e,Plumbing,d2b6ece0-395c-4c27-9667-6d7ce50b417c,2026-04-20 07:40:06.125016,2026-04-20 07:40:06.125016,logs+mt_match,0.0,24,24.0,,Collapsed timestamp,collapsed_timestamp,collapsed_timestamp,Excluded from genuine SLA KPI (migration-collapsed timestamps),Reconstructed SLA from ticket_logs lifecycle + issue_types.sla_hours (NOT verified app formula)
fa7d7055-c9d0-ff03-059c-9735424dc6bd,dc4adc21-f501-0573-2e9a-d7bbbc89e5d6,abc84f5b-a950-406e-ab46-cefbe11df925,Cleaning Issues,d2b6ece0-395c-4c27-9667-6d7ce50b417c,2026-04-20 07:40:06.125016,2026-04-20 07:40:06.125016,logs+mt_match,0.0,4,4.0,,Collapsed timestamp,collapsed_timestamp,collapsed_timestamp,Excluded from genuine SLA KPI (migration-collapsed timestamps),Reconstructed SLA from ticket_logs lifecycle + issue_types.sla_hours (NOT verified app formula)
c7648a8a-650a-798f-c536-b41de048c7dd,dc4adc21-f501-0573-2e9a-d7bbbc89e5d6,47389994-b201-4bb1-bf91-8bce4dbde510,Other,e213d0c5-7de3-4f91-b5d4-cda0cd2ade6c,2026-04-20 07:40:06.125016,2026-04-20 07:40:06.125016,logs+mt_match,0.0,24,24.0,,Collapsed timestamp,collapsed_timestamp,collapsed_timestamp,Excluded from genuine SLA KPI (migration-collapsed timestamps),Reconstructed SLA from ticket_logs lifecycle + issue_types.sla_hours (NOT verified app formula)
0403bcc2-8ef7-44ec-1da3-00dd82ed1fab,dc4adc21-f501-0573-2e9a-d7bbbc89e5d6,d76dd3bd-ccb7-4991-a01f-ce158dfe908e,Plumbing,e213d0c5-7de3-4f91-b5d4-cda0cd2ade6c,2026-04-20 07:40:06.125016,2026-04-20 07:40:06.125016,logs+mt_match,0.0,24,24.0,,Collapsed timestamp,collapsed_timestamp,collapsed_timestamp,Excluded from genuine SLA KPI (migration-collapsed timestamps),Reconstructed SLA from ticket_logs lifecycle + issue_types.sla_hours (NOT verified app formula)
651e134c-2a52-efdf-1276-13543df66fd4,dc4adc21-f501-0573-2e9a-d7bbbc89e5d6,d76dd3bd-ccb7-4991-a01f-ce158dfe908e,Plumbing,e213d0c5-7de3-4f91-b5d4-cda0cd2ade6c,2026-04-20 07:40:06.125016,2026-04-20 07:40:06.125016,logs+mt_match,0.0,24,24.0,,Collapsed timestamp,collapsed_timestamp,collapsed_timestamp,Excluded from genuine SLA KPI (migration-collapsed timestamps),Reconstructed SLA from ticket_logs lifecycle + issue_types.sla_hours (NOT verified app formula)
0724df23-fa13-e288-2a8f-17e148ea51fb,dc4adc21-f501-0573-2e9a-d7bbbc89e5d6,47389994-b201-4bb1-bf91-8bce4dbde510,Other,d2b6ece0-395c-4c27-9667-6d7ce50b417c,2026-04-20 07:40:06.125016,2026-04-20 07:40:06.125016,logs+mt_match,0.0,24,24.0,,Collapsed timestamp,collapsed_timestamp,collapsed_timestamp,Excluded from genuine SLA KPI (migration-collapsed timestamps),Reconstructed SLA from ticket_logs lifecycle + issue_types.sla_hours (NOT verified app formula)
ae224d05-9645-7216-1523-43113a40dbbe,dc4adc21-f501-0573-2e9a-d7bbbc89e5d6,28158382-d5c1-436c-927b-3e3d9855c2af,Electrical Issues,e213d0c5-7de3-4f91-b5d4-cda0cd2ade6c,2026-04-20 07:40:06.125016,2026-04-20 07:40:06.125016,logs+mt_match,0.0,6,6.0,,Collapsed timestamp,collapsed_timestamp,collapsed_timestamp,Excluded from genuine SLA KPI (migration-collapsed timestamps),Reconstructed SLA from ticket_logs lifecycle + issue_types.sla_hours (NOT verified app formula)
3f10393c-cd77-74ab-4261-2a3eeafd8217,dc4adc21-f501-0573-2e9a-d7bbbc89e5d6,28158382-d5c1-436c-927b-3e3d9855c2af,Electrical Issues,e213d0c5-7de3-4f91-b5d4-cda0cd2ade6c,2026-04-20 07:40:06.125016,2026-04-20 07:40:06.125016,logs+mt_match,0.0,6,6.0,,Collapsed timestamp,collapsed_timestamp,collapsed_timestamp,Excluded from genuine SLA KPI (migration-collapsed timestamps),Reconstructed SLA from ticket_logs lifecycle + issue_types.sla_hours (NOT verified app formula)
902b2478-df95-2995-4a94-9c6a45f500f7,dc4adc21-f501-0573-2e9a-d7bbbc89e5d6,d76dd3bd-ccb7-4991-a01f-ce158dfe908e,Plumbing,e213d0c5-7de3-4f91-b5d4-cda0cd2ade6c,2026-04-20 07:40:06.125016,2026-04-20 07:40:06.125016,logs+mt_match,0.0,24,24.0,,Collapsed timestamp,collapsed_timestamp,collapsed_timestamp,Excluded from genuine SLA KPI (migration-collapsed timestamps),Reconstructed SLA from ticket_logs lifecycle + issue_types.sla_hours (NOT verified app formula)
066cfbbc-b43a-c487-b9ca-a3e19c3bd308,dc4adc21-f501-0573-2e9a-d7bbbc89e5d6,abc84f5b-a950-406e-ab46-cefbe11df925,Cleaning Issues,e213d0c5-7de3-4f91-b5d4-cda0cd2ade6c,2026-04-20 07:40:06.125016,2026-04-20 07:40:06.125016,logs+mt_match,0.0,4,4.0,,Collapsed timestamp,collapsed_timestamp,collapsed_timestamp,Excluded from genuine SLA KPI (migration-collapsed timestamps),Reconstructed SLA from ticket_logs lifecycle + issue_types.sla_hours (NOT verified app formula)
668fbf0a-6179-f053-0294-57280ffe5cb5,dc4adc21-f501-0573-2e9a-d7bbbc89e5d6,abc84f5b-a950-406e-ab46-cefbe11df925,Cleaning Issues,e213d0c5-7de3-4f91-b5d4-cda0cd2ade6c,2026-04-20 07:40:06.125016,2026-04-20 07:40:06.125016,logs+mt_match,0.0,4,4.0,,Collapsed timestamp,collapsed_timestamp,collapsed_timestamp,Excluded from genuine SLA KPI (migration-collapsed timestamps),Reconstructed SLA from ticket_logs lifecycle + issue_types.sla_hours (NOT verified app formula)
7ad00c6e-9014-bbe1-8b23-68a6e4b22ad7,dc4adc21-f501-0573-2e9a-d7bbbc89e5d6,e2aa2aaa-8af6-4807-9a4e-7665c5421eed,Furniture,bd081ad6-5fe3-4c1d-a919-81b1055efa19,2026-04-20 07:40:06.125016,2026-04-20 07:40:06.125016,logs+mt_match,0.0,24,24.0,,Collapsed timestamp,collapsed_timestamp,collapsed_timestamp,Excluded from genuine SLA KPI (migration-collapsed timestamps),Reconstructed SLA from ticket_logs lifecycle + issue_types.sla_hours (NOT verified app formula)
9f9b8f73-6644-3bed-a6ea-6334e8b89337,dc4adc21-f501-0573-2e9a-d7bbbc89e5d6,01208ba1-4225-4a61-be39-3afe03dad690,RO Water Issues,bd081ad6-5fe3-4c1d-a919-81b1055efa19,2026-04-20 07:40:06.125016,2026-04-20 07:40:06.125016,logs+mt_match,0.0,6,6.0,,Collapsed timestamp,collapsed_timestamp,collapsed_timestamp,Excluded from genuine SLA KPI (migration-collapsed timestamps),Reconstructed SLA from ticket_logs lifecycle + issue_types.sla_hours (NOT verified app formula)
8bbc5f47-0b85-27d2-d660-bb4bbeb005ec,dc4adc21-f501-0573-2e9a-d7bbbc89e5d6,abc84f5b-a950-406e-ab46-cefbe11df925,Cleaning Issues,e213d0c5-7de3-4f91-b5d4-cda0cd2ade6c,2026-04-20 07:40:06.125016,2026-04-20 07:40:06.125016,logs+mt_match,0.0,4,4.0,,Collapsed timestamp,collapsed_timestamp,collapsed_timestamp,Excluded from genuine SLA KPI (migration-collapsed timestamps),Reconstructed SLA from ticket_logs lifecycle + issue_types.sla_hours (NOT verified app formula)
e106bcdc-78ba-02cf-9589-368dc10bb2dc,ffbd5fe0-d9b3-cb55-cfd7-2d72a3498109,28158382-d5c1-436c-927b-3e3d9855c2af,Electrical Issues,e213d0c5-7de3-4f91-b5d4-cda0cd2ade6c,2026-04-20 07:40:06.125016,2026-04-20 07:40:06.125016,logs+mt_match,0.0,6,6.0,,Collapsed timestamp,collapsed_timestamp,collapsed_timestamp,Excluded from genuine SLA KPI (migration-collapsed timestamps),Reconstructed SLA from ticket_logs lifecycle + issue_types.sla_hours (NOT verified app formula)
144a737a-98cb-64f8-3ec4-0406d92af671,ffbd5fe0-d9b3-cb55-cfd7-2d72a3498109,28158382-d5c1-436c-927b-3e3d9855c2af,Electrical Issues,e213d0c5-7de3-4f91-b5d4-cda0cd2ade6c,2026-04-20 07:40:06.125016,2026-04-20 07:40:06.125016,logs+mt_match,0.0,6,6.0,,Collapsed timestamp,collapsed_timestamp,collapsed_timestamp,Excluded from genuine SLA KPI (migration-collapsed timestamps),Reconstructed SLA from ticket_logs lifecycle + issue_types.sla_hours (NOT verified app formula)
3c22fcd8-7379-4ce2-00f6-fd114d84f389,10c6863d-07c3-4fc4-94f9-6adc29157ce1,7917cc13-aaca-4558-a2c2-8be5cd8fc159,Internet Issues,d2b6ece0-395c-4c27-9667-6d7ce50b417c,2026-04-20 07:40:06.125016,2026-04-20 07:40:06.125016,logs+mt_match,0.0,6,6.0,,Collapsed timestamp,collapsed_timestamp,collapsed_timestamp,Excluded from genuine SLA KPI (migration-collapsed timestamps),Reconstructed SLA from ticket_logs lifecycle + issue_types.sla_hours (NOT verified app formula)
4ffdcd63-b570-acda-f773-7073709ae98f,10c6863d-07c3-4fc4-94f9-6adc29157ce1,ec405235-70e9-407e-9aa2-b877f8f36af8,Fridge Issues,bd081ad6-5fe3-4c1d-a919-81b1055efa19,2026-04-20 07:40:06.125016,2026-04-20 07:40:06.125016,logs+mt_match,0.0,12,12.0,,Collapsed timestamp,collapsed_timestamp,collapsed_timestamp,Excluded from genuine SLA KPI (migration-collapsed timestamps),Reconstructed SLA from ticket_logs lifecycle + issue_types.sla_hours (NOT verified app formula)
ad3474ad-6bd6-40ba-42f7-b62a14f0cb6e,10c6863d-07c3-4fc4-94f9-6adc29157ce1,caf6381e-5189-4c1f-bf0a-4dfd99d9b9e7,Washing machine Issue,bd081ad6-5fe3-4c1d-a919-81b1055efa19,2026-04-20 07:40:06.125016,2026-04-20 07:40:06.125016,logs+mt_match,0.0,24,24.0,,Collapsed timestamp,collapsed_timestamp,collapsed_timestamp,Excluded from genuine SLA KPI (migration-collapsed timestamps),Reconstructed SLA from ticket_logs lifecycle + issue_types.sla_hours (NOT verified app formula)
1eae2b63-2af5-bd4b-7f4a-57394ae9cb75,10c6863d-07c3-4fc4-94f9-6adc29157ce1,47389994-b201-4bb1-bf91-8bce4dbde510,Other,bd081ad6-5fe3-4c1d-a919-81b1055efa19,2026-04-20 07:40:06.125016,2026-04-20 07:40:06.125016,logs+mt_match,0.0,24,24.0,,Collapsed timestamp,collapsed_timestamp,collapsed_timestamp,Excluded from genuine SLA KPI (migration-collapsed timestamps),Reconstructed SLA from ticket_logs lifecycle + issue_types.sla_hours (NOT verified app formula)
c0a5fa74-cdcd-c23e-2d58-e3b1b502fa1b,dd96a329-ec95-e96a-1348-69d976f39cd4,a5831922-eaeb-48c2-941c-fd96fae8813d,AC Issues,d2b6ece0-395c-4c27-9667-6d7ce50b417c,2026-04-20 07:40:06.125016,2026-04-20 07:40:06.125016,logs+mt_match,0.0,12,12.0,,Collapsed timestamp,collapsed_timestamp,collapsed_timestamp,Excluded from genuine SLA KPI (migration-collapsed timestamps),Reconstructed SLA from ticket_logs lifecycle + issue_types.sla_hours (NOT verified app formula)
8c944ff6-cd23-6076-4cf5-20fdde397111,dd96a329-ec95-e96a-1348-69d976f39cd4,a5831922-eaeb-48c2-941c-fd96fae8813d,AC Issues,d2b6ece0-395c-4c27-9667-6d7ce50b417c,2026-04-20 07:40:06.125016,2026-04-20 07:40:06.125016,logs+mt_match,0.0,12,12.0,,Collapsed timestamp,collapsed_timestamp,collapsed_timestamp,Excluded from genuine SLA KPI (migration-collapsed timestamps),Reconstructed SLA from ticket_logs lifecycle + issue_types.sla_hours (NOT verified app formula)
78d47d55-37ad-f2cc-c16c-bb5f3647ccc0,dd96a329-ec95-e96a-1348-69d976f39cd4,01208ba1-4225-4a61-be39-3afe03dad690,RO Water Issues,d2b6ece0-395c-4c27-9667-6d7ce50b417c,2026-04-20 07:40:06.125016,2026-04-20 07:40:06.125016,logs+mt_match,0.0,6,6.0,,Collapsed timestamp,collapsed_timestamp,collapsed_timestamp,Excluded from genuine SLA KPI (migration-collapsed timestamps),Reconstructed SLA from ticket_logs lifecycle + issue_types.sla_hours (NOT verified app formula)
0e2940ea-1484-9537-8245-126de31ead97,dd96a329-ec95-e96a-1348-69d976f39cd4,01208ba1-4225-4a61-be39-3afe03dad690,RO Water Issues,d2b6ece0-395c-4c27-9667-6d7ce50b417c,2026-04-20 07:40:06.125016,2026-04-20 07:40:06.125016,logs+mt_match,0.0,6,6.0,,Collapsed timestamp,collapsed_timestamp,collapsed_timestamp,Excluded from genuine SLA KPI (migration-collapsed timestamps),Reconstructed SLA from ticket_logs lifecycle + issue_types.sla_hours (NOT verified app formula)
9d8efa81-f0ba-b4ba-ed77-a34da3d41735,dd96a329-ec95-e96a-1348-69d976f39cd4,01208ba1-4225-4a61-be39-3afe03dad690,RO Water Issues,d2b6ece0-395c-4c27-9667-6d7ce50b417c,2026-04-20 07:40:06.125016,2026-04-20 07:40:06.125016,logs+mt_match,0.0,6,6.0,,Collapsed timestamp,collapsed_timestamp,collapsed_timestamp,Excluded from genuine SLA KPI (migration-collapsed timestamps),Reconstructed SLA from ticket_logs lifecycle + issue_types.sla_hours (NOT verified app formula)
201b5206-df00-626c-98ad-e448bdb1551d,dd96a329-ec95-e96a-1348-69d976f39cd4,01208ba1-4225-4a61-be39-3afe03dad690,RO Water Issues,d2b6ece0-395c-4c27-9667-6d7ce50b417c,2026-04-20 07:40:06.125016,2026-04-20 07:40:06.125016,logs+mt_match,0.0,6,6.0,,Collapsed timestamp,collapsed_timestamp,collapsed_timestamp,Excluded from genuine SLA KPI (migration-collapsed timestamps),Reconstructed SLA from ticket_logs lifecycle + issue_types.sla_hours (NOT verified app formula)
386d9101-8d34-b85e-4c35-5567e05fc0e3,dd96a329-ec95-e96a-1348-69d976f39cd4,01208ba1-4225-4a61-be39-3afe03dad690,RO Water Issues,d2b6ece0-395c-4c27-9667-6d7ce50b417c,2026-04-20 07:40:06.125016,2026-04-20 07:40:06.125016,logs+mt_match,0.0,6,6.0,,Collapsed timestamp,collapsed_timestamp,collapsed_timestamp,Excluded from genuine SLA KPI (migration-collapsed timestamps),Reconstructed SLA from ticket_logs lifecycle + issue_types.sla_hours (NOT verified app formula)
33c4fcea-1fab-9705-5e7a-49ead1f1a919,dd96a329-ec95-e96a-1348-69d976f39cd4,01208ba1-4225-4a61-be39-3afe03dad690,RO Water Issues,d2b6ece0-395c-4c27-9667-6d7ce50b417c,2026-04-20 07:40:06.125016,2026-04-20 07:40:06.125016,logs+mt_match,0.0,6,6.0,,Collapsed timestamp,collapsed_timestamp,collapsed_timestamp,Excluded from genuine SLA KPI (migration-collapsed timestamps),Reconstructed SLA from ticket_logs lifecycle + issue_types.sla_hours (NOT verified app formula)
f880a3de-eff2-2145-29f1-5664ee9c6984,dd96a329-ec95-e96a-1348-69d976f39cd4,a5831922-eaeb-48c2-941c-fd96fae8813d,AC Issues,d2b6ece0-395c-4c27-9667-6d7ce50b417c,2026-04-20 07:40:06.125016,2026-04-20 07:40:06.125016,logs+mt_match,0.0,12,12.0,,Collapsed timestamp,collapsed_timestamp,collapsed_timestamp,Excluded from genuine SLA KPI (migration-collapsed timestamps),Reconstructed SLA from ticket_logs lifecycle + issue_types.sla_hours (NOT verified app formula)
de81cb45-76db-b939-c204-b73655735f8c,dd96a329-ec95-e96a-1348-69d976f39cd4,28158382-d5c1-436c-927b-3e3d9855c2af,Electrical Issues,d2b6ece0-395c-4c27-9667-6d7ce50b417c,2026-04-20 07:40:06.125016,2026-04-20 07:40:06.125016,logs+mt_match,0.0,6,6.0,,Collapsed timestamp,collapsed_timestamp,collapsed_timestamp,Excluded from genuine SLA KPI (migration-collapsed timestamps),Reconstructed SLA from ticket_logs lifecycle + issue_types.sla_hours (NOT verified app formula)
409160f3-8c48-9b1d-923f-ea28f3d96126,dd96a329-ec95-e96a-1348-69d976f39cd4,d76dd3bd-ccb7-4991-a01f-ce158dfe908e,Plumbing,d2b6ece0-395c-4c27-9667-6d7ce50b417c,2026-04-20 07:40:06.125016,2026-04-20 07:40:06.125016,logs+mt_match,0.0,24,24.0,,Collapsed timestamp,collapsed_timestamp,collapsed_timestamp,Excluded from genuine SLA KPI (migration-collapsed timestamps),Reconstructed SLA from ticket_logs lifecycle + issue_types.sla_hours (NOT verified app formula)
352a7be8-13bb-a32f-579c-73f8dc725e5c,dd96a329-ec95-e96a-1348-69d976f39cd4,a5831922-eaeb-48c2-941c-fd96fae8813d,AC Issues,d2b6ece0-395c-4c27-9667-6d7ce50b417c,2026-04-20 07:40:06.125016,2026-04-20 07:40:06.125016,logs+mt_match,0.0,12,12.0,,Collapsed timestamp,collapsed_timestamp,collapsed_timestamp,Excluded from genuine SLA KPI (migration-collapsed timestamps),Reconstructed SLA from ticket_logs lifecycle + issue_types.sla_hours (NOT verified app formula)
6efda9c4-a92a-a6b4-5580-c8d804c8a8ea,dd96a329-ec95-e96a-1348-69d976f39cd4,a5831922-eaeb-48c2-941c-fd96fae8813d,AC Issues,e213d0c5-7de3-4f91-b5d4-cda0cd2ade6c,2026-04-20 07:40:06.125016,2026-04-20 07:40:06.125016,logs+mt_match,0.0,12,12.0,,Collapsed timestamp,collapsed_timestamp,collapsed_timestamp,Excluded from genuine SLA KPI (migration-collapsed timestamps),Reconstructed SLA from ticket_logs lifecycle + issue_types.sla_hours (NOT verified app formula)
aa9b998c-8efc-80b2-88d8-761f59792a85,dd96a329-ec95-e96a-1348-69d976f39cd4,01208ba1-4225-4a61-be39-3afe03dad690,RO Water Issues,e213d0c5-7de3-4f91-b5d4-cda0cd2ade6c,2026-04-20 07:40:06.125016,2026-04-20 07:40:06.125016,logs+mt_match,0.0,6,6.0,,Collapsed timestamp,collapsed_timestamp,collapsed_timestamp,Excluded from genuine SLA KPI (migration-collapsed timestamps),Reconstructed SLA from ticket_logs lifecycle + issue_types.sla_hours (NOT verified app formula)
b20da449-07a7-3597-12d9-d3ef305fd475,dd96a329-ec95-e96a-1348-69d976f39cd4,01208ba1-4225-4a61-be39-3afe03dad690,RO Water Issues,e213d0c5-7de3-4f91-b5d4-cda0cd2ade6c,2026-04-20 07:40:06.125016,2026-04-20 07:40:06.125016,logs+mt_match,0.0,6,6.0,,Collapsed timestamp,collapsed_timestamp,collapsed_timestamp,Excluded from genuine SLA KPI (migration-collapsed timestamps),Reconstructed SLA from ticket_logs lifecycle + issue_types.sla_hours (NOT verified app formula)
6cf515d2-ca6f-3da8-6801-8d62a1fc00d9,dd96a329-ec95-e96a-1348-69d976f39cd4,a5831922-eaeb-48c2-941c-fd96fae8813d,AC Issues,d2b6ece0-395c-4c27-9667-6d7ce50b417c,2026-04-20 07:40:06.125016,2026-04-20 07:40:06.125016,logs+mt_match,0.0,12,12.0,,Collapsed timestamp,collapsed_timestamp,collapsed_timestamp,Excluded from genuine SLA KPI (migration-collapsed timestamps),Reconstructed SLA from ticket_logs lifecycle + issue_types.sla_hours (NOT verified app formula)
f4d00892-b71c-2af8-dabd-11e1be17f340,dd96a329-ec95-e96a-1348-69d976f39cd4,a5831922-eaeb-48c2-941c-fd96fae8813d,AC Issues,e213d0c5-7de3-4f91-b5d4-cda0cd2ade6c,2026-04-20 07:40:06.125016,2026-04-20 07:40:06.125016,logs+mt_match,0.0,12,12.0,,Collapsed timestamp,collapsed_timestamp,collapsed_timestamp,Excluded from genuine SLA KPI (migration-collapsed timestamps),Reconstructed SLA from ticket_logs lifecycle + issue_types.sla_hours (NOT verified app formula)
adeaf389-d252-4d24-c3ab-0e50e8a2fbed,dd96a329-ec95-e96a-1348-69d976f39cd4,a5831922-eaeb-48c2-941c-fd96fae8813d,AC Issues,d2b6ece0-395c-4c27-9667-6d7ce50b417c,2026-04-20 07:40:06.125016,2026-04-20 07:40:06.125016,logs+mt_match,0.0,12,12.0,,Collapsed timestamp,collapsed_timestamp,collapsed_timestamp,Excluded from genuine SLA KPI (migration-collapsed timestamps),Reconstructed SLA from ticket_logs lifecycle + issue_types.sla_hours (NOT verified app formula)
ae6da258-9c81-624d-2934-34953f25defb,dd96a329-ec95-e96a-1348-69d976f39cd4,28158382-d5c1-436c-927b-3e3d9855c2af,Electrical Issues,d2b6ece0-395c-4c27-9667-6d7ce50b417c,2026-04-20 07:40:06.125016,2026-04-20 07:40:06.125016,logs+mt_match,0.0,6,6.0,,Collapsed timestamp,collapsed_timestamp,collapsed_timestamp,Excluded from genuine SLA KPI (migration-collapsed timestamps),Reconstructed SLA from ticket_logs lifecycle + issue_types.sla_hours (NOT verified app formula)
a6f40061-a4af-80b8-51a0-add777415e10,dd96a329-ec95-e96a-1348-69d976f39cd4,28158382-d5c1-436c-927b-3e3d9855c2af,Electrical Issues,d2b6ece0-395c-4c27-9667-6d7ce50b417c,2026-04-20 07:40:06.125016,2026-04-20 07:40:06.125016,logs+mt_match,0.0,6,6.0,,Collapsed timestamp,collapsed_timestamp,collapsed_timestamp,Excluded from genuine SLA KPI (migration-collapsed timestamps),Reconstructed SLA from ticket_logs lifecycle + issue_types.sla_hours (NOT verified app formula)
740813a9-6573-e8d0-b8c4-6adbbab8dd17,dd96a329-ec95-e96a-1348-69d976f39cd4,a5831922-eaeb-48c2-941c-fd96fae8813d,AC Issues,e213d0c5-7de3-4f91-b5d4-cda0cd2ade6c,2026-04-20 07:40:06.125016,2026-04-20 07:40:06.125016,logs+mt_match,0.0,12,12.0,,Collapsed timestamp,collapsed_timestamp,collapsed_timestamp,Excluded from genuine SLA KPI (migration-collapsed timestamps),Reconstructed SLA from ticket_logs lifecycle + issue_types.sla_hours (NOT verified app formula)
a2b3733c-b903-2965-c49d-16bd14e93f9d,dd96a329-ec95-e96a-1348-69d976f39cd4,47389994-b201-4bb1-bf91-8bce4dbde510,Other,bd081ad6-5fe3-4c1d-a919-81b1055efa19,2026-04-20 07:40:06.125016,2026-04-20 07:40:06.125016,logs+mt_match,0.0,24,24.0,,Collapsed timestamp,collapsed_timestamp,collapsed_timestamp,Excluded from genuine SLA KPI (migration-collapsed timestamps),Reconstructed SLA from ticket_logs lifecycle + issue_types.sla_hours (NOT verified app formula)
15cd3e09-fb20-9a8f-2e8d-f91350af41ea,dd96a329-ec95-e96a-1348-69d976f39cd4,47389994-b201-4bb1-bf91-8bce4dbde510,Other,bd081ad6-5fe3-4c1d-a919-81b1055efa19,2026-04-20 07:40:06.125016,2026-04-20 07:40:06.125016,logs+mt_match,0.0,24,24.0,,Collapsed timestamp,collapsed_timestamp,collapsed_timestamp,Excluded from genuine SLA KPI (migration-collapsed timestamps),Reconstructed SLA from ticket_logs lifecycle + issue_types.sla_hours (NOT verified app formula)
6ceff8a6-da56-9ccc-ea8c-8698a0c1845c,dd96a329-ec95-e96a-1348-69d976f39cd4,47389994-b201-4bb1-bf91-8bce4dbde510,Other,bd081ad6-5fe3-4c1d-a919-81b1055efa19,2026-04-20 07:40:06.125016,2026-04-20 07:40:06.125016,logs+mt_match,0.0,24,24.0,,Collapsed timestamp,collapsed_timestamp,collapsed_timestamp,Excluded from genuine SLA KPI (migration-collapsed timestamps),Reconstructed SLA from ticket_logs lifecycle + issue_types.sla_hours (NOT verified app formula)
af1012ed-deed-ab6e-1e17-a21d716ef235,dd96a329-ec95-e96a-1348-69d976f39cd4,47389994-b201-4bb1-bf91-8bce4dbde510,Other,bd081ad6-5fe3-4c1d-a919-81b1055efa19,2026-04-20 07:40:06.125016,2026-04-20 07:40:06.125016,logs+mt_match,0.0,24,24.0,,Collapsed timestamp,collapsed_timestamp,collapsed_timestamp,Excluded from genuine SLA KPI (migration-collapsed timestamps),Reconstructed SLA from ticket_logs lifecycle + issue_types.sla_hours (NOT verified app formula)
78aca685-0f96-6e02-9ab4-69d619fb88ae,dd96a329-ec95-e96a-1348-69d976f39cd4,47389994-b201-4bb1-bf91-8bce4dbde510,Other,bd081ad6-5fe3-4c1d-a919-81b1055efa19,2026-04-20 07:40:06.125016,2026-04-20 07:40:06.125016,logs+mt_match,0.0,24,24.0,,Collapsed timestamp,collapsed_timestamp,collapsed_timestamp,Excluded from genuine SLA KPI (migration-collapsed timestamps),Reconstructed SLA from ticket_logs lifecycle + issue_types.sla_hours (NOT verified app formula)
b529d44c-b728-aa47-0506-a4f4c85bfff1,dd96a329-ec95-e96a-1348-69d976f39cd4,47389994-b201-4bb1-bf91-8bce4dbde510,Other,bd081ad6-5fe3-4c1d-a919-81b1055efa19,2026-04-20 07:40:06.125016,2026-04-20 07:40:06.125016,logs+mt_match,0.0,24,24.0,,Collapsed timestamp,collapsed_timestamp,collapsed_timestamp,Excluded from genuine SLA KPI (migration-collapsed timestamps),Reconstructed SLA from ticket_logs lifecycle + issue_types.sla_hours (NOT verified app formula)
9e288426-3f88-8f59-6175-0669bba6e4cf,dd96a329-ec95-e96a-1348-69d976f39cd4,47389994-b201-4bb1-bf91-8bce4dbde510,Other,bd081ad6-5fe3-4c1d-a919-81b1055efa19,2026-04-20 07:40:06.125016,2026-04-20 07:40:06.125016,logs+mt_match,0.0,24,24.0,,Collapsed timestamp,collapsed_timestamp,collapsed_timestamp,Excluded from genuine SLA KPI (migration-collapsed timestamps),Reconstructed SLA from ticket_logs lifecycle + issue_types.sla_hours (NOT verified app formula)
e850b127-0860-cf3a-f986-b59dcb42fb37,c2ff0c11-4d1b-7b9b-b93c-aa37c9b6c40b,a5831922-eaeb-48c2-941c-fd96fae8813d,AC Issues,e213d0c5-7de3-4f91-b5d4-cda0cd2ade6c,2026-04-20 07:40:06.125016,2026-04-20 07:40:06.125016,logs+mt_match,0.0,12,12.0,,Collapsed timestamp,collapsed_timestamp,collapsed_timestamp,Excluded from genuine SLA KPI (migration-collapsed timestamps),Reconstructed SLA from ticket_logs lifecycle + issue_types.sla_hours (NOT verified app formula)
c3dcca55-b6b6-d12c-4b0c-e07a1ccdd1ef,c2ff0c11-4d1b-7b9b-b93c-aa37c9b6c40b,01208ba1-4225-4a61-be39-3afe03dad690,RO Water Issues,e213d0c5-7de3-4f91-b5d4-cda0cd2ade6c,2026-04-20 07:40:06.125016,2026-04-20 07:40:06.125016,logs+mt_match,0.0,6,6.0,,Collapsed timestamp,collapsed_timestamp,collapsed_timestamp,Excluded from genuine SLA KPI (migration-collapsed timestamps),Reconstructed SLA from ticket_logs lifecycle + issue_types.sla_hours (NOT verified app formula)
788837e8-e58b-c0e7-3452-69b046dea975,c2ff0c11-4d1b-7b9b-b93c-aa37c9b6c40b,47389994-b201-4bb1-bf91-8bce4dbde510,Other,d2b6ece0-395c-4c27-9667-6d7ce50b417c,2026-04-20 07:40:06.125016,2026-04-20 07:40:06.125016,logs+mt_match,0.0,24,24.0,,Collapsed timestamp,collapsed_timestamp,collapsed_timestamp,Excluded from genuine SLA KPI (migration-collapsed timestamps),Reconstructed SLA from ticket_logs lifecycle + issue_types.sla_hours (NOT verified app formula)
92f2ed4a-b852-4e6b-4bb3-497b0a50ef0d,c2ff0c11-4d1b-7b9b-b93c-aa37c9b6c40b,28158382-d5c1-436c-927b-3e3d9855c2af,Electrical Issues,d2b6ece0-395c-4c27-9667-6d7ce50b417c,2026-04-20 07:40:06.125016,2026-04-20 07:40:06.125016,logs+mt_match,0.0,6,6.0,,Collapsed timestamp,collapsed_timestamp,collapsed_timestamp,Excluded from genuine SLA KPI (migration-collapsed timestamps),Reconstructed SLA from ticket_logs lifecycle + issue_types.sla_hours (NOT verified app formula)
5da92ddf-bf0f-b6b3-1723-91cc27df4de4,c2ff0c11-4d1b-7b9b-b93c-aa37c9b6c40b,28158382-d5c1-436c-927b-3e3d9855c2af,Electrical Issues,e213d0c5-7de3-4f91-b5d4-cda0cd2ade6c,2026-04-20 07:40:06.125016,2026-04-20 07:40:06.125016,logs+mt_match,0.0,6,6.0,,Collapsed timestamp,collapsed_timestamp,collapsed_timestamp,Excluded from genuine SLA KPI (migration-collapsed timestamps),Reconstructed SLA from ticket_logs lifecycle + issue_types.sla_hours (NOT verified app formula)
83cb1e0e-e87b-ef82-d677-edb30f541e33,c2ff0c11-4d1b-7b9b-b93c-aa37c9b6c40b,01208ba1-4225-4a61-be39-3afe03dad690,RO Water Issues,e213d0c5-7de3-4f91-b5d4-cda0cd2ade6c,2026-04-20 07:40:06.125016,2026-04-20 07:40:06.125016,logs+mt_match,0.0,6,6.0,,Collapsed timestamp,collapsed_timestamp,collapsed_timestamp,Excluded from genuine SLA KPI (migration-collapsed timestamps),Reconstructed SLA from ticket_logs lifecycle + issue_types.sla_hours (NOT verified app formula)
75ff20a3-da1c-37f4-53e2-60d3fcaacc1a,c2ff0c11-4d1b-7b9b-b93c-aa37c9b6c40b,47389994-b201-4bb1-bf91-8bce4dbde510,Other,e213d0c5-7de3-4f91-b5d4-cda0cd2ade6c,2026-04-20 07:40:06.125016,2026-04-20 07:40:06.125016,logs+mt_match,0.0,24,24.0,,Collapsed timestamp,collapsed_timestamp,collapsed_timestamp,Excluded from genuine SLA KPI (migration-collapsed timestamps),Reconstructed SLA from ticket_logs lifecycle + issue_types.sla_hours (NOT verified app formula)
cca7e70a-48a3-002d-0e3f-d90608447fd9,c2ff0c11-4d1b-7b9b-b93c-aa37c9b6c40b,a5831922-eaeb-48c2-941c-fd96fae8813d,AC Issues,d2b6ece0-395c-4c27-9667-6d7ce50b417c,2026-04-20 07:40:06.125016,2026-04-20 07:40:06.125016,logs+mt_match,0.0,12,12.0,,Collapsed timestamp,collapsed_timestamp,collapsed_timestamp,Excluded from genuine SLA KPI (migration-collapsed timestamps),Reconstructed SLA from ticket_logs lifecycle + issue_types.sla_hours (NOT verified app formula)
2cea25f0-3677-3f84-58bd-03342209e0c5,c2ff0c11-4d1b-7b9b-b93c-aa37c9b6c40b,a5831922-eaeb-48c2-941c-fd96fae8813d,AC Issues,d2b6ece0-395c-4c27-9667-6d7ce50b417c,2026-04-20 07:40:06.125016,2026-04-20 07:40:06.125016,logs+mt_match,0.0,12,12.0,,Collapsed timestamp,collapsed_timestamp,collapsed_timestamp,Excluded from genuine SLA KPI (migration-collapsed timestamps),Reconstructed SLA from ticket_logs lifecycle + issue_types.sla_hours (NOT verified app formula)
b347e660-2ad1-0ea5-d0cd-f352f7a075d2,c2ff0c11-4d1b-7b9b-b93c-aa37c9b6c40b,01208ba1-4225-4a61-be39-3afe03dad690,RO Water Issues,e213d0c5-7de3-4f91-b5d4-cda0cd2ade6c,2026-04-20 07:40:06.125016,2026-04-20 07:40:06.125016,logs+mt_match,0.0,6,6.0,,Collapsed timestamp,collapsed_timestamp,collapsed_timestamp,Excluded from genuine SLA KPI (migration-collapsed timestamps),Reconstructed SLA from ticket_logs lifecycle + issue_types.sla_hours (NOT verified app formula)
576979ef-7d9e-dc4a-e304-e55db3134e9c,c2ff0c11-4d1b-7b9b-b93c-aa37c9b6c40b,28158382-d5c1-436c-927b-3e3d9855c2af,Electrical Issues,d2b6ece0-395c-4c27-9667-6d7ce50b417c,2026-04-20 07:40:06.125016,2026-04-20 07:40:06.125016,logs+mt_match,0.0,6,6.0,,Collapsed timestamp,collapsed_timestamp,collapsed_timestamp,Excluded from genuine SLA KPI (migration-collapsed timestamps),Reconstructed SLA from ticket_logs lifecycle + issue_types.sla_hours (NOT verified app formula)
18132a2d-a10a-9c1c-adfe-d20dbd81998c,a361bd0d-c2c1-2aee-6303-d65de004edd0,28158382-d5c1-436c-927b-3e3d9855c2af,Electrical Issues,d2b6ece0-395c-4c27-9667-6d7ce50b417c,2026-04-20 07:40:06.125016,2026-04-20 07:40:06.125016,logs+mt_match,0.0,6,6.0,,Collapsed timestamp,collapsed_timestamp,collapsed_timestamp,Excluded from genuine SLA KPI (migration-collapsed timestamps),Reconstructed SLA from ticket_logs lifecycle + issue_types.sla_hours (NOT verified app formula)
802ef082-7491-427a-4efd-63fbdc8a985a,bde00681-ebfc-ef38-4f6e-4906a012de6b,a5831922-eaeb-48c2-941c-fd96fae8813d,AC Issues,e213d0c5-7de3-4f91-b5d4-cda0cd2ade6c,2026-04-20 07:40:06.125016,2026-04-20 07:40:06.125016,logs+mt_match,0.0,12,12.0,,Collapsed timestamp,collapsed_timestamp,collapsed_timestamp,Excluded from genuine SLA KPI (migration-collapsed timestamps),Reconstructed SLA from ticket_logs lifecycle + issue_types.sla_hours (NOT verified app formula)
70315a1d-017d-534e-f9bb-ea32e750971a,,d76dd3bd-ccb7-4991-a01f-ce158dfe908e,Plumbing,e213d0c5-7de3-4f91-b5d4-cda0cd2ade6c,2026-04-20 07:40:06.125016,2026-04-20 07:40:06.125016,logs+mt_match,0.0,24,24.0,,Collapsed timestamp,collapsed_timestamp,collapsed_timestamp,Excluded from genuine SLA KPI (migration-collapsed timestamps),Reconstructed SLA from ticket_logs lifecycle + issue_types.sla_hours (NOT verified app formula)
de1d21af-d109-809c-3d33-14b4fded184e,fb5cedd6-2992-1c62-7fba-4a7a6b43b2ff,caf6381e-5189-4c1f-bf0a-4dfd99d9b9e7,Washing machine Issue,d2b6ece0-395c-4c27-9667-6d7ce50b417c,2026-04-20 07:40:06.125016,2026-04-20 07:40:06.125016,logs+mt_match,0.0,24,24.0,,Collapsed timestamp,collapsed_timestamp,collapsed_timestamp,Excluded from genuine SLA KPI (migration-collapsed timestamps),Reconstructed SLA from ticket_logs lifecycle + issue_types.sla_hours (NOT verified app formula)
9f1260cf-ea83-34dc-2480-97fd1c8d60d1,fb5cedd6-2992-1c62-7fba-4a7a6b43b2ff,a5831922-eaeb-48c2-941c-fd96fae8813d,AC Issues,d2b6ece0-395c-4c27-9667-6d7ce50b417c,2026-04-20 07:40:06.125016,2026-04-20 07:40:06.125016,logs+mt_match,0.0,12,12.0,,Collapsed timestamp,collapsed_timestamp,collapsed_timestamp,Excluded from genuine SLA KPI (migration-collapsed timestamps),Reconstructed SLA from ticket_logs lifecycle + issue_types.sla_hours (NOT verified app formula)
beb4698e-dd6c-2ed1-0fb3-6ce50bba12db,fb5cedd6-2992-1c62-7fba-4a7a6b43b2ff,caf6381e-5189-4c1f-bf0a-4dfd99d9b9e7,Washing machine Issue,d2b6ece0-395c-4c27-9667-6d7ce50b417c,2026-04-20 07:40:06.125016,2026-04-20 07:40:06.125016,logs+mt_match,0.0,24,24.0,,Collapsed timestamp,collapsed_timestamp,collapsed_timestamp,Excluded from genuine SLA KPI (migration-collapsed timestamps),Reconstructed SLA from ticket_logs lifecycle + issue_types.sla_hours (NOT verified app formula)
e20883ba-5965-1056-585e-bfb2d50f7cb5,d2298bb8-a5e5-735a-c8ca-9b18c7daacd6,a5831922-eaeb-48c2-941c-fd96fae8813d,AC Issues,e213d0c5-7de3-4f91-b5d4-cda0cd2ade6c,2026-04-20 07:40:06.125016,2026-04-20 07:40:06.125016,logs+mt_match,0.0,12,12.0,,Collapsed timestamp,collapsed_timestamp,collapsed_timestamp,Excluded from genuine SLA KPI (migration-collapsed timestamps),Reconstructed SLA from ticket_logs lifecycle + issue_types.sla_hours (NOT verified app formula)
e49ff129-587a-a108-850f-4c8afbe08afe,d2298bb8-a5e5-735a-c8ca-9b18c7daacd6,47389994-b201-4bb1-bf91-8bce4dbde510,Other,e213d0c5-7de3-4f91-b5d4-cda0cd2ade6c,2026-04-20 07:40:06.125016,2026-04-20 07:40:06.125016,logs+mt_match,0.0,24,24.0,,Collapsed timestamp,collapsed_timestamp,collapsed_timestamp,Excluded from genuine SLA KPI (migration-collapsed timestamps),Reconstructed SLA from ticket_logs lifecycle + issue_types.sla_hours (NOT verified app formula)
fbebc0bd-1769-1c5d-3878-6f2be50d1b26,d2298bb8-a5e5-735a-c8ca-9b18c7daacd6,47389994-b201-4bb1-bf91-8bce4dbde510,Other,e213d0c5-7de3-4f91-b5d4-cda0cd2ade6c,2026-04-20 07:40:06.125016,2026-04-20 07:40:06.125016,logs+mt_match,0.0,24,24.0,,Collapsed timestamp,collapsed_timestamp,collapsed_timestamp,Excluded from genuine SLA KPI (migration-collapsed timestamps),Reconstructed SLA from ticket_logs lifecycle + issue_types.sla_hours (NOT verified app formula)
a965778b-1704-86cc-cb17-5d919a86ca02,d2298bb8-a5e5-735a-c8ca-9b18c7daacd6,47389994-b201-4bb1-bf91-8bce4dbde510,Other,e213d0c5-7de3-4f91-b5d4-cda0cd2ade6c,2026-04-20 07:40:06.125016,2026-04-20 07:40:06.125016,logs+mt_match,0.0,24,24.0,,Collapsed timestamp,collapsed_timestamp,collapsed_timestamp,Excluded from genuine SLA KPI (migration-collapsed timestamps),Reconstructed SLA from ticket_logs lifecycle + issue_types.sla_hours (NOT verified app formula)
ba2f26ba-8f9a-c2e9-9611-c96add20458b,d2298bb8-a5e5-735a-c8ca-9b18c7daacd6,28158382-d5c1-436c-927b-3e3d9855c2af,Electrical Issues,a55e7168-b152-4072-8b01-0cd4b7e299ca,2026-04-20 07:40:06.125016,2026-04-20 07:40:06.125016,logs+mt_match,0.0,6,6.0,,Collapsed timestamp,collapsed_timestamp,collapsed_timestamp,Excluded from genuine SLA KPI (migration-collapsed timestamps),Reconstructed SLA from ticket_logs lifecycle + issue_types.sla_hours (NOT verified app formula)
78fa54cb-492c-4f7e-a1fc-dc5973d0fab7,d2298bb8-a5e5-735a-c8ca-9b18c7daacd6,47389994-b201-4bb1-bf91-8bce4dbde510,Other,a55e7168-b152-4072-8b01-0cd4b7e299ca,2026-04-20 07:40:06.125016,2026-04-20 07:40:06.125016,logs+mt_match,0.0,24,24.0,,Collapsed timestamp,collapsed_timestamp,collapsed_timestamp,Excluded from genuine SLA KPI (migration-collapsed timestamps),Reconstructed SLA from ticket_logs lifecycle + issue_types.sla_hours (NOT verified app formula)
ecad523b-e901-dd1a-de6c-3bb757fc543d,a361bd0d-c2c1-2aee-6303-d65de004edd0,a5831922-eaeb-48c2-941c-fd96fae8813d,AC Issues,e213d0c5-7de3-4f91-b5d4-cda0cd2ade6c,2026-04-20 07:40:06.125016,2026-04-20 07:40:06.125016,logs+mt_match,0.0,12,12.0,,Collapsed timestamp,collapsed_timestamp,collapsed_timestamp,Excluded from genuine SLA KPI (migration-collapsed timestamps),Reconstructed SLA from ticket_logs lifecycle + issue_types.sla_hours (NOT verified app formula)
0397b467-57d0-b37d-dfe3-7d8bb951857d,a361bd0d-c2c1-2aee-6303-d65de004edd0,d76dd3bd-ccb7-4991-a01f-ce158dfe908e,Plumbing,e213d0c5-7de3-4f91-b5d4-cda0cd2ade6c,2026-04-20 07:40:06.125016,2026-04-20 07:40:06.125016,logs+mt_match,0.0,24,24.0,,Collapsed timestamp,collapsed_timestamp,collapsed_timestamp,Excluded from genuine SLA KPI (migration-collapsed timestamps),Reconstructed SLA from ticket_logs lifecycle + issue_types.sla_hours (NOT verified app formula)
58218adb-02ff-5b72-2208-7f6ec4d8608f,a361bd0d-c2c1-2aee-6303-d65de004edd0,d76dd3bd-ccb7-4991-a01f-ce158dfe908e,Plumbing,e213d0c5-7de3-4f91-b5d4-cda0cd2ade6c,2026-04-20 07:40:06.125016,2026-04-20 07:40:06.125016,logs+mt_match,0.0,24,24.0,,Collapsed timestamp,collapsed_timestamp,collapsed_timestamp,Excluded from genuine SLA KPI (migration-collapsed timestamps),Reconstructed SLA from ticket_logs lifecycle + issue_types.sla_hours (NOT verified app formula)
7571d8e8-af13-bd15-9bb8-855a9e93f163,a361bd0d-c2c1-2aee-6303-d65de004edd0,01208ba1-4225-4a61-be39-3afe03dad690,RO Water Issues,e213d0c5-7de3-4f91-b5d4-cda0cd2ade6c,2026-04-20 07:40:06.125016,2026-04-20 07:40:06.125016,logs+mt_match,0.0,6,6.0,,Collapsed timestamp,collapsed_timestamp,collapsed_timestamp,Excluded from genuine SLA KPI (migration-collapsed timestamps),Reconstructed SLA from ticket_logs lifecycle + issue_types.sla_hours (NOT verified app formula)
3cb8d4ac-5716-7e0e-cb7f-6ade786edbff,a361bd0d-c2c1-2aee-6303-d65de004edd0,e2aa2aaa-8af6-4807-9a4e-7665c5421eed,Furniture,e213d0c5-7de3-4f91-b5d4-cda0cd2ade6c,2026-04-20 07:40:06.125016,2026-04-20 07:40:06.125016,logs+mt_match,0.0,24,24.0,,Collapsed timestamp,collapsed_timestamp,collapsed_timestamp,Excluded from genuine SLA KPI (migration-collapsed timestamps),Reconstructed SLA from ticket_logs lifecycle + issue_types.sla_hours (NOT verified app formula)
ba238862-0dfd-1ebd-d77d-ba00518ec191,a361bd0d-c2c1-2aee-6303-d65de004edd0,7917cc13-aaca-4558-a2c2-8be5cd8fc159,Internet Issues,bd081ad6-5fe3-4c1d-a919-81b1055efa19,2026-04-20 07:40:06.125016,2026-04-20 07:40:06.125016,logs+mt_match,0.0,6,6.0,,Collapsed timestamp,collapsed_timestamp,collapsed_timestamp,Excluded from genuine SLA KPI (migration-collapsed timestamps),Reconstructed SLA from ticket_logs lifecycle + issue_types.sla_hours (NOT verified app formula)
b7b58dd6-555a-7a6e-9642-b178021124e3,a361bd0d-c2c1-2aee-6303-d65de004edd0,7917cc13-aaca-4558-a2c2-8be5cd8fc159,Internet Issues,bd081ad6-5fe3-4c1d-a919-81b1055efa19,2026-04-20 07:40:06.125016,2026-04-20 07:40:06.125016,logs+mt_match,0.0,6,6.0,,Collapsed timestamp,collapsed_timestamp,collapsed_timestamp,Excluded from genuine SLA KPI (migration-collapsed timestamps),Reconstructed SLA from ticket_logs lifecycle + issue_types.sla_hours (NOT verified app formula)
817ac95b-3731-26b7-a06a-fca260f98dbf,2fc42a4f-fe5a-ae08-0e4e-2c89ca71db85,a5831922-eaeb-48c2-941c-fd96fae8813d,AC Issues,e213d0c5-7de3-4f91-b5d4-cda0cd2ade6c,2026-04-20 07:40:06.125016,2026-04-20 07:40:06.125016,logs+mt_match,0.0,12,12.0,,Collapsed timestamp,collapsed_timestamp,collapsed_timestamp,Excluded from genuine SLA KPI (migration-collapsed timestamps),Reconstructed SLA from ticket_logs lifecycle + issue_types.sla_hours (NOT verified app formula)
07fb873e-dafe-8564-9e3b-1f4d0a454b70,bde00681-ebfc-ef38-4f6e-4906a012de6b,e2aa2aaa-8af6-4807-9a4e-7665c5421eed,Furniture,d2b6ece0-395c-4c27-9667-6d7ce50b417c,2026-04-20 07:40:06.125016,2026-04-20 07:40:06.125016,logs+mt_match,0.0,24,24.0,,Collapsed timestamp,collapsed_timestamp,collapsed_timestamp,Excluded from genuine SLA KPI (migration-collapsed timestamps),Reconstructed SLA from ticket_logs lifecycle + issue_types.sla_hours (NOT verified app formula)
4b006b0d-44ab-79c3-f2b5-3dddee58d837,bde00681-ebfc-ef38-4f6e-4906a012de6b,e2aa2aaa-8af6-4807-9a4e-7665c5421eed,Furniture,e213d0c5-7de3-4f91-b5d4-cda0cd2ade6c,2026-04-20 07:40:06.125016,2026-04-20 07:40:06.125016,logs+mt_match,0.0,24,24.0,,Collapsed timestamp,collapsed_timestamp,collapsed_timestamp,Excluded from genuine SLA KPI (migration-collapsed timestamps),Reconstructed SLA from ticket_logs lifecycle + issue_types.sla_hours (NOT verified app formula)
2070934b-bd8c-4500-1b23-affc5cf07912,bde00681-ebfc-ef38-4f6e-4906a012de6b,a5831922-eaeb-48c2-941c-fd96fae8813d,AC Issues,e213d0c5-7de3-4f91-b5d4-cda0cd2ade6c,2026-04-20 07:40:06.125016,2026-04-20 07:40:06.125016,logs+mt_match,0.0,12,12.0,,Collapsed timestamp,collapsed_timestamp,collapsed_timestamp,Excluded from genuine SLA KPI (migration-collapsed timestamps),Reconstructed SLA from ticket_logs lifecycle + issue_types.sla_hours (NOT verified app formula)
fc6b7111-6e0c-71da-3de2-dc02748de68a,bde00681-ebfc-ef38-4f6e-4906a012de6b,d76dd3bd-ccb7-4991-a01f-ce158dfe908e,Plumbing,e213d0c5-7de3-4f91-b5d4-cda0cd2ade6c,2026-04-20 07:40:06.125016,2026-04-20 07:40:06.125016,logs+mt_match,0.0,24,24.0,,Collapsed timestamp,collapsed_timestamp,collapsed_timestamp,Excluded from genuine SLA KPI (migration-collapsed timestamps),Reconstructed SLA from ticket_logs lifecycle + issue_types.sla_hours (NOT verified app formula)
08efd0fa-d081-c5c1-1566-e7d3972f7055,bde00681-ebfc-ef38-4f6e-4906a012de6b,caf6381e-5189-4c1f-bf0a-4dfd99d9b9e7,Washing machine Issue,e213d0c5-7de3-4f91-b5d4-cda0cd2ade6c,2026-04-20 07:40:06.125016,2026-04-20 07:40:06.125016,logs+mt_match,0.0,24,24.0,,Collapsed timestamp,collapsed_timestamp,collapsed_timestamp,Excluded from genuine SLA KPI (migration-collapsed timestamps),Reconstructed SLA from ticket_logs lifecycle + issue_types.sla_hours (NOT verified app formula)
ef67ad06-86bc-9e25-520a-15e911742c77,bde00681-ebfc-ef38-4f6e-4906a012de6b,e2aa2aaa-8af6-4807-9a4e-7665c5421eed,Furniture,d2b6ece0-395c-4c27-9667-6d7ce50b417c,2026-04-20 07:40:06.125016,2026-04-20 07:40:06.125016,logs+mt_match,0.0,24,24.0,,Collapsed timestamp,collapsed_timestamp,collapsed_timestamp,Excluded from genuine SLA KPI (migration-collapsed timestamps),Reconstructed SLA from ticket_logs lifecycle + issue_types.sla_hours (NOT verified app formula)
a3fbff99-ca37-6bdc-b0e8-710adfef4145,bde00681-ebfc-ef38-4f6e-4906a012de6b,a5831922-eaeb-48c2-941c-fd96fae8813d,AC Issues,d2b6ece0-395c-4c27-9667-6d7ce50b417c,2026-04-20 07:40:06.125016,2026-04-20 07:40:06.125016,logs+mt_match,0.0,12,12.0,,Collapsed timestamp,collapsed_timestamp,collapsed_timestamp,Excluded from genuine SLA KPI (migration-collapsed timestamps),Reconstructed SLA from ticket_logs lifecycle + issue_types.sla_hours (NOT verified app formula)
861f306f-1a6c-7c5a-06e9-08a42702b082,bde00681-ebfc-ef38-4f6e-4906a012de6b,7917cc13-aaca-4558-a2c2-8be5cd8fc159,Internet Issues,e213d0c5-7de3-4f91-b5d4-cda0cd2ade6c,2026-04-20 07:40:06.125016,2026-04-20 07:40:06.125016,logs+mt_match,0.0,6,6.0,,Collapsed timestamp,collapsed_timestamp,collapsed_timestamp,Excluded from genuine SLA KPI (migration-collapsed timestamps),Reconstructed SLA from ticket_logs lifecycle + issue_types.sla_hours (NOT verified app formula)
f556a7f0-1d8b-9856-85eb-81deb402c084,bde00681-ebfc-ef38-4f6e-4906a012de6b,01208ba1-4225-4a61-be39-3afe03dad690,RO Water Issues,e213d0c5-7de3-4f91-b5d4-cda0cd2ade6c,2026-04-20 07:40:06.125016,2026-04-20 07:40:06.125016,logs+mt_match,0.0,6,6.0,,Collapsed timestamp,collapsed_timestamp,collapsed_timestamp,Excluded from genuine SLA KPI (migration-collapsed timestamps),Reconstructed SLA from ticket_logs lifecycle + issue_types.sla_hours (NOT verified app formula)
287b88f6-8a4d-af36-efcf-607de8d6a938,bde00681-ebfc-ef38-4f6e-4906a012de6b,abc84f5b-a950-406e-ab46-cefbe11df925,Cleaning Issues,e213d0c5-7de3-4f91-b5d4-cda0cd2ade6c,2026-04-20 07:40:06.125016,2026-04-20 07:40:06.125016,logs+mt_match,0.0,4,4.0,,Collapsed timestamp,collapsed_timestamp,collapsed_timestamp,Excluded from genuine SLA KPI (migration-collapsed timestamps),Reconstructed SLA from ticket_logs lifecycle + issue_types.sla_hours (NOT verified app formula)
bc3e63d8-eeb8-75a9-cd14-ac2398d366b6,bde00681-ebfc-ef38-4f6e-4906a012de6b,caf6381e-5189-4c1f-bf0a-4dfd99d9b9e7,Washing machine Issue,e213d0c5-7de3-4f91-b5d4-cda0cd2ade6c,2026-04-20 07:40:06.125016,2026-04-20 07:40:06.125016,logs+mt_match,0.0,24,24.0,,Collapsed timestamp,collapsed_timestamp,collapsed_timestamp,Excluded from genuine SLA KPI (migration-collapsed timestamps),Reconstructed SLA from ticket_logs lifecycle + issue_types.sla_hours (NOT verified app formula)
3c60087f-1aa0-429f-1396-d28a4a92510b,bde00681-ebfc-ef38-4f6e-4906a012de6b,01208ba1-4225-4a61-be39-3afe03dad690,RO Water Issues,e213d0c5-7de3-4f91-b5d4-cda0cd2ade6c,2026-04-20 07:40:06.125016,2026-04-20 07:40:06.125016,logs+mt_match,0.0,6,6.0,,Collapsed timestamp,collapsed_timestamp,collapsed_timestamp,Excluded from genuine SLA KPI (migration-collapsed timestamps),Reconstructed SLA from ticket_logs lifecycle + issue_types.sla_hours (NOT verified app formula)
78b4112e-81f8-8ed5-b7a6-2500532aeac0,bde00681-ebfc-ef38-4f6e-4906a012de6b,caf6381e-5189-4c1f-bf0a-4dfd99d9b9e7,Washing machine Issue,e213d0c5-7de3-4f91-b5d4-cda0cd2ade6c,2026-04-20 07:40:06.125016,2026-04-20 07:40:06.125016,logs+mt_match,0.0,24,24.0,,Collapsed timestamp,collapsed_timestamp,collapsed_timestamp,Excluded from genuine SLA KPI (migration-collapsed timestamps),Reconstructed SLA from ticket_logs lifecycle + issue_types.sla_hours (NOT verified app formula)
6b50bea0-a7ab-e535-3602-269f6ff51a72,bde00681-ebfc-ef38-4f6e-4906a012de6b,a5831922-eaeb-48c2-941c-fd96fae8813d,AC Issues,d2b6ece0-395c-4c27-9667-6d7ce50b417c,2026-04-20 07:40:06.125016,2026-04-20 07:40:06.125016,logs+mt_match,0.0,12,12.0,,Collapsed timestamp,collapsed_timestamp,collapsed_timestamp,Excluded from genuine SLA KPI (migration-collapsed timestamps),Reconstructed SLA from ticket_logs lifecycle + issue_types.sla_hours (NOT verified app formula)
36a40325-baf0-48bd-2f2f-a612a265adc3,bde00681-ebfc-ef38-4f6e-4906a012de6b,28158382-d5c1-436c-927b-3e3d9855c2af,Electrical Issues,e213d0c5-7de3-4f91-b5d4-cda0cd2ade6c,2026-04-20 07:40:06.125016,2026-04-20 07:40:06.125016,logs+mt_match,0.0,6,6.0,,Collapsed timestamp,collapsed_timestamp,collapsed_timestamp,Excluded from genuine SLA KPI (migration-collapsed timestamps),Reconstructed SLA from ticket_logs lifecycle + issue_types.sla_hours (NOT verified app formula)
4f665432-00ea-bd48-1e0d-5295a8d5143c,bde00681-ebfc-ef38-4f6e-4906a012de6b,abc84f5b-a950-406e-ab46-cefbe11df925,Cleaning Issues,d2b6ece0-395c-4c27-9667-6d7ce50b417c,2026-04-20 07:40:06.125016,2026-04-20 07:40:06.125016,logs+mt_match,0.0,4,4.0,,Collapsed timestamp,collapsed_timestamp,collapsed_timestamp,Excluded from genuine SLA KPI (migration-collapsed timestamps),Reconstructed SLA from ticket_logs lifecycle + issue_types.sla_hours (NOT verified app formula)
7611c5ad-a10a-6498-8240-5dd57102a83a,bde00681-ebfc-ef38-4f6e-4906a012de6b,01208ba1-4225-4a61-be39-3afe03dad690,RO Water Issues,e213d0c5-7de3-4f91-b5d4-cda0cd2ade6c,2026-04-20 07:40:06.125016,2026-04-20 07:40:06.125016,logs+mt_match,0.0,6,6.0,,Collapsed timestamp,collapsed_timestamp,collapsed_timestamp,Excluded from genuine SLA KPI (migration-collapsed timestamps),Reconstructed SLA from ticket_logs lifecycle + issue_types.sla_hours (NOT verified app formula)
238c890d-5faa-10e2-b209-0bc3e6b4e85c,bde00681-ebfc-ef38-4f6e-4906a012de6b,caf6381e-5189-4c1f-bf0a-4dfd99d9b9e7,Washing machine Issue,e213d0c5-7de3-4f91-b5d4-cda0cd2ade6c,2026-04-20 07:40:06.125016,2026-04-20 07:40:06.125016,logs+mt_match,0.0,24,24.0,,Collapsed timestamp,collapsed_timestamp,collapsed_timestamp,Excluded from genuine SLA KPI (migration-collapsed timestamps),Reconstructed SLA from ticket_logs lifecycle + issue_types.sla_hours (NOT verified app formula)
65a008e5-41ea-54a8-5942-f4ddae4ca21a,bde00681-ebfc-ef38-4f6e-4906a012de6b,e2aa2aaa-8af6-4807-9a4e-7665c5421eed,Furniture,d2b6ece0-395c-4c27-9667-6d7ce50b417c,2026-04-20 07:40:06.125016,2026-04-20 07:40:06.125016,logs+mt_match,0.0,24,24.0,,Collapsed timestamp,collapsed_timestamp,collapsed_timestamp,Excluded from genuine SLA KPI (migration-collapsed timestamps),Reconstructed SLA from ticket_logs lifecycle + issue_types.sla_hours (NOT verified app formula)
207d4f79-ca3b-81d7-a278-ccadd9a91e9e,bde00681-ebfc-ef38-4f6e-4906a012de6b,caf6381e-5189-4c1f-bf0a-4dfd99d9b9e7,Washing machine Issue,d2b6ece0-395c-4c27-9667-6d7ce50b417c,2026-04-20 07:40:06.125016,2026-04-20 07:40:06.125016,logs+mt_match,0.0,24,24.0,,Collapsed timestamp,collapsed_timestamp,collapsed_timestamp,Excluded from genuine SLA KPI (migration-collapsed timestamps),Reconstructed SLA from ticket_logs lifecycle + issue_types.sla_hours (NOT verified app formula)
582213a7-6b49-1557-034d-3a32966dd4cb,bde00681-ebfc-ef38-4f6e-4906a012de6b,01208ba1-4225-4a61-be39-3afe03dad690,RO Water Issues,d2b6ece0-395c-4c27-9667-6d7ce50b417c,2026-04-20 07:40:06.125016,2026-04-20 07:40:06.125016,logs+mt_match,0.0,6,6.0,,Collapsed timestamp,collapsed_timestamp,collapsed_timestamp,Excluded from genuine SLA KPI (migration-collapsed timestamps),Reconstructed SLA from ticket_logs lifecycle + issue_types.sla_hours (NOT verified app formula)
47d3316d-9540-1d59-ba29-32ee477f1e8a,bde00681-ebfc-ef38-4f6e-4906a012de6b,abc84f5b-a950-406e-ab46-cefbe11df925,Cleaning Issues,e213d0c5-7de3-4f91-b5d4-cda0cd2ade6c,2026-04-20 07:40:06.125016,2026-04-20 07:40:06.125016,logs+mt_match,0.0,4,4.0,,Collapsed timestamp,collapsed_timestamp,collapsed_timestamp,Excluded from genuine SLA KPI (migration-collapsed timestamps),Reconstructed SLA from ticket_logs lifecycle + issue_types.sla_hours (NOT verified app formula)
ffc10678-e45d-21f8-0d52-0e877f6f9077,bde00681-ebfc-ef38-4f6e-4906a012de6b,47389994-b201-4bb1-bf91-8bce4dbde510,Other,e213d0c5-7de3-4f91-b5d4-cda0cd2ade6c,2026-04-20 07:40:06.125016,2026-04-20 07:40:06.125016,logs+mt_match,0.0,24,24.0,,Collapsed timestamp,collapsed_timestamp,collapsed_timestamp,Excluded from genuine SLA KPI (migration-collapsed timestamps),Reconstructed SLA from ticket_logs lifecycle + issue_types.sla_hours (NOT verified app formula)
37a08cad-31d2-3601-42de-28737d8758e3,bde00681-ebfc-ef38-4f6e-4906a012de6b,47389994-b201-4bb1-bf91-8bce4dbde510,Other,a55e7168-b152-4072-8b01-0cd4b7e299ca,2026-04-20 07:40:06.125016,2026-04-20 07:40:06.125016,logs+mt_match,0.0,24,24.0,,Collapsed timestamp,collapsed_timestamp,collapsed_timestamp,Excluded from genuine SLA KPI (migration-collapsed timestamps),Reconstructed SLA from ticket_logs lifecycle + issue_types.sla_hours (NOT verified app formula)
4e7ca839-263d-d5ae-62e2-4d0501932052,bde00681-ebfc-ef38-4f6e-4906a012de6b,28158382-d5c1-436c-927b-3e3d9855c2af,Electrical Issues,a55e7168-b152-4072-8b01-0cd4b7e299ca,2026-04-20 07:40:06.125016,2026-04-20 07:40:06.125016,logs+mt_match,0.0,6,6.0,,Collapsed timestamp,collapsed_timestamp,collapsed_timestamp,Excluded from genuine SLA KPI (migration-collapsed timestamps),Reconstructed SLA from ticket_logs lifecycle + issue_types.sla_hours (NOT verified app formula)
8ae5df29-ab68-511e-a2a7-bd1ea02aa7b0,bde00681-ebfc-ef38-4f6e-4906a012de6b,d76dd3bd-ccb7-4991-a01f-ce158dfe908e,Plumbing,a55e7168-b152-4072-8b01-0cd4b7e299ca,2026-04-20 07:40:06.125016,2026-04-20 07:40:06.125016,logs+mt_match,0.0,24,24.0,,Collapsed timestamp,collapsed_timestamp,collapsed_timestamp,Excluded from genuine SLA KPI (migration-collapsed timestamps),Reconstructed SLA from ticket_logs lifecycle + issue_types.sla_hours (NOT verified app formula)
62b61c4a-7479-1cc3-c45d-23f16ea6618e,bde00681-ebfc-ef38-4f6e-4906a012de6b,abc84f5b-a950-406e-ab46-cefbe11df925,Cleaning Issues,a55e7168-b152-4072-8b01-0cd4b7e299ca,2026-04-20 07:40:06.125016,2026-04-20 07:40:06.125016,logs+mt_match,0.0,4,4.0,,Collapsed timestamp,collapsed_timestamp,collapsed_timestamp,Excluded from genuine SLA KPI (migration-collapsed timestamps),Reconstructed SLA from ticket_logs lifecycle + issue_types.sla_hours (NOT verified app formula)
59a5749f-8b02-97c4-3172-28242d56af23,990e8a3e-a69c-7b31-f606-3eeb21e3d4c6,01208ba1-4225-4a61-be39-3afe03dad690,RO Water Issues,d2b6ece0-395c-4c27-9667-6d7ce50b417c,2026-04-20 07:40:06.125016,2026-04-20 07:40:06.125016,logs+mt_match,0.0,6,6.0,,Collapsed timestamp,collapsed_timestamp,collapsed_timestamp,Excluded from genuine SLA KPI (migration-collapsed timestamps),Reconstructed SLA from ticket_logs lifecycle + issue_types.sla_hours (NOT verified app formula)
cc4b4376-b317-e31e-1e2b-39351662b6c9,990e8a3e-a69c-7b31-f606-3eeb21e3d4c6,01208ba1-4225-4a61-be39-3afe03dad690,RO Water Issues,d2b6ece0-395c-4c27-9667-6d7ce50b417c,2026-04-20 07:40:06.125016,2026-04-20 07:40:06.125016,logs+mt_match,0.0,6,6.0,,Collapsed timestamp,collapsed_timestamp,collapsed_timestamp,Excluded from genuine SLA KPI (migration-collapsed timestamps),Reconstructed SLA from ticket_logs lifecycle + issue_types.sla_hours (NOT verified app formula)
f547b148-c128-bc17-19fd-6e8757e29acc,990e8a3e-a69c-7b31-f606-3eeb21e3d4c6,47389994-b201-4bb1-bf91-8bce4dbde510,Other,d2b6ece0-395c-4c27-9667-6d7ce50b417c,2026-04-20 07:40:06.125016,2026-04-20 07:40:06.125016,logs+mt_match,0.0,24,24.0,,Collapsed timestamp,collapsed_timestamp,collapsed_timestamp,Excluded from genuine SLA KPI (migration-collapsed timestamps),Reconstructed SLA from ticket_logs lifecycle + issue_types.sla_hours (NOT verified app formula)
811495b9-9031-6fab-2798-6f6be148fb5f,990e8a3e-a69c-7b31-f606-3eeb21e3d4c6,a5831922-eaeb-48c2-941c-fd96fae8813d,AC Issues,d2b6ece0-395c-4c27-9667-6d7ce50b417c,2026-04-20 07:40:06.125016,2026-04-20 07:40:06.125016,logs+mt_match,0.0,12,12.0,,Collapsed timestamp,collapsed_timestamp,collapsed_timestamp,Excluded from genuine SLA KPI (migration-collapsed timestamps),Reconstructed SLA from ticket_logs lifecycle + issue_types.sla_hours (NOT verified app formula)
c08369d1-2076-2c4d-0beb-61c89c02e94a,990e8a3e-a69c-7b31-f606-3eeb21e3d4c6,01208ba1-4225-4a61-be39-3afe03dad690,RO Water Issues,d2b6ece0-395c-4c27-9667-6d7ce50b417c,2026-04-20 07:40:06.125016,2026-04-20 07:40:06.125016,logs+mt_match,0.0,6,6.0,,Collapsed timestamp,collapsed_timestamp,collapsed_timestamp,Excluded from genuine SLA KPI (migration-collapsed timestamps),Reconstructed SLA from ticket_logs lifecycle + issue_types.sla_hours (NOT verified app formula)
f9ea4ca4-cd17-d171-7335-6b95146b4564,990e8a3e-a69c-7b31-f606-3eeb21e3d4c6,47389994-b201-4bb1-bf91-8bce4dbde510,Other,d2b6ece0-395c-4c27-9667-6d7ce50b417c,2026-04-20 07:40:06.125016,2026-04-20 07:40:06.125016,logs+mt_match,0.0,24,24.0,,Collapsed timestamp,collapsed_timestamp,collapsed_timestamp,Excluded from genuine SLA KPI (migration-collapsed timestamps),Reconstructed SLA from ticket_logs lifecycle + issue_types.sla_hours (NOT verified app formula)
9fbf9079-7f2b-f7d0-5bbc-f83da15d958d,990e8a3e-a69c-7b31-f606-3eeb21e3d4c6,47389994-b201-4bb1-bf91-8bce4dbde510,Other,d2b6ece0-395c-4c27-9667-6d7ce50b417c,2026-04-20 07:40:06.125016,2026-04-20 07:40:06.125016,logs+mt_match,0.0,24,24.0,,Collapsed timestamp,collapsed_timestamp,collapsed_timestamp,Excluded from genuine SLA KPI (migration-collapsed timestamps),Reconstructed SLA from ticket_logs lifecycle + issue_types.sla_hours (NOT verified app formula)
77ee2c36-ef8e-b816-2eae-4f0bbc4ee39d,990e8a3e-a69c-7b31-f606-3eeb21e3d4c6,47389994-b201-4bb1-bf91-8bce4dbde510,Other,d2b6ece0-395c-4c27-9667-6d7ce50b417c,2026-04-20 07:40:06.125016,2026-04-20 07:40:06.125016,logs+mt_match,0.0,24,24.0,,Collapsed timestamp,collapsed_timestamp,collapsed_timestamp,Excluded from genuine SLA KPI (migration-collapsed timestamps),Reconstructed SLA from ticket_logs lifecycle + issue_types.sla_hours (NOT verified app formula)
6892c421-7fab-6653-4682-fdfca2a906c8,990e8a3e-a69c-7b31-f606-3eeb21e3d4c6,28158382-d5c1-436c-927b-3e3d9855c2af,Electrical Issues,d2b6ece0-395c-4c27-9667-6d7ce50b417c,2026-04-20 07:40:06.125016,2026-04-20 07:40:06.125016,logs+mt_match,0.0,6,6.0,,Collapsed timestamp,collapsed_timestamp,collapsed_timestamp,Excluded from genuine SLA KPI (migration-collapsed timestamps),Reconstructed SLA from ticket_logs lifecycle + issue_types.sla_hours (NOT verified app formula)
44e23c91-04f4-3014-cc4b-7763b87e61da,990e8a3e-a69c-7b31-f606-3eeb21e3d4c6,28158382-d5c1-436c-927b-3e3d9855c2af,Electrical Issues,d2b6ece0-395c-4c27-9667-6d7ce50b417c,2026-04-20 07:40:06.125016,2026-04-20 07:40:06.125016,logs+mt_match,0.0,6,6.0,,Collapsed timestamp,collapsed_timestamp,collapsed_timestamp,Excluded from genuine SLA KPI (migration-collapsed timestamps),Reconstructed SLA from ticket_logs lifecycle + issue_types.sla_hours (NOT verified app formula)
cb539671-0d18-c5e3-fe53-b551999fe747,990e8a3e-a69c-7b31-f606-3eeb21e3d4c6,28158382-d5c1-436c-927b-3e3d9855c2af,Electrical Issues,d2b6ece0-395c-4c27-9667-6d7ce50b417c,2026-04-20 07:40:06.125016,2026-04-20 07:40:06.125016,logs+mt_match,0.0,6,6.0,,Collapsed timestamp,collapsed_timestamp,collapsed_timestamp,Excluded from genuine SLA KPI (migration-collapsed timestamps),Reconstructed SLA from ticket_logs lifecycle + issue_types.sla_hours (NOT verified app formula)
9abc8bec-0de4-9fd0-aef0-aa5803996917,990e8a3e-a69c-7b31-f606-3eeb21e3d4c6,28158382-d5c1-436c-927b-3e3d9855c2af,Electrical Issues,d2b6ece0-395c-4c27-9667-6d7ce50b417c,2026-04-20 07:40:06.125016,2026-04-20 07:40:06.125016,logs+mt_match,0.0,6,6.0,,Collapsed timestamp,collapsed_timestamp,collapsed_timestamp,Excluded from genuine SLA KPI (migration-collapsed timestamps),Reconstructed SLA from ticket_logs lifecycle + issue_types.sla_hours (NOT verified app formula)
2929ba91-1c18-f7cd-13b4-5829e19924d8,85292340-826d-52c1-65c7-7f2a9eb2c2c4,47389994-b201-4bb1-bf91-8bce4dbde510,Other,e213d0c5-7de3-4f91-b5d4-cda0cd2ade6c,2026-04-20 07:40:06.125016,2026-04-20 07:40:06.125016,logs+mt_match,0.0,24,24.0,,Collapsed timestamp,collapsed_timestamp,collapsed_timestamp,Excluded from genuine SLA KPI (migration-collapsed timestamps),Reconstructed SLA from ticket_logs lifecycle + issue_types.sla_hours (NOT verified app formula)
205c95ab-a46b-242c-fc10-d55c91470309,85292340-826d-52c1-65c7-7f2a9eb2c2c4,47389994-b201-4bb1-bf91-8bce4dbde510,Other,e213d0c5-7de3-4f91-b5d4-cda0cd2ade6c,2026-04-20 07:40:06.125016,2026-04-20 07:40:06.125016,logs+mt_match,0.0,24,24.0,,Collapsed timestamp,collapsed_timestamp,collapsed_timestamp,Excluded from genuine SLA KPI (migration-collapsed timestamps),Reconstructed SLA from ticket_logs lifecycle + issue_types.sla_hours (NOT verified app formula)
9cfd931c-a7b5-be34-3f5b-62ba7660e4cf,85292340-826d-52c1-65c7-7f2a9eb2c2c4,47389994-b201-4bb1-bf91-8bce4dbde510,Other,d2b6ece0-395c-4c27-9667-6d7ce50b417c,2026-04-20 07:40:06.125016,2026-04-20 07:40:06.125016,logs+mt_match,0.0,24,24.0,,Collapsed timestamp,collapsed_timestamp,collapsed_timestamp,Excluded from genuine SLA KPI (migration-collapsed timestamps),Reconstructed SLA from ticket_logs lifecycle + issue_types.sla_hours (NOT verified app formula)
e006c98b-0400-0c75-92f3-8786777496cb,85292340-826d-52c1-65c7-7f2a9eb2c2c4,47389994-b201-4bb1-bf91-8bce4dbde510,Other,e213d0c5-7de3-4f91-b5d4-cda0cd2ade6c,2026-04-20 07:40:06.125016,2026-04-20 07:40:06.125016,logs+mt_match,0.0,24,24.0,,Collapsed timestamp,collapsed_timestamp,collapsed_timestamp,Excluded from genuine SLA KPI (migration-collapsed timestamps),Reconstructed SLA from ticket_logs lifecycle + issue_types.sla_hours (NOT verified app formula)
77ef5f13-86e2-f97a-bba5-83cb8e39d1d3,85292340-826d-52c1-65c7-7f2a9eb2c2c4,47389994-b201-4bb1-bf91-8bce4dbde510,Other,e213d0c5-7de3-4f91-b5d4-cda0cd2ade6c,2026-04-20 07:40:06.125016,2026-04-20 07:40:06.125016,logs+mt_match,0.0,24,24.0,,Collapsed timestamp,collapsed_timestamp,collapsed_timestamp,Excluded from genuine SLA KPI (migration-collapsed timestamps),Reconstructed SLA from ticket_logs lifecycle + issue_types.sla_hours (NOT verified app formula)
4fbbf771-e794-340d-5bff-7eeb3173c838,85292340-826d-52c1-65c7-7f2a9eb2c2c4,47389994-b201-4bb1-bf91-8bce4dbde510,Other,d2b6ece0-395c-4c27-9667-6d7ce50b417c,2026-04-20 07:40:06.125016,2026-04-20 07:40:06.125016,logs+mt_match,0.0,24,24.0,,Collapsed timestamp,collapsed_timestamp,collapsed_timestamp,Excluded from genuine SLA KPI (migration-collapsed timestamps),Reconstructed SLA from ticket_logs lifecycle + issue_types.sla_hours (NOT verified app formula)
edaecf35-2fb4-ab87-98c7-c676fa361e5a,85292340-826d-52c1-65c7-7f2a9eb2c2c4,a5831922-eaeb-48c2-941c-fd96fae8813d,AC Issues,e213d0c5-7de3-4f91-b5d4-cda0cd2ade6c,2026-04-20 07:40:06.125016,2026-04-20 07:40:06.125016,logs+mt_match,0.0,12,12.0,,Collapsed timestamp,collapsed_timestamp,collapsed_timestamp,Excluded from genuine SLA KPI (migration-collapsed timestamps),Reconstructed SLA from ticket_logs lifecycle + issue_types.sla_hours (NOT verified app formula)
093c0a7a-c19c-81e7-72ca-31bc9601eb7d,85292340-826d-52c1-65c7-7f2a9eb2c2c4,28158382-d5c1-436c-927b-3e3d9855c2af,Electrical Issues,e213d0c5-7de3-4f91-b5d4-cda0cd2ade6c,2026-04-20 07:40:06.125016,2026-04-20 07:40:06.125016,logs+mt_match,0.0,6,6.0,,Collapsed timestamp,collapsed_timestamp,collapsed_timestamp,Excluded from genuine SLA KPI (migration-collapsed timestamps),Reconstructed SLA from ticket_logs lifecycle + issue_types.sla_hours (NOT verified app formula)
637093ef-09b8-483f-4f8b-b67af18f2353,85292340-826d-52c1-65c7-7f2a9eb2c2c4,a5831922-eaeb-48c2-941c-fd96fae8813d,AC Issues,d2b6ece0-395c-4c27-9667-6d7ce50b417c,2026-04-20 07:40:06.125016,2026-04-20 07:40:06.125016,logs+mt_match,0.0,12,12.0,,Collapsed timestamp,collapsed_timestamp,collapsed_timestamp,Excluded from genuine SLA KPI (migration-collapsed timestamps),Reconstructed SLA from ticket_logs lifecycle + issue_types.sla_hours (NOT verified app formula)
42aecabe-fbf4-d28d-d450-269841d649ef,85292340-826d-52c1-65c7-7f2a9eb2c2c4,47389994-b201-4bb1-bf91-8bce4dbde510,Other,e213d0c5-7de3-4f91-b5d4-cda0cd2ade6c,2026-04-20 07:40:06.125016,2026-04-20 07:40:06.125016,logs+mt_match,0.0,24,24.0,,Collapsed timestamp,collapsed_timestamp,collapsed_timestamp,Excluded from genuine SLA KPI (migration-collapsed timestamps),Reconstructed SLA from ticket_logs lifecycle + issue_types.sla_hours (NOT verified app formula)
760e351d-c2d9-1245-080d-215a8ecd29d3,323c0dff-be56-f6ee-f053-ee37de806dea,a5831922-eaeb-48c2-941c-fd96fae8813d,AC Issues,d2b6ece0-395c-4c27-9667-6d7ce50b417c,2026-04-20 07:40:06.125016,2026-04-20 07:40:06.125016,logs+mt_match,0.0,12,12.0,,Collapsed timestamp,collapsed_timestamp,collapsed_timestamp,Excluded from genuine SLA KPI (migration-collapsed timestamps),Reconstructed SLA from ticket_logs lifecycle + issue_types.sla_hours (NOT verified app formula)
300fa212-08e8-4189-885b-bdc30e7bf240,323c0dff-be56-f6ee-f053-ee37de806dea,caf6381e-5189-4c1f-bf0a-4dfd99d9b9e7,Washing machine Issue,d2b6ece0-395c-4c27-9667-6d7ce50b417c,2026-04-20 07:40:06.125016,2026-04-20 07:40:06.125016,logs+mt_match,0.0,24,24.0,,Collapsed timestamp,collapsed_timestamp,collapsed_timestamp,Excluded from genuine SLA KPI (migration-collapsed timestamps),Reconstructed SLA from ticket_logs lifecycle + issue_types.sla_hours (NOT verified app formula)
cf40b8a0-c908-ff56-b4d8-4f541a1b2ac6,323c0dff-be56-f6ee-f053-ee37de806dea,caf6381e-5189-4c1f-bf0a-4dfd99d9b9e7,Washing machine Issue,d2b6ece0-395c-4c27-9667-6d7ce50b417c,2026-04-20 07:40:06.125016,2026-04-20 07:40:06.125016,logs+mt_match,0.0,24,24.0,,Collapsed timestamp,collapsed_timestamp,collapsed_timestamp,Excluded from genuine SLA KPI (migration-collapsed timestamps),Reconstructed SLA from ticket_logs lifecycle + issue_types.sla_hours (NOT verified app formula)
111e348f-68e6-7d8c-8c09-5e38605a53dd,323c0dff-be56-f6ee-f053-ee37de806dea,28158382-d5c1-436c-927b-3e3d9855c2af,Electrical Issues,d2b6ece0-395c-4c27-9667-6d7ce50b417c,2026-04-20 07:40:06.125016,2026-04-20 07:40:06.125016,logs+mt_match,0.0,6,6.0,,Collapsed timestamp,collapsed_timestamp,collapsed_timestamp,Excluded from genuine SLA KPI (migration-collapsed timestamps),Reconstructed SLA from ticket_logs lifecycle + issue_types.sla_hours (NOT verified app formula)
b9f94071-f23d-e472-7c81-2debe5c2461c,323c0dff-be56-f6ee-f053-ee37de806dea,47389994-b201-4bb1-bf91-8bce4dbde510,Other,d2b6ece0-395c-4c27-9667-6d7ce50b417c,2026-04-20 07:40:06.125016,2026-04-20 07:40:06.125016,logs+mt_match,0.0,24,24.0,,Collapsed timestamp,collapsed_timestamp,collapsed_timestamp,Excluded from genuine SLA KPI (migration-collapsed timestamps),Reconstructed SLA from ticket_logs lifecycle + issue_types.sla_hours (NOT verified app formula)
3edd585d-7e13-57a4-de13-fd9301cd93fd,323c0dff-be56-f6ee-f053-ee37de806dea,a5831922-eaeb-48c2-941c-fd96fae8813d,AC Issues,e213d0c5-7de3-4f91-b5d4-cda0cd2ade6c,2026-04-20 07:40:06.125016,2026-04-20 07:40:06.125016,logs+mt_match,0.0,12,12.0,,Collapsed timestamp,collapsed_timestamp,collapsed_timestamp,Excluded from genuine SLA KPI (migration-collapsed timestamps),Reconstructed SLA from ticket_logs lifecycle + issue_types.sla_hours (NOT verified app formula)
a0b0ed3b-343e-d090-3df8-c7d0c7b25fe0,323c0dff-be56-f6ee-f053-ee37de806dea,a5831922-eaeb-48c2-941c-fd96fae8813d,AC Issues,d2b6ece0-395c-4c27-9667-6d7ce50b417c,2026-04-20 07:40:06.125016,2026-04-20 07:40:06.125016,logs+mt_match,0.0,12,12.0,,Collapsed timestamp,collapsed_timestamp,collapsed_timestamp,Excluded from genuine SLA KPI (migration-collapsed timestamps),Reconstructed SLA from ticket_logs lifecycle + issue_types.sla_hours (NOT verified app formula)
d59bee09-a26f-d2c5-bd2f-0bb7c904cb90,5d204545-2f72-b89b-3190-a826b5ab6512,d76dd3bd-ccb7-4991-a01f-ce158dfe908e,Plumbing,e213d0c5-7de3-4f91-b5d4-cda0cd2ade6c,2026-04-20 07:40:06.125016,2026-04-20 07:40:06.125016,logs+mt_match,0.0,24,24.0,,Collapsed timestamp,collapsed_timestamp,collapsed_timestamp,Excluded from genuine SLA KPI (migration-collapsed timestamps),Reconstructed SLA from ticket_logs lifecycle + issue_types.sla_hours (NOT verified app formula)
fad548cb-59ec-7aa4-3d5e-3ac417ffd350,5d204545-2f72-b89b-3190-a826b5ab6512,28158382-d5c1-436c-927b-3e3d9855c2af,Electrical Issues,e213d0c5-7de3-4f91-b5d4-cda0cd2ade6c,2026-04-20 07:40:06.125016,2026-04-20 07:40:06.125016,logs+mt_match,0.0,6,6.0,,Collapsed timestamp,collapsed_timestamp,collapsed_timestamp,Excluded from genuine SLA KPI (migration-collapsed timestamps),Reconstructed SLA from ticket_logs lifecycle + issue_types.sla_hours (NOT verified app formula)
49454c62-50e8-2d73-503b-70773180abbd,5d204545-2f72-b89b-3190-a826b5ab6512,a5831922-eaeb-48c2-941c-fd96fae8813d,AC Issues,a55e7168-b152-4072-8b01-0cd4b7e299ca,2026-04-20 07:40:06.125016,2026-04-20 07:40:06.125016,logs+mt_match,0.0,12,12.0,,Collapsed timestamp,collapsed_timestamp,collapsed_timestamp,Excluded from genuine SLA KPI (migration-collapsed timestamps),Reconstructed SLA from ticket_logs lifecycle + issue_types.sla_hours (NOT verified app formula)
5b2cc5a3-5b3f-a619-2d5d-7fed31bd05eb,5d204545-2f72-b89b-3190-a826b5ab6512,a5831922-eaeb-48c2-941c-fd96fae8813d,AC Issues,a55e7168-b152-4072-8b01-0cd4b7e299ca,2026-04-20 07:40:06.125016,2026-04-20 07:40:06.125016,logs+mt_match,0.0,12,12.0,,Collapsed timestamp,collapsed_timestamp,collapsed_timestamp,Excluded from genuine SLA KPI (migration-collapsed timestamps),Reconstructed SLA from ticket_logs lifecycle + issue_types.sla_hours (NOT verified app formula)
335f863d-05ce-f6a9-bfd3-4569834cf6c6,5d204545-2f72-b89b-3190-a826b5ab6512,a5831922-eaeb-48c2-941c-fd96fae8813d,AC Issues,a55e7168-b152-4072-8b01-0cd4b7e299ca,2026-04-20 07:40:06.125016,2026-04-20 07:40:06.125016,logs+mt_match,0.0,12,12.0,,Collapsed timestamp,collapsed_timestamp,collapsed_timestamp,Excluded from genuine SLA KPI (migration-collapsed timestamps),Reconstructed SLA from ticket_logs lifecycle + issue_types.sla_hours (NOT verified app formula)
72f6c638-6f52-cada-9b0e-04aef9433883,fb5cedd6-2992-1c62-7fba-4a7a6b43b2ff,e2aa2aaa-8af6-4807-9a4e-7665c5421eed,Furniture,d2b6ece0-395c-4c27-9667-6d7ce50b417c,2026-04-20 07:40:06.125016,2026-04-20 07:40:06.125016,logs+mt_match,0.0,24,24.0,,Collapsed timestamp,collapsed_timestamp,collapsed_timestamp,Excluded from genuine SLA KPI (migration-collapsed timestamps),Reconstructed SLA from ticket_logs lifecycle + issue_types.sla_hours (NOT verified app formula)
e11108e5-6b8a-d0d5-672b-2d31712fea6a,fb5cedd6-2992-1c62-7fba-4a7a6b43b2ff,a5831922-eaeb-48c2-941c-fd96fae8813d,AC Issues,d2b6ece0-395c-4c27-9667-6d7ce50b417c,2026-04-20 07:40:06.125016,2026-04-20 07:40:06.125016,logs+mt_match,0.0,12,12.0,,Collapsed timestamp,collapsed_timestamp,collapsed_timestamp,Excluded from genuine SLA KPI (migration-collapsed timestamps),Reconstructed SLA from ticket_logs lifecycle + issue_types.sla_hours (NOT verified app formula)
819913a6-a5ae-b42e-359d-04f2998be437,fb5cedd6-2992-1c62-7fba-4a7a6b43b2ff,28158382-d5c1-436c-927b-3e3d9855c2af,Electrical Issues,e213d0c5-7de3-4f91-b5d4-cda0cd2ade6c,2026-04-20 07:40:06.125016,2026-04-20 07:40:06.125016,logs+mt_match,0.0,6,6.0,,Collapsed timestamp,collapsed_timestamp,collapsed_timestamp,Excluded from genuine SLA KPI (migration-collapsed timestamps),Reconstructed SLA from ticket_logs lifecycle + issue_types.sla_hours (NOT verified app formula)
72ad442b-df33-2fab-8499-1df42b7c85c2,fb5cedd6-2992-1c62-7fba-4a7a6b43b2ff,caf6381e-5189-4c1f-bf0a-4dfd99d9b9e7,Washing machine Issue,d2b6ece0-395c-4c27-9667-6d7ce50b417c,2026-04-20 07:40:06.125016,2026-04-20 07:40:06.125016,logs+mt_match,0.0,24,24.0,,Collapsed timestamp,collapsed_timestamp,collapsed_timestamp,Excluded from genuine SLA KPI (migration-collapsed timestamps),Reconstructed SLA from ticket_logs lifecycle + issue_types.sla_hours (NOT verified app formula)
c069f0df-b621-5b4a-e32c-9fabefaf93a6,fb5cedd6-2992-1c62-7fba-4a7a6b43b2ff,abc84f5b-a950-406e-ab46-cefbe11df925,Cleaning Issues,e213d0c5-7de3-4f91-b5d4-cda0cd2ade6c,2026-04-20 07:40:06.125016,2026-04-20 07:40:06.125016,logs+mt_match,0.0,4,4.0,,Collapsed timestamp,collapsed_timestamp,collapsed_timestamp,Excluded from genuine SLA KPI (migration-collapsed timestamps),Reconstructed SLA from ticket_logs lifecycle + issue_types.sla_hours (NOT verified app formula)
ed5a2d28-0de4-11dd-8456-15c7cff62c2b,fb5cedd6-2992-1c62-7fba-4a7a6b43b2ff,abc84f5b-a950-406e-ab46-cefbe11df925,Cleaning Issues,d2b6ece0-395c-4c27-9667-6d7ce50b417c,2026-04-20 07:40:06.125016,2026-04-20 07:40:06.125016,logs+mt_match,0.0,4,4.0,,Collapsed timestamp,collapsed_timestamp,collapsed_timestamp,Excluded from genuine SLA KPI (migration-collapsed timestamps),Reconstructed SLA from ticket_logs lifecycle + issue_types.sla_hours (NOT verified app formula)
71870173-17e9-1be1-9c07-7e81fe929ff3,fb5cedd6-2992-1c62-7fba-4a7a6b43b2ff,28158382-d5c1-436c-927b-3e3d9855c2af,Electrical Issues,d2b6ece0-395c-4c27-9667-6d7ce50b417c,2026-04-20 07:40:06.125016,2026-04-20 07:40:06.125016,logs+mt_match,0.0,6,6.0,,Collapsed timestamp,collapsed_timestamp,collapsed_timestamp,Excluded from genuine SLA KPI (migration-collapsed timestamps),Reconstructed SLA from ticket_logs lifecycle + issue_types.sla_hours (NOT verified app formula)
f34e58b0-bc29-5a39-5d75-5e5fa487809f,fb5cedd6-2992-1c62-7fba-4a7a6b43b2ff,47389994-b201-4bb1-bf91-8bce4dbde510,Other,e213d0c5-7de3-4f91-b5d4-cda0cd2ade6c,2026-04-20 07:40:06.125016,2026-04-20 07:40:06.125016,logs+mt_match,0.0,24,24.0,,Collapsed timestamp,collapsed_timestamp,collapsed_timestamp,Excluded from genuine SLA KPI (migration-collapsed timestamps),Reconstructed SLA from ticket_logs lifecycle + issue_types.sla_hours (NOT verified app formula)
60c7dcef-7f3c-313c-1a67-83b7d271cc70,bde00681-ebfc-ef38-4f6e-4906a012de6b,47389994-b201-4bb1-bf91-8bce4dbde510,Other,d2b6ece0-395c-4c27-9667-6d7ce50b417c,2026-04-20 07:40:06.125016,2026-04-20 07:40:06.125016,logs+mt_match,0.0,24,24.0,,Collapsed timestamp,collapsed_timestamp,collapsed_timestamp,Excluded from genuine SLA KPI (migration-collapsed timestamps),Reconstructed SLA from ticket_logs lifecycle + issue_types.sla_hours (NOT verified app formula)
18e7d064-3b5d-3fcf-517f-929a24a05a6d,bde00681-ebfc-ef38-4f6e-4906a012de6b,a5831922-eaeb-48c2-941c-fd96fae8813d,AC Issues,d2b6ece0-395c-4c27-9667-6d7ce50b417c,2026-04-20 07:40:06.125016,2026-04-20 07:40:06.125016,logs+mt_match,0.0,12,12.0,,Collapsed timestamp,collapsed_timestamp,collapsed_timestamp,Excluded from genuine SLA KPI (migration-collapsed timestamps),Reconstructed SLA from ticket_logs lifecycle + issue_types.sla_hours (NOT verified app formula)
67508b26-75de-cfc6-9d70-cbd934950149,bde00681-ebfc-ef38-4f6e-4906a012de6b,caf6381e-5189-4c1f-bf0a-4dfd99d9b9e7,Washing machine Issue,d2b6ece0-395c-4c27-9667-6d7ce50b417c,2026-04-20 07:40:06.125016,2026-04-20 07:40:06.125016,logs+mt_match,0.0,24,24.0,,Collapsed timestamp,collapsed_timestamp,collapsed_timestamp,Excluded from genuine SLA KPI (migration-collapsed timestamps),Reconstructed SLA from ticket_logs lifecycle + issue_types.sla_hours (NOT verified app formula)
15930406-d512-7b48-1b75-f8fb87bd1b4e,bde00681-ebfc-ef38-4f6e-4906a012de6b,47389994-b201-4bb1-bf91-8bce4dbde510,Other,e213d0c5-7de3-4f91-b5d4-cda0cd2ade6c,2026-04-20 07:40:06.125016,2026-04-20 07:40:06.125016,logs+mt_match,0.0,24,24.0,,Collapsed timestamp,collapsed_timestamp,collapsed_timestamp,Excluded from genuine SLA KPI (migration-collapsed timestamps),Reconstructed SLA from ticket_logs lifecycle + issue_types.sla_hours (NOT verified app formula)
13f0b7b6-665a-39f3-8097-ceeefb6a3b10,bde00681-ebfc-ef38-4f6e-4906a012de6b,28158382-d5c1-436c-927b-3e3d9855c2af,Electrical Issues,bd081ad6-5fe3-4c1d-a919-81b1055efa19,2026-04-20 07:40:06.125016,2026-04-20 07:40:06.125016,logs+mt_match,0.0,6,6.0,,Collapsed timestamp,collapsed_timestamp,collapsed_timestamp,Excluded from genuine SLA KPI (migration-collapsed timestamps),Reconstructed SLA from ticket_logs lifecycle + issue_types.sla_hours (NOT verified app formula)
431bc1ba-f8e4-400c-63f9-9b161468c725,79853a4a-cb02-508c-e041-7e23378aec9c,28158382-d5c1-436c-927b-3e3d9855c2af,Electrical Issues,d2b6ece0-395c-4c27-9667-6d7ce50b417c,2026-04-20 07:40:06.125016,2026-04-20 07:40:06.125016,logs+mt_match,0.0,6,6.0,,Collapsed timestamp,collapsed_timestamp,collapsed_timestamp,Excluded from genuine SLA KPI (migration-collapsed timestamps),Reconstructed SLA from ticket_logs lifecycle + issue_types.sla_hours (NOT verified app formula)
8d934583-ba12-2b81-3728-458a50b91869,79853a4a-cb02-508c-e041-7e23378aec9c,47389994-b201-4bb1-bf91-8bce4dbde510,Other,e213d0c5-7de3-4f91-b5d4-cda0cd2ade6c,2026-04-20 07:40:06.125016,2026-04-20 07:40:06.125016,logs+mt_match,0.0,24,24.0,,Collapsed timestamp,collapsed_timestamp,collapsed_timestamp,Excluded from genuine SLA KPI (migration-collapsed timestamps),Reconstructed SLA from ticket_logs lifecycle + issue_types.sla_hours (NOT verified app formula)
513b0a80-8b3f-6e60-d948-878480a5051a,79853a4a-cb02-508c-e041-7e23378aec9c,caf6381e-5189-4c1f-bf0a-4dfd99d9b9e7,Washing machine Issue,e213d0c5-7de3-4f91-b5d4-cda0cd2ade6c,2026-04-20 07:40:06.125016,2026-04-20 07:40:06.125016,logs+mt_match,0.0,24,24.0,,Collapsed timestamp,collapsed_timestamp,collapsed_timestamp,Excluded from genuine SLA KPI (migration-collapsed timestamps),Reconstructed SLA from ticket_logs lifecycle + issue_types.sla_hours (NOT verified app formula)
063a131e-3dc4-f0a1-9bda-8a0664bd5e94,9d5d0096-0b78-a663-1142-be871dfa2bda,28158382-d5c1-436c-927b-3e3d9855c2af,Electrical Issues,d2b6ece0-395c-4c27-9667-6d7ce50b417c,2026-04-20 07:40:06.125016,2026-04-20 07:40:06.125016,logs+mt_match,0.0,6,6.0,,Collapsed timestamp,collapsed_timestamp,collapsed_timestamp,Excluded from genuine SLA KPI (migration-collapsed timestamps),Reconstructed SLA from ticket_logs lifecycle + issue_types.sla_hours (NOT verified app formula)
06424d86-1df8-0db3-8464-939cc3dfdb1c,9d5d0096-0b78-a663-1142-be871dfa2bda,e2aa2aaa-8af6-4807-9a4e-7665c5421eed,Furniture,d2b6ece0-395c-4c27-9667-6d7ce50b417c,2026-04-20 07:40:06.125016,2026-04-20 07:40:06.125016,logs+mt_match,0.0,24,24.0,,Collapsed timestamp,collapsed_timestamp,collapsed_timestamp,Excluded from genuine SLA KPI (migration-collapsed timestamps),Reconstructed SLA from ticket_logs lifecycle + issue_types.sla_hours (NOT verified app formula)
fce09a0d-c068-3de8-0a06-0a027eba81a9,9d5d0096-0b78-a663-1142-be871dfa2bda,a5831922-eaeb-48c2-941c-fd96fae8813d,AC Issues,d2b6ece0-395c-4c27-9667-6d7ce50b417c,2026-04-20 07:40:06.125016,2026-04-20 07:40:06.125016,logs+mt_match,0.0,12,12.0,,Collapsed timestamp,collapsed_timestamp,collapsed_timestamp,Excluded from genuine SLA KPI (migration-collapsed timestamps),Reconstructed SLA from ticket_logs lifecycle + issue_types.sla_hours (NOT verified app formula)
554ce09f-109a-ffdd-cdb7-69fa72f2f483,9d5d0096-0b78-a663-1142-be871dfa2bda,e2aa2aaa-8af6-4807-9a4e-7665c5421eed,Furniture,e213d0c5-7de3-4f91-b5d4-cda0cd2ade6c,2026-04-20 07:40:06.125016,2026-04-20 07:40:06.125016,logs+mt_match,0.0,24,24.0,,Collapsed timestamp,collapsed_timestamp,collapsed_timestamp,Excluded from genuine SLA KPI (migration-collapsed timestamps),Reconstructed SLA from ticket_logs lifecycle + issue_types.sla_hours (NOT verified app formula)
20a82a52-d6ce-ee9f-29a2-31b4981cf48c,9d5d0096-0b78-a663-1142-be871dfa2bda,a5831922-eaeb-48c2-941c-fd96fae8813d,AC Issues,d2b6ece0-395c-4c27-9667-6d7ce50b417c,2026-04-20 07:40:06.125016,2026-04-20 07:40:06.125016,logs+mt_match,0.0,12,12.0,,Collapsed timestamp,collapsed_timestamp,collapsed_timestamp,Excluded from genuine SLA KPI (migration-collapsed timestamps),Reconstructed SLA from ticket_logs lifecycle + issue_types.sla_hours (NOT verified app formula)
750de943-50cf-721e-6420-3ed5e6471663,323c0dff-be56-f6ee-f053-ee37de806dea,caf6381e-5189-4c1f-bf0a-4dfd99d9b9e7,Washing machine Issue,d2b6ece0-395c-4c27-9667-6d7ce50b417c,2026-04-20 07:40:06.125016,2026-04-20 07:40:06.125016,logs+mt_match,0.0,24,24.0,,Collapsed timestamp,collapsed_timestamp,collapsed_timestamp,Excluded from genuine SLA KPI (migration-collapsed timestamps),Reconstructed SLA from ticket_logs lifecycle + issue_types.sla_hours (NOT verified app formula)
f150df87-1be6-8900-b126-dcf57a1ab2ca,417c9738-a0f7-5a00-1091-37a9fd083dd6,47389994-b201-4bb1-bf91-8bce4dbde510,Other,e213d0c5-7de3-4f91-b5d4-cda0cd2ade6c,2026-04-20 07:40:06.125016,2026-04-20 07:40:06.125016,logs+mt_match,0.0,24,24.0,,Collapsed timestamp,collapsed_timestamp,collapsed_timestamp,Excluded from genuine SLA KPI (migration-collapsed timestamps),Reconstructed SLA from ticket_logs lifecycle + issue_types.sla_hours (NOT verified app formula)
235d7e98-6c9b-f842-7ba7-65747ae09ffb,417c9738-a0f7-5a00-1091-37a9fd083dd6,47389994-b201-4bb1-bf91-8bce4dbde510,Other,e213d0c5-7de3-4f91-b5d4-cda0cd2ade6c,2026-04-20 07:40:06.125016,2026-04-20 07:40:06.125016,logs+mt_match,0.0,24,24.0,,Collapsed timestamp,collapsed_timestamp,collapsed_timestamp,Excluded from genuine SLA KPI (migration-collapsed timestamps),Reconstructed SLA from ticket_logs lifecycle + issue_types.sla_hours (NOT verified app formula)
7a60f3ab-01f4-e9dd-3fca-c31a408f63c7,417c9738-a0f7-5a00-1091-37a9fd083dd6,47389994-b201-4bb1-bf91-8bce4dbde510,Other,e213d0c5-7de3-4f91-b5d4-cda0cd2ade6c,2026-04-20 07:40:06.125016,2026-04-20 07:40:06.125016,logs+mt_match,0.0,24,24.0,,Collapsed timestamp,collapsed_timestamp,collapsed_timestamp,Excluded from genuine SLA KPI (migration-collapsed timestamps),Reconstructed SLA from ticket_logs lifecycle + issue_types.sla_hours (NOT verified app formula)
d837105e-eb7b-8fcf-c460-f1dee25a26ac,417c9738-a0f7-5a00-1091-37a9fd083dd6,28158382-d5c1-436c-927b-3e3d9855c2af,Electrical Issues,e213d0c5-7de3-4f91-b5d4-cda0cd2ade6c,2026-04-20 07:40:06.125016,2026-04-20 07:40:06.125016,logs+mt_match,0.0,6,6.0,,Collapsed timestamp,collapsed_timestamp,collapsed_timestamp,Excluded from genuine SLA KPI (migration-collapsed timestamps),Reconstructed SLA from ticket_logs lifecycle + issue_types.sla_hours (NOT verified app formula)
9b4230ca-e197-7b61-ca55-fd9dec1487ee,417c9738-a0f7-5a00-1091-37a9fd083dd6,a5831922-eaeb-48c2-941c-fd96fae8813d,AC Issues,d2b6ece0-395c-4c27-9667-6d7ce50b417c,2026-04-20 07:40:06.125016,2026-04-20 07:40:06.125016,logs+mt_match,0.0,12,12.0,,Collapsed timestamp,collapsed_timestamp,collapsed_timestamp,Excluded from genuine SLA KPI (migration-collapsed timestamps),Reconstructed SLA from ticket_logs lifecycle + issue_types.sla_hours (NOT verified app formula)
b26170bd-87b4-e0c9-43a5-fe6145bfaf38,417c9738-a0f7-5a00-1091-37a9fd083dd6,abc84f5b-a950-406e-ab46-cefbe11df925,Cleaning Issues,e213d0c5-7de3-4f91-b5d4-cda0cd2ade6c,2026-04-20 07:40:06.125016,2026-04-20 07:40:06.125016,logs+mt_match,0.0,4,4.0,,Collapsed timestamp,collapsed_timestamp,collapsed_timestamp,Excluded from genuine SLA KPI (migration-collapsed timestamps),Reconstructed SLA from ticket_logs lifecycle + issue_types.sla_hours (NOT verified app formula)
c14621d3-04fb-2b28-a9d3-92da337965e1,417c9738-a0f7-5a00-1091-37a9fd083dd6,a5831922-eaeb-48c2-941c-fd96fae8813d,AC Issues,d2b6ece0-395c-4c27-9667-6d7ce50b417c,2026-04-20 07:40:06.125016,2026-04-20 07:40:06.125016,logs+mt_match,0.0,12,12.0,,Collapsed timestamp,collapsed_timestamp,collapsed_timestamp,Excluded from genuine SLA KPI (migration-collapsed timestamps),Reconstructed SLA from ticket_logs lifecycle + issue_types.sla_hours (NOT verified app formula)
912ad16c-a1c2-48c6-b445-1685778c106f,574de174-c7bb-bc11-f282-cff2aa2501c5,a5831922-eaeb-48c2-941c-fd96fae8813d,AC Issues,bd081ad6-5fe3-4c1d-a919-81b1055efa19,2026-04-22 05:17:16.579605,2026-07-05 09:16:12.966038,logs+mt_match,1779.9823295647222,12,-1767.9823295647222,True,SLA Breached,measurable,reconstructed 1780.0h vs 12h SLA,Review breach — slow resolution for this issue type,Reconstructed SLA from ticket_logs lifecycle + issue_types.sla_hours (NOT verified app formula)
1b95553d-b7c7-4d17-8765-8d13ca401084,1183b300-b9ae-5e28-acb2-304cb2fd36db,47389994-b201-4bb1-bf91-8bce4dbde510,Other,bd081ad6-5fe3-4c1d-a919-81b1055efa19,2026-04-23 04:27:11.121188,2026-04-23 06:48:56.284757,logs+mt_match,2.3625454358333333,24,21.637454564166667,False,Within SLA,measurable,reconstructed 2.4h vs 24h SLA,OK,Reconstructed SLA from ticket_logs lifecycle + issue_types.sla_hours (NOT verified app formula)
d2b0a261-7b0d-4472-8f2d-41c343d828a4,77c3a6fd-4651-d880-29aa-abd19c8324df,01208ba1-4225-4a61-be39-3afe03dad690,RO Water Issues,bd081ad6-5fe3-4c1d-a919-81b1055efa19,2026-04-20 07:12:31.859915,2026-04-23 15:19:02.706992,logs+mt_match,80.10856863250001,6,-74.10856863250001,True,SLA Breached,measurable,reconstructed 80.1h vs 6h SLA,Review breach — slow resolution for this issue type,Reconstructed SLA from ticket_logs lifecycle + issue_types.sla_hours (NOT verified app formula)
45229435-1d2b-cd17-9b38-1c75b7ac682c,417c9738-a0f7-5a00-1091-37a9fd083dd6,a5831922-eaeb-48c2-941c-fd96fae8813d,AC Issues,e213d0c5-7de3-4f91-b5d4-cda0cd2ade6c,2026-04-20 07:40:07.821042,2026-04-20 07:40:07.821042,logs+mt_match,0.0,12,12.0,,Collapsed timestamp,collapsed_timestamp,collapsed_timestamp,Excluded from genuine SLA KPI (migration-collapsed timestamps),Reconstructed SLA from ticket_logs lifecycle + issue_types.sla_hours (NOT verified app formula)
44d079ab-8347-7a60-ed11-b5967b8d489a,417c9738-a0f7-5a00-1091-37a9fd083dd6,7917cc13-aaca-4558-a2c2-8be5cd8fc159,Internet Issues,e213d0c5-7de3-4f91-b5d4-cda0cd2ade6c,2026-04-20 07:40:07.821042,2026-04-20 07:40:07.821042,logs+mt_match,0.0,6,6.0,,Collapsed timestamp,collapsed_timestamp,collapsed_timestamp,Excluded from genuine SLA KPI (migration-collapsed timestamps),Reconstructed SLA from ticket_logs lifecycle + issue_types.sla_hours (NOT verified app formula)
c17b5ee9-a510-1ded-1ae6-b1fcb3925cc9,417c9738-a0f7-5a00-1091-37a9fd083dd6,47389994-b201-4bb1-bf91-8bce4dbde510,Other,e213d0c5-7de3-4f91-b5d4-cda0cd2ade6c,2026-04-20 07:40:07.821042,2026-04-20 07:40:07.821042,logs+mt_match,0.0,24,24.0,,Collapsed timestamp,collapsed_timestamp,collapsed_timestamp,Excluded from genuine SLA KPI (migration-collapsed timestamps),Reconstructed SLA from ticket_logs lifecycle + issue_types.sla_hours (NOT verified app formula)
d2d01942-cf89-b5d4-75e4-19bdcca8ef18,417c9738-a0f7-5a00-1091-37a9fd083dd6,a5831922-eaeb-48c2-941c-fd96fae8813d,AC Issues,e213d0c5-7de3-4f91-b5d4-cda0cd2ade6c,2026-04-20 07:40:07.821042,2026-04-20 07:40:07.821042,logs+mt_match,0.0,12,12.0,,Collapsed timestamp,collapsed_timestamp,collapsed_timestamp,Excluded from genuine SLA KPI (migration-collapsed timestamps),Reconstructed SLA from ticket_logs lifecycle + issue_types.sla_hours (NOT verified app formula)
ee7cb224-1299-32b7-23c8-09fb54e4ba5e,417c9738-a0f7-5a00-1091-37a9fd083dd6,a5831922-eaeb-48c2-941c-fd96fae8813d,AC Issues,e213d0c5-7de3-4f91-b5d4-cda0cd2ade6c,2026-04-20 07:40:07.821042,2026-04-20 07:40:07.821042,logs+mt_match,0.0,12,12.0,,Collapsed timestamp,collapsed_timestamp,collapsed_timestamp,Excluded from genuine SLA KPI (migration-collapsed timestamps),Reconstructed SLA from ticket_logs lifecycle + issue_types.sla_hours (NOT verified app formula)
4679e1a8-24a3-c557-b0a7-8eca63fda0e3,417c9738-a0f7-5a00-1091-37a9fd083dd6,7917cc13-aaca-4558-a2c2-8be5cd8fc159,Internet Issues,a55e7168-b152-4072-8b01-0cd4b7e299ca,2026-04-20 07:40:07.821042,2026-04-20 07:40:07.821042,logs+mt_match,0.0,6,6.0,,Collapsed timestamp,collapsed_timestamp,collapsed_timestamp,Excluded from genuine SLA KPI (migration-collapsed timestamps),Reconstructed SLA from ticket_logs lifecycle + issue_types.sla_hours (NOT verified app formula)
476bdbe3-9fee-cfc9-eb42-8aa89f0d0bc7,417c9738-a0f7-5a00-1091-37a9fd083dd6,7917cc13-aaca-4558-a2c2-8be5cd8fc159,Internet Issues,a55e7168-b152-4072-8b01-0cd4b7e299ca,2026-04-20 07:40:07.821042,2026-04-20 07:40:07.821042,logs+mt_match,0.0,6,6.0,,Collapsed timestamp,collapsed_timestamp,collapsed_timestamp,Excluded from genuine SLA KPI (migration-collapsed timestamps),Reconstructed SLA from ticket_logs lifecycle + issue_types.sla_hours (NOT verified app formula)
6309f690-26bb-b9a2-0fcb-bc6b6d679b18,1b4d1066-8fe4-199b-7b3b-39e4bded9714,a5831922-eaeb-48c2-941c-fd96fae8813d,AC Issues,d2b6ece0-395c-4c27-9667-6d7ce50b417c,2026-04-20 07:40:07.821042,2026-04-20 07:40:07.821042,logs+mt_match,0.0,12,12.0,,Collapsed timestamp,collapsed_timestamp,collapsed_timestamp,Excluded from genuine SLA KPI (migration-collapsed timestamps),Reconstructed SLA from ticket_logs lifecycle + issue_types.sla_hours (NOT verified app formula)
d4c81ebd-d2f4-430a-df0c-156da4e4af1e,1b4d1066-8fe4-199b-7b3b-39e4bded9714,a5831922-eaeb-48c2-941c-fd96fae8813d,AC Issues,d2b6ece0-395c-4c27-9667-6d7ce50b417c,2026-04-20 07:40:07.821042,2026-04-20 07:40:07.821042,logs+mt_match,0.0,12,12.0,,Collapsed timestamp,collapsed_timestamp,collapsed_timestamp,Excluded from genuine SLA KPI (migration-collapsed timestamps),Reconstructed SLA from ticket_logs lifecycle + issue_types.sla_hours (NOT verified app formula)
43229c71-8720-0406-37e1-14a5a64c2fe1,1b4d1066-8fe4-199b-7b3b-39e4bded9714,caf6381e-5189-4c1f-bf0a-4dfd99d9b9e7,Washing machine Issue,d2b6ece0-395c-4c27-9667-6d7ce50b417c,2026-04-20 07:40:07.821042,2026-04-20 07:40:07.821042,logs+mt_match,0.0,24,24.0,,Collapsed timestamp,collapsed_timestamp,collapsed_timestamp,Excluded from genuine SLA KPI (migration-collapsed timestamps),Reconstructed SLA from ticket_logs lifecycle + issue_types.sla_hours (NOT verified app formula)
45bc3de8-d595-eb4e-1cbd-037ad2fb587f,1b4d1066-8fe4-199b-7b3b-39e4bded9714,e2aa2aaa-8af6-4807-9a4e-7665c5421eed,Furniture,d2b6ece0-395c-4c27-9667-6d7ce50b417c,2026-04-20 07:40:07.821042,2026-04-20 07:40:07.821042,logs+mt_match,0.0,24,24.0,,Collapsed timestamp,collapsed_timestamp,collapsed_timestamp,Excluded from genuine SLA KPI (migration-collapsed timestamps),Reconstructed SLA from ticket_logs lifecycle + issue_types.sla_hours (NOT verified app formula)
9f98f5b0-6de0-cf7a-b77c-cd4fa5b650cf,10c6863d-07c3-4fc4-94f9-6adc29157ce1,28158382-d5c1-436c-927b-3e3d9855c2af,Electrical Issues,d2b6ece0-395c-4c27-9667-6d7ce50b417c,2026-04-20 07:40:07.821042,2026-04-20 07:40:07.821042,logs+mt_match,0.0,6,6.0,,Collapsed timestamp,collapsed_timestamp,collapsed_timestamp,Excluded from genuine SLA KPI (migration-collapsed timestamps),Reconstructed SLA from ticket_logs lifecycle + issue_types.sla_hours (NOT verified app formula)
c6a52beb-9c1d-109f-437a-839b10c7765c,10c6863d-07c3-4fc4-94f9-6adc29157ce1,e2aa2aaa-8af6-4807-9a4e-7665c5421eed,Furniture,d2b6ece0-395c-4c27-9667-6d7ce50b417c,2026-04-20 07:40:07.821042,2026-04-20 07:40:07.821042,logs+mt_match,0.0,24,24.0,,Collapsed timestamp,collapsed_timestamp,collapsed_timestamp,Excluded from genuine SLA KPI (migration-collapsed timestamps),Reconstructed SLA from ticket_logs lifecycle + issue_types.sla_hours (NOT verified app formula)
61184fb5-8061-5ece-528b-7e5c6ca4787b,82b270bf-e567-2deb-5ef3-495baafd7645,e2aa2aaa-8af6-4807-9a4e-7665c5421eed,Furniture,e213d0c5-7de3-4f91-b5d4-cda0cd2ade6c,2026-04-20 07:40:07.821042,2026-04-20 07:40:07.821042,logs+mt_match,0.0,24,24.0,,Collapsed timestamp,collapsed_timestamp,collapsed_timestamp,Excluded from genuine SLA KPI (migration-collapsed timestamps),Reconstructed SLA from ticket_logs lifecycle + issue_types.sla_hours (NOT verified app formula)
389d48cd-cf0b-2c64-9f0a-8a109cdd3827,990e8a3e-a69c-7b31-f606-3eeb21e3d4c6,caf6381e-5189-4c1f-bf0a-4dfd99d9b9e7,Washing machine Issue,d2b6ece0-395c-4c27-9667-6d7ce50b417c,2026-04-20 07:40:07.821042,2026-04-20 07:40:07.821042,logs+mt_match,0.0,24,24.0,,Collapsed timestamp,collapsed_timestamp,collapsed_timestamp,Excluded from genuine SLA KPI (migration-collapsed timestamps),Reconstructed SLA from ticket_logs lifecycle + issue_types.sla_hours (NOT verified app formula)
7c30dbad-f0d5-c8c1-70cf-fee0b88ce2ec,990e8a3e-a69c-7b31-f606-3eeb21e3d4c6,caf6381e-5189-4c1f-bf0a-4dfd99d9b9e7,Washing machine Issue,d2b6ece0-395c-4c27-9667-6d7ce50b417c,2026-04-20 07:40:07.821042,2026-04-20 07:40:07.821042,logs+mt_match,0.0,24,24.0,,Collapsed timestamp,collapsed_timestamp,collapsed_timestamp,Excluded from genuine SLA KPI (migration-collapsed timestamps),Reconstructed SLA from ticket_logs lifecycle + issue_types.sla_hours (NOT verified app formula)
8682c5b6-5f78-fcac-e55c-fefbfe8b2065,990e8a3e-a69c-7b31-f606-3eeb21e3d4c6,caf6381e-5189-4c1f-bf0a-4dfd99d9b9e7,Washing machine Issue,d2b6ece0-395c-4c27-9667-6d7ce50b417c,2026-04-20 07:40:07.821042,2026-04-20 07:40:07.821042,logs+mt_match,0.0,24,24.0,,Collapsed timestamp,collapsed_timestamp,collapsed_timestamp,Excluded from genuine SLA KPI (migration-collapsed timestamps),Reconstructed SLA from ticket_logs lifecycle + issue_types.sla_hours (NOT verified app formula)
c0b6da96-7cb5-29f7-8ad6-b7c7d9f1982c,990e8a3e-a69c-7b31-f606-3eeb21e3d4c6,caf6381e-5189-4c1f-bf0a-4dfd99d9b9e7,Washing machine Issue,d2b6ece0-395c-4c27-9667-6d7ce50b417c,2026-04-20 07:40:07.821042,2026-04-20 07:40:07.821042,logs+mt_match,0.0,24,24.0,,Collapsed timestamp,collapsed_timestamp,collapsed_timestamp,Excluded from genuine SLA KPI (migration-collapsed timestamps),Reconstructed SLA from ticket_logs lifecycle + issue_types.sla_hours (NOT verified app formula)
b84f5d4f-a5fa-d6ef-41a4-d9d75cdf3503,990e8a3e-a69c-7b31-f606-3eeb21e3d4c6,caf6381e-5189-4c1f-bf0a-4dfd99d9b9e7,Washing machine Issue,d2b6ece0-395c-4c27-9667-6d7ce50b417c,2026-04-20 07:40:07.821042,2026-04-20 07:40:07.821042,logs+mt_match,0.0,24,24.0,,Collapsed timestamp,collapsed_timestamp,collapsed_timestamp,Excluded from genuine SLA KPI (migration-collapsed timestamps),Reconstructed SLA from ticket_logs lifecycle + issue_types.sla_hours (NOT verified app formula)
7222a87d-4346-8de3-8b87-e6008011b06b,990e8a3e-a69c-7b31-f606-3eeb21e3d4c6,caf6381e-5189-4c1f-bf0a-4dfd99d9b9e7,Washing machine Issue,d2b6ece0-395c-4c27-9667-6d7ce50b417c,2026-04-20 07:40:07.821042,2026-04-20 07:40:07.821042,logs+mt_match,0.0,24,24.0,,Collapsed timestamp,collapsed_timestamp,collapsed_timestamp,Excluded from genuine SLA KPI (migration-collapsed timestamps),Reconstructed SLA from ticket_logs lifecycle + issue_types.sla_hours (NOT verified app formula)
29a64aae-b610-9e01-3a14-34b281ca6642,990e8a3e-a69c-7b31-f606-3eeb21e3d4c6,caf6381e-5189-4c1f-bf0a-4dfd99d9b9e7,Washing machine Issue,d2b6ece0-395c-4c27-9667-6d7ce50b417c,2026-04-20 07:40:07.821042,2026-04-20 07:40:07.821042,logs+mt_match,0.0,24,24.0,,Collapsed timestamp,collapsed_timestamp,collapsed_timestamp,Excluded from genuine SLA KPI (migration-collapsed timestamps),Reconstructed SLA from ticket_logs lifecycle + issue_types.sla_hours (NOT verified app formula)
ef6fa04e-6e5c-4a6f-3c27-b0ee051ca71e,417c9738-a0f7-5a00-1091-37a9fd083dd6,28158382-d5c1-436c-927b-3e3d9855c2af,Electrical Issues,d2b6ece0-395c-4c27-9667-6d7ce50b417c,2026-04-20 07:40:07.821042,2026-04-20 07:40:07.821042,logs+mt_match,0.0,6,6.0,,Collapsed timestamp,collapsed_timestamp,collapsed_timestamp,Excluded from genuine SLA KPI (migration-collapsed timestamps),Reconstructed SLA from ticket_logs lifecycle + issue_types.sla_hours (NOT verified app formula)
a3a3cc43-b411-0144-c92f-314ec2f831e4,417c9738-a0f7-5a00-1091-37a9fd083dd6,28158382-d5c1-436c-927b-3e3d9855c2af,Electrical Issues,d2b6ece0-395c-4c27-9667-6d7ce50b417c,2026-04-20 07:40:07.821042,2026-04-20 07:40:07.821042,logs+mt_match,0.0,6,6.0,,Collapsed timestamp,collapsed_timestamp,collapsed_timestamp,Excluded from genuine SLA KPI (migration-collapsed timestamps),Reconstructed SLA from ticket_logs lifecycle + issue_types.sla_hours (NOT verified app formula)
3fc1b9c5-b9e6-293c-afb1-44d40a5b80b9,417c9738-a0f7-5a00-1091-37a9fd083dd6,28158382-d5c1-436c-927b-3e3d9855c2af,Electrical Issues,d2b6ece0-395c-4c27-9667-6d7ce50b417c,2026-04-20 07:40:07.821042,2026-04-20 07:40:07.821042,logs+mt_match,0.0,6,6.0,,Collapsed timestamp,collapsed_timestamp,collapsed_timestamp,Excluded from genuine SLA KPI (migration-collapsed timestamps),Reconstructed SLA from ticket_logs lifecycle + issue_types.sla_hours (NOT verified app formula)
edb1bbfc-9549-4aff-914c-57b360a760b9,417c9738-a0f7-5a00-1091-37a9fd083dd6,47389994-b201-4bb1-bf91-8bce4dbde510,Other,d2b6ece0-395c-4c27-9667-6d7ce50b417c,2026-04-20 07:40:07.821042,2026-04-20 07:40:07.821042,logs+mt_match,0.0,24,24.0,,Collapsed timestamp,collapsed_timestamp,collapsed_timestamp,Excluded from genuine SLA KPI (migration-collapsed timestamps),Reconstructed SLA from ticket_logs lifecycle + issue_types.sla_hours (NOT verified app formula)
cb474fda-3a48-487c-6b19-541717f82457,417c9738-a0f7-5a00-1091-37a9fd083dd6,47389994-b201-4bb1-bf91-8bce4dbde510,Other,e213d0c5-7de3-4f91-b5d4-cda0cd2ade6c,2026-04-20 07:40:07.821042,2026-04-20 07:40:07.821042,logs+mt_match,0.0,24,24.0,,Collapsed timestamp,collapsed_timestamp,collapsed_timestamp,Excluded from genuine SLA KPI (migration-collapsed timestamps),Reconstructed SLA from ticket_logs lifecycle + issue_types.sla_hours (NOT verified app formula)
44016b4f-2a9e-1233-731f-304761fcaaf0,417c9738-a0f7-5a00-1091-37a9fd083dd6,47389994-b201-4bb1-bf91-8bce4dbde510,Other,e213d0c5-7de3-4f91-b5d4-cda0cd2ade6c,2026-04-20 07:40:07.821042,2026-04-20 07:40:07.821042,logs+mt_match,0.0,24,24.0,,Collapsed timestamp,collapsed_timestamp,collapsed_timestamp,Excluded from genuine SLA KPI (migration-collapsed timestamps),Reconstructed SLA from ticket_logs lifecycle + issue_types.sla_hours (NOT verified app formula)
2d8e2b32-4f15-7ddc-adb1-75d6eee40b2c,417c9738-a0f7-5a00-1091-37a9fd083dd6,ec405235-70e9-407e-9aa2-b877f8f36af8,Fridge Issues,e213d0c5-7de3-4f91-b5d4-cda0cd2ade6c,2026-04-20 07:40:07.821042,2026-04-20 07:40:07.821042,logs+mt_match,0.0,12,12.0,,Collapsed timestamp,collapsed_timestamp,collapsed_timestamp,Excluded from genuine SLA KPI (migration-collapsed timestamps),Reconstructed SLA from ticket_logs lifecycle + issue_types.sla_hours (NOT verified app formula)
f9463b05-6e61-4f9c-9648-7d2b439ecee1,417c9738-a0f7-5a00-1091-37a9fd083dd6,caf6381e-5189-4c1f-bf0a-4dfd99d9b9e7,Washing machine Issue,d2b6ece0-395c-4c27-9667-6d7ce50b417c,2026-04-20 07:40:07.821042,2026-04-20 07:40:07.821042,logs+mt_match,0.0,24,24.0,,Collapsed timestamp,collapsed_timestamp,collapsed_timestamp,Excluded from genuine SLA KPI (migration-collapsed timestamps),Reconstructed SLA from ticket_logs lifecycle + issue_types.sla_hours (NOT verified app formula)
1d8a98e7-646e-9dc0-ba56-3133d755cb9f,49ed1c8e-3653-c89b-ec74-16d8e20bb923,d76dd3bd-ccb7-4991-a01f-ce158dfe908e,Plumbing,e213d0c5-7de3-4f91-b5d4-cda0cd2ade6c,2026-04-20 07:40:07.821042,2026-04-20 07:40:07.821042,logs+mt_match,0.0,24,24.0,,Collapsed timestamp,collapsed_timestamp,collapsed_timestamp,Excluded from genuine SLA KPI (migration-collapsed timestamps),Reconstructed SLA from ticket_logs lifecycle + issue_types.sla_hours (NOT verified app formula)
89ee9b87-c86b-7163-be89-5a967e802f18,233cca0e-efcf-e631-d2fc-9997a6ba5706,a5831922-eaeb-48c2-941c-fd96fae8813d,AC Issues,d2b6ece0-395c-4c27-9667-6d7ce50b417c,2026-04-20 07:40:07.821042,2026-04-20 07:40:07.821042,logs+mt_match,0.0,12,12.0,,Collapsed timestamp,collapsed_timestamp,collapsed_timestamp,Excluded from genuine SLA KPI (migration-collapsed timestamps),Reconstructed SLA from ticket_logs lifecycle + issue_types.sla_hours (NOT verified app formula)
af095155-2af0-9260-a357-896fee51935d,2fc42a4f-fe5a-ae08-0e4e-2c89ca71db85,caf6381e-5189-4c1f-bf0a-4dfd99d9b9e7,Washing machine Issue,d2b6ece0-395c-4c27-9667-6d7ce50b417c,2026-04-20 07:40:07.821042,2026-04-20 07:40:07.821042,logs+mt_match,0.0,24,24.0,,Collapsed timestamp,collapsed_timestamp,collapsed_timestamp,Excluded from genuine SLA KPI (migration-collapsed timestamps),Reconstructed SLA from ticket_logs lifecycle + issue_types.sla_hours (NOT verified app formula)
d6aef305-a43f-390c-0a4e-948a5bcbaf5d,b0875d50-a469-821b-57c3-03ac62809198,a5831922-eaeb-48c2-941c-fd96fae8813d,AC Issues,d2b6ece0-395c-4c27-9667-6d7ce50b417c,2026-04-20 07:40:07.821042,2026-04-20 07:40:07.821042,logs+mt_match,0.0,12,12.0,,Collapsed timestamp,collapsed_timestamp,collapsed_timestamp,Excluded from genuine SLA KPI (migration-collapsed timestamps),Reconstructed SLA from ticket_logs lifecycle + issue_types.sla_hours (NOT verified app formula)
4303e9ad-9862-b3ac-4a96-aa8a8807780b,b0875d50-a469-821b-57c3-03ac62809198,47389994-b201-4bb1-bf91-8bce4dbde510,Other,e213d0c5-7de3-4f91-b5d4-cda0cd2ade6c,2026-04-20 07:40:07.821042,2026-04-20 07:40:07.821042,logs+mt_match,0.0,24,24.0,,Collapsed timestamp,collapsed_timestamp,collapsed_timestamp,Excluded from genuine SLA KPI (migration-collapsed timestamps),Reconstructed SLA from ticket_logs lifecycle + issue_types.sla_hours (NOT verified app formula)
333b6033-e488-dae1-4c12-638c961cb2fa,b0875d50-a469-821b-57c3-03ac62809198,a5831922-eaeb-48c2-941c-fd96fae8813d,AC Issues,e213d0c5-7de3-4f91-b5d4-cda0cd2ade6c,2026-04-20 07:40:07.821042,2026-04-20 07:40:07.821042,logs+mt_match,0.0,12,12.0,,Collapsed timestamp,collapsed_timestamp,collapsed_timestamp,Excluded from genuine SLA KPI (migration-collapsed timestamps),Reconstructed SLA from ticket_logs lifecycle + issue_types.sla_hours (NOT verified app formula)
1ef09cc6-0ee3-fe30-4482-d7d6428045dd,fb5cedd6-2992-1c62-7fba-4a7a6b43b2ff,01208ba1-4225-4a61-be39-3afe03dad690,RO Water Issues,d2b6ece0-395c-4c27-9667-6d7ce50b417c,2026-04-20 07:40:07.821042,2026-04-20 07:40:07.821042,logs+mt_match,0.0,6,6.0,,Collapsed timestamp,collapsed_timestamp,collapsed_timestamp,Excluded from genuine SLA KPI (migration-collapsed timestamps),Reconstructed SLA from ticket_logs lifecycle + issue_types.sla_hours (NOT verified app formula)
f139cab6-9934-dd1c-59fe-ceaa8ccef718,fb5cedd6-2992-1c62-7fba-4a7a6b43b2ff,01208ba1-4225-4a61-be39-3afe03dad690,RO Water Issues,d2b6ece0-395c-4c27-9667-6d7ce50b417c,2026-04-20 07:40:07.821042,2026-04-20 07:40:07.821042,logs+mt_match,0.0,6,6.0,,Collapsed timestamp,collapsed_timestamp,collapsed_timestamp,Excluded from genuine SLA KPI (migration-collapsed timestamps),Reconstructed SLA from ticket_logs lifecycle + issue_types.sla_hours (NOT verified app formula)
e0edc13c-3ffc-1e3f-88cc-7a2f9368d7ff,fb5cedd6-2992-1c62-7fba-4a7a6b43b2ff,01208ba1-4225-4a61-be39-3afe03dad690,RO Water Issues,d2b6ece0-395c-4c27-9667-6d7ce50b417c,2026-04-20 07:40:07.821042,2026-04-20 07:40:07.821042,logs+mt_match,0.0,6,6.0,,Collapsed timestamp,collapsed_timestamp,collapsed_timestamp,Excluded from genuine SLA KPI (migration-collapsed timestamps),Reconstructed SLA from ticket_logs lifecycle + issue_types.sla_hours (NOT verified app formula)
452da79e-4327-7968-e29e-940bdebd161d,fb5cedd6-2992-1c62-7fba-4a7a6b43b2ff,47389994-b201-4bb1-bf91-8bce4dbde510,Other,d2b6ece0-395c-4c27-9667-6d7ce50b417c,2026-04-20 07:40:07.821042,2026-04-20 07:40:07.821042,logs+mt_match,0.0,24,24.0,,Collapsed timestamp,collapsed_timestamp,collapsed_timestamp,Excluded from genuine SLA KPI (migration-collapsed timestamps),Reconstructed SLA from ticket_logs lifecycle + issue_types.sla_hours (NOT verified app formula)
c5f174fc-8408-5c89-b61a-c7f7df2bb9f3,fb5cedd6-2992-1c62-7fba-4a7a6b43b2ff,a5831922-eaeb-48c2-941c-fd96fae8813d,AC Issues,d2b6ece0-395c-4c27-9667-6d7ce50b417c,2026-04-20 07:40:07.821042,2026-04-20 07:40:07.821042,logs+mt_match,0.0,12,12.0,,Collapsed timestamp,collapsed_timestamp,collapsed_timestamp,Excluded from genuine SLA KPI (migration-collapsed timestamps),Reconstructed SLA from ticket_logs lifecycle + issue_types.sla_hours (NOT verified app formula)
bae7431e-d5df-0eb1-0e2a-8938186ab913,fb5cedd6-2992-1c62-7fba-4a7a6b43b2ff,47389994-b201-4bb1-bf91-8bce4dbde510,Other,d2b6ece0-395c-4c27-9667-6d7ce50b417c,2026-04-20 07:40:07.821042,2026-04-20 07:40:07.821042,logs+mt_match,0.0,24,24.0,,Collapsed timestamp,collapsed_timestamp,collapsed_timestamp,Excluded from genuine SLA KPI (migration-collapsed timestamps),Reconstructed SLA from ticket_logs lifecycle + issue_types.sla_hours (NOT verified app formula)
e12b45cd-a36e-03a2-5ec1-d11c49aecab3,fb5cedd6-2992-1c62-7fba-4a7a6b43b2ff,47389994-b201-4bb1-bf91-8bce4dbde510,Other,d2b6ece0-395c-4c27-9667-6d7ce50b417c,2026-04-20 07:40:07.821042,2026-04-20 07:40:07.821042,logs+mt_match,0.0,24,24.0,,Collapsed timestamp,collapsed_timestamp,collapsed_timestamp,Excluded from genuine SLA KPI (migration-collapsed timestamps),Reconstructed SLA from ticket_logs lifecycle + issue_types.sla_hours (NOT verified app formula)
dcd80133-2740-94f2-c089-3086a6eabf56,fb5cedd6-2992-1c62-7fba-4a7a6b43b2ff,abc84f5b-a950-406e-ab46-cefbe11df925,Cleaning Issues,d2b6ece0-395c-4c27-9667-6d7ce50b417c,2026-04-20 07:40:07.821042,2026-04-20 07:40:07.821042,logs+mt_match,0.0,4,4.0,,Collapsed timestamp,collapsed_timestamp,collapsed_timestamp,Excluded from genuine SLA KPI (migration-collapsed timestamps),Reconstructed SLA from ticket_logs lifecycle + issue_types.sla_hours (NOT verified app formula)
743c41c0-cdc2-1538-1214-55334b04c359,fb5cedd6-2992-1c62-7fba-4a7a6b43b2ff,28158382-d5c1-436c-927b-3e3d9855c2af,Electrical Issues,e213d0c5-7de3-4f91-b5d4-cda0cd2ade6c,2026-04-20 07:40:07.821042,2026-04-20 07:40:07.821042,logs+mt_match,0.0,6,6.0,,Collapsed timestamp,collapsed_timestamp,collapsed_timestamp,Excluded from genuine SLA KPI (migration-collapsed timestamps),Reconstructed SLA from ticket_logs lifecycle + issue_types.sla_hours (NOT verified app formula)
b1e60750-e4dc-770a-caa7-e31ddf5c7625,b0d4d2c8-f6ee-bc16-ffd7-fc33c8db8571,caf6381e-5189-4c1f-bf0a-4dfd99d9b9e7,Washing machine Issue,d2b6ece0-395c-4c27-9667-6d7ce50b417c,2026-04-20 07:40:07.821042,2026-04-20 07:40:07.821042,logs+mt_match,0.0,24,24.0,,Collapsed timestamp,collapsed_timestamp,collapsed_timestamp,Excluded from genuine SLA KPI (migration-collapsed timestamps),Reconstructed SLA from ticket_logs lifecycle + issue_types.sla_hours (NOT verified app formula)
25b9c0a6-1e32-92a8-1131-ad8a0ca431fc,b0d4d2c8-f6ee-bc16-ffd7-fc33c8db8571,47389994-b201-4bb1-bf91-8bce4dbde510,Other,d2b6ece0-395c-4c27-9667-6d7ce50b417c,2026-04-20 07:40:07.821042,2026-04-20 07:40:07.821042,logs+mt_match,0.0,24,24.0,,Collapsed timestamp,collapsed_timestamp,collapsed_timestamp,Excluded from genuine SLA KPI (migration-collapsed timestamps),Reconstructed SLA from ticket_logs lifecycle + issue_types.sla_hours (NOT verified app formula)
f9430b56-5626-d5b9-c2c7-4960976ad3fc,b0d4d2c8-f6ee-bc16-ffd7-fc33c8db8571,a5831922-eaeb-48c2-941c-fd96fae8813d,AC Issues,d2b6ece0-395c-4c27-9667-6d7ce50b417c,2026-04-20 07:40:07.821042,2026-04-20 07:40:07.821042,logs+mt_match,0.0,12,12.0,,Collapsed timestamp,collapsed_timestamp,collapsed_timestamp,Excluded from genuine SLA KPI (migration-collapsed timestamps),Reconstructed SLA from ticket_logs lifecycle + issue_types.sla_hours (NOT verified app formula)
99fe47c3-efb6-79b4-7aa0-502f0e1d9cab,b0d4d2c8-f6ee-bc16-ffd7-fc33c8db8571,a5831922-eaeb-48c2-941c-fd96fae8813d,AC Issues,e213d0c5-7de3-4f91-b5d4-cda0cd2ade6c,2026-04-20 07:40:07.821042,2026-04-20 07:40:07.821042,logs+mt_match,0.0,12,12.0,,Collapsed timestamp,collapsed_timestamp,collapsed_timestamp,Excluded from genuine SLA KPI (migration-collapsed timestamps),Reconstructed SLA from ticket_logs lifecycle + issue_types.sla_hours (NOT verified app formula)
698de39f-636f-e304-6e78-4dbe603da9ad,b0d4d2c8-f6ee-bc16-ffd7-fc33c8db8571,28158382-d5c1-436c-927b-3e3d9855c2af,Electrical Issues,e213d0c5-7de3-4f91-b5d4-cda0cd2ade6c,2026-04-20 07:40:07.821042,2026-04-20 07:40:07.821042,logs+mt_match,0.0,6,6.0,,Collapsed timestamp,collapsed_timestamp,collapsed_timestamp,Excluded from genuine SLA KPI (migration-collapsed timestamps),Reconstructed SLA from ticket_logs lifecycle + issue_types.sla_hours (NOT verified app formula)
9738811f-d089-6792-654e-c69bdc0c73a1,b0d4d2c8-f6ee-bc16-ffd7-fc33c8db8571,28158382-d5c1-436c-927b-3e3d9855c2af,Electrical Issues,e213d0c5-7de3-4f91-b5d4-cda0cd2ade6c,2026-04-20 07:40:07.821042,2026-04-20 07:40:07.821042,logs+mt_match,0.0,6,6.0,,Collapsed timestamp,collapsed_timestamp,collapsed_timestamp,Excluded from genuine SLA KPI (migration-collapsed timestamps),Reconstructed SLA from ticket_logs lifecycle + issue_types.sla_hours (NOT verified app formula)
69453db7-f136-69bd-39c5-07984f03f0ad,b0d4d2c8-f6ee-bc16-ffd7-fc33c8db8571,e2aa2aaa-8af6-4807-9a4e-7665c5421eed,Furniture,d2b6ece0-395c-4c27-9667-6d7ce50b417c,2026-04-20 07:40:07.821042,2026-04-20 07:40:07.821042,logs+mt_match,0.0,24,24.0,,Collapsed timestamp,collapsed_timestamp,collapsed_timestamp,Excluded from genuine SLA KPI (migration-collapsed timestamps),Reconstructed SLA from ticket_logs lifecycle + issue_types.sla_hours (NOT verified app formula)
52445982-44fc-84c3-2471-6c1bf4093856,b0d4d2c8-f6ee-bc16-ffd7-fc33c8db8571,01208ba1-4225-4a61-be39-3afe03dad690,RO Water Issues,e213d0c5-7de3-4f91-b5d4-cda0cd2ade6c,2026-04-20 07:40:07.821042,2026-04-20 07:40:07.821042,logs+mt_match,0.0,6,6.0,,Collapsed timestamp,collapsed_timestamp,collapsed_timestamp,Excluded from genuine SLA KPI (migration-collapsed timestamps),Reconstructed SLA from ticket_logs lifecycle + issue_types.sla_hours (NOT verified app formula)
1c4cc71e-ae66-c800-6a15-4c1b2615bce2,b0d4d2c8-f6ee-bc16-ffd7-fc33c8db8571,a5831922-eaeb-48c2-941c-fd96fae8813d,AC Issues,e213d0c5-7de3-4f91-b5d4-cda0cd2ade6c,2026-04-20 07:40:07.821042,2026-04-20 07:40:07.821042,logs+mt_match,0.0,12,12.0,,Collapsed timestamp,collapsed_timestamp,collapsed_timestamp,Excluded from genuine SLA KPI (migration-collapsed timestamps),Reconstructed SLA from ticket_logs lifecycle + issue_types.sla_hours (NOT verified app formula)
dae281ca-87b8-d0d1-9832-fa5fe445c4dc,b0d4d2c8-f6ee-bc16-ffd7-fc33c8db8571,47389994-b201-4bb1-bf91-8bce4dbde510,Other,bd081ad6-5fe3-4c1d-a919-81b1055efa19,2026-04-20 07:40:07.821042,2026-04-20 07:40:07.821042,logs+mt_match,0.0,24,24.0,,Collapsed timestamp,collapsed_timestamp,collapsed_timestamp,Excluded from genuine SLA KPI (migration-collapsed timestamps),Reconstructed SLA from ticket_logs lifecycle + issue_types.sla_hours (NOT verified app formula)
9a08726f-03c5-3110-ef60-e94e2b21fbbd,03edc7c5-4c46-b55e-523d-9fb7be29910b,28158382-d5c1-436c-927b-3e3d9855c2af,Electrical Issues,d2b6ece0-395c-4c27-9667-6d7ce50b417c,2026-04-20 07:40:07.821042,2026-04-20 07:40:07.821042,logs+mt_match,0.0,6,6.0,,Collapsed timestamp,collapsed_timestamp,collapsed_timestamp,Excluded from genuine SLA KPI (migration-collapsed timestamps),Reconstructed SLA from ticket_logs lifecycle + issue_types.sla_hours (NOT verified app formula)
992714f0-c404-f19c-c055-3df3913fe345,03edc7c5-4c46-b55e-523d-9fb7be29910b,a5831922-eaeb-48c2-941c-fd96fae8813d,AC Issues,d2b6ece0-395c-4c27-9667-6d7ce50b417c,2026-04-20 07:40:07.821042,2026-04-20 07:40:07.821042,logs+mt_match,0.0,12,12.0,,Collapsed timestamp,collapsed_timestamp,collapsed_timestamp,Excluded from genuine SLA KPI (migration-collapsed timestamps),Reconstructed SLA from ticket_logs lifecycle + issue_types.sla_hours (NOT verified app formula)
feabad01-7299-601b-b0da-efa518fe2dd3,03edc7c5-4c46-b55e-523d-9fb7be29910b,a5831922-eaeb-48c2-941c-fd96fae8813d,AC Issues,d2b6ece0-395c-4c27-9667-6d7ce50b417c,2026-04-20 07:40:07.821042,2026-04-20 07:40:07.821042,logs+mt_match,0.0,12,12.0,,Collapsed timestamp,collapsed_timestamp,collapsed_timestamp,Excluded from genuine SLA KPI (migration-collapsed timestamps),Reconstructed SLA from ticket_logs lifecycle + issue_types.sla_hours (NOT verified app formula)
1c437840-4910-cc17-b362-8b03ad9d3196,03edc7c5-4c46-b55e-523d-9fb7be29910b,a5831922-eaeb-48c2-941c-fd96fae8813d,AC Issues,d2b6ece0-395c-4c27-9667-6d7ce50b417c,2026-04-20 07:40:07.821042,2026-04-20 07:40:07.821042,logs+mt_match,0.0,12,12.0,,Collapsed timestamp,collapsed_timestamp,collapsed_timestamp,Excluded from genuine SLA KPI (migration-collapsed timestamps),Reconstructed SLA from ticket_logs lifecycle + issue_types.sla_hours (NOT verified app formula)
a1de284e-db54-8a2f-d14c-b689d377ebd0,03edc7c5-4c46-b55e-523d-9fb7be29910b,d76dd3bd-ccb7-4991-a01f-ce158dfe908e,Plumbing,d2b6ece0-395c-4c27-9667-6d7ce50b417c,2026-04-20 07:40:07.821042,2026-04-20 07:40:07.821042,logs+mt_match,0.0,24,24.0,,Collapsed timestamp,collapsed_timestamp,collapsed_timestamp,Excluded from genuine SLA KPI (migration-collapsed timestamps),Reconstructed SLA from ticket_logs lifecycle + issue_types.sla_hours (NOT verified app formula)
ba40bb47-d80f-d60d-aaf9-5fd0db3a2409,03edc7c5-4c46-b55e-523d-9fb7be29910b,28158382-d5c1-436c-927b-3e3d9855c2af,Electrical Issues,e213d0c5-7de3-4f91-b5d4-cda0cd2ade6c,2026-04-20 07:40:07.821042,2026-04-20 07:40:07.821042,logs+mt_match,0.0,6,6.0,,Collapsed timestamp,collapsed_timestamp,collapsed_timestamp,Excluded from genuine SLA KPI (migration-collapsed timestamps),Reconstructed SLA from ticket_logs lifecycle + issue_types.sla_hours (NOT verified app formula)
ca91bbb6-9955-0fe7-68d5-c332b6b33b8f,03edc7c5-4c46-b55e-523d-9fb7be29910b,caf6381e-5189-4c1f-bf0a-4dfd99d9b9e7,Washing machine Issue,e213d0c5-7de3-4f91-b5d4-cda0cd2ade6c,2026-04-20 07:40:07.821042,2026-04-20 07:40:07.821042,logs+mt_match,0.0,24,24.0,,Collapsed timestamp,collapsed_timestamp,collapsed_timestamp,Excluded from genuine SLA KPI (migration-collapsed timestamps),Reconstructed SLA from ticket_logs lifecycle + issue_types.sla_hours (NOT verified app formula)
6e1a547c-552f-d6bb-f8fc-bf69d3e7fdda,03edc7c5-4c46-b55e-523d-9fb7be29910b,01208ba1-4225-4a61-be39-3afe03dad690,RO Water Issues,e213d0c5-7de3-4f91-b5d4-cda0cd2ade6c,2026-04-20 07:40:07.821042,2026-04-20 07:40:07.821042,logs+mt_match,0.0,6,6.0,,Collapsed timestamp,collapsed_timestamp,collapsed_timestamp,Excluded from genuine SLA KPI (migration-collapsed timestamps),Reconstructed SLA from ticket_logs lifecycle + issue_types.sla_hours (NOT verified app formula)
3b3e98f3-d959-e46f-5af4-d528bb4d5d17,1b4d1066-8fe4-199b-7b3b-39e4bded9714,caf6381e-5189-4c1f-bf0a-4dfd99d9b9e7,Washing machine Issue,d2b6ece0-395c-4c27-9667-6d7ce50b417c,2026-04-20 07:40:07.821042,2026-04-20 07:40:07.821042,logs+mt_match,0.0,24,24.0,,Collapsed timestamp,collapsed_timestamp,collapsed_timestamp,Excluded from genuine SLA KPI (migration-collapsed timestamps),Reconstructed SLA from ticket_logs lifecycle + issue_types.sla_hours (NOT verified app formula)
edcbce8c-d7d2-09d1-1868-996d77f21166,1b4d1066-8fe4-199b-7b3b-39e4bded9714,a5831922-eaeb-48c2-941c-fd96fae8813d,AC Issues,d2b6ece0-395c-4c27-9667-6d7ce50b417c,2026-04-20 07:40:07.821042,2026-04-20 07:40:07.821042,logs+mt_match,0.0,12,12.0,,Collapsed timestamp,collapsed_timestamp,collapsed_timestamp,Excluded from genuine SLA KPI (migration-collapsed timestamps),Reconstructed SLA from ticket_logs lifecycle + issue_types.sla_hours (NOT verified app formula)
779bd59b-2cc4-3104-a645-5f4a72d218a6,1b4d1066-8fe4-199b-7b3b-39e4bded9714,a5831922-eaeb-48c2-941c-fd96fae8813d,AC Issues,d2b6ece0-395c-4c27-9667-6d7ce50b417c,2026-04-20 07:40:07.821042,2026-04-20 07:40:07.821042,logs+mt_match,0.0,12,12.0,,Collapsed timestamp,collapsed_timestamp,collapsed_timestamp,Excluded from genuine SLA KPI (migration-collapsed timestamps),Reconstructed SLA from ticket_logs lifecycle + issue_types.sla_hours (NOT verified app formula)
9b36f5bb-4887-7918-dc4b-b4041df81d47,1b4d1066-8fe4-199b-7b3b-39e4bded9714,caf6381e-5189-4c1f-bf0a-4dfd99d9b9e7,Washing machine Issue,d2b6ece0-395c-4c27-9667-6d7ce50b417c,2026-04-20 07:40:07.821042,2026-04-20 07:40:07.821042,logs+mt_match,0.0,24,24.0,,Collapsed timestamp,collapsed_timestamp,collapsed_timestamp,Excluded from genuine SLA KPI (migration-collapsed timestamps),Reconstructed SLA from ticket_logs lifecycle + issue_types.sla_hours (NOT verified app formula)
e8dfd260-1b1b-e834-8658-a1d4f3cddfa0,1b4d1066-8fe4-199b-7b3b-39e4bded9714,a5831922-eaeb-48c2-941c-fd96fae8813d,AC Issues,d2b6ece0-395c-4c27-9667-6d7ce50b417c,2026-04-20 07:40:07.821042,2026-04-20 07:40:07.821042,logs+mt_match,0.0,12,12.0,,Collapsed timestamp,collapsed_timestamp,collapsed_timestamp,Excluded from genuine SLA KPI (migration-collapsed timestamps),Reconstructed SLA from ticket_logs lifecycle + issue_types.sla_hours (NOT verified app formula)
ef838539-3c16-7e36-2740-32a4668ae4f0,1b4d1066-8fe4-199b-7b3b-39e4bded9714,47389994-b201-4bb1-bf91-8bce4dbde510,Other,d2b6ece0-395c-4c27-9667-6d7ce50b417c,2026-04-20 07:40:07.821042,2026-04-20 07:40:07.821042,logs+mt_match,0.0,24,24.0,,Collapsed timestamp,collapsed_timestamp,collapsed_timestamp,Excluded from genuine SLA KPI (migration-collapsed timestamps),Reconstructed SLA from ticket_logs lifecycle + issue_types.sla_hours (NOT verified app formula)
179deaaf-c984-bd65-bf3e-4134fe900e21,1b4d1066-8fe4-199b-7b3b-39e4bded9714,e2aa2aaa-8af6-4807-9a4e-7665c5421eed,Furniture,d2b6ece0-395c-4c27-9667-6d7ce50b417c,2026-04-20 07:40:07.821042,2026-04-20 07:40:07.821042,logs+mt_match,0.0,24,24.0,,Collapsed timestamp,collapsed_timestamp,collapsed_timestamp,Excluded from genuine SLA KPI (migration-collapsed timestamps),Reconstructed SLA from ticket_logs lifecycle + issue_types.sla_hours (NOT verified app formula)
dd33fcf4-3cb2-8881-37e6-6fc22a12e3db,1b4d1066-8fe4-199b-7b3b-39e4bded9714,01208ba1-4225-4a61-be39-3afe03dad690,RO Water Issues,d2b6ece0-395c-4c27-9667-6d7ce50b417c,2026-04-20 07:40:07.821042,2026-04-20 07:40:07.821042,logs+mt_match,0.0,6,6.0,,Collapsed timestamp,collapsed_timestamp,collapsed_timestamp,Excluded from genuine SLA KPI (migration-collapsed timestamps),Reconstructed SLA from ticket_logs lifecycle + issue_types.sla_hours (NOT verified app formula)
70474ca3-d011-8286-5192-a17d91082a34,79853a4a-cb02-508c-e041-7e23378aec9c,01208ba1-4225-4a61-be39-3afe03dad690,RO Water Issues,e213d0c5-7de3-4f91-b5d4-cda0cd2ade6c,2026-04-20 07:40:07.821042,2026-04-20 07:40:07.821042,logs+mt_match,0.0,6,6.0,,Collapsed timestamp,collapsed_timestamp,collapsed_timestamp,Excluded from genuine SLA KPI (migration-collapsed timestamps),Reconstructed SLA from ticket_logs lifecycle + issue_types.sla_hours (NOT verified app formula)
f9c80776-51ad-cff3-6384-83e85e2a892e,49ed1c8e-3653-c89b-ec74-16d8e20bb923,e2aa2aaa-8af6-4807-9a4e-7665c5421eed,Furniture,d2b6ece0-395c-4c27-9667-6d7ce50b417c,2026-04-20 07:40:07.821042,2026-04-20 07:40:07.821042,logs+mt_match,0.0,24,24.0,,Collapsed timestamp,collapsed_timestamp,collapsed_timestamp,Excluded from genuine SLA KPI (migration-collapsed timestamps),Reconstructed SLA from ticket_logs lifecycle + issue_types.sla_hours (NOT verified app formula)
bb4f516b-2c26-4e0d-c9bd-c532b30cffe5,85292340-826d-52c1-65c7-7f2a9eb2c2c4,d76dd3bd-ccb7-4991-a01f-ce158dfe908e,Plumbing,d2b6ece0-395c-4c27-9667-6d7ce50b417c,2026-04-20 07:40:07.821042,2026-04-20 07:40:07.821042,logs+mt_match,0.0,24,24.0,,Collapsed timestamp,collapsed_timestamp,collapsed_timestamp,Excluded from genuine SLA KPI (migration-collapsed timestamps),Reconstructed SLA from ticket_logs lifecycle + issue_types.sla_hours (NOT verified app formula)
cbb86a8c-ebfa-7c9c-7bb7-c636ccab17d3,85292340-826d-52c1-65c7-7f2a9eb2c2c4,a5831922-eaeb-48c2-941c-fd96fae8813d,AC Issues,d2b6ece0-395c-4c27-9667-6d7ce50b417c,2026-04-20 07:40:07.821042,2026-04-20 07:40:07.821042,logs+mt_match,0.0,12,12.0,,Collapsed timestamp,collapsed_timestamp,collapsed_timestamp,Excluded from genuine SLA KPI (migration-collapsed timestamps),Reconstructed SLA from ticket_logs lifecycle + issue_types.sla_hours (NOT verified app formula)
f8afd35a-1ac4-d36b-eba9-ab802a840469,85292340-826d-52c1-65c7-7f2a9eb2c2c4,47389994-b201-4bb1-bf91-8bce4dbde510,Other,e213d0c5-7de3-4f91-b5d4-cda0cd2ade6c,2026-04-20 07:40:07.821042,2026-04-20 07:40:07.821042,logs+mt_match,0.0,24,24.0,,Collapsed timestamp,collapsed_timestamp,collapsed_timestamp,Excluded from genuine SLA KPI (migration-collapsed timestamps),Reconstructed SLA from ticket_logs lifecycle + issue_types.sla_hours (NOT verified app formula)
e59af8ce-c359-87da-eda3-a1014252600b,85292340-826d-52c1-65c7-7f2a9eb2c2c4,a5831922-eaeb-48c2-941c-fd96fae8813d,AC Issues,e213d0c5-7de3-4f91-b5d4-cda0cd2ade6c,2026-04-20 07:40:07.821042,2026-04-20 07:40:07.821042,logs+mt_match,0.0,12,12.0,,Collapsed timestamp,collapsed_timestamp,collapsed_timestamp,Excluded from genuine SLA KPI (migration-collapsed timestamps),Reconstructed SLA from ticket_logs lifecycle + issue_types.sla_hours (NOT verified app formula)
df67f97f-b60c-9f57-a4e3-592bd6e49873,85292340-826d-52c1-65c7-7f2a9eb2c2c4,28158382-d5c1-436c-927b-3e3d9855c2af,Electrical Issues,d2b6ece0-395c-4c27-9667-6d7ce50b417c,2026-04-20 07:40:07.821042,2026-04-20 07:40:07.821042,logs+mt_match,0.0,6,6.0,,Collapsed timestamp,collapsed_timestamp,collapsed_timestamp,Excluded from genuine SLA KPI (migration-collapsed timestamps),Reconstructed SLA from ticket_logs lifecycle + issue_types.sla_hours (NOT verified app formula)
4b7163fa-28ee-607d-ae0c-3a9224e1122a,85292340-826d-52c1-65c7-7f2a9eb2c2c4,7917cc13-aaca-4558-a2c2-8be5cd8fc159,Internet Issues,e213d0c5-7de3-4f91-b5d4-cda0cd2ade6c,2026-04-20 07:40:07.821042,2026-04-20 07:40:07.821042,logs+mt_match,0.0,6,6.0,,Collapsed timestamp,collapsed_timestamp,collapsed_timestamp,Excluded from genuine SLA KPI (migration-collapsed timestamps),Reconstructed SLA from ticket_logs lifecycle + issue_types.sla_hours (NOT verified app formula)
b1a7a150-9173-13da-7bc8-7d3dc0c61f8f,85292340-826d-52c1-65c7-7f2a9eb2c2c4,47389994-b201-4bb1-bf91-8bce4dbde510,Other,e213d0c5-7de3-4f91-b5d4-cda0cd2ade6c,2026-04-20 07:40:07.821042,2026-04-20 07:40:07.821042,logs+mt_match,0.0,24,24.0,,Collapsed timestamp,collapsed_timestamp,collapsed_timestamp,Excluded from genuine SLA KPI (migration-collapsed timestamps),Reconstructed SLA from ticket_logs lifecycle + issue_types.sla_hours (NOT verified app formula)
b54d4bb6-3b47-d0c3-f106-327c79e129d6,85292340-826d-52c1-65c7-7f2a9eb2c2c4,abc84f5b-a950-406e-ab46-cefbe11df925,Cleaning Issues,e213d0c5-7de3-4f91-b5d4-cda0cd2ade6c,2026-04-20 07:40:07.821042,2026-04-20 07:40:07.821042,logs+mt_match,0.0,4,4.0,,Collapsed timestamp,collapsed_timestamp,collapsed_timestamp,Excluded from genuine SLA KPI (migration-collapsed timestamps),Reconstructed SLA from ticket_logs lifecycle + issue_types.sla_hours (NOT verified app formula)
f2b54f8b-c76d-7368-a9f5-1819d1b2525d,85292340-826d-52c1-65c7-7f2a9eb2c2c4,47389994-b201-4bb1-bf91-8bce4dbde510,Other,e213d0c5-7de3-4f91-b5d4-cda0cd2ade6c,2026-04-20 07:40:07.821042,2026-04-20 07:40:07.821042,logs+mt_match,0.0,24,24.0,,Collapsed timestamp,collapsed_timestamp,collapsed_timestamp,Excluded from genuine SLA KPI (migration-collapsed timestamps),Reconstructed SLA from ticket_logs lifecycle + issue_types.sla_hours (NOT verified app formula)
047c1201-ada6-deb9-3a98-cffaed2cbcac,85292340-826d-52c1-65c7-7f2a9eb2c2c4,e2aa2aaa-8af6-4807-9a4e-7665c5421eed,Furniture,e213d0c5-7de3-4f91-b5d4-cda0cd2ade6c,2026-04-20 07:40:07.821042,2026-04-20 07:40:07.821042,logs+mt_match,0.0,24,24.0,,Collapsed timestamp,collapsed_timestamp,collapsed_timestamp,Excluded from genuine SLA KPI (migration-collapsed timestamps),Reconstructed SLA from ticket_logs lifecycle + issue_types.sla_hours (NOT verified app formula)
f710248c-036c-4414-8a8b-a05f7158d60b,85292340-826d-52c1-65c7-7f2a9eb2c2c4,47389994-b201-4bb1-bf91-8bce4dbde510,Other,e213d0c5-7de3-4f91-b5d4-cda0cd2ade6c,2026-04-20 07:40:07.821042,2026-04-20 07:40:07.821042,logs+mt_match,0.0,24,24.0,,Collapsed timestamp,collapsed_timestamp,collapsed_timestamp,Excluded from genuine SLA KPI (migration-collapsed timestamps),Reconstructed SLA from ticket_logs lifecycle + issue_types.sla_hours (NOT verified app formula)
4ede64d0-95f2-9856-d368-90d7dac5e7f4,85292340-826d-52c1-65c7-7f2a9eb2c2c4,caf6381e-5189-4c1f-bf0a-4dfd99d9b9e7,Washing machine Issue,e213d0c5-7de3-4f91-b5d4-cda0cd2ade6c,2026-04-20 07:40:07.821042,2026-04-20 07:40:07.821042,logs+mt_match,0.0,24,24.0,,Collapsed timestamp,collapsed_timestamp,collapsed_timestamp,Excluded from genuine SLA KPI (migration-collapsed timestamps),Reconstructed SLA from ticket_logs lifecycle + issue_types.sla_hours (NOT verified app formula)
71d77401-e8a7-e5a5-7d79-d5e087e26af8,03edc7c5-4c46-b55e-523d-9fb7be29910b,a5831922-eaeb-48c2-941c-fd96fae8813d,AC Issues,d2b6ece0-395c-4c27-9667-6d7ce50b417c,2026-04-20 07:40:07.821042,2026-04-20 07:40:07.821042,logs+mt_match,0.0,12,12.0,,Collapsed timestamp,collapsed_timestamp,collapsed_timestamp,Excluded from genuine SLA KPI (migration-collapsed timestamps),Reconstructed SLA from ticket_logs lifecycle + issue_types.sla_hours (NOT verified app formula)
6f8c20ff-35c0-c965-ce46-52a00b5644ca,03edc7c5-4c46-b55e-523d-9fb7be29910b,caf6381e-5189-4c1f-bf0a-4dfd99d9b9e7,Washing machine Issue,d2b6ece0-395c-4c27-9667-6d7ce50b417c,2026-04-20 07:40:07.821042,2026-04-20 07:40:07.821042,logs+mt_match,0.0,24,24.0,,Collapsed timestamp,collapsed_timestamp,collapsed_timestamp,Excluded from genuine SLA KPI (migration-collapsed timestamps),Reconstructed SLA from ticket_logs lifecycle + issue_types.sla_hours (NOT verified app formula)
4c4f2a1e-7fa7-ea18-0f2d-add3bb9fccac,03edc7c5-4c46-b55e-523d-9fb7be29910b,caf6381e-5189-4c1f-bf0a-4dfd99d9b9e7,Washing machine Issue,d2b6ece0-395c-4c27-9667-6d7ce50b417c,2026-04-20 07:40:07.821042,2026-04-20 07:40:07.821042,logs+mt_match,0.0,24,24.0,,Collapsed timestamp,collapsed_timestamp,collapsed_timestamp,Excluded from genuine SLA KPI (migration-collapsed timestamps),Reconstructed SLA from ticket_logs lifecycle + issue_types.sla_hours (NOT verified app formula)
a83295bf-61fa-e0b1-ea7c-e02e56fa6d9b,03edc7c5-4c46-b55e-523d-9fb7be29910b,caf6381e-5189-4c1f-bf0a-4dfd99d9b9e7,Washing machine Issue,d2b6ece0-395c-4c27-9667-6d7ce50b417c,2026-04-20 07:40:07.821042,2026-04-20 07:40:07.821042,logs+mt_match,0.0,24,24.0,,Collapsed timestamp,collapsed_timestamp,collapsed_timestamp,Excluded from genuine SLA KPI (migration-collapsed timestamps),Reconstructed SLA from ticket_logs lifecycle + issue_types.sla_hours (NOT verified app formula)
0faa0e6f-3fbf-0984-2517-86149f652eee,03edc7c5-4c46-b55e-523d-9fb7be29910b,28158382-d5c1-436c-927b-3e3d9855c2af,Electrical Issues,e213d0c5-7de3-4f91-b5d4-cda0cd2ade6c,2026-04-20 07:40:07.821042,2026-04-20 07:40:07.821042,logs+mt_match,0.0,6,6.0,,Collapsed timestamp,collapsed_timestamp,collapsed_timestamp,Excluded from genuine SLA KPI (migration-collapsed timestamps),Reconstructed SLA from ticket_logs lifecycle + issue_types.sla_hours (NOT verified app formula)
96fa351d-867a-d4cd-c35b-d9d0ad8b4d99,bc7f358d-0d6d-f95f-ff80-9089eefdef69,caf6381e-5189-4c1f-bf0a-4dfd99d9b9e7,Washing machine Issue,d2b6ece0-395c-4c27-9667-6d7ce50b417c,2026-04-20 07:40:07.821042,2026-04-20 07:40:07.821042,logs+mt_match,0.0,24,24.0,,Collapsed timestamp,collapsed_timestamp,collapsed_timestamp,Excluded from genuine SLA KPI (migration-collapsed timestamps),Reconstructed SLA from ticket_logs lifecycle + issue_types.sla_hours (NOT verified app formula)
170bf74f-28d9-a03a-4e83-cd00440d2111,86ad1ceb-8d81-a926-d998-3a2f1cafba06,caf6381e-5189-4c1f-bf0a-4dfd99d9b9e7,Washing machine Issue,d2b6ece0-395c-4c27-9667-6d7ce50b417c,2026-04-20 07:40:07.821042,2026-04-20 07:40:07.821042,logs+mt_match,0.0,24,24.0,,Collapsed timestamp,collapsed_timestamp,collapsed_timestamp,Excluded from genuine SLA KPI (migration-collapsed timestamps),Reconstructed SLA from ticket_logs lifecycle + issue_types.sla_hours (NOT verified app formula)
1de66398-8625-62e6-ef81-b42c674601be,86ad1ceb-8d81-a926-d998-3a2f1cafba06,47389994-b201-4bb1-bf91-8bce4dbde510,Other,d2b6ece0-395c-4c27-9667-6d7ce50b417c,2026-04-20 07:40:07.821042,2026-04-20 07:40:07.821042,logs+mt_match,0.0,24,24.0,,Collapsed timestamp,collapsed_timestamp,collapsed_timestamp,Excluded from genuine SLA KPI (migration-collapsed timestamps),Reconstructed SLA from ticket_logs lifecycle + issue_types.sla_hours (NOT verified app formula)
2764d230-6756-458e-51f3-c2c97e551db0,86ad1ceb-8d81-a926-d998-3a2f1cafba06,caf6381e-5189-4c1f-bf0a-4dfd99d9b9e7,Washing machine Issue,d2b6ece0-395c-4c27-9667-6d7ce50b417c,2026-04-20 07:40:07.821042,2026-04-20 07:40:07.821042,logs+mt_match,0.0,24,24.0,,Collapsed timestamp,collapsed_timestamp,collapsed_timestamp,Excluded from genuine SLA KPI (migration-collapsed timestamps),Reconstructed SLA from ticket_logs lifecycle + issue_types.sla_hours (NOT verified app formula)
bf96c44b-df48-3507-79e8-49f5ddcc3813,c2ff0c11-4d1b-7b9b-b93c-aa37c9b6c40b,d76dd3bd-ccb7-4991-a01f-ce158dfe908e,Plumbing,e213d0c5-7de3-4f91-b5d4-cda0cd2ade6c,2026-04-20 07:40:07.821042,2026-04-20 07:40:07.821042,logs+mt_match,0.0,24,24.0,,Collapsed timestamp,collapsed_timestamp,collapsed_timestamp,Excluded from genuine SLA KPI (migration-collapsed timestamps),Reconstructed SLA from ticket_logs lifecycle + issue_types.sla_hours (NOT verified app formula)
cf43d7f2-22dc-b187-4375-5c5269dc4db4,c2ff0c11-4d1b-7b9b-b93c-aa37c9b6c40b,e2aa2aaa-8af6-4807-9a4e-7665c5421eed,Furniture,e213d0c5-7de3-4f91-b5d4-cda0cd2ade6c,2026-04-20 07:40:07.821042,2026-04-20 07:40:07.821042,logs+mt_match,0.0,24,24.0,,Collapsed timestamp,collapsed_timestamp,collapsed_timestamp,Excluded from genuine SLA KPI (migration-collapsed timestamps),Reconstructed SLA from ticket_logs lifecycle + issue_types.sla_hours (NOT verified app formula)
93892541-f9a7-723c-1ad9-d648fa30de17,c2ff0c11-4d1b-7b9b-b93c-aa37c9b6c40b,28158382-d5c1-436c-927b-3e3d9855c2af,Electrical Issues,e213d0c5-7de3-4f91-b5d4-cda0cd2ade6c,2026-04-20 07:40:07.821042,2026-04-20 07:40:07.821042,logs+mt_match,0.0,6,6.0,,Collapsed timestamp,collapsed_timestamp,collapsed_timestamp,Excluded from genuine SLA KPI (migration-collapsed timestamps),Reconstructed SLA from ticket_logs lifecycle + issue_types.sla_hours (NOT verified app formula)
192ce7f9-44e6-f1ea-f2ce-9f7ad7f7c7eb,c2ff0c11-4d1b-7b9b-b93c-aa37c9b6c40b,e2aa2aaa-8af6-4807-9a4e-7665c5421eed,Furniture,d2b6ece0-395c-4c27-9667-6d7ce50b417c,2026-04-20 07:40:07.821042,2026-04-20 07:40:07.821042,logs+mt_match,0.0,24,24.0,,Collapsed timestamp,collapsed_timestamp,collapsed_timestamp,Excluded from genuine SLA KPI (migration-collapsed timestamps),Reconstructed SLA from ticket_logs lifecycle + issue_types.sla_hours (NOT verified app formula)
741b147a-3947-8220-ec44-7f739ac46466,c2ff0c11-4d1b-7b9b-b93c-aa37c9b6c40b,47389994-b201-4bb1-bf91-8bce4dbde510,Other,e213d0c5-7de3-4f91-b5d4-cda0cd2ade6c,2026-04-20 07:40:07.821042,2026-04-20 07:40:07.821042,logs+mt_match,0.0,24,24.0,,Collapsed timestamp,collapsed_timestamp,collapsed_timestamp,Excluded from genuine SLA KPI (migration-collapsed timestamps),Reconstructed SLA from ticket_logs lifecycle + issue_types.sla_hours (NOT verified app formula)
e8afdd8c-baf4-969e-c31a-0706b3eca8e1,c2ff0c11-4d1b-7b9b-b93c-aa37c9b6c40b,abc84f5b-a950-406e-ab46-cefbe11df925,Cleaning Issues,d2b6ece0-395c-4c27-9667-6d7ce50b417c,2026-04-20 07:40:07.821042,2026-04-20 07:40:07.821042,logs+mt_match,0.0,4,4.0,,Collapsed timestamp,collapsed_timestamp,collapsed_timestamp,Excluded from genuine SLA KPI (migration-collapsed timestamps),Reconstructed SLA from ticket_logs lifecycle + issue_types.sla_hours (NOT verified app formula)
0c0f9589-f77b-5e2a-c631-d2b8560b317e,c2ff0c11-4d1b-7b9b-b93c-aa37c9b6c40b,47389994-b201-4bb1-bf91-8bce4dbde510,Other,e213d0c5-7de3-4f91-b5d4-cda0cd2ade6c,2026-04-20 07:40:07.821042,2026-04-20 07:40:07.821042,logs+mt_match,0.0,24,24.0,,Collapsed timestamp,collapsed_timestamp,collapsed_timestamp,Excluded from genuine SLA KPI (migration-collapsed timestamps),Reconstructed SLA from ticket_logs lifecycle + issue_types.sla_hours (NOT verified app formula)
062e0c15-1356-1a98-1fe6-dc0c4124900e,c2ff0c11-4d1b-7b9b-b93c-aa37c9b6c40b,ec405235-70e9-407e-9aa2-b877f8f36af8,Fridge Issues,d2b6ece0-395c-4c27-9667-6d7ce50b417c,2026-04-20 07:40:07.821042,2026-04-20 07:40:07.821042,logs+mt_match,0.0,12,12.0,,Collapsed timestamp,collapsed_timestamp,collapsed_timestamp,Excluded from genuine SLA KPI (migration-collapsed timestamps),Reconstructed SLA from ticket_logs lifecycle + issue_types.sla_hours (NOT verified app formula)
6ff44eb2-b46c-41ab-e416-1214df2f0d93,c2ff0c11-4d1b-7b9b-b93c-aa37c9b6c40b,28158382-d5c1-436c-927b-3e3d9855c2af,Electrical Issues,e213d0c5-7de3-4f91-b5d4-cda0cd2ade6c,2026-04-20 07:40:07.821042,2026-04-20 07:40:07.821042,logs+mt_match,0.0,6,6.0,,Collapsed timestamp,collapsed_timestamp,collapsed_timestamp,Excluded from genuine SLA KPI (migration-collapsed timestamps),Reconstructed SLA from ticket_logs lifecycle + issue_types.sla_hours (NOT verified app formula)
50486ccc-afa8-8777-4574-e3022ce76fde,c2ff0c11-4d1b-7b9b-b93c-aa37c9b6c40b,abc84f5b-a950-406e-ab46-cefbe11df925,Cleaning Issues,d2b6ece0-395c-4c27-9667-6d7ce50b417c,2026-04-20 07:40:07.821042,2026-04-20 07:40:07.821042,logs+mt_match,0.0,4,4.0,,Collapsed timestamp,collapsed_timestamp,collapsed_timestamp,Excluded from genuine SLA KPI (migration-collapsed timestamps),Reconstructed SLA from ticket_logs lifecycle + issue_types.sla_hours (NOT verified app formula)
df853a74-7063-6b51-612e-43e3c51100dc,c2ff0c11-4d1b-7b9b-b93c-aa37c9b6c40b,d76dd3bd-ccb7-4991-a01f-ce158dfe908e,Plumbing,d2b6ece0-395c-4c27-9667-6d7ce50b417c,2026-04-20 07:40:07.821042,2026-04-20 07:40:07.821042,logs+mt_match,0.0,24,24.0,,Collapsed timestamp,collapsed_timestamp,collapsed_timestamp,Excluded from genuine SLA KPI (migration-collapsed timestamps),Reconstructed SLA from ticket_logs lifecycle + issue_types.sla_hours (NOT verified app formula)
74bfe4c4-80fa-9b99-091c-b5e760c3fb9e,c2ff0c11-4d1b-7b9b-b93c-aa37c9b6c40b,e2aa2aaa-8af6-4807-9a4e-7665c5421eed,Furniture,d2b6ece0-395c-4c27-9667-6d7ce50b417c,2026-04-20 07:40:07.821042,2026-04-20 07:40:07.821042,logs+mt_match,0.0,24,24.0,,Collapsed timestamp,collapsed_timestamp,collapsed_timestamp,Excluded from genuine SLA KPI (migration-collapsed timestamps),Reconstructed SLA from ticket_logs lifecycle + issue_types.sla_hours (NOT verified app formula)
44202a80-84f2-45c8-ad8e-b69c6599ba32,fb5cedd6-2992-1c62-7fba-4a7a6b43b2ff,e2aa2aaa-8af6-4807-9a4e-7665c5421eed,Furniture,bd081ad6-5fe3-4c1d-a919-81b1055efa19,2026-04-08 10:55:43.484161,2026-04-19 16:31:35.617289,logs+mt_match,269.59781475777777,24,-245.59781475777777,True,SLA Breached,measurable,reconstructed 269.6h vs 24h SLA,Review breach — slow resolution for this issue type,Reconstructed SLA from ticket_logs lifecycle + issue_types.sla_hours (NOT verified app formula)
676634f4-5f63-4dd0-a41a-aa84ace516b2,82b270bf-e567-2deb-5ef3-495baafd7645,28158382-d5c1-436c-927b-3e3d9855c2af,Electrical Issues,bd081ad6-5fe3-4c1d-a919-81b1055efa19,2026-04-09 04:34:34.487269,2026-04-18 06:54:35.842197,logs+mt_match,218.33370970222222,6,-212.33370970222222,True,SLA Breached,measurable,reconstructed 218.3h vs 6h SLA,Review breach — slow resolution for this issue type,Reconstructed SLA from ticket_logs lifecycle + issue_types.sla_hours (NOT verified app formula)
9e8951d5-3a5a-777e-884c-eaef821393c0,c2ff0c11-4d1b-7b9b-b93c-aa37c9b6c40b,abc84f5b-a950-406e-ab46-cefbe11df925,Cleaning Issues,d2b6ece0-395c-4c27-9667-6d7ce50b417c,2026-04-20 07:40:07.821042,2026-04-20 07:40:07.821042,logs+mt_match,0.0,4,4.0,,Collapsed timestamp,collapsed_timestamp,collapsed_timestamp,Excluded from genuine SLA KPI (migration-collapsed timestamps),Reconstructed SLA from ticket_logs lifecycle + issue_types.sla_hours (NOT verified app formula)
8c25f955-0b01-4421-a445-3effd1208a77,1183b300-b9ae-5e28-acb2-304cb2fd36db,01208ba1-4225-4a61-be39-3afe03dad690,RO Water Issues,bd081ad6-5fe3-4c1d-a919-81b1055efa19,2026-04-08 11:11:02.986679,,logs+mt_match,,6,,,Insufficient lifecycle data,insufficient_lifecycle_data,insufficient_lifecycle_data,No closed event yet / open,Reconstructed SLA from ticket_logs lifecycle + issue_types.sla_hours (NOT verified app formula)
000b5172-04c6-835a-0a87-b16ddb38b1b6,c2ff0c11-4d1b-7b9b-b93c-aa37c9b6c40b,abc84f5b-a950-406e-ab46-cefbe11df925,Cleaning Issues,d2b6ece0-395c-4c27-9667-6d7ce50b417c,2026-04-20 07:40:07.821042,2026-04-20 07:40:07.821042,logs+mt_match,0.0,4,4.0,,Collapsed timestamp,collapsed_timestamp,collapsed_timestamp,Excluded from genuine SLA KPI (migration-collapsed timestamps),Reconstructed SLA from ticket_logs lifecycle + issue_types.sla_hours (NOT verified app formula)
6ee7e61a-b10e-4a6d-95c2-02b365bb774e,dd96a329-ec95-e96a-1348-69d976f39cd4,a5831922-eaeb-48c2-941c-fd96fae8813d,AC Issues,bd081ad6-5fe3-4c1d-a919-81b1055efa19,2026-07-18 07:24:06.651392,2026-07-19 16:40:04.408867,logs+mt_match,33.266043743055555,12,-21.266043743055555,True,SLA Breached,measurable,reconstructed 33.3h vs 12h SLA,Review breach — slow resolution for this issue type,Reconstructed SLA from ticket_logs lifecycle + issue_types.sla_hours (NOT verified app formula)
70c64b62-6db0-be33-5fff-bdb78c1d6151,c2ff0c11-4d1b-7b9b-b93c-aa37c9b6c40b,a5831922-eaeb-48c2-941c-fd96fae8813d,AC Issues,d2b6ece0-395c-4c27-9667-6d7ce50b417c,2026-04-20 07:40:07.821042,2026-04-20 07:40:07.821042,logs+mt_match,0.0,12,12.0,,Collapsed timestamp,collapsed_timestamp,collapsed_timestamp,Excluded from genuine SLA KPI (migration-collapsed timestamps),Reconstructed SLA from ticket_logs lifecycle + issue_types.sla_hours (NOT verified app formula)
74736744-0a87-d445-027f-a284f49b5ac9,c2ff0c11-4d1b-7b9b-b93c-aa37c9b6c40b,abc84f5b-a950-406e-ab46-cefbe11df925,Cleaning Issues,e213d0c5-7de3-4f91-b5d4-cda0cd2ade6c,2026-04-20 07:40:07.821042,2026-04-20 07:40:07.821042,logs+mt_match,0.0,4,4.0,,Collapsed timestamp,collapsed_timestamp,collapsed_timestamp,Excluded from genuine SLA KPI (migration-collapsed timestamps),Reconstructed SLA from ticket_logs lifecycle + issue_types.sla_hours (NOT verified app formula)
c09765e4-f4ca-a4a4-a536-4aaf58169b63,c2ff0c11-4d1b-7b9b-b93c-aa37c9b6c40b,abc84f5b-a950-406e-ab46-cefbe11df925,Cleaning Issues,d2b6ece0-395c-4c27-9667-6d7ce50b417c,2026-04-20 07:40:07.821042,2026-04-20 07:40:07.821042,logs+mt_match,0.0,4,4.0,,Collapsed timestamp,collapsed_timestamp,collapsed_timestamp,Excluded from genuine SLA KPI (migration-collapsed timestamps),Reconstructed SLA from ticket_logs lifecycle + issue_types.sla_hours (NOT verified app formula)
6c244d62-cf5b-1874-531a-3fff17373038,c2ff0c11-4d1b-7b9b-b93c-aa37c9b6c40b,28158382-d5c1-436c-927b-3e3d9855c2af,Electrical Issues,e213d0c5-7de3-4f91-b5d4-cda0cd2ade6c,2026-04-20 07:40:07.821042,2026-04-20 07:40:07.821042,logs+mt_match,0.0,6,6.0,,Collapsed timestamp,collapsed_timestamp,collapsed_timestamp,Excluded from genuine SLA KPI (migration-collapsed timestamps),Reconstructed SLA from ticket_logs lifecycle + issue_types.sla_hours (NOT verified app formula)
c57e93d9-055a-f5e9-dd2e-42950e9758ea,c2ff0c11-4d1b-7b9b-b93c-aa37c9b6c40b,abc84f5b-a950-406e-ab46-cefbe11df925,Cleaning Issues,d2b6ece0-395c-4c27-9667-6d7ce50b417c,2026-04-20 07:40:07.821042,2026-04-20 07:40:07.821042,logs+mt_match,0.0,4,4.0,,Collapsed timestamp,collapsed_timestamp,collapsed_timestamp,Excluded from genuine SLA KPI (migration-collapsed timestamps),Reconstructed SLA from ticket_logs lifecycle + issue_types.sla_hours (NOT verified app formula)
96ac38f2-88f0-4bad-b91f-7e63474cbd8a,5d204545-2f72-b89b-3190-a826b5ab6512,e2aa2aaa-8af6-4807-9a4e-7665c5421eed,Furniture,bd081ad6-5fe3-4c1d-a919-81b1055efa19,2026-05-18 16:56:49.415149,2026-05-20 13:47:58.351063,logs+mt_match,44.852482198333334,24,-20.852482198333334,True,SLA Breached,measurable,reconstructed 44.9h vs 24h SLA,Review breach — slow resolution for this issue type,Reconstructed SLA from ticket_logs lifecycle + issue_types.sla_hours (NOT verified app formula)
7afb353a-c390-43a8-a04f-a07954bcecf6,77c3a6fd-4651-d880-29aa-abd19c8324df,c5f1c3c0-af88-4c54-9730-ebffed128bc9,Kitchen Equipment,8c42685b-f2df-4dec-96bd-0e77b715e33e,2026-04-03 11:27:25.705429,,logs+mt_match,,12,,,Insufficient lifecycle data,insufficient_lifecycle_data,insufficient_lifecycle_data,No closed event yet / open,Reconstructed SLA from ticket_logs lifecycle + issue_types.sla_hours (NOT verified app formula)
6c91a465-4e6a-4e33-a064-54bbec48228c,c2ff0c11-4d1b-7b9b-b93c-aa37c9b6c40b,e2aa2aaa-8af6-4807-9a4e-7665c5421eed,Furniture,e4897d45-cba7-4d8a-ade0-d6014ccba68d,2026-04-09 11:31:29.311153,,logs+mt_match,,24,,,Insufficient lifecycle data,insufficient_lifecycle_data,insufficient_lifecycle_data,No closed event yet / open,Reconstructed SLA from ticket_logs lifecycle + issue_types.sla_hours (NOT verified app formula)
9a4115ff-94dc-47eb-5c92-1e4c30dadfe3,c2ff0c11-4d1b-7b9b-b93c-aa37c9b6c40b,abc84f5b-a950-406e-ab46-cefbe11df925,Cleaning Issues,d2b6ece0-395c-4c27-9667-6d7ce50b417c,2026-04-20 07:40:07.821042,2026-04-20 07:40:07.821042,logs+mt_match,0.0,4,4.0,,Collapsed timestamp,collapsed_timestamp,collapsed_timestamp,Excluded from genuine SLA KPI (migration-collapsed timestamps),Reconstructed SLA from ticket_logs lifecycle + issue_types.sla_hours (NOT verified app formula)
4f80da01-041a-0f8f-e169-1f258d5f4cfa,417c9738-a0f7-5a00-1091-37a9fd083dd6,47389994-b201-4bb1-bf91-8bce4dbde510,Other,d2b6ece0-395c-4c27-9667-6d7ce50b417c,2026-04-20 07:40:07.821042,2026-04-20 07:40:07.821042,logs+mt_match,0.0,24,24.0,,Collapsed timestamp,collapsed_timestamp,collapsed_timestamp,Excluded from genuine SLA KPI (migration-collapsed timestamps),Reconstructed SLA from ticket_logs lifecycle + issue_types.sla_hours (NOT verified app formula)
da4cec39-3df3-80ee-0175-f57aa45ec24f,417c9738-a0f7-5a00-1091-37a9fd083dd6,f3614e6e-8394-40cd-bbb3-b1f78e9f17c2,Billing Issues,d2b6ece0-395c-4c27-9667-6d7ce50b417c,2026-04-20 07:40:07.821042,2026-04-20 07:40:07.821042,logs+mt_match,0.0,24,24.0,,Collapsed timestamp,collapsed_timestamp,collapsed_timestamp,Excluded from genuine SLA KPI (migration-collapsed timestamps),Reconstructed SLA from ticket_logs lifecycle + issue_types.sla_hours (NOT verified app formula)
f700d88b-d513-5f3f-b277-5c4de098b3e5,d2298bb8-a5e5-735a-c8ca-9b18c7daacd6,d76dd3bd-ccb7-4991-a01f-ce158dfe908e,Plumbing,e213d0c5-7de3-4f91-b5d4-cda0cd2ade6c,2026-04-20 07:40:07.821042,2026-04-20 07:40:07.821042,logs+mt_match,0.0,24,24.0,,Collapsed timestamp,collapsed_timestamp,collapsed_timestamp,Excluded from genuine SLA KPI (migration-collapsed timestamps),Reconstructed SLA from ticket_logs lifecycle + issue_types.sla_hours (NOT verified app formula)
28f1244e-46a5-772c-2442-a5265b21139d,d2298bb8-a5e5-735a-c8ca-9b18c7daacd6,caf6381e-5189-4c1f-bf0a-4dfd99d9b9e7,Washing machine Issue,e213d0c5-7de3-4f91-b5d4-cda0cd2ade6c,2026-04-20 07:40:07.821042,2026-04-20 07:40:07.821042,logs+mt_match,0.0,24,24.0,,Collapsed timestamp,collapsed_timestamp,collapsed_timestamp,Excluded from genuine SLA KPI (migration-collapsed timestamps),Reconstructed SLA from ticket_logs lifecycle + issue_types.sla_hours (NOT verified app formula)
9009488b-d503-a539-4b14-a1d0aab75059,d2298bb8-a5e5-735a-c8ca-9b18c7daacd6,47389994-b201-4bb1-bf91-8bce4dbde510,Other,e213d0c5-7de3-4f91-b5d4-cda0cd2ade6c,2026-04-20 07:40:07.821042,2026-04-20 07:40:07.821042,logs+mt_match,0.0,24,24.0,,Collapsed timestamp,collapsed_timestamp,collapsed_timestamp,Excluded from genuine SLA KPI (migration-collapsed timestamps),Reconstructed SLA from ticket_logs lifecycle + issue_types.sla_hours (NOT verified app formula)
49fb3511-b543-29b5-ceb6-f1dfc0c34db1,d2298bb8-a5e5-735a-c8ca-9b18c7daacd6,47389994-b201-4bb1-bf91-8bce4dbde510,Other,e213d0c5-7de3-4f91-b5d4-cda0cd2ade6c,2026-04-20 07:40:07.821042,2026-04-20 07:40:07.821042,logs+mt_match,0.0,24,24.0,,Collapsed timestamp,collapsed_timestamp,collapsed_timestamp,Excluded from genuine SLA KPI (migration-collapsed timestamps),Reconstructed SLA from ticket_logs lifecycle + issue_types.sla_hours (NOT verified app formula)
d34689b0-33a6-38d1-fc9d-e363063efdc1,d2298bb8-a5e5-735a-c8ca-9b18c7daacd6,d76dd3bd-ccb7-4991-a01f-ce158dfe908e,Plumbing,e213d0c5-7de3-4f91-b5d4-cda0cd2ade6c,2026-04-20 07:40:07.821042,2026-04-20 07:40:07.821042,logs+mt_match,0.0,24,24.0,,Collapsed timestamp,collapsed_timestamp,collapsed_timestamp,Excluded from genuine SLA KPI (migration-collapsed timestamps),Reconstructed SLA from ticket_logs lifecycle + issue_types.sla_hours (NOT verified app formula)
ce9e0d69-ad2b-9a1e-ec3e-87b7af65927b,d2298bb8-a5e5-735a-c8ca-9b18c7daacd6,28158382-d5c1-436c-927b-3e3d9855c2af,Electrical Issues,e213d0c5-7de3-4f91-b5d4-cda0cd2ade6c,2026-04-20 07:40:07.821042,2026-04-20 07:40:07.821042,logs+mt_match,0.0,6,6.0,,Collapsed timestamp,collapsed_timestamp,collapsed_timestamp,Excluded from genuine SLA KPI (migration-collapsed timestamps),Reconstructed SLA from ticket_logs lifecycle + issue_types.sla_hours (NOT verified app formula)
bb3e7bda-ce04-ddbd-c86f-40369ce1b2bc,d2298bb8-a5e5-735a-c8ca-9b18c7daacd6,caf6381e-5189-4c1f-bf0a-4dfd99d9b9e7,Washing machine Issue,e213d0c5-7de3-4f91-b5d4-cda0cd2ade6c,2026-04-20 07:40:07.821042,2026-04-20 07:40:07.821042,logs+mt_match,0.0,24,24.0,,Collapsed timestamp,collapsed_timestamp,collapsed_timestamp,Excluded from genuine SLA KPI (migration-collapsed timestamps),Reconstructed SLA from ticket_logs lifecycle + issue_types.sla_hours (NOT verified app formula)
32a2c7ab-e977-8bfe-ce83-84f3e827b856,d2298bb8-a5e5-735a-c8ca-9b18c7daacd6,d76dd3bd-ccb7-4991-a01f-ce158dfe908e,Plumbing,e213d0c5-7de3-4f91-b5d4-cda0cd2ade6c,2026-04-20 07:40:07.821042,2026-04-20 07:40:07.821042,logs+mt_match,0.0,24,24.0,,Collapsed timestamp,collapsed_timestamp,collapsed_timestamp,Excluded from genuine SLA KPI (migration-collapsed timestamps),Reconstructed SLA from ticket_logs lifecycle + issue_types.sla_hours (NOT verified app formula)
cf90ed6a-84e2-81f6-e4ad-6cf19d3762c4,d2298bb8-a5e5-735a-c8ca-9b18c7daacd6,caf6381e-5189-4c1f-bf0a-4dfd99d9b9e7,Washing machine Issue,e213d0c5-7de3-4f91-b5d4-cda0cd2ade6c,2026-04-20 07:40:07.821042,2026-04-20 07:40:07.821042,logs+mt_match,0.0,24,24.0,,Collapsed timestamp,collapsed_timestamp,collapsed_timestamp,Excluded from genuine SLA KPI (migration-collapsed timestamps),Reconstructed SLA from ticket_logs lifecycle + issue_types.sla_hours (NOT verified app formula)
aca386b0-7292-3927-764e-6367f410da06,d2298bb8-a5e5-735a-c8ca-9b18c7daacd6,caf6381e-5189-4c1f-bf0a-4dfd99d9b9e7,Washing machine Issue,e213d0c5-7de3-4f91-b5d4-cda0cd2ade6c,2026-04-20 07:40:07.821042,2026-04-20 07:40:07.821042,logs+mt_match,0.0,24,24.0,,Collapsed timestamp,collapsed_timestamp,collapsed_timestamp,Excluded from genuine SLA KPI (migration-collapsed timestamps),Reconstructed SLA from ticket_logs lifecycle + issue_types.sla_hours (NOT verified app formula)
74d1e3cf-ee76-4d50-8896-05503b3b9e0f,c2ff0c11-4d1b-7b9b-b93c-aa37c9b6c40b,47389994-b201-4bb1-bf91-8bce4dbde510,Other,e4897d45-cba7-4d8a-ade0-d6014ccba68d,2026-04-09 12:18:39.365455,,logs+mt_match,,24,,,Insufficient lifecycle data,insufficient_lifecycle_data,insufficient_lifecycle_data,No closed event yet / open,Reconstructed SLA from ticket_logs lifecycle + issue_types.sla_hours (NOT verified app formula)
e63ac7d0-1380-d884-da40-c7f53e906ce3,d2298bb8-a5e5-735a-c8ca-9b18c7daacd6,caf6381e-5189-4c1f-bf0a-4dfd99d9b9e7,Washing machine Issue,e213d0c5-7de3-4f91-b5d4-cda0cd2ade6c,2026-04-20 07:40:07.821042,2026-04-20 07:40:07.821042,logs+mt_match,0.0,24,24.0,,Collapsed timestamp,collapsed_timestamp,collapsed_timestamp,Excluded from genuine SLA KPI (migration-collapsed timestamps),Reconstructed SLA from ticket_logs lifecycle + issue_types.sla_hours (NOT verified app formula)
160d2e75-955e-a6a7-811e-5e4b01104b1f,8767525e-d22f-a295-bc29-ba104fdc589a,47389994-b201-4bb1-bf91-8bce4dbde510,Other,d2b6ece0-395c-4c27-9667-6d7ce50b417c,2026-04-20 07:40:07.821042,2026-04-20 07:40:07.821042,logs+mt_match,0.0,24,24.0,,Collapsed timestamp,collapsed_timestamp,collapsed_timestamp,Excluded from genuine SLA KPI (migration-collapsed timestamps),Reconstructed SLA from ticket_logs lifecycle + issue_types.sla_hours (NOT verified app formula)
2c6d1260-ed14-4d39-8728-59d2af490a65,1b4d1066-8fe4-199b-7b3b-39e4bded9714,a5831922-eaeb-48c2-941c-fd96fae8813d,AC Issues,d2b6ece0-395c-4c27-9667-6d7ce50b417c,2026-04-20 07:40:07.821042,2026-04-20 07:40:07.821042,logs+mt_match,0.0,12,12.0,,Collapsed timestamp,collapsed_timestamp,collapsed_timestamp,Excluded from genuine SLA KPI (migration-collapsed timestamps),Reconstructed SLA from ticket_logs lifecycle + issue_types.sla_hours (NOT verified app formula)
8c637cf9-d7b1-4183-4b29-eb5d08c1eaca,1b4d1066-8fe4-199b-7b3b-39e4bded9714,d76dd3bd-ccb7-4991-a01f-ce158dfe908e,Plumbing,e213d0c5-7de3-4f91-b5d4-cda0cd2ade6c,2026-04-20 07:40:07.821042,2026-04-20 07:40:07.821042,logs+mt_match,0.0,24,24.0,,Collapsed timestamp,collapsed_timestamp,collapsed_timestamp,Excluded from genuine SLA KPI (migration-collapsed timestamps),Reconstructed SLA from ticket_logs lifecycle + issue_types.sla_hours (NOT verified app formula)
633c9c62-52a8-6252-ebe4-e07c4157da6e,1b4d1066-8fe4-199b-7b3b-39e4bded9714,abc84f5b-a950-406e-ab46-cefbe11df925,Cleaning Issues,e213d0c5-7de3-4f91-b5d4-cda0cd2ade6c,2026-04-20 07:40:07.821042,2026-04-20 07:40:07.821042,logs+mt_match,0.0,4,4.0,,Collapsed timestamp,collapsed_timestamp,collapsed_timestamp,Excluded from genuine SLA KPI (migration-collapsed timestamps),Reconstructed SLA from ticket_logs lifecycle + issue_types.sla_hours (NOT verified app formula)
10a7e9c6-a89d-2ded-8da9-bfd9677184fd,1b4d1066-8fe4-199b-7b3b-39e4bded9714,abc84f5b-a950-406e-ab46-cefbe11df925,Cleaning Issues,d2b6ece0-395c-4c27-9667-6d7ce50b417c,2026-04-20 07:40:07.821042,2026-04-20 07:40:07.821042,logs+mt_match,0.0,4,4.0,,Collapsed timestamp,collapsed_timestamp,collapsed_timestamp,Excluded from genuine SLA KPI (migration-collapsed timestamps),Reconstructed SLA from ticket_logs lifecycle + issue_types.sla_hours (NOT verified app formula)
d1e7f60a-9d05-726a-a8b0-538f18fede55,1b4d1066-8fe4-199b-7b3b-39e4bded9714,abc84f5b-a950-406e-ab46-cefbe11df925,Cleaning Issues,e213d0c5-7de3-4f91-b5d4-cda0cd2ade6c,2026-04-20 07:40:07.821042,2026-04-20 07:40:07.821042,logs+mt_match,0.0,4,4.0,,Collapsed timestamp,collapsed_timestamp,collapsed_timestamp,Excluded from genuine SLA KPI (migration-collapsed timestamps),Reconstructed SLA from ticket_logs lifecycle + issue_types.sla_hours (NOT verified app formula)
981845c3-de7f-01af-fbd2-1d8f8eaaaf12,1b4d1066-8fe4-199b-7b3b-39e4bded9714,47389994-b201-4bb1-bf91-8bce4dbde510,Other,e213d0c5-7de3-4f91-b5d4-cda0cd2ade6c,2026-04-20 07:40:07.821042,2026-04-20 07:40:07.821042,logs+mt_match,0.0,24,24.0,,Collapsed timestamp,collapsed_timestamp,collapsed_timestamp,Excluded from genuine SLA KPI (migration-collapsed timestamps),Reconstructed SLA from ticket_logs lifecycle + issue_types.sla_hours (NOT verified app formula)
1a7d2c07-ed92-50de-9fd4-a47975486039,1b4d1066-8fe4-199b-7b3b-39e4bded9714,abc84f5b-a950-406e-ab46-cefbe11df925,Cleaning Issues,e213d0c5-7de3-4f91-b5d4-cda0cd2ade6c,2026-04-20 07:40:07.821042,2026-04-20 07:40:07.821042,logs+mt_match,0.0,4,4.0,,Collapsed timestamp,collapsed_timestamp,collapsed_timestamp,Excluded from genuine SLA KPI (migration-collapsed timestamps),Reconstructed SLA from ticket_logs lifecycle + issue_types.sla_hours (NOT verified app formula)
5a806119-bcc5-dd17-0b34-2c6d43730967,1b4d1066-8fe4-199b-7b3b-39e4bded9714,abc84f5b-a950-406e-ab46-cefbe11df925,Cleaning Issues,e213d0c5-7de3-4f91-b5d4-cda0cd2ade6c,2026-04-20 07:40:07.821042,2026-04-20 07:40:07.821042,logs+mt_match,0.0,4,4.0,,Collapsed timestamp,collapsed_timestamp,collapsed_timestamp,Excluded from genuine SLA KPI (migration-collapsed timestamps),Reconstructed SLA from ticket_logs lifecycle + issue_types.sla_hours (NOT verified app formula)
1061922a-6df4-4740-b754-7677e856b7b9,79853a4a-cb02-508c-e041-7e23378aec9c,a25aca1b-211b-41d3-ab08-78bd2b9541e8,Toilet Issues,bd081ad6-5fe3-4c1d-a919-81b1055efa19,2026-06-28 17:45:42.742843,2026-07-09 07:41:31.462163,logs+mt_match,253.93019981111112,4,-249.93019981111112,True,SLA Breached,measurable,reconstructed 253.9h vs 4h SLA,Review breach — slow resolution for this issue type,Reconstructed SLA from ticket_logs lifecycle + issue_types.sla_hours (NOT verified app formula)
b78672bf-3a6d-43b0-a988-51a5ab493f3e,0a839c14-2a88-9896-c2f2-8d51fe610405,28158382-d5c1-436c-927b-3e3d9855c2af,Electrical Issues,bd081ad6-5fe3-4c1d-a919-81b1055efa19,2026-04-09 12:21:03.092739,,logs+mt_match,,6,,,Insufficient lifecycle data,insufficient_lifecycle_data,insufficient_lifecycle_data,No closed event yet / open,Reconstructed SLA from ticket_logs lifecycle + issue_types.sla_hours (NOT verified app formula)
33aba1c2-3617-474c-a622-dc3f9c58140f,2fc42a4f-fe5a-ae08-0e4e-2c89ca71db85,a25aca1b-211b-41d3-ab08-78bd2b9541e8,Toilet Issues,bd081ad6-5fe3-4c1d-a919-81b1055efa19,2026-04-22 13:38:42.476908,2026-06-04 11:39:42.341425,logs+mt_match,1030.0166290325,4,-1026.0166290325,True,SLA Breached,measurable,reconstructed 1030.0h vs 4h SLA,Review breach — slow resolution for this issue type,Reconstructed SLA from ticket_logs lifecycle + issue_types.sla_hours (NOT verified app formula)
736faf3e-7bf6-46af-9b45-541ac5062166,49ed1c8e-3653-c89b-ec74-16d8e20bb923,c5f1c3c0-af88-4c54-9730-ebffed128bc9,Kitchen Equipment,8c42685b-f2df-4dec-96bd-0e77b715e33e,2026-04-09 12:28:33.208020,2026-04-20 07:09:58.621912,logs+mt_match,258.69039274777776,12,-246.69039274777776,True,SLA Breached,measurable,reconstructed 258.7h vs 12h SLA,Review breach — slow resolution for this issue type,Reconstructed SLA from ticket_logs lifecycle + issue_types.sla_hours (NOT verified app formula)
a9138e2c-ea04-8bab-0d93-2eb03f39b99f,1b4d1066-8fe4-199b-7b3b-39e4bded9714,47389994-b201-4bb1-bf91-8bce4dbde510,Other,e213d0c5-7de3-4f91-b5d4-cda0cd2ade6c,2026-04-20 07:40:07.821042,2026-04-20 07:40:07.821042,logs+mt_match,0.0,24,24.0,,Collapsed timestamp,collapsed_timestamp,collapsed_timestamp,Excluded from genuine SLA KPI (migration-collapsed timestamps),Reconstructed SLA from ticket_logs lifecycle + issue_types.sla_hours (NOT verified app formula)
88d0ee33-24c8-7df3-99f7-e0ebe4944d5a,1b4d1066-8fe4-199b-7b3b-39e4bded9714,abc84f5b-a950-406e-ab46-cefbe11df925,Cleaning Issues,d2b6ece0-395c-4c27-9667-6d7ce50b417c,2026-04-20 07:40:07.821042,2026-04-20 07:40:07.821042,logs+mt_match,0.0,4,4.0,,Collapsed timestamp,collapsed_timestamp,collapsed_timestamp,Excluded from genuine SLA KPI (migration-collapsed timestamps),Reconstructed SLA from ticket_logs lifecycle + issue_types.sla_hours (NOT verified app formula)
4a7cba5b-f7b2-5372-cd73-0e5495f0a9b6,1b4d1066-8fe4-199b-7b3b-39e4bded9714,d76dd3bd-ccb7-4991-a01f-ce158dfe908e,Plumbing,e213d0c5-7de3-4f91-b5d4-cda0cd2ade6c,2026-04-20 07:40:07.821042,2026-04-20 07:40:07.821042,logs+mt_match,0.0,24,24.0,,Collapsed timestamp,collapsed_timestamp,collapsed_timestamp,Excluded from genuine SLA KPI (migration-collapsed timestamps),Reconstructed SLA from ticket_logs lifecycle + issue_types.sla_hours (NOT verified app formula)
badc7044-7f80-d9df-7839-fa0827ce90fc,1b4d1066-8fe4-199b-7b3b-39e4bded9714,47389994-b201-4bb1-bf91-8bce4dbde510,Other,d2b6ece0-395c-4c27-9667-6d7ce50b417c,2026-04-20 07:40:07.821042,2026-04-20 07:40:07.821042,logs+mt_match,0.0,24,24.0,,Collapsed timestamp,collapsed_timestamp,collapsed_timestamp,Excluded from genuine SLA KPI (migration-collapsed timestamps),Reconstructed SLA from ticket_logs lifecycle + issue_types.sla_hours (NOT verified app formula)
b8e5135d-20e0-3eba-6667-7b6fa69881b9,1b4d1066-8fe4-199b-7b3b-39e4bded9714,e2aa2aaa-8af6-4807-9a4e-7665c5421eed,Furniture,e213d0c5-7de3-4f91-b5d4-cda0cd2ade6c,2026-04-20 07:40:07.821042,2026-04-20 07:40:07.821042,logs+mt_match,0.0,24,24.0,,Collapsed timestamp,collapsed_timestamp,collapsed_timestamp,Excluded from genuine SLA KPI (migration-collapsed timestamps),Reconstructed SLA from ticket_logs lifecycle + issue_types.sla_hours (NOT verified app formula)
1f565fcf-6704-cd24-9d04-ce41596e686b,1b4d1066-8fe4-199b-7b3b-39e4bded9714,d76dd3bd-ccb7-4991-a01f-ce158dfe908e,Plumbing,e213d0c5-7de3-4f91-b5d4-cda0cd2ade6c,2026-04-20 07:40:07.821042,2026-04-20 07:40:07.821042,logs+mt_match,0.0,24,24.0,,Collapsed timestamp,collapsed_timestamp,collapsed_timestamp,Excluded from genuine SLA KPI (migration-collapsed timestamps),Reconstructed SLA from ticket_logs lifecycle + issue_types.sla_hours (NOT verified app formula)
e4a9a8e6-63c6-3864-1a81-c1212159b45e,1b4d1066-8fe4-199b-7b3b-39e4bded9714,28158382-d5c1-436c-927b-3e3d9855c2af,Electrical Issues,e213d0c5-7de3-4f91-b5d4-cda0cd2ade6c,2026-04-20 07:40:07.821042,2026-04-20 07:40:07.821042,logs+mt_match,0.0,6,6.0,,Collapsed timestamp,collapsed_timestamp,collapsed_timestamp,Excluded from genuine SLA KPI (migration-collapsed timestamps),Reconstructed SLA from ticket_logs lifecycle + issue_types.sla_hours (NOT verified app formula)
e91ac47d-4cbe-de7c-f430-80c2266996ea,1b4d1066-8fe4-199b-7b3b-39e4bded9714,47389994-b201-4bb1-bf91-8bce4dbde510,Other,e213d0c5-7de3-4f91-b5d4-cda0cd2ade6c,2026-04-20 07:40:07.821042,2026-04-20 07:40:07.821042,logs+mt_match,0.0,24,24.0,,Collapsed timestamp,collapsed_timestamp,collapsed_timestamp,Excluded from genuine SLA KPI (migration-collapsed timestamps),Reconstructed SLA from ticket_logs lifecycle + issue_types.sla_hours (NOT verified app formula)
659960b4-5804-4736-8e20-c646a5ef5c4b,d2298bb8-a5e5-735a-c8ca-9b18c7daacd6,a25aca1b-211b-41d3-ab08-78bd2b9541e8,Toilet Issues,bd081ad6-5fe3-4c1d-a919-81b1055efa19,2026-06-17 14:57:12.250560,2026-06-19 15:07:26.655215,logs+mt_match,48.170667959722216,4,-44.170667959722216,True,SLA Breached,measurable,reconstructed 48.2h vs 4h SLA,Review breach — slow resolution for this issue type,Reconstructed SLA from ticket_logs lifecycle + issue_types.sla_hours (NOT verified app formula)
c5a466e9-f41a-4436-8a4d-58621227a138,c17c5093-48b7-139f-ebfc-1cd33ef5179c,28158382-d5c1-436c-927b-3e3d9855c2af,Electrical Issues,bd081ad6-5fe3-4c1d-a919-81b1055efa19,2026-04-09 12:43:46.327410,,logs+mt_match,,6,,,Insufficient lifecycle data,insufficient_lifecycle_data,insufficient_lifecycle_data,No closed event yet / open,Reconstructed SLA from ticket_logs lifecycle + issue_types.sla_hours (NOT verified app formula)
2c7741ed-97b5-0165-0f07-2e10816d9a48,1b4d1066-8fe4-199b-7b3b-39e4bded9714,47389994-b201-4bb1-bf91-8bce4dbde510,Other,e213d0c5-7de3-4f91-b5d4-cda0cd2ade6c,2026-04-20 07:40:07.821042,2026-04-20 07:40:07.821042,logs+mt_match,0.0,24,24.0,,Collapsed timestamp,collapsed_timestamp,collapsed_timestamp,Excluded from genuine SLA KPI (migration-collapsed timestamps),Reconstructed SLA from ticket_logs lifecycle + issue_types.sla_hours (NOT verified app formula)
62ec3e07-d588-4248-a406-54abbe7097eb,fb5cedd6-2992-1c62-7fba-4a7a6b43b2ff,a5831922-eaeb-48c2-941c-fd96fae8813d,AC Issues,bd081ad6-5fe3-4c1d-a919-81b1055efa19,2026-04-10 07:30:31.492527,,logs+mt_match,,12,,,Insufficient lifecycle data,insufficient_lifecycle_data,insufficient_lifecycle_data,No closed event yet / open,Reconstructed SLA from ticket_logs lifecycle + issue_types.sla_hours (NOT verified app formula)
dc8d276b-8b37-3602-9510-0bc552a6ce5c,1b4d1066-8fe4-199b-7b3b-39e4bded9714,01208ba1-4225-4a61-be39-3afe03dad690,RO Water Issues,e213d0c5-7de3-4f91-b5d4-cda0cd2ade6c,2026-04-20 07:40:07.821042,2026-04-20 07:40:07.821042,logs+mt_match,0.0,6,6.0,,Collapsed timestamp,collapsed_timestamp,collapsed_timestamp,Excluded from genuine SLA KPI (migration-collapsed timestamps),Reconstructed SLA from ticket_logs lifecycle + issue_types.sla_hours (NOT verified app formula)
88be3487-8eda-fded-78ec-9b5978d7bbfa,82b270bf-e567-2deb-5ef3-495baafd7645,47389994-b201-4bb1-bf91-8bce4dbde510,Other,d2b6ece0-395c-4c27-9667-6d7ce50b417c,2026-04-20 07:40:07.821042,2026-04-20 07:40:07.821042,logs+mt_match,0.0,24,24.0,,Collapsed timestamp,collapsed_timestamp,collapsed_timestamp,Excluded from genuine SLA KPI (migration-collapsed timestamps),Reconstructed SLA from ticket_logs lifecycle + issue_types.sla_hours (NOT verified app formula)
6fa48ee2-ff5f-07e0-3dbc-f066854a6260,990e8a3e-a69c-7b31-f606-3eeb21e3d4c6,28158382-d5c1-436c-927b-3e3d9855c2af,Electrical Issues,e213d0c5-7de3-4f91-b5d4-cda0cd2ade6c,2026-04-20 07:40:07.821042,2026-04-20 07:40:07.821042,logs+mt_match,0.0,6,6.0,,Collapsed timestamp,collapsed_timestamp,collapsed_timestamp,Excluded from genuine SLA KPI (migration-collapsed timestamps),Reconstructed SLA from ticket_logs lifecycle + issue_types.sla_hours (NOT verified app formula)
7c1aeccd-02d9-02b2-5f80-e0a8c995bbb4,990e8a3e-a69c-7b31-f606-3eeb21e3d4c6,01208ba1-4225-4a61-be39-3afe03dad690,RO Water Issues,e213d0c5-7de3-4f91-b5d4-cda0cd2ade6c,2026-04-20 07:40:07.821042,2026-04-20 07:40:07.821042,logs+mt_match,0.0,6,6.0,,Collapsed timestamp,collapsed_timestamp,collapsed_timestamp,Excluded from genuine SLA KPI (migration-collapsed timestamps),Reconstructed SLA from ticket_logs lifecycle + issue_types.sla_hours (NOT verified app formula)
4f685155-35d5-d247-2e3f-2f08f71e94a0,990e8a3e-a69c-7b31-f606-3eeb21e3d4c6,01208ba1-4225-4a61-be39-3afe03dad690,RO Water Issues,e213d0c5-7de3-4f91-b5d4-cda0cd2ade6c,2026-04-20 07:40:07.821042,2026-04-20 07:40:07.821042,logs+mt_match,0.0,6,6.0,,Collapsed timestamp,collapsed_timestamp,collapsed_timestamp,Excluded from genuine SLA KPI (migration-collapsed timestamps),Reconstructed SLA from ticket_logs lifecycle + issue_types.sla_hours (NOT verified app formula)
51267f15-61c6-4af6-8c24-cd0ff614464d,990e8a3e-a69c-7b31-f606-3eeb21e3d4c6,abc84f5b-a950-406e-ab46-cefbe11df925,Cleaning Issues,e213d0c5-7de3-4f91-b5d4-cda0cd2ade6c,2026-04-20 07:40:07.821042,2026-04-20 07:40:07.821042,logs+mt_match,0.0,4,4.0,,Collapsed timestamp,collapsed_timestamp,collapsed_timestamp,Excluded from genuine SLA KPI (migration-collapsed timestamps),Reconstructed SLA from ticket_logs lifecycle + issue_types.sla_hours (NOT verified app formula)
7f70738b-24fd-3b01-e161-6ef52deb0381,990e8a3e-a69c-7b31-f606-3eeb21e3d4c6,e2aa2aaa-8af6-4807-9a4e-7665c5421eed,Furniture,d2b6ece0-395c-4c27-9667-6d7ce50b417c,2026-04-20 07:40:07.821042,2026-04-20 07:40:07.821042,logs+mt_match,0.0,24,24.0,,Collapsed timestamp,collapsed_timestamp,collapsed_timestamp,Excluded from genuine SLA KPI (migration-collapsed timestamps),Reconstructed SLA from ticket_logs lifecycle + issue_types.sla_hours (NOT verified app formula)
f528254a-4243-9753-30de-8c8477c18006,990e8a3e-a69c-7b31-f606-3eeb21e3d4c6,28158382-d5c1-436c-927b-3e3d9855c2af,Electrical Issues,e213d0c5-7de3-4f91-b5d4-cda0cd2ade6c,2026-04-20 07:40:07.821042,2026-04-20 07:40:07.821042,logs+mt_match,0.0,6,6.0,,Collapsed timestamp,collapsed_timestamp,collapsed_timestamp,Excluded from genuine SLA KPI (migration-collapsed timestamps),Reconstructed SLA from ticket_logs lifecycle + issue_types.sla_hours (NOT verified app formula)
bbd0d8a1-1699-e9ea-a6e1-beaeec60ee1a,990e8a3e-a69c-7b31-f606-3eeb21e3d4c6,47389994-b201-4bb1-bf91-8bce4dbde510,Other,e213d0c5-7de3-4f91-b5d4-cda0cd2ade6c,2026-04-20 07:40:07.821042,2026-04-20 07:40:07.821042,logs+mt_match,0.0,24,24.0,,Collapsed timestamp,collapsed_timestamp,collapsed_timestamp,Excluded from genuine SLA KPI (migration-collapsed timestamps),Reconstructed SLA from ticket_logs lifecycle + issue_types.sla_hours (NOT verified app formula)
a330ffc8-03fa-ec7c-b8c6-1afe0828d04b,990e8a3e-a69c-7b31-f606-3eeb21e3d4c6,e2aa2aaa-8af6-4807-9a4e-7665c5421eed,Furniture,e213d0c5-7de3-4f91-b5d4-cda0cd2ade6c,2026-04-20 07:40:07.821042,2026-04-20 07:40:07.821042,logs+mt_match,0.0,24,24.0,,Collapsed timestamp,collapsed_timestamp,collapsed_timestamp,Excluded from genuine SLA KPI (migration-collapsed timestamps),Reconstructed SLA from ticket_logs lifecycle + issue_types.sla_hours (NOT verified app formula)
c50579e1-6a2e-452e-a149-b4be524cb522,aa73cade-c28c-dc5b-5980-55801ea0d415,47389994-b201-4bb1-bf91-8bce4dbde510,Other,bd081ad6-5fe3-4c1d-a919-81b1055efa19,2026-06-04 05:08:12.405531,,logs+mt_match,,24,,,Insufficient lifecycle data,insufficient_lifecycle_data,insufficient_lifecycle_data,No closed event yet / open,Reconstructed SLA from ticket_logs lifecycle + issue_types.sla_hours (NOT verified app formula)
8a802dd0-9027-63e1-ab3b-e98b9efd86b3,990e8a3e-a69c-7b31-f606-3eeb21e3d4c6,01208ba1-4225-4a61-be39-3afe03dad690,RO Water Issues,e213d0c5-7de3-4f91-b5d4-cda0cd2ade6c,2026-04-20 07:40:07.821042,2026-04-20 07:40:07.821042,logs+mt_match,0.0,6,6.0,,Collapsed timestamp,collapsed_timestamp,collapsed_timestamp,Excluded from genuine SLA KPI (migration-collapsed timestamps),Reconstructed SLA from ticket_logs lifecycle + issue_types.sla_hours (NOT verified app formula)
cc3ee2f8-0614-a044-0e49-2ff157a1b355,990e8a3e-a69c-7b31-f606-3eeb21e3d4c6,7917cc13-aaca-4558-a2c2-8be5cd8fc159,Internet Issues,bd081ad6-5fe3-4c1d-a919-81b1055efa19,2026-04-20 07:40:07.821042,2026-04-20 07:40:07.821042,logs+mt_match,0.0,6,6.0,,Collapsed timestamp,collapsed_timestamp,collapsed_timestamp,Excluded from genuine SLA KPI (migration-collapsed timestamps),Reconstructed SLA from ticket_logs lifecycle + issue_types.sla_hours (NOT verified app formula)
3abe357b-e656-064e-0536-bb86c08c657b,990e8a3e-a69c-7b31-f606-3eeb21e3d4c6,caf6381e-5189-4c1f-bf0a-4dfd99d9b9e7,Washing machine Issue,bd081ad6-5fe3-4c1d-a919-81b1055efa19,2026-04-20 07:40:07.821042,2026-04-20 07:40:07.821042,logs+mt_match,0.0,24,24.0,,Collapsed timestamp,collapsed_timestamp,collapsed_timestamp,Excluded from genuine SLA KPI (migration-collapsed timestamps),Reconstructed SLA from ticket_logs lifecycle + issue_types.sla_hours (NOT verified app formula)
4a3c32c4-7485-8604-2524-762c54aa246c,aa73cade-c28c-dc5b-5980-55801ea0d415,a5831922-eaeb-48c2-941c-fd96fae8813d,AC Issues,d2b6ece0-395c-4c27-9667-6d7ce50b417c,2026-04-20 07:40:07.821042,2026-04-20 07:40:07.821042,logs+mt_match,0.0,12,12.0,,Collapsed timestamp,collapsed_timestamp,collapsed_timestamp,Excluded from genuine SLA KPI (migration-collapsed timestamps),Reconstructed SLA from ticket_logs lifecycle + issue_types.sla_hours (NOT verified app formula)
44db321f-5e76-e65a-fd8e-343be344266b,aa73cade-c28c-dc5b-5980-55801ea0d415,28158382-d5c1-436c-927b-3e3d9855c2af,Electrical Issues,e213d0c5-7de3-4f91-b5d4-cda0cd2ade6c,2026-04-20 07:40:07.821042,2026-04-20 07:40:07.821042,logs+mt_match,0.0,6,6.0,,Collapsed timestamp,collapsed_timestamp,collapsed_timestamp,Excluded from genuine SLA KPI (migration-collapsed timestamps),Reconstructed SLA from ticket_logs lifecycle + issue_types.sla_hours (NOT verified app formula)
1260f99f-80fb-7d54-d159-1b325bbe157a,aa73cade-c28c-dc5b-5980-55801ea0d415,e2aa2aaa-8af6-4807-9a4e-7665c5421eed,Furniture,e213d0c5-7de3-4f91-b5d4-cda0cd2ade6c,2026-04-20 07:40:07.821042,2026-04-20 07:40:07.821042,logs+mt_match,0.0,24,24.0,,Collapsed timestamp,collapsed_timestamp,collapsed_timestamp,Excluded from genuine SLA KPI (migration-collapsed timestamps),Reconstructed SLA from ticket_logs lifecycle + issue_types.sla_hours (NOT verified app formula)
7349071f-e4b0-b3c4-3725-6bc4b923b93b,aa73cade-c28c-dc5b-5980-55801ea0d415,28158382-d5c1-436c-927b-3e3d9855c2af,Electrical Issues,e213d0c5-7de3-4f91-b5d4-cda0cd2ade6c,2026-04-20 07:40:07.821042,2026-04-20 07:40:07.821042,logs+mt_match,0.0,6,6.0,,Collapsed timestamp,collapsed_timestamp,collapsed_timestamp,Excluded from genuine SLA KPI (migration-collapsed timestamps),Reconstructed SLA from ticket_logs lifecycle + issue_types.sla_hours (NOT verified app formula)
9fbe6091-0a0b-66fa-3ee8-675bfc9f31f7,bc7f358d-0d6d-f95f-ff80-9089eefdef69,a5831922-eaeb-48c2-941c-fd96fae8813d,AC Issues,d2b6ece0-395c-4c27-9667-6d7ce50b417c,2026-04-20 07:40:07.821042,2026-04-20 07:40:07.821042,logs+mt_match,0.0,12,12.0,,Collapsed timestamp,collapsed_timestamp,collapsed_timestamp,Excluded from genuine SLA KPI (migration-collapsed timestamps),Reconstructed SLA from ticket_logs lifecycle + issue_types.sla_hours (NOT verified app formula)
7c76880a-5502-6704-3e46-176b90129218,bc7f358d-0d6d-f95f-ff80-9089eefdef69,a5831922-eaeb-48c2-941c-fd96fae8813d,AC Issues,e213d0c5-7de3-4f91-b5d4-cda0cd2ade6c,2026-04-20 07:40:07.821042,2026-04-20 07:40:07.821042,logs+mt_match,0.0,12,12.0,,Collapsed timestamp,collapsed_timestamp,collapsed_timestamp,Excluded from genuine SLA KPI (migration-collapsed timestamps),Reconstructed SLA from ticket_logs lifecycle + issue_types.sla_hours (NOT verified app formula)
bc3bceba-aa02-73f3-4b19-d40f046033ed,bc7f358d-0d6d-f95f-ff80-9089eefdef69,a5831922-eaeb-48c2-941c-fd96fae8813d,AC Issues,e213d0c5-7de3-4f91-b5d4-cda0cd2ade6c,2026-04-20 07:40:07.821042,2026-04-20 07:40:07.821042,logs+mt_match,0.0,12,12.0,,Collapsed timestamp,collapsed_timestamp,collapsed_timestamp,Excluded from genuine SLA KPI (migration-collapsed timestamps),Reconstructed SLA from ticket_logs lifecycle + issue_types.sla_hours (NOT verified app formula)
78746781-67e6-6007-e70f-7ba79e45cc51,bc7f358d-0d6d-f95f-ff80-9089eefdef69,a5831922-eaeb-48c2-941c-fd96fae8813d,AC Issues,e213d0c5-7de3-4f91-b5d4-cda0cd2ade6c,2026-04-20 07:40:07.821042,2026-04-20 07:40:07.821042,logs+mt_match,0.0,12,12.0,,Collapsed timestamp,collapsed_timestamp,collapsed_timestamp,Excluded from genuine SLA KPI (migration-collapsed timestamps),Reconstructed SLA from ticket_logs lifecycle + issue_types.sla_hours (NOT verified app formula)
0c5337c9-164e-21cf-81f8-202342521e37,bc7f358d-0d6d-f95f-ff80-9089eefdef69,a5831922-eaeb-48c2-941c-fd96fae8813d,AC Issues,d2b6ece0-395c-4c27-9667-6d7ce50b417c,2026-04-20 07:40:07.821042,2026-04-20 07:40:07.821042,logs+mt_match,0.0,12,12.0,,Collapsed timestamp,collapsed_timestamp,collapsed_timestamp,Excluded from genuine SLA KPI (migration-collapsed timestamps),Reconstructed SLA from ticket_logs lifecycle + issue_types.sla_hours (NOT verified app formula)
b406781b-bb3d-b4d9-2151-762f561bc3ae,bc7f358d-0d6d-f95f-ff80-9089eefdef69,a5831922-eaeb-48c2-941c-fd96fae8813d,AC Issues,d2b6ece0-395c-4c27-9667-6d7ce50b417c,2026-04-20 07:40:07.821042,2026-04-20 07:40:07.821042,logs+mt_match,0.0,12,12.0,,Collapsed timestamp,collapsed_timestamp,collapsed_timestamp,Excluded from genuine SLA KPI (migration-collapsed timestamps),Reconstructed SLA from ticket_logs lifecycle + issue_types.sla_hours (NOT verified app formula)
fd823c3e-804b-7a88-c6b4-51593d82b7b0,bc7f358d-0d6d-f95f-ff80-9089eefdef69,01208ba1-4225-4a61-be39-3afe03dad690,RO Water Issues,e213d0c5-7de3-4f91-b5d4-cda0cd2ade6c,2026-04-20 07:40:07.821042,2026-04-20 07:40:07.821042,logs+mt_match,0.0,6,6.0,,Collapsed timestamp,collapsed_timestamp,collapsed_timestamp,Excluded from genuine SLA KPI (migration-collapsed timestamps),Reconstructed SLA from ticket_logs lifecycle + issue_types.sla_hours (NOT verified app formula)
2935d7db-7d58-825a-bfec-a0b93ff63808,bc7f358d-0d6d-f95f-ff80-9089eefdef69,47389994-b201-4bb1-bf91-8bce4dbde510,Other,e213d0c5-7de3-4f91-b5d4-cda0cd2ade6c,2026-04-20 07:40:07.821042,2026-04-20 07:40:07.821042,logs+mt_match,0.0,24,24.0,,Collapsed timestamp,collapsed_timestamp,collapsed_timestamp,Excluded from genuine SLA KPI (migration-collapsed timestamps),Reconstructed SLA from ticket_logs lifecycle + issue_types.sla_hours (NOT verified app formula)
2008a447-537c-97dd-76c3-728d01af7ce0,bc7f358d-0d6d-f95f-ff80-9089eefdef69,47389994-b201-4bb1-bf91-8bce4dbde510,Other,e213d0c5-7de3-4f91-b5d4-cda0cd2ade6c,2026-04-20 07:40:07.821042,2026-04-20 07:40:07.821042,logs+mt_match,0.0,24,24.0,,Collapsed timestamp,collapsed_timestamp,collapsed_timestamp,Excluded from genuine SLA KPI (migration-collapsed timestamps),Reconstructed SLA from ticket_logs lifecycle + issue_types.sla_hours (NOT verified app formula)
5ad350b1-43d9-ac0f-dd39-728313359724,bc7f358d-0d6d-f95f-ff80-9089eefdef69,caf6381e-5189-4c1f-bf0a-4dfd99d9b9e7,Washing machine Issue,d2b6ece0-395c-4c27-9667-6d7ce50b417c,2026-04-20 07:40:07.821042,2026-04-20 07:40:07.821042,logs+mt_match,0.0,24,24.0,,Collapsed timestamp,collapsed_timestamp,collapsed_timestamp,Excluded from genuine SLA KPI (migration-collapsed timestamps),Reconstructed SLA from ticket_logs lifecycle + issue_types.sla_hours (NOT verified app formula)
9863f959-61f4-677e-1720-a0c5cbe621d5,bc7f358d-0d6d-f95f-ff80-9089eefdef69,28158382-d5c1-436c-927b-3e3d9855c2af,Electrical Issues,e213d0c5-7de3-4f91-b5d4-cda0cd2ade6c,2026-04-20 07:40:07.821042,2026-04-20 07:40:07.821042,logs+mt_match,0.0,6,6.0,,Collapsed timestamp,collapsed_timestamp,collapsed_timestamp,Excluded from genuine SLA KPI (migration-collapsed timestamps),Reconstructed SLA from ticket_logs lifecycle + issue_types.sla_hours (NOT verified app formula)
7545e4b6-686a-973a-8b96-a070810bcf6c,bc7f358d-0d6d-f95f-ff80-9089eefdef69,47389994-b201-4bb1-bf91-8bce4dbde510,Other,d2b6ece0-395c-4c27-9667-6d7ce50b417c,2026-04-20 07:40:07.821042,2026-04-20 07:40:07.821042,logs+mt_match,0.0,24,24.0,,Collapsed timestamp,collapsed_timestamp,collapsed_timestamp,Excluded from genuine SLA KPI (migration-collapsed timestamps),Reconstructed SLA from ticket_logs lifecycle + issue_types.sla_hours (NOT verified app formula)
b1787bae-d6e8-4586-8858-0cb87ce35efc,dd96a329-ec95-e96a-1348-69d976f39cd4,e2aa2aaa-8af6-4807-9a4e-7665c5421eed,Furniture,bd081ad6-5fe3-4c1d-a919-81b1055efa19,2026-04-20 06:30:43.923994,2026-04-24 11:40:37.553313,logs+mt_match,101.16489703305555,24,-77.16489703305555,True,SLA Breached,measurable,reconstructed 101.2h vs 24h SLA,Review breach — slow resolution for this issue type,Reconstructed SLA from ticket_logs lifecycle + issue_types.sla_hours (NOT verified app formula)
cb8dda0f-5045-04bf-3219-d58dcf7c019d,bc7f358d-0d6d-f95f-ff80-9089eefdef69,d76dd3bd-ccb7-4991-a01f-ce158dfe908e,Plumbing,e213d0c5-7de3-4f91-b5d4-cda0cd2ade6c,2026-04-20 07:40:08.505561,2026-04-20 07:40:08.505561,logs+mt_match,0.0,24,24.0,,Collapsed timestamp,collapsed_timestamp,collapsed_timestamp,Excluded from genuine SLA KPI (migration-collapsed timestamps),Reconstructed SLA from ticket_logs lifecycle + issue_types.sla_hours (NOT verified app formula)
ca550b88-899a-0e4f-ae42-fdab678d02ff,990e8a3e-a69c-7b31-f606-3eeb21e3d4c6,a5831922-eaeb-48c2-941c-fd96fae8813d,AC Issues,d2b6ece0-395c-4c27-9667-6d7ce50b417c,2026-04-20 07:40:08.505561,2026-04-20 07:40:08.505561,logs+mt_match,0.0,12,12.0,,Collapsed timestamp,collapsed_timestamp,collapsed_timestamp,Excluded from genuine SLA KPI (migration-collapsed timestamps),Reconstructed SLA from ticket_logs lifecycle + issue_types.sla_hours (NOT verified app formula)
484c2aa6-749c-3b2d-a16d-9a72c367d8ab,990e8a3e-a69c-7b31-f606-3eeb21e3d4c6,47389994-b201-4bb1-bf91-8bce4dbde510,Other,d2b6ece0-395c-4c27-9667-6d7ce50b417c,2026-04-20 07:40:08.505561,2026-04-20 07:40:08.505561,logs+mt_match,0.0,24,24.0,,Collapsed timestamp,collapsed_timestamp,collapsed_timestamp,Excluded from genuine SLA KPI (migration-collapsed timestamps),Reconstructed SLA from ticket_logs lifecycle + issue_types.sla_hours (NOT verified app formula)
e2d05f99-3315-2702-b694-9981599b8ba9,990e8a3e-a69c-7b31-f606-3eeb21e3d4c6,caf6381e-5189-4c1f-bf0a-4dfd99d9b9e7,Washing machine Issue,e213d0c5-7de3-4f91-b5d4-cda0cd2ade6c,2026-04-20 07:40:08.505561,2026-04-20 07:40:08.505561,logs+mt_match,0.0,24,24.0,,Collapsed timestamp,collapsed_timestamp,collapsed_timestamp,Excluded from genuine SLA KPI (migration-collapsed timestamps),Reconstructed SLA from ticket_logs lifecycle + issue_types.sla_hours (NOT verified app formula)
b4b9567f-226d-69c0-ac66-80c7237f2e65,85292340-826d-52c1-65c7-7f2a9eb2c2c4,a5831922-eaeb-48c2-941c-fd96fae8813d,AC Issues,e213d0c5-7de3-4f91-b5d4-cda0cd2ade6c,2026-04-20 07:40:08.505561,2026-04-20 07:40:08.505561,logs+mt_match,0.0,12,12.0,,Collapsed timestamp,collapsed_timestamp,collapsed_timestamp,Excluded from genuine SLA KPI (migration-collapsed timestamps),Reconstructed SLA from ticket_logs lifecycle + issue_types.sla_hours (NOT verified app formula)
2174b8b1-3e92-f759-bd00-afaa660091bd,77c3a6fd-4651-d880-29aa-abd19c8324df,d76dd3bd-ccb7-4991-a01f-ce158dfe908e,Plumbing,d2b6ece0-395c-4c27-9667-6d7ce50b417c,2026-04-20 07:40:08.505561,2026-04-20 07:40:08.505561,logs+mt_match,0.0,24,24.0,,Collapsed timestamp,collapsed_timestamp,collapsed_timestamp,Excluded from genuine SLA KPI (migration-collapsed timestamps),Reconstructed SLA from ticket_logs lifecycle + issue_types.sla_hours (NOT verified app formula)
e9700c8e-553c-4ec3-0fee-24bcd992e599,77c3a6fd-4651-d880-29aa-abd19c8324df,7917cc13-aaca-4558-a2c2-8be5cd8fc159,Internet Issues,d2b6ece0-395c-4c27-9667-6d7ce50b417c,2026-04-20 07:40:08.505561,2026-04-20 07:40:08.505561,logs+mt_match,0.0,6,6.0,,Collapsed timestamp,collapsed_timestamp,collapsed_timestamp,Excluded from genuine SLA KPI (migration-collapsed timestamps),Reconstructed SLA from ticket_logs lifecycle + issue_types.sla_hours (NOT verified app formula)
c54e7167-c417-43db-6d97-e6f62797743d,77c3a6fd-4651-d880-29aa-abd19c8324df,caf6381e-5189-4c1f-bf0a-4dfd99d9b9e7,Washing machine Issue,d2b6ece0-395c-4c27-9667-6d7ce50b417c,2026-04-20 07:40:08.505561,2026-04-20 07:40:08.505561,logs+mt_match,0.0,24,24.0,,Collapsed timestamp,collapsed_timestamp,collapsed_timestamp,Excluded from genuine SLA KPI (migration-collapsed timestamps),Reconstructed SLA from ticket_logs lifecycle + issue_types.sla_hours (NOT verified app formula)
d3d079a0-12a0-14db-7072-c46c8321953d,77c3a6fd-4651-d880-29aa-abd19c8324df,d76dd3bd-ccb7-4991-a01f-ce158dfe908e,Plumbing,e213d0c5-7de3-4f91-b5d4-cda0cd2ade6c,2026-04-20 07:40:08.505561,2026-04-20 07:40:08.505561,logs+mt_match,0.0,24,24.0,,Collapsed timestamp,collapsed_timestamp,collapsed_timestamp,Excluded from genuine SLA KPI (migration-collapsed timestamps),Reconstructed SLA from ticket_logs lifecycle + issue_types.sla_hours (NOT verified app formula)
d0bb547e-b1b5-627c-5559-53e6b377e3e4,77c3a6fd-4651-d880-29aa-abd19c8324df,d76dd3bd-ccb7-4991-a01f-ce158dfe908e,Plumbing,d2b6ece0-395c-4c27-9667-6d7ce50b417c,2026-04-20 07:40:08.505561,2026-04-20 07:40:08.505561,logs+mt_match,0.0,24,24.0,,Collapsed timestamp,collapsed_timestamp,collapsed_timestamp,Excluded from genuine SLA KPI (migration-collapsed timestamps),Reconstructed SLA from ticket_logs lifecycle + issue_types.sla_hours (NOT verified app formula)
39303148-fb33-05ae-a87c-0e4f44503f2e,77c3a6fd-4651-d880-29aa-abd19c8324df,d76dd3bd-ccb7-4991-a01f-ce158dfe908e,Plumbing,d2b6ece0-395c-4c27-9667-6d7ce50b417c,2026-04-20 07:40:08.505561,2026-04-20 07:40:08.505561,logs+mt_match,0.0,24,24.0,,Collapsed timestamp,collapsed_timestamp,collapsed_timestamp,Excluded from genuine SLA KPI (migration-collapsed timestamps),Reconstructed SLA from ticket_logs lifecycle + issue_types.sla_hours (NOT verified app formula)
1343d3e0-662a-f1f6-4efa-dbdac1db41b9,77c3a6fd-4651-d880-29aa-abd19c8324df,01208ba1-4225-4a61-be39-3afe03dad690,RO Water Issues,d2b6ece0-395c-4c27-9667-6d7ce50b417c,2026-04-20 07:40:08.505561,2026-04-20 07:40:08.505561,logs+mt_match,0.0,6,6.0,,Collapsed timestamp,collapsed_timestamp,collapsed_timestamp,Excluded from genuine SLA KPI (migration-collapsed timestamps),Reconstructed SLA from ticket_logs lifecycle + issue_types.sla_hours (NOT verified app formula)
46a341b3-6984-6efc-f4b9-af7acc22228e,77c3a6fd-4651-d880-29aa-abd19c8324df,d76dd3bd-ccb7-4991-a01f-ce158dfe908e,Plumbing,e213d0c5-7de3-4f91-b5d4-cda0cd2ade6c,2026-04-20 07:40:08.505561,2026-04-20 07:40:08.505561,logs+mt_match,0.0,24,24.0,,Collapsed timestamp,collapsed_timestamp,collapsed_timestamp,Excluded from genuine SLA KPI (migration-collapsed timestamps),Reconstructed SLA from ticket_logs lifecycle + issue_types.sla_hours (NOT verified app formula)
ceaf797f-d3ee-4198-0e34-827df4c659ff,77c3a6fd-4651-d880-29aa-abd19c8324df,a5831922-eaeb-48c2-941c-fd96fae8813d,AC Issues,e213d0c5-7de3-4f91-b5d4-cda0cd2ade6c,2026-04-20 07:40:08.505561,2026-04-20 07:40:08.505561,logs+mt_match,0.0,12,12.0,,Collapsed timestamp,collapsed_timestamp,collapsed_timestamp,Excluded from genuine SLA KPI (migration-collapsed timestamps),Reconstructed SLA from ticket_logs lifecycle + issue_types.sla_hours (NOT verified app formula)
5fef2cd7-c5d2-41ce-c610-e92463d0cd20,77c3a6fd-4651-d880-29aa-abd19c8324df,d76dd3bd-ccb7-4991-a01f-ce158dfe908e,Plumbing,d2b6ece0-395c-4c27-9667-6d7ce50b417c,2026-04-20 07:40:08.505561,2026-04-20 07:40:08.505561,logs+mt_match,0.0,24,24.0,,Collapsed timestamp,collapsed_timestamp,collapsed_timestamp,Excluded from genuine SLA KPI (migration-collapsed timestamps),Reconstructed SLA from ticket_logs lifecycle + issue_types.sla_hours (NOT verified app formula)
cc29e194-f2c7-a160-4f8a-1054aea369c7,77c3a6fd-4651-d880-29aa-abd19c8324df,a5831922-eaeb-48c2-941c-fd96fae8813d,AC Issues,bd081ad6-5fe3-4c1d-a919-81b1055efa19,2026-04-20 07:40:08.505561,2026-04-20 07:40:08.505561,logs+mt_match,0.0,12,12.0,,Collapsed timestamp,collapsed_timestamp,collapsed_timestamp,Excluded from genuine SLA KPI (migration-collapsed timestamps),Reconstructed SLA from ticket_logs lifecycle + issue_types.sla_hours (NOT verified app formula)
07ca5293-2777-3e16-9b23-ea4ecf5b881e,ffbd5fe0-d9b3-cb55-cfd7-2d72a3498109,28158382-d5c1-436c-927b-3e3d9855c2af,Electrical Issues,d2b6ece0-395c-4c27-9667-6d7ce50b417c,2026-04-20 07:40:08.505561,2026-04-20 07:40:08.505561,logs+mt_match,0.0,6,6.0,,Collapsed timestamp,collapsed_timestamp,collapsed_timestamp,Excluded from genuine SLA KPI (migration-collapsed timestamps),Reconstructed SLA from ticket_logs lifecycle + issue_types.sla_hours (NOT verified app formula)
4cd40f9b-bb6c-13c2-9d3c-c9c28be825f2,ffbd5fe0-d9b3-cb55-cfd7-2d72a3498109,47389994-b201-4bb1-bf91-8bce4dbde510,Other,d2b6ece0-395c-4c27-9667-6d7ce50b417c,2026-04-20 07:40:08.505561,2026-04-20 07:40:08.505561,logs+mt_match,0.0,24,24.0,,Collapsed timestamp,collapsed_timestamp,collapsed_timestamp,Excluded from genuine SLA KPI (migration-collapsed timestamps),Reconstructed SLA from ticket_logs lifecycle + issue_types.sla_hours (NOT verified app formula)
04962a31-7e9f-26df-9c86-6d787aeb69ad,ffbd5fe0-d9b3-cb55-cfd7-2d72a3498109,28158382-d5c1-436c-927b-3e3d9855c2af,Electrical Issues,d2b6ece0-395c-4c27-9667-6d7ce50b417c,2026-04-20 07:40:08.505561,2026-04-20 07:40:08.505561,logs+mt_match,0.0,6,6.0,,Collapsed timestamp,collapsed_timestamp,collapsed_timestamp,Excluded from genuine SLA KPI (migration-collapsed timestamps),Reconstructed SLA from ticket_logs lifecycle + issue_types.sla_hours (NOT verified app formula)
1bcce9be-ab68-8fc7-6ddb-b30c01ab984b,ffbd5fe0-d9b3-cb55-cfd7-2d72a3498109,a5831922-eaeb-48c2-941c-fd96fae8813d,AC Issues,d2b6ece0-395c-4c27-9667-6d7ce50b417c,2026-04-20 07:40:08.505561,2026-04-20 07:40:08.505561,logs+mt_match,0.0,12,12.0,,Collapsed timestamp,collapsed_timestamp,collapsed_timestamp,Excluded from genuine SLA KPI (migration-collapsed timestamps),Reconstructed SLA from ticket_logs lifecycle + issue_types.sla_hours (NOT verified app formula)
7b4ec106-b4d2-ceaf-4938-59f0fc3b81b4,ffbd5fe0-d9b3-cb55-cfd7-2d72a3498109,47389994-b201-4bb1-bf91-8bce4dbde510,Other,e213d0c5-7de3-4f91-b5d4-cda0cd2ade6c,2026-04-20 07:40:08.505561,2026-04-20 07:40:08.505561,logs+mt_match,0.0,24,24.0,,Collapsed timestamp,collapsed_timestamp,collapsed_timestamp,Excluded from genuine SLA KPI (migration-collapsed timestamps),Reconstructed SLA from ticket_logs lifecycle + issue_types.sla_hours (NOT verified app formula)
399d8292-331b-912a-28bb-50674faae87e,ffbd5fe0-d9b3-cb55-cfd7-2d72a3498109,a5831922-eaeb-48c2-941c-fd96fae8813d,AC Issues,d2b6ece0-395c-4c27-9667-6d7ce50b417c,2026-04-20 07:40:08.505561,2026-04-20 07:40:08.505561,logs+mt_match,0.0,12,12.0,,Collapsed timestamp,collapsed_timestamp,collapsed_timestamp,Excluded from genuine SLA KPI (migration-collapsed timestamps),Reconstructed SLA from ticket_logs lifecycle + issue_types.sla_hours (NOT verified app formula)
d3d64a71-5d62-0674-6fe7-29c2a1605089,ffbd5fe0-d9b3-cb55-cfd7-2d72a3498109,47389994-b201-4bb1-bf91-8bce4dbde510,Other,d2b6ece0-395c-4c27-9667-6d7ce50b417c,2026-04-20 07:40:08.505561,2026-04-20 07:40:08.505561,logs+mt_match,0.0,24,24.0,,Collapsed timestamp,collapsed_timestamp,collapsed_timestamp,Excluded from genuine SLA KPI (migration-collapsed timestamps),Reconstructed SLA from ticket_logs lifecycle + issue_types.sla_hours (NOT verified app formula)
d667ecae-ad30-7f56-4353-ac60328b5e2a,0a839c14-2a88-9896-c2f2-8d51fe610405,7917cc13-aaca-4558-a2c2-8be5cd8fc159,Internet Issues,d2b6ece0-395c-4c27-9667-6d7ce50b417c,2026-04-20 07:40:08.505561,2026-04-20 07:40:08.505561,logs+mt_match,0.0,6,6.0,,Collapsed timestamp,collapsed_timestamp,collapsed_timestamp,Excluded from genuine SLA KPI (migration-collapsed timestamps),Reconstructed SLA from ticket_logs lifecycle + issue_types.sla_hours (NOT verified app formula)
2aaa84fc-cda7-95e1-9e7a-0036868a5b30,0a839c14-2a88-9896-c2f2-8d51fe610405,47389994-b201-4bb1-bf91-8bce4dbde510,Other,d2b6ece0-395c-4c27-9667-6d7ce50b417c,2026-04-20 07:40:08.505561,2026-04-20 07:40:08.505561,logs+mt_match,0.0,24,24.0,,Collapsed timestamp,collapsed_timestamp,collapsed_timestamp,Excluded from genuine SLA KPI (migration-collapsed timestamps),Reconstructed SLA from ticket_logs lifecycle + issue_types.sla_hours (NOT verified app formula)
c38f19a3-aee5-951e-eed6-d03a0e5f1269,0a839c14-2a88-9896-c2f2-8d51fe610405,01208ba1-4225-4a61-be39-3afe03dad690,RO Water Issues,d2b6ece0-395c-4c27-9667-6d7ce50b417c,2026-04-20 07:40:08.505561,2026-04-20 07:40:08.505561,logs+mt_match,0.0,6,6.0,,Collapsed timestamp,collapsed_timestamp,collapsed_timestamp,Excluded from genuine SLA KPI (migration-collapsed timestamps),Reconstructed SLA from ticket_logs lifecycle + issue_types.sla_hours (NOT verified app formula)
7115c973-7e6f-e003-5c75-3b4fb2e807e2,0a839c14-2a88-9896-c2f2-8d51fe610405,d76dd3bd-ccb7-4991-a01f-ce158dfe908e,Plumbing,d2b6ece0-395c-4c27-9667-6d7ce50b417c,2026-04-20 07:40:08.505561,2026-04-20 07:40:08.505561,logs+mt_match,0.0,24,24.0,,Collapsed timestamp,collapsed_timestamp,collapsed_timestamp,Excluded from genuine SLA KPI (migration-collapsed timestamps),Reconstructed SLA from ticket_logs lifecycle + issue_types.sla_hours (NOT verified app formula)
f0f69534-94b0-a650-d80d-135356da12fb,0a839c14-2a88-9896-c2f2-8d51fe610405,ec405235-70e9-407e-9aa2-b877f8f36af8,Fridge Issues,e213d0c5-7de3-4f91-b5d4-cda0cd2ade6c,2026-04-20 07:40:08.505561,2026-04-20 07:40:08.505561,logs+mt_match,0.0,12,12.0,,Collapsed timestamp,collapsed_timestamp,collapsed_timestamp,Excluded from genuine SLA KPI (migration-collapsed timestamps),Reconstructed SLA from ticket_logs lifecycle + issue_types.sla_hours (NOT verified app formula)
fe24cfe4-0753-749a-0039-82760b6ecc79,0a839c14-2a88-9896-c2f2-8d51fe610405,a5831922-eaeb-48c2-941c-fd96fae8813d,AC Issues,e213d0c5-7de3-4f91-b5d4-cda0cd2ade6c,2026-04-20 07:40:08.505561,2026-04-20 07:40:08.505561,logs+mt_match,0.0,12,12.0,,Collapsed timestamp,collapsed_timestamp,collapsed_timestamp,Excluded from genuine SLA KPI (migration-collapsed timestamps),Reconstructed SLA from ticket_logs lifecycle + issue_types.sla_hours (NOT verified app formula)
a212b27f-92ed-857a-77b3-a26d9e0f652c,0a839c14-2a88-9896-c2f2-8d51fe610405,47389994-b201-4bb1-bf91-8bce4dbde510,Other,e213d0c5-7de3-4f91-b5d4-cda0cd2ade6c,2026-04-20 07:40:08.505561,2026-04-20 07:40:08.505561,logs+mt_match,0.0,24,24.0,,Collapsed timestamp,collapsed_timestamp,collapsed_timestamp,Excluded from genuine SLA KPI (migration-collapsed timestamps),Reconstructed SLA from ticket_logs lifecycle + issue_types.sla_hours (NOT verified app formula)
75f53352-8d66-6e0b-5432-d0b1f5cdcf5d,0a839c14-2a88-9896-c2f2-8d51fe610405,a5831922-eaeb-48c2-941c-fd96fae8813d,AC Issues,d2b6ece0-395c-4c27-9667-6d7ce50b417c,2026-04-20 07:40:08.505561,2026-04-20 07:40:08.505561,logs+mt_match,0.0,12,12.0,,Collapsed timestamp,collapsed_timestamp,collapsed_timestamp,Excluded from genuine SLA KPI (migration-collapsed timestamps),Reconstructed SLA from ticket_logs lifecycle + issue_types.sla_hours (NOT verified app formula)
20dd9eba-2697-f9a5-66fe-67bc7809db5a,0a839c14-2a88-9896-c2f2-8d51fe610405,f3614e6e-8394-40cd-bbb3-b1f78e9f17c2,Billing Issues,e213d0c5-7de3-4f91-b5d4-cda0cd2ade6c,2026-04-20 07:40:08.505561,2026-04-20 07:40:08.505561,logs+mt_match,0.0,24,24.0,,Collapsed timestamp,collapsed_timestamp,collapsed_timestamp,Excluded from genuine SLA KPI (migration-collapsed timestamps),Reconstructed SLA from ticket_logs lifecycle + issue_types.sla_hours (NOT verified app formula)
3e94b85f-789e-6568-b2fa-09c6b9f029fc,0a839c14-2a88-9896-c2f2-8d51fe610405,f3614e6e-8394-40cd-bbb3-b1f78e9f17c2,Billing Issues,e213d0c5-7de3-4f91-b5d4-cda0cd2ade6c,2026-04-20 07:40:08.505561,2026-04-20 07:40:08.505561,logs+mt_match,0.0,24,24.0,,Collapsed timestamp,collapsed_timestamp,collapsed_timestamp,Excluded from genuine SLA KPI (migration-collapsed timestamps),Reconstructed SLA from ticket_logs lifecycle + issue_types.sla_hours (NOT verified app formula)
c7d320ae-173d-0678-125c-952d6d2e27b3,0a839c14-2a88-9896-c2f2-8d51fe610405,d76dd3bd-ccb7-4991-a01f-ce158dfe908e,Plumbing,e213d0c5-7de3-4f91-b5d4-cda0cd2ade6c,2026-04-20 07:40:08.505561,2026-04-20 07:40:08.505561,logs+mt_match,0.0,24,24.0,,Collapsed timestamp,collapsed_timestamp,collapsed_timestamp,Excluded from genuine SLA KPI (migration-collapsed timestamps),Reconstructed SLA from ticket_logs lifecycle + issue_types.sla_hours (NOT verified app formula)
35f03b5e-ed32-9da7-723d-c55a6e237448,0a839c14-2a88-9896-c2f2-8d51fe610405,abc84f5b-a950-406e-ab46-cefbe11df925,Cleaning Issues,d2b6ece0-395c-4c27-9667-6d7ce50b417c,2026-04-20 07:40:08.505561,2026-04-20 07:40:08.505561,logs+mt_match,0.0,4,4.0,,Collapsed timestamp,collapsed_timestamp,collapsed_timestamp,Excluded from genuine SLA KPI (migration-collapsed timestamps),Reconstructed SLA from ticket_logs lifecycle + issue_types.sla_hours (NOT verified app formula)
a3c545a1-0dc6-685a-c0cc-0f35b3c125a5,0a839c14-2a88-9896-c2f2-8d51fe610405,47389994-b201-4bb1-bf91-8bce4dbde510,Other,e213d0c5-7de3-4f91-b5d4-cda0cd2ade6c,2026-04-20 07:40:08.505561,2026-04-20 07:40:08.505561,logs+mt_match,0.0,24,24.0,,Collapsed timestamp,collapsed_timestamp,collapsed_timestamp,Excluded from genuine SLA KPI (migration-collapsed timestamps),Reconstructed SLA from ticket_logs lifecycle + issue_types.sla_hours (NOT verified app formula)
c9336ea3-3cf8-4337-4133-60731a85ef41,ffbd5fe0-d9b3-cb55-cfd7-2d72a3498109,28158382-d5c1-436c-927b-3e3d9855c2af,Electrical Issues,e213d0c5-7de3-4f91-b5d4-cda0cd2ade6c,2026-04-20 07:40:08.505561,2026-04-20 07:40:08.505561,logs+mt_match,0.0,6,6.0,,Collapsed timestamp,collapsed_timestamp,collapsed_timestamp,Excluded from genuine SLA KPI (migration-collapsed timestamps),Reconstructed SLA from ticket_logs lifecycle + issue_types.sla_hours (NOT verified app formula)
272f0d92-688b-090a-9859-a3de84de0135,8767525e-d22f-a295-bc29-ba104fdc589a,01208ba1-4225-4a61-be39-3afe03dad690,RO Water Issues,e213d0c5-7de3-4f91-b5d4-cda0cd2ade6c,2026-04-20 07:40:08.505561,2026-04-20 07:40:08.505561,logs+mt_match,0.0,6,6.0,,Collapsed timestamp,collapsed_timestamp,collapsed_timestamp,Excluded from genuine SLA KPI (migration-collapsed timestamps),Reconstructed SLA from ticket_logs lifecycle + issue_types.sla_hours (NOT verified app formula)
5a4e7d25-05b9-6a79-7ddc-7b359e089390,8767525e-d22f-a295-bc29-ba104fdc589a,01208ba1-4225-4a61-be39-3afe03dad690,RO Water Issues,e213d0c5-7de3-4f91-b5d4-cda0cd2ade6c,2026-04-20 07:40:08.505561,2026-04-20 07:40:08.505561,logs+mt_match,0.0,6,6.0,,Collapsed timestamp,collapsed_timestamp,collapsed_timestamp,Excluded from genuine SLA KPI (migration-collapsed timestamps),Reconstructed SLA from ticket_logs lifecycle + issue_types.sla_hours (NOT verified app formula)
fa7f2f86-209a-b3e7-1c29-8c2351e2d432,bde00681-ebfc-ef38-4f6e-4906a012de6b,47389994-b201-4bb1-bf91-8bce4dbde510,Other,d2b6ece0-395c-4c27-9667-6d7ce50b417c,2026-04-20 07:40:08.505561,2026-04-20 07:40:08.505561,logs+mt_match,0.0,24,24.0,,Collapsed timestamp,collapsed_timestamp,collapsed_timestamp,Excluded from genuine SLA KPI (migration-collapsed timestamps),Reconstructed SLA from ticket_logs lifecycle + issue_types.sla_hours (NOT verified app formula)
000ecd4e-efeb-8b6a-1011-b861a148ab95,bde00681-ebfc-ef38-4f6e-4906a012de6b,47389994-b201-4bb1-bf91-8bce4dbde510,Other,e213d0c5-7de3-4f91-b5d4-cda0cd2ade6c,2026-04-20 07:40:08.505561,2026-04-20 07:40:08.505561,logs+mt_match,0.0,24,24.0,,Collapsed timestamp,collapsed_timestamp,collapsed_timestamp,Excluded from genuine SLA KPI (migration-collapsed timestamps),Reconstructed SLA from ticket_logs lifecycle + issue_types.sla_hours (NOT verified app formula)
525759ba-bfa8-cafb-f399-0bd166f512e4,9d5d0096-0b78-a663-1142-be871dfa2bda,47389994-b201-4bb1-bf91-8bce4dbde510,Other,d2b6ece0-395c-4c27-9667-6d7ce50b417c,2026-04-20 07:40:08.505561,2026-04-20 07:40:08.505561,logs+mt_match,0.0,24,24.0,,Collapsed timestamp,collapsed_timestamp,collapsed_timestamp,Excluded from genuine SLA KPI (migration-collapsed timestamps),Reconstructed SLA from ticket_logs lifecycle + issue_types.sla_hours (NOT verified app formula)
a834794b-c55c-955a-d7ed-17c88725bea0,9d5d0096-0b78-a663-1142-be871dfa2bda,a5831922-eaeb-48c2-941c-fd96fae8813d,AC Issues,d2b6ece0-395c-4c27-9667-6d7ce50b417c,2026-04-20 07:40:08.505561,2026-04-20 07:40:08.505561,logs+mt_match,0.0,12,12.0,,Collapsed timestamp,collapsed_timestamp,collapsed_timestamp,Excluded from genuine SLA KPI (migration-collapsed timestamps),Reconstructed SLA from ticket_logs lifecycle + issue_types.sla_hours (NOT verified app formula)
710e45cb-8cc5-3423-494f-45d44e23a495,9d5d0096-0b78-a663-1142-be871dfa2bda,e2aa2aaa-8af6-4807-9a4e-7665c5421eed,Furniture,d2b6ece0-395c-4c27-9667-6d7ce50b417c,2026-04-20 07:40:08.505561,2026-04-20 07:40:08.505561,logs+mt_match,0.0,24,24.0,,Collapsed timestamp,collapsed_timestamp,collapsed_timestamp,Excluded from genuine SLA KPI (migration-collapsed timestamps),Reconstructed SLA from ticket_logs lifecycle + issue_types.sla_hours (NOT verified app formula)
aa1a4e43-abeb-1420-46d8-ee2a7476c868,9d5d0096-0b78-a663-1142-be871dfa2bda,47389994-b201-4bb1-bf91-8bce4dbde510,Other,d2b6ece0-395c-4c27-9667-6d7ce50b417c,2026-04-20 07:40:08.505561,2026-04-20 07:40:08.505561,logs+mt_match,0.0,24,24.0,,Collapsed timestamp,collapsed_timestamp,collapsed_timestamp,Excluded from genuine SLA KPI (migration-collapsed timestamps),Reconstructed SLA from ticket_logs lifecycle + issue_types.sla_hours (NOT verified app formula)
3514fadd-6adf-e82d-b42f-5b5b1cfee140,9d5d0096-0b78-a663-1142-be871dfa2bda,a5831922-eaeb-48c2-941c-fd96fae8813d,AC Issues,d2b6ece0-395c-4c27-9667-6d7ce50b417c,2026-04-20 07:40:08.505561,2026-04-20 07:40:08.505561,logs+mt_match,0.0,12,12.0,,Collapsed timestamp,collapsed_timestamp,collapsed_timestamp,Excluded from genuine SLA KPI (migration-collapsed timestamps),Reconstructed SLA from ticket_logs lifecycle + issue_types.sla_hours (NOT verified app formula)
d87fb98a-2c29-3aa7-b73f-6e66c6816daa,9d5d0096-0b78-a663-1142-be871dfa2bda,e2aa2aaa-8af6-4807-9a4e-7665c5421eed,Furniture,d2b6ece0-395c-4c27-9667-6d7ce50b417c,2026-04-20 07:40:08.505561,2026-04-20 07:40:08.505561,logs+mt_match,0.0,24,24.0,,Collapsed timestamp,collapsed_timestamp,collapsed_timestamp,Excluded from genuine SLA KPI (migration-collapsed timestamps),Reconstructed SLA from ticket_logs lifecycle + issue_types.sla_hours (NOT verified app formula)
d16c55ca-5726-898b-d70a-868dd7c1c3e9,9d5d0096-0b78-a663-1142-be871dfa2bda,d76dd3bd-ccb7-4991-a01f-ce158dfe908e,Plumbing,d2b6ece0-395c-4c27-9667-6d7ce50b417c,2026-04-20 07:40:08.505561,2026-04-20 07:40:08.505561,logs+mt_match,0.0,24,24.0,,Collapsed timestamp,collapsed_timestamp,collapsed_timestamp,Excluded from genuine SLA KPI (migration-collapsed timestamps),Reconstructed SLA from ticket_logs lifecycle + issue_types.sla_hours (NOT verified app formula)
6a2bec8f-cf3f-bcb6-2628-0a65c6101104,49ed1c8e-3653-c89b-ec74-16d8e20bb923,a5831922-eaeb-48c2-941c-fd96fae8813d,AC Issues,d2b6ece0-395c-4c27-9667-6d7ce50b417c,2026-04-20 07:40:08.505561,2026-04-20 07:40:08.505561,logs+mt_match,0.0,12,12.0,,Collapsed timestamp,collapsed_timestamp,collapsed_timestamp,Excluded from genuine SLA KPI (migration-collapsed timestamps),Reconstructed SLA from ticket_logs lifecycle + issue_types.sla_hours (NOT verified app formula)
a1737b82-8efb-1c81-fd17-e3e4925e34d2,49ed1c8e-3653-c89b-ec74-16d8e20bb923,47389994-b201-4bb1-bf91-8bce4dbde510,Other,e213d0c5-7de3-4f91-b5d4-cda0cd2ade6c,2026-04-20 07:40:08.505561,2026-04-20 07:40:08.505561,logs+mt_match,0.0,24,24.0,,Collapsed timestamp,collapsed_timestamp,collapsed_timestamp,Excluded from genuine SLA KPI (migration-collapsed timestamps),Reconstructed SLA from ticket_logs lifecycle + issue_types.sla_hours (NOT verified app formula)
f94be875-b53d-855e-3154-8cd7462d6682,49ed1c8e-3653-c89b-ec74-16d8e20bb923,01208ba1-4225-4a61-be39-3afe03dad690,RO Water Issues,e213d0c5-7de3-4f91-b5d4-cda0cd2ade6c,2026-04-20 07:40:08.505561,2026-04-20 07:40:08.505561,logs+mt_match,0.0,6,6.0,,Collapsed timestamp,collapsed_timestamp,collapsed_timestamp,Excluded from genuine SLA KPI (migration-collapsed timestamps),Reconstructed SLA from ticket_logs lifecycle + issue_types.sla_hours (NOT verified app formula)
cf513d7d-2a03-f7be-f560-270f77ced0d2,49ed1c8e-3653-c89b-ec74-16d8e20bb923,e2aa2aaa-8af6-4807-9a4e-7665c5421eed,Furniture,d2b6ece0-395c-4c27-9667-6d7ce50b417c,2026-04-20 07:40:08.505561,2026-04-20 07:40:08.505561,logs+mt_match,0.0,24,24.0,,Collapsed timestamp,collapsed_timestamp,collapsed_timestamp,Excluded from genuine SLA KPI (migration-collapsed timestamps),Reconstructed SLA from ticket_logs lifecycle + issue_types.sla_hours (NOT verified app formula)
37b44064-8cea-80be-279a-6cf16d20c97c,b0d4d2c8-f6ee-bc16-ffd7-fc33c8db8571,28158382-d5c1-436c-927b-3e3d9855c2af,Electrical Issues,d2b6ece0-395c-4c27-9667-6d7ce50b417c,2026-04-20 07:40:08.505561,2026-04-20 07:40:08.505561,logs+mt_match,0.0,6,6.0,,Collapsed timestamp,collapsed_timestamp,collapsed_timestamp,Excluded from genuine SLA KPI (migration-collapsed timestamps),Reconstructed SLA from ticket_logs lifecycle + issue_types.sla_hours (NOT verified app formula)
1054b931-6258-e04c-6cbe-223161c1d0be,b0d4d2c8-f6ee-bc16-ffd7-fc33c8db8571,d76dd3bd-ccb7-4991-a01f-ce158dfe908e,Plumbing,d2b6ece0-395c-4c27-9667-6d7ce50b417c,2026-04-20 07:40:08.505561,2026-04-20 07:40:08.505561,logs+mt_match,0.0,24,24.0,,Collapsed timestamp,collapsed_timestamp,collapsed_timestamp,Excluded from genuine SLA KPI (migration-collapsed timestamps),Reconstructed SLA from ticket_logs lifecycle + issue_types.sla_hours (NOT verified app formula)
67c6eb85-b7d3-687e-b269-33e78554a2fe,b0d4d2c8-f6ee-bc16-ffd7-fc33c8db8571,28158382-d5c1-436c-927b-3e3d9855c2af,Electrical Issues,d2b6ece0-395c-4c27-9667-6d7ce50b417c,2026-04-20 07:40:08.505561,2026-04-20 07:40:08.505561,logs+mt_match,0.0,6,6.0,,Collapsed timestamp,collapsed_timestamp,collapsed_timestamp,Excluded from genuine SLA KPI (migration-collapsed timestamps),Reconstructed SLA from ticket_logs lifecycle + issue_types.sla_hours (NOT verified app formula)
473cffe2-6679-00f5-c199-450fca59dda6,b0d4d2c8-f6ee-bc16-ffd7-fc33c8db8571,28158382-d5c1-436c-927b-3e3d9855c2af,Electrical Issues,d2b6ece0-395c-4c27-9667-6d7ce50b417c,2026-04-20 07:40:08.505561,2026-04-20 07:40:08.505561,logs+mt_match,0.0,6,6.0,,Collapsed timestamp,collapsed_timestamp,collapsed_timestamp,Excluded from genuine SLA KPI (migration-collapsed timestamps),Reconstructed SLA from ticket_logs lifecycle + issue_types.sla_hours (NOT verified app formula)
e789a249-4377-8723-2e82-7e0d74c4c214,b0d4d2c8-f6ee-bc16-ffd7-fc33c8db8571,47389994-b201-4bb1-bf91-8bce4dbde510,Other,d2b6ece0-395c-4c27-9667-6d7ce50b417c,2026-04-20 07:40:08.505561,2026-04-20 07:40:08.505561,logs+mt_match,0.0,24,24.0,,Collapsed timestamp,collapsed_timestamp,collapsed_timestamp,Excluded from genuine SLA KPI (migration-collapsed timestamps),Reconstructed SLA from ticket_logs lifecycle + issue_types.sla_hours (NOT verified app formula)
95f8cf49-fc82-79cb-a2e0-c4fb2da6992f,b0d4d2c8-f6ee-bc16-ffd7-fc33c8db8571,a5831922-eaeb-48c2-941c-fd96fae8813d,AC Issues,d2b6ece0-395c-4c27-9667-6d7ce50b417c,2026-04-20 07:40:08.505561,2026-04-20 07:40:08.505561,logs+mt_match,0.0,12,12.0,,Collapsed timestamp,collapsed_timestamp,collapsed_timestamp,Excluded from genuine SLA KPI (migration-collapsed timestamps),Reconstructed SLA from ticket_logs lifecycle + issue_types.sla_hours (NOT verified app formula)
3b755d32-0f1a-6810-0e79-907e3d062ab3,b0d4d2c8-f6ee-bc16-ffd7-fc33c8db8571,47389994-b201-4bb1-bf91-8bce4dbde510,Other,d2b6ece0-395c-4c27-9667-6d7ce50b417c,2026-04-20 07:40:08.505561,2026-04-20 07:40:08.505561,logs+mt_match,0.0,24,24.0,,Collapsed timestamp,collapsed_timestamp,collapsed_timestamp,Excluded from genuine SLA KPI (migration-collapsed timestamps),Reconstructed SLA from ticket_logs lifecycle + issue_types.sla_hours (NOT verified app formula)
4d723aeb-5e07-1412-05d5-b19e242c249b,b0d4d2c8-f6ee-bc16-ffd7-fc33c8db8571,e2aa2aaa-8af6-4807-9a4e-7665c5421eed,Furniture,e213d0c5-7de3-4f91-b5d4-cda0cd2ade6c,2026-04-20 07:40:08.505561,2026-04-20 07:40:08.505561,logs+mt_match,0.0,24,24.0,,Collapsed timestamp,collapsed_timestamp,collapsed_timestamp,Excluded from genuine SLA KPI (migration-collapsed timestamps),Reconstructed SLA from ticket_logs lifecycle + issue_types.sla_hours (NOT verified app formula)
14f23ec9-b24c-6439-37b3-f63e288a2e83,b0d4d2c8-f6ee-bc16-ffd7-fc33c8db8571,a5831922-eaeb-48c2-941c-fd96fae8813d,AC Issues,e213d0c5-7de3-4f91-b5d4-cda0cd2ade6c,2026-04-20 07:40:08.505561,2026-04-20 07:40:08.505561,logs+mt_match,0.0,12,12.0,,Collapsed timestamp,collapsed_timestamp,collapsed_timestamp,Excluded from genuine SLA KPI (migration-collapsed timestamps),Reconstructed SLA from ticket_logs lifecycle + issue_types.sla_hours (NOT verified app formula)
8880f2fd-e054-2496-7d85-79927381fb7f,b0d4d2c8-f6ee-bc16-ffd7-fc33c8db8571,caf6381e-5189-4c1f-bf0a-4dfd99d9b9e7,Washing machine Issue,e213d0c5-7de3-4f91-b5d4-cda0cd2ade6c,2026-04-20 07:40:08.505561,2026-04-20 07:40:08.505561,logs+mt_match,0.0,24,24.0,,Collapsed timestamp,collapsed_timestamp,collapsed_timestamp,Excluded from genuine SLA KPI (migration-collapsed timestamps),Reconstructed SLA from ticket_logs lifecycle + issue_types.sla_hours (NOT verified app formula)
a3132746-bf03-fe3a-93a2-aeb762ecfcf2,2fc42a4f-fe5a-ae08-0e4e-2c89ca71db85,e2aa2aaa-8af6-4807-9a4e-7665c5421eed,Furniture,d2b6ece0-395c-4c27-9667-6d7ce50b417c,2026-04-20 07:40:08.505561,2026-04-20 07:40:08.505561,logs+mt_match,0.0,24,24.0,,Collapsed timestamp,collapsed_timestamp,collapsed_timestamp,Excluded from genuine SLA KPI (migration-collapsed timestamps),Reconstructed SLA from ticket_logs lifecycle + issue_types.sla_hours (NOT verified app formula)
8c8d2825-6b75-cb1c-1b01-99a5cc58e3b6,2fc42a4f-fe5a-ae08-0e4e-2c89ca71db85,d76dd3bd-ccb7-4991-a01f-ce158dfe908e,Plumbing,e213d0c5-7de3-4f91-b5d4-cda0cd2ade6c,2026-04-20 07:40:08.505561,2026-04-20 07:40:08.505561,logs+mt_match,0.0,24,24.0,,Collapsed timestamp,collapsed_timestamp,collapsed_timestamp,Excluded from genuine SLA KPI (migration-collapsed timestamps),Reconstructed SLA from ticket_logs lifecycle + issue_types.sla_hours (NOT verified app formula)
becea167-181c-ea20-98a5-e457e3fc2077,2fc42a4f-fe5a-ae08-0e4e-2c89ca71db85,01208ba1-4225-4a61-be39-3afe03dad690,RO Water Issues,e213d0c5-7de3-4f91-b5d4-cda0cd2ade6c,2026-04-20 07:40:08.505561,2026-04-20 07:40:08.505561,logs+mt_match,0.0,6,6.0,,Collapsed timestamp,collapsed_timestamp,collapsed_timestamp,Excluded from genuine SLA KPI (migration-collapsed timestamps),Reconstructed SLA from ticket_logs lifecycle + issue_types.sla_hours (NOT verified app formula)
99709500-2777-735a-b86f-11644a31d6b3,2fc42a4f-fe5a-ae08-0e4e-2c89ca71db85,caf6381e-5189-4c1f-bf0a-4dfd99d9b9e7,Washing machine Issue,e213d0c5-7de3-4f91-b5d4-cda0cd2ade6c,2026-04-20 07:40:08.505561,2026-04-20 07:40:08.505561,logs+mt_match,0.0,24,24.0,,Collapsed timestamp,collapsed_timestamp,collapsed_timestamp,Excluded from genuine SLA KPI (migration-collapsed timestamps),Reconstructed SLA from ticket_logs lifecycle + issue_types.sla_hours (NOT verified app formula)
86d13ed1-e5d1-ddae-17c2-f840db540052,2fc42a4f-fe5a-ae08-0e4e-2c89ca71db85,d76dd3bd-ccb7-4991-a01f-ce158dfe908e,Plumbing,e213d0c5-7de3-4f91-b5d4-cda0cd2ade6c,2026-04-20 07:40:08.505561,2026-04-20 07:40:08.505561,logs+mt_match,0.0,24,24.0,,Collapsed timestamp,collapsed_timestamp,collapsed_timestamp,Excluded from genuine SLA KPI (migration-collapsed timestamps),Reconstructed SLA from ticket_logs lifecycle + issue_types.sla_hours (NOT verified app formula)
b558cf98-8867-7e04-f928-35170d57165f,2fc42a4f-fe5a-ae08-0e4e-2c89ca71db85,d76dd3bd-ccb7-4991-a01f-ce158dfe908e,Plumbing,e213d0c5-7de3-4f91-b5d4-cda0cd2ade6c,2026-04-20 07:40:08.505561,2026-04-20 07:40:08.505561,logs+mt_match,0.0,24,24.0,,Collapsed timestamp,collapsed_timestamp,collapsed_timestamp,Excluded from genuine SLA KPI (migration-collapsed timestamps),Reconstructed SLA from ticket_logs lifecycle + issue_types.sla_hours (NOT verified app formula)
6af2a08f-b861-2815-6c81-3e37eb606bd7,2fc42a4f-fe5a-ae08-0e4e-2c89ca71db85,caf6381e-5189-4c1f-bf0a-4dfd99d9b9e7,Washing machine Issue,e213d0c5-7de3-4f91-b5d4-cda0cd2ade6c,2026-04-20 07:40:08.505561,2026-04-20 07:40:08.505561,logs+mt_match,0.0,24,24.0,,Collapsed timestamp,collapsed_timestamp,collapsed_timestamp,Excluded from genuine SLA KPI (migration-collapsed timestamps),Reconstructed SLA from ticket_logs lifecycle + issue_types.sla_hours (NOT verified app formula)
8474a0ad-d852-096f-e93b-550654ed63ee,2fc42a4f-fe5a-ae08-0e4e-2c89ca71db85,d76dd3bd-ccb7-4991-a01f-ce158dfe908e,Plumbing,e213d0c5-7de3-4f91-b5d4-cda0cd2ade6c,2026-04-20 07:40:08.505561,2026-04-20 07:40:08.505561,logs+mt_match,0.0,24,24.0,,Collapsed timestamp,collapsed_timestamp,collapsed_timestamp,Excluded from genuine SLA KPI (migration-collapsed timestamps),Reconstructed SLA from ticket_logs lifecycle + issue_types.sla_hours (NOT verified app formula)
5fb582ea-e39e-7894-bad2-0690b24e5372,2fc42a4f-fe5a-ae08-0e4e-2c89ca71db85,a5831922-eaeb-48c2-941c-fd96fae8813d,AC Issues,d2b6ece0-395c-4c27-9667-6d7ce50b417c,2026-04-20 07:40:08.505561,2026-04-20 07:40:08.505561,logs+mt_match,0.0,12,12.0,,Collapsed timestamp,collapsed_timestamp,collapsed_timestamp,Excluded from genuine SLA KPI (migration-collapsed timestamps),Reconstructed SLA from ticket_logs lifecycle + issue_types.sla_hours (NOT verified app formula)
09f891e4-800a-9466-9d6d-901b91280d4b,2fc42a4f-fe5a-ae08-0e4e-2c89ca71db85,01208ba1-4225-4a61-be39-3afe03dad690,RO Water Issues,e213d0c5-7de3-4f91-b5d4-cda0cd2ade6c,2026-04-20 07:40:08.505561,2026-04-20 07:40:08.505561,logs+mt_match,0.0,6,6.0,,Collapsed timestamp,collapsed_timestamp,collapsed_timestamp,Excluded from genuine SLA KPI (migration-collapsed timestamps),Reconstructed SLA from ticket_logs lifecycle + issue_types.sla_hours (NOT verified app formula)
f68ef872-15fe-196e-0870-d005777d5740,2fc42a4f-fe5a-ae08-0e4e-2c89ca71db85,01208ba1-4225-4a61-be39-3afe03dad690,RO Water Issues,e213d0c5-7de3-4f91-b5d4-cda0cd2ade6c,2026-04-20 07:40:08.505561,2026-04-20 07:40:08.505561,logs+mt_match,0.0,6,6.0,,Collapsed timestamp,collapsed_timestamp,collapsed_timestamp,Excluded from genuine SLA KPI (migration-collapsed timestamps),Reconstructed SLA from ticket_logs lifecycle + issue_types.sla_hours (NOT verified app formula)
8a767531-6242-8f65-d47b-13865f23a709,2fc42a4f-fe5a-ae08-0e4e-2c89ca71db85,d76dd3bd-ccb7-4991-a01f-ce158dfe908e,Plumbing,e213d0c5-7de3-4f91-b5d4-cda0cd2ade6c,2026-04-20 07:40:08.505561,2026-04-20 07:40:08.505561,logs+mt_match,0.0,24,24.0,,Collapsed timestamp,collapsed_timestamp,collapsed_timestamp,Excluded from genuine SLA KPI (migration-collapsed timestamps),Reconstructed SLA from ticket_logs lifecycle + issue_types.sla_hours (NOT verified app formula)
36c3a9da-e0cd-c718-faf0-2ca9506f9483,2fc42a4f-fe5a-ae08-0e4e-2c89ca71db85,28158382-d5c1-436c-927b-3e3d9855c2af,Electrical Issues,a55e7168-b152-4072-8b01-0cd4b7e299ca,2026-04-20 07:40:08.505561,2026-04-20 07:40:08.505561,logs+mt_match,0.0,6,6.0,,Collapsed timestamp,collapsed_timestamp,collapsed_timestamp,Excluded from genuine SLA KPI (migration-collapsed timestamps),Reconstructed SLA from ticket_logs lifecycle + issue_types.sla_hours (NOT verified app formula)
5f906ac8-ea94-7bf1-6ab4-04c17cf1240c,990e8a3e-a69c-7b31-f606-3eeb21e3d4c6,caf6381e-5189-4c1f-bf0a-4dfd99d9b9e7,Washing machine Issue,e213d0c5-7de3-4f91-b5d4-cda0cd2ade6c,2026-04-20 07:40:08.505561,2026-04-20 07:40:08.505561,logs+mt_match,0.0,24,24.0,,Collapsed timestamp,collapsed_timestamp,collapsed_timestamp,Excluded from genuine SLA KPI (migration-collapsed timestamps),Reconstructed SLA from ticket_logs lifecycle + issue_types.sla_hours (NOT verified app formula)
4a900ffa-6511-3296-e676-cbb41bc6c6b5,990e8a3e-a69c-7b31-f606-3eeb21e3d4c6,caf6381e-5189-4c1f-bf0a-4dfd99d9b9e7,Washing machine Issue,e213d0c5-7de3-4f91-b5d4-cda0cd2ade6c,2026-04-20 07:40:08.505561,2026-04-20 07:40:08.505561,logs+mt_match,0.0,24,24.0,,Collapsed timestamp,collapsed_timestamp,collapsed_timestamp,Excluded from genuine SLA KPI (migration-collapsed timestamps),Reconstructed SLA from ticket_logs lifecycle + issue_types.sla_hours (NOT verified app formula)
cd9cb94d-c5fc-5a9e-ca80-fc2c96baa9fb,990e8a3e-a69c-7b31-f606-3eeb21e3d4c6,caf6381e-5189-4c1f-bf0a-4dfd99d9b9e7,Washing machine Issue,e213d0c5-7de3-4f91-b5d4-cda0cd2ade6c,2026-04-20 07:40:08.505561,2026-04-20 07:40:08.505561,logs+mt_match,0.0,24,24.0,,Collapsed timestamp,collapsed_timestamp,collapsed_timestamp,Excluded from genuine SLA KPI (migration-collapsed timestamps),Reconstructed SLA from ticket_logs lifecycle + issue_types.sla_hours (NOT verified app formula)
07dd8741-471c-8d37-22cc-cf68a4376187,990e8a3e-a69c-7b31-f606-3eeb21e3d4c6,47389994-b201-4bb1-bf91-8bce4dbde510,Other,e213d0c5-7de3-4f91-b5d4-cda0cd2ade6c,2026-04-20 07:40:08.505561,2026-04-20 07:40:08.505561,logs+mt_match,0.0,24,24.0,,Collapsed timestamp,collapsed_timestamp,collapsed_timestamp,Excluded from genuine SLA KPI (migration-collapsed timestamps),Reconstructed SLA from ticket_logs lifecycle + issue_types.sla_hours (NOT verified app formula)
1092389b-0072-6ff5-1052-ebd37ceed780,990e8a3e-a69c-7b31-f606-3eeb21e3d4c6,a5831922-eaeb-48c2-941c-fd96fae8813d,AC Issues,d2b6ece0-395c-4c27-9667-6d7ce50b417c,2026-04-20 07:40:08.505561,2026-04-20 07:40:08.505561,logs+mt_match,0.0,12,12.0,,Collapsed timestamp,collapsed_timestamp,collapsed_timestamp,Excluded from genuine SLA KPI (migration-collapsed timestamps),Reconstructed SLA from ticket_logs lifecycle + issue_types.sla_hours (NOT verified app formula)
c872d60e-c5fb-ab8f-cb8e-a2d141f5e637,990e8a3e-a69c-7b31-f606-3eeb21e3d4c6,a5831922-eaeb-48c2-941c-fd96fae8813d,AC Issues,d2b6ece0-395c-4c27-9667-6d7ce50b417c,2026-04-20 07:40:08.505561,2026-04-20 07:40:08.505561,logs+mt_match,0.0,12,12.0,,Collapsed timestamp,collapsed_timestamp,collapsed_timestamp,Excluded from genuine SLA KPI (migration-collapsed timestamps),Reconstructed SLA from ticket_logs lifecycle + issue_types.sla_hours (NOT verified app formula)
17548ff8-6ece-9208-3526-7668872174ca,990e8a3e-a69c-7b31-f606-3eeb21e3d4c6,28158382-d5c1-436c-927b-3e3d9855c2af,Electrical Issues,e213d0c5-7de3-4f91-b5d4-cda0cd2ade6c,2026-04-20 07:40:08.505561,2026-04-20 07:40:08.505561,logs+mt_match,0.0,6,6.0,,Collapsed timestamp,collapsed_timestamp,collapsed_timestamp,Excluded from genuine SLA KPI (migration-collapsed timestamps),Reconstructed SLA from ticket_logs lifecycle + issue_types.sla_hours (NOT verified app formula)
961ae242-f5aa-8ba5-a134-338cee740c13,990e8a3e-a69c-7b31-f606-3eeb21e3d4c6,d76dd3bd-ccb7-4991-a01f-ce158dfe908e,Plumbing,e213d0c5-7de3-4f91-b5d4-cda0cd2ade6c,2026-04-20 07:40:08.505561,2026-04-20 07:40:08.505561,logs+mt_match,0.0,24,24.0,,Collapsed timestamp,collapsed_timestamp,collapsed_timestamp,Excluded from genuine SLA KPI (migration-collapsed timestamps),Reconstructed SLA from ticket_logs lifecycle + issue_types.sla_hours (NOT verified app formula)
ea5bad9b-b2b8-ec88-b92d-0e7b1a618a6e,aa73cade-c28c-dc5b-5980-55801ea0d415,47389994-b201-4bb1-bf91-8bce4dbde510,Other,d2b6ece0-395c-4c27-9667-6d7ce50b417c,2026-04-20 07:40:08.505561,2026-04-20 07:40:08.505561,logs+mt_match,0.0,24,24.0,,Collapsed timestamp,collapsed_timestamp,collapsed_timestamp,Excluded from genuine SLA KPI (migration-collapsed timestamps),Reconstructed SLA from ticket_logs lifecycle + issue_types.sla_hours (NOT verified app formula)
3a1a56fb-b17e-4ff6-96dc-19b7cb2d6331,aa73cade-c28c-dc5b-5980-55801ea0d415,47389994-b201-4bb1-bf91-8bce4dbde510,Other,d2b6ece0-395c-4c27-9667-6d7ce50b417c,2026-04-20 07:40:08.505561,2026-04-20 07:40:08.505561,logs+mt_match,0.0,24,24.0,,Collapsed timestamp,collapsed_timestamp,collapsed_timestamp,Excluded from genuine SLA KPI (migration-collapsed timestamps),Reconstructed SLA from ticket_logs lifecycle + issue_types.sla_hours (NOT verified app formula)
e1b5db30-a002-7185-934a-a9366d36ab0a,c17c5093-48b7-139f-ebfc-1cd33ef5179c,01208ba1-4225-4a61-be39-3afe03dad690,RO Water Issues,d2b6ece0-395c-4c27-9667-6d7ce50b417c,2026-04-20 07:40:08.505561,2026-04-20 07:40:08.505561,logs+mt_match,0.0,6,6.0,,Collapsed timestamp,collapsed_timestamp,collapsed_timestamp,Excluded from genuine SLA KPI (migration-collapsed timestamps),Reconstructed SLA from ticket_logs lifecycle + issue_types.sla_hours (NOT verified app formula)
b5d43f4c-a666-ff29-d326-42d925349ecd,dc4adc21-f501-0573-2e9a-d7bbbc89e5d6,28158382-d5c1-436c-927b-3e3d9855c2af,Electrical Issues,e213d0c5-7de3-4f91-b5d4-cda0cd2ade6c,2026-04-20 07:40:08.505561,2026-04-20 07:40:08.505561,logs+mt_match,0.0,6,6.0,,Collapsed timestamp,collapsed_timestamp,collapsed_timestamp,Excluded from genuine SLA KPI (migration-collapsed timestamps),Reconstructed SLA from ticket_logs lifecycle + issue_types.sla_hours (NOT verified app formula)
e63d37e6-72be-e63c-e866-c720d54f45c3,dc4adc21-f501-0573-2e9a-d7bbbc89e5d6,a5831922-eaeb-48c2-941c-fd96fae8813d,AC Issues,e213d0c5-7de3-4f91-b5d4-cda0cd2ade6c,2026-04-20 07:40:08.505561,2026-04-20 07:40:08.505561,logs+mt_match,0.0,12,12.0,,Collapsed timestamp,collapsed_timestamp,collapsed_timestamp,Excluded from genuine SLA KPI (migration-collapsed timestamps),Reconstructed SLA from ticket_logs lifecycle + issue_types.sla_hours (NOT verified app formula)
bf3282aa-4a76-3cd6-e2e2-9a991cbf09b0,417c9738-a0f7-5a00-1091-37a9fd083dd6,28158382-d5c1-436c-927b-3e3d9855c2af,Electrical Issues,e213d0c5-7de3-4f91-b5d4-cda0cd2ade6c,2026-04-20 07:40:08.505561,2026-04-20 07:40:08.505561,logs+mt_match,0.0,6,6.0,,Collapsed timestamp,collapsed_timestamp,collapsed_timestamp,Excluded from genuine SLA KPI (migration-collapsed timestamps),Reconstructed SLA from ticket_logs lifecycle + issue_types.sla_hours (NOT verified app formula)
b0f23ed9-93bd-d3c3-c28b-b68a176da951,417c9738-a0f7-5a00-1091-37a9fd083dd6,28158382-d5c1-436c-927b-3e3d9855c2af,Electrical Issues,e213d0c5-7de3-4f91-b5d4-cda0cd2ade6c,2026-04-20 07:40:08.505561,2026-04-20 07:40:08.505561,logs+mt_match,0.0,6,6.0,,Collapsed timestamp,collapsed_timestamp,collapsed_timestamp,Excluded from genuine SLA KPI (migration-collapsed timestamps),Reconstructed SLA from ticket_logs lifecycle + issue_types.sla_hours (NOT verified app formula)
c5196469-736b-1fc9-c88f-03d0369cfc1b,417c9738-a0f7-5a00-1091-37a9fd083dd6,d76dd3bd-ccb7-4991-a01f-ce158dfe908e,Plumbing,e213d0c5-7de3-4f91-b5d4-cda0cd2ade6c,2026-04-20 07:40:08.505561,2026-04-20 07:40:08.505561,logs+mt_match,0.0,24,24.0,,Collapsed timestamp,collapsed_timestamp,collapsed_timestamp,Excluded from genuine SLA KPI (migration-collapsed timestamps),Reconstructed SLA from ticket_logs lifecycle + issue_types.sla_hours (NOT verified app formula)
d6082536-b155-c9ed-c884-34e47cfb5fd1,417c9738-a0f7-5a00-1091-37a9fd083dd6,d76dd3bd-ccb7-4991-a01f-ce158dfe908e,Plumbing,e213d0c5-7de3-4f91-b5d4-cda0cd2ade6c,2026-04-20 07:40:08.505561,2026-04-20 07:40:08.505561,logs+mt_match,0.0,24,24.0,,Collapsed timestamp,collapsed_timestamp,collapsed_timestamp,Excluded from genuine SLA KPI (migration-collapsed timestamps),Reconstructed SLA from ticket_logs lifecycle + issue_types.sla_hours (NOT verified app formula)
5b15bd91-c25b-f47b-070d-e092172bce46,417c9738-a0f7-5a00-1091-37a9fd083dd6,d76dd3bd-ccb7-4991-a01f-ce158dfe908e,Plumbing,e213d0c5-7de3-4f91-b5d4-cda0cd2ade6c,2026-04-20 07:40:08.505561,2026-04-20 07:40:08.505561,logs+mt_match,0.0,24,24.0,,Collapsed timestamp,collapsed_timestamp,collapsed_timestamp,Excluded from genuine SLA KPI (migration-collapsed timestamps),Reconstructed SLA from ticket_logs lifecycle + issue_types.sla_hours (NOT verified app formula)
eead3b6a-d489-649b-4c95-5a676786a5ad,417c9738-a0f7-5a00-1091-37a9fd083dd6,28158382-d5c1-436c-927b-3e3d9855c2af,Electrical Issues,e213d0c5-7de3-4f91-b5d4-cda0cd2ade6c,2026-04-20 07:40:08.505561,2026-04-20 07:40:08.505561,logs+mt_match,0.0,6,6.0,,Collapsed timestamp,collapsed_timestamp,collapsed_timestamp,Excluded from genuine SLA KPI (migration-collapsed timestamps),Reconstructed SLA from ticket_logs lifecycle + issue_types.sla_hours (NOT verified app formula)
1d7b9442-855e-49fc-fe9d-5936a5e94053,417c9738-a0f7-5a00-1091-37a9fd083dd6,28158382-d5c1-436c-927b-3e3d9855c2af,Electrical Issues,e213d0c5-7de3-4f91-b5d4-cda0cd2ade6c,2026-04-20 07:40:08.505561,2026-04-20 07:40:08.505561,logs+mt_match,0.0,6,6.0,,Collapsed timestamp,collapsed_timestamp,collapsed_timestamp,Excluded from genuine SLA KPI (migration-collapsed timestamps),Reconstructed SLA from ticket_logs lifecycle + issue_types.sla_hours (NOT verified app formula)
cb0122d3-b3f1-a15b-dd3b-5dd6a106344b,417c9738-a0f7-5a00-1091-37a9fd083dd6,28158382-d5c1-436c-927b-3e3d9855c2af,Electrical Issues,e213d0c5-7de3-4f91-b5d4-cda0cd2ade6c,2026-04-20 07:40:08.505561,2026-04-20 07:40:08.505561,logs+mt_match,0.0,6,6.0,,Collapsed timestamp,collapsed_timestamp,collapsed_timestamp,Excluded from genuine SLA KPI (migration-collapsed timestamps),Reconstructed SLA from ticket_logs lifecycle + issue_types.sla_hours (NOT verified app formula)
7ed612c2-7263-7df0-fef7-ca70e2346fba,417c9738-a0f7-5a00-1091-37a9fd083dd6,28158382-d5c1-436c-927b-3e3d9855c2af,Electrical Issues,e213d0c5-7de3-4f91-b5d4-cda0cd2ade6c,2026-04-20 07:40:08.505561,2026-04-20 07:40:08.505561,logs+mt_match,0.0,6,6.0,,Collapsed timestamp,collapsed_timestamp,collapsed_timestamp,Excluded from genuine SLA KPI (migration-collapsed timestamps),Reconstructed SLA from ticket_logs lifecycle + issue_types.sla_hours (NOT verified app formula)
b4b139c4-5f07-df8d-4dde-e0de3838a827,10c6863d-07c3-4fc4-94f9-6adc29157ce1,01208ba1-4225-4a61-be39-3afe03dad690,RO Water Issues,d2b6ece0-395c-4c27-9667-6d7ce50b417c,2026-04-20 07:40:08.505561,2026-04-20 07:40:08.505561,logs+mt_match,0.0,6,6.0,,Collapsed timestamp,collapsed_timestamp,collapsed_timestamp,Excluded from genuine SLA KPI (migration-collapsed timestamps),Reconstructed SLA from ticket_logs lifecycle + issue_types.sla_hours (NOT verified app formula)
9bb84a51-aad1-34e8-c0ce-27ce36e92c88,10c6863d-07c3-4fc4-94f9-6adc29157ce1,7917cc13-aaca-4558-a2c2-8be5cd8fc159,Internet Issues,d2b6ece0-395c-4c27-9667-6d7ce50b417c,2026-04-20 07:40:08.505561,2026-04-20 07:40:08.505561,logs+mt_match,0.0,6,6.0,,Collapsed timestamp,collapsed_timestamp,collapsed_timestamp,Excluded from genuine SLA KPI (migration-collapsed timestamps),Reconstructed SLA from ticket_logs lifecycle + issue_types.sla_hours (NOT verified app formula)
a32f3f1d-4037-9d92-536a-bab43993385f,10c6863d-07c3-4fc4-94f9-6adc29157ce1,47389994-b201-4bb1-bf91-8bce4dbde510,Other,e213d0c5-7de3-4f91-b5d4-cda0cd2ade6c,2026-04-20 07:40:08.505561,2026-04-20 07:40:08.505561,logs+mt_match,0.0,24,24.0,,Collapsed timestamp,collapsed_timestamp,collapsed_timestamp,Excluded from genuine SLA KPI (migration-collapsed timestamps),Reconstructed SLA from ticket_logs lifecycle + issue_types.sla_hours (NOT verified app formula)
1c7f0fd1-69b3-9974-9529-e09acef7dadf,10c6863d-07c3-4fc4-94f9-6adc29157ce1,d76dd3bd-ccb7-4991-a01f-ce158dfe908e,Plumbing,d2b6ece0-395c-4c27-9667-6d7ce50b417c,2026-04-20 07:40:08.505561,2026-04-20 07:40:08.505561,logs+mt_match,0.0,24,24.0,,Collapsed timestamp,collapsed_timestamp,collapsed_timestamp,Excluded from genuine SLA KPI (migration-collapsed timestamps),Reconstructed SLA from ticket_logs lifecycle + issue_types.sla_hours (NOT verified app formula)
ae52d7af-c890-08ff-1115-6ddd99ab2582,10c6863d-07c3-4fc4-94f9-6adc29157ce1,d76dd3bd-ccb7-4991-a01f-ce158dfe908e,Plumbing,d2b6ece0-395c-4c27-9667-6d7ce50b417c,2026-04-20 07:40:08.505561,2026-04-20 07:40:08.505561,logs+mt_match,0.0,24,24.0,,Collapsed timestamp,collapsed_timestamp,collapsed_timestamp,Excluded from genuine SLA KPI (migration-collapsed timestamps),Reconstructed SLA from ticket_logs lifecycle + issue_types.sla_hours (NOT verified app formula)
25821fed-d2cb-bc55-d48c-15dc576c0b0a,10c6863d-07c3-4fc4-94f9-6adc29157ce1,a5831922-eaeb-48c2-941c-fd96fae8813d,AC Issues,bd081ad6-5fe3-4c1d-a919-81b1055efa19,2026-04-20 07:40:08.505561,2026-04-20 07:40:08.505561,logs+mt_match,0.0,12,12.0,,Collapsed timestamp,collapsed_timestamp,collapsed_timestamp,Excluded from genuine SLA KPI (migration-collapsed timestamps),Reconstructed SLA from ticket_logs lifecycle + issue_types.sla_hours (NOT verified app formula)
9f4f582e-815e-fc9e-9c2b-1ec7aab9b567,2fc42a4f-fe5a-ae08-0e4e-2c89ca71db85,a5831922-eaeb-48c2-941c-fd96fae8813d,AC Issues,d2b6ece0-395c-4c27-9667-6d7ce50b417c,2026-04-20 07:40:08.505561,2026-04-20 07:40:08.505561,logs+mt_match,0.0,12,12.0,,Collapsed timestamp,collapsed_timestamp,collapsed_timestamp,Excluded from genuine SLA KPI (migration-collapsed timestamps),Reconstructed SLA from ticket_logs lifecycle + issue_types.sla_hours (NOT verified app formula)
145d4767-32c5-5c11-a36b-154c53174cac,2fc42a4f-fe5a-ae08-0e4e-2c89ca71db85,d76dd3bd-ccb7-4991-a01f-ce158dfe908e,Plumbing,e213d0c5-7de3-4f91-b5d4-cda0cd2ade6c,2026-04-20 07:40:08.505561,2026-04-20 07:40:08.505561,logs+mt_match,0.0,24,24.0,,Collapsed timestamp,collapsed_timestamp,collapsed_timestamp,Excluded from genuine SLA KPI (migration-collapsed timestamps),Reconstructed SLA from ticket_logs lifecycle + issue_types.sla_hours (NOT verified app formula)
a57be028-429e-3af4-38c8-28d8da1fa085,2fc42a4f-fe5a-ae08-0e4e-2c89ca71db85,abc84f5b-a950-406e-ab46-cefbe11df925,Cleaning Issues,d2b6ece0-395c-4c27-9667-6d7ce50b417c,2026-04-20 07:40:08.505561,2026-04-20 07:40:08.505561,logs+mt_match,0.0,4,4.0,,Collapsed timestamp,collapsed_timestamp,collapsed_timestamp,Excluded from genuine SLA KPI (migration-collapsed timestamps),Reconstructed SLA from ticket_logs lifecycle + issue_types.sla_hours (NOT verified app formula)
efc165ef-b485-4535-3dbe-75129cbd9f5a,10c6863d-07c3-4fc4-94f9-6adc29157ce1,28158382-d5c1-436c-927b-3e3d9855c2af,Electrical Issues,d2b6ece0-395c-4c27-9667-6d7ce50b417c,2026-04-20 07:40:08.505561,2026-04-20 07:40:08.505561,logs+mt_match,0.0,6,6.0,,Collapsed timestamp,collapsed_timestamp,collapsed_timestamp,Excluded from genuine SLA KPI (migration-collapsed timestamps),Reconstructed SLA from ticket_logs lifecycle + issue_types.sla_hours (NOT verified app formula)
b9971b18-d458-52fe-ef12-03c3e9b45284,10c6863d-07c3-4fc4-94f9-6adc29157ce1,a5831922-eaeb-48c2-941c-fd96fae8813d,AC Issues,d2b6ece0-395c-4c27-9667-6d7ce50b417c,2026-04-20 07:40:08.505561,2026-04-20 07:40:08.505561,logs+mt_match,0.0,12,12.0,,Collapsed timestamp,collapsed_timestamp,collapsed_timestamp,Excluded from genuine SLA KPI (migration-collapsed timestamps),Reconstructed SLA from ticket_logs lifecycle + issue_types.sla_hours (NOT verified app formula)
2043bae8-3194-b27c-ed6c-1f618c179f71,10c6863d-07c3-4fc4-94f9-6adc29157ce1,a5831922-eaeb-48c2-941c-fd96fae8813d,AC Issues,d2b6ece0-395c-4c27-9667-6d7ce50b417c,2026-04-20 07:40:08.505561,2026-04-20 07:40:08.505561,logs+mt_match,0.0,12,12.0,,Collapsed timestamp,collapsed_timestamp,collapsed_timestamp,Excluded from genuine SLA KPI (migration-collapsed timestamps),Reconstructed SLA from ticket_logs lifecycle + issue_types.sla_hours (NOT verified app formula)
75e91e3f-6144-f9cb-f594-d28327caa217,10c6863d-07c3-4fc4-94f9-6adc29157ce1,abc84f5b-a950-406e-ab46-cefbe11df925,Cleaning Issues,d2b6ece0-395c-4c27-9667-6d7ce50b417c,2026-04-20 07:40:08.505561,2026-04-20 07:40:08.505561,logs+mt_match,0.0,4,4.0,,Collapsed timestamp,collapsed_timestamp,collapsed_timestamp,Excluded from genuine SLA KPI (migration-collapsed timestamps),Reconstructed SLA from ticket_logs lifecycle + issue_types.sla_hours (NOT verified app formula)
796569b1-7443-bfd0-78a5-08912f5e38af,10c6863d-07c3-4fc4-94f9-6adc29157ce1,01208ba1-4225-4a61-be39-3afe03dad690,RO Water Issues,d2b6ece0-395c-4c27-9667-6d7ce50b417c,2026-04-20 07:40:08.505561,2026-04-20 07:40:08.505561,logs+mt_match,0.0,6,6.0,,Collapsed timestamp,collapsed_timestamp,collapsed_timestamp,Excluded from genuine SLA KPI (migration-collapsed timestamps),Reconstructed SLA from ticket_logs lifecycle + issue_types.sla_hours (NOT verified app formula)
97eb9168-61dc-8e8c-d494-8eee5d4011d9,03edc7c5-4c46-b55e-523d-9fb7be29910b,caf6381e-5189-4c1f-bf0a-4dfd99d9b9e7,Washing machine Issue,d2b6ece0-395c-4c27-9667-6d7ce50b417c,2026-04-20 07:40:08.505561,2026-04-20 07:40:08.505561,logs+mt_match,0.0,24,24.0,,Collapsed timestamp,collapsed_timestamp,collapsed_timestamp,Excluded from genuine SLA KPI (migration-collapsed timestamps),Reconstructed SLA from ticket_logs lifecycle + issue_types.sla_hours (NOT verified app formula)
41e93d4f-9a16-82c8-57c5-9b98854f71da,03edc7c5-4c46-b55e-523d-9fb7be29910b,a5831922-eaeb-48c2-941c-fd96fae8813d,AC Issues,d2b6ece0-395c-4c27-9667-6d7ce50b417c,2026-04-20 07:40:08.505561,2026-04-20 07:40:08.505561,logs+mt_match,0.0,12,12.0,,Collapsed timestamp,collapsed_timestamp,collapsed_timestamp,Excluded from genuine SLA KPI (migration-collapsed timestamps),Reconstructed SLA from ticket_logs lifecycle + issue_types.sla_hours (NOT verified app formula)
1cae60e8-dbb2-ce52-79bd-f0bd7fd3b0e5,03edc7c5-4c46-b55e-523d-9fb7be29910b,abc84f5b-a950-406e-ab46-cefbe11df925,Cleaning Issues,d2b6ece0-395c-4c27-9667-6d7ce50b417c,2026-04-20 07:40:08.505561,2026-04-20 07:40:08.505561,logs+mt_match,0.0,4,4.0,,Collapsed timestamp,collapsed_timestamp,collapsed_timestamp,Excluded from genuine SLA KPI (migration-collapsed timestamps),Reconstructed SLA from ticket_logs lifecycle + issue_types.sla_hours (NOT verified app formula)
014acb2c-befd-2ad4-a2a5-1b6ec4cd5c3f,03edc7c5-4c46-b55e-523d-9fb7be29910b,a5831922-eaeb-48c2-941c-fd96fae8813d,AC Issues,d2b6ece0-395c-4c27-9667-6d7ce50b417c,2026-04-20 07:40:08.505561,2026-04-20 07:40:08.505561,logs+mt_match,0.0,12,12.0,,Collapsed timestamp,collapsed_timestamp,collapsed_timestamp,Excluded from genuine SLA KPI (migration-collapsed timestamps),Reconstructed SLA from ticket_logs lifecycle + issue_types.sla_hours (NOT verified app formula)
05943b5e-03d4-8c35-5d07-33ae79c63f78,03edc7c5-4c46-b55e-523d-9fb7be29910b,01208ba1-4225-4a61-be39-3afe03dad690,RO Water Issues,d2b6ece0-395c-4c27-9667-6d7ce50b417c,2026-04-20 07:40:08.505561,2026-04-20 07:40:08.505561,logs+mt_match,0.0,6,6.0,,Collapsed timestamp,collapsed_timestamp,collapsed_timestamp,Excluded from genuine SLA KPI (migration-collapsed timestamps),Reconstructed SLA from ticket_logs lifecycle + issue_types.sla_hours (NOT verified app formula)
ce727e74-0aff-2cd2-a13a-73c3371f8b52,03edc7c5-4c46-b55e-523d-9fb7be29910b,d76dd3bd-ccb7-4991-a01f-ce158dfe908e,Plumbing,e213d0c5-7de3-4f91-b5d4-cda0cd2ade6c,2026-04-20 07:40:08.505561,2026-04-20 07:40:08.505561,logs+mt_match,0.0,24,24.0,,Collapsed timestamp,collapsed_timestamp,collapsed_timestamp,Excluded from genuine SLA KPI (migration-collapsed timestamps),Reconstructed SLA from ticket_logs lifecycle + issue_types.sla_hours (NOT verified app formula)
389711c4-a25b-9e60-494e-916051640061,03edc7c5-4c46-b55e-523d-9fb7be29910b,47389994-b201-4bb1-bf91-8bce4dbde510,Other,e213d0c5-7de3-4f91-b5d4-cda0cd2ade6c,2026-04-20 07:40:08.505561,2026-04-20 07:40:08.505561,logs+mt_match,0.0,24,24.0,,Collapsed timestamp,collapsed_timestamp,collapsed_timestamp,Excluded from genuine SLA KPI (migration-collapsed timestamps),Reconstructed SLA from ticket_logs lifecycle + issue_types.sla_hours (NOT verified app formula)
b82ee78f-e773-f4d6-adab-69b2f59fc030,03edc7c5-4c46-b55e-523d-9fb7be29910b,a5831922-eaeb-48c2-941c-fd96fae8813d,AC Issues,d2b6ece0-395c-4c27-9667-6d7ce50b417c,2026-04-20 07:40:08.505561,2026-04-20 07:40:08.505561,logs+mt_match,0.0,12,12.0,,Collapsed timestamp,collapsed_timestamp,collapsed_timestamp,Excluded from genuine SLA KPI (migration-collapsed timestamps),Reconstructed SLA from ticket_logs lifecycle + issue_types.sla_hours (NOT verified app formula)
90d9ad72-b61d-cc56-b875-9ab68aa1bb46,03edc7c5-4c46-b55e-523d-9fb7be29910b,caf6381e-5189-4c1f-bf0a-4dfd99d9b9e7,Washing machine Issue,e213d0c5-7de3-4f91-b5d4-cda0cd2ade6c,2026-04-20 07:40:08.505561,2026-04-20 07:40:08.505561,logs+mt_match,0.0,24,24.0,,Collapsed timestamp,collapsed_timestamp,collapsed_timestamp,Excluded from genuine SLA KPI (migration-collapsed timestamps),Reconstructed SLA from ticket_logs lifecycle + issue_types.sla_hours (NOT verified app formula)
e32442d6-f18e-d1f1-0836-7a155cd787a3,03edc7c5-4c46-b55e-523d-9fb7be29910b,caf6381e-5189-4c1f-bf0a-4dfd99d9b9e7,Washing machine Issue,e213d0c5-7de3-4f91-b5d4-cda0cd2ade6c,2026-04-20 07:40:08.505561,2026-04-20 07:40:08.505561,logs+mt_match,0.0,24,24.0,,Collapsed timestamp,collapsed_timestamp,collapsed_timestamp,Excluded from genuine SLA KPI (migration-collapsed timestamps),Reconstructed SLA from ticket_logs lifecycle + issue_types.sla_hours (NOT verified app formula)
4e7b7a17-bb04-272c-49c0-ba63889992ce,03edc7c5-4c46-b55e-523d-9fb7be29910b,caf6381e-5189-4c1f-bf0a-4dfd99d9b9e7,Washing machine Issue,e213d0c5-7de3-4f91-b5d4-cda0cd2ade6c,2026-04-20 07:40:08.505561,2026-04-20 07:40:08.505561,logs+mt_match,0.0,24,24.0,,Collapsed timestamp,collapsed_timestamp,collapsed_timestamp,Excluded from genuine SLA KPI (migration-collapsed timestamps),Reconstructed SLA from ticket_logs lifecycle + issue_types.sla_hours (NOT verified app formula)
477b8b5e-44bc-cf7f-3f3c-e1d676d8b3f2,03edc7c5-4c46-b55e-523d-9fb7be29910b,d76dd3bd-ccb7-4991-a01f-ce158dfe908e,Plumbing,e213d0c5-7de3-4f91-b5d4-cda0cd2ade6c,2026-04-20 07:40:08.505561,2026-04-20 07:40:08.505561,logs+mt_match,0.0,24,24.0,,Collapsed timestamp,collapsed_timestamp,collapsed_timestamp,Excluded from genuine SLA KPI (migration-collapsed timestamps),Reconstructed SLA from ticket_logs lifecycle + issue_types.sla_hours (NOT verified app formula)
0076e2fd-ff3a-a068-9a6d-58472f2045c0,03edc7c5-4c46-b55e-523d-9fb7be29910b,d76dd3bd-ccb7-4991-a01f-ce158dfe908e,Plumbing,e213d0c5-7de3-4f91-b5d4-cda0cd2ade6c,2026-04-20 07:40:08.505561,2026-04-20 07:40:08.505561,logs+mt_match,0.0,24,24.0,,Collapsed timestamp,collapsed_timestamp,collapsed_timestamp,Excluded from genuine SLA KPI (migration-collapsed timestamps),Reconstructed SLA from ticket_logs lifecycle + issue_types.sla_hours (NOT verified app formula)
c089c97d-947e-84d4-0423-5f96dcc71710,03edc7c5-4c46-b55e-523d-9fb7be29910b,caf6381e-5189-4c1f-bf0a-4dfd99d9b9e7,Washing machine Issue,e213d0c5-7de3-4f91-b5d4-cda0cd2ade6c,2026-04-20 07:40:08.505561,2026-04-20 07:40:08.505561,logs+mt_match,0.0,24,24.0,,Collapsed timestamp,collapsed_timestamp,collapsed_timestamp,Excluded from genuine SLA KPI (migration-collapsed timestamps),Reconstructed SLA from ticket_logs lifecycle + issue_types.sla_hours (NOT verified app formula)
ae4a555c-71ae-f1ba-a3bd-db1cdd0c8f6a,03edc7c5-4c46-b55e-523d-9fb7be29910b,e2aa2aaa-8af6-4807-9a4e-7665c5421eed,Furniture,d2b6ece0-395c-4c27-9667-6d7ce50b417c,2026-04-20 07:40:08.505561,2026-04-20 07:40:08.505561,logs+mt_match,0.0,24,24.0,,Collapsed timestamp,collapsed_timestamp,collapsed_timestamp,Excluded from genuine SLA KPI (migration-collapsed timestamps),Reconstructed SLA from ticket_logs lifecycle + issue_types.sla_hours (NOT verified app formula)
51a08f03-4b9b-dfb9-3ae7-c2c2303ce8cb,03edc7c5-4c46-b55e-523d-9fb7be29910b,01208ba1-4225-4a61-be39-3afe03dad690,RO Water Issues,e213d0c5-7de3-4f91-b5d4-cda0cd2ade6c,2026-04-20 07:40:08.505561,2026-04-20 07:40:08.505561,logs+mt_match,0.0,6,6.0,,Collapsed timestamp,collapsed_timestamp,collapsed_timestamp,Excluded from genuine SLA KPI (migration-collapsed timestamps),Reconstructed SLA from ticket_logs lifecycle + issue_types.sla_hours (NOT verified app formula)
91d05d3e-89f1-081d-20d7-8bfa97aec383,03edc7c5-4c46-b55e-523d-9fb7be29910b,47389994-b201-4bb1-bf91-8bce4dbde510,Other,e213d0c5-7de3-4f91-b5d4-cda0cd2ade6c,2026-04-20 07:40:08.505561,2026-04-20 07:40:08.505561,logs+mt_match,0.0,24,24.0,,Collapsed timestamp,collapsed_timestamp,collapsed_timestamp,Excluded from genuine SLA KPI (migration-collapsed timestamps),Reconstructed SLA from ticket_logs lifecycle + issue_types.sla_hours (NOT verified app formula)
ce172fc4-b6aa-abc1-33eb-59ce80c099dc,03edc7c5-4c46-b55e-523d-9fb7be29910b,47389994-b201-4bb1-bf91-8bce4dbde510,Other,e213d0c5-7de3-4f91-b5d4-cda0cd2ade6c,2026-04-20 07:40:08.505561,2026-04-20 07:40:08.505561,logs+mt_match,0.0,24,24.0,,Collapsed timestamp,collapsed_timestamp,collapsed_timestamp,Excluded from genuine SLA KPI (migration-collapsed timestamps),Reconstructed SLA from ticket_logs lifecycle + issue_types.sla_hours (NOT verified app formula)
f845bcba-1d96-7e1b-6d6c-8ccbdd3f5a2e,03edc7c5-4c46-b55e-523d-9fb7be29910b,28158382-d5c1-436c-927b-3e3d9855c2af,Electrical Issues,e213d0c5-7de3-4f91-b5d4-cda0cd2ade6c,2026-04-20 07:40:08.505561,2026-04-20 07:40:08.505561,logs+mt_match,0.0,6,6.0,,Collapsed timestamp,collapsed_timestamp,collapsed_timestamp,Excluded from genuine SLA KPI (migration-collapsed timestamps),Reconstructed SLA from ticket_logs lifecycle + issue_types.sla_hours (NOT verified app formula)
b9539b9e-c5ea-9083-29af-3d8fd832a9f4,03edc7c5-4c46-b55e-523d-9fb7be29910b,caf6381e-5189-4c1f-bf0a-4dfd99d9b9e7,Washing machine Issue,bd081ad6-5fe3-4c1d-a919-81b1055efa19,2026-04-20 07:40:08.505561,2026-04-20 07:40:08.505561,logs+mt_match,0.0,24,24.0,,Collapsed timestamp,collapsed_timestamp,collapsed_timestamp,Excluded from genuine SLA KPI (migration-collapsed timestamps),Reconstructed SLA from ticket_logs lifecycle + issue_types.sla_hours (NOT verified app formula)
95bd678b-7846-3fea-8884-204e2297bcf4,03edc7c5-4c46-b55e-523d-9fb7be29910b,47389994-b201-4bb1-bf91-8bce4dbde510,Other,bd081ad6-5fe3-4c1d-a919-81b1055efa19,2026-04-20 07:40:08.505561,2026-04-20 07:40:08.505561,logs+mt_match,0.0,24,24.0,,Collapsed timestamp,collapsed_timestamp,collapsed_timestamp,Excluded from genuine SLA KPI (migration-collapsed timestamps),Reconstructed SLA from ticket_logs lifecycle + issue_types.sla_hours (NOT verified app formula)
d5bf54c4-687e-3a14-6652-f9ef56f411cf,dc4adc21-f501-0573-2e9a-d7bbbc89e5d6,e2aa2aaa-8af6-4807-9a4e-7665c5421eed,Furniture,e213d0c5-7de3-4f91-b5d4-cda0cd2ade6c,2026-04-20 07:40:08.505561,2026-04-20 07:40:08.505561,logs+mt_match,0.0,24,24.0,,Collapsed timestamp,collapsed_timestamp,collapsed_timestamp,Excluded from genuine SLA KPI (migration-collapsed timestamps),Reconstructed SLA from ticket_logs lifecycle + issue_types.sla_hours (NOT verified app formula)
3018c82b-f528-61af-214b-15ca0ef8c47a,dc4adc21-f501-0573-2e9a-d7bbbc89e5d6,e2aa2aaa-8af6-4807-9a4e-7665c5421eed,Furniture,e213d0c5-7de3-4f91-b5d4-cda0cd2ade6c,2026-04-20 07:40:08.505561,2026-04-20 07:40:08.505561,logs+mt_match,0.0,24,24.0,,Collapsed timestamp,collapsed_timestamp,collapsed_timestamp,Excluded from genuine SLA KPI (migration-collapsed timestamps),Reconstructed SLA from ticket_logs lifecycle + issue_types.sla_hours (NOT verified app formula)
a977ff65-0de9-5c26-06b6-a4cc56b18734,dc4adc21-f501-0573-2e9a-d7bbbc89e5d6,abc84f5b-a950-406e-ab46-cefbe11df925,Cleaning Issues,e213d0c5-7de3-4f91-b5d4-cda0cd2ade6c,2026-04-20 07:40:08.505561,2026-04-20 07:40:08.505561,logs+mt_match,0.0,4,4.0,,Collapsed timestamp,collapsed_timestamp,collapsed_timestamp,Excluded from genuine SLA KPI (migration-collapsed timestamps),Reconstructed SLA from ticket_logs lifecycle + issue_types.sla_hours (NOT verified app formula)
2a81ca66-0a1e-c394-4274-a520ddc66590,dc4adc21-f501-0573-2e9a-d7bbbc89e5d6,abc84f5b-a950-406e-ab46-cefbe11df925,Cleaning Issues,e213d0c5-7de3-4f91-b5d4-cda0cd2ade6c,2026-04-20 07:40:08.505561,2026-04-20 07:40:08.505561,logs+mt_match,0.0,4,4.0,,Collapsed timestamp,collapsed_timestamp,collapsed_timestamp,Excluded from genuine SLA KPI (migration-collapsed timestamps),Reconstructed SLA from ticket_logs lifecycle + issue_types.sla_hours (NOT verified app formula)
571c40ae-7caa-7a6b-e687-aecf298761ec,dc4adc21-f501-0573-2e9a-d7bbbc89e5d6,47389994-b201-4bb1-bf91-8bce4dbde510,Other,e213d0c5-7de3-4f91-b5d4-cda0cd2ade6c,2026-04-20 07:40:08.505561,2026-04-20 07:40:08.505561,logs+mt_match,0.0,24,24.0,,Collapsed timestamp,collapsed_timestamp,collapsed_timestamp,Excluded from genuine SLA KPI (migration-collapsed timestamps),Reconstructed SLA from ticket_logs lifecycle + issue_types.sla_hours (NOT verified app formula)
32ef6d67-4209-24af-0f24-e3525cec4dd8,dc4adc21-f501-0573-2e9a-d7bbbc89e5d6,a5831922-eaeb-48c2-941c-fd96fae8813d,AC Issues,e213d0c5-7de3-4f91-b5d4-cda0cd2ade6c,2026-04-20 07:40:08.505561,2026-04-20 07:40:08.505561,logs+mt_match,0.0,12,12.0,,Collapsed timestamp,collapsed_timestamp,collapsed_timestamp,Excluded from genuine SLA KPI (migration-collapsed timestamps),Reconstructed SLA from ticket_logs lifecycle + issue_types.sla_hours (NOT verified app formula)
3a78ee76-a177-acee-e030-45852a756f14,dc4adc21-f501-0573-2e9a-d7bbbc89e5d6,abc84f5b-a950-406e-ab46-cefbe11df925,Cleaning Issues,e213d0c5-7de3-4f91-b5d4-cda0cd2ade6c,2026-04-20 07:40:08.505561,2026-04-20 07:40:08.505561,logs+mt_match,0.0,4,4.0,,Collapsed timestamp,collapsed_timestamp,collapsed_timestamp,Excluded from genuine SLA KPI (migration-collapsed timestamps),Reconstructed SLA from ticket_logs lifecycle + issue_types.sla_hours (NOT verified app formula)
fb3a63f4-4ce1-1a20-fb92-7f45be05dbfb,dc4adc21-f501-0573-2e9a-d7bbbc89e5d6,abc84f5b-a950-406e-ab46-cefbe11df925,Cleaning Issues,d2b6ece0-395c-4c27-9667-6d7ce50b417c,2026-04-20 07:40:08.505561,2026-04-20 07:40:08.505561,logs+mt_match,0.0,4,4.0,,Collapsed timestamp,collapsed_timestamp,collapsed_timestamp,Excluded from genuine SLA KPI (migration-collapsed timestamps),Reconstructed SLA from ticket_logs lifecycle + issue_types.sla_hours (NOT verified app formula)
1ee62743-770b-5234-e263-41dc6fe2d655,dc4adc21-f501-0573-2e9a-d7bbbc89e5d6,28158382-d5c1-436c-927b-3e3d9855c2af,Electrical Issues,d2b6ece0-395c-4c27-9667-6d7ce50b417c,2026-04-20 07:40:08.505561,2026-04-20 07:40:08.505561,logs+mt_match,0.0,6,6.0,,Collapsed timestamp,collapsed_timestamp,collapsed_timestamp,Excluded from genuine SLA KPI (migration-collapsed timestamps),Reconstructed SLA from ticket_logs lifecycle + issue_types.sla_hours (NOT verified app formula)
630d09d3-0e15-6eb7-dacf-f273fc551fdc,dc4adc21-f501-0573-2e9a-d7bbbc89e5d6,d76dd3bd-ccb7-4991-a01f-ce158dfe908e,Plumbing,d2b6ece0-395c-4c27-9667-6d7ce50b417c,2026-04-20 07:40:08.505561,2026-04-20 07:40:08.505561,logs+mt_match,0.0,24,24.0,,Collapsed timestamp,collapsed_timestamp,collapsed_timestamp,Excluded from genuine SLA KPI (migration-collapsed timestamps),Reconstructed SLA from ticket_logs lifecycle + issue_types.sla_hours (NOT verified app formula)
06b68349-389b-2128-2c42-ccd288dc9c55,574de174-c7bb-bc11-f282-cff2aa2501c5,d76dd3bd-ccb7-4991-a01f-ce158dfe908e,Plumbing,e213d0c5-7de3-4f91-b5d4-cda0cd2ade6c,2026-04-20 07:40:08.505561,2026-04-20 07:40:08.505561,logs+mt_match,0.0,24,24.0,,Collapsed timestamp,collapsed_timestamp,collapsed_timestamp,Excluded from genuine SLA KPI (migration-collapsed timestamps),Reconstructed SLA from ticket_logs lifecycle + issue_types.sla_hours (NOT verified app formula)
a559bcc2-1a4a-cd0d-c2c0-0c3690a471e0,574de174-c7bb-bc11-f282-cff2aa2501c5,01208ba1-4225-4a61-be39-3afe03dad690,RO Water Issues,e213d0c5-7de3-4f91-b5d4-cda0cd2ade6c,2026-04-20 07:40:08.505561,2026-04-20 07:40:08.505561,logs+mt_match,0.0,6,6.0,,Collapsed timestamp,collapsed_timestamp,collapsed_timestamp,Excluded from genuine SLA KPI (migration-collapsed timestamps),Reconstructed SLA from ticket_logs lifecycle + issue_types.sla_hours (NOT verified app formula)
430d8e3d-cd0e-e4c7-650d-b4030914b6de,574de174-c7bb-bc11-f282-cff2aa2501c5,47389994-b201-4bb1-bf91-8bce4dbde510,Other,a55e7168-b152-4072-8b01-0cd4b7e299ca,2026-04-20 07:40:08.505561,2026-04-20 07:40:08.505561,logs+mt_match,0.0,24,24.0,,Collapsed timestamp,collapsed_timestamp,collapsed_timestamp,Excluded from genuine SLA KPI (migration-collapsed timestamps),Reconstructed SLA from ticket_logs lifecycle + issue_types.sla_hours (NOT verified app formula)
2be858da-cb47-720f-3d6a-ce43bf82799c,574de174-c7bb-bc11-f282-cff2aa2501c5,a5831922-eaeb-48c2-941c-fd96fae8813d,AC Issues,a55e7168-b152-4072-8b01-0cd4b7e299ca,2026-04-20 07:40:08.505561,2026-04-20 07:40:08.505561,logs+mt_match,0.0,12,12.0,,Collapsed timestamp,collapsed_timestamp,collapsed_timestamp,Excluded from genuine SLA KPI (migration-collapsed timestamps),Reconstructed SLA from ticket_logs lifecycle + issue_types.sla_hours (NOT verified app formula)
45c8c911-2871-0e47-599e-c0d08ebbd28c,574de174-c7bb-bc11-f282-cff2aa2501c5,47389994-b201-4bb1-bf91-8bce4dbde510,Other,a55e7168-b152-4072-8b01-0cd4b7e299ca,2026-04-20 07:40:08.505561,2026-04-20 07:40:08.505561,logs+mt_match,0.0,24,24.0,,Collapsed timestamp,collapsed_timestamp,collapsed_timestamp,Excluded from genuine SLA KPI (migration-collapsed timestamps),Reconstructed SLA from ticket_logs lifecycle + issue_types.sla_hours (NOT verified app formula)
a2826655-ab5f-ab3f-2892-ae07e1505399,233cca0e-efcf-e631-d2fc-9997a6ba5706,d76dd3bd-ccb7-4991-a01f-ce158dfe908e,Plumbing,e213d0c5-7de3-4f91-b5d4-cda0cd2ade6c,2026-04-20 07:40:08.505561,2026-04-20 07:40:08.505561,logs+mt_match,0.0,24,24.0,,Collapsed timestamp,collapsed_timestamp,collapsed_timestamp,Excluded from genuine SLA KPI (migration-collapsed timestamps),Reconstructed SLA from ticket_logs lifecycle + issue_types.sla_hours (NOT verified app formula)
294332a5-eef9-a55b-f9e8-0b32b07fa7ec,233cca0e-efcf-e631-d2fc-9997a6ba5706,a5831922-eaeb-48c2-941c-fd96fae8813d,AC Issues,d2b6ece0-395c-4c27-9667-6d7ce50b417c,2026-04-20 07:40:08.505561,2026-04-20 07:40:08.505561,logs+mt_match,0.0,12,12.0,,Collapsed timestamp,collapsed_timestamp,collapsed_timestamp,Excluded from genuine SLA KPI (migration-collapsed timestamps),Reconstructed SLA from ticket_logs lifecycle + issue_types.sla_hours (NOT verified app formula)
3c6d0938-c313-cf05-bf3b-fcba50ad70fe,233cca0e-efcf-e631-d2fc-9997a6ba5706,a5831922-eaeb-48c2-941c-fd96fae8813d,AC Issues,d2b6ece0-395c-4c27-9667-6d7ce50b417c,2026-04-20 07:40:08.505561,2026-04-20 07:40:08.505561,logs+mt_match,0.0,12,12.0,,Collapsed timestamp,collapsed_timestamp,collapsed_timestamp,Excluded from genuine SLA KPI (migration-collapsed timestamps),Reconstructed SLA from ticket_logs lifecycle + issue_types.sla_hours (NOT verified app formula)
c68f70b7-035a-44ab-345c-11982a0dc096,233cca0e-efcf-e631-d2fc-9997a6ba5706,abc84f5b-a950-406e-ab46-cefbe11df925,Cleaning Issues,d2b6ece0-395c-4c27-9667-6d7ce50b417c,2026-04-20 07:40:08.505561,2026-04-20 07:40:08.505561,logs+mt_match,0.0,4,4.0,,Collapsed timestamp,collapsed_timestamp,collapsed_timestamp,Excluded from genuine SLA KPI (migration-collapsed timestamps),Reconstructed SLA from ticket_logs lifecycle + issue_types.sla_hours (NOT verified app formula)
150172de-ded5-a8e6-c970-80c80241a2c7,233cca0e-efcf-e631-d2fc-9997a6ba5706,d76dd3bd-ccb7-4991-a01f-ce158dfe908e,Plumbing,e213d0c5-7de3-4f91-b5d4-cda0cd2ade6c,2026-04-20 07:40:08.505561,2026-04-20 07:40:08.505561,logs+mt_match,0.0,24,24.0,,Collapsed timestamp,collapsed_timestamp,collapsed_timestamp,Excluded from genuine SLA KPI (migration-collapsed timestamps),Reconstructed SLA from ticket_logs lifecycle + issue_types.sla_hours (NOT verified app formula)
49860e95-d5fa-1ff9-eeca-40a3bf5eba80,233cca0e-efcf-e631-d2fc-9997a6ba5706,d76dd3bd-ccb7-4991-a01f-ce158dfe908e,Plumbing,e213d0c5-7de3-4f91-b5d4-cda0cd2ade6c,2026-04-20 07:40:08.505561,2026-04-20 07:40:08.505561,logs+mt_match,0.0,24,24.0,,Collapsed timestamp,collapsed_timestamp,collapsed_timestamp,Excluded from genuine SLA KPI (migration-collapsed timestamps),Reconstructed SLA from ticket_logs lifecycle + issue_types.sla_hours (NOT verified app formula)
5cc93020-db45-07cf-0258-6b2b0fc054e8,233cca0e-efcf-e631-d2fc-9997a6ba5706,caf6381e-5189-4c1f-bf0a-4dfd99d9b9e7,Washing machine Issue,e213d0c5-7de3-4f91-b5d4-cda0cd2ade6c,2026-04-20 07:40:08.505561,2026-04-20 07:40:08.505561,logs+mt_match,0.0,24,24.0,,Collapsed timestamp,collapsed_timestamp,collapsed_timestamp,Excluded from genuine SLA KPI (migration-collapsed timestamps),Reconstructed SLA from ticket_logs lifecycle + issue_types.sla_hours (NOT verified app formula)
0690df6b-fc27-bed5-34e4-3c81e02f44fd,233cca0e-efcf-e631-d2fc-9997a6ba5706,01208ba1-4225-4a61-be39-3afe03dad690,RO Water Issues,e213d0c5-7de3-4f91-b5d4-cda0cd2ade6c,2026-04-20 07:40:08.505561,2026-04-20 07:40:08.505561,logs+mt_match,0.0,6,6.0,,Collapsed timestamp,collapsed_timestamp,collapsed_timestamp,Excluded from genuine SLA KPI (migration-collapsed timestamps),Reconstructed SLA from ticket_logs lifecycle + issue_types.sla_hours (NOT verified app formula)
29dce7bb-ef09-c925-a158-d03b5f365d3a,323c0dff-be56-f6ee-f053-ee37de806dea,47389994-b201-4bb1-bf91-8bce4dbde510,Other,d2b6ece0-395c-4c27-9667-6d7ce50b417c,2026-04-20 07:40:08.505561,2026-04-20 07:40:08.505561,logs+mt_match,0.0,24,24.0,,Collapsed timestamp,collapsed_timestamp,collapsed_timestamp,Excluded from genuine SLA KPI (migration-collapsed timestamps),Reconstructed SLA from ticket_logs lifecycle + issue_types.sla_hours (NOT verified app formula)
318ec65d-65a2-f5a9-7489-82443e82c5a5,323c0dff-be56-f6ee-f053-ee37de806dea,e2aa2aaa-8af6-4807-9a4e-7665c5421eed,Furniture,d2b6ece0-395c-4c27-9667-6d7ce50b417c,2026-04-20 07:40:08.505561,2026-04-20 07:40:08.505561,logs+mt_match,0.0,24,24.0,,Collapsed timestamp,collapsed_timestamp,collapsed_timestamp,Excluded from genuine SLA KPI (migration-collapsed timestamps),Reconstructed SLA from ticket_logs lifecycle + issue_types.sla_hours (NOT verified app formula)
c535474a-fe1a-8f58-3934-7f9ecadc16d9,c2ff0c11-4d1b-7b9b-b93c-aa37c9b6c40b,28158382-d5c1-436c-927b-3e3d9855c2af,Electrical Issues,d2b6ece0-395c-4c27-9667-6d7ce50b417c,2026-04-20 07:40:08.505561,2026-04-20 07:40:08.505561,logs+mt_match,0.0,6,6.0,,Collapsed timestamp,collapsed_timestamp,collapsed_timestamp,Excluded from genuine SLA KPI (migration-collapsed timestamps),Reconstructed SLA from ticket_logs lifecycle + issue_types.sla_hours (NOT verified app formula)
fad4e838-b192-f880-c075-c9f3801f3eac,c2ff0c11-4d1b-7b9b-b93c-aa37c9b6c40b,caf6381e-5189-4c1f-bf0a-4dfd99d9b9e7,Washing machine Issue,e213d0c5-7de3-4f91-b5d4-cda0cd2ade6c,2026-04-20 07:40:08.505561,2026-04-20 07:40:08.505561,logs+mt_match,0.0,24,24.0,,Collapsed timestamp,collapsed_timestamp,collapsed_timestamp,Excluded from genuine SLA KPI (migration-collapsed timestamps),Reconstructed SLA from ticket_logs lifecycle + issue_types.sla_hours (NOT verified app formula)
695f5510-18f1-ae58-3fb2-b1940f54272d,c2ff0c11-4d1b-7b9b-b93c-aa37c9b6c40b,28158382-d5c1-436c-927b-3e3d9855c2af,Electrical Issues,d2b6ece0-395c-4c27-9667-6d7ce50b417c,2026-04-20 07:40:08.505561,2026-04-20 07:40:08.505561,logs+mt_match,0.0,6,6.0,,Collapsed timestamp,collapsed_timestamp,collapsed_timestamp,Excluded from genuine SLA KPI (migration-collapsed timestamps),Reconstructed SLA from ticket_logs lifecycle + issue_types.sla_hours (NOT verified app formula)
f35dc870-caea-dd38-9828-fb058532796a,c2ff0c11-4d1b-7b9b-b93c-aa37c9b6c40b,a5831922-eaeb-48c2-941c-fd96fae8813d,AC Issues,d2b6ece0-395c-4c27-9667-6d7ce50b417c,2026-04-20 07:40:08.505561,2026-04-20 07:40:08.505561,logs+mt_match,0.0,12,12.0,,Collapsed timestamp,collapsed_timestamp,collapsed_timestamp,Excluded from genuine SLA KPI (migration-collapsed timestamps),Reconstructed SLA from ticket_logs lifecycle + issue_types.sla_hours (NOT verified app formula)
1bd6a170-7db9-b6ac-29f4-f80b4c43bb25,c2ff0c11-4d1b-7b9b-b93c-aa37c9b6c40b,e2aa2aaa-8af6-4807-9a4e-7665c5421eed,Furniture,d2b6ece0-395c-4c27-9667-6d7ce50b417c,2026-04-20 07:40:08.505561,2026-04-20 07:40:08.505561,logs+mt_match,0.0,24,24.0,,Collapsed timestamp,collapsed_timestamp,collapsed_timestamp,Excluded from genuine SLA KPI (migration-collapsed timestamps),Reconstructed SLA from ticket_logs lifecycle + issue_types.sla_hours (NOT verified app formula)
8d13ed87-5c3e-28b6-c8e3-b08b84289414,c2ff0c11-4d1b-7b9b-b93c-aa37c9b6c40b,e2aa2aaa-8af6-4807-9a4e-7665c5421eed,Furniture,e213d0c5-7de3-4f91-b5d4-cda0cd2ade6c,2026-04-20 07:40:08.505561,2026-04-20 07:40:08.505561,logs+mt_match,0.0,24,24.0,,Collapsed timestamp,collapsed_timestamp,collapsed_timestamp,Excluded from genuine SLA KPI (migration-collapsed timestamps),Reconstructed SLA from ticket_logs lifecycle + issue_types.sla_hours (NOT verified app formula)
cc319de0-96a2-2ab8-8f6e-5d0c8f0c2fee,c2ff0c11-4d1b-7b9b-b93c-aa37c9b6c40b,28158382-d5c1-436c-927b-3e3d9855c2af,Electrical Issues,e213d0c5-7de3-4f91-b5d4-cda0cd2ade6c,2026-04-20 07:40:08.505561,2026-04-20 07:40:08.505561,logs+mt_match,0.0,6,6.0,,Collapsed timestamp,collapsed_timestamp,collapsed_timestamp,Excluded from genuine SLA KPI (migration-collapsed timestamps),Reconstructed SLA from ticket_logs lifecycle + issue_types.sla_hours (NOT verified app formula)
dc9ecc49-bbd1-843a-63eb-706ba8037826,c2ff0c11-4d1b-7b9b-b93c-aa37c9b6c40b,abc84f5b-a950-406e-ab46-cefbe11df925,Cleaning Issues,d2b6ece0-395c-4c27-9667-6d7ce50b417c,2026-04-20 07:40:08.505561,2026-04-20 07:40:08.505561,logs+mt_match,0.0,4,4.0,,Collapsed timestamp,collapsed_timestamp,collapsed_timestamp,Excluded from genuine SLA KPI (migration-collapsed timestamps),Reconstructed SLA from ticket_logs lifecycle + issue_types.sla_hours (NOT verified app formula)
249174cc-e5f5-8f8c-4db0-c145a73ddd3d,c2ff0c11-4d1b-7b9b-b93c-aa37c9b6c40b,01208ba1-4225-4a61-be39-3afe03dad690,RO Water Issues,e213d0c5-7de3-4f91-b5d4-cda0cd2ade6c,2026-04-20 07:40:08.505561,2026-04-20 07:40:08.505561,logs+mt_match,0.0,6,6.0,,Collapsed timestamp,collapsed_timestamp,collapsed_timestamp,Excluded from genuine SLA KPI (migration-collapsed timestamps),Reconstructed SLA from ticket_logs lifecycle + issue_types.sla_hours (NOT verified app formula)
d0f6ed1c-2d83-56be-a03a-1421b787b29a,c2ff0c11-4d1b-7b9b-b93c-aa37c9b6c40b,e2aa2aaa-8af6-4807-9a4e-7665c5421eed,Furniture,e213d0c5-7de3-4f91-b5d4-cda0cd2ade6c,2026-04-20 07:40:08.505561,2026-04-20 07:40:08.505561,logs+mt_match,0.0,24,24.0,,Collapsed timestamp,collapsed_timestamp,collapsed_timestamp,Excluded from genuine SLA KPI (migration-collapsed timestamps),Reconstructed SLA from ticket_logs lifecycle + issue_types.sla_hours (NOT verified app formula)
66b1f33a-bcbe-9146-f375-564d62923815,c2ff0c11-4d1b-7b9b-b93c-aa37c9b6c40b,abc84f5b-a950-406e-ab46-cefbe11df925,Cleaning Issues,a55e7168-b152-4072-8b01-0cd4b7e299ca,2026-04-20 07:40:08.505561,2026-04-20 07:40:08.505561,logs+mt_match,0.0,4,4.0,,Collapsed timestamp,collapsed_timestamp,collapsed_timestamp,Excluded from genuine SLA KPI (migration-collapsed timestamps),Reconstructed SLA from ticket_logs lifecycle + issue_types.sla_hours (NOT verified app formula)
071f0184-d34c-42cf-9601-436c165be255,a361bd0d-c2c1-2aee-6303-d65de004edd0,28158382-d5c1-436c-927b-3e3d9855c2af,Electrical Issues,e213d0c5-7de3-4f91-b5d4-cda0cd2ade6c,2026-04-20 07:40:08.505561,2026-04-20 07:40:08.505561,logs+mt_match,0.0,6,6.0,,Collapsed timestamp,collapsed_timestamp,collapsed_timestamp,Excluded from genuine SLA KPI (migration-collapsed timestamps),Reconstructed SLA from ticket_logs lifecycle + issue_types.sla_hours (NOT verified app formula)
75f6b923-fe2b-029a-a4f5-44f679a75045,dc4adc21-f501-0573-2e9a-d7bbbc89e5d6,caf6381e-5189-4c1f-bf0a-4dfd99d9b9e7,Washing machine Issue,e213d0c5-7de3-4f91-b5d4-cda0cd2ade6c,2026-04-20 07:40:08.505561,2026-04-20 07:40:08.505561,logs+mt_match,0.0,24,24.0,,Collapsed timestamp,collapsed_timestamp,collapsed_timestamp,Excluded from genuine SLA KPI (migration-collapsed timestamps),Reconstructed SLA from ticket_logs lifecycle + issue_types.sla_hours (NOT verified app formula)
fddbbd18-5181-bc01-0b33-12744b53888e,dc4adc21-f501-0573-2e9a-d7bbbc89e5d6,caf6381e-5189-4c1f-bf0a-4dfd99d9b9e7,Washing machine Issue,e213d0c5-7de3-4f91-b5d4-cda0cd2ade6c,2026-04-20 07:40:08.505561,2026-04-20 07:40:08.505561,logs+mt_match,0.0,24,24.0,,Collapsed timestamp,collapsed_timestamp,collapsed_timestamp,Excluded from genuine SLA KPI (migration-collapsed timestamps),Reconstructed SLA from ticket_logs lifecycle + issue_types.sla_hours (NOT verified app formula)
872eb121-c785-416c-b0f2-20227d911d53,c2ff0c11-4d1b-7b9b-b93c-aa37c9b6c40b,caf6381e-5189-4c1f-bf0a-4dfd99d9b9e7,Washing machine Issue,bd081ad6-5fe3-4c1d-a919-81b1055efa19,2026-04-20 17:26:25.033415,2026-06-09 06:39:57.114109,logs+mt_match,1189.2255779705556,24,-1165.2255779705556,True,SLA Breached,measurable,reconstructed 1189.2h vs 24h SLA,Review breach — slow resolution for this issue type,Reconstructed SLA from ticket_logs lifecycle + issue_types.sla_hours (NOT verified app formula)
3292aeda-c013-4eff-8508-3770a7fc120e,fb5cedd6-2992-1c62-7fba-4a7a6b43b2ff,a5831922-eaeb-48c2-941c-fd96fae8813d,AC Issues,bd081ad6-5fe3-4c1d-a919-81b1055efa19,2026-04-19 16:32:27.345282,2026-04-23 05:44:26.101331,logs+mt_match,85.19965445805556,12,-73.19965445805556,True,SLA Breached,measurable,reconstructed 85.2h vs 12h SLA,Review breach — slow resolution for this issue type,Reconstructed SLA from ticket_logs lifecycle + issue_types.sla_hours (NOT verified app formula)
4e9d33a9-b6bd-5f22-d5f4-07a5af55c30c,dc4adc21-f501-0573-2e9a-d7bbbc89e5d6,e2aa2aaa-8af6-4807-9a4e-7665c5421eed,Furniture,e213d0c5-7de3-4f91-b5d4-cda0cd2ade6c,2026-04-20 07:40:09.223005,2026-04-20 07:40:09.223005,logs+mt_match,0.0,24,24.0,,Collapsed timestamp,collapsed_timestamp,collapsed_timestamp,Excluded from genuine SLA KPI (migration-collapsed timestamps),Reconstructed SLA from ticket_logs lifecycle + issue_types.sla_hours (NOT verified app formula)
b3c70f02-2c0c-6495-4d19-c1e002ddfe2a,dc4adc21-f501-0573-2e9a-d7bbbc89e5d6,01208ba1-4225-4a61-be39-3afe03dad690,RO Water Issues,e213d0c5-7de3-4f91-b5d4-cda0cd2ade6c,2026-04-20 07:40:09.223005,2026-04-20 07:40:09.223005,logs+mt_match,0.0,6,6.0,,Collapsed timestamp,collapsed_timestamp,collapsed_timestamp,Excluded from genuine SLA KPI (migration-collapsed timestamps),Reconstructed SLA from ticket_logs lifecycle + issue_types.sla_hours (NOT verified app formula)
ba7461ee-0857-d716-3a54-bf089620c88c,dc4adc21-f501-0573-2e9a-d7bbbc89e5d6,47389994-b201-4bb1-bf91-8bce4dbde510,Other,e213d0c5-7de3-4f91-b5d4-cda0cd2ade6c,2026-04-20 07:40:09.223005,2026-04-20 07:40:09.223005,logs+mt_match,0.0,24,24.0,,Collapsed timestamp,collapsed_timestamp,collapsed_timestamp,Excluded from genuine SLA KPI (migration-collapsed timestamps),Reconstructed SLA from ticket_logs lifecycle + issue_types.sla_hours (NOT verified app formula)
27802b90-02f6-1a32-622f-cecb85f530af,dc4adc21-f501-0573-2e9a-d7bbbc89e5d6,d76dd3bd-ccb7-4991-a01f-ce158dfe908e,Plumbing,d2b6ece0-395c-4c27-9667-6d7ce50b417c,2026-04-20 07:40:09.223005,2026-04-20 07:40:09.223005,logs+mt_match,0.0,24,24.0,,Collapsed timestamp,collapsed_timestamp,collapsed_timestamp,Excluded from genuine SLA KPI (migration-collapsed timestamps),Reconstructed SLA from ticket_logs lifecycle + issue_types.sla_hours (NOT verified app formula)
0e43b079-2dcd-cc2e-a59b-231a4d09d320,dc4adc21-f501-0573-2e9a-d7bbbc89e5d6,ec405235-70e9-407e-9aa2-b877f8f36af8,Fridge Issues,e213d0c5-7de3-4f91-b5d4-cda0cd2ade6c,2026-04-20 07:40:09.223005,2026-04-20 07:40:09.223005,logs+mt_match,0.0,12,12.0,,Collapsed timestamp,collapsed_timestamp,collapsed_timestamp,Excluded from genuine SLA KPI (migration-collapsed timestamps),Reconstructed SLA from ticket_logs lifecycle + issue_types.sla_hours (NOT verified app formula)
a448afd9-369a-e509-9010-7734cf53c877,dc4adc21-f501-0573-2e9a-d7bbbc89e5d6,28158382-d5c1-436c-927b-3e3d9855c2af,Electrical Issues,e213d0c5-7de3-4f91-b5d4-cda0cd2ade6c,2026-04-20 07:40:09.223005,2026-04-20 07:40:09.223005,logs+mt_match,0.0,6,6.0,,Collapsed timestamp,collapsed_timestamp,collapsed_timestamp,Excluded from genuine SLA KPI (migration-collapsed timestamps),Reconstructed SLA from ticket_logs lifecycle + issue_types.sla_hours (NOT verified app formula)
b519061a-2bff-2978-51a8-7017cdadf313,dc4adc21-f501-0573-2e9a-d7bbbc89e5d6,28158382-d5c1-436c-927b-3e3d9855c2af,Electrical Issues,e213d0c5-7de3-4f91-b5d4-cda0cd2ade6c,2026-04-20 07:40:09.223005,2026-04-20 07:40:09.223005,logs+mt_match,0.0,6,6.0,,Collapsed timestamp,collapsed_timestamp,collapsed_timestamp,Excluded from genuine SLA KPI (migration-collapsed timestamps),Reconstructed SLA from ticket_logs lifecycle + issue_types.sla_hours (NOT verified app formula)
c757d6be-997f-f232-b648-4a9b0ba03a7c,c17c5093-48b7-139f-ebfc-1cd33ef5179c,47389994-b201-4bb1-bf91-8bce4dbde510,Other,e213d0c5-7de3-4f91-b5d4-cda0cd2ade6c,2026-04-20 07:40:09.223005,2026-04-20 07:40:09.223005,logs+mt_match,0.0,24,24.0,,Collapsed timestamp,collapsed_timestamp,collapsed_timestamp,Excluded from genuine SLA KPI (migration-collapsed timestamps),Reconstructed SLA from ticket_logs lifecycle + issue_types.sla_hours (NOT verified app formula)
00aef037-ca9a-488a-86a1-c7605be66701,79853a4a-cb02-508c-e041-7e23378aec9c,47389994-b201-4bb1-bf91-8bce4dbde510,Other,d2b6ece0-395c-4c27-9667-6d7ce50b417c,2026-04-20 07:40:09.223005,2026-04-20 07:40:09.223005,logs+mt_match,0.0,24,24.0,,Collapsed timestamp,collapsed_timestamp,collapsed_timestamp,Excluded from genuine SLA KPI (migration-collapsed timestamps),Reconstructed SLA from ticket_logs lifecycle + issue_types.sla_hours (NOT verified app formula)
4831aa4a-92b3-41f6-9693-765438f95119,79853a4a-cb02-508c-e041-7e23378aec9c,caf6381e-5189-4c1f-bf0a-4dfd99d9b9e7,Washing machine Issue,e213d0c5-7de3-4f91-b5d4-cda0cd2ade6c,2026-04-20 07:40:09.223005,2026-04-20 07:40:09.223005,logs+mt_match,0.0,24,24.0,,Collapsed timestamp,collapsed_timestamp,collapsed_timestamp,Excluded from genuine SLA KPI (migration-collapsed timestamps),Reconstructed SLA from ticket_logs lifecycle + issue_types.sla_hours (NOT verified app formula)
8d9f1e78-0f45-e5f7-7960-4240ab34b5c4,79853a4a-cb02-508c-e041-7e23378aec9c,d76dd3bd-ccb7-4991-a01f-ce158dfe908e,Plumbing,e213d0c5-7de3-4f91-b5d4-cda0cd2ade6c,2026-04-20 07:40:09.223005,2026-04-20 07:40:09.223005,logs+mt_match,0.0,24,24.0,,Collapsed timestamp,collapsed_timestamp,collapsed_timestamp,Excluded from genuine SLA KPI (migration-collapsed timestamps),Reconstructed SLA from ticket_logs lifecycle + issue_types.sla_hours (NOT verified app formula)
bdf35e69-d40f-6c19-56d0-04ddde233c19,79853a4a-cb02-508c-e041-7e23378aec9c,47389994-b201-4bb1-bf91-8bce4dbde510,Other,e213d0c5-7de3-4f91-b5d4-cda0cd2ade6c,2026-04-20 07:40:09.223005,2026-04-20 07:40:09.223005,logs+mt_match,0.0,24,24.0,,Collapsed timestamp,collapsed_timestamp,collapsed_timestamp,Excluded from genuine SLA KPI (migration-collapsed timestamps),Reconstructed SLA from ticket_logs lifecycle + issue_types.sla_hours (NOT verified app formula)
4d5a5dd0-3caf-e73c-3a12-2397611a6c6e,79853a4a-cb02-508c-e041-7e23378aec9c,47389994-b201-4bb1-bf91-8bce4dbde510,Other,e213d0c5-7de3-4f91-b5d4-cda0cd2ade6c,2026-04-20 07:40:09.223005,2026-04-20 07:40:09.223005,logs+mt_match,0.0,24,24.0,,Collapsed timestamp,collapsed_timestamp,collapsed_timestamp,Excluded from genuine SLA KPI (migration-collapsed timestamps),Reconstructed SLA from ticket_logs lifecycle + issue_types.sla_hours (NOT verified app formula)
f0576a1c-1517-c150-6fa3-d7d6f2865c9c,85292340-826d-52c1-65c7-7f2a9eb2c2c4,28158382-d5c1-436c-927b-3e3d9855c2af,Electrical Issues,a55e7168-b152-4072-8b01-0cd4b7e299ca,2026-04-20 07:40:09.223005,2026-04-20 07:40:09.223005,logs+mt_match,0.0,6,6.0,,Collapsed timestamp,collapsed_timestamp,collapsed_timestamp,Excluded from genuine SLA KPI (migration-collapsed timestamps),Reconstructed SLA from ticket_logs lifecycle + issue_types.sla_hours (NOT verified app formula)
93040aef-2f10-5fc0-0067-39e9dd5b030f,85292340-826d-52c1-65c7-7f2a9eb2c2c4,28158382-d5c1-436c-927b-3e3d9855c2af,Electrical Issues,a55e7168-b152-4072-8b01-0cd4b7e299ca,2026-04-20 07:40:09.223005,2026-04-20 07:40:09.223005,logs+mt_match,0.0,6,6.0,,Collapsed timestamp,collapsed_timestamp,collapsed_timestamp,Excluded from genuine SLA KPI (migration-collapsed timestamps),Reconstructed SLA from ticket_logs lifecycle + issue_types.sla_hours (NOT verified app formula)
c1157f92-8766-d7f6-ca9d-6497b7ece3bc,85292340-826d-52c1-65c7-7f2a9eb2c2c4,caf6381e-5189-4c1f-bf0a-4dfd99d9b9e7,Washing machine Issue,a55e7168-b152-4072-8b01-0cd4b7e299ca,2026-04-20 07:40:09.223005,2026-04-20 07:40:09.223005,logs+mt_match,0.0,24,24.0,,Collapsed timestamp,collapsed_timestamp,collapsed_timestamp,Excluded from genuine SLA KPI (migration-collapsed timestamps),Reconstructed SLA from ticket_logs lifecycle + issue_types.sla_hours (NOT verified app formula)
6bb1bd0e-5231-060f-ceb1-904e1c8db58c,85292340-826d-52c1-65c7-7f2a9eb2c2c4,d76dd3bd-ccb7-4991-a01f-ce158dfe908e,Plumbing,a55e7168-b152-4072-8b01-0cd4b7e299ca,2026-04-20 07:40:09.223005,2026-04-20 07:40:09.223005,logs+mt_match,0.0,24,24.0,,Collapsed timestamp,collapsed_timestamp,collapsed_timestamp,Excluded from genuine SLA KPI (migration-collapsed timestamps),Reconstructed SLA from ticket_logs lifecycle + issue_types.sla_hours (NOT verified app formula)
1e6c4796-afdc-5d3e-44c4-5e150f583e35,82b270bf-e567-2deb-5ef3-495baafd7645,01208ba1-4225-4a61-be39-3afe03dad690,RO Water Issues,e213d0c5-7de3-4f91-b5d4-cda0cd2ade6c,2026-04-20 07:40:09.223005,2026-04-20 07:40:09.223005,logs+mt_match,0.0,6,6.0,,Collapsed timestamp,collapsed_timestamp,collapsed_timestamp,Excluded from genuine SLA KPI (migration-collapsed timestamps),Reconstructed SLA from ticket_logs lifecycle + issue_types.sla_hours (NOT verified app formula)
6e0ed47c-6053-4a00-c050-db6f98c3d292,03edc7c5-4c46-b55e-523d-9fb7be29910b,a5831922-eaeb-48c2-941c-fd96fae8813d,AC Issues,d2b6ece0-395c-4c27-9667-6d7ce50b417c,2026-04-20 07:40:09.223005,2026-04-20 07:40:09.223005,logs+mt_match,0.0,12,12.0,,Collapsed timestamp,collapsed_timestamp,collapsed_timestamp,Excluded from genuine SLA KPI (migration-collapsed timestamps),Reconstructed SLA from ticket_logs lifecycle + issue_types.sla_hours (NOT verified app formula)
4026b298-7f62-e4e3-37ad-3520e342d500,03edc7c5-4c46-b55e-523d-9fb7be29910b,d76dd3bd-ccb7-4991-a01f-ce158dfe908e,Plumbing,e213d0c5-7de3-4f91-b5d4-cda0cd2ade6c,2026-04-20 07:40:09.223005,2026-04-20 07:40:09.223005,logs+mt_match,0.0,24,24.0,,Collapsed timestamp,collapsed_timestamp,collapsed_timestamp,Excluded from genuine SLA KPI (migration-collapsed timestamps),Reconstructed SLA from ticket_logs lifecycle + issue_types.sla_hours (NOT verified app formula)
ed012943-19b6-b729-4180-d633c01ca969,03edc7c5-4c46-b55e-523d-9fb7be29910b,d76dd3bd-ccb7-4991-a01f-ce158dfe908e,Plumbing,e213d0c5-7de3-4f91-b5d4-cda0cd2ade6c,2026-04-20 07:40:09.223005,2026-04-20 07:40:09.223005,logs+mt_match,0.0,24,24.0,,Collapsed timestamp,collapsed_timestamp,collapsed_timestamp,Excluded from genuine SLA KPI (migration-collapsed timestamps),Reconstructed SLA from ticket_logs lifecycle + issue_types.sla_hours (NOT verified app formula)
596ab94b-6133-1973-ad92-2e948c8fb433,03edc7c5-4c46-b55e-523d-9fb7be29910b,28158382-d5c1-436c-927b-3e3d9855c2af,Electrical Issues,e213d0c5-7de3-4f91-b5d4-cda0cd2ade6c,2026-04-20 07:40:09.223005,2026-04-20 07:40:09.223005,logs+mt_match,0.0,6,6.0,,Collapsed timestamp,collapsed_timestamp,collapsed_timestamp,Excluded from genuine SLA KPI (migration-collapsed timestamps),Reconstructed SLA from ticket_logs lifecycle + issue_types.sla_hours (NOT verified app formula)
db3176fe-965e-03eb-f8ea-f988afe63312,10c6863d-07c3-4fc4-94f9-6adc29157ce1,d76dd3bd-ccb7-4991-a01f-ce158dfe908e,Plumbing,e213d0c5-7de3-4f91-b5d4-cda0cd2ade6c,2026-04-20 07:40:09.223005,2026-04-20 07:40:09.223005,logs+mt_match,0.0,24,24.0,,Collapsed timestamp,collapsed_timestamp,collapsed_timestamp,Excluded from genuine SLA KPI (migration-collapsed timestamps),Reconstructed SLA from ticket_logs lifecycle + issue_types.sla_hours (NOT verified app formula)
509bb2c0-5ae3-facc-e3a2-d883e7bc3899,dd96a329-ec95-e96a-1348-69d976f39cd4,a5831922-eaeb-48c2-941c-fd96fae8813d,AC Issues,d2b6ece0-395c-4c27-9667-6d7ce50b417c,2026-04-20 07:40:09.223005,2026-04-20 07:40:09.223005,logs+mt_match,0.0,12,12.0,,Collapsed timestamp,collapsed_timestamp,collapsed_timestamp,Excluded from genuine SLA KPI (migration-collapsed timestamps),Reconstructed SLA from ticket_logs lifecycle + issue_types.sla_hours (NOT verified app formula)
99acbcd6-f5e2-3464-257e-6307c5f8240c,dd96a329-ec95-e96a-1348-69d976f39cd4,47389994-b201-4bb1-bf91-8bce4dbde510,Other,d2b6ece0-395c-4c27-9667-6d7ce50b417c,2026-04-20 07:40:09.223005,2026-04-20 07:40:09.223005,logs+mt_match,0.0,24,24.0,,Collapsed timestamp,collapsed_timestamp,collapsed_timestamp,Excluded from genuine SLA KPI (migration-collapsed timestamps),Reconstructed SLA from ticket_logs lifecycle + issue_types.sla_hours (NOT verified app formula)
c8f319c5-f656-22c6-d89e-4b26a228daec,dd96a329-ec95-e96a-1348-69d976f39cd4,47389994-b201-4bb1-bf91-8bce4dbde510,Other,d2b6ece0-395c-4c27-9667-6d7ce50b417c,2026-04-20 07:40:09.223005,2026-04-20 07:40:09.223005,logs+mt_match,0.0,24,24.0,,Collapsed timestamp,collapsed_timestamp,collapsed_timestamp,Excluded from genuine SLA KPI (migration-collapsed timestamps),Reconstructed SLA from ticket_logs lifecycle + issue_types.sla_hours (NOT verified app formula)
8e13a3cb-24ca-2eab-a37c-d0550bcd342a,dd96a329-ec95-e96a-1348-69d976f39cd4,a5831922-eaeb-48c2-941c-fd96fae8813d,AC Issues,d2b6ece0-395c-4c27-9667-6d7ce50b417c,2026-04-20 07:40:09.223005,2026-04-20 07:40:09.223005,logs+mt_match,0.0,12,12.0,,Collapsed timestamp,collapsed_timestamp,collapsed_timestamp,Excluded from genuine SLA KPI (migration-collapsed timestamps),Reconstructed SLA from ticket_logs lifecycle + issue_types.sla_hours (NOT verified app formula)
31dae01f-f799-0430-6c7b-08b070a7a3d8,dd96a329-ec95-e96a-1348-69d976f39cd4,47389994-b201-4bb1-bf91-8bce4dbde510,Other,e213d0c5-7de3-4f91-b5d4-cda0cd2ade6c,2026-04-20 07:40:09.223005,2026-04-20 07:40:09.223005,logs+mt_match,0.0,24,24.0,,Collapsed timestamp,collapsed_timestamp,collapsed_timestamp,Excluded from genuine SLA KPI (migration-collapsed timestamps),Reconstructed SLA from ticket_logs lifecycle + issue_types.sla_hours (NOT verified app formula)
d630d3b6-570c-f6f8-987e-75eab5891d77,dd96a329-ec95-e96a-1348-69d976f39cd4,28158382-d5c1-436c-927b-3e3d9855c2af,Electrical Issues,e213d0c5-7de3-4f91-b5d4-cda0cd2ade6c,2026-04-20 07:40:09.223005,2026-04-20 07:40:09.223005,logs+mt_match,0.0,6,6.0,,Collapsed timestamp,collapsed_timestamp,collapsed_timestamp,Excluded from genuine SLA KPI (migration-collapsed timestamps),Reconstructed SLA from ticket_logs lifecycle + issue_types.sla_hours (NOT verified app formula)
a6e758c2-52fe-42aa-3e2d-75eab932be02,dd96a329-ec95-e96a-1348-69d976f39cd4,47389994-b201-4bb1-bf91-8bce4dbde510,Other,e213d0c5-7de3-4f91-b5d4-cda0cd2ade6c,2026-04-20 07:40:09.223005,2026-04-20 07:40:09.223005,logs+mt_match,0.0,24,24.0,,Collapsed timestamp,collapsed_timestamp,collapsed_timestamp,Excluded from genuine SLA KPI (migration-collapsed timestamps),Reconstructed SLA from ticket_logs lifecycle + issue_types.sla_hours (NOT verified app formula)
6d726407-9326-f5d9-2b31-8ea0a3b6fd5a,dd96a329-ec95-e96a-1348-69d976f39cd4,caf6381e-5189-4c1f-bf0a-4dfd99d9b9e7,Washing machine Issue,e213d0c5-7de3-4f91-b5d4-cda0cd2ade6c,2026-04-20 07:40:09.223005,2026-04-20 07:40:09.223005,logs+mt_match,0.0,24,24.0,,Collapsed timestamp,collapsed_timestamp,collapsed_timestamp,Excluded from genuine SLA KPI (migration-collapsed timestamps),Reconstructed SLA from ticket_logs lifecycle + issue_types.sla_hours (NOT verified app formula)
ccacfcd3-ab18-2e8e-46b6-d1cd9718f4a6,dd96a329-ec95-e96a-1348-69d976f39cd4,abc84f5b-a950-406e-ab46-cefbe11df925,Cleaning Issues,e213d0c5-7de3-4f91-b5d4-cda0cd2ade6c,2026-04-20 07:40:09.223005,2026-04-20 07:40:09.223005,logs+mt_match,0.0,4,4.0,,Collapsed timestamp,collapsed_timestamp,collapsed_timestamp,Excluded from genuine SLA KPI (migration-collapsed timestamps),Reconstructed SLA from ticket_logs lifecycle + issue_types.sla_hours (NOT verified app formula)
0f791ac8-3e49-03a5-38a5-52b9f0faf333,dd96a329-ec95-e96a-1348-69d976f39cd4,abc84f5b-a950-406e-ab46-cefbe11df925,Cleaning Issues,e213d0c5-7de3-4f91-b5d4-cda0cd2ade6c,2026-04-20 07:40:09.223005,2026-04-20 07:40:09.223005,logs+mt_match,0.0,4,4.0,,Collapsed timestamp,collapsed_timestamp,collapsed_timestamp,Excluded from genuine SLA KPI (migration-collapsed timestamps),Reconstructed SLA from ticket_logs lifecycle + issue_types.sla_hours (NOT verified app formula)
b1635ae1-58e8-c773-c965-7465fd7e581b,79853a4a-cb02-508c-e041-7e23378aec9c,a5831922-eaeb-48c2-941c-fd96fae8813d,AC Issues,e213d0c5-7de3-4f91-b5d4-cda0cd2ade6c,2026-04-20 07:40:09.223005,2026-04-20 07:40:09.223005,logs+mt_match,0.0,12,12.0,,Collapsed timestamp,collapsed_timestamp,collapsed_timestamp,Excluded from genuine SLA KPI (migration-collapsed timestamps),Reconstructed SLA from ticket_logs lifecycle + issue_types.sla_hours (NOT verified app formula)
e6b169cb-f485-f929-0c10-3390d853cdef,79853a4a-cb02-508c-e041-7e23378aec9c,d76dd3bd-ccb7-4991-a01f-ce158dfe908e,Plumbing,e213d0c5-7de3-4f91-b5d4-cda0cd2ade6c,2026-04-20 07:40:09.223005,2026-04-20 07:40:09.223005,logs+mt_match,0.0,24,24.0,,Collapsed timestamp,collapsed_timestamp,collapsed_timestamp,Excluded from genuine SLA KPI (migration-collapsed timestamps),Reconstructed SLA from ticket_logs lifecycle + issue_types.sla_hours (NOT verified app formula)
f94f3fc8-0a93-1476-3735-1226c6c07a25,79853a4a-cb02-508c-e041-7e23378aec9c,a5831922-eaeb-48c2-941c-fd96fae8813d,AC Issues,d2b6ece0-395c-4c27-9667-6d7ce50b417c,2026-04-20 07:40:09.223005,2026-04-20 07:40:09.223005,logs+mt_match,0.0,12,12.0,,Collapsed timestamp,collapsed_timestamp,collapsed_timestamp,Excluded from genuine SLA KPI (migration-collapsed timestamps),Reconstructed SLA from ticket_logs lifecycle + issue_types.sla_hours (NOT verified app formula)
fbef5564-61db-b880-111a-a820c57dad7e,2fc42a4f-fe5a-ae08-0e4e-2c89ca71db85,e2aa2aaa-8af6-4807-9a4e-7665c5421eed,Furniture,a55e7168-b152-4072-8b01-0cd4b7e299ca,2026-04-20 07:40:09.223005,2026-04-20 07:40:09.223005,logs+mt_match,0.0,24,24.0,,Collapsed timestamp,collapsed_timestamp,collapsed_timestamp,Excluded from genuine SLA KPI (migration-collapsed timestamps),Reconstructed SLA from ticket_logs lifecycle + issue_types.sla_hours (NOT verified app formula)
78c963c5-baa9-1759-2f33-ee3cfab9a695,2fc42a4f-fe5a-ae08-0e4e-2c89ca71db85,abc84f5b-a950-406e-ab46-cefbe11df925,Cleaning Issues,a55e7168-b152-4072-8b01-0cd4b7e299ca,2026-04-20 07:40:09.223005,2026-04-20 07:40:09.223005,logs+mt_match,0.0,4,4.0,,Collapsed timestamp,collapsed_timestamp,collapsed_timestamp,Excluded from genuine SLA KPI (migration-collapsed timestamps),Reconstructed SLA from ticket_logs lifecycle + issue_types.sla_hours (NOT verified app formula)
3abdc501-c2d0-afab-127c-d3875c9a508f,2fc42a4f-fe5a-ae08-0e4e-2c89ca71db85,a5831922-eaeb-48c2-941c-fd96fae8813d,AC Issues,a55e7168-b152-4072-8b01-0cd4b7e299ca,2026-04-20 07:40:09.223005,2026-04-20 07:40:09.223005,logs+mt_match,0.0,12,12.0,,Collapsed timestamp,collapsed_timestamp,collapsed_timestamp,Excluded from genuine SLA KPI (migration-collapsed timestamps),Reconstructed SLA from ticket_logs lifecycle + issue_types.sla_hours (NOT verified app formula)
c39b8002-c7ea-36ec-acba-ca6b76bd84be,dd96a329-ec95-e96a-1348-69d976f39cd4,7917cc13-aaca-4558-a2c2-8be5cd8fc159,Internet Issues,e213d0c5-7de3-4f91-b5d4-cda0cd2ade6c,2026-04-20 07:40:09.223005,2026-04-20 07:40:09.223005,logs+mt_match,0.0,6,6.0,,Collapsed timestamp,collapsed_timestamp,collapsed_timestamp,Excluded from genuine SLA KPI (migration-collapsed timestamps),Reconstructed SLA from ticket_logs lifecycle + issue_types.sla_hours (NOT verified app formula)
e3cf4f01-f971-d717-ecbb-142e0961de9b,dd96a329-ec95-e96a-1348-69d976f39cd4,28158382-d5c1-436c-927b-3e3d9855c2af,Electrical Issues,e213d0c5-7de3-4f91-b5d4-cda0cd2ade6c,2026-04-20 07:40:09.223005,2026-04-20 07:40:09.223005,logs+mt_match,0.0,6,6.0,,Collapsed timestamp,collapsed_timestamp,collapsed_timestamp,Excluded from genuine SLA KPI (migration-collapsed timestamps),Reconstructed SLA from ticket_logs lifecycle + issue_types.sla_hours (NOT verified app formula)
d419c1b5-a37d-e94a-993d-dcfe97f22719,dd96a329-ec95-e96a-1348-69d976f39cd4,47389994-b201-4bb1-bf91-8bce4dbde510,Other,e213d0c5-7de3-4f91-b5d4-cda0cd2ade6c,2026-04-20 07:40:09.223005,2026-04-20 07:40:09.223005,logs+mt_match,0.0,24,24.0,,Collapsed timestamp,collapsed_timestamp,collapsed_timestamp,Excluded from genuine SLA KPI (migration-collapsed timestamps),Reconstructed SLA from ticket_logs lifecycle + issue_types.sla_hours (NOT verified app formula)
7d73b439-48e1-a4e4-451c-9fd9d2d98814,dd96a329-ec95-e96a-1348-69d976f39cd4,a5831922-eaeb-48c2-941c-fd96fae8813d,AC Issues,e213d0c5-7de3-4f91-b5d4-cda0cd2ade6c,2026-04-20 07:40:09.223005,2026-04-20 07:40:09.223005,logs+mt_match,0.0,12,12.0,,Collapsed timestamp,collapsed_timestamp,collapsed_timestamp,Excluded from genuine SLA KPI (migration-collapsed timestamps),Reconstructed SLA from ticket_logs lifecycle + issue_types.sla_hours (NOT verified app formula)
e0ab7426-e4d5-9303-1698-d86175db730d,dd96a329-ec95-e96a-1348-69d976f39cd4,a5831922-eaeb-48c2-941c-fd96fae8813d,AC Issues,bd081ad6-5fe3-4c1d-a919-81b1055efa19,2026-04-20 07:40:09.223005,2026-04-20 07:40:09.223005,logs+mt_match,0.0,12,12.0,,Collapsed timestamp,collapsed_timestamp,collapsed_timestamp,Excluded from genuine SLA KPI (migration-collapsed timestamps),Reconstructed SLA from ticket_logs lifecycle + issue_types.sla_hours (NOT verified app formula)
e7dd5af9-f2be-5172-d5b6-8253d88014ac,dd96a329-ec95-e96a-1348-69d976f39cd4,01208ba1-4225-4a61-be39-3afe03dad690,RO Water Issues,e213d0c5-7de3-4f91-b5d4-cda0cd2ade6c,2026-04-20 07:40:09.223005,2026-04-20 07:40:09.223005,logs+mt_match,0.0,6,6.0,,Collapsed timestamp,collapsed_timestamp,collapsed_timestamp,Excluded from genuine SLA KPI (migration-collapsed timestamps),Reconstructed SLA from ticket_logs lifecycle + issue_types.sla_hours (NOT verified app formula)
c7bb8bbc-f4a4-05c6-4355-f1ce3bed257d,dd96a329-ec95-e96a-1348-69d976f39cd4,d76dd3bd-ccb7-4991-a01f-ce158dfe908e,Plumbing,d2b6ece0-395c-4c27-9667-6d7ce50b417c,2026-04-20 07:40:09.223005,2026-04-20 07:40:09.223005,logs+mt_match,0.0,24,24.0,,Collapsed timestamp,collapsed_timestamp,collapsed_timestamp,Excluded from genuine SLA KPI (migration-collapsed timestamps),Reconstructed SLA from ticket_logs lifecycle + issue_types.sla_hours (NOT verified app formula)
0f5e0109-0dcb-65ff-6100-bc19889ff88b,dd96a329-ec95-e96a-1348-69d976f39cd4,7917cc13-aaca-4558-a2c2-8be5cd8fc159,Internet Issues,e213d0c5-7de3-4f91-b5d4-cda0cd2ade6c,2026-04-20 07:40:09.223005,2026-04-20 07:40:09.223005,logs+mt_match,0.0,6,6.0,,Collapsed timestamp,collapsed_timestamp,collapsed_timestamp,Excluded from genuine SLA KPI (migration-collapsed timestamps),Reconstructed SLA from ticket_logs lifecycle + issue_types.sla_hours (NOT verified app formula)
99777063-a06d-ca59-ae18-c19e61fd5219,dd96a329-ec95-e96a-1348-69d976f39cd4,e2aa2aaa-8af6-4807-9a4e-7665c5421eed,Furniture,e213d0c5-7de3-4f91-b5d4-cda0cd2ade6c,2026-04-20 07:40:09.223005,2026-04-20 07:40:09.223005,logs+mt_match,0.0,24,24.0,,Collapsed timestamp,collapsed_timestamp,collapsed_timestamp,Excluded from genuine SLA KPI (migration-collapsed timestamps),Reconstructed SLA from ticket_logs lifecycle + issue_types.sla_hours (NOT verified app formula)
c2082173-cb4b-b938-20ca-c03b57ac106c,dd96a329-ec95-e96a-1348-69d976f39cd4,7917cc13-aaca-4558-a2c2-8be5cd8fc159,Internet Issues,e213d0c5-7de3-4f91-b5d4-cda0cd2ade6c,2026-04-20 07:40:09.223005,2026-04-20 07:40:09.223005,logs+mt_match,0.0,6,6.0,,Collapsed timestamp,collapsed_timestamp,collapsed_timestamp,Excluded from genuine SLA KPI (migration-collapsed timestamps),Reconstructed SLA from ticket_logs lifecycle + issue_types.sla_hours (NOT verified app formula)
32d45079-d9b0-5d5c-175f-21583ec19e59,dd96a329-ec95-e96a-1348-69d976f39cd4,d76dd3bd-ccb7-4991-a01f-ce158dfe908e,Plumbing,e213d0c5-7de3-4f91-b5d4-cda0cd2ade6c,2026-04-20 07:40:09.223005,2026-04-20 07:40:09.223005,logs+mt_match,0.0,24,24.0,,Collapsed timestamp,collapsed_timestamp,collapsed_timestamp,Excluded from genuine SLA KPI (migration-collapsed timestamps),Reconstructed SLA from ticket_logs lifecycle + issue_types.sla_hours (NOT verified app formula)
1d8df4cc-1924-d9c9-5d61-79eea0a3a2a2,dd96a329-ec95-e96a-1348-69d976f39cd4,a5831922-eaeb-48c2-941c-fd96fae8813d,AC Issues,d2b6ece0-395c-4c27-9667-6d7ce50b417c,2026-04-20 07:40:09.223005,2026-04-20 07:40:09.223005,logs+mt_match,0.0,12,12.0,,Collapsed timestamp,collapsed_timestamp,collapsed_timestamp,Excluded from genuine SLA KPI (migration-collapsed timestamps),Reconstructed SLA from ticket_logs lifecycle + issue_types.sla_hours (NOT verified app formula)
9c6e430f-4c40-78a6-78d8-801dc576521c,dd96a329-ec95-e96a-1348-69d976f39cd4,01208ba1-4225-4a61-be39-3afe03dad690,RO Water Issues,e213d0c5-7de3-4f91-b5d4-cda0cd2ade6c,2026-04-20 07:40:09.223005,2026-04-20 07:40:09.223005,logs+mt_match,0.0,6,6.0,,Collapsed timestamp,collapsed_timestamp,collapsed_timestamp,Excluded from genuine SLA KPI (migration-collapsed timestamps),Reconstructed SLA from ticket_logs lifecycle + issue_types.sla_hours (NOT verified app formula)
94355d74-84df-42fc-f229-efe047e1f490,dd96a329-ec95-e96a-1348-69d976f39cd4,7917cc13-aaca-4558-a2c2-8be5cd8fc159,Internet Issues,d2b6ece0-395c-4c27-9667-6d7ce50b417c,2026-04-20 07:40:09.223005,2026-04-20 07:40:09.223005,logs+mt_match,0.0,6,6.0,,Collapsed timestamp,collapsed_timestamp,collapsed_timestamp,Excluded from genuine SLA KPI (migration-collapsed timestamps),Reconstructed SLA from ticket_logs lifecycle + issue_types.sla_hours (NOT verified app formula)
f1896899-dd41-7875-5842-26a63376833a,dd96a329-ec95-e96a-1348-69d976f39cd4,d76dd3bd-ccb7-4991-a01f-ce158dfe908e,Plumbing,e213d0c5-7de3-4f91-b5d4-cda0cd2ade6c,2026-04-20 07:40:09.223005,2026-04-20 07:40:09.223005,logs+mt_match,0.0,24,24.0,,Collapsed timestamp,collapsed_timestamp,collapsed_timestamp,Excluded from genuine SLA KPI (migration-collapsed timestamps),Reconstructed SLA from ticket_logs lifecycle + issue_types.sla_hours (NOT verified app formula)
d0f52d78-20c3-3dc7-4639-7e9991625ac3,dd96a329-ec95-e96a-1348-69d976f39cd4,e2aa2aaa-8af6-4807-9a4e-7665c5421eed,Furniture,bd081ad6-5fe3-4c1d-a919-81b1055efa19,2026-04-20 07:40:09.223005,2026-04-20 07:40:09.223005,logs+mt_match,0.0,24,24.0,,Collapsed timestamp,collapsed_timestamp,collapsed_timestamp,Excluded from genuine SLA KPI (migration-collapsed timestamps),Reconstructed SLA from ticket_logs lifecycle + issue_types.sla_hours (NOT verified app formula)
d52d4cfc-f3f8-b4b9-7d22-51aed9524b61,dd96a329-ec95-e96a-1348-69d976f39cd4,28158382-d5c1-436c-927b-3e3d9855c2af,Electrical Issues,bd081ad6-5fe3-4c1d-a919-81b1055efa19,2026-04-20 07:40:09.223005,2026-04-20 07:40:09.223005,logs+mt_match,0.0,6,6.0,,Collapsed timestamp,collapsed_timestamp,collapsed_timestamp,Excluded from genuine SLA KPI (migration-collapsed timestamps),Reconstructed SLA from ticket_logs lifecycle + issue_types.sla_hours (NOT verified app formula)
1b25c9db-34f6-afc3-6665-ddafb484f8ef,bc7f358d-0d6d-f95f-ff80-9089eefdef69,ec405235-70e9-407e-9aa2-b877f8f36af8,Fridge Issues,e213d0c5-7de3-4f91-b5d4-cda0cd2ade6c,2026-04-20 07:40:09.223005,2026-04-20 07:40:09.223005,logs+mt_match,0.0,12,12.0,,Collapsed timestamp,collapsed_timestamp,collapsed_timestamp,Excluded from genuine SLA KPI (migration-collapsed timestamps),Reconstructed SLA from ticket_logs lifecycle + issue_types.sla_hours (NOT verified app formula)
b76396af-a727-9d31-c000-1a46427976f9,bc7f358d-0d6d-f95f-ff80-9089eefdef69,01208ba1-4225-4a61-be39-3afe03dad690,RO Water Issues,e213d0c5-7de3-4f91-b5d4-cda0cd2ade6c,2026-04-20 07:40:09.223005,2026-04-20 07:40:09.223005,logs+mt_match,0.0,6,6.0,,Collapsed timestamp,collapsed_timestamp,collapsed_timestamp,Excluded from genuine SLA KPI (migration-collapsed timestamps),Reconstructed SLA from ticket_logs lifecycle + issue_types.sla_hours (NOT verified app formula)
d3493b15-9a02-75ae-63ee-c9fdfb9258f7,bc7f358d-0d6d-f95f-ff80-9089eefdef69,a5831922-eaeb-48c2-941c-fd96fae8813d,AC Issues,d2b6ece0-395c-4c27-9667-6d7ce50b417c,2026-04-20 07:40:09.223005,2026-04-20 07:40:09.223005,logs+mt_match,0.0,12,12.0,,Collapsed timestamp,collapsed_timestamp,collapsed_timestamp,Excluded from genuine SLA KPI (migration-collapsed timestamps),Reconstructed SLA from ticket_logs lifecycle + issue_types.sla_hours (NOT verified app formula)
ce0beafc-5f92-1f89-2d9c-c3b6c75f93ea,bc7f358d-0d6d-f95f-ff80-9089eefdef69,47389994-b201-4bb1-bf91-8bce4dbde510,Other,e213d0c5-7de3-4f91-b5d4-cda0cd2ade6c,2026-04-20 07:40:09.223005,2026-04-20 07:40:09.223005,logs+mt_match,0.0,24,24.0,,Collapsed timestamp,collapsed_timestamp,collapsed_timestamp,Excluded from genuine SLA KPI (migration-collapsed timestamps),Reconstructed SLA from ticket_logs lifecycle + issue_types.sla_hours (NOT verified app formula)
8a18f425-865d-42c4-7493-379274c5d5fa,bc7f358d-0d6d-f95f-ff80-9089eefdef69,7917cc13-aaca-4558-a2c2-8be5cd8fc159,Internet Issues,e213d0c5-7de3-4f91-b5d4-cda0cd2ade6c,2026-04-20 07:40:09.223005,2026-04-20 07:40:09.223005,logs+mt_match,0.0,6,6.0,,Collapsed timestamp,collapsed_timestamp,collapsed_timestamp,Excluded from genuine SLA KPI (migration-collapsed timestamps),Reconstructed SLA from ticket_logs lifecycle + issue_types.sla_hours (NOT verified app formula)
7381491b-7b44-3ead-7e55-a066248de0a0,bc7f358d-0d6d-f95f-ff80-9089eefdef69,01208ba1-4225-4a61-be39-3afe03dad690,RO Water Issues,e213d0c5-7de3-4f91-b5d4-cda0cd2ade6c,2026-04-20 07:40:09.223005,2026-04-20 07:40:09.223005,logs+mt_match,0.0,6,6.0,,Collapsed timestamp,collapsed_timestamp,collapsed_timestamp,Excluded from genuine SLA KPI (migration-collapsed timestamps),Reconstructed SLA from ticket_logs lifecycle + issue_types.sla_hours (NOT verified app formula)
7d53352f-075e-2c36-a351-a7d8062b78bd,bc7f358d-0d6d-f95f-ff80-9089eefdef69,ec405235-70e9-407e-9aa2-b877f8f36af8,Fridge Issues,e213d0c5-7de3-4f91-b5d4-cda0cd2ade6c,2026-04-20 07:40:09.223005,2026-04-20 07:40:09.223005,logs+mt_match,0.0,12,12.0,,Collapsed timestamp,collapsed_timestamp,collapsed_timestamp,Excluded from genuine SLA KPI (migration-collapsed timestamps),Reconstructed SLA from ticket_logs lifecycle + issue_types.sla_hours (NOT verified app formula)
001a2e9c-a316-5366-433e-c260965f6311,c2ff0c11-4d1b-7b9b-b93c-aa37c9b6c40b,caf6381e-5189-4c1f-bf0a-4dfd99d9b9e7,Washing machine Issue,d2b6ece0-395c-4c27-9667-6d7ce50b417c,2026-04-20 07:40:09.223005,2026-04-20 07:40:09.223005,logs+mt_match,0.0,24,24.0,,Collapsed timestamp,collapsed_timestamp,collapsed_timestamp,Excluded from genuine SLA KPI (migration-collapsed timestamps),Reconstructed SLA from ticket_logs lifecycle + issue_types.sla_hours (NOT verified app formula)
5c70d500-7b97-fbbf-eb5e-989147ffad01,c2ff0c11-4d1b-7b9b-b93c-aa37c9b6c40b,e2aa2aaa-8af6-4807-9a4e-7665c5421eed,Furniture,d2b6ece0-395c-4c27-9667-6d7ce50b417c,2026-04-20 07:40:09.223005,2026-04-20 07:40:09.223005,logs+mt_match,0.0,24,24.0,,Collapsed timestamp,collapsed_timestamp,collapsed_timestamp,Excluded from genuine SLA KPI (migration-collapsed timestamps),Reconstructed SLA from ticket_logs lifecycle + issue_types.sla_hours (NOT verified app formula)
b3826991-f8ec-6f00-00dd-fe4a11f6f050,c2ff0c11-4d1b-7b9b-b93c-aa37c9b6c40b,e2aa2aaa-8af6-4807-9a4e-7665c5421eed,Furniture,d2b6ece0-395c-4c27-9667-6d7ce50b417c,2026-04-20 07:40:09.223005,2026-04-20 07:40:09.223005,logs+mt_match,0.0,24,24.0,,Collapsed timestamp,collapsed_timestamp,collapsed_timestamp,Excluded from genuine SLA KPI (migration-collapsed timestamps),Reconstructed SLA from ticket_logs lifecycle + issue_types.sla_hours (NOT verified app formula)
fa75f127-bf00-d23b-5866-729079c50097,c2ff0c11-4d1b-7b9b-b93c-aa37c9b6c40b,e2aa2aaa-8af6-4807-9a4e-7665c5421eed,Furniture,e213d0c5-7de3-4f91-b5d4-cda0cd2ade6c,2026-04-20 07:40:09.223005,2026-04-20 07:40:09.223005,logs+mt_match,0.0,24,24.0,,Collapsed timestamp,collapsed_timestamp,collapsed_timestamp,Excluded from genuine SLA KPI (migration-collapsed timestamps),Reconstructed SLA from ticket_logs lifecycle + issue_types.sla_hours (NOT verified app formula)
8a38d58b-7f4d-4e91-a87b-017f2c0084a3,c2ff0c11-4d1b-7b9b-b93c-aa37c9b6c40b,a5831922-eaeb-48c2-941c-fd96fae8813d,AC Issues,d2b6ece0-395c-4c27-9667-6d7ce50b417c,2026-04-20 07:40:09.223005,2026-04-20 07:40:09.223005,logs+mt_match,0.0,12,12.0,,Collapsed timestamp,collapsed_timestamp,collapsed_timestamp,Excluded from genuine SLA KPI (migration-collapsed timestamps),Reconstructed SLA from ticket_logs lifecycle + issue_types.sla_hours (NOT verified app formula)
6676bf1d-4385-3d3d-34e4-6d793f58e3db,c2ff0c11-4d1b-7b9b-b93c-aa37c9b6c40b,7917cc13-aaca-4558-a2c2-8be5cd8fc159,Internet Issues,e213d0c5-7de3-4f91-b5d4-cda0cd2ade6c,2026-04-20 07:40:09.223005,2026-04-20 07:40:09.223005,logs+mt_match,0.0,6,6.0,,Collapsed timestamp,collapsed_timestamp,collapsed_timestamp,Excluded from genuine SLA KPI (migration-collapsed timestamps),Reconstructed SLA from ticket_logs lifecycle + issue_types.sla_hours (NOT verified app formula)
c8b00cc6-4aff-bf85-ca89-888be9e8fe41,c2ff0c11-4d1b-7b9b-b93c-aa37c9b6c40b,abc84f5b-a950-406e-ab46-cefbe11df925,Cleaning Issues,e213d0c5-7de3-4f91-b5d4-cda0cd2ade6c,2026-04-20 07:40:09.223005,2026-04-20 07:40:09.223005,logs+mt_match,0.0,4,4.0,,Collapsed timestamp,collapsed_timestamp,collapsed_timestamp,Excluded from genuine SLA KPI (migration-collapsed timestamps),Reconstructed SLA from ticket_logs lifecycle + issue_types.sla_hours (NOT verified app formula)
d5031f98-f842-6fdf-1a2c-2c56422aad19,c2ff0c11-4d1b-7b9b-b93c-aa37c9b6c40b,a5831922-eaeb-48c2-941c-fd96fae8813d,AC Issues,bd081ad6-5fe3-4c1d-a919-81b1055efa19,2026-04-20 07:40:09.223005,2026-04-20 07:40:09.223005,logs+mt_match,0.0,12,12.0,,Collapsed timestamp,collapsed_timestamp,collapsed_timestamp,Excluded from genuine SLA KPI (migration-collapsed timestamps),Reconstructed SLA from ticket_logs lifecycle + issue_types.sla_hours (NOT verified app formula)
04e35aca-0eb1-f869-0612-b0f9095d955a,c2ff0c11-4d1b-7b9b-b93c-aa37c9b6c40b,a5831922-eaeb-48c2-941c-fd96fae8813d,AC Issues,bd081ad6-5fe3-4c1d-a919-81b1055efa19,2026-04-20 07:40:09.223005,2026-04-20 07:40:09.223005,logs+mt_match,0.0,12,12.0,,Collapsed timestamp,collapsed_timestamp,collapsed_timestamp,Excluded from genuine SLA KPI (migration-collapsed timestamps),Reconstructed SLA from ticket_logs lifecycle + issue_types.sla_hours (NOT verified app formula)
5f7c06e9-d4b0-231a-54ec-e7a4dd2315e6,c17c5093-48b7-139f-ebfc-1cd33ef5179c,47389994-b201-4bb1-bf91-8bce4dbde510,Other,e213d0c5-7de3-4f91-b5d4-cda0cd2ade6c,2026-04-20 07:40:09.223005,2026-04-20 07:40:09.223005,logs+mt_match,0.0,24,24.0,,Collapsed timestamp,collapsed_timestamp,collapsed_timestamp,Excluded from genuine SLA KPI (migration-collapsed timestamps),Reconstructed SLA from ticket_logs lifecycle + issue_types.sla_hours (NOT verified app formula)
a5364016-84bc-0360-799f-22ca9a48092a,c17c5093-48b7-139f-ebfc-1cd33ef5179c,e2aa2aaa-8af6-4807-9a4e-7665c5421eed,Furniture,d2b6ece0-395c-4c27-9667-6d7ce50b417c,2026-04-20 07:40:09.223005,2026-04-20 07:40:09.223005,logs+mt_match,0.0,24,24.0,,Collapsed timestamp,collapsed_timestamp,collapsed_timestamp,Excluded from genuine SLA KPI (migration-collapsed timestamps),Reconstructed SLA from ticket_logs lifecycle + issue_types.sla_hours (NOT verified app formula)
65430ff7-582b-c456-3c80-561ebc995325,85292340-826d-52c1-65c7-7f2a9eb2c2c4,a5831922-eaeb-48c2-941c-fd96fae8813d,AC Issues,e213d0c5-7de3-4f91-b5d4-cda0cd2ade6c,2026-04-20 07:40:09.223005,2026-04-20 07:40:09.223005,logs+mt_match,0.0,12,12.0,,Collapsed timestamp,collapsed_timestamp,collapsed_timestamp,Excluded from genuine SLA KPI (migration-collapsed timestamps),Reconstructed SLA from ticket_logs lifecycle + issue_types.sla_hours (NOT verified app formula)
2e133895-32c7-a2e2-8563-ebc8292b174c,d2298bb8-a5e5-735a-c8ca-9b18c7daacd6,a5831922-eaeb-48c2-941c-fd96fae8813d,AC Issues,d2b6ece0-395c-4c27-9667-6d7ce50b417c,2026-04-20 07:40:09.223005,2026-04-20 07:40:09.223005,logs+mt_match,0.0,12,12.0,,Collapsed timestamp,collapsed_timestamp,collapsed_timestamp,Excluded from genuine SLA KPI (migration-collapsed timestamps),Reconstructed SLA from ticket_logs lifecycle + issue_types.sla_hours (NOT verified app formula)
a941c078-343e-4e81-6a4a-755cf6b1f454,d2298bb8-a5e5-735a-c8ca-9b18c7daacd6,e2aa2aaa-8af6-4807-9a4e-7665c5421eed,Furniture,e213d0c5-7de3-4f91-b5d4-cda0cd2ade6c,2026-04-20 07:40:09.223005,2026-04-20 07:40:09.223005,logs+mt_match,0.0,24,24.0,,Collapsed timestamp,collapsed_timestamp,collapsed_timestamp,Excluded from genuine SLA KPI (migration-collapsed timestamps),Reconstructed SLA from ticket_logs lifecycle + issue_types.sla_hours (NOT verified app formula)
f6d40f5d-6f58-2716-7b95-5068e4ef3ded,d2298bb8-a5e5-735a-c8ca-9b18c7daacd6,caf6381e-5189-4c1f-bf0a-4dfd99d9b9e7,Washing machine Issue,a55e7168-b152-4072-8b01-0cd4b7e299ca,2026-04-20 07:40:09.223005,2026-04-20 07:40:09.223005,logs+mt_match,0.0,24,24.0,,Collapsed timestamp,collapsed_timestamp,collapsed_timestamp,Excluded from genuine SLA KPI (migration-collapsed timestamps),Reconstructed SLA from ticket_logs lifecycle + issue_types.sla_hours (NOT verified app formula)
593f2a1e-8225-5619-39ae-88e7f69cf0fa,d2298bb8-a5e5-735a-c8ca-9b18c7daacd6,e2aa2aaa-8af6-4807-9a4e-7665c5421eed,Furniture,a55e7168-b152-4072-8b01-0cd4b7e299ca,2026-04-20 07:40:09.223005,2026-04-20 07:40:09.223005,logs+mt_match,0.0,24,24.0,,Collapsed timestamp,collapsed_timestamp,collapsed_timestamp,Excluded from genuine SLA KPI (migration-collapsed timestamps),Reconstructed SLA from ticket_logs lifecycle + issue_types.sla_hours (NOT verified app formula)
32bcfff6-e18a-8347-e7f2-a90565f062a4,aa73cade-c28c-dc5b-5980-55801ea0d415,7917cc13-aaca-4558-a2c2-8be5cd8fc159,Internet Issues,e213d0c5-7de3-4f91-b5d4-cda0cd2ade6c,2026-04-20 07:40:09.223005,2026-04-20 07:40:09.223005,logs+mt_match,0.0,6,6.0,,Collapsed timestamp,collapsed_timestamp,collapsed_timestamp,Excluded from genuine SLA KPI (migration-collapsed timestamps),Reconstructed SLA from ticket_logs lifecycle + issue_types.sla_hours (NOT verified app formula)
d0e4e252-ae00-938e-4ae4-ed68efe64f90,ffbd5fe0-d9b3-cb55-cfd7-2d72a3498109,d76dd3bd-ccb7-4991-a01f-ce158dfe908e,Plumbing,e213d0c5-7de3-4f91-b5d4-cda0cd2ade6c,2026-04-20 07:40:09.223005,2026-04-20 07:40:09.223005,logs+mt_match,0.0,24,24.0,,Collapsed timestamp,collapsed_timestamp,collapsed_timestamp,Excluded from genuine SLA KPI (migration-collapsed timestamps),Reconstructed SLA from ticket_logs lifecycle + issue_types.sla_hours (NOT verified app formula)
433f81b9-f881-984f-d61d-0b4ecb251f7b,ffbd5fe0-d9b3-cb55-cfd7-2d72a3498109,47389994-b201-4bb1-bf91-8bce4dbde510,Other,e213d0c5-7de3-4f91-b5d4-cda0cd2ade6c,2026-04-20 07:40:09.223005,2026-04-20 07:40:09.223005,logs+mt_match,0.0,24,24.0,,Collapsed timestamp,collapsed_timestamp,collapsed_timestamp,Excluded from genuine SLA KPI (migration-collapsed timestamps),Reconstructed SLA from ticket_logs lifecycle + issue_types.sla_hours (NOT verified app formula)
78c51919-8a58-4bcc-ac84-6e4675c707a0,c2ff0c11-4d1b-7b9b-b93c-aa37c9b6c40b,abc84f5b-a950-406e-ab46-cefbe11df925,Cleaning Issues,bd081ad6-5fe3-4c1d-a919-81b1055efa19,2026-04-09 13:16:55.135219,,logs+mt_match,,4,,,Insufficient lifecycle data,insufficient_lifecycle_data,insufficient_lifecycle_data,No closed event yet / open,Reconstructed SLA from ticket_logs lifecycle + issue_types.sla_hours (NOT verified app formula)
f908e919-590a-1ae4-6f73-1ddc7b017800,ffbd5fe0-d9b3-cb55-cfd7-2d72a3498109,a5831922-eaeb-48c2-941c-fd96fae8813d,AC Issues,e213d0c5-7de3-4f91-b5d4-cda0cd2ade6c,2026-04-20 07:40:09.223005,2026-04-20 07:40:09.223005,logs+mt_match,0.0,12,12.0,,Collapsed timestamp,collapsed_timestamp,collapsed_timestamp,Excluded from genuine SLA KPI (migration-collapsed timestamps),Reconstructed SLA from ticket_logs lifecycle + issue_types.sla_hours (NOT verified app formula)
344ec81c-a19d-f1ba-2d2c-d46f4f39d112,1b4d1066-8fe4-199b-7b3b-39e4bded9714,a5831922-eaeb-48c2-941c-fd96fae8813d,AC Issues,d2b6ece0-395c-4c27-9667-6d7ce50b417c,2026-04-20 07:40:09.223005,2026-04-20 07:40:09.223005,logs+mt_match,0.0,12,12.0,,Collapsed timestamp,collapsed_timestamp,collapsed_timestamp,Excluded from genuine SLA KPI (migration-collapsed timestamps),Reconstructed SLA from ticket_logs lifecycle + issue_types.sla_hours (NOT verified app formula)
35ac2c8f-988c-90b1-5729-8f4566f100a0,1b4d1066-8fe4-199b-7b3b-39e4bded9714,a5831922-eaeb-48c2-941c-fd96fae8813d,AC Issues,d2b6ece0-395c-4c27-9667-6d7ce50b417c,2026-04-20 07:40:09.223005,2026-04-20 07:40:09.223005,logs+mt_match,0.0,12,12.0,,Collapsed timestamp,collapsed_timestamp,collapsed_timestamp,Excluded from genuine SLA KPI (migration-collapsed timestamps),Reconstructed SLA from ticket_logs lifecycle + issue_types.sla_hours (NOT verified app formula)
a6465f30-4e23-1183-f2f8-cbd8dea48580,1b4d1066-8fe4-199b-7b3b-39e4bded9714,a5831922-eaeb-48c2-941c-fd96fae8813d,AC Issues,d2b6ece0-395c-4c27-9667-6d7ce50b417c,2026-04-20 07:40:09.223005,2026-04-20 07:40:09.223005,logs+mt_match,0.0,12,12.0,,Collapsed timestamp,collapsed_timestamp,collapsed_timestamp,Excluded from genuine SLA KPI (migration-collapsed timestamps),Reconstructed SLA from ticket_logs lifecycle + issue_types.sla_hours (NOT verified app formula)
a383137c-f83c-7d32-8f2a-1d6246aef0b4,1b4d1066-8fe4-199b-7b3b-39e4bded9714,a5831922-eaeb-48c2-941c-fd96fae8813d,AC Issues,d2b6ece0-395c-4c27-9667-6d7ce50b417c,2026-04-20 07:40:09.223005,2026-04-20 07:40:09.223005,logs+mt_match,0.0,12,12.0,,Collapsed timestamp,collapsed_timestamp,collapsed_timestamp,Excluded from genuine SLA KPI (migration-collapsed timestamps),Reconstructed SLA from ticket_logs lifecycle + issue_types.sla_hours (NOT verified app formula)
c5b6fd56-e039-ca62-4bec-520fc7d77711,1b4d1066-8fe4-199b-7b3b-39e4bded9714,a5831922-eaeb-48c2-941c-fd96fae8813d,AC Issues,d2b6ece0-395c-4c27-9667-6d7ce50b417c,2026-04-20 07:40:09.223005,2026-04-20 07:40:09.223005,logs+mt_match,0.0,12,12.0,,Collapsed timestamp,collapsed_timestamp,collapsed_timestamp,Excluded from genuine SLA KPI (migration-collapsed timestamps),Reconstructed SLA from ticket_logs lifecycle + issue_types.sla_hours (NOT verified app formula)
ac7b87fb-080f-3d17-374a-de3792479957,1b4d1066-8fe4-199b-7b3b-39e4bded9714,a5831922-eaeb-48c2-941c-fd96fae8813d,AC Issues,d2b6ece0-395c-4c27-9667-6d7ce50b417c,2026-04-20 07:40:09.223005,2026-04-20 07:40:09.223005,logs+mt_match,0.0,12,12.0,,Collapsed timestamp,collapsed_timestamp,collapsed_timestamp,Excluded from genuine SLA KPI (migration-collapsed timestamps),Reconstructed SLA from ticket_logs lifecycle + issue_types.sla_hours (NOT verified app formula)
13699593-fbb1-e74b-77c9-660cdd786638,1b4d1066-8fe4-199b-7b3b-39e4bded9714,a5831922-eaeb-48c2-941c-fd96fae8813d,AC Issues,d2b6ece0-395c-4c27-9667-6d7ce50b417c,2026-04-20 07:40:09.223005,2026-04-20 07:40:09.223005,logs+mt_match,0.0,12,12.0,,Collapsed timestamp,collapsed_timestamp,collapsed_timestamp,Excluded from genuine SLA KPI (migration-collapsed timestamps),Reconstructed SLA from ticket_logs lifecycle + issue_types.sla_hours (NOT verified app formula)
b1ff846d-9f93-3dff-cb1f-d10d78e7e83d,1b4d1066-8fe4-199b-7b3b-39e4bded9714,a5831922-eaeb-48c2-941c-fd96fae8813d,AC Issues,d2b6ece0-395c-4c27-9667-6d7ce50b417c,2026-04-20 07:40:09.223005,2026-04-20 07:40:09.223005,logs+mt_match,0.0,12,12.0,,Collapsed timestamp,collapsed_timestamp,collapsed_timestamp,Excluded from genuine SLA KPI (migration-collapsed timestamps),Reconstructed SLA from ticket_logs lifecycle + issue_types.sla_hours (NOT verified app formula)
479bf1e8-673a-9c3c-b20b-a6ae40009f7e,1b4d1066-8fe4-199b-7b3b-39e4bded9714,a5831922-eaeb-48c2-941c-fd96fae8813d,AC Issues,d2b6ece0-395c-4c27-9667-6d7ce50b417c,2026-04-20 07:40:09.223005,2026-04-20 07:40:09.223005,logs+mt_match,0.0,12,12.0,,Collapsed timestamp,collapsed_timestamp,collapsed_timestamp,Excluded from genuine SLA KPI (migration-collapsed timestamps),Reconstructed SLA from ticket_logs lifecycle + issue_types.sla_hours (NOT verified app formula)
d28fd200-2ceb-bb5e-679f-1c84be768244,1b4d1066-8fe4-199b-7b3b-39e4bded9714,a5831922-eaeb-48c2-941c-fd96fae8813d,AC Issues,d2b6ece0-395c-4c27-9667-6d7ce50b417c,2026-04-20 07:40:09.223005,2026-04-20 07:40:09.223005,logs+mt_match,0.0,12,12.0,,Collapsed timestamp,collapsed_timestamp,collapsed_timestamp,Excluded from genuine SLA KPI (migration-collapsed timestamps),Reconstructed SLA from ticket_logs lifecycle + issue_types.sla_hours (NOT verified app formula)
a7c25386-9046-33f2-3b31-16e37462818e,1b4d1066-8fe4-199b-7b3b-39e4bded9714,a5831922-eaeb-48c2-941c-fd96fae8813d,AC Issues,d2b6ece0-395c-4c27-9667-6d7ce50b417c,2026-04-20 07:40:09.223005,2026-04-20 07:40:09.223005,logs+mt_match,0.0,12,12.0,,Collapsed timestamp,collapsed_timestamp,collapsed_timestamp,Excluded from genuine SLA KPI (migration-collapsed timestamps),Reconstructed SLA from ticket_logs lifecycle + issue_types.sla_hours (NOT verified app formula)
88028ce4-c61f-5200-612b-5cebe1986654,1b4d1066-8fe4-199b-7b3b-39e4bded9714,a5831922-eaeb-48c2-941c-fd96fae8813d,AC Issues,d2b6ece0-395c-4c27-9667-6d7ce50b417c,2026-04-20 07:40:09.223005,2026-04-20 07:40:09.223005,logs+mt_match,0.0,12,12.0,,Collapsed timestamp,collapsed_timestamp,collapsed_timestamp,Excluded from genuine SLA KPI (migration-collapsed timestamps),Reconstructed SLA from ticket_logs lifecycle + issue_types.sla_hours (NOT verified app formula)
90df6aab-bc25-f8e2-7bb4-cb2572293795,1b4d1066-8fe4-199b-7b3b-39e4bded9714,a5831922-eaeb-48c2-941c-fd96fae8813d,AC Issues,d2b6ece0-395c-4c27-9667-6d7ce50b417c,2026-04-20 07:40:09.223005,2026-04-20 07:40:09.223005,logs+mt_match,0.0,12,12.0,,Collapsed timestamp,collapsed_timestamp,collapsed_timestamp,Excluded from genuine SLA KPI (migration-collapsed timestamps),Reconstructed SLA from ticket_logs lifecycle + issue_types.sla_hours (NOT verified app formula)
b76d761f-efb9-b696-b79b-3c715f0dd686,1b4d1066-8fe4-199b-7b3b-39e4bded9714,caf6381e-5189-4c1f-bf0a-4dfd99d9b9e7,Washing machine Issue,d2b6ece0-395c-4c27-9667-6d7ce50b417c,2026-04-20 07:40:09.223005,2026-04-20 07:40:09.223005,logs+mt_match,0.0,24,24.0,,Collapsed timestamp,collapsed_timestamp,collapsed_timestamp,Excluded from genuine SLA KPI (migration-collapsed timestamps),Reconstructed SLA from ticket_logs lifecycle + issue_types.sla_hours (NOT verified app formula)
8fb1f2b5-1c44-e1d4-095b-ea19a7a37026,1b4d1066-8fe4-199b-7b3b-39e4bded9714,47389994-b201-4bb1-bf91-8bce4dbde510,Other,d2b6ece0-395c-4c27-9667-6d7ce50b417c,2026-04-20 07:40:09.223005,2026-04-20 07:40:09.223005,logs+mt_match,0.0,24,24.0,,Collapsed timestamp,collapsed_timestamp,collapsed_timestamp,Excluded from genuine SLA KPI (migration-collapsed timestamps),Reconstructed SLA from ticket_logs lifecycle + issue_types.sla_hours (NOT verified app formula)
499ff5a8-1b16-d883-faad-bda99684bd94,1b4d1066-8fe4-199b-7b3b-39e4bded9714,a5831922-eaeb-48c2-941c-fd96fae8813d,AC Issues,d2b6ece0-395c-4c27-9667-6d7ce50b417c,2026-04-20 07:40:09.223005,2026-04-20 07:40:09.223005,logs+mt_match,0.0,12,12.0,,Collapsed timestamp,collapsed_timestamp,collapsed_timestamp,Excluded from genuine SLA KPI (migration-collapsed timestamps),Reconstructed SLA from ticket_logs lifecycle + issue_types.sla_hours (NOT verified app formula)
75968c96-4cd2-6c96-48a8-b4cce6446e26,1b4d1066-8fe4-199b-7b3b-39e4bded9714,47389994-b201-4bb1-bf91-8bce4dbde510,Other,d2b6ece0-395c-4c27-9667-6d7ce50b417c,2026-04-20 07:40:09.223005,2026-04-20 07:40:09.223005,logs+mt_match,0.0,24,24.0,,Collapsed timestamp,collapsed_timestamp,collapsed_timestamp,Excluded from genuine SLA KPI (migration-collapsed timestamps),Reconstructed SLA from ticket_logs lifecycle + issue_types.sla_hours (NOT verified app formula)
9298bbd0-ee2f-4cc1-fa9c-43f83c73aafd,1b4d1066-8fe4-199b-7b3b-39e4bded9714,47389994-b201-4bb1-bf91-8bce4dbde510,Other,e213d0c5-7de3-4f91-b5d4-cda0cd2ade6c,2026-04-20 07:40:09.223005,2026-04-20 07:40:09.223005,logs+mt_match,0.0,24,24.0,,Collapsed timestamp,collapsed_timestamp,collapsed_timestamp,Excluded from genuine SLA KPI (migration-collapsed timestamps),Reconstructed SLA from ticket_logs lifecycle + issue_types.sla_hours (NOT verified app formula)
6dd43e52-c5a9-77f4-c3f8-e4017d761789,1b4d1066-8fe4-199b-7b3b-39e4bded9714,f3614e6e-8394-40cd-bbb3-b1f78e9f17c2,Billing Issues,d2b6ece0-395c-4c27-9667-6d7ce50b417c,2026-04-20 07:40:09.223005,2026-04-20 07:40:09.223005,logs+mt_match,0.0,24,24.0,,Collapsed timestamp,collapsed_timestamp,collapsed_timestamp,Excluded from genuine SLA KPI (migration-collapsed timestamps),Reconstructed SLA from ticket_logs lifecycle + issue_types.sla_hours (NOT verified app formula)
b3a4f563-9eb9-68e1-8882-648fec628998,1b4d1066-8fe4-199b-7b3b-39e4bded9714,caf6381e-5189-4c1f-bf0a-4dfd99d9b9e7,Washing machine Issue,e213d0c5-7de3-4f91-b5d4-cda0cd2ade6c,2026-04-20 07:40:09.223005,2026-04-20 07:40:09.223005,logs+mt_match,0.0,24,24.0,,Collapsed timestamp,collapsed_timestamp,collapsed_timestamp,Excluded from genuine SLA KPI (migration-collapsed timestamps),Reconstructed SLA from ticket_logs lifecycle + issue_types.sla_hours (NOT verified app formula)
21fc81d0-0871-fd42-e598-d8111a0c6d20,1b4d1066-8fe4-199b-7b3b-39e4bded9714,47389994-b201-4bb1-bf91-8bce4dbde510,Other,d2b6ece0-395c-4c27-9667-6d7ce50b417c,2026-04-20 07:40:09.223005,2026-04-20 07:40:09.223005,logs+mt_match,0.0,24,24.0,,Collapsed timestamp,collapsed_timestamp,collapsed_timestamp,Excluded from genuine SLA KPI (migration-collapsed timestamps),Reconstructed SLA from ticket_logs lifecycle + issue_types.sla_hours (NOT verified app formula)
6419a0fa-fd56-78bf-b267-45e1459ef865,1b4d1066-8fe4-199b-7b3b-39e4bded9714,caf6381e-5189-4c1f-bf0a-4dfd99d9b9e7,Washing machine Issue,bd081ad6-5fe3-4c1d-a919-81b1055efa19,2026-04-20 07:40:09.223005,2026-04-20 07:40:09.223005,logs+mt_match,0.0,24,24.0,,Collapsed timestamp,collapsed_timestamp,collapsed_timestamp,Excluded from genuine SLA KPI (migration-collapsed timestamps),Reconstructed SLA from ticket_logs lifecycle + issue_types.sla_hours (NOT verified app formula)
67874652-d7d1-5d89-1e13-b2b3aead6c9d,9d5d0096-0b78-a663-1142-be871dfa2bda,a5831922-eaeb-48c2-941c-fd96fae8813d,AC Issues,d2b6ece0-395c-4c27-9667-6d7ce50b417c,2026-04-20 07:40:09.223005,2026-04-20 07:40:09.223005,logs+mt_match,0.0,12,12.0,,Collapsed timestamp,collapsed_timestamp,collapsed_timestamp,Excluded from genuine SLA KPI (migration-collapsed timestamps),Reconstructed SLA from ticket_logs lifecycle + issue_types.sla_hours (NOT verified app formula)
5faf0ee5-1b3e-2151-d131-ee42ecb6ab7b,574de174-c7bb-bc11-f282-cff2aa2501c5,01208ba1-4225-4a61-be39-3afe03dad690,RO Water Issues,d2b6ece0-395c-4c27-9667-6d7ce50b417c,2026-04-20 07:40:09.223005,2026-04-20 07:40:09.223005,logs+mt_match,0.0,6,6.0,,Collapsed timestamp,collapsed_timestamp,collapsed_timestamp,Excluded from genuine SLA KPI (migration-collapsed timestamps),Reconstructed SLA from ticket_logs lifecycle + issue_types.sla_hours (NOT verified app formula)
2d3ab790-25d2-0d83-666a-ee73e9ea2cb9,574de174-c7bb-bc11-f282-cff2aa2501c5,01208ba1-4225-4a61-be39-3afe03dad690,RO Water Issues,d2b6ece0-395c-4c27-9667-6d7ce50b417c,2026-04-20 07:40:09.223005,2026-04-20 07:40:09.223005,logs+mt_match,0.0,6,6.0,,Collapsed timestamp,collapsed_timestamp,collapsed_timestamp,Excluded from genuine SLA KPI (migration-collapsed timestamps),Reconstructed SLA from ticket_logs lifecycle + issue_types.sla_hours (NOT verified app formula)
8acf69f6-f774-4864-930d-6998e3c0bd1e,fb5cedd6-2992-1c62-7fba-4a7a6b43b2ff,e2aa2aaa-8af6-4807-9a4e-7665c5421eed,Furniture,bd081ad6-5fe3-4c1d-a919-81b1055efa19,2026-04-13 16:07:56.959761,,logs+mt_match,,24,,,Insufficient lifecycle data,insufficient_lifecycle_data,insufficient_lifecycle_data,No closed event yet / open,Reconstructed SLA from ticket_logs lifecycle + issue_types.sla_hours (NOT verified app formula)
51959913-1e11-1890-7273-d24ab4c4faef,574de174-c7bb-bc11-f282-cff2aa2501c5,e2aa2aaa-8af6-4807-9a4e-7665c5421eed,Furniture,d2b6ece0-395c-4c27-9667-6d7ce50b417c,2026-04-20 07:40:09.223005,2026-04-20 07:40:09.223005,logs+mt_match,0.0,24,24.0,,Collapsed timestamp,collapsed_timestamp,collapsed_timestamp,Excluded from genuine SLA KPI (migration-collapsed timestamps),Reconstructed SLA from ticket_logs lifecycle + issue_types.sla_hours (NOT verified app formula)
3e142f38-96cd-b474-f8b0-0b9558f99f46,574de174-c7bb-bc11-f282-cff2aa2501c5,28158382-d5c1-436c-927b-3e3d9855c2af,Electrical Issues,e213d0c5-7de3-4f91-b5d4-cda0cd2ade6c,2026-04-20 07:40:09.223005,2026-04-20 07:40:09.223005,logs+mt_match,0.0,6,6.0,,Collapsed timestamp,collapsed_timestamp,collapsed_timestamp,Excluded from genuine SLA KPI (migration-collapsed timestamps),Reconstructed SLA from ticket_logs lifecycle + issue_types.sla_hours (NOT verified app formula)
c178b4b7-d5b4-9128-d71a-493657ef3f3e,574de174-c7bb-bc11-f282-cff2aa2501c5,a5831922-eaeb-48c2-941c-fd96fae8813d,AC Issues,d2b6ece0-395c-4c27-9667-6d7ce50b417c,2026-04-20 07:40:09.223005,2026-04-20 07:40:09.223005,logs+mt_match,0.0,12,12.0,,Collapsed timestamp,collapsed_timestamp,collapsed_timestamp,Excluded from genuine SLA KPI (migration-collapsed timestamps),Reconstructed SLA from ticket_logs lifecycle + issue_types.sla_hours (NOT verified app formula)
6985c2d7-c75e-0aa7-fdba-4e611259d164,574de174-c7bb-bc11-f282-cff2aa2501c5,47389994-b201-4bb1-bf91-8bce4dbde510,Other,e213d0c5-7de3-4f91-b5d4-cda0cd2ade6c,2026-04-20 07:40:09.223005,2026-04-20 07:40:09.223005,logs+mt_match,0.0,24,24.0,,Collapsed timestamp,collapsed_timestamp,collapsed_timestamp,Excluded from genuine SLA KPI (migration-collapsed timestamps),Reconstructed SLA from ticket_logs lifecycle + issue_types.sla_hours (NOT verified app formula)
bf4a8b4c-b0db-1345-9092-67061e46a1ab,574de174-c7bb-bc11-f282-cff2aa2501c5,d76dd3bd-ccb7-4991-a01f-ce158dfe908e,Plumbing,e213d0c5-7de3-4f91-b5d4-cda0cd2ade6c,2026-04-20 07:40:09.223005,2026-04-20 07:40:09.223005,logs+mt_match,0.0,24,24.0,,Collapsed timestamp,collapsed_timestamp,collapsed_timestamp,Excluded from genuine SLA KPI (migration-collapsed timestamps),Reconstructed SLA from ticket_logs lifecycle + issue_types.sla_hours (NOT verified app formula)
484162ef-a628-3ed5-b066-49a041d48726,574de174-c7bb-bc11-f282-cff2aa2501c5,01208ba1-4225-4a61-be39-3afe03dad690,RO Water Issues,e213d0c5-7de3-4f91-b5d4-cda0cd2ade6c,2026-04-20 07:40:09.223005,2026-04-20 07:40:09.223005,logs+mt_match,0.0,6,6.0,,Collapsed timestamp,collapsed_timestamp,collapsed_timestamp,Excluded from genuine SLA KPI (migration-collapsed timestamps),Reconstructed SLA from ticket_logs lifecycle + issue_types.sla_hours (NOT verified app formula)
6f3095ec-8946-8d2a-b83c-a9d46df0809e,574de174-c7bb-bc11-f282-cff2aa2501c5,28158382-d5c1-436c-927b-3e3d9855c2af,Electrical Issues,e213d0c5-7de3-4f91-b5d4-cda0cd2ade6c,2026-04-20 07:40:09.223005,2026-04-20 07:40:09.223005,logs+mt_match,0.0,6,6.0,,Collapsed timestamp,collapsed_timestamp,collapsed_timestamp,Excluded from genuine SLA KPI (migration-collapsed timestamps),Reconstructed SLA from ticket_logs lifecycle + issue_types.sla_hours (NOT verified app formula)
ed33db40-0cc9-a1d4-3477-29dcb26f0324,574de174-c7bb-bc11-f282-cff2aa2501c5,a5831922-eaeb-48c2-941c-fd96fae8813d,AC Issues,d2b6ece0-395c-4c27-9667-6d7ce50b417c,2026-04-20 07:40:09.223005,2026-04-20 07:40:09.223005,logs+mt_match,0.0,12,12.0,,Collapsed timestamp,collapsed_timestamp,collapsed_timestamp,Excluded from genuine SLA KPI (migration-collapsed timestamps),Reconstructed SLA from ticket_logs lifecycle + issue_types.sla_hours (NOT verified app formula)
2c519828-7cf5-d70d-4cb1-52e00a8334cc,574de174-c7bb-bc11-f282-cff2aa2501c5,d76dd3bd-ccb7-4991-a01f-ce158dfe908e,Plumbing,e213d0c5-7de3-4f91-b5d4-cda0cd2ade6c,2026-04-20 07:40:09.223005,2026-04-20 07:40:09.223005,logs+mt_match,0.0,24,24.0,,Collapsed timestamp,collapsed_timestamp,collapsed_timestamp,Excluded from genuine SLA KPI (migration-collapsed timestamps),Reconstructed SLA from ticket_logs lifecycle + issue_types.sla_hours (NOT verified app formula)
badb3cb0-39fe-9836-946b-e258a03bbf6a,574de174-c7bb-bc11-f282-cff2aa2501c5,47389994-b201-4bb1-bf91-8bce4dbde510,Other,d2b6ece0-395c-4c27-9667-6d7ce50b417c,2026-04-20 07:40:09.223005,2026-04-20 07:40:09.223005,logs+mt_match,0.0,24,24.0,,Collapsed timestamp,collapsed_timestamp,collapsed_timestamp,Excluded from genuine SLA KPI (migration-collapsed timestamps),Reconstructed SLA from ticket_logs lifecycle + issue_types.sla_hours (NOT verified app formula)
42672831-9a59-a059-dc72-3c065189a994,574de174-c7bb-bc11-f282-cff2aa2501c5,01208ba1-4225-4a61-be39-3afe03dad690,RO Water Issues,e213d0c5-7de3-4f91-b5d4-cda0cd2ade6c,2026-04-20 07:40:09.223005,2026-04-20 07:40:09.223005,logs+mt_match,0.0,6,6.0,,Collapsed timestamp,collapsed_timestamp,collapsed_timestamp,Excluded from genuine SLA KPI (migration-collapsed timestamps),Reconstructed SLA from ticket_logs lifecycle + issue_types.sla_hours (NOT verified app formula)
40b92aa1-6736-3e4f-b6d7-6d7e200a4263,574de174-c7bb-bc11-f282-cff2aa2501c5,01208ba1-4225-4a61-be39-3afe03dad690,RO Water Issues,e213d0c5-7de3-4f91-b5d4-cda0cd2ade6c,2026-04-20 07:40:09.223005,2026-04-20 07:40:09.223005,logs+mt_match,0.0,6,6.0,,Collapsed timestamp,collapsed_timestamp,collapsed_timestamp,Excluded from genuine SLA KPI (migration-collapsed timestamps),Reconstructed SLA from ticket_logs lifecycle + issue_types.sla_hours (NOT verified app formula)
22d47b77-1bc2-30a2-8c9d-79b6a8fa7adb,574de174-c7bb-bc11-f282-cff2aa2501c5,47389994-b201-4bb1-bf91-8bce4dbde510,Other,e213d0c5-7de3-4f91-b5d4-cda0cd2ade6c,2026-04-20 07:40:09.223005,2026-04-20 07:40:09.223005,logs+mt_match,0.0,24,24.0,,Collapsed timestamp,collapsed_timestamp,collapsed_timestamp,Excluded from genuine SLA KPI (migration-collapsed timestamps),Reconstructed SLA from ticket_logs lifecycle + issue_types.sla_hours (NOT verified app formula)
7ee2fea9-67aa-7357-5ea6-c4ca0aaf7fc1,574de174-c7bb-bc11-f282-cff2aa2501c5,a5831922-eaeb-48c2-941c-fd96fae8813d,AC Issues,d2b6ece0-395c-4c27-9667-6d7ce50b417c,2026-04-20 07:40:09.223005,2026-04-20 07:40:09.223005,logs+mt_match,0.0,12,12.0,,Collapsed timestamp,collapsed_timestamp,collapsed_timestamp,Excluded from genuine SLA KPI (migration-collapsed timestamps),Reconstructed SLA from ticket_logs lifecycle + issue_types.sla_hours (NOT verified app formula)
864927b8-23a6-4604-b885-b882c3eaea80,d2298bb8-a5e5-735a-c8ca-9b18c7daacd6,caf6381e-5189-4c1f-bf0a-4dfd99d9b9e7,Washing machine Issue,e4897d45-cba7-4d8a-ade0-d6014ccba68d,2026-04-10 10:20:47.816172,,logs+mt_match,,24,,,Insufficient lifecycle data,insufficient_lifecycle_data,insufficient_lifecycle_data,No closed event yet / open,Reconstructed SLA from ticket_logs lifecycle + issue_types.sla_hours (NOT verified app formula)
47edf057-a884-4cb6-ae6e-5fbb26bcef22,0a839c14-2a88-9896-c2f2-8d51fe610405,e2aa2aaa-8af6-4807-9a4e-7665c5421eed,Furniture,e4897d45-cba7-4d8a-ade0-d6014ccba68d,2026-04-16 08:51:31.371728,,logs+mt_match,,24,,,Insufficient lifecycle data,insufficient_lifecycle_data,insufficient_lifecycle_data,No closed event yet / open,Reconstructed SLA from ticket_logs lifecycle + issue_types.sla_hours (NOT verified app formula)
c858bfef-db3f-4d0f-f219-0519df977d44,574de174-c7bb-bc11-f282-cff2aa2501c5,e2aa2aaa-8af6-4807-9a4e-7665c5421eed,Furniture,e213d0c5-7de3-4f91-b5d4-cda0cd2ade6c,2026-04-20 07:40:09.223005,2026-04-20 07:40:09.223005,logs+mt_match,0.0,24,24.0,,Collapsed timestamp,collapsed_timestamp,collapsed_timestamp,Excluded from genuine SLA KPI (migration-collapsed timestamps),Reconstructed SLA from ticket_logs lifecycle + issue_types.sla_hours (NOT verified app formula)
f878ae6d-c005-a23a-3984-6e38e2d10ed7,574de174-c7bb-bc11-f282-cff2aa2501c5,01208ba1-4225-4a61-be39-3afe03dad690,RO Water Issues,e213d0c5-7de3-4f91-b5d4-cda0cd2ade6c,2026-04-20 07:40:09.223005,2026-04-20 07:40:09.223005,logs+mt_match,0.0,6,6.0,,Collapsed timestamp,collapsed_timestamp,collapsed_timestamp,Excluded from genuine SLA KPI (migration-collapsed timestamps),Reconstructed SLA from ticket_logs lifecycle + issue_types.sla_hours (NOT verified app formula)
9a5cacfe-adec-0b39-19f3-fff80dd71bce,574de174-c7bb-bc11-f282-cff2aa2501c5,caf6381e-5189-4c1f-bf0a-4dfd99d9b9e7,Washing machine Issue,e213d0c5-7de3-4f91-b5d4-cda0cd2ade6c,2026-04-20 07:40:09.223005,2026-04-20 07:40:09.223005,logs+mt_match,0.0,24,24.0,,Collapsed timestamp,collapsed_timestamp,collapsed_timestamp,Excluded from genuine SLA KPI (migration-collapsed timestamps),Reconstructed SLA from ticket_logs lifecycle + issue_types.sla_hours (NOT verified app formula)
8b5381ba-acdf-03f6-6be7-6800dea7cbe9,574de174-c7bb-bc11-f282-cff2aa2501c5,28158382-d5c1-436c-927b-3e3d9855c2af,Electrical Issues,e213d0c5-7de3-4f91-b5d4-cda0cd2ade6c,2026-04-20 07:40:09.223005,2026-04-20 07:40:09.223005,logs+mt_match,0.0,6,6.0,,Collapsed timestamp,collapsed_timestamp,collapsed_timestamp,Excluded from genuine SLA KPI (migration-collapsed timestamps),Reconstructed SLA from ticket_logs lifecycle + issue_types.sla_hours (NOT verified app formula)
6093b3d1-66a4-6af6-6a8f-c38000ed54d3,574de174-c7bb-bc11-f282-cff2aa2501c5,28158382-d5c1-436c-927b-3e3d9855c2af,Electrical Issues,e213d0c5-7de3-4f91-b5d4-cda0cd2ade6c,2026-04-20 07:40:09.223005,2026-04-20 07:40:09.223005,logs+mt_match,0.0,6,6.0,,Collapsed timestamp,collapsed_timestamp,collapsed_timestamp,Excluded from genuine SLA KPI (migration-collapsed timestamps),Reconstructed SLA from ticket_logs lifecycle + issue_types.sla_hours (NOT verified app formula)
fe135c45-2c5f-ff36-9116-8e946fbcdf6d,574de174-c7bb-bc11-f282-cff2aa2501c5,01208ba1-4225-4a61-be39-3afe03dad690,RO Water Issues,e213d0c5-7de3-4f91-b5d4-cda0cd2ade6c,2026-04-20 07:40:09.223005,2026-04-20 07:40:09.223005,logs+mt_match,0.0,6,6.0,,Collapsed timestamp,collapsed_timestamp,collapsed_timestamp,Excluded from genuine SLA KPI (migration-collapsed timestamps),Reconstructed SLA from ticket_logs lifecycle + issue_types.sla_hours (NOT verified app formula)
f3f9fb0f-bafa-4449-b1cc-708f927d4d18,bde00681-ebfc-ef38-4f6e-4906a012de6b,d76dd3bd-ccb7-4991-a01f-ce158dfe908e,Plumbing,bd081ad6-5fe3-4c1d-a919-81b1055efa19,2026-04-15 08:54:24.879225,,logs+mt_match,,24,,,Insufficient lifecycle data,insufficient_lifecycle_data,insufficient_lifecycle_data,No closed event yet / open,Reconstructed SLA from ticket_logs lifecycle + issue_types.sla_hours (NOT verified app formula)
6ce14ba3-0273-dec5-c6e8-ce50b7f82458,574de174-c7bb-bc11-f282-cff2aa2501c5,01208ba1-4225-4a61-be39-3afe03dad690,RO Water Issues,e213d0c5-7de3-4f91-b5d4-cda0cd2ade6c,2026-04-20 07:40:09.223005,2026-04-20 07:40:09.223005,logs+mt_match,0.0,6,6.0,,Collapsed timestamp,collapsed_timestamp,collapsed_timestamp,Excluded from genuine SLA KPI (migration-collapsed timestamps),Reconstructed SLA from ticket_logs lifecycle + issue_types.sla_hours (NOT verified app formula)
c1d1b7b9-f412-3169-3a23-1dc873449273,574de174-c7bb-bc11-f282-cff2aa2501c5,28158382-d5c1-436c-927b-3e3d9855c2af,Electrical Issues,e213d0c5-7de3-4f91-b5d4-cda0cd2ade6c,2026-04-20 07:40:09.223005,2026-04-20 07:40:09.223005,logs+mt_match,0.0,6,6.0,,Collapsed timestamp,collapsed_timestamp,collapsed_timestamp,Excluded from genuine SLA KPI (migration-collapsed timestamps),Reconstructed SLA from ticket_logs lifecycle + issue_types.sla_hours (NOT verified app formula)
62af6e4b-83dc-31fe-466b-e27a73446760,574de174-c7bb-bc11-f282-cff2aa2501c5,01208ba1-4225-4a61-be39-3afe03dad690,RO Water Issues,e213d0c5-7de3-4f91-b5d4-cda0cd2ade6c,2026-04-20 07:40:09.223005,2026-04-20 07:40:09.223005,logs+mt_match,0.0,6,6.0,,Collapsed timestamp,collapsed_timestamp,collapsed_timestamp,Excluded from genuine SLA KPI (migration-collapsed timestamps),Reconstructed SLA from ticket_logs lifecycle + issue_types.sla_hours (NOT verified app formula)
0f76e7a0-46f8-6d73-2b28-b0e2719414a0,574de174-c7bb-bc11-f282-cff2aa2501c5,28158382-d5c1-436c-927b-3e3d9855c2af,Electrical Issues,e213d0c5-7de3-4f91-b5d4-cda0cd2ade6c,2026-04-20 07:40:09.223005,2026-04-20 07:40:09.223005,logs+mt_match,0.0,6,6.0,,Collapsed timestamp,collapsed_timestamp,collapsed_timestamp,Excluded from genuine SLA KPI (migration-collapsed timestamps),Reconstructed SLA from ticket_logs lifecycle + issue_types.sla_hours (NOT verified app formula)
0a213065-021d-087d-4cd0-6c6b6161e442,2fc42a4f-fe5a-ae08-0e4e-2c89ca71db85,01208ba1-4225-4a61-be39-3afe03dad690,RO Water Issues,e213d0c5-7de3-4f91-b5d4-cda0cd2ade6c,2026-04-20 07:40:09.223005,2026-04-20 07:40:09.223005,logs+mt_match,0.0,6,6.0,,Collapsed timestamp,collapsed_timestamp,collapsed_timestamp,Excluded from genuine SLA KPI (migration-collapsed timestamps),Reconstructed SLA from ticket_logs lifecycle + issue_types.sla_hours (NOT verified app formula)
007e589d-aa52-be62-0044-c5682cf9ff5d,2fc42a4f-fe5a-ae08-0e4e-2c89ca71db85,e2aa2aaa-8af6-4807-9a4e-7665c5421eed,Furniture,e213d0c5-7de3-4f91-b5d4-cda0cd2ade6c,2026-04-20 07:40:09.223005,2026-04-20 07:40:09.223005,logs+mt_match,0.0,24,24.0,,Collapsed timestamp,collapsed_timestamp,collapsed_timestamp,Excluded from genuine SLA KPI (migration-collapsed timestamps),Reconstructed SLA from ticket_logs lifecycle + issue_types.sla_hours (NOT verified app formula)
a9236a7f-e98b-f82b-31fb-adbe52054ca5,a361bd0d-c2c1-2aee-6303-d65de004edd0,caf6381e-5189-4c1f-bf0a-4dfd99d9b9e7,Washing machine Issue,e213d0c5-7de3-4f91-b5d4-cda0cd2ade6c,2026-04-20 07:40:09.223005,2026-04-20 07:40:09.223005,logs+mt_match,0.0,24,24.0,,Collapsed timestamp,collapsed_timestamp,collapsed_timestamp,Excluded from genuine SLA KPI (migration-collapsed timestamps),Reconstructed SLA from ticket_logs lifecycle + issue_types.sla_hours (NOT verified app formula)
fbda59df-22f8-673b-b07b-95492ef1337b,990e8a3e-a69c-7b31-f606-3eeb21e3d4c6,caf6381e-5189-4c1f-bf0a-4dfd99d9b9e7,Washing machine Issue,e213d0c5-7de3-4f91-b5d4-cda0cd2ade6c,2026-04-20 07:40:09.223005,2026-04-20 07:40:09.223005,logs+mt_match,0.0,24,24.0,,Collapsed timestamp,collapsed_timestamp,collapsed_timestamp,Excluded from genuine SLA KPI (migration-collapsed timestamps),Reconstructed SLA from ticket_logs lifecycle + issue_types.sla_hours (NOT verified app formula)
a953844f-7a56-1195-4b84-ed1481c2e445,990e8a3e-a69c-7b31-f606-3eeb21e3d4c6,47389994-b201-4bb1-bf91-8bce4dbde510,Other,e213d0c5-7de3-4f91-b5d4-cda0cd2ade6c,2026-04-20 07:40:09.223005,2026-04-20 07:40:09.223005,logs+mt_match,0.0,24,24.0,,Collapsed timestamp,collapsed_timestamp,collapsed_timestamp,Excluded from genuine SLA KPI (migration-collapsed timestamps),Reconstructed SLA from ticket_logs lifecycle + issue_types.sla_hours (NOT verified app formula)
2326e405-37ae-3906-152a-102bb782de8b,990e8a3e-a69c-7b31-f606-3eeb21e3d4c6,d76dd3bd-ccb7-4991-a01f-ce158dfe908e,Plumbing,e213d0c5-7de3-4f91-b5d4-cda0cd2ade6c,2026-04-20 07:40:09.223005,2026-04-20 07:40:09.223005,logs+mt_match,0.0,24,24.0,,Collapsed timestamp,collapsed_timestamp,collapsed_timestamp,Excluded from genuine SLA KPI (migration-collapsed timestamps),Reconstructed SLA from ticket_logs lifecycle + issue_types.sla_hours (NOT verified app formula)
154c14c7-590e-44b2-bae9-8cc1ec79bdac,dc4adc21-f501-0573-2e9a-d7bbbc89e5d6,e2aa2aaa-8af6-4807-9a4e-7665c5421eed,Furniture,bd081ad6-5fe3-4c1d-a919-81b1055efa19,2026-04-15 08:53:31.303567,,logs+mt_match,,24,,,Insufficient lifecycle data,insufficient_lifecycle_data,insufficient_lifecycle_data,No closed event yet / open,Reconstructed SLA from ticket_logs lifecycle + issue_types.sla_hours (NOT verified app formula)
a6bf74c0-61b5-353f-aa2e-4740e153d3b4,990e8a3e-a69c-7b31-f606-3eeb21e3d4c6,ec405235-70e9-407e-9aa2-b877f8f36af8,Fridge Issues,e213d0c5-7de3-4f91-b5d4-cda0cd2ade6c,2026-04-20 07:40:09.223005,2026-04-20 07:40:09.223005,logs+mt_match,0.0,12,12.0,,Collapsed timestamp,collapsed_timestamp,collapsed_timestamp,Excluded from genuine SLA KPI (migration-collapsed timestamps),Reconstructed SLA from ticket_logs lifecycle + issue_types.sla_hours (NOT verified app formula)
25e9589e-699d-5219-577f-b0c37e301a54,990e8a3e-a69c-7b31-f606-3eeb21e3d4c6,7917cc13-aaca-4558-a2c2-8be5cd8fc159,Internet Issues,e213d0c5-7de3-4f91-b5d4-cda0cd2ade6c,2026-04-20 07:40:09.223005,2026-04-20 07:40:09.223005,logs+mt_match,0.0,6,6.0,,Collapsed timestamp,collapsed_timestamp,collapsed_timestamp,Excluded from genuine SLA KPI (migration-collapsed timestamps),Reconstructed SLA from ticket_logs lifecycle + issue_types.sla_hours (NOT verified app formula)
a735d8a3-de99-acf1-d943-33a386ad48cf,990e8a3e-a69c-7b31-f606-3eeb21e3d4c6,7917cc13-aaca-4558-a2c2-8be5cd8fc159,Internet Issues,a55e7168-b152-4072-8b01-0cd4b7e299ca,2026-04-20 07:40:09.223005,2026-04-20 07:40:09.223005,logs+mt_match,0.0,6,6.0,,Collapsed timestamp,collapsed_timestamp,collapsed_timestamp,Excluded from genuine SLA KPI (migration-collapsed timestamps),Reconstructed SLA from ticket_logs lifecycle + issue_types.sla_hours (NOT verified app formula)
1948f55b-f4aa-e1b7-6c49-db9dbac439a9,990e8a3e-a69c-7b31-f606-3eeb21e3d4c6,47389994-b201-4bb1-bf91-8bce4dbde510,Other,a55e7168-b152-4072-8b01-0cd4b7e299ca,2026-04-20 07:40:09.223005,2026-04-20 07:40:09.223005,logs+mt_match,0.0,24,24.0,,Collapsed timestamp,collapsed_timestamp,collapsed_timestamp,Excluded from genuine SLA KPI (migration-collapsed timestamps),Reconstructed SLA from ticket_logs lifecycle + issue_types.sla_hours (NOT verified app formula)
6d16f9b1-debb-9ee4-d988-b757a0350cf7,bde00681-ebfc-ef38-4f6e-4906a012de6b,d76dd3bd-ccb7-4991-a01f-ce158dfe908e,Plumbing,e213d0c5-7de3-4f91-b5d4-cda0cd2ade6c,2026-04-20 07:40:09.223005,2026-04-20 07:40:09.223005,logs+mt_match,0.0,24,24.0,,Collapsed timestamp,collapsed_timestamp,collapsed_timestamp,Excluded from genuine SLA KPI (migration-collapsed timestamps),Reconstructed SLA from ticket_logs lifecycle + issue_types.sla_hours (NOT verified app formula)
88d9b06e-58e2-d7d0-46f7-a41b77505c6e,bde00681-ebfc-ef38-4f6e-4906a012de6b,e2aa2aaa-8af6-4807-9a4e-7665c5421eed,Furniture,e213d0c5-7de3-4f91-b5d4-cda0cd2ade6c,2026-04-20 07:40:09.223005,2026-04-20 07:40:09.223005,logs+mt_match,0.0,24,24.0,,Collapsed timestamp,collapsed_timestamp,collapsed_timestamp,Excluded from genuine SLA KPI (migration-collapsed timestamps),Reconstructed SLA from ticket_logs lifecycle + issue_types.sla_hours (NOT verified app formula)
eb253da6-91b6-dd8a-77bf-8cf5f11a75a3,bde00681-ebfc-ef38-4f6e-4906a012de6b,e2aa2aaa-8af6-4807-9a4e-7665c5421eed,Furniture,e213d0c5-7de3-4f91-b5d4-cda0cd2ade6c,2026-04-20 07:40:09.223005,2026-04-20 07:40:09.223005,logs+mt_match,0.0,24,24.0,,Collapsed timestamp,collapsed_timestamp,collapsed_timestamp,Excluded from genuine SLA KPI (migration-collapsed timestamps),Reconstructed SLA from ticket_logs lifecycle + issue_types.sla_hours (NOT verified app formula)
da09fe1c-7d29-2e41-3605-6daeee02dcf5,bde00681-ebfc-ef38-4f6e-4906a012de6b,01208ba1-4225-4a61-be39-3afe03dad690,RO Water Issues,e213d0c5-7de3-4f91-b5d4-cda0cd2ade6c,2026-04-20 07:40:09.223005,2026-04-20 07:40:09.223005,logs+mt_match,0.0,6,6.0,,Collapsed timestamp,collapsed_timestamp,collapsed_timestamp,Excluded from genuine SLA KPI (migration-collapsed timestamps),Reconstructed SLA from ticket_logs lifecycle + issue_types.sla_hours (NOT verified app formula)
71f582cc-7db3-4fbb-f6ee-121469b7f04e,bde00681-ebfc-ef38-4f6e-4906a012de6b,7917cc13-aaca-4558-a2c2-8be5cd8fc159,Internet Issues,e213d0c5-7de3-4f91-b5d4-cda0cd2ade6c,2026-04-20 07:40:09.223005,2026-04-20 07:40:09.223005,logs+mt_match,0.0,6,6.0,,Collapsed timestamp,collapsed_timestamp,collapsed_timestamp,Excluded from genuine SLA KPI (migration-collapsed timestamps),Reconstructed SLA from ticket_logs lifecycle + issue_types.sla_hours (NOT verified app formula)
996a9c60-67ca-370a-023a-672e0ebf1781,bde00681-ebfc-ef38-4f6e-4906a012de6b,01208ba1-4225-4a61-be39-3afe03dad690,RO Water Issues,e213d0c5-7de3-4f91-b5d4-cda0cd2ade6c,2026-04-20 07:40:09.223005,2026-04-20 07:40:09.223005,logs+mt_match,0.0,6,6.0,,Collapsed timestamp,collapsed_timestamp,collapsed_timestamp,Excluded from genuine SLA KPI (migration-collapsed timestamps),Reconstructed SLA from ticket_logs lifecycle + issue_types.sla_hours (NOT verified app formula)
d24ca09b-494b-4bda-992a-aad57b478ff5,77c3a6fd-4651-d880-29aa-abd19c8324df,01208ba1-4225-4a61-be39-3afe03dad690,RO Water Issues,bd081ad6-5fe3-4c1d-a919-81b1055efa19,2026-04-06 13:45:11.147679,,logs+mt_match,,6,,,Insufficient lifecycle data,insufficient_lifecycle_data,insufficient_lifecycle_data,No closed event yet / open,Reconstructed SLA from ticket_logs lifecycle + issue_types.sla_hours (NOT verified app formula)
dc7afc7b-d90e-4653-bc2a-9c1262ca0c1a,79853a4a-cb02-508c-e041-7e23378aec9c,a5831922-eaeb-48c2-941c-fd96fae8813d,AC Issues,bd081ad6-5fe3-4c1d-a919-81b1055efa19,2026-06-28 17:44:58.824854,2026-07-09 07:41:41.119143,logs+mt_match,253.94508174694445,12,-241.94508174694445,True,SLA Breached,measurable,reconstructed 253.9h vs 12h SLA,Review breach — slow resolution for this issue type,Reconstructed SLA from ticket_logs lifecycle + issue_types.sla_hours (NOT verified app formula)
3c18ed0c-e9be-4828-9078-59cfa6e3179f,c17c5093-48b7-139f-ebfc-1cd33ef5179c,47389994-b201-4bb1-bf91-8bce4dbde510,Other,e4897d45-cba7-4d8a-ade0-d6014ccba68d,2026-04-09 12:45:54.321125,,logs+mt_match,,24,,,Insufficient lifecycle data,insufficient_lifecycle_data,insufficient_lifecycle_data,No closed event yet / open,Reconstructed SLA from ticket_logs lifecycle + issue_types.sla_hours (NOT verified app formula)
0eb9ee9c-0ec2-8abd-d2ea-67f6a73d7c1f,bde00681-ebfc-ef38-4f6e-4906a012de6b,caf6381e-5189-4c1f-bf0a-4dfd99d9b9e7,Washing machine Issue,e213d0c5-7de3-4f91-b5d4-cda0cd2ade6c,2026-04-20 07:40:09.223005,2026-04-20 07:40:09.223005,logs+mt_match,0.0,24,24.0,,Collapsed timestamp,collapsed_timestamp,collapsed_timestamp,Excluded from genuine SLA KPI (migration-collapsed timestamps),Reconstructed SLA from ticket_logs lifecycle + issue_types.sla_hours (NOT verified app formula)
5f1a2e15-b570-0961-2451-abc86328f2ed,bde00681-ebfc-ef38-4f6e-4906a012de6b,01208ba1-4225-4a61-be39-3afe03dad690,RO Water Issues,e213d0c5-7de3-4f91-b5d4-cda0cd2ade6c,2026-04-20 07:40:09.223005,2026-04-20 07:40:09.223005,logs+mt_match,0.0,6,6.0,,Collapsed timestamp,collapsed_timestamp,collapsed_timestamp,Excluded from genuine SLA KPI (migration-collapsed timestamps),Reconstructed SLA from ticket_logs lifecycle + issue_types.sla_hours (NOT verified app formula)
394dcf20-0869-2a1f-4e31-aeaa4352c461,bde00681-ebfc-ef38-4f6e-4906a012de6b,e2aa2aaa-8af6-4807-9a4e-7665c5421eed,Furniture,e213d0c5-7de3-4f91-b5d4-cda0cd2ade6c,2026-04-20 07:40:09.223005,2026-04-20 07:40:09.223005,logs+mt_match,0.0,24,24.0,,Collapsed timestamp,collapsed_timestamp,collapsed_timestamp,Excluded from genuine SLA KPI (migration-collapsed timestamps),Reconstructed SLA from ticket_logs lifecycle + issue_types.sla_hours (NOT verified app formula)
8d77f862-4d8d-749d-00c2-a8407330ac9e,ffbd5fe0-d9b3-cb55-cfd7-2d72a3498109,01208ba1-4225-4a61-be39-3afe03dad690,RO Water Issues,e213d0c5-7de3-4f91-b5d4-cda0cd2ade6c,2026-04-20 07:40:09.223005,2026-04-20 07:40:09.223005,logs+mt_match,0.0,6,6.0,,Collapsed timestamp,collapsed_timestamp,collapsed_timestamp,Excluded from genuine SLA KPI (migration-collapsed timestamps),Reconstructed SLA from ticket_logs lifecycle + issue_types.sla_hours (NOT verified app formula)
525c5c90-12dd-3ba9-ab53-cf84e532bec4,a361bd0d-c2c1-2aee-6303-d65de004edd0,d76dd3bd-ccb7-4991-a01f-ce158dfe908e,Plumbing,e213d0c5-7de3-4f91-b5d4-cda0cd2ade6c,2026-04-20 07:40:09.223005,2026-04-20 07:40:09.223005,logs+mt_match,0.0,24,24.0,,Collapsed timestamp,collapsed_timestamp,collapsed_timestamp,Excluded from genuine SLA KPI (migration-collapsed timestamps),Reconstructed SLA from ticket_logs lifecycle + issue_types.sla_hours (NOT verified app formula)
067a756e-c2f3-dc7c-4197-e6492313dcd8,a361bd0d-c2c1-2aee-6303-d65de004edd0,01208ba1-4225-4a61-be39-3afe03dad690,RO Water Issues,e213d0c5-7de3-4f91-b5d4-cda0cd2ade6c,2026-04-20 07:40:09.223005,2026-04-20 07:40:09.223005,logs+mt_match,0.0,6,6.0,,Collapsed timestamp,collapsed_timestamp,collapsed_timestamp,Excluded from genuine SLA KPI (migration-collapsed timestamps),Reconstructed SLA from ticket_logs lifecycle + issue_types.sla_hours (NOT verified app formula)
f3c02af0-eb73-f73d-2fea-bfe940813ecb,a361bd0d-c2c1-2aee-6303-d65de004edd0,a5831922-eaeb-48c2-941c-fd96fae8813d,AC Issues,d2b6ece0-395c-4c27-9667-6d7ce50b417c,2026-04-20 07:40:09.223005,2026-04-20 07:40:09.223005,logs+mt_match,0.0,12,12.0,,Collapsed timestamp,collapsed_timestamp,collapsed_timestamp,Excluded from genuine SLA KPI (migration-collapsed timestamps),Reconstructed SLA from ticket_logs lifecycle + issue_types.sla_hours (NOT verified app formula)
d722759f-6f57-45cf-bb2e-49ce36bafeeb,bc7f358d-0d6d-f95f-ff80-9089eefdef69,01208ba1-4225-4a61-be39-3afe03dad690,RO Water Issues,bd081ad6-5fe3-4c1d-a919-81b1055efa19,2026-04-24 16:14:47.613392,2026-05-21 15:35:03.503167,logs+mt_match,647.3377471597222,6,-641.3377471597222,True,SLA Breached,measurable,reconstructed 647.3h vs 6h SLA,Review breach — slow resolution for this issue type,Reconstructed SLA from ticket_logs lifecycle + issue_types.sla_hours (NOT verified app formula)
aecce5fb-e812-42f2-9ac3-2c17e70ce753,03edc7c5-4c46-b55e-523d-9fb7be29910b,e2aa2aaa-8af6-4807-9a4e-7665c5421eed,Furniture,bd081ad6-5fe3-4c1d-a919-81b1055efa19,2026-05-27 08:29:14.906259,2026-05-28 04:51:18.512226,logs+mt_match,20.367668324166665,24,3.632331675833335,False,Within SLA,measurable,reconstructed 20.4h vs 24h SLA,OK,Reconstructed SLA from ticket_logs lifecycle + issue_types.sla_hours (NOT verified app formula)
cc7736c0-bc35-388d-a03b-af0e444a9570,a361bd0d-c2c1-2aee-6303-d65de004edd0,d76dd3bd-ccb7-4991-a01f-ce158dfe908e,Plumbing,e213d0c5-7de3-4f91-b5d4-cda0cd2ade6c,2026-04-20 07:40:09.223005,2026-04-20 07:40:09.223005,logs+mt_match,0.0,24,24.0,,Collapsed timestamp,collapsed_timestamp,collapsed_timestamp,Excluded from genuine SLA KPI (migration-collapsed timestamps),Reconstructed SLA from ticket_logs lifecycle + issue_types.sla_hours (NOT verified app formula)
f8644a82-b623-fa56-b619-4fc6e2ac5a1c,a361bd0d-c2c1-2aee-6303-d65de004edd0,d76dd3bd-ccb7-4991-a01f-ce158dfe908e,Plumbing,e213d0c5-7de3-4f91-b5d4-cda0cd2ade6c,2026-04-20 07:40:09.223005,2026-04-20 07:40:09.223005,logs+mt_match,0.0,24,24.0,,Collapsed timestamp,collapsed_timestamp,collapsed_timestamp,Excluded from genuine SLA KPI (migration-collapsed timestamps),Reconstructed SLA from ticket_logs lifecycle + issue_types.sla_hours (NOT verified app formula)
89e3ef14-fc95-bf03-5a85-798e197ed316,a361bd0d-c2c1-2aee-6303-d65de004edd0,d76dd3bd-ccb7-4991-a01f-ce158dfe908e,Plumbing,e213d0c5-7de3-4f91-b5d4-cda0cd2ade6c,2026-04-20 07:40:09.223005,2026-04-20 07:40:09.223005,logs+mt_match,0.0,24,24.0,,Collapsed timestamp,collapsed_timestamp,collapsed_timestamp,Excluded from genuine SLA KPI (migration-collapsed timestamps),Reconstructed SLA from ticket_logs lifecycle + issue_types.sla_hours (NOT verified app formula)
90a1c3c9-607c-437f-8426-657c5eb02294,dc4adc21-f501-0573-2e9a-d7bbbc89e5d6,c5f1c3c0-af88-4c54-9730-ebffed128bc9,Kitchen Equipment,8c42685b-f2df-4dec-96bd-0e77b715e33e,2026-05-22 15:48:02.277026,,logs+mt_match,,12,,,Insufficient lifecycle data,insufficient_lifecycle_data,insufficient_lifecycle_data,No closed event yet / open,Reconstructed SLA from ticket_logs lifecycle + issue_types.sla_hours (NOT verified app formula)
ef8c3a1d-43af-4961-8357-cf070d80c051,77c3a6fd-4651-d880-29aa-abd19c8324df,7917cc13-aaca-4558-a2c2-8be5cd8fc159,Internet Issues,bd081ad6-5fe3-4c1d-a919-81b1055efa19,2026-05-03 04:34:23.611553,2026-05-25 03:36:05.557640,logs+mt_match,527.0283183575,6,-521.0283183575,True,SLA Breached,measurable,reconstructed 527.0h vs 6h SLA,Review breach — slow resolution for this issue type,Reconstructed SLA from ticket_logs lifecycle + issue_types.sla_hours (NOT verified app formula)
563ac94b-7456-4248-8168-c966fdfc62e8,77c3a6fd-4651-d880-29aa-abd19c8324df,7917cc13-aaca-4558-a2c2-8be5cd8fc159,Internet Issues,bd081ad6-5fe3-4c1d-a919-81b1055efa19,2026-05-03 03:44:56.423237,2026-05-30 14:14:32.852918,logs+mt_match,658.4934526891666,6,-652.4934526891666,True,SLA Breached,measurable,reconstructed 658.5h vs 6h SLA,Review breach — slow resolution for this issue type,Reconstructed SLA from ticket_logs lifecycle + issue_types.sla_hours (NOT verified app formula)
2e989071-829e-4249-8612-aa3fcf326aa7,188aee4d-68e0-1ddb-38e6-a946bc75072d,47389994-b201-4bb1-bf91-8bce4dbde510,Other,bd081ad6-5fe3-4c1d-a919-81b1055efa19,2026-06-06 12:05:02.050707,,logs+mt_match,,24,,,Insufficient lifecycle data,insufficient_lifecycle_data,insufficient_lifecycle_data,No closed event yet / open,Reconstructed SLA from ticket_logs lifecycle + issue_types.sla_hours (NOT verified app formula)
9e2d3ac5-79ba-434f-ac2a-77579bd93806,82b270bf-e567-2deb-5ef3-495baafd7645,a25aca1b-211b-41d3-ab08-78bd2b9541e8,Toilet Issues,bd081ad6-5fe3-4c1d-a919-81b1055efa19,2026-04-09 03:01:20.817457,,logs+mt_match,,4,,,Insufficient lifecycle data,insufficient_lifecycle_data,insufficient_lifecycle_data,No closed event yet / open,Reconstructed SLA from ticket_logs lifecycle + issue_types.sla_hours (NOT verified app formula)
8709bba9-ca03-4034-9bc8-85f2f2143034,a361bd0d-c2c1-2aee-6303-d65de004edd0,a5831922-eaeb-48c2-941c-fd96fae8813d,AC Issues,bd081ad6-5fe3-4c1d-a919-81b1055efa19,2026-07-22 14:44:43.022495,,logs+mt_match,,12,,,Insufficient lifecycle data,insufficient_lifecycle_data,insufficient_lifecycle_data,No closed event yet / open,Reconstructed SLA from ticket_logs lifecycle + issue_types.sla_hours (NOT verified app formula)
b16a2495-69ed-4671-9dfd-adf008115c06,c2ff0c11-4d1b-7b9b-b93c-aa37c9b6c40b,a5831922-eaeb-48c2-941c-fd96fae8813d,AC Issues,bd081ad6-5fe3-4c1d-a919-81b1055efa19,2026-05-04 10:34:54.317045,2026-05-09 05:14:56.771447,logs+mt_match,114.667348445,12,-102.667348445,True,SLA Breached,measurable,reconstructed 114.7h vs 12h SLA,Review breach — slow resolution for this issue type,Reconstructed SLA from ticket_logs lifecycle + issue_types.sla_hours (NOT verified app formula)
22eb3c39-c0bd-440d-b24b-ba80aa6cdb26,c2ff0c11-4d1b-7b9b-b93c-aa37c9b6c40b,abc84f5b-a950-406e-ab46-cefbe11df925,Cleaning Issues,8c42685b-f2df-4dec-96bd-0e77b715e33e,2026-05-04 10:29:34.166439,2026-05-09 05:15:46.865571,logs+mt_match,114.77019420333333,4,-110.77019420333333,True,SLA Breached,measurable,reconstructed 114.8h vs 4h SLA,Review breach — slow resolution for this issue type,Reconstructed SLA from ticket_logs lifecycle + issue_types.sla_hours (NOT verified app formula)
fbb9b65c-9764-4f57-908b-cb419814fd61,10c6863d-07c3-4fc4-94f9-6adc29157ce1,a5831922-eaeb-48c2-941c-fd96fae8813d,AC Issues,bd081ad6-5fe3-4c1d-a919-81b1055efa19,2026-05-04 02:40:14.966151,2026-05-10 15:34:11.820244,logs+mt_match,156.89912613694443,12,-144.89912613694443,True,SLA Breached,measurable,reconstructed 156.9h vs 12h SLA,Review breach — slow resolution for this issue type,Reconstructed SLA from ticket_logs lifecycle + issue_types.sla_hours (NOT verified app formula)
4c3d4b48-972e-46e0-90d8-d6b7a2653e36,49ed1c8e-3653-c89b-ec74-16d8e20bb923,28158382-d5c1-436c-927b-3e3d9855c2af,Electrical Issues,e4897d45-cba7-4d8a-ade0-d6014ccba68d,2026-04-23 06:11:13.333637,2026-07-12 05:08:21.169433,logs+mt_match,1918.9521766100002,6,-1912.9521766100002,True,SLA Breached,measurable,reconstructed 1919.0h vs 6h SLA,Review breach — slow resolution for this issue type,Reconstructed SLA from ticket_logs lifecycle + issue_types.sla_hours (NOT verified app formula)
77e65fde-9cf0-48bf-88ea-b73d492d7402,79853a4a-cb02-508c-e041-7e23378aec9c,47389994-b201-4bb1-bf91-8bce4dbde510,Other,bd081ad6-5fe3-4c1d-a919-81b1055efa19,2026-07-30 07:59:58.776526,,logs+mt_match,,24,,,Insufficient lifecycle data,insufficient_lifecycle_data,insufficient_lifecycle_data,No closed event yet / open,Reconstructed SLA from ticket_logs lifecycle + issue_types.sla_hours (NOT verified app formula)
768547d3-d472-4ce0-9930-cfe1ef655793,990e8a3e-a69c-7b31-f606-3eeb21e3d4c6,47389994-b201-4bb1-bf91-8bce4dbde510,Other,bd081ad6-5fe3-4c1d-a919-81b1055efa19,2026-04-25 07:28:38.934570,2026-05-18 05:52:42.272195,logs+mt_match,550.4009271180555,24,-526.4009271180555,True,SLA Breached,measurable,reconstructed 550.4h vs 24h SLA,Review breach — slow resolution for this issue type,Reconstructed SLA from ticket_logs lifecycle + issue_types.sla_hours (NOT verified app formula)
f8c6f83f-55ab-4ed2-a212-452d032d8223,49ed1c8e-3653-c89b-ec74-16d8e20bb923,caf6381e-5189-4c1f-bf0a-4dfd99d9b9e7,Washing machine Issue,bd081ad6-5fe3-4c1d-a919-81b1055efa19,2026-04-28 16:17:59.512316,2026-05-01 14:42:15.491101,logs+mt_match,70.40443855138889,24,-46.40443855138889,True,SLA Breached,measurable,reconstructed 70.4h vs 24h SLA,Review breach — slow resolution for this issue type,Reconstructed SLA from ticket_logs lifecycle + issue_types.sla_hours (NOT verified app formula)
32cb1ee0-419b-40de-aef5-b94e94f94f20,c17c5093-48b7-139f-ebfc-1cd33ef5179c,abc84f5b-a950-406e-ab46-cefbe11df925,Cleaning Issues,bd081ad6-5fe3-4c1d-a919-81b1055efa19,2026-05-17 12:14:48.386488,,logs+mt_match,,4,,,Insufficient lifecycle data,insufficient_lifecycle_data,insufficient_lifecycle_data,No closed event yet / open,Reconstructed SLA from ticket_logs lifecycle + issue_types.sla_hours (NOT verified app formula)
ed0e68ba-fe8c-4d06-a47a-284d03626f7e,dd96a329-ec95-e96a-1348-69d976f39cd4,a5831922-eaeb-48c2-941c-fd96fae8813d,AC Issues,bd081ad6-5fe3-4c1d-a919-81b1055efa19,2026-04-30 07:06:50.094941,2026-05-04 15:25:26.538079,logs+mt_match,104.31012309388888,12,-92.31012309388888,True,SLA Breached,measurable,reconstructed 104.3h vs 12h SLA,Review breach — slow resolution for this issue type,Reconstructed SLA from ticket_logs lifecycle + issue_types.sla_hours (NOT verified app formula)
de899f7a-76a9-4f06-bf71-892c57ca7b22,dc4adc21-f501-0573-2e9a-d7bbbc89e5d6,abc84f5b-a950-406e-ab46-cefbe11df925,Cleaning Issues,bd081ad6-5fe3-4c1d-a919-81b1055efa19,2026-06-08 06:38:20.435037,2026-06-09 07:02:48.137178,logs+mt_match,24.40769503916667,4,-20.40769503916667,True,SLA Breached,measurable,reconstructed 24.4h vs 4h SLA,Review breach — slow resolution for this issue type,Reconstructed SLA from ticket_logs lifecycle + issue_types.sla_hours (NOT verified app formula)
7a84dc8b-7e56-4002-b996-5d8ebf44054f,dd96a329-ec95-e96a-1348-69d976f39cd4,abc84f5b-a950-406e-ab46-cefbe11df925,Cleaning Issues,bd081ad6-5fe3-4c1d-a919-81b1055efa19,2026-04-22 08:29:22.391907,2026-04-24 11:37:03.668882,logs+mt_match,51.12813249305555,4,-47.12813249305555,True,SLA Breached,measurable,reconstructed 51.1h vs 4h SLA,Review breach — slow resolution for this issue type,Reconstructed SLA from ticket_logs lifecycle + issue_types.sla_hours (NOT verified app formula)
d574a779-6597-4856-988f-98fb961bbacc,1b4d1066-8fe4-199b-7b3b-39e4bded9714,caf6381e-5189-4c1f-bf0a-4dfd99d9b9e7,Washing machine Issue,bd081ad6-5fe3-4c1d-a919-81b1055efa19,2026-04-26 17:12:26.228198,2026-05-22 13:26:57.372080,logs+mt_match,620.2419844116666,24,-596.2419844116666,True,SLA Breached,measurable,reconstructed 620.2h vs 24h SLA,Review breach — slow resolution for this issue type,Reconstructed SLA from ticket_logs lifecycle + issue_types.sla_hours (NOT verified app formula)
c3120da0-ba49-4a90-872a-19d881add1e0,990e8a3e-a69c-7b31-f606-3eeb21e3d4c6,a5831922-eaeb-48c2-941c-fd96fae8813d,AC Issues,bd081ad6-5fe3-4c1d-a919-81b1055efa19,2026-04-25 07:27:58.701408,2026-05-23 07:44:15.748977,logs+mt_match,672.2714021025,12,-660.2714021025,True,SLA Breached,measurable,reconstructed 672.3h vs 12h SLA,Review breach — slow resolution for this issue type,Reconstructed SLA from ticket_logs lifecycle + issue_types.sla_hours (NOT verified app formula)
4f43e97f-c4e1-4156-988a-54c9f6c99e72,bc7f358d-0d6d-f95f-ff80-9089eefdef69,47389994-b201-4bb1-bf91-8bce4dbde510,Other,8c42685b-f2df-4dec-96bd-0e77b715e33e,2026-04-23 06:44:10.557851,2026-04-25 06:34:28.976417,logs+mt_match,47.83844960166667,24,-23.838449601666667,True,SLA Breached,measurable,reconstructed 47.8h vs 24h SLA,Review breach — slow resolution for this issue type,Reconstructed SLA from ticket_logs lifecycle + issue_types.sla_hours (NOT verified app formula)
2d04137c-1bbf-4263-b67e-e5d876b7df10,bde00681-ebfc-ef38-4f6e-4906a012de6b,7917cc13-aaca-4558-a2c2-8be5cd8fc159,Internet Issues,8c42685b-f2df-4dec-96bd-0e77b715e33e,2026-04-24 05:25:23.450400,,logs+mt_match,,6,,,Insufficient lifecycle data,insufficient_lifecycle_data,insufficient_lifecycle_data,No closed event yet / open,Reconstructed SLA from ticket_logs lifecycle + issue_types.sla_hours (NOT verified app formula)
9bd4d358-7776-4a11-a6f5-84023090ca9c,bc7f358d-0d6d-f95f-ff80-9089eefdef69,28158382-d5c1-436c-927b-3e3d9855c2af,Electrical Issues,bd081ad6-5fe3-4c1d-a919-81b1055efa19,2026-04-25 10:55:58.590608,2026-04-29 04:43:17.295767,logs+mt_match,89.78852921083333,6,-83.78852921083333,True,SLA Breached,measurable,reconstructed 89.8h vs 6h SLA,Review breach — slow resolution for this issue type,Reconstructed SLA from ticket_logs lifecycle + issue_types.sla_hours (NOT verified app formula)
5d341a5d-b7e7-4e8d-97fb-bf57a2426652,fb5cedd6-2992-1c62-7fba-4a7a6b43b2ff,caf6381e-5189-4c1f-bf0a-4dfd99d9b9e7,Washing machine Issue,e4897d45-cba7-4d8a-ade0-d6014ccba68d,2026-04-23 05:46:10.524614,2026-06-01 05:31:04.065104,logs+mt_match,935.7482056916667,24,-911.7482056916667,True,SLA Breached,measurable,reconstructed 935.7h vs 24h SLA,Review breach — slow resolution for this issue type,Reconstructed SLA from ticket_logs lifecycle + issue_types.sla_hours (NOT verified app formula)
35df53c4-12a2-4134-a0ae-df8575e49a09,9d5d0096-0b78-a663-1142-be871dfa2bda,47389994-b201-4bb1-bf91-8bce4dbde510,Other,bd081ad6-5fe3-4c1d-a919-81b1055efa19,2026-05-17 07:04:25.128719,2026-05-20 01:44:54.479027,logs+mt_match,66.67481953,24,-42.67481952999999,True,SLA Breached,measurable,reconstructed 66.7h vs 24h SLA,Review breach — slow resolution for this issue type,Reconstructed SLA from ticket_logs lifecycle + issue_types.sla_hours (NOT verified app formula)
2d713c73-7e76-4895-a544-5c78e46173fb,211a2b33-4e94-3da1-7d97-406bc26036f5,a25aca1b-211b-41d3-ab08-78bd2b9541e8,Toilet Issues,e4897d45-cba7-4d8a-ade0-d6014ccba68d,2026-04-23 03:54:24.630110,2026-06-01 19:40:39.127977,logs+mt_match,951.7706938519444,4,-947.7706938519444,True,SLA Breached,measurable,reconstructed 951.8h vs 4h SLA,Review breach — slow resolution for this issue type,Reconstructed SLA from ticket_logs lifecycle + issue_types.sla_hours (NOT verified app formula)
b88e51a5-f3cb-4174-bcae-781487f61548,b0d4d2c8-f6ee-bc16-ffd7-fc33c8db8571,a5831922-eaeb-48c2-941c-fd96fae8813d,AC Issues,bd081ad6-5fe3-4c1d-a919-81b1055efa19,2026-04-25 10:27:17.030860,2026-06-03 06:46:35.677623,logs+mt_match,932.3218463230556,12,-920.3218463230556,True,SLA Breached,measurable,reconstructed 932.3h vs 12h SLA,Review breach — slow resolution for this issue type,Reconstructed SLA from ticket_logs lifecycle + issue_types.sla_hours (NOT verified app formula)
a4a43033-febe-41a9-bbdd-2cfc86099aef,dd96a329-ec95-e96a-1348-69d976f39cd4,d76dd3bd-ccb7-4991-a01f-ce158dfe908e,Plumbing,bd081ad6-5fe3-4c1d-a919-81b1055efa19,2026-04-30 07:00:47.140712,2026-05-04 15:25:53.917787,logs+mt_match,104.41854918749999,24,-80.41854918749999,True,SLA Breached,measurable,reconstructed 104.4h vs 24h SLA,Review breach — slow resolution for this issue type,Reconstructed SLA from ticket_logs lifecycle + issue_types.sla_hours (NOT verified app formula)
1a7ff493-ce01-4c1a-b20d-7b9d7aa55994,49ed1c8e-3653-c89b-ec74-16d8e20bb923,caf6381e-5189-4c1f-bf0a-4dfd99d9b9e7,Washing machine Issue,e4897d45-cba7-4d8a-ade0-d6014ccba68d,2026-04-23 06:10:22.974298,2026-07-12 05:08:32.126402,logs+mt_match,1918.9692089177777,24,-1894.9692089177777,True,SLA Breached,measurable,reconstructed 1919.0h vs 24h SLA,Review breach — slow resolution for this issue type,Reconstructed SLA from ticket_logs lifecycle + issue_types.sla_hours (NOT verified app formula)
610ea2c6-67f4-40c1-a0d2-df6fe5f536f6,c2ff0c11-4d1b-7b9b-b93c-aa37c9b6c40b,abc84f5b-a950-406e-ab46-cefbe11df925,Cleaning Issues,8c42685b-f2df-4dec-96bd-0e77b715e33e,2026-05-04 13:52:09.640919,2026-05-08 19:30:42.610978,logs+mt_match,101.64249168305555,4,-97.64249168305555,True,SLA Breached,measurable,reconstructed 101.6h vs 4h SLA,Review breach — slow resolution for this issue type,Reconstructed SLA from ticket_logs lifecycle + issue_types.sla_hours (NOT verified app formula)
f81606ff-f03d-4d5c-b8fb-6c0f5b46f70d,233cca0e-efcf-e631-d2fc-9997a6ba5706,01208ba1-4225-4a61-be39-3afe03dad690,RO Water Issues,de767fe3-598a-48f9-a49d-6fc0bf405721,2026-04-27 12:50:44.040758,2026-05-09 08:55:09.231443,logs+mt_match,284.0736640791667,6,-278.0736640791667,True,SLA Breached,measurable,reconstructed 284.1h vs 6h SLA,Review breach — slow resolution for this issue type,Reconstructed SLA from ticket_logs lifecycle + issue_types.sla_hours (NOT verified app formula)
ac597c1a-68f7-49a5-8760-11224712adb6,bc7f358d-0d6d-f95f-ff80-9089eefdef69,47389994-b201-4bb1-bf91-8bce4dbde510,Other,8c42685b-f2df-4dec-96bd-0e77b715e33e,2026-04-23 06:45:03.098431,2026-04-25 06:32:14.393035,logs+mt_match,47.78647072333333,24,-23.78647072333333,True,SLA Breached,measurable,reconstructed 47.8h vs 24h SLA,Review breach — slow resolution for this issue type,Reconstructed SLA from ticket_logs lifecycle + issue_types.sla_hours (NOT verified app formula)
cc255e0c-64bf-46b2-bb50-08ab25d1c967,b0d4d2c8-f6ee-bc16-ffd7-fc33c8db8571,47389994-b201-4bb1-bf91-8bce4dbde510,Other,8c42685b-f2df-4dec-96bd-0e77b715e33e,2026-04-21 14:00:10.342036,2026-04-25 10:26:03.019847,logs+mt_match,92.43129939194444,24,-68.43129939194444,True,SLA Breached,measurable,reconstructed 92.4h vs 24h SLA,Review breach — slow resolution for this issue type,Reconstructed SLA from ticket_logs lifecycle + issue_types.sla_hours (NOT verified app formula)
ba75932d-0505-4a0c-949b-84bc22c5eb59,bc7f358d-0d6d-f95f-ff80-9089eefdef69,e2aa2aaa-8af6-4807-9a4e-7665c5421eed,Furniture,e4897d45-cba7-4d8a-ade0-d6014ccba68d,2026-04-23 04:03:15.407263,2026-04-25 14:04:47.239583,logs+mt_match,58.025508977777775,24,-34.025508977777775,True,SLA Breached,measurable,reconstructed 58.0h vs 24h SLA,Review breach — slow resolution for this issue type,Reconstructed SLA from ticket_logs lifecycle + issue_types.sla_hours (NOT verified app formula)
281b94ee-eecc-417c-8cf9-25b2cb80a2bc,5d204545-2f72-b89b-3190-a826b5ab6512,a5831922-eaeb-48c2-941c-fd96fae8813d,AC Issues,bd081ad6-5fe3-4c1d-a919-81b1055efa19,2026-05-06 10:47:42.901159,2026-05-18 16:55:07.436169,logs+mt_match,294.1234819472222,12,-282.1234819472222,True,SLA Breached,measurable,reconstructed 294.1h vs 12h SLA,Review breach — slow resolution for this issue type,Reconstructed SLA from ticket_logs lifecycle + issue_types.sla_hours (NOT verified app formula)
aac4f5a4-d8d3-4cc8-9292-e01278f8efc2,c17c5093-48b7-139f-ebfc-1cd33ef5179c,abc84f5b-a950-406e-ab46-cefbe11df925,Cleaning Issues,bd081ad6-5fe3-4c1d-a919-81b1055efa19,2026-05-17 12:14:24.956954,,logs+mt_match,,4,,,Insufficient lifecycle data,insufficient_lifecycle_data,insufficient_lifecycle_data,No closed event yet / open,Reconstructed SLA from ticket_logs lifecycle + issue_types.sla_hours (NOT verified app formula)
c8d729d3-993e-4f49-80c3-95b036fee0ce,188aee4d-68e0-1ddb-38e6-a946bc75072d,54bc37a9-ef71-4e18-b896-593f71b161fa,Heater Issues,bd081ad6-5fe3-4c1d-a919-81b1055efa19,2026-05-24 18:27:17.188630,2026-06-30 02:54:59.440856,logs+mt_match,872.4617367294445,12,-860.4617367294445,True,SLA Breached,measurable,reconstructed 872.5h vs 12h SLA,Review breach — slow resolution for this issue type,Reconstructed SLA from ticket_logs lifecycle + issue_types.sla_hours (NOT verified app formula)
e4dde419-3a46-4d6e-b263-48266ba1c497,a361bd0d-c2c1-2aee-6303-d65de004edd0,abc84f5b-a950-406e-ab46-cefbe11df925,Cleaning Issues,8c42685b-f2df-4dec-96bd-0e77b715e33e,2026-05-05 02:13:39.615748,2026-05-21 00:17:37.496135,logs+mt_match,382.06607788527776,4,-378.06607788527776,True,SLA Breached,measurable,reconstructed 382.1h vs 4h SLA,Review breach — slow resolution for this issue type,Reconstructed SLA from ticket_logs lifecycle + issue_types.sla_hours (NOT verified app formula)
93e90f49-e5d8-4bd3-8cc8-eaf91c0ecf63,1b4d1066-8fe4-199b-7b3b-39e4bded9714,e2aa2aaa-8af6-4807-9a4e-7665c5421eed,Furniture,bd081ad6-5fe3-4c1d-a919-81b1055efa19,2026-04-04 15:48:58.786217,2026-04-26 17:10:58.855389,logs+mt_match,529.3666858811112,24,-505.36668588111115,True,SLA Breached,measurable,reconstructed 529.4h vs 24h SLA,Review breach — slow resolution for this issue type,Reconstructed SLA from ticket_logs lifecycle + issue_types.sla_hours (NOT verified app formula)
bdd973e0-2c3c-4f59-91eb-6b511ab1f88e,49ed1c8e-3653-c89b-ec74-16d8e20bb923,caf6381e-5189-4c1f-bf0a-4dfd99d9b9e7,Washing machine Issue,bd081ad6-5fe3-4c1d-a919-81b1055efa19,2026-04-27 05:51:51.652673,2026-04-28 07:45:18.184282,logs+mt_match,25.890703224722223,24,-1.8907032247222233,True,SLA Breached,measurable,reconstructed 25.9h vs 24h SLA,Review breach — slow resolution for this issue type,Reconstructed SLA from ticket_logs lifecycle + issue_types.sla_hours (NOT verified app formula)
e4be2723-0b34-4274-a153-d5586ae48053,ffbd5fe0-d9b3-cb55-cfd7-2d72a3498109,a25aca1b-211b-41d3-ab08-78bd2b9541e8,Toilet Issues,bd081ad6-5fe3-4c1d-a919-81b1055efa19,2026-04-27 02:40:07.661920,2026-04-30 18:30:45.429711,logs+mt_match,87.84382438638889,4,-83.84382438638889,True,SLA Breached,measurable,reconstructed 87.8h vs 4h SLA,Review breach — slow resolution for this issue type,Reconstructed SLA from ticket_logs lifecycle + issue_types.sla_hours (NOT verified app formula)
5a1bcddb-2d8c-46b9-836e-c9260fac9645,c2ff0c11-4d1b-7b9b-b93c-aa37c9b6c40b,abc84f5b-a950-406e-ab46-cefbe11df925,Cleaning Issues,8c42685b-f2df-4dec-96bd-0e77b715e33e,2026-05-04 13:51:31.855846,2026-05-08 19:30:48.822856,logs+mt_match,101.65471305833334,4,-97.65471305833334,True,SLA Breached,measurable,reconstructed 101.7h vs 4h SLA,Review breach — slow resolution for this issue type,Reconstructed SLA from ticket_logs lifecycle + issue_types.sla_hours (NOT verified app formula)
084a0c36-2582-40e3-8475-6aba20bc16fc,417c9738-a0f7-5a00-1091-37a9fd083dd6,ec405235-70e9-407e-9aa2-b877f8f36af8,Fridge Issues,bd081ad6-5fe3-4c1d-a919-81b1055efa19,2026-04-22 11:55:29.981933,2026-04-28 04:52:35.643194,logs+mt_match,136.9515725725,12,-124.9515725725,True,SLA Breached,measurable,reconstructed 137.0h vs 12h SLA,Review breach — slow resolution for this issue type,Reconstructed SLA from ticket_logs lifecycle + issue_types.sla_hours (NOT verified app formula)
d656424e-37a1-4a40-8922-ea466c6ab0e1,990e8a3e-a69c-7b31-f606-3eeb21e3d4c6,caf6381e-5189-4c1f-bf0a-4dfd99d9b9e7,Washing machine Issue,bd081ad6-5fe3-4c1d-a919-81b1055efa19,2026-05-01 11:05:24.002508,2026-05-30 15:38:23.121148,logs+mt_match,700.5497551777778,24,-676.5497551777778,True,SLA Breached,measurable,reconstructed 700.5h vs 24h SLA,Review breach — slow resolution for this issue type,Reconstructed SLA from ticket_logs lifecycle + issue_types.sla_hours (NOT verified app formula)
ccba095f-b24b-4f5b-8598-7c8389259de9,fb5cedd6-2992-1c62-7fba-4a7a6b43b2ff,abc84f5b-a950-406e-ab46-cefbe11df925,Cleaning Issues,bd081ad6-5fe3-4c1d-a919-81b1055efa19,2026-06-15 03:37:01.735916,2026-08-11 06:22:32.356148,logs+mt_match,1370.75850562,4,-1366.75850562,True,SLA Breached,measurable,reconstructed 1370.8h vs 4h SLA,Review breach — slow resolution for this issue type,Reconstructed SLA from ticket_logs lifecycle + issue_types.sla_hours (NOT verified app formula)
715031c3-cc29-4ff1-ae30-4ac0fcb63e01,990e8a3e-a69c-7b31-f606-3eeb21e3d4c6,a5831922-eaeb-48c2-941c-fd96fae8813d,AC Issues,bd081ad6-5fe3-4c1d-a919-81b1055efa19,2026-06-02 07:36:42.774332,2026-06-29 13:34:19.121896,logs+mt_match,653.9600965455556,12,-641.9600965455556,True,SLA Breached,measurable,reconstructed 654.0h vs 12h SLA,Review breach — slow resolution for this issue type,Reconstructed SLA from ticket_logs lifecycle + issue_types.sla_hours (NOT verified app formula)
6cf73c01-c30c-44e1-bf59-4d95d5c9907c,10c6863d-07c3-4fc4-94f9-6adc29157ce1,a5831922-eaeb-48c2-941c-fd96fae8813d,AC Issues,bd081ad6-5fe3-4c1d-a919-81b1055efa19,2026-04-28 08:11:26.989233,,logs+mt_match,,12,,,Insufficient lifecycle data,insufficient_lifecycle_data,insufficient_lifecycle_data,No closed event yet / open,Reconstructed SLA from ticket_logs lifecycle + issue_types.sla_hours (NOT verified app formula)
488572a1-3596-4a89-9d85-69a2b47f3300,2fc42a4f-fe5a-ae08-0e4e-2c89ca71db85,a5831922-eaeb-48c2-941c-fd96fae8813d,AC Issues,bd081ad6-5fe3-4c1d-a919-81b1055efa19,2026-04-27 17:08:42.769588,2026-05-26 03:13:08.194599,logs+mt_match,682.0737291697222,12,-670.0737291697222,True,SLA Breached,measurable,reconstructed 682.1h vs 12h SLA,Review breach — slow resolution for this issue type,Reconstructed SLA from ticket_logs lifecycle + issue_types.sla_hours (NOT verified app formula)
4f67d38e-db9d-4de3-be89-726052bf6887,77c3a6fd-4651-d880-29aa-abd19c8324df,01208ba1-4225-4a61-be39-3afe03dad690,RO Water Issues,bd081ad6-5fe3-4c1d-a919-81b1055efa19,2026-04-28 14:02:03.496851,2026-04-30 16:50:01.860984,logs+mt_match,50.799545592499996,6,-44.799545592499996,True,SLA Breached,measurable,reconstructed 50.8h vs 6h SLA,Review breach — slow resolution for this issue type,Reconstructed SLA from ticket_logs lifecycle + issue_types.sla_hours (NOT verified app formula)
46888dab-b407-4528-9d76-40eb2bd96486,10c6863d-07c3-4fc4-94f9-6adc29157ce1,7917cc13-aaca-4558-a2c2-8be5cd8fc159,Internet Issues,8c42685b-f2df-4dec-96bd-0e77b715e33e,2026-04-07 04:52:16.113822,2026-06-20 10:02:32.153210,logs+mt_match,1781.1711220522222,6,-1775.1711220522222,True,SLA Breached,measurable,reconstructed 1781.2h vs 6h SLA,Review breach — slow resolution for this issue type,Reconstructed SLA from ticket_logs lifecycle + issue_types.sla_hours (NOT verified app formula)
07125828-0af2-447b-88e1-cafa8a322705,10c6863d-07c3-4fc4-94f9-6adc29157ce1,a5831922-eaeb-48c2-941c-fd96fae8813d,AC Issues,bd081ad6-5fe3-4c1d-a919-81b1055efa19,2026-06-05 07:21:21.260764,2026-06-27 00:02:09.024797,logs+mt_match,520.679934453611,12,-508.67993445361105,True,SLA Breached,measurable,reconstructed 520.7h vs 12h SLA,Review breach — slow resolution for this issue type,Reconstructed SLA from ticket_logs lifecycle + issue_types.sla_hours (NOT verified app formula)
9ef8dcc4-03ec-4ce8-82ed-9048516978d0,1183b300-b9ae-5e28-acb2-304cb2fd36db,28158382-d5c1-436c-927b-3e3d9855c2af,Electrical Issues,bd081ad6-5fe3-4c1d-a919-81b1055efa19,2026-04-28 11:12:23.020247,2026-04-29 12:31:55.468611,logs+mt_match,25.32568010111111,6,-19.32568010111111,True,SLA Breached,measurable,reconstructed 25.3h vs 6h SLA,Review breach — slow resolution for this issue type,Reconstructed SLA from ticket_logs lifecycle + issue_types.sla_hours (NOT verified app formula)
38e5fe3c-4ec9-4649-bf1a-efd37e8651e2,1183b300-b9ae-5e28-acb2-304cb2fd36db,e2aa2aaa-8af6-4807-9a4e-7665c5421eed,Furniture,de767fe3-598a-48f9-a49d-6fc0bf405721,2026-04-28 11:13:17.139283,2026-04-29 12:34:17.598818,logs+mt_match,25.35012764861111,24,-1.3501276486111102,True,SLA Breached,measurable,reconstructed 25.4h vs 24h SLA,Review breach — slow resolution for this issue type,Reconstructed SLA from ticket_logs lifecycle + issue_types.sla_hours (NOT verified app formula)
b2e5ca4c-34ae-4c4d-a445-bc5428ec5062,ffbd5fe0-d9b3-cb55-cfd7-2d72a3498109,01208ba1-4225-4a61-be39-3afe03dad690,RO Water Issues,bd081ad6-5fe3-4c1d-a919-81b1055efa19,2026-04-10 06:54:06.009106,2026-04-29 17:42:37.139122,logs+mt_match,466.80864722666666,6,-460.80864722666666,True,SLA Breached,measurable,reconstructed 466.8h vs 6h SLA,Review breach — slow resolution for this issue type,Reconstructed SLA from ticket_logs lifecycle + issue_types.sla_hours (NOT verified app formula)
32eeede6-e4e3-40c2-9aab-c6ec2fe74563,9d5d0096-0b78-a663-1142-be871dfa2bda,7917cc13-aaca-4558-a2c2-8be5cd8fc159,Internet Issues,bd081ad6-5fe3-4c1d-a919-81b1055efa19,2026-05-24 12:41:15.356520,,logs+mt_match,,6,,,Insufficient lifecycle data,insufficient_lifecycle_data,insufficient_lifecycle_data,No closed event yet / open,Reconstructed SLA from ticket_logs lifecycle + issue_types.sla_hours (NOT verified app formula)
c43a9fe1-1d1f-415d-8c50-c5fb4f30df08,8767525e-d22f-a295-bc29-ba104fdc589a,e2aa2aaa-8af6-4807-9a4e-7665c5421eed,Furniture,a55e7168-b152-4072-8b01-0cd4b7e299ca,2026-04-03 05:01:42.452769,2026-04-30 08:18:40.875896,logs+mt_match,651.2828953130556,24,-627.2828953130556,True,SLA Breached,measurable,reconstructed 651.3h vs 24h SLA,Review breach — slow resolution for this issue type,Reconstructed SLA from ticket_logs lifecycle + issue_types.sla_hours (NOT verified app formula)
0c36c099-242f-4649-b3a0-3a16774d674f,ffbd5fe0-d9b3-cb55-cfd7-2d72a3498109,c5f1c3c0-af88-4c54-9730-ebffed128bc9,Kitchen Equipment,8c42685b-f2df-4dec-96bd-0e77b715e33e,2026-04-27 02:39:02.479886,2026-05-29 13:23:44.518097,logs+mt_match,778.7450106141667,12,-766.7450106141667,True,SLA Breached,measurable,reconstructed 778.7h vs 12h SLA,Review breach — slow resolution for this issue type,Reconstructed SLA from ticket_logs lifecycle + issue_types.sla_hours (NOT verified app formula)
34bf23b2-e00f-44e4-892d-93409d666322,ffbd5fe0-d9b3-cb55-cfd7-2d72a3498109,a5831922-eaeb-48c2-941c-fd96fae8813d,AC Issues,bd081ad6-5fe3-4c1d-a919-81b1055efa19,2026-04-29 17:43:44.883707,2026-05-01 06:50:34.766643,logs+mt_match,37.11385637111111,12,-25.113856371111112,True,SLA Breached,measurable,reconstructed 37.1h vs 12h SLA,Review breach — slow resolution for this issue type,Reconstructed SLA from ticket_logs lifecycle + issue_types.sla_hours (NOT verified app formula)
79834947-5612-4e83-9890-f9f95e4e0c0a,dd96a329-ec95-e96a-1348-69d976f39cd4,28158382-d5c1-436c-927b-3e3d9855c2af,Electrical Issues,bd081ad6-5fe3-4c1d-a919-81b1055efa19,2026-05-04 15:30:56.667535,2026-05-06 09:26:11.717177,logs+mt_match,41.92084712277778,6,-35.92084712277778,True,SLA Breached,measurable,reconstructed 41.9h vs 6h SLA,Review breach — slow resolution for this issue type,Reconstructed SLA from ticket_logs lifecycle + issue_types.sla_hours (NOT verified app formula)
17a66482-faa4-4cad-a904-e869812f2950,86ad1ceb-8d81-a926-d998-3a2f1cafba06,28158382-d5c1-436c-927b-3e3d9855c2af,Electrical Issues,bd081ad6-5fe3-4c1d-a919-81b1055efa19,2026-05-02 11:27:36.904767,2026-05-02 11:36:14.341797,logs+mt_match,0.14373250833333334,6,5.856267491666666,False,Within SLA,measurable,reconstructed 0.1h vs 6h SLA,OK,Reconstructed SLA from ticket_logs lifecycle + issue_types.sla_hours (NOT verified app formula)
337de57d-034a-4531-990b-0af07c34522a,c17c5093-48b7-139f-ebfc-1cd33ef5179c,47389994-b201-4bb1-bf91-8bce4dbde510,Other,bd081ad6-5fe3-4c1d-a919-81b1055efa19,2026-04-07 17:18:35.493774,2026-05-05 00:54:34.197574,logs+mt_match,655.5996399444443,24,-631.5996399444443,True,SLA Breached,measurable,reconstructed 655.6h vs 24h SLA,Review breach — slow resolution for this issue type,Reconstructed SLA from ticket_logs lifecycle + issue_types.sla_hours (NOT verified app formula)
54316a65-9440-462b-b7db-271a2192364b,b0d4d2c8-f6ee-bc16-ffd7-fc33c8db8571,e2aa2aaa-8af6-4807-9a4e-7665c5421eed,Furniture,bd081ad6-5fe3-4c1d-a919-81b1055efa19,2026-06-03 06:48:02.250721,,logs+mt_match,,24,,,Insufficient lifecycle data,insufficient_lifecycle_data,insufficient_lifecycle_data,No closed event yet / open,Reconstructed SLA from ticket_logs lifecycle + issue_types.sla_hours (NOT verified app formula)
107a789d-01e3-48fc-a5fa-f82cba3dfbf8,dc4adc21-f501-0573-2e9a-d7bbbc89e5d6,abc84f5b-a950-406e-ab46-cefbe11df925,Cleaning Issues,8c42685b-f2df-4dec-96bd-0e77b715e33e,2026-05-07 09:01:28.709677,,logs+mt_match,,4,,,Insufficient lifecycle data,insufficient_lifecycle_data,insufficient_lifecycle_data,No closed event yet / open,Reconstructed SLA from ticket_logs lifecycle + issue_types.sla_hours (NOT verified app formula)
11cae148-c552-4a96-98ac-1230d988e8cf,dc4adc21-f501-0573-2e9a-d7bbbc89e5d6,47389994-b201-4bb1-bf91-8bce4dbde510,Other,bd081ad6-5fe3-4c1d-a919-81b1055efa19,2026-07-12 20:09:10.830965,,logs+mt_match,,24,,,Insufficient lifecycle data,insufficient_lifecycle_data,insufficient_lifecycle_data,No closed event yet / open,Reconstructed SLA from ticket_logs lifecycle + issue_types.sla_hours (NOT verified app formula)
fb3b774d-c4e5-489d-8094-e94fab7628a7,c17c5093-48b7-139f-ebfc-1cd33ef5179c,a5831922-eaeb-48c2-941c-fd96fae8813d,AC Issues,bd081ad6-5fe3-4c1d-a919-81b1055efa19,2026-05-05 00:55:48.659905,2026-05-09 00:09:33.685049,logs+mt_match,95.22917365111111,12,-83.22917365111111,True,SLA Breached,measurable,reconstructed 95.2h vs 12h SLA,Review breach — slow resolution for this issue type,Reconstructed SLA from ticket_logs lifecycle + issue_types.sla_hours (NOT verified app formula)
5eb5b237-34c0-4960-904f-f1aa99aa5a5c,c2ff0c11-4d1b-7b9b-b93c-aa37c9b6c40b,abc84f5b-a950-406e-ab46-cefbe11df925,Cleaning Issues,bd081ad6-5fe3-4c1d-a919-81b1055efa19,2026-05-09 05:16:50.999320,2026-07-19 05:10:40.470378,logs+mt_match,1703.8970752938887,4,-1699.8970752938887,True,SLA Breached,measurable,reconstructed 1703.9h vs 4h SLA,Review breach — slow resolution for this issue type,Reconstructed SLA from ticket_logs lifecycle + issue_types.sla_hours (NOT verified app formula)
696afd2a-6b96-4a16-91bd-92de7377802a,bde00681-ebfc-ef38-4f6e-4906a012de6b,a5831922-eaeb-48c2-941c-fd96fae8813d,AC Issues,bd081ad6-5fe3-4c1d-a919-81b1055efa19,2026-05-18 06:22:14.827011,2026-05-20 08:49:55.128498,logs+mt_match,50.4611948575,12,-38.4611948575,True,SLA Breached,measurable,reconstructed 50.5h vs 12h SLA,Review breach — slow resolution for this issue type,Reconstructed SLA from ticket_logs lifecycle + issue_types.sla_hours (NOT verified app formula)
f7a042a6-0da1-4ed0-8ec9-1df4485f0395,c2ff0c11-4d1b-7b9b-b93c-aa37c9b6c40b,abc84f5b-a950-406e-ab46-cefbe11df925,Cleaning Issues,8c42685b-f2df-4dec-96bd-0e77b715e33e,2026-05-03 12:22:41.232258,2026-05-08 19:30:56.309624,logs+mt_match,127.13752149055556,4,-123.13752149055556,True,SLA Breached,measurable,reconstructed 127.1h vs 4h SLA,Review breach — slow resolution for this issue type,Reconstructed SLA from ticket_logs lifecycle + issue_types.sla_hours (NOT verified app formula)
84c4cb57-827f-49b5-a473-4bb6df134de6,10c6863d-07c3-4fc4-94f9-6adc29157ce1,a25aca1b-211b-41d3-ab08-78bd2b9541e8,Toilet Issues,bd081ad6-5fe3-4c1d-a919-81b1055efa19,2026-06-27 00:03:21.827302,,logs+mt_match,,4,,,Insufficient lifecycle data,insufficient_lifecycle_data,insufficient_lifecycle_data,No closed event yet / open,Reconstructed SLA from ticket_logs lifecycle + issue_types.sla_hours (NOT verified app formula)
e0606954-e645-47ed-8008-f5ace1c87acc,417c9738-a0f7-5a00-1091-37a9fd083dd6,a5831922-eaeb-48c2-941c-fd96fae8813d,AC Issues,bd081ad6-5fe3-4c1d-a919-81b1055efa19,2026-07-22 07:24:27.467759,,logs+mt_match,,12,,,Insufficient lifecycle data,insufficient_lifecycle_data,insufficient_lifecycle_data,No closed event yet / open,Reconstructed SLA from ticket_logs lifecycle + issue_types.sla_hours (NOT verified app formula)
e94fedc0-9209-4678-8a9d-4b3a6cd644f6,dc4adc21-f501-0573-2e9a-d7bbbc89e5d6,28158382-d5c1-436c-927b-3e3d9855c2af,Electrical Issues,bd081ad6-5fe3-4c1d-a919-81b1055efa19,2026-05-10 09:58:28.416377,2026-05-13 13:32:29.223451,logs+mt_match,75.56689085388889,6,-69.56689085388889,True,SLA Breached,measurable,reconstructed 75.6h vs 6h SLA,Review breach — slow resolution for this issue type,Reconstructed SLA from ticket_logs lifecycle + issue_types.sla_hours (NOT verified app formula)
32c3b5d6-227c-4abf-a0dd-463cbafae316,b0875d50-a469-821b-57c3-03ac62809198,abc84f5b-a950-406e-ab46-cefbe11df925,Cleaning Issues,bd081ad6-5fe3-4c1d-a919-81b1055efa19,2026-07-01 11:11:07.221636,2026-07-02 08:02:46.051046,logs+mt_match,20.860785947222222,4,-16.860785947222222,True,SLA Breached,measurable,reconstructed 20.9h vs 4h SLA,Review breach — slow resolution for this issue type,Reconstructed SLA from ticket_logs lifecycle + issue_types.sla_hours (NOT verified app formula)
b6942741-3835-40eb-9c00-66dd29bc7170,b0875d50-a469-821b-57c3-03ac62809198,28158382-d5c1-436c-927b-3e3d9855c2af,Electrical Issues,bd081ad6-5fe3-4c1d-a919-81b1055efa19,2026-05-10 06:36:10.516509,2026-05-21 15:11:35.170522,logs+mt_match,272.5901816702778,6,-266.5901816702778,True,SLA Breached,measurable,reconstructed 272.6h vs 6h SLA,Review breach — slow resolution for this issue type,Reconstructed SLA from ticket_logs lifecycle + issue_types.sla_hours (NOT verified app formula)
a20d3286-8cc7-4f31-84b3-1cb544e2756a,bc7f358d-0d6d-f95f-ff80-9089eefdef69,28158382-d5c1-436c-927b-3e3d9855c2af,Electrical Issues,bd081ad6-5fe3-4c1d-a919-81b1055efa19,2026-05-09 15:27:35.320229,2026-05-22 15:15:29.973093,logs+mt_match,311.79851468444446,6,-305.79851468444446,True,SLA Breached,measurable,reconstructed 311.8h vs 6h SLA,Review breach — slow resolution for this issue type,Reconstructed SLA from ticket_logs lifecycle + issue_types.sla_hours (NOT verified app formula)
2403da27-4924-4f3d-8754-1a476c834283,bde00681-ebfc-ef38-4f6e-4906a012de6b,abc84f5b-a950-406e-ab46-cefbe11df925,Cleaning Issues,bd081ad6-5fe3-4c1d-a919-81b1055efa19,2026-05-18 05:19:17.869897,2026-05-26 05:32:12.772872,logs+mt_match,192.21525082638888,4,-188.21525082638888,True,SLA Breached,measurable,reconstructed 192.2h vs 4h SLA,Review breach — slow resolution for this issue type,Reconstructed SLA from ticket_logs lifecycle + issue_types.sla_hours (NOT verified app formula)
6bc1941f-b4b3-4f5e-8b26-8d0ed2d7ac25,417c9738-a0f7-5a00-1091-37a9fd083dd6,01208ba1-4225-4a61-be39-3afe03dad690,RO Water Issues,bd081ad6-5fe3-4c1d-a919-81b1055efa19,2026-04-25 09:32:43.728422,2026-06-06 09:15:47.140455,logs+mt_match,1007.7176144536111,6,-1001.7176144536111,True,SLA Breached,measurable,reconstructed 1007.7h vs 6h SLA,Review breach — slow resolution for this issue type,Reconstructed SLA from ticket_logs lifecycle + issue_types.sla_hours (NOT verified app formula)
d1a9b329-dee6-4993-be04-11fe8c8aca0f,dc4adc21-f501-0573-2e9a-d7bbbc89e5d6,abc84f5b-a950-406e-ab46-cefbe11df925,Cleaning Issues,8c42685b-f2df-4dec-96bd-0e77b715e33e,2026-05-07 08:57:47.834722,,logs+mt_match,,4,,,Insufficient lifecycle data,insufficient_lifecycle_data,insufficient_lifecycle_data,No closed event yet / open,Reconstructed SLA from ticket_logs lifecycle + issue_types.sla_hours (NOT verified app formula)
b518acf6-04cd-4e30-90bb-ae78d57b50a0,fad74a92-8e64-787e-38c3-8ebdb9db6511,28158382-d5c1-436c-927b-3e3d9855c2af,Electrical Issues,bd081ad6-5fe3-4c1d-a919-81b1055efa19,2026-05-11 03:16:07.611085,2026-05-18 04:23:50.472149,logs+mt_match,169.1285725177778,6,-163.1285725177778,True,SLA Breached,measurable,reconstructed 169.1h vs 6h SLA,Review breach — slow resolution for this issue type,Reconstructed SLA from ticket_logs lifecycle + issue_types.sla_hours (NOT verified app formula)
ae92473e-7b54-4b9d-9518-1a34e5d7f714,233cca0e-efcf-e631-d2fc-9997a6ba5706,a5831922-eaeb-48c2-941c-fd96fae8813d,AC Issues,bd081ad6-5fe3-4c1d-a919-81b1055efa19,2026-06-30 14:21:44.116995,,logs+mt_match,,12,,,Insufficient lifecycle data,insufficient_lifecycle_data,insufficient_lifecycle_data,No closed event yet / open,Reconstructed SLA from ticket_logs lifecycle + issue_types.sla_hours (NOT verified app formula)
a9ad55bd-fdac-45ed-a18c-868bf93c9793,ffbd5fe0-d9b3-cb55-cfd7-2d72a3498109,a5831922-eaeb-48c2-941c-fd96fae8813d,AC Issues,bd081ad6-5fe3-4c1d-a919-81b1055efa19,2026-05-07 16:00:32.624572,,logs+mt_match,,12,,,Insufficient lifecycle data,insufficient_lifecycle_data,insufficient_lifecycle_data,No closed event yet / open,Reconstructed SLA from ticket_logs lifecycle + issue_types.sla_hours (NOT verified app formula)
43e6cbf0-e2d4-40ae-bf20-4df7b23cf915,d2298bb8-a5e5-735a-c8ca-9b18c7daacd6,a5831922-eaeb-48c2-941c-fd96fae8813d,AC Issues,bd081ad6-5fe3-4c1d-a919-81b1055efa19,2026-06-17 17:53:02.488287,2026-06-25 13:23:32.120706,logs+mt_match,187.5082312275,12,-175.5082312275,True,SLA Breached,measurable,reconstructed 187.5h vs 12h SLA,Review breach — slow resolution for this issue type,Reconstructed SLA from ticket_logs lifecycle + issue_types.sla_hours (NOT verified app formula)
3280b720-3e0c-4df3-a962-35fe76a4a434,188aee4d-68e0-1ddb-38e6-a946bc75072d,c5f1c3c0-af88-4c54-9730-ebffed128bc9,Kitchen Equipment,8c42685b-f2df-4dec-96bd-0e77b715e33e,2026-06-30 02:55:55.641667,,logs+mt_match,,12,,,Insufficient lifecycle data,insufficient_lifecycle_data,insufficient_lifecycle_data,No closed event yet / open,Reconstructed SLA from ticket_logs lifecycle + issue_types.sla_hours (NOT verified app formula)
3714a311-a5b5-46ed-9868-1b383c55906d,b0875d50-a469-821b-57c3-03ac62809198,01208ba1-4225-4a61-be39-3afe03dad690,RO Water Issues,bd081ad6-5fe3-4c1d-a919-81b1055efa19,2026-04-10 04:22:54.889122,2026-05-10 06:35:20.814374,logs+mt_match,722.2072014588889,6,-716.2072014588889,True,SLA Breached,measurable,reconstructed 722.2h vs 6h SLA,Review breach — slow resolution for this issue type,Reconstructed SLA from ticket_logs lifecycle + issue_types.sla_hours (NOT verified app formula)
52ec5ab0-c642-4dbb-af9f-e9065cf605f6,0a839c14-2a88-9896-c2f2-8d51fe610405,caf6381e-5189-4c1f-bf0a-4dfd99d9b9e7,Washing machine Issue,bd081ad6-5fe3-4c1d-a919-81b1055efa19,2026-07-12 17:27:25.317935,2026-07-28 12:01:22.346820,logs+mt_match,378.5658413569444,24,-354.5658413569444,True,SLA Breached,measurable,reconstructed 378.6h vs 24h SLA,Review breach — slow resolution for this issue type,Reconstructed SLA from ticket_logs lifecycle + issue_types.sla_hours (NOT verified app formula)
1c260e7d-b201-4d78-84c7-5f7d98da6011,85292340-826d-52c1-65c7-7f2a9eb2c2c4,47389994-b201-4bb1-bf91-8bce4dbde510,Other,bd081ad6-5fe3-4c1d-a919-81b1055efa19,2026-07-07 10:50:32.368187,,logs+mt_match,,24,,,Insufficient lifecycle data,insufficient_lifecycle_data,insufficient_lifecycle_data,No closed event yet / open,Reconstructed SLA from ticket_logs lifecycle + issue_types.sla_hours (NOT verified app formula)
fc9e112d-5e63-4203-8b16-d7f1d68e10da,dd96a329-ec95-e96a-1348-69d976f39cd4,28158382-d5c1-436c-927b-3e3d9855c2af,Electrical Issues,bd081ad6-5fe3-4c1d-a919-81b1055efa19,2026-05-11 11:33:45.301202,,logs+mt_match,,6,,,Insufficient lifecycle data,insufficient_lifecycle_data,insufficient_lifecycle_data,No closed event yet / open,Reconstructed SLA from ticket_logs lifecycle + issue_types.sla_hours (NOT verified app formula)
33131087-1090-40d4-9806-6c96010d12a8,10c6863d-07c3-4fc4-94f9-6adc29157ce1,e2aa2aaa-8af6-4807-9a4e-7665c5421eed,Furniture,bd081ad6-5fe3-4c1d-a919-81b1055efa19,2026-05-10 15:34:35.141982,2026-05-18 16:59:54.406769,logs+mt_match,193.4220179963889,24,-169.4220179963889,True,SLA Breached,measurable,reconstructed 193.4h vs 24h SLA,Review breach — slow resolution for this issue type,Reconstructed SLA from ticket_logs lifecycle + issue_types.sla_hours (NOT verified app formula)
15917ad7-bf88-4861-8777-e736a43024ee,dd96a329-ec95-e96a-1348-69d976f39cd4,a25aca1b-211b-41d3-ab08-78bd2b9541e8,Toilet Issues,bd081ad6-5fe3-4c1d-a919-81b1055efa19,2026-07-05 11:51:31.710110,,logs+mt_match,,4,,,Insufficient lifecycle data,insufficient_lifecycle_data,insufficient_lifecycle_data,No closed event yet / open,Reconstructed SLA from ticket_logs lifecycle + issue_types.sla_hours (NOT verified app formula)
b04c6dc7-ef50-48b8-937b-f6b9039c131a,d2298bb8-a5e5-735a-c8ca-9b18c7daacd6,47389994-b201-4bb1-bf91-8bce4dbde510,Other,bd081ad6-5fe3-4c1d-a919-81b1055efa19,2026-06-17 14:47:46.057076,2026-06-19 15:07:37.830101,logs+mt_match,48.3310480625,24,-24.331048062500003,True,SLA Breached,measurable,reconstructed 48.3h vs 24h SLA,Review breach — slow resolution for this issue type,Reconstructed SLA from ticket_logs lifecycle + issue_types.sla_hours (NOT verified app formula)
4dc1661f-4f6f-480f-914b-c4c531a02740,10c6863d-07c3-4fc4-94f9-6adc29157ce1,28158382-d5c1-436c-927b-3e3d9855c2af,Electrical Issues,bd081ad6-5fe3-4c1d-a919-81b1055efa19,2026-05-18 17:00:29.645296,2026-05-24 02:40:48.573024,logs+mt_match,129.67192436888888,6,-123.67192436888888,True,SLA Breached,measurable,reconstructed 129.7h vs 6h SLA,Review breach — slow resolution for this issue type,Reconstructed SLA from ticket_logs lifecycle + issue_types.sla_hours (NOT verified app formula)
dda32688-cb21-4683-b49b-1b75f6b72771,c2ff0c11-4d1b-7b9b-b93c-aa37c9b6c40b,28158382-d5c1-436c-927b-3e3d9855c2af,Electrical Issues,bd081ad6-5fe3-4c1d-a919-81b1055efa19,2026-05-11 06:21:37.306536,2026-05-12 10:36:37.982370,logs+mt_match,28.250187731666664,6,-22.250187731666664,True,SLA Breached,measurable,reconstructed 28.3h vs 6h SLA,Review breach — slow resolution for this issue type,Reconstructed SLA from ticket_logs lifecycle + issue_types.sla_hours (NOT verified app formula)
5a4b0eb5-ffd2-4be2-aeea-8d02f0ac9d36,417c9738-a0f7-5a00-1091-37a9fd083dd6,a25aca1b-211b-41d3-ab08-78bd2b9541e8,Toilet Issues,bd081ad6-5fe3-4c1d-a919-81b1055efa19,2026-05-11 16:06:46.431190,2026-05-13 09:40:39.172318,logs+mt_match,41.56465031333333,4,-37.56465031333333,True,SLA Breached,measurable,reconstructed 41.6h vs 4h SLA,Review breach — slow resolution for this issue type,Reconstructed SLA from ticket_logs lifecycle + issue_types.sla_hours (NOT verified app formula)
da7414fa-6c44-4570-ab9e-7a4d39ccda5d,85292340-826d-52c1-65c7-7f2a9eb2c2c4,01208ba1-4225-4a61-be39-3afe03dad690,RO Water Issues,bd081ad6-5fe3-4c1d-a919-81b1055efa19,2026-05-10 11:08:28.029021,2026-05-12 13:15:39.544363,logs+mt_match,50.11986537277778,6,-44.11986537277778,True,SLA Breached,measurable,reconstructed 50.1h vs 6h SLA,Review breach — slow resolution for this issue type,Reconstructed SLA from ticket_logs lifecycle + issue_types.sla_hours (NOT verified app formula)
eed88ead-3973-4643-8814-412fdd2ad9be,c2ff0c11-4d1b-7b9b-b93c-aa37c9b6c40b,a5831922-eaeb-48c2-941c-fd96fae8813d,AC Issues,bd081ad6-5fe3-4c1d-a919-81b1055efa19,2026-05-18 23:43:45.981343,2026-06-11 07:43:23.009349,logs+mt_match,559.9936188905556,12,-547.9936188905556,True,SLA Breached,measurable,reconstructed 560.0h vs 12h SLA,Review breach — slow resolution for this issue type,Reconstructed SLA from ticket_logs lifecycle + issue_types.sla_hours (NOT verified app formula)
d513cc24-826a-428b-b67e-a909f76f2842,77c3a6fd-4651-d880-29aa-abd19c8324df,d76dd3bd-ccb7-4991-a01f-ce158dfe908e,Plumbing,bd081ad6-5fe3-4c1d-a919-81b1055efa19,2026-08-03 09:47:04.311327,,logs+mt_match,,24,,,Insufficient lifecycle data,insufficient_lifecycle_data,insufficient_lifecycle_data,No closed event yet / open,Reconstructed SLA from ticket_logs lifecycle + issue_types.sla_hours (NOT verified app formula)
72214ccd-713f-4085-b036-812383c1c771,bc7f358d-0d6d-f95f-ff80-9089eefdef69,a5831922-eaeb-48c2-941c-fd96fae8813d,AC Issues,bd081ad6-5fe3-4c1d-a919-81b1055efa19,2026-04-05 08:35:42.112211,,logs+mt_match,,12,,,Insufficient lifecycle data,insufficient_lifecycle_data,insufficient_lifecycle_data,No closed event yet / open,Reconstructed SLA from ticket_logs lifecycle + issue_types.sla_hours (NOT verified app formula)
013fcae1-a397-4cf1-821c-16365a1cf07d,d2298bb8-a5e5-735a-c8ca-9b18c7daacd6,a5831922-eaeb-48c2-941c-fd96fae8813d,AC Issues,bd081ad6-5fe3-4c1d-a919-81b1055efa19,2026-07-08 18:00:06.875207,,logs+mt_match,,12,,,Insufficient lifecycle data,insufficient_lifecycle_data,insufficient_lifecycle_data,No closed event yet / open,Reconstructed SLA from ticket_logs lifecycle + issue_types.sla_hours (NOT verified app formula)
819bbb55-e646-56c4-22d2-56e997491ca3,79853a4a-cb02-508c-e041-7e23378aec9c,28158382-d5c1-436c-927b-3e3d9855c2af,Electrical Issues,bd081ad6-5fe3-4c1d-a919-81b1055efa19,2026-04-20 07:40:05.376739,2026-04-20 07:40:05.376739,logs+mt_match,0.0,6,6.0,,Collapsed timestamp,collapsed_timestamp,collapsed_timestamp,Excluded from genuine SLA KPI (migration-collapsed timestamps),Reconstructed SLA from ticket_logs lifecycle + issue_types.sla_hours (NOT verified app formula)
c1a019ae-9535-418f-a544-5a76ab8b9f50,b0d4d2c8-f6ee-bc16-ffd7-fc33c8db8571,f3614e6e-8394-40cd-bbb3-b1f78e9f17c2,Billing Issues,8c42685b-f2df-4dec-96bd-0e77b715e33e,2026-06-04 18:32:57.744303,2026-06-30 14:19:33.962372,logs+mt_match,619.7767272413889,24,-595.7767272413889,True,SLA Breached,measurable,reconstructed 619.8h vs 24h SLA,Review breach — slow resolution for this issue type,Reconstructed SLA from ticket_logs lifecycle + issue_types.sla_hours (NOT verified app formula)
72f49c21-8aa8-45bb-a4c7-4954fcb84481,c2ff0c11-4d1b-7b9b-b93c-aa37c9b6c40b,7917cc13-aaca-4558-a2c2-8be5cd8fc159,Internet Issues,bd081ad6-5fe3-4c1d-a919-81b1055efa19,2026-06-11 08:09:23.046845,2026-06-18 06:34:35.357524,logs+mt_match,166.42008629972221,6,-160.42008629972221,True,SLA Breached,measurable,reconstructed 166.4h vs 6h SLA,Review breach — slow resolution for this issue type,Reconstructed SLA from ticket_logs lifecycle + issue_types.sla_hours (NOT verified app formula)
3617c754-2014-417f-89e9-872fdc322560,86ad1ceb-8d81-a926-d998-3a2f1cafba06,caf6381e-5189-4c1f-bf0a-4dfd99d9b9e7,Washing machine Issue,bd081ad6-5fe3-4c1d-a919-81b1055efa19,2026-05-18 01:50:28.437927,2026-05-19 14:06:19.475316,logs+mt_match,36.2641770525,24,-12.264177052500003,True,SLA Breached,measurable,reconstructed 36.3h vs 24h SLA,Review breach — slow resolution for this issue type,Reconstructed SLA from ticket_logs lifecycle + issue_types.sla_hours (NOT verified app formula)
35dd8f94-4c35-4169-a395-42d399fd0956,5d204545-2f72-b89b-3190-a826b5ab6512,a25aca1b-211b-41d3-ab08-78bd2b9541e8,Toilet Issues,bd081ad6-5fe3-4c1d-a919-81b1055efa19,2026-05-28 06:55:52.799888,2026-06-07 11:49:56.775285,logs+mt_match,244.90110427694444,4,-240.90110427694444,True,SLA Breached,measurable,reconstructed 244.9h vs 4h SLA,Review breach — slow resolution for this issue type,Reconstructed SLA from ticket_logs lifecycle + issue_types.sla_hours (NOT verified app formula)
3938fc58-441d-46d3-b350-690023ef2634,bc7f358d-0d6d-f95f-ff80-9089eefdef69,c5f1c3c0-af88-4c54-9730-ebffed128bc9,Kitchen Equipment,8c42685b-f2df-4dec-96bd-0e77b715e33e,2026-05-09 15:27:03.676715,2026-06-12 04:01:02.130175,logs+mt_match,804.5662370722222,12,-792.5662370722222,True,SLA Breached,measurable,reconstructed 804.6h vs 12h SLA,Review breach — slow resolution for this issue type,Reconstructed SLA from ticket_logs lifecycle + issue_types.sla_hours (NOT verified app formula)
fd2babd5-9005-450a-ae03-3489776a5eae,dc4adc21-f501-0573-2e9a-d7bbbc89e5d6,ec405235-70e9-407e-9aa2-b877f8f36af8,Fridge Issues,bd081ad6-5fe3-4c1d-a919-81b1055efa19,2026-05-10 09:57:51.911058,2026-05-27 16:30:46.134772,logs+mt_match,414.5483954761111,12,-402.5483954761111,True,SLA Breached,measurable,reconstructed 414.5h vs 12h SLA,Review breach — slow resolution for this issue type,Reconstructed SLA from ticket_logs lifecycle + issue_types.sla_hours (NOT verified app formula)
6d5795dc-528f-4803-9e0f-be060bc4f7af,990e8a3e-a69c-7b31-f606-3eeb21e3d4c6,e2aa2aaa-8af6-4807-9a4e-7665c5421eed,Furniture,bd081ad6-5fe3-4c1d-a919-81b1055efa19,2026-05-02 02:42:26.732396,2026-05-28 06:52:02.228625,logs+mt_match,628.1598600636111,24,-604.1598600636111,True,SLA Breached,measurable,reconstructed 628.2h vs 24h SLA,Review breach — slow resolution for this issue type,Reconstructed SLA from ticket_logs lifecycle + issue_types.sla_hours (NOT verified app formula)
d92a4b99-dbe6-4eed-81d5-fa375a71c0f8,79853a4a-cb02-508c-e041-7e23378aec9c,47389994-b201-4bb1-bf91-8bce4dbde510,Other,bd081ad6-5fe3-4c1d-a919-81b1055efa19,2026-04-20 04:59:28.466374,2026-04-22 01:58:55.064238,logs+mt_match,44.99072162888889,24,-20.990721628888892,True,SLA Breached,measurable,reconstructed 45.0h vs 24h SLA,Review breach — slow resolution for this issue type,Reconstructed SLA from ticket_logs lifecycle + issue_types.sla_hours (NOT verified app formula)
3be84f30-5349-486b-a4a2-d5e936abdba5,dc4adc21-f501-0573-2e9a-d7bbbc89e5d6,e2aa2aaa-8af6-4807-9a4e-7665c5421eed,Furniture,bd081ad6-5fe3-4c1d-a919-81b1055efa19,2026-05-10 16:40:49.193263,,logs+mt_match,,24,,,Insufficient lifecycle data,insufficient_lifecycle_data,insufficient_lifecycle_data,No closed event yet / open,Reconstructed SLA from ticket_logs lifecycle + issue_types.sla_hours (NOT verified app formula)
a038450b-915e-4336-ab94-04b54c883858,fad74a92-8e64-787e-38c3-8ebdb9db6511,28158382-d5c1-436c-927b-3e3d9855c2af,Electrical Issues,bd081ad6-5fe3-4c1d-a919-81b1055efa19,2026-05-18 04:25:12.405079,2026-06-01 01:49:31.255842,logs+mt_match,333.4052363230556,6,-327.4052363230556,True,SLA Breached,measurable,reconstructed 333.4h vs 6h SLA,Review breach — slow resolution for this issue type,Reconstructed SLA from ticket_logs lifecycle + issue_types.sla_hours (NOT verified app formula)
f066b048-d1c1-461f-9f98-1db50a26d591,c2ff0c11-4d1b-7b9b-b93c-aa37c9b6c40b,d76dd3bd-ccb7-4991-a01f-ce158dfe908e,Plumbing,bd081ad6-5fe3-4c1d-a919-81b1055efa19,2026-06-16 08:20:10.551384,2026-06-19 12:24:55.415889,logs+mt_match,76.07912902916667,24,-52.079129029166666,True,SLA Breached,measurable,reconstructed 76.1h vs 24h SLA,Review breach — slow resolution for this issue type,Reconstructed SLA from ticket_logs lifecycle + issue_types.sla_hours (NOT verified app formula)
fecc3070-4c29-4249-ade0-1c9eae2687c2,a361bd0d-c2c1-2aee-6303-d65de004edd0,a5831922-eaeb-48c2-941c-fd96fae8813d,AC Issues,bd081ad6-5fe3-4c1d-a919-81b1055efa19,2026-04-25 11:38:53.413700,,logs+mt_match,,12,,,Insufficient lifecycle data,insufficient_lifecycle_data,insufficient_lifecycle_data,No closed event yet / open,Reconstructed SLA from ticket_logs lifecycle + issue_types.sla_hours (NOT verified app formula)
a1c5eb64-147d-4345-bcf9-908919babb90,85292340-826d-52c1-65c7-7f2a9eb2c2c4,caf6381e-5189-4c1f-bf0a-4dfd99d9b9e7,Washing machine Issue,bd081ad6-5fe3-4c1d-a919-81b1055efa19,2026-05-12 13:19:01.765316,2026-05-14 05:27:14.413525,logs+mt_match,40.136846724722226,24,-16.136846724722226,True,SLA Breached,measurable,reconstructed 40.1h vs 24h SLA,Review breach — slow resolution for this issue type,Reconstructed SLA from ticket_logs lifecycle + issue_types.sla_hours (NOT verified app formula)
53040f7e-89a2-4c5c-9f73-71feae903e1a,417c9738-a0f7-5a00-1091-37a9fd083dd6,28158382-d5c1-436c-927b-3e3d9855c2af,Electrical Issues,bd081ad6-5fe3-4c1d-a919-81b1055efa19,2026-06-30 00:46:26.535486,,logs+mt_match,,6,,,Insufficient lifecycle data,insufficient_lifecycle_data,insufficient_lifecycle_data,No closed event yet / open,Reconstructed SLA from ticket_logs lifecycle + issue_types.sla_hours (NOT verified app formula)
9c3cf2fa-b5d4-46e0-b7a6-a3acfca2c674,9d5d0096-0b78-a663-1142-be871dfa2bda,47389994-b201-4bb1-bf91-8bce4dbde510,Other,bd081ad6-5fe3-4c1d-a919-81b1055efa19,2026-05-16 06:25:17.163008,,logs+mt_match,,24,,,Insufficient lifecycle data,insufficient_lifecycle_data,insufficient_lifecycle_data,No closed event yet / open,Reconstructed SLA from ticket_logs lifecycle + issue_types.sla_hours (NOT verified app formula)
7c159bf0-6ac6-4788-984f-258e0cd2aa6f,1183b300-b9ae-5e28-acb2-304cb2fd36db,47389994-b201-4bb1-bf91-8bce4dbde510,Other,bd081ad6-5fe3-4c1d-a919-81b1055efa19,2026-04-28 11:11:09.595627,2026-06-25 10:55:25.163211,logs+mt_match,1391.737657662222,24,-1367.737657662222,True,SLA Breached,measurable,reconstructed 1391.7h vs 24h SLA,Review breach — slow resolution for this issue type,Reconstructed SLA from ticket_logs lifecycle + issue_types.sla_hours (NOT verified app formula)
9fd43c4c-a469-4f74-8c15-74a116f26187,aa73cade-c28c-dc5b-5980-55801ea0d415,e2aa2aaa-8af6-4807-9a4e-7665c5421eed,Furniture,bd081ad6-5fe3-4c1d-a919-81b1055efa19,2026-07-22 11:35:56.139426,2026-07-24 11:54:57.170702,logs+mt_match,48.316953132222224,24,-24.316953132222224,True,SLA Breached,measurable,reconstructed 48.3h vs 24h SLA,Review breach — slow resolution for this issue type,Reconstructed SLA from ticket_logs lifecycle + issue_types.sla_hours (NOT verified app formula)
11dcf269-8bc3-4127-94ad-49b9f248cbb2,5d204545-2f72-b89b-3190-a826b5ab6512,28158382-d5c1-436c-927b-3e3d9855c2af,Electrical Issues,bd081ad6-5fe3-4c1d-a919-81b1055efa19,2026-05-18 16:57:15.614207,2026-05-20 13:47:45.770513,logs+mt_match,44.841710084999995,6,-38.841710084999995,True,SLA Breached,measurable,reconstructed 44.8h vs 6h SLA,Review breach — slow resolution for this issue type,Reconstructed SLA from ticket_logs lifecycle + issue_types.sla_hours (NOT verified app formula)
2e126a23-8caf-4f95-8de0-b745519555c4,990e8a3e-a69c-7b31-f606-3eeb21e3d4c6,28158382-d5c1-436c-927b-3e3d9855c2af,Electrical Issues,bd081ad6-5fe3-4c1d-a919-81b1055efa19,2026-05-18 05:54:23.944272,2026-05-23 07:43:57.893707,logs+mt_match,121.82609706527778,6,-115.82609706527778,True,SLA Breached,measurable,reconstructed 121.8h vs 6h SLA,Review breach — slow resolution for this issue type,Reconstructed SLA from ticket_logs lifecycle + issue_types.sla_hours (NOT verified app formula)
c9127618-abb9-4756-bae1-5ac6e8ed51c6,77c3a6fd-4651-d880-29aa-abd19c8324df,a5831922-eaeb-48c2-941c-fd96fae8813d,AC Issues,bd081ad6-5fe3-4c1d-a919-81b1055efa19,2026-05-01 07:33:58.909192,2026-05-30 14:14:57.556120,logs+mt_match,702.6829574799999,12,-690.6829574799999,True,SLA Breached,measurable,reconstructed 702.7h vs 12h SLA,Review breach — slow resolution for this issue type,Reconstructed SLA from ticket_logs lifecycle + issue_types.sla_hours (NOT verified app formula)
2ccf9bff-aca4-4df0-9b53-338cff2175f1,a361bd0d-c2c1-2aee-6303-d65de004edd0,a5831922-eaeb-48c2-941c-fd96fae8813d,AC Issues,bd081ad6-5fe3-4c1d-a919-81b1055efa19,2026-05-08 03:22:13.278893,2026-06-30 15:31:49.559762,logs+mt_match,1284.1600780191666,12,-1272.1600780191666,True,SLA Breached,measurable,reconstructed 1284.2h vs 12h SLA,Review breach — slow resolution for this issue type,Reconstructed SLA from ticket_logs lifecycle + issue_types.sla_hours (NOT verified app formula)
9e794fe8-7c9d-4006-b59c-a654afcd2644,b0d4d2c8-f6ee-bc16-ffd7-fc33c8db8571,01208ba1-4225-4a61-be39-3afe03dad690,RO Water Issues,bd081ad6-5fe3-4c1d-a919-81b1055efa19,2026-07-14 21:02:28.348614,,logs+mt_match,,6,,,Insufficient lifecycle data,insufficient_lifecycle_data,insufficient_lifecycle_data,No closed event yet / open,Reconstructed SLA from ticket_logs lifecycle + issue_types.sla_hours (NOT verified app formula)
1b950245-c697-47aa-a34d-c8c230097405,77c3a6fd-4651-d880-29aa-abd19c8324df,a5831922-eaeb-48c2-941c-fd96fae8813d,AC Issues,bd081ad6-5fe3-4c1d-a919-81b1055efa19,2026-05-01 07:29:29.843873,2026-05-30 14:16:32.575430,logs+mt_match,702.7840920991666,12,-690.7840920991666,True,SLA Breached,measurable,reconstructed 702.8h vs 12h SLA,Review breach — slow resolution for this issue type,Reconstructed SLA from ticket_logs lifecycle + issue_types.sla_hours (NOT verified app formula)
68542466-9525-4a7a-bad1-384981867a1a,a361bd0d-c2c1-2aee-6303-d65de004edd0,abc84f5b-a950-406e-ab46-cefbe11df925,Cleaning Issues,8c42685b-f2df-4dec-96bd-0e77b715e33e,2026-05-05 02:09:03.793750,2026-05-21 00:17:47.561537,logs+mt_match,382.1454910519444,4,-378.1454910519444,True,SLA Breached,measurable,reconstructed 382.1h vs 4h SLA,Review breach — slow resolution for this issue type,Reconstructed SLA from ticket_logs lifecycle + issue_types.sla_hours (NOT verified app formula)
98d1b7f5-3d99-479d-85a5-0bed2c1b5252,bde00681-ebfc-ef38-4f6e-4906a012de6b,caf6381e-5189-4c1f-bf0a-4dfd99d9b9e7,Washing machine Issue,bd081ad6-5fe3-4c1d-a919-81b1055efa19,2026-05-19 08:28:37.583067,2026-05-21 04:32:18.521670,logs+mt_match,44.061371834166664,24,-20.061371834166664,True,SLA Breached,measurable,reconstructed 44.1h vs 24h SLA,Review breach — slow resolution for this issue type,Reconstructed SLA from ticket_logs lifecycle + issue_types.sla_hours (NOT verified app formula)
d0bf3299-2a22-4fa7-afd0-0b9ffc93ad76,a361bd0d-c2c1-2aee-6303-d65de004edd0,a5831922-eaeb-48c2-941c-fd96fae8813d,AC Issues,bd081ad6-5fe3-4c1d-a919-81b1055efa19,2026-05-02 13:07:10.162522,2026-06-30 15:32:07.521923,logs+mt_match,1418.4159331669443,12,-1406.4159331669443,True,SLA Breached,measurable,reconstructed 1418.4h vs 12h SLA,Review breach — slow resolution for this issue type,Reconstructed SLA from ticket_logs lifecycle + issue_types.sla_hours (NOT verified app formula)
83d03c23-f8b3-4f6c-8f52-e156f3fc8823,5d204545-2f72-b89b-3190-a826b5ab6512,47389994-b201-4bb1-bf91-8bce4dbde510,Other,bd081ad6-5fe3-4c1d-a919-81b1055efa19,2026-05-28 07:23:41.356072,2026-05-28 10:35:48.891747,logs+mt_match,3.2020932430555553,24,20.797906756944446,False,Within SLA,measurable,reconstructed 3.2h vs 24h SLA,OK,Reconstructed SLA from ticket_logs lifecycle + issue_types.sla_hours (NOT verified app formula)
f113e226-b3c6-4360-9d6d-eaf9928fcd6c,990e8a3e-a69c-7b31-f606-3eeb21e3d4c6,abc84f5b-a950-406e-ab46-cefbe11df925,Cleaning Issues,bd081ad6-5fe3-4c1d-a919-81b1055efa19,2026-05-30 15:42:31.120929,,logs+mt_match,,4,,,Insufficient lifecycle data,insufficient_lifecycle_data,insufficient_lifecycle_data,No closed event yet / open,Reconstructed SLA from ticket_logs lifecycle + issue_types.sla_hours (NOT verified app formula)
ddbe9afe-17ac-4cbf-aba7-3713ac3dcd53,8767525e-d22f-a295-bc29-ba104fdc589a,abc84f5b-a950-406e-ab46-cefbe11df925,Cleaning Issues,bd081ad6-5fe3-4c1d-a919-81b1055efa19,2026-06-03 06:19:54.869340,,logs+mt_match,,4,,,Insufficient lifecycle data,insufficient_lifecycle_data,insufficient_lifecycle_data,No closed event yet / open,Reconstructed SLA from ticket_logs lifecycle + issue_types.sla_hours (NOT verified app formula)
b013dda1-2181-41f8-a9c3-db8acdeaca2d,dc4adc21-f501-0573-2e9a-d7bbbc89e5d6,d76dd3bd-ccb7-4991-a01f-ce158dfe908e,Plumbing,bd081ad6-5fe3-4c1d-a919-81b1055efa19,2026-05-27 16:32:08.770640,2026-06-10 15:24:39.263075,logs+mt_match,334.87513678749997,24,-310.87513678749997,True,SLA Breached,measurable,reconstructed 334.9h vs 24h SLA,Review breach — slow resolution for this issue type,Reconstructed SLA from ticket_logs lifecycle + issue_types.sla_hours (NOT verified app formula)
b53c8057-ceb7-453d-ba81-05a80347d635,5d204545-2f72-b89b-3190-a826b5ab6512,abc84f5b-a950-406e-ab46-cefbe11df925,Cleaning Issues,bd081ad6-5fe3-4c1d-a919-81b1055efa19,2026-05-25 12:28:55.455030,2026-06-11 16:33:09.382902,logs+mt_match,412.07053552,4,-408.07053552,True,SLA Breached,measurable,reconstructed 412.1h vs 4h SLA,Review breach — slow resolution for this issue type,Reconstructed SLA from ticket_logs lifecycle + issue_types.sla_hours (NOT verified app formula)
3145b7a3-f9b8-4b69-be75-cf0d3ead40f9,d2298bb8-a5e5-735a-c8ca-9b18c7daacd6,caf6381e-5189-4c1f-bf0a-4dfd99d9b9e7,Washing machine Issue,bd081ad6-5fe3-4c1d-a919-81b1055efa19,2026-04-17 15:40:31.570257,2026-05-21 17:01:08.192216,logs+mt_match,817.3435060997222,24,-793.3435060997222,True,SLA Breached,measurable,reconstructed 817.3h vs 24h SLA,Review breach — slow resolution for this issue type,Reconstructed SLA from ticket_logs lifecycle + issue_types.sla_hours (NOT verified app formula)
6178a47c-c209-4050-bbd3-46234b2010e5,5d204545-2f72-b89b-3190-a826b5ab6512,a25aca1b-211b-41d3-ab08-78bd2b9541e8,Toilet Issues,bd081ad6-5fe3-4c1d-a919-81b1055efa19,2026-05-20 13:51:15.996733,2026-05-25 02:07:44.661490,logs+mt_match,108.27462909916666,4,-104.27462909916666,True,SLA Breached,measurable,reconstructed 108.3h vs 4h SLA,Review breach — slow resolution for this issue type,Reconstructed SLA from ticket_logs lifecycle + issue_types.sla_hours (NOT verified app formula)
00442f6b-bad8-4efc-9138-a7fe5a491665,dd96a329-ec95-e96a-1348-69d976f39cd4,47389994-b201-4bb1-bf91-8bce4dbde510,Other,bd081ad6-5fe3-4c1d-a919-81b1055efa19,2026-06-05 11:33:16.718256,2026-06-06 08:12:35.599769,logs+mt_match,20.65524486472222,24,3.3447551352777793,False,Within SLA,measurable,reconstructed 20.7h vs 24h SLA,OK,Reconstructed SLA from ticket_logs lifecycle + issue_types.sla_hours (NOT verified app formula)
81a80b7e-da29-4044-be0e-fcccd3afe7fd,1183b300-b9ae-5e28-acb2-304cb2fd36db,e2aa2aaa-8af6-4807-9a4e-7665c5421eed,Furniture,8c42685b-f2df-4dec-96bd-0e77b715e33e,2026-04-28 11:14:52.373139,2026-06-19 07:10:06.496666,logs+mt_match,1243.920589868611,24,-1219.920589868611,True,SLA Breached,measurable,reconstructed 1243.9h vs 24h SLA,Review breach — slow resolution for this issue type,Reconstructed SLA from ticket_logs lifecycle + issue_types.sla_hours (NOT verified app formula)
01e761fc-cf80-46dc-99fc-90cec18565a9,bde00681-ebfc-ef38-4f6e-4906a012de6b,e2aa2aaa-8af6-4807-9a4e-7665c5421eed,Furniture,bd081ad6-5fe3-4c1d-a919-81b1055efa19,2026-05-26 05:33:25.934499,,logs+mt_match,,24,,,Insufficient lifecycle data,insufficient_lifecycle_data,insufficient_lifecycle_data,No closed event yet / open,Reconstructed SLA from ticket_logs lifecycle + issue_types.sla_hours (NOT verified app formula)
e0e94ac2-9af5-4194-ba97-3caff204496e,990e8a3e-a69c-7b31-f606-3eeb21e3d4c6,47389994-b201-4bb1-bf91-8bce4dbde510,Other,bd081ad6-5fe3-4c1d-a919-81b1055efa19,2026-06-29 13:38:08.686724,,logs+mt_match,,24,,,Insufficient lifecycle data,insufficient_lifecycle_data,insufficient_lifecycle_data,No closed event yet / open,Reconstructed SLA from ticket_logs lifecycle + issue_types.sla_hours (NOT verified app formula)
ec7dd572-aa06-43eb-8cf4-469684996ac1,b0d4d2c8-f6ee-bc16-ffd7-fc33c8db8571,a5831922-eaeb-48c2-941c-fd96fae8813d,AC Issues,bd081ad6-5fe3-4c1d-a919-81b1055efa19,2026-06-04 18:31:41.324431,2026-06-30 14:19:42.028870,logs+mt_match,619.8001956775,12,-607.8001956775,True,SLA Breached,measurable,reconstructed 619.8h vs 12h SLA,Review breach — slow resolution for this issue type,Reconstructed SLA from ticket_logs lifecycle + issue_types.sla_hours (NOT verified app formula)
6655ddc8-ece3-485d-a194-14d08986ba03,9d5d0096-0b78-a663-1142-be871dfa2bda,a25aca1b-211b-41d3-ab08-78bd2b9541e8,Toilet Issues,bd081ad6-5fe3-4c1d-a919-81b1055efa19,2026-05-20 01:45:30.734657,,logs+mt_match,,4,,,Insufficient lifecycle data,insufficient_lifecycle_data,insufficient_lifecycle_data,No closed event yet / open,Reconstructed SLA from ticket_logs lifecycle + issue_types.sla_hours (NOT verified app formula)
d01d2356-1785-4413-a34d-b32eec8aa9f6,d2298bb8-a5e5-735a-c8ca-9b18c7daacd6,01208ba1-4225-4a61-be39-3afe03dad690,RO Water Issues,bd081ad6-5fe3-4c1d-a919-81b1055efa19,2026-06-25 18:45:41.744645,,logs+mt_match,,6,,,Insufficient lifecycle data,insufficient_lifecycle_data,insufficient_lifecycle_data,No closed event yet / open,Reconstructed SLA from ticket_logs lifecycle + issue_types.sla_hours (NOT verified app formula)
c357bd0c-ed09-4aed-9e47-2952abc4b848,990e8a3e-a69c-7b31-f606-3eeb21e3d4c6,abc84f5b-a950-406e-ab46-cefbe11df925,Cleaning Issues,bd081ad6-5fe3-4c1d-a919-81b1055efa19,2026-05-23 07:48:00.540218,2026-06-24 08:21:10.293327,logs+mt_match,768.5527091969445,4,-764.5527091969445,True,SLA Breached,measurable,reconstructed 768.6h vs 4h SLA,Review breach — slow resolution for this issue type,Reconstructed SLA from ticket_logs lifecycle + issue_types.sla_hours (NOT verified app formula)
047c498a-6455-4af2-a829-3e20b6f96ed3,b0d4d2c8-f6ee-bc16-ffd7-fc33c8db8571,28158382-d5c1-436c-927b-3e3d9855c2af,Electrical Issues,bd081ad6-5fe3-4c1d-a919-81b1055efa19,2026-06-03 06:53:35.008441,2026-06-05 06:06:01.179177,logs+mt_match,47.20726964888889,6,-41.20726964888889,True,SLA Breached,measurable,reconstructed 47.2h vs 6h SLA,Review breach — slow resolution for this issue type,Reconstructed SLA from ticket_logs lifecycle + issue_types.sla_hours (NOT verified app formula)
4b313b65-29bc-4a38-9c5c-a7db2daa1745,85292340-826d-52c1-65c7-7f2a9eb2c2c4,a25aca1b-211b-41d3-ab08-78bd2b9541e8,Toilet Issues,bd081ad6-5fe3-4c1d-a919-81b1055efa19,2026-06-01 13:37:42.925639,2026-06-06 04:16:00.262915,logs+mt_match,110.63814924333333,4,-106.63814924333333,True,SLA Breached,measurable,reconstructed 110.6h vs 4h SLA,Review breach — slow resolution for this issue type,Reconstructed SLA from ticket_logs lifecycle + issue_types.sla_hours (NOT verified app formula)
ba000612-08eb-466e-a200-9116b2f0ab0f,fb5cedd6-2992-1c62-7fba-4a7a6b43b2ff,28158382-d5c1-436c-927b-3e3d9855c2af,Electrical Issues,bd081ad6-5fe3-4c1d-a919-81b1055efa19,2026-06-15 08:09:20.584146,,logs+mt_match,,6,,,Insufficient lifecycle data,insufficient_lifecycle_data,insufficient_lifecycle_data,No closed event yet / open,Reconstructed SLA from ticket_logs lifecycle + issue_types.sla_hours (NOT verified app formula)
f14e8248-c15f-48e6-9393-6548916183c2,bc7f358d-0d6d-f95f-ff80-9089eefdef69,a5831922-eaeb-48c2-941c-fd96fae8813d,AC Issues,bd081ad6-5fe3-4c1d-a919-81b1055efa19,2026-08-02 15:39:26.906640,,logs+mt_match,,12,,,Insufficient lifecycle data,insufficient_lifecycle_data,insufficient_lifecycle_data,No closed event yet / open,Reconstructed SLA from ticket_logs lifecycle + issue_types.sla_hours (NOT verified app formula)
8048197e-b83c-45a0-bf10-7a52115667e4,a361bd0d-c2c1-2aee-6303-d65de004edd0,abc84f5b-a950-406e-ab46-cefbe11df925,Cleaning Issues,bd081ad6-5fe3-4c1d-a919-81b1055efa19,2026-06-14 09:24:24.232035,,logs+mt_match,,4,,,Insufficient lifecycle data,insufficient_lifecycle_data,insufficient_lifecycle_data,No closed event yet / open,Reconstructed SLA from ticket_logs lifecycle + issue_types.sla_hours (NOT verified app formula)
298b0b9f-9d4c-4ef2-a37f-7d9e7d35910d,bde00681-ebfc-ef38-4f6e-4906a012de6b,a5831922-eaeb-48c2-941c-fd96fae8813d,AC Issues,bd081ad6-5fe3-4c1d-a919-81b1055efa19,2026-05-19 08:27:41.759571,2026-07-13 17:17:15.391975,logs+mt_match,1328.826009001111,12,-1316.826009001111,True,SLA Breached,measurable,reconstructed 1328.8h vs 12h SLA,Review breach — slow resolution for this issue type,Reconstructed SLA from ticket_logs lifecycle + issue_types.sla_hours (NOT verified app formula)
30f4d87a-751c-4266-ad46-975889178700,b0d4d2c8-f6ee-bc16-ffd7-fc33c8db8571,abc84f5b-a950-406e-ab46-cefbe11df925,Cleaning Issues,bd081ad6-5fe3-4c1d-a919-81b1055efa19,2026-06-03 06:52:14.662375,2026-06-05 06:04:53.581478,logs+mt_match,47.210810861944445,4,-43.210810861944445,True,SLA Breached,measurable,reconstructed 47.2h vs 4h SLA,Review breach — slow resolution for this issue type,Reconstructed SLA from ticket_logs lifecycle + issue_types.sla_hours (NOT verified app formula)
1c905e75-7535-416d-a137-8dc916747194,c17c5093-48b7-139f-ebfc-1cd33ef5179c,7917cc13-aaca-4558-a2c2-8be5cd8fc159,Internet Issues,bd081ad6-5fe3-4c1d-a919-81b1055efa19,2026-05-22 15:16:09.214565,2026-06-12 04:01:11.919374,logs+mt_match,492.75075133583334,6,-486.75075133583334,True,SLA Breached,measurable,reconstructed 492.8h vs 6h SLA,Review breach — slow resolution for this issue type,Reconstructed SLA from ticket_logs lifecycle + issue_types.sla_hours (NOT verified app formula)
64b8f3c5-646f-4bc7-b81e-9089cb07e662,a361bd0d-c2c1-2aee-6303-d65de004edd0,28158382-d5c1-436c-927b-3e3d9855c2af,Electrical Issues,bd081ad6-5fe3-4c1d-a919-81b1055efa19,2026-08-06 14:36:09.103023,,logs+mt_match,,6,,,Insufficient lifecycle data,insufficient_lifecycle_data,insufficient_lifecycle_data,No closed event yet / open,Reconstructed SLA from ticket_logs lifecycle + issue_types.sla_hours (NOT verified app formula)
fee940e2-83d1-4749-ab17-a7df7d3e1905,79853a4a-cb02-508c-e041-7e23378aec9c,28158382-d5c1-436c-927b-3e3d9855c2af,Electrical Issues,bd081ad6-5fe3-4c1d-a919-81b1055efa19,2026-05-21 19:21:39.302622,,logs+mt_match,,6,,,Insufficient lifecycle data,insufficient_lifecycle_data,insufficient_lifecycle_data,No closed event yet / open,Reconstructed SLA from ticket_logs lifecycle + issue_types.sla_hours (NOT verified app formula)
1253875a-f6c4-4ed0-92d1-c3e6e7a4dabb,77c3a6fd-4651-d880-29aa-abd19c8324df,a5831922-eaeb-48c2-941c-fd96fae8813d,AC Issues,bd081ad6-5fe3-4c1d-a919-81b1055efa19,2026-05-26 14:37:55.440532,2026-05-28 12:48:43.250091,logs+mt_match,46.17994709972222,12,-34.17994709972222,True,SLA Breached,measurable,reconstructed 46.2h vs 12h SLA,Review breach — slow resolution for this issue type,Reconstructed SLA from ticket_logs lifecycle + issue_types.sla_hours (NOT verified app formula)
3d26fc71-98fb-4052-a26c-40e7b044d63b,188aee4d-68e0-1ddb-38e6-a946bc75072d,a25aca1b-211b-41d3-ab08-78bd2b9541e8,Toilet Issues,bd081ad6-5fe3-4c1d-a919-81b1055efa19,2026-07-20 06:54:28.980475,2026-07-22 05:55:50.709576,logs+mt_match,47.022702528055554,4,-43.022702528055554,True,SLA Breached,measurable,reconstructed 47.0h vs 4h SLA,Review breach — slow resolution for this issue type,Reconstructed SLA from ticket_logs lifecycle + issue_types.sla_hours (NOT verified app formula)
7c2663ac-612b-417d-9bf7-5e6ac8d3efe5,03edc7c5-4c46-b55e-523d-9fb7be29910b,a5831922-eaeb-48c2-941c-fd96fae8813d,AC Issues,bd081ad6-5fe3-4c1d-a919-81b1055efa19,2026-05-21 18:05:12.373718,2026-07-31 06:15:54.411238,logs+mt_match,1692.1783437555555,12,-1680.1783437555555,True,SLA Breached,measurable,reconstructed 1692.2h vs 12h SLA,Review breach — slow resolution for this issue type,Reconstructed SLA from ticket_logs lifecycle + issue_types.sla_hours (NOT verified app formula)
4f8b2dee-434d-4bea-8392-a77c7e9c5362,aa73cade-c28c-dc5b-5980-55801ea0d415,a5831922-eaeb-48c2-941c-fd96fae8813d,AC Issues,bd081ad6-5fe3-4c1d-a919-81b1055efa19,2026-06-14 05:50:18.848886,2026-06-17 16:40:14.720192,logs+mt_match,82.83218647388888,12,-70.83218647388888,True,SLA Breached,measurable,reconstructed 82.8h vs 12h SLA,Review breach — slow resolution for this issue type,Reconstructed SLA from ticket_logs lifecycle + issue_types.sla_hours (NOT verified app formula)
48a7025a-a65f-4b80-914c-984259833370,77c3a6fd-4651-d880-29aa-abd19c8324df,d76dd3bd-ccb7-4991-a01f-ce158dfe908e,Plumbing,bd081ad6-5fe3-4c1d-a919-81b1055efa19,2026-05-31 06:53:36.435165,2026-06-26 06:05:06.403408,logs+mt_match,623.1916578452779,24,-599.1916578452779,True,SLA Breached,measurable,reconstructed 623.2h vs 24h SLA,Review breach — slow resolution for this issue type,Reconstructed SLA from ticket_logs lifecycle + issue_types.sla_hours (NOT verified app formula)
fbfcd225-fb5b-43dc-b136-702c313ae190,fad74a92-8e64-787e-38c3-8ebdb9db6511,28158382-d5c1-436c-927b-3e3d9855c2af,Electrical Issues,bd081ad6-5fe3-4c1d-a919-81b1055efa19,2026-05-20 07:47:05.519886,2026-06-01 01:49:10.569866,logs+mt_match,282.03473610555557,6,-276.03473610555557,True,SLA Breached,measurable,reconstructed 282.0h vs 6h SLA,Review breach — slow resolution for this issue type,Reconstructed SLA from ticket_logs lifecycle + issue_types.sla_hours (NOT verified app formula)
206f2473-1864-4ba9-ae6a-109ee0fa0150,b0875d50-a469-821b-57c3-03ac62809198,a5831922-eaeb-48c2-941c-fd96fae8813d,AC Issues,bd081ad6-5fe3-4c1d-a919-81b1055efa19,2026-05-21 15:12:58.224955,,logs+mt_match,,12,,,Insufficient lifecycle data,insufficient_lifecycle_data,insufficient_lifecycle_data,No closed event yet / open,Reconstructed SLA from ticket_logs lifecycle + issue_types.sla_hours (NOT verified app formula)
793f193e-cb76-43f3-991d-36b8179160da,233cca0e-efcf-e631-d2fc-9997a6ba5706,a5831922-eaeb-48c2-941c-fd96fae8813d,AC Issues,bd081ad6-5fe3-4c1d-a919-81b1055efa19,2026-05-21 15:10:30.107053,,logs+mt_match,,12,,,Insufficient lifecycle data,insufficient_lifecycle_data,insufficient_lifecycle_data,No closed event yet / open,Reconstructed SLA from ticket_logs lifecycle + issue_types.sla_hours (NOT verified app formula)
65de8cca-e13c-44ee-8b37-0a8f33e93223,49ed1c8e-3653-c89b-ec74-16d8e20bb923,a5831922-eaeb-48c2-941c-fd96fae8813d,AC Issues,bd081ad6-5fe3-4c1d-a919-81b1055efa19,2026-05-01 14:44:22.503236,2026-05-23 04:51:14.862327,logs+mt_match,518.1145441919444,12,-506.11454419194445,True,SLA Breached,measurable,reconstructed 518.1h vs 12h SLA,Review breach — slow resolution for this issue type,Reconstructed SLA from ticket_logs lifecycle + issue_types.sla_hours (NOT verified app formula)
73752713-dfcb-4eff-8ce4-b47bbb904804,c2ff0c11-4d1b-7b9b-b93c-aa37c9b6c40b,01208ba1-4225-4a61-be39-3afe03dad690,RO Water Issues,bd081ad6-5fe3-4c1d-a919-81b1055efa19,2026-06-15 04:55:34.055291,2026-06-17 04:44:23.177000,logs+mt_match,47.81364491916667,6,-41.81364491916667,True,SLA Breached,measurable,reconstructed 47.8h vs 6h SLA,Review breach — slow resolution for this issue type,Reconstructed SLA from ticket_logs lifecycle + issue_types.sla_hours (NOT verified app formula)
f1c62a11-792d-4692-9de7-fc5834c32a22,03edc7c5-4c46-b55e-523d-9fb7be29910b,47389994-b201-4bb1-bf91-8bce4dbde510,Other,bd081ad6-5fe3-4c1d-a919-81b1055efa19,2026-07-24 06:46:37.792856,2026-07-24 11:04:34.643123,logs+mt_match,4.299125074166667,24,19.700874925833332,False,Within SLA,measurable,reconstructed 4.3h vs 24h SLA,OK,Reconstructed SLA from ticket_logs lifecycle + issue_types.sla_hours (NOT verified app formula)
b30178f4-4a1c-4469-9255-be9eed264561,77c3a6fd-4651-d880-29aa-abd19c8324df,a5831922-eaeb-48c2-941c-fd96fae8813d,AC Issues,bd081ad6-5fe3-4c1d-a919-81b1055efa19,2026-05-25 03:36:53.664017,2026-07-11 08:05:42.091047,logs+mt_match,1132.4801186194445,12,-1120.4801186194445,True,SLA Breached,measurable,reconstructed 1132.5h vs 12h SLA,Review breach — slow resolution for this issue type,Reconstructed SLA from ticket_logs lifecycle + issue_types.sla_hours (NOT verified app formula)
a212351e-fd47-4d4f-b06f-cfd544db2630,77c3a6fd-4651-d880-29aa-abd19c8324df,7917cc13-aaca-4558-a2c2-8be5cd8fc159,Internet Issues,bd081ad6-5fe3-4c1d-a919-81b1055efa19,2026-04-20 07:11:23.407400,2026-07-11 08:05:48.391968,logs+mt_match,1968.9069401577776,6,-1962.9069401577776,True,SLA Breached,measurable,reconstructed 1968.9h vs 6h SLA,Review breach — slow resolution for this issue type,Reconstructed SLA from ticket_logs lifecycle + issue_types.sla_hours (NOT verified app formula)
3b217359-2d33-49eb-9efa-90da713930cb,c17c5093-48b7-139f-ebfc-1cd33ef5179c,28158382-d5c1-436c-927b-3e3d9855c2af,Electrical Issues,bd081ad6-5fe3-4c1d-a919-81b1055efa19,2026-05-24 15:10:59.479407,2026-05-27 08:11:43.363542,logs+mt_match,65.0121900375,6,-59.012190037500005,True,SLA Breached,measurable,reconstructed 65.0h vs 6h SLA,Review breach — slow resolution for this issue type,Reconstructed SLA from ticket_logs lifecycle + issue_types.sla_hours (NOT verified app formula)
313e7f25-536e-4c44-bcbc-aeeed7545253,85292340-826d-52c1-65c7-7f2a9eb2c2c4,a5831922-eaeb-48c2-941c-fd96fae8813d,AC Issues,bd081ad6-5fe3-4c1d-a919-81b1055efa19,2026-06-01 13:14:44.293474,2026-06-06 17:32:22.984072,logs+mt_match,124.29408072166667,12,-112.29408072166667,True,SLA Breached,measurable,reconstructed 124.3h vs 12h SLA,Review breach — slow resolution for this issue type,Reconstructed SLA from ticket_logs lifecycle + issue_types.sla_hours (NOT verified app formula)
b09e510e-96ad-4622-8e2b-5fb39c8d213b,10c6863d-07c3-4fc4-94f9-6adc29157ce1,a5831922-eaeb-48c2-941c-fd96fae8813d,AC Issues,bd081ad6-5fe3-4c1d-a919-81b1055efa19,2026-05-24 02:41:33.139085,2026-05-27 04:27:17.667307,logs+mt_match,73.76236895055555,12,-61.762368950555555,True,SLA Breached,measurable,reconstructed 73.8h vs 12h SLA,Review breach — slow resolution for this issue type,Reconstructed SLA from ticket_logs lifecycle + issue_types.sla_hours (NOT verified app formula)
04617c6a-c9d0-4f9c-845e-a513b686709a,5d204545-2f72-b89b-3190-a826b5ab6512,28158382-d5c1-436c-927b-3e3d9855c2af,Electrical Issues,bd081ad6-5fe3-4c1d-a919-81b1055efa19,2026-05-25 02:08:41.595235,2026-05-26 12:28:22.308167,logs+mt_match,34.32797581444444,6,-28.327975814444443,True,SLA Breached,measurable,reconstructed 34.3h vs 6h SLA,Review breach — slow resolution for this issue type,Reconstructed SLA from ticket_logs lifecycle + issue_types.sla_hours (NOT verified app formula)
fe68f9b2-11d4-4da9-8573-21a5fad9d663,79853a4a-cb02-508c-e041-7e23378aec9c,28158382-d5c1-436c-927b-3e3d9855c2af,Electrical Issues,bd081ad6-5fe3-4c1d-a919-81b1055efa19,2026-04-22 02:00:05.426117,2026-06-18 15:00:26.685080,logs+mt_match,1381.0059052675,6,-1375.0059052675,True,SLA Breached,measurable,reconstructed 1381.0h vs 6h SLA,Review breach — slow resolution for this issue type,Reconstructed SLA from ticket_logs lifecycle + issue_types.sla_hours (NOT verified app formula)
4d777e0e-07ea-4138-9065-e0405fe2debb,1b4d1066-8fe4-199b-7b3b-39e4bded9714,a5831922-eaeb-48c2-941c-fd96fae8813d,AC Issues,bd081ad6-5fe3-4c1d-a919-81b1055efa19,2026-05-22 13:27:26.899452,2026-05-26 14:10:35.121995,logs+mt_match,96.7189507063889,12,-84.7189507063889,True,SLA Breached,measurable,reconstructed 96.7h vs 12h SLA,Review breach — slow resolution for this issue type,Reconstructed SLA from ticket_logs lifecycle + issue_types.sla_hours (NOT verified app formula)
3beee66c-b10d-4d92-ad2f-d084d2754066,9d5d0096-0b78-a663-1142-be871dfa2bda,28158382-d5c1-436c-927b-3e3d9855c2af,Electrical Issues,bd081ad6-5fe3-4c1d-a919-81b1055efa19,2026-05-24 12:40:59.795866,,logs+mt_match,,6,,,Insufficient lifecycle data,insufficient_lifecycle_data,insufficient_lifecycle_data,No closed event yet / open,Reconstructed SLA from ticket_logs lifecycle + issue_types.sla_hours (NOT verified app formula)
e9107c13-9b09-4dd1-817c-bf01b8d59ab9,49ed1c8e-3653-c89b-ec74-16d8e20bb923,d76dd3bd-ccb7-4991-a01f-ce158dfe908e,Plumbing,bd081ad6-5fe3-4c1d-a919-81b1055efa19,2026-05-15 03:28:42.064347,2026-05-26 03:02:31.532269,logs+mt_match,263.5637410894444,24,-239.56374108944442,True,SLA Breached,measurable,reconstructed 263.6h vs 24h SLA,Review breach — slow resolution for this issue type,Reconstructed SLA from ticket_logs lifecycle + issue_types.sla_hours (NOT verified app formula)
9c6f1860-b99a-4590-a537-7b0051409a06,2fc42a4f-fe5a-ae08-0e4e-2c89ca71db85,a5831922-eaeb-48c2-941c-fd96fae8813d,AC Issues,bd081ad6-5fe3-4c1d-a919-81b1055efa19,2026-05-19 03:11:09.670703,2026-05-26 03:12:48.132580,logs+mt_match,168.0273505213889,12,-156.0273505213889,True,SLA Breached,measurable,reconstructed 168.0h vs 12h SLA,Review breach — slow resolution for this issue type,Reconstructed SLA from ticket_logs lifecycle + issue_types.sla_hours (NOT verified app formula)
f9b32676-14df-4807-b389-ab327909f7ab,aa73cade-c28c-dc5b-5980-55801ea0d415,28158382-d5c1-436c-927b-3e3d9855c2af,Electrical Issues,bd081ad6-5fe3-4c1d-a919-81b1055efa19,2026-05-24 05:27:32.667041,2026-05-26 13:36:59.242857,logs+mt_match,56.15738217111111,6,-50.15738217111111,True,SLA Breached,measurable,reconstructed 56.2h vs 6h SLA,Review breach — slow resolution for this issue type,Reconstructed SLA from ticket_logs lifecycle + issue_types.sla_hours (NOT verified app formula)
f90ebf64-ee75-41cd-8a53-e97d7aad40da,79853a4a-cb02-508c-e041-7e23378aec9c,47389994-b201-4bb1-bf91-8bce4dbde510,Other,bd081ad6-5fe3-4c1d-a919-81b1055efa19,2026-07-17 07:26:21.821326,,logs+mt_match,,24,,,Insufficient lifecycle data,insufficient_lifecycle_data,insufficient_lifecycle_data,No closed event yet / open,Reconstructed SLA from ticket_logs lifecycle + issue_types.sla_hours (NOT verified app formula)
0235df0d-e86c-43df-8113-5df1701a4bd2,5d204545-2f72-b89b-3190-a826b5ab6512,47389994-b201-4bb1-bf91-8bce4dbde510,Other,bd081ad6-5fe3-4c1d-a919-81b1055efa19,2026-05-28 06:53:03.947150,2026-05-29 14:19:01.971076,logs+mt_match,31.432784423888886,24,-7.4327844238888865,True,SLA Breached,measurable,reconstructed 31.4h vs 24h SLA,Review breach — slow resolution for this issue type,Reconstructed SLA from ticket_logs lifecycle + issue_types.sla_hours (NOT verified app formula)
457efb24-90c0-41ae-bb6b-5a047470eec7,a361bd0d-c2c1-2aee-6303-d65de004edd0,a5831922-eaeb-48c2-941c-fd96fae8813d,AC Issues,bd081ad6-5fe3-4c1d-a919-81b1055efa19,2026-07-01 08:43:15.937928,,logs+mt_match,,12,,,Insufficient lifecycle data,insufficient_lifecycle_data,insufficient_lifecycle_data,No closed event yet / open,Reconstructed SLA from ticket_logs lifecycle + issue_types.sla_hours (NOT verified app formula)
8a21f623-e774-4f1e-ab8c-83fbcc18c810,ffbd5fe0-d9b3-cb55-cfd7-2d72a3498109,a5831922-eaeb-48c2-941c-fd96fae8813d,AC Issues,bd081ad6-5fe3-4c1d-a919-81b1055efa19,2026-05-25 16:06:22.299960,2026-06-18 07:26:57.249711,logs+mt_match,567.3430415975,12,-555.3430415975,True,SLA Breached,measurable,reconstructed 567.3h vs 12h SLA,Review breach — slow resolution for this issue type,Reconstructed SLA from ticket_logs lifecycle + issue_types.sla_hours (NOT verified app formula)
91c3df30-8736-4363-afda-343891a9380a,5d204545-2f72-b89b-3190-a826b5ab6512,01208ba1-4225-4a61-be39-3afe03dad690,RO Water Issues,bd081ad6-5fe3-4c1d-a919-81b1055efa19,2026-06-11 16:35:50.190475,2026-06-21 15:26:24.410223,logs+mt_match,238.8428388188889,6,-232.8428388188889,True,SLA Breached,measurable,reconstructed 238.8h vs 6h SLA,Review breach — slow resolution for this issue type,Reconstructed SLA from ticket_logs lifecycle + issue_types.sla_hours (NOT verified app formula)
617dfc67-d0d6-429a-bfa5-06460a2c98da,10c6863d-07c3-4fc4-94f9-6adc29157ce1,f3614e6e-8394-40cd-bbb3-b1f78e9f17c2,Billing Issues,8c42685b-f2df-4dec-96bd-0e77b715e33e,2026-06-07 04:25:30.828071,,logs+mt_match,,24,,,Insufficient lifecycle data,insufficient_lifecycle_data,insufficient_lifecycle_data,No closed event yet / open,Reconstructed SLA from ticket_logs lifecycle + issue_types.sla_hours (NOT verified app formula)
5745ae7c-577e-45ee-8306-282882275a32,990e8a3e-a69c-7b31-f606-3eeb21e3d4c6,47389994-b201-4bb1-bf91-8bce4dbde510,Other,bd081ad6-5fe3-4c1d-a919-81b1055efa19,2026-04-19 14:25:54.679794,2026-05-30 15:38:56.160671,logs+mt_match,985.2170780213888,24,-961.2170780213888,True,SLA Breached,measurable,reconstructed 985.2h vs 24h SLA,Review breach — slow resolution for this issue type,Reconstructed SLA from ticket_logs lifecycle + issue_types.sla_hours (NOT verified app formula)
943908d6-ee9a-4bf4-aeab-eff7fb4ae697,990e8a3e-a69c-7b31-f606-3eeb21e3d4c6,caf6381e-5189-4c1f-bf0a-4dfd99d9b9e7,Washing machine Issue,bd081ad6-5fe3-4c1d-a919-81b1055efa19,2026-06-29 13:36:34.121105,,logs+mt_match,,24,,,Insufficient lifecycle data,insufficient_lifecycle_data,insufficient_lifecycle_data,No closed event yet / open,Reconstructed SLA from ticket_logs lifecycle + issue_types.sla_hours (NOT verified app formula)
8227d1f8-5ed9-4eb2-b9fd-d6fc0c9423f4,fad74a92-8e64-787e-38c3-8ebdb9db6511,c5f1c3c0-af88-4c54-9730-ebffed128bc9,Kitchen Equipment,8c42685b-f2df-4dec-96bd-0e77b715e33e,2026-05-18 04:25:37.180736,,logs+mt_match,,12,,,Insufficient lifecycle data,insufficient_lifecycle_data,insufficient_lifecycle_data,No closed event yet / open,Reconstructed SLA from ticket_logs lifecycle + issue_types.sla_hours (NOT verified app formula)
42068e51-cf17-44bb-9dd2-2b27cec6e39e,c2ff0c11-4d1b-7b9b-b93c-aa37c9b6c40b,7917cc13-aaca-4558-a2c2-8be5cd8fc159,Internet Issues,bd081ad6-5fe3-4c1d-a919-81b1055efa19,2026-06-15 05:13:38.040883,2026-06-16 08:18:18.653231,logs+mt_match,27.077947874444444,6,-21.077947874444444,True,SLA Breached,measurable,reconstructed 27.1h vs 6h SLA,Review breach — slow resolution for this issue type,Reconstructed SLA from ticket_logs lifecycle + issue_types.sla_hours (NOT verified app formula)
ff484b1a-5e85-4d57-8f3d-8e514b8f76ac,77c3a6fd-4651-d880-29aa-abd19c8324df,abc84f5b-a950-406e-ab46-cefbe11df925,Cleaning Issues,8c42685b-f2df-4dec-96bd-0e77b715e33e,2026-05-07 12:39:19.912629,2026-05-26 14:36:49.979180,logs+mt_match,457.9583518197223,4,-453.9583518197223,True,SLA Breached,measurable,reconstructed 458.0h vs 4h SLA,Review breach — slow resolution for this issue type,Reconstructed SLA from ticket_logs lifecycle + issue_types.sla_hours (NOT verified app formula)
3452ec27-2423-4f26-b3e8-61abde88cb0d,dc4adc21-f501-0573-2e9a-d7bbbc89e5d6,c5f1c3c0-af88-4c54-9730-ebffed128bc9,Kitchen Equipment,8c42685b-f2df-4dec-96bd-0e77b715e33e,2026-05-10 09:59:12.454315,2026-05-27 16:30:37.214481,logs+mt_match,414.5235444905556,12,-402.5235444905556,True,SLA Breached,measurable,reconstructed 414.5h vs 12h SLA,Review breach — slow resolution for this issue type,Reconstructed SLA from ticket_logs lifecycle + issue_types.sla_hours (NOT verified app formula)
93da2cb6-2365-4ade-b0a3-bffbb5fc56fe,c2ff0c11-4d1b-7b9b-b93c-aa37c9b6c40b,abc84f5b-a950-406e-ab46-cefbe11df925,Cleaning Issues,bd081ad6-5fe3-4c1d-a919-81b1055efa19,2026-06-12 08:17:55.556338,2026-06-17 04:44:28.069841,logs+mt_match,116.44236486194445,4,-112.44236486194445,True,SLA Breached,measurable,reconstructed 116.4h vs 4h SLA,Review breach — slow resolution for this issue type,Reconstructed SLA from ticket_logs lifecycle + issue_types.sla_hours (NOT verified app formula)
2d51794c-13c3-46fb-9138-15f4b9c36f32,aa73cade-c28c-dc5b-5980-55801ea0d415,54bc37a9-ef71-4e18-b896-593f71b161fa,Heater Issues,bd081ad6-5fe3-4c1d-a919-81b1055efa19,2026-05-26 13:40:07.174873,2026-05-28 07:24:28.442479,logs+mt_match,41.73924100166667,12,-29.73924100166667,True,SLA Breached,measurable,reconstructed 41.7h vs 12h SLA,Review breach — slow resolution for this issue type,Reconstructed SLA from ticket_logs lifecycle + issue_types.sla_hours (NOT verified app formula)
d6a91c4a-bcda-4f95-83d1-a34ed7cf8e65,77c3a6fd-4651-d880-29aa-abd19c8324df,e2aa2aaa-8af6-4807-9a4e-7665c5421eed,Furniture,bd081ad6-5fe3-4c1d-a919-81b1055efa19,2026-04-09 12:17:51.278333,2026-07-21 14:36:16.553910,logs+mt_match,2474.307020993611,24,-2450.307020993611,True,SLA Breached,measurable,reconstructed 2474.3h vs 24h SLA,Review breach — slow resolution for this issue type,Reconstructed SLA from ticket_logs lifecycle + issue_types.sla_hours (NOT verified app formula)
a3081c04-706b-45c9-9a10-6ee5edce0401,aa73cade-c28c-dc5b-5980-55801ea0d415,c5f1c3c0-af88-4c54-9730-ebffed128bc9,Kitchen Equipment,8c42685b-f2df-4dec-96bd-0e77b715e33e,2026-06-14 05:50:45.701233,,logs+mt_match,,12,,,Insufficient lifecycle data,insufficient_lifecycle_data,insufficient_lifecycle_data,No closed event yet / open,Reconstructed SLA from ticket_logs lifecycle + issue_types.sla_hours (NOT verified app formula)
64ee36db-ed0b-4fe8-bbfe-d5aa6e77423f,417c9738-a0f7-5a00-1091-37a9fd083dd6,a5831922-eaeb-48c2-941c-fd96fae8813d,AC Issues,bd081ad6-5fe3-4c1d-a919-81b1055efa19,2026-06-17 08:19:05.894890,2026-06-18 21:47:03.093894,logs+mt_match,37.46588861222222,12,-25.465888612222223,True,SLA Breached,measurable,reconstructed 37.5h vs 12h SLA,Review breach — slow resolution for this issue type,Reconstructed SLA from ticket_logs lifecycle + issue_types.sla_hours (NOT verified app formula)
2f821a1a-cdee-4e0b-b688-83e9e30edf93,aa73cade-c28c-dc5b-5980-55801ea0d415,e2aa2aaa-8af6-4807-9a4e-7665c5421eed,Furniture,bd081ad6-5fe3-4c1d-a919-81b1055efa19,2026-06-01 03:08:50.657810,2026-06-04 05:07:12.713246,logs+mt_match,73.97279317666667,24,-49.97279317666667,True,SLA Breached,measurable,reconstructed 74.0h vs 24h SLA,Review breach — slow resolution for this issue type,Reconstructed SLA from ticket_logs lifecycle + issue_types.sla_hours (NOT verified app formula)
79ca95c6-84d4-4fe7-b054-b7e9588ce30d,dc4adc21-f501-0573-2e9a-d7bbbc89e5d6,7917cc13-aaca-4558-a2c2-8be5cd8fc159,Internet Issues,bd081ad6-5fe3-4c1d-a919-81b1055efa19,2026-06-11 11:38:29.816012,2026-07-02 16:13:38.189575,logs+mt_match,508.58565932305555,6,-502.58565932305555,True,SLA Breached,measurable,reconstructed 508.6h vs 6h SLA,Review breach — slow resolution for this issue type,Reconstructed SLA from ticket_logs lifecycle + issue_types.sla_hours (NOT verified app formula)
273cfd52-9861-4f44-9271-39952f4c6a35,03edc7c5-4c46-b55e-523d-9fb7be29910b,abc84f5b-a950-406e-ab46-cefbe11df925,Cleaning Issues,bd081ad6-5fe3-4c1d-a919-81b1055efa19,2026-04-10 04:26:03.751269,,logs+mt_match,,4,,,Insufficient lifecycle data,insufficient_lifecycle_data,insufficient_lifecycle_data,No closed event yet / open,Reconstructed SLA from ticket_logs lifecycle + issue_types.sla_hours (NOT verified app formula)
61640151-5e67-4bdf-854e-05c78cf4a317,82b270bf-e567-2deb-5ef3-495baafd7645,01208ba1-4225-4a61-be39-3afe03dad690,RO Water Issues,bd081ad6-5fe3-4c1d-a919-81b1055efa19,2026-07-15 15:48:35.415162,2026-07-21 16:48:10.070633,logs+mt_match,144.99295985305557,6,-138.99295985305557,True,SLA Breached,measurable,reconstructed 145.0h vs 6h SLA,Review breach — slow resolution for this issue type,Reconstructed SLA from ticket_logs lifecycle + issue_types.sla_hours (NOT verified app formula)
53f77ddc-446d-4480-a617-de536961a1e0,10c6863d-07c3-4fc4-94f9-6adc29157ce1,01208ba1-4225-4a61-be39-3afe03dad690,RO Water Issues,bd081ad6-5fe3-4c1d-a919-81b1055efa19,2026-06-07 18:19:47.522165,,logs+mt_match,,6,,,Insufficient lifecycle data,insufficient_lifecycle_data,insufficient_lifecycle_data,No closed event yet / open,Reconstructed SLA from ticket_logs lifecycle + issue_types.sla_hours (NOT verified app formula)
fd2604e2-76a9-40ac-b9cb-34f60454de15,aa73cade-c28c-dc5b-5980-55801ea0d415,c5f1c3c0-af88-4c54-9730-ebffed128bc9,Kitchen Equipment,bd081ad6-5fe3-4c1d-a919-81b1055efa19,2026-05-24 05:26:20.816868,2026-06-17 16:39:54.850538,logs+mt_match,587.2261204638888,12,-575.2261204638888,True,SLA Breached,measurable,reconstructed 587.2h vs 12h SLA,Review breach — slow resolution for this issue type,Reconstructed SLA from ticket_logs lifecycle + issue_types.sla_hours (NOT verified app formula)
25627ef2-0336-47f6-8a33-cf89a60ab7c7,c2ff0c11-4d1b-7b9b-b93c-aa37c9b6c40b,01208ba1-4225-4a61-be39-3afe03dad690,RO Water Issues,bd081ad6-5fe3-4c1d-a919-81b1055efa19,2026-06-18 06:35:12.399770,,logs+mt_match,,6,,,Insufficient lifecycle data,insufficient_lifecycle_data,insufficient_lifecycle_data,No closed event yet / open,Reconstructed SLA from ticket_logs lifecycle + issue_types.sla_hours (NOT verified app formula)
469fe91b-3816-4adf-b5c6-7ba012838bc2,a361bd0d-c2c1-2aee-6303-d65de004edd0,a5831922-eaeb-48c2-941c-fd96fae8813d,AC Issues,bd081ad6-5fe3-4c1d-a919-81b1055efa19,2026-05-05 16:42:57.935217,2026-06-18 16:58:45.054796,logs+mt_match,1056.2630887719445,12,-1044.2630887719445,True,SLA Breached,measurable,reconstructed 1056.3h vs 12h SLA,Review breach — slow resolution for this issue type,Reconstructed SLA from ticket_logs lifecycle + issue_types.sla_hours (NOT verified app formula)
c94b4387-b104-49de-a22d-136c17203559,417c9738-a0f7-5a00-1091-37a9fd083dd6,a25aca1b-211b-41d3-ab08-78bd2b9541e8,Toilet Issues,bd081ad6-5fe3-4c1d-a919-81b1055efa19,2026-06-18 21:48:12.756646,2026-06-30 02:52:29.857630,logs+mt_match,269.07141694,4,-265.07141694,True,SLA Breached,measurable,reconstructed 269.1h vs 4h SLA,Review breach — slow resolution for this issue type,Reconstructed SLA from ticket_logs lifecycle + issue_types.sla_hours (NOT verified app formula)
925b5fb4-9735-4f08-b8bb-e93d33cc14e1,bde00681-ebfc-ef38-4f6e-4906a012de6b,a5831922-eaeb-48c2-941c-fd96fae8813d,AC Issues,bd081ad6-5fe3-4c1d-a919-81b1055efa19,2026-07-13 17:18:43.175184,,logs+mt_match,,12,,,Insufficient lifecycle data,insufficient_lifecycle_data,insufficient_lifecycle_data,No closed event yet / open,Reconstructed SLA from ticket_logs lifecycle + issue_types.sla_hours (NOT verified app formula)
1b24e22a-8d8f-4237-80aa-4709478acf52,82b270bf-e567-2deb-5ef3-495baafd7645,a5831922-eaeb-48c2-941c-fd96fae8813d,AC Issues,bd081ad6-5fe3-4c1d-a919-81b1055efa19,2026-06-30 02:36:34.261274,,logs+mt_match,,12,,,Insufficient lifecycle data,insufficient_lifecycle_data,insufficient_lifecycle_data,No closed event yet / open,Reconstructed SLA from ticket_logs lifecycle + issue_types.sla_hours (NOT verified app formula)
51d838ab-d34d-458d-8ba4-a58d1c010c5f,c2ff0c11-4d1b-7b9b-b93c-aa37c9b6c40b,01208ba1-4225-4a61-be39-3afe03dad690,RO Water Issues,bd081ad6-5fe3-4c1d-a919-81b1055efa19,2026-06-18 03:56:58.868438,2026-06-27 12:02:26.073632,logs+mt_match,224.09089033166669,6,-218.09089033166669,True,SLA Breached,measurable,reconstructed 224.1h vs 6h SLA,Review breach — slow resolution for this issue type,Reconstructed SLA from ticket_logs lifecycle + issue_types.sla_hours (NOT verified app formula)
697a386b-0c0f-44c4-8653-96a72084bcec,417c9738-a0f7-5a00-1091-37a9fd083dd6,a25aca1b-211b-41d3-ab08-78bd2b9541e8,Toilet Issues,bd081ad6-5fe3-4c1d-a919-81b1055efa19,2026-06-17 07:43:05.441011,2026-06-18 21:46:51.341136,logs+mt_match,38.06275003472222,4,-34.06275003472222,True,SLA Breached,measurable,reconstructed 38.1h vs 4h SLA,Review breach — slow resolution for this issue type,Reconstructed SLA from ticket_logs lifecycle + issue_types.sla_hours (NOT verified app formula)
86745b91-6f81-4ee1-b55f-e981c6de7b5c,990e8a3e-a69c-7b31-f606-3eeb21e3d4c6,abc84f5b-a950-406e-ab46-cefbe11df925,Cleaning Issues,bd081ad6-5fe3-4c1d-a919-81b1055efa19,2026-06-24 08:25:29.206999,2026-07-04 09:13:46.935941,logs+mt_match,240.8049247061111,4,-236.8049247061111,True,SLA Breached,measurable,reconstructed 240.8h vs 4h SLA,Review breach — slow resolution for this issue type,Reconstructed SLA from ticket_logs lifecycle + issue_types.sla_hours (NOT verified app formula)
a63e7669-3fd6-4fdc-a961-ad40190c10fa,bc7f358d-0d6d-f95f-ff80-9089eefdef69,abc84f5b-a950-406e-ab46-cefbe11df925,Cleaning Issues,bd081ad6-5fe3-4c1d-a919-81b1055efa19,2026-06-08 15:24:35.775005,2026-06-19 08:18:13.576145,logs+mt_match,256.89383365,4,-252.89383364999998,True,SLA Breached,measurable,reconstructed 256.9h vs 4h SLA,Review breach — slow resolution for this issue type,Reconstructed SLA from ticket_logs lifecycle + issue_types.sla_hours (NOT verified app formula)
63d1eaff-e400-4032-a823-9494310f2bba,a361bd0d-c2c1-2aee-6303-d65de004edd0,28158382-d5c1-436c-927b-3e3d9855c2af,Electrical Issues,bd081ad6-5fe3-4c1d-a919-81b1055efa19,2026-06-30 03:58:55.341297,,logs+mt_match,,6,,,Insufficient lifecycle data,insufficient_lifecycle_data,insufficient_lifecycle_data,No closed event yet / open,Reconstructed SLA from ticket_logs lifecycle + issue_types.sla_hours (NOT verified app formula)
84606359-3085-4e82-8854-11ac5b5045e7,b0d4d2c8-f6ee-bc16-ffd7-fc33c8db8571,28158382-d5c1-436c-927b-3e3d9855c2af,Electrical Issues,bd081ad6-5fe3-4c1d-a919-81b1055efa19,2026-06-12 17:33:51.414600,,logs+mt_match,,6,,,Insufficient lifecycle data,insufficient_lifecycle_data,insufficient_lifecycle_data,No closed event yet / open,Reconstructed SLA from ticket_logs lifecycle + issue_types.sla_hours (NOT verified app formula)
9351a6f4-4c82-419b-a851-61ee8fd6b403,bc7f358d-0d6d-f95f-ff80-9089eefdef69,a5831922-eaeb-48c2-941c-fd96fae8813d,AC Issues,bd081ad6-5fe3-4c1d-a919-81b1055efa19,2026-05-21 15:36:34.468245,2026-06-09 18:02:10.742054,logs+mt_match,458.4267427247222,12,-446.4267427247222,True,SLA Breached,measurable,reconstructed 458.4h vs 12h SLA,Review breach — slow resolution for this issue type,Reconstructed SLA from ticket_logs lifecycle + issue_types.sla_hours (NOT verified app formula)
ecfd4173-3aef-4da2-8aa5-f03fe01f639e,aa73cade-c28c-dc5b-5980-55801ea0d415,e2aa2aaa-8af6-4807-9a4e-7665c5421eed,Furniture,bd081ad6-5fe3-4c1d-a919-81b1055efa19,2026-06-04 04:10:27.313467,2026-06-10 10:46:18.181101,logs+mt_match,150.59746323166667,24,-126.59746323166667,True,SLA Breached,measurable,reconstructed 150.6h vs 24h SLA,Review breach — slow resolution for this issue type,Reconstructed SLA from ticket_logs lifecycle + issue_types.sla_hours (NOT verified app formula)
f0affaee-a05c-4cd9-97b6-f6b895f55ad6,c2ff0c11-4d1b-7b9b-b93c-aa37c9b6c40b,28158382-d5c1-436c-927b-3e3d9855c2af,Electrical Issues,bd081ad6-5fe3-4c1d-a919-81b1055efa19,2026-06-09 06:42:31.229892,2026-06-17 04:07:19.455354,logs+mt_match,189.41339596166668,6,-183.41339596166668,True,SLA Breached,measurable,reconstructed 189.4h vs 6h SLA,Review breach — slow resolution for this issue type,Reconstructed SLA from ticket_logs lifecycle + issue_types.sla_hours (NOT verified app formula)
72f721e8-8e16-444d-b150-09b3385ae141,86ad1ceb-8d81-a926-d998-3a2f1cafba06,47389994-b201-4bb1-bf91-8bce4dbde510,Other,bd081ad6-5fe3-4c1d-a919-81b1055efa19,2026-07-25 14:22:12.908797,,logs+mt_match,,24,,,Insufficient lifecycle data,insufficient_lifecycle_data,insufficient_lifecycle_data,No closed event yet / open,Reconstructed SLA from ticket_logs lifecycle + issue_types.sla_hours (NOT verified app formula)
4505aa76-6647-4ef0-b86d-d332e066828a,a361bd0d-c2c1-2aee-6303-d65de004edd0,a5831922-eaeb-48c2-941c-fd96fae8813d,AC Issues,bd081ad6-5fe3-4c1d-a919-81b1055efa19,2026-06-10 16:53:25.711651,,logs+mt_match,,12,,,Insufficient lifecycle data,insufficient_lifecycle_data,insufficient_lifecycle_data,No closed event yet / open,Reconstructed SLA from ticket_logs lifecycle + issue_types.sla_hours (NOT verified app formula)
edd4ab1d-1d4d-4acd-9e82-f4fcc0e3288a,a361bd0d-c2c1-2aee-6303-d65de004edd0,a25aca1b-211b-41d3-ab08-78bd2b9541e8,Toilet Issues,bd081ad6-5fe3-4c1d-a919-81b1055efa19,2026-05-20 11:52:41.408234,2026-06-10 16:52:26.705304,logs+mt_match,508.9959158527778,4,-504.9959158527778,True,SLA Breached,measurable,reconstructed 509.0h vs 4h SLA,Review breach — slow resolution for this issue type,Reconstructed SLA from ticket_logs lifecycle + issue_types.sla_hours (NOT verified app formula)
c49eb0f0-97c2-4aef-87a4-f012ea413af1,188aee4d-68e0-1ddb-38e6-a946bc75072d,abc84f5b-a950-406e-ab46-cefbe11df925,Cleaning Issues,bd081ad6-5fe3-4c1d-a919-81b1055efa19,2026-08-02 08:25:19.621072,,logs+mt_match,,4,,,Insufficient lifecycle data,insufficient_lifecycle_data,insufficient_lifecycle_data,No closed event yet / open,Reconstructed SLA from ticket_logs lifecycle + issue_types.sla_hours (NOT verified app formula)
ef1e06ce-5ac7-4ad8-a668-f0ebffab0a86,82b270bf-e567-2deb-5ef3-495baafd7645,a25aca1b-211b-41d3-ab08-78bd2b9541e8,Toilet Issues,bd081ad6-5fe3-4c1d-a919-81b1055efa19,2026-04-09 06:22:40.153324,2026-06-11 03:05:24.114729,logs+mt_match,1508.7122115013888,4,-1504.7122115013888,True,SLA Breached,measurable,reconstructed 1508.7h vs 4h SLA,Review breach — slow resolution for this issue type,Reconstructed SLA from ticket_logs lifecycle + issue_types.sla_hours (NOT verified app formula)
3c0f2d94-6e2b-4bdb-9426-6c887f11be91,82b270bf-e567-2deb-5ef3-495baafd7645,a5831922-eaeb-48c2-941c-fd96fae8813d,AC Issues,bd081ad6-5fe3-4c1d-a919-81b1055efa19,2026-05-12 14:02:26.555943,2026-06-11 03:05:34.646199,logs+mt_match,709.0522472933333,12,-697.0522472933333,True,SLA Breached,measurable,reconstructed 709.1h vs 12h SLA,Review breach — slow resolution for this issue type,Reconstructed SLA from ticket_logs lifecycle + issue_types.sla_hours (NOT verified app formula)
3d7e8e75-3347-4c38-9518-8b60c3c5e3fd,dc4adc21-f501-0573-2e9a-d7bbbc89e5d6,a5831922-eaeb-48c2-941c-fd96fae8813d,AC Issues,bd081ad6-5fe3-4c1d-a919-81b1055efa19,2026-05-13 13:35:48.105079,,logs+mt_match,,12,,,Insufficient lifecycle data,insufficient_lifecycle_data,insufficient_lifecycle_data,No closed event yet / open,Reconstructed SLA from ticket_logs lifecycle + issue_types.sla_hours (NOT verified app formula)
51dfc044-dc6f-4a50-af93-7e9e8d15e46d,dd96a329-ec95-e96a-1348-69d976f39cd4,a5831922-eaeb-48c2-941c-fd96fae8813d,AC Issues,bd081ad6-5fe3-4c1d-a919-81b1055efa19,2026-05-14 12:00:43.026934,2026-06-21 14:58:40.707716,logs+mt_match,914.9660224394445,12,-902.9660224394445,True,SLA Breached,measurable,reconstructed 915.0h vs 12h SLA,Review breach — slow resolution for this issue type,Reconstructed SLA from ticket_logs lifecycle + issue_types.sla_hours (NOT verified app formula)
32dfcd89-4de1-4165-bbc4-a648bc99f9f5,82b270bf-e567-2deb-5ef3-495baafd7645,28158382-d5c1-436c-927b-3e3d9855c2af,Electrical Issues,bd081ad6-5fe3-4c1d-a919-81b1055efa19,2026-06-11 06:21:40.259528,,logs+mt_match,,6,,,Insufficient lifecycle data,insufficient_lifecycle_data,insufficient_lifecycle_data,No closed event yet / open,Reconstructed SLA from ticket_logs lifecycle + issue_types.sla_hours (NOT verified app formula)
5e89f675-cd07-456b-89e4-d141040c2f0e,79853a4a-cb02-508c-e041-7e23378aec9c,a5831922-eaeb-48c2-941c-fd96fae8813d,AC Issues,bd081ad6-5fe3-4c1d-a919-81b1055efa19,2026-07-18 06:03:00.920808,,logs+mt_match,,12,,,Insufficient lifecycle data,insufficient_lifecycle_data,insufficient_lifecycle_data,No closed event yet / open,Reconstructed SLA from ticket_logs lifecycle + issue_types.sla_hours (NOT verified app formula)
8b77d984-c02f-4275-97fa-4e5696f7ff85,82b270bf-e567-2deb-5ef3-495baafd7645,abc84f5b-a950-406e-ab46-cefbe11df925,Cleaning Issues,bd081ad6-5fe3-4c1d-a919-81b1055efa19,2026-06-11 06:21:18.595375,,logs+mt_match,,4,,,Insufficient lifecycle data,insufficient_lifecycle_data,insufficient_lifecycle_data,No closed event yet / open,Reconstructed SLA from ticket_logs lifecycle + issue_types.sla_hours (NOT verified app formula)
9b7123f6-8720-4828-b7e3-5bbf68a2a78b,a361bd0d-c2c1-2aee-6303-d65de004edd0,47389994-b201-4bb1-bf91-8bce4dbde510,Other,bd081ad6-5fe3-4c1d-a919-81b1055efa19,2026-07-01 08:16:56.390302,,logs+mt_match,,24,,,Insufficient lifecycle data,insufficient_lifecycle_data,insufficient_lifecycle_data,No closed event yet / open,Reconstructed SLA from ticket_logs lifecycle + issue_types.sla_hours (NOT verified app formula)
96abc1f1-6f1a-4e36-a35f-b1432c33a3be,a361bd0d-c2c1-2aee-6303-d65de004edd0,caf6381e-5189-4c1f-bf0a-4dfd99d9b9e7,Washing machine Issue,bd081ad6-5fe3-4c1d-a919-81b1055efa19,2026-06-10 16:54:17.040198,,logs+mt_match,,24,,,Insufficient lifecycle data,insufficient_lifecycle_data,insufficient_lifecycle_data,No closed event yet / open,Reconstructed SLA from ticket_logs lifecycle + issue_types.sla_hours (NOT verified app formula)
49b3a5c8-bea6-4e84-afdb-52c0b6f5cc67,82b270bf-e567-2deb-5ef3-495baafd7645,28158382-d5c1-436c-927b-3e3d9855c2af,Electrical Issues,bd081ad6-5fe3-4c1d-a919-81b1055efa19,2026-06-11 03:06:34.074948,2026-06-30 02:34:54.211623,logs+mt_match,455.4722601875,6,-449.4722601875,True,SLA Breached,measurable,reconstructed 455.5h vs 6h SLA,Review breach — slow resolution for this issue type,Reconstructed SLA from ticket_logs lifecycle + issue_types.sla_hours (NOT verified app formula)
f43974a5-c1b8-4d39-9446-5bfe0f18fcd3,a361bd0d-c2c1-2aee-6303-d65de004edd0,abc84f5b-a950-406e-ab46-cefbe11df925,Cleaning Issues,8c42685b-f2df-4dec-96bd-0e77b715e33e,2026-05-05 02:05:06.619307,,logs+mt_match,,4,,,Insufficient lifecycle data,insufficient_lifecycle_data,insufficient_lifecycle_data,No closed event yet / open,Reconstructed SLA from ticket_logs lifecycle + issue_types.sla_hours (NOT verified app formula)
204275a1-d75e-4b2f-ad2f-ae607f40730a,b0d4d2c8-f6ee-bc16-ffd7-fc33c8db8571,28158382-d5c1-436c-927b-3e3d9855c2af,Electrical Issues,bd081ad6-5fe3-4c1d-a919-81b1055efa19,2026-06-03 15:35:01.197788,2026-06-12 17:32:43.019070,logs+mt_match,217.9616170227778,6,-211.9616170227778,True,SLA Breached,measurable,reconstructed 218.0h vs 6h SLA,Review breach — slow resolution for this issue type,Reconstructed SLA from ticket_logs lifecycle + issue_types.sla_hours (NOT verified app formula)
60a2a5bb-341e-440a-9008-8eedeba17856,dd96a329-ec95-e96a-1348-69d976f39cd4,d76dd3bd-ccb7-4991-a01f-ce158dfe908e,Plumbing,bd081ad6-5fe3-4c1d-a919-81b1055efa19,2026-06-06 16:09:27.617012,2026-06-12 12:28:47.820170,logs+mt_match,140.322278655,24,-116.32227865499999,True,SLA Breached,measurable,reconstructed 140.3h vs 24h SLA,Review breach — slow resolution for this issue type,Reconstructed SLA from ticket_logs lifecycle + issue_types.sla_hours (NOT verified app formula)
b34f7660-d7e5-4c73-8b44-1b710f3ab3b1,c2ff0c11-4d1b-7b9b-b93c-aa37c9b6c40b,7917cc13-aaca-4558-a2c2-8be5cd8fc159,Internet Issues,bd081ad6-5fe3-4c1d-a919-81b1055efa19,2026-06-27 12:04:01.375442,2026-08-04 18:51:31.609857,logs+mt_match,918.7917317819443,6,-912.7917317819443,True,SLA Breached,measurable,reconstructed 918.8h vs 6h SLA,Review breach — slow resolution for this issue type,Reconstructed SLA from ticket_logs lifecycle + issue_types.sla_hours (NOT verified app formula)
8c965ce1-1fdc-4f92-b919-e5bad7017ebf,417c9738-a0f7-5a00-1091-37a9fd083dd6,a5831922-eaeb-48c2-941c-fd96fae8813d,AC Issues,bd081ad6-5fe3-4c1d-a919-81b1055efa19,2026-06-16 17:58:23.910574,,logs+mt_match,,12,,,Insufficient lifecycle data,insufficient_lifecycle_data,insufficient_lifecycle_data,No closed event yet / open,Reconstructed SLA from ticket_logs lifecycle + issue_types.sla_hours (NOT verified app formula)
5247abe6-4cde-420c-886d-569651233596,03edc7c5-4c46-b55e-523d-9fb7be29910b,d76dd3bd-ccb7-4991-a01f-ce158dfe908e,Plumbing,bd081ad6-5fe3-4c1d-a919-81b1055efa19,2026-04-09 12:22:02.146124,,logs+mt_match,,24,,,Insufficient lifecycle data,insufficient_lifecycle_data,insufficient_lifecycle_data,No closed event yet / open,Reconstructed SLA from ticket_logs lifecycle + issue_types.sla_hours (NOT verified app formula)
255bff17-c0f3-4eb4-810b-05df5eb3c360,c2ff0c11-4d1b-7b9b-b93c-aa37c9b6c40b,a25aca1b-211b-41d3-ab08-78bd2b9541e8,Toilet Issues,bd081ad6-5fe3-4c1d-a919-81b1055efa19,2026-06-13 05:43:30.639489,2026-06-15 04:54:42.113094,logs+mt_match,47.18652044583334,4,-43.18652044583334,True,SLA Breached,measurable,reconstructed 47.2h vs 4h SLA,Review breach — slow resolution for this issue type,Reconstructed SLA from ticket_logs lifecycle + issue_types.sla_hours (NOT verified app formula)
ebb855b4-4121-4659-977f-638e2ffdeb75,fb5cedd6-2992-1c62-7fba-4a7a6b43b2ff,caf6381e-5189-4c1f-bf0a-4dfd99d9b9e7,Washing machine Issue,bd081ad6-5fe3-4c1d-a919-81b1055efa19,2026-06-01 05:31:54.959731,2026-06-15 11:52:40.418995,logs+mt_match,342.3459609066667,24,-318.3459609066667,True,SLA Breached,measurable,reconstructed 342.3h vs 24h SLA,Review breach — slow resolution for this issue type,Reconstructed SLA from ticket_logs lifecycle + issue_types.sla_hours (NOT verified app formula)
d07d886a-50cd-43dd-b8a2-efdc5353759b,c2ff0c11-4d1b-7b9b-b93c-aa37c9b6c40b,28158382-d5c1-436c-927b-3e3d9855c2af,Electrical Issues,bd081ad6-5fe3-4c1d-a919-81b1055efa19,2026-07-19 05:11:42.984583,,logs+mt_match,,6,,,Insufficient lifecycle data,insufficient_lifecycle_data,insufficient_lifecycle_data,No closed event yet / open,Reconstructed SLA from ticket_logs lifecycle + issue_types.sla_hours (NOT verified app formula)
3e24dc37-f8e6-4813-8301-873c8f0cba33,8767525e-d22f-a295-bc29-ba104fdc589a,47389994-b201-4bb1-bf91-8bce4dbde510,Other,bd081ad6-5fe3-4c1d-a919-81b1055efa19,2026-07-21 06:56:33.200982,2026-07-24 11:57:40.497530,logs+mt_match,77.01869348555556,24,-53.01869348555556,True,SLA Breached,measurable,reconstructed 77.0h vs 24h SLA,Review breach — slow resolution for this issue type,Reconstructed SLA from ticket_logs lifecycle + issue_types.sla_hours (NOT verified app formula)
3d9e2a93-f4a4-4d7c-b921-19347f1c1403,a361bd0d-c2c1-2aee-6303-d65de004edd0,e2aa2aaa-8af6-4807-9a4e-7665c5421eed,Furniture,bd081ad6-5fe3-4c1d-a919-81b1055efa19,2026-06-14 09:22:33.985844,,logs+mt_match,,24,,,Insufficient lifecycle data,insufficient_lifecycle_data,insufficient_lifecycle_data,No closed event yet / open,Reconstructed SLA from ticket_logs lifecycle + issue_types.sla_hours (NOT verified app formula)
6fe8eb8d-4e64-4977-8968-772d400d759e,b0d4d2c8-f6ee-bc16-ffd7-fc33c8db8571,a5831922-eaeb-48c2-941c-fd96fae8813d,AC Issues,bd081ad6-5fe3-4c1d-a919-81b1055efa19,2026-06-07 08:09:57.888428,2026-06-22 03:50:30.318017,logs+mt_match,355.67567488583336,12,-343.67567488583336,True,SLA Breached,measurable,reconstructed 355.7h vs 12h SLA,Review breach — slow resolution for this issue type,Reconstructed SLA from ticket_logs lifecycle + issue_types.sla_hours (NOT verified app formula)
1a95484c-9172-45a3-b983-a8d8aa409c42,49ed1c8e-3653-c89b-ec74-16d8e20bb923,28158382-d5c1-436c-927b-3e3d9855c2af,Electrical Issues,bd081ad6-5fe3-4c1d-a919-81b1055efa19,2026-06-12 17:44:19.909776,2026-06-14 03:27:40.939859,logs+mt_match,33.72250835638889,6,-27.722508356388893,True,SLA Breached,measurable,reconstructed 33.7h vs 6h SLA,Review breach — slow resolution for this issue type,Reconstructed SLA from ticket_logs lifecycle + issue_types.sla_hours (NOT verified app formula)
d54bda01-3bf2-4b38-8627-56ba63374724,0a839c14-2a88-9896-c2f2-8d51fe610405,47389994-b201-4bb1-bf91-8bce4dbde510,Other,bd081ad6-5fe3-4c1d-a919-81b1055efa19,2026-08-02 06:44:58.028417,,logs+mt_match,,24,,,Insufficient lifecycle data,insufficient_lifecycle_data,insufficient_lifecycle_data,No closed event yet / open,Reconstructed SLA from ticket_logs lifecycle + issue_types.sla_hours (NOT verified app formula)
3c32a980-6f97-4cca-abe8-e11505111e96,dd96a329-ec95-e96a-1348-69d976f39cd4,c5f1c3c0-af88-4c54-9730-ebffed128bc9,Kitchen Equipment,8c42685b-f2df-4dec-96bd-0e77b715e33e,2026-07-06 14:02:24.542902,,logs+mt_match,,12,,,Insufficient lifecycle data,insufficient_lifecycle_data,insufficient_lifecycle_data,No closed event yet / open,Reconstructed SLA from ticket_logs lifecycle + issue_types.sla_hours (NOT verified app formula)
9d46f760-21e0-4282-b63b-f6dc832bec8d,b0875d50-a469-821b-57c3-03ac62809198,abc84f5b-a950-406e-ab46-cefbe11df925,Cleaning Issues,bd081ad6-5fe3-4c1d-a919-81b1055efa19,2026-07-02 04:22:37.637988,2026-07-02 08:03:01.405767,logs+mt_match,3.6732688275,4,0.32673117250000017,False,Within SLA,measurable,reconstructed 3.7h vs 4h SLA,OK,Reconstructed SLA from ticket_logs lifecycle + issue_types.sla_hours (NOT verified app formula)
6b2280fc-f664-4c8c-953b-18db76713171,86ad1ceb-8d81-a926-d998-3a2f1cafba06,47389994-b201-4bb1-bf91-8bce4dbde510,Other,bd081ad6-5fe3-4c1d-a919-81b1055efa19,2026-07-25 14:22:45.375554,,logs+mt_match,,24,,,Insufficient lifecycle data,insufficient_lifecycle_data,insufficient_lifecycle_data,No closed event yet / open,Reconstructed SLA from ticket_logs lifecycle + issue_types.sla_hours (NOT verified app formula)
af56a3bd-431e-4109-a114-dd960d9d2ba2,bc7f358d-0d6d-f95f-ff80-9089eefdef69,caf6381e-5189-4c1f-bf0a-4dfd99d9b9e7,Washing machine Issue,bd081ad6-5fe3-4c1d-a919-81b1055efa19,2026-06-09 18:04:14.288160,2026-07-11 06:32:00.255633,logs+mt_match,756.4627687425,24,-732.4627687425,True,SLA Breached,measurable,reconstructed 756.5h vs 24h SLA,Review breach — slow resolution for this issue type,Reconstructed SLA from ticket_logs lifecycle + issue_types.sla_hours (NOT verified app formula)
7a7ada9a-c432-4664-af52-bb993b0c52c7,c2ff0c11-4d1b-7b9b-b93c-aa37c9b6c40b,47389994-b201-4bb1-bf91-8bce4dbde510,Other,bd081ad6-5fe3-4c1d-a919-81b1055efa19,2026-05-11 06:26:31.720491,,logs+mt_match,,24,,,Insufficient lifecycle data,insufficient_lifecycle_data,insufficient_lifecycle_data,No closed event yet / open,Reconstructed SLA from ticket_logs lifecycle + issue_types.sla_hours (NOT verified app formula)
07adc185-f2be-4bc2-b209-4e93f7b77682,233cca0e-efcf-e631-d2fc-9997a6ba5706,a5831922-eaeb-48c2-941c-fd96fae8813d,AC Issues,bd081ad6-5fe3-4c1d-a919-81b1055efa19,2026-07-01 08:21:43.283710,,logs+mt_match,,12,,,Insufficient lifecycle data,insufficient_lifecycle_data,insufficient_lifecycle_data,No closed event yet / open,Reconstructed SLA from ticket_logs lifecycle + issue_types.sla_hours (NOT verified app formula)
e05c3490-500a-433e-a722-65a282a41f7f,dc4adc21-f501-0573-2e9a-d7bbbc89e5d6,28158382-d5c1-436c-927b-3e3d9855c2af,Electrical Issues,bd081ad6-5fe3-4c1d-a919-81b1055efa19,2026-07-08 20:25:01.947270,2026-07-12 20:07:30.021001,logs+mt_match,95.70779825861112,6,-89.70779825861112,True,SLA Breached,measurable,reconstructed 95.7h vs 6h SLA,Review breach — slow resolution for this issue type,Reconstructed SLA from ticket_logs lifecycle + issue_types.sla_hours (NOT verified app formula)
31b72d96-b600-47b9-864d-47d51f9766f0,211a2b33-4e94-3da1-7d97-406bc26036f5,a5831922-eaeb-48c2-941c-fd96fae8813d,AC Issues,bd081ad6-5fe3-4c1d-a919-81b1055efa19,2026-06-19 07:09:21.850790,2026-07-13 09:35:17.193523,logs+mt_match,578.4320396480556,12,-566.4320396480556,True,SLA Breached,measurable,reconstructed 578.4h vs 12h SLA,Review breach — slow resolution for this issue type,Reconstructed SLA from ticket_logs lifecycle + issue_types.sla_hours (NOT verified app formula)
e2f11fa3-0123-4cab-a9e4-46d077572c09,b0875d50-a469-821b-57c3-03ac62809198,01208ba1-4225-4a61-be39-3afe03dad690,RO Water Issues,bd081ad6-5fe3-4c1d-a919-81b1055efa19,2026-07-02 04:21:41.711962,2026-07-02 08:04:03.139428,logs+mt_match,3.7059520738888887,6,2.2940479261111113,False,Within SLA,measurable,reconstructed 3.7h vs 6h SLA,OK,Reconstructed SLA from ticket_logs lifecycle + issue_types.sla_hours (NOT verified app formula)
2c290b85-57fd-4fca-8a21-5f6dab2423bf,d2298bb8-a5e5-735a-c8ca-9b18c7daacd6,a5831922-eaeb-48c2-941c-fd96fae8813d,AC Issues,bd081ad6-5fe3-4c1d-a919-81b1055efa19,2026-06-25 13:24:05.008429,2026-07-15 12:40:19.947168,logs+mt_match,479.27081631638885,12,-467.27081631638885,True,SLA Breached,measurable,reconstructed 479.3h vs 12h SLA,Review breach — slow resolution for this issue type,Reconstructed SLA from ticket_logs lifecycle + issue_types.sla_hours (NOT verified app formula)
5d9d7a1b-fb90-40b5-9623-002f5c788745,5d204545-2f72-b89b-3190-a826b5ab6512,caf6381e-5189-4c1f-bf0a-4dfd99d9b9e7,Washing machine Issue,bd081ad6-5fe3-4c1d-a919-81b1055efa19,2026-06-11 16:34:38.831386,2026-06-21 15:26:32.168752,logs+mt_match,238.86481593500002,24,-214.86481593500002,True,SLA Breached,measurable,reconstructed 238.9h vs 24h SLA,Review breach — slow resolution for this issue type,Reconstructed SLA from ticket_logs lifecycle + issue_types.sla_hours (NOT verified app formula)
0fa32228-d1f8-4453-90d2-a0553412b2f1,79853a4a-cb02-508c-e041-7e23378aec9c,caf6381e-5189-4c1f-bf0a-4dfd99d9b9e7,Washing machine Issue,bd081ad6-5fe3-4c1d-a919-81b1055efa19,2026-06-18 15:01:26.840196,2026-07-18 06:01:02.964150,logs+mt_match,710.993367765,24,-686.993367765,True,SLA Breached,measurable,reconstructed 711.0h vs 24h SLA,Review breach — slow resolution for this issue type,Reconstructed SLA from ticket_logs lifecycle + issue_types.sla_hours (NOT verified app formula)
328c45b0-3fca-4e12-a210-b04df5c758e4,9d5d0096-0b78-a663-1142-be871dfa2bda,a25aca1b-211b-41d3-ab08-78bd2b9541e8,Toilet Issues,bd081ad6-5fe3-4c1d-a919-81b1055efa19,2026-07-21 06:05:57.078477,2026-07-22 06:07:22.278439,logs+mt_match,24.02366665611111,4,-20.02366665611111,True,SLA Breached,measurable,reconstructed 24.0h vs 4h SLA,Review breach — slow resolution for this issue type,Reconstructed SLA from ticket_logs lifecycle + issue_types.sla_hours (NOT verified app formula)
5a5c1abb-862e-439f-b206-930acf2ac60a,1b4d1066-8fe4-199b-7b3b-39e4bded9714,01208ba1-4225-4a61-be39-3afe03dad690,RO Water Issues,bd081ad6-5fe3-4c1d-a919-81b1055efa19,2026-06-19 14:46:14.876949,,logs+mt_match,,6,,,Insufficient lifecycle data,insufficient_lifecycle_data,insufficient_lifecycle_data,No closed event yet / open,Reconstructed SLA from ticket_logs lifecycle + issue_types.sla_hours (NOT verified app formula)
131febae-d05e-4205-a572-c63a9cc4a124,85292340-826d-52c1-65c7-7f2a9eb2c2c4,caf6381e-5189-4c1f-bf0a-4dfd99d9b9e7,Washing machine Issue,bd081ad6-5fe3-4c1d-a919-81b1055efa19,2026-06-06 17:32:51.264990,2026-07-06 15:45:42.086093,logs+mt_match,718.2141169730555,24,-694.2141169730555,True,SLA Breached,measurable,reconstructed 718.2h vs 24h SLA,Review breach — slow resolution for this issue type,Reconstructed SLA from ticket_logs lifecycle + issue_types.sla_hours (NOT verified app formula)
6fe04578-66d9-4f36-a50d-df7ac49d7c3e,1b4d1066-8fe4-199b-7b3b-39e4bded9714,a5831922-eaeb-48c2-941c-fd96fae8813d,AC Issues,bd081ad6-5fe3-4c1d-a919-81b1055efa19,2026-06-16 13:14:32.003361,2026-06-30 06:39:24.063992,logs+mt_match,329.41446128638887,12,-317.41446128638887,True,SLA Breached,measurable,reconstructed 329.4h vs 12h SLA,Review breach — slow resolution for this issue type,Reconstructed SLA from ticket_logs lifecycle + issue_types.sla_hours (NOT verified app formula)
f8813f93-75e8-4863-ad9d-0078e05a3bcd,79853a4a-cb02-508c-e041-7e23378aec9c,caf6381e-5189-4c1f-bf0a-4dfd99d9b9e7,Washing machine Issue,bd081ad6-5fe3-4c1d-a919-81b1055efa19,2026-08-07 10:18:28.850409,,logs+mt_match,,24,,,Insufficient lifecycle data,insufficient_lifecycle_data,insufficient_lifecycle_data,No closed event yet / open,Reconstructed SLA from ticket_logs lifecycle + issue_types.sla_hours (NOT verified app formula)
3bbdb1e6-97f8-4bf0-a3da-9ac0e18a1030,1b4d1066-8fe4-199b-7b3b-39e4bded9714,e2aa2aaa-8af6-4807-9a4e-7665c5421eed,Furniture,bd081ad6-5fe3-4c1d-a919-81b1055efa19,2026-07-23 08:23:04.734113,2026-07-24 11:10:31.775407,logs+mt_match,26.790844803888888,24,-2.790844803888888,True,SLA Breached,measurable,reconstructed 26.8h vs 24h SLA,Review breach — slow resolution for this issue type,Reconstructed SLA from ticket_logs lifecycle + issue_types.sla_hours (NOT verified app formula)
430db962-2353-4fd9-912d-297e09e7bf28,c2ff0c11-4d1b-7b9b-b93c-aa37c9b6c40b,abc84f5b-a950-406e-ab46-cefbe11df925,Cleaning Issues,bd081ad6-5fe3-4c1d-a919-81b1055efa19,2026-06-19 12:29:11.473731,2026-06-26 21:09:24.126047,logs+mt_match,176.67018119888888,4,-172.67018119888888,True,SLA Breached,measurable,reconstructed 176.7h vs 4h SLA,Review breach — slow resolution for this issue type,Reconstructed SLA from ticket_logs lifecycle + issue_types.sla_hours (NOT verified app formula)
9ca32c91-7377-4136-a935-59b051cf9150,86ad1ceb-8d81-a926-d998-3a2f1cafba06,e2aa2aaa-8af6-4807-9a4e-7665c5421eed,Furniture,bd081ad6-5fe3-4c1d-a919-81b1055efa19,2026-07-24 15:38:04.212382,,logs+mt_match,,24,,,Insufficient lifecycle data,insufficient_lifecycle_data,insufficient_lifecycle_data,No closed event yet / open,Reconstructed SLA from ticket_logs lifecycle + issue_types.sla_hours (NOT verified app formula)
851326b0-8cf3-4659-b4b4-fc42713f3a40,417c9738-a0f7-5a00-1091-37a9fd083dd6,28158382-d5c1-436c-927b-3e3d9855c2af,Electrical Issues,bd081ad6-5fe3-4c1d-a919-81b1055efa19,2026-06-30 20:58:25.319441,2026-07-08 10:45:41.475309,logs+mt_match,181.78782107444445,6,-175.78782107444445,True,SLA Breached,measurable,reconstructed 181.8h vs 6h SLA,Review breach — slow resolution for this issue type,Reconstructed SLA from ticket_logs lifecycle + issue_types.sla_hours (NOT verified app formula)
cfed9c1c-ee04-4342-958d-a727582d4c36,77c3a6fd-4651-d880-29aa-abd19c8324df,e2aa2aaa-8af6-4807-9a4e-7665c5421eed,Furniture,bd081ad6-5fe3-4c1d-a919-81b1055efa19,2026-07-09 13:40:53.581166,,logs+mt_match,,24,,,Insufficient lifecycle data,insufficient_lifecycle_data,insufficient_lifecycle_data,No closed event yet / open,Reconstructed SLA from ticket_logs lifecycle + issue_types.sla_hours (NOT verified app formula)
3d9051cc-ec57-4acb-89ea-b68821421808,79853a4a-cb02-508c-e041-7e23378aec9c,e2aa2aaa-8af6-4807-9a4e-7665c5421eed,Furniture,bd081ad6-5fe3-4c1d-a919-81b1055efa19,2026-06-19 14:59:38.194538,2026-07-18 06:00:52.582507,logs+mt_match,687.0206633247221,24,-663.0206633247221,True,SLA Breached,measurable,reconstructed 687.0h vs 24h SLA,Review breach — slow resolution for this issue type,Reconstructed SLA from ticket_logs lifecycle + issue_types.sla_hours (NOT verified app formula)
037b5638-d30c-4c60-b565-d1171c402c2d,79853a4a-cb02-508c-e041-7e23378aec9c,caf6381e-5189-4c1f-bf0a-4dfd99d9b9e7,Washing machine Issue,bd081ad6-5fe3-4c1d-a919-81b1055efa19,2026-08-07 10:36:19.909399,,logs+mt_match,,24,,,Insufficient lifecycle data,insufficient_lifecycle_data,insufficient_lifecycle_data,No closed event yet / open,Reconstructed SLA from ticket_logs lifecycle + issue_types.sla_hours (NOT verified app formula)
7ae58cd2-f723-43f4-9507-209bed09b762,86ad1ceb-8d81-a926-d998-3a2f1cafba06,abc84f5b-a950-406e-ab46-cefbe11df925,Cleaning Issues,bd081ad6-5fe3-4c1d-a919-81b1055efa19,2026-06-23 17:35:47.751010,2026-07-21 07:35:06.658183,logs+mt_match,661.9885853258332,4,-657.9885853258332,True,SLA Breached,measurable,reconstructed 662.0h vs 4h SLA,Review breach — slow resolution for this issue type,Reconstructed SLA from ticket_logs lifecycle + issue_types.sla_hours (NOT verified app formula)
327e384f-e936-47d9-9cfb-ca1b41bc8f1c,aa73cade-c28c-dc5b-5980-55801ea0d415,a25aca1b-211b-41d3-ab08-78bd2b9541e8,Toilet Issues,bd081ad6-5fe3-4c1d-a919-81b1055efa19,2026-06-17 16:41:16.732437,2026-06-22 09:59:10.992392,logs+mt_match,113.29840554305557,4,-109.29840554305557,True,SLA Breached,measurable,reconstructed 113.3h vs 4h SLA,Review breach — slow resolution for this issue type,Reconstructed SLA from ticket_logs lifecycle + issue_types.sla_hours (NOT verified app formula)
808da367-8dc0-49dd-b070-e86ed899354d,dc4adc21-f501-0573-2e9a-d7bbbc89e5d6,28158382-d5c1-436c-927b-3e3d9855c2af,Electrical Issues,bd081ad6-5fe3-4c1d-a919-81b1055efa19,2026-07-22 18:05:39.993829,,logs+mt_match,,6,,,Insufficient lifecycle data,insufficient_lifecycle_data,insufficient_lifecycle_data,No closed event yet / open,Reconstructed SLA from ticket_logs lifecycle + issue_types.sla_hours (NOT verified app formula)
e71f6cdc-2ec5-44e4-bed4-87a615cec1e9,bc7f358d-0d6d-f95f-ff80-9089eefdef69,47389994-b201-4bb1-bf91-8bce4dbde510,Other,bd081ad6-5fe3-4c1d-a919-81b1055efa19,2026-07-22 17:47:30.203875,2026-07-24 16:25:16.583376,logs+mt_match,46.62954986138889,24,-22.629549861388888,True,SLA Breached,measurable,reconstructed 46.6h vs 24h SLA,Review breach — slow resolution for this issue type,Reconstructed SLA from ticket_logs lifecycle + issue_types.sla_hours (NOT verified app formula)
5553e210-3933-4725-864c-1919c0e8afc0,233cca0e-efcf-e631-d2fc-9997a6ba5706,e2aa2aaa-8af6-4807-9a4e-7665c5421eed,Furniture,bd081ad6-5fe3-4c1d-a919-81b1055efa19,2026-06-30 14:20:30.864440,2026-07-13 14:57:13.045749,logs+mt_match,312.61171703027776,24,-288.61171703027776,True,SLA Breached,measurable,reconstructed 312.6h vs 24h SLA,Review breach — slow resolution for this issue type,Reconstructed SLA from ticket_logs lifecycle + issue_types.sla_hours (NOT verified app formula)
b2a8eba8-0251-4176-8350-2b99394f585d,b0875d50-a469-821b-57c3-03ac62809198,a25aca1b-211b-41d3-ab08-78bd2b9541e8,Toilet Issues,bd081ad6-5fe3-4c1d-a919-81b1055efa19,2026-08-07 14:39:53.552157,,logs+mt_match,,4,,,Insufficient lifecycle data,insufficient_lifecycle_data,insufficient_lifecycle_data,No closed event yet / open,Reconstructed SLA from ticket_logs lifecycle + issue_types.sla_hours (NOT verified app formula)
455d5545-85c3-4b43-a944-e788c3257855,417c9738-a0f7-5a00-1091-37a9fd083dd6,54bc37a9-ef71-4e18-b896-593f71b161fa,Heater Issues,bd081ad6-5fe3-4c1d-a919-81b1055efa19,2026-07-08 10:47:17.299538,2026-07-22 06:36:17.887602,logs+mt_match,331.81683001777776,12,-319.81683001777776,True,SLA Breached,measurable,reconstructed 331.8h vs 12h SLA,Review breach — slow resolution for this issue type,Reconstructed SLA from ticket_logs lifecycle + issue_types.sla_hours (NOT verified app formula)
984460d4-41c3-4c2d-93ce-47902e5c6391,10c6863d-07c3-4fc4-94f9-6adc29157ce1,e2aa2aaa-8af6-4807-9a4e-7665c5421eed,Furniture,bd081ad6-5fe3-4c1d-a919-81b1055efa19,2026-06-20 10:03:52.268152,,logs+mt_match,,24,,,Insufficient lifecycle data,insufficient_lifecycle_data,insufficient_lifecycle_data,No closed event yet / open,Reconstructed SLA from ticket_logs lifecycle + issue_types.sla_hours (NOT verified app formula)
c0ddb057-58a9-457b-af08-0bb6312b17ab,dd96a329-ec95-e96a-1348-69d976f39cd4,e2aa2aaa-8af6-4807-9a4e-7665c5421eed,Furniture,bd081ad6-5fe3-4c1d-a919-81b1055efa19,2026-06-21 15:00:02.370817,,logs+mt_match,,24,,,Insufficient lifecycle data,insufficient_lifecycle_data,insufficient_lifecycle_data,No closed event yet / open,Reconstructed SLA from ticket_logs lifecycle + issue_types.sla_hours (NOT verified app formula)
de3748e9-f438-493b-9322-b16d547efa5c,77c3a6fd-4651-d880-29aa-abd19c8324df,28158382-d5c1-436c-927b-3e3d9855c2af,Electrical Issues,bd081ad6-5fe3-4c1d-a919-81b1055efa19,2026-05-30 14:19:04.711067,2026-06-28 00:15:28.623140,logs+mt_match,681.9399755758333,6,-675.9399755758333,True,SLA Breached,measurable,reconstructed 681.9h vs 6h SLA,Review breach — slow resolution for this issue type,Reconstructed SLA from ticket_logs lifecycle + issue_types.sla_hours (NOT verified app formula)
2c2c0970-fdfc-4d72-8cbb-8d434cb6233d,c2ff0c11-4d1b-7b9b-b93c-aa37c9b6c40b,47389994-b201-4bb1-bf91-8bce4dbde510,Other,bd081ad6-5fe3-4c1d-a919-81b1055efa19,2026-05-11 06:24:27.756992,,logs+mt_match,,24,,,Insufficient lifecycle data,insufficient_lifecycle_data,insufficient_lifecycle_data,No closed event yet / open,Reconstructed SLA from ticket_logs lifecycle + issue_types.sla_hours (NOT verified app formula)
a654bf9b-1cb0-4547-a58d-48ada2ec7a05,d2298bb8-a5e5-735a-c8ca-9b18c7daacd6,47389994-b201-4bb1-bf91-8bce4dbde510,Other,bd081ad6-5fe3-4c1d-a919-81b1055efa19,2026-06-25 18:49:55.640077,,logs+mt_match,,24,,,Insufficient lifecycle data,insufficient_lifecycle_data,insufficient_lifecycle_data,No closed event yet / open,Reconstructed SLA from ticket_logs lifecycle + issue_types.sla_hours (NOT verified app formula)
c5937030-097a-4c7d-8437-21c5444641a3,dd96a329-ec95-e96a-1348-69d976f39cd4,a5831922-eaeb-48c2-941c-fd96fae8813d,AC Issues,bd081ad6-5fe3-4c1d-a919-81b1055efa19,2026-06-27 10:21:26.305612,2026-08-08 02:38:23.491155,logs+mt_match,1000.2825515397222,12,-988.2825515397222,True,SLA Breached,measurable,reconstructed 1000.3h vs 12h SLA,Review breach — slow resolution for this issue type,Reconstructed SLA from ticket_logs lifecycle + issue_types.sla_hours (NOT verified app formula)
421bb1d1-5097-4c05-a533-97860e8a541c,10c6863d-07c3-4fc4-94f9-6adc29157ce1,01208ba1-4225-4a61-be39-3afe03dad690,RO Water Issues,bd081ad6-5fe3-4c1d-a919-81b1055efa19,2026-06-20 10:05:14.188519,,logs+mt_match,,6,,,Insufficient lifecycle data,insufficient_lifecycle_data,insufficient_lifecycle_data,No closed event yet / open,Reconstructed SLA from ticket_logs lifecycle + issue_types.sla_hours (NOT verified app formula)
7934badb-1059-4191-a4f4-a54e31d99bba,c2ff0c11-4d1b-7b9b-b93c-aa37c9b6c40b,01208ba1-4225-4a61-be39-3afe03dad690,RO Water Issues,bd081ad6-5fe3-4c1d-a919-81b1055efa19,2026-06-17 04:08:45.302698,2026-06-27 12:02:27.158922,logs+mt_match,247.89496006222222,6,-241.89496006222222,True,SLA Breached,measurable,reconstructed 247.9h vs 6h SLA,Review breach — slow resolution for this issue type,Reconstructed SLA from ticket_logs lifecycle + issue_types.sla_hours (NOT verified app formula)
a7e318bc-fde2-4691-a766-fbdf9b064f4d,d2298bb8-a5e5-735a-c8ca-9b18c7daacd6,a5831922-eaeb-48c2-941c-fd96fae8813d,AC Issues,bd081ad6-5fe3-4c1d-a919-81b1055efa19,2026-06-17 14:44:59.256966,2026-06-25 13:23:23.832417,logs+mt_match,190.6401598475,12,-178.6401598475,True,SLA Breached,measurable,reconstructed 190.6h vs 12h SLA,Review breach — slow resolution for this issue type,Reconstructed SLA from ticket_logs lifecycle + issue_types.sla_hours (NOT verified app formula)
83656a61-e193-4ff2-8091-fbb5a8f2c5ad,79853a4a-cb02-508c-e041-7e23378aec9c,47389994-b201-4bb1-bf91-8bce4dbde510,Other,bd081ad6-5fe3-4c1d-a919-81b1055efa19,2026-06-23 17:13:23.013506,,logs+mt_match,,24,,,Insufficient lifecycle data,insufficient_lifecycle_data,insufficient_lifecycle_data,No closed event yet / open,Reconstructed SLA from ticket_logs lifecycle + issue_types.sla_hours (NOT verified app formula)
fe5a5b64-d81e-45cf-be23-0471b912df3c,c2ff0c11-4d1b-7b9b-b93c-aa37c9b6c40b,01208ba1-4225-4a61-be39-3afe03dad690,RO Water Issues,bd081ad6-5fe3-4c1d-a919-81b1055efa19,2026-06-17 20:47:01.882605,2026-06-26 21:09:29.937582,logs+mt_match,216.37445971583332,6,-210.37445971583332,True,SLA Breached,measurable,reconstructed 216.4h vs 6h SLA,Review breach — slow resolution for this issue type,Reconstructed SLA from ticket_logs lifecycle + issue_types.sla_hours (NOT verified app formula)
b6252b1a-ee47-4f4d-8e22-212452907c29,5d204545-2f72-b89b-3190-a826b5ab6512,caf6381e-5189-4c1f-bf0a-4dfd99d9b9e7,Washing machine Issue,bd081ad6-5fe3-4c1d-a919-81b1055efa19,2026-06-07 11:51:12.341760,2026-06-28 15:41:52.557350,logs+mt_match,507.84450433055554,24,-483.84450433055554,True,SLA Breached,measurable,reconstructed 507.8h vs 24h SLA,Review breach — slow resolution for this issue type,Reconstructed SLA from ticket_logs lifecycle + issue_types.sla_hours (NOT verified app formula)
7ec25312-d183-4981-b47a-4c126bd9f97e,82b270bf-e567-2deb-5ef3-495baafd7645,28158382-d5c1-436c-927b-3e3d9855c2af,Electrical Issues,bd081ad6-5fe3-4c1d-a919-81b1055efa19,2026-06-15 03:08:51.896660,2026-06-29 05:25:47.661825,logs+mt_match,338.28215699027777,6,-332.28215699027777,True,SLA Breached,measurable,reconstructed 338.3h vs 6h SLA,Review breach — slow resolution for this issue type,Reconstructed SLA from ticket_logs lifecycle + issue_types.sla_hours (NOT verified app formula)
bda82485-cea0-4351-995c-40e5ccc84ae6,dd96a329-ec95-e96a-1348-69d976f39cd4,e2aa2aaa-8af6-4807-9a4e-7665c5421eed,Furniture,bd081ad6-5fe3-4c1d-a919-81b1055efa19,2026-08-08 02:39:02.161838,,logs+mt_match,,24,,,Insufficient lifecycle data,insufficient_lifecycle_data,insufficient_lifecycle_data,No closed event yet / open,Reconstructed SLA from ticket_logs lifecycle + issue_types.sla_hours (NOT verified app formula)
b361c9dd-e7af-4f37-b4cf-ca5fd454fc99,82b270bf-e567-2deb-5ef3-495baafd7645,54bc37a9-ef71-4e18-b896-593f71b161fa,Heater Issues,bd081ad6-5fe3-4c1d-a919-81b1055efa19,2026-06-30 02:37:43.985334,,logs+mt_match,,12,,,Insufficient lifecycle data,insufficient_lifecycle_data,insufficient_lifecycle_data,No closed event yet / open,Reconstructed SLA from ticket_logs lifecycle + issue_types.sla_hours (NOT verified app formula)
5dbc9be1-a8a1-487f-84b3-2100742c5039,188aee4d-68e0-1ddb-38e6-a946bc75072d,a5831922-eaeb-48c2-941c-fd96fae8813d,AC Issues,bd081ad6-5fe3-4c1d-a919-81b1055efa19,2026-05-22 02:23:14.451488,2026-07-29 05:44:19.971963,logs+mt_match,1635.3515334652777,12,-1623.3515334652777,True,SLA Breached,measurable,reconstructed 1635.4h vs 12h SLA,Review breach — slow resolution for this issue type,Reconstructed SLA from ticket_logs lifecycle + issue_types.sla_hours (NOT verified app formula)
7a34f85d-6bcf-47c5-a0e3-2b6bc3123ff4,85292340-826d-52c1-65c7-7f2a9eb2c2c4,28158382-d5c1-436c-927b-3e3d9855c2af,Electrical Issues,bd081ad6-5fe3-4c1d-a919-81b1055efa19,2026-06-23 20:28:41.081737,2026-07-07 10:49:11.294176,logs+mt_match,326.3417256775,6,-320.3417256775,True,SLA Breached,measurable,reconstructed 326.3h vs 6h SLA,Review breach — slow resolution for this issue type,Reconstructed SLA from ticket_logs lifecycle + issue_types.sla_hours (NOT verified app formula)
898a6115-b421-4261-8349-932ff12befac,574de174-c7bb-bc11-f282-cff2aa2501c5,d76dd3bd-ccb7-4991-a01f-ce158dfe908e,Plumbing,bd081ad6-5fe3-4c1d-a919-81b1055efa19,2026-07-05 09:17:42.068254,,logs+mt_match,,24,,,Insufficient lifecycle data,insufficient_lifecycle_data,insufficient_lifecycle_data,No closed event yet / open,Reconstructed SLA from ticket_logs lifecycle + issue_types.sla_hours (NOT verified app formula)
614334db-e670-47ba-9652-1922fd81c97a,dd96a329-ec95-e96a-1348-69d976f39cd4,c5f1c3c0-af88-4c54-9730-ebffed128bc9,Kitchen Equipment,bd081ad6-5fe3-4c1d-a919-81b1055efa19,2026-08-08 04:26:08.702925,,logs+mt_match,,12,,,Insufficient lifecycle data,insufficient_lifecycle_data,insufficient_lifecycle_data,No closed event yet / open,Reconstructed SLA from ticket_logs lifecycle + issue_types.sla_hours (NOT verified app formula)
b61f51cf-1bc4-4f30-a118-dfda4bb62988,417c9738-a0f7-5a00-1091-37a9fd083dd6,28158382-d5c1-436c-927b-3e3d9855c2af,Electrical Issues,bd081ad6-5fe3-4c1d-a919-81b1055efa19,2026-06-30 02:53:58.613504,2026-06-30 20:56:50.357797,logs+mt_match,18.047706748055557,6,-12.047706748055557,True,SLA Breached,measurable,reconstructed 18.0h vs 6h SLA,Review breach — slow resolution for this issue type,Reconstructed SLA from ticket_logs lifecycle + issue_types.sla_hours (NOT verified app formula)
ef1af8f2-6c30-4d1a-bbb3-76b45a1ef0b6,a361bd0d-c2c1-2aee-6303-d65de004edd0,e2aa2aaa-8af6-4807-9a4e-7665c5421eed,Furniture,bd081ad6-5fe3-4c1d-a919-81b1055efa19,2026-07-01 17:48:49.941432,,logs+mt_match,,24,,,Insufficient lifecycle data,insufficient_lifecycle_data,insufficient_lifecycle_data,No closed event yet / open,Reconstructed SLA from ticket_logs lifecycle + issue_types.sla_hours (NOT verified app formula)
2a3b7aa4-41df-4598-804a-40c35246e4fe,c2ff0c11-4d1b-7b9b-b93c-aa37c9b6c40b,abc84f5b-a950-406e-ab46-cefbe11df925,Cleaning Issues,bd081ad6-5fe3-4c1d-a919-81b1055efa19,2026-06-26 21:10:46.562376,,logs+mt_match,,4,,,Insufficient lifecycle data,insufficient_lifecycle_data,insufficient_lifecycle_data,No closed event yet / open,Reconstructed SLA from ticket_logs lifecycle + issue_types.sla_hours (NOT verified app formula)
89fb6e9b-199c-475d-afcf-8e705a911f49,77c3a6fd-4651-d880-29aa-abd19c8324df,e2aa2aaa-8af6-4807-9a4e-7665c5421eed,Furniture,bd081ad6-5fe3-4c1d-a919-81b1055efa19,2026-06-26 06:07:28.468034,2026-08-03 09:45:13.156991,logs+mt_match,915.6290802658334,24,-891.6290802658334,True,SLA Breached,measurable,reconstructed 915.6h vs 24h SLA,Review breach — slow resolution for this issue type,Reconstructed SLA from ticket_logs lifecycle + issue_types.sla_hours (NOT verified app formula)
b78384d6-f204-47ff-9590-9608188a8126,d2298bb8-a5e5-735a-c8ca-9b18c7daacd6,abc84f5b-a950-406e-ab46-cefbe11df925,Cleaning Issues,8c42685b-f2df-4dec-96bd-0e77b715e33e,2026-05-02 05:18:11.000752,2026-07-08 17:59:24.769197,logs+mt_match,1620.687157901389,4,-1616.687157901389,True,SLA Breached,measurable,reconstructed 1620.7h vs 4h SLA,Review breach — slow resolution for this issue type,Reconstructed SLA from ticket_logs lifecycle + issue_types.sla_hours (NOT verified app formula)
bd5b38ff-32d9-4213-b0a7-c9fb8fbbbdc2,b0875d50-a469-821b-57c3-03ac62809198,abc84f5b-a950-406e-ab46-cefbe11df925,Cleaning Issues,bd081ad6-5fe3-4c1d-a919-81b1055efa19,2026-07-14 08:42:56.023978,2026-07-27 13:04:46.334178,logs+mt_match,316.36397505555556,4,-312.36397505555556,True,SLA Breached,measurable,reconstructed 316.4h vs 4h SLA,Review breach — slow resolution for this issue type,Reconstructed SLA from ticket_logs lifecycle + issue_types.sla_hours (NOT verified app formula)
76fe2620-7a9f-4f4b-81a3-b2ba658bdd01,fad74a92-8e64-787e-38c3-8ebdb9db6511,54bc37a9-ef71-4e18-b896-593f71b161fa,Heater Issues,bd081ad6-5fe3-4c1d-a919-81b1055efa19,2026-08-08 04:52:04.248630,,logs+mt_match,,12,,,Insufficient lifecycle data,insufficient_lifecycle_data,insufficient_lifecycle_data,No closed event yet / open,Reconstructed SLA from ticket_logs lifecycle + issue_types.sla_hours (NOT verified app formula)
e7cfc06b-7da6-4d99-969d-c03e52298b47,b0d4d2c8-f6ee-bc16-ffd7-fc33c8db8571,a25aca1b-211b-41d3-ab08-78bd2b9541e8,Toilet Issues,bd081ad6-5fe3-4c1d-a919-81b1055efa19,2026-07-14 21:06:56.987344,2026-08-09 05:53:52.908524,logs+mt_match,608.7822003277778,4,-604.7822003277778,True,SLA Breached,measurable,reconstructed 608.8h vs 4h SLA,Review breach — slow resolution for this issue type,Reconstructed SLA from ticket_logs lifecycle + issue_types.sla_hours (NOT verified app formula)
4d73f96e-77f8-414a-a140-29330161d3e6,d2298bb8-a5e5-735a-c8ca-9b18c7daacd6,e2aa2aaa-8af6-4807-9a4e-7665c5421eed,Furniture,bd081ad6-5fe3-4c1d-a919-81b1055efa19,2026-06-25 18:47:00.854402,,logs+mt_match,,24,,,Insufficient lifecycle data,insufficient_lifecycle_data,insufficient_lifecycle_data,No closed event yet / open,Reconstructed SLA from ticket_logs lifecycle + issue_types.sla_hours (NOT verified app formula)
3f4b31f7-20c0-4b8d-a196-07787b68fbfc,dd96a329-ec95-e96a-1348-69d976f39cd4,47389994-b201-4bb1-bf91-8bce4dbde510,Other,bd081ad6-5fe3-4c1d-a919-81b1055efa19,2026-07-02 14:29:35.660380,,logs+mt_match,,24,,,Insufficient lifecycle data,insufficient_lifecycle_data,insufficient_lifecycle_data,No closed event yet / open,Reconstructed SLA from ticket_logs lifecycle + issue_types.sla_hours (NOT verified app formula)
1bafcc2f-7872-4122-a353-d5d40de70cb8,dd96a329-ec95-e96a-1348-69d976f39cd4,a25aca1b-211b-41d3-ab08-78bd2b9541e8,Toilet Issues,bd081ad6-5fe3-4c1d-a919-81b1055efa19,2026-06-27 10:24:11.499104,2026-07-11 14:04:38.252122,logs+mt_match,339.67409806055554,4,-335.67409806055554,True,SLA Breached,measurable,reconstructed 339.7h vs 4h SLA,Review breach — slow resolution for this issue type,Reconstructed SLA from ticket_logs lifecycle + issue_types.sla_hours (NOT verified app formula)
74a97d36-3046-4f66-924e-bbb4af23bdb6,fb5cedd6-2992-1c62-7fba-4a7a6b43b2ff,47389994-b201-4bb1-bf91-8bce4dbde510,Other,bd081ad6-5fe3-4c1d-a919-81b1055efa19,2026-06-30 13:33:08.768600,2026-07-11 17:11:44.651413,logs+mt_match,267.6433007813889,24,-243.64330078138892,True,SLA Breached,measurable,reconstructed 267.6h vs 24h SLA,Review breach — slow resolution for this issue type,Reconstructed SLA from ticket_logs lifecycle + issue_types.sla_hours (NOT verified app formula)
8b3527cf-868d-4d7a-9efc-63713caae3ef,dd96a329-ec95-e96a-1348-69d976f39cd4,e2aa2aaa-8af6-4807-9a4e-7665c5421eed,Furniture,bd081ad6-5fe3-4c1d-a919-81b1055efa19,2026-06-27 10:22:46.271822,2026-07-14 06:28:21.952823,logs+mt_match,404.0932447225,24,-380.0932447225,True,SLA Breached,measurable,reconstructed 404.1h vs 24h SLA,Review breach — slow resolution for this issue type,Reconstructed SLA from ticket_logs lifecycle + issue_types.sla_hours (NOT verified app formula)
a919aa54-ea64-4420-a732-20ffe4a13f83,990e8a3e-a69c-7b31-f606-3eeb21e3d4c6,01208ba1-4225-4a61-be39-3afe03dad690,RO Water Issues,bd081ad6-5fe3-4c1d-a919-81b1055efa19,2026-07-04 09:14:45.494121,2026-08-08 06:21:09.574319,logs+mt_match,837.1066889438889,6,-831.1066889438889,True,SLA Breached,measurable,reconstructed 837.1h vs 6h SLA,Review breach — slow resolution for this issue type,Reconstructed SLA from ticket_logs lifecycle + issue_types.sla_hours (NOT verified app formula)
7f5ea07a-701f-4fd0-8473-2918e35dd085,2fc42a4f-fe5a-ae08-0e4e-2c89ca71db85,a5831922-eaeb-48c2-941c-fd96fae8813d,AC Issues,bd081ad6-5fe3-4c1d-a919-81b1055efa19,2026-06-28 15:03:21.985185,2026-07-11 20:22:39.865067,logs+mt_match,317.32163330055556,12,-305.32163330055556,True,SLA Breached,measurable,reconstructed 317.3h vs 12h SLA,Review breach — slow resolution for this issue type,Reconstructed SLA from ticket_logs lifecycle + issue_types.sla_hours (NOT verified app formula)
949e7e59-6b77-4b9a-8372-85cdc319db87,b0d4d2c8-f6ee-bc16-ffd7-fc33c8db8571,a25aca1b-211b-41d3-ab08-78bd2b9541e8,Toilet Issues,bd081ad6-5fe3-4c1d-a919-81b1055efa19,2026-06-22 03:51:38.942072,2026-07-12 18:17:23.425883,logs+mt_match,494.4290232808333,4,-490.4290232808333,True,SLA Breached,measurable,reconstructed 494.4h vs 4h SLA,Review breach — slow resolution for this issue type,Reconstructed SLA from ticket_logs lifecycle + issue_types.sla_hours (NOT verified app formula)
3c33e01e-12af-4544-98dd-09399c2c61db,d2298bb8-a5e5-735a-c8ca-9b18c7daacd6,a5831922-eaeb-48c2-941c-fd96fae8813d,AC Issues,bd081ad6-5fe3-4c1d-a919-81b1055efa19,2026-06-29 16:50:21.791184,2026-07-20 14:06:45.234350,logs+mt_match,501.2731786572222,12,-489.2731786572222,True,SLA Breached,measurable,reconstructed 501.3h vs 12h SLA,Review breach — slow resolution for this issue type,Reconstructed SLA from ticket_logs lifecycle + issue_types.sla_hours (NOT verified app formula)
ede434ad-c70c-40a2-9485-b640ab90663c,dc4adc21-f501-0573-2e9a-d7bbbc89e5d6,a5831922-eaeb-48c2-941c-fd96fae8813d,AC Issues,bd081ad6-5fe3-4c1d-a919-81b1055efa19,2026-07-16 14:10:23.871788,,logs+mt_match,,12,,,Insufficient lifecycle data,insufficient_lifecycle_data,insufficient_lifecycle_data,No closed event yet / open,Reconstructed SLA from ticket_logs lifecycle + issue_types.sla_hours (NOT verified app formula)
0e095d80-8ab7-4313-9958-5f31427e3a26,b0875d50-a469-821b-57c3-03ac62809198,abc84f5b-a950-406e-ab46-cefbe11df925,Cleaning Issues,bd081ad6-5fe3-4c1d-a919-81b1055efa19,2026-07-27 13:05:41.525673,2026-07-30 17:00:04.867473,logs+mt_match,75.90648383333333,4,-71.90648383333333,True,SLA Breached,measurable,reconstructed 75.9h vs 4h SLA,Review breach — slow resolution for this issue type,Reconstructed SLA from ticket_logs lifecycle + issue_types.sla_hours (NOT verified app formula)
ac3d37c7-b3f6-4ee0-8539-fd319b294083,bde00681-ebfc-ef38-4f6e-4906a012de6b,d76dd3bd-ccb7-4991-a01f-ce158dfe908e,Plumbing,bd081ad6-5fe3-4c1d-a919-81b1055efa19,2026-08-02 21:43:43.902718,,logs+mt_match,,24,,,Insufficient lifecycle data,insufficient_lifecycle_data,insufficient_lifecycle_data,No closed event yet / open,Reconstructed SLA from ticket_logs lifecycle + issue_types.sla_hours (NOT verified app formula)
84f6d1b5-9225-49f1-bebb-82dd005821d9,85292340-826d-52c1-65c7-7f2a9eb2c2c4,d76dd3bd-ccb7-4991-a01f-ce158dfe908e,Plumbing,bd081ad6-5fe3-4c1d-a919-81b1055efa19,2026-07-13 09:09:59.530908,,logs+mt_match,,24,,,Insufficient lifecycle data,insufficient_lifecycle_data,insufficient_lifecycle_data,No closed event yet / open,Reconstructed SLA from ticket_logs lifecycle + issue_types.sla_hours (NOT verified app formula)
2186bdc7-f92c-4cce-95be-2dc2d768696f,dc4adc21-f501-0573-2e9a-d7bbbc89e5d6,a5831922-eaeb-48c2-941c-fd96fae8813d,AC Issues,bd081ad6-5fe3-4c1d-a919-81b1055efa19,2026-07-18 20:57:11.938191,,logs+mt_match,,12,,,Insufficient lifecycle data,insufficient_lifecycle_data,insufficient_lifecycle_data,No closed event yet / open,Reconstructed SLA from ticket_logs lifecycle + issue_types.sla_hours (NOT verified app formula)
698d27f3-fc36-4b88-97b9-bf260b25c5fb,bde00681-ebfc-ef38-4f6e-4906a012de6b,a5831922-eaeb-48c2-941c-fd96fae8813d,AC Issues,bd081ad6-5fe3-4c1d-a919-81b1055efa19,2026-07-13 08:21:52.079800,,logs+mt_match,,12,,,Insufficient lifecycle data,insufficient_lifecycle_data,insufficient_lifecycle_data,No closed event yet / open,Reconstructed SLA from ticket_logs lifecycle + issue_types.sla_hours (NOT verified app formula)
d5643989-a331-4967-ba63-11ee9e1e1f64,5d204545-2f72-b89b-3190-a826b5ab6512,abc84f5b-a950-406e-ab46-cefbe11df925,Cleaning Issues,bd081ad6-5fe3-4c1d-a919-81b1055efa19,2026-06-26 10:58:19.313419,2026-07-15 01:48:55.436113,logs+mt_match,446.843367415,4,-442.843367415,True,SLA Breached,measurable,reconstructed 446.8h vs 4h SLA,Review breach — slow resolution for this issue type,Reconstructed SLA from ticket_logs lifecycle + issue_types.sla_hours (NOT verified app formula)
f578ef87-8153-4c0a-98bd-4feed4ac6d3c,03edc7c5-4c46-b55e-523d-9fb7be29910b,47389994-b201-4bb1-bf91-8bce4dbde510,Other,bd081ad6-5fe3-4c1d-a919-81b1055efa19,2026-06-12 15:11:46.696904,,logs+mt_match,,24,,,Insufficient lifecycle data,insufficient_lifecycle_data,insufficient_lifecycle_data,No closed event yet / open,Reconstructed SLA from ticket_logs lifecycle + issue_types.sla_hours (NOT verified app formula)
37683b76-a4d2-4af4-ad50-56ccab7e8556,bc7f358d-0d6d-f95f-ff80-9089eefdef69,a5831922-eaeb-48c2-941c-fd96fae8813d,AC Issues,bd081ad6-5fe3-4c1d-a919-81b1055efa19,2026-07-15 17:03:43.380004,,logs+mt_match,,12,,,Insufficient lifecycle data,insufficient_lifecycle_data,insufficient_lifecycle_data,No closed event yet / open,Reconstructed SLA from ticket_logs lifecycle + issue_types.sla_hours (NOT verified app formula)
0f181edc-4747-445a-bbe5-135dba418948,b0d4d2c8-f6ee-bc16-ffd7-fc33c8db8571,01208ba1-4225-4a61-be39-3afe03dad690,RO Water Issues,bd081ad6-5fe3-4c1d-a919-81b1055efa19,2026-07-12 18:18:51.482468,2026-08-09 05:54:11.998857,logs+mt_match,659.5890323302779,6,-653.5890323302779,True,SLA Breached,measurable,reconstructed 659.6h vs 6h SLA,Review breach — slow resolution for this issue type,Reconstructed SLA from ticket_logs lifecycle + issue_types.sla_hours (NOT verified app formula)
03d8126c-5194-4844-9fd2-652bc0ed1ffe,b0d4d2c8-f6ee-bc16-ffd7-fc33c8db8571,47389994-b201-4bb1-bf91-8bce4dbde510,Other,bd081ad6-5fe3-4c1d-a919-81b1055efa19,2026-08-09 05:56:28.764968,,logs+mt_match,,24,,,Insufficient lifecycle data,insufficient_lifecycle_data,insufficient_lifecycle_data,No closed event yet / open,Reconstructed SLA from ticket_logs lifecycle + issue_types.sla_hours (NOT verified app formula)
e4a24fa5-dd00-43f6-b93d-0f314865648a,fad74a92-8e64-787e-38c3-8ebdb9db6511,e2aa2aaa-8af6-4807-9a4e-7665c5421eed,Furniture,bd081ad6-5fe3-4c1d-a919-81b1055efa19,2026-07-16 12:12:34.057537,2026-07-23 18:03:51.312019,logs+mt_match,173.85479291166666,24,-149.85479291166666,True,SLA Breached,measurable,reconstructed 173.9h vs 24h SLA,Review breach — slow resolution for this issue type,Reconstructed SLA from ticket_logs lifecycle + issue_types.sla_hours (NOT verified app formula)
4e0f6b2d-05e5-4010-aff3-66ad287fe7fd,2fc42a4f-fe5a-ae08-0e4e-2c89ca71db85,7917cc13-aaca-4558-a2c2-8be5cd8fc159,Internet Issues,bd081ad6-5fe3-4c1d-a919-81b1055efa19,2026-07-11 20:26:23.623086,,logs+mt_match,,6,,,Insufficient lifecycle data,insufficient_lifecycle_data,insufficient_lifecycle_data,No closed event yet / open,Reconstructed SLA from ticket_logs lifecycle + issue_types.sla_hours (NOT verified app formula)
1faa1b2c-b5ba-4cca-8c28-4159fd9ad188,1b4d1066-8fe4-199b-7b3b-39e4bded9714,a5831922-eaeb-48c2-941c-fd96fae8813d,AC Issues,bd081ad6-5fe3-4c1d-a919-81b1055efa19,2026-07-11 10:55:35.569730,,logs+mt_match,,12,,,Insufficient lifecycle data,insufficient_lifecycle_data,insufficient_lifecycle_data,No closed event yet / open,Reconstructed SLA from ticket_logs lifecycle + issue_types.sla_hours (NOT verified app formula)
1615e90e-84bc-49bc-8702-f4fdc175dc8e,77c3a6fd-4651-d880-29aa-abd19c8324df,a5831922-eaeb-48c2-941c-fd96fae8813d,AC Issues,bd081ad6-5fe3-4c1d-a919-81b1055efa19,2026-07-11 08:06:46.957208,,logs+mt_match,,12,,,Insufficient lifecycle data,insufficient_lifecycle_data,insufficient_lifecycle_data,No closed event yet / open,Reconstructed SLA from ticket_logs lifecycle + issue_types.sla_hours (NOT verified app formula)
43c9bb6f-ada1-4ef5-b08b-2fc02cc53600,b0d4d2c8-f6ee-bc16-ffd7-fc33c8db8571,28158382-d5c1-436c-927b-3e3d9855c2af,Electrical Issues,bd081ad6-5fe3-4c1d-a919-81b1055efa19,2026-07-12 18:19:34.594034,2026-07-14 21:02:37.677051,logs+mt_match,50.71752306027778,6,-44.71752306027778,True,SLA Breached,measurable,reconstructed 50.7h vs 6h SLA,Review breach — slow resolution for this issue type,Reconstructed SLA from ticket_logs lifecycle + issue_types.sla_hours (NOT verified app formula)
996519c8-a521-4d07-aabf-e0a8c185663c,bc7f358d-0d6d-f95f-ff80-9089eefdef69,47389994-b201-4bb1-bf91-8bce4dbde510,Other,bd081ad6-5fe3-4c1d-a919-81b1055efa19,2026-07-11 06:33:28.131429,,logs+mt_match,,24,,,Insufficient lifecycle data,insufficient_lifecycle_data,insufficient_lifecycle_data,No closed event yet / open,Reconstructed SLA from ticket_logs lifecycle + issue_types.sla_hours (NOT verified app formula)
8a683947-442d-4763-bd18-02ba97a44a81,c2ff0c11-4d1b-7b9b-b93c-aa37c9b6c40b,47389994-b201-4bb1-bf91-8bce4dbde510,Other,bd081ad6-5fe3-4c1d-a919-81b1055efa19,2026-05-11 11:30:38.027380,,logs+mt_match,,24,,,Insufficient lifecycle data,insufficient_lifecycle_data,insufficient_lifecycle_data,No closed event yet / open,Reconstructed SLA from ticket_logs lifecycle + issue_types.sla_hours (NOT verified app formula)
ecfb0f75-5c43-4830-9b47-4228d3dbdaaf,5d204545-2f72-b89b-3190-a826b5ab6512,abc84f5b-a950-406e-ab46-cefbe11df925,Cleaning Issues,bd081ad6-5fe3-4c1d-a919-81b1055efa19,2026-07-15 01:50:52.841364,,logs+mt_match,,4,,,Insufficient lifecycle data,insufficient_lifecycle_data,insufficient_lifecycle_data,No closed event yet / open,Reconstructed SLA from ticket_logs lifecycle + issue_types.sla_hours (NOT verified app formula)
e1a9d3c0-7527-430e-bee5-117e4b5c944b,8767525e-d22f-a295-bc29-ba104fdc589a,28158382-d5c1-436c-927b-3e3d9855c2af,Electrical Issues,bd081ad6-5fe3-4c1d-a919-81b1055efa19,2026-07-21 06:57:44.863522,2026-07-22 07:01:53.842723,logs+mt_match,24.069160889166664,6,-18.069160889166664,True,SLA Breached,measurable,reconstructed 24.1h vs 6h SLA,Review breach — slow resolution for this issue type,Reconstructed SLA from ticket_logs lifecycle + issue_types.sla_hours (NOT verified app formula)
f130f31f-51cd-41f5-a55e-46d12e05aa48,fad74a92-8e64-787e-38c3-8ebdb9db6511,e2aa2aaa-8af6-4807-9a4e-7665c5421eed,Furniture,bd081ad6-5fe3-4c1d-a919-81b1055efa19,2026-07-16 12:09:22.368605,2026-07-23 18:04:44.753172,logs+mt_match,173.92288460194445,24,-149.92288460194445,True,SLA Breached,measurable,reconstructed 173.9h vs 24h SLA,Review breach — slow resolution for this issue type,Reconstructed SLA from ticket_logs lifecycle + issue_types.sla_hours (NOT verified app formula)
cd9d1309-4a43-4af2-85c7-a8f6aa98cc45,fb5cedd6-2992-1c62-7fba-4a7a6b43b2ff,abc84f5b-a950-406e-ab46-cefbe11df925,Cleaning Issues,bd081ad6-5fe3-4c1d-a919-81b1055efa19,2026-06-24 02:17:21.458051,2026-07-24 09:13:49.223677,logs+mt_match,726.9410460072222,4,-722.9410460072222,True,SLA Breached,measurable,reconstructed 726.9h vs 4h SLA,Review breach — slow resolution for this issue type,Reconstructed SLA from ticket_logs lifecycle + issue_types.sla_hours (NOT verified app formula)
b68b2bcf-ceb9-4cdc-8e0a-fdf2e5fd8d30,79853a4a-cb02-508c-e041-7e23378aec9c,01208ba1-4225-4a61-be39-3afe03dad690,RO Water Issues,bd081ad6-5fe3-4c1d-a919-81b1055efa19,2026-07-18 11:53:16.035265,2026-07-27 17:09:42.054678,logs+mt_match,221.2738942813889,6,-215.2738942813889,True,SLA Breached,measurable,reconstructed 221.3h vs 6h SLA,Review breach — slow resolution for this issue type,Reconstructed SLA from ticket_logs lifecycle + issue_types.sla_hours (NOT verified app formula)
91dbe4c0-bd94-4588-a0a2-ad0961eda292,990e8a3e-a69c-7b31-f606-3eeb21e3d4c6,a5831922-eaeb-48c2-941c-fd96fae8813d,AC Issues,bd081ad6-5fe3-4c1d-a919-81b1055efa19,2026-07-09 11:13:06.143415,,logs+mt_match,,12,,,Insufficient lifecycle data,insufficient_lifecycle_data,insufficient_lifecycle_data,No closed event yet / open,Reconstructed SLA from ticket_logs lifecycle + issue_types.sla_hours (NOT verified app formula)
3452ef1d-d432-41d4-879e-15bc3ffea536,85292340-826d-52c1-65c7-7f2a9eb2c2c4,a5831922-eaeb-48c2-941c-fd96fae8813d,AC Issues,bd081ad6-5fe3-4c1d-a919-81b1055efa19,2026-07-06 15:47:31.544659,,logs+mt_match,,12,,,Insufficient lifecycle data,insufficient_lifecycle_data,insufficient_lifecycle_data,No closed event yet / open,Reconstructed SLA from ticket_logs lifecycle + issue_types.sla_hours (NOT verified app formula)
fe8f1d7d-eb10-411e-9658-5287792fd4fe,233cca0e-efcf-e631-d2fc-9997a6ba5706,47389994-b201-4bb1-bf91-8bce4dbde510,Other,bd081ad6-5fe3-4c1d-a919-81b1055efa19,2026-06-30 13:12:51.970741,,logs+mt_match,,24,,,Insufficient lifecycle data,insufficient_lifecycle_data,insufficient_lifecycle_data,No closed event yet / open,Reconstructed SLA from ticket_logs lifecycle + issue_types.sla_hours (NOT verified app formula)
00c4b59e-970d-4075-a3b1-5c88a14a036c,49ed1c8e-3653-c89b-ec74-16d8e20bb923,a5831922-eaeb-48c2-941c-fd96fae8813d,AC Issues,bd081ad6-5fe3-4c1d-a919-81b1055efa19,2026-06-29 17:25:16.924063,,logs+mt_match,,12,,,Insufficient lifecycle data,insufficient_lifecycle_data,insufficient_lifecycle_data,No closed event yet / open,Reconstructed SLA from ticket_logs lifecycle + issue_types.sla_hours (NOT verified app formula)
445453be-c171-4a6e-bda4-13f01b7ca1cd,b0875d50-a469-821b-57c3-03ac62809198,caf6381e-5189-4c1f-bf0a-4dfd99d9b9e7,Washing machine Issue,bd081ad6-5fe3-4c1d-a919-81b1055efa19,2026-07-02 04:21:03.893457,2026-07-14 08:42:17.923005,logs+mt_match,292.3538970966667,24,-268.3538970966667,True,SLA Breached,measurable,reconstructed 292.4h vs 24h SLA,Review breach — slow resolution for this issue type,Reconstructed SLA from ticket_logs lifecycle + issue_types.sla_hours (NOT verified app formula)
42c21bca-c32d-4c2d-b7d4-23f8666ab04d,fad74a92-8e64-787e-38c3-8ebdb9db6511,a5831922-eaeb-48c2-941c-fd96fae8813d,AC Issues,bd081ad6-5fe3-4c1d-a919-81b1055efa19,2026-06-01 01:50:53.513041,2026-07-15 05:31:54.472230,logs+mt_match,1059.6835997747223,12,-1047.6835997747223,True,SLA Breached,measurable,reconstructed 1059.7h vs 12h SLA,Review breach — slow resolution for this issue type,Reconstructed SLA from ticket_logs lifecycle + issue_types.sla_hours (NOT verified app formula)
8d86ddd2-88ae-48c2-8c5d-dfa12df947e1,fad74a92-8e64-787e-38c3-8ebdb9db6511,a5831922-eaeb-48c2-941c-fd96fae8813d,AC Issues,bd081ad6-5fe3-4c1d-a919-81b1055efa19,2026-05-09 03:35:08.694175,2026-07-15 05:32:08.705895,logs+mt_match,1609.9500032555554,12,-1597.9500032555554,True,SLA Breached,measurable,reconstructed 1610.0h vs 12h SLA,Review breach — slow resolution for this issue type,Reconstructed SLA from ticket_logs lifecycle + issue_types.sla_hours (NOT verified app formula)
c34a5a2b-2e66-4e2a-9596-193484fbb757,c2ff0c11-4d1b-7b9b-b93c-aa37c9b6c40b,abc84f5b-a950-406e-ab46-cefbe11df925,Cleaning Issues,8c42685b-f2df-4dec-96bd-0e77b715e33e,2026-05-04 10:31:05.239424,2026-07-19 05:10:51.496864,logs+mt_match,1818.6628492888888,4,-1814.6628492888888,True,SLA Breached,measurable,reconstructed 1818.7h vs 4h SLA,Review breach — slow resolution for this issue type,Reconstructed SLA from ticket_logs lifecycle + issue_types.sla_hours (NOT verified app formula)
f136cc5b-30b5-4357-ad73-b4d6604fc7df,79853a4a-cb02-508c-e041-7e23378aec9c,caf6381e-5189-4c1f-bf0a-4dfd99d9b9e7,Washing machine Issue,bd081ad6-5fe3-4c1d-a919-81b1055efa19,2026-06-20 09:33:24.863843,,logs+mt_match,,24,,,Insufficient lifecycle data,insufficient_lifecycle_data,insufficient_lifecycle_data,No closed event yet / open,Reconstructed SLA from ticket_logs lifecycle + issue_types.sla_hours (NOT verified app formula)
85812d2d-2e47-47d4-af86-ec809ed46287,82b270bf-e567-2deb-5ef3-495baafd7645,abc84f5b-a950-406e-ab46-cefbe11df925,Cleaning Issues,bd081ad6-5fe3-4c1d-a919-81b1055efa19,2026-06-30 02:34:16.731417,2026-07-15 15:44:35.807333,logs+mt_match,373.1719655322222,4,-369.1719655322222,True,SLA Breached,measurable,reconstructed 373.2h vs 4h SLA,Review breach — slow resolution for this issue type,Reconstructed SLA from ticket_logs lifecycle + issue_types.sla_hours (NOT verified app formula)
f8701579-a3ae-4b19-abbe-d3c7bd436263,82b270bf-e567-2deb-5ef3-495baafd7645,a5831922-eaeb-48c2-941c-fd96fae8813d,AC Issues,bd081ad6-5fe3-4c1d-a919-81b1055efa19,2026-06-29 05:30:13.013791,2026-07-15 15:47:36.009298,logs+mt_match,394.2897209741667,12,-382.2897209741667,True,SLA Breached,measurable,reconstructed 394.3h vs 12h SLA,Review breach — slow resolution for this issue type,Reconstructed SLA from ticket_logs lifecycle + issue_types.sla_hours (NOT verified app formula)
a50a8d0f-4ac8-43e0-87cb-ca92f4dffab0,bc7f358d-0d6d-f95f-ff80-9089eefdef69,a5831922-eaeb-48c2-941c-fd96fae8813d,AC Issues,bd081ad6-5fe3-4c1d-a919-81b1055efa19,2026-05-02 16:07:32.763252,2026-07-15 17:01:41.761368,logs+mt_match,1776.9024994766667,12,-1764.9024994766667,True,SLA Breached,measurable,reconstructed 1776.9h vs 12h SLA,Review breach — slow resolution for this issue type,Reconstructed SLA from ticket_logs lifecycle + issue_types.sla_hours (NOT verified app formula)
16a8aad8-07c4-4f3e-b978-32bed777aa47,2fc42a4f-fe5a-ae08-0e4e-2c89ca71db85,e2aa2aaa-8af6-4807-9a4e-7665c5421eed,Furniture,bd081ad6-5fe3-4c1d-a919-81b1055efa19,2026-07-03 10:38:19.432140,2026-07-11 07:27:07.234921,logs+mt_match,188.8132785502778,24,-164.8132785502778,True,SLA Breached,measurable,reconstructed 188.8h vs 24h SLA,Review breach — slow resolution for this issue type,Reconstructed SLA from ticket_logs lifecycle + issue_types.sla_hours (NOT verified app formula)
2a30d99f-9ee0-433b-83d4-e4038d28c669,2fc42a4f-fe5a-ae08-0e4e-2c89ca71db85,47389994-b201-4bb1-bf91-8bce4dbde510,Other,bd081ad6-5fe3-4c1d-a919-81b1055efa19,2026-05-26 03:14:48.399706,2026-08-09 13:37:47.616985,logs+mt_match,1810.3831159108333,24,-1786.3831159108333,True,SLA Breached,measurable,reconstructed 1810.4h vs 24h SLA,Review breach — slow resolution for this issue type,Reconstructed SLA from ticket_logs lifecycle + issue_types.sla_hours (NOT verified app formula)
ff9f72a4-de0c-4964-840e-34556c799035,188aee4d-68e0-1ddb-38e6-a946bc75072d,a25aca1b-211b-41d3-ab08-78bd2b9541e8,Toilet Issues,bd081ad6-5fe3-4c1d-a919-81b1055efa19,2026-07-15 16:48:09.925151,,logs+mt_match,,4,,,Insufficient lifecycle data,insufficient_lifecycle_data,insufficient_lifecycle_data,No closed event yet / open,Reconstructed SLA from ticket_logs lifecycle + issue_types.sla_hours (NOT verified app formula)
81ffd7e3-ee08-4ada-9643-ae1f91da4b26,c2ff0c11-4d1b-7b9b-b93c-aa37c9b6c40b,c5f1c3c0-af88-4c54-9730-ebffed128bc9,Kitchen Equipment,bd081ad6-5fe3-4c1d-a919-81b1055efa19,2026-07-19 05:15:43.098935,,logs+mt_match,,12,,,Insufficient lifecycle data,insufficient_lifecycle_data,insufficient_lifecycle_data,No closed event yet / open,Reconstructed SLA from ticket_logs lifecycle + issue_types.sla_hours (NOT verified app formula)
e8661742-3adc-4507-9241-bca7836274a8,d2298bb8-a5e5-735a-c8ca-9b18c7daacd6,ec405235-70e9-407e-9aa2-b877f8f36af8,Fridge Issues,bd081ad6-5fe3-4c1d-a919-81b1055efa19,2026-07-20 14:08:48.388803,2026-07-23 21:08:34.991982,logs+mt_match,78.99627866083334,12,-66.99627866083334,True,SLA Breached,measurable,reconstructed 79.0h vs 12h SLA,Review breach — slow resolution for this issue type,Reconstructed SLA from ticket_logs lifecycle + issue_types.sla_hours (NOT verified app formula)
f6e4e255-661d-4329-a287-d1bb171ea8af,86ad1ceb-8d81-a926-d998-3a2f1cafba06,28158382-d5c1-436c-927b-3e3d9855c2af,Electrical Issues,bd081ad6-5fe3-4c1d-a919-81b1055efa19,2026-07-25 14:23:26.266410,,logs+mt_match,,6,,,Insufficient lifecycle data,insufficient_lifecycle_data,insufficient_lifecycle_data,No closed event yet / open,Reconstructed SLA from ticket_logs lifecycle + issue_types.sla_hours (NOT verified app formula)
c213fe10-5678-4492-a4c9-be13015463c6,bc7f358d-0d6d-f95f-ff80-9089eefdef69,47389994-b201-4bb1-bf91-8bce4dbde510,Other,bd081ad6-5fe3-4c1d-a919-81b1055efa19,2026-07-22 17:46:36.272643,2026-07-24 16:25:21.669770,logs+mt_match,46.64594364638889,24,-22.645943646388893,True,SLA Breached,measurable,reconstructed 46.6h vs 24h SLA,Review breach — slow resolution for this issue type,Reconstructed SLA from ticket_logs lifecycle + issue_types.sla_hours (NOT verified app formula)
e689126d-d5a7-4935-ba4d-1f17097d2393,fad74a92-8e64-787e-38c3-8ebdb9db6511,28158382-d5c1-436c-927b-3e3d9855c2af,Electrical Issues,bd081ad6-5fe3-4c1d-a919-81b1055efa19,2026-07-16 12:07:18.126030,2026-08-03 05:57:37.968169,logs+mt_match,425.8388450386111,6,-419.8388450386111,True,SLA Breached,measurable,reconstructed 425.8h vs 6h SLA,Review breach — slow resolution for this issue type,Reconstructed SLA from ticket_logs lifecycle + issue_types.sla_hours (NOT verified app formula)
8acb89e3-ea87-4013-8fdf-7f56b6d7f6b2,2fc42a4f-fe5a-ae08-0e4e-2c89ca71db85,a5831922-eaeb-48c2-941c-fd96fae8813d,AC Issues,bd081ad6-5fe3-4c1d-a919-81b1055efa19,2026-05-27 14:34:11.333624,2026-08-09 13:37:57.460082,logs+mt_match,1775.062812905,12,-1763.062812905,True,SLA Breached,measurable,reconstructed 1775.1h vs 12h SLA,Review breach — slow resolution for this issue type,Reconstructed SLA from ticket_logs lifecycle + issue_types.sla_hours (NOT verified app formula)
e6339d7a-b25b-431d-b995-64c4abff9132,82b270bf-e567-2deb-5ef3-495baafd7645,01208ba1-4225-4a61-be39-3afe03dad690,RO Water Issues,bd081ad6-5fe3-4c1d-a919-81b1055efa19,2026-07-15 15:49:55.280412,,logs+mt_match,,6,,,Insufficient lifecycle data,insufficient_lifecycle_data,insufficient_lifecycle_data,No closed event yet / open,Reconstructed SLA from ticket_logs lifecycle + issue_types.sla_hours (NOT verified app formula)
82050226-2a78-428a-8c04-cca4feae40a3,417c9738-a0f7-5a00-1091-37a9fd083dd6,a5831922-eaeb-48c2-941c-fd96fae8813d,AC Issues,bd081ad6-5fe3-4c1d-a919-81b1055efa19,2026-07-09 22:54:41.025018,2026-07-22 06:36:30.647726,logs+mt_match,295.69711741888887,12,-283.69711741888887,True,SLA Breached,measurable,reconstructed 295.7h vs 12h SLA,Review breach — slow resolution for this issue type,Reconstructed SLA from ticket_logs lifecycle + issue_types.sla_hours (NOT verified app formula)
4a230654-886f-4fc0-99ed-f669b07f509f,323c0dff-be56-f6ee-f053-ee37de806dea,01208ba1-4225-4a61-be39-3afe03dad690,RO Water Issues,bd081ad6-5fe3-4c1d-a919-81b1055efa19,2026-07-14 05:34:28.311012,,logs+mt_match,,6,,,Insufficient lifecycle data,insufficient_lifecycle_data,insufficient_lifecycle_data,No closed event yet / open,Reconstructed SLA from ticket_logs lifecycle + issue_types.sla_hours (NOT verified app formula)
ac72e508-b892-459e-8fa3-0ed87a7ab484,aa73cade-c28c-dc5b-5980-55801ea0d415,ec405235-70e9-407e-9aa2-b877f8f36af8,Fridge Issues,bd081ad6-5fe3-4c1d-a919-81b1055efa19,2026-07-22 07:25:11.451425,2026-07-22 11:05:10.773184,logs+mt_match,3.666478266388889,12,8.33352173361111,False,Within SLA,measurable,reconstructed 3.7h vs 12h SLA,OK,Reconstructed SLA from ticket_logs lifecycle + issue_types.sla_hours (NOT verified app formula)
7b5a60ef-d1f2-4f62-943f-59506796ec43,5d204545-2f72-b89b-3190-a826b5ab6512,e2aa2aaa-8af6-4807-9a4e-7665c5421eed,Furniture,bd081ad6-5fe3-4c1d-a919-81b1055efa19,2026-05-28 10:37:20.548140,2026-07-24 04:47:19.827015,logs+mt_match,1362.1664663541667,24,-1338.1664663541667,True,SLA Breached,measurable,reconstructed 1362.2h vs 24h SLA,Review breach — slow resolution for this issue type,Reconstructed SLA from ticket_logs lifecycle + issue_types.sla_hours (NOT verified app formula)
d536308a-d7cc-4c83-a9d6-e86527a6682e,bc7f358d-0d6d-f95f-ff80-9089eefdef69,47389994-b201-4bb1-bf91-8bce4dbde510,Other,bd081ad6-5fe3-4c1d-a919-81b1055efa19,2026-07-22 17:45:21.318165,2026-07-24 16:25:25.589522,logs+mt_match,46.667853154722216,24,-22.667853154722216,True,SLA Breached,measurable,reconstructed 46.7h vs 24h SLA,Review breach — slow resolution for this issue type,Reconstructed SLA from ticket_logs lifecycle + issue_types.sla_hours (NOT verified app formula)
ced847b8-f640-48a0-84d2-c5a97f0d8050,2fc42a4f-fe5a-ae08-0e4e-2c89ca71db85,d76dd3bd-ccb7-4991-a01f-ce158dfe908e,Plumbing,bd081ad6-5fe3-4c1d-a919-81b1055efa19,2026-08-09 13:38:47.188325,,logs+mt_match,,24,,,Insufficient lifecycle data,insufficient_lifecycle_data,insufficient_lifecycle_data,No closed event yet / open,Reconstructed SLA from ticket_logs lifecycle + issue_types.sla_hours (NOT verified app formula)
8d75fa92-677d-4efd-ab0f-c81b150830e1,c2ff0c11-4d1b-7b9b-b93c-aa37c9b6c40b,e2aa2aaa-8af6-4807-9a4e-7665c5421eed,Furniture,bd081ad6-5fe3-4c1d-a919-81b1055efa19,2026-07-19 05:17:26.881676,,logs+mt_match,,24,,,Insufficient lifecycle data,insufficient_lifecycle_data,insufficient_lifecycle_data,No closed event yet / open,Reconstructed SLA from ticket_logs lifecycle + issue_types.sla_hours (NOT verified app formula)
e7593d52-e92f-42a7-99c4-947533f6baeb,fad74a92-8e64-787e-38c3-8ebdb9db6511,e2aa2aaa-8af6-4807-9a4e-7665c5421eed,Furniture,bd081ad6-5fe3-4c1d-a919-81b1055efa19,2026-07-15 05:33:44.347518,2026-07-17 04:40:39.720148,logs+mt_match,47.11538128611111,24,-23.11538128611111,True,SLA Breached,measurable,reconstructed 47.1h vs 24h SLA,Review breach — slow resolution for this issue type,Reconstructed SLA from ticket_logs lifecycle + issue_types.sla_hours (NOT verified app formula)
32a14c06-3cab-4503-98f6-4a02c22f776b,417c9738-a0f7-5a00-1091-37a9fd083dd6,28158382-d5c1-436c-927b-3e3d9855c2af,Electrical Issues,bd081ad6-5fe3-4c1d-a919-81b1055efa19,2026-07-22 06:38:08.350352,,logs+mt_match,,6,,,Insufficient lifecycle data,insufficient_lifecycle_data,insufficient_lifecycle_data,No closed event yet / open,Reconstructed SLA from ticket_logs lifecycle + issue_types.sla_hours (NOT verified app formula)
74c37e82-2a93-41d5-8930-07d0d6ff11ef,dc4adc21-f501-0573-2e9a-d7bbbc89e5d6,28158382-d5c1-436c-927b-3e3d9855c2af,Electrical Issues,bd081ad6-5fe3-4c1d-a919-81b1055efa19,2026-07-19 15:32:31.142492,2026-07-22 18:04:08.102960,logs+mt_match,74.52693346333332,6,-68.52693346333332,True,SLA Breached,measurable,reconstructed 74.5h vs 6h SLA,Review breach — slow resolution for this issue type,Reconstructed SLA from ticket_logs lifecycle + issue_types.sla_hours (NOT verified app formula)
72306fae-1737-4c53-917b-4a0408a78a10,5d204545-2f72-b89b-3190-a826b5ab6512,caf6381e-5189-4c1f-bf0a-4dfd99d9b9e7,Washing machine Issue,bd081ad6-5fe3-4c1d-a919-81b1055efa19,2026-06-28 15:43:24.784149,2026-07-25 18:12:03.712615,logs+mt_match,650.4774801294445,24,-626.4774801294445,True,SLA Breached,measurable,reconstructed 650.5h vs 24h SLA,Review breach — slow resolution for this issue type,Reconstructed SLA from ticket_logs lifecycle + issue_types.sla_hours (NOT verified app formula)
e30e43e2-9262-49e8-b618-095bf27ff69b,bc7f358d-0d6d-f95f-ff80-9089eefdef69,d76dd3bd-ccb7-4991-a01f-ce158dfe908e,Plumbing,bd081ad6-5fe3-4c1d-a919-81b1055efa19,2026-07-22 17:44:23.771246,2026-07-24 16:25:29.483917,logs+mt_match,46.68492018638889,24,-22.684920186388887,True,SLA Breached,measurable,reconstructed 46.7h vs 24h SLA,Review breach — slow resolution for this issue type,Reconstructed SLA from ticket_logs lifecycle + issue_types.sla_hours (NOT verified app formula)
3f7257c9-29d8-41bb-a4d5-18b68bbeba1f,574de174-c7bb-bc11-f282-cff2aa2501c5,28158382-d5c1-436c-927b-3e3d9855c2af,Electrical Issues,bd081ad6-5fe3-4c1d-a919-81b1055efa19,2026-06-08 06:35:24.827841,,logs+mt_match,,6,,,Insufficient lifecycle data,insufficient_lifecycle_data,insufficient_lifecycle_data,No closed event yet / open,Reconstructed SLA from ticket_logs lifecycle + issue_types.sla_hours (NOT verified app formula)
a044c490-ace7-40ff-a104-54f5ea3ae454,77c3a6fd-4651-d880-29aa-abd19c8324df,caf6381e-5189-4c1f-bf0a-4dfd99d9b9e7,Washing machine Issue,bd081ad6-5fe3-4c1d-a919-81b1055efa19,2026-08-10 14:35:35.234426,,logs+mt_match,,24,,,Insufficient lifecycle data,insufficient_lifecycle_data,insufficient_lifecycle_data,No closed event yet / open,Reconstructed SLA from ticket_logs lifecycle + issue_types.sla_hours (NOT verified app formula)
58187d60-a167-4ff1-b719-83401928ff54,d2298bb8-a5e5-735a-c8ca-9b18c7daacd6,a5831922-eaeb-48c2-941c-fd96fae8813d,AC Issues,bd081ad6-5fe3-4c1d-a919-81b1055efa19,2026-04-16 17:08:41.631262,2026-07-28 18:53:36.085053,logs+mt_match,2473.7484593863887,12,-2461.7484593863887,True,SLA Breached,measurable,reconstructed 2473.7h vs 12h SLA,Review breach — slow resolution for this issue type,Reconstructed SLA from ticket_logs lifecycle + issue_types.sla_hours (NOT verified app formula)
87886ad5-efc3-47b9-8ef3-65cef3bd906a,ffbd5fe0-d9b3-cb55-cfd7-2d72a3498109,a5831922-eaeb-48c2-941c-fd96fae8813d,AC Issues,bd081ad6-5fe3-4c1d-a919-81b1055efa19,2026-04-30 18:31:44.465643,2026-07-29 02:23:37.546018,logs+mt_match,2143.8647445486113,12,-2131.8647445486113,True,SLA Breached,measurable,reconstructed 2143.9h vs 12h SLA,Review breach — slow resolution for this issue type,Reconstructed SLA from ticket_logs lifecycle + issue_types.sla_hours (NOT verified app formula)
4530a003-d425-4d3c-be37-5eef89668fa4,fad74a92-8e64-787e-38c3-8ebdb9db6511,47389994-b201-4bb1-bf91-8bce4dbde510,Other,bd081ad6-5fe3-4c1d-a919-81b1055efa19,2026-07-16 12:14:19.554615,2026-08-03 05:56:07.987166,logs+mt_match,425.6967868197222,24,-401.6967868197222,True,SLA Breached,measurable,reconstructed 425.7h vs 24h SLA,Review breach — slow resolution for this issue type,Reconstructed SLA from ticket_logs lifecycle + issue_types.sla_hours (NOT verified app formula)
188b1fdb-205f-470f-b9f4-db6e18d74a41,ffbd5fe0-d9b3-cb55-cfd7-2d72a3498109,47389994-b201-4bb1-bf91-8bce4dbde510,Other,bd081ad6-5fe3-4c1d-a919-81b1055efa19,2026-05-29 13:25:00.927149,2026-07-29 02:23:50.905793,logs+mt_match,1452.9805496233334,24,-1428.9805496233334,True,SLA Breached,measurable,reconstructed 1453.0h vs 24h SLA,Review breach — slow resolution for this issue type,Reconstructed SLA from ticket_logs lifecycle + issue_types.sla_hours (NOT verified app formula)
b9b6ff6a-a698-42ae-b3b3-76647096971e,fb5cedd6-2992-1c62-7fba-4a7a6b43b2ff,d76dd3bd-ccb7-4991-a01f-ce158dfe908e,Plumbing,bd081ad6-5fe3-4c1d-a919-81b1055efa19,2026-06-15 11:53:24.701849,2026-07-29 03:41:21.173227,logs+mt_match,1047.7990198272223,24,-1023.7990198272223,True,SLA Breached,measurable,reconstructed 1047.8h vs 24h SLA,Review breach — slow resolution for this issue type,Reconstructed SLA from ticket_logs lifecycle + issue_types.sla_hours (NOT verified app formula)
7fe2e0cb-2f58-44ae-b927-0f8a9d52a273,b0d4d2c8-f6ee-bc16-ffd7-fc33c8db8571,7917cc13-aaca-4558-a2c2-8be5cd8fc159,Internet Issues,bd081ad6-5fe3-4c1d-a919-81b1055efa19,2026-08-05 14:46:51.291788,2026-08-11 02:10:23.165297,logs+mt_match,131.39218708583334,6,-125.39218708583334,True,SLA Breached,measurable,reconstructed 131.4h vs 6h SLA,Review breach — slow resolution for this issue type,Reconstructed SLA from ticket_logs lifecycle + issue_types.sla_hours (NOT verified app formula)
a99ead9e-4fc7-4128-bf2c-9a69cd0a8215,2fc42a4f-fe5a-ae08-0e4e-2c89ca71db85,a25aca1b-211b-41d3-ab08-78bd2b9541e8,Toilet Issues,bd081ad6-5fe3-4c1d-a919-81b1055efa19,2026-07-28 14:17:38.817531,,logs+mt_match,,4,,,Insufficient lifecycle data,insufficient_lifecycle_data,insufficient_lifecycle_data,No closed event yet / open,Reconstructed SLA from ticket_logs lifecycle + issue_types.sla_hours (NOT verified app formula)
c72ab07c-8f4a-421d-b919-a30f5b493712,188aee4d-68e0-1ddb-38e6-a946bc75072d,d76dd3bd-ccb7-4991-a01f-ce158dfe908e,Plumbing,bd081ad6-5fe3-4c1d-a919-81b1055efa19,2026-07-29 05:46:20.119952,2026-08-02 08:23:30.943024,logs+mt_match,98.61967307555555,24,-74.61967307555555,True,SLA Breached,measurable,reconstructed 98.6h vs 24h SLA,Review breach — slow resolution for this issue type,Reconstructed SLA from ticket_logs lifecycle + issue_types.sla_hours (NOT verified app formula)
be6cb116-57be-4b74-b533-8d55faddb125,b0d4d2c8-f6ee-bc16-ffd7-fc33c8db8571,abc84f5b-a950-406e-ab46-cefbe11df925,Cleaning Issues,bd081ad6-5fe3-4c1d-a919-81b1055efa19,2026-08-11 02:12:50.457747,,logs+mt_match,,4,,,Insufficient lifecycle data,insufficient_lifecycle_data,insufficient_lifecycle_data,No closed event yet / open,Reconstructed SLA from ticket_logs lifecycle + issue_types.sla_hours (NOT verified app formula)
4d818673-1496-448a-854e-3c4f180a1ee3,fb5cedd6-2992-1c62-7fba-4a7a6b43b2ff,7917cc13-aaca-4558-a2c2-8be5cd8fc159,Internet Issues,bd081ad6-5fe3-4c1d-a919-81b1055efa19,2026-05-02 05:07:35.045710,,logs+mt_match,,6,,,Insufficient lifecycle data,insufficient_lifecycle_data,insufficient_lifecycle_data,No closed event yet / open,Reconstructed SLA from ticket_logs lifecycle + issue_types.sla_hours (NOT verified app formula)
d8a3ea93-5c3b-4388-ad6b-03f15dad3785,5d204545-2f72-b89b-3190-a826b5ab6512,47389994-b201-4bb1-bf91-8bce4dbde510,Other,bd081ad6-5fe3-4c1d-a919-81b1055efa19,2026-07-24 04:49:42.536424,,logs+mt_match,,24,,,Insufficient lifecycle data,insufficient_lifecycle_data,insufficient_lifecycle_data,No closed event yet / open,Reconstructed SLA from ticket_logs lifecycle + issue_types.sla_hours (NOT verified app formula)
bd43c120-eb3a-4a87-b4b5-0d005353802b,79853a4a-cb02-508c-e041-7e23378aec9c,a5831922-eaeb-48c2-941c-fd96fae8813d,AC Issues,bd081ad6-5fe3-4c1d-a919-81b1055efa19,2026-07-09 07:42:26.975996,2026-07-30 07:59:06.787284,logs+mt_match,504.2777253577778,12,-492.2777253577778,True,SLA Breached,measurable,reconstructed 504.3h vs 12h SLA,Review breach — slow resolution for this issue type,Reconstructed SLA from ticket_logs lifecycle + issue_types.sla_hours (NOT verified app formula)
ca4014c1-5844-4641-a9c1-8bd02b493575,85292340-826d-52c1-65c7-7f2a9eb2c2c4,47389994-b201-4bb1-bf91-8bce4dbde510,Other,bd081ad6-5fe3-4c1d-a919-81b1055efa19,2026-08-11 05:36:54.807988,,logs+mt_match,,24,,,Insufficient lifecycle data,insufficient_lifecycle_data,insufficient_lifecycle_data,No closed event yet / open,Reconstructed SLA from ticket_logs lifecycle + issue_types.sla_hours (NOT verified app formula)
26be6aa8-b279-407d-b110-7775eb679829,b0d4d2c8-f6ee-bc16-ffd7-fc33c8db8571,01208ba1-4225-4a61-be39-3afe03dad690,RO Water Issues,bd081ad6-5fe3-4c1d-a919-81b1055efa19,2026-08-03 03:09:58.265168,,logs+mt_match,,6,,,Insufficient lifecycle data,insufficient_lifecycle_data,insufficient_lifecycle_data,No closed event yet / open,Reconstructed SLA from ticket_logs lifecycle + issue_types.sla_hours (NOT verified app formula)
8cb5baa2-ecba-4c2a-bb26-fab56d983ce5,03edc7c5-4c46-b55e-523d-9fb7be29910b,a5831922-eaeb-48c2-941c-fd96fae8813d,AC Issues,bd081ad6-5fe3-4c1d-a919-81b1055efa19,2026-07-31 06:17:18.157811,,logs+mt_match,,12,,,Insufficient lifecycle data,insufficient_lifecycle_data,insufficient_lifecycle_data,No closed event yet / open,Reconstructed SLA from ticket_logs lifecycle + issue_types.sla_hours (NOT verified app formula)
f48522e3-b70e-4caf-95c4-4c64695c632a,fb5cedd6-2992-1c62-7fba-4a7a6b43b2ff,7917cc13-aaca-4558-a2c2-8be5cd8fc159,Internet Issues,bd081ad6-5fe3-4c1d-a919-81b1055efa19,2026-07-29 13:56:06.419308,,logs+mt_match,,6,,,Insufficient lifecycle data,insufficient_lifecycle_data,insufficient_lifecycle_data,No closed event yet / open,Reconstructed SLA from ticket_logs lifecycle + issue_types.sla_hours (NOT verified app formula)
eec34706-0960-43e3-816f-be21d2a9a6cd,c17c5093-48b7-139f-ebfc-1cd33ef5179c,ec405235-70e9-407e-9aa2-b877f8f36af8,Fridge Issues,bd081ad6-5fe3-4c1d-a919-81b1055efa19,2026-08-04 16:01:08.180318,,logs+mt_match,,12,,,Insufficient lifecycle data,insufficient_lifecycle_data,insufficient_lifecycle_data,No closed event yet / open,Reconstructed SLA from ticket_logs lifecycle + issue_types.sla_hours (NOT verified app formula)
094ec329-57a6-4e2d-8f07-52e271c7ba66,fb5cedd6-2992-1c62-7fba-4a7a6b43b2ff,7917cc13-aaca-4558-a2c2-8be5cd8fc159,Internet Issues,bd081ad6-5fe3-4c1d-a919-81b1055efa19,2026-07-29 03:42:28.852487,,logs+mt_match,,6,,,Insufficient lifecycle data,insufficient_lifecycle_data,insufficient_lifecycle_data,No closed event yet / open,Reconstructed SLA from ticket_logs lifecycle + issue_types.sla_hours (NOT verified app formula)
87b6f190-5376-4d74-87b4-e738cd61f188,82b270bf-e567-2deb-5ef3-495baafd7645,a5831922-eaeb-48c2-941c-fd96fae8813d,AC Issues,bd081ad6-5fe3-4c1d-a919-81b1055efa19,2026-08-03 07:29:08.546816,,logs+mt_match,,12,,,Insufficient lifecycle data,insufficient_lifecycle_data,insufficient_lifecycle_data,No closed event yet / open,Reconstructed SLA from ticket_logs lifecycle + issue_types.sla_hours (NOT verified app formula)
fe9ab246-7529-4e14-b17d-18d0309e4131,ffbd5fe0-d9b3-cb55-cfd7-2d72a3498109,7917cc13-aaca-4558-a2c2-8be5cd8fc159,Internet Issues,bd081ad6-5fe3-4c1d-a919-81b1055efa19,2026-07-29 02:24:22.368020,,logs+mt_match,,6,,,Insufficient lifecycle data,insufficient_lifecycle_data,insufficient_lifecycle_data,No closed event yet / open,Reconstructed SLA from ticket_logs lifecycle + issue_types.sla_hours (NOT verified app formula)
417b3fc7-935b-4d13-ad86-45eabe00db14,85292340-826d-52c1-65c7-7f2a9eb2c2c4,47389994-b201-4bb1-bf91-8bce4dbde510,Other,bd081ad6-5fe3-4c1d-a919-81b1055efa19,2026-08-11 05:38:26.573637,,logs+mt_match,,24,,,Insufficient lifecycle data,insufficient_lifecycle_data,insufficient_lifecycle_data,No closed event yet / open,Reconstructed SLA from ticket_logs lifecycle + issue_types.sla_hours (NOT verified app formula)
aa847ef5-cce0-4546-a849-20d43ecb9f08,c17c5093-48b7-139f-ebfc-1cd33ef5179c,caf6381e-5189-4c1f-bf0a-4dfd99d9b9e7,Washing machine Issue,bd081ad6-5fe3-4c1d-a919-81b1055efa19,2026-08-04 16:02:24.416944,,logs+mt_match,,24,,,Insufficient lifecycle data,insufficient_lifecycle_data,insufficient_lifecycle_data,No closed event yet / open,Reconstructed SLA from ticket_logs lifecycle + issue_types.sla_hours (NOT verified app formula)
3cb45ade-a1b3-4a3e-a5ad-afb563541fbe,d2298bb8-a5e5-735a-c8ca-9b18c7daacd6,28158382-d5c1-436c-927b-3e3d9855c2af,Electrical Issues,bd081ad6-5fe3-4c1d-a919-81b1055efa19,2026-07-28 18:58:30.196614,,logs+mt_match,,6,,,Insufficient lifecycle data,insufficient_lifecycle_data,insufficient_lifecycle_data,No closed event yet / open,Reconstructed SLA from ticket_logs lifecycle + issue_types.sla_hours (NOT verified app formula)
ad324cb8-a2b5-4f1a-bf19-9d194430678b,b0875d50-a469-821b-57c3-03ac62809198,e2aa2aaa-8af6-4807-9a4e-7665c5421eed,Furniture,bd081ad6-5fe3-4c1d-a919-81b1055efa19,2026-08-02 07:39:41.707038,,logs+mt_match,,24,,,Insufficient lifecycle data,insufficient_lifecycle_data,insufficient_lifecycle_data,No closed event yet / open,Reconstructed SLA from ticket_logs lifecycle + issue_types.sla_hours (NOT verified app formula)
17fe2cf1-0e71-401f-984f-ad4d7ad1e0c0,0a839c14-2a88-9896-c2f2-8d51fe610405,a5831922-eaeb-48c2-941c-fd96fae8813d,AC Issues,bd081ad6-5fe3-4c1d-a919-81b1055efa19,2026-07-28 12:01:58.910321,,logs+mt_match,,12,,,Insufficient lifecycle data,insufficient_lifecycle_data,insufficient_lifecycle_data,No closed event yet / open,Reconstructed SLA from ticket_logs lifecycle + issue_types.sla_hours (NOT verified app formula)
39c0d310-1634-4544-a11f-6e2978cf42c4,bc7f358d-0d6d-f95f-ff80-9089eefdef69,a5831922-eaeb-48c2-941c-fd96fae8813d,AC Issues,bd081ad6-5fe3-4c1d-a919-81b1055efa19,2026-07-24 16:25:52.615333,2026-08-02 05:30:41.275773,logs+mt_match,205.08018345555556,12,-193.08018345555556,True,SLA Breached,measurable,reconstructed 205.1h vs 12h SLA,Review breach — slow resolution for this issue type,Reconstructed SLA from ticket_logs lifecycle + issue_types.sla_hours (NOT verified app formula)
230eeb01-de31-420e-bcc1-9eaee856ece8,fb5cedd6-2992-1c62-7fba-4a7a6b43b2ff,d76dd3bd-ccb7-4991-a01f-ce158dfe908e,Plumbing,bd081ad6-5fe3-4c1d-a919-81b1055efa19,2026-06-15 03:39:37.171003,2026-08-11 06:22:22.310873,logs+mt_match,1370.7125388527777,24,-1346.7125388527777,True,SLA Breached,measurable,reconstructed 1370.7h vs 24h SLA,Review breach — slow resolution for this issue type,Reconstructed SLA from ticket_logs lifecycle + issue_types.sla_hours (NOT verified app formula)
ae295f50-0b70-4196-8d65-0167a77cbbe1,b0875d50-a469-821b-57c3-03ac62809198,a5831922-eaeb-48c2-941c-fd96fae8813d,AC Issues,bd081ad6-5fe3-4c1d-a919-81b1055efa19,2026-07-23 07:56:05.618471,,logs+mt_match,,12,,,Insufficient lifecycle data,insufficient_lifecycle_data,insufficient_lifecycle_data,No closed event yet / open,Reconstructed SLA from ticket_logs lifecycle + issue_types.sla_hours (NOT verified app formula)
b741eb67-7ee0-4f55-b9ab-b99322f2d859,d2298bb8-a5e5-735a-c8ca-9b18c7daacd6,a5831922-eaeb-48c2-941c-fd96fae8813d,AC Issues,bd081ad6-5fe3-4c1d-a919-81b1055efa19,2026-08-04 18:43:24.745907,,logs+mt_match,,12,,,Insufficient lifecycle data,insufficient_lifecycle_data,insufficient_lifecycle_data,No closed event yet / open,Reconstructed SLA from ticket_logs lifecycle + issue_types.sla_hours (NOT verified app formula)
fe56c106-be83-4065-bacb-790bee4ee22f,b0875d50-a469-821b-57c3-03ac62809198,28158382-d5c1-436c-927b-3e3d9855c2af,Electrical Issues,bd081ad6-5fe3-4c1d-a919-81b1055efa19,2026-07-30 17:01:08.357616,2026-08-07 14:31:05.923399,logs+mt_match,189.4993238286111,6,-183.4993238286111,True,SLA Breached,measurable,reconstructed 189.5h vs 6h SLA,Review breach — slow resolution for this issue type,Reconstructed SLA from ticket_logs lifecycle + issue_types.sla_hours (NOT verified app formula)
41ebed29-e7a7-4097-a055-30fb599bd0be,fb5cedd6-2992-1c62-7fba-4a7a6b43b2ff,47389994-b201-4bb1-bf91-8bce4dbde510,Other,bd081ad6-5fe3-4c1d-a919-81b1055efa19,2026-08-11 06:24:26.817263,,logs+mt_match,,24,,,Insufficient lifecycle data,insufficient_lifecycle_data,insufficient_lifecycle_data,No closed event yet / open,Reconstructed SLA from ticket_logs lifecycle + issue_types.sla_hours (NOT verified app formula)
12683646-ca80-4749-baf9-654e9c8c6b08,49ed1c8e-3653-c89b-ec74-16d8e20bb923,abc84f5b-a950-406e-ab46-cefbe11df925,Cleaning Issues,bd081ad6-5fe3-4c1d-a919-81b1055efa19,2026-07-12 05:11:01.489372,,logs+mt_match,,4,,,Insufficient lifecycle data,insufficient_lifecycle_data,insufficient_lifecycle_data,No closed event yet / open,Reconstructed SLA from ticket_logs lifecycle + issue_types.sla_hours (NOT verified app formula)
40746a5e-55d4-43cb-ae82-27d92f2ed6fa,fb5cedd6-2992-1c62-7fba-4a7a6b43b2ff,7917cc13-aaca-4558-a2c2-8be5cd8fc159,Internet Issues,bd081ad6-5fe3-4c1d-a919-81b1055efa19,2026-07-29 13:29:41.799132,2026-08-05 01:59:33.423206,logs+mt_match,156.4976733538889,6,-150.4976733538889,True,SLA Breached,measurable,reconstructed 156.5h vs 6h SLA,Review breach — slow resolution for this issue type,Reconstructed SLA from ticket_logs lifecycle + issue_types.sla_hours (NOT verified app formula)
a314d053-3615-4d81-80cb-094770185f15,bc7f358d-0d6d-f95f-ff80-9089eefdef69,ec405235-70e9-407e-9aa2-b877f8f36af8,Fridge Issues,bd081ad6-5fe3-4c1d-a919-81b1055efa19,2026-08-02 05:31:22.403766,2026-08-02 15:38:59.074939,logs+mt_match,10.126853103611111,12,1.8731468963888886,False,Within SLA,measurable,reconstructed 10.1h vs 12h SLA,OK,Reconstructed SLA from ticket_logs lifecycle + issue_types.sla_hours (NOT verified app formula)
0780c700-c404-4944-abab-6c90a1c92975,10c6863d-07c3-4fc4-94f9-6adc29157ce1,a5831922-eaeb-48c2-941c-fd96fae8813d,AC Issues,bd081ad6-5fe3-4c1d-a919-81b1055efa19,2026-07-28 11:32:39.349589,2026-08-03 07:06:22.062736,logs+mt_match,139.56186476305555,12,-127.56186476305555,True,SLA Breached,measurable,reconstructed 139.6h vs 12h SLA,Review breach — slow resolution for this issue type,Reconstructed SLA from ticket_logs lifecycle + issue_types.sla_hours (NOT verified app formula)
48862e77-53fa-42d1-a7e4-5082320b4b33,82b270bf-e567-2deb-5ef3-495baafd7645,e2aa2aaa-8af6-4807-9a4e-7665c5421eed,Furniture,bd081ad6-5fe3-4c1d-a919-81b1055efa19,2026-07-21 17:55:27.014886,2026-08-03 07:28:12.090403,logs+mt_match,301.5458543102778,24,-277.5458543102778,True,SLA Breached,measurable,reconstructed 301.5h vs 24h SLA,Review breach — slow resolution for this issue type,Reconstructed SLA from ticket_logs lifecycle + issue_types.sla_hours (NOT verified app formula)
67123f11-5721-4f52-950f-d91b623d5cc2,9d5d0096-0b78-a663-1142-be871dfa2bda,a5831922-eaeb-48c2-941c-fd96fae8813d,AC Issues,bd081ad6-5fe3-4c1d-a919-81b1055efa19,2026-07-20 09:29:51.350247,,logs+mt_match,,12,,,Insufficient lifecycle data,insufficient_lifecycle_data,insufficient_lifecycle_data,No closed event yet / open,Reconstructed SLA from ticket_logs lifecycle + issue_types.sla_hours (NOT verified app formula)
03a7cc97-9607-47f9-a7db-581407acc8a4,fb5cedd6-2992-1c62-7fba-4a7a6b43b2ff,abc84f5b-a950-406e-ab46-cefbe11df925,Cleaning Issues,bd081ad6-5fe3-4c1d-a919-81b1055efa19,2026-08-11 06:25:32.533560,,logs+mt_match,,4,,,Insufficient lifecycle data,insufficient_lifecycle_data,insufficient_lifecycle_data,No closed event yet / open,Reconstructed SLA from ticket_logs lifecycle + issue_types.sla_hours (NOT verified app formula)
7556746e-5ab5-45c5-9a9d-bb283b5604dc,5d204545-2f72-b89b-3190-a826b5ab6512,28158382-d5c1-436c-927b-3e3d9855c2af,Electrical Issues,bd081ad6-5fe3-4c1d-a919-81b1055efa19,2026-07-25 18:14:45.506524,,logs+mt_match,,6,,,Insufficient lifecycle data,insufficient_lifecycle_data,insufficient_lifecycle_data,No closed event yet / open,Reconstructed SLA from ticket_logs lifecycle + issue_types.sla_hours (NOT verified app formula)
cd746238-e268-40f5-950a-46720e40182d,574de174-c7bb-bc11-f282-cff2aa2501c5,7917cc13-aaca-4558-a2c2-8be5cd8fc159,Internet Issues,bd081ad6-5fe3-4c1d-a919-81b1055efa19,2026-07-28 07:25:21.222410,,logs+mt_match,,6,,,Insufficient lifecycle data,insufficient_lifecycle_data,insufficient_lifecycle_data,No closed event yet / open,Reconstructed SLA from ticket_logs lifecycle + issue_types.sla_hours (NOT verified app formula)
690ced8f-1267-4d45-b938-e08f24469ebf,5d204545-2f72-b89b-3190-a826b5ab6512,e2aa2aaa-8af6-4807-9a4e-7665c5421eed,Furniture,bd081ad6-5fe3-4c1d-a919-81b1055efa19,2026-07-25 18:17:50.216074,,logs+mt_match,,24,,,Insufficient lifecycle data,insufficient_lifecycle_data,insufficient_lifecycle_data,No closed event yet / open,Reconstructed SLA from ticket_logs lifecycle + issue_types.sla_hours (NOT verified app formula)
4916dbd8-2371-41fd-aae7-9946532592bd,c17c5093-48b7-139f-ebfc-1cd33ef5179c,e2aa2aaa-8af6-4807-9a4e-7665c5421eed,Furniture,bd081ad6-5fe3-4c1d-a919-81b1055efa19,2026-06-12 04:03:25.003711,2026-08-04 15:58:54.613575,logs+mt_match,1283.9248916288889,24,-1259.9248916288889,True,SLA Breached,measurable,reconstructed 1283.9h vs 24h SLA,Review breach — slow resolution for this issue type,Reconstructed SLA from ticket_logs lifecycle + issue_types.sla_hours (NOT verified app formula)
2a619afd-a49f-45c5-a21c-eb85d9784f98,c17c5093-48b7-139f-ebfc-1cd33ef5179c,28158382-d5c1-436c-927b-3e3d9855c2af,Electrical Issues,bd081ad6-5fe3-4c1d-a919-81b1055efa19,2026-06-12 04:01:33.898957,2026-08-04 15:59:07.682573,logs+mt_match,1283.9593843377777,6,-1277.9593843377777,True,SLA Breached,measurable,reconstructed 1284.0h vs 6h SLA,Review breach — slow resolution for this issue type,Reconstructed SLA from ticket_logs lifecycle + issue_types.sla_hours (NOT verified app formula)
938c7806-1f83-4034-a447-087e1dd599b1,c2ff0c11-4d1b-7b9b-b93c-aa37c9b6c40b,a5831922-eaeb-48c2-941c-fd96fae8813d,AC Issues,bd081ad6-5fe3-4c1d-a919-81b1055efa19,2026-06-30 17:06:54.514842,2026-08-04 18:51:39.352019,logs+mt_match,841.7457881047222,12,-829.7457881047222,True,SLA Breached,measurable,reconstructed 841.7h vs 12h SLA,Review breach — slow resolution for this issue type,Reconstructed SLA from ticket_logs lifecycle + issue_types.sla_hours (NOT verified app formula)
81fe6173-32b5-493e-9507-28887275c278,fad74a92-8e64-787e-38c3-8ebdb9db6511,28158382-d5c1-436c-927b-3e3d9855c2af,Electrical Issues,bd081ad6-5fe3-4c1d-a919-81b1055efa19,2026-08-11 08:24:33.918541,,logs+mt_match,,6,,,Insufficient lifecycle data,insufficient_lifecycle_data,insufficient_lifecycle_data,No closed event yet / open,Reconstructed SLA from ticket_logs lifecycle + issue_types.sla_hours (NOT verified app formula)
448b2e41-abe4-42f1-9e4c-dacecd396019,188aee4d-68e0-1ddb-38e6-a946bc75072d,d76dd3bd-ccb7-4991-a01f-ce158dfe908e,Plumbing,bd081ad6-5fe3-4c1d-a919-81b1055efa19,2026-08-03 15:36:09.118178,,logs+mt_match,,24,,,Insufficient lifecycle data,insufficient_lifecycle_data,insufficient_lifecycle_data,No closed event yet / open,Reconstructed SLA from ticket_logs lifecycle + issue_types.sla_hours (NOT verified app formula)
6857ae26-4fb8-4fa9-8386-a7a8942fb816,bc7f358d-0d6d-f95f-ff80-9089eefdef69,47389994-b201-4bb1-bf91-8bce4dbde510,Other,bd081ad6-5fe3-4c1d-a919-81b1055efa19,2026-08-04 19:18:17.177249,,logs+mt_match,,24,,,Insufficient lifecycle data,insufficient_lifecycle_data,insufficient_lifecycle_data,No closed event yet / open,Reconstructed SLA from ticket_logs lifecycle + issue_types.sla_hours (NOT verified app formula)
f4d053ac-3a5f-4d6c-9fe8-ebc83f9c0c4e,c2ff0c11-4d1b-7b9b-b93c-aa37c9b6c40b,54bc37a9-ef71-4e18-b896-593f71b161fa,Heater Issues,bd081ad6-5fe3-4c1d-a919-81b1055efa19,2026-08-04 18:53:35.478500,,logs+mt_match,,12,,,Insufficient lifecycle data,insufficient_lifecycle_data,insufficient_lifecycle_data,No closed event yet / open,Reconstructed SLA from ticket_logs lifecycle + issue_types.sla_hours (NOT verified app formula)
6a3b2950-b756-4c71-9337-6c32a0408c31,bc7f358d-0d6d-f95f-ff80-9089eefdef69,28158382-d5c1-436c-927b-3e3d9855c2af,Electrical Issues,bd081ad6-5fe3-4c1d-a919-81b1055efa19,2026-08-12 06:44:58.439443,,logs+mt_match,,6,,,Insufficient lifecycle data,insufficient_lifecycle_data,insufficient_lifecycle_data,No closed event yet / open,Reconstructed SLA from ticket_logs lifecycle + issue_types.sla_hours (NOT verified app formula)
8ff9e815-22fc-4901-8096-cd2d0ae81176,d2298bb8-a5e5-735a-c8ca-9b18c7daacd6,a5831922-eaeb-48c2-941c-fd96fae8813d,AC Issues,bd081ad6-5fe3-4c1d-a919-81b1055efa19,2026-06-30 19:19:46.863863,,logs+mt_match,,12,,,Insufficient lifecycle data,insufficient_lifecycle_data,insufficient_lifecycle_data,No closed event yet / open,Reconstructed SLA from ticket_logs lifecycle + issue_types.sla_hours (NOT verified app formula)
17d1f848-18a0-4be8-915f-b1bd213b79f3,bc7f358d-0d6d-f95f-ff80-9089eefdef69,a5831922-eaeb-48c2-941c-fd96fae8813d,AC Issues,bd081ad6-5fe3-4c1d-a919-81b1055efa19,2026-08-04 03:11:31.090906,,logs+mt_match,,12,,,Insufficient lifecycle data,insufficient_lifecycle_data,insufficient_lifecycle_data,No closed event yet / open,Reconstructed SLA from ticket_logs lifecycle + issue_types.sla_hours (NOT verified app formula)
3151f7a1-adad-4329-925b-3375c30dae24,8767525e-d22f-a295-bc29-ba104fdc589a,e2aa2aaa-8af6-4807-9a4e-7665c5421eed,Furniture,bd081ad6-5fe3-4c1d-a919-81b1055efa19,2026-07-23 03:41:57.676083,,logs+mt_match,,24,,,Insufficient lifecycle data,insufficient_lifecycle_data,insufficient_lifecycle_data,No closed event yet / open,Reconstructed SLA from ticket_logs lifecycle + issue_types.sla_hours (NOT verified app formula)
8e34dbc4-946b-4970-aecc-e5988930a00b,9d5d0096-0b78-a663-1142-be871dfa2bda,d76dd3bd-ccb7-4991-a01f-ce158dfe908e,Plumbing,bd081ad6-5fe3-4c1d-a919-81b1055efa19,2026-08-03 11:46:34.670040,,logs+mt_match,,24,,,Insufficient lifecycle data,insufficient_lifecycle_data,insufficient_lifecycle_data,No closed event yet / open,Reconstructed SLA from ticket_logs lifecycle + issue_types.sla_hours (NOT verified app formula)
