invoice_id,tenant_id,allotment_id,bmonth,overdue,p_ml,p_base
db40922b-edb8-4232-969d-79f3fa5034e9,0a550b32-ac5f-efb6-6d3b-e9975e20a82d,95855f3f-2de6-4518-923a-d6bb61e6edd7,2024-02,0,0.33169423444496116,0.0
e1fa9719-d8e7-43fa-a63c-981cd903a945,10f3edc6-4b03-b82d-8df1-09ddaf031c0c,d0b11ad6-7841-48cf-82cb-55e373063fac,2024-02,0,0.8606044061362798,0.6
829781cf-414b-4ce3-bb04-0e08b8ada188,18d86801-3cb7-11d4-8b9d-433429296014,9c5f6705-4936-4bf4-91d9-8bd75b4c341b,2024-02,0,0.8780806255622818,0.6388192166698823
5a2a6fa5-e061-435c-8a6b-c06a36ef8901,1fc0c3bb-f35c-8d5d-a4fa-a9c1723cd8ab,da0cb449-71d9-43bd-b4ee-69b6ed8c0f68,2024-02,1,0.9820239597697047,0.4
6043a27b-8ccc-4db5-94c8-4913be88244b,227f376b-633a-5615-5670-c29559d0a08b,b98f8c1f-f2b7-4f45-a583-7bb76e52c466,2024-02,0,0.8780806255622818,0.6388192166698823
6393132e-ac04-4fd1-aa8a-884c4c0c1865,23f7ef5f-6b26-a104-b616-b438d7e9243c,f76d2db9-0af5-4f15-bc7a-29fb9d0d2fa0,2024-02,1,0.999487153093625,1.0
fd993ccc-c435-4f62-ac0f-3c54f9b56303,24ae889b-240e-b064-cfe8-2b27224c15b0,1acb933b-ee06-488d-ae63-6aa49797c684,2024-02,1,0.997588055974475,0.8333333333333334
b13f7283-5071-4d63-b54b-35eed30743e4,2794ccf7-4966-f00d-35d6-34ac17db73ea,29309a70-09a1-4c35-b877-ca27b04ec436,2024-02,1,0.9858860292569849,0.7272727272727273
1e0447ca-c52a-422a-85e4-8dc8d52e894e,28bc36ac-10ee-238f-d3f4-24d10136bbb5,d9d1d753-3cdc-4350-a425-b36a52b7df96,2024-02,1,0.9995982608948789,1.0
f29463d9-83a5-43ab-b67b-4724cb7556c2,2a58151b-3aea-8f37-a254-56432cd03704,6eeeaa8d-a857-4a5d-bc20-06d00edbaedc,2024-02,1,0.9989278421730969,1.0
a3a18bb0-6bfd-4a87-8761-4afafe829999,2d732934-6a6e-e41c-d60c-fd6fe935e3df,e25f1c90-70a9-4888-9ab7-965ce0b58477,2024-02,0,0.3095034779435473,0.125
40e2f38e-0b1d-4fd7-8e96-1dc43b006f92,40a2b6da-1224-e406-7b33-bed31c6f706b,7fe30671-daee-4f76-90ae-6f6c728383b0,2024-02,0,0.11284235671985336,0.6388192166698823
ee77828f-dc30-46bd-8fb7-5baebe6b1ad5,430caea5-4a9a-cf87-274e-54e1547ff83b,baa51bf8-ec5a-4485-9bce-721b5f37edcb,2024-02,1,0.2112027008452935,0.1
e7d2db34-b039-432a-9f42-0422b84929be,4628a4bf-d4c5-9e5d-471c-271b9f3e7d03,460261c6-c1c2-4654-81fa-19637f3602a8,2024-02,0,0.965777114072732,0.5
e4e8896f-3cd9-415c-8d2d-48a68d3f890e,49355947-7605-ec5f-7d81-a6597f38d76b,0318d74f-95a7-4ced-92bb-ded9eb88d273,2024-02,0,0.5981510390095467,0.0
7d0e5389-c262-4307-876f-d71b4fa7f890,5110bc8b-7229-5952-e9db-5feb33391303,02ca5efe-e730-44ed-8213-fb622197978a,2024-02,1,0.679123361418897,0.5
a819f6fd-9220-43b5-b662-248074f9e0ef,5a4bd906-07d0-3c04-680d-6ee01f174660,6eda4f36-5ba8-4b93-b2de-022481039f46,2024-02,1,0.9995982608948789,1.0
c9b954cb-218e-4b11-bc79-f00a88fc2562,5d4122d1-48a3-607c-cb72-e1956caece73,0ab4614a-82b3-4810-b877-e696de754080,2024-02,0,0.6078060018868412,0.0
6e12fa5b-f57b-4e90-a1aa-6222859c0772,60c74b02-d502-8692-0141-b1a796486a11,26ea5f2f-b2ed-4d34-96c4-ba829be1bb0c,2024-02,0,0.8450980439689542,0.5
a743f0f8-6b16-48a0-833c-1204d6d7e500,675d671b-b922-0d97-9c09-357c7a434808,6475a997-0ace-47be-b0b2-03ed67dc3ca5,2024-02,0,0.9694798004946228,0.75
75801fba-2344-4809-bf0c-3c1180e8a6ee,6e78d4b6-a6fd-2857-0e43-fd3dd95ac5d5,5f811af1-7d24-4112-8cad-e7245ea2634a,2024-02,1,0.9991273406147763,0.875
24b172ed-ea79-407d-855f-c56cf470f303,74c6b975-b0ab-c8b3-8acd-2cf53597a72b,ea40fdca-3e27-466c-910c-99fef52b75d6,2024-02,1,0.09166258696128952,0.0
9d74935b-19c2-41d7-ad53-0978768f04ce,79e31f6f-69dc-a40c-27d7-3f076878f83c,a0cd9c66-c067-4001-ad7b-586b6c15537e,2024-02,0,0.5994431669298099,0.6388192166698823
5a55f766-a5cd-4d89-98e3-83e57d128648,81f2f896-343e-d20b-9964-56fe1a515cc4,25ee80b8-cf8c-4ae2-be73-fe7c991751ce,2024-02,1,0.997887045707799,1.0
a49a8e0e-9b72-479c-ba68-414bf5bf1892,855f3f6a-72ae-46f4-4cc2-a9a0d5df5b70,9131c211-f95d-4213-9955-02879ced6aaf,2024-02,0,0.1025233415658861,0.25
83e7cbab-5bdf-4fac-acc9-d3008245f372,89d188b4-94a9-2f97-e068-155ed8ec3f5e,4ba52145-5e19-48d7-ac5d-3c487b6d3eaa,2024-02,0,0.6560263143594643,1.0
2a1aa4be-cb19-4c22-a457-1a0ff5bdfc41,8aacbc78-5e56-b3c0-f8bc-fcb5490b94f3,d06e259b-0f3f-4c09-bc77-00ec39ab5924,2024-02,1,0.9995975791313696,0.5714285714285714
1e092be6-e932-4aaa-8b14-8801a46f05db,950dd22f-78fa-d205-48b3-fe5a5cc7438e,62887698-aebf-475f-9c98-0a212110dd24,2024-02,1,0.9875144175678696,0.4
e526aae9-b267-4a9d-ad7f-19854e6dd5b5,9842fbe1-4d57-13e7-6abf-aed2f18d4ca0,f395ecb5-f67d-431c-8735-291f7a05d552,2024-02,1,0.9970233987197821,0.9166666666666666
d2b0cc22-079e-41d1-b040-78322ed3d576,9c916618-64b4-6c3e-0d5b-d33a42a6b966,298a7c4d-846f-4232-aa3e-ca7136e7ebe0,2024-02,1,0.9151278508042784,0.5
b1856886-fb57-4468-8029-3ecbad698f7f,a38721f4-003a-7262-22a7-44e0f2c0754d,339c2194-5128-4413-ab41-c6c8a8128434,2024-02,1,0.9995306484598016,0.9090909090909091
0a8bdbab-9469-416c-8e35-d3b99e8b54fd,a444fc44-8bca-304d-6698-2eae9037323b,4e99e268-4ae1-4512-ab86-632155c082f6,2024-02,1,0.9991927194744663,1.0
09988b8a-7dc3-4ceb-ad8d-7598ce73b405,a66a39a1-af53-6290-1e0b-7fc51cc20608,f1af4479-259b-4e41-871d-b6bab37db386,2024-02,1,0.9989278421730969,1.0
e3be87a8-9e61-437f-a45d-12d99796108a,a7798da2-f8ee-1840-a1f3-f29a9e764b97,9ffe9701-32ac-461a-b5a1-8bb653d34a4b,2024-02,1,0.7710124317781468,1.0
55654d3f-4e90-4ed5-b2e2-519b99b89eef,a974c0ea-b223-c4ff-2027-207ec4a462ac,59864420-62d6-4d3b-9b98-6872f9821633,2024-02,1,0.998996755852343,0.9090909090909091
169995ae-6002-45d2-b820-b2ef77da5a95,b111e4dd-be1d-2c79-3945-480547761b5f,1e0bb8aa-b4ea-473a-90f7-c89d96df2323,2024-02,1,0.9996713369319369,1.0
aee7b830-ffad-40d4-9870-a55ce9c91b5b,b865619d-9980-0806-c5b5-97fee058322e,296f0113-6916-40f3-8fcc-cd54685de8f3,2024-02,0,0.8841167672247598,0.5
67a2c112-43c4-44a0-82e7-8dca472356f5,c09e703c-d287-38c8-d1c1-239145e17df9,d60bf084-22b7-4aeb-a8fd-b48b4786c6fd,2024-02,1,0.9996478876263382,1.0
f3c410d7-593a-4553-89b4-f0b7d823fd69,c61d6da9-3c3c-ce83-9533-0da9eb03e275,62dc2b76-d436-4b3d-8d68-d366afc0ac24,2024-02,1,0.9868232455561041,0.8571428571428571
5194f081-eefe-429d-8df9-4a2717181405,ca5764bb-68cb-aca1-8368-dc3e80f681ac,d777fad1-3294-45a8-9b9f-a4db1dc1787b,2024-02,1,0.9997177551708843,0.9230769230769231
4138a2de-f993-46e1-81ec-6611364ab352,cf1318a5-0564-4af6-d90e-c3e76de1ef08,5268e485-491e-40b7-942f-61c133c796bb,2024-02,1,0.9989598288871109,0.75
9f7a3798-21c1-4aee-bc53-7a44fdb24981,daebf82e-6f02-d269-4f9f-109f5cc8af3c,26c78af2-e5af-4f4c-af04-ed1e84a9359e,2024-02,1,0.996344036915632,1.0
074fad48-ecd9-4703-98de-780c4f6a55c9,dd81a269-5627-77bf-d8c4-d2e7d309f56e,f6b29b1d-c950-46ae-a66f-fe48ad0eac52,2024-02,1,0.999185355696018,0.625
d3361b02-b847-44d6-92aa-c0e06bcfd89a,df5ea39c-c069-5211-271d-f0d3831adefa,3394785d-ad9b-442e-9c87-3ab4f47b1876,2024-02,0,0.08276615826120994,0.3
dfeb7058-6695-487c-a74c-9b8f9ed56c46,e42a35e1-fb1e-c1c2-3bbc-674788bfa890,3c9eac87-dd0b-49f5-ba27-aae22a7cf629,2024-02,1,0.9975313398041071,0.46153846153846156
08f84743-e14f-4914-bc62-46393fab89b7,e6dde6a9-4da9-d1a2-802a-faf5db207e8e,c7d4572a-4e5f-4f8a-a891-082b31db6c86,2024-02,1,0.9989386242047247,1.0
18836894-6b70-4b20-97e7-268941bb842c,ed39a8a9-4855-634a-3b2b-063622187757,80eee016-bb9d-4eef-ae7d-9dc3447673bf,2024-02,1,0.998793780531956,0.9166666666666666
97c5629e-e73a-4724-adb0-6b006d48459d,0a550b32-ac5f-efb6-6d3b-e9975e20a82d,95855f3f-2de6-4518-923a-d6bb61e6edd7,2024-03,0,0.24941683644421883,0.0
39dc2589-7ec9-4c0e-bfa9-c26902be3d95,10f3edc6-4b03-b82d-8df1-09ddaf031c0c,d0b11ad6-7841-48cf-82cb-55e373063fac,2024-03,0,0.15178203535487828,0.5454545454545454
70889301-24d7-4f1b-9d56-09c7ab12eca4,148cb172-cc40-9c01-ffa5-33aa5d70bad8,3866a820-2b57-4f77-8c55-3c6c7aed2eee,2024-03,1,0.985820649686973,0.6388192166698823
5ae583df-c19b-412a-a754-b341e0ba7b02,148cb172-cc40-9c01-ffa5-33aa5d70bad8,3866a820-2b57-4f77-8c55-3c6c7aed2eee,2024-03,0,0.07018747859434517,1.0
542fe002-ec31-4564-afeb-c089950d0a58,18d86801-3cb7-11d4-8b9d-433429296014,9c5f6705-4936-4bf4-91d9-8bd75b4c341b,2024-03,0,0.5812104853426068,0.0
49e82bfd-0213-48b7-90e1-0a33787a3ff1,1fc0c3bb-f35c-8d5d-a4fa-a9c1723cd8ab,da0cb449-71d9-43bd-b4ee-69b6ed8c0f68,2024-03,1,0.9915315031668699,0.45454545454545453
4c29b1ee-2d4b-4996-8f24-3b978d166fbf,227f376b-633a-5615-5670-c29559d0a08b,b98f8c1f-f2b7-4f45-a583-7bb76e52c466,2024-03,0,0.5812104853426068,0.0
87790070-e002-4357-ac06-3ba4357062f1,23f7ef5f-6b26-a104-b616-b438d7e9243c,f76d2db9-0af5-4f15-bc7a-29fb9d0d2fa0,2024-03,1,0.9999506998470299,1.0
7141e8d1-9018-4f3e-99c6-be4525d1afca,24ae889b-240e-b064-cfe8-2b27224c15b0,1acb933b-ee06-488d-ae63-6aa49797c684,2024-03,1,0.9990701793294482,0.8571428571428571
94e68421-84c5-4eb2-9209-28f0a165e5fb,2794ccf7-4966-f00d-35d6-34ac17db73ea,29309a70-09a1-4c35-b877-ca27b04ec436,2024-03,1,0.941204996132604,0.75
5bb06dac-69c1-4ae1-9ea2-b2d812e8617c,28bc36ac-10ee-238f-d3f4-24d10136bbb5,d9d1d753-3cdc-4350-a425-b36a52b7df96,2024-03,1,0.9984486441680106,1.0
ebae86fa-bac4-4dbd-bfb8-6d985158dba1,2a58151b-3aea-8f37-a254-56432cd03704,6eeeaa8d-a857-4a5d-bc20-06d00edbaedc,2024-03,1,0.9990159446609084,1.0
567dd0db-e08a-46fe-9aa6-2d6ffeb05a25,2d4a776f-2d3b-bce7-f4bb-29b420e033fe,abdf3e08-0e7d-4e9d-939e-2f4b77206a4a,2024-03,1,0.995156079677155,0.5
4e2f37e1-4e55-4c69-999c-2b8100d6d3db,2d732934-6a6e-e41c-d60c-fd6fe935e3df,e25f1c90-70a9-4888-9ab7-965ce0b58477,2024-03,0,0.06022093549782283,0.1111111111111111
4a7da967-7278-4ebf-8dce-c4ba016f2c93,2d732934-6a6e-e41c-d60c-fd6fe935e3df,e25f1c90-70a9-4888-9ab7-965ce0b58477,2024-03,0,0.45763667499211347,0.1111111111111111
8c5d99dc-a46b-4ab3-8701-703101be2290,40a2b6da-1224-e406-7b33-bed31c6f706b,7fe30671-daee-4f76-90ae-6f6c728383b0,2024-03,1,0.8912579659421183,0.0
9f05a7e2-875b-4905-963a-8dd720d770a6,430caea5-4a9a-cf87-274e-54e1547ff83b,baa51bf8-ec5a-4485-9bce-721b5f37edcb,2024-03,0,0.3805262736490585,0.18181818181818182
da346e99-457a-4113-b3a9-f2d2a2c3473f,434d75cb-183a-9772-9088-93a7b3f89d25,68d18f9b-4507-4666-ac72-584dab73def6,2024-03,0,0.9656658362625857,1.0
814f6e49-43f1-4007-a20e-1e383039737b,4628a4bf-d4c5-9e5d-471c-271b9f3e7d03,460261c6-c1c2-4654-81fa-19637f3602a8,2024-03,0,0.6940344415062197,0.45454545454545453
329c97a0-d02c-46de-b60b-cb4c21c0839b,46d94fb9-b4c9-d1a8-0c92-609fafa9901e,ffc3777a-baa2-4d5a-bc63-e6ae4b76fce6,2024-03,1,0.9991731311037102,0.6666666666666666
1c435c5e-f3cf-40fa-b832-ab594d46413c,49355947-7605-ec5f-7d81-a6597f38d76b,0318d74f-95a7-4ced-92bb-ded9eb88d273,2024-03,0,0.05061133443922685,0.0
29cb1b4d-5ac6-43e3-bfc1-7aa46f901780,49cf43d8-a86e-89e5-c138-85e43fd070f0,85e79c68-e122-41a5-8ee1-c3204600babb,2024-03,1,0.9993791678675695,1.0
bf95a98f-9b33-476d-8d7d-d7779e8fd065,5110bc8b-7229-5952-e9db-5feb33391303,02ca5efe-e730-44ed-8213-fb622197978a,2024-03,1,0.9977697639878323,0.6666666666666666
62c7d480-144c-436c-be4b-e66ed472353b,5a4bd906-07d0-3c04-680d-6ee01f174660,6eda4f36-5ba8-4b93-b2de-022481039f46,2024-03,1,0.9981742426612219,1.0
eb41b230-488a-433d-9383-bd0448f4b4a8,5d4122d1-48a3-607c-cb72-e1956caece73,0ab4614a-82b3-4810-b877-e696de754080,2024-03,0,0.4611019913680129,0.0
8e5a75d6-6ee9-40ca-ba38-64d0e61de57a,60c74b02-d502-8692-0141-b1a796486a11,26ea5f2f-b2ed-4d34-96c4-ba829be1bb0c,2024-03,0,0.21784292692483684,0.3333333333333333
088b65e0-d79a-4cbf-a296-06a69a3ba3af,675d671b-b922-0d97-9c09-357c7a434808,6475a997-0ace-47be-b0b2-03ed67dc3ca5,2024-03,1,0.7854458971270479,0.6666666666666666
bb9b64a5-91f8-4f5f-be44-144ce8f11c1c,6ce85c3e-5f40-4297-8c38-22ac7432420e,347e8b01-eb88-45d8-a580-571e195ca777,2024-03,1,0.9670578877285936,1.0
41ba19ac-ca73-4346-8065-71167d583727,6ce85c3e-5f40-4297-8c38-22ac7432420e,347e8b01-eb88-45d8-a580-571e195ca777,2024-03,1,0.8934956881630068,1.0
040fbe16-19b0-4ec0-928b-74bb76fbc399,6e78d4b6-a6fd-2857-0e43-fd3dd95ac5d5,5f811af1-7d24-4112-8cad-e7245ea2634a,2024-03,1,0.9996621053466572,0.8888888888888888
3af178b9-02c7-4ab6-9858-7c5b71c68b63,74c6b975-b0ab-c8b3-8acd-2cf53597a72b,ea40fdca-3e27-466c-910c-99fef52b75d6,2024-03,0,0.7424715050888332,0.25
e6bf6743-9327-4be3-9036-9801be521cc6,79e31f6f-69dc-a40c-27d7-3f076878f83c,a0cd9c66-c067-4001-ad7b-586b6c15537e,2024-03,0,0.19969026379596402,0.0
a9134f7d-eea5-488b-971c-aab2bab6f479,81f2f896-343e-d20b-9964-56fe1a515cc4,25ee80b8-cf8c-4ae2-be73-fe7c991751ce,2024-03,1,0.9992905365858241,1.0
34f41bd7-443f-4f51-88af-6dd088dd3278,855f3f6a-72ae-46f4-4cc2-a9a0d5df5b70,9131c211-f95d-4213-9955-02879ced6aaf,2024-03,0,0.35498897957545283,0.2
f3b94395-44f3-474d-a9c2-c841285857d4,89d188b4-94a9-2f97-e068-155ed8ec3f5e,4ba52145-5e19-48d7-ac5d-3c487b6d3eaa,2024-03,1,0.7483786932993639,0.5
1012e0a4-f0b2-4e4e-87d9-9f475f245b88,8aacbc78-5e56-b3c0-f8bc-fcb5490b94f3,d06e259b-0f3f-4c09-bc77-00ec39ab5924,2024-03,1,0.9994910198028063,0.625
e074a6e9-8551-43a5-b0e1-063f83cf4d1e,950dd22f-78fa-d205-48b3-fe5a5cc7438e,62887698-aebf-475f-9c98-0a212110dd24,2024-03,1,0.9778322984390434,0.45454545454545453
a4891124-7fbc-42ba-96f3-de1e03cbd0c5,9842fbe1-4d57-13e7-6abf-aed2f18d4ca0,f395ecb5-f67d-431c-8735-291f7a05d552,2024-03,1,0.9976685803997396,0.9230769230769231
01858def-dc3d-4026-b94f-939fab6d1992,9c916618-64b4-6c3e-0d5b-d33a42a6b966,298a7c4d-846f-4232-aa3e-ca7136e7ebe0,2024-03,1,0.9973176262563552,0.6666666666666666
7581cb1a-e69b-4895-b7d8-5b8a4fededf1,a38721f4-003a-7262-22a7-44e0f2c0754d,339c2194-5128-4413-ab41-c6c8a8128434,2024-03,1,0.9989976675388124,0.9166666666666666
6d225c35-33c7-498c-871a-56827810888a,a444fc44-8bca-304d-6698-2eae9037323b,4e99e268-4ae1-4512-ab86-632155c082f6,2024-03,1,0.9975302490876203,1.0
d562b0e4-f869-44ca-97c7-51a8348dcafc,a66a39a1-af53-6290-1e0b-7fc51cc20608,f1af4479-259b-4e41-871d-b6bab37db386,2024-03,1,0.999171780698831,1.0
09a4e979-5235-4932-9df5-462dc5ca3023,a7798da2-f8ee-1840-a1f3-f29a9e764b97,9ffe9701-32ac-461a-b5a1-8bb653d34a4b,2024-03,1,0.9996849557560649,1.0
5e22e477-0b20-45ad-8564-a2a31a68e8e5,a974c0ea-b223-c4ff-2027-207ec4a462ac,59864420-62d6-4d3b-9b98-6872f9821633,2024-03,1,0.9992586620756959,0.9166666666666666
16766b27-b994-403c-a3c1-817d2db072b5,ac5ee6bc-de6f-6f5a-a196-731bff043dc7,09848a8b-4b46-4fc9-85b8-9a46fecdd91c,2024-03,0,0.9757287264580115,0.6388192166698823
6c098043-57f5-4714-b92b-3bac082ca5c7,b111e4dd-be1d-2c79-3945-480547761b5f,1e0bb8aa-b4ea-473a-90f7-c89d96df2323,2024-03,1,0.99904035724242,1.0
8c69a4a0-1e0d-4c67-bb56-7ca33e47ad52,b865619d-9980-0806-c5b5-97fee058322e,296f0113-6916-40f3-8fcc-cd54685de8f3,2024-03,1,0.21120796652750656,0.3333333333333333
53e47e44-bad9-47cf-912d-abe251aa3e61,c09e703c-d287-38c8-d1c1-239145e17df9,d60bf084-22b7-4aeb-a8fd-b48b4786c6fd,2024-03,1,0.9995293328928535,1.0
5e992ee0-e37f-40c0-a60d-3e92e3a910ef,c61d6da9-3c3c-ce83-9533-0da9eb03e275,62dc2b76-d436-4b3d-8d68-d366afc0ac24,2024-03,1,0.9979262401110802,0.875
fd5580ea-4c19-409a-bb43-b1209dbe1ff7,ca5764bb-68cb-aca1-8368-dc3e80f681ac,d777fad1-3294-45a8-9b9f-a4db1dc1787b,2024-03,1,0.9946973975617837,0.9285714285714286
a6430e54-cdd0-450a-86f4-9fe6d42bfa23,ca5764bb-68cb-aca1-8368-dc3e80f681ac,cfdd61e6-58ca-48b5-baf8-65e3c4251c0d,2024-03,1,0.9694619485570645,0.9333333333333333
b3aa6d3b-8249-441e-9b93-eaa3b124dbb2,cf1318a5-0564-4af6-d90e-c3e76de1ef08,5268e485-491e-40b7-942f-61c133c796bb,2024-03,1,0.9999402522655455,0.8
d56c140c-7126-43fe-9131-9ef17ae56e95,daebf82e-6f02-d269-4f9f-109f5cc8af3c,26c78af2-e5af-4f4c-af04-ed1e84a9359e,2024-03,1,0.9985888773225013,1.0
c26aabad-3e61-42de-963c-650abc44c115,dd81a269-5627-77bf-d8c4-d2e7d309f56e,f6b29b1d-c950-46ae-a66f-fe48ad0eac52,2024-03,1,0.9998722739564033,0.6666666666666666
297d9d51-5885-4a66-aa1e-315f40f10d00,df5ea39c-c069-5211-271d-f0d3831adefa,3394785d-ad9b-442e-9c87-3ab4f47b1876,2024-03,0,0.04729640473896811,0.2727272727272727
d3de1920-4b8a-4d40-b85c-b40a2d3e27a0,e42a35e1-fb1e-c1c2-3bbc-674788bfa890,3c9eac87-dd0b-49f5-ba27-aae22a7cf629,2024-03,1,0.9983525606086454,0.5
f31f7e70-2b07-4988-9cea-a47e4494c0df,e6dde6a9-4da9-d1a2-802a-faf5db207e8e,c7d4572a-4e5f-4f8a-a891-082b31db6c86,2024-03,1,0.9997984989036509,1.0
185e3f5d-52f6-4fa8-9f1b-60716cbc9b1e,ed39a8a9-4855-634a-3b2b-063622187757,80eee016-bb9d-4eef-ae7d-9dc3447673bf,2024-03,1,0.9708414844069544,0.9230769230769231
b1fa44d5-eba0-47a1-9992-e0c3ac2dfafc,ed39a8a9-4855-634a-3b2b-063622187757,80eee016-bb9d-4eef-ae7d-9dc3447673bf,2024-03,1,0.979301845782583,0.9285714285714286
723e3a13-a966-4332-8493-9c74373f6873,0a550b32-ac5f-efb6-6d3b-e9975e20a82d,95855f3f-2de6-4518-923a-d6bb61e6edd7,2024-04,0,0.03482642869585214,0.0
9e53bd9d-0c59-486b-908d-743d571352a8,10f3edc6-4b03-b82d-8df1-09ddaf031c0c,d0b11ad6-7841-48cf-82cb-55e373063fac,2024-04,1,0.014473041156259034,0.5
d4f86382-8aab-4e1e-a3b4-f4692067e50a,148cb172-cc40-9c01-ffa5-33aa5d70bad8,3866a820-2b57-4f77-8c55-3c6c7aed2eee,2024-04,1,0.4463668952972193,0.5
8c09d356-9674-4371-a42c-6f51a24f005e,18d86801-3cb7-11d4-8b9d-433429296014,9c5f6705-4936-4bf4-91d9-8bd75b4c341b,2024-04,0,0.013594834039235434,0.0
a1b54d92-3465-432a-ad99-4025cf9f0117,1fc0c3bb-f35c-8d5d-a4fa-a9c1723cd8ab,0d1504e1-2884-4dba-97bd-0c3bc37e1669,2024-04,1,0.9607597411825899,0.5
b57fa62a-b094-45e5-841c-3f91771ac439,1fc0c3bb-f35c-8d5d-a4fa-a9c1723cd8ab,da0cb449-71d9-43bd-b4ee-69b6ed8c0f68,2024-04,1,0.9933004241634726,0.5
6078e3d0-f55e-4dbf-b677-e3fb63eb1c9b,227f376b-633a-5615-5670-c29559d0a08b,b98f8c1f-f2b7-4f45-a583-7bb76e52c466,2024-04,0,0.013594834039235434,0.0
5ddba146-6427-4494-9088-413106e79598,23f7ef5f-6b26-a104-b616-b438d7e9243c,f76d2db9-0af5-4f15-bc7a-29fb9d0d2fa0,2024-04,1,0.9998776540391218,1.0
bff09453-1c0a-4065-bb9c-37bdaebef7ad,24ae889b-240e-b064-cfe8-2b27224c15b0,1acb933b-ee06-488d-ae63-6aa49797c684,2024-04,1,0.9998742170631745,0.875
c6fa599a-ba46-4bd3-8749-57e0b47f06a5,2794ccf7-4966-f00d-35d6-34ac17db73ea,29309a70-09a1-4c35-b877-ca27b04ec436,2024-04,1,0.9939420237632306,0.7692307692307693
5130679d-bd21-4f81-8452-f1f286b74239,28bc36ac-10ee-238f-d3f4-24d10136bbb5,d9d1d753-3cdc-4350-a425-b36a52b7df96,2024-04,1,0.9996358358148132,1.0
223db24d-ce33-49b7-9a67-4f22719f8bae,2a58151b-3aea-8f37-a254-56432cd03704,6eeeaa8d-a857-4a5d-bc20-06d00edbaedc,2024-04,1,0.9983604272441314,1.0
a75c15c4-acca-4cb7-a154-c36a024bce1e,2d732934-6a6e-e41c-d60c-fd6fe935e3df,e25f1c90-70a9-4888-9ab7-965ce0b58477,2024-04,1,0.005883214756092373,0.09090909090909091
002ea26e-4eb1-4613-8f46-a9a8e16372bc,40a2b6da-1224-e406-7b33-bed31c6f706b,7fe30671-daee-4f76-90ae-6f6c728383b0,2024-04,0,0.29135405078802523,0.5
83bca761-b41f-4de0-9bce-8e5496100909,430caea5-4a9a-cf87-274e-54e1547ff83b,baa51bf8-ec5a-4485-9bce-721b5f37edcb,2024-04,1,0.04547252399274944,0.16666666666666666
d2a1b17c-f780-4009-80d3-5eee53197e12,4628a4bf-d4c5-9e5d-471c-271b9f3e7d03,460261c6-c1c2-4654-81fa-19637f3602a8,2024-04,0,0.1383686844249094,0.4166666666666667
9f1fe59d-9fc6-4a9d-8028-eadb09ce90c5,49355947-7605-ec5f-7d81-a6597f38d76b,0318d74f-95a7-4ced-92bb-ded9eb88d273,2024-04,0,0.05077633337891394,0.0
149baf9c-8b31-4601-8713-de8c2c294c55,49cf43d8-a86e-89e5-c138-85e43fd070f0,85e79c68-e122-41a5-8ee1-c3204600babb,2024-04,1,0.999716162388709,1.0
6d04a484-b073-4417-8503-9e66d981ce52,4c4ad4c9-59bf-f152-d0ff-6502ec564cc9,91e9c4a4-cf9f-4ea2-bbce-8ca8d01150ff,2024-04,1,0.11483726550990205,0.6388192166698823
04c3da09-8895-403a-b1a5-d921628995bb,4f75b0ca-7bed-c37c-cfd4-1e361a1bb6d4,27553868-e62d-447c-a6cc-4be32f01ab1e,2024-04,0,0.9089189887789025,0.6388192166698823
bf8ef926-f362-497f-9c9a-7e88903f690e,5110bc8b-7229-5952-e9db-5feb33391303,02ca5efe-e730-44ed-8213-fb622197978a,2024-04,1,0.9527867607741406,0.75
78c85ce8-d95e-4df7-ba8a-59b130f2cc68,52bfd1fd-5813-000e-3603-19146a2ecd4e,56498d84-884f-40e1-bd91-cfb6c94eb3f8,2024-04,0,0.48572913563493864,0.6388192166698823
0b075e2f-52f0-4833-8fff-55d9ecfdac2d,52bfd1fd-5813-000e-3603-19146a2ecd4e,56498d84-884f-40e1-bd91-cfb6c94eb3f8,2024-04,0,0.09252322385132045,0.6388192166698823
6b2d4ee4-7148-40ad-9273-969fb36b7772,5a4bd906-07d0-3c04-680d-6ee01f174660,6eda4f36-5ba8-4b93-b2de-022481039f46,2024-04,1,0.9994267748470731,1.0
40bfd461-00c2-45ff-9331-a5f6f9d9f9fc,5a4bd906-07d0-3c04-680d-6ee01f174660,6eda4f36-5ba8-4b93-b2de-022481039f46,2024-04,1,0.9534969043567747,1.0
cb4b8e34-3bdd-4f55-9876-88aa11df5a71,5a80d7c7-f736-71e2-8154-770f5bc72752,b9aaea14-9f05-4cef-bbc9-91fbcabeac1b,2024-04,1,0.9882564904650074,0.6388192166698823
43548c4b-6fc1-4d7e-94bf-8896c61e8a21,5a80d7c7-f736-71e2-8154-770f5bc72752,b9aaea14-9f05-4cef-bbc9-91fbcabeac1b,2024-04,1,0.015479813177810367,1.0
77643407-6d70-4110-afc6-79e6c34163ec,5a80d7c7-f736-71e2-8154-770f5bc72752,b9aaea14-9f05-4cef-bbc9-91fbcabeac1b,2024-04,0,0.015420957359425157,1.0
f7206174-a978-484a-93f7-ba08f356b921,5d4122d1-48a3-607c-cb72-e1956caece73,0ab4614a-82b3-4810-b877-e696de754080,2024-04,0,0.12287544520004842,0.0
92ac21f4-72af-46ec-ac88-1fda9c8e2bb0,60c74b02-d502-8692-0141-b1a796486a11,001e7f96-d222-478b-a502-dbcad1cc96b5,2024-04,0,0.33687157044657495,0.25
d590610d-03d5-4d24-9599-13b8d1ccaed1,61031b0a-ef18-26aa-64b7-d412d7b3d276,99eb3f32-d53e-4470-ab2a-09ed6e9b3872,2024-04,1,0.9746372953063865,0.6388192166698823
b547b124-5c7f-4f79-a952-c42d0420b43e,675d671b-b922-0d97-9c09-357c7a434808,6475a997-0ace-47be-b0b2-03ed67dc3ca5,2024-04,1,0.9797140182186366,0.7
c1b9b3be-dda7-49e5-850c-7b54a2a82f98,6ce85c3e-5f40-4297-8c38-22ac7432420e,347e8b01-eb88-45d8-a580-571e195ca777,2024-04,1,0.984323963027894,1.0
5689803a-01ff-4bdd-9dda-2bfc47e507e6,6ce85c3e-5f40-4297-8c38-22ac7432420e,43dd8c38-f19b-4e75-a934-ec4c973686b9,2024-04,1,0.9950188697620164,1.0
0efd9d94-7842-4f58-be91-339d7f40ebc9,6ce85c3e-5f40-4297-8c38-22ac7432420e,43dd8c38-f19b-4e75-a934-ec4c973686b9,2024-04,1,0.9545202492509585,1.0
d4aa9af6-4650-4262-a5f0-0eb5a2685ecb,6e78d4b6-a6fd-2857-0e43-fd3dd95ac5d5,5f811af1-7d24-4112-8cad-e7245ea2634a,2024-04,1,0.999701944866582,0.9
db963e8b-447d-4755-bf9b-d721fba1807a,74c6b975-b0ab-c8b3-8acd-2cf53597a72b,ea40fdca-3e27-466c-910c-99fef52b75d6,2024-04,1,0.07746270653984685,0.2
249e8a7b-4c54-4b56-9a7c-aabc2ad58ca0,79e31f6f-69dc-a40c-27d7-3f076878f83c,a0cd9c66-c067-4001-ad7b-586b6c15537e,2024-04,0,0.014590452138424768,0.0
087fd196-384e-4d03-bea8-ec9d5eaefeed,81f2f896-343e-d20b-9964-56fe1a515cc4,25ee80b8-cf8c-4ae2-be73-fe7c991751ce,2024-04,1,0.9995012274399797,1.0
1263a59d-d1c8-4c62-8d42-794c0be1038a,8334eb99-0bc0-3c80-9ff8-83bea3d7b5ef,b5ab9368-7ed0-44f4-8281-64ccbef2f8b0,2024-04,0,0.9089189887789025,0.6388192166698823
42b44fe6-bdfd-4229-8e5b-975041effff2,83af11b3-a274-7404-3265-ec658f74f8cf,e6e15dbe-6e1b-451c-b5f1-810b262b5822,2024-04,1,0.9746372953063865,0.6388192166698823
23db88f4-1b66-41b3-afea-358b1b9b1c52,855f3f6a-72ae-46f4-4cc2-a9a0d5df5b70,9131c211-f95d-4213-9955-02879ced6aaf,2024-04,0,0.11587719691181056,0.16666666666666666
7b122482-a5de-4574-b155-50b7652953cd,89d188b4-94a9-2f97-e068-155ed8ec3f5e,4ba52145-5e19-48d7-ac5d-3c487b6d3eaa,2024-04,1,0.890588936250899,0.6666666666666666
cef065b7-6d36-406e-b47c-b5a744c49035,8aacbc78-5e56-b3c0-f8bc-fcb5490b94f3,d06e259b-0f3f-4c09-bc77-00ec39ab5924,2024-04,1,0.9973766433004015,0.6666666666666666
684c8f24-af71-4e0a-9e15-52e0b509c403,8fd367e7-7404-4ef6-530b-a40219a48f1e,5fa9754b-a5a9-4fc6-a683-cb770077bc9c,2024-04,0,0.7317724698406588,0.6388192166698823
5f3e1d8e-1c53-4872-b96e-aa11c8ff141f,92a15096-be1f-4189-9ea8-c333765d732a,a47ad7ef-bedd-401f-989d-7d3b2af250c6,2024-04,1,0.9892899583092075,0.6388192166698823
8a5adf83-0999-45b3-9cff-6152018e9f34,92a15096-be1f-4189-9ea8-c333765d732a,a47ad7ef-bedd-401f-989d-7d3b2af250c6,2024-04,0,0.02892169677823054,1.0
01411bed-ac9d-4513-b18d-8b216f224c2e,93eb3d6a-d35b-ef1f-83b8-7430b6ad1674,c812ba7b-6318-4ce6-b0dd-78749fff30e5,2024-04,0,0.9089189887789025,0.6388192166698823
a05c592a-4011-48b5-ad63-c3c229b63cf7,950dd22f-78fa-d205-48b3-fe5a5cc7438e,62887698-aebf-475f-9c98-0a212110dd24,2024-04,1,0.9929330236171072,0.5
5ecfe298-cf56-4d03-b985-e269534c51e8,9721fe81-75b8-a314-4319-a323cdd3423b,1573f384-8eda-4722-8c9d-fb5824d2d68e,2024-04,1,0.9712377006077836,1.0
ee3f34d8-6150-40c8-944f-62c5d054379b,9721fe81-75b8-a314-4319-a323cdd3423b,1573f384-8eda-4722-8c9d-fb5824d2d68e,2024-04,0,0.6235174992326507,1.0
f3f23b17-36fe-4838-bfa7-020ed61e1549,9842fbe1-4d57-13e7-6abf-aed2f18d4ca0,f395ecb5-f67d-431c-8735-291f7a05d552,2024-04,1,0.9995963765971199,0.9285714285714286
910716d8-57ca-4140-86f9-5198445597bb,9c916618-64b4-6c3e-0d5b-d33a42a6b966,298a7c4d-846f-4232-aa3e-ca7136e7ebe0,2024-04,1,0.9575180638179803,0.75
a1230e9c-c102-412c-8305-1110334a8c26,a38721f4-003a-7262-22a7-44e0f2c0754d,339c2194-5128-4413-ab41-c6c8a8128434,2024-04,1,0.9994482196252445,0.9230769230769231
a945bca0-8d6b-47e1-835f-c322541b8814,a38721f4-003a-7262-22a7-44e0f2c0754d,339c2194-5128-4413-ab41-c6c8a8128434,2024-04,1,0.9095499380247541,0.9285714285714286
0e84fb4e-a2c7-417a-9e47-449804b6079c,a444fc44-8bca-304d-6698-2eae9037323b,4e99e268-4ae1-4512-ab86-632155c082f6,2024-04,1,0.992370340049114,1.0
8f792982-5fdc-4a7d-afcc-ba76e453b7ca,a66a39a1-af53-6290-1e0b-7fc51cc20608,f1af4479-259b-4e41-871d-b6bab37db386,2024-04,1,0.9950602519142306,1.0
8032469f-50c1-4b01-92be-395f550e9f78,a66a39a1-af53-6290-1e0b-7fc51cc20608,efa0d66e-ad3e-4e99-b4ea-e5a7da61f354,2024-04,1,0.9759565418897552,1.0
cc0e2ac5-4c31-4cd1-8871-55f723103724,a7798da2-f8ee-1840-a1f3-f29a9e764b97,9ffe9701-32ac-461a-b5a1-8bb653d34a4b,2024-04,1,0.999463401669188,1.0
d843a1b2-8ba7-4ecc-8d7b-333a7de5e5fa,a974c0ea-b223-c4ff-2027-207ec4a462ac,59864420-62d6-4d3b-9b98-6872f9821633,2024-04,1,0.9995314554276291,0.9230769230769231
840beb50-fd4f-45e2-aef7-f0aee951394b,ac5ee6bc-de6f-6f5a-a196-731bff043dc7,09848a8b-4b46-4fc9-85b8-9a46fecdd91c,2024-04,0,0.6201628379243964,0.0
dd5028a0-5472-4ba6-9bc3-234961cddb41,b111e4dd-be1d-2c79-3945-480547761b5f,1e0bb8aa-b4ea-473a-90f7-c89d96df2323,2024-04,1,0.9992328881193899,1.0
f006b4b4-370d-4a01-97de-f4cfae435304,b865619d-9980-0806-c5b5-97fee058322e,296f0113-6916-40f3-8fcc-cd54685de8f3,2024-04,1,0.5942753091129223,0.5
4353091d-0c1a-4d35-8f51-d919e50be2f9,ba8dd5e0-ed0e-8b6a-7098-2732476feb31,31a1c073-bb44-4019-8548-0c5a8114de7b,2024-04,0,0.11483726550990205,0.6388192166698823
a49f279e-f07b-4bf5-9fe9-95b0300f08e7,c09e703c-d287-38c8-d1c1-239145e17df9,d60bf084-22b7-4aeb-a8fd-b48b4786c6fd,2024-04,1,0.9996832079568522,1.0
ccc4aba3-3d01-420a-bf4a-30b974a230f1,c61d6da9-3c3c-ce83-9533-0da9eb03e275,62dc2b76-d436-4b3d-8d68-d366afc0ac24,2024-04,1,0.9997083629053316,0.8888888888888888
79c356cc-0ff2-4108-9e0a-95aeb12846cf,ca5764bb-68cb-aca1-8368-dc3e80f681ac,d777fad1-3294-45a8-9b9f-a4db1dc1787b,2024-04,1,0.9997316422437629,0.9333333333333333
ecd5c7b0-f741-4c86-a63a-3f71b9f40aa7,cd2c3f97-4df7-b32f-d0c0-12031beae516,1265235c-5696-491b-925f-044ee29ba97e,2024-04,0,0.427760939859527,0.6388192166698823
886c38ff-7e4f-4cd1-a8a8-ef161febcbbc,cf1318a5-0564-4af6-d90e-c3e76de1ef08,5268e485-491e-40b7-942f-61c133c796bb,2024-04,1,0.9999049414398862,0.8333333333333334
afe50752-7aeb-4ef4-beaf-bafef46cddd1,d257c87f-0e42-048c-8409-362e925d86fc,954fff8e-069a-494d-be90-9a5ed01b5fa9,2024-04,0,0.8852446178413388,0.6388192166698823
80aa0a29-64cb-440c-8f53-80daaeda80f3,daebf82e-6f02-d269-4f9f-109f5cc8af3c,26c78af2-e5af-4f4c-af04-ed1e84a9359e,2024-04,0,0.994046660688565,1.0
7e0ca758-5736-45e5-8ac8-587b9d2a3d96,daebf82e-6f02-d269-4f9f-109f5cc8af3c,26c78af2-e5af-4f4c-af04-ed1e84a9359e,2024-04,0,0.8822199677475807,1.0
f3e45e01-cd9f-487c-b297-a6abe41a5070,dd81a269-5627-77bf-d8c4-d2e7d309f56e,f6b29b1d-c950-46ae-a66f-fe48ad0eac52,2024-04,1,0.9999282506708745,0.7
4f84cb8e-217d-4a9e-b18b-7c21b03caee4,df5ea39c-c069-5211-271d-f0d3831adefa,3394785d-ad9b-442e-9c87-3ab4f47b1876,2024-04,0,0.02983822512031238,0.25
e2e5b931-5181-4f24-86a8-7a578fafb20f,e42a35e1-fb1e-c1c2-3bbc-674788bfa890,3c9eac87-dd0b-49f5-ba27-aae22a7cf629,2024-04,1,0.9968116743455196,0.5333333333333333
09072e16-1e37-4260-8baa-8238c8749551,e6dde6a9-4da9-d1a2-802a-faf5db207e8e,c7d4572a-4e5f-4f8a-a891-082b31db6c86,2024-04,1,0.9997836641129303,1.0
a5dca18c-cf0e-471c-a311-13a2a33dca42,ed39a8a9-4855-634a-3b2b-063622187757,80eee016-bb9d-4eef-ae7d-9dc3447673bf,2024-04,1,0.9244451125803475,0.9333333333333333
f133b2aa-f072-41c6-b3b1-eafca8024054,edee54e5-b970-ea10-551f-b156c26d8f0a,72d8dd8f-6a7e-4de5-a46c-ed0f808c288f,2024-04,1,0.9722296054758174,0.6388192166698823
3c0e78d8-3b7e-4a6a-9b4e-b2d6a65b0ef1,0a550b32-ac5f-efb6-6d3b-e9975e20a82d,95855f3f-2de6-4518-923a-d6bb61e6edd7,2024-05,0,0.04281851519478383,0.0
5ee38600-75cf-49e8-bc3b-4a7ebb2219ea,10f3edc6-4b03-b82d-8df1-09ddaf031c0c,d0b11ad6-7841-48cf-82cb-55e373063fac,2024-05,1,0.7146987914237842,0.5384615384615384
dd52341a-55d9-4fab-b50e-9aafa12d3350,148cb172-cc40-9c01-ffa5-33aa5d70bad8,3866a820-2b57-4f77-8c55-3c6c7aed2eee,2024-05,1,0.9999185938327747,0.6666666666666666
b48341f8-7c87-4a82-8129-ae391bcd36a4,18d86801-3cb7-11d4-8b9d-433429296014,9c5f6705-4936-4bf4-91d9-8bd75b4c341b,2024-05,0,0.023548431020580535,0.0
c6744966-4dea-4de4-8212-37ee4a4f250f,1fc0c3bb-f35c-8d5d-a4fa-a9c1723cd8ab,0d1504e1-2884-4dba-97bd-0c3bc37e1669,2024-05,1,0.9993390320007702,0.5714285714285714
9218d0e5-a438-41ec-887e-de51d4a79b94,227f376b-633a-5615-5670-c29559d0a08b,b98f8c1f-f2b7-4f45-a583-7bb76e52c466,2024-05,0,0.023548431020580535,0.0
18730436-8499-40ba-927b-2183ba936595,23f7ef5f-6b26-a104-b616-b438d7e9243c,f76d2db9-0af5-4f15-bc7a-29fb9d0d2fa0,2024-05,1,0.9999158959629872,1.0
a19bc67b-e07d-49fa-837d-7f3b56164516,24ae889b-240e-b064-cfe8-2b27224c15b0,1acb933b-ee06-488d-ae63-6aa49797c684,2024-05,1,0.9998430702430249,0.8888888888888888
ec734f43-95b3-497f-9f50-a6e8bf3e07e7,2794ccf7-4966-f00d-35d6-34ac17db73ea,29309a70-09a1-4c35-b877-ca27b04ec436,2024-05,1,0.9983561493280841,0.7857142857142857
5977ebc9-bc5f-4fe7-b1df-072207061c02,28bc36ac-10ee-238f-d3f4-24d10136bbb5,d9d1d753-3cdc-4350-a425-b36a52b7df96,2024-05,1,0.9997905048737504,1.0
f846a6fb-5ac5-4916-a58e-5897459212ba,2a58151b-3aea-8f37-a254-56432cd03704,6eeeaa8d-a857-4a5d-bc20-06d00edbaedc,2024-05,1,0.9998504336739347,1.0
e44f62bb-6093-42b9-9718-c26d368b5cc3,40a2b6da-1224-e406-7b33-bed31c6f706b,7fe30671-daee-4f76-90ae-6f6c728383b0,2024-05,1,0.05483820404709086,0.3333333333333333
630967dc-2568-4b1a-ba43-e4eabb27420b,430caea5-4a9a-cf87-274e-54e1547ff83b,baa51bf8-ec5a-4485-9bce-721b5f37edcb,2024-05,0,0.0726986423898052,0.23076923076923078
fcf79ced-3bc4-4763-8755-095baa696b4e,4628a4bf-d4c5-9e5d-471c-271b9f3e7d03,460261c6-c1c2-4654-81fa-19637f3602a8,2024-05,1,0.3631998074192737,0.38461538461538464
edaf2772-9b27-4f4a-b993-01ced851bca9,49355947-7605-ec5f-7d81-a6597f38d76b,0318d74f-95a7-4ced-92bb-ded9eb88d273,2024-05,0,0.021642063981232272,0.0
3434b675-df94-48ca-8f10-2d8bf8464945,49cf43d8-a86e-89e5-c138-85e43fd070f0,85e79c68-e122-41a5-8ee1-c3204600babb,2024-05,1,0.9974118377430132,1.0
05cde7f7-f461-4414-b774-746a88451f3f,4c4ad4c9-59bf-f152-d0ff-6502ec564cc9,91e9c4a4-cf9f-4ea2-bbce-8ca8d01150ff,2024-05,1,0.998062483372474,1.0
247f0cdb-add3-41fe-a1df-b336fd6ea6a0,4cf13b7d-67b4-87af-6795-b532998a9b0d,924c2996-22b9-4f75-a760-a40afe04263f,2024-05,0,0.07966503940360166,0.6388192166698823
a3948635-f195-4043-825f-c62e4b55752c,4f75b0ca-7bed-c37c-cfd4-1e361a1bb6d4,27553868-e62d-447c-a6cc-4be32f01ab1e,2024-05,0,0.12597460043575473,0.0
f1e77904-34dd-4fac-bc2b-74428784c592,5110bc8b-7229-5952-e9db-5feb33391303,02ca5efe-e730-44ed-8213-fb622197978a,2024-05,1,0.9806854091692747,0.8
c3af7742-906b-49d5-92ff-33595da73dec,52bfd1fd-5813-000e-3603-19146a2ecd4e,56498d84-884f-40e1-bd91-cfb6c94eb3f8,2024-05,1,0.4261688546513595,0.0
6d9ed44c-dca0-4e80-bcd7-aead1a99ceb4,5a4bd906-07d0-3c04-680d-6ee01f174660,6eda4f36-5ba8-4b93-b2de-022481039f46,2024-05,1,0.9995574562886448,1.0
6a9f3843-f20b-4617-b797-66e1c327de1e,5a80d7c7-f736-71e2-8154-770f5bc72752,655866ca-fb62-4a05-a3eb-bccb8a53adac,2024-05,1,0.9664504488087635,0.6666666666666666
992e69c7-a925-4963-a934-589a90248fb8,5d4122d1-48a3-607c-cb72-e1956caece73,0ab4614a-82b3-4810-b877-e696de754080,2024-05,0,0.15654427747414384,0.0
b5104057-5401-4c06-8ab3-8c4dfbda4126,60c74b02-d502-8692-0141-b1a796486a11,001e7f96-d222-478b-a502-dbcad1cc96b5,2024-05,0,0.07687322515205762,0.2
5745ee8e-3797-43af-8e1c-e3ed957b1fad,60c74b02-d502-8692-0141-b1a796486a11,26ea5f2f-b2ed-4d34-96c4-ba829be1bb0c,2024-05,1,0.16308144802290636,0.2
b9833994-e347-4ef7-b1c3-f840c24f7d05,61031b0a-ef18-26aa-64b7-d412d7b3d276,99eb3f32-d53e-4470-ab2a-09ed6e9b3872,2024-05,0,0.777573026278089,1.0
b68a8afb-feba-4cdf-bd16-59781bdacfad,675d671b-b922-0d97-9c09-357c7a434808,6475a997-0ace-47be-b0b2-03ed67dc3ca5,2024-05,1,0.9782374242563836,0.7272727272727273
00fd3c4a-2e97-49f4-9cc6-6b36a46fd1e6,6ce85c3e-5f40-4297-8c38-22ac7432420e,43dd8c38-f19b-4e75-a934-ec4c973686b9,2024-05,1,0.9996315947467692,1.0
40a23822-beff-4c1a-be5a-55faadb6e21f,6dd50e39-9843-4442-cc09-3b49fbe97fb9,874b3b50-b801-4e30-a0a9-808746433886,2024-05,0,0.04057853302093214,0.6388192166698823
e0eb81dc-7096-4fd5-a8ec-b92f95a9a93b,6e78d4b6-a6fd-2857-0e43-fd3dd95ac5d5,5f811af1-7d24-4112-8cad-e7245ea2634a,2024-05,1,0.9994788335865373,0.9090909090909091
fc7f607e-2a26-4e3d-9d0e-3cac2005cce9,6e83fcb8-4992-041a-cc06-1dd780a369bd,128d1130-7d0e-426e-9622-a3535454c173,2024-05,0,0.21924949012873368,0.6388192166698823
de577289-8507-464d-aeec-841e68349a97,6e83fcb8-4992-041a-cc06-1dd780a369bd,128d1130-7d0e-426e-9622-a3535454c173,2024-05,0,0.14266440269057712,0.6388192166698823
2c211c1a-0d6a-4fcc-9fa3-0660834b767f,74c6b975-b0ab-c8b3-8acd-2cf53597a72b,ea40fdca-3e27-466c-910c-99fef52b75d6,2024-05,0,0.4574539605224366,0.3333333333333333
79c25754-9588-4fec-9774-d839e01d1865,79e31f6f-69dc-a40c-27d7-3f076878f83c,a0cd9c66-c067-4001-ad7b-586b6c15537e,2024-05,0,0.026470666199423665,0.0
e26b217f-f98e-4bd0-ba0d-8d400188557a,81f2f896-343e-d20b-9964-56fe1a515cc4,25ee80b8-cf8c-4ae2-be73-fe7c991751ce,2024-05,1,0.999543099908485,1.0
a17f320d-d2f3-4c10-94c1-ba9eb2b96aff,8208282e-43b7-930c-251f-223cdeecd947,3b1a2c86-d73f-4573-8cf4-712db5199f67,2024-05,0,0.16057050894734537,0.6388192166698823
1b7ba2f8-884b-401f-8d4f-1c430d676b77,8334eb99-0bc0-3c80-9ff8-83bea3d7b5ef,b5ab9368-7ed0-44f4-8281-64ccbef2f8b0,2024-05,0,0.1373070429439683,0.0
c5acaab2-8ffa-49b2-a91e-b91dbfaf21c6,83af11b3-a274-7404-3265-ec658f74f8cf,e6e15dbe-6e1b-451c-b5f1-810b262b5822,2024-05,0,0.1759995167568773,1.0
eb7e7aa5-d109-4c23-92ad-e26440040047,855f3f6a-72ae-46f4-4cc2-a9a0d5df5b70,9131c211-f95d-4213-9955-02879ced6aaf,2024-05,0,0.25219363190883637,0.14285714285714285
4dfd8b8a-b380-46b0-8d31-c124e9af4eb2,8aacbc78-5e56-b3c0-f8bc-fcb5490b94f3,d06e259b-0f3f-4c09-bc77-00ec39ab5924,2024-05,1,0.99813943041736,0.7
c5f6fd45-6c88-40ca-b63a-085e7ab630bd,8fd367e7-7404-4ef6-530b-a40219a48f1e,b617d658-932d-4a8c-8eda-94e28f4bbdc7,2024-05,1,0.25561657677856914,0.0
8cebbd2f-753d-4491-8593-be5afb729976,8fd367e7-7404-4ef6-530b-a40219a48f1e,5fa9754b-a5a9-4fc6-a683-cb770077bc9c,2024-05,0,0.23132743340161563,0.0
17e127ec-b60e-49c3-a70a-2fed149af7ea,92a15096-be1f-4189-9ea8-c333765d732a,6e1472bb-6002-4892-99e0-a2cb506ec54c,2024-05,0,0.8025329999539158,0.5
420d50ac-c022-4703-99bb-97dd9f64ab07,93eb3d6a-d35b-ef1f-83b8-7430b6ad1674,c812ba7b-6318-4ce6-b0dd-78749fff30e5,2024-05,0,0.1634282048352509,0.0
8bf527fc-05f9-424d-b492-02ff8f937987,950dd22f-78fa-d205-48b3-fe5a5cc7438e,62887698-aebf-475f-9c98-0a212110dd24,2024-05,1,0.9989357316938207,0.5384615384615384
82269ced-63d0-4e3d-9793-214a0d6063dc,9721fe81-75b8-a314-4319-a323cdd3423b,1573f384-8eda-4722-8c9d-fb5824d2d68e,2024-05,1,0.8868563045955126,0.6666666666666666
c416fe42-2b82-4043-82ab-e1199aa887fe,9721fe81-75b8-a314-4319-a323cdd3423b,46f10580-1d5d-4bb1-9cef-e69ea1f0bd54,2024-05,1,0.9890488632067812,0.6666666666666666
e3710006-5d58-47bf-8176-e0d8b764a830,9842fbe1-4d57-13e7-6abf-aed2f18d4ca0,f395ecb5-f67d-431c-8735-291f7a05d552,2024-05,1,0.995902480493958,0.9333333333333333
d83f36d9-4609-40a6-91ef-1027797d3d7d,9c916618-64b4-6c3e-0d5b-d33a42a6b966,298a7c4d-846f-4232-aa3e-ca7136e7ebe0,2024-05,0,0.9642495066045832,0.8
cf647502-cacb-4244-b663-a802fdfd973a,a38721f4-003a-7262-22a7-44e0f2c0754d,339c2194-5128-4413-ab41-c6c8a8128434,2024-05,1,0.9993712046244012,0.9333333333333333
bb8d1207-cf20-48b5-88ae-a2e7d6f6f552,a444fc44-8bca-304d-6698-2eae9037323b,4e99e268-4ae1-4512-ab86-632155c082f6,2024-05,1,0.978190412812925,1.0
5dfbce1c-8611-4311-8a61-5512ac862280,a66a39a1-af53-6290-1e0b-7fc51cc20608,efa0d66e-ad3e-4e99-b4ea-e5a7da61f354,2024-05,1,0.9947647835387072,1.0
91165ebf-1149-4120-a9b4-499741d8d65d,a66a39a1-af53-6290-1e0b-7fc51cc20608,f1af4479-259b-4e41-871d-b6bab37db386,2024-05,1,0.9971576158853195,1.0
3923199d-392e-4000-9e7e-929a1a416651,a7798da2-f8ee-1840-a1f3-f29a9e764b97,9ffe9701-32ac-461a-b5a1-8bb653d34a4b,2024-05,1,0.9997649905303085,1.0
fed83189-3101-454f-bb35-ae9059d9b908,a974c0ea-b223-c4ff-2027-207ec4a462ac,59864420-62d6-4d3b-9b98-6872f9821633,2024-05,1,0.999901529545453,0.9285714285714286
b3d4a295-cb5d-47ba-a301-a55208dff954,ac5ee6bc-de6f-6f5a-a196-731bff043dc7,09848a8b-4b46-4fc9-85b8-9a46fecdd91c,2024-05,1,0.18082069323876646,0.0
0a16e001-fdc6-47c0-ac3d-e5cb6679297e,b111e4dd-be1d-2c79-3945-480547761b5f,1e0bb8aa-b4ea-473a-90f7-c89d96df2323,2024-05,1,0.9998497389886625,1.0
52c87864-cc37-4fda-b2b1-8c4c62fded2c,b19dfc6c-a5d5-734c-3d3d-6389c281b3bb,2ddbff71-425b-4f25-a932-e1bf574b2035,2024-05,0,0.07966503940360166,0.6388192166698823
bf3f4980-acfa-4061-9552-ed812dd6bfba,b865619d-9980-0806-c5b5-97fee058322e,296f0113-6916-40f3-8fcc-cd54685de8f3,2024-05,1,0.9133836973866376,0.6
88f3582d-1f4f-4d16-9f8c-2b674bc7c8ed,ba8dd5e0-ed0e-8b6a-7098-2732476feb31,31a1c073-bb44-4019-8548-0c5a8114de7b,2024-05,0,0.013837457186858146,0.0
b0fd7fe9-cd8b-45ea-88d1-916cc73c5d94,bedf1700-eff3-152d-874d-4c22af0d3a50,3da3ab8f-68d6-4938-b8fd-1e3cab1a6464,2024-05,1,0.9740620271210771,0.6388192166698823
5cb7ad0d-df5d-4f16-8463-a33ec8fb3685,bedf1700-eff3-152d-874d-4c22af0d3a50,3da3ab8f-68d6-4938-b8fd-1e3cab1a6464,2024-05,0,0.1897498060450814,1.0
d83d75e3-bd0c-45a4-a4f2-2bf0425a2b46,c09e703c-d287-38c8-d1c1-239145e17df9,d60bf084-22b7-4aeb-a8fd-b48b4786c6fd,2024-05,1,0.9995449643347084,1.0
434af2cd-1f4f-4f08-b98a-e3fe12289443,c1113615-d2d6-1d6e-f618-c62e1d2af8de,5fcd5e70-7cdf-48fb-ad7e-d00f6d055871,2024-05,1,0.948882725796618,1.0
60dc5075-e894-4b33-ba50-0aa4e3b0bba9,c1113615-d2d6-1d6e-f618-c62e1d2af8de,5fcd5e70-7cdf-48fb-ad7e-d00f6d055871,2024-05,0,0.9102170776255748,1.0
213aa927-4a7f-4020-bd64-21cf3d4f9f54,c61d6da9-3c3c-ce83-9533-0da9eb03e275,62dc2b76-d436-4b3d-8d68-d366afc0ac24,2024-05,1,0.9996120126213656,0.9
98ea6592-7c11-47bd-8633-1a14d7df0655,ca5764bb-68cb-aca1-8368-dc3e80f681ac,d777fad1-3294-45a8-9b9f-a4db1dc1787b,2024-05,1,0.9997504244621641,0.9411764705882353
e446a15d-805d-4e90-98b9-23384fedde2b,cd2c3f97-4df7-b32f-d0c0-12031beae516,1265235c-5696-491b-925f-044ee29ba97e,2024-05,0,0.28868034002082205,0.0
a69e88e0-b908-40b0-bbb8-857afffdf584,cf1318a5-0564-4af6-d90e-c3e76de1ef08,5268e485-491e-40b7-942f-61c133c796bb,2024-05,1,0.999860364669459,0.8571428571428571
c3e07d61-d326-4b50-b868-4059b97970ef,d257c87f-0e42-048c-8409-362e925d86fc,597c2d33-b758-4acd-811b-c7b22289dcbc,2024-05,0,0.08788374112661672,0.0
95f5ef72-be46-4d91-b964-8f1e177593ba,daebf82e-6f02-d269-4f9f-109f5cc8af3c,26c78af2-e5af-4f4c-af04-ed1e84a9359e,2024-05,1,0.8481434130433083,0.8571428571428571
bb7d2d37-add0-4d2c-881f-bb9b0f0f5872,dd81a269-5627-77bf-d8c4-d2e7d309f56e,f6b29b1d-c950-46ae-a66f-fe48ad0eac52,2024-05,1,0.9997773098081268,0.7272727272727273
3f5f5d4a-67b2-4571-8489-bb1b7bd1ae73,df5ea39c-c069-5211-271d-f0d3831adefa,3394785d-ad9b-442e-9c87-3ab4f47b1876,2024-05,0,0.02180473698325478,0.23076923076923078
f3f456e5-cf20-4ae8-9d9a-a3e0c4242cc0,e42a35e1-fb1e-c1c2-3bbc-674788bfa890,3c9eac87-dd0b-49f5-ba27-aae22a7cf629,2024-05,1,0.996271650894235,0.5625
3ac80f96-ad88-49da-a5c0-86b8d4ff4651,e6dde6a9-4da9-d1a2-802a-faf5db207e8e,c7d4572a-4e5f-4f8a-a891-082b31db6c86,2024-05,1,0.9997749036122926,1.0
d7ada41b-13b7-48c6-b878-5063c324d648,edee54e5-b970-ea10-551f-b156c26d8f0a,8a561990-e50b-4b93-b48e-7ee8bf0fbc67,2024-05,1,0.875386283729624,1.0
97440eb9-eaa1-4d7f-a456-36ef332d024b,0632e1c8-fb91-3269-00af-8a625740b33a,db29fb51-7937-47b8-89ae-a76c37602092,2024-06,0,0.03514593630102385,0.6388192166698823
a49d29e0-9adb-4ca8-be76-0495ea26924d,0a550b32-ac5f-efb6-6d3b-e9975e20a82d,95855f3f-2de6-4518-923a-d6bb61e6edd7,2024-06,0,0.021266563159051524,0.0
9c5f9055-3289-46ea-bf0d-9806d631348f,10f3edc6-4b03-b82d-8df1-09ddaf031c0c,d0b11ad6-7841-48cf-82cb-55e373063fac,2024-06,1,0.8612382824391395,0.5714285714285714
b87b0c90-5a93-44bd-b9e5-09d910bd678f,146a8458-f956-54ed-317f-b99f7d16fff8,9698da1c-596f-48ae-8618-16b9c409f192,2024-06,1,0.9084452869879412,0.6388192166698823
28916099-fbef-4be6-8704-10b45a3d2fac,148cb172-cc40-9c01-ffa5-33aa5d70bad8,3866a820-2b57-4f77-8c55-3c6c7aed2eee,2024-06,1,0.9991794730721444,0.75
e8fe4574-4d50-449e-852b-c261a3ebcb71,18788fe2-f6a2-826e-2199-6cec118c6d00,6a5d492b-8175-4c5d-86ac-ff94ea72d963,2024-06,1,0.9114899149507364,0.6388192166698823
4e98b214-ac39-408c-bd66-206e5e655a99,18d86801-3cb7-11d4-8b9d-433429296014,9c5f6705-4936-4bf4-91d9-8bd75b4c341b,2024-06,0,0.016896082728582635,0.0
0630a50d-f234-40a3-8679-320688629627,1fc0c3bb-f35c-8d5d-a4fa-a9c1723cd8ab,0d1504e1-2884-4dba-97bd-0c3bc37e1669,2024-06,1,0.9996417710055355,0.6
84d86e0a-fce4-4a16-84b0-4500c6856edf,227f376b-633a-5615-5670-c29559d0a08b,b98f8c1f-f2b7-4f45-a583-7bb76e52c466,2024-06,0,0.016896082728582635,0.0
75c89767-a272-4540-9403-4741115ffa7a,24ae889b-240e-b064-cfe8-2b27224c15b0,1acb933b-ee06-488d-ae63-6aa49797c684,2024-06,1,0.9998803544747461,0.9
7d73cb36-e63c-4705-96bb-000438e027cd,25b63db3-6d1d-cb00-d25c-dfd8b4b17909,323f67cc-5fe8-4e19-89b1-838f908c4f0a,2024-06,1,0.8447243864408387,0.6388192166698823
8e62df91-ace3-42bb-aa62-0c7d61b30bd5,25b63db3-6d1d-cb00-d25c-dfd8b4b17909,323f67cc-5fe8-4e19-89b1-838f908c4f0a,2024-06,0,0.015451659431076006,1.0
e31bf43b-a47f-44a5-90f4-fcee7e3db772,2794ccf7-4966-f00d-35d6-34ac17db73ea,29309a70-09a1-4c35-b877-ca27b04ec436,2024-06,1,0.9987767016173111,0.8
1cdaf18c-f22a-42a9-a65e-6abbde6b0ca9,28bc36ac-10ee-238f-d3f4-24d10136bbb5,d9d1d753-3cdc-4350-a425-b36a52b7df96,2024-06,1,0.9991558513664447,1.0
49ac3977-e11d-4585-886a-74a1264b6141,2a58151b-3aea-8f37-a254-56432cd03704,6eeeaa8d-a857-4a5d-bc20-06d00edbaedc,2024-06,1,0.9823631651444936,1.0
e9a90e08-6b8b-4229-8baf-621165839d4e,40a2b6da-1224-e406-7b33-bed31c6f706b,7fe30671-daee-4f76-90ae-6f6c728383b0,2024-06,1,0.4160751873570043,0.5
fd183fb7-1b83-4244-af05-8faa42360e2a,430caea5-4a9a-cf87-274e-54e1547ff83b,baa51bf8-ec5a-4485-9bce-721b5f37edcb,2024-06,0,0.12294089279572962,0.21428571428571427
8caba7eb-0aa6-4dff-9385-067a30883e37,4628a4bf-d4c5-9e5d-471c-271b9f3e7d03,460261c6-c1c2-4654-81fa-19637f3602a8,2024-06,0,0.5490999844896037,0.42857142857142855
7095ace8-1559-4013-9887-a41dffd8b702,49355947-7605-ec5f-7d81-a6597f38d76b,0318d74f-95a7-4ced-92bb-ded9eb88d273,2024-06,0,0.02405570631896815,0.0
62c4cc0d-c0df-4a76-b235-3958224c6286,4c4ad4c9-59bf-f152-d0ff-6502ec564cc9,91e9c4a4-cf9f-4ea2-bbce-8ca8d01150ff,2024-06,1,0.9990872631982922,1.0
bed3b1e6-ae92-49be-ad63-a0fa859c925c,4cf13b7d-67b4-87af-6795-b532998a9b0d,924c2996-22b9-4f75-a760-a40afe04263f,2024-06,1,0.012737861666655602,0.0
b136a272-7d20-4d4a-a3c5-e41237bd2aa8,4f75b0ca-7bed-c37c-cfd4-1e361a1bb6d4,27553868-e62d-447c-a6cc-4be32f01ab1e,2024-06,1,0.03183280712622899,0.0
c8b8e319-0bca-4a54-ba96-9b223864e5ad,5110bc8b-7229-5952-e9db-5feb33391303,02ca5efe-e730-44ed-8213-fb622197978a,2024-06,1,0.7912382520597704,0.8333333333333334
1ba84add-0b59-40ef-9009-353b74f49bb3,52bfd1fd-5813-000e-3603-19146a2ecd4e,56498d84-884f-40e1-bd91-cfb6c94eb3f8,2024-06,1,0.08413693149667552,0.3333333333333333
19235906-1417-4121-8322-dcbfd46a0651,546aae84-2600-f943-b571-67441bea409a,52d6aec0-5afc-4403-ac70-23cf15308741,2024-06,0,0.026238532642384828,0.6388192166698823
d79932bc-d75f-40fb-a9fd-9d2eced9bf54,5a1e4739-df51-1e97-95c7-31602fc06832,ab42acef-df0d-4f2b-9def-a961cdf6c003,2024-06,1,0.9407370401651935,0.6388192166698823
a5cf74f0-c26f-49d1-9b1a-f5d603ea3eb2,5a4bd906-07d0-3c04-680d-6ee01f174660,6eda4f36-5ba8-4b93-b2de-022481039f46,2024-06,1,0.9989053641672558,1.0
73624be1-3791-4bc6-a6a5-359c76ae1249,5a80d7c7-f736-71e2-8154-770f5bc72752,655866ca-fb62-4a05-a3eb-bccb8a53adac,2024-06,1,0.850491473280733,0.75
5288f2fe-f93f-4581-8237-333272889915,5d4122d1-48a3-607c-cb72-e1956caece73,0ab4614a-82b3-4810-b877-e696de754080,2024-06,0,0.1352756237806528,0.0
b1b24813-71cb-42e1-b40f-b77d98db68c9,60c74b02-d502-8692-0141-b1a796486a11,001e7f96-d222-478b-a502-dbcad1cc96b5,2024-06,1,0.9758492870452975,0.2857142857142857
0e0a84aa-be4c-497a-8f0f-456e3a5f65a3,61031b0a-ef18-26aa-64b7-d412d7b3d276,99eb3f32-d53e-4470-ab2a-09ed6e9b3872,2024-06,1,0.13433086788105703,0.5
510fb665-3f51-4a23-8233-033ba07685aa,675d671b-b922-0d97-9c09-357c7a434808,6475a997-0ace-47be-b0b2-03ed67dc3ca5,2024-06,1,0.822766762370295,0.75
cde7a9cd-2f79-49e5-9e33-3a0957e98b31,675d671b-b922-0d97-9c09-357c7a434808,c0d5ac03-c532-4c77-b4d1-1c695192a063,2024-06,1,0.9034647924695062,0.75
c353a37d-31d5-4f97-aab6-95a34252c087,6ce85c3e-5f40-4297-8c38-22ac7432420e,43dd8c38-f19b-4e75-a934-ec4c973686b9,2024-06,1,0.9996023866975919,1.0
58527bef-5342-447b-9a74-017206610d92,6dd50e39-9843-4442-cc09-3b49fbe97fb9,874b3b50-b801-4e30-a0a9-808746433886,2024-06,0,0.004462965734645798,0.0
6ccdc080-5ca6-4486-8aff-79581bf54b12,6e78d4b6-a6fd-2857-0e43-fd3dd95ac5d5,5f811af1-7d24-4112-8cad-e7245ea2634a,2024-06,1,0.9694009312704327,0.9166666666666666
ddd8b61d-9f70-496e-8627-90ea81553114,6e83fcb8-4992-041a-cc06-1dd780a369bd,128d1130-7d0e-426e-9622-a3535454c173,2024-06,1,0.004958145904199235,0.0
e30164e0-c312-401e-b8a6-65c28002060e,74c6b975-b0ab-c8b3-8acd-2cf53597a72b,ea40fdca-3e27-466c-910c-99fef52b75d6,2024-06,0,0.7977785063532465,0.2857142857142857
519ad8de-fcb0-44f7-9996-e7bbdc80cae7,74c6b975-b0ab-c8b3-8acd-2cf53597a72b,ea40fdca-3e27-466c-910c-99fef52b75d6,2024-06,0,0.2144902176619826,0.2857142857142857
b71496c4-5aee-45ab-9018-08957b81bb0a,74c6b975-b0ab-c8b3-8acd-2cf53597a72b,ea40fdca-3e27-466c-910c-99fef52b75d6,2024-06,0,0.2144902176619826,0.25
0ce0f198-c911-49cb-b86f-581e6799a2cb,77dd12b8-a20b-05c8-2372-79ba1b1624a9,3ca315cc-b9c4-4379-be8c-c2df8c0e42d6,2024-06,0,0.10072667249976916,0.6388192166698823
06b752e2-db7a-44d3-a7bc-085bd8851f3e,79e31f6f-69dc-a40c-27d7-3f076878f83c,a0cd9c66-c067-4001-ad7b-586b6c15537e,2024-06,0,0.004641764724543623,0.0
485cc673-8c08-4fee-acde-ac4cf39c7374,81f2f896-343e-d20b-9964-56fe1a515cc4,25ee80b8-cf8c-4ae2-be73-fe7c991751ce,2024-06,1,0.9992806187494261,1.0
fa31f7f5-66e6-4896-938b-d08a4dcbec5b,8208282e-43b7-930c-251f-223cdeecd947,3b1a2c86-d73f-4573-8cf4-712db5199f67,2024-06,0,0.1955433433233127,0.0
4f662a17-a67d-472a-aa5b-f3ba696855e3,8334eb99-0bc0-3c80-9ff8-83bea3d7b5ef,b5ab9368-7ed0-44f4-8281-64ccbef2f8b0,2024-06,0,0.034709715826667945,0.0
0c98f71e-abfd-4951-993f-772d935430e2,8334eb99-0bc0-3c80-9ff8-83bea3d7b5ef,b5ab9368-7ed0-44f4-8281-64ccbef2f8b0,2024-06,1,0.5001676968411588,0.0
135693dc-3530-44f1-ae89-b5b91896dfa8,83af11b3-a274-7404-3265-ec658f74f8cf,e6e15dbe-6e1b-451c-b5f1-810b262b5822,2024-06,1,0.912352725284545,0.5
f2f852b1-8cf3-40ba-8885-88c41bfe2cea,855f3f6a-72ae-46f4-4cc2-a9a0d5df5b70,9131c211-f95d-4213-9955-02879ced6aaf,2024-06,0,0.029728151848285582,0.125
75580c00-80cc-47f0-8bd3-f772144ee51c,8aacbc78-5e56-b3c0-f8bc-fcb5490b94f3,d06e259b-0f3f-4c09-bc77-00ec39ab5924,2024-06,1,0.9993146414723576,0.7272727272727273
653be6bc-530e-4beb-8f6b-6ff843e03811,8fd367e7-7404-4ef6-530b-a40219a48f1e,b617d658-932d-4a8c-8eda-94e28f4bbdc7,2024-06,1,0.9990473793407784,0.3333333333333333
f181c01e-aa8e-467f-a944-a61719acb667,92a15096-be1f-4189-9ea8-c333765d732a,6e1472bb-6002-4892-99e0-a2cb506ec54c,2024-06,0,0.9282836895461679,0.3333333333333333
5b6ab8b9-b027-40a6-82f2-ee0a2a438efe,92a15096-be1f-4189-9ea8-c333765d732a,6e1472bb-6002-4892-99e0-a2cb506ec54c,2024-06,0,0.35857523940465647,0.3333333333333333
48dbbd8a-02e3-485e-ab81-787487296401,93eb3d6a-d35b-ef1f-83b8-7430b6ad1674,c812ba7b-6318-4ce6-b0dd-78749fff30e5,2024-06,0,0.012052749874943156,0.0
57bb1e7c-78a4-4597-8b95-6bd7ae2eea3e,950dd22f-78fa-d205-48b3-fe5a5cc7438e,62887698-aebf-475f-9c98-0a212110dd24,2024-06,1,0.9989527822587703,0.5714285714285714
7a12d7a0-b53c-434d-bd6b-68acb725ad65,9721fe81-75b8-a314-4319-a323cdd3423b,1573f384-8eda-4722-8c9d-fb5824d2d68e,2024-06,1,0.9928816233410596,0.8
5c391ca2-d0fa-4e48-8c81-999e157346af,9721fe81-75b8-a314-4319-a323cdd3423b,46f10580-1d5d-4bb1-9cef-e69ea1f0bd54,2024-06,1,0.999467334860819,0.8
14e296e8-ab23-4dab-b134-5d8c47bb7c20,9721fe81-75b8-a314-4319-a323cdd3423b,46f10580-1d5d-4bb1-9cef-e69ea1f0bd54,2024-06,0,0.9920474666666718,0.8571428571428571
44393c60-f3cb-447f-aaee-91db3068f4ce,9842fbe1-4d57-13e7-6abf-aed2f18d4ca0,f395ecb5-f67d-431c-8735-291f7a05d552,2024-06,1,0.9923536818558653,0.9375
15a112be-08b0-445c-bf33-02b80f45a9da,9c916618-64b4-6c3e-0d5b-d33a42a6b966,298a7c4d-846f-4232-aa3e-ca7136e7ebe0,2024-06,0,0.7201464207999756,0.6666666666666666
7b28bd60-c4e6-411c-8c34-ba33cb3bf6c9,9e64e0fa-e34a-1c76-8e4a-1452643fab9a,c60e7351-900f-4499-a207-99f3acb1ba49,2024-06,1,0.8447243864408387,0.6388192166698823
18730254-7aa2-4a84-bcc7-2468c1426dfd,a38721f4-003a-7262-22a7-44e0f2c0754d,339c2194-5128-4413-ab41-c6c8a8128434,2024-06,1,0.982454088968466,0.9375
f3d32936-4b22-4bd0-8f7c-b50992191fd5,a66a39a1-af53-6290-1e0b-7fc51cc20608,efa0d66e-ad3e-4e99-b4ea-e5a7da61f354,2024-06,1,0.9993499117597051,1.0
d35c7650-95c6-4acc-b029-404c533b52f4,a7798da2-f8ee-1840-a1f3-f29a9e764b97,9ffe9701-32ac-461a-b5a1-8bb653d34a4b,2024-06,1,0.9996183513575256,1.0
f75b5206-d969-4a17-ab37-ac7d1c060d4d,a974c0ea-b223-c4ff-2027-207ec4a462ac,59864420-62d6-4d3b-9b98-6872f9821633,2024-06,1,0.9992705799070624,0.9333333333333333
6dbabace-c4a4-4e95-aff0-125886edb759,ac5ee6bc-de6f-6f5a-a196-731bff043dc7,09848a8b-4b46-4fc9-85b8-9a46fecdd91c,2024-06,1,0.9883770075018424,0.3333333333333333
61f36c20-4f38-4166-b886-44d3f7759b62,b111e4dd-be1d-2c79-3945-480547761b5f,1e0bb8aa-b4ea-473a-90f7-c89d96df2323,2024-06,1,0.9992351431420056,1.0
73b46700-e7e4-4c77-afdf-27c68b208fae,b19dfc6c-a5d5-734c-3d3d-6389c281b3bb,2ddbff71-425b-4f25-a932-e1bf574b2035,2024-06,1,0.008013306692485577,0.0
b2fb43fb-06e0-4640-a546-ebc36f7c83b7,b274d6e3-01a3-9f4e-b312-7088b787357d,10f786c8-3837-4bf5-9d96-10b34c9cfbb6,2024-06,1,0.8447243864408387,0.6388192166698823
109f0c61-7afa-4d79-9e50-c1d2925d1b1e,b274d6e3-01a3-9f4e-b312-7088b787357d,10f786c8-3837-4bf5-9d96-10b34c9cfbb6,2024-06,0,0.015451659431076006,1.0
ba8ad918-a66d-441b-bad3-2f9529e7af5f,b274d6e3-01a3-9f4e-b312-7088b787357d,10f786c8-3837-4bf5-9d96-10b34c9cfbb6,2024-06,0,0.028508686019256706,1.0
76e3de92-e4fe-414a-affd-a8bd9446f95f,b865619d-9980-0806-c5b5-97fee058322e,296f0113-6916-40f3-8fcc-cd54685de8f3,2024-06,1,0.9668067333979488,0.6666666666666666
3ad7a4a5-8c33-45f1-a26b-e8f53ae8a4e2,ba8dd5e0-ed0e-8b6a-7098-2732476feb31,31a1c073-bb44-4019-8548-0c5a8114de7b,2024-06,0,0.008362539132640805,0.0
2502cc41-2284-4c0c-a2fb-716b03eb42cc,bcf8ffc1-fd5c-f6ab-0453-7a73c73786dd,d1981985-ab9a-4777-b85f-46da934e391c,2024-06,1,0.22027611479493062,0.6388192166698823
18f570ba-af72-410a-9d00-ddc26d6084b5,bedf1700-eff3-152d-874d-4c22af0d3a50,3da3ab8f-68d6-4938-b8fd-1e3cab1a6464,2024-06,1,0.6944983629465208,0.5
42c788e8-e041-4f7d-b9de-74fa7e1e9eaa,c09e703c-d287-38c8-d1c1-239145e17df9,d60bf084-22b7-4aeb-a8fd-b48b4786c6fd,2024-06,1,0.9994139197238129,1.0
257f0135-e253-4e8d-ada3-c977bda49e67,c1113615-d2d6-1d6e-f618-c62e1d2af8de,5fcd5e70-7cdf-48fb-ad7e-d00f6d055871,2024-06,1,0.9666340589893156,0.6666666666666666
da54a803-1b22-4063-b259-df2e704fab39,c61d6da9-3c3c-ce83-9533-0da9eb03e275,62dc2b76-d436-4b3d-8d68-d366afc0ac24,2024-06,1,0.9991944549139178,0.9090909090909091
df527848-9fde-4e8f-881d-07fd244cb7a6,c61d6da9-3c3c-ce83-9533-0da9eb03e275,62dc2b76-d436-4b3d-8d68-d366afc0ac24,2024-06,1,0.955802893743418,0.9166666666666666
a9d088b4-cb75-4464-b536-380837fca6cc,ca5764bb-68cb-aca1-8368-dc3e80f681ac,d777fad1-3294-45a8-9b9f-a4db1dc1787b,2024-06,1,0.9973618963273772,0.9444444444444444
b20f7cd7-7845-4636-8d37-9b2798e82e86,cd2c3f97-4df7-b32f-d0c0-12031beae516,1265235c-5696-491b-925f-044ee29ba97e,2024-06,0,0.0067666196585049925,0.0
78d31bd5-7d48-4980-a36c-98865126c1f1,cf1318a5-0564-4af6-d90e-c3e76de1ef08,5268e485-491e-40b7-942f-61c133c796bb,2024-06,1,0.9996590228389302,0.875
9301f17b-cdf1-4609-8532-6a48dc5490d0,d257c87f-0e42-048c-8409-362e925d86fc,597c2d33-b758-4acd-811b-c7b22289dcbc,2024-06,1,0.030497813271683653,0.0
444ab994-f605-4b77-90dd-7897b967d860,daebf82e-6f02-d269-4f9f-109f5cc8af3c,26c78af2-e5af-4f4c-af04-ed1e84a9359e,2024-06,0,0.9965958411314201,0.8666666666666667
d90bcd02-d11f-435b-b9b3-c7cf06b7cbb2,dd81a269-5627-77bf-d8c4-d2e7d309f56e,f6b29b1d-c950-46ae-a66f-fe48ad0eac52,2024-06,1,0.9975409361153649,0.75
7aa9ba2f-fc96-4c09-a7df-5be2a36030d8,df5ea39c-c069-5211-271d-f0d3831adefa,3394785d-ad9b-442e-9c87-3ab4f47b1876,2024-06,0,0.03906358925447511,0.21428571428571427
646f67b9-b868-4673-aa27-70e6988c04e8,e42a35e1-fb1e-c1c2-3bbc-674788bfa890,3c9eac87-dd0b-49f5-ba27-aae22a7cf629,2024-06,1,0.9966700824402711,0.5882352941176471
7435083a-f0a9-46bb-855d-570914345396,e6dde6a9-4da9-d1a2-802a-faf5db207e8e,c7d4572a-4e5f-4f8a-a891-082b31db6c86,2024-06,1,0.9990112551142032,1.0
b2e3c964-d5eb-42c2-98e9-b09fae0ad408,edee54e5-b970-ea10-551f-b156c26d8f0a,8a561990-e50b-4b93-b48e-7ee8bf0fbc67,2024-06,1,0.9468116796116792,1.0
59de5a54-a13b-40aa-b727-196f2d4fb246,0632e1c8-fb91-3269-00af-8a625740b33a,db29fb51-7937-47b8-89ae-a76c37602092,2024-07,1,0.8159933495350769,0.0
852a426d-98cc-4282-b5c7-2b8f1bd3cefc,0632e1c8-fb91-3269-00af-8a625740b33a,db29fb51-7937-47b8-89ae-a76c37602092,2024-07,0,0.07410780935856566,0.5
bd907865-f4db-432f-add6-6c961f66fac5,0a550b32-ac5f-efb6-6d3b-e9975e20a82d,95855f3f-2de6-4518-923a-d6bb61e6edd7,2024-07,0,0.04998402420368816,0.0
3794a25b-5352-4f2c-8d43-5ce040199b82,10f3edc6-4b03-b82d-8df1-09ddaf031c0c,d0b11ad6-7841-48cf-82cb-55e373063fac,2024-07,1,0.9251313352933745,0.6
2597c741-ab94-41da-9dea-aa6b1ec56449,146a8458-f956-54ed-317f-b99f7d16fff8,9698da1c-596f-48ae-8618-16b9c409f192,2024-07,0,0.15473030398986667,1.0
a9b5237a-97e1-4a6d-80da-28fa41a250ed,18788fe2-f6a2-826e-2199-6cec118c6d00,6a5d492b-8175-4c5d-86ac-ff94ea72d963,2024-07,0,0.4710307905429745,1.0
a50e2aaf-0194-4f1c-9294-7870a8c393b4,18d86801-3cb7-11d4-8b9d-433429296014,9c5f6705-4936-4bf4-91d9-8bd75b4c341b,2024-07,0,0.11880768802052993,0.0
0b11258f-3959-4b64-bce0-765ff964636c,1fc0c3bb-f35c-8d5d-a4fa-a9c1723cd8ab,0d1504e1-2884-4dba-97bd-0c3bc37e1669,2024-07,1,0.9996935547246071,0.625
682ab661-da76-4489-80b2-74c7a0ba71d3,227f376b-633a-5615-5670-c29559d0a08b,b98f8c1f-f2b7-4f45-a583-7bb76e52c466,2024-07,0,0.11880768802052993,0.0
1cad2282-5c0c-4a3d-bbd0-4eb7c2d9c9a6,24ae889b-240e-b064-cfe8-2b27224c15b0,1acb933b-ee06-488d-ae63-6aa49797c684,2024-07,1,0.9997799433689537,0.9090909090909091
2a77dd66-b51d-4c4f-9b9d-1968096c3c42,25b63db3-6d1d-cb00-d25c-dfd8b4b17909,323f67cc-5fe8-4e19-89b1-838f908c4f0a,2024-07,1,0.4112935551202215,0.5
ce0f8052-69c9-4e05-827a-ad019a7b5623,276b5368-040e-e40e-948d-d1159a743920,47427b81-4142-421e-aa12-04d8f6f5d16d,2024-07,1,0.8764458413086937,0.6388192166698823
106ed0c3-a317-4269-be56-02c42afc4d31,2794ccf7-4966-f00d-35d6-34ac17db73ea,29309a70-09a1-4c35-b877-ca27b04ec436,2024-07,1,0.9988405040335679,0.8125
8e699c72-463b-493b-9b9a-9e0dec28d645,28bc36ac-10ee-238f-d3f4-24d10136bbb5,d9d1d753-3cdc-4350-a425-b36a52b7df96,2024-07,1,0.9995257543681114,1.0
835a27be-a1f2-4442-9d71-2dc8c676c4c0,2a58151b-3aea-8f37-a254-56432cd03704,6eeeaa8d-a857-4a5d-bc20-06d00edbaedc,2024-07,1,0.9978351915209286,1.0
543205be-03af-4ab9-b5fe-bd9393bc23e0,40a2b6da-1224-e406-7b33-bed31c6f706b,4397e78a-e410-49f9-89b8-18f3bbeabf47,2024-07,1,0.7611573197743168,0.6
5a6ed74b-c68a-44d1-a32d-015e918a8700,430caea5-4a9a-cf87-274e-54e1547ff83b,baa51bf8-ec5a-4485-9bce-721b5f37edcb,2024-07,1,0.07837513457995901,0.2
293063ea-f651-4142-9c65-7cba33c6398f,4628a4bf-d4c5-9e5d-471c-271b9f3e7d03,460261c6-c1c2-4654-81fa-19637f3602a8,2024-07,0,0.15510216123418952,0.4
33b59f59-03ee-46bd-93e2-18e374f42cf4,49355947-7605-ec5f-7d81-a6597f38d76b,0318d74f-95a7-4ced-92bb-ded9eb88d273,2024-07,0,0.019605368438697285,0.0
f06ada68-4f86-4667-a294-2b8755ed6c10,49cf43d8-a86e-89e5-c138-85e43fd070f0,8a0ab625-5691-4394-82ef-44ef90833de2,2024-07,1,0.8669928948410645,1.0
e77e2829-698e-4316-bd82-f99d55efb497,4c4ad4c9-59bf-f152-d0ff-6502ec564cc9,91e9c4a4-cf9f-4ea2-bbce-8ca8d01150ff,2024-07,1,0.9997617067728441,1.0
c69463ba-0134-4411-ba0c-28c47c7695ef,4cf13b7d-67b4-87af-6795-b532998a9b0d,924c2996-22b9-4f75-a760-a40afe04263f,2024-07,1,0.99824443660523,0.5
a0ede51b-ed91-4283-8a1d-e953b3d98cdf,5110bc8b-7229-5952-e9db-5feb33391303,02ca5efe-e730-44ed-8213-fb622197978a,2024-07,1,0.9151228172512887,0.8571428571428571
32d0a5b5-61c8-4ceb-8a69-4b743389dcdf,52bfd1fd-5813-000e-3603-19146a2ecd4e,56498d84-884f-40e1-bd91-cfb6c94eb3f8,2024-07,1,0.7438019891414847,0.5
f712583f-40b7-44aa-acf2-f709d2efcb56,546aae84-2600-f943-b571-67441bea409a,52d6aec0-5afc-4403-ac70-23cf15308741,2024-07,0,0.21493220098540697,0.0
06c8bc2b-e183-4fcf-b2e8-46b2940d0d23,5a1e4739-df51-1e97-95c7-31602fc06832,ab42acef-df0d-4f2b-9def-a961cdf6c003,2024-07,0,0.7744336631597601,1.0
f1920e9d-a5d0-49bd-a070-7898f5b0e6bd,5a4bd906-07d0-3c04-680d-6ee01f174660,6eda4f36-5ba8-4b93-b2de-022481039f46,2024-07,1,0.9992312851345357,1.0
7aa10a0e-4d43-4460-a683-10720f952ae5,5d4122d1-48a3-607c-cb72-e1956caece73,0ab4614a-82b3-4810-b877-e696de754080,2024-07,0,0.39117977176624463,0.0
5ec655fe-f87d-4448-aa66-0726f5e14245,60c74b02-d502-8692-0141-b1a796486a11,001e7f96-d222-478b-a502-dbcad1cc96b5,2024-07,1,0.956433044541339,0.375
337936fc-663a-4ef7-b9a7-c1473e221be9,61031b0a-ef18-26aa-64b7-d412d7b3d276,99eb3f32-d53e-4470-ab2a-09ed6e9b3872,2024-07,1,0.994898820448394,0.6666666666666666
4fb7d06f-8ca3-434d-9237-87be294511e9,675d671b-b922-0d97-9c09-357c7a434808,c0d5ac03-c532-4c77-b4d1-1c695192a063,2024-07,0,0.9755822516983687,0.7857142857142857
0b618557-79ec-4e78-9690-f040dbfb8639,6ce85c3e-5f40-4297-8c38-22ac7432420e,43dd8c38-f19b-4e75-a934-ec4c973686b9,2024-07,1,0.9999642597029722,1.0
177fa719-8f4a-4b2b-90c9-966e4ca9199b,6dd50e39-9843-4442-cc09-3b49fbe97fb9,874b3b50-b801-4e30-a0a9-808746433886,2024-07,0,0.04514141238051949,0.0
e3968817-ed6e-419f-8065-57fb81a9a3aa,6df42279-282f-e2ae-a821-304ef8c14cfe,47ff34bd-dce4-48e4-91d4-a599695e48f1,2024-07,1,0.8850005392393901,0.6388192166698823
3dc06ef2-8357-41ef-bfc2-4c4bc087c826,6df42279-282f-e2ae-a821-304ef8c14cfe,47ff34bd-dce4-48e4-91d4-a599695e48f1,2024-07,0,0.11789239349086562,1.0
7877400f-f2d5-463e-848a-eca557492bdd,6e78d4b6-a6fd-2857-0e43-fd3dd95ac5d5,5f811af1-7d24-4112-8cad-e7245ea2634a,2024-07,1,0.9980426646158888,0.9230769230769231
90f9e0f6-d705-4fd7-bb24-dea4a3604445,6e83fcb8-4992-041a-cc06-1dd780a369bd,128d1130-7d0e-426e-9622-a3535454c173,2024-07,1,0.18990582586542362,0.3333333333333333
5c9e8d56-cebe-4f88-826f-4572affd028f,72263e8d-e74c-b64e-af0c-e7f293e84d88,8419d24a-5624-4735-bd3c-af55612a12f8,2024-07,1,0.8764458413086937,0.6388192166698823
e8627a9f-4c7a-4393-aefc-b38ddb9b2f4f,74c6b975-b0ab-c8b3-8acd-2cf53597a72b,ea40fdca-3e27-466c-910c-99fef52b75d6,2024-07,1,0.5989581117882389,0.2
bb44dcf5-3f6f-49cf-8fb9-0ae83790f213,77dd12b8-a20b-05c8-2372-79ba1b1624a9,3ca315cc-b9c4-4379-be8c-c2df8c0e42d6,2024-07,0,0.028028795206849366,0.0
b20c70a8-7c22-462a-946d-2f92b16f8122,79e31f6f-69dc-a40c-27d7-3f076878f83c,a0cd9c66-c067-4001-ad7b-586b6c15537e,2024-07,0,0.05381548231856387,0.0
eac48178-9b4a-4220-9f7e-4d68f6b15a5e,81f2f896-343e-d20b-9964-56fe1a515cc4,25ee80b8-cf8c-4ae2-be73-fe7c991751ce,2024-07,1,0.999336191733353,1.0
91ed96d1-7dac-4be8-9f15-05b483d5e85c,8208282e-43b7-930c-251f-223cdeecd947,3b1a2c86-d73f-4573-8cf4-712db5199f67,2024-07,0,0.15510307588478145,0.0
b2e01aa1-683b-4e54-9ed2-81676d20dd7a,855f3f6a-72ae-46f4-4cc2-a9a0d5df5b70,9131c211-f95d-4213-9955-02879ced6aaf,2024-07,0,0.18521245511999807,0.1111111111111111
9cca0790-2237-49e9-bf7e-cd6ee6520634,8aacbc78-5e56-b3c0-f8bc-fcb5490b94f3,d06e259b-0f3f-4c09-bc77-00ec39ab5924,2024-07,1,0.9951908260864606,0.75
a37285b6-7cbd-4cba-97dd-d896983cbff8,92a15096-be1f-4189-9ea8-c333765d732a,6e1472bb-6002-4892-99e0-a2cb506ec54c,2024-07,1,0.6900308513990178,0.2
ebc778e5-0336-4ac0-8033-eabe17cbac47,93eb3d6a-d35b-ef1f-83b8-7430b6ad1674,c812ba7b-6318-4ce6-b0dd-78749fff30e5,2024-07,0,0.029409505807786757,0.0
4e4e1fbb-d4df-40d1-98a0-96e7b0415e1e,950dd22f-78fa-d205-48b3-fe5a5cc7438e,62887698-aebf-475f-9c98-0a212110dd24,2024-07,1,0.9838475689440563,0.6
51a89e2a-6809-4ff7-9650-a8f4f83e8cb0,9721fe81-75b8-a314-4319-a323cdd3423b,46f10580-1d5d-4bb1-9cef-e69ea1f0bd54,2024-07,1,0.918153004048983,0.75
53e24d5b-48f0-4738-994d-dd5386ed9add,9842fbe1-4d57-13e7-6abf-aed2f18d4ca0,f395ecb5-f67d-431c-8735-291f7a05d552,2024-07,1,0.9686851779089017,0.9411764705882353
b1f698c9-3589-4eb0-9cc6-0da2fbc4108e,9aab8e6f-97e4-131f-c6cd-a91d11668656,c2b24d33-90f8-4d46-aca8-d99bb1f2c844,2024-07,1,0.1677168732492207,0.6388192166698823
87c998b1-4d35-4bf4-8452-c4ce7dd6c812,9aab8e6f-97e4-131f-c6cd-a91d11668656,c2b24d33-90f8-4d46-aca8-d99bb1f2c844,2024-07,0,0.008969983347788629,1.0
6d5cc63b-c14a-429c-b9ad-9b1e956b78d1,9c916618-64b4-6c3e-0d5b-d33a42a6b966,298a7c4d-846f-4232-aa3e-ca7136e7ebe0,2024-07,1,0.3785532164442903,0.5714285714285714
cf57d385-4cf5-4ed4-8c82-3e51c805a2b1,9e64e0fa-e34a-1c76-8e4a-1452643fab9a,c60e7351-900f-4499-a207-99f3acb1ba49,2024-07,1,0.06859706659664813,1.0
a837ace6-89cb-4a27-9d76-5f14fb65decf,a38721f4-003a-7262-22a7-44e0f2c0754d,339c2194-5128-4413-ab41-c6c8a8128434,2024-07,1,0.9985175387253145,0.9411764705882353
d0c38572-858d-4909-975e-17d5775cc5c0,a66a39a1-af53-6290-1e0b-7fc51cc20608,efa0d66e-ad3e-4e99-b4ea-e5a7da61f354,2024-07,1,0.9993443490134082,1.0
e605192e-eb09-4ec0-bea6-4a96cf031eea,a7798da2-f8ee-1840-a1f3-f29a9e764b97,9ffe9701-32ac-461a-b5a1-8bb653d34a4b,2024-07,1,0.9994081789714433,1.0
f9f678b8-872b-4956-8e4f-fbd092e15e83,a974c0ea-b223-c4ff-2027-207ec4a462ac,59864420-62d6-4d3b-9b98-6872f9821633,2024-07,1,0.9958481829637176,0.9375
207771c1-d7fa-4386-aacd-f66b704b9c67,ac5ee6bc-de6f-6f5a-a196-731bff043dc7,09848a8b-4b46-4fc9-85b8-9a46fecdd91c,2024-07,0,0.9995379493585056,0.5
2ff57a04-71f9-4dfe-84fa-d9f29637c6b8,b111e4dd-be1d-2c79-3945-480547761b5f,1e0bb8aa-b4ea-473a-90f7-c89d96df2323,2024-07,1,0.9960975567745252,1.0
ccae94ce-7e86-43b2-8e7d-a3c1a9244f5b,b19dfc6c-a5d5-734c-3d3d-6389c281b3bb,2ddbff71-425b-4f25-a932-e1bf574b2035,2024-07,1,0.9996721974179441,0.5
7ed2a84a-383b-40c1-a821-500d5f1a3192,b274d6e3-01a3-9f4e-b312-7088b787357d,10f786c8-3837-4bf5-9d96-10b34c9cfbb6,2024-07,1,0.13427491883634038,0.3333333333333333
bff1f408-0766-446f-9847-117ecd1e8cc9,b274d6e3-01a3-9f4e-b312-7088b787357d,10f786c8-3837-4bf5-9d96-10b34c9cfbb6,2024-07,0,0.5887604145272819,0.5
6e3d5a59-1342-4abd-80be-6ad95055b648,b533de62-fd5f-cc73-01ad-82aaf5df2fd1,8dd4cde4-2050-4622-be37-13f72db9b434,2024-07,1,0.9177476734728349,0.6388192166698823
9e26d52d-0cfd-47e2-8508-5d195bcaf64c,b533de62-fd5f-cc73-01ad-82aaf5df2fd1,8dd4cde4-2050-4622-be37-13f72db9b434,2024-07,1,0.08035440931069014,1.0
c5fc5de4-c4cf-4fce-afc8-3379e0468e78,b865619d-9980-0806-c5b5-97fee058322e,296f0113-6916-40f3-8fcc-cd54685de8f3,2024-07,1,0.9941708591198563,0.7142857142857143
2400744d-1b6e-48ac-9318-35b624c65011,ba8dd5e0-ed0e-8b6a-7098-2732476feb31,31a1c073-bb44-4019-8548-0c5a8114de7b,2024-07,0,0.18879330324536586,0.0
01adb7b8-ab66-4ed9-8ff2-a8d090505f86,bcf8ffc1-fd5c-f6ab-0453-7a73c73786dd,d1981985-ab9a-4777-b85f-46da934e391c,2024-07,0,0.04381932646304978,1.0
ffda0323-6ea3-4146-9584-d9f2b74132b9,be84008a-74d3-3cc1-6fd6-bcef998f7bff,4ab14a0f-9437-43ed-9504-94985a2312ab,2024-07,1,0.8652927484479018,0.6388192166698823
49aa9eb0-f328-4133-914a-dec48cc617ae,bedf1700-eff3-152d-874d-4c22af0d3a50,3da3ab8f-68d6-4938-b8fd-1e3cab1a6464,2024-07,0,0.9236885842651364,0.6666666666666666
3acefe1d-e140-4476-8f5b-45d52e09fe7e,bedf1700-eff3-152d-874d-4c22af0d3a50,73908ccf-13c3-406c-bf1b-c3d0b1b3f4ec,2024-07,1,0.9360646089778074,0.6666666666666666
5b833dff-bb8c-42fa-b17d-4322e50b9996,c09e703c-d287-38c8-d1c1-239145e17df9,d60bf084-22b7-4aeb-a8fd-b48b4786c6fd,2024-07,1,0.9974357114209692,1.0
99215bd4-b3b8-4d61-98bc-a958bd7be231,c1113615-d2d6-1d6e-f618-c62e1d2af8de,4cdbcb50-8269-4839-948a-b81ec476b274,2024-07,1,0.9947835630033242,0.75
24777ac2-3a15-4059-93c5-c215db5fd6a1,c1113615-d2d6-1d6e-f618-c62e1d2af8de,5fcd5e70-7cdf-48fb-ad7e-d00f6d055871,2024-07,1,0.9837908686994798,0.75
3567f73c-9df2-4c8e-9c08-2e15c17a5992,c1113615-d2d6-1d6e-f618-c62e1d2af8de,4cdbcb50-8269-4839-948a-b81ec476b274,2024-07,0,0.2287254781324487,0.8333333333333334
d3ab8262-e5f2-4046-8d39-3a4f22f3104a,c61d6da9-3c3c-ce83-9533-0da9eb03e275,62dc2b76-d436-4b3d-8d68-d366afc0ac24,2024-07,1,0.9996780792466713,0.9230769230769231
a195cf37-d75b-41c8-9ee1-977c932f9ef9,cd2c3f97-4df7-b32f-d0c0-12031beae516,1265235c-5696-491b-925f-044ee29ba97e,2024-07,0,0.13171795016876703,0.0
250d9ca2-8feb-426d-b712-0c21b94e06d0,cdfd7474-0325-1b45-657c-35abca5b28ee,4364ae28-1999-46c4-86a4-3d9565069abf,2024-07,0,0.028249929439906785,0.6388192166698823
6208be65-da73-43d1-81fd-71bd3cf10316,cf1318a5-0564-4af6-d90e-c3e76de1ef08,5268e485-491e-40b7-942f-61c133c796bb,2024-07,1,0.9997082016987228,0.8888888888888888
f60e5a87-9c49-4251-bf8e-531177014d41,d257c87f-0e42-048c-8409-362e925d86fc,597c2d33-b758-4acd-811b-c7b22289dcbc,2024-07,1,0.9990534113714463,0.3333333333333333
aa6696cf-41d6-42e2-9125-4b8f6265e89e,daebf82e-6f02-d269-4f9f-109f5cc8af3c,26c78af2-e5af-4f4c-af04-ed1e84a9359e,2024-07,1,0.7738383896642342,0.8125
a09c0e24-ff8b-4750-8a8e-6eb00c89ebed,dd81a269-5627-77bf-d8c4-d2e7d309f56e,f6b29b1d-c950-46ae-a66f-fe48ad0eac52,2024-07,1,0.9914265335923553,0.7692307692307693
163eeed9-71b1-42ad-81be-f29207dec884,df5ea39c-c069-5211-271d-f0d3831adefa,3394785d-ad9b-442e-9c87-3ab4f47b1876,2024-07,1,0.0352926161142334,0.2
f21f5caa-0c04-42de-b2d8-8f1e95253731,e42a35e1-fb1e-c1c2-3bbc-674788bfa890,3c9eac87-dd0b-49f5-ba27-aae22a7cf629,2024-07,1,0.9536640259739371,0.6111111111111112
8c0a2d19-ccc4-4ff5-9a88-4d6d34bb3f11,e6dde6a9-4da9-d1a2-802a-faf5db207e8e,c7d4572a-4e5f-4f8a-a891-082b31db6c86,2024-07,1,0.9982166383565622,1.0
2949a51c-e16c-4d3f-a35b-fca48aa929b6,e94dc9d5-cb52-49ec-80b1-98376aceb874,64e94573-3ff8-4444-8463-cc997625aa46,2024-07,1,0.9430555290798385,0.6388192166698823
43d22635-458a-44ed-b4bf-0889e5ab50fb,e94dc9d5-cb52-49ec-80b1-98376aceb874,64e94573-3ff8-4444-8463-cc997625aa46,2024-07,1,0.12565154082562277,1.0
d9fabe01-9777-4865-b7d1-0b43427137f0,edee54e5-b970-ea10-551f-b156c26d8f0a,8a561990-e50b-4b93-b48e-7ee8bf0fbc67,2024-07,1,0.9997607208884208,1.0
d9135239-dbab-42fe-b69a-58ec9d105c8e,0632e1c8-fb91-3269-00af-8a625740b33a,db29fb51-7937-47b8-89ae-a76c37602092,2024-08,0,0.22772777670242883,0.3333333333333333
e79e23ea-7d51-4f80-a4d4-573424b9aa35,0a550b32-ac5f-efb6-6d3b-e9975e20a82d,95855f3f-2de6-4518-923a-d6bb61e6edd7,2024-08,0,0.30965488643132477,0.0
b7fad663-ac94-4839-9fea-47c8c2a30cdb,10f3edc6-4b03-b82d-8df1-09ddaf031c0c,d0b11ad6-7841-48cf-82cb-55e373063fac,2024-08,1,0.909319270002724,0.625
2e3782e5-105b-438d-9c3b-ae5062e23921,146a8458-f956-54ed-317f-b99f7d16fff8,9698da1c-596f-48ae-8618-16b9c409f192,2024-08,0,0.2392985384007503,0.5
95f9a1e9-5585-47fa-b0e5-1c97ca9ecdbc,148cb172-cc40-9c01-ffa5-33aa5d70bad8,a2b40718-04d7-4dbb-9143-65a881e8a092,2024-08,1,0.9992758501130768,0.8
1b8965be-b1c9-4e5a-89c6-044c575b022a,18788fe2-f6a2-826e-2199-6cec118c6d00,6a5d492b-8175-4c5d-86ac-ff94ea72d963,2024-08,0,0.4161310958762108,0.5
1bc4e85b-daab-42dc-aed3-e69b59d9b969,18d86801-3cb7-11d4-8b9d-433429296014,9c5f6705-4936-4bf4-91d9-8bd75b4c341b,2024-08,0,0.21245178753134664,0.0
4791370f-9e5d-4333-962f-3d0480f1e4bf,1fc0c3bb-f35c-8d5d-a4fa-a9c1723cd8ab,0d1504e1-2884-4dba-97bd-0c3bc37e1669,2024-08,1,0.9982822663160307,0.6470588235294118
c5b02f8b-dbdf-431a-92ed-e0e7fbcb8fc6,227f376b-633a-5615-5670-c29559d0a08b,b98f8c1f-f2b7-4f45-a583-7bb76e52c466,2024-08,0,0.21245178753134664,0.0
ffa20907-306c-4967-b7da-bf50af1caef2,24ae889b-240e-b064-cfe8-2b27224c15b0,1acb933b-ee06-488d-ae63-6aa49797c684,2024-08,1,0.9980433048303803,0.9166666666666666
b97a759f-e067-42a9-8c82-8728210994e8,251051cf-e3b5-5d37-918f-bf22b4875790,b6d39ec4-f024-431b-9783-7b6485fc2a85,2024-08,1,0.9779622377375959,0.6388192166698823
0d2bd2fb-fde6-458a-a80c-8e0fe1851e24,25b63db3-6d1d-cb00-d25c-dfd8b4b17909,323f67cc-5fe8-4e19-89b1-838f908c4f0a,2024-08,1,0.5518532526146472,0.6666666666666666
7c262a74-4f1f-47e9-bff4-99bc49611942,276b5368-040e-e40e-948d-d1159a743920,47427b81-4142-421e-aa12-04d8f6f5d16d,2024-08,0,0.4272034318032011,1.0
1e23e316-0899-4186-9e4a-c8736cfa0ff6,2794ccf7-4966-f00d-35d6-34ac17db73ea,29309a70-09a1-4c35-b877-ca27b04ec436,2024-08,1,0.9993625255153274,0.8235294117647058
8b1d733a-e81e-4394-9f72-a2ced63c1736,28bc36ac-10ee-238f-d3f4-24d10136bbb5,d9d1d753-3cdc-4350-a425-b36a52b7df96,2024-08,1,0.9843224483613261,1.0
5cfda9d3-d130-4bd3-85c8-5f507377ef79,2a58151b-3aea-8f37-a254-56432cd03704,6eeeaa8d-a857-4a5d-bc20-06d00edbaedc,2024-08,1,0.9985489566598575,1.0
be058c34-413a-4559-92c2-9635e130660b,38069f8b-d44e-0b86-a0d1-dafac5ae1232,0bb006a6-102a-47c8-8091-3f3a4bc5731a,2024-08,0,0.09224910398982562,0.6388192166698823
f54d58f2-d31d-4859-a6c3-ef9a23bfb8c1,40a2b6da-1224-e406-7b33-bed31c6f706b,4397e78a-e410-49f9-89b8-18f3bbeabf47,2024-08,0,0.7746481060406593,0.6666666666666666
fa78cc63-4f1c-497d-80c5-eb6578d7bce9,414e0bde-7a49-1083-4e22-1fa3dca1b3c6,86bd0990-56e2-4bc9-97d0-f4794c3ea567,2024-08,0,0.04765525717885865,0.6388192166698823
a6dde96d-bde3-4368-8ff9-a5bdb63d073d,430caea5-4a9a-cf87-274e-54e1547ff83b,baa51bf8-ec5a-4485-9bce-721b5f37edcb,2024-08,1,0.167199359094512,0.25
4985c7bc-3267-44af-acbc-fc9649f0f39c,4628a4bf-d4c5-9e5d-471c-271b9f3e7d03,460261c6-c1c2-4654-81fa-19637f3602a8,2024-08,1,0.21011952320883662,0.375
960044ec-fc65-4fd6-8874-95963a462d08,46d380ca-fe7a-07d2-4570-5de890c8fdc7,6a62bcb7-2838-4247-9556-3de6988f214f,2024-08,0,0.06388416339710003,0.6388192166698823
5235788c-912b-4900-8150-8e77e3370c2f,49355947-7605-ec5f-7d81-a6597f38d76b,0318d74f-95a7-4ced-92bb-ded9eb88d273,2024-08,0,0.03370808783660394,0.0
8250f78a-2970-4315-9a72-9d1c1541cff2,49cf43d8-a86e-89e5-c138-85e43fd070f0,8a0ab625-5691-4394-82ef-44ef90833de2,2024-08,1,0.9972867235488024,1.0
ddd27229-0767-46df-afae-ec0a792dd282,49cf43d8-a86e-89e5-c138-85e43fd070f0,8a0ab625-5691-4394-82ef-44ef90833de2,2024-08,1,0.7332667576815138,1.0
94fe1b6e-f9bb-43af-ab04-b3f436c3902c,4c4ad4c9-59bf-f152-d0ff-6502ec564cc9,91e9c4a4-cf9f-4ea2-bbce-8ca8d01150ff,2024-08,1,0.9981865987966506,1.0
2f16d478-e06e-47d2-bb57-aea3a72341ff,4cf13b7d-67b4-87af-6795-b532998a9b0d,924c2996-22b9-4f75-a760-a40afe04263f,2024-08,1,0.9991709317324945,0.6666666666666666
c9b0a690-b69a-4d94-94c7-b5966af9183f,5110bc8b-7229-5952-e9db-5feb33391303,02ca5efe-e730-44ed-8213-fb622197978a,2024-08,1,0.8987299835846607,0.875
8e5ef612-d863-4f21-ba18-75dffa228c53,52bfd1fd-5813-000e-3603-19146a2ecd4e,56498d84-884f-40e1-bd91-cfb6c94eb3f8,2024-08,0,0.5420970360726474,0.6
7f4a45a6-6efd-49f9-b51f-95726c1ee023,546aae84-2600-f943-b571-67441bea409a,52d6aec0-5afc-4403-ac70-23cf15308741,2024-08,0,0.11418354927582783,0.0
45f08b24-3ae7-46c2-ad38-6b95b79bbb8e,5a1e4739-df51-1e97-95c7-31602fc06832,ab42acef-df0d-4f2b-9def-a961cdf6c003,2024-08,1,0.6093900835136895,0.5
e4673028-4aeb-4e88-a28f-b3cd3697f173,5a4bd906-07d0-3c04-680d-6ee01f174660,6eda4f36-5ba8-4b93-b2de-022481039f46,2024-08,1,0.9848632902383726,1.0
46e10405-6931-4d1b-a089-376b082c4ef9,5d4122d1-48a3-607c-cb72-e1956caece73,0ab4614a-82b3-4810-b877-e696de754080,2024-08,0,0.4002763557477127,0.0
e059056a-1e25-4f7f-b2b5-e6e6afb217bb,60c74b02-d502-8692-0141-b1a796486a11,001e7f96-d222-478b-a502-dbcad1cc96b5,2024-08,1,0.8475115154046208,0.4444444444444444
1c6aaf4a-f822-4aa8-8dec-e241121af66d,61031b0a-ef18-26aa-64b7-d412d7b3d276,99eb3f32-d53e-4470-ab2a-09ed6e9b3872,2024-08,0,0.9289033204757217,0.75
c448bb1a-5d60-4ca8-bb75-b68fc68deb23,675d671b-b922-0d97-9c09-357c7a434808,c0d5ac03-c532-4c77-b4d1-1c695192a063,2024-08,1,0.7152102202868404,0.7333333333333333
f7bd2de2-dd29-44a5-8ab5-fe825e334436,675d671b-b922-0d97-9c09-357c7a434808,c0d5ac03-c532-4c77-b4d1-1c695192a063,2024-08,0,0.7599825768242112,0.75
c6d474fc-d369-46aa-8e4f-cf7216840240,6ce85c3e-5f40-4297-8c38-22ac7432420e,43dd8c38-f19b-4e75-a934-ec4c973686b9,2024-08,1,0.9991437905330721,1.0
be1686d2-9d0b-4795-bdd8-945ef62fedee,6dd50e39-9843-4442-cc09-3b49fbe97fb9,874b3b50-b801-4e30-a0a9-808746433886,2024-08,0,0.23543240295865106,0.0
eac98acb-8e13-4e5e-a06c-b256424731b0,6df42279-282f-e2ae-a821-304ef8c14cfe,47ff34bd-dce4-48e4-91d4-a599695e48f1,2024-08,1,0.946040076896924,1.0
c1656805-cb43-48c3-950a-97167482ff83,6e78d4b6-a6fd-2857-0e43-fd3dd95ac5d5,5f811af1-7d24-4112-8cad-e7245ea2634a,2024-08,1,0.9993876979412846,0.9285714285714286
bc23b25e-9b09-4d6c-808c-844cdd5f8864,6e83fcb8-4992-041a-cc06-1dd780a369bd,128d1130-7d0e-426e-9622-a3535454c173,2024-08,0,0.49632115183575837,0.5
c00ca4e1-9f72-4b70-a2be-7619e1e85386,70945c9c-c8e9-8721-8ecf-dfdaf4a30fde,a28bb1f5-9704-48e7-beab-26353d29a960,2024-08,1,0.6625536705940811,0.6388192166698823
7829c807-0ac8-4618-a869-45b968e12562,70945c9c-c8e9-8721-8ecf-dfdaf4a30fde,a28bb1f5-9704-48e7-beab-26353d29a960,2024-08,0,0.45196513673198874,1.0
75ac9dc9-ba67-4ec2-8ccf-bbed8664e673,720a2f6c-96ce-3f42-8ec4-faec53d5a915,4eaa06fe-be7b-4d8f-8cba-fd92a3d3fb69,2024-08,1,0.16451964302897373,0.6388192166698823
03250701-2f7d-434c-b9d3-cef0bf9c9198,720a2f6c-96ce-3f42-8ec4-faec53d5a915,4eaa06fe-be7b-4d8f-8cba-fd92a3d3fb69,2024-08,0,0.031209072807839064,1.0
78b1294c-d852-4d82-a08a-69b647dd5028,72263e8d-e74c-b64e-af0c-e7f293e84d88,8419d24a-5624-4735-bd3c-af55612a12f8,2024-08,0,0.4272034318032011,1.0
44a82495-63f5-4fa9-904a-ba5d696e9e28,74c6b975-b0ab-c8b3-8acd-2cf53597a72b,ea40fdca-3e27-466c-910c-99fef52b75d6,2024-08,1,0.8716188799367035,0.2727272727272727
46ba4e09-00d7-4ad8-afc3-8ef5d6aec34f,77dd12b8-a20b-05c8-2372-79ba1b1624a9,3ca315cc-b9c4-4379-be8c-c2df8c0e42d6,2024-08,0,0.017208752641972188,0.0
301d04e5-dd95-4c7e-90ed-07f60667c3f5,79e31f6f-69dc-a40c-27d7-3f076878f83c,a0cd9c66-c067-4001-ad7b-586b6c15537e,2024-08,0,0.02577167945038369,0.0
90c4c4d6-080c-4a8d-bb19-91805d280d00,81f2f896-343e-d20b-9964-56fe1a515cc4,25ee80b8-cf8c-4ae2-be73-fe7c991751ce,2024-08,1,0.9944635746975713,1.0
95596b39-5f4f-42f9-94d6-c32a42ecf82c,8208282e-43b7-930c-251f-223cdeecd947,3b1a2c86-d73f-4573-8cf4-712db5199f67,2024-08,0,0.06313759359002934,0.0
a236a3c4-b6dd-410a-ad34-5938ef987428,855f3f6a-72ae-46f4-4cc2-a9a0d5df5b70,9131c211-f95d-4213-9955-02879ced6aaf,2024-08,0,0.24532446898214846,0.1
4c7d2ae0-9c81-4a2e-b899-61c5122a253c,8aacbc78-5e56-b3c0-f8bc-fcb5490b94f3,d06e259b-0f3f-4c09-bc77-00ec39ab5924,2024-08,1,0.9989979201461249,0.7692307692307693
62a2b145-0432-41ed-b152-3850e546d92a,93eb3d6a-d35b-ef1f-83b8-7430b6ad1674,c812ba7b-6318-4ce6-b0dd-78749fff30e5,2024-08,0,0.028719492081611522,0.0
6e818320-95d8-49b3-a4cb-50553e2cca6c,950dd22f-78fa-d205-48b3-fe5a5cc7438e,62887698-aebf-475f-9c98-0a212110dd24,2024-08,1,0.995464792131135,0.625
8ea7e57a-b09f-45c9-bfb9-1602b64036df,9842fbe1-4d57-13e7-6abf-aed2f18d4ca0,f395ecb5-f67d-431c-8735-291f7a05d552,2024-08,1,0.9954101438828652,0.9444444444444444
f53ae7f9-1f12-4949-8f06-c9c8e9e70d6d,9aab8e6f-97e4-131f-c6cd-a91d11668656,c2b24d33-90f8-4d46-aca8-d99bb1f2c844,2024-08,0,0.36388036044690875,0.5
a4dcca2c-7505-45df-b045-f40bccfe39de,9c916618-64b4-6c3e-0d5b-d33a42a6b966,298a7c4d-846f-4232-aa3e-ca7136e7ebe0,2024-08,1,0.7726166584948879,0.625
d8b260e9-a478-48a3-8891-6931e9c81fe1,9e64e0fa-e34a-1c76-8e4a-1452643fab9a,c60e7351-900f-4499-a207-99f3acb1ba49,2024-08,1,0.19434321305389865,1.0
6ab8d4b9-35ba-4583-bf04-b2db3c74a2c6,a38721f4-003a-7262-22a7-44e0f2c0754d,339c2194-5128-4413-ab41-c6c8a8128434,2024-08,1,0.9973623480716638,0.9444444444444444
ed839314-ec85-4565-b7a5-01ee58101ebf,a66a39a1-af53-6290-1e0b-7fc51cc20608,efa0d66e-ad3e-4e99-b4ea-e5a7da61f354,2024-08,1,0.9897341052594428,1.0
831b9f79-e4b6-4efd-a453-75705fd78acb,a7798da2-f8ee-1840-a1f3-f29a9e764b97,9ffe9701-32ac-461a-b5a1-8bb653d34a4b,2024-08,1,0.9999296817040927,1.0
73ae8bb3-f5a6-42e5-a1b4-407c74471c14,a974c0ea-b223-c4ff-2027-207ec4a462ac,59864420-62d6-4d3b-9b98-6872f9821633,2024-08,1,0.9988296654130076,0.9411764705882353
8e3f77f9-6250-4e90-90c1-9b9ece333378,ac5ee6bc-de6f-6f5a-a196-731bff043dc7,09848a8b-4b46-4fc9-85b8-9a46fecdd91c,2024-08,0,0.6908039659887197,0.4
5b46df5d-0eda-4b8e-99fe-055138b933e4,b111e4dd-be1d-2c79-3945-480547761b5f,1e0bb8aa-b4ea-473a-90f7-c89d96df2323,2024-08,1,0.9954374197425409,1.0
e59b3c58-6157-4f21-8dd2-2f841df2bf9e,b19dfc6c-a5d5-734c-3d3d-6389c281b3bb,2ddbff71-425b-4f25-a932-e1bf574b2035,2024-08,1,0.9992362865459952,0.6666666666666666
8b3627db-a107-4c2c-80c4-c5d6c1c811d5,b274d6e3-01a3-9f4e-b312-7088b787357d,10f786c8-3837-4bf5-9d96-10b34c9cfbb6,2024-08,1,0.2762797104887161,0.4
70012818-adaf-49b4-bd58-54c671c428d9,b274d6e3-01a3-9f4e-b312-7088b787357d,10f786c8-3837-4bf5-9d96-10b34c9cfbb6,2024-08,0,0.22428131191439926,0.5
bc206b4a-9f56-4b74-a6bb-0a6bff371b60,b274d6e3-01a3-9f4e-b312-7088b787357d,10f786c8-3837-4bf5-9d96-10b34c9cfbb6,2024-08,0,0.22428131191439926,0.5
1c5b8843-554b-4550-b77a-5cf78d36b3ae,b533de62-fd5f-cc73-01ad-82aaf5df2fd1,8dd4cde4-2050-4622-be37-13f72db9b434,2024-08,1,0.2108259971350121,1.0
98e2eb51-2eda-4bd7-9391-9086eb1e95f7,b865619d-9980-0806-c5b5-97fee058322e,296f0113-6916-40f3-8fcc-cd54685de8f3,2024-08,1,0.99142599040592,0.75
8a8cc743-1ae1-4c8f-a3ca-d9e9dcb7fee1,ba8dd5e0-ed0e-8b6a-7098-2732476feb31,31a1c073-bb44-4019-8548-0c5a8114de7b,2024-08,0,0.024384990406942572,0.0
4f705c14-922f-4ea3-b7dc-f32e5a2d7e5d,bcf8ffc1-fd5c-f6ab-0453-7a73c73786dd,d1981985-ab9a-4777-b85f-46da934e391c,2024-08,0,0.2054960587832834,0.5
dc6aef5a-50ad-47f5-9ba9-ea148adda200,be84008a-74d3-3cc1-6fd6-bcef998f7bff,4ab14a0f-9437-43ed-9504-94985a2312ab,2024-08,1,0.2466707095736545,1.0
5236b464-1506-4697-9f58-885f6b93935f,bedf1700-eff3-152d-874d-4c22af0d3a50,73908ccf-13c3-406c-bf1b-c3d0b1b3f4ec,2024-08,1,0.7563344928674349,0.6
d1753ee2-f3b0-41c4-a9f8-178155319b21,c084c357-8268-b2c6-76e0-aa7c5b28eace,e0cea7aa-9e68-4f66-9ae4-9f48e4753c98,2024-08,1,0.9691613982340399,0.6388192166698823
447056f5-8849-4e0e-9f64-12cb60001b51,c084c357-8268-b2c6-76e0-aa7c5b28eace,e0cea7aa-9e68-4f66-9ae4-9f48e4753c98,2024-08,0,0.03354021964157317,1.0
45f104b5-b195-4ab4-b9c3-2555d7e7b430,c09e703c-d287-38c8-d1c1-239145e17df9,d60bf084-22b7-4aeb-a8fd-b48b4786c6fd,2024-08,1,0.9965745402984056,1.0
4d414d3d-26d4-47ab-8c15-02cf10693aa7,c1113615-d2d6-1d6e-f618-c62e1d2af8de,4cdbcb50-8269-4839-948a-b81ec476b274,2024-08,1,0.7645301185756845,0.8333333333333334
fde87030-d0e7-4b68-951a-614c678ec3e6,c61d6da9-3c3c-ce83-9533-0da9eb03e275,62dc2b76-d436-4b3d-8d68-d366afc0ac24,2024-08,1,0.9990823783867915,0.9285714285714286
24d3ae7e-0788-4817-bcf4-75658856b20d,ca5764bb-68cb-aca1-8368-dc3e80f681ac,d777fad1-3294-45a8-9b9f-a4db1dc1787b,2024-08,1,0.6343799005881429,0.9473684210526315
2c53083e-2bec-42dd-a3f2-c708cadf70dc,cd2c3f97-4df7-b32f-d0c0-12031beae516,1265235c-5696-491b-925f-044ee29ba97e,2024-08,0,0.08897325237675868,0.0
5dfab04b-0286-48a9-96f1-7e025b1a4c49,cda37b51-1bbc-af0d-a560-49af88fdc751,d66308ce-65d9-4c63-91b1-96f32f42036c,2024-08,0,0.08078568839154196,0.6388192166698823
349c608e-1384-4711-b212-266606bdf557,cdfd7474-0325-1b45-657c-35abca5b28ee,4364ae28-1999-46c4-86a4-3d9565069abf,2024-08,0,0.3271954671619124,0.0
40924d00-c30a-4238-bebf-bd557d22cdd0,cf1318a5-0564-4af6-d90e-c3e76de1ef08,5268e485-491e-40b7-942f-61c133c796bb,2024-08,1,0.9999053712890182,0.9
c4553da6-2bcc-4fa0-8d20-d34a6b9d9c90,d257c87f-0e42-048c-8409-362e925d86fc,597c2d33-b758-4acd-811b-c7b22289dcbc,2024-08,1,0.9857185634899801,0.5
f0d8dcfe-ef40-4c18-8cb2-c9a45acb7c8e,dd81a269-5627-77bf-d8c4-d2e7d309f56e,f6b29b1d-c950-46ae-a66f-fe48ad0eac52,2024-08,1,0.9735434353933119,0.7857142857142857
48e932a7-38e0-4537-af3a-b9af1752b714,df5ea39c-c069-5211-271d-f0d3831adefa,3394785d-ad9b-442e-9c87-3ab4f47b1876,2024-08,0,0.23445698263323064,0.25
13c60c4f-6426-43d8-b7f6-d81539140d30,e233ae7e-605b-92bf-31a6-0378b74a09fd,f7f50c4c-4d0e-4e95-b2f6-fb00fdcf69d8,2024-08,1,0.9728477984182524,0.6388192166698823
158ea645-5de8-43fb-834d-75bcc63fab46,e233ae7e-605b-92bf-31a6-0378b74a09fd,f7f50c4c-4d0e-4e95-b2f6-fb00fdcf69d8,2024-08,1,0.06388416339710003,0.6388192166698823
2f8fb264-e18b-4327-98e1-17f86f4b27df,e6dde6a9-4da9-d1a2-802a-faf5db207e8e,c7d4572a-4e5f-4f8a-a891-082b31db6c86,2024-08,1,0.9993070078892059,1.0
d1f20d79-9ed9-431e-9e73-5c871627d3c1,e94dc9d5-cb52-49ec-80b1-98376aceb874,64e94573-3ff8-4444-8463-cc997625aa46,2024-08,0,0.7848348891511909,1.0
977a8aa4-bee9-4e80-8c2e-7667f824c7e5,edee54e5-b970-ea10-551f-b156c26d8f0a,8a561990-e50b-4b93-b48e-7ee8bf0fbc67,2024-08,1,0.999165228826838,1.0
6d91378f-f002-454b-905a-e0e3878f16c2,ef85cca0-602c-2f43-6640-044c533cbf5e,b7e89eb0-3d36-47ff-a391-0cd301aba9df,2024-08,0,0.06388416339710003,0.6388192166698823
a3882f7f-3573-4434-9f46-204041eb8a43,fede9d18-47bd-03b2-a0a3-73ae43fbcf88,aad9a3ed-094e-43a1-b64d-0e4f60c95c04,2024-08,1,0.9687590270500781,0.6388192166698823
1301ad00-71d0-4a52-907a-8c4c53a9bd7d,fede9d18-47bd-03b2-a0a3-73ae43fbcf88,aad9a3ed-094e-43a1-b64d-0e4f60c95c04,2024-08,0,0.04370477150871766,1.0
0203e060-0764-4335-b26e-6894e57cda3e,fede9d18-47bd-03b2-a0a3-73ae43fbcf88,aad9a3ed-094e-43a1-b64d-0e4f60c95c04,2024-08,0,0.1349627718929705,0.5
16bc3f9a-311e-4545-add4-a09b5ce107b0,02295215-68ff-b712-391f-44370ddab3fc,fc63a4a8-0b3e-406f-8ccb-2105eec8e19b,2024-09,0,0.3446937152709451,0.6388192166698823
311769b5-8094-4bdc-ad03-2599dea1c2cc,02295215-68ff-b712-391f-44370ddab3fc,fc63a4a8-0b3e-406f-8ccb-2105eec8e19b,2024-09,0,0.15707801349751524,0.6388192166698823
469112df-34e4-43a4-930c-68c6e0af6d3a,0632e1c8-fb91-3269-00af-8a625740b33a,db29fb51-7937-47b8-89ae-a76c37602092,2024-09,0,0.309325530989343,0.25
e6e7fc24-bdb5-4a35-892b-ae624db0e75a,0a550b32-ac5f-efb6-6d3b-e9975e20a82d,95855f3f-2de6-4518-923a-d6bb61e6edd7,2024-09,0,0.13050935497044433,0.0
d02a8935-8f3b-4d0d-940b-8b9f59df294f,10f3edc6-4b03-b82d-8df1-09ddaf031c0c,d0b11ad6-7841-48cf-82cb-55e373063fac,2024-09,1,0.9611986373629336,0.6470588235294118
38f9088e-9840-4076-b178-462a508f6417,146a8458-f956-54ed-317f-b99f7d16fff8,9698da1c-596f-48ae-8618-16b9c409f192,2024-09,0,0.20349218006259487,0.3333333333333333
2893d330-4dcd-4a1a-9a62-d589f3e8905f,148cb172-cc40-9c01-ffa5-33aa5d70bad8,a2b40718-04d7-4dbb-9143-65a881e8a092,2024-09,1,0.999819479401374,0.8333333333333334
c248f865-ebb2-466c-855c-76be2f0b3c3c,18788fe2-f6a2-826e-2199-6cec118c6d00,6a5d492b-8175-4c5d-86ac-ff94ea72d963,2024-09,0,0.631938013268686,0.3333333333333333
3bac209e-4adb-40e7-a53c-c977a091e711,18d86801-3cb7-11d4-8b9d-433429296014,9c5f6705-4936-4bf4-91d9-8bd75b4c341b,2024-09,0,0.14894996097557342,0.0
3eb4b903-38ee-424f-8a24-2d6bb7a292d4,1fc0c3bb-f35c-8d5d-a4fa-a9c1723cd8ab,0d1504e1-2884-4dba-97bd-0c3bc37e1669,2024-09,1,0.9993247759916177,0.6666666666666666
52f5a83b-c2d5-48c4-a242-db00c60ea2ff,227f376b-633a-5615-5670-c29559d0a08b,b98f8c1f-f2b7-4f45-a583-7bb76e52c466,2024-09,0,0.14894996097557342,0.0
1ef5c6a6-d72c-4717-a709-2cb4e8a2924e,22a9494d-0e02-6fba-4aee-7947f1e6110b,a9694079-2985-486a-8cd6-bd3243751b22,2024-09,0,0.2221913184594705,0.6388192166698823
5eecdc91-8a4c-4f38-9f9d-5bb9a89c67ca,24ae889b-240e-b064-cfe8-2b27224c15b0,1acb933b-ee06-488d-ae63-6aa49797c684,2024-09,1,0.998510435233119,0.9230769230769231
cfba4c2b-1e61-4925-b6ce-8d1f0c46ae84,251051cf-e3b5-5d37-918f-bf22b4875790,b6d39ec4-f024-431b-9783-7b6485fc2a85,2024-09,1,0.9729060187451211,1.0
40ee7c07-d3f7-4a5f-a4d7-64287ab3f345,25b63db3-6d1d-cb00-d25c-dfd8b4b17909,323f67cc-5fe8-4e19-89b1-838f908c4f0a,2024-09,1,0.788350327735385,0.75
aca95806-229a-4d0e-a066-90a2e1ee8ece,276b5368-040e-e40e-948d-d1159a743920,47427b81-4142-421e-aa12-04d8f6f5d16d,2024-09,0,0.8631550544160165,0.5
ca2ab2ca-8875-4170-9699-63eff600f29a,2794ccf7-4966-f00d-35d6-34ac17db73ea,29309a70-09a1-4c35-b877-ca27b04ec436,2024-09,1,0.9997566082326035,0.8333333333333334
09937f09-8043-413c-94db-70fc9f280636,28bc36ac-10ee-238f-d3f4-24d10136bbb5,d9d1d753-3cdc-4350-a425-b36a52b7df96,2024-09,1,0.9969229094912986,1.0
eb6e6121-f584-42b1-968c-7f019c177d6d,2a58151b-3aea-8f37-a254-56432cd03704,6eeeaa8d-a857-4a5d-bc20-06d00edbaedc,2024-09,0,0.9935484410559723,1.0
e75d6db9-baa1-447c-8ba0-3488cf5da525,2a58151b-3aea-8f37-a254-56432cd03704,6eeeaa8d-a857-4a5d-bc20-06d00edbaedc,2024-09,0,0.8487454774486529,1.0
363795c6-3b31-4b8e-92cf-18f78bbbb41d,38069f8b-d44e-0b86-a0d1-dafac5ae1232,0bb006a6-102a-47c8-8091-3f3a4bc5731a,2024-09,0,0.2986005195636263,0.0
ab87c987-f165-48e4-b5e2-1f74f2bf7635,40a2b6da-1224-e406-7b33-bed31c6f706b,4397e78a-e410-49f9-89b8-18f3bbeabf47,2024-09,1,0.42059769241097494,0.5714285714285714
567eef7d-1e0c-4c67-9792-49deb1934766,40a2b6da-1224-e406-7b33-bed31c6f706b,4397e78a-e410-49f9-89b8-18f3bbeabf47,2024-09,0,0.20724040030825558,0.625
b8757470-782a-454b-88cb-0badf6e824e1,414e0bde-7a49-1083-4e22-1fa3dca1b3c6,86bd0990-56e2-4bc9-97d0-f4794c3ea567,2024-09,0,0.3316269835355503,0.0
326984e8-04e3-42f3-931f-3ef1f5b7b1d7,430caea5-4a9a-cf87-274e-54e1547ff83b,baa51bf8-ec5a-4485-9bce-721b5f37edcb,2024-09,1,0.9873181259484756,0.29411764705882354
da14a5a1-ef68-426a-99f8-ae158b6825da,4628a4bf-d4c5-9e5d-471c-271b9f3e7d03,460261c6-c1c2-4654-81fa-19637f3602a8,2024-09,0,0.581773653363594,0.4117647058823529
8b067050-8ef6-4415-843e-97d5013ec4c8,46d380ca-fe7a-07d2-4570-5de890c8fdc7,6a62bcb7-2838-4247-9556-3de6988f214f,2024-09,0,0.47575114206823765,0.0
51d807bb-653d-4da2-98dc-2060dbc28d1c,49355947-7605-ec5f-7d81-a6597f38d76b,0318d74f-95a7-4ced-92bb-ded9eb88d273,2024-09,0,0.0401192552330058,0.0
86774601-7a7c-4df7-ad33-14b9af8945b7,49cf43d8-a86e-89e5-c138-85e43fd070f0,8a0ab625-5691-4394-82ef-44ef90833de2,2024-09,1,0.9994269241328524,1.0
eb3c4e1c-34b8-40e1-92b1-3016c78d0723,4c4ad4c9-59bf-f152-d0ff-6502ec564cc9,91e9c4a4-cf9f-4ea2-bbce-8ca8d01150ff,2024-09,1,0.9996314043433487,1.0
9379709d-ae19-4211-a6f0-cbed6f7b3949,4cf13b7d-67b4-87af-6795-b532998a9b0d,924c2996-22b9-4f75-a760-a40afe04263f,2024-09,1,0.9975984876021331,0.75
249dea20-4507-460a-832b-77aaf6c9d1d7,5110bc8b-7229-5952-e9db-5feb33391303,02ca5efe-e730-44ed-8213-fb622197978a,2024-09,1,0.9574178884131588,0.8888888888888888
a08a350d-d0a6-4b1b-b32d-1e6bf4cf7a94,52bfd1fd-5813-000e-3603-19146a2ecd4e,56498d84-884f-40e1-bd91-cfb6c94eb3f8,2024-09,0,0.5534408646526633,0.5
af98f4da-0809-4e33-aaab-239ed9245e82,546aae84-2600-f943-b571-67441bea409a,52d6aec0-5afc-4403-ac70-23cf15308741,2024-09,0,0.09306531148049849,0.0
46b56942-e69e-4b84-92b6-22ffbc13a50b,5a1e4739-df51-1e97-95c7-31602fc06832,ab42acef-df0d-4f2b-9def-a961cdf6c003,2024-09,1,0.45201847809051193,0.6666666666666666
bf0fe4be-ce5d-4689-a47e-5fe0ba514665,5a4bd906-07d0-3c04-680d-6ee01f174660,6eda4f36-5ba8-4b93-b2de-022481039f46,2024-09,1,0.9990261748902601,1.0
c33fc301-24b7-4b19-af37-e15d0d8de22a,5d4122d1-48a3-607c-cb72-e1956caece73,0ab4614a-82b3-4810-b877-e696de754080,2024-09,0,0.09676898483502999,0.0
9200b66f-9677-427d-8205-17d4f0cab574,61031b0a-ef18-26aa-64b7-d412d7b3d276,99eb3f32-d53e-4470-ab2a-09ed6e9b3872,2024-09,0,0.7204643663916925,0.6
60fb08fb-f1ac-442c-b538-762db0f36022,675d671b-b922-0d97-9c09-357c7a434808,c0d5ac03-c532-4c77-b4d1-1c695192a063,2024-09,1,0.9696620056816138,0.7058823529411765
097ffd6a-4a41-4d14-aab8-26149a776c36,67807154-ef25-1968-49fd-cfe0fbdff7d4,a55b21c2-e0cb-4c70-84fc-8a05ff0867a8,2024-09,0,0.45302312195415123,0.6388192166698823
8586efd1-3dfd-467b-97d3-efa26d2de8e4,67807154-ef25-1968-49fd-cfe0fbdff7d4,a55b21c2-e0cb-4c70-84fc-8a05ff0867a8,2024-09,0,0.15717350804407634,0.6388192166698823
d682da08-8a28-4c62-b693-3cbba681ee01,6ce85c3e-5f40-4297-8c38-22ac7432420e,43dd8c38-f19b-4e75-a934-ec4c973686b9,2024-09,1,0.9993447729234665,1.0
0bfb91bc-fdbc-435e-b011-52a6d77e4527,6dd50e39-9843-4442-cc09-3b49fbe97fb9,874b3b50-b801-4e30-a0a9-808746433886,2024-09,0,0.051787650524366194,0.0
bf9905ee-c958-471a-b03f-fb0f534e17d2,6df42279-282f-e2ae-a821-304ef8c14cfe,47ff34bd-dce4-48e4-91d4-a599695e48f1,2024-09,1,0.9809832675051,0.6666666666666666
6afbef16-b496-4117-868b-7bbc315dc8e7,6e78d4b6-a6fd-2857-0e43-fd3dd95ac5d5,5f811af1-7d24-4112-8cad-e7245ea2634a,2024-09,1,0.9993930423962459,0.9333333333333333
a6110751-b8cc-4b4b-b550-9dbe507dd020,6e83fcb8-4992-041a-cc06-1dd780a369bd,128d1130-7d0e-426e-9622-a3535454c173,2024-09,1,0.665388273299777,0.4
66041b82-322c-47c2-b9d5-c9def21a192c,70945c9c-c8e9-8721-8ecf-dfdaf4a30fde,a28bb1f5-9704-48e7-beab-26353d29a960,2024-09,1,0.761097320942593,0.5
804a0c62-02c0-40c1-a60f-7fd7cc491a0a,720a2f6c-96ce-3f42-8ec4-faec53d5a915,4eaa06fe-be7b-4d8f-8cba-fd92a3d3fb69,2024-09,0,0.28051757397132626,0.5
1c59c473-f029-4990-9d2b-052bd62e2770,72263e8d-e74c-b64e-af0c-e7f293e84d88,8419d24a-5624-4735-bd3c-af55612a12f8,2024-09,0,0.8631550544160165,0.5
470fd34d-3a70-44a6-a8fc-e7e981d0628d,74c6b975-b0ab-c8b3-8acd-2cf53597a72b,ea40fdca-3e27-466c-910c-99fef52b75d6,2024-09,1,0.9769412152355792,0.3333333333333333
d6c064e5-5498-4ef2-a45a-ae7aacb145bc,77dd12b8-a20b-05c8-2372-79ba1b1624a9,3ca315cc-b9c4-4379-be8c-c2df8c0e42d6,2024-09,0,0.08286178920010669,0.0
dd525eca-9e56-478f-ac66-26263d714b50,79e31f6f-69dc-a40c-27d7-3f076878f83c,a0cd9c66-c067-4001-ad7b-586b6c15537e,2024-09,0,0.1362672561789442,0.0
a0039713-007d-44c1-b357-133a1cb20ca6,81f2f896-343e-d20b-9964-56fe1a515cc4,25ee80b8-cf8c-4ae2-be73-fe7c991751ce,2024-09,1,0.9984378082774358,1.0
ec9a6f81-5795-47d6-b847-bde9324f4f9d,8208282e-43b7-930c-251f-223cdeecd947,3b1a2c86-d73f-4573-8cf4-712db5199f67,2024-09,0,0.04508568059136327,0.0
10cbec06-7351-4e3f-af9f-8abe8932ffcc,855f3f6a-72ae-46f4-4cc2-a9a0d5df5b70,9131c211-f95d-4213-9955-02879ced6aaf,2024-09,0,0.49231185183046716,0.09090909090909091
aac0a9be-0aa8-4f79-975b-7955a6a9270d,8aacbc78-5e56-b3c0-f8bc-fcb5490b94f3,d06e259b-0f3f-4c09-bc77-00ec39ab5924,2024-09,1,0.9970237466861962,0.7857142857142857
d64c1a24-1b70-4109-be84-5462175eb5d4,93eb3d6a-d35b-ef1f-83b8-7430b6ad1674,c812ba7b-6318-4ce6-b0dd-78749fff30e5,2024-09,0,0.09405038858519266,0.0
e1c30b7c-a368-470d-a6f3-71906ed39740,950dd22f-78fa-d205-48b3-fe5a5cc7438e,62887698-aebf-475f-9c98-0a212110dd24,2024-09,1,0.9945367628702649,0.6470588235294118
0b55aa40-b4e8-4fa6-bfc4-9078a722637c,97df6798-c997-e797-69e0-f9b4b90aa285,028fb3c7-fa96-4d12-9554-7511a3d7ab06,2024-09,1,0.9858784319862782,0.6388192166698823
7da5f36d-654a-4558-97cd-4d98ab982cde,97df6798-c997-e797-69e0-f9b4b90aa285,028fb3c7-fa96-4d12-9554-7511a3d7ab06,2024-09,0,0.3944951789346319,1.0
525dac1a-365d-428d-b496-4f30ecafa68c,9842fbe1-4d57-13e7-6abf-aed2f18d4ca0,f395ecb5-f67d-431c-8735-291f7a05d552,2024-09,1,0.9974797008416129,0.9473684210526315
5af22392-6e60-42a3-8676-417caecdb013,9aab8e6f-97e4-131f-c6cd-a91d11668656,c2b24d33-90f8-4d46-aca8-d99bb1f2c844,2024-09,0,0.20133522679401464,0.3333333333333333
563abf00-29ed-4f0d-a20b-e3ddf1b3b883,9c916618-64b4-6c3e-0d5b-d33a42a6b966,298a7c4d-846f-4232-aa3e-ca7136e7ebe0,2024-09,1,0.9734694977598036,0.6666666666666666
a134945b-32cc-416f-806b-76c6db5233a6,9e64e0fa-e34a-1c76-8e4a-1452643fab9a,c60e7351-900f-4499-a207-99f3acb1ba49,2024-09,1,0.8242696756901036,1.0
73794b83-0fae-4c54-8a26-27856dea2b3e,a38721f4-003a-7262-22a7-44e0f2c0754d,d6ff5050-d218-472d-8629-1e322818167d,2024-09,1,0.9914914174912193,0.9473684210526315
efa8cf02-5d44-4666-af76-2c1309c7d29c,a66a39a1-af53-6290-1e0b-7fc51cc20608,efa0d66e-ad3e-4e99-b4ea-e5a7da61f354,2024-09,1,0.9997579218285516,1.0
349725b7-0b57-4ecd-9a69-7444e8145ae8,a7798da2-f8ee-1840-a1f3-f29a9e764b97,9ffe9701-32ac-461a-b5a1-8bb653d34a4b,2024-09,1,0.9998694869749988,1.0
7262df09-809e-4b68-a6a7-60e50fc075c8,a974c0ea-b223-c4ff-2027-207ec4a462ac,59864420-62d6-4d3b-9b98-6872f9821633,2024-09,1,0.9978188101412537,0.9444444444444444
15810142-9074-4e19-8bbf-66775561eaee,ac5ee6bc-de6f-6f5a-a196-731bff043dc7,09848a8b-4b46-4fc9-85b8-9a46fecdd91c,2024-09,0,0.7653742735874403,0.3333333333333333
fb7abffd-4129-4e9d-ae21-e1da001d9833,b111e4dd-be1d-2c79-3945-480547761b5f,1e0bb8aa-b4ea-473a-90f7-c89d96df2323,2024-09,1,0.9995289943358584,1.0
b02f5aac-4a38-4645-9c9e-fc2efd4e1f38,b19dfc6c-a5d5-734c-3d3d-6389c281b3bb,2ddbff71-425b-4f25-a932-e1bf574b2035,2024-09,1,0.9970106125714598,0.75
1c342bbb-6ae8-484e-bcdc-7521e9c4017e,b274d6e3-01a3-9f4e-b312-7088b787357d,10f786c8-3837-4bf5-9d96-10b34c9cfbb6,2024-09,1,0.5751514859581484,0.375
a4cd1db8-bc82-40cc-82ca-3b2fda251a88,b274d6e3-01a3-9f4e-b312-7088b787357d,10f786c8-3837-4bf5-9d96-10b34c9cfbb6,2024-09,0,0.17046979983746827,0.4444444444444444
922cec94-ae80-421a-8601-bf6b6bf378b4,b533de62-fd5f-cc73-01ad-82aaf5df2fd1,8dd4cde4-2050-4622-be37-13f72db9b434,2024-09,1,0.5149762030033337,1.0
276b3611-168a-411d-9719-544b11b8cf28,b865619d-9980-0806-c5b5-97fee058322e,296f0113-6916-40f3-8fcc-cd54685de8f3,2024-09,1,0.9598715299951822,0.7777777777777778
82c9c7cf-3666-48d9-a9e3-19081233fc3e,ba8dd5e0-ed0e-8b6a-7098-2732476feb31,31a1c073-bb44-4019-8548-0c5a8114de7b,2024-09,0,0.09847332162554143,0.0
a22eda5a-fbb4-414d-8efb-7008c5be456c,bcf8ffc1-fd5c-f6ab-0453-7a73c73786dd,d1981985-ab9a-4777-b85f-46da934e391c,2024-09,0,0.45015774256465746,0.3333333333333333
337ebc61-3319-4bfd-8385-9e6854983f5b,be84008a-74d3-3cc1-6fd6-bcef998f7bff,4ab14a0f-9437-43ed-9504-94985a2312ab,2024-09,1,0.9897388506627028,1.0
ab9b070e-f9ca-4435-b857-5d5ebf1a2ac4,c084c357-8268-b2c6-76e0-aa7c5b28eace,e0cea7aa-9e68-4f66-9ae4-9f48e4753c98,2024-09,0,0.9323245555232954,0.5
aa691c5e-a904-4568-a085-48db66ddbabf,c09e703c-d287-38c8-d1c1-239145e17df9,d60bf084-22b7-4aeb-a8fd-b48b4786c6fd,2024-09,1,0.9986932652797988,1.0
2eceb083-cc08-4308-b54e-164e3bb6a327,c61d6da9-3c3c-ce83-9533-0da9eb03e275,62dc2b76-d436-4b3d-8d68-d366afc0ac24,2024-09,1,0.9984450547084511,0.9333333333333333
5d0d49b7-0a06-4efa-afb8-87032d454e21,cd2c3f97-4df7-b32f-d0c0-12031beae516,1265235c-5696-491b-925f-044ee29ba97e,2024-09,0,0.10755441378404275,0.0
1efb6e5d-1c9c-41fd-8ba8-6a51cf891722,cda37b51-1bbc-af0d-a560-49af88fdc751,d66308ce-65d9-4c63-91b1-96f32f42036c,2024-09,1,0.07447836276898849,0.0
36032039-95e3-44c3-887a-714e60daa5a3,cdfd7474-0325-1b45-657c-35abca5b28ee,4364ae28-1999-46c4-86a4-3d9565069abf,2024-09,1,0.22456261122390656,0.0
db2af785-eff1-4a5f-be6e-93c6907e5ec8,cf1318a5-0564-4af6-d90e-c3e76de1ef08,5268e485-491e-40b7-942f-61c133c796bb,2024-09,1,0.999901581814623,0.9090909090909091
9fe757ec-8683-4f01-9307-e27b826b8e78,d257c87f-0e42-048c-8409-362e925d86fc,597c2d33-b758-4acd-811b-c7b22289dcbc,2024-09,1,0.9960476754851096,0.6
ccc995d9-92be-420d-a000-149fc8fe0249,dd81a269-5627-77bf-d8c4-d2e7d309f56e,f6b29b1d-c950-46ae-a66f-fe48ad0eac52,2024-09,1,0.999171187054068,0.8
744d760b-7f17-4290-84f7-1f1a83867275,df5ea39c-c069-5211-271d-f0d3831adefa,3394785d-ad9b-442e-9c87-3ab4f47b1876,2024-09,1,0.20699492543284226,0.23529411764705882
5b4d13db-b11d-43d6-8223-a4cc5668558f,e233ae7e-605b-92bf-31a6-0378b74a09fd,f7f50c4c-4d0e-4e95-b2f6-fb00fdcf69d8,2024-09,1,0.6794537064876872,1.0
07f549ea-d514-41c8-94fb-a0a640b1619f,e6dde6a9-4da9-d1a2-802a-faf5db207e8e,c7d4572a-4e5f-4f8a-a891-082b31db6c86,2024-09,1,0.9935571343754906,1.0
8bb80d2e-283d-45dd-8031-732fd4b3cf1c,e6dde6a9-4da9-d1a2-802a-faf5db207e8e,c7d4572a-4e5f-4f8a-a891-082b31db6c86,2024-09,1,0.9985690542745457,1.0
2ef99018-2619-4b51-8ebe-662a8fbbd344,e94dc9d5-cb52-49ec-80b1-98376aceb874,64e94573-3ff8-4444-8463-cc997625aa46,2024-09,0,0.8536405764017031,0.6666666666666666
b2d52677-dcce-4314-ae99-4cd6b8015392,ee61dd03-6eb9-0d71-8bf4-a01ac422b8be,a49dfe35-7e1e-4d81-a32b-8877a575eb1e,2024-09,1,0.975853371540184,0.6388192166698823
e8f37300-1758-48df-8e35-13c1cc187c9e,ee61dd03-6eb9-0d71-8bf4-a01ac422b8be,a49dfe35-7e1e-4d81-a32b-8877a575eb1e,2024-09,0,0.2996552897437813,1.0
34be7b18-e8d4-44a6-ba99-5988f2c67247,fede9d18-47bd-03b2-a0a3-73ae43fbcf88,aad9a3ed-094e-43a1-b64d-0e4f60c95c04,2024-09,1,0.4185671465748139,0.3333333333333333
ace9f58b-9e1a-4aec-a820-a8c043b4d0c1,02295215-68ff-b712-391f-44370ddab3fc,fc63a4a8-0b3e-406f-8ccb-2105eec8e19b,2024-10,1,0.5057447263622161,0.0
b12a946d-6aa8-4a30-979d-f1ca74c4f57b,0632e1c8-fb91-3269-00af-8a625740b33a,db29fb51-7937-47b8-89ae-a76c37602092,2024-10,0,0.17220413836500334,0.2
a1c0bbad-b74b-4475-aa8c-193fd06155e3,0a550b32-ac5f-efb6-6d3b-e9975e20a82d,95855f3f-2de6-4518-923a-d6bb61e6edd7,2024-10,0,0.11258539806449522,0.0
1cc9ce43-4598-402b-baa1-738e0cac6a0b,10f3edc6-4b03-b82d-8df1-09ddaf031c0c,d0b11ad6-7841-48cf-82cb-55e373063fac,2024-10,1,0.9950106945983583,0.6666666666666666
238bd8f2-0a6a-45a3-8d2f-b5915d60d5f0,146a8458-f956-54ed-317f-b99f7d16fff8,9698da1c-596f-48ae-8618-16b9c409f192,2024-10,0,0.21711480519895235,0.25
dda2e1a2-8b9a-4b87-ba4d-2006e116870c,148cb172-cc40-9c01-ffa5-33aa5d70bad8,a2b40718-04d7-4dbb-9143-65a881e8a092,2024-10,1,0.9998994038865252,0.8571428571428571
0b903a6c-5f6d-4532-9d60-0247471ea049,18788fe2-f6a2-826e-2199-6cec118c6d00,6a5d492b-8175-4c5d-86ac-ff94ea72d963,2024-10,0,0.23368411756695712,0.25
cd4814be-6078-42da-8dbb-513f6c301bd9,18d86801-3cb7-11d4-8b9d-433429296014,9c5f6705-4936-4bf4-91d9-8bd75b4c341b,2024-10,0,0.10995605996040848,0.0
df6029ec-349c-42da-b974-5d812ad361a0,1fc0c3bb-f35c-8d5d-a4fa-a9c1723cd8ab,0d1504e1-2884-4dba-97bd-0c3bc37e1669,2024-10,1,0.9996442265373633,0.6842105263157895
3a601dd3-869d-4276-b484-17bab811f3db,227f376b-633a-5615-5670-c29559d0a08b,b98f8c1f-f2b7-4f45-a583-7bb76e52c466,2024-10,0,0.10995605996040848,0.0
e8feea46-08a8-4a94-8028-ecad52479b56,22a9494d-0e02-6fba-4aee-7947f1e6110b,a9694079-2985-486a-8cd6-bd3243751b22,2024-10,1,0.20174777598311755,0.0
8ace8f4d-b5a0-4101-a2c0-859bae124961,24ae889b-240e-b064-cfe8-2b27224c15b0,1acb933b-ee06-488d-ae63-6aa49797c684,2024-10,1,0.9988202896347937,0.9285714285714286
47a154ad-0a1f-4a7b-b3b9-5cad3bdbde51,251051cf-e3b5-5d37-918f-bf22b4875790,b6d39ec4-f024-431b-9783-7b6485fc2a85,2024-10,1,0.9998510661575819,1.0
d74b790a-af3a-4d84-9d0d-b5146aa5d04b,25b63db3-6d1d-cb00-d25c-dfd8b4b17909,323f67cc-5fe8-4e19-89b1-838f908c4f0a,2024-10,1,0.8488442343701812,0.8
2ab159f3-5bfc-4b21-8690-5de097e61c3c,276b5368-040e-e40e-948d-d1159a743920,47427b81-4142-421e-aa12-04d8f6f5d16d,2024-10,0,0.30711149663542403,0.3333333333333333
ca2c9bb5-2146-4a23-9aa5-f1bd4b05ff0c,2794ccf7-4966-f00d-35d6-34ac17db73ea,29309a70-09a1-4c35-b877-ca27b04ec436,2024-10,1,0.9981622438764916,0.8421052631578947
8b8df5fb-1d5e-4f89-a50b-e7d16338e1eb,28bc36ac-10ee-238f-d3f4-24d10136bbb5,d9d1d753-3cdc-4350-a425-b36a52b7df96,2024-10,1,0.9979332499209003,1.0
8a57ee6f-3a94-42b7-8821-23586cd5b06b,2a58151b-3aea-8f37-a254-56432cd03704,6eeeaa8d-a857-4a5d-bc20-06d00edbaedc,2024-10,1,0.9530881460177802,0.9
d9ecd344-6aa9-4cea-985d-052974cb47bb,38069f8b-d44e-0b86-a0d1-dafac5ae1232,0bb006a6-102a-47c8-8091-3f3a4bc5731a,2024-10,0,0.2160358602052324,0.0
8ca163f4-4bf2-4b19-b0a2-06ae67e443b8,40a2b6da-1224-e406-7b33-bed31c6f706b,4397e78a-e410-49f9-89b8-18f3bbeabf47,2024-10,1,0.8323214271337103,0.625
c080ba54-0c74-45a0-8aad-66fc3327cd2b,414e0bde-7a49-1083-4e22-1fa3dca1b3c6,86bd0990-56e2-4bc9-97d0-f4794c3ea567,2024-10,0,0.8019309301923957,0.0
6e06d667-2306-4ef3-bbcf-85a8f1fbaade,430caea5-4a9a-cf87-274e-54e1547ff83b,baa51bf8-ec5a-4485-9bce-721b5f37edcb,2024-10,1,0.992416806904947,0.3333333333333333
498ab3b9-8471-4e3b-8557-bcb4e9235dcc,4628a4bf-d4c5-9e5d-471c-271b9f3e7d03,460261c6-c1c2-4654-81fa-19637f3602a8,2024-10,1,0.5342847589952208,0.3888888888888889
14ae739b-36e9-4e56-ae97-83afc970dcc1,46d380ca-fe7a-07d2-4570-5de890c8fdc7,6a62bcb7-2838-4247-9556-3de6988f214f,2024-10,1,0.32561054240492826,0.0
49657f8c-a3dc-4ff4-89d9-f757c3f62bcc,4767b29c-fde2-16bf-4b29-9e8578a3b33f,6bbf10b2-fdb1-4ed1-ae55-813b503b48f9,2024-10,0,0.06119163986727657,0.6388192166698823
6cbd917b-7050-46af-999b-1e0b483b00c9,49355947-7605-ec5f-7d81-a6597f38d76b,0318d74f-95a7-4ced-92bb-ded9eb88d273,2024-10,0,0.09737073863562544,0.0
9b2efaf2-d182-42cc-b1d3-5f82ae0f38b1,49cf43d8-a86e-89e5-c138-85e43fd070f0,8a0ab625-5691-4394-82ef-44ef90833de2,2024-10,1,0.9996917354747462,1.0
50120d35-4e55-40b9-97ea-dda744e972d0,4c4ad4c9-59bf-f152-d0ff-6502ec564cc9,91e9c4a4-cf9f-4ea2-bbce-8ca8d01150ff,2024-10,1,0.9997148801641154,1.0
1acc55ed-34de-40a1-b76e-a3cee7f66184,4cf13b7d-67b4-87af-6795-b532998a9b0d,924c2996-22b9-4f75-a760-a40afe04263f,2024-10,1,0.999543479622893,0.8
05680e52-5e88-4210-96d4-26ab7ceedda0,5110bc8b-7229-5952-e9db-5feb33391303,02ca5efe-e730-44ed-8213-fb622197978a,2024-10,1,0.9795523925060039,0.9
962fa96c-83e0-43b5-ba16-da24b6ed4d3a,5110bc8b-7229-5952-e9db-5feb33391303,89a2e9a1-acaf-4bfd-996a-8a996e3d3f9a,2024-10,1,0.9539806024287447,0.9
271e8124-f9d1-411a-881d-a24905a75575,52bfd1fd-5813-000e-3603-19146a2ecd4e,56498d84-884f-40e1-bd91-cfb6c94eb3f8,2024-10,0,0.400230368790098,0.42857142857142855
0e1d42cd-d8d2-4bd8-b5f7-9a679440c952,546aae84-2600-f943-b571-67441bea409a,52d6aec0-5afc-4403-ac70-23cf15308741,2024-10,0,0.05759551710533675,0.0
ca9a7a31-e6a9-459b-b44c-20abd69b0142,5a1e4739-df51-1e97-95c7-31602fc06832,ab42acef-df0d-4f2b-9def-a961cdf6c003,2024-10,1,0.8461234315850793,0.75
799ab74a-4756-4a37-a3bb-c64d81b5d4f4,5a4bd906-07d0-3c04-680d-6ee01f174660,6eda4f36-5ba8-4b93-b2de-022481039f46,2024-10,1,0.9984901632154443,1.0
08c84b96-dd32-4ae4-bad4-465f0d30d1ad,5d4122d1-48a3-607c-cb72-e1956caece73,0ab4614a-82b3-4810-b877-e696de754080,2024-10,0,0.10585941988150005,0.0
e585b39a-998f-499c-b421-39f2fd955534,61031b0a-ef18-26aa-64b7-d412d7b3d276,99eb3f32-d53e-4470-ab2a-09ed6e9b3872,2024-10,0,0.7646092411657173,0.5
3e24506a-f544-4ecb-a978-aa4846b5de93,67807154-ef25-1968-49fd-cfe0fbdff7d4,1039a56f-b966-42c7-af24-d9c93b6e6e3c,2024-10,1,0.32713456174001565,0.0
677aa83b-576d-4709-8bf9-0514e5472b55,6ce85c3e-5f40-4297-8c38-22ac7432420e,43dd8c38-f19b-4e75-a934-ec4c973686b9,2024-10,1,0.9997216841653229,1.0
b18f23df-0f26-46ce-a88a-cc3ae8deeb11,6ce85c3e-5f40-4297-8c38-22ac7432420e,43dd8c38-f19b-4e75-a934-ec4c973686b9,2024-10,1,0.8907106661155382,1.0
c1af82c3-0040-4dd0-ba8b-80d4bb6ecca8,6dd50e39-9843-4442-cc09-3b49fbe97fb9,874b3b50-b801-4e30-a0a9-808746433886,2024-10,0,0.16142130275212785,0.0
f7c9485a-fa20-4965-ade8-27440a19c8ba,6df42279-282f-e2ae-a821-304ef8c14cfe,47ff34bd-dce4-48e4-91d4-a599695e48f1,2024-10,1,0.8436277657297057,0.75
48122d9b-acf2-497d-ac09-947351965f37,6e78d4b6-a6fd-2857-0e43-fd3dd95ac5d5,5f811af1-7d24-4112-8cad-e7245ea2634a,2024-10,1,0.9992260016477078,0.9375
9b1b4186-825f-4e17-811b-6c8a444d30a3,6e83fcb8-4992-041a-cc06-1dd780a369bd,128d1130-7d0e-426e-9622-a3535454c173,2024-10,1,0.6448242787647795,0.5
be6a9d4e-a387-4383-839e-7dc239ece5cf,70945c9c-c8e9-8721-8ecf-dfdaf4a30fde,a28bb1f5-9704-48e7-beab-26353d29a960,2024-10,1,0.9779618947248583,0.6666666666666666
d2929aa6-b3ef-48eb-96bb-078201fca58f,720a2f6c-96ce-3f42-8ec4-faec53d5a915,4eaa06fe-be7b-4d8f-8cba-fd92a3d3fb69,2024-10,0,0.7769517603222835,0.3333333333333333
4b87ce14-1032-4bd8-868b-473d53e865e2,72263e8d-e74c-b64e-af0c-e7f293e84d88,8419d24a-5624-4735-bd3c-af55612a12f8,2024-10,0,0.30711149663542403,0.3333333333333333
33e8ca0f-14f6-432d-8673-89c0e5049113,74c6b975-b0ab-c8b3-8acd-2cf53597a72b,ea40fdca-3e27-466c-910c-99fef52b75d6,2024-10,1,0.9956057514663506,0.38461538461538464
fa3957e4-adb7-4813-8ffc-53374a525d12,77dd12b8-a20b-05c8-2372-79ba1b1624a9,3ca315cc-b9c4-4379-be8c-c2df8c0e42d6,2024-10,0,0.02824607795709352,0.0
de6c7f35-72fa-4e0f-bb28-7e6accaa464a,79e31f6f-69dc-a40c-27d7-3f076878f83c,a0cd9c66-c067-4001-ad7b-586b6c15537e,2024-10,0,0.057223624719519625,0.0
480174c8-184f-4db1-8e0e-ead3c6556050,81f2f896-343e-d20b-9964-56fe1a515cc4,25ee80b8-cf8c-4ae2-be73-fe7c991751ce,2024-10,1,0.3740580375597034,1.0
eb6e98aa-1ed4-4a44-90af-2486aa8b6b38,81f2f896-343e-d20b-9964-56fe1a515cc4,25ee80b8-cf8c-4ae2-be73-fe7c991751ce,2024-10,1,0.9968587939521809,1.0
1a2654ef-5c3f-4f2b-96e7-9f4c07b86bcf,8208282e-43b7-930c-251f-223cdeecd947,3b1a2c86-d73f-4573-8cf4-712db5199f67,2024-10,0,0.2637572053774248,0.0
aca75161-0a91-4d56-876d-3f4b482a086a,854c86e3-8b7f-0ca8-f4ac-c6a073699611,8db9e51a-5204-4143-a5a0-086b8cd03403,2024-10,1,0.11551057510797388,0.6388192166698823
bc704563-3f56-4997-abea-00f7474517ad,855f3f6a-72ae-46f4-4cc2-a9a0d5df5b70,9131c211-f95d-4213-9955-02879ced6aaf,2024-10,0,0.2797900563592002,0.08333333333333333
e8f45243-6f6d-4219-b0d2-47430f244684,8aacbc78-5e56-b3c0-f8bc-fcb5490b94f3,d06e259b-0f3f-4c09-bc77-00ec39ab5924,2024-10,1,0.9996612949837368,0.8
08f12939-b454-4f49-bd05-242965c8fc58,93eb3d6a-d35b-ef1f-83b8-7430b6ad1674,c812ba7b-6318-4ce6-b0dd-78749fff30e5,2024-10,0,0.44915335151526364,0.0
12df4d02-ded8-40f1-b164-15cab2a5b1c4,950dd22f-78fa-d205-48b3-fe5a5cc7438e,62887698-aebf-475f-9c98-0a212110dd24,2024-10,1,0.9998030650306164,0.6666666666666666
75fac63a-0a29-4bed-8ac2-abe8fa21f44d,9653a402-ff75-bbdf-8cc6-1cb0ca01f233,81f71080-dac7-40e9-bb6b-3526cdd47015,2024-10,1,0.9357327708532931,0.6388192166698823
220015f6-5c00-4ff1-89b6-04380d73b44e,97df6798-c997-e797-69e0-f9b4b90aa285,028fb3c7-fa96-4d12-9554-7511a3d7ab06,2024-10,1,0.9521245824963219,0.5
ec446e89-ceb2-40f1-8fb4-10847896228a,9842fbe1-4d57-13e7-6abf-aed2f18d4ca0,f395ecb5-f67d-431c-8735-291f7a05d552,2024-10,0,0.9989882532236272,0.95
915c53db-d6fd-480a-b648-d59629988703,9aab8e6f-97e4-131f-c6cd-a91d11668656,c2b24d33-90f8-4d46-aca8-d99bb1f2c844,2024-10,0,0.6562972978374585,0.25
59a43ec5-7a4b-4507-b634-10ba4ecdd0fd,9c916618-64b4-6c3e-0d5b-d33a42a6b966,298a7c4d-846f-4232-aa3e-ca7136e7ebe0,2024-10,0,0.9861898795427485,0.7
7c2cf0b1-ab84-45c7-a71b-9b72b2e4c0bd,9e64e0fa-e34a-1c76-8e4a-1452643fab9a,c60e7351-900f-4499-a207-99f3acb1ba49,2024-10,1,0.9070971286422506,1.0
a15e6499-d77c-4367-8ef7-f6aede8f1935,a38721f4-003a-7262-22a7-44e0f2c0754d,d6ff5050-d218-472d-8629-1e322818167d,2024-10,1,0.9981801569152101,0.95
72b823d5-6864-450c-ad72-2502d3c68aa1,a38721f4-003a-7262-22a7-44e0f2c0754d,339c2194-5128-4413-ab41-c6c8a8128434,2024-10,1,0.9388087801541926,0.95
db324643-4a4a-4921-b384-f0fd6f819fc8,a38721f4-003a-7262-22a7-44e0f2c0754d,d6ff5050-d218-472d-8629-1e322818167d,2024-10,1,0.9388087801541926,0.95
f2b6353a-4656-467f-8f80-e1decc01729b,a3bd9264-4572-2548-a85d-c48e8880773b,43d57acf-0a6c-41c7-9d13-0fe412aa5e7c,2024-10,1,0.9698274607404238,0.6388192166698823
86057e6b-dd57-4be9-a32e-f525072af658,a3bd9264-4572-2548-a85d-c48e8880773b,43d57acf-0a6c-41c7-9d13-0fe412aa5e7c,2024-10,0,0.8185699549417611,1.0
5997d2bd-e9dd-4ad3-9bb8-d8c56d4c2608,a66a39a1-af53-6290-1e0b-7fc51cc20608,efa0d66e-ad3e-4e99-b4ea-e5a7da61f354,2024-10,1,0.9996018277696581,1.0
4360a120-eca8-4b26-9c3d-128573f50102,a7798da2-f8ee-1840-a1f3-f29a9e764b97,9ffe9701-32ac-461a-b5a1-8bb653d34a4b,2024-10,1,0.9998859878115622,1.0
9e12f1d2-2ec2-4780-a661-5509ca81b4c7,a974c0ea-b223-c4ff-2027-207ec4a462ac,59864420-62d6-4d3b-9b98-6872f9821633,2024-10,1,0.9986668842787366,0.9473684210526315
aaa7534e-0131-4708-bbcf-fd1292ec33e3,ac5ee6bc-de6f-6f5a-a196-731bff043dc7,09848a8b-4b46-4fc9-85b8-9a46fecdd91c,2024-10,0,0.4071479489576804,0.2857142857142857
6596796a-719f-440a-97e5-5e25809a3b83,b111e4dd-be1d-2c79-3945-480547761b5f,1e0bb8aa-b4ea-473a-90f7-c89d96df2323,2024-10,1,0.9993659566571322,1.0
52de9e32-e41d-47d6-8d40-9a6582a61529,b19dfc6c-a5d5-734c-3d3d-6389c281b3bb,2ddbff71-425b-4f25-a932-e1bf574b2035,2024-10,1,0.9990477882923833,0.8
273ef8ed-feb4-40c9-8899-9735c26b86e7,b274d6e3-01a3-9f4e-b312-7088b787357d,10f786c8-3837-4bf5-9d96-10b34c9cfbb6,2024-10,1,0.774039064638544,0.4
d56868e2-430c-4bbf-8582-ab2c69001c52,b274d6e3-01a3-9f4e-b312-7088b787357d,10f786c8-3837-4bf5-9d96-10b34c9cfbb6,2024-10,0,0.16197428239649395,0.45454545454545453
772ee939-1b3e-4bf3-805a-ca8d7f42c011,b533de62-fd5f-cc73-01ad-82aaf5df2fd1,8dd4cde4-2050-4622-be37-13f72db9b434,2024-10,0,0.93232264629886,1.0
9d697f2e-48bb-46ee-a989-aa11c2814ac3,b865619d-9980-0806-c5b5-97fee058322e,296f0113-6916-40f3-8fcc-cd54685de8f3,2024-10,1,0.9839385238853924,0.8
38d0de95-5512-4bec-bb91-1216206facca,ba8dd5e0-ed0e-8b6a-7098-2732476feb31,31a1c073-bb44-4019-8548-0c5a8114de7b,2024-10,1,0.07025851335330958,0.0
4bc9496e-4b8d-4c86-8cfb-e0f3a29a81b6,bcf8ffc1-fd5c-f6ab-0453-7a73c73786dd,d1981985-ab9a-4777-b85f-46da934e391c,2024-10,0,0.2552330415877809,0.25
07f92ad4-368b-433a-964b-9ab3e7bf9102,be84008a-74d3-3cc1-6fd6-bcef998f7bff,4ab14a0f-9437-43ed-9504-94985a2312ab,2024-10,1,0.9985302954665446,1.0
bc10bf40-cc4b-400f-be0e-541920539f68,c084c357-8268-b2c6-76e0-aa7c5b28eace,e0cea7aa-9e68-4f66-9ae4-9f48e4753c98,2024-10,0,0.6933096293370901,0.3333333333333333
f9c1283e-d75e-4c03-b967-16abcb7f5942,c09e703c-d287-38c8-d1c1-239145e17df9,d60bf084-22b7-4aeb-a8fd-b48b4786c6fd,2024-10,1,0.9984619018748991,1.0
d8f4fb52-804b-4558-b36e-1c01fc1243ef,c2329858-525d-2f70-5e31-bf9a8358eb3e,956b173b-5f08-4c46-999e-d04c26cb3609,2024-10,1,0.9684962731012436,0.6388192166698823
15b0e1c6-1537-4394-bb2b-e0179a9093d0,c61d6da9-3c3c-ce83-9533-0da9eb03e275,62dc2b76-d436-4b3d-8d68-d366afc0ac24,2024-10,1,0.9995997561388466,0.9375
72d2ea67-f77b-4447-843f-d7157b86a908,cd2c3f97-4df7-b32f-d0c0-12031beae516,1265235c-5696-491b-925f-044ee29ba97e,2024-10,0,0.1850023305526179,0.0
dec71e61-f815-4e0a-a4b9-fa075ce97e0d,cda37b51-1bbc-af0d-a560-49af88fdc751,d66308ce-65d9-4c63-91b1-96f32f42036c,2024-10,1,0.9986685987311588,0.5
8c04059b-1def-4cab-8583-3107a83cdf43,cdfd7474-0325-1b45-657c-35abca5b28ee,4364ae28-1999-46c4-86a4-3d9565069abf,2024-10,1,0.2910923902532132,0.3333333333333333
7681f7c8-6b7f-4d66-9f41-422028f57179,cf1318a5-0564-4af6-d90e-c3e76de1ef08,5268e485-491e-40b7-942f-61c133c796bb,2024-10,1,0.9996393349680771,0.9166666666666666
7a8732d4-3842-4e32-9b09-8d73dfec6b4b,d257c87f-0e42-048c-8409-362e925d86fc,597c2d33-b758-4acd-811b-c7b22289dcbc,2024-10,1,0.9985016204243816,0.6666666666666666
64282e10-af37-413b-8622-6f793727fbe6,dd81a269-5627-77bf-d8c4-d2e7d309f56e,f6b29b1d-c950-46ae-a66f-fe48ad0eac52,2024-10,1,0.99977313679812,0.8125
6b0310a0-6719-4919-b09f-01c24065382b,df5ea39c-c069-5211-271d-f0d3831adefa,3394785d-ad9b-442e-9c87-3ab4f47b1876,2024-10,1,0.49667134191702134,0.2777777777777778
108afc9e-d620-434b-95a4-f68da9c48df9,e233ae7e-605b-92bf-31a6-0378b74a09fd,f7f50c4c-4d0e-4e95-b2f6-fb00fdcf69d8,2024-10,0,0.9511290475925374,1.0
13d8ed90-4ed0-4625-8c51-f7cb674a1e55,e233ae7e-605b-92bf-31a6-0378b74a09fd,f7f50c4c-4d0e-4e95-b2f6-fb00fdcf69d8,2024-10,0,0.1666583871021278,0.75
0e65090f-6d0b-4085-a3d1-d4143c9fcf99,e94dc9d5-cb52-49ec-80b1-98376aceb874,64e94573-3ff8-4444-8463-cc997625aa46,2024-10,0,0.8967334647771196,0.5
03a9f25d-9e66-4e63-8869-88ccc04788c1,ee61dd03-6eb9-0d71-8bf4-a01ac422b8be,a49dfe35-7e1e-4d81-a32b-8877a575eb1e,2024-10,1,0.9906592082539663,1.0
15bad84c-1116-4b9e-b44e-603e5985e6da,fede9d18-47bd-03b2-a0a3-73ae43fbcf88,aad9a3ed-094e-43a1-b64d-0e4f60c95c04,2024-10,0,0.8747202373786881,0.5
3a850fca-8cce-48bf-80d9-da580f2f4977,02295215-68ff-b712-391f-44370ddab3fc,fc63a4a8-0b3e-406f-8ccb-2105eec8e19b,2024-11,1,0.7811516660488594,0.3333333333333333
a9709894-7b4c-48f6-b394-94d435100110,0632e1c8-fb91-3269-00af-8a625740b33a,db29fb51-7937-47b8-89ae-a76c37602092,2024-11,0,0.5228422937496967,0.16666666666666666
1c562e53-f840-4a68-aa15-79331fdfb0dd,0a550b32-ac5f-efb6-6d3b-e9975e20a82d,95855f3f-2de6-4518-923a-d6bb61e6edd7,2024-11,0,0.12462000330462134,0.0
7ebfabf9-0652-4a02-ba94-7563badff0b0,10f3edc6-4b03-b82d-8df1-09ddaf031c0c,d0b11ad6-7841-48cf-82cb-55e373063fac,2024-11,1,0.954732442452208,0.6842105263157895
c20daf18-f6db-4a5b-bf06-e7e9f622d6fd,146a8458-f956-54ed-317f-b99f7d16fff8,9698da1c-596f-48ae-8618-16b9c409f192,2024-11,0,0.13048442728291448,0.2
a615891b-3d72-4147-ac82-06e2aacaa45b,148cb172-cc40-9c01-ffa5-33aa5d70bad8,a2b40718-04d7-4dbb-9143-65a881e8a092,2024-11,1,0.9991300184202674,0.875
4cc43611-7727-4da6-a4dd-19f6621c6164,18788fe2-f6a2-826e-2199-6cec118c6d00,6a5d492b-8175-4c5d-86ac-ff94ea72d963,2024-11,0,0.15277839037015545,0.2
4a39b54b-e763-488c-8a8e-649f793a2200,18d86801-3cb7-11d4-8b9d-433429296014,9c5f6705-4936-4bf4-91d9-8bd75b4c341b,2024-11,0,0.050216371801183796,0.0
c9af554d-9733-487d-967e-f5ca6e2663ff,1fc0c3bb-f35c-8d5d-a4fa-a9c1723cd8ab,0d1504e1-2884-4dba-97bd-0c3bc37e1669,2024-11,1,0.9888588898241288,0.7
393dd782-83e9-4aa5-a6a1-7f077f45d753,227f376b-633a-5615-5670-c29559d0a08b,b98f8c1f-f2b7-4f45-a583-7bb76e52c466,2024-11,0,0.050216371801183796,0.0
bcf744dc-31ee-423e-b43b-28b404d49fb0,22a9494d-0e02-6fba-4aee-7947f1e6110b,a9694079-2985-486a-8cd6-bd3243751b22,2024-11,1,0.9972599672835465,0.5
937aae7f-df93-4b3a-a65a-b1c2cce694ca,24ae889b-240e-b064-cfe8-2b27224c15b0,1acb933b-ee06-488d-ae63-6aa49797c684,2024-11,1,0.9889137080089194,0.9333333333333333
4cf22b83-903b-4c8b-8034-14c99ddd7ded,251051cf-e3b5-5d37-918f-bf22b4875790,b6d39ec4-f024-431b-9783-7b6485fc2a85,2024-11,1,0.9995868173707095,1.0
9962138a-6e1a-419a-ae83-41d7ab41af58,25b63db3-6d1d-cb00-d25c-dfd8b4b17909,323f67cc-5fe8-4e19-89b1-838f908c4f0a,2024-11,1,0.3056397337833394,0.8333333333333334
529a2ea9-1afe-4e6a-8d06-af941cfce397,276b5368-040e-e40e-948d-d1159a743920,47427b81-4142-421e-aa12-04d8f6f5d16d,2024-11,1,0.05013441684450287,0.25
172ac58e-661d-4829-918b-e25a7391575a,2794ccf7-4966-f00d-35d6-34ac17db73ea,29309a70-09a1-4c35-b877-ca27b04ec436,2024-11,1,0.9915407511153435,0.85
db85b800-1f03-4b4b-ae97-c8cbadff44e8,28bc36ac-10ee-238f-d3f4-24d10136bbb5,d9d1d753-3cdc-4350-a425-b36a52b7df96,2024-11,1,0.9972960344090237,1.0
b612b42f-9122-4b98-9f36-2a754dae40ee,38069f8b-d44e-0b86-a0d1-dafac5ae1232,0bb006a6-102a-47c8-8091-3f3a4bc5731a,2024-11,0,0.06940268823286523,0.0
f8ee7e12-1d37-4eb6-b77a-64fc4e08fb9d,40a2b6da-1224-e406-7b33-bed31c6f706b,4397e78a-e410-49f9-89b8-18f3bbeabf47,2024-11,1,0.9435758726958794,0.6
c3e9b2cf-8798-4598-9e65-964abf04087f,414e0bde-7a49-1083-4e22-1fa3dca1b3c6,86bd0990-56e2-4bc9-97d0-f4794c3ea567,2024-11,0,0.39793783323504517,0.0
db8b45f1-9f01-46d7-a57c-999fd1c1d44e,430caea5-4a9a-cf87-274e-54e1547ff83b,baa51bf8-ec5a-4485-9bce-721b5f37edcb,2024-11,1,0.9921545395657511,0.3684210526315789
0e3416d5-e72c-4071-aa12-eedf67aefcd3,4628a4bf-d4c5-9e5d-471c-271b9f3e7d03,460261c6-c1c2-4654-81fa-19637f3602a8,2024-11,0,0.486891121563928,0.42105263157894735
f76a2055-441b-4a74-8dda-9dcf9bd43b43,46d380ca-fe7a-07d2-4570-5de890c8fdc7,6a62bcb7-2838-4247-9556-3de6988f214f,2024-11,1,0.5626822791251598,0.3333333333333333
749c387a-d566-4508-aa9b-a7ed37c1b08e,4767b29c-fde2-16bf-4b29-9e8578a3b33f,6bbf10b2-fdb1-4ed1-ae55-813b503b48f9,2024-11,0,0.6417541333389966,0.6388192166698823
5b62ce4f-dcdf-4233-9a36-1ee9124893b1,4767b29c-fde2-16bf-4b29-9e8578a3b33f,6bbf10b2-fdb1-4ed1-ae55-813b503b48f9,2024-11,0,0.08604645238902171,0.6388192166698823
c9f2a42b-f117-44f4-8947-8bba4808ce3d,49355947-7605-ec5f-7d81-a6597f38d76b,0318d74f-95a7-4ced-92bb-ded9eb88d273,2024-11,0,0.18704989814970843,0.0
3f33e8ec-1b6d-44b2-baf8-8087db809dfe,49cf43d8-a86e-89e5-c138-85e43fd070f0,8a0ab625-5691-4394-82ef-44ef90833de2,2024-11,1,0.9985216055155999,1.0
fb083931-d297-4bd7-9387-6820ef3130b1,4c4ad4c9-59bf-f152-d0ff-6502ec564cc9,91e9c4a4-cf9f-4ea2-bbce-8ca8d01150ff,2024-11,1,0.9997917292811189,1.0
5c75a292-e8b1-41dd-ad28-b68cf2670fc4,4cf13b7d-67b4-87af-6795-b532998a9b0d,924c2996-22b9-4f75-a760-a40afe04263f,2024-11,1,0.9915156888607053,0.8333333333333334
4a242686-01b3-4ad3-a206-0019f11d4369,5110bc8b-7229-5952-e9db-5feb33391303,89a2e9a1-acaf-4bfd-996a-8a996e3d3f9a,2024-11,1,0.9972812921794341,0.9166666666666666
770b49f3-dbd1-4a36-a446-6586ce3c3119,5110bc8b-7229-5952-e9db-5feb33391303,02ca5efe-e730-44ed-8213-fb622197978a,2024-11,0,0.8752905614071679,0.9166666666666666
b8ada7fc-3d13-4abc-8276-e74ddd656868,52bfd1fd-5813-000e-3603-19146a2ecd4e,56498d84-884f-40e1-bd91-cfb6c94eb3f8,2024-11,1,0.4817574422112182,0.375
0e519c6f-3a3f-475f-8dab-dadbd1da558d,546aae84-2600-f943-b571-67441bea409a,52d6aec0-5afc-4403-ac70-23cf15308741,2024-11,1,0.11193432926037156,0.0
5c1e1e76-1ef8-4d11-9dd0-8c14dd51b1fd,5a1e4739-df51-1e97-95c7-31602fc06832,ab42acef-df0d-4f2b-9def-a961cdf6c003,2024-11,1,0.47999477486843345,0.8
f97911fa-0402-4c7c-9b3d-c17fa16f5197,5a4bd906-07d0-3c04-680d-6ee01f174660,6eda4f36-5ba8-4b93-b2de-022481039f46,2024-11,1,0.9932042473870144,1.0
2e5fac83-2001-4174-8933-04f578de8d3f,5d4122d1-48a3-607c-cb72-e1956caece73,0ab4614a-82b3-4810-b877-e696de754080,2024-11,0,0.3671390423150675,0.0
aa6bfa5b-d57a-49ed-959d-ac61a7205578,5fee0a79-3970-704a-2332-f7c7598e86c1,0023d344-348b-4ab3-856d-5b51c7a199ca,2024-11,0,0.16252965628895338,0.6388192166698823
f27ae8c4-224c-420e-b09c-9da0e7bbcb01,61031b0a-ef18-26aa-64b7-d412d7b3d276,99eb3f32-d53e-4470-ab2a-09ed6e9b3872,2024-11,0,0.1852720784308238,0.42857142857142855
5670dc59-e8af-41ee-b6ea-b6ad5b9d365e,67807154-ef25-1968-49fd-cfe0fbdff7d4,1039a56f-b966-42c7-af24-d9c93b6e6e3c,2024-11,1,0.9321516146609746,0.3333333333333333
47e9f936-5c85-48d3-a1d3-99f9d8c929c6,6ce85c3e-5f40-4297-8c38-22ac7432420e,43dd8c38-f19b-4e75-a934-ec4c973686b9,2024-11,1,0.9988087037575574,1.0
dfaeb58b-a075-4842-96d5-2de7a6f86c9f,6dd50e39-9843-4442-cc09-3b49fbe97fb9,874b3b50-b801-4e30-a0a9-808746433886,2024-11,0,0.12032556595595784,0.0
a56a6d73-d2d7-481c-a03f-a58a5d39cda1,6df42279-282f-e2ae-a821-304ef8c14cfe,47ff34bd-dce4-48e4-91d4-a599695e48f1,2024-11,1,0.6819028361420872,0.8
08962d6f-2b2f-4f0d-ad55-f1553ab2e7e7,6e78d4b6-a6fd-2857-0e43-fd3dd95ac5d5,5f811af1-7d24-4112-8cad-e7245ea2634a,2024-11,1,0.7589270353848924,0.9411764705882353
1072be38-e643-4ded-98ab-a40ca5818753,6e83fcb8-4992-041a-cc06-1dd780a369bd,128d1130-7d0e-426e-9622-a3535454c173,2024-11,1,0.5707893325583622,0.5714285714285714
1e1e7a4d-9fcf-41bc-a427-1f882323b387,70945c9c-c8e9-8721-8ecf-dfdaf4a30fde,a28bb1f5-9704-48e7-beab-26353d29a960,2024-11,0,0.9018572151223534,0.75
26ead548-f2b7-4ad9-89f8-b5f42aa6b4a1,720a2f6c-96ce-3f42-8ec4-faec53d5a915,4eaa06fe-be7b-4d8f-8cba-fd92a3d3fb69,2024-11,0,0.2145031232798816,0.25
c630e9f9-4a15-4d19-a1bf-babc13259838,72263e8d-e74c-b64e-af0c-e7f293e84d88,8419d24a-5624-4735-bd3c-af55612a12f8,2024-11,1,0.05013441684450287,0.25
fc59251e-636e-4860-9676-b58478881055,74c6b975-b0ab-c8b3-8acd-2cf53597a72b,ea40fdca-3e27-466c-910c-99fef52b75d6,2024-11,1,0.9933347461569433,0.42857142857142855
ca68447e-301a-4a78-ae17-8409693fe481,77dd12b8-a20b-05c8-2372-79ba1b1624a9,3ca315cc-b9c4-4379-be8c-c2df8c0e42d6,2024-11,0,0.0289204212259168,0.0
842bcc24-61e8-42aa-9b35-b64700496cde,79e31f6f-69dc-a40c-27d7-3f076878f83c,a0cd9c66-c067-4001-ad7b-586b6c15537e,2024-11,0,0.05809263698369689,0.0
ba4309a2-b6b7-4f08-9f65-f540f378b1d9,81f2f896-343e-d20b-9964-56fe1a515cc4,25ee80b8-cf8c-4ae2-be73-fe7c991751ce,2024-11,1,0.9903110799152973,1.0
6d9458aa-c40e-422c-b037-66a8349944ff,8208282e-43b7-930c-251f-223cdeecd947,eb87b8a3-14da-484d-b2d3-af02f6765739,2024-11,1,0.3504496463767177,0.0
23d8411e-7c8d-4912-88c5-823bbb93e4ee,854c86e3-8b7f-0ca8-f4ac-c6a073699611,8db9e51a-5204-4143-a5a0-086b8cd03403,2024-11,1,0.9730187388252284,1.0
bfce414f-814e-4927-8577-547eac868584,855f3f6a-72ae-46f4-4cc2-a9a0d5df5b70,9131c211-f95d-4213-9955-02879ced6aaf,2024-11,0,0.08520248830277895,0.07692307692307693
c9602a78-9e30-424e-83b4-3bd5faed0cd4,890d247c-e472-92eb-0db7-ca3bc375622c,a3cfd3dc-4afc-4129-8b06-9756a905d971,2024-11,1,0.9860043039113603,0.6388192166698823
7a7bdb25-9714-4fea-9a8f-567adaea4cbb,890d247c-e472-92eb-0db7-ca3bc375622c,a3cfd3dc-4afc-4129-8b06-9756a905d971,2024-11,0,0.040676433212343995,1.0
68f90759-61ca-47f0-85dd-1547c8586874,8aacbc78-5e56-b3c0-f8bc-fcb5490b94f3,d06e259b-0f3f-4c09-bc77-00ec39ab5924,2024-11,1,0.9964664636097811,0.8125
3cc05fe2-a384-4d33-a356-f57940252c02,93eb3d6a-d35b-ef1f-83b8-7430b6ad1674,c812ba7b-6318-4ce6-b0dd-78749fff30e5,2024-11,0,0.1654745480486769,0.0
cd22ce8b-c495-4d54-8f19-e84e6ed3fe80,950dd22f-78fa-d205-48b3-fe5a5cc7438e,62887698-aebf-475f-9c98-0a212110dd24,2024-11,1,0.9968880256872786,0.6842105263157895
594a8952-ec64-4c4e-b7c3-1570b0e68f92,9653a402-ff75-bbdf-8cc6-1cb0ca01f233,81f71080-dac7-40e9-bb6b-3526cdd47015,2024-11,1,0.9584232742644888,1.0
9ef9e399-5025-4eab-9966-f6c9dd298af4,97df6798-c997-e797-69e0-f9b4b90aa285,028fb3c7-fa96-4d12-9554-7511a3d7ab06,2024-11,0,0.6707143752488344,0.6666666666666666
1eaa7024-b891-497e-896b-2dd36c907e00,9842fbe1-4d57-13e7-6abf-aed2f18d4ca0,f395ecb5-f67d-431c-8735-291f7a05d552,2024-11,0,0.9762899495342454,0.9047619047619048
ce0433e8-14f1-4cde-bf6c-89fc0c401bdb,9aab8e6f-97e4-131f-c6cd-a91d11668656,c2b24d33-90f8-4d46-aca8-d99bb1f2c844,2024-11,0,0.12313760948814258,0.2
98b2ebb9-cea5-49b4-bb43-01bb09c08321,9c916618-64b4-6c3e-0d5b-d33a42a6b966,298a7c4d-846f-4232-aa3e-ca7136e7ebe0,2024-11,1,0.8907567283871686,0.6363636363636364
e4f6d88e-5ef5-488e-9a48-f73b11697ff1,9e64e0fa-e34a-1c76-8e4a-1452643fab9a,c60e7351-900f-4499-a207-99f3acb1ba49,2024-11,1,0.31165420714826036,1.0
90278293-2917-4c7a-8957-b0c4ce61eea1,a38721f4-003a-7262-22a7-44e0f2c0754d,d6ff5050-d218-472d-8629-1e322818167d,2024-11,1,0.9952499745940759,0.9565217391304348
cc8e52ad-f3f9-4e23-96e4-5dd0ba5966f1,a3bd9264-4572-2548-a85d-c48e8880773b,43d57acf-0a6c-41c7-9d13-0fe412aa5e7c,2024-11,1,0.7477819799514019,0.5
18c0f53c-a51e-420a-88e8-b3ee89e3a51d,a66a39a1-af53-6290-1e0b-7fc51cc20608,efa0d66e-ad3e-4e99-b4ea-e5a7da61f354,2024-11,1,0.9987315496600234,1.0
2febbacc-2c1c-45fe-b34b-cd3ce1985837,a7798da2-f8ee-1840-a1f3-f29a9e764b97,9ffe9701-32ac-461a-b5a1-8bb653d34a4b,2024-11,1,0.999134355191285,1.0
090f1a0b-0bd7-4172-a14a-8e1d31b4cf56,a974c0ea-b223-c4ff-2027-207ec4a462ac,59864420-62d6-4d3b-9b98-6872f9821633,2024-11,1,0.9690139272450862,0.95
da6cc8d7-0ad3-4e0f-9e90-c0d690e9268b,ac5ee6bc-de6f-6f5a-a196-731bff043dc7,09848a8b-4b46-4fc9-85b8-9a46fecdd91c,2024-11,0,0.6638130368980338,0.25
3b4d9227-b153-44d1-bb13-f5a6fa73ec02,b111e4dd-be1d-2c79-3945-480547761b5f,1e0bb8aa-b4ea-473a-90f7-c89d96df2323,2024-11,1,0.9437033516098313,1.0
0323a846-b363-4c0f-aa93-6d2dabc17682,b19dfc6c-a5d5-734c-3d3d-6389c281b3bb,2ddbff71-425b-4f25-a932-e1bf574b2035,2024-11,1,0.9949434320499412,0.8333333333333334
3ec855d9-5555-4e9a-98d4-c875bab45f2a,b274d6e3-01a3-9f4e-b312-7088b787357d,10f786c8-3837-4bf5-9d96-10b34c9cfbb6,2024-11,1,0.7067140504568775,0.4166666666666667
8edf8f8a-afba-401d-873a-0bf157dea71d,b533de62-fd5f-cc73-01ad-82aaf5df2fd1,8dd4cde4-2050-4622-be37-13f72db9b434,2024-11,1,0.7442140331616369,0.8
a2a75d6f-2c1b-48d9-af3d-562d5bf0a883,b865619d-9980-0806-c5b5-97fee058322e,296f0113-6916-40f3-8fcc-cd54685de8f3,2024-11,1,0.977902166025308,0.8181818181818182
1a6641ba-39bf-4c2d-be53-392dbacbf624,ba8dd5e0-ed0e-8b6a-7098-2732476feb31,31a1c073-bb44-4019-8548-0c5a8114de7b,2024-11,1,0.9855888732147646,0.14285714285714285
bd305b40-9b2f-4bb8-a5cc-edf73d2542f4,bcf8ffc1-fd5c-f6ab-0453-7a73c73786dd,d1981985-ab9a-4777-b85f-46da934e391c,2024-11,0,0.2942227646977497,0.2
b4087067-b718-4423-a49b-af01b0ced136,be84008a-74d3-3cc1-6fd6-bcef998f7bff,4ab14a0f-9437-43ed-9504-94985a2312ab,2024-11,1,0.9975565403818196,1.0
33b6b0a2-ac01-4bd6-802b-ce8459ba871e,c084c357-8268-b2c6-76e0-aa7c5b28eace,e0cea7aa-9e68-4f66-9ae4-9f48e4753c98,2024-11,0,0.4804332871753713,0.25
15b21f8a-62f3-488a-b532-88765be71a54,c09e703c-d287-38c8-d1c1-239145e17df9,d60bf084-22b7-4aeb-a8fd-b48b4786c6fd,2024-11,1,0.9654633743779086,1.0
02eebff1-f34d-4df5-8c90-6bb720529058,c2329858-525d-2f70-5e31-bf9a8358eb3e,956b173b-5f08-4c46-999e-d04c26cb3609,2024-11,0,0.2049212770609201,1.0
1a6df67f-ca8a-4208-9a84-af67d90388aa,c61d6da9-3c3c-ce83-9533-0da9eb03e275,62dc2b76-d436-4b3d-8d68-d366afc0ac24,2024-11,1,0.9991637923621185,0.9411764705882353
268a7fa2-8620-40ab-95b2-9c8baa878430,cd2c3f97-4df7-b32f-d0c0-12031beae516,1265235c-5696-491b-925f-044ee29ba97e,2024-11,0,0.07249848023166114,0.0
d8afa622-bb19-4e7b-8788-03b99e13bd16,cda37b51-1bbc-af0d-a560-49af88fdc751,d66308ce-65d9-4c63-91b1-96f32f42036c,2024-11,1,0.9915223437969478,0.6666666666666666
2b96954b-eda5-4544-bf02-b66398509c06,cdfd7474-0325-1b45-657c-35abca5b28ee,4364ae28-1999-46c4-86a4-3d9565069abf,2024-11,1,0.16788361362318605,0.5
de5546b9-b157-4465-9adb-7a1ea3c448ae,cf1318a5-0564-4af6-d90e-c3e76de1ef08,5268e485-491e-40b7-942f-61c133c796bb,2024-11,1,0.9979819367236631,0.9230769230769231
632911ac-5869-4625-96e4-57b8b0bacbe8,d257c87f-0e42-048c-8409-362e925d86fc,597c2d33-b758-4acd-811b-c7b22289dcbc,2024-11,1,0.9988159588573182,0.7142857142857143
88f9296d-1309-42ac-87f0-b6902d35b1fb,dd81a269-5627-77bf-d8c4-d2e7d309f56e,f6b29b1d-c950-46ae-a66f-fe48ad0eac52,2024-11,1,0.9973091737750718,0.8235294117647058
333e7a19-ff9c-405d-929a-0ec4eda36f59,df5ea39c-c069-5211-271d-f0d3831adefa,3394785d-ad9b-442e-9c87-3ab4f47b1876,2024-11,0,0.9663306879504612,0.3157894736842105
79589310-7b35-4cfa-bb80-ffdda48df335,e233ae7e-605b-92bf-31a6-0378b74a09fd,f7f50c4c-4d0e-4e95-b2f6-fb00fdcf69d8,2024-11,1,0.8923249030607684,0.6
d87d7172-1c6b-43fd-854a-01cdfe66d6e9,e94dc9d5-cb52-49ec-80b1-98376aceb874,64e94573-3ff8-4444-8463-cc997625aa46,2024-11,0,0.6506462956605499,0.4
e69783e8-9c6d-4a34-a876-4c3e8f4fd995,ee61dd03-6eb9-0d71-8bf4-a01ac422b8be,a49dfe35-7e1e-4d81-a32b-8877a575eb1e,2024-11,0,0.9985046611217776,0.6666666666666666
37f82ceb-fb8b-4104-beb8-a082f0e8655f,f70ae790-e17b-aca8-a21a-82ddd895450b,9353da56-208c-4158-959f-29d5aee289f3,2024-11,1,0.9831972409025115,0.6388192166698823
bd1de15e-ab2c-424a-998f-41e1bec5e71a,fede9d18-47bd-03b2-a0a3-73ae43fbcf88,aad9a3ed-094e-43a1-b64d-0e4f60c95c04,2024-11,1,0.5670666390011767,0.4
b4cac359-1ffa-4915-be19-8d31425852c9,02295215-68ff-b712-391f-44370ddab3fc,fc63a4a8-0b3e-406f-8ccb-2105eec8e19b,2024-12,0,0.6994557914048853,0.5
dd7cfb96-3a47-4387-bea9-ef85952f48cf,051d1ba0-2ce6-ea15-c68f-cc2aa5673d1b,3e5c4637-e490-4562-aa63-5e0308c4ec9d,2024-12,1,0.974674303460197,0.6388192166698823
c6e88ea1-3de1-4b55-8e50-e9f8dc045408,051d1ba0-2ce6-ea15-c68f-cc2aa5673d1b,3e5c4637-e490-4562-aa63-5e0308c4ec9d,2024-12,0,0.12926934787475247,1.0
532f5413-8255-48f8-9911-7a5633f34531,0632e1c8-fb91-3269-00af-8a625740b33a,db29fb51-7937-47b8-89ae-a76c37602092,2024-12,0,0.31470022777238577,0.14285714285714285
621751f2-afc3-4567-b450-3a1124f3d4a6,0a550b32-ac5f-efb6-6d3b-e9975e20a82d,95855f3f-2de6-4518-923a-d6bb61e6edd7,2024-12,0,0.02580753078044492,0.0
80210469-bab3-4036-8dee-d9786fc32b32,10f3edc6-4b03-b82d-8df1-09ddaf031c0c,d0b11ad6-7841-48cf-82cb-55e373063fac,2024-12,1,0.5048317299061371,0.7
2ce7bcb1-913e-43ea-a7f4-639c77c7e7a0,146a8458-f956-54ed-317f-b99f7d16fff8,9698da1c-596f-48ae-8618-16b9c409f192,2024-12,0,0.23813868602681676,0.16666666666666666
8cd1bc2a-0c48-4ab7-b1eb-3674edd49059,148cb172-cc40-9c01-ffa5-33aa5d70bad8,a2b40718-04d7-4dbb-9143-65a881e8a092,2024-12,1,0.9998060349629985,0.8888888888888888
dd1eed3a-4088-4f85-bb23-6cc5387fdc8e,18788fe2-f6a2-826e-2199-6cec118c6d00,6a5d492b-8175-4c5d-86ac-ff94ea72d963,2024-12,0,0.08847368208032558,0.16666666666666666
5c6ce745-396c-4aa8-8233-358209ab552f,18d86801-3cb7-11d4-8b9d-433429296014,9c5f6705-4936-4bf4-91d9-8bd75b4c341b,2024-12,0,0.053145632182566196,0.0
f77ee8a2-2e28-4f30-9dbb-955724da9fdc,1fc0c3bb-f35c-8d5d-a4fa-a9c1723cd8ab,0d1504e1-2884-4dba-97bd-0c3bc37e1669,2024-12,1,0.9819665324140521,0.7142857142857143
9b11ecf6-7239-49b8-a3f2-198934cbf961,227f376b-633a-5615-5670-c29559d0a08b,b98f8c1f-f2b7-4f45-a583-7bb76e52c466,2024-12,0,0.053145632182566196,0.0
f98bd875-a444-4e9e-9109-9ea1cb128169,22a9494d-0e02-6fba-4aee-7947f1e6110b,a9694079-2985-486a-8cd6-bd3243751b22,2024-12,1,0.9993419535638274,0.6666666666666666
80d15b08-d7a0-43aa-a14b-d31a7514c472,24ae889b-240e-b064-cfe8-2b27224c15b0,1acb933b-ee06-488d-ae63-6aa49797c684,2024-12,1,0.9962777298738493,0.9375
6b625192-5193-4781-9298-c712b83b7210,251051cf-e3b5-5d37-918f-bf22b4875790,b6d39ec4-f024-431b-9783-7b6485fc2a85,2024-12,1,0.9991572428797884,1.0
fb5ddf63-c1c6-451e-90e9-d2986950c181,25b63db3-6d1d-cb00-d25c-dfd8b4b17909,323f67cc-5fe8-4e19-89b1-838f908c4f0a,2024-12,1,0.7125433615182664,0.8571428571428571
cbaa7de7-ba5e-4188-acd9-ed29620f4925,276b5368-040e-e40e-948d-d1159a743920,47427b81-4142-421e-aa12-04d8f6f5d16d,2024-12,0,0.551085268515718,0.4
30c9f37b-44b7-42fa-8026-50b19f49f5ef,2794ccf7-4966-f00d-35d6-34ac17db73ea,29309a70-09a1-4c35-b877-ca27b04ec436,2024-12,1,0.9838594110168268,0.8571428571428571
676890b2-df00-468a-a93c-42b3b0fb9ba8,28bc36ac-10ee-238f-d3f4-24d10136bbb5,d9d1d753-3cdc-4350-a425-b36a52b7df96,2024-12,1,0.9945113734043057,1.0
f7f1b448-32c1-4fcd-8872-ee94a7fc0949,38069f8b-d44e-0b86-a0d1-dafac5ae1232,0bb006a6-102a-47c8-8091-3f3a4bc5731a,2024-12,0,0.4456200006035981,0.0
9c6ca7b6-8015-4aab-b3b2-f0d62bebc824,3e50af3d-452f-d098-b3bc-3c2a64576d55,9ed28830-e432-4c58-9c57-c514a0ece246,2024-12,1,0.9733949155953048,0.6388192166698823
51d95ddd-7527-4ff3-a330-dc5d4f3378e1,40a2b6da-1224-e406-7b33-bed31c6f706b,4397e78a-e410-49f9-89b8-18f3bbeabf47,2024-12,1,0.9482070612729327,0.6363636363636364
8b74f103-d076-441e-96bb-47159e4c00e7,40a2b6da-1224-e406-7b33-bed31c6f706b,4397e78a-e410-49f9-89b8-18f3bbeabf47,2024-12,0,0.2728382597532714,0.6666666666666666
25e25b8a-7411-419e-a0c1-21c40a3e2eae,414e0bde-7a49-1083-4e22-1fa3dca1b3c6,86bd0990-56e2-4bc9-97d0-f4794c3ea567,2024-12,0,0.09808959266334494,0.0
07f2d768-8ede-44a4-b080-132397ecd43a,430caea5-4a9a-cf87-274e-54e1547ff83b,baa51bf8-ec5a-4485-9bce-721b5f37edcb,2024-12,1,0.9758125947409564,0.4
a1aa8337-fa6d-4f45-9bc2-84c0bcbfe583,4628a4bf-d4c5-9e5d-471c-271b9f3e7d03,460261c6-c1c2-4654-81fa-19637f3602a8,2024-12,1,0.15203383230262424,0.4
61da9549-e444-4206-8042-0ce9d271af07,46d380ca-fe7a-07d2-4570-5de890c8fdc7,6a62bcb7-2838-4247-9556-3de6988f214f,2024-12,1,0.21903509422129772,0.5
222d6604-a9b5-4b35-87a4-db4cc38a0718,4767b29c-fde2-16bf-4b29-9e8578a3b33f,6bbf10b2-fdb1-4ed1-ae55-813b503b48f9,2024-12,1,0.8002654790491455,0.0
9ec975ce-abbf-4401-82b9-36b2e605eb32,4767b29c-fde2-16bf-4b29-9e8578a3b33f,6bbf10b2-fdb1-4ed1-ae55-813b503b48f9,2024-12,0,0.038873537342594466,0.25
0dd240c3-354e-43b1-ac34-8f6686f9470e,49355947-7605-ec5f-7d81-a6597f38d76b,0318d74f-95a7-4ced-92bb-ded9eb88d273,2024-12,0,0.010257596355163844,0.0
4075bb75-08d3-47b6-9a2b-57db4a3ed823,49cf43d8-a86e-89e5-c138-85e43fd070f0,8a0ab625-5691-4394-82ef-44ef90833de2,2024-12,1,0.9921007041613864,1.0
465e3c0e-51fc-4801-a2ae-cb06427ad35a,4c4ad4c9-59bf-f152-d0ff-6502ec564cc9,91e9c4a4-cf9f-4ea2-bbce-8ca8d01150ff,2024-12,1,0.9999009892056939,1.0
4e1ff7aa-b572-4471-b51e-3c7924771e82,4cf13b7d-67b4-87af-6795-b532998a9b0d,924c2996-22b9-4f75-a760-a40afe04263f,2024-12,1,0.9964959245025916,0.8571428571428571
ab8c99b8-13f8-4e75-bc92-1ba9a9809ce1,510cd475-6538-7d02-413c-1a0f553ba4e6,26a0a5ca-7623-4406-8776-15d57ccb11fc,2024-12,0,0.06192994018894367,0.6388192166698823
7685e790-4979-4708-9295-dec5bf6911c9,5110bc8b-7229-5952-e9db-5feb33391303,89a2e9a1-acaf-4bfd-996a-8a996e3d3f9a,2024-12,1,0.9527875104828786,0.8571428571428571
e7250342-e24c-4730-a9f1-4aee58f7aa14,52bfd1fd-5813-000e-3603-19146a2ecd4e,56498d84-884f-40e1-bd91-cfb6c94eb3f8,2024-12,0,0.8518240508349925,0.4444444444444444
03483ba4-9450-440c-b726-b34c82cec095,546aae84-2600-f943-b571-67441bea409a,52d6aec0-5afc-4403-ac70-23cf15308741,2024-12,0,0.24570120303913867,0.16666666666666666
fd64b913-e694-4e3d-ad30-147b877ff290,5a1e4739-df51-1e97-95c7-31602fc06832,ab42acef-df0d-4f2b-9def-a961cdf6c003,2024-12,1,0.9270083354421411,0.8333333333333334
19f16f8e-db2e-4dbc-a0b1-14eb61b084cd,5a4bd906-07d0-3c04-680d-6ee01f174660,6eda4f36-5ba8-4b93-b2de-022481039f46,2024-12,1,0.9855223440752304,1.0
8b5bbb30-4fc2-4b1a-986d-2915ca59e6ea,5d4122d1-48a3-607c-cb72-e1956caece73,0ab4614a-82b3-4810-b877-e696de754080,2024-12,0,0.019545926101357053,0.0
026ded14-a2bb-418b-90c8-b1dceee2fd3e,5fee0a79-3970-704a-2332-f7c7598e86c1,0023d344-348b-4ab3-856d-5b51c7a199ca,2024-12,1,0.5316581562698821,0.0
c7bed928-e030-4251-8e94-0952551122f9,61031b0a-ef18-26aa-64b7-d412d7b3d276,99eb3f32-d53e-4470-ab2a-09ed6e9b3872,2024-12,0,0.20578761431785447,0.375
10cdb5af-314f-4b0f-9070-997131d33b66,67807154-ef25-1968-49fd-cfe0fbdff7d4,1039a56f-b966-42c7-af24-d9c93b6e6e3c,2024-12,0,0.9191301361930776,0.5
36d056d1-9544-467a-ae7c-ea63157b5b3a,6ce85c3e-5f40-4297-8c38-22ac7432420e,43dd8c38-f19b-4e75-a934-ec4c973686b9,2024-12,1,0.9984344265154845,1.0
09bafa74-a8c2-4143-976a-e7c7b928ec99,6dd50e39-9843-4442-cc09-3b49fbe97fb9,874b3b50-b801-4e30-a0a9-808746433886,2024-12,0,0.16970598869487247,0.0
96b96af8-deca-4e41-98a8-525e950413df,6df42279-282f-e2ae-a821-304ef8c14cfe,47ff34bd-dce4-48e4-91d4-a599695e48f1,2024-12,1,0.8028625625285515,0.8333333333333334
452cbffa-db63-47e8-950c-26e99752cfd7,6e78d4b6-a6fd-2857-0e43-fd3dd95ac5d5,5f811af1-7d24-4112-8cad-e7245ea2634a,2024-12,1,0.9873161766771004,0.9444444444444444
292de5b3-6b77-4131-b302-94babc594e5d,6e83fcb8-4992-041a-cc06-1dd780a369bd,128d1130-7d0e-426e-9622-a3535454c173,2024-12,1,0.8391961946496721,0.625
7115b07f-d4a0-47fb-a73c-201630448e13,70945c9c-c8e9-8721-8ecf-dfdaf4a30fde,a28bb1f5-9704-48e7-beab-26353d29a960,2024-12,1,0.6672036828723426,0.6
0f69299c-4310-43fd-b71a-9f251461b562,720a2f6c-96ce-3f42-8ec4-faec53d5a915,4eaa06fe-be7b-4d8f-8cba-fd92a3d3fb69,2024-12,0,0.04970949106308568,0.2
e6b4d413-ee08-4965-b4ab-c27cacb860b5,72263e8d-e74c-b64e-af0c-e7f293e84d88,8419d24a-5624-4735-bd3c-af55612a12f8,2024-12,0,0.551085268515718,0.4
a20d7154-b42c-4890-8fe7-890773111dcf,74c6b975-b0ab-c8b3-8acd-2cf53597a72b,ea40fdca-3e27-466c-910c-99fef52b75d6,2024-12,1,0.9850437895586157,0.4666666666666667
134f8f1d-7907-4efe-98fa-c6778c0d8461,77dd12b8-a20b-05c8-2372-79ba1b1624a9,3ca315cc-b9c4-4379-be8c-c2df8c0e42d6,2024-12,0,0.05601761397742659,0.0
50306df4-90a8-4684-a51c-fc05460b758f,79e31f6f-69dc-a40c-27d7-3f076878f83c,a0cd9c66-c067-4001-ad7b-586b6c15537e,2024-12,0,0.07135467964850335,0.0
50627b0c-3727-49f0-b1b1-79c5f2622368,7febe483-ed64-6c53-4d6b-21d2a35f8861,4d827797-b9e5-4f2d-8343-74b56ddd8df8,2024-12,1,0.974674303460197,0.6388192166698823
bb66ff55-cdd8-433c-a5a1-81281df52872,7febe483-ed64-6c53-4d6b-21d2a35f8861,4d827797-b9e5-4f2d-8343-74b56ddd8df8,2024-12,0,0.12926934787475247,1.0
4562f3c4-933b-41ad-926c-8f92f7da3ead,81f2f896-343e-d20b-9964-56fe1a515cc4,25ee80b8-cf8c-4ae2-be73-fe7c991751ce,2024-12,1,0.9880896153341162,1.0
a2a7558e-f273-444d-bcef-300b0b0b65a0,8208282e-43b7-930c-251f-223cdeecd947,eb87b8a3-14da-484d-b2d3-af02f6765739,2024-12,0,0.8254643226910866,0.14285714285714285
32f37947-2d69-4221-879f-ada1ceded794,854c86e3-8b7f-0ca8-f4ac-c6a073699611,8db9e51a-5204-4143-a5a0-086b8cd03403,2024-12,1,0.9996663520875824,1.0
e72d8cd2-66bc-4bf8-8f58-07e5146a8c95,855f3f6a-72ae-46f4-4cc2-a9a0d5df5b70,9131c211-f95d-4213-9955-02879ced6aaf,2024-12,0,0.024283192129183676,0.07142857142857142
5f1bd62c-f3ab-4c96-bf5b-5eca10401dbe,890d247c-e472-92eb-0db7-ca3bc375622c,a3cfd3dc-4afc-4129-8b06-9756a905d971,2024-12,1,0.46279353030370307,0.5
f1bfa389-209e-4d1c-8c1b-39eeac4383f0,8aacbc78-5e56-b3c0-f8bc-fcb5490b94f3,d06e259b-0f3f-4c09-bc77-00ec39ab5924,2024-12,1,0.947817358796782,0.8235294117647058
ea218861-c4fc-4c81-bd5d-bc97d6f3b234,8e39a9bd-3317-b2a6-22a6-16fa4cab9632,953c914c-4d92-4ca0-91cf-69a5a15edbe9,2024-12,1,0.8660472440247063,0.6388192166698823
7254f3c0-c0d8-4c5e-8aa4-05682866ad55,93eb3d6a-d35b-ef1f-83b8-7430b6ad1674,c812ba7b-6318-4ce6-b0dd-78749fff30e5,2024-12,0,0.10532972548077275,0.0
a781fd5d-9861-4ff0-9f66-d92fa22d73f6,950dd22f-78fa-d205-48b3-fe5a5cc7438e,62887698-aebf-475f-9c98-0a212110dd24,2024-12,1,0.9189656685081482,0.7
b145ae70-b4e0-40d5-94a0-bd60fe5fb7fe,9653a402-ff75-bbdf-8cc6-1cb0ca01f233,81f71080-dac7-40e9-bb6b-3526cdd47015,2024-12,0,0.9788395515410301,1.0
a495b7a6-d284-429f-9b1f-9c204d5184ea,97df6798-c997-e797-69e0-f9b4b90aa285,028fb3c7-fa96-4d12-9554-7511a3d7ab06,2024-12,0,0.6570776201373021,0.5
d5003ce0-83c2-4e7f-a131-4177c4c4c957,9842fbe1-4d57-13e7-6abf-aed2f18d4ca0,f395ecb5-f67d-431c-8735-291f7a05d552,2024-12,0,0.5629614603934591,0.8636363636363636
389d488e-2589-4974-97bc-4e17ad9b82b0,9aab8e6f-97e4-131f-c6cd-a91d11668656,c2b24d33-90f8-4d46-aca8-d99bb1f2c844,2024-12,1,0.1723357773895995,0.16666666666666666
7677689d-faec-4fa7-a57f-7e8bb21978dc,9aab8e6f-97e4-131f-c6cd-a91d11668656,c2b24d33-90f8-4d46-aca8-d99bb1f2c844,2024-12,0,0.13324665564814148,0.2857142857142857
47a8bc32-cadd-4c1d-89b3-029bb15f3b88,9c916618-64b4-6c3e-0d5b-d33a42a6b966,298a7c4d-846f-4232-aa3e-ca7136e7ebe0,2024-12,0,0.8728389780548497,0.6666666666666666
1f54dba4-d3e6-4fc2-ac39-9c1198717c12,9e64e0fa-e34a-1c76-8e4a-1452643fab9a,c60e7351-900f-4499-a207-99f3acb1ba49,2024-12,1,0.6183321357992814,1.0
4899d74d-aeaa-4b53-bdf6-2f037d8d47a0,9f04d505-4407-bee3-3bb2-35e98846f5c0,fd855109-6692-4bf6-b9d1-76412b3f91a5,2024-12,1,0.9706345032615082,0.6388192166698823
2f465d4a-c2c9-42ea-96b2-c23df5f28f6c,a38721f4-003a-7262-22a7-44e0f2c0754d,d6ff5050-d218-472d-8629-1e322818167d,2024-12,1,0.9032140648975705,0.9583333333333334
0c09f619-df9d-42a9-9284-e8c59b9bceeb,a3bd9264-4572-2548-a85d-c48e8880773b,43d57acf-0a6c-41c7-9d13-0fe412aa5e7c,2024-12,0,0.5020972063011649,0.6666666666666666
05c65584-b7a7-4bdf-9f9c-19cb5818fcbb,a66a39a1-af53-6290-1e0b-7fc51cc20608,efa0d66e-ad3e-4e99-b4ea-e5a7da61f354,2024-12,1,0.9852445112362438,1.0
d9a24ce0-d651-466a-9c4d-de43f5789ff2,a7798da2-f8ee-1840-a1f3-f29a9e764b97,9ffe9701-32ac-461a-b5a1-8bb653d34a4b,2024-12,1,0.999601174970592,1.0
b111877b-fc90-4ab7-88f1-82468f5550a7,a974c0ea-b223-c4ff-2027-207ec4a462ac,59864420-62d6-4d3b-9b98-6872f9821633,2024-12,1,0.9749122452327681,0.9523809523809523
110b757d-e9a5-44c1-9d87-3ad8e8d28f66,ac5ee6bc-de6f-6f5a-a196-731bff043dc7,09848a8b-4b46-4fc9-85b8-9a46fecdd91c,2024-12,0,0.4511365218287508,0.2222222222222222
0b458068-6b23-471c-acc3-781d077fc165,b111e4dd-be1d-2c79-3945-480547761b5f,1e0bb8aa-b4ea-473a-90f7-c89d96df2323,2024-12,1,0.9745438964877213,1.0
248f3761-9b52-42e5-a1e1-271152ac025c,b19dfc6c-a5d5-734c-3d3d-6389c281b3bb,2ddbff71-425b-4f25-a932-e1bf574b2035,2024-12,1,0.9944966590353911,0.8571428571428571
4d7ae571-a127-4c02-8427-3ca1de7207c0,b274d6e3-01a3-9f4e-b312-7088b787357d,10f786c8-3837-4bf5-9d96-10b34c9cfbb6,2024-12,1,0.9317352313974977,0.46153846153846156
c878aa53-0d54-46bb-b5d9-c6bac00a63cf,b533de62-fd5f-cc73-01ad-82aaf5df2fd1,8dd4cde4-2050-4622-be37-13f72db9b434,2024-12,0,0.930874153258209,0.8333333333333334
d589d851-3280-4c03-ac27-8ad5430e7bb5,b865619d-9980-0806-c5b5-97fee058322e,296f0113-6916-40f3-8fcc-cd54685de8f3,2024-12,1,0.998544324996244,0.8333333333333334
7821747c-2d97-4507-b4d4-b63f4ae8abde,ba8dd5e0-ed0e-8b6a-7098-2732476feb31,31a1c073-bb44-4019-8548-0c5a8114de7b,2024-12,0,0.9953318209866892,0.25
dec5dc60-ff47-4440-a538-16949b1eae04,bcf8ffc1-fd5c-f6ab-0453-7a73c73786dd,d1981985-ab9a-4777-b85f-46da934e391c,2024-12,0,0.4137455729242018,0.16666666666666666
fd57f426-005c-475d-bf46-2911b3886099,be84008a-74d3-3cc1-6fd6-bcef998f7bff,4ab14a0f-9437-43ed-9504-94985a2312ab,2024-12,1,0.9993656946236668,1.0
f3d7b20c-c15a-4b42-9d88-70e2faae3725,c084c357-8268-b2c6-76e0-aa7c5b28eace,e0cea7aa-9e68-4f66-9ae4-9f48e4753c98,2024-12,0,0.6768816149305205,0.2
65eb74a3-dee6-4894-a670-db6d9933fb63,c09e703c-d287-38c8-d1c1-239145e17df9,d60bf084-22b7-4aeb-a8fd-b48b4786c6fd,2024-12,1,0.9675974360235672,1.0
36454164-947c-41fa-9a89-a4b2e17c4e1d,c2329858-525d-2f70-5e31-bf9a8358eb3e,956b173b-5f08-4c46-999e-d04c26cb3609,2024-12,0,0.24145716516238522,0.5
14311281-ac1e-46b7-960e-0e4e60dd84fd,c61d6da9-3c3c-ce83-9533-0da9eb03e275,62dc2b76-d436-4b3d-8d68-d366afc0ac24,2024-12,1,0.9910206380117612,0.9444444444444444
4183f9a0-d362-43ef-bb37-10af92dec957,cd2c3f97-4df7-b32f-d0c0-12031beae516,1265235c-5696-491b-925f-044ee29ba97e,2024-12,0,0.0516337730097849,0.0
b88b8c5f-f67c-4950-9738-0b10e3367c84,cda37b51-1bbc-af0d-a560-49af88fdc751,d66308ce-65d9-4c63-91b1-96f32f42036c,2024-12,1,0.9990660982544709,0.75
4bc60de1-51d0-4f02-bbca-30e56ef07acb,cdfd7474-0325-1b45-657c-35abca5b28ee,4364ae28-1999-46c4-86a4-3d9565069abf,2024-12,1,0.5434131772169298,0.6
870e74ae-671a-4828-a564-3478d1a80564,cf1318a5-0564-4af6-d90e-c3e76de1ef08,5268e485-491e-40b7-942f-61c133c796bb,2024-12,1,0.9994090082810421,0.9285714285714286
27c839ff-961f-42e2-ae1e-c7e11d3132d0,d257c87f-0e42-048c-8409-362e925d86fc,597c2d33-b758-4acd-811b-c7b22289dcbc,2024-12,1,0.9993650729592756,0.75
f6218e00-cee3-40b4-b217-34c5920ef7ee,dd81a269-5627-77bf-d8c4-d2e7d309f56e,f6b29b1d-c950-46ae-a66f-fe48ad0eac52,2024-12,1,0.9987814223740539,0.8333333333333334
340b11ac-1600-4e33-a69c-5ff7dd9d92fa,df5ea39c-c069-5211-271d-f0d3831adefa,3394785d-ad9b-442e-9c87-3ab4f47b1876,2024-12,1,0.3577121186908361,0.3
17c83c15-05ab-4001-bd41-29b370d878e9,e6dde6a9-4da9-d1a2-802a-faf5db207e8e,0682de36-4af4-428d-ae04-e9ea4257ddb0,2024-12,1,0.9627568869523918,1.0
98f3f93d-7df6-4a4d-a498-866aff8f9ad8,e94dc9d5-cb52-49ec-80b1-98376aceb874,64e94573-3ff8-4444-8463-cc997625aa46,2024-12,0,0.24810151235732428,0.3333333333333333
65a151e9-cd57-461b-aaee-0029b9a08357,ee61dd03-6eb9-0d71-8bf4-a01ac422b8be,a49dfe35-7e1e-4d81-a32b-8877a575eb1e,2024-12,0,0.540792289118441,0.5
94367c89-93cd-49fb-bf0b-914e962a2a8f,f70ae790-e17b-aca8-a21a-82ddd895450b,9353da56-208c-4158-959f-29d5aee289f3,2024-12,1,0.927185818618391,1.0
da973127-4fb4-4a55-af38-b7f5e3e92561,fede9d18-47bd-03b2-a0a3-73ae43fbcf88,aad9a3ed-094e-43a1-b64d-0e4f60c95c04,2024-12,1,0.8381515040030183,0.5
9d8c6593-9a38-43f8-9261-df4bd0f47383,02295215-68ff-b712-391f-44370ddab3fc,fc63a4a8-0b3e-406f-8ccb-2105eec8e19b,2025-01,0,0.495565156686681,0.4
b70cfc66-5400-49cf-948c-87596b68f5cb,051d1ba0-2ce6-ea15-c68f-cc2aa5673d1b,3e5c4637-e490-4562-aa63-5e0308c4ec9d,2025-01,1,0.7218548637909614,0.5
75b6d8d5-8bac-4e1d-a441-b97229eb2e32,051d1ba0-2ce6-ea15-c68f-cc2aa5673d1b,3e5c4637-e490-4562-aa63-5e0308c4ec9d,2025-01,1,0.2986155417275891,0.6666666666666666
bd6d2f59-9e6a-4005-9466-46c50dce4d3b,0632e1c8-fb91-3269-00af-8a625740b33a,db29fb51-7937-47b8-89ae-a76c37602092,2025-01,0,0.257006382339405,0.125
eaf5d310-527a-4a82-8229-ec53d0123973,0a550b32-ac5f-efb6-6d3b-e9975e20a82d,95855f3f-2de6-4518-923a-d6bb61e6edd7,2025-01,0,0.018092459140869235,0.0
82d6b07e-51d5-4882-8881-a74544516423,10f3edc6-4b03-b82d-8df1-09ddaf031c0c,d0b11ad6-7841-48cf-82cb-55e373063fac,2025-01,0,0.9898392375598599,0.7142857142857143
b98a0323-baf8-42f4-a9d1-09f75b07c032,146a8458-f956-54ed-317f-b99f7d16fff8,9698da1c-596f-48ae-8618-16b9c409f192,2025-01,0,0.16181199405088628,0.14285714285714285
449cc6a2-1de0-4239-ae09-f69bfb56d787,148cb172-cc40-9c01-ffa5-33aa5d70bad8,a2b40718-04d7-4dbb-9143-65a881e8a092,2025-01,1,0.9998367180212078,0.9
734452ea-7756-439c-8431-153375c924ad,18788fe2-f6a2-826e-2199-6cec118c6d00,6a5d492b-8175-4c5d-86ac-ff94ea72d963,2025-01,0,0.03433062930172917,0.14285714285714285
3e5fee66-d8fa-4242-9b20-79b272f8f66b,18d86801-3cb7-11d4-8b9d-433429296014,9c5f6705-4936-4bf4-91d9-8bd75b4c341b,2025-01,0,0.01377101785434406,0.0
c68745df-6a1a-43c3-a55d-5cf006479455,1932ea80-c6eb-874e-eca8-12410fa7a608,7ce79ba5-79fe-49c0-9e0a-2ace149ffbd0,2025-01,0,0.471629990327502,0.6388192166698823
4e89db46-a1d6-455d-a72c-2f222325548b,1fc0c3bb-f35c-8d5d-a4fa-a9c1723cd8ab,0d1504e1-2884-4dba-97bd-0c3bc37e1669,2025-01,1,0.9964078695589715,0.7272727272727273
7dc2c57f-90da-49b9-9c03-caf7d181a111,227f376b-633a-5615-5670-c29559d0a08b,b98f8c1f-f2b7-4f45-a583-7bb76e52c466,2025-01,0,0.05144979656916538,0.0
fb94bb3f-2bfc-4c8e-b839-e2d7a7c384e7,22a9494d-0e02-6fba-4aee-7947f1e6110b,a9694079-2985-486a-8cd6-bd3243751b22,2025-01,1,0.9995127581309592,0.75
c4df8942-fd85-4775-ba16-e1fbd4af8864,238b347e-e7e9-b1a3-31a8-a2f8fed99f55,3d2bb31e-a4e2-4d67-b934-8fbb641505da,2025-01,1,0.3536989700730461,0.6388192166698823
3fac5da5-aea7-4451-81a2-70ab5ed68a71,23f7ef5f-6b26-a104-b616-b438d7e9243c,8cada743-d341-4211-b2f2-094d551e9ef3,2025-01,1,0.9987366014187417,1.0
584b56a9-4f75-4a86-b618-16c4b4161bf4,24ae889b-240e-b064-cfe8-2b27224c15b0,1acb933b-ee06-488d-ae63-6aa49797c684,2025-01,1,0.992358910982856,0.9411764705882353
b8bd5f3d-7086-46a0-bcd2-8a81ff1c6f7e,251051cf-e3b5-5d37-918f-bf22b4875790,05a7138b-3291-401c-b2bf-28981d85d111,2025-01,1,0.9999015784444664,1.0
ba90552b-347d-4631-84ee-ea280b573b03,25b63db3-6d1d-cb00-d25c-dfd8b4b17909,323f67cc-5fe8-4e19-89b1-838f908c4f0a,2025-01,1,0.8088647510422343,0.875
03c6849b-91e1-40bd-a385-cd6d590007cc,276b5368-040e-e40e-948d-d1159a743920,47427b81-4142-421e-aa12-04d8f6f5d16d,2025-01,1,0.36187821809735293,0.3333333333333333
c509901f-5c88-4040-bdde-18d0a4e1e57a,2794ccf7-4966-f00d-35d6-34ac17db73ea,29309a70-09a1-4c35-b877-ca27b04ec436,2025-01,1,0.9906917884227013,0.8636363636363636
ea3fcbc0-87d2-4842-9606-39e4fd8da157,28bc36ac-10ee-238f-d3f4-24d10136bbb5,d9d1d753-3cdc-4350-a425-b36a52b7df96,2025-01,1,0.9261480084053706,1.0
2ab4f92b-62fb-40e9-9d70-ce7bdf0e2c2d,28bc36ac-10ee-238f-d3f4-24d10136bbb5,d9d1d753-3cdc-4350-a425-b36a52b7df96,2025-01,1,0.9914540083131513,1.0
4d5a7e23-3d7c-4155-8b2b-9feeaac2ac72,2c62dfe0-1a80-ff55-1d8b-51ac0c7da2fe,c95071e6-baac-4c03-9ee4-82e18f461a3c,2025-01,1,0.9705151326185547,0.6388192166698823
1b0b391a-e7f1-459c-9678-e92e72726504,2c62dfe0-1a80-ff55-1d8b-51ac0c7da2fe,c95071e6-baac-4c03-9ee4-82e18f461a3c,2025-01,0,0.15125821412652835,1.0
bbaa9f4b-b828-4460-8d37-40e60212e848,31748409-1d90-3bc0-903e-6d831133e944,e800e656-3fc2-4383-895e-5190e4ec2049,2025-01,1,0.9674761838944488,0.6388192166698823
4eafa40d-4dc1-4f07-bd5c-2cc1342c117a,31748409-1d90-3bc0-903e-6d831133e944,e800e656-3fc2-4383-895e-5190e4ec2049,2025-01,0,0.02154085444968504,1.0
e3030379-abe0-4b2b-a384-3bbd9578c201,31f3f7a3-5dc4-21cd-ba54-b41347a7822a,2d403254-d4e3-484a-ab66-492809785e47,2025-01,1,0.9404710601599617,0.6388192166698823
8f0c19e8-8589-4437-91a7-fce91a6a70c3,365f8f9f-009e-838c-36c6-add1b1d696b1,918ecd2a-8085-4aa5-ab1e-fd1708761fc0,2025-01,1,0.6932732778971298,0.6388192166698823
67b548e0-302e-4dcf-9956-bd76757958fc,38069f8b-d44e-0b86-a0d1-dafac5ae1232,0bb006a6-102a-47c8-8091-3f3a4bc5731a,2025-01,0,0.05156404982093027,0.0
4965387e-29f1-4084-b0a3-ba87cde3aac8,3e50af3d-452f-d098-b3bc-3c2a64576d55,9ed28830-e432-4c58-9c57-c514a0ece246,2025-01,0,0.5942127583810248,1.0
46780387-d25e-4d79-97ca-123f425b0967,40a2b6da-1224-e406-7b33-bed31c6f706b,4397e78a-e410-49f9-89b8-18f3bbeabf47,2025-01,1,0.5598208392156369,0.6153846153846154
000f52a0-37fe-4a9f-9349-55108081ca30,414e0bde-7a49-1083-4e22-1fa3dca1b3c6,86bd0990-56e2-4bc9-97d0-f4794c3ea567,2025-01,0,0.09364161983491341,0.0
16653c1f-4f4a-4c6b-84d7-fc71e866b638,430caea5-4a9a-cf87-274e-54e1547ff83b,baa51bf8-ec5a-4485-9bce-721b5f37edcb,2025-01,1,0.884735945988184,0.42857142857142855
64a44d8d-044f-4a96-b4c0-dbbf41339e35,4628a4bf-d4c5-9e5d-471c-271b9f3e7d03,460261c6-c1c2-4654-81fa-19637f3602a8,2025-01,1,0.6508688328653457,0.42857142857142855
6070d5dc-4703-4388-800c-407dd59c5692,46d380ca-fe7a-07d2-4570-5de890c8fdc7,6a62bcb7-2838-4247-9556-3de6988f214f,2025-01,1,0.44654292019448316,0.6
41c806db-8656-4ada-b11b-507a737da3ff,4767b29c-fde2-16bf-4b29-9e8578a3b33f,6bbf10b2-fdb1-4ed1-ae55-813b503b48f9,2025-01,1,0.36459047425353375,0.2
74b69d3a-f6ea-4a45-a67a-3e2bb2d73d8f,4767b29c-fde2-16bf-4b29-9e8578a3b33f,6bbf10b2-fdb1-4ed1-ae55-813b503b48f9,2025-01,0,0.03254027749142224,0.3333333333333333
c51c1764-5cba-4fbf-bd44-68aa1f2c5ea7,49355947-7605-ec5f-7d81-a6597f38d76b,0318d74f-95a7-4ced-92bb-ded9eb88d273,2025-01,0,0.013370869249565471,0.0
a8135261-920d-4299-a587-20668cda9f6b,49cf43d8-a86e-89e5-c138-85e43fd070f0,8a0ab625-5691-4394-82ef-44ef90833de2,2025-01,1,0.9927424425689324,1.0
a4584db0-1315-4bcf-af9e-b3c69d2d8278,49cf43d8-a86e-89e5-c138-85e43fd070f0,8a0ab625-5691-4394-82ef-44ef90833de2,2025-01,1,0.7156853347140519,1.0
249d9488-c813-4ab3-9587-9b33bff56e2e,4b85d836-4912-f7a8-46ac-19256a4ed1d4,697ad8b8-5795-40f2-9d6e-f9e1287c13c8,2025-01,0,0.043528420248982534,0.6388192166698823
ea79851c-e9ee-402e-a04b-c8b6138d637c,4c4ad4c9-59bf-f152-d0ff-6502ec564cc9,91e9c4a4-cf9f-4ea2-bbce-8ca8d01150ff,2025-01,1,0.9997929277636475,1.0
4804a712-734e-449f-b633-80cccb3f49a7,4cf13b7d-67b4-87af-6795-b532998a9b0d,924c2996-22b9-4f75-a760-a40afe04263f,2025-01,1,0.9941955744726332,0.875
9fb8d8cc-48b6-4cf8-9bd7-4ec2cfb7e295,510cd475-6538-7d02-413c-1a0f553ba4e6,26a0a5ca-7623-4406-8776-15d57ccb11fc,2025-01,1,0.18291443521337783,0.0
81108a76-70b1-4713-ad7c-8430c595d355,5110bc8b-7229-5952-e9db-5feb33391303,89a2e9a1-acaf-4bfd-996a-8a996e3d3f9a,2025-01,1,0.951493215072639,0.8666666666666667
93413a78-90e4-4ebb-9cf2-dd7fcb3df1a0,5110bc8b-7229-5952-e9db-5feb33391303,89a2e9a1-acaf-4bfd-996a-8a996e3d3f9a,2025-01,0,0.10967094568148522,0.875
02e92986-d0f6-4acf-b743-5fb747964d95,52bfd1fd-5813-000e-3603-19146a2ecd4e,56498d84-884f-40e1-bd91-cfb6c94eb3f8,2025-01,0,0.5615563624490296,0.4
fd6e64a4-aa57-4d81-b8e9-4684230c1024,546aae84-2600-f943-b571-67441bea409a,52d6aec0-5afc-4403-ac70-23cf15308741,2025-01,0,0.21308599668220335,0.14285714285714285
2de30772-341b-4ca3-9a64-f393155ab3e8,5a1e4739-df51-1e97-95c7-31602fc06832,ab42acef-df0d-4f2b-9def-a961cdf6c003,2025-01,1,0.7454221258371895,0.8571428571428571
ee4f844f-aa69-45d3-a233-5c713a9c1fc8,5a4bd906-07d0-3c04-680d-6ee01f174660,6eda4f36-5ba8-4b93-b2de-022481039f46,2025-01,1,0.9837870151671362,1.0
54691215-100d-456b-8090-ad317ac379a5,5d4122d1-48a3-607c-cb72-e1956caece73,0ab4614a-82b3-4810-b877-e696de754080,2025-01,0,0.04097618171575587,0.0
75c966d1-1269-4226-aedf-2ddd7b6d044c,5f0f16ed-dd5a-936c-5dbc-f76aa297afd4,5c202072-a66c-4bc5-8908-03d82ac2718d,2025-01,0,0.4580956280811224,0.6388192166698823
fe5993fc-89bd-46f7-a345-4c22b92f2c99,5f0f16ed-dd5a-936c-5dbc-f76aa297afd4,5c202072-a66c-4bc5-8908-03d82ac2718d,2025-01,0,0.04531575567664027,0.6388192166698823
a260ca64-9263-49bd-adb9-8dcd4f013239,5f0f16ed-dd5a-936c-5dbc-f76aa297afd4,5c202072-a66c-4bc5-8908-03d82ac2718d,2025-01,0,0.04757738419367867,0.0
ccc793c3-ecf0-41a5-ba46-296ff4830619,5fb00f2d-8a0d-5260-0006-da9487a8268d,e12a4a6d-8b94-415d-b58a-aee4e5847605,2025-01,1,0.9683675943844854,0.6388192166698823
59da5020-0a97-4acc-9fad-284ee64e4738,5fb00f2d-8a0d-5260-0006-da9487a8268d,e12a4a6d-8b94-415d-b58a-aee4e5847605,2025-01,0,0.14098168545156367,1.0
92ffeb3d-77fa-4e05-b112-93e6f1331b5f,5fee0a79-3970-704a-2332-f7c7598e86c1,0023d344-348b-4ab3-856d-5b51c7a199ca,2025-01,1,0.6680506268134981,0.5
b7b9257a-e27d-4be7-b6a3-7fcf917ea550,61031b0a-ef18-26aa-64b7-d412d7b3d276,99eb3f32-d53e-4470-ab2a-09ed6e9b3872,2025-01,0,0.3195774357496366,0.3333333333333333
7b516aad-6c66-4a5f-a45f-e526172b0a0c,6162731a-4a9c-e887-e586-1ea574985777,f2f4757e-a36f-4615-8d08-78e18eccf3b7,2025-01,0,0.27991848460957575,0.6388192166698823
b8ff3771-f438-40cb-9c48-4bac92b1efcb,66fbcb59-3d06-d8cc-b1d5-53f38a599207,b6b48bf2-25a2-4810-9338-b1847a53c5ed,2025-01,0,0.26898210057363686,0.6388192166698823
974e4112-0c7f-4fd1-b0cb-b19660c06725,67807154-ef25-1968-49fd-cfe0fbdff7d4,1039a56f-b966-42c7-af24-d9c93b6e6e3c,2025-01,0,0.5830508894052011,0.4
b1734dc6-59a2-4112-8032-146182358996,6c765a9e-b1ea-4503-e5b7-24daca7c2614,e6096f2f-1764-4460-a2c8-5c597fb158f9,2025-01,1,0.48895902936488983,0.6388192166698823
96ff764a-3582-4767-bd6f-d36507b12279,6c765a9e-b1ea-4503-e5b7-24daca7c2614,e6096f2f-1764-4460-a2c8-5c597fb158f9,2025-01,0,0.016442649982804685,1.0
b57ec7df-7648-4290-a8ab-c73a6669378f,6ce85c3e-5f40-4297-8c38-22ac7432420e,43dd8c38-f19b-4e75-a934-ec4c973686b9,2025-01,1,0.9961636679247715,1.0
b0bf785d-5fe9-44b4-9fe9-3824f3c81de5,6dd50e39-9843-4442-cc09-3b49fbe97fb9,874b3b50-b801-4e30-a0a9-808746433886,2025-01,0,0.027967224452036483,0.0
bdf2e29c-b73e-4b2e-bfa1-dcb1c22ad338,6df42279-282f-e2ae-a821-304ef8c14cfe,47ff34bd-dce4-48e4-91d4-a599695e48f1,2025-01,1,0.7677422135174984,0.8571428571428571
335d8288-3c9e-41ce-8d1f-e3cd1f6942a6,6e83fcb8-4992-041a-cc06-1dd780a369bd,128d1130-7d0e-426e-9622-a3535454c173,2025-01,1,0.9538076094733353,0.6666666666666666
cf242e89-2662-4d45-a2cd-77cd72c9bdf3,6e83fcb8-4992-041a-cc06-1dd780a369bd,128d1130-7d0e-426e-9622-a3535454c173,2025-01,1,0.07517902183950348,0.6666666666666666
cdab606a-5fdd-4425-a942-d3fa988799ff,70945c9c-c8e9-8721-8ecf-dfdaf4a30fde,a28bb1f5-9704-48e7-beab-26353d29a960,2025-01,1,0.8515363270839476,0.6666666666666666
c517c450-8868-48e1-960f-0c8642ce402d,720a2f6c-96ce-3f42-8ec4-faec53d5a915,4eaa06fe-be7b-4d8f-8cba-fd92a3d3fb69,2025-01,1,0.18600341133178466,0.16666666666666666
7cb664bd-3cbb-4cb2-b0c6-0d9ab03527d8,72263e8d-e74c-b64e-af0c-e7f293e84d88,8419d24a-5624-4735-bd3c-af55612a12f8,2025-01,1,0.36187821809735293,0.3333333333333333
5fed982c-2ff7-4a86-82b3-fe73096cffb9,72fb39cc-cecf-39cd-a55a-60d36a23f691,d9685ad2-82b8-4590-93fa-fdd4856e2976,2025-01,1,0.9683675943844854,0.6388192166698823
346620cf-93ba-4afb-8ef3-692e0c01ed6c,74c6b975-b0ab-c8b3-8acd-2cf53597a72b,ea40fdca-3e27-466c-910c-99fef52b75d6,2025-01,1,0.9853332731253792,0.5
17272bd5-610b-4f0d-842c-889d688b023b,77dd12b8-a20b-05c8-2372-79ba1b1624a9,3ca315cc-b9c4-4379-be8c-c2df8c0e42d6,2025-01,0,0.01683894714613385,0.0
31d2bde8-7aa0-4b18-a8d2-8a424a34cb86,79e31f6f-69dc-a40c-27d7-3f076878f83c,a0cd9c66-c067-4001-ad7b-586b6c15537e,2025-01,0,0.007919859825535804,0.0
4ef6b487-ff17-4d4f-8020-11df31434477,7febe483-ed64-6c53-4d6b-21d2a35f8861,4d827797-b9e5-4f2d-8343-74b56ddd8df8,2025-01,1,0.7218548637909614,0.5
50168bdd-1cb0-4c59-a7a2-aa526a69df80,7febe483-ed64-6c53-4d6b-21d2a35f8861,4d827797-b9e5-4f2d-8343-74b56ddd8df8,2025-01,1,0.7046699084470526,0.6666666666666666
70c054a0-a15f-4a19-890c-f4eb6caf901f,81f2f896-343e-d20b-9964-56fe1a515cc4,25ee80b8-cf8c-4ae2-be73-fe7c991751ce,2025-01,1,0.9959664805256332,1.0
557bd575-c89a-4a3c-99ba-08c2ab6621fd,8208282e-43b7-930c-251f-223cdeecd947,eb87b8a3-14da-484d-b2d3-af02f6765739,2025-01,1,0.18622772375207464,0.125
c0347390-c6a4-4163-b442-24395e7c0046,82ce206e-2925-18f5-f18c-d80631a9964e,349407f1-b9ed-4f70-9e10-33aa675f85e6,2025-01,1,0.8434102936432512,0.6388192166698823
31a795f0-3c23-46ff-9ed2-a3c8aa4918d2,82ce206e-2925-18f5-f18c-d80631a9964e,349407f1-b9ed-4f70-9e10-33aa675f85e6,2025-01,0,0.015656971001533616,1.0
b86bc49c-0568-4c6a-8c52-7b4b2a578aea,854c86e3-8b7f-0ca8-f4ac-c6a073699611,8db9e51a-5204-4143-a5a0-086b8cd03403,2025-01,1,0.9992590648268588,1.0
b6de345f-a584-4cb7-9ee3-574e526a313c,855f3f6a-72ae-46f4-4cc2-a9a0d5df5b70,9131c211-f95d-4213-9955-02879ced6aaf,2025-01,0,0.06797358174385058,0.06666666666666667
17e55318-03a2-4707-ad0a-402a45fbbfe3,86cd2239-fa55-0389-437e-e8fd505dc931,20d5e9a6-73cd-4f5f-9b27-ba9a13e7864e,2025-01,1,0.18029370955839832,0.6388192166698823
8dbabdab-d861-4a91-8c41-21b5e46d60df,890d247c-e472-92eb-0db7-ca3bc375622c,a3cfd3dc-4afc-4129-8b06-9756a905d971,2025-01,1,0.6093256683997855,0.6666666666666666
8c8022fe-bddf-44f4-99f4-548369375ca1,8aacbc78-5e56-b3c0-f8bc-fcb5490b94f3,d06e259b-0f3f-4c09-bc77-00ec39ab5924,2025-01,1,0.997291003773208,0.8333333333333334
ef67fd7e-5712-47a5-a20d-af6d4ab1b626,8c10b5c6-4a40-f455-7732-69c9209c6107,f4822e1d-d918-4193-8ea7-19932d1ed97f,2025-01,1,0.9163323935569871,0.6388192166698823
92423103-08c6-4f05-9f98-2ad26e530e3c,8e39a9bd-3317-b2a6-22a6-16fa4cab9632,953c914c-4d92-4ca0-91cf-69a5a15edbe9,2025-01,1,0.6431506075237089,1.0
f350c635-e61e-4c27-a5c9-0b484317ea6c,93eb3d6a-d35b-ef1f-83b8-7430b6ad1674,c812ba7b-6318-4ce6-b0dd-78749fff30e5,2025-01,0,0.09612281925695819,0.0
fe86074d-277f-4268-a601-e1e96302e43b,950dd22f-78fa-d205-48b3-fe5a5cc7438e,62887698-aebf-475f-9c98-0a212110dd24,2025-01,1,0.9935844064397501,0.7142857142857143
694e33da-0531-4621-9c90-46951c84c056,9653a402-ff75-bbdf-8cc6-1cb0ca01f233,81f71080-dac7-40e9-bb6b-3526cdd47015,2025-01,0,0.6488602679888753,0.6666666666666666
976656f1-a87b-4aa7-bedf-9f2a13132238,97df6798-c997-e797-69e0-f9b4b90aa285,028fb3c7-fa96-4d12-9554-7511a3d7ab06,2025-01,1,0.6211587921430517,0.4
5197b9fc-7f54-4b88-b3cb-7c2a961d07ca,9842fbe1-4d57-13e7-6abf-aed2f18d4ca0,f395ecb5-f67d-431c-8735-291f7a05d552,2025-01,1,0.7780457877792969,0.8260869565217391
e9aad0bf-ab6b-469e-a9c2-92c100a7037f,9aab8e6f-97e4-131f-c6cd-a91d11668656,c2b24d33-90f8-4d46-aca8-d99bb1f2c844,2025-01,0,0.2461764376589473,0.25
5ed1973c-55c4-44c3-ab69-8149b61d2831,9c916618-64b4-6c3e-0d5b-d33a42a6b966,298a7c4d-846f-4232-aa3e-ca7136e7ebe0,2025-01,1,0.6570258708656721,0.6153846153846154
8a36920f-f8d9-4791-90ad-d43edb7785db,9e64e0fa-e34a-1c76-8e4a-1452643fab9a,c60e7351-900f-4499-a207-99f3acb1ba49,2025-01,1,0.7194778936902457,1.0
a43354c4-2fbb-4bdd-8851-fb819917f413,9f04d505-4407-bee3-3bb2-35e98846f5c0,fd855109-6692-4bf6-b9d1-76412b3f91a5,2025-01,1,0.9095613460294475,1.0
a857aa66-965b-49d1-8a1a-4b93923c0871,a38721f4-003a-7262-22a7-44e0f2c0754d,d6ff5050-d218-472d-8629-1e322818167d,2025-01,1,0.9701125818670429,0.96
4153f3b2-c322-4897-94d6-d9750139943e,a3bd9264-4572-2548-a85d-c48e8880773b,43d57acf-0a6c-41c7-9d13-0fe412aa5e7c,2025-01,1,0.4802769541270606,0.5
7092fb6d-d3a1-4c96-a7ec-d0abdb5f100d,a66a39a1-af53-6290-1e0b-7fc51cc20608,efa0d66e-ad3e-4e99-b4ea-e5a7da61f354,2025-01,1,0.9954935977096866,1.0
a1fbcdb9-2538-4593-80fa-6cf34fd6b4a7,a7798da2-f8ee-1840-a1f3-f29a9e764b97,9ffe9701-32ac-461a-b5a1-8bb653d34a4b,2025-01,1,0.9997756875008404,1.0
46298c96-3a32-4ecd-b20d-5e71e3187a6d,a974c0ea-b223-c4ff-2027-207ec4a462ac,59864420-62d6-4d3b-9b98-6872f9821633,2025-01,1,0.9906527924414866,0.9545454545454546
db84d302-2922-4d0e-9a39-380147d658a0,ac062de4-c552-a0d7-9cc1-cbfe89c2ba68,36282a6e-e613-4832-9dc9-77915feffc17,2025-01,0,0.3994104948710263,0.6388192166698823
dd47a808-4635-4470-bfb7-76161c4988ba,ac062de4-c552-a0d7-9cc1-cbfe89c2ba68,36282a6e-e613-4832-9dc9-77915feffc17,2025-01,0,0.07062812136223263,0.6388192166698823
40fc14d6-e6b1-47a3-90a9-f837cbf65e1b,ac5ee6bc-de6f-6f5a-a196-731bff043dc7,09848a8b-4b46-4fc9-85b8-9a46fecdd91c,2025-01,0,0.19841409551797934,0.2
fd274a68-79f9-435f-b62a-15350a502cec,b0348aa8-ad9f-d0dd-94e8-c71a6627c930,db9ec732-0eba-43c2-8e97-5e7a05e17561,2025-01,0,0.313575251257813,0.6388192166698823
58eb7b9a-f9f4-48b8-8848-6fc258142cb4,b111e4dd-be1d-2c79-3945-480547761b5f,1e0bb8aa-b4ea-473a-90f7-c89d96df2323,2025-01,1,0.998216889318717,1.0
5b2cdd83-8a05-4581-b2f9-5904734534c7,b19dfc6c-a5d5-734c-3d3d-6389c281b3bb,2ddbff71-425b-4f25-a932-e1bf574b2035,2025-01,1,0.9981740016257223,0.875
a0c3193b-1a27-43d2-8e49-e8780aace034,b274d6e3-01a3-9f4e-b312-7088b787357d,10f786c8-3837-4bf5-9d96-10b34c9cfbb6,2025-01,1,0.8505750982315688,0.5
2d135f0d-7d9b-4bff-8df5-56da417690f2,b274d6e3-01a3-9f4e-b312-7088b787357d,10f786c8-3837-4bf5-9d96-10b34c9cfbb6,2025-01,0,0.16055444022760093,0.5333333333333333
c7ec7b80-6b73-4110-9cea-203c9e28cbf5,b533de62-fd5f-cc73-01ad-82aaf5df2fd1,8dd4cde4-2050-4622-be37-13f72db9b434,2025-01,0,0.8037680433933614,0.7142857142857143
ff42c3fd-6e7a-40bd-b382-87d29cc8f897,b865619d-9980-0806-c5b5-97fee058322e,296f0113-6916-40f3-8fcc-cd54685de8f3,2025-01,1,0.9984081923187884,0.8461538461538461
c8c8dfb0-36e7-4bb9-b3e9-1c44c42beeb9,ba8dd5e0-ed0e-8b6a-7098-2732476feb31,31a1c073-bb44-4019-8548-0c5a8114de7b,2025-01,0,0.5971080750044797,0.2222222222222222
e3cd5224-c3f4-4360-aeff-59d3464a0670,bcf8ffc1-fd5c-f6ab-0453-7a73c73786dd,d1981985-ab9a-4777-b85f-46da934e391c,2025-01,0,0.19053341230853005,0.14285714285714285
9fd8f32c-5f4b-4223-b69d-76fe37b04b8a,be84008a-74d3-3cc1-6fd6-bcef998f7bff,4ab14a0f-9437-43ed-9504-94985a2312ab,2025-01,1,0.9994788926313738,1.0
3ed5ea06-aa50-4dc4-a72b-acc9cce6d38c,c084c357-8268-b2c6-76e0-aa7c5b28eace,e0cea7aa-9e68-4f66-9ae4-9f48e4753c98,2025-01,0,0.27717281409585776,0.16666666666666666
4e21492a-0d1a-4e91-bbea-016d1616f212,c09e703c-d287-38c8-d1c1-239145e17df9,d60bf084-22b7-4aeb-a8fd-b48b4786c6fd,2025-01,1,0.9841786944197632,1.0
c3f53569-aca8-4865-b268-7717360b0432,c2329858-525d-2f70-5e31-bf9a8358eb3e,956b173b-5f08-4c46-999e-d04c26cb3609,2025-01,0,0.2575569486970467,0.3333333333333333
ecfeada8-47d2-4916-9e31-7589365b0618,c61d6da9-3c3c-ce83-9533-0da9eb03e275,62dc2b76-d436-4b3d-8d68-d366afc0ac24,2025-01,1,0.9258282403717643,0.9473684210526315
5e33b541-30ad-41e2-b5a5-37cf4694f98a,cd2c3f97-4df7-b32f-d0c0-12031beae516,1265235c-5696-491b-925f-044ee29ba97e,2025-01,0,0.02552502416116114,0.0
c053b058-9844-401b-841d-be39610b86c3,cda37b51-1bbc-af0d-a560-49af88fdc751,d66308ce-65d9-4c63-91b1-96f32f42036c,2025-01,1,0.9986894252719184,0.8
909a427e-9a13-48d3-9675-965802bc4f34,cdfd7474-0325-1b45-657c-35abca5b28ee,4364ae28-1999-46c4-86a4-3d9565069abf,2025-01,0,0.5700320851284347,0.6666666666666666
4134ff82-bb7f-46ef-974e-5281d561d636,cf1318a5-0564-4af6-d90e-c3e76de1ef08,5268e485-491e-40b7-942f-61c133c796bb,2025-01,1,0.9983754485633323,0.9333333333333333
0f33c17f-c1c3-4feb-9e1a-090db80fcb9f,d178a884-0bd1-601d-4cd1-042bac71c6db,dcb00194-e35e-4017-87a5-7a1ce16e1022,2025-01,1,0.8924170276304236,1.0
d92cbbbe-7e7b-42a0-910d-47d20a36edd9,d257c87f-0e42-048c-8409-362e925d86fc,597c2d33-b758-4acd-811b-c7b22289dcbc,2025-01,1,0.9998478259203357,0.7777777777777778
e2b7831f-6746-4e3a-ba42-8fcdb8b71d6a,d51c2f8f-9df6-06cb-85f3-47a79b9d5006,f6d9b4ed-d1e3-4963-bbdd-fb87e50d1313,2025-01,1,0.9360169505528011,0.6388192166698823
183a8453-2ba1-489f-a4ac-1f32db71dbac,d51c2f8f-9df6-06cb-85f3-47a79b9d5006,f6d9b4ed-d1e3-4963-bbdd-fb87e50d1313,2025-01,0,0.0358567148319428,1.0
1f552529-c159-4844-96b1-3e000d946d2a,dd81a269-5627-77bf-d8c4-d2e7d309f56e,f6b29b1d-c950-46ae-a66f-fe48ad0eac52,2025-01,1,0.9960832663740132,0.8421052631578947
f389600e-403c-4f67-8a5f-cd3950f418bd,df5ea39c-c069-5211-271d-f0d3831adefa,3394785d-ad9b-442e-9c87-3ab4f47b1876,2025-01,1,0.7093388087837058,0.3333333333333333
ca87f109-49e6-4827-b3b6-1bde2af28137,e6dde6a9-4da9-d1a2-802a-faf5db207e8e,0682de36-4af4-428d-ae04-e9ea4257ddb0,2025-01,1,0.9922099548762383,1.0
a492c89a-9642-408e-8432-babcedc8bd87,e94dc9d5-cb52-49ec-80b1-98376aceb874,64e94573-3ff8-4444-8463-cc997625aa46,2025-01,0,0.618146603257499,0.2857142857142857
fc3386f8-9fd4-4db1-8c1b-2fa41f40fe34,ee4c9007-7674-8d77-244b-b681167c945d,b874ac34-d8c8-45b0-a884-15ba141fd279,2025-01,0,0.4728967433473006,0.6388192166698823
fa34154d-e442-46c8-a883-2a86480f48bc,ee4c9007-7674-8d77-244b-b681167c945d,b874ac34-d8c8-45b0-a884-15ba141fd279,2025-01,0,0.04531575567664027,0.6388192166698823
1da43f84-7482-40d6-ac82-42670ee52cbd,ee61dd03-6eb9-0d71-8bf4-a01ac422b8be,a49dfe35-7e1e-4d81-a32b-8877a575eb1e,2025-01,0,0.6988594721767285,0.4
d19c8504-2afe-49fa-9551-081de00c88f6,f2764421-c336-0b17-7318-6908f1ce4a72,e853e4fd-4532-458c-b497-5266ad57609c,2025-01,0,0.4728967433473006,0.6388192166698823
bcb6994a-0516-4427-a956-f63ddeb73e3c,f2764421-c336-0b17-7318-6908f1ce4a72,e853e4fd-4532-458c-b497-5266ad57609c,2025-01,0,0.043528420248982534,0.6388192166698823
7bf6c02f-9e8d-4115-b7ec-11634c94c9ac,f2764421-c336-0b17-7318-6908f1ce4a72,e853e4fd-4532-458c-b497-5266ad57609c,2025-01,0,0.04531575567664027,0.6388192166698823
dc32cc39-1ed4-4b7c-a23a-00c7328a7ea2,f284b25b-d762-1399-a12e-ba7ffa6b6f97,1129e54a-0b3f-417c-b6db-e1090df6981b,2025-01,0,0.16940863061962888,0.6388192166698823
d10477fa-d1d5-4dc1-a26c-09c2774dabb2,fede9d18-47bd-03b2-a0a3-73ae43fbcf88,aad9a3ed-094e-43a1-b64d-0e4f60c95c04,2025-01,1,0.8180770161022651,0.5714285714285714
5c97fdf5-4cab-435f-9885-1baa9a25b0ea,02295215-68ff-b712-391f-44370ddab3fc,fc63a4a8-0b3e-406f-8ccb-2105eec8e19b,2025-02,1,0.4950459494888875,0.3333333333333333
e21b1c49-d2bf-4a08-bbe2-c7a88f3bdf1a,051d1ba0-2ce6-ea15-c68f-cc2aa5673d1b,3e5c4637-e490-4562-aa63-5e0308c4ec9d,2025-02,0,0.9726279816933088,0.75
00b004dd-f886-4656-a941-0c3ee1e9a8d2,0632e1c8-fb91-3269-00af-8a625740b33a,db29fb51-7937-47b8-89ae-a76c37602092,2025-02,0,0.1697754290465786,0.1111111111111111
ab457020-99d1-4c2d-a612-2e5d771bdf7f,0632e1c8-fb91-3269-00af-8a625740b33a,db29fb51-7937-47b8-89ae-a76c37602092,2025-02,0,0.1288328820953824,0.1111111111111111
6483b2ec-8a64-427b-8ef9-ffc8ad55aed3,0a550b32-ac5f-efb6-6d3b-e9975e20a82d,95855f3f-2de6-4518-923a-d6bb61e6edd7,2025-02,0,0.0392880826053461,0.0
ddea141a-9dd8-4698-bf48-d841c395e9df,0bf78a8a-6c27-f4bf-07de-860dbab2a408,05841c0e-7f6f-4c9f-8b0d-ad24c00cb036,2025-02,0,0.07820099295943043,0.6388192166698823
9914abe6-da5c-46fb-84aa-462ca12e697f,10f3edc6-4b03-b82d-8df1-09ddaf031c0c,d0b11ad6-7841-48cf-82cb-55e373063fac,2025-02,1,0.8092114782467194,0.6818181818181818
0062d5f0-6c2c-4510-abba-0b12ab740934,1287ac56-adee-78b5-6a6b-56b3e8dd7d48,c88936bc-cb40-4598-a743-3c301dd4dccf,2025-02,0,0.059505242637051176,0.6388192166698823
2fbeef36-df8b-4884-9f2d-fcd6a26280ec,146a8458-f956-54ed-317f-b99f7d16fff8,9698da1c-596f-48ae-8618-16b9c409f192,2025-02,0,0.026165074889029083,0.125
cbd771ac-5d32-4f1a-89bf-cd6925aa54ae,148cb172-cc40-9c01-ffa5-33aa5d70bad8,a2b40718-04d7-4dbb-9143-65a881e8a092,2025-02,1,0.9998743077064549,0.9090909090909091
89b09bfc-03c3-4ee2-b011-398d4c909888,17d13989-4f37-42a8-1eb2-88b2df3a9692,3c6dfb4b-b32b-4155-bcc0-1eab4ccc55ce,2025-02,1,0.3183640702189636,0.6388192166698823
13802ec8-723f-4d77-9015-43bd57c84eb6,17d13989-4f37-42a8-1eb2-88b2df3a9692,3c6dfb4b-b32b-4155-bcc0-1eab4ccc55ce,2025-02,0,0.07820099295943043,0.6388192166698823
5bebd675-e4be-49ca-bc55-cb3ea373983f,18788fe2-f6a2-826e-2199-6cec118c6d00,6a5d492b-8175-4c5d-86ac-ff94ea72d963,2025-02,0,0.03518557098739721,0.125
da4ff03c-66e5-415c-8fc4-523a1deb7954,18d86801-3cb7-11d4-8b9d-433429296014,9c5f6705-4936-4bf4-91d9-8bd75b4c341b,2025-02,0,0.009884034591711728,0.0
621fd9fa-b49c-4c14-a06f-dff71d695bd1,1932ea80-c6eb-874e-eca8-12410fa7a608,7ce79ba5-79fe-49c0-9e0a-2ace149ffbd0,2025-02,0,0.3590850947341662,0.0
6ed4d5a8-2aea-43d9-83af-13999e83c79e,1fc0c3bb-f35c-8d5d-a4fa-a9c1723cd8ab,0d1504e1-2884-4dba-97bd-0c3bc37e1669,2025-02,1,0.99766398575454,0.7391304347826086
4b0680ae-9e02-4e44-b003-7ce6b56ba016,227f376b-633a-5615-5670-c29559d0a08b,b98f8c1f-f2b7-4f45-a583-7bb76e52c466,2025-02,0,0.009884034591711728,0.0
e1872add-ff28-4353-a43e-d58a58fd2f69,22a9494d-0e02-6fba-4aee-7947f1e6110b,a9694079-2985-486a-8cd6-bd3243751b22,2025-02,1,0.9996281406221598,0.8
8281ab43-9113-407e-bdde-8d01c54f13f8,238b347e-e7e9-b1a3-31a8-a2f8fed99f55,3d2bb31e-a4e2-4d67-b934-8fbb641505da,2025-02,1,0.8872595667228764,1.0
bd6b6974-f6ec-4129-8561-ed0b72a72f04,23f7ef5f-6b26-a104-b616-b438d7e9243c,8cada743-d341-4211-b2f2-094d551e9ef3,2025-02,1,0.9965041748650177,1.0
d56b74d8-69e4-41ae-a962-14fac63ca7af,24ae889b-240e-b064-cfe8-2b27224c15b0,1acb933b-ee06-488d-ae63-6aa49797c684,2025-02,1,0.9925400676310311,0.9444444444444444
e66bd599-1179-490f-8fc1-817d1eb54ac7,251051cf-e3b5-5d37-918f-bf22b4875790,05a7138b-3291-401c-b2bf-28981d85d111,2025-02,1,0.9997306874419453,1.0
51b7c530-e1fd-440a-9422-2c8974e2b024,25b63db3-6d1d-cb00-d25c-dfd8b4b17909,323f67cc-5fe8-4e19-89b1-838f908c4f0a,2025-02,1,0.9513386164723231,0.8888888888888888
912db5f0-5982-45a4-92a3-7a85fc236768,2631ddfd-660e-8719-1876-82cf88e13a60,0c8b2433-3b52-4a31-973c-d1049e2367ce,2025-02,1,0.840256615806037,0.6388192166698823
2bff5352-a6d0-4aa0-800e-9ed66dceb0fe,276b5368-040e-e40e-948d-d1159a743920,47427b81-4142-421e-aa12-04d8f6f5d16d,2025-02,1,0.6156530368515928,0.42857142857142855
3c694e19-a024-4471-adde-d227d4d1b7a3,2794ccf7-4966-f00d-35d6-34ac17db73ea,29309a70-09a1-4c35-b877-ca27b04ec436,2025-02,1,0.9935199554253076,0.8695652173913043
cbcf1755-6421-490f-86a0-83eaaae9f5c9,28bc36ac-10ee-238f-d3f4-24d10136bbb5,d9d1d753-3cdc-4350-a425-b36a52b7df96,2025-02,1,0.9993827399186641,1.0
771acc0a-0c10-47d2-b8fb-f8534ead42a6,2c62dfe0-1a80-ff55-1d8b-51ac0c7da2fe,c95071e6-baac-4c03-9ee4-82e18f461a3c,2025-02,0,0.6372884516311216,0.5
7a64036c-c991-4c10-9fd3-f8c28b27f704,2c62dfe0-1a80-ff55-1d8b-51ac0c7da2fe,c95071e6-baac-4c03-9ee4-82e18f461a3c,2025-02,0,0.22874550142178765,0.5
71d1c8d4-f9ab-4167-b3ae-65ecb633f4cb,31748409-1d90-3bc0-903e-6d831133e944,e800e656-3fc2-4383-895e-5190e4ec2049,2025-02,0,0.7630500695912316,0.5
de328e9e-c661-43e7-b93f-393dd7f39584,31f3f7a3-5dc4-21cd-ba54-b41347a7822a,2d403254-d4e3-484a-ab66-492809785e47,2025-02,0,0.14837032639360903,1.0
015176a3-3010-4d6c-9dd3-11fc247f0d5a,365f8f9f-009e-838c-36c6-add1b1d696b1,918ecd2a-8085-4aa5-ab1e-fd1708761fc0,2025-02,1,0.4799445219976354,1.0
9c4c043f-b5d3-4523-9e95-1d54fc0bcf25,365f8f9f-009e-838c-36c6-add1b1d696b1,918ecd2a-8085-4aa5-ab1e-fd1708761fc0,2025-02,1,0.2935463755343985,1.0
fb332c4c-4398-45e5-8a0d-b50d1ee3b96c,38069f8b-d44e-0b86-a0d1-dafac5ae1232,0bb006a6-102a-47c8-8091-3f3a4bc5731a,2025-02,1,0.06591574904663568,0.0
5693462f-abf2-4af8-82e4-03f8048468c5,3caa59e9-5e0d-3ca4-6303-a17bdb2e20ec,7790b900-db16-4855-bf52-32d929c70e45,2025-02,1,0.9285199638004912,0.6388192166698823
18a28bf4-4eaa-479e-bb77-d045dee1375a,3caa59e9-5e0d-3ca4-6303-a17bdb2e20ec,7790b900-db16-4855-bf52-32d929c70e45,2025-02,1,0.03411882183883825,0.6388192166698823
5afca0ea-b9e4-4235-8371-db6e4b9f8c1d,3e50af3d-452f-d098-b3bc-3c2a64576d55,9ed28830-e432-4c58-9c57-c514a0ece246,2025-02,0,0.27380225130617203,0.5
edd7b594-e36a-4cbd-bb63-603c0dd4d8d2,414e0bde-7a49-1083-4e22-1fa3dca1b3c6,86bd0990-56e2-4bc9-97d0-f4794c3ea567,2025-02,0,0.20821593718779136,0.0
80471409-10c4-48f5-8335-9270e0e42380,430caea5-4a9a-cf87-274e-54e1547ff83b,baa51bf8-ec5a-4485-9bce-721b5f37edcb,2025-02,1,0.8500595381453567,0.45454545454545453
6966cbc9-2599-46b2-bfb8-ce3522906f25,43bad5ef-9766-7805-47dd-934114b00873,77b097a8-e856-4264-a152-5fc4d84e06a0,2025-02,0,0.07820099295943043,0.6388192166698823
1f7f223e-91be-4b37-9bec-38091e714b73,4628a4bf-d4c5-9e5d-471c-271b9f3e7d03,460261c6-c1c2-4654-81fa-19637f3602a8,2025-02,0,0.4791749144465655,0.45454545454545453
5d571b7a-7c98-4488-a18d-b3268f43fca4,46d380ca-fe7a-07d2-4570-5de890c8fdc7,6a62bcb7-2838-4247-9556-3de6988f214f,2025-02,1,0.7318031167642491,0.6666666666666666
d284489f-70bd-4c82-ac2c-6a8b5e902014,4767b29c-fde2-16bf-4b29-9e8578a3b33f,6bbf10b2-fdb1-4ed1-ae55-813b503b48f9,2025-02,1,0.35191981122397353,0.2857142857142857
78a9ac27-3864-4e06-8535-3bbc5e284624,4767b29c-fde2-16bf-4b29-9e8578a3b33f,6bbf10b2-fdb1-4ed1-ae55-813b503b48f9,2025-02,0,0.05047964285599995,0.375
e9b4df0d-0b49-42ba-81ff-81d6def7a83a,49355947-7605-ec5f-7d81-a6597f38d76b,0318d74f-95a7-4ced-92bb-ded9eb88d273,2025-02,0,0.0123820934096722,0.0
b56f4a7c-df5a-426e-b6fa-cb232025bbb4,49cf43d8-a86e-89e5-c138-85e43fd070f0,8a0ab625-5691-4394-82ef-44ef90833de2,2025-02,1,0.998274147246152,1.0
2a8cc8b5-5bfa-4b70-ad64-059fb2d9e021,4b85d836-4912-f7a8-46ac-19256a4ed1d4,697ad8b8-5795-40f2-9d6e-f9e1287c13c8,2025-02,0,0.16123179167649415,0.0
6d572adc-19c9-4ea2-b7c9-c7a64ddc144d,4c4ad4c9-59bf-f152-d0ff-6502ec564cc9,91e9c4a4-cf9f-4ea2-bbce-8ca8d01150ff,2025-02,1,0.9997577496841086,1.0
47d04cfc-2a3e-4a9b-b0d5-866bda9c3577,4cf13b7d-67b4-87af-6795-b532998a9b0d,924c2996-22b9-4f75-a760-a40afe04263f,2025-02,1,0.9994007418450527,0.8888888888888888
796ea83f-65f5-48b0-a5d9-e7065bc91481,503f204a-1840-9c61-b0fc-0c3228f0d967,8e5a25a3-aa63-48ba-9534-428a57218e69,2025-02,1,0.8719214391793658,0.6388192166698823
6f613c30-4d4e-499c-8718-36ca8d1d9d39,503f204a-1840-9c61-b0fc-0c3228f0d967,8e5a25a3-aa63-48ba-9534-428a57218e69,2025-02,1,0.033629952160798046,0.6388192166698823
94a9a8ae-0fdf-4e97-bf60-1057012ed1a7,510cd475-6538-7d02-413c-1a0f553ba4e6,26a0a5ca-7623-4406-8776-15d57ccb11fc,2025-02,0,0.19663027395418398,0.5
cd9f15c1-08bf-4bad-8a33-c539deeecd61,5110bc8b-7229-5952-e9db-5feb33391303,89a2e9a1-acaf-4bfd-996a-8a996e3d3f9a,2025-02,1,0.9687055478333801,0.8235294117647058
811e3b0f-9518-4f80-aeb2-af97cba136de,52bfd1fd-5813-000e-3603-19146a2ecd4e,56498d84-884f-40e1-bd91-cfb6c94eb3f8,2025-02,0,0.21412627562914274,0.36363636363636365
1b027284-47ca-48f7-a1a2-e8c8f57017b1,52bfd1fd-5813-000e-3603-19146a2ecd4e,56498d84-884f-40e1-bd91-cfb6c94eb3f8,2025-02,0,0.180074749413421,0.3333333333333333
832bb1a6-16e1-4abc-a0a1-3771d5e33437,546aae84-2600-f943-b571-67441bea409a,52d6aec0-5afc-4403-ac70-23cf15308741,2025-02,0,0.33225028078978974,0.125
5714ea58-43dd-4331-9b91-d034f7e44b84,55061549-ef30-d416-5668-dd5177fe8537,9086606b-5e93-4208-af95-d0e4f496b7a5,2025-02,0,0.1003061402554735,0.6388192166698823
aaf3c2b5-5892-4bac-ba9d-b5aa9c40f216,5a1e4739-df51-1e97-95c7-31602fc06832,ab42acef-df0d-4f2b-9def-a961cdf6c003,2025-02,1,0.826394287471726,0.875
226cee76-3b60-4d9e-89fd-e300c5a922c8,5a4bd906-07d0-3c04-680d-6ee01f174660,6eda4f36-5ba8-4b93-b2de-022481039f46,2025-02,1,0.9990643799375317,1.0
6ec7c9d4-cbdc-44d6-baa0-7cc414df37eb,5d4122d1-48a3-607c-cb72-e1956caece73,0ab4614a-82b3-4810-b877-e696de754080,2025-02,0,0.06249659919114379,0.0
7a80b388-b396-452b-ad60-3734db96d8a9,5f0f16ed-dd5a-936c-5dbc-f76aa297afd4,5c202072-a66c-4bc5-8908-03d82ac2718d,2025-02,0,0.4217759554880072,0.0
da86012c-61db-485f-a477-f20d4f4b1297,5fb00f2d-8a0d-5260-0006-da9487a8268d,e12a4a6d-8b94-415d-b58a-aee4e5847605,2025-02,1,0.9618599939031744,1.0
9ea1d744-f1cf-46c3-ad4e-ca290be730c4,5fb00f2d-8a0d-5260-0006-da9487a8268d,e12a4a6d-8b94-415d-b58a-aee4e5847605,2025-02,0,0.15548046299849605,0.6666666666666666
a7635aac-de18-436a-b317-3dbe4ea1a2e6,5fee0a79-3970-704a-2332-f7c7598e86c1,0023d344-348b-4ab3-856d-5b51c7a199ca,2025-02,1,0.9958292512810315,0.6666666666666666
2db7e167-0033-456f-8c7f-37fac2fa8019,61031b0a-ef18-26aa-64b7-d412d7b3d276,99eb3f32-d53e-4470-ab2a-09ed6e9b3872,2025-02,0,0.34541330284943483,0.3
4ecaef8a-1559-4603-a0d3-0406209e5a4a,6162731a-4a9c-e887-e586-1ea574985777,f2f4757e-a36f-4615-8d08-78e18eccf3b7,2025-02,0,0.1488036756987377,0.0
c4e8b90e-f9dd-427d-8a85-9578e7005a5d,66fbcb59-3d06-d8cc-b1d5-53f38a599207,b6b48bf2-25a2-4810-9338-b1847a53c5ed,2025-02,1,0.5492966359415168,0.0
d8a034f5-a2c3-4db6-92de-950f07e991ae,67807154-ef25-1968-49fd-cfe0fbdff7d4,1039a56f-b966-42c7-af24-d9c93b6e6e3c,2025-02,1,0.2935115373268008,0.3333333333333333
b1e500d6-479c-42ec-899d-33bf96cb6a76,6c765a9e-b1ea-4503-e5b7-24daca7c2614,e6096f2f-1764-4460-a2c8-5c597fb158f9,2025-02,0,0.8013245953816177,0.5
33088448-34f8-45d7-a46d-cf52a9989f46,6ce85c3e-5f40-4297-8c38-22ac7432420e,43dd8c38-f19b-4e75-a934-ec4c973686b9,2025-02,1,0.9981823643933465,1.0
c8352685-4fd0-4c2c-be7e-a87ecc59b2b6,6dd50e39-9843-4442-cc09-3b49fbe97fb9,874b3b50-b801-4e30-a0a9-808746433886,2025-02,0,0.06119192921179724,0.0
7bfa67e8-7876-4da1-b8e5-252e8c253da8,6df42279-282f-e2ae-a821-304ef8c14cfe,47ff34bd-dce4-48e4-91d4-a599695e48f1,2025-02,0,0.9660090231163175,0.875
2cb30d21-5fa1-47df-ab8e-80baccc7ac9c,6e70de8a-7b72-4a22-7398-844fbdb73884,e270afca-14b5-4ced-bdcb-3722fdad9966,2025-02,1,0.935030390771399,0.6388192166698823
a4e6921b-44f5-4b7d-9853-83ec4899a790,6e70de8a-7b72-4a22-7398-844fbdb73884,e270afca-14b5-4ced-bdcb-3722fdad9966,2025-02,0,0.1684702311233552,1.0
c568ad93-aaea-4b8f-a568-19e6a3c51059,6e70de8a-7b72-4a22-7398-844fbdb73884,e270afca-14b5-4ced-bdcb-3722fdad9966,2025-02,0,0.16534725989543983,1.0
aee5b554-e3ac-45d3-ab3f-53f66bfa1dac,6e83fcb8-4992-041a-cc06-1dd780a369bd,128d1130-7d0e-426e-9622-a3535454c173,2025-02,1,0.975774572306228,0.7272727272727273
e66a01ed-19b2-4715-9c19-be8d924c2d0d,70945c9c-c8e9-8721-8ecf-dfdaf4a30fde,a28bb1f5-9704-48e7-beab-26353d29a960,2025-02,1,0.7006518463781057,0.7142857142857143
c170db7e-ffbc-40fa-ba77-0688b5b2c991,720a2f6c-96ce-3f42-8ec4-faec53d5a915,4eaa06fe-be7b-4d8f-8cba-fd92a3d3fb69,2025-02,0,0.5445883820267091,0.2857142857142857
ebfd9a7b-52af-4b90-bc1c-5ead65de3b89,72263e8d-e74c-b64e-af0c-e7f293e84d88,8419d24a-5624-4735-bd3c-af55612a12f8,2025-02,1,0.6156530368515928,0.42857142857142855
95c3aecd-6da7-4397-9612-d29ba0ca6144,72fb39cc-cecf-39cd-a55a-60d36a23f691,d9685ad2-82b8-4590-93fa-fdd4856e2976,2025-02,1,0.8251014645060749,1.0
f1caa886-0cf0-4338-95e3-fdfb1a714f2e,74c6b975-b0ab-c8b3-8acd-2cf53597a72b,ea40fdca-3e27-466c-910c-99fef52b75d6,2025-02,1,0.9936876146846078,0.5294117647058824
dab902db-80a1-46b6-bad6-0e74942b7768,77dd12b8-a20b-05c8-2372-79ba1b1624a9,3ca315cc-b9c4-4379-be8c-c2df8c0e42d6,2025-02,0,0.022853175046023317,0.0
68eb27c2-ad70-4586-b585-e2f09a3303c8,79e31f6f-69dc-a40c-27d7-3f076878f83c,a0cd9c66-c067-4001-ad7b-586b6c15537e,2025-02,0,0.01639535115086963,0.0
d9f3976e-ada6-46ad-8072-5abd5d071619,7d26a731-5027-abff-a77e-ce35303b21f6,187cf591-8176-49d6-ad9c-1bccb3901236,2025-02,1,0.9503154282234044,0.6388192166698823
345c6f94-ac5e-4f4a-ab2d-e0c02f5ee390,7d26a731-5027-abff-a77e-ce35303b21f6,187cf591-8176-49d6-ad9c-1bccb3901236,2025-02,1,0.06736884428753061,1.0
51ae60c1-103e-4765-8454-565f702ed348,7febe483-ed64-6c53-4d6b-21d2a35f8861,4d827797-b9e5-4f2d-8343-74b56ddd8df8,2025-02,1,0.9936019202027915,0.75
224ce230-db88-4369-a867-369db58ff650,81f2f896-343e-d20b-9964-56fe1a515cc4,25ee80b8-cf8c-4ae2-be73-fe7c991751ce,2025-02,1,0.991852008144463,1.0
ad49937d-25a7-4078-9f17-9c004e710989,8208282e-43b7-930c-251f-223cdeecd947,eb87b8a3-14da-484d-b2d3-af02f6765739,2025-02,0,0.5376347449130535,0.2222222222222222
118865f3-5645-4061-853e-802625ad2358,82ce206e-2925-18f5-f18c-d80631a9964e,349407f1-b9ed-4f70-9e10-33aa675f85e6,2025-02,1,0.363855452697639,0.5
68814f33-c170-4ec8-8a04-f510c084b3b6,8490df60-3137-5590-8517-f882a6cff021,1f3827bb-860c-4240-bad5-714a89a798d7,2025-02,1,0.9679524319485847,0.6388192166698823
a876c9b4-111a-4e1c-8b79-268aefc2ec49,854c86e3-8b7f-0ca8-f4ac-c6a073699611,8db9e51a-5204-4143-a5a0-086b8cd03403,2025-02,1,0.9989366894686081,1.0
9154105d-4570-4c39-b4a6-cc6f8405775e,855f3f6a-72ae-46f4-4cc2-a9a0d5df5b70,9131c211-f95d-4213-9955-02879ced6aaf,2025-02,0,0.02244040937404729,0.0625
de4d70b3-b610-422f-89f5-52eb51857578,86cd2239-fa55-0389-437e-e8fd505dc931,20d5e9a6-73cd-4f5f-9b27-ba9a13e7864e,2025-02,0,0.9066575441920764,1.0
31d0912a-ba0e-4085-89af-fc8185c831d8,890d247c-e472-92eb-0db7-ca3bc375622c,a3cfd3dc-4afc-4129-8b06-9756a905d971,2025-02,0,0.7432936236519515,0.75
9c87bcc3-559f-45e2-ab58-62335fbeb01e,8aacbc78-5e56-b3c0-f8bc-fcb5490b94f3,d06e259b-0f3f-4c09-bc77-00ec39ab5924,2025-02,1,0.9937659850943678,0.8421052631578947
bc0e7468-15f1-4a92-a7e4-2aae9e243dab,8c10b5c6-4a40-f455-7732-69c9209c6107,f4822e1d-d918-4193-8ea7-19932d1ed97f,2025-02,1,0.3983008562343596,1.0
8a9ff5d9-db2f-442b-84d0-0abd4a20d2b8,8e39a9bd-3317-b2a6-22a6-16fa4cab9632,953c914c-4d92-4ca0-91cf-69a5a15edbe9,2025-02,1,0.9848713819360213,1.0
8145aefd-a8e7-4e23-a6e5-1f9fdf5033eb,93eb3d6a-d35b-ef1f-83b8-7430b6ad1674,c812ba7b-6318-4ce6-b0dd-78749fff30e5,2025-02,0,0.026029959292536757,0.0
657cc262-9d0f-4267-8db0-dbc3e55a38a1,950dd22f-78fa-d205-48b3-fe5a5cc7438e,62887698-aebf-475f-9c98-0a212110dd24,2025-02,1,0.9824717773531577,0.7272727272727273
ed7b651a-0a9a-4f17-846e-9a62cef24e86,9653a402-ff75-bbdf-8cc6-1cb0ca01f233,81f71080-dac7-40e9-bb6b-3526cdd47015,2025-02,0,0.4594855583982115,0.5
a96f0aa4-39dd-49a5-9954-69104cc512aa,97df6798-c997-e797-69e0-f9b4b90aa285,028fb3c7-fa96-4d12-9554-7511a3d7ab06,2025-02,1,0.9173307741635145,0.5
27dc33b0-09ff-4497-acd0-c52d63bf3bef,9842fbe1-4d57-13e7-6abf-aed2f18d4ca0,f395ecb5-f67d-431c-8735-291f7a05d552,2025-02,0,0.7174854317311202,0.8333333333333334
ad17d240-2517-4119-8abe-7fb3b833c18f,9aab8e6f-97e4-131f-c6cd-a91d11668656,c2b24d33-90f8-4d46-aca8-d99bb1f2c844,2025-02,0,0.4034265730347297,0.2222222222222222
2e9d6ab9-bc6e-41c3-b21a-309bb12c83fa,9c916618-64b4-6c3e-0d5b-d33a42a6b966,298a7c4d-846f-4232-aa3e-ca7136e7ebe0,2025-02,1,0.9513323342272662,0.6428571428571429
60dff0e2-b57f-478f-8e80-10d6890bbd0e,9e64e0fa-e34a-1c76-8e4a-1452643fab9a,c60e7351-900f-4499-a207-99f3acb1ba49,2025-02,1,0.9561215938849421,1.0
16c1f018-3e98-4071-850b-77229057aaea,9f04d505-4407-bee3-3bb2-35e98846f5c0,fd855109-6692-4bf6-b9d1-76412b3f91a5,2025-02,1,0.20209752998783628,1.0
0d24f8a0-81d8-4138-b675-31eb2bbd786f,a38721f4-003a-7262-22a7-44e0f2c0754d,d6ff5050-d218-472d-8629-1e322818167d,2025-02,1,0.990899744670695,0.9615384615384616
9180737e-38c6-4ac6-97d6-5b5a7957fb0b,a3bd9264-4572-2548-a85d-c48e8880773b,43d57acf-0a6c-41c7-9d13-0fe412aa5e7c,2025-02,0,0.8737476263343144,0.6
e3f39828-7951-49fd-b33e-0c9ecbfbe220,a66a39a1-af53-6290-1e0b-7fc51cc20608,efa0d66e-ad3e-4e99-b4ea-e5a7da61f354,2025-02,1,0.9989854018350366,1.0
a98b1dc1-566d-4767-8f68-1304b3cca3c3,a7798da2-f8ee-1840-a1f3-f29a9e764b97,9ffe9701-32ac-461a-b5a1-8bb653d34a4b,2025-02,1,0.9997263725022905,1.0
d450e7ed-cf73-4ec3-b73d-1d51efbdf046,a974c0ea-b223-c4ff-2027-207ec4a462ac,59864420-62d6-4d3b-9b98-6872f9821633,2025-02,1,0.9945278423086036,0.9565217391304348
9b51b295-87d0-475d-90f4-92b84ddad4b3,ac062de4-c552-a0d7-9cc1-cbfe89c2ba68,36282a6e-e613-4832-9dc9-77915feffc17,2025-02,1,0.36918780765786174,0.0
cddd204e-9619-46a8-b004-1bf603e45683,ac5ee6bc-de6f-6f5a-a196-731bff043dc7,09848a8b-4b46-4fc9-85b8-9a46fecdd91c,2025-02,0,0.2604500487338954,0.18181818181818182
c154010f-b728-4de6-be47-420a50552d06,ac851bed-41fc-0f41-cf0d-214d17cf53cd,4507404f-8056-48af-bccf-9df703e7d029,2025-02,0,0.4136484950744425,0.6388192166698823
cd450800-4e7b-43bb-a96a-7af7880d94e0,ac851bed-41fc-0f41-cf0d-214d17cf53cd,4507404f-8056-48af-bccf-9df703e7d029,2025-02,0,0.1003061402554735,0.6388192166698823
de28b2b4-c8d5-4b1e-9093-06474b275167,ac851bed-41fc-0f41-cf0d-214d17cf53cd,4507404f-8056-48af-bccf-9df703e7d029,2025-02,0,0.1032472477433192,0.6388192166698823
20d527b6-04ea-4a31-818d-e787b611fd92,b0348aa8-ad9f-d0dd-94e8-c71a6627c930,db9ec732-0eba-43c2-8e97-5e7a05e17561,2025-02,0,0.32050023330556976,0.0
2cd5dfb5-8209-417f-8201-f43fa02a28ab,b111e4dd-be1d-2c79-3945-480547761b5f,1e0bb8aa-b4ea-473a-90f7-c89d96df2323,2025-02,1,0.9948697165396775,1.0
b8ff1584-9e1f-49c5-9363-892be216292f,b19dfc6c-a5d5-734c-3d3d-6389c281b3bb,2ddbff71-425b-4f25-a932-e1bf574b2035,2025-02,1,0.9992315359951989,0.8888888888888888
3deb5ea2-4bfe-4b02-9642-5bd7b5e50882,b274d6e3-01a3-9f4e-b312-7088b787357d,10f786c8-3837-4bf5-9d96-10b34c9cfbb6,2025-02,0,0.8902408511650994,0.5
b3a04214-3853-42e1-8ced-22173070ecaf,b274d6e3-01a3-9f4e-b312-7088b787357d,10f786c8-3837-4bf5-9d96-10b34c9cfbb6,2025-02,0,0.43955764607162084,0.5
b9a2374a-4af6-4ae9-ab3c-ecdd3fc3d78d,b533de62-fd5f-cc73-01ad-82aaf5df2fd1,8dd4cde4-2050-4622-be37-13f72db9b434,2025-02,0,0.8297766982684428,0.625
f65e89bb-f91d-421f-8669-2ea1cd6373fa,b865619d-9980-0806-c5b5-97fee058322e,296f0113-6916-40f3-8fcc-cd54685de8f3,2025-02,1,0.997809692952804,0.8571428571428571
497d72a5-cc51-41a2-8b63-1656c9f0ea7b,ba8dd5e0-ed0e-8b6a-7098-2732476feb31,31a1c073-bb44-4019-8548-0c5a8114de7b,2025-02,0,0.07822116536918362,0.2
4081b10b-8861-4055-b025-0ab7021b75aa,bcf8ffc1-fd5c-f6ab-0453-7a73c73786dd,d1981985-ab9a-4777-b85f-46da934e391c,2025-02,0,0.18068467434830546,0.125
6536f096-efcd-489b-a186-d9ec8d27020a,bdcc24e3-6077-3ea9-b25e-2747d0f07be7,34b48e10-aa34-478c-954d-06259adb5384,2025-02,0,0.08990888215833907,0.6388192166698823
ca0dd12f-efb6-43dd-ba51-7462ddcc77a6,be84008a-74d3-3cc1-6fd6-bcef998f7bff,4ab14a0f-9437-43ed-9504-94985a2312ab,2025-02,1,0.9993260844106029,1.0
4888b394-ca75-4f0e-ae45-2f2b48a33161,c084c357-8268-b2c6-76e0-aa7c5b28eace,e0cea7aa-9e68-4f66-9ae4-9f48e4753c98,2025-02,0,0.47077673476032805,0.14285714285714285
eb27a1a5-9d5e-4b6d-9ee9-f0baed6e0da0,c09e703c-d287-38c8-d1c1-239145e17df9,d60bf084-22b7-4aeb-a8fd-b48b4786c6fd,2025-02,1,0.9942835103207937,1.0
6c0b9229-3f4f-4ed1-92f5-2866beb457b8,c2329858-525d-2f70-5e31-bf9a8358eb3e,956b173b-5f08-4c46-999e-d04c26cb3609,2025-02,0,0.27106326145969367,0.25
fdd2eff3-8b21-4017-8562-84a83bd69417,c9947b7f-26c4-6957-80a1-91eb275ee523,8441d5c4-fdfc-4731-9e95-7af2570dc7ea,2025-02,0,0.033629952160798046,0.6388192166698823
959f82ca-d6a6-4723-96b7-b4b2827c739a,cd2c3f97-4df7-b32f-d0c0-12031beae516,1265235c-5696-491b-925f-044ee29ba97e,2025-02,0,0.007724637714953109,0.0
ff02bf41-8734-4d69-afc1-534547c0b544,cda37b51-1bbc-af0d-a560-49af88fdc751,d66308ce-65d9-4c63-91b1-96f32f42036c,2025-02,1,0.9994635230789716,0.8333333333333334
964abc09-d9cf-45cf-b556-800265829d0f,cdfd7474-0325-1b45-657c-35abca5b28ee,4364ae28-1999-46c4-86a4-3d9565069abf,2025-02,0,0.7574851708138564,0.5714285714285714
bb1b2d86-58c6-47f2-99b4-f2835cbe0a90,cf1318a5-0564-4af6-d90e-c3e76de1ef08,5268e485-491e-40b7-942f-61c133c796bb,2025-02,1,0.9993198950932373,0.9375
00ebabf7-f325-4b79-9de0-bcb2feb4af80,d178a884-0bd1-601d-4cd1-042bac71c6db,dcb00194-e35e-4017-87a5-7a1ce16e1022,2025-02,1,0.9917188708772572,1.0
857532d3-3c28-4977-a19c-3403bf2ebc4e,d257c87f-0e42-048c-8409-362e925d86fc,597c2d33-b758-4acd-811b-c7b22289dcbc,2025-02,1,0.9998126539904089,0.8
b2539059-b583-4013-add2-841e0b639b2c,d51c2f8f-9df6-06cb-85f3-47a79b9d5006,f6d9b4ed-d1e3-4963-bbdd-fb87e50d1313,2025-02,0,0.43686217031658653,0.5
8d37f1cc-4be8-48c8-9b3b-7dcb9bde61ff,d58d1d2f-e65b-7705-8ac2-996da0cf28c4,f009d211-2428-4e63-8c09-22ad8ba10987,2025-02,1,0.9679524319485847,0.6388192166698823
24b379ed-dae7-455a-b8c9-9fdda41e2ad1,d58d1d2f-e65b-7705-8ac2-996da0cf28c4,f009d211-2428-4e63-8c09-22ad8ba10987,2025-02,0,0.08877585975331366,1.0
93c30abd-2b8a-46d6-a270-95c25146c15a,dd81a269-5627-77bf-d8c4-d2e7d309f56e,f6b29b1d-c950-46ae-a66f-fe48ad0eac52,2025-02,1,0.9980877689423021,0.85
00c9a687-ad01-436e-b8c3-93ac98b80095,df5ea39c-c069-5211-271d-f0d3831adefa,3394785d-ad9b-442e-9c87-3ab4f47b1876,2025-02,1,0.8990630124197023,0.36363636363636365
69320af3-d046-4796-932e-c681543b04ce,e17238d1-34ce-0cbb-4dc0-f65e60ff52f7,5c6e4440-a7b7-4d5b-baec-a422ba050dcd,2025-02,0,0.3791540092418524,0.6388192166698823
1d17ddf3-4711-4d02-9398-b5e4f94cb55e,e43d640c-3d0c-c63c-52af-626feca768b5,21506fa6-9ecc-4737-9fe7-742cf3dc0a51,2025-02,1,0.817499172776019,0.6388192166698823
6c7e24f6-34e1-40bb-9a51-b52407342c72,e43d640c-3d0c-c63c-52af-626feca768b5,21506fa6-9ecc-4737-9fe7-742cf3dc0a51,2025-02,1,0.03411882183883825,0.6388192166698823
85cccb82-ffb7-463d-b974-125e8ad71aab,e6dde6a9-4da9-d1a2-802a-faf5db207e8e,0682de36-4af4-428d-ae04-e9ea4257ddb0,2025-02,1,0.9815637196308916,1.0
f1389528-8857-49e7-bc3d-966fb5aee71b,e8623393-ddec-fad5-91bf-c880b6345031,24624e7d-1049-4d1d-a1d3-00acce0a4ef0,2025-02,0,0.1003061402554735,0.6388192166698823
2f4615b4-c39e-4314-bd2e-1798eb83961f,e94dc9d5-cb52-49ec-80b1-98376aceb874,64e94573-3ff8-4444-8463-cc997625aa46,2025-02,0,0.5013450981953652,0.25
4cf066a1-28d1-4356-ba51-28108d84acc8,ee4c9007-7674-8d77-244b-b681167c945d,b874ac34-d8c8-45b0-a884-15ba141fd279,2025-02,1,0.26256715263498004,0.0
77efcd4e-1e52-41cc-96af-a84f1f8d85a7,ee61dd03-6eb9-0d71-8bf4-a01ac422b8be,a49dfe35-7e1e-4d81-a32b-8877a575eb1e,2025-02,0,0.48459674903988387,0.3333333333333333
b529635d-3c2b-4642-9140-d5ff453d8234,f2764421-c336-0b17-7318-6908f1ce4a72,e853e4fd-4532-458c-b497-5266ad57609c,2025-02,1,0.26256715263498004,0.0
7de2e88c-b0ae-4bcc-9e31-307d3609649a,f284b25b-d762-1399-a12e-ba7ffa6b6f97,1129e54a-0b3f-417c-b6db-e1090df6981b,2025-02,0,0.39730952775343575,0.0
7e701307-f16f-475d-ac7b-bf7971a94066,f2d14ca3-b37b-9e02-78c3-46a7603d8a6b,afe238a8-b065-4ef9-905a-7ae15495c488,2025-02,1,0.9679524319485847,0.6388192166698823
1ea8ff81-52fd-4139-8510-3c16c9c26e32,f2d14ca3-b37b-9e02-78c3-46a7603d8a6b,afe238a8-b065-4ef9-905a-7ae15495c488,2025-02,0,0.08877585975331366,1.0
1562b115-ba6e-48c4-81a1-6dcf18cb3fe5,fede9d18-47bd-03b2-a0a3-73ae43fbcf88,aad9a3ed-094e-43a1-b64d-0e4f60c95c04,2025-02,1,0.6610296777396175,0.625
7ec1aab6-f4a0-4803-bdc4-5755b53158c2,02295215-68ff-b712-391f-44370ddab3fc,fc63a4a8-0b3e-406f-8ccb-2105eec8e19b,2025-03,1,0.6331859342448236,0.42857142857142855
819e18bd-ab57-4a4c-b1b7-e123cc96c1db,051d1ba0-2ce6-ea15-c68f-cc2aa5673d1b,3e5c4637-e490-4562-aa63-5e0308c4ec9d,2025-03,1,0.868804266218214,0.6
ec8a0188-c329-4ef3-96c3-0326b78d9534,0632e1c8-fb91-3269-00af-8a625740b33a,db29fb51-7937-47b8-89ae-a76c37602092,2025-03,1,0.5516764077236032,0.09090909090909091
000f80d2-29d8-4b69-ace7-e13b69d55877,0a550b32-ac5f-efb6-6d3b-e9975e20a82d,95855f3f-2de6-4518-923a-d6bb61e6edd7,2025-03,0,0.03441111388412686,0.0
c07d8307-e589-4e92-a899-5e1636e7213d,0bf78a8a-6c27-f4bf-07de-860dbab2a408,05841c0e-7f6f-4c9f-8b0d-ad24c00cb036,2025-03,0,0.43961310857159236,0.0
35e90203-9014-4e19-9c6e-4994c05836cd,0e8d8c4f-79bb-5fec-80fb-bd042f559818,66a2f50b-1a02-4134-99e1-3c38dffad558,2025-03,1,0.6102569532756641,0.6388192166698823
98e2e92b-e0d7-4aba-8a7f-0b3b20b25464,0e8d8c4f-79bb-5fec-80fb-bd042f559818,66a2f50b-1a02-4134-99e1-3c38dffad558,2025-03,0,0.08575539131671239,1.0
d40f5f4c-e654-49fa-b529-9b66fe43757e,10f3edc6-4b03-b82d-8df1-09ddaf031c0c,d0b11ad6-7841-48cf-82cb-55e373063fac,2025-03,1,0.7653343877400193,0.6956521739130435
ef604fb6-71eb-4fe1-9169-944dd9ce1783,1287ac56-adee-78b5-6a6b-56b3e8dd7d48,c88936bc-cb40-4598-a743-3c301dd4dccf,2025-03,1,0.1429283857283163,0.0
eec41202-eb8f-4a30-92c3-305ec717d07c,146a8458-f956-54ed-317f-b99f7d16fff8,9698da1c-596f-48ae-8618-16b9c409f192,2025-03,0,0.021540478261011846,0.1111111111111111
673d15b7-dc15-4b91-b38d-af49803fa10b,148cb172-cc40-9c01-ffa5-33aa5d70bad8,a2b40718-04d7-4dbb-9143-65a881e8a092,2025-03,1,0.9997978221312707,0.9166666666666666
62d4b641-a500-4694-a0ec-47c27fe3e605,17d13989-4f37-42a8-1eb2-88b2df3a9692,3c6dfb4b-b32b-4155-bcc0-1eab4ccc55ce,2025-03,0,0.544692215536204,0.5
b86a87a7-c0b5-4f41-910e-7f45948d8d12,18788fe2-f6a2-826e-2199-6cec118c6d00,6a5d492b-8175-4c5d-86ac-ff94ea72d963,2025-03,1,0.02017572438324321,0.1111111111111111
6db2f598-5a33-48c3-b86e-a7115ffdd3aa,18d86801-3cb7-11d4-8b9d-433429296014,9c5f6705-4936-4bf4-91d9-8bd75b4c341b,2025-03,0,0.01135666347235938,0.0
291cfa2a-f83e-47f8-aa82-349f8f364fa3,1932ea80-c6eb-874e-eca8-12410fa7a608,7ce79ba5-79fe-49c0-9e0a-2ace149ffbd0,2025-03,0,0.3133061434370686,0.0
9e9e36c0-f0ce-469a-b53e-ad0671f9f7dd,1fc0c3bb-f35c-8d5d-a4fa-a9c1723cd8ab,0d1504e1-2884-4dba-97bd-0c3bc37e1669,2025-03,1,0.9991820556588475,0.75
b44721b1-72f5-4f58-b053-8be892df6064,227f376b-633a-5615-5670-c29559d0a08b,b98f8c1f-f2b7-4f45-a583-7bb76e52c466,2025-03,0,0.01135666347235938,0.0
6abf7539-ede8-4edd-9df8-0d34b76302f5,22a9494d-0e02-6fba-4aee-7947f1e6110b,a9694079-2985-486a-8cd6-bd3243751b22,2025-03,1,0.9993998470624135,0.8333333333333334
fe19e497-63af-4b5c-89dc-5a927b7e0c9b,238b347e-e7e9-b1a3-31a8-a2f8fed99f55,3d2bb31e-a4e2-4d67-b934-8fbb641505da,2025-03,1,0.998133334173437,1.0
72474fdb-c1e1-47b6-a3d7-ea1cee4669a1,23f7ef5f-6b26-a104-b616-b438d7e9243c,8cada743-d341-4211-b2f2-094d551e9ef3,2025-03,1,0.99825223799904,1.0
f1d2adbf-1120-42eb-9513-3ba2fd781e17,24ae889b-240e-b064-cfe8-2b27224c15b0,1acb933b-ee06-488d-ae63-6aa49797c684,2025-03,1,0.9608067890555002,0.9473684210526315
c58977cb-3f21-4535-974d-5415877e6cb9,251051cf-e3b5-5d37-918f-bf22b4875790,05a7138b-3291-401c-b2bf-28981d85d111,2025-03,1,0.9995397440050249,1.0
511be588-6d26-43c0-bdbe-9295ec975e8e,25b63db3-6d1d-cb00-d25c-dfd8b4b17909,323f67cc-5fe8-4e19-89b1-838f908c4f0a,2025-03,1,0.9196094567956452,0.9
10bf3cb3-2029-4c42-8cb0-e1b4ca38b629,2631ddfd-660e-8719-1876-82cf88e13a60,0c8b2433-3b52-4a31-973c-d1049e2367ce,2025-03,0,0.17164754934188808,1.0
a42adf65-7b09-49a2-bce5-964da8db7efd,276b5368-040e-e40e-948d-d1159a743920,47427b81-4142-421e-aa12-04d8f6f5d16d,2025-03,0,0.5605745292010427,0.5
6c04d50f-16b0-4f03-b7ab-f542449baec8,2794ccf7-4966-f00d-35d6-34ac17db73ea,29309a70-09a1-4c35-b877-ca27b04ec436,2025-03,1,0.9936906767601049,0.875
3ea6f66b-47c7-42a1-8f85-f47bdc8a5f9d,28bc36ac-10ee-238f-d3f4-24d10136bbb5,d9d1d753-3cdc-4350-a425-b36a52b7df96,2025-03,0,0.9459287782257063,1.0
15138541-a157-442d-b3bb-b67f88a50954,2c62dfe0-1a80-ff55-1d8b-51ac0c7da2fe,c95071e6-baac-4c03-9ee4-82e18f461a3c,2025-03,0,0.14363176847600173,0.25
53d3c931-8e71-4b90-88b1-47a20430c789,31748409-1d90-3bc0-903e-6d831133e944,e800e656-3fc2-4383-895e-5190e4ec2049,2025-03,1,0.2095582342646023,0.3333333333333333
01d56491-1a3d-4e19-82c0-0787ad2b1142,31f3f7a3-5dc4-21cd-ba54-b41347a7822a,2d403254-d4e3-484a-ab66-492809785e47,2025-03,0,0.24185206468872306,0.5
6a27a1d5-8ada-4ac8-bc9d-4a8b9fde2e09,365f8f9f-009e-838c-36c6-add1b1d696b1,918ecd2a-8085-4aa5-ab1e-fd1708761fc0,2025-03,1,0.9946800112565566,1.0
c176d2e5-6a64-4ba3-8f5b-79d719245c2e,365f8f9f-009e-838c-36c6-add1b1d696b1,918ecd2a-8085-4aa5-ab1e-fd1708761fc0,2025-03,1,0.8551989876606587,1.0
33c17ea6-69f6-4ade-b129-9781a36dba51,38069f8b-d44e-0b86-a0d1-dafac5ae1232,0bb006a6-102a-47c8-8091-3f3a4bc5731a,2025-03,0,0.05010339070737101,0.14285714285714285
a250fd85-e8e8-4850-8d55-8c37d4f1ae43,3caa59e9-5e0d-3ca4-6303-a17bdb2e20ec,7790b900-db16-4855-bf52-32d929c70e45,2025-03,0,0.5492769763757499,1.0
d91ea1b0-5fd2-4952-86e8-86f59c22e31d,3e50af3d-452f-d098-b3bc-3c2a64576d55,9ed28830-e432-4c58-9c57-c514a0ece246,2025-03,1,0.08647287929838361,0.3333333333333333
50aa5cd7-9497-443d-9348-830e0c504c33,414e0bde-7a49-1083-4e22-1fa3dca1b3c6,86bd0990-56e2-4bc9-97d0-f4794c3ea567,2025-03,0,0.10035412147223682,0.0
ef51f329-3dd7-4c20-9a73-da6051d09cb0,430caea5-4a9a-cf87-274e-54e1547ff83b,baa51bf8-ec5a-4485-9bce-721b5f37edcb,2025-03,1,0.9633161303786681,0.4782608695652174
90a98092-bb30-442a-9678-77a99aa4087f,43bad5ef-9766-7805-47dd-934114b00873,77b097a8-e856-4264-a152-5fc4d84e06a0,2025-03,0,0.6596664705085794,0.6388192166698823
c113114d-cf36-4678-ac89-e974700dff1a,4628a4bf-d4c5-9e5d-471c-271b9f3e7d03,460261c6-c1c2-4654-81fa-19637f3602a8,2025-03,0,0.7790675741865727,0.43478260869565216
23c4d4cd-d0e7-4184-b900-fc6c1143a2fd,46d380ca-fe7a-07d2-4570-5de890c8fdc7,6a62bcb7-2838-4247-9556-3de6988f214f,2025-03,1,0.7952067767461949,0.7142857142857143
55e3a349-dbc7-4810-b5f5-8aff1387713d,4767b29c-fde2-16bf-4b29-9e8578a3b33f,6bbf10b2-fdb1-4ed1-ae55-813b503b48f9,2025-03,1,0.4268682631899597,0.3333333333333333
48aa02e9-1c4f-45ca-a11a-3e574add5888,4767b29c-fde2-16bf-4b29-9e8578a3b33f,6bbf10b2-fdb1-4ed1-ae55-813b503b48f9,2025-03,0,0.13445789240352574,0.4
9022849a-4741-430a-a20a-690fce309fca,49355947-7605-ec5f-7d81-a6597f38d76b,0318d74f-95a7-4ced-92bb-ded9eb88d273,2025-03,0,0.00851144532637869,0.0
2dbbe2ad-1cc3-4867-8f68-8a292868227e,49cf43d8-a86e-89e5-c138-85e43fd070f0,8a0ab625-5691-4394-82ef-44ef90833de2,2025-03,1,0.9989587821865384,1.0
df6f5d52-163a-40b7-bd50-ecc8a7f50e0b,4b85d836-4912-f7a8-46ac-19256a4ed1d4,697ad8b8-5795-40f2-9d6e-f9e1287c13c8,2025-03,0,0.22828483524958407,0.0
9e3f2079-5eb5-41f1-bfe1-5252c0f926af,4c4ad4c9-59bf-f152-d0ff-6502ec564cc9,91e9c4a4-cf9f-4ea2-bbce-8ca8d01150ff,2025-03,1,0.9995660755232744,1.0
f930d064-281d-4e9d-a32e-e6ed61e7f803,4cf13b7d-67b4-87af-6795-b532998a9b0d,924c2996-22b9-4f75-a760-a40afe04263f,2025-03,1,0.9978456010691289,0.9
36f16d6f-0e1c-494d-aacf-6191dc5d6711,503f204a-1840-9c61-b0fc-0c3228f0d967,8e5a25a3-aa63-48ba-9534-428a57218e69,2025-03,1,0.575949262675463,1.0
2922cf35-39b8-44fc-bc2b-2cf9ecdbf721,510cd475-6538-7d02-413c-1a0f553ba4e6,26a0a5ca-7623-4406-8776-15d57ccb11fc,2025-03,0,0.1535294104504899,0.3333333333333333
8415ed51-deb3-48aa-b4e6-1602a83a90e7,5110bc8b-7229-5952-e9db-5feb33391303,89a2e9a1-acaf-4bfd-996a-8a996e3d3f9a,2025-03,1,0.9504586993438384,0.8333333333333334
18696ead-7006-4f39-83a3-55eef8999608,52bfd1fd-5813-000e-3603-19146a2ecd4e,56498d84-884f-40e1-bd91-cfb6c94eb3f8,2025-03,0,0.44357041657723206,0.3076923076923077
4fc4cc6d-649d-43ec-889c-6f08a6a9ab6a,53161e7a-20e2-d590-c8cd-ca0a5b5ebb43,e3422f73-1205-4829-8df2-d134f29b5b5e,2025-03,1,0.9768498745200649,0.6388192166698823
2b913fb3-03f3-41db-80b8-7a3ebd3ceec4,53161e7a-20e2-d590-c8cd-ca0a5b5ebb43,e3422f73-1205-4829-8df2-d134f29b5b5e,2025-03,1,0.42984380638884223,0.6388192166698823
ccd19986-ae46-4764-9930-bd6ffe9d316f,546aae84-2600-f943-b571-67441bea409a,52d6aec0-5afc-4403-ac70-23cf15308741,2025-03,0,0.2791195847622516,0.1111111111111111
a49ce59a-ef04-497d-aa9d-bad04acf39d4,55061549-ef30-d416-5668-dd5177fe8537,9086606b-5e93-4208-af95-d0e4f496b7a5,2025-03,1,0.8070714479504362,0.0
6f544737-63db-4f1d-8140-b78d83d8d40d,55ca6f7c-112a-ec33-7c1c-987508bc9e41,3820ef49-8442-45ed-aeee-6a7a0cec9205,2025-03,1,0.3129371854518617,0.6388192166698823
2fac64b4-9e2b-4cb8-8e78-260345fff749,5a1e4739-df51-1e97-95c7-31602fc06832,ab42acef-df0d-4f2b-9def-a961cdf6c003,2025-03,1,0.7897519595984933,0.8888888888888888
20018d0a-031c-45f7-a235-cd248bebdb3c,5a4bd906-07d0-3c04-680d-6ee01f174660,6eda4f36-5ba8-4b93-b2de-022481039f46,2025-03,1,0.9961852340668407,1.0
d5b5e824-afd4-40b3-a5c6-191df34d050f,5a97c1a1-f33d-ce97-6ee2-069836e0f76b,7a3b9b70-5ab2-46f2-9f96-d40563863bb9,2025-03,1,0.9819017425349101,0.6388192166698823
552cf588-a987-4189-9210-5a11876f6388,5a97c1a1-f33d-ce97-6ee2-069836e0f76b,7a3b9b70-5ab2-46f2-9f96-d40563863bb9,2025-03,0,0.2713843698104524,1.0
cee7e6da-c6d5-4792-a9d6-7966b3bed9e6,5a97c1a1-f33d-ce97-6ee2-069836e0f76b,7a3b9b70-5ab2-46f2-9f96-d40563863bb9,2025-03,0,0.26148748362435287,1.0
10a358b7-19e4-4dc6-a371-a65f4c456b22,5d4122d1-48a3-607c-cb72-e1956caece73,0ab4614a-82b3-4810-b877-e696de754080,2025-03,0,0.017004140672473092,0.0
d1878116-5757-40bf-b1ec-6d5c30ef9446,5f0f16ed-dd5a-936c-5dbc-f76aa297afd4,5c202072-a66c-4bc5-8908-03d82ac2718d,2025-03,0,0.23404554056869228,0.0
7e8063c1-df44-4a07-9c3d-ead1a42e9654,5fb00f2d-8a0d-5260-0006-da9487a8268d,e12a4a6d-8b94-415d-b58a-aee4e5847605,2025-03,0,0.6476283016307108,0.5
778244be-b3af-4ae8-b904-d085d94f9b4a,5fee0a79-3970-704a-2332-f7c7598e86c1,fad9c620-d9d5-479c-981d-4bc0521c94bb,2025-03,1,0.6687468195260714,0.75
f8b1b412-ab06-47da-a106-4698623f1067,61031b0a-ef18-26aa-64b7-d412d7b3d276,99eb3f32-d53e-4470-ab2a-09ed6e9b3872,2025-03,0,0.05353313296678837,0.2727272727272727
f09a4f97-ddcb-4ea5-b4f9-a538b6bf620a,6162731a-4a9c-e887-e586-1ea574985777,f2f4757e-a36f-4615-8d08-78e18eccf3b7,2025-03,0,0.08487656906687034,0.0
e78f0d57-e0bd-4737-9f49-d5cadd1d330e,66fbcb59-3d06-d8cc-b1d5-53f38a599207,b6b48bf2-25a2-4810-9338-b1847a53c5ed,2025-03,1,0.29089530138242586,0.5
df663ed5-8e2d-48b1-814f-a4fccd9af5dd,67807154-ef25-1968-49fd-cfe0fbdff7d4,1039a56f-b966-42c7-af24-d9c93b6e6e3c,2025-03,0,0.5993232202222114,0.42857142857142855
ec6872a5-0929-4136-94ac-5e5324445fe8,6c765a9e-b1ea-4503-e5b7-24daca7c2614,e6096f2f-1764-4460-a2c8-5c597fb158f9,2025-03,0,0.333882179070331,0.3333333333333333
2c3a6a6d-22d7-4f02-bce4-540adc21282a,6ce85c3e-5f40-4297-8c38-22ac7432420e,43dd8c38-f19b-4e75-a934-ec4c973686b9,2025-03,1,0.9989503443747817,1.0
56586b6c-7b74-46a8-9232-dbf957053bea,6dd50e39-9843-4442-cc09-3b49fbe97fb9,874b3b50-b801-4e30-a0a9-808746433886,2025-03,0,0.02588471105635228,0.0
cdea61f1-6af3-401b-87e2-ff72d84c0fb9,6df42279-282f-e2ae-a821-304ef8c14cfe,47ff34bd-dce4-48e4-91d4-a599695e48f1,2025-03,1,0.7717430002360695,0.7777777777777778
07de46d1-bcf0-4426-9e4c-c8aee6bcdf25,6df42279-282f-e2ae-a821-304ef8c14cfe,47ff34bd-dce4-48e4-91d4-a599695e48f1,2025-03,0,0.40145123368220736,0.8
692f7fe9-7842-4e21-814b-04081d72327b,6e70de8a-7b72-4a22-7398-844fbdb73884,e270afca-14b5-4ced-bdcb-3722fdad9966,2025-03,0,0.4097665233202943,0.3333333333333333
186f0b54-1904-4421-882d-ebdaf50b7513,6e83fcb8-4992-041a-cc06-1dd780a369bd,128d1130-7d0e-426e-9622-a3535454c173,2025-03,1,0.906385365439264,0.75
583581bd-e139-44d9-a5ea-b56830986583,70945c9c-c8e9-8721-8ecf-dfdaf4a30fde,a28bb1f5-9704-48e7-beab-26353d29a960,2025-03,1,0.8367051210459027,0.75
a1b55a3d-64b3-48e3-9472-de5c7ed34d1f,71a2b1e6-ae5d-01fe-6e96-34a5a7d646fa,add0fc75-c260-4d70-8744-7fea8a581cf6,2025-03,1,0.9427743524322167,0.6388192166698823
f4637605-4af3-48b1-b4c0-02cb2deac181,71a2b1e6-ae5d-01fe-6e96-34a5a7d646fa,add0fc75-c260-4d70-8744-7fea8a581cf6,2025-03,0,0.07383502440077427,1.0
625898a2-d6dd-4462-b962-d24d6f406693,720a2f6c-96ce-3f42-8ec4-faec53d5a915,4eaa06fe-be7b-4d8f-8cba-fd92a3d3fb69,2025-03,0,0.1326627556055972,0.25
58ce74eb-dbd0-4562-9e65-bd5d10942ab1,72263e8d-e74c-b64e-af0c-e7f293e84d88,8419d24a-5624-4735-bd3c-af55612a12f8,2025-03,0,0.5605745292010427,0.5
c465b5bc-8ec2-40f7-a2d2-9ede60248a72,72fb39cc-cecf-39cd-a55a-60d36a23f691,d9685ad2-82b8-4590-93fa-fdd4856e2976,2025-03,0,0.8751305099243254,1.0
821349c8-3dd6-4317-8d57-536ae37d1cd2,74c6b975-b0ab-c8b3-8acd-2cf53597a72b,ea40fdca-3e27-466c-910c-99fef52b75d6,2025-03,1,0.9827406662784076,0.5555555555555556
365162a3-3753-4403-aa44-458934be9cc1,77dd12b8-a20b-05c8-2372-79ba1b1624a9,3ca315cc-b9c4-4379-be8c-c2df8c0e42d6,2025-03,0,0.017912208912584188,0.0
3721930f-9265-4ae7-94e0-d9272ee1a2c4,79e31f6f-69dc-a40c-27d7-3f076878f83c,a0cd9c66-c067-4001-ad7b-586b6c15537e,2025-03,0,0.012216021138246767,0.0
16d51672-9e1c-4401-8f43-3816df9606c8,7c642b80-7d09-1c7a-601f-7af53d4fe9fa,2db84571-46d6-4b51-ac45-79ace71c8554,2025-03,1,0.6182481423031954,0.6388192166698823
4313e4ed-a2a4-4b2b-8ae2-f97d747e81a0,7d26a731-5027-abff-a77e-ce35303b21f6,187cf591-8176-49d6-ad9c-1bccb3901236,2025-03,1,0.8983887276103896,1.0
56fa3bf8-e54a-40db-a306-ee6e3116920e,7febe483-ed64-6c53-4d6b-21d2a35f8861,4d827797-b9e5-4f2d-8343-74b56ddd8df8,2025-03,1,0.9527752330169322,0.8
c51f1fbb-4000-4e9d-9d4a-26f167a442dc,81f2f896-343e-d20b-9964-56fe1a515cc4,25ee80b8-cf8c-4ae2-be73-fe7c991751ce,2025-03,1,0.9881325213667929,1.0
13dc1f0b-d7ca-4114-8325-e6afc88785cd,8208282e-43b7-930c-251f-223cdeecd947,eb87b8a3-14da-484d-b2d3-af02f6765739,2025-03,1,0.43953873342738486,0.2
220809d2-6f4b-42ba-a1aa-f663b2b88c57,82ce206e-2925-18f5-f18c-d80631a9964e,349407f1-b9ed-4f70-9e10-33aa675f85e6,2025-03,0,0.4138463896827279,0.6666666666666666
282d83ab-eec2-4654-a123-de6e11561fc9,8490df60-3137-5590-8517-f882a6cff021,1f3827bb-860c-4240-bad5-714a89a798d7,2025-03,0,0.712906803379639,1.0
b7ef6ae3-c048-4e37-9729-2efcfd81cb81,854c86e3-8b7f-0ca8-f4ac-c6a073699611,8db9e51a-5204-4143-a5a0-086b8cd03403,2025-03,1,0.9990710863686839,1.0
1947e864-492a-45ea-914b-4fdae861236f,855f3f6a-72ae-46f4-4cc2-a9a0d5df5b70,9131c211-f95d-4213-9955-02879ced6aaf,2025-03,0,0.018781514699480747,0.058823529411764705
f9f6cc5b-b0e5-415a-bf48-616e4cd3e345,86cd2239-fa55-0389-437e-e8fd505dc931,20d5e9a6-73cd-4f5f-9b27-ba9a13e7864e,2025-03,0,0.5027665680373556,0.5
b5a05276-70ff-4ee1-a72f-77a6f87e2f5d,890d247c-e472-92eb-0db7-ca3bc375622c,a3cfd3dc-4afc-4129-8b06-9756a905d971,2025-03,0,0.6497527597844281,0.6
fe2db221-a99d-495f-8238-3a153128fa18,8aacbc78-5e56-b3c0-f8bc-fcb5490b94f3,d06e259b-0f3f-4c09-bc77-00ec39ab5924,2025-03,1,0.991544894356153,0.85
5529c440-9cc9-45c1-a0a4-35be69d0eb99,8c10b5c6-4a40-f455-7732-69c9209c6107,f4822e1d-d918-4193-8ea7-19932d1ed97f,2025-03,1,0.5230960553135179,1.0
bd5c6399-f6e4-481c-b224-1cb8d6b92d99,8e39a9bd-3317-b2a6-22a6-16fa4cab9632,953c914c-4d92-4ca0-91cf-69a5a15edbe9,2025-03,1,0.9925796475966416,1.0
92471219-12f6-4b7d-97a4-d459c1b1c951,93eb3d6a-d35b-ef1f-83b8-7430b6ad1674,c812ba7b-6318-4ce6-b0dd-78749fff30e5,2025-03,0,0.018526202737689765,0.0
c2dc99ac-c51f-4fad-a192-7967de24bbf2,950dd22f-78fa-d205-48b3-fe5a5cc7438e,62887698-aebf-475f-9c98-0a212110dd24,2025-03,1,0.9257719074211532,0.7391304347826086
8f29f303-c7b6-41cb-a5e9-ca1e1379e712,9653a402-ff75-bbdf-8cc6-1cb0ca01f233,81f71080-dac7-40e9-bb6b-3526cdd47015,2025-03,0,0.1447382635758185,0.4
23292fcb-84e2-4c3e-93bb-e6a32883bc83,97df6798-c997-e797-69e0-f9b4b90aa285,028fb3c7-fa96-4d12-9554-7511a3d7ab06,2025-03,1,0.8279462700064532,0.5714285714285714
599dfcfb-af10-441f-bc10-1da7f1a2163f,9842fbe1-4d57-13e7-6abf-aed2f18d4ca0,f395ecb5-f67d-431c-8735-291f7a05d552,2025-03,1,0.3985265510093691,0.8
7b10315d-273b-4634-9035-df48d577942d,99cb0e3f-ce68-22de-40e4-438506e6b0c3,4cfa8225-aa4f-4f73-acf6-83dfd41c1b6a,2025-03,0,0.551124769438759,0.6388192166698823
3269eb48-654c-4798-81f5-9e70afed2587,99cb0e3f-ce68-22de-40e4-438506e6b0c3,4cfa8225-aa4f-4f73-acf6-83dfd41c1b6a,2025-03,0,0.39325914738745077,0.6388192166698823
3b4f1132-a3f2-41e0-a931-60b775741b34,9aab8e6f-97e4-131f-c6cd-a91d11668656,c2b24d33-90f8-4d46-aca8-d99bb1f2c844,2025-03,0,0.16670508011823418,0.2
c27f2252-fa78-4b1d-91dd-834280040d6f,9c916618-64b4-6c3e-0d5b-d33a42a6b966,298a7c4d-846f-4232-aa3e-ca7136e7ebe0,2025-03,1,0.9908556846339596,0.6666666666666666
40eb2ccc-be17-4cf9-b53c-ba36a096c40d,9e64e0fa-e34a-1c76-8e4a-1452643fab9a,c60e7351-900f-4499-a207-99f3acb1ba49,2025-03,1,0.9323627635041553,1.0
9d1d8f0c-5b77-46ad-be7f-e4c1c9bb525c,9f04d505-4407-bee3-3bb2-35e98846f5c0,fd855109-6692-4bf6-b9d1-76412b3f91a5,2025-03,0,0.3523257137433481,1.0
f139c737-6628-4f7c-8fd5-76b69f7500ba,a38721f4-003a-7262-22a7-44e0f2c0754d,d6ff5050-d218-472d-8629-1e322818167d,2025-03,1,0.9887594245521903,0.9629629629629629
830c5179-1e64-4b08-bb04-7512dc3c8277,a38721f4-003a-7262-22a7-44e0f2c0754d,d6ff5050-d218-472d-8629-1e322818167d,2025-03,0,0.9726739446542189,0.9642857142857143
e79ca9ae-3a61-4987-bbe9-8075c69cfaab,a3bd9264-4572-2548-a85d-c48e8880773b,43d57acf-0a6c-41c7-9d13-0fe412aa5e7c,2025-03,0,0.4295184473677528,0.5
49cc5402-df4f-4e24-a77e-2fbef31aa95a,a66a39a1-af53-6290-1e0b-7fc51cc20608,efa0d66e-ad3e-4e99-b4ea-e5a7da61f354,2025-03,1,0.9985559297221551,1.0
2ce73265-cf15-4c80-a23d-dc473bf40403,a7798da2-f8ee-1840-a1f3-f29a9e764b97,9ffe9701-32ac-461a-b5a1-8bb653d34a4b,2025-03,1,0.9995603193007578,1.0
9516284b-5f74-48e3-94e1-c5bfdcc94af2,a974c0ea-b223-c4ff-2027-207ec4a462ac,59864420-62d6-4d3b-9b98-6872f9821633,2025-03,1,0.9934651653420005,0.9583333333333334
318968fb-933f-478c-8faa-f3f1750fee09,abd9f8e2-40f4-994c-f326-8ad6c939bb6a,e5d8f9b9-9f3a-44a2-9d25-5b56c81d9ee7,2025-03,0,0.15937592796514516,0.6388192166698823
7e896970-15d1-4b79-831d-c412c67357c6,ac062de4-c552-a0d7-9cc1-cbfe89c2ba68,36282a6e-e613-4832-9dc9-77915feffc17,2025-03,1,0.7185560687105516,0.3333333333333333
004fb733-65e7-4e7a-9438-9e003be3b016,ac5ee6bc-de6f-6f5a-a196-731bff043dc7,09848a8b-4b46-4fc9-85b8-9a46fecdd91c,2025-03,0,0.04771245838960601,0.16666666666666666
a92c7976-5636-4eb7-9e94-9dda70717b56,ac851bed-41fc-0f41-cf0d-214d17cf53cd,4507404f-8056-48af-bccf-9df703e7d029,2025-03,1,0.41224992788731113,0.0
876ce8d1-97ea-4ff3-b61b-14bd0188d7da,b0348aa8-ad9f-d0dd-94e8-c71a6627c930,db9ec732-0eba-43c2-8e97-5e7a05e17561,2025-03,0,0.09126998142094987,0.0
2c84e8fc-575f-4446-9127-3de8abd66565,b111e4dd-be1d-2c79-3945-480547761b5f,1e0bb8aa-b4ea-473a-90f7-c89d96df2323,2025-03,1,0.9972212652208432,1.0
4feb9857-5fb5-4ba6-a74b-fce9777e6724,b19dfc6c-a5d5-734c-3d3d-6389c281b3bb,2ddbff71-425b-4f25-a932-e1bf574b2035,2025-03,1,0.9976626598955199,0.9
603d3d08-300d-4f37-8c4c-3139d2b5388c,b274d6e3-01a3-9f4e-b312-7088b787357d,10f786c8-3837-4bf5-9d96-10b34c9cfbb6,2025-03,1,0.5577330487607414,0.4444444444444444
489dc2b4-ae7e-482d-bfee-e08ed2c1589c,b274d6e3-01a3-9f4e-b312-7088b787357d,10f786c8-3837-4bf5-9d96-10b34c9cfbb6,2025-03,0,0.7490641063368393,0.47368421052631576
426c9e5b-78e3-4d74-a25e-c04a0a8a92d6,b533de62-fd5f-cc73-01ad-82aaf5df2fd1,8dd4cde4-2050-4622-be37-13f72db9b434,2025-03,0,0.6069352972096818,0.5555555555555556
ba9ac118-e747-43a4-b123-38c29b31e95b,b865619d-9980-0806-c5b5-97fee058322e,296f0113-6916-40f3-8fcc-cd54685de8f3,2025-03,1,0.9989343301378182,0.8666666666666667
38f58fd4-04e8-47e6-b6b4-a26a10b7a254,ba8dd5e0-ed0e-8b6a-7098-2732476feb31,31a1c073-bb44-4019-8548-0c5a8114de7b,2025-03,0,0.09407862626619261,0.18181818181818182
0c5727b5-0a25-4dc1-b4db-5d3c1aa17312,bcf8ffc1-fd5c-f6ab-0453-7a73c73786dd,d1981985-ab9a-4777-b85f-46da934e391c,2025-03,0,0.08926213946173561,0.1111111111111111
4dd0c3f2-3922-41bd-afd9-c11d326f1215,bdcc24e3-6077-3ea9-b25e-2747d0f07be7,34b48e10-aa34-478c-954d-06259adb5384,2025-03,0,0.23830882476922807,0.0
532189da-6b63-4b90-a131-f58314701963,be84008a-74d3-3cc1-6fd6-bcef998f7bff,4ab14a0f-9437-43ed-9504-94985a2312ab,2025-03,1,0.9978861277591243,1.0
f9c8861e-6a2f-4eb9-a85b-1632b01dfc07,c084c357-8268-b2c6-76e0-aa7c5b28eace,e0cea7aa-9e68-4f66-9ae4-9f48e4753c98,2025-03,0,0.2324787359922294,0.125
08af9d9f-7717-4705-9547-5b1b6f98f9c3,c09e703c-d287-38c8-d1c1-239145e17df9,d60bf084-22b7-4aeb-a8fd-b48b4786c6fd,2025-03,1,0.9946982865129183,1.0
0f36d02e-4840-4840-abb1-fc267d0aefc4,c2329858-525d-2f70-5e31-bf9a8358eb3e,956b173b-5f08-4c46-999e-d04c26cb3609,2025-03,0,0.2296996305373855,0.2
b339a261-86fd-4d3e-8f5d-693e5b9e9723,c9947b7f-26c4-6957-80a1-91eb275ee523,8441d5c4-fdfc-4731-9e95-7af2570dc7ea,2025-03,0,0.40136671831832144,0.0
597d32cb-be94-4062-a139-778b28ed7297,cd2c3f97-4df7-b32f-d0c0-12031beae516,1265235c-5696-491b-925f-044ee29ba97e,2025-03,0,0.008463722262640526,0.0
708eaff4-879b-4631-9585-91a842769bfe,cda37b51-1bbc-af0d-a560-49af88fdc751,d66308ce-65d9-4c63-91b1-96f32f42036c,2025-03,1,0.9986290793556964,0.8571428571428571
f781b4b7-09de-4149-8363-4d2fc9f138eb,cdfd7474-0325-1b45-657c-35abca5b28ee,4364ae28-1999-46c4-86a4-3d9565069abf,2025-03,0,0.37388667354988525,0.5
42cf62a4-50c1-4472-b244-6c62bc575302,cf1318a5-0564-4af6-d90e-c3e76de1ef08,5268e485-491e-40b7-942f-61c133c796bb,2025-03,1,0.999679900410734,0.9411764705882353
cb47a61c-3031-4b6f-a7e6-9964430037d7,d178a884-0bd1-601d-4cd1-042bac71c6db,dcb00194-e35e-4017-87a5-7a1ce16e1022,2025-03,1,0.9945567266160504,1.0
add982f1-d0fd-4b35-a801-aa6061684ad0,d257c87f-0e42-048c-8409-362e925d86fc,597c2d33-b758-4acd-811b-c7b22289dcbc,2025-03,1,0.9992749453884887,0.8181818181818182
ae6a728c-02ef-49ec-80d7-e021d1f07b56,d51c2f8f-9df6-06cb-85f3-47a79b9d5006,f6d9b4ed-d1e3-4963-bbdd-fb87e50d1313,2025-03,1,0.33802620653982013,0.3333333333333333
5bd03943-31b4-4d90-819f-8c1134e49f48,d58d1d2f-e65b-7705-8ac2-996da0cf28c4,f009d211-2428-4e63-8c09-22ad8ba10987,2025-03,0,0.650269156202297,0.5
8f81270a-4d96-419f-81bd-45d1295651ad,dd81a269-5627-77bf-d8c4-d2e7d309f56e,f6b29b1d-c950-46ae-a66f-fe48ad0eac52,2025-03,1,0.9893446500408207,0.8571428571428571
56c183ea-2176-4a14-a3d8-6db1626db39e,df5ea39c-c069-5211-271d-f0d3831adefa,3394785d-ad9b-442e-9c87-3ab4f47b1876,2025-03,0,0.5161036825687977,0.391304347826087
a6ab8687-12d4-40fb-99b0-94cfcd5f40b8,e17238d1-34ce-0cbb-4dc0-f65e60ff52f7,5c6e4440-a7b7-4d5b-baec-a422ba050dcd,2025-03,1,0.2708594335905113,0.0
98f61231-1487-497a-a855-b47b9dcd1185,e1b0693a-105d-db49-8722-6a8a1c87579d,811c8d66-7a3f-457b-9dcc-4f53c8671fe1,2025-03,1,0.9642165364216846,0.6388192166698823
dad534e5-366c-42c1-9b1c-f474feed38e4,e1b0693a-105d-db49-8722-6a8a1c87579d,811c8d66-7a3f-457b-9dcc-4f53c8671fe1,2025-03,0,0.2804417222974737,1.0
67b11f22-fa64-40e0-8776-e84e81d5cb07,e43d640c-3d0c-c63c-52af-626feca768b5,21506fa6-9ecc-4737-9fe7-742cf3dc0a51,2025-03,0,0.606484231958222,1.0
8075280f-22f4-4d99-83ce-8820d4c0b47a,e6dde6a9-4da9-d1a2-802a-faf5db207e8e,0682de36-4af4-428d-ae04-e9ea4257ddb0,2025-03,1,0.9813075168862648,1.0
909e8d52-6b40-458a-a794-5edb3b5f59ae,e8623393-ddec-fad5-91bf-c880b6345031,24624e7d-1049-4d1d-a1d3-00acce0a4ef0,2025-03,0,0.37212667837526675,0.0
20705ca4-94e9-48fc-a78c-1262b67299c4,e94dc9d5-cb52-49ec-80b1-98376aceb874,64e94573-3ff8-4444-8463-cc997625aa46,2025-03,0,0.44050802667280103,0.2222222222222222
3156bcd0-b0e8-4b11-8a0b-389fc06f9a1f,ee4c9007-7674-8d77-244b-b681167c945d,b874ac34-d8c8-45b0-a884-15ba141fd279,2025-03,1,0.6239256163336224,0.3333333333333333
1e3f7d7a-4054-4454-ad94-8129f9eef40a,ee61dd03-6eb9-0d71-8bf4-a01ac422b8be,a49dfe35-7e1e-4d81-a32b-8877a575eb1e,2025-03,1,0.305347100059587,0.2857142857142857
c0d47e06-3500-4ba2-8496-90e8fbb61e30,f2764421-c336-0b17-7318-6908f1ce4a72,e853e4fd-4532-458c-b497-5266ad57609c,2025-03,1,0.3517718824255942,0.25
f749f32d-061c-4e31-86d7-418484ec9ef0,f284b25b-d762-1399-a12e-ba7ffa6b6f97,1129e54a-0b3f-417c-b6db-e1090df6981b,2025-03,0,0.09658811936623879,0.0
17f4faaf-9a12-4a35-8b16-da32aafae976,f2d14ca3-b37b-9e02-78c3-46a7603d8a6b,afe238a8-b065-4ef9-905a-7ae15495c488,2025-03,0,0.870018158667925,0.5
c686f494-de98-4a8a-a8b2-f8ef92df60bf,f9036b0b-f6ae-2444-5d3d-ac81e4964064,0e4656ab-a418-4a6c-a856-d4b7fdcdf15b,2025-03,0,0.15937592796514516,0.6388192166698823
f203f716-492c-4c8c-9f03-02d92c3be525,fede9d18-47bd-03b2-a0a3-73ae43fbcf88,aad9a3ed-094e-43a1-b64d-0e4f60c95c04,2025-03,1,0.6872046695495012,0.6666666666666666
4771e810-b758-4674-93a7-c31359642497,02295215-68ff-b712-391f-44370ddab3fc,fc63a4a8-0b3e-406f-8ccb-2105eec8e19b,2025-04,1,0.6707664905334721,0.5
569165d2-1109-4abd-9f2e-0f333df040d8,02b429ce-a6d5-6fef-b9c9-9bf315c162d2,09480588-260f-4e91-bcf7-5033ba88e43c,2025-04,0,0.06337379635306928,0.6388192166698823
b4736d93-5c63-4aee-ba0a-8e072f4dc8fc,03ce56c0-8798-b95d-7125-311b80363e74,90df3267-4239-48a4-89aa-4a61e24239bc,2025-04,1,0.3030327196922937,0.6388192166698823
031b77f6-9217-4905-807d-e8e606291daa,0a550b32-ac5f-efb6-6d3b-e9975e20a82d,95855f3f-2de6-4518-923a-d6bb61e6edd7,2025-04,0,0.011582965011360241,0.0
85459b97-807d-4dc3-a4ac-7136ca318f01,0bf78a8a-6c27-f4bf-07de-860dbab2a408,05841c0e-7f6f-4c9f-8b0d-ad24c00cb036,2025-04,0,0.5329342228242069,0.0
000320aa-492d-43e5-963c-a16ac57efdbc,0e8d8c4f-79bb-5fec-80fb-bd042f559818,66a2f50b-1a02-4134-99e1-3c38dffad558,2025-04,1,0.6497014387869623,0.5
6affd42a-87be-4e62-8d94-a8375c2d9fff,0ea0c6d9-a99f-89ea-6b85-9ae409698bd3,9213b9cf-1bcf-41e7-a060-e578f718f991,2025-04,1,0.97075121908092,0.6388192166698823
ceba76c1-1776-4005-be5b-5f7371b342c1,0ea0c6d9-a99f-89ea-6b85-9ae409698bd3,9213b9cf-1bcf-41e7-a060-e578f718f991,2025-04,0,0.03878377672615539,1.0
6d573b2e-8441-41ca-8012-bede3cdc5939,10f3edc6-4b03-b82d-8df1-09ddaf031c0c,d0b11ad6-7841-48cf-82cb-55e373063fac,2025-04,0,0.5153416957206042,0.7083333333333334
3c01fe54-0503-4ba2-8210-162ec6838e54,1287ac56-adee-78b5-6a6b-56b3e8dd7d48,c88936bc-cb40-4598-a743-3c301dd4dccf,2025-04,1,0.8797312922570157,0.5
1c0593db-7491-4209-9301-d0ea6b638106,146a8458-f956-54ed-317f-b99f7d16fff8,9698da1c-596f-48ae-8618-16b9c409f192,2025-04,0,0.06601929552433138,0.1
68fa37d0-528c-4478-9304-c43d922c4a87,148cb172-cc40-9c01-ffa5-33aa5d70bad8,a2b40718-04d7-4dbb-9143-65a881e8a092,2025-04,1,0.9998307350612999,0.9230769230769231
73ee087f-644d-47d5-87ea-2ff1fad8fdc4,17d13989-4f37-42a8-1eb2-88b2df3a9692,3c6dfb4b-b32b-4155-bcc0-1eab4ccc55ce,2025-04,0,0.5121657561828088,0.3333333333333333
f213d5e2-c201-4713-88bc-9c2d79f357f6,18788fe2-f6a2-826e-2199-6cec118c6d00,6a5d492b-8175-4c5d-86ac-ff94ea72d963,2025-04,0,0.22115706057906104,0.2
979f983a-e14d-4a8a-a04f-ac57e78afba5,18d86801-3cb7-11d4-8b9d-433429296014,9c5f6705-4936-4bf4-91d9-8bd75b4c341b,2025-04,0,0.01200261333952416,0.0
32c0594d-1414-4084-a3aa-4280d9800f11,1932ea80-c6eb-874e-eca8-12410fa7a608,7ce79ba5-79fe-49c0-9e0a-2ace149ffbd0,2025-04,1,0.310653927743578,0.0
6c108527-c5ce-4ffd-9be8-c7d6bf94df21,1995b0ce-cc80-52dd-8dec-a01a2456659e,6496c482-6282-4094-be95-a55929573369,2025-04,0,0.081911646875433,0.6388192166698823
103ec053-5710-44d9-a8d8-6f1e28d7e66f,1f386b6c-673b-b4f5-5a19-10e9869fcb75,1cade627-e515-41a2-8fef-84b24901e0a8,2025-04,0,0.05952761805316113,0.6388192166698823
0f52d03b-b7ad-484e-a901-f6e99aa9c39e,1fc0c3bb-f35c-8d5d-a4fa-a9c1723cd8ab,0d1504e1-2884-4dba-97bd-0c3bc37e1669,2025-04,1,0.9951020346676762,0.76
6674eda4-734f-4dde-bc88-1738de03276d,227f376b-633a-5615-5670-c29559d0a08b,b98f8c1f-f2b7-4f45-a583-7bb76e52c466,2025-04,0,0.008894081957966449,0.0
67676dec-1f2a-4457-8482-b3df85f329c5,22a9494d-0e02-6fba-4aee-7947f1e6110b,a9694079-2985-486a-8cd6-bd3243751b22,2025-04,1,0.9996973540146418,0.8571428571428571
ef71a9df-12e1-491a-b040-d06e4d914cb0,238b347e-e7e9-b1a3-31a8-a2f8fed99f55,3d2bb31e-a4e2-4d67-b934-8fbb641505da,2025-04,1,0.9994567185573998,1.0
eeab3f3e-dbe2-4f1a-8b05-976fc5ba42bf,23f7ef5f-6b26-a104-b616-b438d7e9243c,8cada743-d341-4211-b2f2-094d551e9ef3,2025-04,1,0.995906902520817,1.0
66276be5-1ed4-45ec-bb06-a1e9aaec0e65,24ae889b-240e-b064-cfe8-2b27224c15b0,1acb933b-ee06-488d-ae63-6aa49797c684,2025-04,1,0.9769759979302379,0.95
8e0c2f0c-2afd-40bb-b792-428e0fb915e4,251051cf-e3b5-5d37-918f-bf22b4875790,05a7138b-3291-401c-b2bf-28981d85d111,2025-04,1,0.9998079573415715,1.0
2195be80-c33b-4475-b0ab-44bd8e05b5af,25b63db3-6d1d-cb00-d25c-dfd8b4b17909,323f67cc-5fe8-4e19-89b1-838f908c4f0a,2025-04,1,0.9661787786716851,0.9090909090909091
dee8b17d-7520-44ab-8b39-0e67e7356a54,2631ddfd-660e-8719-1876-82cf88e13a60,0c8b2433-3b52-4a31-973c-d1049e2367ce,2025-04,0,0.19293332297377122,0.5
dd1c3827-44a4-48e8-ac05-91d6c37ec2d7,276b5368-040e-e40e-948d-d1159a743920,47427b81-4142-421e-aa12-04d8f6f5d16d,2025-04,0,0.6235226601876883,0.4444444444444444
a8489c9b-5f6a-45c8-b3e3-597addb5e836,2794ccf7-4966-f00d-35d6-34ac17db73ea,29309a70-09a1-4c35-b877-ca27b04ec436,2025-04,1,0.9975523463511017,0.88
a8a6ce52-7713-40a2-ae7f-c76532f4c0f8,2b785f57-1c4f-d4a8-d486-b69e7b2db5bc,3c7ccdf6-cc34-4475-9b15-a0933043ad80,2025-04,0,0.10484235926455987,0.6388192166698823
0e567632-29a7-4d98-b5a7-d0b828df408c,2c62dfe0-1a80-ff55-1d8b-51ac0c7da2fe,c95071e6-baac-4c03-9ee4-82e18f461a3c,2025-04,0,0.2514003906369333,0.2
3b9867b4-eb57-4e5e-a2c1-939a64ef0812,31748409-1d90-3bc0-903e-6d831133e944,e800e656-3fc2-4383-895e-5190e4ec2049,2025-04,1,0.5326877028412923,0.5
1a329324-64d0-4517-aa25-6b49816bf5c3,31f3f7a3-5dc4-21cd-ba54-b41347a7822a,2d403254-d4e3-484a-ab66-492809785e47,2025-04,0,0.17284777401733345,0.3333333333333333
6f307d76-74ce-432a-9437-61cde2ea930a,33453ebc-fdb5-2ce9-740f-e9966df68c7c,e99c9ea9-09b4-462b-9ffc-9f6e4ae2b735,2025-04,0,0.081911646875433,0.6388192166698823
7b58a8d2-a77f-4bc5-87ce-64e27725e010,365f8f9f-009e-838c-36c6-add1b1d696b1,918ecd2a-8085-4aa5-ab1e-fd1708761fc0,2025-04,1,0.9973458600927387,1.0
084ee6fa-d13b-4e94-a468-0de90384d17d,38069f8b-d44e-0b86-a0d1-dafac5ae1232,0bb006a6-102a-47c8-8091-3f3a4bc5731a,2025-04,1,0.07167472270782378,0.125
7e449c89-177b-4ae8-b782-0e07f7469b44,3caa59e9-5e0d-3ca4-6303-a17bdb2e20ec,7790b900-db16-4855-bf52-32d929c70e45,2025-04,0,0.7871135807005022,0.6666666666666666
10771ecc-9023-497b-be11-937cb5eb5eaa,3e50af3d-452f-d098-b3bc-3c2a64576d55,9ed28830-e432-4c58-9c57-c514a0ece246,2025-04,1,0.6791667469129118,0.5
a75ba7a3-1d8b-4da3-9d7b-5acce023cdc2,414e0bde-7a49-1083-4e22-1fa3dca1b3c6,86bd0990-56e2-4bc9-97d0-f4794c3ea567,2025-04,0,0.06811137556780965,0.0
d9d00dc5-acc4-4eaf-b473-8599d9305a07,430caea5-4a9a-cf87-274e-54e1547ff83b,baa51bf8-ec5a-4485-9bce-721b5f37edcb,2025-04,1,0.9660853073963682,0.5
b96446a9-3032-4405-a032-24749391e19b,43bad5ef-9766-7805-47dd-934114b00873,77b097a8-e856-4264-a152-5fc4d84e06a0,2025-04,1,0.5329342228242069,0.0
39062628-987c-4f7f-b7e9-eea753ab52eb,43bad5ef-9766-7805-47dd-934114b00873,77b097a8-e856-4264-a152-5fc4d84e06a0,2025-04,0,0.09221944917743569,0.3333333333333333
a7f76dfd-f132-4644-8a18-34ed4a37c6da,4628a4bf-d4c5-9e5d-471c-271b9f3e7d03,460261c6-c1c2-4654-81fa-19637f3602a8,2025-04,1,0.17642408330216292,0.4166666666666667
37a5918c-a0de-4729-9673-a38768a9ef3e,46d380ca-fe7a-07d2-4570-5de890c8fdc7,6a62bcb7-2838-4247-9556-3de6988f214f,2025-04,1,0.9306212005707756,0.75
0b7bf4e7-34d3-4991-982c-5d13d86d3045,4767b29c-fde2-16bf-4b29-9e8578a3b33f,6bbf10b2-fdb1-4ed1-ae55-813b503b48f9,2025-04,0,0.81559596006847,0.36363636363636365
ed9f44e5-4eed-42c3-882d-e0470ce39493,4767b29c-fde2-16bf-4b29-9e8578a3b33f,6bbf10b2-fdb1-4ed1-ae55-813b503b48f9,2025-04,0,0.10432731645072693,0.36363636363636365
defe49b2-795d-478d-8448-99c9ef680901,49355947-7605-ec5f-7d81-a6597f38d76b,0318d74f-95a7-4ced-92bb-ded9eb88d273,2025-04,0,0.009550392824662107,0.0
ad751c0c-92ae-474a-845c-5984b6992db3,49cf43d8-a86e-89e5-c138-85e43fd070f0,8a0ab625-5691-4394-82ef-44ef90833de2,2025-04,1,0.9971745061384,1.0
5c150430-d336-49d6-982b-29d87fd49f43,4b85d836-4912-f7a8-46ac-19256a4ed1d4,697ad8b8-5795-40f2-9d6e-f9e1287c13c8,2025-04,0,0.1002130617560326,0.0
d27163d4-a7c6-4ab9-8b3e-23a602ff2a35,4c4ad4c9-59bf-f152-d0ff-6502ec564cc9,91e9c4a4-cf9f-4ea2-bbce-8ca8d01150ff,2025-04,1,0.9994055791697201,1.0
e515868a-c684-4e6c-ab42-33e503caa832,4cf13b7d-67b4-87af-6795-b532998a9b0d,924c2996-22b9-4f75-a760-a40afe04263f,2025-04,1,0.9991359180550345,0.9090909090909091
54000680-0edb-48cb-b44c-071332ccfac5,503f204a-1840-9c61-b0fc-0c3228f0d967,8e5a25a3-aa63-48ba-9534-428a57218e69,2025-04,1,0.45436827209237624,1.0
58972369-6ffa-41cf-b873-20bd53ae04fa,510cd475-6538-7d02-413c-1a0f553ba4e6,26a0a5ca-7623-4406-8776-15d57ccb11fc,2025-04,0,0.08559820497347509,0.25
74c617da-b106-4402-b80e-a7110c5e5e10,5110bc8b-7229-5952-e9db-5feb33391303,89a2e9a1-acaf-4bfd-996a-8a996e3d3f9a,2025-04,1,0.9854792514233539,0.8421052631578947
92445975-332f-4f4d-b08b-6235beadfdeb,52bfd1fd-5813-000e-3603-19146a2ecd4e,56498d84-884f-40e1-bd91-cfb6c94eb3f8,2025-04,0,0.3512524035443567,0.2857142857142857
18d8170f-2dd4-4b54-81af-989c276fcd3c,53161e7a-20e2-d590-c8cd-ca0a5b5ebb43,e3422f73-1205-4829-8df2-d134f29b5b5e,2025-04,0,0.765505005088217,1.0
c88f2c73-5964-4143-a0b6-87a7ad9608dd,546aae84-2600-f943-b571-67441bea409a,52d6aec0-5afc-4403-ac70-23cf15308741,2025-04,0,0.19360675696972166,0.1
4957c2ba-6e98-4c72-a2ec-44775f978970,55061549-ef30-d416-5668-dd5177fe8537,9086606b-5e93-4208-af95-d0e4f496b7a5,2025-04,1,0.4740872512263979,0.5
630033a7-f126-4547-ac9d-c457ba50c15b,55ca6f7c-112a-ec33-7c1c-987508bc9e41,3820ef49-8442-45ed-aeee-6a7a0cec9205,2025-04,0,0.22862819428962602,1.0
c51c02f1-0874-46e1-a99d-eb04d92d658d,5a1e4739-df51-1e97-95c7-31602fc06832,ab42acef-df0d-4f2b-9def-a961cdf6c003,2025-04,1,0.8816132301479154,0.9
8c9348f8-8cfc-443b-bfaf-cb92b7ec06b8,5a4bd906-07d0-3c04-680d-6ee01f174660,6eda4f36-5ba8-4b93-b2de-022481039f46,2025-04,1,0.9898177667597872,1.0
5e2e271e-e662-41e4-9fc6-304b976823ae,5a97c1a1-f33d-ce97-6ee2-069836e0f76b,7a3b9b70-5ab2-46f2-9f96-d40563863bb9,2025-04,0,0.2967895961136921,0.3333333333333333
da7deae0-000c-42cd-9918-de72ccbfdfd6,5d4122d1-48a3-607c-cb72-e1956caece73,0ab4614a-82b3-4810-b877-e696de754080,2025-04,0,0.009394257546037586,0.0
d22373a2-5bc8-415e-8fc8-624d9fd78dc9,5f0f16ed-dd5a-936c-5dbc-f76aa297afd4,5c202072-a66c-4bc5-8908-03d82ac2718d,2025-04,0,0.10708605593337085,0.0
ca6dbe71-0966-4d34-b0ad-3a73633bb6f5,5fb00f2d-8a0d-5260-0006-da9487a8268d,e12a4a6d-8b94-415d-b58a-aee4e5847605,2025-04,0,0.49098172783767313,0.4
901fd075-8d85-462f-8d32-1659f9bb28b6,5fee0a79-3970-704a-2332-f7c7598e86c1,fad9c620-d9d5-479c-981d-4bc0521c94bb,2025-04,0,0.33973208406585487,0.8
5db76916-3727-43f0-88f2-556e93d78b13,61031b0a-ef18-26aa-64b7-d412d7b3d276,99eb3f32-d53e-4470-ab2a-09ed6e9b3872,2025-04,0,0.09238796190839683,0.25
471af6ab-4fea-40e8-bcaa-7a6f7c58be21,6162731a-4a9c-e887-e586-1ea574985777,f2f4757e-a36f-4615-8d08-78e18eccf3b7,2025-04,0,0.048921487149527106,0.0
c5d6530b-ee61-4bbd-96dc-19e8642a385f,6353c074-799c-5253-d673-577f581c8241,7942e994-f3e4-4fd3-bff5-777b11eb40b6,2025-04,1,0.9753783843446412,0.6388192166698823
fa7685b0-fefd-4dda-b1cd-45cb9284d315,6353c074-799c-5253-d673-577f581c8241,7942e994-f3e4-4fd3-bff5-777b11eb40b6,2025-04,0,0.026586928066348613,1.0
b317c92d-5d7b-4fa7-a2a3-5f0bac588429,66fbcb59-3d06-d8cc-b1d5-53f38a599207,b6b48bf2-25a2-4810-9338-b1847a53c5ed,2025-04,0,0.5816053949639287,0.6666666666666666
c9c55c64-31fc-45b5-abf3-ba63db2daa5f,67807154-ef25-1968-49fd-cfe0fbdff7d4,1039a56f-b966-42c7-af24-d9c93b6e6e3c,2025-04,0,0.6355409432832008,0.375
dbaedfe9-7b22-42a3-9e20-e432325da5d7,6c765a9e-b1ea-4503-e5b7-24daca7c2614,e6096f2f-1764-4460-a2c8-5c597fb158f9,2025-04,1,0.2697822889364507,0.25
162c08fb-e194-4021-b2c2-7f5f3ec8559d,6c765a9e-b1ea-4503-e5b7-24daca7c2614,e6096f2f-1764-4460-a2c8-5c597fb158f9,2025-04,0,0.04515538218297558,0.4
37edb8b6-1c8c-4323-bdc8-a958f8cf532e,6ce85c3e-5f40-4297-8c38-22ac7432420e,43dd8c38-f19b-4e75-a934-ec4c973686b9,2025-04,1,0.9950796127758723,1.0
7ef7fa12-4196-4820-a11a-b429dc033864,6dd50e39-9843-4442-cc09-3b49fbe97fb9,874b3b50-b801-4e30-a0a9-808746433886,2025-04,0,0.015200747073850307,0.0
c87740b2-4700-4ec4-a21e-639aff061482,6df42279-282f-e2ae-a821-304ef8c14cfe,47ff34bd-dce4-48e4-91d4-a599695e48f1,2025-04,1,0.9588258569576649,0.7272727272727273
567044e6-9409-4318-a5b5-d590a7c576fe,6df42279-282f-e2ae-a821-304ef8c14cfe,47ff34bd-dce4-48e4-91d4-a599695e48f1,2025-04,0,0.09264705041700742,0.75
b8f6dda0-72e7-4dc9-a41c-f98195157e97,6e70de8a-7b72-4a22-7398-844fbdb73884,e270afca-14b5-4ced-bdcb-3722fdad9966,2025-04,0,0.4065414796197463,0.25
eb257aac-dfc3-4286-b82e-aa37f2f21aac,6e70de8a-7b72-4a22-7398-844fbdb73884,e270afca-14b5-4ced-bdcb-3722fdad9966,2025-04,0,0.08995582242474681,0.25
2c049817-eed7-4637-b39e-d5b38c152635,6e83fcb8-4992-041a-cc06-1dd780a369bd,128d1130-7d0e-426e-9622-a3535454c173,2025-04,1,0.9506298808152416,0.7692307692307693
7148e47f-7186-4acf-b617-8a9b48b34bad,70945c9c-c8e9-8721-8ecf-dfdaf4a30fde,a28bb1f5-9704-48e7-beab-26353d29a960,2025-04,0,0.8199652061827789,0.7777777777777778
e9de41ed-b53a-458c-ae20-a5c9aa9c219c,716b820e-fef7-dcf3-34be-914835261361,40c41229-cb7b-45da-8818-3433d1c20604,2025-04,0,0.08077246875660174,0.6388192166698823
daa29d1b-984a-4e0c-9ccc-3a22aa7e8203,716b820e-fef7-dcf3-34be-914835261361,40c41229-cb7b-45da-8818-3433d1c20604,2025-04,0,0.08077246875660174,0.6388192166698823
a47cdf31-f977-4518-94eb-6e0556abc0d5,716b820e-fef7-dcf3-34be-914835261361,40c41229-cb7b-45da-8818-3433d1c20604,2025-04,0,0.08355269333794105,0.6388192166698823
c203b2e6-9c82-468b-99c8-e1def246e6d9,716b820e-fef7-dcf3-34be-914835261361,40c41229-cb7b-45da-8818-3433d1c20604,2025-04,0,0.5082089441531006,0.6388192166698823
fe0deca1-da34-4333-a862-5122d9b90270,71a2b1e6-ae5d-01fe-6e96-34a5a7d646fa,add0fc75-c260-4d70-8744-7fea8a581cf6,2025-04,1,0.5275904320692517,0.5
fc3c319a-e96d-4e57-b0fc-215907812b05,720a2f6c-96ce-3f42-8ec4-faec53d5a915,4eaa06fe-be7b-4d8f-8cba-fd92a3d3fb69,2025-04,1,0.34955987422441376,0.2222222222222222
8587da37-e728-4aac-9d44-1826f51215f5,72263e8d-e74c-b64e-af0c-e7f293e84d88,8419d24a-5624-4735-bd3c-af55612a12f8,2025-04,0,0.6235226601876883,0.4444444444444444
8313909d-4552-4e0e-b73e-662933f92e67,72fb39cc-cecf-39cd-a55a-60d36a23f691,d9685ad2-82b8-4590-93fa-fdd4856e2976,2025-04,0,0.8799222554087134,0.6666666666666666
80b34276-cb9e-4c1b-8852-bcb4c23c3b21,74c6b975-b0ab-c8b3-8acd-2cf53597a72b,ea40fdca-3e27-466c-910c-99fef52b75d6,2025-04,1,0.9921058733795792,0.5789473684210527
3f6210e2-a527-4f2c-b80d-4d47fffd3093,77dd12b8-a20b-05c8-2372-79ba1b1624a9,3ca315cc-b9c4-4379-be8c-c2df8c0e42d6,2025-04,0,0.014228002754812388,0.0
880d8a0b-319a-4ac8-a33b-cb20e8b25824,79e31f6f-69dc-a40c-27d7-3f076878f83c,a0cd9c66-c067-4001-ad7b-586b6c15537e,2025-04,0,0.007884219374336627,0.0
a807f04b-9a47-4760-96c5-fa5da9e4583d,7c642b80-7d09-1c7a-601f-7af53d4fe9fa,2db84571-46d6-4b51-ac45-79ace71c8554,2025-04,0,0.41557787800086327,1.0
14ae0770-8bad-4cab-aab2-e6fbfc096b4b,7d26a731-5027-abff-a77e-ce35303b21f6,187cf591-8176-49d6-ad9c-1bccb3901236,2025-04,1,0.9440406443695358,1.0
7ba90479-0da6-4aee-8196-4c1aac043cdf,81f2f896-343e-d20b-9964-56fe1a515cc4,25ee80b8-cf8c-4ae2-be73-fe7c991751ce,2025-04,1,0.9948315002348147,1.0
9eb82344-67ae-4607-bb64-fdd4a43eaa98,8208282e-43b7-930c-251f-223cdeecd947,eb87b8a3-14da-484d-b2d3-af02f6765739,2025-04,1,0.15924276851053257,0.2727272727272727
b5902887-243f-41fd-88e0-31012535e38c,82ce206e-2925-18f5-f18c-d80631a9964e,349407f1-b9ed-4f70-9e10-33aa675f85e6,2025-04,0,0.4529024371837562,0.5
c7b5c11e-6e58-4e00-a0aa-af8a689a3a03,8490df60-3137-5590-8517-f882a6cff021,1f3827bb-860c-4240-bad5-714a89a798d7,2025-04,0,0.6712570793536957,0.5
afacb243-5e11-45a4-9d92-718e912db555,854c86e3-8b7f-0ca8-f4ac-c6a073699611,8db9e51a-5204-4143-a5a0-086b8cd03403,2025-04,1,0.9994403952476626,1.0
0171173d-7367-4ebe-99b2-508f6b3de34c,8550917f-04eb-f961-9e92-97c10f626201,6cd23393-298c-495f-ae83-185c23576866,2025-04,0,0.081911646875433,0.6388192166698823
bebeafdd-70be-44ea-8a8c-00a0108d2403,855f3f6a-72ae-46f4-4cc2-a9a0d5df5b70,9131c211-f95d-4213-9955-02879ced6aaf,2025-04,0,0.014073802815918442,0.05555555555555555
4ec0f400-2ab8-458a-a9f1-a7c7fe865528,86cd2239-fa55-0389-437e-e8fd505dc931,20d5e9a6-73cd-4f5f-9b27-ba9a13e7864e,2025-04,0,0.5891973023172192,0.3333333333333333
ada09fb8-33b7-4b0f-9261-f52d2b66b36a,890d247c-e472-92eb-0db7-ca3bc375622c,a3cfd3dc-4afc-4129-8b06-9756a905d971,2025-04,0,0.4149152978476659,0.5
ce342c43-4b86-4ea1-a66b-604781052c38,8aacbc78-5e56-b3c0-f8bc-fcb5490b94f3,d06e259b-0f3f-4c09-bc77-00ec39ab5924,2025-04,1,0.9779398252138259,0.8571428571428571
f47240ac-495e-439b-90b3-c4e066124b83,8c10b5c6-4a40-f455-7732-69c9209c6107,f4822e1d-d918-4193-8ea7-19932d1ed97f,2025-04,1,0.926576770932163,1.0
1c3e6ea6-fe84-46a6-8359-926f09d5e03e,93eb3d6a-d35b-ef1f-83b8-7430b6ad1674,c812ba7b-6318-4ce6-b0dd-78749fff30e5,2025-04,0,0.02004181487818714,0.0
71b22b7c-914f-4e0a-98be-41aa93c8eab3,950dd22f-78fa-d205-48b3-fe5a5cc7438e,62887698-aebf-475f-9c98-0a212110dd24,2025-04,1,0.9834217028389066,0.75
34dc8cc9-600d-423f-bf60-0832008857d2,9653a402-ff75-bbdf-8cc6-1cb0ca01f233,81f71080-dac7-40e9-bb6b-3526cdd47015,2025-04,0,0.347196213316932,0.3333333333333333
78731e37-4b0a-45ed-9665-9fd07ff3b794,97df6798-c997-e797-69e0-f9b4b90aa285,028fb3c7-fa96-4d12-9554-7511a3d7ab06,2025-04,1,0.7138686738928098,0.625
763c3cbd-cfb7-48de-8113-a6c622d2d7ee,9842fbe1-4d57-13e7-6abf-aed2f18d4ca0,f395ecb5-f67d-431c-8735-291f7a05d552,2025-04,1,0.6645488526615252,0.8076923076923077
e145a99f-c3b5-457a-be65-78de64d8e845,99cb0e3f-ce68-22de-40e4-438506e6b0c3,4cfa8225-aa4f-4f73-acf6-83dfd41c1b6a,2025-04,1,0.39416121218005407,0.0
4b094df4-06b2-4e32-8b37-4e6ac342c932,9aab8e6f-97e4-131f-c6cd-a91d11668656,c2b24d33-90f8-4d46-aca8-d99bb1f2c844,2025-04,0,0.36792019129421727,0.18181818181818182
5e0e7a26-43c0-4964-802b-f2978fdeb1b5,9e64e0fa-e34a-1c76-8e4a-1452643fab9a,c60e7351-900f-4499-a207-99f3acb1ba49,2025-04,1,0.6965304955918397,1.0
5be35687-2048-4944-b0ff-25e84da10459,9f04d505-4407-bee3-3bb2-35e98846f5c0,fd855109-6692-4bf6-b9d1-76412b3f91a5,2025-04,0,0.43453385185163,0.75
71dc9a65-520f-483c-ad43-f1ab029ee468,a38721f4-003a-7262-22a7-44e0f2c0754d,d6ff5050-d218-472d-8629-1e322818167d,2025-04,0,0.6651473077253577,0.9642857142857143
7c84f720-0a88-4ce8-8fc1-bfb9754bc0f9,a38721f4-003a-7262-22a7-44e0f2c0754d,d6ff5050-d218-472d-8629-1e322818167d,2025-04,0,0.18017349303343966,0.9642857142857143
b7f99697-b628-42b4-a3d0-725b31b82629,a3bd9264-4572-2548-a85d-c48e8880773b,43d57acf-0a6c-41c7-9d13-0fe412aa5e7c,2025-04,0,0.7785539781869518,0.42857142857142855
1d1d4bfa-59cf-4b2d-a5a3-566a0fd2d643,a3bd9264-4572-2548-a85d-c48e8880773b,43d57acf-0a6c-41c7-9d13-0fe412aa5e7c,2025-04,0,0.15391198456155558,0.42857142857142855
e1a31bdd-3459-4c15-8ff9-99d95e64c65d,a61eb28c-5bcb-2c0e-6f0d-aea5a35e9f30,e49d5b4d-fd58-4f0c-a779-2ef25bd8eeac,2025-04,0,0.19548562029216246,0.6388192166698823
d836da4a-67ae-450f-bc45-b22503b4f944,a61eb28c-5bcb-2c0e-6f0d-aea5a35e9f30,e49d5b4d-fd58-4f0c-a779-2ef25bd8eeac,2025-04,0,0.07778172224382172,0.6388192166698823
19e8910a-329f-4281-89a2-a1a71726675f,a61eb28c-5bcb-2c0e-6f0d-aea5a35e9f30,e49d5b4d-fd58-4f0c-a779-2ef25bd8eeac,2025-04,0,0.20364628533821394,0.6388192166698823
7a5010ae-9706-49ac-8fa2-f152fd1f98dc,a66a39a1-af53-6290-1e0b-7fc51cc20608,efa0d66e-ad3e-4e99-b4ea-e5a7da61f354,2025-04,1,0.9885664668476951,1.0
f8a04770-9f01-4ccb-892a-05c14b740342,a7798da2-f8ee-1840-a1f3-f29a9e764b97,9ffe9701-32ac-461a-b5a1-8bb653d34a4b,2025-04,1,0.9988350652618495,1.0
261d427f-27cd-493b-9b4f-90b1e12ed391,a974c0ea-b223-c4ff-2027-207ec4a462ac,59864420-62d6-4d3b-9b98-6872f9821633,2025-04,1,0.9842196257624573,0.96
b8844c71-6d9f-467e-a903-c98cf1784f15,abd9f8e2-40f4-994c-f326-8ad6c939bb6a,e5d8f9b9-9f3a-44a2-9d25-5b56c81d9ee7,2025-04,0,0.7354802780180085,0.6388192166698823
b4d70959-0772-4414-9d7c-865afb60cfef,ac062de4-c552-a0d7-9cc1-cbfe89c2ba68,36282a6e-e613-4832-9dc9-77915feffc17,2025-04,1,0.5160170940457275,0.5
640c4db0-07c5-4842-bfe6-923302cfc389,ac5ee6bc-de6f-6f5a-a196-731bff043dc7,09848a8b-4b46-4fc9-85b8-9a46fecdd91c,2025-04,0,0.1963999285201705,0.15384615384615385
1aa2bf66-9b45-4e38-b9e0-de274fee1e29,ac851bed-41fc-0f41-cf0d-214d17cf53cd,4507404f-8056-48af-bccf-9df703e7d029,2025-04,1,0.45831142351889315,0.25
37c3a6ba-dc8f-4bc1-9cba-8fdd5dc34408,b0348aa8-ad9f-d0dd-94e8-c71a6627c930,db9ec732-0eba-43c2-8e97-5e7a05e17561,2025-04,0,0.05311871233787202,0.0
66eb419d-d50a-4f2d-b959-6b4da195efd3,b0a6f0b5-9fd8-112e-2bfa-24fa8a25779b,f5dc7322-00ac-4867-a914-e2bddeac9a0f,2025-04,0,0.10942119398385451,0.6388192166698823
ecf12e7d-d9c0-4abb-b2ab-64a45b6d83a3,b111e4dd-be1d-2c79-3945-480547761b5f,1e0bb8aa-b4ea-473a-90f7-c89d96df2323,2025-04,1,0.9945729296212528,1.0
c180fead-4847-4114-b538-5198e977c9eb,b19dfc6c-a5d5-734c-3d3d-6389c281b3bb,2ddbff71-425b-4f25-a932-e1bf574b2035,2025-04,1,0.9992739011720626,0.9090909090909091
f66870eb-5837-4ffc-a76d-6087847c401b,b274d6e3-01a3-9f4e-b312-7088b787357d,10f786c8-3837-4bf5-9d96-10b34c9cfbb6,2025-04,1,0.7973398281076215,0.45
e6a8de9a-cdc6-4055-8e63-009a5c6cd5dd,b274d6e3-01a3-9f4e-b312-7088b787357d,10f786c8-3837-4bf5-9d96-10b34c9cfbb6,2025-04,0,0.12406018819861352,0.47619047619047616
6989657c-a134-4b91-a49c-5af34d9aa678,b533de62-fd5f-cc73-01ad-82aaf5df2fd1,8dd4cde4-2050-4622-be37-13f72db9b434,2025-04,1,0.668664720448319,0.5
17e8eb59-f28b-4721-9f61-f73c6786d023,b865619d-9980-0806-c5b5-97fee058322e,296f0113-6916-40f3-8fcc-cd54685de8f3,2025-04,1,0.998189627425494,0.875
5a0811ad-5618-4c99-a8e5-50670569cce6,ba8dd5e0-ed0e-8b6a-7098-2732476feb31,31a1c073-bb44-4019-8548-0c5a8114de7b,2025-04,0,0.04405833396076707,0.16666666666666666
5ac68d52-54f0-49c7-8351-dd906d9ff20f,bcf8ffc1-fd5c-f6ab-0453-7a73c73786dd,d1981985-ab9a-4777-b85f-46da934e391c,2025-04,0,0.04236233689606272,0.1
c0c4e9d7-baf2-4738-a825-ce9465951ca3,bdc0ce78-4229-0817-69bf-519ad5936b8e,0dad4959-5b40-4eea-ba8e-9b5a3fafae1e,2025-04,1,0.9218844273768148,0.6388192166698823
15da4db1-cdd2-49d8-aed7-464793ba22e9,bdc0ce78-4229-0817-69bf-519ad5936b8e,0dad4959-5b40-4eea-ba8e-9b5a3fafae1e,2025-04,0,0.0266474748043956,1.0
839335bc-6b6b-4b00-8a7e-e82e6123f2b2,bdcc24e3-6077-3ea9-b25e-2747d0f07be7,34b48e10-aa34-478c-954d-06259adb5384,2025-04,0,0.029090051573831457,0.0
ac5bab35-30ae-4603-988f-e147055f9b42,be84008a-74d3-3cc1-6fd6-bcef998f7bff,4ab14a0f-9437-43ed-9504-94985a2312ab,2025-04,1,0.9995748380500975,1.0
ed934f9c-80ce-4e18-80c2-50a2ca963e93,c084c357-8268-b2c6-76e0-aa7c5b28eace,e0cea7aa-9e68-4f66-9ae4-9f48e4753c98,2025-04,1,0.1961449707138739,0.1111111111111111
4cfa78ad-ca0e-405c-942c-285cdfc1c602,c09e703c-d287-38c8-d1c1-239145e17df9,d60bf084-22b7-4aeb-a8fd-b48b4786c6fd,2025-04,1,0.9959062767223777,1.0
2ca4caf7-62fa-4886-953d-c832bf5fd6f2,c2329858-525d-2f70-5e31-bf9a8358eb3e,956b173b-5f08-4c46-999e-d04c26cb3609,2025-04,0,0.07151052568240188,0.16666666666666666
523138fa-c938-4999-8742-413791091e30,c9947b7f-26c4-6957-80a1-91eb275ee523,8441d5c4-fdfc-4731-9e95-7af2570dc7ea,2025-04,0,0.5959326685033545,0.0
b49e92eb-eb27-4d08-b34f-f0679ab4cb0e,cd2c3f97-4df7-b32f-d0c0-12031beae516,1265235c-5696-491b-925f-044ee29ba97e,2025-04,1,0.006593346864607616,0.0
a5a8f0ff-5dd7-4459-8f9b-0e4ec9281733,cda37b51-1bbc-af0d-a560-49af88fdc751,d66308ce-65d9-4c63-91b1-96f32f42036c,2025-04,1,0.9990377304183228,0.875
e1492541-6f1c-4912-a73b-be9e7edc64cc,cdfd7474-0325-1b45-657c-35abca5b28ee,4364ae28-1999-46c4-86a4-3d9565069abf,2025-04,0,0.5996640452521456,0.4444444444444444
d3d925d0-1c65-45ea-a527-950dcf4042ab,cdfd7474-0325-1b45-657c-35abca5b28ee,4364ae28-1999-46c4-86a4-3d9565069abf,2025-04,0,0.10188501040063438,0.4
d82fde9d-6d6b-4a44-bf41-d1a88cb66c04,cf1318a5-0564-4af6-d90e-c3e76de1ef08,5268e485-491e-40b7-942f-61c133c796bb,2025-04,1,0.999605084639009,0.9444444444444444
08afd413-f3c3-42b9-b7cc-508889651ea4,d257c87f-0e42-048c-8409-362e925d86fc,597c2d33-b758-4acd-811b-c7b22289dcbc,2025-04,1,0.9997598821452917,0.8333333333333334
02520e12-acc8-4d06-b198-96e8bfdefbc0,d51c2f8f-9df6-06cb-85f3-47a79b9d5006,f6d9b4ed-d1e3-4963-bbdd-fb87e50d1313,2025-04,0,0.46753721110697516,0.5
00a20ab3-851b-4d2e-b13b-1a136d144d5b,d58d1d2f-e65b-7705-8ac2-996da0cf28c4,f009d211-2428-4e63-8c09-22ad8ba10987,2025-04,0,0.637232764808769,0.3333333333333333
5779da66-8290-4f94-84a8-88aa037d6b38,dd81a269-5627-77bf-d8c4-d2e7d309f56e,f6b29b1d-c950-46ae-a66f-fe48ad0eac52,2025-04,1,0.9966110990676394,0.8636363636363636
24b38a92-19f3-4f66-bccb-d3ae4033ea6a,df5ea39c-c069-5211-271d-f0d3831adefa,3394785d-ad9b-442e-9c87-3ab4f47b1876,2025-04,1,0.4679980444375519,0.375
402ad17f-22f1-4ca0-91ed-d25d0187999d,e17238d1-34ce-0cbb-4dc0-f65e60ff52f7,5c6e4440-a7b7-4d5b-baec-a422ba050dcd,2025-04,1,0.9224438301954764,0.5
b1f4ab06-76f6-473a-acd6-7b6eaf22c4f9,e1b0693a-105d-db49-8722-6a8a1c87579d,811c8d66-7a3f-457b-9dcc-4f53c8671fe1,2025-04,1,0.7633949778351689,0.5
0931591a-d3ef-4c8d-927a-cc965de9fba9,e43d640c-3d0c-c63c-52af-626feca768b5,21506fa6-9ecc-4737-9fe7-742cf3dc0a51,2025-04,0,0.6328044003139708,0.6666666666666666
5f176ed6-98d2-425e-99fe-c5561dd2f67e,e6dde6a9-4da9-d1a2-802a-faf5db207e8e,948c83b1-ecc1-440f-9997-479b290ef8a0,2025-04,1,0.9877718874562262,1.0
06a1b6a8-73d7-498a-8185-021616c5e9ef,e8623393-ddec-fad5-91bf-c880b6345031,24624e7d-1049-4d1d-a1d3-00acce0a4ef0,2025-04,1,0.5807323729305047,0.0
77c26992-a35e-4718-9495-574ac2ed3795,e94dc9d5-cb52-49ec-80b1-98376aceb874,64e94573-3ff8-4444-8463-cc997625aa46,2025-04,0,0.5410331431581817,0.2
d0c8eb5e-2e9b-480a-b674-4cd3ae36700d,ee4c9007-7674-8d77-244b-b681167c945d,b874ac34-d8c8-45b0-a884-15ba141fd279,2025-04,0,0.7280445450914684,0.5
d7f5b7d6-deae-4d74-9ca6-2d5cc7858dd1,ee61dd03-6eb9-0d71-8bf4-a01ac422b8be,a49dfe35-7e1e-4d81-a32b-8877a575eb1e,2025-04,0,0.4004500378141156,0.375
261aa451-635b-4e78-83cf-e144cd70ca43,f2764421-c336-0b17-7318-6908f1ce4a72,e853e4fd-4532-458c-b497-5266ad57609c,2025-04,0,0.7345620203546609,0.4
ae43df6f-6957-48f3-8b20-b872d094cfe8,f284b25b-d762-1399-a12e-ba7ffa6b6f97,1129e54a-0b3f-417c-b6db-e1090df6981b,2025-04,1,0.026061111595969858,0.0
2d607322-6d83-44fa-a225-67f17d1b1759,f2d14ca3-b37b-9e02-78c3-46a7603d8a6b,afe238a8-b065-4ef9-905a-7ae15495c488,2025-04,0,0.25669651121753845,0.3333333333333333
9ac8b9c5-993d-4ccb-8732-a9e7e70e93d1,f50bb3e2-c8d0-59ce-baaf-017ad9240186,1cacd6fd-9817-46af-9577-9c4b39a706da,2025-04,1,0.46896517420871,1.0
c21d0e0f-8c33-482b-80b0-a76cfc27fd01,f50bb3e2-c8d0-59ce-baaf-017ad9240186,1cacd6fd-9817-46af-9577-9c4b39a706da,2025-04,0,0.1655524685988846,1.0
0943ea88-0faf-423f-a7ea-924a2ec3fc76,f9036b0b-f6ae-2444-5d3d-ac81e4964064,0e4656ab-a418-4a6c-a856-d4b7fdcdf15b,2025-04,1,0.5183119790686113,0.0
c52efe51-aad9-412a-8acc-6c9179923ad1,fede9d18-47bd-03b2-a0a3-73ae43fbcf88,aad9a3ed-094e-43a1-b64d-0e4f60c95c04,2025-04,1,0.9364007939794342,0.7
8cabe23b-c5e4-497a-8a46-e68d5f16cb83,02295215-68ff-b712-391f-44370ddab3fc,fc63a4a8-0b3e-406f-8ccb-2105eec8e19b,2025-05,1,0.9255476888760448,0.5555555555555556
cefe4722-507a-4d05-8483-81c4d3b55cd3,02b429ce-a6d5-6fef-b9c9-9bf315c162d2,09480588-260f-4e91-bcf7-5033ba88e43c,2025-05,0,0.1557588992381213,0.0
3a485219-15b8-4b6f-8f54-c79d27a410a5,03ce56c0-8798-b95d-7125-311b80363e74,90df3267-4239-48a4-89aa-4a61e24239bc,2025-05,1,0.31707986087463785,1.0
edf374e2-bc21-4132-b9d9-7fc7910a0962,04ba1c6f-6c06-819d-9ecc-a0c5f795b922,cbde9bdc-2d51-4e5d-a732-1df1160c4b74,2025-05,0,0.12088990179964926,0.6388192166698823
7274cf84-db5d-41fd-a09d-12ee71928b4d,0a550b32-ac5f-efb6-6d3b-e9975e20a82d,95855f3f-2de6-4518-923a-d6bb61e6edd7,2025-05,0,0.0357877703292662,0.0
921b96d8-b84d-4e38-8c35-b12d8af4b0b5,0bf78a8a-6c27-f4bf-07de-860dbab2a408,05841c0e-7f6f-4c9f-8b0d-ad24c00cb036,2025-05,0,0.12164421617027123,0.0
53a6264d-ce19-4526-965e-27a36c678238,0e8d8c4f-79bb-5fec-80fb-bd042f559818,66a2f50b-1a02-4134-99e1-3c38dffad558,2025-05,1,0.7782451482538992,0.6666666666666666
ee325cf4-f6d5-42fe-860c-62e12e0512ff,0ea0c6d9-a99f-89ea-6b85-9ae409698bd3,9213b9cf-1bcf-41e7-a060-e578f718f991,2025-05,0,0.45455092739969066,0.5
4fcc2c98-5ef8-4c56-a17a-bf7a98522a80,0ed59f1c-35e8-8ae7-d0f3-3b5d4a2202fd,01e02e8d-bc3a-4ec2-ae58-c2dad05312aa,2025-05,1,0.05625141453648711,0.6388192166698823
95a529f9-01e9-4b74-9253-4e6a9a2bb40d,0ed59f1c-35e8-8ae7-d0f3-3b5d4a2202fd,01e02e8d-bc3a-4ec2-ae58-c2dad05312aa,2025-05,1,0.9552631329289987,0.6388192166698823
88d6e6dc-abd4-47e2-b932-75f3f35e683c,10f3edc6-4b03-b82d-8df1-09ddaf031c0c,d0b11ad6-7841-48cf-82cb-55e373063fac,2025-05,1,0.7921790214151277,0.68
2f70b8da-78eb-4561-a5dd-accc8c85d1e8,122c395f-56fd-4482-fe33-7fa3c3cd30b5,45df567e-3c5b-4da3-8bfd-6605e5e6c7a9,2025-05,0,0.12081668119105657,0.6388192166698823
09c2f92b-499b-491b-8254-eca9d3eb51fd,1287ac56-adee-78b5-6a6b-56b3e8dd7d48,c88936bc-cb40-4598-a743-3c301dd4dccf,2025-05,1,0.9872832078823168,0.6666666666666666
e4e2b1b7-d918-42dd-bc4e-54371f143e97,129ef14d-110f-8fd6-f39d-ee91d11e0151,7d28ee88-18cb-440b-86e4-24732d117a8b,2025-05,0,0.05625141453648711,0.6388192166698823
699d2494-8f70-4dc6-86de-c78020ece4c8,146a8458-f956-54ed-317f-b99f7d16fff8,9698da1c-596f-48ae-8618-16b9c409f192,2025-05,0,0.16749007552114822,0.09090909090909091
d6c6dc40-31aa-4082-9775-ec4675d6662d,148cb172-cc40-9c01-ffa5-33aa5d70bad8,a2b40718-04d7-4dbb-9143-65a881e8a092,2025-05,1,0.9995475872478295,0.9285714285714286
6ed1f01c-9097-4ef2-84e7-70410fecef29,17407c57-bdbb-d58e-287b-cd2beace210b,1af31ba4-be02-41ab-80f7-31b0a6b8deaf,2025-05,0,0.06356535324981524,0.6388192166698823
5aaae549-e1f5-4720-9e75-f414cc9c54ba,17d13989-4f37-42a8-1eb2-88b2df3a9692,3c6dfb4b-b32b-4155-bcc0-1eab4ccc55ce,2025-05,1,0.2545205968801818,0.25
3f4d000e-9037-4db5-a060-084970101780,18788fe2-f6a2-826e-2199-6cec118c6d00,6a5d492b-8175-4c5d-86ac-ff94ea72d963,2025-05,0,0.12205606741146138,0.18181818181818182
3941aeca-269b-4c4a-a3a6-3e90160465c0,18d86801-3cb7-11d4-8b9d-433429296014,9c5f6705-4936-4bf4-91d9-8bd75b4c341b,2025-05,0,0.07723745506875568,0.0
98dfd0f1-cb85-4588-b153-d8042327c3bb,1932ea80-c6eb-874e-eca8-12410fa7a608,7ce79ba5-79fe-49c0-9e0a-2ace149ffbd0,2025-05,0,0.159226258899303,0.25
b0f9b707-0241-4317-acec-31e9b35fdf70,1995b0ce-cc80-52dd-8dec-a01a2456659e,6496c482-6282-4094-be95-a55929573369,2025-05,0,0.3256158488343848,0.6388192166698823
7cb129c0-3b28-418f-bd72-bb074c04061f,1b003ea3-bdcb-0416-c3c2-8ff60f2f65f5,419e1438-3ed5-4447-9f4c-68505b3371d9,2025-05,0,0.08231495561438283,0.6388192166698823
4355f46a-48d0-479f-9f8c-21f5b4c27347,1f386b6c-673b-b4f5-5a19-10e9869fcb75,1cade627-e515-41a2-8fef-84b24901e0a8,2025-05,0,0.11878786101604066,0.0
4c78afc3-abe3-40fd-a973-fd2c6e9d921b,1fc0c3bb-f35c-8d5d-a4fa-a9c1723cd8ab,0d1504e1-2884-4dba-97bd-0c3bc37e1669,2025-05,1,0.9974581034472402,0.7692307692307693
d16dd4a3-72e8-42d5-af59-18645fd884dc,227f376b-633a-5615-5670-c29559d0a08b,b98f8c1f-f2b7-4f45-a583-7bb76e52c466,2025-05,0,0.060558308285171746,0.0
5f9a96e2-37ca-44bc-bad3-3889c9d4e1a1,22a9494d-0e02-6fba-4aee-7947f1e6110b,a9694079-2985-486a-8cd6-bd3243751b22,2025-05,1,0.9996210505528552,0.875
036afe14-a822-4add-afe8-8bedf0473dba,2371838e-ccdb-787c-4fcf-71f0be68084b,04ee0754-17c8-4edc-a0c1-b1c000e6b2ce,2025-05,1,0.9643956202115632,0.6388192166698823
746aedf3-ac8b-45b9-a1a8-417eebb76245,2371838e-ccdb-787c-4fcf-71f0be68084b,04ee0754-17c8-4edc-a0c1-b1c000e6b2ce,2025-05,0,0.024223084825338588,1.0
87468a37-de2d-4d9e-81f2-d6e4a9b2cd42,238b347e-e7e9-b1a3-31a8-a2f8fed99f55,3d2bb31e-a4e2-4d67-b934-8fbb641505da,2025-05,1,0.999683674521496,1.0
f78e7e30-9fc5-4483-8735-ea7f11e6bdeb,23f7ef5f-6b26-a104-b616-b438d7e9243c,8cada743-d341-4211-b2f2-094d551e9ef3,2025-05,1,0.9987731072275634,1.0
ebb0c3fd-72c3-46aa-9e29-18fbc788412f,24ae889b-240e-b064-cfe8-2b27224c15b0,1acb933b-ee06-488d-ae63-6aa49797c684,2025-05,1,0.9787467625228508,0.9523809523809523
d7e79bea-219c-489a-91dd-b9d8388ddb6d,251051cf-e3b5-5d37-918f-bf22b4875790,05a7138b-3291-401c-b2bf-28981d85d111,2025-05,1,0.9997600866657104,1.0
f6044c2c-1046-45f5-92a8-11736e70899a,25b63db3-6d1d-cb00-d25c-dfd8b4b17909,323f67cc-5fe8-4e19-89b1-838f908c4f0a,2025-05,1,0.9144595567136155,0.9166666666666666
bb416c8c-dd74-472d-ae16-fbb62f5d31de,2631ddfd-660e-8719-1876-82cf88e13a60,0c8b2433-3b52-4a31-973c-d1049e2367ce,2025-05,0,0.4275594227372824,0.3333333333333333
19b4918d-3ba4-4eda-afd6-15f737609cf0,276b5368-040e-e40e-948d-d1159a743920,47427b81-4142-421e-aa12-04d8f6f5d16d,2025-05,0,0.35952470770560363,0.4
98f215e3-e5e5-4cd7-aa6b-a2d07459e5fa,2794ccf7-4966-f00d-35d6-34ac17db73ea,29309a70-09a1-4c35-b877-ca27b04ec436,2025-05,1,0.998289380647848,0.8846153846153846
7e63c55d-116d-411f-912a-3db827ac8449,2b785f57-1c4f-d4a8-d486-b69e7b2db5bc,3c7ccdf6-cc34-4475-9b15-a0933043ad80,2025-05,1,0.5309734889851132,0.0
8ad2c0f2-caa4-4205-b0a3-93b680b3f578,2c62dfe0-1a80-ff55-1d8b-51ac0c7da2fe,c95071e6-baac-4c03-9ee4-82e18f461a3c,2025-05,0,0.13549254442652067,0.16666666666666666
6c868589-f280-4c14-b9ee-1452a3b13824,31748409-1d90-3bc0-903e-6d831133e944,e800e656-3fc2-4383-895e-5190e4ec2049,2025-05,1,0.7978281825935396,0.6
0ab1e277-51fb-4ee1-abd2-befa46c968f5,31f3f7a3-5dc4-21cd-ba54-b41347a7822a,2d403254-d4e3-484a-ab66-492809785e47,2025-05,1,0.09177620127724667,0.25
220f74d9-056b-4445-8974-dc1783c9f072,344a43f4-d005-00e3-d3f4-5da6b944af56,a19cb77a-2e51-4ca9-88b6-1c9423cd7b63,2025-05,1,0.40383104693170757,0.6388192166698823
57f7c791-9074-4543-ba51-6f5a18b85d70,344a43f4-d005-00e3-d3f4-5da6b944af56,a19cb77a-2e51-4ca9-88b6-1c9423cd7b63,2025-05,0,0.03458011077826094,1.0
451df69f-1a59-4872-aca6-2b541705e4a6,34e17203-69d9-f06c-079c-fc6848b90d7e,0be240d1-c1a1-4b64-b5f7-1dfb8d074f7c,2025-05,0,0.13631084141920383,0.6388192166698823
d1e74355-89e6-40a5-9828-704e3aadc99c,34e17203-69d9-f06c-079c-fc6848b90d7e,0be240d1-c1a1-4b64-b5f7-1dfb8d074f7c,2025-05,0,0.07059758611722419,0.6388192166698823
436a2d6d-3d8e-4696-9ff7-546716078a32,365f8f9f-009e-838c-36c6-add1b1d696b1,918ecd2a-8085-4aa5-ab1e-fd1708761fc0,2025-05,1,0.9295257978116286,1.0
9038e521-9af9-4a65-981b-935868053f5d,38069f8b-d44e-0b86-a0d1-dafac5ae1232,0bb006a6-102a-47c8-8091-3f3a4bc5731a,2025-05,0,0.3170762861403573,0.2222222222222222
948f0832-0c5f-43ac-b848-125873e322dd,3caa59e9-5e0d-3ca4-6303-a17bdb2e20ec,7790b900-db16-4855-bf52-32d929c70e45,2025-05,0,0.2947689427853451,0.5
a34c9a27-c8f1-4ac6-be57-83a450a39435,3e2fea93-18a8-93d6-164a-73bb3ab8c191,f4ee29e4-6c4d-4f65-8b5e-ce92721c36ac,2025-05,1,0.9625471554434138,0.6388192166698823
45c7aca4-e646-4b4d-9877-45d5016e49f7,3e2fea93-18a8-93d6-164a-73bb3ab8c191,f4ee29e4-6c4d-4f65-8b5e-ce92721c36ac,2025-05,1,0.05195890713168504,1.0
8aabbf5e-0230-4e0b-aea7-c4035c1e95f7,3e2fea93-18a8-93d6-164a-73bb3ab8c191,f4ee29e4-6c4d-4f65-8b5e-ce92721c36ac,2025-05,0,0.019047114056918706,1.0
6fe6a4aa-5e3b-450e-a2d9-ac0e7db77845,3f0612aa-b4e7-f5b1-b920-e5559a86b30b,34509f3d-6069-42fa-ae57-c95d6ee75aa2,2025-05,0,0.056675564395294725,0.6388192166698823
b910d640-f20d-460e-b339-f6f6f04a28c3,40d92b3b-7aee-338f-9b2d-58099584d322,d54a3478-2b40-42d1-b5c7-343f6f9a6e1c,2025-05,0,0.06356535324981524,0.6388192166698823
e58052b7-bcfb-4762-a0a6-25ac42aec183,414e0bde-7a49-1083-4e22-1fa3dca1b3c6,86bd0990-56e2-4bc9-97d0-f4794c3ea567,2025-05,0,0.06251144279635931,0.0
872b8104-73bf-4c60-acde-24c651f3fac7,417cb75b-9992-4df9-28ae-ad4d2313621f,bb51f6f8-2b1a-4e9f-b3e3-16a942773d8e,2025-05,1,0.932648412570008,0.6388192166698823
c47390f0-5cc2-4ec9-b205-16ca0fe62571,430caea5-4a9a-cf87-274e-54e1547ff83b,baa51bf8-ec5a-4485-9bce-721b5f37edcb,2025-05,1,0.9879500998843176,0.52
3db65b41-09f4-4434-aa84-7dc379e5a82d,43bad5ef-9766-7805-47dd-934114b00873,77b097a8-e856-4264-a152-5fc4d84e06a0,2025-05,0,0.23279764617396526,0.25
16c4bbb2-77ba-4578-b371-e244e3af32bb,456fc08d-55ba-6a5b-7917-edad21de87b2,42ec8bd7-528a-4997-a1e0-f1027504bc6c,2025-05,0,0.05625141453648711,0.6388192166698823
8899d6ed-5a97-46da-b148-28fff9df5b9f,45bab573-48ef-1237-bc52-123366b60e36,ac39fc09-9c3b-449b-aac5-e211c3923fc8,2025-05,0,0.13631084141920383,0.6388192166698823
2b84c4f2-886b-495a-a9a6-e65cbdf7a03e,45bab573-48ef-1237-bc52-123366b60e36,ac39fc09-9c3b-449b-aac5-e211c3923fc8,2025-05,0,0.07059758611722419,0.6388192166698823
3eac8f40-218b-4731-a5b7-a905f7b9886d,4628a4bf-d4c5-9e5d-471c-271b9f3e7d03,460261c6-c1c2-4654-81fa-19637f3602a8,2025-05,1,0.48682971989077345,0.44
3681ba8c-870c-4dbb-8e93-fa3392cbac8d,46d380ca-fe7a-07d2-4570-5de890c8fdc7,6a62bcb7-2838-4247-9556-3de6988f214f,2025-05,1,0.8516650453079985,0.7777777777777778
d36b25a8-837b-4e10-980a-8b87ad081544,4767b29c-fde2-16bf-4b29-9e8578a3b33f,6bbf10b2-fdb1-4ed1-ae55-813b503b48f9,2025-05,1,0.6936323500704451,0.3076923076923077
caa7a399-513a-4e23-be1f-4eb89528fa19,49355947-7605-ec5f-7d81-a6597f38d76b,0318d74f-95a7-4ced-92bb-ded9eb88d273,2025-05,0,0.026947742006190916,0.0
6f37ea05-ba12-4b69-b1b3-3fd6dbdf15ca,49cf43d8-a86e-89e5-c138-85e43fd070f0,8a0ab625-5691-4394-82ef-44ef90833de2,2025-05,1,0.8398253133085124,1.0
76fc5ad3-0696-45d1-8166-e992cfedd7e8,4b85d836-4912-f7a8-46ac-19256a4ed1d4,697ad8b8-5795-40f2-9d6e-f9e1287c13c8,2025-05,1,0.06399069728647486,0.0
96c96eaf-a2db-414d-ab60-9cbd80987265,4c4ad4c9-59bf-f152-d0ff-6502ec564cc9,91e9c4a4-cf9f-4ea2-bbce-8ca8d01150ff,2025-05,1,0.9995095217178862,1.0
57d2f174-c801-456f-8324-c84616d24998,4cf13b7d-67b4-87af-6795-b532998a9b0d,924c2996-22b9-4f75-a760-a40afe04263f,2025-05,1,0.9984316655549741,0.9166666666666666
7825dc8d-d922-48fe-802d-3b221f47e953,4e667438-6e87-7652-9c8f-5dff0ffa3cad,6d27b7fa-9864-413d-81e2-6f298d2a12b3,2025-05,1,0.40383104693170757,0.6388192166698823
b1430da3-ba58-4c21-a3e4-4bf80ff26b28,4e667438-6e87-7652-9c8f-5dff0ffa3cad,6d27b7fa-9864-413d-81e2-6f298d2a12b3,2025-05,0,0.03458011077826094,1.0
5c513342-923a-4dbd-be8e-e8ff4e24ae68,503f204a-1840-9c61-b0fc-0c3228f0d967,8e5a25a3-aa63-48ba-9534-428a57218e69,2025-05,1,0.9476508810299274,1.0
84800ed7-90fd-49dd-801b-bfff9b5d9825,510cd475-6538-7d02-413c-1a0f553ba4e6,26a0a5ca-7623-4406-8776-15d57ccb11fc,2025-05,0,0.07664762385354949,0.2
32442e07-25db-4a46-85e6-8320ea21e75b,5110bc8b-7229-5952-e9db-5feb33391303,89a2e9a1-acaf-4bfd-996a-8a996e3d3f9a,2025-05,1,0.9942412462345078,0.85
49190a05-ac45-42f4-9d81-291df71fa1a7,519879d1-1867-105c-ae64-2cab42188a79,d4864d31-0010-44b0-9978-a5492eed1380,2025-05,0,0.056675564395294725,0.6388192166698823
2e4093fb-210a-458c-8983-8f889ba5158f,52bfd1fd-5813-000e-3603-19146a2ecd4e,56498d84-884f-40e1-bd91-cfb6c94eb3f8,2025-05,0,0.7715940486336075,0.26666666666666666
38383ef2-13bc-4a29-a019-3e474c21e1d5,53161e7a-20e2-d590-c8cd-ca0a5b5ebb43,e3422f73-1205-4829-8df2-d134f29b5b5e,2025-05,0,0.9137090476602628,0.6666666666666666
f4b34b3c-1313-4e26-8560-08308d8ddf25,546aae84-2600-f943-b571-67441bea409a,52d6aec0-5afc-4403-ac70-23cf15308741,2025-05,0,0.030321495326860428,0.09090909090909091
305cacfd-6867-4841-93fa-2b6b48cd8b8c,546aae84-2600-f943-b571-67441bea409a,52d6aec0-5afc-4403-ac70-23cf15308741,2025-05,0,0.04616608577577322,0.09090909090909091
f37024bb-4a50-4244-87e8-600951320491,546aae84-2600-f943-b571-67441bea409a,52d6aec0-5afc-4403-ac70-23cf15308741,2025-05,0,0.04385374969089424,0.09090909090909091
de87b9dc-2633-4d90-9734-6c930b83040e,55061549-ef30-d416-5668-dd5177fe8537,9086606b-5e93-4208-af95-d0e4f496b7a5,2025-05,1,0.7699294563615842,0.6666666666666666
15ad9999-c803-40dd-9af2-b67b55c245f3,55ca6f7c-112a-ec33-7c1c-987508bc9e41,3820ef49-8442-45ed-aeee-6a7a0cec9205,2025-05,0,0.22714833711390991,0.5
98015b0e-ac60-4dbd-8eff-b33e96a1e5ff,5a1e4739-df51-1e97-95c7-31602fc06832,ab42acef-df0d-4f2b-9def-a961cdf6c003,2025-05,1,0.8266608134707224,0.9090909090909091
c67dbd22-a2ef-47f8-a0fd-b2bd97f6782a,5a4bd906-07d0-3c04-680d-6ee01f174660,6eda4f36-5ba8-4b93-b2de-022481039f46,2025-05,1,0.9955918098143202,1.0
18b7c6fd-eb8e-4ed9-84c3-261f548c5b9a,5a97c1a1-f33d-ce97-6ee2-069836e0f76b,7a3b9b70-5ab2-46f2-9f96-d40563863bb9,2025-05,0,0.2460987130972659,0.25
7d34b967-12eb-442f-8f46-926e7d24947e,5d4122d1-48a3-607c-cb72-e1956caece73,0ab4614a-82b3-4810-b877-e696de754080,2025-05,0,0.01996325425756646,0.0
814482e7-8604-4dd4-b2ca-438887a87227,5f0f16ed-dd5a-936c-5dbc-f76aa297afd4,5c202072-a66c-4bc5-8908-03d82ac2718d,2025-05,0,0.21711270013599399,0.0
33256fc7-0280-432e-b7e6-1f46edfdc084,5f0f16ed-dd5a-936c-5dbc-f76aa297afd4,5c202072-a66c-4bc5-8908-03d82ac2718d,2025-05,0,0.10928552471370405,0.0
831e272a-96bb-4ee3-9e76-428fd9e844de,5fb00f2d-8a0d-5260-0006-da9487a8268d,e12a4a6d-8b94-415d-b58a-aee4e5847605,2025-05,0,0.3475770818106538,0.3333333333333333
99997b37-2ebd-4bf6-a634-7d9144985182,5fee0a79-3970-704a-2332-f7c7598e86c1,fad9c620-d9d5-479c-981d-4bc0521c94bb,2025-05,0,0.6085768654575843,0.6666666666666666
842e891a-8cda-4c9e-ae09-fb7517a372d4,61031b0a-ef18-26aa-64b7-d412d7b3d276,99eb3f32-d53e-4470-ab2a-09ed6e9b3872,2025-05,0,0.32062240056512226,0.23076923076923078
38ac8bc9-2966-42f4-9e64-8c4318bdf76f,6162731a-4a9c-e887-e586-1ea574985777,f2f4757e-a36f-4615-8d08-78e18eccf3b7,2025-05,0,0.0668990333532289,0.0
966fea98-3458-436a-9da9-91af5956434e,623531a9-cbf0-3887-51de-f6a7ce52c112,1cceb3e9-4204-46ae-8706-29ede7a6bcdb,2025-05,0,0.058315470463762745,0.6388192166698823
3a95b92f-ecc5-44a2-b260-7bf6eb7213e8,6353c074-799c-5253-d673-577f581c8241,7942e994-f3e4-4fd3-bff5-777b11eb40b6,2025-05,1,0.38142003170530203,0.5
10e63074-fac9-4c0c-888e-587bbc7f1285,66fbcb59-3d06-d8cc-b1d5-53f38a599207,b6b48bf2-25a2-4810-9338-b1847a53c5ed,2025-05,0,0.3553341416081935,0.5
044c25c3-b049-4c23-a361-57e466b0cb31,67807154-ef25-1968-49fd-cfe0fbdff7d4,1039a56f-b966-42c7-af24-d9c93b6e6e3c,2025-05,1,0.7607226102244098,0.3333333333333333
d0c48b42-71ca-49d8-932e-46b039f8c699,6c765a9e-b1ea-4503-e5b7-24daca7c2614,e6096f2f-1764-4460-a2c8-5c597fb158f9,2025-05,1,0.5380771209558891,0.3333333333333333
d8edc075-3b22-4e07-bfdb-94aa5b9bca58,6ce85c3e-5f40-4297-8c38-22ac7432420e,43dd8c38-f19b-4e75-a934-ec4c973686b9,2025-05,1,0.9987969433312118,1.0
5acce8bd-f568-4bc9-8531-e9b7b83a4ce1,6dd50e39-9843-4442-cc09-3b49fbe97fb9,874b3b50-b801-4e30-a0a9-808746433886,2025-05,0,0.024248178307611293,0.0
ce9119b8-7fa2-4764-b022-b7cf134badd6,6df42279-282f-e2ae-a821-304ef8c14cfe,47ff34bd-dce4-48e4-91d4-a599695e48f1,2025-05,1,0.9665976666738422,0.6923076923076923
c66d4eb2-5f1a-4a27-acf0-8e4c35bc3640,6df42279-282f-e2ae-a821-304ef8c14cfe,47ff34bd-dce4-48e4-91d4-a599695e48f1,2025-05,0,0.11225359796410288,0.7142857142857143
41efc931-22f8-4e9d-b42e-1ef97f1b5dd4,6e70de8a-7b72-4a22-7398-844fbdb73884,e270afca-14b5-4ced-bdcb-3722fdad9966,2025-05,1,0.7778094032771682,0.16666666666666666
40470d43-5d88-42ff-baf6-42881f4a541b,6e83fcb8-4992-041a-cc06-1dd780a369bd,128d1130-7d0e-426e-9622-a3535454c173,2025-05,1,0.998384360538381,0.7857142857142857
c0f2cce0-c748-4448-b331-b20b8f79fd94,7076f26b-5297-bb18-64d7-ba48dd2e64b2,6fcb602b-fe97-43aa-a191-4ce78f19cfa3,2025-05,1,0.9649533719860286,0.6388192166698823
fe017f3c-3fec-41fd-9095-1c7f96e3fe74,70945c9c-c8e9-8721-8ecf-dfdaf4a30fde,a28bb1f5-9704-48e7-beab-26353d29a960,2025-05,0,0.7931732797758599,0.7
4ea9d31f-86ac-406c-9471-f8aa04edfa6b,70945c9c-c8e9-8721-8ecf-dfdaf4a30fde,a28bb1f5-9704-48e7-beab-26353d29a960,2025-05,0,0.091109130135614,0.7
547b1add-67a2-473b-b156-3ebf55e9a003,716b820e-fef7-dcf3-34be-914835261361,40c41229-cb7b-45da-8818-3433d1c20604,2025-05,1,0.664408909952817,0.0
c8f2315b-f9e1-4dc7-bd31-d65bda4f3689,71a2b1e6-ae5d-01fe-6e96-34a5a7d646fa,add0fc75-c260-4d70-8744-7fea8a581cf6,2025-05,0,0.6933800688354657,0.6666666666666666
9303708c-ef82-4d39-94c0-084da4b3636c,720a2f6c-96ce-3f42-8ec4-faec53d5a915,4eaa06fe-be7b-4d8f-8cba-fd92a3d3fb69,2025-05,1,0.4050057258491463,0.3
260a326a-6b15-477a-9a63-7b1e51822598,72263e8d-e74c-b64e-af0c-e7f293e84d88,8419d24a-5624-4735-bd3c-af55612a12f8,2025-05,0,0.35952470770560363,0.4
12cf9b1f-b2fb-4811-9105-495cbd23b93e,72fb39cc-cecf-39cd-a55a-60d36a23f691,d9685ad2-82b8-4590-93fa-fdd4856e2976,2025-05,1,0.3152813314709522,0.5
d287b4f7-4df3-4f3c-8725-9ec4f5301075,74c6b975-b0ab-c8b3-8acd-2cf53597a72b,ea40fdca-3e27-466c-910c-99fef52b75d6,2025-05,1,0.996460881046692,0.6
369f8eb6-517f-410c-8bbb-5f212f016913,77dd12b8-a20b-05c8-2372-79ba1b1624a9,3ca315cc-b9c4-4379-be8c-c2df8c0e42d6,2025-05,0,0.019641706799961932,0.0
baae4da3-8cc2-4a12-85bb-87f130f50974,79e31f6f-69dc-a40c-27d7-3f076878f83c,a0cd9c66-c067-4001-ad7b-586b6c15537e,2025-05,0,0.030784361401573777,0.0
545bda4b-d833-4f96-90df-da022363631b,7c642b80-7d09-1c7a-601f-7af53d4fe9fa,2db84571-46d6-4b51-ac45-79ace71c8554,2025-05,0,0.7352071345627551,0.5
fe701cfc-d871-4113-8dc4-3045e68b1f27,7c642b80-7d09-1c7a-601f-7af53d4fe9fa,2db84571-46d6-4b51-ac45-79ace71c8554,2025-05,1,0.04374914568130499,0.5
1041578a-c92b-43fd-9022-94b55458348e,7d26a731-5027-abff-a77e-ce35303b21f6,187cf591-8176-49d6-ad9c-1bccb3901236,2025-05,1,0.9678250772817117,1.0
7de29524-2d0b-4b21-9437-8ccb6fb3847f,81f2f896-343e-d20b-9964-56fe1a515cc4,25ee80b8-cf8c-4ae2-be73-fe7c991751ce,2025-05,1,0.9941641965158372,1.0
b1138a5f-1d14-43c2-a6a9-237905587c08,8208282e-43b7-930c-251f-223cdeecd947,eb87b8a3-14da-484d-b2d3-af02f6765739,2025-05,0,0.469788386619024,0.3333333333333333
bff09505-b6b8-462d-85e0-e4cb3f0a9b77,82ce206e-2925-18f5-f18c-d80631a9964e,349407f1-b9ed-4f70-9e10-33aa675f85e6,2025-05,1,0.28762111230357484,0.4
48cf4c49-a9bf-4729-b94e-ea3f0832cf81,8490df60-3137-5590-8517-f882a6cff021,1f3827bb-860c-4240-bad5-714a89a798d7,2025-05,0,0.20648637650436544,0.3333333333333333
960a8f48-0164-440e-b497-7845f8058228,854c86e3-8b7f-0ca8-f4ac-c6a073699611,8db9e51a-5204-4143-a5a0-086b8cd03403,2025-05,1,0.9997920815991693,1.0
e4c4aef8-7517-4f15-89c9-1e0833e05a09,8550917f-04eb-f961-9e92-97c10f626201,6cd23393-298c-495f-ae83-185c23576866,2025-05,1,0.9663827222747385,0.6388192166698823
e4caf181-c1aa-457d-aea0-4284ebbd3fcc,8550917f-04eb-f961-9e92-97c10f626201,6cd23393-298c-495f-ae83-185c23576866,2025-05,0,0.05094209640551762,0.5
671cc605-752a-4122-ba24-f126d7c39a91,855f3f6a-72ae-46f4-4cc2-a9a0d5df5b70,9131c211-f95d-4213-9955-02879ced6aaf,2025-05,0,0.0186717291593996,0.05263157894736842
a7613112-9c57-4b74-a7fc-33569a43b94a,86cd2239-fa55-0389-437e-e8fd505dc931,20d5e9a6-73cd-4f5f-9b27-ba9a13e7864e,2025-05,0,0.20322051722413717,0.25
7a7392db-6cb3-4322-9975-91611913cc7e,890d247c-e472-92eb-0db7-ca3bc375622c,a3cfd3dc-4afc-4129-8b06-9756a905d971,2025-05,0,0.3413062580576285,0.42857142857142855
f91f51f6-b0aa-4802-8891-027fd784d8c1,8aacbc78-5e56-b3c0-f8bc-fcb5490b94f3,d06e259b-0f3f-4c09-bc77-00ec39ab5924,2025-05,1,0.9885302629024325,0.8636363636363636
a043df6c-2648-4599-a33e-fd09671faa22,8c10b5c6-4a40-f455-7732-69c9209c6107,f4822e1d-d918-4193-8ea7-19932d1ed97f,2025-05,1,0.7616668352990933,1.0
620ae938-6040-4044-9f72-cf0ebbf509d5,93eb3d6a-d35b-ef1f-83b8-7430b6ad1674,c812ba7b-6318-4ce6-b0dd-78749fff30e5,2025-05,1,0.01707698053107302,0.0
846d3bf0-9947-41ad-8fee-27e6d418a4b5,950dd22f-78fa-d205-48b3-fe5a5cc7438e,62887698-aebf-475f-9c98-0a212110dd24,2025-05,1,0.950820624738014,0.76
7adf7f1d-9176-48d4-b6d4-61f79a6a43cf,9653a402-ff75-bbdf-8cc6-1cb0ca01f233,81f71080-dac7-40e9-bb6b-3526cdd47015,2025-05,0,0.14539181786163258,0.2857142857142857
68ba8871-ea2f-463a-9e28-c9995368b648,97df6798-c997-e797-69e0-f9b4b90aa285,028fb3c7-fa96-4d12-9554-7511a3d7ab06,2025-05,1,0.7719611590201515,0.6666666666666666
14c6fa9d-2b7c-46ce-b861-6c634f3e821a,9842fbe1-4d57-13e7-6abf-aed2f18d4ca0,f395ecb5-f67d-431c-8735-291f7a05d552,2025-05,0,0.9795859274030924,0.8148148148148148
311081fc-0eaf-4110-a28c-69ed27183d0f,9842fbe1-4d57-13e7-6abf-aed2f18d4ca0,f395ecb5-f67d-431c-8735-291f7a05d552,2025-05,1,0.712578319377841,0.8148148148148148
25de86c2-c1f2-4c09-9396-5c3a80e0ca72,99cb0e3f-ce68-22de-40e4-438506e6b0c3,4cfa8225-aa4f-4f73-acf6-83dfd41c1b6a,2025-05,1,0.5256932548759802,0.3333333333333333
b93a0993-b154-4c89-afe0-6ac595715513,9aab8e6f-97e4-131f-c6cd-a91d11668656,c2b24d33-90f8-4d46-aca8-d99bb1f2c844,2025-05,0,0.13274707720760892,0.16666666666666666
564657db-ca0c-47a6-beca-7127c05ef529,9e64e0fa-e34a-1c76-8e4a-1452643fab9a,c60e7351-900f-4499-a207-99f3acb1ba49,2025-05,1,0.9314770783184132,1.0
c155793e-a069-4f02-ae0d-de51608a48cf,a38721f4-003a-7262-22a7-44e0f2c0754d,d6ff5050-d218-472d-8629-1e322818167d,2025-05,1,0.862121653582777,0.8709677419354839
f343d8c1-b8f2-474e-aa1c-89d79e0d2fb3,a3bd9264-4572-2548-a85d-c48e8880773b,43d57acf-0a6c-41c7-9d13-0fe412aa5e7c,2025-05,1,0.7362847016423884,0.3333333333333333
b4ef0127-2135-408d-8321-77eec29c9b56,a61eb28c-5bcb-2c0e-6f0d-aea5a35e9f30,e49d5b4d-fd58-4f0c-a779-2ef25bd8eeac,2025-05,1,0.3683293783142067,0.0
282a5789-1c27-4a20-9f86-312aac44c34f,a61eb28c-5bcb-2c0e-6f0d-aea5a35e9f30,e49d5b4d-fd58-4f0c-a779-2ef25bd8eeac,2025-05,0,0.043973640628901266,0.25
803e2234-e91e-4027-87a3-07c3c615f48c,a61eb28c-5bcb-2c0e-6f0d-aea5a35e9f30,e49d5b4d-fd58-4f0c-a779-2ef25bd8eeac,2025-05,0,0.06614766087603159,0.25
d4e69645-51b5-4385-8efc-e5d023fe27da,a66a39a1-af53-6290-1e0b-7fc51cc20608,efa0d66e-ad3e-4e99-b4ea-e5a7da61f354,2025-05,1,0.9894689213240617,1.0
9a2506bf-49a8-45ad-9eaa-6504be71db3e,a7798da2-f8ee-1840-a1f3-f29a9e764b97,9ffe9701-32ac-461a-b5a1-8bb653d34a4b,2025-05,1,0.9995899952326528,1.0
c1359492-8afc-4770-b0b6-756a204bef86,a974c0ea-b223-c4ff-2027-207ec4a462ac,59864420-62d6-4d3b-9b98-6872f9821633,2025-05,1,0.9958245613877444,0.9615384615384616
61e96da7-95a0-4102-8885-2afbcc10b994,abd9f8e2-40f4-994c-f326-8ad6c939bb6a,e5d8f9b9-9f3a-44a2-9d25-5b56c81d9ee7,2025-05,1,0.8484193804522842,0.0
466c6472-9220-4f6b-b8ef-278c4cd5b948,ac062de4-c552-a0d7-9cc1-cbfe89c2ba68,36282a6e-e613-4832-9dc9-77915feffc17,2025-05,1,0.7782031791774575,0.6
ce7372f9-f5fa-4f51-b124-8c44ba29f4ee,ac5ee6bc-de6f-6f5a-a196-731bff043dc7,09848a8b-4b46-4fc9-85b8-9a46fecdd91c,2025-05,1,0.04662942576989239,0.14285714285714285
7eb04b23-9f94-459d-a8b0-b758e1c0dd1e,ac851bed-41fc-0f41-cf0d-214d17cf53cd,4507404f-8056-48af-bccf-9df703e7d029,2025-05,1,0.6484591820683536,0.4
4b3bedf0-a58d-468d-8c8e-e464daeda79f,ae17092b-b9b3-31a9-8d6a-555889000bbd,1e9f3018-6098-4a56-934f-5484bca84f5b,2025-05,1,0.9559930518305928,0.6388192166698823
7664cbb5-9760-43fb-ad36-e1e7f3878619,ae17092b-b9b3-31a9-8d6a-555889000bbd,1e9f3018-6098-4a56-934f-5484bca84f5b,2025-05,1,0.32273953614012324,1.0
0662a3de-f8b8-492d-8dcb-9848de3f0417,aea0c505-ca9a-a99f-af7c-e9e3ea95398d,c4d5ce55-6bde-429a-8f2c-049d9cb5b4be,2025-05,0,0.06356535324981524,0.6388192166698823
dbed2cd5-b81e-4011-ba92-c1d719fc2e92,af12a12c-92bf-088b-3073-292fe4dfc478,bdc2c4ae-b9b2-4aa7-b8bd-01fdd0145e27,2025-05,0,0.22364085247073834,0.6388192166698823
25e85da5-70ea-46b5-84d7-c2f7107b8003,b0348aa8-ad9f-d0dd-94e8-c71a6627c930,db9ec732-0eba-43c2-8e97-5e7a05e17561,2025-05,0,0.057693466633994314,0.0
f3fcddfc-a286-4104-bc72-cae47ab2026b,b0a6f0b5-9fd8-112e-2bfa-24fa8a25779b,f5dc7322-00ac-4867-a914-e2bddeac9a0f,2025-05,1,0.2449042989041921,0.0
5fbcbf5e-3bc7-43d5-abb3-2b6fcad95aa6,b111e4dd-be1d-2c79-3945-480547761b5f,1e0bb8aa-b4ea-473a-90f7-c89d96df2323,2025-05,1,0.9970334382779223,1.0
60423833-e170-4e30-b2c2-a6ee89b30d0b,b19dfc6c-a5d5-734c-3d3d-6389c281b3bb,2ddbff71-425b-4f25-a932-e1bf574b2035,2025-05,1,0.9985231625797282,0.9166666666666666
886a53f2-ac66-47f9-8688-23dc6e39f2d0,b274d6e3-01a3-9f4e-b312-7088b787357d,10f786c8-3837-4bf5-9d96-10b34c9cfbb6,2025-05,1,0.7030821614801174,0.45454545454545453
15e8986f-9c8c-4a1c-acd9-cddb615b6b3d,b274d6e3-01a3-9f4e-b312-7088b787357d,10f786c8-3837-4bf5-9d96-10b34c9cfbb6,2025-05,0,0.12898799460393223,0.4782608695652174
77b28ab7-fb49-457b-8270-e475efbb05ea,b2c95a31-a85f-5161-1831-d1b5844db7aa,a5696df7-ca6d-4c6b-bef2-a905054e3f8b,2025-05,1,0.9456357854461744,0.6388192166698823
5da83682-c5ce-43fa-a7d1-07f029e654c8,b2c95a31-a85f-5161-1831-d1b5844db7aa,a5696df7-ca6d-4c6b-bef2-a905054e3f8b,2025-05,0,0.04374574240089482,1.0
d7df7a54-85dd-47a2-9adf-883a9b512f44,b533de62-fd5f-cc73-01ad-82aaf5df2fd1,8dd4cde4-2050-4622-be37-13f72db9b434,2025-05,0,0.6978145730125429,0.5454545454545454
709a6556-4045-4b98-a03e-1af2dbcb472f,b865619d-9980-0806-c5b5-97fee058322e,296f0113-6916-40f3-8fcc-cd54685de8f3,2025-05,1,0.996379989257051,0.8823529411764706
8d7108c8-9d4c-496e-95a9-3d595968fa1e,ba8dd5e0-ed0e-8b6a-7098-2732476feb31,31a1c073-bb44-4019-8548-0c5a8114de7b,2025-05,0,0.15890283420541146,0.15384615384615385
57668404-835b-493b-a199-bf4723ba87c2,bcf8ffc1-fd5c-f6ab-0453-7a73c73786dd,d1981985-ab9a-4777-b85f-46da934e391c,2025-05,0,0.05011132410261762,0.09090909090909091
3d669ed3-98ce-410b-936b-f0722e5f5b87,bdc0ce78-4229-0817-69bf-519ad5936b8e,0dad4959-5b40-4eea-ba8e-9b5a3fafae1e,2025-05,1,0.5213770108884639,0.5
b809b650-bca3-4a88-a6c7-7d6cea28efb6,bdcc24e3-6077-3ea9-b25e-2747d0f07be7,34b48e10-aa34-478c-954d-06259adb5384,2025-05,0,0.031123591672789202,0.0
5f9e6f62-19df-4da0-9c75-64e5d2da91a8,be84008a-74d3-3cc1-6fd6-bcef998f7bff,4ab14a0f-9437-43ed-9504-94985a2312ab,2025-05,1,0.9998261278637675,1.0
b92af000-143a-4c03-bcab-ca046ba218ea,c084c357-8268-b2c6-76e0-aa7c5b28eace,e0cea7aa-9e68-4f66-9ae4-9f48e4753c98,2025-05,1,0.6774485168420411,0.2
76ad671c-323d-4973-b589-ecf022c567a9,c09e703c-d287-38c8-d1c1-239145e17df9,d60bf084-22b7-4aeb-a8fd-b48b4786c6fd,2025-05,1,0.996664624959666,1.0
05f151a4-35fa-4e79-bd54-df00f1ebf88e,c2329858-525d-2f70-5e31-bf9a8358eb3e,956b173b-5f08-4c46-999e-d04c26cb3609,2025-05,0,0.1668201611492016,0.14285714285714285
246aee3f-1873-4a2b-a9da-d9453456f5cd,c39e5b6a-5497-09b6-25cc-89f1ea8a608c,6b283442-207c-4a26-8ca9-2214393a804b,2025-05,1,0.9127477216839999,0.6388192166698823
ca80078b-a842-4008-ab65-b71289569832,c9947b7f-26c4-6957-80a1-91eb275ee523,8441d5c4-fdfc-4731-9e95-7af2570dc7ea,2025-05,0,0.0799765122491388,0.0
64ca8fdf-9ebb-4a07-934c-4e9f047645ba,c9947b7f-26c4-6957-80a1-91eb275ee523,8441d5c4-fdfc-4731-9e95-7af2570dc7ea,2025-05,0,0.07313243346972025,0.0
b4227f82-fc7e-49fc-971e-a00aa62898ee,c9947b7f-26c4-6957-80a1-91eb275ee523,8441d5c4-fdfc-4731-9e95-7af2570dc7ea,2025-05,0,0.1562792379118991,0.0
a8bbf38b-6a2d-4711-80e0-fb6651adf63d,cd2c3f97-4df7-b32f-d0c0-12031beae516,1265235c-5696-491b-925f-044ee29ba97e,2025-05,0,0.08217135150799283,0.07692307692307693
e57fb2df-b7bf-4f5b-b71f-87f1e1d3f929,cda37b51-1bbc-af0d-a560-49af88fdc751,d66308ce-65d9-4c63-91b1-96f32f42036c,2025-05,1,0.9994788185924514,0.8888888888888888
f73bb12a-ee10-41d6-9bdc-e8621bffe800,cdfd7474-0325-1b45-657c-35abca5b28ee,4364ae28-1999-46c4-86a4-3d9565069abf,2025-05,1,0.6256904097686069,0.36363636363636365
a5d021a5-05d4-44d7-b0e5-a7f233e5ff7a,cf1318a5-0564-4af6-d90e-c3e76de1ef08,5268e485-491e-40b7-942f-61c133c796bb,2025-05,1,0.9984244803297047,0.9473684210526315
9177648c-6342-49ad-ab42-989271874ad5,d257c87f-0e42-048c-8409-362e925d86fc,597c2d33-b758-4acd-811b-c7b22289dcbc,2025-05,1,0.9997631044428148,0.8461538461538461
ccc32da8-6b66-4124-b345-b5982dd14310,d51c2f8f-9df6-06cb-85f3-47a79b9d5006,f6d9b4ed-d1e3-4963-bbdd-fb87e50d1313,2025-05,0,0.18785742327814556,0.4
9e318b08-b7e8-43c3-92a3-05f7e5e49631,d51c2f8f-9df6-06cb-85f3-47a79b9d5006,f6d9b4ed-d1e3-4963-bbdd-fb87e50d1313,2025-05,0,0.0724353862857947,0.4
3b367a73-923d-4e86-b0de-9c7291df6884,d58d1d2f-e65b-7705-8ac2-996da0cf28c4,f009d211-2428-4e63-8c09-22ad8ba10987,2025-05,0,0.13724215691204408,0.25
9550911b-f1d5-413f-9642-5f00eb6ee0f3,dd81a269-5627-77bf-d8c4-d2e7d309f56e,f6b29b1d-c950-46ae-a66f-fe48ad0eac52,2025-05,1,0.9959071063265927,0.8695652173913043
a9112014-a333-4d54-88a2-bb0b4403712f,df5ea39c-c069-5211-271d-f0d3831adefa,3394785d-ad9b-442e-9c87-3ab4f47b1876,2025-05,0,0.7659738540005393,0.4
34c0dd9b-aa2f-491d-a4e5-b4ed694f223c,e17238d1-34ce-0cbb-4dc0-f65e60ff52f7,5c6e4440-a7b7-4d5b-baec-a422ba050dcd,2025-05,1,0.99711250783162,0.6666666666666666
aab6e140-d855-44af-9213-ad06343496dd,e1b0693a-105d-db49-8722-6a8a1c87579d,811c8d66-7a3f-457b-9dcc-4f53c8671fe1,2025-05,1,0.9470613396148254,0.6666666666666666
82fde602-424f-4471-a5f8-d1e1b4bc77a9,e43d640c-3d0c-c63c-52af-626feca768b5,21506fa6-9ecc-4737-9fe7-742cf3dc0a51,2025-05,0,0.5444359866571098,0.5
d5978c9b-13f6-4cd8-9d17-48be81a4cafd,e457493c-1fc6-a2cf-a2a6-22b48ef8706e,967093eb-114f-4888-a2d2-501238d2b8d2,2025-05,0,0.058315470463762745,0.6388192166698823
593d97bc-6519-4c93-8985-5ec35ef03fd8,e6dde6a9-4da9-d1a2-802a-faf5db207e8e,948c83b1-ecc1-440f-9997-479b290ef8a0,2025-05,1,0.9980321047729094,1.0
8826c4c1-03b1-4b3a-87d0-95f2a699a5a5,e8623393-ddec-fad5-91bf-c880b6345031,24624e7d-1049-4d1d-a1d3-00acce0a4ef0,2025-05,1,0.6056138476348446,0.3333333333333333
50f42053-cc22-4ba2-a48e-bf2ee0931632,e94dc9d5-cb52-49ec-80b1-98376aceb874,64e94573-3ff8-4444-8463-cc997625aa46,2025-05,0,0.28587336601701374,0.18181818181818182
966c08c3-6c01-4f34-a00c-eff26bcf0e21,ee4c9007-7674-8d77-244b-b681167c945d,b874ac34-d8c8-45b0-a884-15ba141fd279,2025-05,0,0.3022722139992189,0.4
50624aef-ad5a-4a87-a160-d1f5c78291b1,ee61dd03-6eb9-0d71-8bf4-a01ac422b8be,a49dfe35-7e1e-4d81-a32b-8877a575eb1e,2025-05,0,0.38437836006266507,0.3333333333333333
f432e2b8-a97b-40bb-8e45-7f812dc3b5b7,f2764421-c336-0b17-7318-6908f1ce4a72,e853e4fd-4532-458c-b497-5266ad57609c,2025-05,1,0.23632987318546003,0.3333333333333333
0fa3ac1d-904d-41d5-8d38-897a9dc450a3,f284b25b-d762-1399-a12e-ba7ffa6b6f97,1129e54a-0b3f-417c-b6db-e1090df6981b,2025-05,0,0.2649343892073474,0.25
8472fe9a-f174-4163-94d1-d1c7b4ab7186,f2d14ca3-b37b-9e02-78c3-46a7603d8a6b,afe238a8-b065-4ef9-905a-7ae15495c488,2025-05,1,0.2030827025360356,0.25
5e34c13f-5b07-478d-90ff-5b91238f5c40,f2d14ca3-b37b-9e02-78c3-46a7603d8a6b,084cbeba-199b-4533-8ca4-f9abf83df8f8,2025-05,0,0.05473341345663015,0.4
9117804c-bae3-4283-917f-ba0eb19a34b9,f50bb3e2-c8d0-59ce-baaf-017ad9240186,1cacd6fd-9817-46af-9577-9c4b39a706da,2025-05,1,0.9964872471044075,1.0
2ad41434-29c6-416c-b9f8-053018062880,f9036b0b-f6ae-2444-5d3d-ac81e4964064,0e4656ab-a418-4a6c-a856-d4b7fdcdf15b,2025-05,1,0.6455949325545953,0.5
c6491736-5ade-4700-900d-6d31fe34b35b,fede9d18-47bd-03b2-a0a3-73ae43fbcf88,aad9a3ed-094e-43a1-b64d-0e4f60c95c04,2025-05,1,0.9270843620927857,0.7272727272727273
cf1aab4c-477f-4fa3-8343-fe3406560ec6,00af40b2-545a-c400-060e-9eba5e004ea3,98a505a9-d139-431f-b01e-b943795f434d,2025-06,1,0.9312983797869332,0.6388192166698823
05e804bf-d97e-452a-a051-ab4e71ac77dd,00af40b2-545a-c400-060e-9eba5e004ea3,98a505a9-d139-431f-b01e-b943795f434d,2025-06,0,0.06333207479591528,1.0
b3cebdc8-3749-4745-97de-074465e5239e,00af40b2-545a-c400-060e-9eba5e004ea3,98a505a9-d139-431f-b01e-b943795f434d,2025-06,0,0.07312978620962099,0.5
e64fe2d3-14af-47e9-80a5-dc1f344350da,02295215-68ff-b712-391f-44370ddab3fc,fc63a4a8-0b3e-406f-8ccb-2105eec8e19b,2025-06,0,0.8549646254399775,0.6
e6c6960a-a54a-4d07-b6d3-30cde431335f,0278721a-a690-833b-298a-16a351fb7a3a,6555e453-3efe-45a0-9b81-711fbf2d0726,2025-06,1,0.5599934974446023,0.6388192166698823
cbff3555-e82b-4252-90fd-cf0238db2d0e,02b429ce-a6d5-6fef-b9c9-9bf315c162d2,09480588-260f-4e91-bcf7-5033ba88e43c,2025-06,0,0.2807602849322039,0.0
132e51f9-e700-4ae0-ac20-9c2d1000a22e,03ce56c0-8798-b95d-7125-311b80363e74,90df3267-4239-48a4-89aa-4a61e24239bc,2025-06,1,0.9446193969077983,1.0
f3a9a979-2b10-48c8-8c7c-3d0a3e5e6572,04ba1c6f-6c06-819d-9ecc-a0c5f795b922,cbde9bdc-2d51-4e5d-a732-1df1160c4b74,2025-06,1,0.4345174719877378,0.0
2d82ced2-b6d0-47d5-8036-8890f619b2cc,068260fe-ff67-c96c-b5b4-1d5c207e7678,10e76d13-8eb6-450a-9558-ea32a374cd59,2025-06,1,0.9257922983937792,0.6388192166698823
4031a0e4-8e96-4f7c-96b5-cc6372edda39,068260fe-ff67-c96c-b5b4-1d5c207e7678,10e76d13-8eb6-450a-9558-ea32a374cd59,2025-06,0,0.04478590579748295,1.0
70196696-2c76-4ce6-b726-7f6ba961d200,068260fe-ff67-c96c-b5b4-1d5c207e7678,10e76d13-8eb6-450a-9558-ea32a374cd59,2025-06,0,0.03937664126244776,1.0
6db70518-f5da-4dcb-a844-a02445aa0734,068260fe-ff67-c96c-b5b4-1d5c207e7678,10e76d13-8eb6-450a-9558-ea32a374cd59,2025-06,0,0.04478590579748295,1.0
5de1db3d-42f8-46fa-958c-3147d7c404f1,073e4bd7-f1f1-49d3-604f-c365b9952a6c,e70ad66e-a26a-4c8b-a6e1-9743710c50f9,2025-06,0,0.1692451161932539,0.6388192166698823
7e0c7b60-ae51-465e-a4da-3b42e1337ed2,0a550b32-ac5f-efb6-6d3b-e9975e20a82d,95855f3f-2de6-4518-923a-d6bb61e6edd7,2025-06,0,0.04795044581092883,0.0
42b6b112-5fcd-435d-8de0-4b53d0c9c231,0bf78a8a-6c27-f4bf-07de-860dbab2a408,05841c0e-7f6f-4c9f-8b0d-ad24c00cb036,2025-06,1,0.5026517359627681,0.0
7efee5e9-4c8b-4677-b65f-6b547b570397,0e742f99-42ca-8738-ee99-7cbcc8148b75,7d4b2d93-5a67-4cab-9d04-109cf1b346b1,2025-06,1,0.08668788228860708,0.6388192166698823
99d038d5-a56d-4ae1-80c7-a1a5ad54dfb0,0e742f99-42ca-8738-ee99-7cbcc8148b75,7d4b2d93-5a67-4cab-9d04-109cf1b346b1,2025-06,1,0.9312983797869332,0.6388192166698823
c320abdf-d726-49e5-b7f8-f167d8f54e11,0ea0c6d9-a99f-89ea-6b85-9ae409698bd3,9213b9cf-1bcf-41e7-a060-e578f718f991,2025-06,1,0.511052730926385,0.3333333333333333
f85129bc-6ffa-4d8a-999a-a7b1b263e779,0ed59f1c-35e8-8ae7-d0f3-3b5d4a2202fd,01e02e8d-bc3a-4ec2-ae58-c2dad05312aa,2025-06,1,0.7348750424675767,1.0
c2ba626b-7034-42d0-850f-734891a11060,10f3edc6-4b03-b82d-8df1-09ddaf031c0c,d0b11ad6-7841-48cf-82cb-55e373063fac,2025-06,1,0.8876360382689071,0.6923076923076923
d6ad815d-c774-4447-bfdd-fd8bdaf26d55,122c395f-56fd-4482-fe33-7fa3c3cd30b5,45df567e-3c5b-4da3-8bfd-6605e5e6c7a9,2025-06,0,0.39796507632241845,0.0
95b7e462-84fd-4d8f-b43b-4140225ac3e9,1287ac56-adee-78b5-6a6b-56b3e8dd7d48,c88936bc-cb40-4598-a743-3c301dd4dccf,2025-06,1,0.9768867316822766,0.75
d22c4456-2d13-4065-9621-016613f763c7,146a8458-f956-54ed-317f-b99f7d16fff8,9698da1c-596f-48ae-8618-16b9c409f192,2025-06,0,0.14712027043981077,0.08333333333333333
4280d42e-a5ca-4686-8bcc-ecfc6a395e5e,148cb172-cc40-9c01-ffa5-33aa5d70bad8,a2b40718-04d7-4dbb-9143-65a881e8a092,2025-06,1,0.9997043028971794,0.9333333333333333
902dea99-5637-47cc-b6db-56d42c63301e,17d13989-4f37-42a8-1eb2-88b2df3a9692,3c6dfb4b-b32b-4155-bcc0-1eab4ccc55ce,2025-06,0,0.5885359495725009,0.4
4a415680-0ef1-4730-ad07-634a1f114273,18788fe2-f6a2-826e-2199-6cec118c6d00,6a5d492b-8175-4c5d-86ac-ff94ea72d963,2025-06,0,0.1126408139008956,0.16666666666666666
36f12df0-591f-4304-84bc-c30c2c53f417,18d86801-3cb7-11d4-8b9d-433429296014,9c5f6705-4936-4bf4-91d9-8bd75b4c341b,2025-06,0,0.04951129952164865,0.0
6847d753-007a-45b9-ba69-091177edf2f5,1932ea80-c6eb-874e-eca8-12410fa7a608,7ce79ba5-79fe-49c0-9e0a-2ace149ffbd0,2025-06,0,0.17143085008285278,0.2
db68f77c-ba64-47ed-a887-3ca88faad412,1995b0ce-cc80-52dd-8dec-a01a2456659e,6496c482-6282-4094-be95-a55929573369,2025-06,1,0.8113049276155643,0.0
7c204275-ae74-424d-ba12-b8560b410117,1995b0ce-cc80-52dd-8dec-a01a2456659e,6496c482-6282-4094-be95-a55929573369,2025-06,0,0.10067238806528436,0.3333333333333333
5363c752-1981-41b4-bd9e-131fc99b07fe,1995b0ce-cc80-52dd-8dec-a01a2456659e,6496c482-6282-4094-be95-a55929573369,2025-06,0,0.09826130224370856,0.3333333333333333
e24ffe43-49c8-4bc9-83c4-ea4dcf3bc4bc,1b003ea3-bdcb-0416-c3c2-8ff60f2f65f5,419e1438-3ed5-4447-9f4c-68505b3371d9,2025-06,1,0.39977307188980904,0.0
c0eee1ed-81f6-4dab-98d4-fd37d047af7a,1f386b6c-673b-b4f5-5a19-10e9869fcb75,1cade627-e515-41a2-8fef-84b24901e0a8,2025-06,0,0.16183717473371634,0.0
a4c44ede-fd1a-4d99-9d4e-6ac13138d211,1fc0c3bb-f35c-8d5d-a4fa-a9c1723cd8ab,0d1504e1-2884-4dba-97bd-0c3bc37e1669,2025-06,1,0.9975082280676801,0.7777777777777778
f4d45508-4103-492d-a4a4-ee9e3ff17ce4,227f376b-633a-5615-5670-c29559d0a08b,b98f8c1f-f2b7-4f45-a583-7bb76e52c466,2025-06,0,0.04951129952164865,0.0
5ecef96d-da75-44b5-b62b-d962ee5a68c3,22a9494d-0e02-6fba-4aee-7947f1e6110b,a9694079-2985-486a-8cd6-bd3243751b22,2025-06,1,0.9998155570013656,0.8888888888888888
05a952bd-16a2-400a-b2b4-4a34e5bc1226,2371838e-ccdb-787c-4fcf-71f0be68084b,04ee0754-17c8-4edc-a0c1-b1c000e6b2ce,2025-06,1,0.7935763177373012,0.5
761ca6f7-4a0b-4a41-b43f-aaa5a4438ca8,2371838e-ccdb-787c-4fcf-71f0be68084b,04ee0754-17c8-4edc-a0c1-b1c000e6b2ce,2025-06,1,0.10415180940705816,0.6666666666666666
10a07653-ee81-4a82-938f-ee5ba773b370,238b347e-e7e9-b1a3-31a8-a2f8fed99f55,3d2bb31e-a4e2-4d67-b934-8fbb641505da,2025-06,1,0.999698588201427,1.0
faa2967b-8f1f-4d41-90e9-e3d59abec330,23f7ef5f-6b26-a104-b616-b438d7e9243c,8cada743-d341-4211-b2f2-094d551e9ef3,2025-06,1,0.9900131892315722,1.0
3bf04f89-e9ae-4466-8852-e889ee34b379,24ae889b-240e-b064-cfe8-2b27224c15b0,1acb933b-ee06-488d-ae63-6aa49797c684,2025-06,1,0.9672731142401806,0.9545454545454546
e03b0450-ddb9-4fc6-87ae-b62a026666f1,251051cf-e3b5-5d37-918f-bf22b4875790,05a7138b-3291-401c-b2bf-28981d85d111,2025-06,1,0.9998063191750785,1.0
a44140a5-7e9d-47a7-8952-d711a513be8b,25b63db3-6d1d-cb00-d25c-dfd8b4b17909,323f67cc-5fe8-4e19-89b1-838f908c4f0a,2025-06,1,0.9394743270979434,0.9230769230769231
ef8c24c7-3496-45a2-9ce7-07886f686629,2631ddfd-660e-8719-1876-82cf88e13a60,0c8b2433-3b52-4a31-973c-d1049e2367ce,2025-06,0,0.19778211609480492,0.25
1c6e3bab-8f42-4c5c-ae05-173dc3861e9e,276b5368-040e-e40e-948d-d1159a743920,47427b81-4142-421e-aa12-04d8f6f5d16d,2025-06,1,0.3878834164761974,0.36363636363636365
d1a63bb1-0385-4d33-83f5-d35560a68cd4,2794ccf7-4966-f00d-35d6-34ac17db73ea,29309a70-09a1-4c35-b877-ca27b04ec436,2025-06,1,0.9975103554050258,0.8888888888888888
ae3303b5-d552-4124-8c89-d0f23e68d28f,2b785f57-1c4f-d4a8-d486-b69e7b2db5bc,3c7ccdf6-cc34-4475-9b15-a0933043ad80,2025-06,1,0.9759489222697534,0.5
8fc55d28-8597-4774-af9a-7e7924abee4f,2bd67002-1f8f-faff-efc5-5063dbedf10f,3bb36569-1213-4fb1-9f1f-d40883261d63,2025-06,0,0.05956989306522446,0.6388192166698823
c9cdf4e8-fa2e-40fa-9d21-d7f9da2fd80a,2c62dfe0-1a80-ff55-1d8b-51ac0c7da2fe,c95071e6-baac-4c03-9ee4-82e18f461a3c,2025-06,0,0.16144199482414634,0.14285714285714285
fb73a4d3-6e28-46a3-8503-f01c35a9b067,31748409-1d90-3bc0-903e-6d831133e944,e800e656-3fc2-4383-895e-5190e4ec2049,2025-06,1,0.6395061498556366,0.6666666666666666
0dec2248-6d5f-41e9-8352-54b23c197e08,31f3f7a3-5dc4-21cd-ba54-b41347a7822a,2d403254-d4e3-484a-ab66-492809785e47,2025-06,1,0.42238240048855347,0.4
6cf5adab-f91c-448f-ac6c-5de9a1eda3f5,344a43f4-d005-00e3-d3f4-5da6b944af56,a19cb77a-2e51-4ca9-88b6-1c9423cd7b63,2025-06,0,0.4377480126931986,0.5
cd84838b-191a-45b8-a811-6b9156a15c4c,34e17203-69d9-f06c-079c-fc6848b90d7e,0be240d1-c1a1-4b64-b5f7-1dfb8d074f7c,2025-06,1,0.6731967076786327,0.0
7be3a259-e567-4674-947e-07ecd05fcfb8,365f8f9f-009e-838c-36c6-add1b1d696b1,918ecd2a-8085-4aa5-ab1e-fd1708761fc0,2025-06,1,0.9574995467743111,1.0
3e448767-cf2d-439c-8be2-2182187861b6,38069f8b-d44e-0b86-a0d1-dafac5ae1232,0bb006a6-102a-47c8-8091-3f3a4bc5731a,2025-06,0,0.11217922060286586,0.2
377e2adb-31ac-439e-a7d4-3adee5e202fb,3b48ac67-d1fa-b227-f284-5da0a25e5ac0,a6ebee32-e984-46da-929f-4e1c0d37ccef,2025-06,0,0.7100220140344842,0.6388192166698823
d7ce40a0-db31-4247-be6c-7014b0944dec,3caa59e9-5e0d-3ca4-6303-a17bdb2e20ec,7790b900-db16-4855-bf52-32d929c70e45,2025-06,0,0.3457807695568387,0.4
39b65d6e-58a2-42c3-bf40-3233c1eb16f0,3e2fea93-18a8-93d6-164a-73bb3ab8c191,f4ee29e4-6c4d-4f65-8b5e-ce92721c36ac,2025-06,1,0.47391577420392034,0.6666666666666666
cc124a09-d39b-4fa8-810a-1b1bc4dc0b80,3e50af3d-452f-d098-b3bc-3c2a64576d55,6eae3c53-9212-4814-b991-b284ea8da158,2025-06,1,0.9558967502299547,0.6
d48eed66-58f8-4de7-82de-7273d17edbea,3e99437f-aaa3-5ffe-27bc-cffb9898080d,84ed620a-626e-495a-895b-488a5812e183,2025-06,0,0.07801834581136474,0.6388192166698823
11a782ea-f758-4f7f-9247-779094b159de,40da1241-f931-fd4a-747c-9dc5f68a8870,b6f67fc7-f321-4090-b196-9e5cb080fade,2025-06,1,0.9305549910199729,0.6388192166698823
e6ef2066-83c3-4f63-bc68-72a38fb74022,40da1241-f931-fd4a-747c-9dc5f68a8870,b6f67fc7-f321-4090-b196-9e5cb080fade,2025-06,0,0.049986605773953106,1.0
7866d1e8-dc7c-4da0-b491-8b2f3a41b70d,40da1241-f931-fd4a-747c-9dc5f68a8870,b6f67fc7-f321-4090-b196-9e5cb080fade,2025-06,0,0.04397811779705766,1.0
73094a11-5c52-48a3-b3c3-744b8ff75c30,414e0bde-7a49-1083-4e22-1fa3dca1b3c6,86bd0990-56e2-4bc9-97d0-f4794c3ea567,2025-06,1,0.14576021052829452,0.0
453cf035-3566-4c7d-8019-5e4fa0ca0cfc,417cb75b-9992-4df9-28ae-ad4d2313621f,bb51f6f8-2b1a-4e9f-b3e3-16a942773d8e,2025-06,1,0.993683816451701,1.0
18764e10-3171-47a1-a28a-56b299938331,430caea5-4a9a-cf87-274e-54e1547ff83b,baa51bf8-ec5a-4485-9bce-721b5f37edcb,2025-06,1,0.7732216420259238,0.5384615384615384
112f5b91-11ca-48fd-963c-5eb04130db3d,43bad5ef-9766-7805-47dd-934114b00873,77b097a8-e856-4264-a152-5fc4d84e06a0,2025-06,1,0.20132524777675972,0.2
9385ee9d-9799-4f4e-9c24-61146a588126,456fc08d-55ba-6a5b-7917-edad21de87b2,42ec8bd7-528a-4997-a1e0-f1027504bc6c,2025-06,1,0.9437440786735194,0.6388192166698823
0344dfea-f098-475e-beea-4f6eff57fe5c,45bab573-48ef-1237-bc52-123366b60e36,ac39fc09-9c3b-449b-aac5-e211c3923fc8,2025-06,1,0.6731967076786327,0.0
98cfba6d-e0ce-4c87-9f19-d0f95cd63b44,4628a4bf-d4c5-9e5d-471c-271b9f3e7d03,460261c6-c1c2-4654-81fa-19637f3602a8,2025-06,1,0.7768145600537855,0.46153846153846156
155f361f-bfbb-4e98-9e83-9229364c252a,46d380ca-fe7a-07d2-4570-5de890c8fdc7,6a62bcb7-2838-4247-9556-3de6988f214f,2025-06,1,0.86949898000268,0.8
7f1d086a-01e7-4ed3-814b-6202341add75,49355947-7605-ec5f-7d81-a6597f38d76b,0318d74f-95a7-4ced-92bb-ded9eb88d273,2025-06,0,0.024360664325676122,0.0
2f3e9791-815f-44cd-a6f9-f2310501511d,4b85d836-4912-f7a8-46ac-19256a4ed1d4,697ad8b8-5795-40f2-9d6e-f9e1287c13c8,2025-06,0,0.2579905132552656,0.2
4d459e09-ce2b-4b31-a6d7-7b187c07bdfb,4b85d836-4912-f7a8-46ac-19256a4ed1d4,697ad8b8-5795-40f2-9d6e-f9e1287c13c8,2025-06,1,0.07678547183456799,0.2
86395cf5-3fbb-4f29-a790-18ee069f68a1,4c4ad4c9-59bf-f152-d0ff-6502ec564cc9,91e9c4a4-cf9f-4ea2-bbce-8ca8d01150ff,2025-06,1,0.9987099289735394,1.0
b01a56ac-362b-4b9a-a5bc-a50aa758d64f,4cf13b7d-67b4-87af-6795-b532998a9b0d,924c2996-22b9-4f75-a760-a40afe04263f,2025-06,1,0.9990520410879714,0.9230769230769231
63c1fdac-f6b5-4ac6-b783-70613707b9ac,4e667438-6e87-7652-9c8f-5dff0ffa3cad,6d27b7fa-9864-413d-81e2-6f298d2a12b3,2025-06,1,0.30442989294165285,0.5
4d039df8-c988-4d19-be22-c19a76ee76e4,503f204a-1840-9c61-b0fc-0c3228f0d967,8e5a25a3-aa63-48ba-9534-428a57218e69,2025-06,1,0.9900046910894004,1.0
909b9d43-74e2-4b8c-bcd3-5958c3615869,510cd475-6538-7d02-413c-1a0f553ba4e6,26a0a5ca-7623-4406-8776-15d57ccb11fc,2025-06,0,0.12805264295106566,0.16666666666666666
cf93a574-1e78-4804-b954-508d22a9d55f,5110bc8b-7229-5952-e9db-5feb33391303,89a2e9a1-acaf-4bfd-996a-8a996e3d3f9a,2025-06,1,0.994554847212744,0.8571428571428571
d021eb5d-95e9-4823-a563-6c728c31291c,519879d1-1867-105c-ae64-2cab42188a79,d4864d31-0010-44b0-9978-a5492eed1380,2025-06,1,0.9378427359815215,0.6388192166698823
e0414813-bcd7-428b-9615-9ac3eab09c63,52bfd1fd-5813-000e-3603-19146a2ecd4e,56498d84-884f-40e1-bd91-cfb6c94eb3f8,2025-06,1,0.35034805083682513,0.25
2f1b317a-be30-46bd-a1f8-c5e1182b0666,53161e7a-20e2-d590-c8cd-ca0a5b5ebb43,e3422f73-1205-4829-8df2-d134f29b5b5e,2025-06,1,0.8355843541617738,0.5
69fab385-0765-490c-8d9b-50929c73b7cf,546aae84-2600-f943-b571-67441bea409a,52d6aec0-5afc-4403-ac70-23cf15308741,2025-06,1,0.132184116844011,0.07142857142857142
f9afaf30-7c20-4634-a475-37d9e71a74a2,55061549-ef30-d416-5668-dd5177fe8537,9086606b-5e93-4208-af95-d0e4f496b7a5,2025-06,1,0.8876609673695175,0.75
17e31c2e-bb0d-477b-a7b5-b0c6504eee39,55ca6f7c-112a-ec33-7c1c-987508bc9e41,3820ef49-8442-45ed-aeee-6a7a0cec9205,2025-06,0,0.24836550568479637,0.3333333333333333
19b0bfaf-c6f2-4d07-b35c-b62e73a8025b,57478035-8e15-2e54-5cb6-2f22777ee909,d80df6b4-00fb-4bdb-b51d-1cc96fe68405,2025-06,0,0.06262087535382213,0.6388192166698823
110bff74-03a1-452f-bfed-da5a12f5dcb1,57dbc7f1-ef9c-8f08-5ca3-148c520d5a2b,4c012f66-06db-4f1c-9f52-211cd3540713,2025-06,0,0.08668788228860708,0.6388192166698823
74f584c1-3c72-41b7-be50-7f7cc61ffd60,5a4bd906-07d0-3c04-680d-6ee01f174660,6eda4f36-5ba8-4b93-b2de-022481039f46,2025-06,1,0.9893592677111245,1.0
9ea91e58-7a19-4172-ab57-64ba3b622856,5a97c1a1-f33d-ce97-6ee2-069836e0f76b,7a3b9b70-5ab2-46f2-9f96-d40563863bb9,2025-06,0,0.09897005137876654,0.2
789ad8ef-33cc-454c-9c03-3a127cb22c4d,5d4122d1-48a3-607c-cb72-e1956caece73,0ab4614a-82b3-4810-b877-e696de754080,2025-06,0,0.03068918139697905,0.0
835c5a5b-7a27-42c3-ae26-386926fa827f,5da1807e-9e71-dbce-ed22-53d6d2795850,9c7a215e-253b-493c-ab79-4d656c88fd38,2025-06,1,0.9068624701013569,0.6388192166698823
c075528d-a26d-43dd-959b-f3afcc1edc32,5da1807e-9e71-dbce-ed22-53d6d2795850,9c7a215e-253b-493c-ab79-4d656c88fd38,2025-06,1,0.1019114408085678,1.0
117e0482-0b1d-4f15-b47e-ff74c5f917b9,5f0f16ed-dd5a-936c-5dbc-f76aa297afd4,5c202072-a66c-4bc5-8908-03d82ac2718d,2025-06,1,0.3807052212271027,0.0
3a9a1879-55dc-49ac-9a18-e4539b33be5f,5f0f16ed-dd5a-936c-5dbc-f76aa297afd4,5c202072-a66c-4bc5-8908-03d82ac2718d,2025-06,1,0.05085287984268108,0.1111111111111111
889367af-cc89-41b0-b282-9ba6a01d3feb,5fb00f2d-8a0d-5260-0006-da9487a8268d,e12a4a6d-8b94-415d-b58a-aee4e5847605,2025-06,0,0.25596061904782347,0.2857142857142857
e063778b-92d9-41e1-8e51-ce83a915ff96,5fee0a79-3970-704a-2332-f7c7598e86c1,fad9c620-d9d5-479c-981d-4bc0521c94bb,2025-06,0,0.43036291165641716,0.5714285714285714
9055a984-e48e-45c1-b98b-38a15cb24964,61031b0a-ef18-26aa-64b7-d412d7b3d276,99eb3f32-d53e-4470-ab2a-09ed6e9b3872,2025-06,0,0.2684223744127967,0.21428571428571427
73c2fe35-6b05-43b4-9ac8-48dfb6e76f4d,6162731a-4a9c-e887-e586-1ea574985777,f2f4757e-a36f-4615-8d08-78e18eccf3b7,2025-06,0,0.1358744784233431,0.0
1c01d63e-6e5a-489e-9472-66bab312451c,623531a9-cbf0-3887-51de-f6a7ce52c112,1cceb3e9-4204-46ae-8706-29ede7a6bcdb,2025-06,0,0.20601618879239383,0.0
db36562b-91e5-4899-8281-ac8babba2663,6353c074-799c-5253-d673-577f581c8241,7942e994-f3e4-4fd3-bff5-777b11eb40b6,2025-06,1,0.9951018015455451,0.6666666666666666
647a1335-1700-49a4-a6a2-7a2fd144cbe3,6542b72b-196a-4538-a690-2db7cc212936,841f2fd3-7364-4cc7-b1c0-35aa7cefee9f,2025-06,0,0.05956989306522446,0.6388192166698823
0ba16efb-d554-452e-be3f-797eac223c25,658ecc07-55bf-045e-6651-ef83f51cb80c,5e06feb5-626b-4ffe-a13c-86bb5e349dfe,2025-06,1,0.9357322205711719,0.6388192166698823
478b27fa-a2e3-46f7-98d2-2214730d10db,658ecc07-55bf-045e-6651-ef83f51cb80c,5e06feb5-626b-4ffe-a13c-86bb5e349dfe,2025-06,0,0.04657817855265702,1.0
5dfcd4d0-5f97-41ca-a46d-f3a557e1f59c,66fbcb59-3d06-d8cc-b1d5-53f38a599207,b6b48bf2-25a2-4810-9338-b1847a53c5ed,2025-06,0,0.5437166065366267,0.4
7ba961ec-0925-42db-81a7-508791ce1175,67807154-ef25-1968-49fd-cfe0fbdff7d4,1039a56f-b966-42c7-af24-d9c93b6e6e3c,2025-06,0,0.8121954496151703,0.4
db20ac62-17aa-4794-b7c0-fb746a926e2a,67807154-ef25-1968-49fd-cfe0fbdff7d4,1039a56f-b966-42c7-af24-d9c93b6e6e3c,2025-06,1,0.0947236411422743,0.4
f3d8ce14-ed2a-4cc1-9f19-91a7410b0505,6ce85c3e-5f40-4297-8c38-22ac7432420e,43dd8c38-f19b-4e75-a934-ec4c973686b9,2025-06,1,0.9983081001597315,1.0
36ac6c39-e94b-4f00-9cf5-034903cadb2e,6dd50e39-9843-4442-cc09-3b49fbe97fb9,874b3b50-b801-4e30-a0a9-808746433886,2025-06,0,0.03993366731935517,0.0
458a4166-4512-4275-86f8-f56504d5eac6,6df42279-282f-e2ae-a821-304ef8c14cfe,47ff34bd-dce4-48e4-91d4-a599695e48f1,2025-06,1,0.9576522486121336,0.6666666666666666
5de8554e-d99a-4d0e-b29e-e3ac956fc14c,6e83fcb8-4992-041a-cc06-1dd780a369bd,128d1130-7d0e-426e-9622-a3535454c173,2025-06,1,0.99627618700441,0.8
2ec0526d-c0dc-4267-b90b-5e5213623869,7076f26b-5297-bb18-64d7-ba48dd2e64b2,6fcb602b-fe97-43aa-a191-4ce78f19cfa3,2025-06,0,0.31934110752953954,1.0
6020e4f4-6e11-4312-b6a0-718142f7bb1e,716b820e-fef7-dcf3-34be-914835261361,40c41229-cb7b-45da-8818-3433d1c20604,2025-06,1,0.7675821487836838,0.2
1d20f1dc-8506-453f-be68-2f415af8b7b0,71a2b1e6-ae5d-01fe-6e96-34a5a7d646fa,add0fc75-c260-4d70-8744-7fea8a581cf6,2025-06,1,0.24994110582813772,0.5
9b722042-8361-4f40-b18a-07b4412778bb,720a2f6c-96ce-3f42-8ec4-faec53d5a915,4eaa06fe-be7b-4d8f-8cba-fd92a3d3fb69,2025-06,0,0.6066069943777744,0.36363636363636365
a1c61ee8-598e-40e7-9955-a917876b6720,72263e8d-e74c-b64e-af0c-e7f293e84d88,8419d24a-5624-4735-bd3c-af55612a12f8,2025-06,1,0.3878834164761974,0.36363636363636365
baf3d854-0f27-401c-b0e2-1b0e732335c0,723e4719-99e5-42b4-8edb-c941d3ad5c93,b46cb807-c10b-4429-97e3-b1f1484fa2e9,2025-06,1,0.9257922983937792,0.6388192166698823
ddc72514-ab5a-4173-8b26-51d802218d04,723e4719-99e5-42b4-8edb-c941d3ad5c93,b46cb807-c10b-4429-97e3-b1f1484fa2e9,2025-06,0,0.05160731157950853,1.0
d99e5fa7-9934-4bbb-9afa-821edcd46923,723e4719-99e5-42b4-8edb-c941d3ad5c93,b46cb807-c10b-4429-97e3-b1f1484fa2e9,2025-06,0,0.04541332415319559,1.0
714cf34c-7074-451c-a7ec-24bebb6c3730,72fb39cc-cecf-39cd-a55a-60d36a23f691,d9685ad2-82b8-4590-93fa-fdd4856e2976,2025-06,0,0.6753463251004422,0.6
0118d0a9-e8ff-4455-b48b-44341ccb7ba4,739d70c1-409d-dba0-0566-781cf953032c,960e9375-979e-48a5-8bf7-1f5e4f821d99,2025-06,0,0.07907059575280206,0.6388192166698823
b5480ac9-7912-4fca-ab80-c745397ac5d0,74c6b975-b0ab-c8b3-8acd-2cf53597a72b,ea40fdca-3e27-466c-910c-99fef52b75d6,2025-06,1,0.9948091208666956,0.6190476190476191
8345cf94-1871-40c3-9d3c-f6b801135c20,74c6b975-b0ab-c8b3-8acd-2cf53597a72b,ea40fdca-3e27-466c-910c-99fef52b75d6,2025-06,1,0.8332992236628431,0.6363636363636364
ddb3bbc0-39e7-4d20-a415-3d3b02c2b934,75090056-f130-0ab9-cfeb-6434cf4a11f8,2e4ea943-32a5-4e20-8342-bce660b15065,2025-06,1,0.9496331929600491,0.6388192166698823
80136680-cdc5-4d17-be7b-88c3ce9030fb,75090056-f130-0ab9-cfeb-6434cf4a11f8,2e4ea943-32a5-4e20-8342-bce660b15065,2025-06,0,0.3638635071083165,1.0
c57251d6-6540-4299-82e0-9a4d7bebf216,77dd12b8-a20b-05c8-2372-79ba1b1624a9,3ca315cc-b9c4-4379-be8c-c2df8c0e42d6,2025-06,0,0.03261592027737718,0.0
91d061b0-f7b9-4716-ba6a-3551e96aac74,79e31f6f-69dc-a40c-27d7-3f076878f83c,a0cd9c66-c067-4001-ad7b-586b6c15537e,2025-06,0,0.04364919486076681,0.0
88cee772-54f9-49c6-a0b2-802e00fdd18a,7d26a731-5027-abff-a77e-ce35303b21f6,187cf591-8176-49d6-ad9c-1bccb3901236,2025-06,1,0.8845714309407274,1.0
d33cb7b0-e1ab-4e32-90fa-464721c608a8,7d26a731-5027-abff-a77e-ce35303b21f6,187cf591-8176-49d6-ad9c-1bccb3901236,2025-06,1,0.08008705310003367,1.0
fd47a259-39af-44e2-944d-a5bfdd055d30,7fc83db5-3912-b8f1-9ba6-d797d9d1ae44,b9c14a34-14d0-4df0-bc57-3af231191a52,2025-06,1,0.9312983797869332,0.6388192166698823
1081f42b-38da-4e3e-9430-92dc8bac3641,7fc83db5-3912-b8f1-9ba6-d797d9d1ae44,b9c14a34-14d0-4df0-bc57-3af231191a52,2025-06,1,0.08668788228860708,0.6388192166698823
ec1c8878-28b3-4421-93c9-2144214f126f,81f2f896-343e-d20b-9964-56fe1a515cc4,25ee80b8-cf8c-4ae2-be73-fe7c991751ce,2025-06,1,0.9974747460745703,1.0
421f5d6a-7967-4707-be0c-ea0647323fbc,8208282e-43b7-930c-251f-223cdeecd947,eb87b8a3-14da-484d-b2d3-af02f6765739,2025-06,0,0.5725904966932405,0.3076923076923077
1ef86491-a6fc-4145-9776-d38cf04b5a13,82ce206e-2925-18f5-f18c-d80631a9964e,349407f1-b9ed-4f70-9e10-33aa675f85e6,2025-06,1,0.5013714378678298,0.5
ff34f667-aa67-403e-93b3-b110931ff59b,8490df60-3137-5590-8517-f882a6cff021,1f3827bb-860c-4240-bad5-714a89a798d7,2025-06,0,0.15658494773665174,0.25
34a83a45-c71f-42b6-956f-c5eba9c63bd9,8506a1fc-82d3-6a5c-c7c5-64702dd9ce92,88d7f91b-4b17-432a-85d0-f0bdcdd44b99,2025-06,0,0.08668788228860708,0.6388192166698823
dfe2eb17-2f98-4246-8634-0166568a9af0,854c86e3-8b7f-0ca8-f4ac-c6a073699611,8db9e51a-5204-4143-a5a0-086b8cd03403,2025-06,1,0.9999140730620841,1.0
f7e66e69-7d07-4e34-8bd8-d1dd03324621,8550917f-04eb-f961-9e92-97c10f626201,6cd23393-298c-495f-ae83-185c23576866,2025-06,1,0.8026463356799575,0.3333333333333333
62ba9cfb-e14e-419b-ae08-c95b76dd4a9c,855f3f6a-72ae-46f4-4cc2-a9a0d5df5b70,9131c211-f95d-4213-9955-02879ced6aaf,2025-06,0,0.02893514921044952,0.05
521f13af-4709-462d-bb0b-eac50408eedb,86cd2239-fa55-0389-437e-e8fd505dc931,20d5e9a6-73cd-4f5f-9b27-ba9a13e7864e,2025-06,0,0.3951733776025126,0.2
20fbe063-28db-451b-b5ee-d44ba8255a09,890b32d9-f754-8150-5a18-8a21fcdf3828,57d1d250-caf0-4e54-afe7-757c96a4a181,2025-06,1,0.9869999700439934,0.6388192166698823
cf1fd8ad-ca0e-44a2-91b6-8f8596e63043,890d247c-e472-92eb-0db7-ca3bc375622c,a3cfd3dc-4afc-4129-8b06-9756a905d971,2025-06,0,0.3985930365879549,0.375
e4fa91b0-5a1d-437d-8f46-7f524818e2cd,8aacbc78-5e56-b3c0-f8bc-fcb5490b94f3,d06e259b-0f3f-4c09-bc77-00ec39ab5924,2025-06,1,0.9870502763890975,0.8695652173913043
0ed96928-4e6e-40d5-99ae-d94772704865,8c10b5c6-4a40-f455-7732-69c9209c6107,f4822e1d-d918-4193-8ea7-19932d1ed97f,2025-06,1,0.9219193381422667,1.0
14b0ddbd-aa05-4d9e-b5bb-c37d44e1124f,8c10b5c6-4a40-f455-7732-69c9209c6107,f4822e1d-d918-4193-8ea7-19932d1ed97f,2025-06,0,0.029013126666099866,1.0
b92f7043-b096-4218-bd32-fa8b824d5b2a,93eb3d6a-d35b-ef1f-83b8-7430b6ad1674,c812ba7b-6318-4ce6-b0dd-78749fff30e5,2025-06,1,0.4556909155798649,0.07142857142857142
43dfa808-ff51-43a9-aa63-411161a4cfaa,950dd22f-78fa-d205-48b3-fe5a5cc7438e,62887698-aebf-475f-9c98-0a212110dd24,2025-06,1,0.990476456475764,0.7692307692307693
315b1468-0851-40e7-9601-4657b993be88,9653a402-ff75-bbdf-8cc6-1cb0ca01f233,81f71080-dac7-40e9-bb6b-3526cdd47015,2025-06,0,0.1333288091437151,0.25
4f6fca5a-8b1c-4742-8a8b-542e94dbbd63,97df6798-c997-e797-69e0-f9b4b90aa285,028fb3c7-fa96-4d12-9554-7511a3d7ab06,2025-06,1,0.7738582128832718,0.7
66d5562b-6411-4ced-8cc0-f86c6096d4d5,99cb0e3f-ce68-22de-40e4-438506e6b0c3,4cfa8225-aa4f-4f73-acf6-83dfd41c1b6a,2025-06,1,0.9149169212321477,0.5
a01e36f1-00de-4d35-a54d-a245e3ff3c7c,9aab8e6f-97e4-131f-c6cd-a91d11668656,c2b24d33-90f8-4d46-aca8-d99bb1f2c844,2025-06,0,0.21616111652073952,0.15384615384615385
de80b221-2c58-47c0-8be4-436333a1a897,9e64e0fa-e34a-1c76-8e4a-1452643fab9a,c60e7351-900f-4499-a207-99f3acb1ba49,2025-06,1,0.9082603572246868,1.0
ed6d88a7-23df-462f-b970-3b763d6b54ec,a61eb28c-5bcb-2c0e-6f0d-aea5a35e9f30,e49d5b4d-fd58-4f0c-a779-2ef25bd8eeac,2025-06,1,0.3324573477224803,0.16666666666666666
557c275b-323c-40f4-93d8-06ed714ace36,a66a39a1-af53-6290-1e0b-7fc51cc20608,efa0d66e-ad3e-4e99-b4ea-e5a7da61f354,2025-06,1,0.9460020087053375,1.0
807d6bfe-4ae6-479a-b893-424dc0e33a8f,a7798da2-f8ee-1840-a1f3-f29a9e764b97,9ffe9701-32ac-461a-b5a1-8bb653d34a4b,2025-06,1,0.9994488936274625,1.0
0cadbcba-f58f-4d7e-aeba-d5ca8f5a7ce9,a974c0ea-b223-c4ff-2027-207ec4a462ac,59864420-62d6-4d3b-9b98-6872f9821633,2025-06,1,0.9984313038016168,0.9629629629629629
9839e2dc-5228-482b-9dad-c35b45387ea2,abd9f8e2-40f4-994c-f326-8ad6c939bb6a,e5d8f9b9-9f3a-44a2-9d25-5b56c81d9ee7,2025-06,1,0.9672256411761996,0.3333333333333333
4ce68b0f-a320-4d44-94cb-ed1cf3977619,ac062de4-c552-a0d7-9cc1-cbfe89c2ba68,36282a6e-e613-4832-9dc9-77915feffc17,2025-06,1,0.7137884762951964,0.6666666666666666
5c3e660e-30fa-4c70-89a7-a86c3a354bb7,ac5ee6bc-de6f-6f5a-a196-731bff043dc7,09848a8b-4b46-4fc9-85b8-9a46fecdd91c,2025-06,1,0.9415247937819724,0.2
696ef45e-2627-403d-97d9-35da15c39fe5,ac851bed-41fc-0f41-cf0d-214d17cf53cd,4507404f-8056-48af-bccf-9df703e7d029,2025-06,1,0.5576820839870875,0.5
5e39dbf8-aa32-483b-9f06-4548ebbdfe5c,ae17092b-b9b3-31a9-8d6a-555889000bbd,1e9f3018-6098-4a56-934f-5484bca84f5b,2025-06,0,0.5114643701836771,1.0
bbbd95e5-9b10-4a6c-88b7-04895f0cc8be,af12a12c-92bf-088b-3073-292fe4dfc478,bdc2c4ae-b9b2-4aa7-b8bd-01fdd0145e27,2025-06,1,0.8165564343295842,0.0
a5336c5d-6d6f-4ad9-a599-15e0b7d9511d,b0348aa8-ad9f-d0dd-94e8-c71a6627c930,db9ec732-0eba-43c2-8e97-5e7a05e17561,2025-06,1,0.05977885850761364,0.0
18735f57-578b-4c21-bdb0-d43ad81b473a,b0a6f0b5-9fd8-112e-2bfa-24fa8a25779b,f5dc7322-00ac-4867-a914-e2bddeac9a0f,2025-06,1,0.9697061695101666,0.5
28158dbb-9653-4a69-b798-e4b83ab3342d,b111e4dd-be1d-2c79-3945-480547761b5f,1e0bb8aa-b4ea-473a-90f7-c89d96df2323,2025-06,1,0.9963685531093907,1.0
b5288df0-7ace-42b6-b29a-2e804bd76482,b19dfc6c-a5d5-734c-3d3d-6389c281b3bb,2ddbff71-425b-4f25-a932-e1bf574b2035,2025-06,1,0.9993777817276968,0.9230769230769231
e8b13b45-9696-495e-9424-9753ca83a3be,b274d6e3-01a3-9f4e-b312-7088b787357d,10f786c8-3837-4bf5-9d96-10b34c9cfbb6,2025-06,1,0.937438424114397,0.4583333333333333
4b0f82ba-2c87-4374-bdeb-215d85e54176,b2c95a31-a85f-5161-1831-d1b5844db7aa,a5696df7-ca6d-4c6b-bef2-a905054e3f8b,2025-06,1,0.4602065575970867,0.5
c3c65505-d304-499c-a1e0-aeaed93002f2,b2c95a31-a85f-5161-1831-d1b5844db7aa,a5696df7-ca6d-4c6b-bef2-a905054e3f8b,2025-06,1,0.11909649993351684,0.5
7d4ac9a6-3617-447c-9394-0b63af1f78ca,b533de62-fd5f-cc73-01ad-82aaf5df2fd1,8dd4cde4-2050-4622-be37-13f72db9b434,2025-06,0,0.3040427730924692,0.5
d082f25c-00f5-40c9-9b8d-bec32fea50b9,b865619d-9980-0806-c5b5-97fee058322e,296f0113-6916-40f3-8fcc-cd54685de8f3,2025-06,1,0.9987758283520202,0.8888888888888888
836bfd52-cff3-49fe-8ae0-967946af5ba0,ba8dd5e0-ed0e-8b6a-7098-2732476feb31,31a1c073-bb44-4019-8548-0c5a8114de7b,2025-06,0,0.10105557480560942,0.14285714285714285
1a66239c-e4de-4273-9b4f-9eb323e74754,bcf8ffc1-fd5c-f6ab-0453-7a73c73786dd,d1981985-ab9a-4777-b85f-46da934e391c,2025-06,0,0.03285602731595017,0.08333333333333333
cbdae3fd-50c9-4be3-967f-c1641fa43536,bdcc24e3-6077-3ea9-b25e-2747d0f07be7,34b48e10-aa34-478c-954d-06259adb5384,2025-06,0,0.06391991252263408,0.0
00d80e88-4673-4efc-9787-7d4f5612804a,be68c44d-d4d2-478a-7b1e-c9c3fefac406,c6bf983e-033d-46e6-825f-5620364a403d,2025-06,1,0.9418892213210093,0.6388192166698823
98d9180a-dd02-4e62-85d4-40217adffa55,be84008a-74d3-3cc1-6fd6-bcef998f7bff,4ab14a0f-9437-43ed-9504-94985a2312ab,2025-06,1,0.9998766335563956,1.0
4b2f394d-326b-4811-8114-d6bf7d1c6ac8,c09e703c-d287-38c8-d1c1-239145e17df9,d60bf084-22b7-4aeb-a8fd-b48b4786c6fd,2025-06,1,0.9968850085451229,1.0
0566141e-7239-4f88-a10b-491c6e4a4e38,c1b3479a-b415-c370-ba7c-636b4f4c56d9,c26692cf-75b7-4ede-9858-201c269dd988,2025-06,0,0.08668788228860708,0.6388192166698823
ff9eb6c8-e772-4139-a2d9-3d4d4fec22d8,c2329858-525d-2f70-5e31-bf9a8358eb3e,956b173b-5f08-4c46-999e-d04c26cb3609,2025-06,1,0.161175564816123,0.125
197e87fa-56d6-4d57-9904-fd6cdbbf9b0e,c39e5b6a-5497-09b6-25cc-89f1ea8a608c,6b283442-207c-4a26-8ca9-2214393a804b,2025-06,1,0.9214803796502837,1.0
9fc769ad-f821-421c-adb2-d9acd96f9c2d,c9947b7f-26c4-6957-80a1-91eb275ee523,8441d5c4-fdfc-4731-9e95-7af2570dc7ea,2025-06,1,0.5801558413264174,0.0
03120c9c-3923-4dc2-a61e-f220197645cc,cd2c3f97-4df7-b32f-d0c0-12031beae516,1265235c-5696-491b-925f-044ee29ba97e,2025-06,1,0.03021152229952837,0.07142857142857142
47c0c531-ec28-4039-a118-f578d9288032,cda37b51-1bbc-af0d-a560-49af88fdc751,d66308ce-65d9-4c63-91b1-96f32f42036c,2025-06,0,0.9991734592352323,0.9
69f14da2-20ff-4575-a99a-557531528982,cdfd7474-0325-1b45-657c-35abca5b28ee,4364ae28-1999-46c4-86a4-3d9565069abf,2025-06,1,0.8898363950564454,0.4166666666666667
7db0adfa-40c0-4463-adf0-bb792e9266cf,cf1318a5-0564-4af6-d90e-c3e76de1ef08,5268e485-491e-40b7-942f-61c133c796bb,2025-06,1,0.9976140071002811,0.95
06022814-bbdd-4083-9621-539917046cb3,d257c87f-0e42-048c-8409-362e925d86fc,597c2d33-b758-4acd-811b-c7b22289dcbc,2025-06,1,0.9997062835467728,0.8571428571428571
25c95313-af74-4bdd-bf77-3961c8e185c5,d51c2f8f-9df6-06cb-85f3-47a79b9d5006,f6d9b4ed-d1e3-4963-bbdd-fb87e50d1313,2025-06,0,0.16994218958119953,0.2857142857142857
711705af-8476-4801-b19a-01f094f2709a,d58d1d2f-e65b-7705-8ac2-996da0cf28c4,f009d211-2428-4e63-8c09-22ad8ba10987,2025-06,0,0.22783155510016223,0.2
411d7969-b72d-4fd3-911c-e871e917bf21,d97ef4f9-a927-a7e9-03a3-fc84f79e19af,74b55c6a-d263-4477-9d29-4259b77d7523,2025-06,1,0.9212982057268677,0.6388192166698823
0a829c9a-1058-4cde-afe4-ec0e465b7780,d97ef4f9-a927-a7e9-03a3-fc84f79e19af,74b55c6a-d263-4477-9d29-4259b77d7523,2025-06,0,0.34838040326062125,1.0
40e3d876-f54d-4cd8-9041-fd323f64fe5a,dd81a269-5627-77bf-d8c4-d2e7d309f56e,f6b29b1d-c950-46ae-a66f-fe48ad0eac52,2025-06,1,0.9931654926902188,0.875
499545f5-578b-4171-9d51-a57e0cd05985,df5ea39c-c069-5211-271d-f0d3831adefa,3394785d-ad9b-442e-9c87-3ab4f47b1876,2025-06,0,0.3539046349931218,0.38461538461538464
8ca356dd-ff23-4bcc-80fc-ebd991da11f1,df6d6dde-434a-e10e-f646-fa8a40be56cc,aad0f942-1ddf-47cf-ba72-32342002566d,2025-06,1,0.9257922983937792,0.6388192166698823
97bf1d10-0cbc-4f9f-adea-f95b7bcd5cc1,df6d6dde-434a-e10e-f646-fa8a40be56cc,aad0f942-1ddf-47cf-ba72-32342002566d,2025-06,0,0.05160731157950853,1.0
73858cd8-e000-487d-8af4-857d26759754,df6d6dde-434a-e10e-f646-fa8a40be56cc,aad0f942-1ddf-47cf-ba72-32342002566d,2025-06,0,0.04541332415319559,1.0
c4b55b59-ceda-4db9-917a-f7f1949294cb,e110dfeb-9c9e-94b6-2874-e7615a27c229,49b09056-47b3-4a11-8d08-91b6907ca646,2025-06,1,0.9357322205711719,0.6388192166698823
7be021f5-8289-4650-beff-a7cf5ff864ee,e110dfeb-9c9e-94b6-2874-e7615a27c229,49b09056-47b3-4a11-8d08-91b6907ca646,2025-06,0,0.051561468959602806,1.0
3a39baa0-f826-4393-a84e-c3c8028bf870,e17238d1-34ce-0cbb-4dc0-f65e60ff52f7,5c6e4440-a7b7-4d5b-baec-a422ba050dcd,2025-06,1,0.999442674881273,0.75
2100d519-396e-4419-8f8a-a728106134c8,e1b0693a-105d-db49-8722-6a8a1c87579d,811c8d66-7a3f-457b-9dcc-4f53c8671fe1,2025-06,1,0.7450706152765056,0.75
b6450aa1-af3d-4d79-a1c7-840ba6735e59,e43d640c-3d0c-c63c-52af-626feca768b5,21506fa6-9ecc-4737-9fe7-742cf3dc0a51,2025-06,0,0.37961721651414726,0.4
687cd962-38ad-43db-82ac-35637e409f82,e457493c-1fc6-a2cf-a2a6-22b48ef8706e,967093eb-114f-4888-a2d2-501238d2b8d2,2025-06,1,0.20601618879239383,0.0
dc8a8aca-37a3-469f-8465-e5508d761936,e494eb69-def2-556d-3bb9-7c4124ed109e,39ea3363-7669-4b60-8c30-7d3687b62a0d,2025-06,0,0.08668788228860708,0.6388192166698823
bcb42831-926c-4c8d-9b03-9fff08abfbfe,e6dde6a9-4da9-d1a2-802a-faf5db207e8e,948c83b1-ecc1-440f-9997-479b290ef8a0,2025-06,0,0.9973828688779559,1.0
68f700a4-8bdd-49c9-a31d-d589360e0bd4,e8623393-ddec-fad5-91bf-c880b6345031,24624e7d-1049-4d1d-a1d3-00acce0a4ef0,2025-06,1,0.49534520817460403,0.5
f5fd1f3d-9616-41d7-a9bc-e93f24c5055d,e94dc9d5-cb52-49ec-80b1-98376aceb874,64e94573-3ff8-4444-8463-cc997625aa46,2025-06,0,0.1912340206625111,0.16666666666666666
54e6a60c-d6b6-4cd6-af6b-66158ee58aab,ec6bd398-2413-2c67-18db-10bdd92ee4f9,83dd2c1e-368b-4c57-b9b8-fbcd6ae6ea9f,2025-06,1,0.17759823749732295,0.6388192166698823
cec323b3-81b2-4371-8308-96da1eb91dcc,ee4c9007-7674-8d77-244b-b681167c945d,b874ac34-d8c8-45b0-a884-15ba141fd279,2025-06,1,0.4122616609197085,0.3333333333333333
df5291a7-469c-4f13-a7db-2a69a7c84ba3,ee61dd03-6eb9-0d71-8bf4-a01ac422b8be,a49dfe35-7e1e-4d81-a32b-8877a575eb1e,2025-06,0,0.5622991944509136,0.3
a05430d6-9bfa-46b9-aecc-cded53916a15,f2764421-c336-0b17-7318-6908f1ce4a72,e853e4fd-4532-458c-b497-5266ad57609c,2025-06,1,0.297444315348784,0.42857142857142855
7e87a52b-6210-4af3-b714-8329555d8e4d,f284b25b-d762-1399-a12e-ba7ffa6b6f97,1129e54a-0b3f-417c-b6db-e1090df6981b,2025-06,0,0.2583804836942732,0.2
1693147f-1ce7-4be1-b614-cb824cf0a676,f2d14ca3-b37b-9e02-78c3-46a7603d8a6b,084cbeba-199b-4533-8ca4-f9abf83df8f8,2025-06,1,0.32759491179176037,0.3333333333333333
d6eba6a7-3100-4913-b132-2a974288d503,f50bb3e2-c8d0-59ce-baaf-017ad9240186,1cacd6fd-9817-46af-9577-9c4b39a706da,2025-06,1,0.9989250066965969,0.75
db05e484-2d84-4b64-82bc-e30c7e0523cf,f50bb3e2-c8d0-59ce-baaf-017ad9240186,1cacd6fd-9817-46af-9577-9c4b39a706da,2025-06,1,0.731079664090356,0.75
39b99f5e-f04c-4999-9871-a480d814812e,f6c5c3d2-ceda-6c7f-aa96-359c7dc9ee92,43ba38ca-08a9-4fda-9c38-448a30f1cbe9,2025-06,0,0.06262087535382213,0.6388192166698823
ea837df6-c28f-43e5-ac2e-b91a0e0f870d,f9036b0b-f6ae-2444-5d3d-ac81e4964064,0e4656ab-a418-4a6c-a856-d4b7fdcdf15b,2025-06,1,0.7060610350122941,0.6666666666666666
1c76a481-bbd2-460c-a8b4-9212c21409e5,fc8a412e-e0d4-35e1-37fa-5f798b7dc7f4,84a6864a-847a-491d-9dcd-e98868d7063f,2025-06,0,0.0884344162332642,0.6388192166698823
ab78a356-282a-4dc1-a2ed-e3905207ba41,fede9d18-47bd-03b2-a0a3-73ae43fbcf88,aad9a3ed-094e-43a1-b64d-0e4f60c95c04,2025-06,1,0.9138879546961864,0.75
88c12499-e150-49d4-a9ed-4c9e4d0399d3,00af40b2-545a-c400-060e-9eba5e004ea3,98a505a9-d139-431f-b01e-b943795f434d,2025-07,1,0.8976729344190273,0.3333333333333333
c7bbfc60-e92e-4c72-a18f-2e7f1df13f91,00af40b2-545a-c400-060e-9eba5e004ea3,c2533594-7bef-485f-9c06-e515153c4d3b,2025-07,1,0.8963806981850434,0.3333333333333333
fea19a3a-29b4-41ce-97be-b2aea60c977c,02295215-68ff-b712-391f-44370ddab3fc,fc63a4a8-0b3e-406f-8ccb-2105eec8e19b,2025-07,0,0.5958133594391033,0.5454545454545454
7073c60c-f118-4aba-a87f-275f940bdb3b,0278721a-a690-833b-298a-16a351fb7a3a,6555e453-3efe-45a0-9b81-711fbf2d0726,2025-07,1,0.9869968451238673,1.0
5d5f7368-262a-4905-b0ee-8db5990f8a8d,02b429ce-a6d5-6fef-b9c9-9bf315c162d2,09480588-260f-4e91-bcf7-5033ba88e43c,2025-07,0,0.23780325499906832,0.0
7b5ed88e-ef9f-492f-b6d6-641a3af1cf66,02b429ce-a6d5-6fef-b9c9-9bf315c162d2,09480588-260f-4e91-bcf7-5033ba88e43c,2025-07,0,0.16533686987931545,0.0
db7cf6bf-99c8-4e02-bca9-168253a15f99,03ce56c0-8798-b95d-7125-311b80363e74,90df3267-4239-48a4-89aa-4a61e24239bc,2025-07,1,0.9851669427207099,1.0
537f2838-5b7e-4e9b-9067-3d9aee062102,044fabca-8052-c100-2783-a270debc8c40,36c204f1-519c-4729-b424-1ca9d17fff37,2025-07,1,0.9531178458857068,0.6388192166698823
c3804860-00a1-45fd-a564-e4cf1e80b88d,044fabca-8052-c100-2783-a270debc8c40,36c204f1-519c-4729-b424-1ca9d17fff37,2025-07,0,0.0574754581685362,1.0
a587e4c5-dcce-4161-b9c5-6efb1837dcb3,04ba1c6f-6c06-819d-9ecc-a0c5f795b922,cbde9bdc-2d51-4e5d-a732-1df1160c4b74,2025-07,1,0.9444277136661624,0.5
9950c420-c9b5-4707-9136-d502c79fc8ac,068260fe-ff67-c96c-b5b4-1d5c207e7678,10e76d13-8eb6-450a-9558-ea32a374cd59,2025-07,1,0.9467512727023065,0.25
4580824b-2e16-4e53-a88a-45307a58cef3,073e4bd7-f1f1-49d3-604f-c365b9952a6c,e70ad66e-a26a-4c8b-a6e1-9743710c50f9,2025-07,0,0.6114600064003591,0.0
a634b044-e624-4c05-89d5-e9506e37bf14,0a550b32-ac5f-efb6-6d3b-e9975e20a82d,95855f3f-2de6-4518-923a-d6bb61e6edd7,2025-07,0,0.03227269456586143,0.0
c7371cf7-e331-49d6-8836-ac292fc27313,0ea0c6d9-a99f-89ea-6b85-9ae409698bd3,9213b9cf-1bcf-41e7-a060-e578f718f991,2025-07,1,0.857104056367797,0.5
c96a429a-6ffd-4e03-8aa3-f875f7443e8b,0ed59f1c-35e8-8ae7-d0f3-3b5d4a2202fd,01e02e8d-bc3a-4ec2-ae58-c2dad05312aa,2025-07,1,0.4838059394196634,1.0
509a7504-cf8c-40c6-8759-5b461c8584d5,10f3edc6-4b03-b82d-8df1-09ddaf031c0c,d0b11ad6-7841-48cf-82cb-55e373063fac,2025-07,1,0.9114378360835309,0.7037037037037037
bc8b1dd8-5ed4-4983-b94e-f3c31c62381f,122c395f-56fd-4482-fe33-7fa3c3cd30b5,45df567e-3c5b-4da3-8bfd-6605e5e6c7a9,2025-07,0,0.07079308016047223,0.0
360674a2-4c73-4a11-b8f4-10a86dd8dbb4,1287ac56-adee-78b5-6a6b-56b3e8dd7d48,c88936bc-cb40-4598-a743-3c301dd4dccf,2025-07,1,0.9812785436763436,0.8
1e233357-7ad3-46dc-8484-5cd3fb8412ec,146a8458-f956-54ed-317f-b99f7d16fff8,9698da1c-596f-48ae-8618-16b9c409f192,2025-07,0,0.14669698094706649,0.07692307692307693
86abfe00-811e-48d5-a7a4-6ec9e237dae2,148cb172-cc40-9c01-ffa5-33aa5d70bad8,a2b40718-04d7-4dbb-9143-65a881e8a092,2025-07,1,0.9985602084476116,0.9375
4e7a1caf-2b6a-4e3f-acef-817e838d975a,17d13989-4f37-42a8-1eb2-88b2df3a9692,3c6dfb4b-b32b-4155-bcc0-1eab4ccc55ce,2025-07,0,0.6714066016931969,0.3333333333333333
190b9e79-77ed-4a5f-96f0-1303dd32b0e7,18788fe2-f6a2-826e-2199-6cec118c6d00,6a5d492b-8175-4c5d-86ac-ff94ea72d963,2025-07,0,0.10341239706057427,0.15384615384615385
57722340-f69a-4830-9397-108a93bf5e07,18d86801-3cb7-11d4-8b9d-433429296014,9c5f6705-4936-4bf4-91d9-8bd75b4c341b,2025-07,0,0.052443812175496596,0.0
eac03afb-231f-4904-81eb-52403e0cb84b,1932ea80-c6eb-874e-eca8-12410fa7a608,7ce79ba5-79fe-49c0-9e0a-2ace149ffbd0,2025-07,0,0.2111946179028697,0.16666666666666666
28b5aef7-0cc7-4422-8baf-b3a94f1ed26c,1995b0ce-cc80-52dd-8dec-a01a2456659e,6496c482-6282-4094-be95-a55929573369,2025-07,1,0.7485392594339592,0.2
2623d5cd-94f5-4c91-8867-277d32747d8c,1b003ea3-bdcb-0416-c3c2-8ff60f2f65f5,419e1438-3ed5-4447-9f4c-68505b3371d9,2025-07,1,0.8458101387770758,0.5
e1954a8f-740c-4446-bf43-4c455d7107f2,1d4c0119-5151-7a5b-2266-f16e44f67157,55469cc1-579d-4801-bbbd-4f113cad46e9,2025-07,0,0.18285581010516785,0.6388192166698823
ba98b2c6-b37d-4470-89db-f9544a648615,1f386b6c-673b-b4f5-5a19-10e9869fcb75,1cade627-e515-41a2-8fef-84b24901e0a8,2025-07,0,0.19183399971908952,0.0
7881248b-35ff-4143-8b3e-cddd0d5cafa2,1fc0c3bb-f35c-8d5d-a4fa-a9c1723cd8ab,0d1504e1-2884-4dba-97bd-0c3bc37e1669,2025-07,1,0.9948145506272195,0.7857142857142857
3fcd31ed-e33a-4ac1-86d1-2111dbd33ace,227f376b-633a-5615-5670-c29559d0a08b,b98f8c1f-f2b7-4f45-a583-7bb76e52c466,2025-07,0,0.06132580081736409,0.0
4cdede9c-3b41-4d6e-b073-aa37fb1011b5,22a9494d-0e02-6fba-4aee-7947f1e6110b,a9694079-2985-486a-8cd6-bd3243751b22,2025-07,1,0.9993594684359074,0.9
ce88f56c-008b-4ebb-bb4a-db60552b72fd,2371838e-ccdb-787c-4fcf-71f0be68084b,04ee0754-17c8-4edc-a0c1-b1c000e6b2ce,2025-07,1,0.7786879685682662,0.75
67947ba4-06b9-4dfa-bc1e-34a83a5b55f9,238b347e-e7e9-b1a3-31a8-a2f8fed99f55,3d2bb31e-a4e2-4d67-b934-8fbb641505da,2025-07,1,0.9988191225709435,1.0
976b4109-2f19-4f90-8389-a6882a052496,23f7ef5f-6b26-a104-b616-b438d7e9243c,8cada743-d341-4211-b2f2-094d551e9ef3,2025-07,1,0.9976918265955408,1.0
4da73d62-b3b0-4cf0-a9d5-890a422047ed,251051cf-e3b5-5d37-918f-bf22b4875790,05a7138b-3291-401c-b2bf-28981d85d111,2025-07,1,0.9990037732551925,1.0
d116e852-f792-46cb-b894-303824693b2a,25aa0362-c4dd-16cd-169e-1e9f819ec83b,668a42a5-32bc-4a00-af80-c060fecaeb03,2025-07,1,0.949817745552913,0.6388192166698823
3c95b9f0-bd0f-490e-93ea-f94f86538b1a,25aa0362-c4dd-16cd-169e-1e9f819ec83b,668a42a5-32bc-4a00-af80-c060fecaeb03,2025-07,1,0.29574718391189003,1.0
b0ab0504-b3cf-4730-bba5-1f03f8918d32,25b63db3-6d1d-cb00-d25c-dfd8b4b17909,323f67cc-5fe8-4e19-89b1-838f908c4f0a,2025-07,1,0.899351201213551,0.9285714285714286
37524e72-a781-4621-80dd-c895be3545de,2631ddfd-660e-8719-1876-82cf88e13a60,0c8b2433-3b52-4a31-973c-d1049e2367ce,2025-07,0,0.12479633904632187,0.2
b17c9c0b-c5d6-48f0-9cd5-1c5b0f1feb58,276b5368-040e-e40e-948d-d1159a743920,47427b81-4142-421e-aa12-04d8f6f5d16d,2025-07,0,0.26978621513735374,0.4166666666666667
1eef56eb-fd5b-4f57-9499-9748c61dd278,2794ccf7-4966-f00d-35d6-34ac17db73ea,29309a70-09a1-4c35-b877-ca27b04ec436,2025-07,1,0.9776869871425332,0.8928571428571429
1f76591f-bbf1-43fd-af6d-a06e0c07322f,2b785f57-1c4f-d4a8-d486-b69e7b2db5bc,3c7ccdf6-cc34-4475-9b15-a0933043ad80,2025-07,1,0.9954903022037666,0.6666666666666666
dcb94b27-1eda-4e8f-8ae4-de15fe3b7e7e,2bd67002-1f8f-faff-efc5-5063dbedf10f,3bb36569-1213-4fb1-9f1f-d40883261d63,2025-07,1,0.0738996854145209,0.0
a4a39d32-94c6-4852-8f17-8a55d788329d,2c62dfe0-1a80-ff55-1d8b-51ac0c7da2fe,c95071e6-baac-4c03-9ee4-82e18f461a3c,2025-07,0,0.2819049152128983,0.125
1d04095e-13d5-4676-b679-13a9a9e57340,2d24b7c1-6556-8eb5-73d6-3ed3913e6d40,cfafc812-f1cb-4018-be15-ee702308c132,2025-07,1,0.966329295778099,0.6388192166698823
176cf664-31d2-4582-958f-fcd70c4d50e8,31748409-1d90-3bc0-903e-6d831133e944,e800e656-3fc2-4383-895e-5190e4ec2049,2025-07,1,0.8739001005410907,0.7142857142857143
a50feff5-0364-4d0b-ab96-92bad6f4004e,31f3f7a3-5dc4-21cd-ba54-b41347a7822a,2d403254-d4e3-484a-ab66-492809785e47,2025-07,1,0.8382566148737794,0.5
e6c31063-8ec3-4b9d-a6b5-b9f6e59292dd,344a43f4-d005-00e3-d3f4-5da6b944af56,a19cb77a-2e51-4ca9-88b6-1c9423cd7b63,2025-07,0,0.14393982468713745,0.3333333333333333
1141dfe0-c8bd-4a2e-ad8c-947da6ce96e4,344a43f4-d005-00e3-d3f4-5da6b944af56,a19cb77a-2e51-4ca9-88b6-1c9423cd7b63,2025-07,0,0.1332432769576774,0.3333333333333333
e2c66070-c3ba-4002-a48c-3ef4531ab702,34e17203-69d9-f06c-079c-fc6848b90d7e,0be240d1-c1a1-4b64-b5f7-1dfb8d074f7c,2025-07,0,0.13377305571688422,0.3333333333333333
e6bd731a-1d8d-47b3-921b-c8b6eb67561b,34e17203-69d9-f06c-079c-fc6848b90d7e,0be240d1-c1a1-4b64-b5f7-1dfb8d074f7c,2025-07,0,0.12178801263537262,0.3333333333333333
fe24ee65-4355-4f60-9c07-84a40b6a8e98,38069f8b-d44e-0b86-a0d1-dafac5ae1232,0bb006a6-102a-47c8-8091-3f3a4bc5731a,2025-07,0,0.15486253683018242,0.18181818181818182
9420bc5e-1dcb-4fe9-95c8-d0c1ee477ced,3b27dc97-dafa-0480-7b61-5549a3ea7eee,be99f7a0-c9f6-43b6-9cc5-04577043e0bb,2025-07,1,0.1706609273586101,0.6388192166698823
2a6d8f92-e7ad-405f-8d12-a7cad007bdd2,3b48ac67-d1fa-b227-f284-5da0a25e5ac0,a6ebee32-e984-46da-929f-4e1c0d37ccef,2025-07,1,0.4610355630053677,0.0
505fba80-1b08-4b95-baba-f4b64498f1ad,3caa59e9-5e0d-3ca4-6303-a17bdb2e20ec,7790b900-db16-4855-bf52-32d929c70e45,2025-07,0,0.41174645967077644,0.3333333333333333
7dacb455-3f87-42cd-b9e6-5aa0c1e052e8,3e2fea93-18a8-93d6-164a-73bb3ab8c191,f4ee29e4-6c4d-4f65-8b5e-ce92721c36ac,2025-07,1,0.771825045070998,0.75
674a35a9-b01b-4558-96d6-3ae6b7f33f1e,3e50af3d-452f-d098-b3bc-3c2a64576d55,6eae3c53-9212-4814-b991-b284ea8da158,2025-07,0,0.6365034681804229,0.6666666666666666
84d28c20-dfac-4e39-a001-59950aad74a5,3e99437f-aaa3-5ffe-27bc-cffb9898080d,84ed620a-626e-495a-895b-488a5812e183,2025-07,0,0.4031847055615993,0.0
073d689e-9628-4fe6-b72c-c13af2acda5c,40da1241-f931-fd4a-747c-9dc5f68a8870,b6f67fc7-f321-4090-b196-9e5cb080fade,2025-07,1,0.9405299300282915,0.3333333333333333
0246ed11-f44f-49d7-bdd8-379681f3ac7e,414e0bde-7a49-1083-4e22-1fa3dca1b3c6,86bd0990-56e2-4bc9-97d0-f4794c3ea567,2025-07,0,0.28727326487269106,0.09090909090909091
09d54bb3-1617-4887-a352-00766cc8de5a,417cb75b-9992-4df9-28ae-ad4d2313621f,bb51f6f8-2b1a-4e9f-b3e3-16a942773d8e,2025-07,1,0.9883746790701032,1.0
c7845161-dad6-4b7c-be66-f32eaabfadd7,43bad5ef-9766-7805-47dd-934114b00873,77b097a8-e856-4264-a152-5fc4d84e06a0,2025-07,0,0.8488552384067974,0.3333333333333333
73fdff0f-9b75-4ff3-b2b0-1b12b3e5f351,456fc08d-55ba-6a5b-7917-edad21de87b2,42ec8bd7-528a-4997-a1e0-f1027504bc6c,2025-07,0,0.45806878266004086,0.5
77c5e1ff-6bb5-4a0c-b2d7-4eb119f2a65a,4628a4bf-d4c5-9e5d-471c-271b9f3e7d03,460261c6-c1c2-4654-81fa-19637f3602a8,2025-07,1,0.952174563715509,0.48148148148148145
c740ad7d-841b-4bc5-86ce-6c5cbab667a4,46d380ca-fe7a-07d2-4570-5de890c8fdc7,6a62bcb7-2838-4247-9556-3de6988f214f,2025-07,1,0.8252224959730373,0.8181818181818182
5265f349-7f60-4424-9b39-b4f3e44c8be1,49355947-7605-ec5f-7d81-a6597f38d76b,0318d74f-95a7-4ced-92bb-ded9eb88d273,2025-07,0,0.03732801199206424,0.0
e5e45d20-2dd6-4b3e-8738-13c1baac4631,4b85d836-4912-f7a8-46ac-19256a4ed1d4,697ad8b8-5795-40f2-9d6e-f9e1287c13c8,2025-07,0,0.47799508551229397,0.2857142857142857
e1d2a49b-96bd-48ff-99ca-15ab3b9f59ec,4bdca5eb-f197-a87d-d26a-c63a9b3298a1,344e766d-803d-41b0-9ead-19b02ad20786,2025-07,1,0.9861312849233081,0.6388192166698823
c106da26-930e-4ceb-87c8-baead29076d7,4c4ad4c9-59bf-f152-d0ff-6502ec564cc9,91e9c4a4-cf9f-4ea2-bbce-8ca8d01150ff,2025-07,1,0.9991650548903555,1.0
c133a5bb-30dc-45a0-aaf6-d59772ec40b3,4cf13b7d-67b4-87af-6795-b532998a9b0d,924c2996-22b9-4f75-a760-a40afe04263f,2025-07,1,0.9976066592752811,0.9285714285714286
a4677801-d0ac-4e6f-91d6-e05aed46fa15,4e667438-6e87-7652-9c8f-5dff0ffa3cad,6d27b7fa-9864-413d-81e2-6f298d2a12b3,2025-07,0,0.9534029901018634,0.6666666666666666
01f123b5-bc6d-41b2-a99e-c04ea7782d56,503f204a-1840-9c61-b0fc-0c3228f0d967,8e5a25a3-aa63-48ba-9534-428a57218e69,2025-07,1,0.9827804768494758,1.0
43d7f9bb-7dbe-4f64-b219-a43526d84d92,510cd475-6538-7d02-413c-1a0f553ba4e6,26a0a5ca-7623-4406-8776-15d57ccb11fc,2025-07,0,0.10809133603895166,0.14285714285714285
14e31655-902d-4dbf-879e-784f64877f2a,5110bc8b-7229-5952-e9db-5feb33391303,89a2e9a1-acaf-4bfd-996a-8a996e3d3f9a,2025-07,1,0.9842183990255607,0.8636363636363636
eb0fc30a-064f-4046-a888-82590e906445,519879d1-1867-105c-ae64-2cab42188a79,d4864d31-0010-44b0-9978-a5492eed1380,2025-07,1,0.5135368458531603,0.5
45c6d1cc-f31a-4750-aa5b-a1c6764bf056,52bfd1fd-5813-000e-3603-19146a2ecd4e,56498d84-884f-40e1-bd91-cfb6c94eb3f8,2025-07,0,0.8329410209205902,0.29411764705882354
1818738c-c541-4585-aa1d-4c947b9a5dd4,53161e7a-20e2-d590-c8cd-ca0a5b5ebb43,e3422f73-1205-4829-8df2-d134f29b5b5e,2025-07,1,0.7490455028309746,0.6
4e97e612-79cc-4228-b90c-97d1669a9896,55061549-ef30-d416-5668-dd5177fe8537,9086606b-5e93-4208-af95-d0e4f496b7a5,2025-07,1,0.9139005303654315,0.8
e9afc5b7-538b-4c30-b578-1f0794ce11e5,55ca6f7c-112a-ec33-7c1c-987508bc9e41,3820ef49-8442-45ed-aeee-6a7a0cec9205,2025-07,0,0.09631691798112525,0.25
ee9829c8-8d8e-4aa4-aafe-b3947163b072,5616a795-6876-d4ab-5f07-8e402a8160e9,00843cbc-9d3a-4994-be37-d7ab686c85d3,2025-07,0,0.14803576120403883,0.6388192166698823
cc60d912-a5ab-45d2-9da0-d52c5b98a41a,57478035-8e15-2e54-5cb6-2f22777ee909,d80df6b4-00fb-4bdb-b51d-1cc96fe68405,2025-07,1,0.5366868138985016,0.6388192166698823
ca07fb27-fb9b-4823-b94c-105561f771ad,57dbc7f1-ef9c-8f08-5ca3-148c520d5a2b,4c012f66-06db-4f1c-9f52-211cd3540713,2025-07,1,0.9573287372080629,0.6388192166698823
a2a718df-402a-4eaf-8cb3-94450a87bed4,5a4bd906-07d0-3c04-680d-6ee01f174660,6eda4f36-5ba8-4b93-b2de-022481039f46,2025-07,1,0.9876005374286667,1.0
a9e27fdb-416d-463d-ac86-89bfe1ad5db2,5a97c1a1-f33d-ce97-6ee2-069836e0f76b,7a3b9b70-5ab2-46f2-9f96-d40563863bb9,2025-07,0,0.3456616627960229,0.16666666666666666
b96fba61-f5dd-405f-948a-bbff362c308b,5b45a840-9d6c-242e-0e2f-2e2c972c2eec,290d05d3-ab1b-4d62-b65b-41d05273cde7,2025-07,0,0.9772608966079344,0.6388192166698823
64c0cb08-6767-4027-9678-3f1a7353b63c,5b45a840-9d6c-242e-0e2f-2e2c972c2eec,1b8d196c-a429-4d7f-823b-82a43769d60d,2025-07,0,0.4204812548921858,0.6388192166698823
cbc72b0d-1661-4d9d-a9ca-9e3d4e79ad67,5d4122d1-48a3-607c-cb72-e1956caece73,0ab4614a-82b3-4810-b877-e696de754080,2025-07,0,0.04091686719052466,0.0
0537ab3a-f359-42bc-b91a-89cacd7c9805,5da1807e-9e71-dbce-ed22-53d6d2795850,9c7a215e-253b-493c-ab79-4d656c88fd38,2025-07,0,0.9318211225698726,1.0
4b3e540f-7e58-41e6-8a1a-b51f5899889c,5da1807e-9e71-dbce-ed22-53d6d2795850,9c7a215e-253b-493c-ab79-4d656c88fd38,2025-07,0,0.11528906900143786,0.6666666666666666
db721554-dca7-4b29-96f5-8083b4f53f5f,5e6b35c4-2b97-ea86-e422-f03c332f74be,8954e026-2f8f-4c54-96d8-8b5519d62928,2025-07,1,0.9531597295936848,0.6388192166698823
381379b6-21e5-4e16-8d13-ce6112151d01,5e6b35c4-2b97-ea86-e422-f03c332f74be,8954e026-2f8f-4c54-96d8-8b5519d62928,2025-07,0,0.17734940387763581,1.0
cebdfc6b-af54-4f2e-9b49-02a25fa3f5da,5e901269-d116-cf62-7661-df859f5b02dc,a15489ed-053d-4793-b95b-de0cafc05473,2025-07,1,0.9779165827276428,0.6388192166698823
0625b9ae-6bcd-456a-9f20-457ea7403f79,5f0f16ed-dd5a-936c-5dbc-f76aa297afd4,5c202072-a66c-4bc5-8908-03d82ac2718d,2025-07,1,0.7943256550754241,0.2
a8c76685-a1b2-44f7-b734-3f0dfa536a3d,5fb00f2d-8a0d-5260-0006-da9487a8268d,e12a4a6d-8b94-415d-b58a-aee4e5847605,2025-07,0,0.18771735927817595,0.25
2f96a776-30e0-46bf-9705-7b5fbeb015cf,5fee0a79-3970-704a-2332-f7c7598e86c1,fad9c620-d9d5-479c-981d-4bc0521c94bb,2025-07,0,0.2370251666690552,0.5
3f5c355b-d25e-4159-8925-b9565f0f27b7,61031b0a-ef18-26aa-64b7-d412d7b3d276,99eb3f32-d53e-4470-ab2a-09ed6e9b3872,2025-07,0,0.5187101003783573,0.2
25ee659d-3c1e-4770-b441-4269b88e8081,6162731a-4a9c-e887-e586-1ea574985777,f2f4757e-a36f-4615-8d08-78e18eccf3b7,2025-07,1,0.21021412886726853,0.0
cfcf0ac9-01a5-4ed6-a5cb-647b313dd5a4,623531a9-cbf0-3887-51de-f6a7ce52c112,1cceb3e9-4204-46ae-8706-29ede7a6bcdb,2025-07,1,0.35273371139125526,0.0
2fcabcb9-f555-4adf-9ef5-ec4cc981895c,6353c074-799c-5253-d673-577f581c8241,7942e994-f3e4-4fd3-bff5-777b11eb40b6,2025-07,1,0.9658479638147003,0.75
09562669-9ce6-4a43-a020-21e5011c6686,6542b72b-196a-4538-a690-2db7cc212936,841f2fd3-7364-4cc7-b1c0-35aa7cefee9f,2025-07,1,0.0738996854145209,0.0
e76d9067-cfc4-4189-98d9-d484a741e5cb,658ecc07-55bf-045e-6651-ef83f51cb80c,5e06feb5-626b-4ffe-a13c-86bb5e349dfe,2025-07,1,0.444492088935648,0.5
9eb1d980-3337-41eb-a8c3-5ed727ea886e,66fbcb59-3d06-d8cc-b1d5-53f38a599207,b6b48bf2-25a2-4810-9338-b1847a53c5ed,2025-07,0,0.37634780286422465,0.3333333333333333
25a1acaa-6326-4de0-9a39-f80cfd9f74f0,6ce85c3e-5f40-4297-8c38-22ac7432420e,43dd8c38-f19b-4e75-a934-ec4c973686b9,2025-07,1,0.9980755578084594,1.0
e4fd8343-6e7b-416c-8e8b-0fdde90581c1,6dd50e39-9843-4442-cc09-3b49fbe97fb9,874b3b50-b801-4e30-a0a9-808746433886,2025-07,0,0.031258190000654204,0.0
92937e0a-38ea-4db2-9c6d-6aa942782d52,6df42279-282f-e2ae-a821-304ef8c14cfe,47ff34bd-dce4-48e4-91d4-a599695e48f1,2025-07,1,0.9669483154162172,0.6875
febf5380-f137-4606-870d-42ee1244c5e4,6df42279-282f-e2ae-a821-304ef8c14cfe,47ff34bd-dce4-48e4-91d4-a599695e48f1,2025-07,0,0.07551614210490563,0.7058823529411765
0613eebb-474f-4e17-80b2-a360ca0119e5,6e83fcb8-4992-041a-cc06-1dd780a369bd,128d1130-7d0e-426e-9622-a3535454c173,2025-07,1,0.9958165064618988,0.8125
d94d8893-a74c-49b1-a25f-77c1d2d049e8,70739699-a260-006b-9007-7221efe1fe76,6c5f154c-ab3a-4495-a310-c207510ca983,2025-07,0,0.11598863206459442,0.6388192166698823
6962ebb1-73f1-42b0-a91c-1b7e408def1a,7076f26b-5297-bb18-64d7-ba48dd2e64b2,6fcb602b-fe97-43aa-a191-4ce78f19cfa3,2025-07,0,0.8054119024759125,0.5
40930900-1e0b-48d8-a15e-73f652324d85,716b820e-fef7-dcf3-34be-914835261361,40c41229-cb7b-45da-8818-3433d1c20604,2025-07,1,0.7492408032316955,0.3333333333333333
c79a376a-c810-4755-a44b-6d148b36a9f7,71a2b1e6-ae5d-01fe-6e96-34a5a7d646fa,add0fc75-c260-4d70-8744-7fea8a581cf6,2025-07,1,0.9156188304405997,0.6
a55eda51-4697-4a71-ab47-3b69886915d9,720a2f6c-96ce-3f42-8ec4-faec53d5a915,4eaa06fe-be7b-4d8f-8cba-fd92a3d3fb69,2025-07,0,0.6168490788429851,0.3333333333333333
b34e52a7-9d21-417a-9173-b4cc60d5807d,72263e8d-e74c-b64e-af0c-e7f293e84d88,8419d24a-5624-4735-bd3c-af55612a12f8,2025-07,0,0.26978621513735374,0.4166666666666667
571434cf-e484-4307-b696-334ac753ac42,723e4719-99e5-42b4-8edb-c941d3ad5c93,b46cb807-c10b-4429-97e3-b1f1484fa2e9,2025-07,1,0.9492846122644185,0.3333333333333333
716d2f7b-16b7-437c-9930-00f33560f471,72fb39cc-cecf-39cd-a55a-60d36a23f691,d9685ad2-82b8-4590-93fa-fdd4856e2976,2025-07,1,0.6660493912761148,0.5
59c1674f-031f-42d2-9430-167fc0c8a39e,733dd472-3b1e-dd43-76e5-082ddfe66c5b,43058d1d-6ce8-4ad0-9f04-48ad2efa67c4,2025-07,1,0.9736472537333782,0.6388192166698823
1ba9c515-58ad-4db8-af8a-596157ce7772,739d70c1-409d-dba0-0566-781cf953032c,960e9375-979e-48a5-8bf7-1f5e4f821d99,2025-07,0,0.42446732585599484,0.6388192166698823
8840407a-b0a8-4814-bd79-8fc6a369e18a,74c6b975-b0ab-c8b3-8acd-2cf53597a72b,ea40fdca-3e27-466c-910c-99fef52b75d6,2025-07,1,0.9923084118969425,0.6521739130434783
f9c85600-ab90-4098-b0d5-e186a01323de,75090056-f130-0ab9-cfeb-6434cf4a11f8,2e4ea943-32a5-4e20-8342-bce660b15065,2025-07,0,0.5282891668620435,0.5
bc2c0877-e11c-40d6-80fc-ed746e25ad5b,75090056-f130-0ab9-cfeb-6434cf4a11f8,2e4ea943-32a5-4e20-8342-bce660b15065,2025-07,0,0.14764345781718644,0.5
dd742601-3477-4bfe-8cd3-cd7d79dcc7ad,77dd12b8-a20b-05c8-2372-79ba1b1624a9,3ca315cc-b9c4-4379-be8c-c2df8c0e42d6,2025-07,0,0.032195794990412564,0.0
4a0dd637-e845-4ef3-97b2-3d4d0ad9931b,79e31f6f-69dc-a40c-27d7-3f076878f83c,a0cd9c66-c067-4001-ad7b-586b6c15537e,2025-07,0,0.030224643186857945,0.0
f1d04371-2ab7-4be9-81c8-b67d6b7f27cc,7d26a731-5027-abff-a77e-ce35303b21f6,187cf591-8176-49d6-ad9c-1bccb3901236,2025-07,1,0.7470570274609103,1.0
a509225c-2cc7-44b5-98e8-2d840f96cb0d,81f2f896-343e-d20b-9964-56fe1a515cc4,25ee80b8-cf8c-4ae2-be73-fe7c991751ce,2025-07,1,0.9969196158105741,1.0
b0b43ea9-7b06-4caf-b2fb-0933eb5c5fa4,8208282e-43b7-930c-251f-223cdeecd947,eb87b8a3-14da-484d-b2d3-af02f6765739,2025-07,1,0.8455033874815769,0.2857142857142857
f7963db3-50a8-415a-80d8-2adeae37eba2,82ce206e-2925-18f5-f18c-d80631a9964e,349407f1-b9ed-4f70-9e10-33aa675f85e6,2025-07,0,0.886692450155655,0.5714285714285714
1344924b-9723-405b-abb2-afcb111d58b7,8490df60-3137-5590-8517-f882a6cff021,1f3827bb-860c-4240-bad5-714a89a798d7,2025-07,1,0.5483082770658277,0.2
8cbe82b4-f05f-4552-bc85-c05b1d860c9c,8506a1fc-82d3-6a5c-c7c5-64702dd9ce92,88d7f91b-4b17-432a-85d0-f0bdcdd44b99,2025-07,0,0.1637162301608222,0.6388192166698823
69773c93-41ff-4947-8c46-dce621afe270,854c86e3-8b7f-0ca8-f4ac-c6a073699611,8db9e51a-5204-4143-a5a0-086b8cd03403,2025-07,1,0.9989702852768241,1.0
79187065-4614-4032-aeea-86ff872e6f98,8550917f-04eb-f961-9e92-97c10f626201,6cd23393-298c-495f-ae83-185c23576866,2025-07,1,0.8650007000787195,0.5
1d2c49f4-41e2-44c2-b726-f9808a05ad5a,855f3f6a-72ae-46f4-4cc2-a9a0d5df5b70,9131c211-f95d-4213-9955-02879ced6aaf,2025-07,0,0.01847094344981285,0.047619047619047616
c003e3a2-d3c8-40dd-a113-e534a5e90c44,86cd2239-fa55-0389-437e-e8fd505dc931,20d5e9a6-73cd-4f5f-9b27-ba9a13e7864e,2025-07,0,0.3138316965846316,0.16666666666666666
4d721494-a461-4b86-8c6d-58ceb8785e61,890b32d9-f754-8150-5a18-8a21fcdf3828,57d1d250-caf0-4e54-afe7-757c96a4a181,2025-07,1,0.8847290186290475,1.0
5b7a16a8-e545-418d-bb17-b86d2661ec56,890d247c-e472-92eb-0db7-ca3bc375622c,a3cfd3dc-4afc-4129-8b06-9756a905d971,2025-07,1,0.3879099996517989,0.3333333333333333
bd744ca9-d2f3-4d02-9d69-1b89d3e56b92,8aacbc78-5e56-b3c0-f8bc-fcb5490b94f3,d06e259b-0f3f-4c09-bc77-00ec39ab5924,2025-07,1,0.9735889186844927,0.875
b6c023a9-ac68-4de9-9979-385bc9100e15,8b48adf3-c14a-fa6d-9785-b4bcb35f8fbb,656473e2-7641-46ed-9ba0-9fa996a8b682,2025-07,1,0.9646935032551136,0.6388192166698823
0f559e27-af3f-4566-9534-6bf4864fe453,8c10b5c6-4a40-f455-7732-69c9209c6107,f4822e1d-d918-4193-8ea7-19932d1ed97f,2025-07,1,0.9202261090202144,0.8571428571428571
84a7afe6-e18e-401b-b025-2d795974b720,93eb3d6a-d35b-ef1f-83b8-7430b6ad1674,c812ba7b-6318-4ce6-b0dd-78749fff30e5,2025-07,1,0.66525504800837,0.13333333333333333
b7332d01-91d8-445a-a918-f3f48ed7b3c4,93ffab65-d88d-3bbd-9dba-fc0c764f42f4,1603dbbe-906a-4637-b5f3-7b439534f396,2025-07,1,0.950635182073425,0.6388192166698823
6354b90f-3349-4df3-92e2-8c4bb1731344,93ffab65-d88d-3bbd-9dba-fc0c764f42f4,1603dbbe-906a-4637-b5f3-7b439534f396,2025-07,0,0.04715695584868668,1.0
2b15dc95-6824-48a5-aaef-538bcd7decbf,93ffab65-d88d-3bbd-9dba-fc0c764f42f4,1603dbbe-906a-4637-b5f3-7b439534f396,2025-07,0,0.10531631421172727,1.0
caacfc41-a759-408d-b281-530fadfca645,950dd22f-78fa-d205-48b3-fe5a5cc7438e,62887698-aebf-475f-9c98-0a212110dd24,2025-07,1,0.9883401645714089,0.7777777777777778
8f25757b-d597-4dee-8d87-3b740ed14585,9642c1f8-d11f-f110-37b7-9bbe04c84bad,92255795-d08a-477d-b997-687f071d6358,2025-07,0,0.14803612662770987,0.6388192166698823
f42c3f9a-99b7-4285-a39e-fcef741a7082,9653a402-ff75-bbdf-8cc6-1cb0ca01f233,81f71080-dac7-40e9-bb6b-3526cdd47015,2025-07,0,0.08956648292269591,0.2222222222222222
b93b97e2-2b23-4c44-b767-970da6ecb78b,9714e9c1-0eab-8c23-1dd7-2071a458be87,8f974785-0027-4c0c-88de-592a5fb9ed17,2025-07,1,0.9531178458857068,0.6388192166698823
f26b8c8c-fd08-466c-94db-31ac1f59105d,9714e9c1-0eab-8c23-1dd7-2071a458be87,8f974785-0027-4c0c-88de-592a5fb9ed17,2025-07,1,0.1955446623019194,0.6388192166698823
0e433938-8fd7-4dfe-b071-dcb26babfcba,97df6798-c997-e797-69e0-f9b4b90aa285,028fb3c7-fa96-4d12-9554-7511a3d7ab06,2025-07,1,0.9229477393443136,0.7272727272727273
1dcfd409-b491-414d-9f71-be9ffbef2d3f,97df6798-c997-e797-69e0-f9b4b90aa285,028fb3c7-fa96-4d12-9554-7511a3d7ab06,2025-07,0,0.05758300232388713,0.75
545fd61d-6399-4662-9617-02ccadb20d13,99cb0e3f-ce68-22de-40e4-438506e6b0c3,4cfa8225-aa4f-4f73-acf6-83dfd41c1b6a,2025-07,0,0.9531788472815542,0.6
1a9c45bf-8b52-427d-86ce-cf34ced51b1c,9aab8e6f-97e4-131f-c6cd-a91d11668656,c2b24d33-90f8-4d46-aca8-d99bb1f2c844,2025-07,0,0.24009368300883951,0.14285714285714285
b6273121-dbd0-44de-823c-f97aef0cea8c,9b3925f8-4a9e-4735-7dbc-bf5a8dfff4d6,4c3b1aca-4db5-4dbe-94c8-4acaa07739cc,2025-07,1,0.9605347846967153,0.6388192166698823
4ee9d424-4684-4733-87a5-41a6b04b95e7,9b3925f8-4a9e-4735-7dbc-bf5a8dfff4d6,4c3b1aca-4db5-4dbe-94c8-4acaa07739cc,2025-07,1,0.07221354694544711,1.0
4a77ad44-ec2e-4880-a94d-47ea1a507717,9e64e0fa-e34a-1c76-8e4a-1452643fab9a,c60e7351-900f-4499-a207-99f3acb1ba49,2025-07,1,0.92580879078359,1.0
17a49715-2ab4-4a4f-9ccb-f892b4ee38db,a7798da2-f8ee-1840-a1f3-f29a9e764b97,9ffe9701-32ac-461a-b5a1-8bb653d34a4b,2025-07,1,0.9988541824690566,1.0
c27a851f-3a5a-400f-832d-08916d78f2cc,a974c0ea-b223-c4ff-2027-207ec4a462ac,59864420-62d6-4d3b-9b98-6872f9821633,2025-07,1,0.997447334384945,0.9642857142857143
79af6c03-0d5d-4e04-92b8-bc7e6af21371,ab4b64a7-4f08-89f7-9835-689b479f16bd,442fb7e6-281c-4f92-8dc3-0f6af6cd61fb,2025-07,1,0.949817745552913,0.6388192166698823
f8475641-4d3a-4a28-b773-bee3cf938d53,ab4b64a7-4f08-89f7-9835-689b479f16bd,442fb7e6-281c-4f92-8dc3-0f6af6cd61fb,2025-07,1,0.28799903062670434,1.0
a485dcdb-6f44-4c8c-8228-c0a5cd8cf6ed,abd9f8e2-40f4-994c-f326-8ad6c939bb6a,e5d8f9b9-9f3a-44a2-9d25-5b56c81d9ee7,2025-07,1,0.9870459117098621,0.5
d4a53a44-758f-4b4c-8332-40e0048bc9aa,abd9f8e2-40f4-994c-f326-8ad6c939bb6a,e5d8f9b9-9f3a-44a2-9d25-5b56c81d9ee7,2025-07,1,0.7434400897985595,0.6
93dab9e8-9c93-4dab-8439-3a9b6df34750,ac062de4-c552-a0d7-9cc1-cbfe89c2ba68,36282a6e-e613-4832-9dc9-77915feffc17,2025-07,0,0.9622473127259571,0.7142857142857143
f7427bc4-44e9-4472-85e6-169bca09677f,ac5ee6bc-de6f-6f5a-a196-731bff043dc7,09848a8b-4b46-4fc9-85b8-9a46fecdd91c,2025-07,1,0.9552958295115397,0.25
bafbefcd-2bcb-497a-8a78-3bd794ef6c53,ac851bed-41fc-0f41-cf0d-214d17cf53cd,4507404f-8056-48af-bccf-9df703e7d029,2025-07,0,0.8330695378920616,0.5714285714285714
2eda85d8-a093-4266-aa54-014801950614,ae17092b-b9b3-31a9-8d6a-555889000bbd,1e9f3018-6098-4a56-934f-5484bca84f5b,2025-07,0,0.5764748293811044,0.6666666666666666
660796e6-e8ae-45fc-9cbb-7a69de650596,ae55ee92-2de5-2688-0d4d-095d6b247552,2de6ee53-a917-4a9b-962f-37e5d429949a,2025-07,0,0.14803576120403883,0.6388192166698823
dc293185-17a2-481e-9f70-56ae02e6a553,af12a12c-92bf-088b-3073-292fe4dfc478,bdc2c4ae-b9b2-4aa7-b8bd-01fdd0145e27,2025-07,1,0.9797167736638195,0.5
57a2ecfc-825f-491e-89e3-406275ea7662,b0348aa8-ad9f-d0dd-94e8-c71a6627c930,db9ec732-0eba-43c2-8e97-5e7a05e17561,2025-07,1,0.6373773783329278,0.16666666666666666
3b1f6608-ad9d-4625-a461-5845d52aa407,b0a6f0b5-9fd8-112e-2bfa-24fa8a25779b,f5dc7322-00ac-4867-a914-e2bddeac9a0f,2025-07,1,0.9887146639872739,0.6666666666666666
4835d291-4ffe-4a3c-a993-f87f2fe71987,b111e4dd-be1d-2c79-3945-480547761b5f,1e0bb8aa-b4ea-473a-90f7-c89d96df2323,2025-07,1,0.9835149450547617,1.0
ec48c54e-687f-4ae1-8d72-564b514f96ed,b19dfc6c-a5d5-734c-3d3d-6389c281b3bb,2ddbff71-425b-4f25-a932-e1bf574b2035,2025-07,1,0.999018448300732,0.9285714285714286
83ce5256-9c64-42a5-afbe-4c4c27113bbd,b274d6e3-01a3-9f4e-b312-7088b787357d,10f786c8-3837-4bf5-9d96-10b34c9cfbb6,2025-07,1,0.8740871292381851,0.48
ffaaa131-c978-4901-b152-2c37d9585fb5,b2c95a31-a85f-5161-1831-d1b5844db7aa,a5696df7-ca6d-4c6b-bef2-a905054e3f8b,2025-07,1,0.8155224522276795,0.75
3aa22e0f-d08f-4952-8280-9fa823ae7c4d,b2c95a31-a85f-5161-1831-d1b5844db7aa,a5696df7-ca6d-4c6b-bef2-a905054e3f8b,2025-07,0,0.40396386387495353,0.8
0274ea37-f793-463d-ac53-67bfb8f39cf9,b533de62-fd5f-cc73-01ad-82aaf5df2fd1,8dd4cde4-2050-4622-be37-13f72db9b434,2025-07,0,0.6372740387760486,0.46153846153846156
1a7f03aa-476b-451d-8bf3-d58e2cead00b,b865619d-9980-0806-c5b5-97fee058322e,296f0113-6916-40f3-8fcc-cd54685de8f3,2025-07,1,0.9906125476800247,0.8947368421052632
917aec86-e426-4082-97a6-8c73ba36e09f,ba8dd5e0-ed0e-8b6a-7098-2732476feb31,31a1c073-bb44-4019-8548-0c5a8114de7b,2025-07,0,0.29250370815813725,0.13333333333333333
b74ee1fd-9587-4375-97c0-96127b4b2125,bb36c2de-ac80-369b-bef1-b7a9025ad305,8e96a43e-6fd9-4323-8d17-2c4e2317d420,2025-07,0,0.14803576120403883,0.6388192166698823
da6d362d-d030-4d69-b965-db150852f828,bcf8ffc1-fd5c-f6ab-0453-7a73c73786dd,d1981985-ab9a-4777-b85f-46da934e391c,2025-07,0,0.10695152582909984,0.07692307692307693
58c1b3bf-c912-4c43-8352-be532b2e3758,bdcc24e3-6077-3ea9-b25e-2747d0f07be7,34b48e10-aa34-478c-954d-06259adb5384,2025-07,0,0.04405094356795691,0.0
d547b014-4935-4b55-accf-1d30068d01d2,be68c44d-d4d2-478a-7b1e-c9c3fefac406,c6bf983e-033d-46e6-825f-5620364a403d,2025-07,1,0.7841361560523892,1.0
f53731a0-7409-43ed-9c60-621bd9634379,be84008a-74d3-3cc1-6fd6-bcef998f7bff,4ab14a0f-9437-43ed-9504-94985a2312ab,2025-07,1,0.9997751900200967,1.0
7e7a9085-5013-40f9-88d1-c588f26c635d,c02eb961-2471-c285-9c28-fb9a12aaf70a,f848c7a4-dbda-4fab-8678-376064453b2f,2025-07,0,0.04400077448138557,0.6388192166698823
a717a0b5-1a15-4445-b244-341a3d6a1a3c,c09e703c-d287-38c8-d1c1-239145e17df9,d60bf084-22b7-4aeb-a8fd-b48b4786c6fd,2025-07,1,0.9885080634310333,1.0
4c2a7a18-0c59-4f11-8ed0-1059c431936b,c1b3479a-b415-c370-ba7c-636b4f4c56d9,c26692cf-75b7-4ede-9858-201c269dd988,2025-07,1,0.9531178458857068,0.6388192166698823
15d908be-9c7b-4850-913b-2530f7f59d04,c2329858-525d-2f70-5e31-bf9a8358eb3e,956b173b-5f08-4c46-999e-d04c26cb3609,2025-07,0,0.1685874710954797,0.2222222222222222
f79669bf-e925-43a9-a233-3efc60707034,c39e5b6a-5497-09b6-25cc-89f1ea8a608c,6b283442-207c-4a26-8ca9-2214393a804b,2025-07,0,0.6894309531172967,1.0
00cc4024-7877-48a8-92ba-5de38767276e,cd2c3f97-4df7-b32f-d0c0-12031beae516,1265235c-5696-491b-925f-044ee29ba97e,2025-07,0,0.28193992775666926,0.13333333333333333
bfe96151-d088-4edd-a50f-19229be8af86,cdfd7474-0325-1b45-657c-35abca5b28ee,4364ae28-1999-46c4-86a4-3d9565069abf,2025-07,1,0.9229322710703095,0.46153846153846156
9de12a24-dc06-4840-b65f-c84e5c62e9fc,cf1318a5-0564-4af6-d90e-c3e76de1ef08,5268e485-491e-40b7-942f-61c133c796bb,2025-07,1,0.9966374398385779,0.9523809523809523
d52087ba-9c56-4b55-a215-b3ed153ad4aa,d257c87f-0e42-048c-8409-362e925d86fc,597c2d33-b758-4acd-811b-c7b22289dcbc,2025-07,1,0.9867144629913425,0.8666666666666667
b1fc7f0f-9944-4faf-9b7f-b95fffea714a,d51c2f8f-9df6-06cb-85f3-47a79b9d5006,f6d9b4ed-d1e3-4963-bbdd-fb87e50d1313,2025-07,0,0.6464201223051285,0.25
95349fdf-660a-4c96-bba8-9eaf7eda3d2c,d51c2f8f-9df6-06cb-85f3-47a79b9d5006,f6d9b4ed-d1e3-4963-bbdd-fb87e50d1313,2025-07,0,0.1342550767582916,0.25
4049b413-5719-4c9c-a4a1-9542039e0ac1,d58d1d2f-e65b-7705-8ac2-996da0cf28c4,f009d211-2428-4e63-8c09-22ad8ba10987,2025-07,0,0.21506566172660932,0.16666666666666666
87cdafa0-5539-42bc-bfdf-c4e3e9c13aad,d97ef4f9-a927-a7e9-03a3-fc84f79e19af,74b55c6a-d263-4477-9d29-4259b77d7523,2025-07,1,0.9596966589026817,0.5
cd4c238d-7179-4872-90f3-31ebaea38002,dd81a269-5627-77bf-d8c4-d2e7d309f56e,f6b29b1d-c950-46ae-a66f-fe48ad0eac52,2025-07,1,0.8210561165321661,0.88
2cacfc33-6848-444c-af80-6c8c6d75a244,df5ea39c-c069-5211-271d-f0d3831adefa,3394785d-ad9b-442e-9c87-3ab4f47b1876,2025-07,0,0.23165666832525622,0.37037037037037035
9236798f-d40a-41c7-9b9a-25a92db33b51,df6d6dde-434a-e10e-f646-fa8a40be56cc,aad0f942-1ddf-47cf-ba72-32342002566d,2025-07,1,0.9492846122644185,0.3333333333333333
b5b9addf-7199-47bc-ac2a-8bcb165f112e,e04a7b1e-bb22-2ccf-a342-9eea602847ff,ed206b50-b8c2-4587-907e-681f2c148f8e,2025-07,1,0.9581052747794023,0.6388192166698823
9a067f81-5073-4f33-b461-d5c205c98bb9,e110dfeb-9c9e-94b6-2874-e7615a27c229,49b09056-47b3-4a11-8d08-91b6907ca646,2025-07,1,0.448928121139168,0.5
e8aaf3d9-7b9b-427b-8553-1f90e22d5a64,e17238d1-34ce-0cbb-4dc0-f65e60ff52f7,5c6e4440-a7b7-4d5b-baec-a422ba050dcd,2025-07,1,0.9980866860007782,0.8
fb77cc47-ec49-41c1-9693-f07077a3986c,e43d640c-3d0c-c63c-52af-626feca768b5,21506fa6-9ecc-4737-9fe7-742cf3dc0a51,2025-07,0,0.5689359184956357,0.3333333333333333
887bc046-1a66-4564-a2d3-d158fbcec69b,e457493c-1fc6-a2cf-a2a6-22b48ef8706e,967093eb-114f-4888-a2d2-501238d2b8d2,2025-07,1,0.7777754107793988,0.5
31863f22-cec6-4b1e-9a6e-000b7c52a396,e494eb69-def2-556d-3bb9-7c4124ed109e,39ea3363-7669-4b60-8c30-7d3687b62a0d,2025-07,0,0.1637162301608222,0.6388192166698823
ebc0ee6e-69d7-4eb1-a8c9-09590cde6e77,e6dde6a9-4da9-d1a2-802a-faf5db207e8e,948c83b1-ecc1-440f-9997-479b290ef8a0,2025-07,0,0.9615612450829957,0.9523809523809523
9a0f76f5-47a5-4cc5-b63c-90285b03e85d,e8623393-ddec-fad5-91bf-c880b6345031,24624e7d-1049-4d1d-a1d3-00acce0a4ef0,2025-07,1,0.7734473026822829,0.6
23f2e42c-7802-43df-b12c-60c45f925041,e94dc9d5-cb52-49ec-80b1-98376aceb874,64e94573-3ff8-4444-8463-cc997625aa46,2025-07,1,0.20289575140215116,0.15384615384615385
8829339e-20e0-471b-b2f5-e1f2e959b21c,eb7de080-f310-4225-66d6-f15dc51fefcd,65f64e54-dd00-471f-befe-cd9a90c8f991,2025-07,1,0.950635182073425,0.6388192166698823
a70462c1-0854-440a-b747-da2e7b55f8f7,eb7de080-f310-4225-66d6-f15dc51fefcd,65f64e54-dd00-471f-befe-cd9a90c8f991,2025-07,1,0.05989518434865104,1.0
5218f5e7-c135-4014-bb3d-eb5c2c2d4248,ec6bd398-2413-2c67-18db-10bdd92ee4f9,83dd2c1e-368b-4c57-b9b8-fbcd6ae6ea9f,2025-07,1,0.7381810694573043,1.0
98549960-6233-4249-910c-4e8a8ed27f86,ee4c9007-7674-8d77-244b-b681167c945d,b874ac34-d8c8-45b0-a884-15ba141fd279,2025-07,0,0.8083224168303589,0.42857142857142855
b3353429-7975-4535-8f0c-e3a6535d3e2b,ee4c9007-7674-8d77-244b-b681167c945d,b874ac34-d8c8-45b0-a884-15ba141fd279,2025-07,0,0.11286034791873861,0.42857142857142855
1f5aa571-7a98-4bc4-b8cf-fce83895a951,ee61dd03-6eb9-0d71-8bf4-a01ac422b8be,a49dfe35-7e1e-4d81-a32b-8877a575eb1e,2025-07,1,0.24097098604491463,0.2727272727272727
b3d583bb-01da-4c36-a267-7bf0ddc15d94,f2764421-c336-0b17-7318-6908f1ce4a72,e853e4fd-4532-458c-b497-5266ad57609c,2025-07,0,0.8867891871792241,0.5
85bfa8e6-ac7e-47ea-bfc6-9eb9b6233e0c,f2764421-c336-0b17-7318-6908f1ce4a72,e853e4fd-4532-458c-b497-5266ad57609c,2025-07,0,0.14995137556717547,0.5
e681700d-d915-4de7-8cd3-8fdbe1bd0e03,f284b25b-d762-1399-a12e-ba7ffa6b6f97,1129e54a-0b3f-417c-b6db-e1090df6981b,2025-07,0,0.2536406972000268,0.16666666666666666
fdc7f2be-9e8f-444f-be63-6bca6ce31f8d,f2d14ca3-b37b-9e02-78c3-46a7603d8a6b,084cbeba-199b-4533-8ca4-f9abf83df8f8,2025-07,1,0.5467629033649063,0.42857142857142855
488da1b9-1abd-434e-95ec-43825b61f2e9,f50bb3e2-c8d0-59ce-baaf-017ad9240186,1cacd6fd-9817-46af-9577-9c4b39a706da,2025-07,1,0.8564286973126842,0.8333333333333334
1cbf10da-5753-4729-a81d-ccf1162ff8c4,f50bb3e2-c8d0-59ce-baaf-017ad9240186,1cacd6fd-9817-46af-9577-9c4b39a706da,2025-07,1,0.5622831372670627,0.8333333333333334
912ac8cd-c626-4bd7-ad56-fec36a50a258,f6c5c3d2-ceda-6c7f-aa96-359c7dc9ee92,43ba38ca-08a9-4fda-9c38-448a30f1cbe9,2025-07,0,0.5030909983111402,0.0
bca5b113-8e67-46d2-b6d6-f5d19cd7d54a,f77c1bcf-16d6-03e4-a541-7ee504583fa1,fe3f9a14-6b9b-493b-ba79-3290b7c0a9ab,2025-07,1,0.9537820857378377,0.6388192166698823
dc7b52cb-399e-454a-ae67-f3f19a13cc9d,f77c1bcf-16d6-03e4-a541-7ee504583fa1,fe3f9a14-6b9b-493b-ba79-3290b7c0a9ab,2025-07,0,0.27199873854891193,1.0
57af44f2-2e2a-4df9-8d90-7ea2a011d32f,f9036b0b-f6ae-2444-5d3d-ac81e4964064,0e4656ab-a418-4a6c-a856-d4b7fdcdf15b,2025-07,1,0.579868990445018,0.75
86794bcc-ff3c-42c1-ad5a-d29f6ae639ac,fc8a412e-e0d4-35e1-37fa-5f798b7dc7f4,84a6864a-847a-491d-9dcd-e98868d7063f,2025-07,1,0.19670773015841175,0.0
7648af93-0c9b-41db-828c-0fe27fcbcadb,fede9d18-47bd-03b2-a0a3-73ae43fbcf88,aad9a3ed-094e-43a1-b64d-0e4f60c95c04,2025-07,1,0.9721454167354179,0.7692307692307693
a40338f8-2a26-450e-bdce-ee45b701a48c,fede9d18-47bd-03b2-a0a3-73ae43fbcf88,aad9a3ed-094e-43a1-b64d-0e4f60c95c04,2025-07,0,0.07214031004347408,0.7857142857142857
d299048b-bb69-4aa3-9f67-af12c2df909e,fede9d18-47bd-03b2-a0a3-73ae43fbcf88,aad9a3ed-094e-43a1-b64d-0e4f60c95c04,2025-07,0,0.25235901396362886,0.7857142857142857
7550925a-9eba-430c-928d-76d65aaeeddf,00af40b2-545a-c400-060e-9eba5e004ea3,0f5abe32-07d1-4ae6-bb85-24da53827aab,2025-08,1,0.9722295757430731,0.6
dd4b52d7-8147-40c6-8d57-585fd947b3e3,00af40b2-545a-c400-060e-9eba5e004ea3,98a505a9-d139-431f-b01e-b943795f434d,2025-08,1,0.8941432251840536,0.6
5d6c4ca2-16f0-4e4b-a022-6643271c8caa,00af40b2-545a-c400-060e-9eba5e004ea3,c2533594-7bef-485f-9c06-e515153c4d3b,2025-08,1,0.7625765963000376,0.6
053fd11b-db56-4750-b468-9a1ac11909e2,00af40b2-545a-c400-060e-9eba5e004ea3,c2533594-7bef-485f-9c06-e515153c4d3b,2025-08,1,0.07673762370608915,0.75
9b27df5a-5e31-434d-be5c-afd93e9dc920,00af40b2-545a-c400-060e-9eba5e004ea3,0f5abe32-07d1-4ae6-bb85-24da53827aab,2025-08,0,0.09368112074163801,0.7777777777777778
2eb3c6f8-2ee4-4739-a606-435ed9e0a6cc,02295215-68ff-b712-391f-44370ddab3fc,fc63a4a8-0b3e-406f-8ccb-2105eec8e19b,2025-08,0,0.43768709688082363,0.5
a1780422-a587-4a9c-8468-83bf7fccd809,02295215-68ff-b712-391f-44370ddab3fc,fc63a4a8-0b3e-406f-8ccb-2105eec8e19b,2025-08,0,0.05324409028466514,0.5
75a3abca-6b8e-4420-a303-7fadc9c69de4,0278721a-a690-833b-298a-16a351fb7a3a,6555e453-3efe-45a0-9b81-711fbf2d0726,2025-08,1,0.9991024206535463,1.0
3000afd2-5c2a-4052-b34e-bcc9c3e37557,02b429ce-a6d5-6fef-b9c9-9bf315c162d2,09480588-260f-4e91-bcf7-5033ba88e43c,2025-08,1,0.1302537136236625,0.0
17d6dfc9-8821-4b16-9940-dd205c7876b4,0340956c-c19a-d700-7d78-cea190ab08b0,33a67359-b1b2-45e4-8dba-a9001a8d659e,2025-08,0,0.37183135523060634,0.6388192166698823
8adb0003-bf28-4b29-bd17-3f3c21698299,0340956c-c19a-d700-7d78-cea190ab08b0,33a67359-b1b2-45e4-8dba-a9001a8d659e,2025-08,0,0.11716192778728463,0.6388192166698823
aa756508-839a-4dbc-885e-4821197b53b9,03ce56c0-8798-b95d-7125-311b80363e74,90df3267-4239-48a4-89aa-4a61e24239bc,2025-08,1,0.9808059232373396,1.0
cf2da6ae-8ffd-4cee-bb06-8785bdf33fe2,044fabca-8052-c100-2783-a270debc8c40,36c204f1-519c-4729-b424-1ca9d17fff37,2025-08,0,0.6128739460222762,0.5
095857b0-8a64-4efb-9dd6-1001fcdef831,044fabca-8052-c100-2783-a270debc8c40,36c204f1-519c-4729-b424-1ca9d17fff37,2025-08,0,0.09323641601952389,0.3333333333333333
b2d0f833-e3e5-4e18-9504-8e6f6c3749f7,04ba1c6f-6c06-819d-9ecc-a0c5f795b922,cbde9bdc-2d51-4e5d-a732-1df1160c4b74,2025-08,1,0.994795641899741,0.6666666666666666
3bc07e2c-9ab8-4d17-8bbd-06a34fbea515,068260fe-ff67-c96c-b5b4-1d5c207e7678,10e76d13-8eb6-450a-9558-ea32a374cd59,2025-08,1,0.7946235445471796,0.4
08da95b6-2b7c-4b33-863d-90ef02210c3a,073e4bd7-f1f1-49d3-604f-c365b9952a6c,e70ad66e-a26a-4c8b-a6e1-9743710c50f9,2025-08,0,0.1778201784716565,0.0
bf204ade-945e-4cc4-a4c6-04fd756d6cfb,0a550b32-ac5f-efb6-6d3b-e9975e20a82d,95855f3f-2de6-4518-923a-d6bb61e6edd7,2025-08,0,0.05528934443001228,0.0
a78fbb31-06d5-4315-bea4-ceaa8d6faee7,0ea0c6d9-a99f-89ea-6b85-9ae409698bd3,9213b9cf-1bcf-41e7-a060-e578f718f991,2025-08,1,0.8539621307136152,0.6
5794b3c1-5af6-432b-96f8-64d9da40142a,10f3edc6-4b03-b82d-8df1-09ddaf031c0c,d0b11ad6-7841-48cf-82cb-55e373063fac,2025-08,1,0.8726843802082463,0.7142857142857143
ff2524ef-cdf5-4d40-bb97-790329f39cdf,11316c38-dc08-4983-3588-fcadd88bd5d2,1c037a2c-6d79-4707-9be1-b01c51a1c336,2025-08,0,0.29800546827273705,0.6388192166698823
0bfcf173-c8cd-4e80-950e-24ae81cf04cc,11e96dd2-92f4-f793-56db-439d5b3de156,3f072df4-ca44-4975-9844-ebd8be4312e0,2025-08,1,0.9666426675214534,0.6388192166698823
fec74b4d-ba94-4344-b107-7f1a61601bcf,122c395f-56fd-4482-fe33-7fa3c3cd30b5,45df567e-3c5b-4da3-8bfd-6605e5e6c7a9,2025-08,0,0.05950547276730233,0.0
40454098-2766-4887-b151-baa96b2c9592,1287ac56-adee-78b5-6a6b-56b3e8dd7d48,c88936bc-cb40-4598-a743-3c301dd4dccf,2025-08,1,0.811556062273061,0.8333333333333334
d493313c-01ac-477a-8478-9993d8297ed4,146a8458-f956-54ed-317f-b99f7d16fff8,9698da1c-596f-48ae-8618-16b9c409f192,2025-08,0,0.21747416449217913,0.07142857142857142
99b659f2-81e0-4fb9-a7f7-09d7caedef25,148cb172-cc40-9c01-ffa5-33aa5d70bad8,a2b40718-04d7-4dbb-9143-65a881e8a092,2025-08,1,0.9990258137979935,0.9411764705882353
8c929c42-4f41-4a69-bcc1-f8e441e1bfa0,17d13989-4f37-42a8-1eb2-88b2df3a9692,3c6dfb4b-b32b-4155-bcc0-1eab4ccc55ce,2025-08,1,0.2560363379795979,0.2857142857142857
ba285cf9-c8e1-4eaf-b893-1fc13e59f48a,184aad86-c460-d78c-0f04-fd69a75fdb16,ea4d1416-9a8a-4cfa-a7f0-04dbc74f72bc,2025-08,0,0.13421983863080417,0.6388192166698823
8f9f76b9-81ab-4069-aefd-d5095593f42d,18788fe2-f6a2-826e-2199-6cec118c6d00,6a5d492b-8175-4c5d-86ac-ff94ea72d963,2025-08,0,0.12037634297708029,0.14285714285714285
c20a0f1b-7d97-4d31-af71-970c6b1ec662,18d86801-3cb7-11d4-8b9d-433429296014,9c5f6705-4936-4bf4-91d9-8bd75b4c341b,2025-08,1,0.04720051560691426,0.0
63f16005-698e-4158-a06a-c9d336fda943,190cae44-33ef-8fc1-f07a-fb84a1b78bdf,14a56846-9891-4413-b142-b80acab9e730,2025-08,0,0.1088046262719507,0.6388192166698823
a78d7a8d-268c-4077-b348-f2d6f08d3110,1932ea80-c6eb-874e-eca8-12410fa7a608,7ce79ba5-79fe-49c0-9e0a-2ace149ffbd0,2025-08,0,0.18754001263811285,0.14285714285714285
1574554a-8e94-4d6b-9cc1-dee501551130,1b003ea3-bdcb-0416-c3c2-8ff60f2f65f5,419e1438-3ed5-4447-9f4c-68505b3371d9,2025-08,1,0.9874967167539224,0.6666666666666666
0921ecc9-e8bb-40c8-ab3a-4543249a88bc,1d4c0119-5151-7a5b-2266-f16e44f67157,55469cc1-579d-4801-bbbd-4f113cad46e9,2025-08,1,0.4578777713818471,0.0
b71ff3ec-3c55-430d-a245-1f81f7bbccd5,1eb13d75-4e74-34de-0d7a-6936b746e12e,abf6275d-aab5-4614-963d-9dbe3ee0aa87,2025-08,0,0.0982694606689654,0.6388192166698823
352c0fee-b003-432d-bae5-1053bb180cb3,1f386b6c-673b-b4f5-5a19-10e9869fcb75,1cade627-e515-41a2-8fef-84b24901e0a8,2025-08,0,0.0942281901975116,0.0
5255ba6f-7948-40d3-a91e-96056ac12958,1fc0c3bb-f35c-8d5d-a4fa-a9c1723cd8ab,0d1504e1-2884-4dba-97bd-0c3bc37e1669,2025-08,1,0.9984519359049886,0.7931034482758621
ff4271b2-9480-4d9c-855d-1f1af504ec47,227f376b-633a-5615-5670-c29559d0a08b,b98f8c1f-f2b7-4f45-a583-7bb76e52c466,2025-08,1,0.07026941032658524,0.0
591f0acb-c5b4-44be-ad96-c6bb5f0521fd,22a9494d-0e02-6fba-4aee-7947f1e6110b,a9694079-2985-486a-8cd6-bd3243751b22,2025-08,1,0.9992468439646948,0.9090909090909091
060a6db3-8286-494e-88b8-6141041b02cd,238b347e-e7e9-b1a3-31a8-a2f8fed99f55,3d2bb31e-a4e2-4d67-b934-8fbb641505da,2025-08,1,0.9995996868444218,1.0
29741933-9afa-45e2-a0e5-c983393b4276,23f7ef5f-6b26-a104-b616-b438d7e9243c,8cada743-d341-4211-b2f2-094d551e9ef3,2025-08,1,0.9898233775904164,1.0
7436e8e1-45f5-4c6e-9f6a-97257437ba11,251051cf-e3b5-5d37-918f-bf22b4875790,05a7138b-3291-401c-b2bf-28981d85d111,2025-08,1,0.9994283893823773,1.0
d55e912a-2100-43d3-951f-f454417a78c1,25aa0362-c4dd-16cd-169e-1e9f819ec83b,668a42a5-32bc-4a00-af80-c060fecaeb03,2025-08,1,0.3441637456846418,1.0
39f94917-80aa-4a5e-899c-ae634905c136,25b63db3-6d1d-cb00-d25c-dfd8b4b17909,323f67cc-5fe8-4e19-89b1-838f908c4f0a,2025-08,1,0.9583561783076998,0.9333333333333333
e2cfed72-c167-4e4b-a3af-0624d447efaf,2631ddfd-660e-8719-1876-82cf88e13a60,0c8b2433-3b52-4a31-973c-d1049e2367ce,2025-08,0,0.07415671041587704,0.16666666666666666
c25be0d5-9f40-4861-b814-bb0f9a3b6101,276b5368-040e-e40e-948d-d1159a743920,47427b81-4142-421e-aa12-04d8f6f5d16d,2025-08,1,0.6052154813174848,0.38461538461538464
504dfb57-f600-43cd-8133-e62bb4ae4e13,2794ccf7-4966-f00d-35d6-34ac17db73ea,29309a70-09a1-4c35-b877-ca27b04ec436,2025-08,1,0.9949509256220743,0.896551724137931
ee624a7c-d46b-4e75-a7f1-d462f230e4c9,2b785f57-1c4f-d4a8-d486-b69e7b2db5bc,3c7ccdf6-cc34-4475-9b15-a0933043ad80,2025-08,1,0.9907758057886762,0.75
7a8cb5ab-75ee-42ef-b30f-140fb85ed69e,2bd67002-1f8f-faff-efc5-5063dbedf10f,fe2ad17f-410e-481b-ab4d-af0e65a40934,2025-08,1,0.9120803104466241,0.5
d9655579-61bf-4385-9cdc-cc69be59dfec,2c1980eb-be51-916e-8f61-1e8fe83afb0c,345fd782-4252-4f02-958d-3531a545878b,2025-08,1,0.9179937893249835,0.6388192166698823
d1484e3a-1077-4d4e-a945-654ba1de049a,2c62dfe0-1a80-ff55-1d8b-51ac0c7da2fe,c95071e6-baac-4c03-9ee4-82e18f461a3c,2025-08,1,0.17663156985331965,0.1111111111111111
4233f56b-9d76-4414-a72a-b2db9f018f56,2d24b7c1-6556-8eb5-73d6-3ed3913e6d40,cfafc812-f1cb-4018-be15-ee702308c132,2025-08,1,0.5721978599407063,1.0
cfcd4073-c817-45cc-a5e0-138ede69775b,31748409-1d90-3bc0-903e-6d831133e944,e800e656-3fc2-4383-895e-5190e4ec2049,2025-08,1,0.8573675802454258,0.75
a2512dfd-ba5a-46b5-89b0-b29519b450e8,31f3f7a3-5dc4-21cd-ba54-b41347a7822a,2d403254-d4e3-484a-ab66-492809785e47,2025-08,1,0.44054118463675046,0.5714285714285714
48a32181-1fca-4916-a3a4-6276e551065f,344a43f4-d005-00e3-d3f4-5da6b944af56,a19cb77a-2e51-4ca9-88b6-1c9423cd7b63,2025-08,1,0.54077199672757,0.2
3b74fb33-3360-457f-b211-90dc1ed066a8,344a43f4-d005-00e3-d3f4-5da6b944af56,a19cb77a-2e51-4ca9-88b6-1c9423cd7b63,2025-08,0,0.08443822458085884,0.3333333333333333
d796593a-4646-4690-8e51-54f8d5496b5a,344a43f4-d005-00e3-d3f4-5da6b944af56,a19cb77a-2e51-4ca9-88b6-1c9423cd7b63,2025-08,0,0.08670656053697139,0.3333333333333333
2947792b-919c-4c1d-a7fe-eb5321c4a124,38069f8b-d44e-0b86-a0d1-dafac5ae1232,0bb006a6-102a-47c8-8091-3f3a4bc5731a,2025-08,0,0.07224323957834268,0.16666666666666666
eedb997c-2fe4-4656-9050-e08be9ce9779,3b27dc97-dafa-0480-7b61-5549a3ea7eee,be99f7a0-c9f6-43b6-9cc5-04577043e0bb,2025-08,1,0.80559510006073,1.0
978425a3-9001-424a-8e25-91eb0d96dc95,3b48ac67-d1fa-b227-f284-5da0a25e5ac0,a6ebee32-e984-46da-929f-4e1c0d37ccef,2025-08,1,0.9714430217343392,0.5
2056f76e-06b5-43f7-9c0d-6eef2bb67791,3caa59e9-5e0d-3ca4-6303-a17bdb2e20ec,7790b900-db16-4855-bf52-32d929c70e45,2025-08,0,0.20993821880097563,0.2857142857142857
9bb8bb7d-2544-429f-a9f7-183fc45521a7,3caa59e9-5e0d-3ca4-6303-a17bdb2e20ec,7790b900-db16-4855-bf52-32d929c70e45,2025-08,0,0.13499045123205208,0.25
85e64acc-d3f4-4304-b478-c50e669326c0,3e2fea93-18a8-93d6-164a-73bb3ab8c191,f4ee29e4-6c4d-4f65-8b5e-ce92721c36ac,2025-08,1,0.8181060259364306,0.8
aebc8ec9-8f07-46c5-bc6a-222ce9a91d0b,3e2fea93-18a8-93d6-164a-73bb3ab8c191,f4ee29e4-6c4d-4f65-8b5e-ce92721c36ac,2025-08,0,0.07603205534999265,0.8333333333333334
dca988a8-3293-45ba-baf3-344fa92598e7,3e50af3d-452f-d098-b3bc-3c2a64576d55,6eae3c53-9212-4814-b991-b284ea8da158,2025-08,0,0.46285629279094326,0.5714285714285714
5d6569da-9236-4166-b396-e4540d7a60fd,3e99437f-aaa3-5ffe-27bc-cffb9898080d,84ed620a-626e-495a-895b-488a5812e183,2025-08,0,0.13408158530708858,0.0
ac6e76c3-c4c1-4295-bb1e-188b3d8555b8,40da1241-f931-fd4a-747c-9dc5f68a8870,b6f67fc7-f321-4090-b196-9e5cb080fade,2025-08,1,0.75244637200522,0.5
87952053-9e82-44e8-9a96-91db23e1ae9f,414e0bde-7a49-1083-4e22-1fa3dca1b3c6,86bd0990-56e2-4bc9-97d0-f4794c3ea567,2025-08,0,0.21511620830585226,0.08333333333333333
8d4652e0-5162-4003-a21f-fc272bca8519,414e0bde-7a49-1083-4e22-1fa3dca1b3c6,86bd0990-56e2-4bc9-97d0-f4794c3ea567,2025-08,0,0.047597292133545056,0.08333333333333333
a14e803c-8ee4-4a0a-8dba-36e60a920c61,414e0bde-7a49-1083-4e22-1fa3dca1b3c6,86bd0990-56e2-4bc9-97d0-f4794c3ea567,2025-08,0,0.10022842038191118,0.07142857142857142
114aeff7-89ee-4e9b-bc99-388c92ed0bbc,417cb75b-9992-4df9-28ae-ad4d2313621f,bb51f6f8-2b1a-4e9f-b3e3-16a942773d8e,2025-08,1,0.9953964077789351,1.0
a5a11963-d747-4bad-8d8a-6f5750e56633,43bad5ef-9766-7805-47dd-934114b00873,77b097a8-e856-4264-a152-5fc4d84e06a0,2025-08,1,0.7700110689384602,0.2857142857142857
dbb03edb-f48f-4e35-9276-fbd01ce44ba6,456fc08d-55ba-6a5b-7917-edad21de87b2,42ec8bd7-528a-4997-a1e0-f1027504bc6c,2025-08,0,0.6022069899901958,0.3333333333333333
b52a6f97-8f67-4d8e-9c1d-93935315d1c8,456fc08d-55ba-6a5b-7917-edad21de87b2,42ec8bd7-528a-4997-a1e0-f1027504bc6c,2025-08,1,0.08468159617349078,0.3333333333333333
80efd58f-0436-415a-b92c-fdcd6441b732,4628a4bf-d4c5-9e5d-471c-271b9f3e7d03,460261c6-c1c2-4654-81fa-19637f3602a8,2025-08,1,0.8789918275327027,0.5
63c3e5c8-b85c-4115-b6f9-9062912ccd85,491b8136-32a1-37c5-5253-b53ff3991d86,78f157e9-bdd7-480f-9648-2b00b519de3c,2025-08,1,0.8089978835791495,0.6388192166698823
e2cde46c-9341-4719-984c-116f77a276ed,49355947-7605-ec5f-7d81-a6597f38d76b,0318d74f-95a7-4ced-92bb-ded9eb88d273,2025-08,0,0.018576197190332662,0.0
4accee0d-105d-4af7-b73b-402b7250224e,4b85d836-4912-f7a8-46ac-19256a4ed1d4,697ad8b8-5795-40f2-9d6e-f9e1287c13c8,2025-08,1,0.6464760472665767,0.25
61a06417-df74-42ac-a9ec-465523fdfd42,4bdca5eb-f197-a87d-d26a-c63a9b3298a1,344e766d-803d-41b0-9ead-19b02ad20786,2025-08,0,0.17669476630098438,1.0
91e24602-f314-413c-8dcd-d72d2eb4572f,4c4ad4c9-59bf-f152-d0ff-6502ec564cc9,91e9c4a4-cf9f-4ea2-bbce-8ca8d01150ff,2025-08,1,0.9990002966536616,1.0
d41e3091-30e3-40ba-96e5-a9899f54c16e,4cf13b7d-67b4-87af-6795-b532998a9b0d,924c2996-22b9-4f75-a760-a40afe04263f,2025-08,1,0.9990309599268148,0.9333333333333333
f5cce053-37ec-43d8-94f0-48753bb05f7d,4e667438-6e87-7652-9c8f-5dff0ffa3cad,6d27b7fa-9864-413d-81e2-6f298d2a12b3,2025-08,1,0.6664791604940089,0.5
b1fae8ef-f322-4d34-982d-a9796938b699,510cd475-6538-7d02-413c-1a0f553ba4e6,26a0a5ca-7623-4406-8776-15d57ccb11fc,2025-08,0,0.06849404825271262,0.125
5c5489e7-9249-49ce-a798-57cfceb5bcb6,5110bc8b-7229-5952-e9db-5feb33391303,89a2e9a1-acaf-4bfd-996a-8a996e3d3f9a,2025-08,1,0.992870817406252,0.8695652173913043
b8ea9912-8cf0-4912-9d40-36072955878a,519879d1-1867-105c-ae64-2cab42188a79,d4864d31-0010-44b0-9978-a5492eed1380,2025-08,1,0.8424158838758031,0.6666666666666666
30b727de-155e-4896-bfeb-74cbe0acf9cf,52bfd1fd-5813-000e-3603-19146a2ecd4e,56498d84-884f-40e1-bd91-cfb6c94eb3f8,2025-08,0,0.5938719967579222,0.2777777777777778
bb3eecb1-8a61-4098-acb2-ea1c2548d262,53c9ff97-f078-6148-923e-9d1a21b9bb60,91ac3395-115d-464c-b811-f5b619028011,2025-08,1,0.8569004000880402,0.6388192166698823
5ea204c6-1c41-462d-beea-82de069ef681,53c9ff97-f078-6148-923e-9d1a21b9bb60,91ac3395-115d-464c-b811-f5b619028011,2025-08,1,0.6095253516202908,1.0
7932b486-f1b8-493f-bcc3-4f6bee2a9db4,55ca6f7c-112a-ec33-7c1c-987508bc9e41,3820ef49-8442-45ed-aeee-6a7a0cec9205,2025-08,0,0.07495845928319024,0.2
eea66549-b172-4297-ab21-e340a7801068,57478035-8e15-2e54-5cb6-2f22777ee909,d80df6b4-00fb-4bdb-b51d-1cc96fe68405,2025-08,1,0.633908143056988,0.5
fdee4b9b-bbff-4c56-a011-03cc0bd6cb61,57dbc7f1-ef9c-8f08-5ca3-148c520d5a2b,4c012f66-06db-4f1c-9f52-211cd3540713,2025-08,1,0.4058780028899861,0.5
fe790fcb-ae77-4e33-b4ee-ff25b0c7a3f0,5a4bd906-07d0-3c04-680d-6ee01f174660,6eda4f36-5ba8-4b93-b2de-022481039f46,2025-08,1,0.994401313901372,1.0
9eec48d1-6cc5-45a8-8f68-631324000da0,5a97c1a1-f33d-ce97-6ee2-069836e0f76b,7a3b9b70-5ab2-46f2-9f96-d40563863bb9,2025-08,1,0.2815562382801809,0.14285714285714285
33d5c958-d063-40ba-bdbc-e7b213ff2b5a,5b45a840-9d6c-242e-0e2f-2e2c972c2eec,1b8d196c-a429-4d7f-823b-82a43769d60d,2025-08,0,0.870723406779827,0.0
707033dc-41e3-4230-b271-3d3dc2dd3687,5bc22736-48ba-1e67-b893-45609960e8b1,963cf5bf-9228-4f80-b0f3-4bca56cb47fc,2025-08,0,0.11803179226356159,0.6388192166698823
cc6b4904-a196-47a1-8e1a-9132d0855cd3,5d4122d1-48a3-607c-cb72-e1956caece73,0ab4614a-82b3-4810-b877-e696de754080,2025-08,0,0.04559345803815765,0.0
199b0271-aade-44e8-a7c5-fdcfd4df8063,5da1807e-9e71-dbce-ed22-53d6d2795850,9c7a215e-253b-493c-ab79-4d656c88fd38,2025-08,1,0.800821283250044,0.5
93b6dc29-a899-4dba-b794-f4a6ce53457b,5e6b35c4-2b97-ea86-e422-f03c332f74be,8954e026-2f8f-4c54-96d8-8b5519d62928,2025-08,0,0.4707114958291906,0.5
de8853f0-ebbf-41bb-842b-f5c40d5193e1,5e901269-d116-cf62-7661-df859f5b02dc,a15489ed-053d-4793-b95b-de0cafc05473,2025-08,1,0.9606841006209136,1.0
2353b58c-40c8-4fcc-ab99-f4ea38a8a972,5fb00f2d-8a0d-5260-0006-da9487a8268d,e12a4a6d-8b94-415d-b58a-aee4e5847605,2025-08,1,0.6845325423869733,0.2222222222222222
2e801a9a-dfd3-4e74-8a5a-3f6c37e9b10b,5fee0a79-3970-704a-2332-f7c7598e86c1,fad9c620-d9d5-479c-981d-4bc0521c94bb,2025-08,1,0.1667662732492633,0.4444444444444444
c80ef632-d9b9-4614-b066-0a2419dd527d,61031b0a-ef18-26aa-64b7-d412d7b3d276,99eb3f32-d53e-4470-ab2a-09ed6e9b3872,2025-08,1,0.21777332176268907,0.1875
e760f34a-fc60-463d-a224-47338e7b9e91,6162731a-4a9c-e887-e586-1ea574985777,f2f4757e-a36f-4615-8d08-78e18eccf3b7,2025-08,1,0.13327626500131504,0.14285714285714285
3eaf8190-f7cd-400a-a4b7-f8a15cdfb157,6542b72b-196a-4538-a690-2db7cc212936,ad2138de-e1c7-4dff-92d0-7f9ade15e56a,2025-08,1,0.9521987702758306,0.5
0f703207-85b3-402c-aad6-128de776949a,658ecc07-55bf-045e-6651-ef83f51cb80c,5e06feb5-626b-4ffe-a13c-86bb5e349dfe,2025-08,1,0.44996339807966396,0.6666666666666666
25e59bfb-556b-4308-b34c-e2c0562f2c20,66fbcb59-3d06-d8cc-b1d5-53f38a599207,b6b48bf2-25a2-4810-9338-b1847a53c5ed,2025-08,0,0.3216194218396493,0.2857142857142857
fe3c4722-4144-4e15-a06b-11b1119c54c7,6c0320d8-817b-ea7e-4d60-48afb8d17cba,8d1541fa-8ce0-467b-90c0-527766d7c703,2025-08,1,0.9441421883898066,0.6388192166698823
eb08c0d7-e18e-4b62-b1e7-c0c39a4da892,6c0320d8-817b-ea7e-4d60-48afb8d17cba,8d1541fa-8ce0-467b-90c0-527766d7c703,2025-08,1,0.07047913322680652,1.0
aafae9c1-77fa-4547-aa67-3ee9c10a574b,6ce85c3e-5f40-4297-8c38-22ac7432420e,43dd8c38-f19b-4e75-a934-ec4c973686b9,2025-08,1,0.9987504588787902,1.0
21b7e590-5e1e-4036-a5ad-575fb0ea0bb3,6dd50e39-9843-4442-cc09-3b49fbe97fb9,874b3b50-b801-4e30-a0a9-808746433886,2025-08,0,0.02814055829541691,0.0
ca9d5900-a385-4f94-bb7a-ba0dbffcb0ec,6df42279-282f-e2ae-a821-304ef8c14cfe,47ff34bd-dce4-48e4-91d4-a599695e48f1,2025-08,1,0.9817374347247905,0.6666666666666666
b6332ff3-6a50-4736-bdf2-086b09359af1,6e83fcb8-4992-041a-cc06-1dd780a369bd,128d1130-7d0e-426e-9622-a3535454c173,2025-08,1,0.8820549282862452,0.8235294117647058
4a9f28c4-1e7e-4ee6-88db-a5fd163b73bb,6e83fcb8-4992-041a-cc06-1dd780a369bd,128d1130-7d0e-426e-9622-a3535454c173,2025-08,1,0.903968352369304,0.8333333333333334
e4979d30-cb4d-41d7-9460-b75a44aed1d0,716b820e-fef7-dcf3-34be-914835261361,40c41229-cb7b-45da-8818-3433d1c20604,2025-08,1,0.7056210627529335,0.42857142857142855
02ce8820-c739-4523-8dfd-f35d2e8af1dc,71a2b1e6-ae5d-01fe-6e96-34a5a7d646fa,add0fc75-c260-4d70-8744-7fea8a581cf6,2025-08,0,0.7253615006058491,0.6666666666666666
b8c4d668-2fed-4eb9-b104-f70fcfa8a7d8,720a2f6c-96ce-3f42-8ec4-faec53d5a915,4eaa06fe-be7b-4d8f-8cba-fd92a3d3fb69,2025-08,0,0.4937128385939275,0.3076923076923077
32851bf8-3e69-4873-998f-9824aa693c12,72263e8d-e74c-b64e-af0c-e7f293e84d88,8419d24a-5624-4735-bd3c-af55612a12f8,2025-08,1,0.6052154813174848,0.38461538461538464
a0725b77-326a-419a-85f8-a0106f5a397c,723e4719-99e5-42b4-8edb-c941d3ad5c93,b46cb807-c10b-4429-97e3-b1f1484fa2e9,2025-08,1,0.75244637200522,0.5
e192be0b-1693-4c64-85af-ffaf9347e585,7282a267-9160-04c3-a636-0268501bdf4e,76907e36-77a4-4a95-a8cb-02e265eb29bf,2025-08,0,0.6533073185876518,0.6388192166698823
c69da1fd-4572-4727-bd43-eda21431d38b,7282a267-9160-04c3-a636-0268501bdf4e,76907e36-77a4-4a95-a8cb-02e265eb29bf,2025-08,0,0.2147511283862183,0.6388192166698823
d8b695bf-53e6-4bd1-a45e-f07c3d3cb361,72fb39cc-cecf-39cd-a55a-60d36a23f691,d9685ad2-82b8-4590-93fa-fdd4856e2976,2025-08,1,0.7061477888346127,0.5714285714285714
46edfac9-7cc1-405e-b68e-be68e683eae9,733dd472-3b1e-dd43-76e5-082ddfe66c5b,43058d1d-6ce8-4ad0-9f04-48ad2efa67c4,2025-08,0,0.3020915960944475,1.0
5e8b9a7a-ada0-4703-82c6-3e6df7a4fb20,739d70c1-409d-dba0-0566-781cf953032c,960e9375-979e-48a5-8bf7-1f5e4f821d99,2025-08,0,0.6303570886445177,0.0
1ea27d0d-77d7-45b6-ab4d-d2f31b67e1c7,74c6b975-b0ab-c8b3-8acd-2cf53597a72b,ea40fdca-3e27-466c-910c-99fef52b75d6,2025-08,1,0.9839914665442685,0.6666666666666666
c0df78d3-8a04-4a2d-a141-6347b8dc5aba,75090056-f130-0ab9-cfeb-6434cf4a11f8,2e4ea943-32a5-4e20-8342-bce660b15065,2025-08,1,0.7470395298957676,0.25
4d48d2a9-840b-4347-9e1c-e15f8fc5a188,752aa71f-8b74-a2d8-0b6e-dd06a73bacf2,4f712d5e-a137-4d11-a1e4-eadf54abc093,2025-08,1,0.961612982313179,0.6388192166698823
624327a8-d9da-4a52-812f-0fdaa0ccd940,752aa71f-8b74-a2d8-0b6e-dd06a73bacf2,4f712d5e-a137-4d11-a1e4-eadf54abc093,2025-08,0,0.3029411064086581,1.0
db721e37-55c3-481c-9eda-c07f5b3620af,77dd12b8-a20b-05c8-2372-79ba1b1624a9,3ca315cc-b9c4-4379-be8c-c2df8c0e42d6,2025-08,0,0.02401991673413835,0.0
146e6cfc-9134-44c3-8090-1e8de9c99eed,784b4f94-5ce8-8b6f-f109-d7279606a289,56c74c11-314a-4b83-b979-71ab776e8ae3,2025-08,0,0.15992965907119522,0.6388192166698823
33d2acaa-4e81-419e-b3f1-84fd8d151c45,79e31f6f-69dc-a40c-27d7-3f076878f83c,a0cd9c66-c067-4001-ad7b-586b6c15537e,2025-08,0,0.017614197894516737,0.0
595773b4-382d-4d36-a6b2-90bbf2a17ff4,81f2f896-343e-d20b-9964-56fe1a515cc4,25ee80b8-cf8c-4ae2-be73-fe7c991751ce,2025-08,1,0.9981424175843442,1.0
150de18e-129e-4e82-b074-b4615422b3b9,82ce206e-2925-18f5-f18c-d80631a9964e,349407f1-b9ed-4f70-9e10-33aa675f85e6,2025-08,1,0.5353582959808232,0.5
83436142-5a07-49a6-ac37-bc83b3451313,83f51f9d-9d36-eda9-e7fb-5b1badbbd5d9,2f49d447-f15d-424d-9a7d-be051dc880d2,2025-08,0,0.12693036303698574,0.6388192166698823
6858d3ee-fdff-4bfd-a56a-bbb8b1a1e3eb,8506a1fc-82d3-6a5c-c7c5-64702dd9ce92,88d7f91b-4b17-432a-85d0-f0bdcdd44b99,2025-08,0,0.6209011352719573,0.0
8bed9b95-b325-4115-b03e-c2097687a22c,854c86e3-8b7f-0ca8-f4ac-c6a073699611,8db9e51a-5204-4143-a5a0-086b8cd03403,2025-08,1,0.9992869340460854,1.0
f68dfccb-6392-42a5-9209-3ef22b79d8d5,855f3f6a-72ae-46f4-4cc2-a9a0d5df5b70,9131c211-f95d-4213-9955-02879ced6aaf,2025-08,1,0.010046940289578083,0.045454545454545456
43740e7b-f7e8-4648-8536-8c482f195182,86cd2239-fa55-0389-437e-e8fd505dc931,20d5e9a6-73cd-4f5f-9b27-ba9a13e7864e,2025-08,0,0.12650049319357035,0.14285714285714285
f88df85e-5da6-4790-9457-99f36f76fdba,871465d8-763d-f593-3677-399c50f5ed41,c029ada8-f2e8-4017-816f-39ed5259c0e1,2025-08,0,0.183957041714032,0.6388192166698823
329900de-2a3f-4462-90c2-08c48cd8e012,871465d8-763d-f593-3677-399c50f5ed41,c029ada8-f2e8-4017-816f-39ed5259c0e1,2025-08,0,0.13421983863080417,0.6388192166698823
ca39ce66-6292-4046-844e-40b537eb1dd3,890b32d9-f754-8150-5a18-8a21fcdf3828,57d1d250-caf0-4e54-afe7-757c96a4a181,2025-08,1,0.998740880182495,1.0
9d2b4ed8-c406-4ccd-a9db-beccf1526830,890d247c-e472-92eb-0db7-ca3bc375622c,a3cfd3dc-4afc-4129-8b06-9756a905d971,2025-08,1,0.30717647575779905,0.4
f08828d7-c4e6-407d-b2d6-f9078ec0cef9,8aacbc78-5e56-b3c0-f8bc-fcb5490b94f3,d06e259b-0f3f-4c09-bc77-00ec39ab5924,2025-08,1,0.9806052577041809,0.88
a1ec4a48-16a0-4fa5-b296-a25a5d43d670,8b48adf3-c14a-fa6d-9785-b4bcb35f8fbb,656473e2-7641-46ed-9ba0-9fa996a8b682,2025-08,1,0.4907173330028128,1.0
6804beb0-2201-457b-b137-0b780abe5ed9,938b7931-4bde-a083-d158-635a65e6da73,eb10394b-98cd-4a92-b37b-51dc1f2b3574,2025-08,0,0.1088046262719507,0.6388192166698823
923052da-932d-40ef-b5e9-9fbefad9eedb,93eb3d6a-d35b-ef1f-83b8-7430b6ad1674,c812ba7b-6318-4ce6-b0dd-78749fff30e5,2025-08,1,0.1618685121742388,0.1875
29102dc0-10c6-470a-a6b6-bb2991632f3d,93ffab65-d88d-3bbd-9dba-fc0c764f42f4,1603dbbe-906a-4637-b5f3-7b439534f396,2025-08,1,0.7565952922860124,0.3333333333333333
1bc57e24-4cca-4ccd-a2ed-6944f26095b0,950dd22f-78fa-d205-48b3-fe5a5cc7438e,62887698-aebf-475f-9c98-0a212110dd24,2025-08,1,0.9923191222785438,0.7857142857142857
6c85a40e-a042-4727-8375-949a92b23b27,9653a402-ff75-bbdf-8cc6-1cb0ca01f233,81f71080-dac7-40e9-bb6b-3526cdd47015,2025-08,0,0.11988063954983769,0.2
d278632b-377e-498f-827b-81332c161922,9714e9c1-0eab-8c23-1dd7-2071a458be87,8f974785-0027-4c0c-88de-592a5fb9ed17,2025-08,1,0.8763244010429201,1.0
c40ede61-c0fc-4f1d-ba5e-55aa0f80ba6e,9714e9c1-0eab-8c23-1dd7-2071a458be87,df6a638f-8008-4e24-9d5f-e2188a356b32,2025-08,1,0.5784730839511109,1.0
fe1e245c-b857-4726-a9fa-5c3480dfde04,97df6798-c997-e797-69e0-f9b4b90aa285,028fb3c7-fa96-4d12-9554-7511a3d7ab06,2025-08,1,0.7465074698004053,0.6923076923076923
2bb20160-4c3f-473f-a754-b203cacbf111,9aab8e6f-97e4-131f-c6cd-a91d11668656,c2b24d33-90f8-4d46-aca8-d99bb1f2c844,2025-08,0,0.138060249552646,0.13333333333333333
626d4d57-f0fd-44c1-8774-25df1297b316,9b3925f8-4a9e-4735-7dbc-bf5a8dfff4d6,4c3b1aca-4db5-4dbe-94c8-4acaa07739cc,2025-08,0,0.6973968157746957,1.0
dd25b7e1-5689-478f-9ad7-7bc1182eff56,9defe9e8-4059-ba6b-5abd-0d1304e73008,4e78638f-65ec-472b-9991-cea4565d4ea7,2025-08,1,0.445381661696058,0.6388192166698823
5778971f-0a65-4d3e-895c-265824ef0e8d,9e64e0fa-e34a-1c76-8e4a-1452643fab9a,c60e7351-900f-4499-a207-99f3acb1ba49,2025-08,1,0.9607142200831059,1.0
c0c5d1b4-dcfc-45c4-9a8f-7d34140ba4cc,a7798da2-f8ee-1840-a1f3-f29a9e764b97,9ffe9701-32ac-461a-b5a1-8bb653d34a4b,2025-08,1,0.9960398888094576,1.0
2d24b05c-85db-4da8-96e8-18024d598391,a83c1af9-decf-48ef-8576-c97d8b3ca11b,35f09de9-4fca-40ec-9b64-d79630bafd60,2025-08,1,0.16238056830898762,0.6388192166698823
96e44c94-e925-4984-b816-146abcd45251,a974c0ea-b223-c4ff-2027-207ec4a462ac,59864420-62d6-4d3b-9b98-6872f9821633,2025-08,1,0.9946939226028381,0.9655172413793104
9b9f2df5-c5eb-499b-93d7-20d185ba8498,ab4b64a7-4f08-89f7-9835-689b479f16bd,442fb7e6-281c-4f92-8dc3-0f6af6cd61fb,2025-08,1,0.3082020084925353,1.0
2a24e4cb-2eda-4ac5-aa31-ccd594423cd3,abd9f8e2-40f4-994c-f326-8ad6c939bb6a,e5d8f9b9-9f3a-44a2-9d25-5b56c81d9ee7,2025-08,1,0.8757144293010717,0.6666666666666666
2cc66ce6-0283-40b2-a217-aaf91610d842,ac062de4-c552-a0d7-9cc1-cbfe89c2ba68,36282a6e-e613-4832-9dc9-77915feffc17,2025-08,1,0.7698067841532454,0.625
40f5196a-a633-4786-8162-17d0716b567b,ac5ee6bc-de6f-6f5a-a196-731bff043dc7,09848a8b-4b46-4fc9-85b8-9a46fecdd91c,2025-08,1,0.8610278764731827,0.29411764705882354
a6a02adb-203d-4a1c-ba82-33a7979effa0,ac851bed-41fc-0f41-cf0d-214d17cf53cd,4507404f-8056-48af-bccf-9df703e7d029,2025-08,1,0.6859920833626104,0.5
f3bc381d-00e3-4005-a455-9db52de22eb7,ae17092b-b9b3-31a9-8d6a-555889000bbd,1e9f3018-6098-4a56-934f-5484bca84f5b,2025-08,0,0.08802301793817739,0.5
df142a6a-dcf3-41c8-9b57-0f4c531bf0e2,ae17092b-b9b3-31a9-8d6a-555889000bbd,1e9f3018-6098-4a56-934f-5484bca84f5b,2025-08,1,0.4105485806594508,0.5
5b2fc7d4-b99f-4e64-887c-49ac256f6121,ae55ee92-2de5-2688-0d4d-095d6b247552,2de6ee53-a917-4a9b-962f-37e5d429949a,2025-08,1,0.3878294829748426,0.6388192166698823
125bfda6-b40c-4d7d-a802-306dff00c744,af12a12c-92bf-088b-3073-292fe4dfc478,bdc2c4ae-b9b2-4aa7-b8bd-01fdd0145e27,2025-08,1,0.9986102137271184,0.6666666666666666
183661fc-cb86-4201-b397-605ba7a9a5ff,af8d560f-407a-4e9b-49e9-88f54d8671f4,56e6630d-239f-4544-99e4-87ae533ed05a,2025-08,0,0.4379181395758399,0.6388192166698823
b564bbf5-df06-4c35-98f5-6fbbec1121fe,af8d560f-407a-4e9b-49e9-88f54d8671f4,d7709bd6-1161-44ae-9f91-65c23c49cd71,2025-08,0,0.9296752806795725,0.6388192166698823
765d40b3-490e-498d-a7e5-b5420a1292ed,b0348aa8-ad9f-d0dd-94e8-c71a6627c930,db9ec732-0eba-43c2-8e97-5e7a05e17561,2025-08,1,0.37071158865410575,0.2857142857142857
21fc3ca9-ebfd-4481-ac17-11f36cc5bc46,b0a6f0b5-9fd8-112e-2bfa-24fa8a25779b,f5dc7322-00ac-4867-a914-e2bddeac9a0f,2025-08,1,0.9863939692509126,0.75
dae7153e-dc5a-4415-a0fb-9b3ac3671827,b111e4dd-be1d-2c79-3945-480547761b5f,1e0bb8aa-b4ea-473a-90f7-c89d96df2323,2025-08,1,0.9968104000705457,1.0
5a1d559b-be7d-47c3-a15e-1be10b87f842,b19dfc6c-a5d5-734c-3d3d-6389c281b3bb,2ddbff71-425b-4f25-a932-e1bf574b2035,2025-08,1,0.9990309599268148,0.9333333333333333
053a62fe-c1e5-478b-b988-bd5d1e90dbf0,b2c95a31-a85f-5161-1831-d1b5844db7aa,a5696df7-ca6d-4c6b-bef2-a905054e3f8b,2025-08,1,0.7171519728985801,0.6666666666666666
03a4e1a8-a819-4f76-8aa7-c64d6b99d577,b350bfbd-5bbb-d523-c32f-5c5d2cc7e980,ff8ca2ee-9523-4a03-ba50-e7e02ce9fed6,2025-08,0,0.15992965907119522,0.6388192166698823
19ac09e6-2027-4ab6-94f9-50d176a5b502,b533de62-fd5f-cc73-01ad-82aaf5df2fd1,0ba08a0f-dfc9-4583-9301-a99a7e275d94,2025-08,0,0.4765781420216316,0.42857142857142855
ff66ce95-1f2d-4dee-89c1-2e867f93a1b1,b533de62-fd5f-cc73-01ad-82aaf5df2fd1,8dd4cde4-2050-4622-be37-13f72db9b434,2025-08,0,0.9212911742371835,0.42857142857142855
8dae0664-0a75-4270-bba4-a8100d3637bb,b85e5e22-b8bb-e217-167e-913ce5dc381e,f2d9195b-c864-4a69-a8a5-cacea5959a3b,2025-08,0,0.40608625794250114,0.6388192166698823
ebbaa693-f306-467d-a0d4-7d0825cb87f3,b85e5e22-b8bb-e217-167e-913ce5dc381e,f2d9195b-c864-4a69-a8a5-cacea5959a3b,2025-08,0,0.2147511283862183,0.6388192166698823
f6832789-97cf-4fee-add9-0473d024dce4,b865619d-9980-0806-c5b5-97fee058322e,296f0113-6916-40f3-8fcc-cd54685de8f3,2025-08,1,0.9948233225416098,0.9
1d41bbab-c3d5-493f-b2c8-c07cdf678002,ba8dd5e0-ed0e-8b6a-7098-2732476feb31,31a1c073-bb44-4019-8548-0c5a8114de7b,2025-08,1,0.21390947910452313,0.125
950ae799-a0fb-419f-b2bc-eb7b78c070e5,bb36c2de-ac80-369b-bef1-b7a9025ad305,8e96a43e-6fd9-4323-8d17-2c4e2317d420,2025-08,1,0.3878294829748426,0.6388192166698823
2bd0f03f-1d8c-4617-b0a1-b7c15789f3e4,bcf8ffc1-fd5c-f6ab-0453-7a73c73786dd,d1981985-ab9a-4777-b85f-46da934e391c,2025-08,0,0.12127679418412682,0.07142857142857142
7ca7e8a4-47a6-4fd2-8c76-8d7c88653a6f,bdcc24e3-6077-3ea9-b25e-2747d0f07be7,34b48e10-aa34-478c-954d-06259adb5384,2025-08,0,0.05927013481249906,0.0
70ac411f-f646-4048-b058-ffd0f14ee7b0,be68c44d-d4d2-478a-7b1e-c9c3fefac406,c6bf983e-033d-46e6-825f-5620364a403d,2025-08,1,0.9963160966776623,1.0
16f4823f-53bd-411c-8fec-a36631ba2531,be84008a-74d3-3cc1-6fd6-bcef998f7bff,4ab14a0f-9437-43ed-9504-94985a2312ab,2025-08,1,0.994891197852728,1.0
29c4911e-5702-43a7-8bbb-c22240208f6d,c02eb961-2471-c285-9c28-fb9a12aaf70a,f848c7a4-dbda-4fab-8678-376064453b2f,2025-08,0,0.5157571894880201,0.0
202a9954-81c0-40e1-8d5e-8e984f795ff4,c09e703c-d287-38c8-d1c1-239145e17df9,d60bf084-22b7-4aeb-a8fd-b48b4786c6fd,2025-08,1,0.9898574604463012,1.0
4d567529-b628-45cb-9327-f25e608c942d,c1b3479a-b415-c370-ba7c-636b4f4c56d9,c26692cf-75b7-4ede-9858-201c269dd988,2025-08,0,0.5094531965852348,0.5
da92e553-68e6-4344-b45b-941793a61fc1,c2329858-525d-2f70-5e31-bf9a8358eb3e,956b173b-5f08-4c46-999e-d04c26cb3609,2025-08,0,0.11178567270490254,0.2
4cff7644-d43d-4a78-8c6f-fa42a5379dda,c39e5b6a-5497-09b6-25cc-89f1ea8a608c,6b283442-207c-4a26-8ca9-2214393a804b,2025-08,1,0.5611670051233566,0.6666666666666666
eea8fb9c-49cd-4fbf-afaa-108c3b95de21,c511ac63-cb7e-1453-92d5-ea4ffba1c360,53bd63b6-67b1-4de6-94a4-66b940e4e20a,2025-08,1,0.975522619536012,0.6388192166698823
071c175a-7128-4410-afa9-7d57f5078dd1,c675e97a-0958-0695-90b3-49311eec8fd7,f3d5faeb-a060-4d56-bb7c-559d3f157f51,2025-08,0,0.07512020215426159,0.6388192166698823
8dbebc04-bbfb-4e68-a654-c0f70ad7b0e7,cc559ab3-0859-6b34-259e-1f5c43be7139,dcd6d78d-d735-4f74-9742-687ff8a8bf96,2025-08,1,0.9837411185246578,0.6388192166698823
74d9b45e-18ac-483c-80b0-e83acac51aba,cc559ab3-0859-6b34-259e-1f5c43be7139,dcd6d78d-d735-4f74-9742-687ff8a8bf96,2025-08,0,0.3434324425974044,1.0
d6d3cef3-3f04-481d-8f1a-a600f8618a3b,cd2c3f97-4df7-b32f-d0c0-12031beae516,1265235c-5696-491b-925f-044ee29ba97e,2025-08,0,0.17528079044271186,0.125
cb77e7d8-9888-4cb5-9f50-f03fae3099af,cda37b51-1bbc-af0d-a560-49af88fdc751,467a4a8e-2db8-4bd3-a0b3-e4d37731be26,2025-08,1,0.8144259058288935,0.8181818181818182
2b5cf9f5-80ff-4e53-8377-d3b475bd7b43,cdfd7474-0325-1b45-657c-35abca5b28ee,4364ae28-1999-46c4-86a4-3d9565069abf,2025-08,1,0.8918150556177828,0.5
4fdb2e6a-bee4-4df4-9c04-f2eb8d80ae26,cf1318a5-0564-4af6-d90e-c3e76de1ef08,5268e485-491e-40b7-942f-61c133c796bb,2025-08,1,0.9982272961771563,0.9545454545454546
e42e77dc-32c1-49e6-808b-c8b7121a31b7,d1e7314f-a799-1441-8adc-a48db20e93da,f9231162-ec72-4793-bcfd-ea671ac0d111,2025-08,0,0.9458969365018189,0.6388192166698823
f650eab2-9b97-4276-9d7b-a45c2ccf7c43,d1e7314f-a799-1441-8adc-a48db20e93da,f9231162-ec72-4793-bcfd-ea671ac0d111,2025-08,0,0.11803179226356159,0.6388192166698823
85db8a47-2029-4b83-b8da-7e896d2577d5,d257c87f-0e42-048c-8409-362e925d86fc,597c2d33-b758-4acd-811b-c7b22289dcbc,2025-08,1,0.9993125998343934,0.875
4cec4af3-55d8-465a-a70f-effae90a6511,d497808b-36e2-ea42-d247-85b4e409078c,6a566076-355d-47b3-840f-1ddcb740c496,2025-08,1,0.8089978835791495,0.6388192166698823
793d88c0-c873-4152-952c-1bca5d667877,d51c2f8f-9df6-06cb-85f3-47a79b9d5006,f6d9b4ed-d1e3-4963-bbdd-fb87e50d1313,2025-08,1,0.7641257391217186,0.2
ece97db2-ffb2-4b8f-a5ab-abf235144f7c,d58d1d2f-e65b-7705-8ac2-996da0cf28c4,f009d211-2428-4e63-8c09-22ad8ba10987,2025-08,0,0.05747974365832361,0.14285714285714285
34599b52-b9d5-4ac6-b0fd-d3952d31f8ea,d6268133-5904-3e9a-6956-9493d2f78a1d,0dbd34ff-df20-4e27-a2ad-bcd09666d64a,2025-08,1,0.587397404752799,0.6388192166698823
f42f210a-76d9-4dd2-a848-59f739e35c54,d6d33436-345a-e39c-9f8d-91c76dca514e,d2a1b0e9-a573-4c99-8093-42240dbf6847,2025-08,0,0.07512020215426159,0.6388192166698823
8785acd3-8500-4b40-b5fe-fa173bdef22f,d77b5c1e-605d-6795-5eee-1e2f9b83e069,f6976df5-ab7b-4cb2-8ce9-e36efe843745,2025-08,1,0.445381661696058,0.6388192166698823
92108cd4-ac89-4ae4-850f-ebcf0e567e76,d93d9661-c38b-55ac-e5ac-93c052d45622,f48bcd4d-b81e-4a57-a0f3-09dfa5e2e00f,2025-08,1,0.9837411185246578,0.6388192166698823
49facd3b-f8ba-4797-ab74-a74e8e15bee4,d93d9661-c38b-55ac-e5ac-93c052d45622,f48bcd4d-b81e-4a57-a0f3-09dfa5e2e00f,2025-08,0,0.3332533078454601,1.0
f4a28777-ac70-4f06-9bcb-29cdec038764,d97ef4f9-a927-a7e9-03a3-fc84f79e19af,1ea77b42-81d1-4535-bfd4-de9a7bd31eca,2025-08,1,0.9959005625330225,0.6666666666666666
4d95c07b-9f6c-4e74-9d3a-fcba4c993228,d97ef4f9-a927-a7e9-03a3-fc84f79e19af,74b55c6a-d263-4477-9d29-4259b77d7523,2025-08,1,0.9717932485054825,0.6666666666666666
f6d76ac0-d007-4eb3-80e8-4d23449179bd,d9a74fa5-6394-f751-240a-2ff642673fc5,d3781754-4ad0-45fb-b64f-9153d1b33e6a,2025-08,1,0.7069186035891304,0.6388192166698823
ae8dd1ce-f4d7-4666-b9e2-a9a8ddf30495,d9a74fa5-6394-f751-240a-2ff642673fc5,d3781754-4ad0-45fb-b64f-9153d1b33e6a,2025-08,1,0.13421983863080417,0.6388192166698823
19ebd196-e50f-4fff-85c3-7874e65b663e,df5ea39c-c069-5211-271d-f0d3831adefa,3394785d-ad9b-442e-9c87-3ab4f47b1876,2025-08,1,0.30918137989114214,0.35714285714285715
3334c1d5-26e4-4def-a3f9-28c846717580,df6d6dde-434a-e10e-f646-fa8a40be56cc,aad0f942-1ddf-47cf-ba72-32342002566d,2025-08,1,0.75244637200522,0.5
80e8518d-94c0-4bb5-8d62-7f86a2d9c01f,dfe72882-2923-e759-ab37-45a4f6c5f1c7,4fac063c-5430-4b03-984d-ddede60e9cee,2025-08,1,0.6780800286469788,0.6388192166698823
f2efbe1a-53f0-40f4-b619-8b170615a3bf,dfe72882-2923-e759-ab37-45a4f6c5f1c7,4fac063c-5430-4b03-984d-ddede60e9cee,2025-08,0,0.03940638643990512,1.0
ab09b782-61cc-46a0-abb7-8af70aac9aba,e04a7b1e-bb22-2ccf-a342-9eea602847ff,ed206b50-b8c2-4587-907e-681f2c148f8e,2025-08,1,0.9920820583253296,1.0
f9b55678-735f-4969-bace-49d0a5762cd5,e093abe2-fae5-a599-2ee8-ce612d47e63e,1dcbdc90-610b-4530-a9cb-a032f49707e3,2025-08,1,0.9635210898735832,0.6388192166698823
dc595012-4454-4e6d-85ef-0af853554ff5,e110dfeb-9c9e-94b6-2874-e7615a27c229,49b09056-47b3-4a11-8d08-91b6907ca646,2025-08,1,0.8739466946926326,0.6666666666666666
66a8bfd0-7f62-407f-ac27-46e9a023c7e2,e17238d1-34ce-0cbb-4dc0-f65e60ff52f7,5c6e4440-a7b7-4d5b-baec-a422ba050dcd,2025-08,1,0.9990509754630695,0.8333333333333334
be32d376-5402-42a8-af1c-cbb17e90c4a0,e43d640c-3d0c-c63c-52af-626feca768b5,21506fa6-9ecc-4737-9fe7-742cf3dc0a51,2025-08,1,0.08853655816394132,0.2857142857142857
39d3651d-28f7-4c7b-b6f2-7b91e2e226b7,e43d640c-3d0c-c63c-52af-626feca768b5,21506fa6-9ecc-4737-9fe7-742cf3dc0a51,2025-08,0,0.0942307844836125,0.375
4be22a31-9e51-48d6-b002-d8270b7b22eb,e494eb69-def2-556d-3bb9-7c4124ed109e,39ea3363-7669-4b60-8c30-7d3687b62a0d,2025-08,0,0.6209011352719573,0.0
ed4750de-4eab-428b-b4ec-bf4a2d7c3cff,e54f192a-b17b-11b9-0448-1cf4ecbe5f43,52af2eb2-0f97-484b-aa94-fae6a75d64ab,2025-08,0,0.3304666791320568,0.6388192166698823
8720b7b6-8144-44cb-916a-7ec02994e435,e6dde6a9-4da9-d1a2-802a-faf5db207e8e,948c83b1-ecc1-440f-9997-479b290ef8a0,2025-08,0,0.7553121980492085,0.9090909090909091
da3748c3-5327-4955-9714-687cfe291f82,e94dc9d5-cb52-49ec-80b1-98376aceb874,64e94573-3ff8-4444-8463-cc997625aa46,2025-08,1,0.9290120686565096,0.21428571428571427
ab2aef27-d067-4823-be19-82d9e9411edf,eb7de080-f310-4225-66d6-f15dc51fefcd,024b70d0-29db-40f3-a244-a9a228b5388b,2025-08,0,0.9501818051229667,1.0
471d91bf-1d28-4876-8c06-87d1a3917a77,eb7de080-f310-4225-66d6-f15dc51fefcd,65f64e54-dd00-471f-befe-cd9a90c8f991,2025-08,1,0.954617004377966,1.0
fa0a9b53-fd4a-461e-b49f-5904acab69da,ec6bd398-2413-2c67-18db-10bdd92ee4f9,83dd2c1e-368b-4c57-b9b8-fbcd6ae6ea9f,2025-08,1,0.9990978712262801,1.0
ad549999-ff77-45c1-a474-aa99703807e7,ee4c9007-7674-8d77-244b-b681167c945d,b874ac34-d8c8-45b0-a884-15ba141fd279,2025-08,1,0.814160292481896,0.3333333333333333
182e9d3c-7fcf-4f0f-b6f1-4667c150be70,ee61dd03-6eb9-0d71-8bf4-a01ac422b8be,a49dfe35-7e1e-4d81-a32b-8877a575eb1e,2025-08,0,0.31134491762335975,0.3333333333333333
5aa5622d-174b-4f4e-8954-80cf7e7447d1,f2764421-c336-0b17-7318-6908f1ce4a72,e853e4fd-4532-458c-b497-5266ad57609c,2025-08,1,0.7827952676381913,0.4
8fbc96f5-012a-48e3-bc45-6aa5bfe92dbf,f284b25b-d762-1399-a12e-ba7ffa6b6f97,1129e54a-0b3f-417c-b6db-e1090df6981b,2025-08,0,0.0698360061718168,0.14285714285714285
b587ad06-de7b-45a6-838d-c89bd0ece226,f2a00e3d-de04-40a3-6f41-a3ebfcab4a3c,4da78ee8-cbc6-4e20-949d-cf7237c7129e,2025-08,0,0.13101660289304787,0.6388192166698823
6fe16de5-a2f2-4ed3-a74e-9e041bab28a3,f2d14ca3-b37b-9e02-78c3-46a7603d8a6b,084cbeba-199b-4533-8ca4-f9abf83df8f8,2025-08,1,0.810758260805849,0.5
0c7a38f7-809f-4688-aa0f-3ca0ca6e7e2c,f6c5c3d2-ceda-6c7f-aa96-359c7dc9ee92,43ba38ca-08a9-4fda-9c38-448a30f1cbe9,2025-08,0,0.5542408944390467,0.0
0b28fab8-cc5c-47ba-9835-cca536dc1f9a,f8723af2-2adb-2870-b160-e1ad562524be,a710a504-eed4-465a-8668-bc3fbe646e62,2025-08,1,0.9433804927462587,0.6388192166698823
b61d8401-909c-4191-8f40-af5fc41b099e,fc3a7af3-d462-ffa0-bf10-348fe7f764f5,8c96bbeb-234f-4c4e-b3f0-dea0ea5a1cac,2025-08,0,0.32663353258305006,0.6388192166698823
e0c47992-d606-43c8-a038-d1898f1e1608,fc3a7af3-d462-ffa0-bf10-348fe7f764f5,8c96bbeb-234f-4c4e-b3f0-dea0ea5a1cac,2025-08,0,0.08456990933414518,0.6388192166698823
691bb83c-e6f1-4b81-ab03-08b499ca78f5,fc8a412e-e0d4-35e1-37fa-5f798b7dc7f4,ed381183-4ca6-4302-84bc-e1e05958ed09,2025-08,1,0.9521987702758306,0.5
9c1d507a-75c4-4451-a494-bd050b7c842a,fd1d6483-722f-9ff9-67bd-a98f7e3f42af,43eec801-0423-458f-8e6c-dcadff5fcaf2,2025-08,0,0.7571736470528634,1.0
54a618f9-c34a-457f-8746-ac040f465aa0,fede9d18-47bd-03b2-a0a3-73ae43fbcf88,aad9a3ed-094e-43a1-b64d-0e4f60c95c04,2025-08,1,0.8912415259064965,0.6875
4f1c9da6-dce7-48da-8e78-d78981831ff5,00af40b2-545a-c400-060e-9eba5e004ea3,0f5abe32-07d1-4ae6-bb85-24da53827aab,2025-09,1,0.9470873801755121,0.7
e1c60705-4b77-414f-8d5d-7a430979ccda,00af40b2-545a-c400-060e-9eba5e004ea3,c2533594-7bef-485f-9c06-e515153c4d3b,2025-09,1,0.9388853173401541,0.7
2d363fdd-4d3b-4c8e-8247-44cf5435c453,02295215-68ff-b712-391f-44370ddab3fc,fc63a4a8-0b3e-406f-8ccb-2105eec8e19b,2025-09,1,0.8340971450236823,0.42857142857142855
a2ae471f-2c26-4aa9-98d3-049af1e20331,0278721a-a690-833b-298a-16a351fb7a3a,6555e453-3efe-45a0-9b81-711fbf2d0726,2025-09,1,0.9994265609319828,1.0
8d8ef8e6-2b6b-4f5e-bdf1-0fc3d9799965,02b429ce-a6d5-6fef-b9c9-9bf315c162d2,09480588-260f-4e91-bcf7-5033ba88e43c,2025-09,1,0.8578673636472913,0.16666666666666666
383a9fa5-d7dc-4990-ad05-e894f5f8ac49,0340956c-c19a-d700-7d78-cea190ab08b0,33a67359-b1b2-45e4-8dba-a9001a8d659e,2025-09,0,0.8400970515676098,0.0
999e10c1-8df4-4c23-b71c-24bfa4a19dce,03ce56c0-8798-b95d-7125-311b80363e74,90df3267-4239-48a4-89aa-4a61e24239bc,2025-09,1,0.98936542218058,1.0
3ceb4aaf-50b8-45c8-b045-dc664c5c26c6,044fabca-8052-c100-2783-a270debc8c40,36c204f1-519c-4729-b424-1ca9d17fff37,2025-09,1,0.720391116340212,0.3333333333333333
379b0c77-ceb7-4df9-8270-80b5c3e386a8,04ba1c6f-6c06-819d-9ecc-a0c5f795b922,cbde9bdc-2d51-4e5d-a732-1df1160c4b74,2025-09,0,0.9934351872345258,0.75
f49e3fb3-6dc6-4ad1-8060-2616589d4503,073e4bd7-f1f1-49d3-604f-c365b9952a6c,e70ad66e-a26a-4c8b-a6e1-9743710c50f9,2025-09,1,0.1863101654673621,0.0
152d7a4c-4af1-4e8a-a3d6-70697e0f14cb,0a550b32-ac5f-efb6-6d3b-e9975e20a82d,95855f3f-2de6-4518-923a-d6bb61e6edd7,2025-09,1,0.05329768336879709,0.0
f3adeb83-baa6-4401-b47e-95f33431d9e1,0ea0c6d9-a99f-89ea-6b85-9ae409698bd3,9213b9cf-1bcf-41e7-a060-e578f718f991,2025-09,0,0.8937574094131917,0.6666666666666666
f14dba66-0910-40ac-a817-fa8064037ee4,0ea0c6d9-a99f-89ea-6b85-9ae409698bd3,9213b9cf-1bcf-41e7-a060-e578f718f991,2025-09,0,0.3394249433075448,0.5714285714285714
12b8946d-c70a-498f-86eb-95d965a8cf43,10f3edc6-4b03-b82d-8df1-09ddaf031c0c,d0b11ad6-7841-48cf-82cb-55e373063fac,2025-09,1,0.966121858467614,0.7241379310344828
6611e704-239e-49be-9a6f-405bd534df77,11316c38-dc08-4983-3588-fcadd88bd5d2,1c037a2c-6d79-4707-9be1-b01c51a1c336,2025-09,1,0.2711392072468889,0.0
989df2f9-3c14-49c7-8067-fff8119013e1,11316c38-dc08-4983-3588-fcadd88bd5d2,597a1580-9401-42ce-a407-c9448d5017f6,2025-09,1,0.889176494433151,0.0
05d28da3-0547-4350-9f42-a50eea3e8c3c,11e96dd2-92f4-f793-56db-439d5b3de156,3f072df4-ca44-4975-9844-ebd8be4312e0,2025-09,1,0.4177882397194154,1.0
33ac4769-3c51-4e2b-ab35-5388465f89a9,122c395f-56fd-4482-fe33-7fa3c3cd30b5,45df567e-3c5b-4da3-8bfd-6605e5e6c7a9,2025-09,0,0.07226960317537348,0.0
6e049ff6-369a-4762-b592-5aa09991f208,1287ac56-adee-78b5-6a6b-56b3e8dd7d48,c88936bc-cb40-4598-a743-3c301dd4dccf,2025-09,1,0.9851141830161854,0.8571428571428571
250b52ee-f2b0-4cbc-b586-a9cf2350f6cd,146a8458-f956-54ed-317f-b99f7d16fff8,9698da1c-596f-48ae-8618-16b9c409f192,2025-09,0,0.11304751720169506,0.06666666666666667
627dbc5d-a399-474c-8896-255af374a9e4,148cb172-cc40-9c01-ffa5-33aa5d70bad8,a2b40718-04d7-4dbb-9143-65a881e8a092,2025-09,1,0.9988733079476754,0.9444444444444444
009f6306-2b08-4007-84b2-390ce7703059,17d13989-4f37-42a8-1eb2-88b2df3a9692,3c6dfb4b-b32b-4155-bcc0-1eab4ccc55ce,2025-09,1,0.9216398014924798,0.375
4dce30a9-2c9c-43dd-8586-4f66a8262048,17d13989-4f37-42a8-1eb2-88b2df3a9692,3c6dfb4b-b32b-4155-bcc0-1eab4ccc55ce,2025-09,1,0.09451141548974216,0.375
27a2c0d5-0d0e-431f-b0e3-eed399ed31d3,184aad86-c460-d78c-0f04-fd69a75fdb16,ea4d1416-9a8a-4cfa-a7f0-04dbc74f72bc,2025-09,1,0.25005277798910935,0.0
49b4b6f4-5062-4827-9d4d-2ef48fba50ac,184aad86-c460-d78c-0f04-fd69a75fdb16,ea4d1416-9a8a-4cfa-a7f0-04dbc74f72bc,2025-09,0,0.11183730949067006,0.5
eadee7ae-ba19-43c8-814e-ad5ed8e2893a,18788fe2-f6a2-826e-2199-6cec118c6d00,6a5d492b-8175-4c5d-86ac-ff94ea72d963,2025-09,0,0.1674520319490589,0.13333333333333333
9235adb3-9b57-479e-b2a0-bf71bc8c8086,18d86801-3cb7-11d4-8b9d-433429296014,9c5f6705-4936-4bf4-91d9-8bd75b4c341b,2025-09,1,0.7748716591008403,0.05263157894736842
74228751-eee4-4a83-82fc-a8b1fb9745b1,190cae44-33ef-8fc1-f07a-fb84a1b78bdf,14a56846-9891-4413-b142-b80acab9e730,2025-09,1,0.36956992130059363,0.0
a9be06c7-da02-41aa-8b82-8bd7a643ce39,1932ea80-c6eb-874e-eca8-12410fa7a608,7ce79ba5-79fe-49c0-9e0a-2ace149ffbd0,2025-09,0,0.11049221991661655,0.125
c5640458-7aad-4475-b6b0-6b56d9e59170,1b003ea3-bdcb-0416-c3c2-8ff60f2f65f5,419e1438-3ed5-4447-9f4c-68505b3371d9,2025-09,1,0.9789148177871858,0.75
17726124-1060-4301-84bd-017ef578df4a,1b7a8ca2-dcfa-864b-b6f3-f5e53beb8da0,0312e73c-7ac3-4464-8c92-d3771d098413,2025-09,1,0.3189112110274804,0.6388192166698823
f6ec73c7-0af9-421c-a63c-1cd936f5ccfc,1b7a8ca2-dcfa-864b-b6f3-f5e53beb8da0,0312e73c-7ac3-4464-8c92-d3771d098413,2025-09,0,0.04153826451578771,1.0
cfb19b98-af0a-4609-8ba3-981048dd21fa,1d4c0119-5151-7a5b-2266-f16e44f67157,55469cc1-579d-4801-bbbd-4f113cad46e9,2025-09,1,0.9962347792352831,0.5
fb9502be-3130-4c18-b60b-68015a1be3e2,1eb13d75-4e74-34de-0d7a-6936b746e12e,abf6275d-aab5-4614-963d-9dbe3ee0aa87,2025-09,1,0.2708681570531898,0.0
91919161-9867-4da6-a2d5-c399a5fad0fa,1f386b6c-673b-b4f5-5a19-10e9869fcb75,1cade627-e515-41a2-8fef-84b24901e0a8,2025-09,0,0.15982155642726845,0.0
2c33c1a8-35cc-432a-99e9-1d4cd5fa1ddd,1fc0c3bb-f35c-8d5d-a4fa-a9c1723cd8ab,0d1504e1-2884-4dba-97bd-0c3bc37e1669,2025-09,1,0.9964269910906375,0.8
78b6108d-ed4b-4528-8974-3b9d72c5f167,227f376b-633a-5615-5670-c29559d0a08b,b98f8c1f-f2b7-4f45-a583-7bb76e52c466,2025-09,1,0.22097499156665637,0.05263157894736842
98d14417-e30b-4121-9f94-ef338b55bdef,22a9494d-0e02-6fba-4aee-7947f1e6110b,a9694079-2985-486a-8cd6-bd3243751b22,2025-09,1,0.9986784866980073,0.9166666666666666
411fe931-b17c-41dc-b159-095e763d41f9,238b347e-e7e9-b1a3-31a8-a2f8fed99f55,3d2bb31e-a4e2-4d67-b934-8fbb641505da,2025-09,1,0.9995795905883693,1.0
4f37a786-a07c-45ae-a167-ccade813a63d,23f7ef5f-6b26-a104-b616-b438d7e9243c,8cada743-d341-4211-b2f2-094d551e9ef3,2025-09,1,0.9948158738503391,1.0
127b702f-a827-4893-8dce-538e07e0a09e,251051cf-e3b5-5d37-918f-bf22b4875790,05a7138b-3291-401c-b2bf-28981d85d111,2025-09,1,0.9998059699240912,1.0
b9c00e2b-c0d1-41cb-8fc7-64b7386bb1f2,25aa0362-c4dd-16cd-169e-1e9f819ec83b,668a42a5-32bc-4a00-af80-c060fecaeb03,2025-09,1,0.772908012470094,1.0
ecab4775-aa0c-42bd-bc30-9a6bd4432478,25b63db3-6d1d-cb00-d25c-dfd8b4b17909,323f67cc-5fe8-4e19-89b1-838f908c4f0a,2025-09,0,0.9756957310314701,0.9375
02b831a4-0f69-4694-996f-9b8c35d54c39,2631ddfd-660e-8719-1876-82cf88e13a60,0c8b2433-3b52-4a31-973c-d1049e2367ce,2025-09,0,0.1448287318407944,0.14285714285714285
be23a9d0-038e-4293-8512-8f5184746af7,276b5368-040e-e40e-948d-d1159a743920,47427b81-4142-421e-aa12-04d8f6f5d16d,2025-09,1,0.6172230117195987,0.42857142857142855
f01bc4bf-2ec8-42ec-ac9b-dffe321acb82,2794ccf7-4966-f00d-35d6-34ac17db73ea,29309a70-09a1-4c35-b877-ca27b04ec436,2025-09,1,0.9969275271080394,0.9
667361e6-e7cd-4b12-ba6d-09a49097f1c8,29e47ac1-831d-9edd-4744-efc0e2037ff3,954a76d4-6294-4fd9-9c87-30457c524da9,2025-09,1,0.5387515724681788,0.6388192166698823
0aa359bb-b099-42e9-8997-6ba9633c531a,29e47ac1-831d-9edd-4744-efc0e2037ff3,954a76d4-6294-4fd9-9c87-30457c524da9,2025-09,0,0.04941484909859198,1.0
c3c35cf0-7fe5-4779-b0a7-586c1e7cf707,2b785f57-1c4f-d4a8-d486-b69e7b2db5bc,3c7ccdf6-cc34-4475-9b15-a0933043ad80,2025-09,1,0.9964593289988983,0.8
b33c83e8-aa92-49a4-aa48-95ed79b2ec72,2bd67002-1f8f-faff-efc5-5063dbedf10f,fe2ad17f-410e-481b-ab4d-af0e65a40934,2025-09,1,0.4144163907066943,0.6666666666666666
4033c231-fb8f-4fa2-b9d1-3a0c2c5a7719,2c1980eb-be51-916e-8f61-1e8fe83afb0c,345fd782-4252-4f02-958d-3531a545878b,2025-09,1,0.9918419012740092,1.0
1d90d623-a795-4e84-9da0-868e1cc0f8bd,2c62dfe0-1a80-ff55-1d8b-51ac0c7da2fe,c95071e6-baac-4c03-9ee4-82e18f461a3c,2025-09,1,0.8816040953079912,0.2
33b808bc-240d-4370-a4c7-60c0dc04b0ca,2d24b7c1-6556-8eb5-73d6-3ed3913e6d40,cfafc812-f1cb-4018-be15-ee702308c132,2025-09,0,0.4040127471529957,1.0
ca90d071-9e20-47b0-86cf-70cccd047cca,31748409-1d90-3bc0-903e-6d831133e944,e800e656-3fc2-4383-895e-5190e4ec2049,2025-09,1,0.9621460706649333,0.7777777777777778
5636d73a-148f-4009-a05a-87644c1832c4,31f3f7a3-5dc4-21cd-ba54-b41347a7822a,2d403254-d4e3-484a-ab66-492809785e47,2025-09,1,0.6390205648818092,0.625
a3bb7f54-8b49-428c-884e-d7a9318adf9d,344a43f4-d005-00e3-d3f4-5da6b944af56,a19cb77a-2e51-4ca9-88b6-1c9423cd7b63,2025-09,1,0.77667157950463,0.25
5deee1bf-128c-4c66-8d25-db5aa1ca8df5,3761a198-73ca-bdb8-338b-d52c21eb8f2e,5008836c-8f0b-4e7c-a0bc-a2df39870ecf,2025-09,1,0.5387515724681788,0.6388192166698823
8ee6895b-7e50-4f9f-886a-67761d3c8211,3761a198-73ca-bdb8-338b-d52c21eb8f2e,5008836c-8f0b-4e7c-a0bc-a2df39870ecf,2025-09,0,0.04941484909859198,1.0
003725cf-059a-4eb3-b023-acd2dfbf78cf,38069f8b-d44e-0b86-a0d1-dafac5ae1232,0bb006a6-102a-47c8-8091-3f3a4bc5731a,2025-09,0,0.11301320023747992,0.15384615384615385
52158dd6-f532-40c5-93fd-6b60fadb342d,3b02f95a-b47e-1037-4f8a-f2f31e35c98e,ac6b528f-3e64-4f40-a65a-a073b663edd0,2025-09,0,0.5429513842969655,0.6388192166698823
254746ce-40e6-4445-86ff-3e92ce36ea2d,3b27dc97-dafa-0480-7b61-5549a3ea7eee,be99f7a0-c9f6-43b6-9cc5-04577043e0bb,2025-09,1,0.996195832366814,1.0
c565746d-feaa-4f68-a74e-1f2468fb2743,3b48ac67-d1fa-b227-f284-5da0a25e5ac0,a6ebee32-e984-46da-929f-4e1c0d37ccef,2025-09,1,0.9828047502843303,0.6666666666666666
fc8cb023-ee57-4984-a4bb-268fa3756313,3caa59e9-5e0d-3ca4-6303-a17bdb2e20ec,7790b900-db16-4855-bf52-32d929c70e45,2025-09,1,0.6460461464978632,0.2222222222222222
c8e34e80-600e-42ae-b8e2-e6fb2e8dd34b,3e2fea93-18a8-93d6-164a-73bb3ab8c191,f4ee29e4-6c4d-4f65-8b5e-ce92721c36ac,2025-09,1,0.9098509498116808,0.7142857142857143
2c83d09c-3138-49fd-86d4-4e43c2b21557,3e50af3d-452f-d098-b3bc-3c2a64576d55,6eae3c53-9212-4814-b991-b284ea8da158,2025-09,0,0.27047827792570145,0.5
87ef88e3-6a8e-4710-9371-5a20cfef9639,3e99437f-aaa3-5ffe-27bc-cffb9898080d,84ed620a-626e-495a-895b-488a5812e183,2025-09,0,0.08837524748648953,0.0
e88f32fd-ca16-4747-a369-9470ffecacf5,414e0bde-7a49-1083-4e22-1fa3dca1b3c6,86bd0990-56e2-4bc9-97d0-f4794c3ea567,2025-09,1,0.3360872830680552,0.07142857142857142
2ddba7a8-bd01-4fe6-92ca-e08907de1701,417cb75b-9992-4df9-28ae-ad4d2313621f,bb51f6f8-2b1a-4e9f-b3e3-16a942773d8e,2025-09,1,0.9874170957608883,1.0
076b88e0-2d4a-4244-8c3c-b90ab5bb6d56,4505ca5d-0961-03c9-5943-ffda2a5ae270,0f6ef705-bedc-4008-88a1-8c600fe56c57,2025-09,1,0.27673827240639054,0.6388192166698823
03529ce0-bc79-4efb-9d8b-465ef176c86e,456fc08d-55ba-6a5b-7917-edad21de87b2,42ec8bd7-528a-4997-a1e0-f1027504bc6c,2025-09,1,0.8392441294104751,0.4
43501286-63bc-4ffc-b2dd-585a8395c526,4628a4bf-d4c5-9e5d-471c-271b9f3e7d03,460261c6-c1c2-4654-81fa-19637f3602a8,2025-09,1,0.9198354225749814,0.5172413793103449
96c84778-c624-4355-9617-078197d82b6a,4855a811-b83a-7e07-56f0-ae3a0026d582,1edcc724-251b-4277-9462-f2b9ccb93d6e,2025-09,1,0.9461835743780322,0.6388192166698823
8cd5ba62-aeeb-4936-8dee-97f7389576aa,4855a811-b83a-7e07-56f0-ae3a0026d582,1edcc724-251b-4277-9462-f2b9ccb93d6e,2025-09,0,0.09068025283763413,1.0
152e804d-40f4-4a07-9bbd-b33e71f01de3,491b8136-32a1-37c5-5253-b53ff3991d86,78f157e9-bdd7-480f-9648-2b00b519de3c,2025-09,1,0.3648981057094803,1.0
270e9d3a-09ff-4477-86a9-43734f15eff4,49355947-7605-ec5f-7d81-a6597f38d76b,0318d74f-95a7-4ced-92bb-ded9eb88d273,2025-09,0,0.03336992693024503,0.0
85ea649e-bf66-4f93-b474-6673e2ec3567,4bdca5eb-f197-a87d-d26a-c63a9b3298a1,344e766d-803d-41b0-9ead-19b02ad20786,2025-09,0,0.2398977254837814,0.5
4a7afba8-c4bb-43b2-8e53-28b97b1cceda,4c4ad4c9-59bf-f152-d0ff-6502ec564cc9,91e9c4a4-cf9f-4ea2-bbce-8ca8d01150ff,2025-09,1,0.9994379676083697,1.0
6f1312de-4739-40f1-ae1e-76ad78f24f44,4cf13b7d-67b4-87af-6795-b532998a9b0d,924c2996-22b9-4f75-a760-a40afe04263f,2025-09,1,0.9986491120290714,0.9375
54fc9c42-9e5d-4585-a2da-810f112f1d3e,503f204a-1840-9c61-b0fc-0c3228f0d967,8e5a25a3-aa63-48ba-9534-428a57218e69,2025-09,0,0.5786629041274182,1.0
d3e311ef-03f1-469d-890c-bd8334f1e511,510cd475-6538-7d02-413c-1a0f553ba4e6,26a0a5ca-7623-4406-8776-15d57ccb11fc,2025-09,0,0.11056028145416652,0.1111111111111111
1e01a36e-872e-41fc-8cd0-c10b64d5abe7,5110bc8b-7229-5952-e9db-5feb33391303,89a2e9a1-acaf-4bfd-996a-8a996e3d3f9a,2025-09,1,0.9839300955911771,0.875
0b862213-5b0d-4ae2-9e65-f97c642dc9ce,52bfd1fd-5813-000e-3603-19146a2ecd4e,56498d84-884f-40e1-bd91-cfb6c94eb3f8,2025-09,1,0.6124898901497263,0.2631578947368421
827c714f-0e11-442c-a3b9-c8ccdaa0e054,53c9ff97-f078-6148-923e-9d1a21b9bb60,91ac3395-115d-464c-b811-f5b619028011,2025-09,1,0.950128428018019,1.0
f3c72d1f-91c2-4aea-86b1-f2e401f6fde9,55ca6f7c-112a-ec33-7c1c-987508bc9e41,3820ef49-8442-45ed-aeee-6a7a0cec9205,2025-09,0,0.31661700650931757,0.16666666666666666
d7c35cc6-0c00-41fa-8c25-5f6630f3de83,57dbc7f1-ef9c-8f08-5ca3-148c520d5a2b,4c012f66-06db-4f1c-9f52-211cd3540713,2025-09,1,0.9013495961494902,0.6666666666666666
b9859fec-c630-44ac-8f9b-411b85dde5c4,5a4bd906-07d0-3c04-680d-6ee01f174660,6eda4f36-5ba8-4b93-b2de-022481039f46,2025-09,1,0.9579709645513789,1.0
7a12ce9c-d291-40ae-a411-4d7b61972e2c,5a97c1a1-f33d-ce97-6ee2-069836e0f76b,7a3b9b70-5ab2-46f2-9f96-d40563863bb9,2025-09,1,0.3675478929501808,0.25
0217215b-4bce-4c5e-9d3e-672b2eb82644,5b45a840-9d6c-242e-0e2f-2e2c972c2eec,1b8d196c-a429-4d7f-823b-82a43769d60d,2025-09,0,0.3760642188239572,0.0
89df3a3e-7d18-49eb-b4b4-af3c2b64e15f,5d4122d1-48a3-607c-cb72-e1956caece73,0ab4614a-82b3-4810-b877-e696de754080,2025-09,0,0.28728429292402347,0.0
9f5a67cf-f7c2-451d-b346-3677497fbfa8,5e6b35c4-2b97-ea86-e422-f03c332f74be,8954e026-2f8f-4c54-96d8-8b5519d62928,2025-09,0,0.43376614313867895,0.3333333333333333
9d1d29b7-a523-4d18-9410-13deab6da426,5e901269-d116-cf62-7661-df859f5b02dc,a15489ed-053d-4793-b95b-de0cafc05473,2025-09,1,0.9674401856149817,1.0
4f09c4e0-be5c-45b5-b8db-d8d4aaaaa6d5,5fb00f2d-8a0d-5260-0006-da9487a8268d,e12a4a6d-8b94-415d-b58a-aee4e5847605,2025-09,1,0.8938994501737874,0.3
77df9088-7028-421e-b32b-f30816d436a5,5fee0a79-3970-704a-2332-f7c7598e86c1,fad9c620-d9d5-479c-981d-4bc0521c94bb,2025-09,1,0.9499713988965912,0.5
fc3b6d23-e6ef-4eda-8338-e9bace5f2faa,61031b0a-ef18-26aa-64b7-d412d7b3d276,99eb3f32-d53e-4470-ab2a-09ed6e9b3872,2025-09,1,0.9848533459112093,0.23529411764705882
5b686e5e-a884-40c3-88cd-c4737c49ef12,6162731a-4a9c-e887-e586-1ea574985777,f2f4757e-a36f-4615-8d08-78e18eccf3b7,2025-09,1,0.9199443772777331,0.25
9cce9f27-2a86-4069-8b9e-d6b3b3369427,6542b72b-196a-4538-a690-2db7cc212936,ad2138de-e1c7-4dff-92d0-7f9ade15e56a,2025-09,1,0.596608306674738,0.6666666666666666
b920f4b4-b0d2-42fb-a682-b59604a7b4c1,658ecc07-55bf-045e-6651-ef83f51cb80c,5e06feb5-626b-4ffe-a13c-86bb5e349dfe,2025-09,1,0.8769118830208386,0.75
57548a93-0dde-4032-92a1-b7e1701ee13c,66fbcb59-3d06-d8cc-b1d5-53f38a599207,b6b48bf2-25a2-4810-9338-b1847a53c5ed,2025-09,0,0.17963222559055364,0.25
53e2ef05-6f84-4adb-b7e8-e0a4e21cedde,6c0320d8-817b-ea7e-4d60-48afb8d17cba,8d1541fa-8ce0-467b-90c0-527766d7c703,2025-09,0,0.7357720812123558,1.0
214f82dc-58b8-4066-9270-7f1d2ea9f072,6ce85c3e-5f40-4297-8c38-22ac7432420e,43dd8c38-f19b-4e75-a934-ec4c973686b9,2025-09,1,0.9974538070445051,1.0
c9b8834a-234b-4900-b9b6-34adeecce569,6dd50e39-9843-4442-cc09-3b49fbe97fb9,874b3b50-b801-4e30-a0a9-808746433886,2025-09,0,0.06443896900856416,0.0
a7d0e658-9dd0-4af0-a897-b3ffd07464f9,6df42279-282f-e2ae-a821-304ef8c14cfe,47ff34bd-dce4-48e4-91d4-a599695e48f1,2025-09,1,0.9574534674131125,0.6842105263157895
c3e1dee2-104f-44e0-8889-1c0825e79562,6e83fcb8-4992-041a-cc06-1dd780a369bd,128d1130-7d0e-426e-9622-a3535454c173,2025-09,1,0.9824462128225812,0.8421052631578947
ddb9a431-2c88-4979-8632-0aa2ecfb456d,716b820e-fef7-dcf3-34be-914835261361,40c41229-cb7b-45da-8818-3433d1c20604,2025-09,1,0.885390274956362,0.5
b03cde43-40bb-4f02-99bd-7b635888f8aa,716b820e-fef7-dcf3-34be-914835261361,40c41229-cb7b-45da-8818-3433d1c20604,2025-09,1,0.15279364097588133,0.5555555555555556
bf51d2e7-4eb2-4a85-9da9-bb3d59e075c3,71a2b1e6-ae5d-01fe-6e96-34a5a7d646fa,add0fc75-c260-4d70-8744-7fea8a581cf6,2025-09,1,0.9624395733771618,0.5714285714285714
bfcde7a3-57cd-4d1d-a5e0-ee1eebcf770c,720a2f6c-96ce-3f42-8ec4-faec53d5a915,4eaa06fe-be7b-4d8f-8cba-fd92a3d3fb69,2025-09,1,0.45545798807416943,0.2857142857142857
1cece138-d87c-4640-a83b-e388459e579a,72263e8d-e74c-b64e-af0c-e7f293e84d88,8419d24a-5624-4735-bd3c-af55612a12f8,2025-09,1,0.6172230117195987,0.42857142857142855
62527297-fa49-418f-b779-b012f5f762b0,7282a267-9160-04c3-a636-0268501bdf4e,76907e36-77a4-4a95-a8cb-02e265eb29bf,2025-09,1,0.44356897159229025,0.0
31b5e3b6-0a06-4f8c-95e8-ec2ce59ad43b,72fb39cc-cecf-39cd-a55a-60d36a23f691,d9685ad2-82b8-4590-93fa-fdd4856e2976,2025-09,0,0.8263367830087205,0.625
2f6203db-f926-49b6-9130-d620483fc7d1,72fb39cc-cecf-39cd-a55a-60d36a23f691,d9685ad2-82b8-4590-93fa-fdd4856e2976,2025-09,0,0.15093270866394812,0.5555555555555556
f2f8d3a0-7a8b-4d04-829c-ba00010e70e0,733dd472-3b1e-dd43-76e5-082ddfe66c5b,43058d1d-6ce8-4ad0-9f04-48ad2efa67c4,2025-09,0,0.217504390073089,0.5
812d2e93-8810-4518-bb8a-0013ec92ce06,739d70c1-409d-dba0-0566-781cf953032c,960e9375-979e-48a5-8bf7-1f5e4f821d99,2025-09,1,0.37948257575710387,0.0
554c0dc6-f7ab-4660-bc46-fddf334e5f1f,74c6b975-b0ab-c8b3-8acd-2cf53597a72b,ea40fdca-3e27-466c-910c-99fef52b75d6,2025-09,1,0.9888655086285632,0.68
1f3b15b5-a398-451c-851b-f86ae3ad955c,752aa71f-8b74-a2d8-0b6e-dd06a73bacf2,4f712d5e-a137-4d11-a1e4-eadf54abc093,2025-09,1,0.4565893460296097,0.5
9efe6403-daa5-4bfe-a797-12b5a7c6f968,77dd12b8-a20b-05c8-2372-79ba1b1624a9,3ca315cc-b9c4-4379-be8c-c2df8c0e42d6,2025-09,0,0.07785471672580249,0.0
26eef82e-aded-46b8-a3f0-1e0e6a54594c,79d4d3fe-73c5-a965-030f-c60220ee20cb,ed99994f-80a9-48cc-afab-45db09c246e1,2025-09,1,0.1577331428855501,0.6388192166698823
073880c4-647a-40a0-a272-4ab157b85773,79e31f6f-69dc-a40c-27d7-3f076878f83c,a0cd9c66-c067-4001-ad7b-586b6c15537e,2025-09,0,0.031016917894757048,0.0
212759f1-31bf-43a7-8c9d-033af917d2b9,81f2f896-343e-d20b-9964-56fe1a515cc4,25ee80b8-cf8c-4ae2-be73-fe7c991751ce,2025-09,1,0.9962005383772038,1.0
64600b87-5a7e-45d6-90fa-72eba8e2e363,82ce206e-2925-18f5-f18c-d80631a9964e,349407f1-b9ed-4f70-9e10-33aa675f85e6,2025-09,0,0.5224366065487409,0.5555555555555556
06faa54b-f921-4f3a-8761-b97f1177cb46,83f51f9d-9d36-eda9-e7fb-5b1badbbd5d9,2f49d447-f15d-424d-9a7d-be051dc880d2,2025-09,1,0.32316955007736636,0.0
c1ddb288-1923-44ee-af6b-7e2f4f611cf6,8506a1fc-82d3-6a5c-c7c5-64702dd9ce92,88d7f91b-4b17-432a-85d0-f0bdcdd44b99,2025-09,1,0.3941362099513165,0.0
a95bad61-6a37-4cd7-a2c5-970d6b7f3d6a,854c86e3-8b7f-0ca8-f4ac-c6a073699611,8db9e51a-5204-4143-a5a0-086b8cd03403,2025-09,1,0.999718962318603,1.0
0de21f9a-0376-45c2-ba8e-5c052827df9c,855f3f6a-72ae-46f4-4cc2-a9a0d5df5b70,9131c211-f95d-4213-9955-02879ced6aaf,2025-09,0,0.05533188282006277,0.08695652173913043
255278d7-51d6-440a-b8cf-217815b47e39,86cd2239-fa55-0389-437e-e8fd505dc931,20d5e9a6-73cd-4f5f-9b27-ba9a13e7864e,2025-09,0,0.5330413962440539,0.125
c2675c6b-a21b-482e-a1cb-ed58cba12c5d,871465d8-763d-f593-3677-399c50f5ed41,c029ada8-f2e8-4017-816f-39ed5259c0e1,2025-09,1,0.39970319681450056,0.0
665aaebc-36b9-4980-9bf8-017313c8a7d5,890b32d9-f754-8150-5a18-8a21fcdf3828,57d1d250-caf0-4e54-afe7-757c96a4a181,2025-09,1,0.999143825496615,1.0
1695e876-da32-47ed-86b2-34d0c72684fe,890d247c-e472-92eb-0db7-ca3bc375622c,a3cfd3dc-4afc-4129-8b06-9756a905d971,2025-09,1,0.40897440513343986,0.45454545454545453
622bc2c0-79dc-492a-a599-900c380f1add,8aacbc78-5e56-b3c0-f8bc-fcb5490b94f3,d06e259b-0f3f-4c09-bc77-00ec39ab5924,2025-09,1,0.9947953680592958,0.8846153846153846
ca9f4d2d-3a5d-489c-bc44-8d1aeb2587f3,8b48adf3-c14a-fa6d-9785-b4bcb35f8fbb,656473e2-7641-46ed-9ba0-9fa996a8b682,2025-09,1,0.9526860586030808,1.0
b1421fe1-3fe8-45be-89d3-a3b37be2b5b6,938b7931-4bde-a083-d158-635a65e6da73,eb10394b-98cd-4a92-b37b-51dc1f2b3574,2025-09,1,0.36956992130059363,0.0
c90570b6-f30a-4980-8092-e6455789661f,93eb3d6a-d35b-ef1f-83b8-7430b6ad1674,c812ba7b-6318-4ce6-b0dd-78749fff30e5,2025-09,1,0.9454048471749332,0.23529411764705882
a0e02e46-4faa-4639-8dcc-d238fe602bd7,93ffab65-d88d-3bbd-9dba-fc0c764f42f4,1603dbbe-906a-4637-b5f3-7b439534f396,2025-09,0,0.9104766139231609,0.5
62f35a2d-658e-4843-966e-b60a91a84cbc,93ffab65-d88d-3bbd-9dba-fc0c764f42f4,d3acdb39-30e5-4ffe-8b9c-f4326c93be87,2025-09,1,0.574231844292437,0.5
c4d324bb-6975-49d6-9cbe-9476ff332c5c,950dd22f-78fa-d205-48b3-fe5a5cc7438e,62887698-aebf-475f-9c98-0a212110dd24,2025-09,1,0.9960500640734212,0.7931034482758621
affd7104-5c6a-4294-8120-3618813f3596,9653a402-ff75-bbdf-8cc6-1cb0ca01f233,81f71080-dac7-40e9-bb6b-3526cdd47015,2025-09,0,0.09087951140365204,0.18181818181818182
9d574571-f829-44f9-b448-7dc25639db46,9714e9c1-0eab-8c23-1dd7-2071a458be87,8f974785-0027-4c0c-88de-592a5fb9ed17,2025-09,1,0.8908597950898086,1.0
1bf894ef-9c0b-450a-97f0-4f62c59cda2b,9714e9c1-0eab-8c23-1dd7-2071a458be87,df6a638f-8008-4e24-9d5f-e2188a356b32,2025-09,1,0.9013029957553117,1.0
bf77511c-fc4e-48b1-838c-3f28ab2de15a,9714e9c1-0eab-8c23-1dd7-2071a458be87,fbdb22d0-94a8-44e6-9c98-b1d8881da9e9,2025-09,1,0.4841319434475775,1.0
57387d7c-fb94-4944-8aba-2a83736264a8,982397b8-b96b-4d87-eb8b-62916e148d45,e053e915-af46-443c-ae72-9afc7fde4294,2025-09,0,0.08094181004502053,0.6388192166698823
a7cf74f0-94d4-49e1-b72e-375ff9d37454,9aab8e6f-97e4-131f-c6cd-a91d11668656,c2b24d33-90f8-4d46-aca8-d99bb1f2c844,2025-09,1,0.08273495676713291,0.125
b7d9dd5b-a648-4e3f-94aa-02785ca05ced,9b3925f8-4a9e-4735-7dbc-bf5a8dfff4d6,4c3b1aca-4db5-4dbe-94c8-4acaa07739cc,2025-09,0,0.42165698343856906,0.6666666666666666
74103e9e-6f7b-49d0-82cb-fd2df66afd07,9defe9e8-4059-ba6b-5abd-0d1304e73008,4e78638f-65ec-472b-9991-cea4565d4ea7,2025-09,1,0.4631241280952577,1.0
a33d4f8e-4614-474d-88b5-442616f19029,9e64e0fa-e34a-1c76-8e4a-1452643fab9a,c60e7351-900f-4499-a207-99f3acb1ba49,2025-09,1,0.9179626544180992,1.0
04f6284f-83c3-42f4-aaf1-db03a69ffcb5,a64019d6-e321-3cb8-e823-478ced6ff4c2,5efe4230-e081-4932-8bef-c352bd9eb4a7,2025-09,1,0.9747407248331189,0.6388192166698823
230012a9-12e3-4665-bf79-db4b6c089df0,a64019d6-e321-3cb8-e823-478ced6ff4c2,5efe4230-e081-4932-8bef-c352bd9eb4a7,2025-09,0,0.16722869996978568,1.0
d7ce2b9c-9b32-4663-ad2d-d852f433a81c,a7798da2-f8ee-1840-a1f3-f29a9e764b97,9ffe9701-32ac-461a-b5a1-8bb653d34a4b,2025-09,1,0.9990154583684936,1.0
3564d963-6a91-482b-9ee6-81a2c87318b1,a83c1af9-decf-48ef-8576-c97d8b3ca11b,35f09de9-4fca-40ec-9b64-d79630bafd60,2025-09,1,0.7469373471341978,1.0
035d5557-9bfb-4ded-8c3a-13f6dec53052,a974c0ea-b223-c4ff-2027-207ec4a462ac,59864420-62d6-4d3b-9b98-6872f9821633,2025-09,1,0.9474034600443438,0.9666666666666667
27058ca7-cfed-44ff-8168-3014dcdfc3a9,ab4b64a7-4f08-89f7-9835-689b479f16bd,442fb7e6-281c-4f92-8dc3-0f6af6cd61fb,2025-09,1,0.772908012470094,1.0
88548afe-d2c7-468b-8235-b8cf78d0a404,ae17092b-b9b3-31a9-8d6a-555889000bbd,1e9f3018-6098-4a56-934f-5484bca84f5b,2025-09,1,0.9069667239512237,0.5
e121db75-c51f-4e25-8a14-608c020e67ad,ae55ee92-2de5-2688-0d4d-095d6b247552,2de6ee53-a917-4a9b-962f-37e5d429949a,2025-09,1,0.565137425310986,0.5
9eb362af-8303-440d-a89b-7b6f35e3a5a5,af12a12c-92bf-088b-3073-292fe4dfc478,bdc2c4ae-b9b2-4aa7-b8bd-01fdd0145e27,2025-09,1,0.9964450186074959,0.75
5729155c-9c13-47d5-ab87-dea386b41220,af16fe79-211b-993d-45cc-0c97af4a725c,d8e97056-6537-4159-bcea-802e2f37fbff,2025-09,1,0.9307305607661481,0.6388192166698823
007bbc86-0cfa-4bb9-b8eb-f7f1ffe9f311,af16fe79-211b-993d-45cc-0c97af4a725c,d8e97056-6537-4159-bcea-802e2f37fbff,2025-09,0,0.0794032599802054,1.0
febe6b3b-388f-4828-bb5f-5ed1303848fe,af8d560f-407a-4e9b-49e9-88f54d8671f4,56e6630d-239f-4544-99e4-87ae533ed05a,2025-09,0,0.5883584047781164,0.0
817cb2e7-16ee-4f73-ae77-93fb2c94e12e,b0348aa8-ad9f-d0dd-94e8-c71a6627c930,db9ec732-0eba-43c2-8e97-5e7a05e17561,2025-09,1,0.9779762627992784,0.375
484df0fe-f33a-4a9c-91f2-d611d1209747,b0a6f0b5-9fd8-112e-2bfa-24fa8a25779b,f5dc7322-00ac-4867-a914-e2bddeac9a0f,2025-09,1,0.9943303065972149,0.8
5895116c-53e9-4545-97db-e83de69d1b68,b111e4dd-be1d-2c79-3945-480547761b5f,1e0bb8aa-b4ea-473a-90f7-c89d96df2323,2025-09,1,0.9984115904569726,1.0
b937d087-f11f-4a5f-9b8d-20220919186a,b19dfc6c-a5d5-734c-3d3d-6389c281b3bb,2ddbff71-425b-4f25-a932-e1bf574b2035,2025-09,1,0.9985669480952629,0.9375
12ea7abe-5477-4ca6-b67c-4ee96c6fe177,b2c95a31-a85f-5161-1831-d1b5844db7aa,a5696df7-ca6d-4c6b-bef2-a905054e3f8b,2025-09,1,0.8974492550802222,0.7142857142857143
3f34d3ae-22c7-4f65-a147-eecca2e79cea,b350bfbd-5bbb-d523-c32f-5c5d2cc7e980,ff8ca2ee-9523-4a03-ba50-e7e02ce9fed6,2025-09,1,0.35719984983615627,0.6388192166698823
aff92819-a08e-4945-a96b-ac97a11198df,b4a50439-db13-dc26-d980-eb079b321460,902fa4e5-f7dd-4671-9d39-6516ba2e51d8,2025-09,0,0.16329751171320867,0.6388192166698823
d6b705c0-841a-4716-a999-7928b25a6933,b533de62-fd5f-cc73-01ad-82aaf5df2fd1,0ba08a0f-dfc9-4583-9301-a99a7e275d94,2025-09,0,0.5047851378677808,0.375
d48d9cc2-5a3a-41f8-89ac-c3e56465e2c2,b85e5e22-b8bb-e217-167e-913ce5dc381e,f2d9195b-c864-4a69-a8a5-cacea5959a3b,2025-09,1,0.43920383797874807,0.0
816cd290-61d6-492d-ac1c-cb94f30916d1,b865619d-9980-0806-c5b5-97fee058322e,296f0113-6916-40f3-8fcc-cd54685de8f3,2025-09,1,0.9886869901003957,0.9047619047619048
ae6b44f5-8db4-463b-a232-1fd830449dad,ba8dd5e0-ed0e-8b6a-7098-2732476feb31,31a1c073-bb44-4019-8548-0c5a8114de7b,2025-09,0,0.4942725347519706,0.17647058823529413
f6446de1-6b9b-485b-81e7-43cb279cdda0,bb36c2de-ac80-369b-bef1-b7a9025ad305,8e96a43e-6fd9-4323-8d17-2c4e2317d420,2025-09,1,0.3721638123039726,0.5
8c648705-8e6d-47b6-8b3e-a67c92f56cd0,bcf8ffc1-fd5c-f6ab-0453-7a73c73786dd,d1981985-ab9a-4777-b85f-46da934e391c,2025-09,0,0.0909339157325226,0.06666666666666667
6733e90a-1b42-4315-803b-295a56bd97ab,bdcc24e3-6077-3ea9-b25e-2747d0f07be7,34b48e10-aa34-478c-954d-06259adb5384,2025-09,1,0.10343908049684153,0.0
7704cbe1-a7ba-4860-b6d7-b4acb287d8f7,be68c44d-d4d2-478a-7b1e-c9c3fefac406,c6bf983e-033d-46e6-825f-5620364a403d,2025-09,1,0.9957679403442333,1.0
64dbe55a-86cf-4dc6-a508-467a5c35b7a0,be84008a-74d3-3cc1-6fd6-bcef998f7bff,4ab14a0f-9437-43ed-9504-94985a2312ab,2025-09,1,0.9982953383578622,1.0
8069d503-66b4-4b5f-81ea-376ac4a08327,c02eb961-2471-c285-9c28-fb9a12aaf70a,f848c7a4-dbda-4fab-8678-376064453b2f,2025-09,1,0.07929504632169544,0.0
9f7963a4-19a8-4dc0-af95-a79630ded509,c09e703c-d287-38c8-d1c1-239145e17df9,d60bf084-22b7-4aeb-a8fd-b48b4786c6fd,2025-09,1,0.9928562483550847,1.0
2670b458-c536-4428-ac22-1c4ef3b54322,c16f5af8-a99c-38c5-d338-56aa819d37ed,396c14f1-4da0-44da-86c8-5b3884103ca5,2025-09,0,0.11415606888743776,0.6388192166698823
196d855a-1f6e-4952-b03e-6ce7222aba3b,c1b3479a-b415-c370-ba7c-636b4f4c56d9,c26692cf-75b7-4ede-9858-201c269dd988,2025-09,0,0.2953864326038676,0.3333333333333333
442a8df5-848f-46e6-a655-eb161ad68ec3,c2329858-525d-2f70-5e31-bf9a8358eb3e,956b173b-5f08-4c46-999e-d04c26cb3609,2025-09,0,0.08090562342360928,0.18181818181818182
77337393-86b2-465c-9bbb-b94d1d4de3a6,c39e5b6a-5497-09b6-25cc-89f1ea8a608c,6b283442-207c-4a26-8ca9-2214393a804b,2025-09,1,0.8153631404156525,0.75
184080e8-041b-4ef6-9ad7-d3f53e891e35,c511ac63-cb7e-1453-92d5-ea4ffba1c360,53bd63b6-67b1-4de6-94a4-66b940e4e20a,2025-09,0,0.16239708445108728,1.0
ea729f2b-ca06-4c39-944d-b3532069c1b5,c675e97a-0958-0695-90b3-49311eec8fd7,f3d5faeb-a060-4d56-bb7c-559d3f157f51,2025-09,1,0.21686198924157452,0.0
533a95f1-1bd2-44bd-a1ba-1bda41ce928b,cc559ab3-0859-6b34-259e-1f5c43be7139,778655b7-c1e0-4699-9ee7-0e5834799010,2025-09,1,0.4216779527956329,0.5
8a79204d-2885-4bb4-b07d-e6c5f8346627,cc559ab3-0859-6b34-259e-1f5c43be7139,dcd6d78d-d735-4f74-9742-687ff8a8bf96,2025-09,1,0.8522824026506042,0.5
bb836769-8e0e-48c4-8925-58e5f886ee7c,cc559ab3-0859-6b34-259e-1f5c43be7139,dcd6d78d-d735-4f74-9742-687ff8a8bf96,2025-09,1,0.10350544489113077,0.5
628ca21b-f988-4c0a-acdb-c3afac7999dd,cc559ab3-0859-6b34-259e-1f5c43be7139,778655b7-c1e0-4699-9ee7-0e5834799010,2025-09,1,0.8890705871405585,0.8
7c5a477d-26b1-47ab-b68b-f26c41ce547d,cd2c3f97-4df7-b32f-d0c0-12031beae516,1265235c-5696-491b-925f-044ee29ba97e,2025-09,0,0.4866627829710099,0.11764705882352941
610df4f5-e889-46cb-a755-5c30a5c2a129,cda37b51-1bbc-af0d-a560-49af88fdc751,467a4a8e-2db8-4bd3-a0b3-e4d37731be26,2025-09,0,0.9249758178440228,0.8333333333333334
2146eeaf-5313-4cd4-8812-2b091ba647c3,cf1318a5-0564-4af6-d90e-c3e76de1ef08,5268e485-491e-40b7-942f-61c133c796bb,2025-09,1,0.9970295844510432,0.9565217391304348
027e565c-56ee-4465-b3de-d031a8cc90d9,d123a096-4929-ff8c-4efa-a8e4543d3da7,08b359b3-caad-4e09-a957-8866ca7dba42,2025-09,1,0.9105604719648359,0.6388192166698823
205d6990-15c5-45c1-b35e-6d72e649d91f,d123a096-4929-ff8c-4efa-a8e4543d3da7,08b359b3-caad-4e09-a957-8866ca7dba42,2025-09,0,0.24878197715704237,1.0
48845a35-d012-4e45-aaf2-2233fc6b111f,d1e7314f-a799-1441-8adc-a48db20e93da,f9231162-ec72-4793-bcfd-ea671ac0d111,2025-09,1,0.6751181059606861,0.0
41c92090-e534-4218-9df1-4351e06dfcb3,d257c87f-0e42-048c-8409-362e925d86fc,597c2d33-b758-4acd-811b-c7b22289dcbc,2025-09,1,0.9997947719135906,0.8823529411764706
5498bc63-6fb9-4811-9410-7f0d3f98188f,d497808b-36e2-ea42-d247-85b4e409078c,6a566076-355d-47b3-840f-1ddcb740c496,2025-09,1,0.31309448862458844,1.0
bb7548fa-5641-4fd1-9b33-2f574108d583,d58d1d2f-e65b-7705-8ac2-996da0cf28c4,f009d211-2428-4e63-8c09-22ad8ba10987,2025-09,0,0.2560066966488654,0.125
b6b6b84d-9fe9-415e-8d64-9eb5a43b2ca1,d6268133-5904-3e9a-6956-9493d2f78a1d,0dbd34ff-df20-4e27-a2ad-bcd09666d64a,2025-09,0,0.24562652800044638,1.0
513940de-510f-443e-94c5-e38ed5e3d2ba,d6d33436-345a-e39c-9f8d-91c76dca514e,1bb08655-ecc9-4795-8186-bb34f130a593,2025-09,0,0.889176494433151,0.0
cf69437d-ef29-4dac-b23e-5f1d32078b8b,d6d33436-345a-e39c-9f8d-91c76dca514e,d2a1b0e9-a573-4c99-8093-42240dbf6847,2025-09,1,0.2540258680519106,0.0
e4e6aab8-0208-4e89-bb47-ad7ec56c55fd,d77b5c1e-605d-6795-5eee-1e2f9b83e069,f6976df5-ab7b-4cb2-8ce9-e36efe843745,2025-09,1,0.4631241280952577,1.0
ee2e2bf2-37c8-4a56-809b-a63be12b23ce,d93d9661-c38b-55ac-e5ac-93c052d45622,f48bcd4d-b81e-4a57-a0f3-09dfa5e2e00f,2025-09,1,0.3907774944391976,0.5
aaa90333-3e0f-46ad-8f06-80f4857ad5c9,d97ef4f9-a927-a7e9-03a3-fc84f79e19af,1ea77b42-81d1-4535-bfd4-de9a7bd31eca,2025-09,1,0.9235655489579957,0.8
990ca1be-4bd6-4685-bace-484b3d5bf520,d9a74fa5-6394-f751-240a-2ff642673fc5,d3781754-4ad0-45fb-b64f-9153d1b33e6a,2025-09,1,0.6017836962428826,1.0
02fb904b-6fa6-4622-89c3-4be304d99a78,df5ea39c-c069-5211-271d-f0d3831adefa,3394785d-ad9b-442e-9c87-3ab4f47b1876,2025-09,1,0.4873963699937985,0.3793103448275862
82666466-38f1-49d9-949d-f2fe7e497ab2,dfe72882-2923-e759-ab37-45a4f6c5f1c7,4fac063c-5430-4b03-984d-ddede60e9cee,2025-09,1,0.3586071815329183,0.5
a52d2b26-2737-42e6-ab7b-0a53b2596798,e04a7b1e-bb22-2ccf-a342-9eea602847ff,ed206b50-b8c2-4587-907e-681f2c148f8e,2025-09,1,0.9957560848073068,1.0
fb28da92-5aac-4528-abf1-d82cc84fe474,e093abe2-fae5-a599-2ee8-ce612d47e63e,1dcbdc90-610b-4530-a9cb-a032f49707e3,2025-09,1,0.8048056504168378,1.0
440d83b4-2249-4dad-a802-997213461d53,e17238d1-34ce-0cbb-4dc0-f65e60ff52f7,5c6e4440-a7b7-4d5b-baec-a422ba050dcd,2025-09,1,0.9917675184262966,0.8571428571428571
96b958bd-c4e7-4ba5-9577-104416dadc3d,e43d640c-3d0c-c63c-52af-626feca768b5,21506fa6-9ecc-4737-9fe7-742cf3dc0a51,2025-09,1,0.670540316538429,0.3333333333333333
14baa2e6-7d8b-41ef-bdf3-54cd4ea50eaa,e494eb69-def2-556d-3bb9-7c4124ed109e,39ea3363-7669-4b60-8c30-7d3687b62a0d,2025-09,1,0.3941362099513165,0.0
c10f25ea-099c-4817-be8b-cbb121ca2b37,e54f192a-b17b-11b9-0448-1cf4ecbe5f43,52af2eb2-0f97-484b-aa94-fae6a75d64ab,2025-09,1,0.7627488181323643,0.0
490e6177-bb2e-403e-a040-828416df52de,e6dde6a9-4da9-d1a2-802a-faf5db207e8e,948c83b1-ecc1-440f-9997-479b290ef8a0,2025-09,1,0.5131667624044526,0.8695652173913043
41a6fd37-7a1b-49c9-a3e6-6c017b61d3b3,e94dc9d5-cb52-49ec-80b1-98376aceb874,64e94573-3ff8-4444-8463-cc997625aa46,2025-09,1,0.8608970046186986,0.26666666666666666
2bbfcb0d-0c77-4025-9ff3-fb8abf2da67b,eb7de080-f310-4225-66d6-f15dc51fefcd,024b70d0-29db-40f3-a244-a9a228b5388b,2025-09,1,0.45974881672475976,0.75
df975b3e-383b-4458-b43f-0524a7365d87,eb7de080-f310-4225-66d6-f15dc51fefcd,65f64e54-dd00-471f-befe-cd9a90c8f991,2025-09,1,0.9421853150417018,0.75
3f302651-d394-4e68-ae89-a20b75674e3e,ec6bd398-2413-2c67-18db-10bdd92ee4f9,83dd2c1e-368b-4c57-b9b8-fbcd6ae6ea9f,2025-09,1,0.9985073217751961,1.0
f099cf5c-5356-4f52-afea-8f621b92c45e,ee61dd03-6eb9-0d71-8bf4-a01ac422b8be,a49dfe35-7e1e-4d81-a32b-8877a575eb1e,2025-09,0,0.5091105316646167,0.3076923076923077
bc2191f3-8f1d-4329-84e8-d0beeb2e8ee0,f284b25b-d762-1399-a12e-ba7ffa6b6f97,1129e54a-0b3f-417c-b6db-e1090df6981b,2025-09,0,0.10981962658386114,0.125
e246c1f5-b911-4772-adba-e25f71e111f4,f2a00e3d-de04-40a3-6f41-a3ebfcab4a3c,4da78ee8-cbc6-4e20-949d-cf7237c7129e,2025-09,1,0.32316955007736636,0.0
120ea910-b020-4900-aa7d-3b2a1d9e269b,f6c5c3d2-ceda-6c7f-aa96-359c7dc9ee92,43ba38ca-08a9-4fda-9c38-448a30f1cbe9,2025-09,1,0.24557032124448638,0.0
4bb57845-9bed-43bf-964f-bf112d3cfae0,f8723af2-2adb-2870-b160-e1ad562524be,a710a504-eed4-465a-8668-bc3fbe646e62,2025-09,0,0.8223230695958411,1.0
262371da-c751-4c0c-87f5-dd466768b977,fc3a7af3-d462-ffa0-bf10-348fe7f764f5,8c96bbeb-234f-4c4e-b3f0-dea0ea5a1cac,2025-09,0,0.789454490657441,0.0
2044de55-8f50-49f4-a821-6bf267877346,fc8a412e-e0d4-35e1-37fa-5f798b7dc7f4,ed381183-4ca6-4302-84bc-e1e05958ed09,2025-09,1,0.596608306674738,0.6666666666666666
67f443e7-62ba-4e05-bd08-04ce860e058e,fd1d6483-722f-9ff9-67bd-a98f7e3f42af,43eec801-0423-458f-8e6c-dcadff5fcaf2,2025-09,0,0.7887772251274848,0.5
2c1ff024-19c9-40e1-8c7b-d01ac4041685,0278721a-a690-833b-298a-16a351fb7a3a,6555e453-3efe-45a0-9b81-711fbf2d0726,2025-10,1,0.9992508823545208,1.0
26f75b4e-131c-4527-ade3-41c0f520004a,0340956c-c19a-d700-7d78-cea190ab08b0,33a67359-b1b2-45e4-8dba-a9001a8d659e,2025-10,0,0.7044733145610418,0.0
a38398a2-f5ea-430d-9f20-b8b9275fed76,0340956c-c19a-d700-7d78-cea190ab08b0,33a67359-b1b2-45e4-8dba-a9001a8d659e,2025-10,0,0.3200676495760936,0.0
5570bc18-e39e-4788-a8be-b86ac978c28b,03ce56c0-8798-b95d-7125-311b80363e74,90df3267-4239-48a4-89aa-4a61e24239bc,2025-10,1,0.9858345590815493,1.0
d3f2ce89-e7a1-401f-810a-ad813f24eb63,044fabca-8052-c100-2783-a270debc8c40,36c204f1-519c-4729-b424-1ca9d17fff37,2025-10,1,0.9499992834911837,0.4
f440d606-465d-4473-a09f-d69d5a49bb61,04ba1c6f-6c06-819d-9ecc-a0c5f795b922,cbde9bdc-2d51-4e5d-a732-1df1160c4b74,2025-10,0,0.6083094572371661,0.6
b7944a4f-e0cb-4347-8672-704facc6eb51,073e4bd7-f1f1-49d3-604f-c365b9952a6c,e70ad66e-a26a-4c8b-a6e1-9743710c50f9,2025-10,1,0.5819720488203405,0.25
a70c2498-6a19-4456-9b45-6f5e425ccff4,0a550b32-ac5f-efb6-6d3b-e9975e20a82d,95855f3f-2de6-4518-923a-d6bb61e6edd7,2025-10,1,0.5148589493084513,0.03333333333333333
350f4117-f82a-4fe8-b934-ca10d9ab300c,0ea0c6d9-a99f-89ea-6b85-9ae409698bd3,9213b9cf-1bcf-41e7-a060-e578f718f991,2025-10,0,0.6340072402857165,0.5714285714285714
6e948587-fe5f-4525-aa55-f132b735deda,104a66bf-0d87-2acc-ec03-a73d1c1cfd53,4285ffb5-00b5-43ed-8956-07fcaeccb965,2025-10,0,0.25262299689487355,0.6388192166698823
4735f5d2-8d18-4fa5-8f2c-89731547ea47,10f3edc6-4b03-b82d-8df1-09ddaf031c0c,d0b11ad6-7841-48cf-82cb-55e373063fac,2025-10,1,0.9898704000498888,0.7333333333333333
d00b57d9-67a8-43af-a99c-1f4047bb3cfd,11316c38-dc08-4983-3588-fcadd88bd5d2,597a1580-9401-42ce-a407-c9448d5017f6,2025-10,0,0.8496218442402552,0.6666666666666666
fde438df-cee5-484e-9d2d-488b438a940a,11e96dd2-92f4-f793-56db-439d5b3de156,3f072df4-ca44-4975-9844-ebd8be4312e0,2025-10,1,0.9645161556760703,1.0
e443491e-d87d-4b76-9a68-347a8501be56,122c395f-56fd-4482-fe33-7fa3c3cd30b5,45df567e-3c5b-4da3-8bfd-6605e5e6c7a9,2025-10,0,0.11243542355496786,0.0
ee36befb-db2d-4f4f-911b-ae567e8e95f1,1287ac56-adee-78b5-6a6b-56b3e8dd7d48,c88936bc-cb40-4598-a743-3c301dd4dccf,2025-10,1,0.9604088308185097,0.875
a17cc165-c3a6-47ad-b561-6e86e715fe04,146a8458-f956-54ed-317f-b99f7d16fff8,9698da1c-596f-48ae-8618-16b9c409f192,2025-10,0,0.253150426240778,0.0625
7bb7db4d-2b74-4aaa-bf7c-57e002b0eefc,148cb172-cc40-9c01-ffa5-33aa5d70bad8,a2b40718-04d7-4dbb-9143-65a881e8a092,2025-10,0,0.562678994495367,0.9473684210526315
f8a6fe7f-8c94-45d7-9530-2ced1ef9e22b,17d13989-4f37-42a8-1eb2-88b2df3a9692,3c6dfb4b-b32b-4155-bcc0-1eab4ccc55ce,2025-10,1,0.5608732533080054,0.5
d907710e-e2ec-4605-8c70-9252a890f7f6,184aad86-c460-d78c-0f04-fd69a75fdb16,ea4d1416-9a8a-4cfa-a7f0-04dbc74f72bc,2025-10,1,0.8809356003758594,0.5
a0419cbd-281b-4fe7-9d1e-7392564fecb3,18788fe2-f6a2-826e-2199-6cec118c6d00,6a5d492b-8175-4c5d-86ac-ff94ea72d963,2025-10,0,0.22880504076086977,0.125
82e7aef7-62e8-4792-b1ab-b7aba9b8a4fc,18d86801-3cb7-11d4-8b9d-433429296014,9c5f6705-4936-4bf4-91d9-8bd75b4c341b,2025-10,1,0.8741176827351506,0.1
32ff3203-bf3a-4a38-9bad-51e503fb4dd9,190cae44-33ef-8fc1-f07a-fb84a1b78bdf,14a56846-9891-4413-b142-b80acab9e730,2025-10,1,0.9180585292109726,0.5
9c5da4f0-2aa8-46e5-99ba-fd7f76163c39,1932ea80-c6eb-874e-eca8-12410fa7a608,7ce79ba5-79fe-49c0-9e0a-2ace149ffbd0,2025-10,0,0.08415898684358848,0.1111111111111111
69ae0728-fcaf-46df-9936-2c185a0ba361,1b003ea3-bdcb-0416-c3c2-8ff60f2f65f5,419e1438-3ed5-4447-9f4c-68505b3371d9,2025-10,1,0.9977209922698848,0.8
a9378f68-05f8-4d87-95dd-b60366ade480,1b7a8ca2-dcfa-864b-b6f3-f5e53beb8da0,0312e73c-7ac3-4464-8c92-d3771d098413,2025-10,1,0.6703350016115917,0.5
e10a6a48-56c9-4eda-a931-5a00272c30af,1d4c0119-5151-7a5b-2266-f16e44f67157,55469cc1-579d-4801-bbbd-4f113cad46e9,2025-10,1,0.9938725994252119,0.6666666666666666
2fdf7a4b-0acd-4b88-b7dd-0f823aaf6388,1eb13d75-4e74-34de-0d7a-6936b746e12e,abf6275d-aab5-4614-963d-9dbe3ee0aa87,2025-10,0,0.7908796149677157,0.5
7c0133b6-aed3-4f7d-85ed-c1ee3439aecc,1f386b6c-673b-b4f5-5a19-10e9869fcb75,1cade627-e515-41a2-8fef-84b24901e0a8,2025-10,0,0.2517236057818543,0.0
0f42dfeb-4501-4237-853b-41916bade155,1f386b6c-673b-b4f5-5a19-10e9869fcb75,1cade627-e515-41a2-8fef-84b24901e0a8,2025-10,0,0.25511744215537063,0.0
d010bdba-6435-4dbe-b9fa-906069c9c294,1fc0c3bb-f35c-8d5d-a4fa-a9c1723cd8ab,0d1504e1-2884-4dba-97bd-0c3bc37e1669,2025-10,0,0.8415714096145911,0.8064516129032258
41f6a09f-916e-4e56-8e16-328a817f8e0a,227f376b-633a-5615-5670-c29559d0a08b,b98f8c1f-f2b7-4f45-a583-7bb76e52c466,2025-10,1,0.44530523415864254,0.1
cd102d3a-07ea-4d89-946b-09221cdff329,22a9494d-0e02-6fba-4aee-7947f1e6110b,a9694079-2985-486a-8cd6-bd3243751b22,2025-10,1,0.9992664102707106,0.9230769230769231
bb4cd0f4-9e18-4d42-bbf2-7bc7ff380787,238b347e-e7e9-b1a3-31a8-a2f8fed99f55,3d2bb31e-a4e2-4d67-b934-8fbb641505da,2025-10,1,0.9990895964752516,1.0
3210ba01-0522-44c0-9e9c-45b64dfb4e36,23f7ef5f-6b26-a104-b616-b438d7e9243c,8cada743-d341-4211-b2f2-094d551e9ef3,2025-10,1,0.9894600273933823,1.0
4dded2ef-612f-4c30-9f6c-3c9f8d6a0df0,251051cf-e3b5-5d37-918f-bf22b4875790,05a7138b-3291-401c-b2bf-28981d85d111,2025-10,1,0.999603921312097,1.0
8ec5edcc-4cf5-42cc-a17a-25ead83ae9f5,25b63db3-6d1d-cb00-d25c-dfd8b4b17909,323f67cc-5fe8-4e19-89b1-838f908c4f0a,2025-10,1,0.8809421133625654,0.8823529411764706
784faa54-4c7f-4a37-8492-9f6a15dce4f9,2631ddfd-660e-8719-1876-82cf88e13a60,0c8b2433-3b52-4a31-973c-d1049e2367ce,2025-10,0,0.1223616688512789,0.125
4af7656b-c6d0-4172-932a-bb85cdc87644,276b5368-040e-e40e-948d-d1159a743920,47427b81-4142-421e-aa12-04d8f6f5d16d,2025-10,1,0.9494582337921763,0.4666666666666667
f152fde2-0da7-4d57-8e47-d63708cab3e6,2794ccf7-4966-f00d-35d6-34ac17db73ea,29309a70-09a1-4c35-b877-ca27b04ec436,2025-10,1,0.9883235021470826,0.9032258064516129
ddbdcc23-78ed-4b42-93b8-b64693d6f494,29e47ac1-831d-9edd-4744-efc0e2037ff3,954a76d4-6294-4fd9-9c87-30457c524da9,2025-10,0,0.6544349099736627,0.5
58f6552b-91f7-4718-9899-a870643dddd6,2b785f57-1c4f-d4a8-d486-b69e7b2db5bc,3c7ccdf6-cc34-4475-9b15-a0933043ad80,2025-10,1,0.9882742730491891,0.8333333333333334
9e250cc1-7b11-42aa-b3b9-ea4e19a1584f,2bd67002-1f8f-faff-efc5-5063dbedf10f,fe2ad17f-410e-481b-ab4d-af0e65a40934,2025-10,1,0.9500893314616848,0.75
b5e4a5e9-f227-4e6d-ad65-25b6543d6f4a,2c1980eb-be51-916e-8f61-1e8fe83afb0c,345fd782-4252-4f02-958d-3531a545878b,2025-10,1,0.9757687884805719,1.0
0a99f1d7-c02e-48c2-97a5-06eca11736c7,2c62dfe0-1a80-ff55-1d8b-51ac0c7da2fe,c95071e6-baac-4c03-9ee4-82e18f461a3c,2025-10,1,0.677659289823849,0.2727272727272727
8f4cb033-26da-4871-8e5a-66e091704510,2d24b7c1-6556-8eb5-73d6-3ed3913e6d40,cfafc812-f1cb-4018-be15-ee702308c132,2025-10,1,0.5543784418172453,0.6666666666666666
ffa42e47-8d6a-412c-9379-e17ae7acd5d0,31f3f7a3-5dc4-21cd-ba54-b41347a7822a,2d403254-d4e3-484a-ab66-492809785e47,2025-10,1,0.990644227175819,0.6666666666666666
4a51d08e-1013-4bed-9a79-83c951cdc547,3761a198-73ca-bdb8-338b-d52c21eb8f2e,5008836c-8f0b-4e7c-a0bc-a2df39870ecf,2025-10,0,0.7442884404875022,0.5
bd8259ac-4224-40ab-aa2b-c866a60372d3,38069f8b-d44e-0b86-a0d1-dafac5ae1232,0bb006a6-102a-47c8-8091-3f3a4bc5731a,2025-10,0,0.1264829819557488,0.14285714285714285
c03cda24-bcaa-4abe-b36d-331142bfacc1,3b02f95a-b47e-1037-4f8a-f2f31e35c98e,ac6b528f-3e64-4f40-a65a-a073b663edd0,2025-10,1,0.8019148977614499,0.0
1bc3d734-a856-46ed-86ea-b7a6ae98a2ba,3b27dc97-dafa-0480-7b61-5549a3ea7eee,be99f7a0-c9f6-43b6-9cc5-04577043e0bb,2025-10,1,0.9967041811153766,1.0
2520fecd-e118-4cea-912b-820e4f876abe,3b48ac67-d1fa-b227-f284-5da0a25e5ac0,a6ebee32-e984-46da-929f-4e1c0d37ccef,2025-10,1,0.9454316863330999,0.75
816780e2-4a3f-477e-bde7-9da81ee553cb,3caa59e9-5e0d-3ca4-6303-a17bdb2e20ec,7790b900-db16-4855-bf52-32d929c70e45,2025-10,1,0.9531466711929111,0.3
34a293da-700a-4190-87fa-c646b17cf5c6,3e50af3d-452f-d098-b3bc-3c2a64576d55,288569c1-8892-451c-ae1f-6ccf0c41daa4,2025-10,0,0.4112861111943383,0.4444444444444444
dc395db8-585a-483d-81ff-661578fa7187,3e50af3d-452f-d098-b3bc-3c2a64576d55,6eae3c53-9212-4814-b991-b284ea8da158,2025-10,0,0.8233963059444371,0.4444444444444444
a901bd93-8a03-49c5-8678-16b78718d949,3e99437f-aaa3-5ffe-27bc-cffb9898080d,84ed620a-626e-495a-895b-488a5812e183,2025-10,1,0.18870657169016186,0.0
37251a4a-b49f-48c2-93a5-d0e9ea5ec11a,417cb75b-9992-4df9-28ae-ad4d2313621f,bb51f6f8-2b1a-4e9f-b3e3-16a942773d8e,2025-10,1,0.9741724620606126,1.0
b092bf04-8e0c-455e-8e13-d393ac49ca2b,4505ca5d-0961-03c9-5943-ffda2a5ae270,0f6ef705-bedc-4008-88a1-8c600fe56c57,2025-10,0,0.7256791601907229,1.0
575b2f7e-8e65-4f1a-bb97-f41f07349607,4628a4bf-d4c5-9e5d-471c-271b9f3e7d03,460261c6-c1c2-4654-81fa-19637f3602a8,2025-10,1,0.9802209377400518,0.5333333333333333
20ec9b6c-f616-4be5-9570-7802be0ec336,4855a811-b83a-7e07-56f0-ae3a0026d582,1edcc724-251b-4277-9462-f2b9ccb93d6e,2025-10,1,0.6982799290149326,0.5
fe66000a-bb1e-45c6-a843-b3c5ed2c2313,4855a811-b83a-7e07-56f0-ae3a0026d582,1edcc724-251b-4277-9462-f2b9ccb93d6e,2025-10,0,0.20183035413075226,0.6666666666666666
e486ba31-e00d-488d-aeb9-2815305b1a97,491b8136-32a1-37c5-5253-b53ff3991d86,78f157e9-bdd7-480f-9648-2b00b519de3c,2025-10,1,0.8727972200882725,1.0
e47131dd-243e-4a91-87be-51774ff1bc7e,49355947-7605-ec5f-7d81-a6597f38d76b,0318d74f-95a7-4ced-92bb-ded9eb88d273,2025-10,0,0.26699856551146633,0.0
2ec28bb2-b7e7-4bfa-9a43-1780d8915791,4bdca5eb-f197-a87d-d26a-c63a9b3298a1,344e766d-803d-41b0-9ead-19b02ad20786,2025-10,0,0.2919412906752458,0.3333333333333333
bca46e61-f6b7-48b0-84b4-68784adf812e,4c4ad4c9-59bf-f152-d0ff-6502ec564cc9,91e9c4a4-cf9f-4ea2-bbce-8ca8d01150ff,2025-10,1,0.9978675014620474,1.0
19e38f77-3efa-461d-9ce2-833e62a406e0,4cf13b7d-67b4-87af-6795-b532998a9b0d,924c2996-22b9-4f75-a760-a40afe04263f,2025-10,1,0.9966377960168135,0.9411764705882353
00814a54-5389-4df5-87cb-617440d66140,510cd475-6538-7d02-413c-1a0f553ba4e6,26a0a5ca-7623-4406-8776-15d57ccb11fc,2025-10,0,0.062189302602862,0.1
5bdfe0f6-f3be-4527-acea-b6bc6273e2f2,5110bc8b-7229-5952-e9db-5feb33391303,89a2e9a1-acaf-4bfd-996a-8a996e3d3f9a,2025-10,1,0.990580371473146,0.88
cd56f656-bd39-43ff-bdc2-6eec2d51ffe1,52bfd1fd-5813-000e-3603-19146a2ecd4e,56498d84-884f-40e1-bd91-cfb6c94eb3f8,2025-10,1,0.9055406813753775,0.3
c47d8096-f75a-4801-a79b-2c12f6ef0c14,53c9ff97-f078-6148-923e-9d1a21b9bb60,91ac3395-115d-464c-b811-f5b619028011,2025-10,1,0.8238206998081622,1.0
4c5c0aeb-97a8-40d4-a070-7db8bb38bc49,55ca6f7c-112a-ec33-7c1c-987508bc9e41,3820ef49-8442-45ed-aeee-6a7a0cec9205,2025-10,0,0.20829110298583212,0.14285714285714285
c648a986-ebab-4542-9d71-c1cf363620c9,57dbc7f1-ef9c-8f08-5ca3-148c520d5a2b,4c012f66-06db-4f1c-9f52-211cd3540713,2025-10,1,0.9772445976568713,0.75
cfdd7e3f-f9ed-40a8-844f-60e77f18acc4,57dbc7f1-ef9c-8f08-5ca3-148c520d5a2b,4c012f66-06db-4f1c-9f52-211cd3540713,2025-10,1,0.552710300806108,0.75
e34043e1-0a29-46ac-a134-f6d1f4a89d59,5a4bd906-07d0-3c04-680d-6ee01f174660,6eda4f36-5ba8-4b93-b2de-022481039f46,2025-10,1,0.9961226705105407,1.0
0d1a82b9-dc92-407b-aa44-42ded4014d93,5b45a840-9d6c-242e-0e2f-2e2c972c2eec,1b8d196c-a429-4d7f-823b-82a43769d60d,2025-10,0,0.1887841472260247,0.0
a82b13b8-c9c9-415c-83fa-cb22ad5f363e,5d4122d1-48a3-607c-cb72-e1956caece73,0ab4614a-82b3-4810-b877-e696de754080,2025-10,0,0.14684750577251124,0.0
2192c9c0-c909-4a6c-abdb-85e3d986c10f,5e6b35c4-2b97-ea86-e422-f03c332f74be,8954e026-2f8f-4c54-96d8-8b5519d62928,2025-10,1,0.5608724606662678,0.25
1da5bcac-255f-4da2-895b-a696dbf0dd03,5e901269-d116-cf62-7661-df859f5b02dc,a15489ed-053d-4793-b95b-de0cafc05473,2025-10,1,0.9660869480949325,1.0
7f95a614-5b73-4600-ab29-0072f0567f52,5fee0a79-3970-704a-2332-f7c7598e86c1,fad9c620-d9d5-479c-981d-4bc0521c94bb,2025-10,1,0.9470799803111706,0.5454545454545454
c0f5739c-db8c-4187-ad65-3d5978f2a207,61031b0a-ef18-26aa-64b7-d412d7b3d276,99eb3f32-d53e-4470-ab2a-09ed6e9b3872,2025-10,1,0.9906271895785077,0.2777777777777778
3a5ff875-266d-4661-9d8c-c3747c49341d,6162731a-4a9c-e887-e586-1ea574985777,f2f4757e-a36f-4615-8d08-78e18eccf3b7,2025-10,0,0.9910011280670288,0.3333333333333333
fe0b8b28-eb93-4f86-8bfe-4b8cf09140c3,6162731a-4a9c-e887-e586-1ea574985777,f2f4757e-a36f-4615-8d08-78e18eccf3b7,2025-10,1,0.9725015421257664,0.3333333333333333
81ca8ec7-1764-475f-be00-4167c4ce093d,6542b72b-196a-4538-a690-2db7cc212936,ad2138de-e1c7-4dff-92d0-7f9ade15e56a,2025-10,1,0.980790532805312,0.75
86fb2d41-1fda-4605-98fa-0e46a29c55ee,658ecc07-55bf-045e-6651-ef83f51cb80c,5e06feb5-626b-4ffe-a13c-86bb5e349dfe,2025-10,1,0.6321255019546059,0.8
b4baf74d-6005-44f0-ba17-dfab66bf85ce,66fbcb59-3d06-d8cc-b1d5-53f38a599207,b6b48bf2-25a2-4810-9338-b1847a53c5ed,2025-10,0,0.16118253414652736,0.2222222222222222
f14b6e4f-7378-4779-831b-5c3b3495c151,6c0320d8-817b-ea7e-4d60-48afb8d17cba,8d1541fa-8ce0-467b-90c0-527766d7c703,2025-10,0,0.7404970619757876,0.6666666666666666
0351d434-e945-4824-bf4b-fb32be848280,6ce85c3e-5f40-4297-8c38-22ac7432420e,43dd8c38-f19b-4e75-a934-ec4c973686b9,2025-10,1,0.9973606807304539,1.0
4e7e9f8b-c693-4bf0-8d75-a2248f89588b,6dd50e39-9843-4442-cc09-3b49fbe97fb9,874b3b50-b801-4e30-a0a9-808746433886,2025-10,0,0.08091951386323938,0.0
5c4756af-7447-4b13-a4ef-7330ce30fdaa,6df42279-282f-e2ae-a821-304ef8c14cfe,47ff34bd-dce4-48e4-91d4-a599695e48f1,2025-10,0,0.9881005908938145,0.7
c75f8b19-3be3-4fad-9618-1d02f887136b,716b820e-fef7-dcf3-34be-914835261361,40c41229-cb7b-45da-8818-3433d1c20604,2025-10,0,0.9916320247316014,0.6
7da4d145-9c95-459c-b15b-1656015d67af,72263e8d-e74c-b64e-af0c-e7f293e84d88,8419d24a-5624-4735-bd3c-af55612a12f8,2025-10,1,0.9494582337921763,0.4666666666666667
90b24013-8a9f-401d-b72a-8b8985b03f91,7282a267-9160-04c3-a636-0268501bdf4e,76907e36-77a4-4a95-a8cb-02e265eb29bf,2025-10,1,0.8558715347357156,0.3333333333333333
54599680-7e3f-4f14-b20c-8d96172a3d9e,72fb39cc-cecf-39cd-a55a-60d36a23f691,d9685ad2-82b8-4590-93fa-fdd4856e2976,2025-10,1,0.6345206691980443,0.5
c8d62b13-8eea-46d2-b618-8b2badf96bd9,733dd472-3b1e-dd43-76e5-082ddfe66c5b,43058d1d-6ce8-4ad0-9f04-48ad2efa67c4,2025-10,0,0.24622951799592555,0.3333333333333333
5fe93125-1fd0-4b08-9d21-b54c21d54aa3,74c6b975-b0ab-c8b3-8acd-2cf53597a72b,ea40fdca-3e27-466c-910c-99fef52b75d6,2025-10,1,0.945009598017625,0.6923076923076923
26d164af-0569-4422-8d80-b3f0b1cb0a99,752aa71f-8b74-a2d8-0b6e-dd06a73bacf2,4f712d5e-a137-4d11-a1e4-eadf54abc093,2025-10,1,0.5036747448351196,0.6666666666666666
e0e4bf32-44e9-4f90-8f55-d624d08bb20b,77dd12b8-a20b-05c8-2372-79ba1b1624a9,3ca315cc-b9c4-4379-be8c-c2df8c0e42d6,2025-10,0,0.10267189668281039,0.0
8852f990-04fa-4d00-8517-2552f10fa668,79d4d3fe-73c5-a965-030f-c60220ee20cb,ed99994f-80a9-48cc-afab-45db09c246e1,2025-10,1,0.9748910583242506,1.0
4ea52273-9f45-4325-af68-5a99b27e16c7,79e31f6f-69dc-a40c-27d7-3f076878f83c,a0cd9c66-c067-4001-ad7b-586b6c15537e,2025-10,1,0.06746773159918189,0.0
0a43f3ba-65a6-49da-a9bd-04b50930cecc,8123af5e-305b-80f8-20db-4d54b7f628c7,e42d2bdf-7c18-4bd9-982c-de09a231f52f,2025-10,1,0.9762125462182352,0.6388192166698823
34daadd9-45e3-49d8-b74f-5bafae4a21a8,81f2f896-343e-d20b-9964-56fe1a515cc4,25ee80b8-cf8c-4ae2-be73-fe7c991751ce,2025-10,1,0.9449822488767611,1.0
5032ab95-dcc5-46cc-8a2c-63e51958c7bb,82ce206e-2925-18f5-f18c-d80631a9964e,349407f1-b9ed-4f70-9e10-33aa675f85e6,2025-10,0,0.7010014293139266,0.5
cdeb32f0-898c-41dd-ad03-b6c43d874faf,82ce206e-2925-18f5-f18c-d80631a9964e,349407f1-b9ed-4f70-9e10-33aa675f85e6,2025-10,0,0.11919697013726627,0.5
254fb58a-b754-40d0-be26-47cb4f8f6f5f,82ce206e-2925-18f5-f18c-d80631a9964e,349407f1-b9ed-4f70-9e10-33aa675f85e6,2025-10,0,0.10084845243627771,0.5
2676bc18-0c89-4176-b7ec-f4bf01d6bd1a,83f51f9d-9d36-eda9-e7fb-5b1badbbd5d9,2f49d447-f15d-424d-9a7d-be051dc880d2,2025-10,1,0.9284835643093068,0.5
86259be6-6f42-4982-8a0d-0d73cd90e303,8506a1fc-82d3-6a5c-c7c5-64702dd9ce92,88d7f91b-4b17-432a-85d0-f0bdcdd44b99,2025-10,1,0.9151089973562223,0.25
d885e084-0ed8-4cf9-924f-5eda63d4d8c9,854c86e3-8b7f-0ca8-f4ac-c6a073699611,8db9e51a-5204-4143-a5a0-086b8cd03403,2025-10,1,0.9994384133255825,1.0
cf0d98bb-2001-4ed5-9f63-bbe0888f70c2,855f3f6a-72ae-46f4-4cc2-a9a0d5df5b70,9131c211-f95d-4213-9955-02879ced6aaf,2025-10,0,0.06903034486097667,0.08333333333333333
c9f806ea-becd-4bc8-8717-5224b4906464,86cd2239-fa55-0389-437e-e8fd505dc931,20d5e9a6-73cd-4f5f-9b27-ba9a13e7864e,2025-10,1,0.19448363080750566,0.1111111111111111
36ece5fe-720f-4a95-8b71-43fe7ba99c94,871465d8-763d-f593-3677-399c50f5ed41,c029ada8-f2e8-4017-816f-39ed5259c0e1,2025-10,1,0.6216198744678928,0.3333333333333333
b24a1123-dd25-4cc5-90c9-83df6b919cd0,871465d8-763d-f593-3677-399c50f5ed41,c029ada8-f2e8-4017-816f-39ed5259c0e1,2025-10,0,0.2761850240682387,0.5
e1431d4d-e0dc-4f92-a9d9-533b3db705c3,871465d8-763d-f593-3677-399c50f5ed41,c029ada8-f2e8-4017-816f-39ed5259c0e1,2025-10,0,0.20238957300597674,0.5
7999f7de-7fd1-4f5e-8c4e-7e46e4d13df6,890b32d9-f754-8150-5a18-8a21fcdf3828,57d1d250-caf0-4e54-afe7-757c96a4a181,2025-10,1,0.9968293852066887,1.0
efe69ff1-ada1-49ad-b05c-e005810ae018,890d247c-e472-92eb-0db7-ca3bc375622c,a3cfd3dc-4afc-4129-8b06-9756a905d971,2025-10,0,0.650641413547091,0.5
e0c8c439-64d3-44d6-8e88-6550ea27a6ca,8aacbc78-5e56-b3c0-f8bc-fcb5490b94f3,d06e259b-0f3f-4c09-bc77-00ec39ab5924,2025-10,1,0.9871831972502341,0.8888888888888888
64a636a7-f8c0-4a01-b789-8ce582f9a49f,8b48adf3-c14a-fa6d-9785-b4bcb35f8fbb,656473e2-7641-46ed-9ba0-9fa996a8b682,2025-10,1,0.9764574502098317,1.0
52ea461c-7fef-4b2d-b0f1-dc898da393a5,938b7931-4bde-a083-d158-635a65e6da73,eb10394b-98cd-4a92-b37b-51dc1f2b3574,2025-10,1,0.9856871280574084,0.5
fc308b51-6af3-4a78-b717-b59d6866a090,93eb3d6a-d35b-ef1f-83b8-7430b6ad1674,c812ba7b-6318-4ce6-b0dd-78749fff30e5,2025-10,1,0.9933794221033042,0.2777777777777778
a4ac3894-e6de-4952-b0b0-ccdb19845ba8,93ffab65-d88d-3bbd-9dba-fc0c764f42f4,d3acdb39-30e5-4ffe-8b9c-f4326c93be87,2025-10,1,0.8150674550268626,0.5
0a39e4d5-aa37-44dc-9e24-8a1a8fcddd3b,950dd22f-78fa-d205-48b3-fe5a5cc7438e,62887698-aebf-475f-9c98-0a212110dd24,2025-10,1,0.9921549468049341,0.8
8174a409-9562-4c21-8d12-d3c825eea914,9653a402-ff75-bbdf-8cc6-1cb0ca01f233,81f71080-dac7-40e9-bb6b-3526cdd47015,2025-10,0,0.07359215604198066,0.16666666666666666
a12bb550-5dd5-4658-a5f5-7d115e633b94,9714e9c1-0eab-8c23-1dd7-2071a458be87,df6a638f-8008-4e24-9d5f-e2188a356b32,2025-10,1,0.9462045790812826,1.0
bf074668-ca1c-40c6-b55e-464bbfb0757f,9714e9c1-0eab-8c23-1dd7-2071a458be87,fbdb22d0-94a8-44e6-9c98-b1d8881da9e9,2025-10,1,0.9852154997048695,1.0
deb1c24d-0ce5-48ca-bfcd-9524baf6d99b,982397b8-b96b-4d87-eb8b-62916e148d45,e053e915-af46-443c-ae72-9afc7fde4294,2025-10,1,0.5219170541731739,0.0
36c3bc85-541f-423e-b53d-66eec3dd752f,9aab8e6f-97e4-131f-c6cd-a91d11668656,c2b24d33-90f8-4d46-aca8-d99bb1f2c844,2025-10,1,0.8102382428735256,0.17647058823529413
bd65abeb-6cbd-42e1-8ae2-5c98f8910c90,9b3925f8-4a9e-4735-7dbc-bf5a8dfff4d6,4c3b1aca-4db5-4dbe-94c8-4acaa07739cc,2025-10,1,0.4749087467885944,0.5
3fe01231-b88b-4269-a34f-9eeaa240f03c,9defe9e8-4059-ba6b-5abd-0d1304e73008,4e78638f-65ec-472b-9991-cea4565d4ea7,2025-10,1,0.5007989704451614,1.0
f51b2691-dd77-43b6-bfc3-2ab5dd930a4c,a64019d6-e321-3cb8-e823-478ced6ff4c2,5efe4230-e081-4932-8bef-c352bd9eb4a7,2025-10,0,0.7061239249513367,0.5
33b54ac5-3560-4404-97bf-1e9cb9761f11,a7798da2-f8ee-1840-a1f3-f29a9e764b97,9ffe9701-32ac-461a-b5a1-8bb653d34a4b,2025-10,1,0.99660113448146,1.0
4a914c27-258f-4716-a889-e55f1a04e407,a83c1af9-decf-48ef-8576-c97d8b3ca11b,35f09de9-4fca-40ec-9b64-d79630bafd60,2025-10,0,0.727544408275877,1.0
af9b3766-296e-4128-baa5-bc2323f06ba1,a974c0ea-b223-c4ff-2027-207ec4a462ac,59864420-62d6-4d3b-9b98-6872f9821633,2025-10,1,0.9322115892952145,0.967741935483871
8c5bdb8a-71f6-4252-b014-247e308ff2d3,ae55ee92-2de5-2688-0d4d-095d6b247552,2de6ee53-a917-4a9b-962f-37e5d429949a,2025-10,1,0.8184459743945425,0.6666666666666666
7c1cc025-74a4-4c8a-b72c-e43bcdd21ef5,af12a12c-92bf-088b-3073-292fe4dfc478,bdc2c4ae-b9b2-4aa7-b8bd-01fdd0145e27,2025-10,1,0.9979644378668013,0.8
8ac25a77-6023-4508-8dfb-2986445bc7f1,af16fe79-211b-993d-45cc-0c97af4a725c,d8e97056-6537-4159-bcea-802e2f37fbff,2025-10,0,0.5774843272581066,0.5
3f5240c5-409f-4a20-9678-c3f4647c2be9,af8d560f-407a-4e9b-49e9-88f54d8671f4,56e6630d-239f-4544-99e4-87ae533ed05a,2025-10,0,0.10927314445458555,0.0
4715904a-0103-48bb-9e8c-390ef7135622,b0348aa8-ad9f-d0dd-94e8-c71a6627c930,db9ec732-0eba-43c2-8e97-5e7a05e17561,2025-10,1,0.9773665474538619,0.4444444444444444
5a3094f5-27ce-4a8a-a483-efba2b0f212a,b0a6f0b5-9fd8-112e-2bfa-24fa8a25779b,f5dc7322-00ac-4867-a914-e2bddeac9a0f,2025-10,1,0.9834103208045528,0.8333333333333334
1c52d023-c857-4aaa-9d4f-c96f94c4abeb,b111e4dd-be1d-2c79-3945-480547761b5f,1e0bb8aa-b4ea-473a-90f7-c89d96df2323,2025-10,1,0.9946984541090136,1.0
6403fac3-b953-46be-9660-847ee8a58622,b19dfc6c-a5d5-734c-3d3d-6389c281b3bb,2ddbff71-425b-4f25-a932-e1bf574b2035,2025-10,1,0.9977114124923253,0.9411764705882353
ae5f0c78-319b-4cd1-82dc-738364ef73e1,b285539d-6e4c-f6f5-ee68-2dc683541067,8199be90-a807-4cdf-9133-819a6efc1905,2025-10,1,0.9465555586478618,0.6388192166698823
011c09cd-45f0-414e-8cb3-282ee0032c6d,b350bfbd-5bbb-d523-c32f-5c5d2cc7e980,ff8ca2ee-9523-4a03-ba50-e7e02ce9fed6,2025-10,1,0.6514228201414878,0.5
c7c97c39-6053-460f-972b-edaaeeea897a,b4a50439-db13-dc26-d980-eb079b321460,902fa4e5-f7dd-4671-9d39-6516ba2e51d8,2025-10,1,0.8022393925640413,0.0
c3939de8-5399-4eaa-a9c8-a6e3781eff06,b533de62-fd5f-cc73-01ad-82aaf5df2fd1,0ba08a0f-dfc9-4583-9301-a99a7e275d94,2025-10,0,0.5040715336908806,0.35294117647058826
e8384fbb-16e9-401f-bf01-a772bab9c7a5,b85e5e22-b8bb-e217-167e-913ce5dc381e,f2d9195b-c864-4a69-a8a5-cacea5959a3b,2025-10,1,0.4458910477830644,0.3333333333333333
3bfded16-a759-424a-ae83-d4e2ad1b3e42,b865619d-9980-0806-c5b5-97fee058322e,296f0113-6916-40f3-8fcc-cd54685de8f3,2025-10,1,0.985948610070081,0.9090909090909091
e69fcb52-670f-4da6-95e6-3dd7391747aa,ba8dd5e0-ed0e-8b6a-7098-2732476feb31,31a1c073-bb44-4019-8548-0c5a8114de7b,2025-10,0,0.32170121980347116,0.16666666666666666
d6cef251-b8e9-4663-9c91-1ec6d5456400,bb36c2de-ac80-369b-bef1-b7a9025ad305,8e96a43e-6fd9-4323-8d17-2c4e2317d420,2025-10,1,0.7819351570342564,0.6666666666666666
1cd923f1-615e-402f-b0cd-38026865d018,bca70cc4-b2e4-ba57-6dee-d73dd559f02b,fc73107e-4511-4bb3-af12-aa7c3d874773,2025-10,1,0.9276047778830739,0.6388192166698823
7b5941bf-55f3-4c2e-ac3d-21a7491f6c56,bca70cc4-b2e4-ba57-6dee-d73dd559f02b,fc73107e-4511-4bb3-af12-aa7c3d874773,2025-10,0,0.05168437771045628,1.0
72b73e15-bbfe-44d6-89a8-04d7f1156546,bcf8ffc1-fd5c-f6ab-0453-7a73c73786dd,d1981985-ab9a-4777-b85f-46da934e391c,2025-10,0,0.12609932482791453,0.0625
c004438b-2de3-4b6d-a3e6-9044ec3f8b1e,bdcc24e3-6077-3ea9-b25e-2747d0f07be7,34b48e10-aa34-478c-954d-06259adb5384,2025-10,1,0.6788618351537811,0.125
cdd08075-ca1b-4dd1-9dd0-64060a15c8eb,be68c44d-d4d2-478a-7b1e-c9c3fefac406,c6bf983e-033d-46e6-825f-5620364a403d,2025-10,1,0.990765862737614,1.0
4b3b309f-197e-4612-99ee-278d9bbbd7ea,be84008a-74d3-3cc1-6fd6-bcef998f7bff,4ab14a0f-9437-43ed-9504-94985a2312ab,2025-10,1,0.9987100230266395,1.0
dc2859b2-5aa3-43f4-aa7b-322606beb0ff,c02eb961-2471-c285-9c28-fb9a12aaf70a,f848c7a4-dbda-4fab-8678-376064453b2f,2025-10,1,0.9165680724276373,0.3333333333333333
d7c6077a-1740-4076-a415-c97ca99fda9c,c09e703c-d287-38c8-d1c1-239145e17df9,d60bf084-22b7-4aeb-a8fd-b48b4786c6fd,2025-10,1,0.9977973671767404,1.0
4a227110-af1b-4503-a387-045e1c7990d8,c16f5af8-a99c-38c5-d338-56aa819d37ed,396c14f1-4da0-44da-86c8-5b3884103ca5,2025-10,1,0.2741207807906241,0.0
ce671b18-611a-455c-8692-7e040bc4d38e,c1b3479a-b415-c370-ba7c-636b4f4c56d9,c26692cf-75b7-4ede-9858-201c269dd988,2025-10,0,0.255004811684335,0.25
f3033fa2-d6b5-4388-b783-522fff893b71,c1b3479a-b415-c370-ba7c-636b4f4c56d9,c26692cf-75b7-4ede-9858-201c269dd988,2025-10,0,0.20884949401571937,0.25
631263c7-af8f-4757-954c-4635754e7955,c2329858-525d-2f70-5e31-bf9a8358eb3e,956b173b-5f08-4c46-999e-d04c26cb3609,2025-10,0,0.05873266663304457,0.16666666666666666
aead74a7-8e23-4b29-82de-a858c0f10639,c511ac63-cb7e-1453-92d5-ea4ffba1c360,53bd63b6-67b1-4de6-94a4-66b940e4e20a,2025-10,1,0.35248394056183535,0.5
145ce2d8-0d30-4176-8461-484359c32fc0,c675e97a-0958-0695-90b3-49311eec8fd7,f3d5faeb-a060-4d56-bb7c-559d3f157f51,2025-10,1,0.9078888505666307,0.5
12aee5ad-864b-4486-b7ba-791da324d056,cc559ab3-0859-6b34-259e-1f5c43be7139,778655b7-c1e0-4699-9ee7-0e5834799010,2025-10,0,0.9981367874659587,0.8333333333333334
20e9f43d-f562-464e-9cde-3ca0785fa679,cc559ab3-0859-6b34-259e-1f5c43be7139,dcd6d78d-d735-4f74-9742-687ff8a8bf96,2025-10,1,0.8746510502470005,0.8333333333333334
fbd024c8-531e-483c-972b-b0de4a7976d6,cd2c3f97-4df7-b32f-d0c0-12031beae516,1265235c-5696-491b-925f-044ee29ba97e,2025-10,0,0.44958468117945044,0.1111111111111111
c12616cf-1b0a-41e0-a838-5bb3e43c1525,cda37b51-1bbc-af0d-a560-49af88fdc751,467a4a8e-2db8-4bd3-a0b3-e4d37731be26,2025-10,0,0.8287235380092856,0.7692307692307693
bffe205b-4f0d-4910-997b-334246dc6b5b,cf1318a5-0564-4af6-d90e-c3e76de1ef08,5268e485-491e-40b7-942f-61c133c796bb,2025-10,1,0.9919614753969399,0.9583333333333334
290635dc-4230-42d4-9397-b89a91741893,d123a096-4929-ff8c-4efa-a8e4543d3da7,08b359b3-caad-4e09-a957-8866ca7dba42,2025-10,1,0.7697340202332396,0.5
ecb23580-a080-488e-9bf7-4570844f9bfe,d1e7314f-a799-1441-8adc-a48db20e93da,f9231162-ec72-4793-bcfd-ea671ac0d111,2025-10,0,0.17735682600035133,0.3333333333333333
b62be42f-d28d-4bb2-b8a9-3965c883ee4e,d1e7314f-a799-1441-8adc-a48db20e93da,f9231162-ec72-4793-bcfd-ea671ac0d111,2025-10,1,0.9272191545085073,0.3333333333333333
333f2a66-c0ba-4b66-bfb1-a761cd804ebd,d257c87f-0e42-048c-8409-362e925d86fc,597c2d33-b758-4acd-811b-c7b22289dcbc,2025-10,1,0.9995435106706958,0.8888888888888888
8e828178-9bac-42cb-8460-32d66b01f384,d3bef05d-1db4-2516-4e44-0c1b2d5ab25f,025b834b-6af6-47c5-9e91-8ad4dd4f36c3,2025-10,0,0.4342958547122619,0.6388192166698823
4b569e30-134a-4995-8f87-e54a2bd56ccb,d3bef05d-1db4-2516-4e44-0c1b2d5ab25f,025b834b-6af6-47c5-9e91-8ad4dd4f36c3,2025-10,0,0.2547810360548849,0.6388192166698823
0816785c-7304-474c-b406-6ed23f059ff4,d497808b-36e2-ea42-d247-85b4e409078c,6a566076-355d-47b3-840f-1ddcb740c496,2025-10,1,0.9077392561121106,1.0
9bb58e9c-1602-40e9-b95e-d2be6859f754,d58d1d2f-e65b-7705-8ac2-996da0cf28c4,f009d211-2428-4e63-8c09-22ad8ba10987,2025-10,0,0.18943305221853163,0.1111111111111111
d3eb4eb8-cbdc-4e09-a4bf-ba6a9ca840d9,d6268133-5904-3e9a-6956-9493d2f78a1d,0dbd34ff-df20-4e27-a2ad-bcd09666d64a,2025-10,0,0.22126633912098242,0.5
a0ea6e31-5e0f-429a-8139-244c7264efea,d6d33436-345a-e39c-9f8d-91c76dca514e,1bb08655-ecc9-4795-8186-bb34f130a593,2025-10,0,0.7962756862460516,0.3333333333333333
be848129-6699-4a9c-a8a3-0f4676bb5648,d77b5c1e-605d-6795-5eee-1e2f9b83e069,f6976df5-ab7b-4cb2-8ce9-e36efe843745,2025-10,1,0.9215350975862994,1.0
f121a75c-0784-416f-b3d6-cb508396ed20,d93d9661-c38b-55ac-e5ac-93c052d45622,f48bcd4d-b81e-4a57-a0f3-09dfa5e2e00f,2025-10,1,0.37053912991653337,0.6666666666666666
52f493bf-b027-4d60-8320-f6dfcbc8ed98,d93d9661-c38b-55ac-e5ac-93c052d45622,f48bcd4d-b81e-4a57-a0f3-09dfa5e2e00f,2025-10,0,0.2797743749809807,0.75
b0a4e3b3-3265-4867-bd64-4b5ab41f9cf4,d97ef4f9-a927-a7e9-03a3-fc84f79e19af,1ea77b42-81d1-4535-bfd4-de9a7bd31eca,2025-10,1,0.9900765426725522,0.8333333333333334
faa30832-7d13-410a-b1ae-09279b116539,d9a74fa5-6394-f751-240a-2ff642673fc5,d3781754-4ad0-45fb-b64f-9153d1b33e6a,2025-10,1,0.9747923855330434,1.0
6aba79ff-e14e-4026-82f1-b21a84c3ad24,df5ea39c-c069-5211-271d-f0d3831adefa,3394785d-ad9b-442e-9c87-3ab4f47b1876,2025-10,1,0.9360903607284845,0.4
84054026-96ac-4680-99d7-a3255a71732c,dfe72882-2923-e759-ab37-45a4f6c5f1c7,4fac063c-5430-4b03-984d-ddede60e9cee,2025-10,1,0.7855268600213153,0.6666666666666666
66d8d95c-cc1c-4801-bcae-b3ffcb9bfc94,e04a7b1e-bb22-2ccf-a342-9eea602847ff,d3c75e3f-ebcf-4bd2-ba3f-80eb52ac9ee6,2025-10,1,0.9851975005914747,1.0
08cb4a08-638a-45a2-810b-91ebe760670a,e04a7b1e-bb22-2ccf-a342-9eea602847ff,ed206b50-b8c2-4587-907e-681f2c148f8e,2025-10,1,0.7664492794336644,1.0
ad89c2e4-d03b-4709-8d82-d2bef284511d,e093abe2-fae5-a599-2ee8-ce612d47e63e,1dcbdc90-610b-4530-a9cb-a032f49707e3,2025-10,1,0.9973290335319352,1.0
f45a1f54-62d3-45c5-8e18-bb03bb0da01f,e10472f5-6434-2a96-6c28-13939f90427f,f51128e3-e243-4a13-9c81-ebeab17cc897,2025-10,1,0.9653277609097543,0.6388192166698823
2808f4d7-e5f3-487b-af4d-0c3c7c55c7d4,e10472f5-6434-2a96-6c28-13939f90427f,f51128e3-e243-4a13-9c81-ebeab17cc897,2025-10,0,0.07848550935727609,1.0
d2f3c86f-5003-4b85-8999-f30a852e0b98,e10472f5-6434-2a96-6c28-13939f90427f,f51128e3-e243-4a13-9c81-ebeab17cc897,2025-10,0,0.16728244721984487,1.0
a85e877a-a528-4e22-9af5-31841d4262f3,e17238d1-34ce-0cbb-4dc0-f65e60ff52f7,5c6e4440-a7b7-4d5b-baec-a422ba050dcd,2025-10,1,0.9883631399761666,0.875
04ea8088-763c-42ff-908e-a03a5b6c60f0,e494eb69-def2-556d-3bb9-7c4124ed109e,39ea3363-7669-4b60-8c30-7d3687b62a0d,2025-10,1,0.9151089973562223,0.25
b068e86d-e63b-466b-881a-99da434a4409,e51d0052-6144-0814-9748-12b1e6c3b68a,dd53ac44-fa85-4d55-862f-21ef23300b18,2025-10,1,0.9653277609097543,0.6388192166698823
92d1c7a6-1533-48cb-ac4b-2c04f089b568,e51d0052-6144-0814-9748-12b1e6c3b68a,dd53ac44-fa85-4d55-862f-21ef23300b18,2025-10,0,0.09496788992606087,1.0
652c7e4e-f197-4774-abfa-7361af0dc195,e54f192a-b17b-11b9-0448-1cf4ecbe5f43,52af2eb2-0f97-484b-aa94-fae6a75d64ab,2025-10,1,0.9894848680731885,0.5
e9fdff40-4fa5-45ee-b483-f765076341ea,e6dde6a9-4da9-d1a2-802a-faf5db207e8e,948c83b1-ecc1-440f-9997-479b290ef8a0,2025-10,0,0.3974547628167157,0.875
e8e4fc1c-7fd1-4b6a-b256-2da169432d7f,eb7de080-f310-4225-66d6-f15dc51fefcd,024b70d0-29db-40f3-a244-a9a228b5388b,2025-10,1,0.7768847809922329,0.8333333333333334
7e1a2427-df46-4a29-8258-53207a22e92a,ec6bd398-2413-2c67-18db-10bdd92ee4f9,83dd2c1e-368b-4c57-b9b8-fbcd6ae6ea9f,2025-10,1,0.995225237934138,1.0
c57352f9-974c-43b2-b5fe-39d9ddd02efb,f284b25b-d762-1399-a12e-ba7ffa6b6f97,1129e54a-0b3f-417c-b6db-e1090df6981b,2025-10,1,0.19430058740471706,0.1111111111111111
2549c0a2-9161-4f10-8e53-46f67a42c315,f2a00e3d-de04-40a3-6f41-a3ebfcab4a3c,4da78ee8-cbc6-4e20-949d-cf7237c7129e,2025-10,1,0.9189822847176654,0.5
f13a319b-67a1-4d7a-8eb0-4e0263905917,f6c5c3d2-ceda-6c7f-aa96-359c7dc9ee92,43ba38ca-08a9-4fda-9c38-448a30f1cbe9,2025-10,1,0.8654366804818286,0.25
85f4723a-3d83-4162-8b8f-e64c70cf1ddd,f7d24c55-ed4d-270d-81fd-fb50566001d5,63dc5133-4cd0-4c86-a93e-bf9b61b2d1ef,2025-10,0,0.21691180419321232,0.6388192166698823
97d46b49-2451-4455-9262-60cc69af1dc2,f7d24c55-ed4d-270d-81fd-fb50566001d5,63dc5133-4cd0-4c86-a93e-bf9b61b2d1ef,2025-10,0,0.2562119414180599,0.6388192166698823
d32d00f8-1095-476a-9641-d45c9991c496,f8723af2-2adb-2870-b160-e1ad562524be,a710a504-eed4-465a-8668-bc3fbe646e62,2025-10,1,0.3374099096246491,0.5
903bd472-3a99-42b7-8a0a-56710afd4469,fc3a7af3-d462-ffa0-bf10-348fe7f764f5,8c96bbeb-234f-4c4e-b3f0-dea0ea5a1cac,2025-10,1,0.7274582110827841,0.0
409715e1-fca9-42e0-b52e-145e5065e35a,fc8a412e-e0d4-35e1-37fa-5f798b7dc7f4,ed381183-4ca6-4302-84bc-e1e05958ed09,2025-10,1,0.9861670011531399,0.75
3a7527e3-27f2-4e9d-9f8a-d68b5dfb4009,fd1d6483-722f-9ff9-67bd-a98f7e3f42af,43eec801-0423-458f-8e6c-dcadff5fcaf2,2025-10,1,0.8258720408112497,0.3333333333333333
c3069a98-9043-49a8-a665-90a3384241a3,0278721a-a690-833b-298a-16a351fb7a3a,6555e453-3efe-45a0-9b81-711fbf2d0726,2025-11,1,0.9950919971390563,1.0
cc614b83-c854-4812-8b50-fe5a5767d236,0340956c-c19a-d700-7d78-cea190ab08b0,33a67359-b1b2-45e4-8dba-a9001a8d659e,2025-11,1,0.7670169976308302,0.0
62db5d01-1c1d-4498-a70d-ca029ff11404,03ce56c0-8798-b95d-7125-311b80363e74,90df3267-4239-48a4-89aa-4a61e24239bc,2025-11,1,0.9545290712784616,1.0
73770869-3279-4f6f-a64f-ad31ce931d5d,04ba1c6f-6c06-819d-9ecc-a0c5f795b922,cbde9bdc-2d51-4e5d-a732-1df1160c4b74,2025-11,1,0.5696847756731684,0.5
9b4739ba-513b-4b40-9d7e-f2b71b2b7620,073e4bd7-f1f1-49d3-604f-c365b9952a6c,e70ad66e-a26a-4c8b-a6e1-9743710c50f9,2025-11,1,0.9876506849793018,0.4
b803c1ab-078f-4eba-a183-9ef547a43856,0a550b32-ac5f-efb6-6d3b-e9975e20a82d,1fbee6f2-3f66-44cf-b956-8e4f4fb8920d,2025-11,1,0.9498708013298014,0.06451612903225806
efff5250-9589-4013-9cf2-2437f5dfc9a7,0a550b32-ac5f-efb6-6d3b-e9975e20a82d,95855f3f-2de6-4518-923a-d6bb61e6edd7,2025-11,1,0.9871001593092125,0.06451612903225806
e81d5905-3aa1-45e7-9580-8221c674187b,0ea0c6d9-a99f-89ea-6b85-9ae409698bd3,9213b9cf-1bcf-41e7-a060-e578f718f991,2025-11,0,0.5230535785898971,0.4444444444444444
6c71fbb4-8e8b-4884-b158-ba36858fd116,104a66bf-0d87-2acc-ec03-a73d1c1cfd53,4285ffb5-00b5-43ed-8956-07fcaeccb965,2025-11,1,0.6059745394565824,0.0
4e3b1a81-b890-41e0-914f-80950d0ccb74,10f3edc6-4b03-b82d-8df1-09ddaf031c0c,d0b11ad6-7841-48cf-82cb-55e373063fac,2025-11,1,0.9885029287332792,0.7419354838709677
c3662e50-22e5-497f-97a7-b1f8935f4f93,11316c38-dc08-4983-3588-fcadd88bd5d2,597a1580-9401-42ce-a407-c9448d5017f6,2025-11,0,0.23335821279469465,0.5
a1aa371c-06aa-4135-9e4c-ceceee7ab2a7,11e96dd2-92f4-f793-56db-439d5b3de156,3f072df4-ca44-4975-9844-ebd8be4312e0,2025-11,1,0.9851026166354836,1.0
39ac6d8a-5fec-4640-999c-aeef1b5cecfe,122c395f-56fd-4482-fe33-7fa3c3cd30b5,45df567e-3c5b-4da3-8bfd-6605e5e6c7a9,2025-11,0,0.11511750860466459,0.0
b8e7be27-1b9d-4e39-be77-d3b4487d33ae,1287ac56-adee-78b5-6a6b-56b3e8dd7d48,c88936bc-cb40-4598-a743-3c301dd4dccf,2025-11,1,0.9781232795937705,0.8888888888888888
15893f98-6f20-4f61-a269-39b5dcd84644,146a8458-f956-54ed-317f-b99f7d16fff8,9698da1c-596f-48ae-8618-16b9c409f192,2025-11,0,0.2889119250319909,0.058823529411764705
0f77b8d6-98ae-4552-a33b-bc66e1fdd78d,17d13989-4f37-42a8-1eb2-88b2df3a9692,3c6dfb4b-b32b-4155-bcc0-1eab4ccc55ce,2025-11,1,0.9523844103525376,0.5454545454545454
f507268d-16de-438c-acb6-385395a89580,18788fe2-f6a2-826e-2199-6cec118c6d00,6a5d492b-8175-4c5d-86ac-ff94ea72d963,2025-11,0,0.17456419448535498,0.11764705882352941
f9cba183-752e-4385-ae00-56ec27698ab9,18d86801-3cb7-11d4-8b9d-433429296014,9c5f6705-4936-4bf4-91d9-8bd75b4c341b,2025-11,1,0.9711547512789426,0.14285714285714285
724d5618-6033-4d4a-96dc-f7d3d2a1f4d6,1932ea80-c6eb-874e-eca8-12410fa7a608,7ce79ba5-79fe-49c0-9e0a-2ace149ffbd0,2025-11,0,0.030789194771547155,0.1
4dcd0218-2684-4f4b-a720-0a37e5c9deb9,1b003ea3-bdcb-0416-c3c2-8ff60f2f65f5,419e1438-3ed5-4447-9f4c-68505b3371d9,2025-11,1,0.9964327906185467,0.8333333333333334
123fb6d1-ec5f-459b-9821-2f29f5e0c9cd,1b7a8ca2-dcfa-864b-b6f3-f5e53beb8da0,0312e73c-7ac3-4464-8c92-d3771d098413,2025-11,1,0.9682190377593975,0.6666666666666666
e9542d7f-73a6-4bda-8061-82f07db9b810,1d4c0119-5151-7a5b-2266-f16e44f67157,55469cc1-579d-4801-bbbd-4f113cad46e9,2025-11,1,0.9864427263472713,0.75
226bace9-550e-49ac-a741-282f44ccb0e5,1e040078-32fc-f90a-7fd5-42b8161a6605,ce72357c-0720-4252-89f1-98224577f53b,2025-11,0,0.13498274006253932,0.6388192166698823
1e51804f-8fc5-4060-a8a4-cef9680fd066,1eb13d75-4e74-34de-0d7a-6936b746e12e,abf6275d-aab5-4614-963d-9dbe3ee0aa87,2025-11,0,0.6226073839607521,0.3333333333333333
ca203b4f-0a24-4b43-aba5-ead71603da72,1f386b6c-673b-b4f5-5a19-10e9869fcb75,1cade627-e515-41a2-8fef-84b24901e0a8,2025-11,1,0.7338829146404108,0.0
07e30012-692e-43de-97a1-bc73f679a98a,227f376b-633a-5615-5670-c29559d0a08b,b98f8c1f-f2b7-4f45-a583-7bb76e52c466,2025-11,1,0.9711547512789426,0.14285714285714285
c40266c0-2d13-49dd-a9a5-673aaced8fbd,22a9494d-0e02-6fba-4aee-7947f1e6110b,a9694079-2985-486a-8cd6-bd3243751b22,2025-11,1,0.9940466108887862,0.9285714285714286
4b5a4501-45ce-4bcb-adeb-20fefc3c2d4f,238b347e-e7e9-b1a3-31a8-a2f8fed99f55,3d2bb31e-a4e2-4d67-b934-8fbb641505da,2025-11,1,0.9978170706413269,1.0
0453339a-5727-46d1-9d71-782d9ca5fc1f,23f7ef5f-6b26-a104-b616-b438d7e9243c,8cada743-d341-4211-b2f2-094d551e9ef3,2025-11,1,0.978169409172093,1.0
cffb20b5-a062-4ec8-b187-594af1807efb,251051cf-e3b5-5d37-918f-bf22b4875790,05a7138b-3291-401c-b2bf-28981d85d111,2025-11,1,0.997862746725455,1.0
04fbccb3-e1a3-4cc4-ba80-687cdae5b8f1,25aa2406-e171-b558-8249-7a525d126d8f,a0c56020-2eb8-4b3c-80a2-f837b1555d64,2025-11,0,0.4193786650094923,0.6388192166698823
5e022ca9-0741-4a99-bbe1-671ae6551a70,2631ddfd-660e-8719-1876-82cf88e13a60,0c8b2433-3b52-4a31-973c-d1049e2367ce,2025-11,0,0.1273579186746952,0.1111111111111111
f0041905-fec3-4058-b46f-3ed5c5958fa3,276b5368-040e-e40e-948d-d1159a743920,47427b81-4142-421e-aa12-04d8f6f5d16d,2025-11,1,0.9388329955238548,0.5
ceb197e6-6b18-42e4-b2c0-45fe6aa8e8b1,2794ccf7-4966-f00d-35d6-34ac17db73ea,29309a70-09a1-4c35-b877-ca27b04ec436,2025-11,1,0.9977393575574406,0.90625
6ff6ed36-8cf3-4cda-980d-44a3551f1d4c,29e47ac1-831d-9edd-4744-efc0e2037ff3,954a76d4-6294-4fd9-9c87-30457c524da9,2025-11,1,0.5615204886822635,0.3333333333333333
e3eb4cfc-1b63-40d5-b7e1-8ca63a5aef0e,2b785f57-1c4f-d4a8-d486-b69e7b2db5bc,3c7ccdf6-cc34-4475-9b15-a0933043ad80,2025-11,1,0.9816047122333906,0.8571428571428571
e68c5596-b19e-4188-b55b-43c3c9a88996,2bd67002-1f8f-faff-efc5-5063dbedf10f,fe2ad17f-410e-481b-ab4d-af0e65a40934,2025-11,1,0.30648009446504876,0.8
cca08e5d-f4bc-4e5f-bd52-ecb9e794057e,2c1980eb-be51-916e-8f61-1e8fe83afb0c,345fd782-4252-4f02-958d-3531a545878b,2025-11,1,0.8735550735939228,1.0
a2c50b11-7a82-4893-b249-7c2bb7afe25b,2d24b7c1-6556-8eb5-73d6-3ed3913e6d40,cfafc812-f1cb-4018-be15-ee702308c132,2025-11,0,0.6349700532494107,0.75
4d604069-2b71-420e-8b50-a22eaad7d887,31f3f7a3-5dc4-21cd-ba54-b41347a7822a,2d403254-d4e3-484a-ab66-492809785e47,2025-11,1,0.9816987516639054,0.7
3456ac88-7509-4b72-a44b-5aa3c1323411,367ff001-843b-4fab-01ff-1f341b84ef5f,52d2cd7a-2b95-4dce-ad9f-b5f2a7500872,2025-11,0,0.09451540993833421,0.6388192166698823
1aa5aa06-48a4-4c72-879a-26e4d0c5d3da,3761a198-73ca-bdb8-338b-d52c21eb8f2e,5008836c-8f0b-4e7c-a0bc-a2df39870ecf,2025-11,1,0.6232506962303137,0.3333333333333333
d6c9e796-d1af-4dc7-8792-e5a2a6b8e860,38069f8b-d44e-0b86-a0d1-dafac5ae1232,0bb006a6-102a-47c8-8091-3f3a4bc5731a,2025-11,0,0.061481461957770066,0.13333333333333333
d0b1a9fd-066e-4b68-8602-f9f2521b42a5,3b02f95a-b47e-1037-4f8a-f2f31e35c98e,ac6b528f-3e64-4f40-a65a-a073b663edd0,2025-11,1,0.9585131284429719,0.5
c660fd84-c5c1-4742-a01f-fd3f16514a7d,3b27dc97-dafa-0480-7b61-5549a3ea7eee,be99f7a0-c9f6-43b6-9cc5-04577043e0bb,2025-11,1,0.9970802019762114,1.0
bf63e7b4-8de7-4fb7-b11e-99edb66d9891,3b48ac67-d1fa-b227-f284-5da0a25e5ac0,a6ebee32-e984-46da-929f-4e1c0d37ccef,2025-11,1,0.9793563735287292,0.8
97def0cf-c7f5-4988-a2c3-64630c6e26bf,3e50af3d-452f-d098-b3bc-3c2a64576d55,288569c1-8892-451c-ae1f-6ccf0c41daa4,2025-11,0,0.06686190336610805,0.36363636363636365
751483e0-4325-4784-970f-39e3ff996fdf,3e99437f-aaa3-5ffe-27bc-cffb9898080d,84ed620a-626e-495a-895b-488a5812e183,2025-11,1,0.9035113234856217,0.2
a2d56908-98f5-458c-8fe3-a967cc89874e,417cb75b-9992-4df9-28ae-ad4d2313621f,bb51f6f8-2b1a-4e9f-b3e3-16a942773d8e,2025-11,0,0.9805006383570428,1.0
a49a5e86-bccc-46d0-aab8-105fc2764d91,4505ca5d-0961-03c9-5943-ffda2a5ae270,0f6ef705-bedc-4008-88a1-8c600fe56c57,2025-11,0,0.2906943791673815,0.5
1b086402-fe7a-4a4f-a8dc-16a00ac80f07,4628a4bf-d4c5-9e5d-471c-271b9f3e7d03,460261c6-c1c2-4654-81fa-19637f3602a8,2025-11,1,0.9960407933937738,0.5483870967741935
a66369d0-2a2b-42f7-9cf4-ba054a3c89ed,4855a811-b83a-7e07-56f0-ae3a0026d582,1edcc724-251b-4277-9462-f2b9ccb93d6e,2025-11,1,0.5987963191698228,0.5
c3d0aacb-5f23-4363-9dac-7e6abda9cf48,4855a811-b83a-7e07-56f0-ae3a0026d582,1edcc724-251b-4277-9462-f2b9ccb93d6e,2025-11,0,0.17095458517013296,0.6
d2df84ac-b6fb-473c-97e6-b7f3154d76c9,491b8136-32a1-37c5-5253-b53ff3991d86,78f157e9-bdd7-480f-9648-2b00b519de3c,2025-11,1,0.9693244044977393,1.0
56652b19-811c-4694-95b6-52280ac5cc54,49355947-7605-ec5f-7d81-a6597f38d76b,0318d74f-95a7-4ced-92bb-ded9eb88d273,2025-11,0,0.3206766392346617,0.0
32bf7989-ed6b-4ff2-8e9f-0b042b301334,4bdca5eb-f197-a87d-d26a-c63a9b3298a1,344e766d-803d-41b0-9ead-19b02ad20786,2025-11,0,0.14030782428249497,0.25
1822eb14-4314-4c84-bbf6-38e0307358cf,4c4ad4c9-59bf-f152-d0ff-6502ec564cc9,91e9c4a4-cf9f-4ea2-bbce-8ca8d01150ff,2025-11,1,0.9903281472082442,1.0
79aadccd-4876-4f69-90ad-f9e8bf0a6f0c,4cf13b7d-67b4-87af-6795-b532998a9b0d,924c2996-22b9-4f75-a760-a40afe04263f,2025-11,1,0.9958766549959003,0.9444444444444444
5325915f-55b8-4107-8593-78188b566c77,4f75b0ca-7bed-c37c-cfd4-1e361a1bb6d4,94474160-d37a-495d-a16f-f7280c3b7a29,2025-11,1,0.6218712017375103,0.3333333333333333
d4cd56ea-780c-43ae-8dcd-9927b7c7e1a4,510cd475-6538-7d02-413c-1a0f553ba4e6,26a0a5ca-7623-4406-8776-15d57ccb11fc,2025-11,0,0.031814642368005006,0.09090909090909091
144c96ef-3763-48b9-9ded-7ebb8934c4f0,5110bc8b-7229-5952-e9db-5feb33391303,89a2e9a1-acaf-4bfd-996a-8a996e3d3f9a,2025-11,1,0.8459168678882444,0.8846153846153846
ac53efb3-5190-447d-a6bf-4b6daada1cef,53c9ff97-f078-6148-923e-9d1a21b9bb60,91ac3395-115d-464c-b811-f5b619028011,2025-11,0,0.6865837866969963,1.0
e2bcfef6-2322-4f9d-86a2-d4d9f1c74a3c,55ca6f7c-112a-ec33-7c1c-987508bc9e41,3820ef49-8442-45ed-aeee-6a7a0cec9205,2025-11,0,0.1321988376276691,0.125
fe22de56-d914-4ae0-b200-154cd629aff6,55e6e452-fae2-a5ac-3c12-21424bffbcac,16ba7f9b-b61c-4fb6-a957-8fdf8bf58876,2025-11,1,0.4395716547660743,0.6388192166698823
2edaccc6-d4ba-43d3-b522-8681108e7ba9,57dbc7f1-ef9c-8f08-5ca3-148c520d5a2b,4c012f66-06db-4f1c-9f52-211cd3540713,2025-11,1,0.9962045256612279,0.8333333333333334
602f1f45-3ab1-4d39-9653-284a3daf0aa4,5a4bd906-07d0-3c04-680d-6ee01f174660,6eda4f36-5ba8-4b93-b2de-022481039f46,2025-11,1,0.9911361048847047,1.0
b6869b9a-76e9-4324-a032-72ee7d1e58ac,5b45a840-9d6c-242e-0e2f-2e2c972c2eec,1b8d196c-a429-4d7f-823b-82a43769d60d,2025-11,0,0.15757721718549822,0.0
eb8d10b0-87cf-4027-a7f1-902a0f08dfb7,5d4122d1-48a3-607c-cb72-e1956caece73,0ab4614a-82b3-4810-b877-e696de754080,2025-11,0,0.37118683104321876,0.0
ff661eb4-078a-4908-869f-37fcdc9c8579,5e901269-d116-cf62-7661-df859f5b02dc,a15489ed-053d-4793-b95b-de0cafc05473,2025-11,1,0.9966596679830991,1.0
2ebd6e7c-8df3-42b7-9a14-d521f858cb38,5fee0a79-3970-704a-2332-f7c7598e86c1,fad9c620-d9d5-479c-981d-4bc0521c94bb,2025-11,1,0.9766480069295254,0.5833333333333334
0bb82ce0-3429-42e5-ac66-1acc6c743cfe,61031b0a-ef18-26aa-64b7-d412d7b3d276,99eb3f32-d53e-4470-ab2a-09ed6e9b3872,2025-11,1,0.9877455886792056,0.3157894736842105
153aedab-de72-4bbc-93ec-733b040a0de4,6162731a-4a9c-e887-e586-1ea574985777,f2f4757e-a36f-4615-8d08-78e18eccf3b7,2025-11,1,0.6098447371221559,0.36363636363636365
51a709f2-7771-4ecd-8f7f-1597d6f55449,6542b72b-196a-4538-a690-2db7cc212936,ad2138de-e1c7-4dff-92d0-7f9ade15e56a,2025-11,1,0.924487330931348,0.8
4da40363-6554-477a-895f-cae085562d87,658ecc07-55bf-045e-6651-ef83f51cb80c,5e06feb5-626b-4ffe-a13c-86bb5e349dfe,2025-11,1,0.8476224178896888,0.8333333333333334
df8542ac-7984-4225-aea2-4f7a30f47649,658ecc07-55bf-045e-6651-ef83f51cb80c,5e06feb5-626b-4ffe-a13c-86bb5e349dfe,2025-11,0,0.15024252121006978,0.8571428571428571
7f883ddc-2422-47c9-8477-c4ea4a81d133,66fbcb59-3d06-d8cc-b1d5-53f38a599207,b6b48bf2-25a2-4810-9338-b1847a53c5ed,2025-11,0,0.05107728221620814,0.2
d4471577-0d75-4ef4-a713-ed1984aa0645,6c0320d8-817b-ea7e-4d60-48afb8d17cba,8d1541fa-8ce0-467b-90c0-527766d7c703,2025-11,1,0.8834152164436089,0.5
1681836a-d1a3-4b3b-b2f6-1b18b06c3824,6ce85c3e-5f40-4297-8c38-22ac7432420e,43dd8c38-f19b-4e75-a934-ec4c973686b9,2025-11,1,0.9930972367496373,1.0
42b52af9-b64d-4516-985a-37575af294f3,6dd50e39-9843-4442-cc09-3b49fbe97fb9,874b3b50-b801-4e30-a0a9-808746433886,2025-11,0,0.07949136837456441,0.0
e0af45a8-403c-4460-9236-47b367407eb0,6df42279-282f-e2ae-a821-304ef8c14cfe,47ff34bd-dce4-48e4-91d4-a599695e48f1,2025-11,1,0.7658814084015916,0.6666666666666666
0cd10116-70c6-4d31-ab8f-a89f74a4ff48,6df42279-282f-e2ae-a821-304ef8c14cfe,47ff34bd-dce4-48e4-91d4-a599695e48f1,2025-11,0,0.3694776678889348,0.6818181818181818
52313236-dfd0-4c2d-b2eb-1fea684545c5,72263e8d-e74c-b64e-af0c-e7f293e84d88,8419d24a-5624-4735-bd3c-af55612a12f8,2025-11,1,0.9325876187899295,0.5
62c3059b-e158-4480-b47e-6b8557b98677,7282a267-9160-04c3-a636-0268501bdf4e,76907e36-77a4-4a95-a8cb-02e265eb29bf,2025-11,1,0.9632632927873273,0.5
3d295fe8-d9cc-4c53-a46f-d8d2e9634a06,72fb39cc-cecf-39cd-a55a-60d36a23f691,d9685ad2-82b8-4590-93fa-fdd4856e2976,2025-11,1,0.8984968302939457,0.5454545454545454
dd469397-4f35-461b-9c84-3051f545c70a,733dd472-3b1e-dd43-76e5-082ddfe66c5b,43058d1d-6ce8-4ad0-9f04-48ad2efa67c4,2025-11,0,0.154293624758728,0.25
0cc028c1-a991-4e00-adab-d9cc2dc41d5c,74c6b975-b0ab-c8b3-8acd-2cf53597a72b,ea40fdca-3e27-466c-910c-99fef52b75d6,2025-11,1,0.9417222911301528,0.7037037037037037
1e5df712-1e46-4e93-a60c-477f3f4346cd,752aa71f-8b74-a2d8-0b6e-dd06a73bacf2,4f712d5e-a137-4d11-a1e4-eadf54abc093,2025-11,1,0.7907744641192246,0.75
432ba23b-f868-42b8-8300-73da6d4d54c7,77dd12b8-a20b-05c8-2372-79ba1b1624a9,3ca315cc-b9c4-4379-be8c-c2df8c0e42d6,2025-11,0,0.053115926635356164,0.0
2e8e2923-b7d6-40bb-8523-8c86b2fe6cc5,79d4d3fe-73c5-a965-030f-c60220ee20cb,ed99994f-80a9-48cc-afab-45db09c246e1,2025-11,1,0.9788585331099439,1.0
13df9674-7ec6-4c2f-9148-5acbdbdb4519,79e31f6f-69dc-a40c-27d7-3f076878f83c,a0cd9c66-c067-4001-ad7b-586b6c15537e,2025-11,1,0.9181294282789235,0.047619047619047616
862e8682-4468-47da-ae39-02067cd46403,8123af5e-305b-80f8-20db-4d54b7f628c7,e42d2bdf-7c18-4bd9-982c-de09a231f52f,2025-11,1,0.5218220982745465,1.0
febfb7a9-24bc-4b2e-91a9-7711703bf17c,82ce206e-2925-18f5-f18c-d80631a9964e,349407f1-b9ed-4f70-9e10-33aa675f85e6,2025-11,1,0.8124639117784582,0.38461538461538464
98ea95fa-92f7-436c-8ace-6f14e374da05,83f51f9d-9d36-eda9-e7fb-5b1badbbd5d9,2f49d447-f15d-424d-9a7d-be051dc880d2,2025-11,1,0.9799147667229546,0.6666666666666666
0359d409-870d-411f-bcf1-7849789875a8,854c86e3-8b7f-0ca8-f4ac-c6a073699611,8db9e51a-5204-4143-a5a0-086b8cd03403,2025-11,1,0.998647830077425,1.0
ce0e9278-96ee-42c9-8c7e-c2ace2197ef8,855f3f6a-72ae-46f4-4cc2-a9a0d5df5b70,9131c211-f95d-4213-9955-02879ced6aaf,2025-11,0,0.03203113906788875,0.08
6b57c5d4-c6a4-45e8-8271-10f303c8c6a4,86cd2239-fa55-0389-437e-e8fd505dc931,20d5e9a6-73cd-4f5f-9b27-ba9a13e7864e,2025-11,1,0.7265762841541051,0.2
f4fff875-903e-474d-be0d-b3a0aba0128d,871465d8-763d-f593-3677-399c50f5ed41,c029ada8-f2e8-4017-816f-39ed5259c0e1,2025-11,1,0.9709673910028902,0.3333333333333333
33547772-01f9-4169-9356-1818f39a8cf4,890b32d9-f754-8150-5a18-8a21fcdf3828,57d1d250-caf0-4e54-afe7-757c96a4a181,2025-11,1,0.996094380434972,1.0
4421a7e2-5661-4e37-8468-e48edfe51e13,890d247c-e472-92eb-0db7-ca3bc375622c,a3cfd3dc-4afc-4129-8b06-9756a905d971,2025-11,1,0.7959395513348133,0.46153846153846156
79c50330-69ed-4475-a1e9-a637fb0a8624,8aacbc78-5e56-b3c0-f8bc-fcb5490b94f3,d06e259b-0f3f-4c09-bc77-00ec39ab5924,2025-11,1,0.9929218290932234,0.8928571428571429
20e578f9-0ede-4043-aeaf-52ca74821613,8b48adf3-c14a-fa6d-9785-b4bcb35f8fbb,656473e2-7641-46ed-9ba0-9fa996a8b682,2025-11,1,0.9676442694858975,1.0
91a58149-945a-480d-9743-fcd62b4bca80,8fd367e7-7404-4ef6-530b-a40219a48f1e,de3fc75a-dc8c-4bfb-b959-494a94a5d287,2025-11,0,0.558473718772593,0.5
b5831d85-ced0-47d4-a010-0707a56c0afe,93eb3d6a-d35b-ef1f-83b8-7430b6ad1674,c812ba7b-6318-4ce6-b0dd-78749fff30e5,2025-11,1,0.9907502542277989,0.3157894736842105
ecb1a5b1-988e-4eaf-9e9e-5a7ce0aa7a57,950dd22f-78fa-d205-48b3-fe5a5cc7438e,62887698-aebf-475f-9c98-0a212110dd24,2025-11,1,0.9981542518447227,0.8064516129032258
2aba4932-7c18-42b7-a266-39e089b2a39c,9653a402-ff75-bbdf-8cc6-1cb0ca01f233,81f71080-dac7-40e9-bb6b-3526cdd47015,2025-11,0,0.22874799869139245,0.15384615384615385
8c34663a-2252-4c54-b761-38e8e8407c28,9714e9c1-0eab-8c23-1dd7-2071a458be87,fbdb22d0-94a8-44e6-9c98-b1d8881da9e9,2025-11,1,0.9668029240011043,1.0
4104d4e7-0d90-4b36-910e-d7495e9c67ad,982397b8-b96b-4d87-eb8b-62916e148d45,e053e915-af46-443c-ae72-9afc7fde4294,2025-11,1,0.9025555740250445,0.5
5e495692-48a1-49fb-88bb-0ccc6361ff41,9aab8e6f-97e4-131f-c6cd-a91d11668656,c2b24d33-90f8-4d46-aca8-d99bb1f2c844,2025-11,1,0.9641317714690455,0.2222222222222222
40c19b60-5ba8-4f97-b1b1-fc6fa9d02be7,9b3925f8-4a9e-4735-7dbc-bf5a8dfff4d6,4c3b1aca-4db5-4dbe-94c8-4acaa07739cc,2025-11,1,0.5904323246944124,0.6
c9177a5c-95ac-4e99-b0c7-347ad32fb8b1,9defe9e8-4059-ba6b-5abd-0d1304e73008,4e78638f-65ec-472b-9991-cea4565d4ea7,2025-11,1,0.9766220571579399,1.0
90eecc6e-f38e-4b3f-8b83-f12a7c28eb20,a64019d6-e321-3cb8-e823-478ced6ff4c2,5efe4230-e081-4932-8bef-c352bd9eb4a7,2025-11,0,0.49270034270927204,0.3333333333333333
3626ef0c-8d3f-455a-b9fa-6ac5f3bac89f,a64019d6-e321-3cb8-e823-478ced6ff4c2,5efe4230-e081-4932-8bef-c352bd9eb4a7,2025-11,0,0.1822711416292833,0.25
c934182b-4814-42ca-bd3f-40cd51a05491,a7798da2-f8ee-1840-a1f3-f29a9e764b97,9ffe9701-32ac-461a-b5a1-8bb653d34a4b,2025-11,1,0.9961362190844745,1.0
9c048da4-5a70-47a2-9842-fd2a61781831,a83c1af9-decf-48ef-8576-c97d8b3ca11b,35f09de9-4fca-40ec-9b64-d79630bafd60,2025-11,0,0.3850932387005844,0.6666666666666666
7ea0f9b0-6b3b-4e72-9167-098de932bc7d,ae55ee92-2de5-2688-0d4d-095d6b247552,2de6ee53-a917-4a9b-962f-37e5d429949a,2025-11,1,0.8079494667179301,0.75
861b87b6-650c-4912-974e-2d8de7cd62e8,af12a12c-92bf-088b-3073-292fe4dfc478,bdc2c4ae-b9b2-4aa7-b8bd-01fdd0145e27,2025-11,1,0.9924959238056856,0.8333333333333334
a11b2114-6d52-4452-840c-3381e70745f5,af16fe79-211b-993d-45cc-0c97af4a725c,d8e97056-6537-4159-bcea-802e2f37fbff,2025-11,1,0.36268027181554424,0.3333333333333333
5e236d32-01cc-40a9-87a0-fd17c5dbe306,af8d560f-407a-4e9b-49e9-88f54d8671f4,56e6630d-239f-4544-99e4-87ae533ed05a,2025-11,0,0.05973033916802662,0.0
4aac2988-706b-49c4-886d-686eddb94787,b0348aa8-ad9f-d0dd-94e8-c71a6627c930,db9ec732-0eba-43c2-8e97-5e7a05e17561,2025-11,1,0.9634131843613833,0.5
e0395da2-b066-43fd-9e73-8326872ba37e,b0a6f0b5-9fd8-112e-2bfa-24fa8a25779b,f5dc7322-00ac-4867-a914-e2bddeac9a0f,2025-11,1,0.9787697786366946,0.8571428571428571
4b5aa348-e808-41d7-a414-c4f41b5a0143,b111e4dd-be1d-2c79-3945-480547761b5f,1e0bb8aa-b4ea-473a-90f7-c89d96df2323,2025-11,1,0.9979917520863197,1.0
1887bae5-2dd7-457d-8f77-7a5475659eea,b19dfc6c-a5d5-734c-3d3d-6389c281b3bb,2ddbff71-425b-4f25-a932-e1bf574b2035,2025-11,1,0.9956135928902292,0.9444444444444444
b7cc9598-096e-41ed-8626-7c8c486a83e6,b285539d-6e4c-f6f5-ee68-2dc683541067,8199be90-a807-4cdf-9133-819a6efc1905,2025-11,1,0.5165453674206916,1.0
858420e3-12b7-410c-ad2c-12af30967e50,b350bfbd-5bbb-d523-c32f-5c5d2cc7e980,ff8ca2ee-9523-4a03-ba50-e7e02ce9fed6,2025-11,1,0.5961282870271177,0.6666666666666666
bd2fe7b8-9c03-4bde-baa5-5afb684e8975,b350bfbd-5bbb-d523-c32f-5c5d2cc7e980,ff8ca2ee-9523-4a03-ba50-e7e02ce9fed6,2025-11,0,0.10531422351333189,0.75
0424025b-6ac4-412d-9bc1-b6387ea26277,b4a50439-db13-dc26-d980-eb079b321460,902fa4e5-f7dd-4671-9d39-6516ba2e51d8,2025-11,1,0.9849137272715979,0.5
b507d282-5eb9-4d7d-802d-63701b295e8b,b533de62-fd5f-cc73-01ad-82aaf5df2fd1,0ba08a0f-dfc9-4583-9301-a99a7e275d94,2025-11,1,0.9683172450649999,0.3333333333333333
402e9158-6472-4717-9ac1-ba61c6ae5a5f,b85e5e22-b8bb-e217-167e-913ce5dc381e,f2d9195b-c864-4a69-a8a5-cacea5959a3b,2025-11,1,0.7505474931106993,0.5
ea0b7666-55e2-46a7-8821-bb762bbd242c,b865619d-9980-0806-c5b5-97fee058322e,296f0113-6916-40f3-8fcc-cd54685de8f3,2025-11,1,0.9859159901986363,0.9130434782608695
c1d19368-b4e1-4634-acf8-35a4380a0450,ba8dd5e0-ed0e-8b6a-7098-2732476feb31,31a1c073-bb44-4019-8548-0c5a8114de7b,2025-11,1,0.13393989246701316,0.15789473684210525
8cb303d9-09dd-47dd-8d76-ae14ea27bc10,bb36c2de-ac80-369b-bef1-b7a9025ad305,8e96a43e-6fd9-4323-8d17-2c4e2317d420,2025-11,1,0.8079494667179301,0.75
499b7e04-cf74-4e3e-9f2a-a2cff6a1591e,bca70cc4-b2e4-ba57-6dee-d73dd559f02b,fc73107e-4511-4bb3-af12-aa7c3d874773,2025-11,1,0.9097828120101715,0.5
b8ca9361-142a-41b0-8306-24b53b286f6b,bca70cc4-b2e4-ba57-6dee-d73dd559f02b,fc73107e-4511-4bb3-af12-aa7c3d874773,2025-11,1,0.149995314308194,0.5
964e0504-a95d-434a-8668-aa98fcc23582,bcf8ffc1-fd5c-f6ab-0453-7a73c73786dd,d1981985-ab9a-4777-b85f-46da934e391c,2025-11,0,0.07778253806014551,0.058823529411764705
b3bc31b9-62ab-4dd8-b982-b2c9dabc1794,bdcc24e3-6077-3ea9-b25e-2747d0f07be7,34b48e10-aa34-478c-954d-06259adb5384,2025-11,1,0.9353232990651567,0.2222222222222222
54304461-5618-49bd-837a-f9b4dc78f62e,be68c44d-d4d2-478a-7b1e-c9c3fefac406,c6bf983e-033d-46e6-825f-5620364a403d,2025-11,1,0.993823646195464,1.0
8b5eb2e9-8ff7-465c-ae36-fe6921d25237,be84008a-74d3-3cc1-6fd6-bcef998f7bff,4ab14a0f-9437-43ed-9504-94985a2312ab,2025-11,1,0.9828811603898868,1.0
196835f3-455d-4f65-a172-fe3db95c7f85,c02eb961-2471-c285-9c28-fb9a12aaf70a,f848c7a4-dbda-4fab-8678-376064453b2f,2025-11,1,0.9444944289649645,0.5
2e7fb052-95a0-4565-b8e7-6c565716f19b,c09e703c-d287-38c8-d1c1-239145e17df9,d60bf084-22b7-4aeb-a8fd-b48b4786c6fd,2025-11,1,0.9974308103162975,1.0
aa17f649-efc4-4e4e-a7df-86f9fd5a63ae,c16f5af8-a99c-38c5-d338-56aa819d37ed,396c14f1-4da0-44da-86c8-5b3884103ca5,2025-11,0,0.6216750003111048,0.5
87fce043-baae-4824-a5ae-122be2163578,c16f5af8-a99c-38c5-d338-56aa819d37ed,396c14f1-4da0-44da-86c8-5b3884103ca5,2025-11,0,0.1839103463186537,0.3333333333333333
612bca70-7c7f-499b-a541-f2bc043c5339,c1b3479a-b415-c370-ba7c-636b4f4c56d9,c26692cf-75b7-4ede-9858-201c269dd988,2025-11,0,0.8690618517397837,0.16666666666666666
e1cb2cc3-9c8f-4ecd-880d-f05c6cc5ae61,c2329858-525d-2f70-5e31-bf9a8358eb3e,956b173b-5f08-4c46-999e-d04c26cb3609,2025-11,0,0.45951393952745584,0.15384615384615385
7d240e6f-9616-4dbe-b15b-023702f41218,c39e5b6a-5497-09b6-25cc-89f1ea8a608c,014f81be-2724-4302-8681-1c89fa734cce,2025-11,0,0.9597722021585483,0.8
76b6a83a-a549-4e36-af34-a0eb59a0b50c,c39e5b6a-5497-09b6-25cc-89f1ea8a608c,014f81be-2724-4302-8681-1c89fa734cce,2025-11,1,0.8417862800178924,0.6666666666666666
b6a7e664-ede7-48d2-8d13-f5b624e32586,c511ac63-cb7e-1453-92d5-ea4ffba1c360,53bd63b6-67b1-4de6-94a4-66b940e4e20a,2025-11,1,0.36608360711567883,0.6666666666666666
8d3c3358-f837-4593-b34a-1c3bcf07c510,c675e97a-0958-0695-90b3-49311eec8fd7,f3d5faeb-a060-4d56-bb7c-559d3f157f51,2025-11,0,0.9835598209398998,0.6666666666666666
bb30493a-25e8-44a7-b475-17abb64162ee,cc559ab3-0859-6b34-259e-1f5c43be7139,778655b7-c1e0-4699-9ee7-0e5834799010,2025-11,1,0.9172159321534548,0.75
a353a95d-ec34-4a3c-93ee-d425465ba870,cd2c3f97-4df7-b32f-d0c0-12031beae516,1265235c-5696-491b-925f-044ee29ba97e,2025-11,0,0.19175796743848683,0.10526315789473684
b89959a6-37f5-4c17-a1d6-7388622801a0,cda37b51-1bbc-af0d-a560-49af88fdc751,467a4a8e-2db8-4bd3-a0b3-e4d37731be26,2025-11,0,0.42125591215811725,0.7142857142857143
d7df8834-2f86-40e0-a201-de01ef69cdd3,cf1318a5-0564-4af6-d90e-c3e76de1ef08,5268e485-491e-40b7-942f-61c133c796bb,2025-11,1,0.9913336844793448,0.96
166c206f-4e40-45d8-8666-5eff0276ac39,d123a096-4929-ff8c-4efa-a8e4543d3da7,08b359b3-caad-4e09-a957-8866ca7dba42,2025-11,1,0.4821870398853264,0.6666666666666666
ebd9cca4-0e4b-4c77-939b-e35f82028033,d123a096-4929-ff8c-4efa-a8e4543d3da7,08b359b3-caad-4e09-a957-8866ca7dba42,2025-11,0,0.13125299021444836,0.75
018ff752-4589-4048-927d-235076f211c1,d1e7314f-a799-1441-8adc-a48db20e93da,f9231162-ec72-4793-bcfd-ea671ac0d111,2025-11,1,0.898183888806352,0.4
70344892-a421-44b8-b77a-5b61275a7d70,d225973a-f437-d98e-4e24-0fb32a7bfbe8,0eaaeaef-9e94-4d72-ab6c-6f4fa8a5eb26,2025-11,0,0.4381897851803242,0.6388192166698823
1c186359-2952-4592-a461-7620f881bd28,d257c87f-0e42-048c-8409-362e925d86fc,597c2d33-b758-4acd-811b-c7b22289dcbc,2025-11,1,0.9984346591578154,0.8947368421052632
6e12dbc3-4056-42a6-89cf-73e7cfe5502b,d3bef05d-1db4-2516-4e44-0c1b2d5ab25f,025b834b-6af6-47c5-9e91-8ad4dd4f36c3,2025-11,0,0.863482688436191,0.0
d3b82839-cfb5-47ae-afb9-f6d78d370d01,d497808b-36e2-ea42-d247-85b4e409078c,6a566076-355d-47b3-840f-1ddcb740c496,2025-11,1,0.9693244044977393,1.0
c12d655f-dbba-4995-83c6-40ea7a7d7be5,d58d1d2f-e65b-7705-8ac2-996da0cf28c4,f009d211-2428-4e63-8c09-22ad8ba10987,2025-11,1,0.5253247491176986,0.1
240d3325-84b1-43b4-9340-1525437125cd,d6268133-5904-3e9a-6956-9493d2f78a1d,0dbd34ff-df20-4e27-a2ad-bcd09666d64a,2025-11,0,0.3293528672820432,0.3333333333333333
befe4cb5-bc4b-4559-8e20-c81ef2dda448,d6d33436-345a-e39c-9f8d-91c76dca514e,1bb08655-ecc9-4795-8186-bb34f130a593,2025-11,0,0.15810745020030834,0.25
c9988e84-a0e0-4066-bfa0-0c39579e1e76,d77b5c1e-605d-6795-5eee-1e2f9b83e069,f6976df5-ab7b-4cb2-8ce9-e36efe843745,2025-11,1,0.9632137274176269,1.0
d592176b-50cb-4e4a-be45-278c59340a97,d93d9661-c38b-55ac-e5ac-93c052d45622,f48bcd4d-b81e-4a57-a0f3-09dfa5e2e00f,2025-11,1,0.5603065003500092,0.6
c8966bcc-cfe1-4e04-81b1-fbf90a0a2ae0,d93d9661-c38b-55ac-e5ac-93c052d45622,f48bcd4d-b81e-4a57-a0f3-09dfa5e2e00f,2025-11,0,0.1321302879965393,0.6666666666666666
f72eeebf-9b1d-4094-8ff7-9210c4384599,d97ef4f9-a927-a7e9-03a3-fc84f79e19af,1ea77b42-81d1-4535-bfd4-de9a7bd31eca,2025-11,1,0.990666712689945,0.8571428571428571
dd033739-6f28-4261-bfeb-413b1654cae3,d9a74fa5-6394-f751-240a-2ff642673fc5,d3781754-4ad0-45fb-b64f-9153d1b33e6a,2025-11,1,0.9867703958133138,1.0
0b7e8d6a-c990-41ef-b1bc-5be5c346f704,df5ea39c-c069-5211-271d-f0d3831adefa,3394785d-ad9b-442e-9c87-3ab4f47b1876,2025-11,1,0.8882393707416999,0.41935483870967744
d65d7b6b-9364-4947-b000-0fb75749b31d,dfe72882-2923-e759-ab37-45a4f6c5f1c7,4fac063c-5430-4b03-984d-ddede60e9cee,2025-11,1,0.9353918025146657,0.75
f625e87e-ddec-436d-abb5-8b8023529830,e04a7b1e-bb22-2ccf-a342-9eea602847ff,d3c75e3f-ebcf-4bd2-ba3f-80eb52ac9ee6,2025-11,1,0.9915207963773204,1.0
8a1d3989-c73f-4dab-8f7b-9d326e683c03,e04a7b1e-bb22-2ccf-a342-9eea602847ff,ed206b50-b8c2-4587-907e-681f2c148f8e,2025-11,1,0.9588273528500404,1.0
c2d2d168-d73c-4fb8-a392-ddc19d2f6f28,e093abe2-fae5-a599-2ee8-ce612d47e63e,1dcbdc90-610b-4530-a9cb-a032f49707e3,2025-11,1,0.9974970669178721,1.0
22ea1bf8-48bd-40a9-805a-c1d9b8bde8d0,e10472f5-6434-2a96-6c28-13939f90427f,f51128e3-e243-4a13-9c81-ebeab17cc897,2025-11,1,0.7537407389313351,0.3333333333333333
ac108875-acd3-41d9-842b-d1f7e029a490,e17238d1-34ce-0cbb-4dc0-f65e60ff52f7,5c6e4440-a7b7-4d5b-baec-a422ba050dcd,2025-11,1,0.97995215884718,0.8888888888888888
aee17da4-1cbf-4c2f-b338-e8744b01aabc,e51d0052-6144-0814-9748-12b1e6c3b68a,dd53ac44-fa85-4d55-862f-21ef23300b18,2025-11,0,0.7604445669770225,0.5
10894b96-a266-4863-9ad8-15cfeee5874e,e54f192a-b17b-11b9-0448-1cf4ecbe5f43,52af2eb2-0f97-484b-aa94-fae6a75d64ab,2025-11,1,0.9957844695613643,0.6666666666666666
4277751c-6aff-4224-bcb3-49bb36228ff8,e6dde6a9-4da9-d1a2-802a-faf5db207e8e,948c83b1-ecc1-440f-9997-479b290ef8a0,2025-11,0,0.39732623624010155,0.84
d10d4293-d39a-47fb-9a77-f90f836cc4d5,eb7de080-f310-4225-66d6-f15dc51fefcd,024b70d0-29db-40f3-a244-a9a228b5388b,2025-11,1,0.9664701765015639,0.8571428571428571
19e89d71-cf01-48b4-ba85-c437b2de9a89,ec6bd398-2413-2c67-18db-10bdd92ee4f9,83dd2c1e-368b-4c57-b9b8-fbcd6ae6ea9f,2025-11,1,0.9942858585491186,1.0
a3bbe373-cdfb-42f5-9413-8d0857cd5f8b,f284b25b-d762-1399-a12e-ba7ffa6b6f97,1129e54a-0b3f-417c-b6db-e1090df6981b,2025-11,1,0.8764808114379169,0.2
8ddaccd3-22fc-43f8-a58f-bb3ff6d286b1,f2a00e3d-de04-40a3-6f41-a3ebfcab4a3c,4da78ee8-cbc6-4e20-949d-cf7237c7129e,2025-11,1,0.9503353886634733,0.6666666666666666
9e642570-5478-4124-bd5e-bf46105f17bf,f6c5c3d2-ceda-6c7f-aa96-359c7dc9ee92,43ba38ca-08a9-4fda-9c38-448a30f1cbe9,2025-11,1,0.9417777985425957,0.4
35aa772e-eda0-4f01-ad41-e54cf6dddbf5,f7d24c55-ed4d-270d-81fd-fb50566001d5,63dc5133-4cd0-4c86-a93e-bf9b61b2d1ef,2025-11,1,0.8641670997605677,0.0
c755c2ca-76ce-4d82-a7c8-522f602e5eee,f8723af2-2adb-2870-b160-e1ad562524be,a710a504-eed4-465a-8668-bc3fbe646e62,2025-11,1,0.9798518066855989,0.6666666666666666
23d45dae-a2e6-4d36-96d0-fc8185665a44,fc3a7af3-d462-ffa0-bf10-348fe7f764f5,8c96bbeb-234f-4c4e-b3f0-dea0ea5a1cac,2025-11,1,0.8075563831455703,0.25
1131f8c3-b857-41a4-b7a8-fe8b8feb9aae,fc8a412e-e0d4-35e1-37fa-5f798b7dc7f4,ed381183-4ca6-4302-84bc-e1e05958ed09,2025-11,1,0.9594104929001115,0.8
36e76f8d-2a41-4162-a6f2-f52008eb670d,fd1d6483-722f-9ff9-67bd-a98f7e3f42af,43eec801-0423-458f-8e6c-dcadff5fcaf2,2025-11,1,0.9933004025559361,0.5
7b196544-894e-463a-a951-cfa33df41d12,011b7d1c-5697-5394-c05b-fa0473640657,261c6838-0d2b-4ef8-b7c0-722341418ce5,2025-12,1,0.9576928202869975,0.6388192166698823
2411fd0b-e296-458a-b4e1-b5e6e9ddea28,0278721a-a690-833b-298a-16a351fb7a3a,6555e453-3efe-45a0-9b81-711fbf2d0726,2025-12,1,0.9968872731437589,1.0
3ba034ff-8bcf-477e-bc45-725ca68e0e5f,03ce56c0-8798-b95d-7125-311b80363e74,90df3267-4239-48a4-89aa-4a61e24239bc,2025-12,1,0.9648991264432271,1.0
a03c117e-81c8-4ff6-9013-87bd4b7c8956,04ba1c6f-6c06-819d-9ecc-a0c5f795b922,cbde9bdc-2d51-4e5d-a732-1df1160c4b74,2025-12,1,0.9164935802176017,0.5714285714285714
efc00159-0a50-44f4-b2d9-6160ac3f6c51,073e4bd7-f1f1-49d3-604f-c365b9952a6c,e70ad66e-a26a-4c8b-a6e1-9743710c50f9,2025-12,1,0.9810500604291411,0.5
a2e0c47c-453d-436b-bda0-b4e996f24c6d,0a550b32-ac5f-efb6-6d3b-e9975e20a82d,1fbee6f2-3f66-44cf-b956-8e4f4fb8920d,2025-12,1,0.8865064435244462,0.12121212121212122
90060293-15ae-431d-9db2-8dd00f96102d,0a550b32-ac5f-efb6-6d3b-e9975e20a82d,95855f3f-2de6-4518-923a-d6bb61e6edd7,2025-12,1,0.989406877301438,0.12121212121212122
dac29138-8d79-4bf7-9b7a-e3591eae01a1,0ea0c6d9-a99f-89ea-6b85-9ae409698bd3,9213b9cf-1bcf-41e7-a060-e578f718f991,2025-12,1,0.368196361384101,0.4
9512fd94-ecf9-4661-af87-ebdff38ca904,0ea0c6d9-a99f-89ea-6b85-9ae409698bd3,9213b9cf-1bcf-41e7-a060-e578f718f991,2025-12,0,0.22299937072362616,0.45454545454545453
878db96b-0870-48b2-9bc8-b9dba1813b71,104a66bf-0d87-2acc-ec03-a73d1c1cfd53,4285ffb5-00b5-43ed-8956-07fcaeccb965,2025-12,1,0.9754790485372542,0.5
fa9093f2-9616-4e05-b6fc-861a6823409a,10f3edc6-4b03-b82d-8df1-09ddaf031c0c,d0b11ad6-7841-48cf-82cb-55e373063fac,2025-12,1,0.9917910456067216,0.75
46e0c80d-1022-4a2f-ae2e-8efaf4969869,11316c38-dc08-4983-3588-fcadd88bd5d2,597a1580-9401-42ce-a407-c9448d5017f6,2025-12,1,0.08600711445397917,0.4
092d1e11-b419-416f-88b4-b73bd043b6ee,11e96dd2-92f4-f793-56db-439d5b3de156,3f072df4-ca44-4975-9844-ebd8be4312e0,2025-12,1,0.9915021365425677,1.0
1dd38bdf-22cc-4be2-bae2-b97e67d875e2,122c395f-56fd-4482-fe33-7fa3c3cd30b5,45df567e-3c5b-4da3-8bfd-6605e5e6c7a9,2025-12,0,0.23207271153461337,0.0
5765305c-4d38-47ad-8315-0ec6a30dbb94,1287ac56-adee-78b5-6a6b-56b3e8dd7d48,c88936bc-cb40-4598-a743-3c301dd4dccf,2025-12,1,0.9795169517883342,0.9
c033823c-a726-4254-a8f0-29f91f439f51,146a8458-f956-54ed-317f-b99f7d16fff8,9698da1c-596f-48ae-8618-16b9c409f192,2025-12,0,0.18392092375870958,0.05555555555555555
3ba5a9b9-b955-4ba9-9191-113f7e67cb71,18788fe2-f6a2-826e-2199-6cec118c6d00,6a5d492b-8175-4c5d-86ac-ff94ea72d963,2025-12,0,0.21650932625214697,0.1111111111111111
f09b178e-698b-4a61-8a76-85d984530cf0,18d86801-3cb7-11d4-8b9d-433429296014,9c5f6705-4936-4bf4-91d9-8bd75b4c341b,2025-12,1,0.9725652634419618,0.18181818181818182
cf31501e-87c5-4428-a35b-4486a9f5a4e1,1932ea80-c6eb-874e-eca8-12410fa7a608,7ce79ba5-79fe-49c0-9e0a-2ace149ffbd0,2025-12,0,0.012885409514023045,0.09090909090909091
ea164888-19c7-4160-bd50-249dfc95fedd,1b003ea3-bdcb-0416-c3c2-8ff60f2f65f5,419e1438-3ed5-4447-9f4c-68505b3371d9,2025-12,1,0.9982402620097561,0.8571428571428571
bdd59e7c-2607-4810-ada6-69aa038fa83b,1b7a8ca2-dcfa-864b-b6f3-f5e53beb8da0,0312e73c-7ac3-4464-8c92-d3771d098413,2025-12,1,0.8469254886848169,0.75
6c671dc4-94c4-4230-b136-3bd617b95a4e,1d4c0119-5151-7a5b-2266-f16e44f67157,55469cc1-579d-4801-bbbd-4f113cad46e9,2025-12,1,0.9608966489144982,0.8
570bcf1c-aa60-4305-9c9b-d6cd21ebfa4f,1eb13d75-4e74-34de-0d7a-6936b746e12e,abf6275d-aab5-4614-963d-9dbe3ee0aa87,2025-12,0,0.39746044632591526,0.25
caf943bf-1a03-483b-bb39-6db2d7e32ed4,21e237d1-286e-324e-0cef-45725d629768,a6e807f3-afdf-44ff-b5cb-81a3f0906217,2025-12,1,0.3287068619933475,0.6388192166698823
ed178c08-9dfe-4684-85f5-0f14eb9ce624,227f376b-633a-5615-5670-c29559d0a08b,b98f8c1f-f2b7-4f45-a583-7bb76e52c466,2025-12,1,0.9710326469927792,0.18181818181818182
62df0e99-340c-4545-ad6f-c71eef9622cb,22a9494d-0e02-6fba-4aee-7947f1e6110b,a9694079-2985-486a-8cd6-bd3243751b22,2025-12,1,0.9978363833183983,0.9333333333333333
91a519ba-faf7-434b-a59c-afcf582e604c,22b0be2d-52c5-1127-642d-4f1083b404ca,073645a4-3ce2-4cc7-96cf-54d0f49f2353,2025-12,1,0.9576928202869975,0.6388192166698823
631b56d1-8462-4750-9287-ddbad010fa3d,22b72d22-cdf8-d918-1731-0c3954f2f732,c4a6e069-7bfb-4ad6-825a-a77999e62a37,2025-12,0,0.09796663342201838,0.6388192166698823
91cac894-eb51-4d6b-aca8-9c081f0c7af0,238b347e-e7e9-b1a3-31a8-a2f8fed99f55,3d2bb31e-a4e2-4d67-b934-8fbb641505da,2025-12,1,0.9949248461479194,1.0
abf99ac2-f16b-4af8-91ee-60307d98d36e,23f7ef5f-6b26-a104-b616-b438d7e9243c,8cada743-d341-4211-b2f2-094d551e9ef3,2025-12,1,0.813926360601064,1.0
71ca5b7e-458e-4b0c-a767-2391b9f8fab5,251051cf-e3b5-5d37-918f-bf22b4875790,05a7138b-3291-401c-b2bf-28981d85d111,2025-12,1,0.9991102950990444,1.0
1dc81190-2eca-4ba3-8e24-5e695e723664,25aa2406-e171-b558-8249-7a525d126d8f,a0c56020-2eb8-4b3c-80a2-f837b1555d64,2025-12,1,0.7284068373961317,0.0
f9b10815-ba0c-4125-b054-ce1189bc2b7b,2631ddfd-660e-8719-1876-82cf88e13a60,0c8b2433-3b52-4a31-973c-d1049e2367ce,2025-12,0,0.11407154437902459,0.1
77e9d846-5085-4aca-9409-58350d6be2f8,2794ccf7-4966-f00d-35d6-34ac17db73ea,29309a70-09a1-4c35-b877-ca27b04ec436,2025-12,1,0.9966676816567585,0.9090909090909091
32f870b8-f465-47dc-b0a3-c79155eb4398,29e47ac1-831d-9edd-4744-efc0e2037ff3,954a76d4-6294-4fd9-9c87-30457c524da9,2025-12,1,0.8804053417922514,0.5
80bddf52-2503-459a-8521-873ad9a53406,2b785f57-1c4f-d4a8-d486-b69e7b2db5bc,3c7ccdf6-cc34-4475-9b15-a0933043ad80,2025-12,1,0.9814905336953137,0.875
30d6eaaa-b08b-408e-8865-c734391fdbf2,2bd67002-1f8f-faff-efc5-5063dbedf10f,fe2ad17f-410e-481b-ab4d-af0e65a40934,2025-12,1,0.9788979024356358,0.8333333333333334
8fadb401-442d-4308-9ecf-e95cff25700f,2c1980eb-be51-916e-8f61-1e8fe83afb0c,345fd782-4252-4f02-958d-3531a545878b,2025-12,1,0.8846951648076548,1.0
f7f0212e-52dc-4b7a-b1aa-3b21253ca04a,2d24b7c1-6556-8eb5-73d6-3ed3913e6d40,cfafc812-f1cb-4018-be15-ee702308c132,2025-12,1,0.7328930851055079,0.6
cda212b8-7f87-4ae6-990b-d21f2d518b4e,2d24b7c1-6556-8eb5-73d6-3ed3913e6d40,cfafc812-f1cb-4018-be15-ee702308c132,2025-12,0,0.07325717717379,0.6666666666666666
c74ab0b3-d966-487e-8057-27d0a14d40fe,31f3f7a3-5dc4-21cd-ba54-b41347a7822a,2d403254-d4e3-484a-ab66-492809785e47,2025-12,1,0.9511872637539559,0.7272727272727273
67256721-757e-4a26-b654-6440a8edc20d,367ff001-843b-4fab-01ff-1f341b84ef5f,52d2cd7a-2b95-4dce-ad9f-b5f2a7500872,2025-12,0,0.3578433510163907,0.0
370c7fef-b7e8-4aaa-b96f-37667f0c950d,3761a198-73ca-bdb8-338b-d52c21eb8f2e,5008836c-8f0b-4e7c-a0bc-a2df39870ecf,2025-12,1,0.8637913111101868,0.5
c2a6061c-91f9-4f6f-8873-42b338200f95,38069f8b-d44e-0b86-a0d1-dafac5ae1232,0bb006a6-102a-47c8-8091-3f3a4bc5731a,2025-12,0,0.06114303972024517,0.125
90a3333b-205a-43c6-944c-c8d6162467b1,3b02f95a-b47e-1037-4f8a-f2f31e35c98e,ac6b528f-3e64-4f40-a65a-a073b663edd0,2025-12,1,0.9975727108973576,0.6666666666666666
7a0d969a-16cd-408b-b25e-6ed260792694,3b27dc97-dafa-0480-7b61-5549a3ea7eee,be99f7a0-c9f6-43b6-9cc5-04577043e0bb,2025-12,1,0.9979743340660212,1.0
c0859c97-7ab6-4edb-9a00-3e6e8a20b848,3b48ac67-d1fa-b227-f284-5da0a25e5ac0,a6ebee32-e984-46da-929f-4e1c0d37ccef,2025-12,1,0.9316860805453663,0.8333333333333334
679ff8f9-3851-436b-9d33-3aa789af9ac4,3e50af3d-452f-d098-b3bc-3c2a64576d55,288569c1-8892-451c-ae1f-6ccf0c41daa4,2025-12,0,0.13373597115136593,0.3333333333333333
e9f02e08-e5c1-43a1-a56f-6ed3d9cd241a,3e99437f-aaa3-5ffe-27bc-cffb9898080d,84ed620a-626e-495a-895b-488a5812e183,2025-12,1,0.7607979051783351,0.3333333333333333
23d6fa11-9a5d-4bd9-8617-a4e0e91877fa,417cb75b-9992-4df9-28ae-ad4d2313621f,bb51f6f8-2b1a-4e9f-b3e3-16a942773d8e,2025-12,0,0.9472843328753284,0.8571428571428571
344eb559-bd61-419a-be99-f8efdcc937c4,41bc3dd8-29be-a47d-e821-5e112e52cde5,d0d2708b-039b-4380-93ca-a0076ae20eb5,2025-12,0,0.09167731787607805,0.6388192166698823
f5601d4e-ab3f-46c0-a263-710e3aa92f60,4505ca5d-0961-03c9-5943-ffda2a5ae270,0f6ef705-bedc-4008-88a1-8c600fe56c57,2025-12,0,0.402289566356961,0.3333333333333333
94b01f46-fd27-413e-b484-773458046394,4628a4bf-d4c5-9e5d-471c-271b9f3e7d03,460261c6-c1c2-4654-81fa-19637f3602a8,2025-12,1,0.9858973945193121,0.5625
26dd0075-f9c9-4e5d-959f-6163bc366c4f,4855a811-b83a-7e07-56f0-ae3a0026d582,1edcc724-251b-4277-9462-f2b9ccb93d6e,2025-12,1,0.6856530563499197,0.5
ac6cd3b7-15b9-4e6f-9f91-933aa4547dec,4855a811-b83a-7e07-56f0-ae3a0026d582,1edcc724-251b-4277-9462-f2b9ccb93d6e,2025-12,0,0.09647815232857442,0.5714285714285714
7921c6de-6ee3-47c2-8b55-2c622d6d1de5,491b8136-32a1-37c5-5253-b53ff3991d86,78f157e9-bdd7-480f-9648-2b00b519de3c,2025-12,1,0.9740780703707618,1.0
2575781a-a73d-44ad-9deb-91de7097b176,49355947-7605-ec5f-7d81-a6597f38d76b,0318d74f-95a7-4ced-92bb-ded9eb88d273,2025-12,0,0.192049375114337,0.0
a49b969e-eec4-4bff-abff-5af02f4dcc0d,4bdca5eb-f197-a87d-d26a-c63a9b3298a1,344e766d-803d-41b0-9ead-19b02ad20786,2025-12,0,0.10646219224124123,0.2
05c4ae0d-4293-4f98-9f51-b0f9b3f76f99,4c4ad4c9-59bf-f152-d0ff-6502ec564cc9,91e9c4a4-cf9f-4ea2-bbce-8ca8d01150ff,2025-12,1,0.995830770288547,1.0
186d49f1-ecbe-47e1-8df1-39abcd773c5d,4cf13b7d-67b4-87af-6795-b532998a9b0d,924c2996-22b9-4f75-a760-a40afe04263f,2025-12,1,0.9976536272113956,0.9473684210526315
7a14281b-6b4b-4012-a97a-8f86af057e66,4f75b0ca-7bed-c37c-cfd4-1e361a1bb6d4,94474160-d37a-495d-a16f-f7280c3b7a29,2025-12,0,0.6937434549215206,0.5
55c036bc-8e42-4b49-8dd5-563c76798092,5001bf67-3639-035a-75c2-912e5c878962,90db06be-f710-455c-91a5-b5e863bb2caf,2025-12,1,0.8651887085128012,0.6388192166698823
043015b7-9530-476a-8594-ca8603ca4c1b,5001bf67-3639-035a-75c2-912e5c878962,90db06be-f710-455c-91a5-b5e863bb2caf,2025-12,0,0.24615268850411734,1.0
a7c2ae60-5aa0-425e-8554-0eb6848b3031,5001bf67-3639-035a-75c2-912e5c878962,90db06be-f710-455c-91a5-b5e863bb2caf,2025-12,0,0.33982231863886747,1.0
d40846bf-cb5c-47a8-8cf5-c4c0df90c961,510cd475-6538-7d02-413c-1a0f553ba4e6,26a0a5ca-7623-4406-8776-15d57ccb11fc,2025-12,1,0.04447554872932146,0.08333333333333333
242b3ffa-0c52-4a5f-89f5-22a827bf82b8,5110bc8b-7229-5952-e9db-5feb33391303,89a2e9a1-acaf-4bfd-996a-8a996e3d3f9a,2025-12,0,0.8234849312677534,0.8888888888888888
3f504838-9923-478b-884f-e8e68132930a,53c9ff97-f078-6148-923e-9d1a21b9bb60,91ac3395-115d-464c-b811-f5b619028011,2025-12,0,0.4873874595784364,0.8
ac91d4c8-e8fb-46d0-9973-5afe1bb57579,55ca6f7c-112a-ec33-7c1c-987508bc9e41,3820ef49-8442-45ed-aeee-6a7a0cec9205,2025-12,0,0.1535604790335282,0.1111111111111111
f8b4d0db-4852-4617-9af1-8bf0ba6dc3cd,55e6e452-fae2-a5ac-3c12-21424bffbcac,16ba7f9b-b61c-4fb6-a957-8fdf8bf58876,2025-12,1,0.9963959200073988,1.0
0d540470-f8aa-4915-a181-e9163162b1b3,57dbc7f1-ef9c-8f08-5ca3-148c520d5a2b,4c012f66-06db-4f1c-9f52-211cd3540713,2025-12,1,0.9161866310580055,0.8571428571428571
b964dc75-37b4-449f-a352-c6632942dd6e,5925134f-40a7-6834-930a-b8d6906bd2a4,73f27fac-554e-48b2-b97d-1d42f202ef3e,2025-12,1,0.8699513570502398,0.6388192166698823
4edf3e43-b999-4abb-b405-4a0d2203a859,5a4bd906-07d0-3c04-680d-6ee01f174660,6eda4f36-5ba8-4b93-b2de-022481039f46,2025-12,1,0.988658187555101,1.0
811bc8c3-2f86-4dbd-842f-13cf307db0ea,5b45a840-9d6c-242e-0e2f-2e2c972c2eec,1b8d196c-a429-4d7f-823b-82a43769d60d,2025-12,0,0.21867902825612623,0.0
8495befa-3156-45e4-8e47-cc2a9ad509f8,5d4122d1-48a3-607c-cb72-e1956caece73,0ab4614a-82b3-4810-b877-e696de754080,2025-12,0,0.3021286671967663,0.0
a13bd631-93d9-476c-bcbf-30d47b0a3c6b,5e901269-d116-cf62-7661-df859f5b02dc,a15489ed-053d-4793-b95b-de0cafc05473,2025-12,1,0.997902757551929,1.0
a51af015-4043-42fd-87e1-dc9ed442da99,5fee0a79-3970-704a-2332-f7c7598e86c1,fad9c620-d9d5-479c-981d-4bc0521c94bb,2025-12,1,0.9736817361130017,0.6153846153846154
07467c7d-1a31-4748-b18c-a6ff09389b39,61031b0a-ef18-26aa-64b7-d412d7b3d276,99eb3f32-d53e-4470-ab2a-09ed6e9b3872,2025-12,1,0.9855560392814606,0.35
7f365eca-fd71-4993-a219-fb5fba4417a0,6162731a-4a9c-e887-e586-1ea574985777,f2f4757e-a36f-4615-8d08-78e18eccf3b7,2025-12,1,0.3065095914186556,0.4166666666666667
d2689ea6-c964-461e-8ea3-112a73973970,6542b72b-196a-4538-a690-2db7cc212936,ad2138de-e1c7-4dff-92d0-7f9ade15e56a,2025-12,1,0.9973524977348005,0.8333333333333334
1e48aed5-30be-4260-bfe1-e04c06f00698,658ecc07-55bf-045e-6651-ef83f51cb80c,5e06feb5-626b-4ffe-a13c-86bb5e349dfe,2025-12,1,0.7884831784901437,0.75
11bd0aa3-3435-40c1-8309-52b7ef6dfeef,66fbcb59-3d06-d8cc-b1d5-53f38a599207,b6b48bf2-25a2-4810-9338-b1847a53c5ed,2025-12,0,0.022548777612146884,0.18181818181818182
e1baa38f-d3bf-4077-acd8-bb38597c46a9,6ce85c3e-5f40-4297-8c38-22ac7432420e,43dd8c38-f19b-4e75-a934-ec4c973686b9,2025-12,1,0.9984914357498396,1.0
92db6d78-8726-45c0-bf6e-6cb6e482414f,6dd50e39-9843-4442-cc09-3b49fbe97fb9,874b3b50-b801-4e30-a0a9-808746433886,2025-12,0,0.07984022422137259,0.0
58229c21-8e96-4361-b22d-6e3a177fbb84,6df42279-282f-e2ae-a821-304ef8c14cfe,47ff34bd-dce4-48e4-91d4-a599695e48f1,2025-12,1,0.8146074182592229,0.6521739130434783
4affdc1c-d156-4f24-be4a-8d6a309aa09f,71afee6b-f2ab-0218-c8a3-84b8ca8ed21f,4911da55-b10d-4ff0-811b-eeddb6a48ef5,2025-12,1,0.9674906549770632,0.6388192166698823
b2d1c39e-6c8c-4e97-9875-c6c323e7de7c,71afee6b-f2ab-0218-c8a3-84b8ca8ed21f,4911da55-b10d-4ff0-811b-eeddb6a48ef5,2025-12,0,0.128866345944332,1.0
49ba4617-318b-4e45-bb58-631d0caf404a,7282a267-9160-04c3-a636-0268501bdf4e,76907e36-77a4-4a95-a8cb-02e265eb29bf,2025-12,1,0.9805790651475433,0.6
38434c91-2adf-42cc-bca5-c66d51c0bb4f,7282a267-9160-04c3-a636-0268501bdf4e,76907e36-77a4-4a95-a8cb-02e265eb29bf,2025-12,1,0.8906755202051256,0.6666666666666666
8163356f-4e1f-460a-ac3c-5bad50151afc,72ac33cc-b9b2-9cc4-47fd-d37096c8f30d,c7f06da4-2365-433f-adc3-9f9169263644,2025-12,0,0.1785769958385402,0.6388192166698823
00c19389-42f0-4fd6-93de-6fd80424bff1,733dd472-3b1e-dd43-76e5-082ddfe66c5b,43058d1d-6ce8-4ad0-9f04-48ad2efa67c4,2025-12,0,0.1373991039923106,0.2
c73eed76-187f-47fe-9507-683272da7728,74c6b975-b0ab-c8b3-8acd-2cf53597a72b,ea40fdca-3e27-466c-910c-99fef52b75d6,2025-12,1,0.9162135514493954,0.7142857142857143
800cde2d-cdfc-4468-a2f1-d72bef7dc824,752aa71f-8b74-a2d8-0b6e-dd06a73bacf2,4f712d5e-a137-4d11-a1e4-eadf54abc093,2025-12,1,0.8822335297210483,0.8
7574d63a-b99e-4944-95b4-84feb621324e,752aa71f-8b74-a2d8-0b6e-dd06a73bacf2,4f712d5e-a137-4d11-a1e4-eadf54abc093,2025-12,1,0.07154961227101454,0.8333333333333334
6902b095-ed7e-45d5-8a64-04c3624ff9ef,752aa71f-8b74-a2d8-0b6e-dd06a73bacf2,4f712d5e-a137-4d11-a1e4-eadf54abc093,2025-12,1,0.06785623191860342,0.8333333333333334
d83b5c78-bb98-4e0d-b007-e2f6f0ecb38c,77dd12b8-a20b-05c8-2372-79ba1b1624a9,3ca315cc-b9c4-4379-be8c-c2df8c0e42d6,2025-12,0,0.07883773061352022,0.0
dbdeb4ec-b053-422b-ab28-7b361f78d886,79d4d3fe-73c5-a965-030f-c60220ee20cb,ed99994f-80a9-48cc-afab-45db09c246e1,2025-12,1,0.9405617696934857,1.0
58f23676-b62e-4575-be50-1330e43cf319,79e31f6f-69dc-a40c-27d7-3f076878f83c,a0cd9c66-c067-4001-ad7b-586b6c15537e,2025-12,1,0.902955255493569,0.09090909090909091
fbb74968-b1e6-4209-a069-cf42c2350bac,8123af5e-305b-80f8-20db-4d54b7f628c7,e42d2bdf-7c18-4bd9-982c-de09a231f52f,2025-12,1,0.9755367311000909,1.0
efcaf025-8218-40d4-932c-3341697e3a13,83f51f9d-9d36-eda9-e7fb-5b1badbbd5d9,2f49d447-f15d-424d-9a7d-be051dc880d2,2025-12,1,0.967887445534401,0.75
d8f5ec17-036d-4aa7-8631-0ebcb321884d,854c86e3-8b7f-0ca8-f4ac-c6a073699611,8db9e51a-5204-4143-a5a0-086b8cd03403,2025-12,1,0.9987604461050824,1.0
00860f80-be0c-4a38-9fd3-c556f506831c,855f3f6a-72ae-46f4-4cc2-a9a0d5df5b70,9131c211-f95d-4213-9955-02879ced6aaf,2025-12,0,0.030697753469504794,0.07692307692307693
b388fc52-7531-4aea-8874-fb3fa6b9596a,86cd2239-fa55-0389-437e-e8fd505dc931,20d5e9a6-73cd-4f5f-9b27-ba9a13e7864e,2025-12,1,0.8937320314850253,0.2727272727272727
eb565789-4fff-4b4c-a5d2-9ff710028fe9,890b32d9-f754-8150-5a18-8a21fcdf3828,57d1d250-caf0-4e54-afe7-757c96a4a181,2025-12,0,0.9875223611316638,1.0
eabbafbe-5eb6-40b6-b865-1b127227b556,890b32d9-f754-8150-5a18-8a21fcdf3828,badc4f52-9209-4008-bcff-ed3cf3a3726f,2025-12,1,0.9557890404044517,1.0
8d6fa408-4c92-4b4e-aeed-97ab220fd9b9,890d247c-e472-92eb-0db7-ca3bc375622c,a3cfd3dc-4afc-4129-8b06-9756a905d971,2025-12,1,0.732779041819686,0.5
7af1a287-9cbf-4880-8c01-fe293283dfb1,8aacbc78-5e56-b3c0-f8bc-fcb5490b94f3,d06e259b-0f3f-4c09-bc77-00ec39ab5924,2025-12,1,0.9855008672632573,0.896551724137931
d0de67d8-414a-4c5e-a094-0bed52ec827d,8b48adf3-c14a-fa6d-9785-b4bcb35f8fbb,656473e2-7641-46ed-9ba0-9fa996a8b682,2025-12,1,0.7306698412441579,1.0
bd301f37-ae2e-409e-8351-edc8fd0a7d66,8fd367e7-7404-4ef6-530b-a40219a48f1e,de3fc75a-dc8c-4bfb-b959-494a94a5d287,2025-12,1,0.5500118522294704,0.4
c2c97ef5-3d92-4e09-8b66-56f4060c74a5,93eb3d6a-d35b-ef1f-83b8-7430b6ad1674,c812ba7b-6318-4ce6-b0dd-78749fff30e5,2025-12,1,0.9943641105656464,0.35
3f107d62-034f-4137-a7e5-aa6c06bcfe15,94a44555-23ae-3135-5416-01dc72f3397c,bd4e74fa-afbd-42f9-bf0e-26b018e644af,2025-12,1,0.2108974153108213,1.0
19b5eb1b-399c-4be1-84ed-3421cd8fbd32,950dd22f-78fa-d205-48b3-fe5a5cc7438e,62887698-aebf-475f-9c98-0a212110dd24,2025-12,1,0.9929966930901916,0.8125
67e7d181-a596-493c-b188-d96f317e1c77,9653a402-ff75-bbdf-8cc6-1cb0ca01f233,81f71080-dac7-40e9-bb6b-3526cdd47015,2025-12,1,0.1518072635785337,0.14285714285714285
9b687069-fcc8-41eb-bd5e-83273155fe58,9714e9c1-0eab-8c23-1dd7-2071a458be87,fbdb22d0-94a8-44e6-9c98-b1d8881da9e9,2025-12,1,0.9989587310701752,1.0
caebabbd-ec31-45b5-a8a9-3cc7c0adf66a,982397b8-b96b-4d87-eb8b-62916e148d45,e053e915-af46-443c-ae72-9afc7fde4294,2025-12,1,0.9689695680057412,0.6666666666666666
908d8969-15fd-45f7-a1a5-a5d4d88c787f,9aab8e6f-97e4-131f-c6cd-a91d11668656,c2b24d33-90f8-4d46-aca8-d99bb1f2c844,2025-12,1,0.979820593666709,0.2631578947368421
fc6dbc0d-b3f6-4493-8d1f-6232eb9086b6,9b3925f8-4a9e-4735-7dbc-bf5a8dfff4d6,4c3b1aca-4db5-4dbe-94c8-4acaa07739cc,2025-12,0,0.6980788084829195,0.6666666666666666
e64eccd7-8c6e-48da-94f2-5863b806a296,9defe9e8-4059-ba6b-5abd-0d1304e73008,4e78638f-65ec-472b-9991-cea4565d4ea7,2025-12,1,0.9853255021819973,1.0
e9b72252-0a5e-4b7f-921f-87782b38195d,a4709d2c-85e2-3d68-7467-1eaf879ba2c9,a38411a4-41ea-4525-b071-7072a55c3975,2025-12,1,0.9086355087524641,0.6388192166698823
be57fa1f-e9d0-4d59-b749-75c1d07b4feb,a64019d6-e321-3cb8-e823-478ced6ff4c2,5efe4230-e081-4932-8bef-c352bd9eb4a7,2025-12,1,0.8198759400437772,0.2
ef4e16e6-b34d-41f2-82cc-38b0c92e9ded,a7798da2-f8ee-1840-a1f3-f29a9e764b97,9ffe9701-32ac-461a-b5a1-8bb653d34a4b,2025-12,1,0.9986873024805546,1.0
fa34184f-d3c7-456f-82bd-a56d0823af7c,a83c1af9-decf-48ef-8576-c97d8b3ca11b,35f09de9-4fca-40ec-9b64-d79630bafd60,2025-12,0,0.406238570664071,0.5
c617b0a9-2d42-42c0-8845-e18ccc725d98,ae55ee92-2de5-2688-0d4d-095d6b247552,2de6ee53-a917-4a9b-962f-37e5d429949a,2025-12,1,0.9172272394408557,0.8
cfb7355e-e218-4178-9c50-f584348d0ec1,af12a12c-92bf-088b-3073-292fe4dfc478,bdc2c4ae-b9b2-4aa7-b8bd-01fdd0145e27,2025-12,1,0.9863509298595937,0.8571428571428571
4ded416c-24b5-49ab-8716-4f6701ef2dbe,af16fe79-211b-993d-45cc-0c97af4a725c,d8e97056-6537-4159-bcea-802e2f37fbff,2025-12,1,0.6062040569954525,0.5
5fb4decf-cdb2-4689-b4ab-0f3329b787e3,af8d560f-407a-4e9b-49e9-88f54d8671f4,56e6630d-239f-4544-99e4-87ae533ed05a,2025-12,0,0.0424457667989236,0.0
ad9eb78e-0957-4812-9d59-2eacf73934c2,b0348aa8-ad9f-d0dd-94e8-c71a6627c930,db9ec732-0eba-43c2-8e97-5e7a05e17561,2025-12,1,0.9679205180211137,0.5454545454545454
4f03cf99-c4d9-4ffe-b0cd-bd5387a86743,b0a6f0b5-9fd8-112e-2bfa-24fa8a25779b,f5dc7322-00ac-4867-a914-e2bddeac9a0f,2025-12,1,0.9848574285922022,0.875
36f2836e-3d39-41db-ae40-20283b856a9a,b111e4dd-be1d-2c79-3945-480547761b5f,1e0bb8aa-b4ea-473a-90f7-c89d96df2323,2025-12,1,0.9991813585406821,1.0
f8f7ee7b-637d-4698-8e4c-add7157d7e69,b19dfc6c-a5d5-734c-3d3d-6389c281b3bb,2ddbff71-425b-4f25-a932-e1bf574b2035,2025-12,1,0.9932603969899747,0.9473684210526315
fdab80b3-06f4-4949-9ea2-89b154a26c8a,b26425b9-c906-379a-5637-426b43a06a27,41399a68-74d6-4f82-8fd2-c3db8290ccfc,2025-12,0,0.10798628123973975,0.6388192166698823
8ceb40d9-3e5e-4e93-87ff-e0527e4c8679,b285539d-6e4c-f6f5-ee68-2dc683541067,8199be90-a807-4cdf-9133-819a6efc1905,2025-12,1,0.9730519288940556,1.0
6b561e77-f30c-42ee-8873-0cf09c3b10f6,b350bfbd-5bbb-d523-c32f-5c5d2cc7e980,ff8ca2ee-9523-4a03-ba50-e7e02ce9fed6,2025-12,1,0.6735997780106088,0.6
b337d31b-11f8-4f0f-8486-4225f640a44a,b4a50439-db13-dc26-d980-eb079b321460,902fa4e5-f7dd-4671-9d39-6516ba2e51d8,2025-12,1,0.973408715475992,0.6666666666666666
47e2ef7f-382b-4573-acbb-20d2883be0e6,b85e5e22-b8bb-e217-167e-913ce5dc381e,f2d9195b-c864-4a69-a8a5-cacea5959a3b,2025-12,1,0.9161607998186356,0.6
1ca0a824-c861-4673-9bd7-934c402c9462,b85e5e22-b8bb-e217-167e-913ce5dc381e,f2d9195b-c864-4a69-a8a5-cacea5959a3b,2025-12,0,0.08644328496698177,0.6666666666666666
c906d0a2-d2e9-4550-b8c8-01678505f686,b865619d-9980-0806-c5b5-97fee058322e,296f0113-6916-40f3-8fcc-cd54685de8f3,2025-12,1,0.9949701155854405,0.9166666666666666
1c0d5854-3614-49a3-ba65-d884663dd7dd,ba8dd5e0-ed0e-8b6a-7098-2732476feb31,31a1c073-bb44-4019-8548-0c5a8114de7b,2025-12,1,0.31791735309493235,0.2
19b17555-35f1-4020-8215-0131a375d25f,bb36c2de-ac80-369b-bef1-b7a9025ad305,8e96a43e-6fd9-4323-8d17-2c4e2317d420,2025-12,1,0.918848129296385,0.8
10a55a7e-c1ab-425f-a9fc-d0c1ee2fcfbb,bca70cc4-b2e4-ba57-6dee-d73dd559f02b,fc73107e-4511-4bb3-af12-aa7c3d874773,2025-12,1,0.921076123649616,0.75
fb3b91f1-15a1-4c55-8642-758e36cb52b1,bcf8ffc1-fd5c-f6ab-0453-7a73c73786dd,d1981985-ab9a-4777-b85f-46da934e391c,2025-12,0,0.17984158846119386,0.05555555555555555
3eba1012-1c06-49da-be54-d7b0c31d1e0a,bdcc24e3-6077-3ea9-b25e-2747d0f07be7,34b48e10-aa34-478c-954d-06259adb5384,2025-12,1,0.5556009501744219,0.3
e66abc7f-951f-4610-9977-b45fc7e4b18c,be68c44d-d4d2-478a-7b1e-c9c3fefac406,c6bf983e-033d-46e6-825f-5620364a403d,2025-12,1,0.9848138227894367,1.0
f0dc2783-a54d-4b0b-9b24-c186874b11b8,be84008a-74d3-3cc1-6fd6-bcef998f7bff,4ab14a0f-9437-43ed-9504-94985a2312ab,2025-12,1,0.9930164808270194,1.0
fbbbce3c-40e8-48ce-aed6-53599909b268,c02eb961-2471-c285-9c28-fb9a12aaf70a,c1c258d3-0750-49fb-8d6a-a5a84de41974,2025-12,1,0.8247447611829901,0.6
999b9158-8183-4804-8c5f-7db8c7a59402,c02eb961-2471-c285-9c28-fb9a12aaf70a,f848c7a4-dbda-4fab-8678-376064453b2f,2025-12,1,0.9591669784125971,0.6
9cb1abca-6f7f-4cfb-b663-ffc7401a0b53,c02eb961-2471-c285-9c28-fb9a12aaf70a,c1c258d3-0750-49fb-8d6a-a5a84de41974,2025-12,1,0.37465049514428733,0.7142857142857143
b1f84fa3-997b-4128-82ff-c69089ab69b0,c09e703c-d287-38c8-d1c1-239145e17df9,d60bf084-22b7-4aeb-a8fd-b48b4786c6fd,2025-12,1,0.9922642705783339,1.0
cbbc19af-e257-4957-8d60-099cc2d88da7,c16f5af8-a99c-38c5-d338-56aa819d37ed,396c14f1-4da0-44da-86c8-5b3884103ca5,2025-12,1,0.7947194853624203,0.25
7611bdea-f2f1-42fc-8171-ddf1c884bc8e,c1b3479a-b415-c370-ba7c-636b4f4c56d9,c26692cf-75b7-4ede-9858-201c269dd988,2025-12,1,0.850033647086575,0.14285714285714285
a3a1159b-77bb-41a7-8351-435361969a83,c2329858-525d-2f70-5e31-bf9a8358eb3e,956b173b-5f08-4c46-999e-d04c26cb3609,2025-12,0,0.46893612008541913,0.14285714285714285
153872ca-8a16-472a-a106-a94249d26bff,c39e5b6a-5497-09b6-25cc-89f1ea8a608c,014f81be-2724-4302-8681-1c89fa734cce,2025-12,1,0.9873824612683629,0.7142857142857143
9d74daa5-da7a-4f75-b488-0c65d8012184,c511ac63-cb7e-1453-92d5-ea4ffba1c360,53bd63b6-67b1-4de6-94a4-66b940e4e20a,2025-12,0,0.4550558314086608,0.75
ac1790e1-9061-403f-9fca-7e0de29696ca,c675e97a-0958-0695-90b3-49311eec8fd7,f3d5faeb-a060-4d56-bb7c-559d3f157f51,2025-12,1,0.2744827053744801,0.5
a8aad152-4207-4208-9f87-25e8a121dd3a,cc559ab3-0859-6b34-259e-1f5c43be7139,778655b7-c1e0-4699-9ee7-0e5834799010,2025-12,1,0.9891523520525538,0.7777777777777778
472634cd-60f5-4f56-ac53-f796bdb3bb70,cd2c3f97-4df7-b32f-d0c0-12031beae516,1265235c-5696-491b-925f-044ee29ba97e,2025-12,0,0.17078791479358393,0.1
b770cb7e-3a9c-4f96-b115-9ce999028a75,cda37b51-1bbc-af0d-a560-49af88fdc751,467a4a8e-2db8-4bd3-a0b3-e4d37731be26,2025-12,1,0.5054853834327244,0.6666666666666666
4fd9b720-2a47-465a-b487-2e35afede49c,cf1318a5-0564-4af6-d90e-c3e76de1ef08,5268e485-491e-40b7-942f-61c133c796bb,2025-12,1,0.990132785669535,0.9615384615384616
07e5f270-d5ee-4bb2-a6bd-13ec6038e1a5,d123a096-4929-ff8c-4efa-a8e4543d3da7,08b359b3-caad-4e09-a957-8866ca7dba42,2025-12,1,0.8327599762434839,0.6
a3458b02-ca2f-49a2-859e-7ad2f9b0b8ac,d225973a-f437-d98e-4e24-0fb32a7bfbe8,0eaaeaef-9e94-4d72-ab6c-6f4fa8a5eb26,2025-12,1,0.8949915357564269,0.0
cb5fe39d-eaf6-4b0f-b0ce-9d6964d22a1a,d257c87f-0e42-048c-8409-362e925d86fc,597c2d33-b758-4acd-811b-c7b22289dcbc,2025-12,1,0.999426715733281,0.9
79a24a51-ed2c-4296-abec-fdfc5a2e7c9b,d3bef05d-1db4-2516-4e44-0c1b2d5ab25f,025b834b-6af6-47c5-9e91-8ad4dd4f36c3,2025-12,1,0.5743544126858736,0.0
178fb1ba-adaf-41c3-a36f-aa6ecb2a0504,d497808b-36e2-ea42-d247-85b4e409078c,6a566076-355d-47b3-840f-1ddcb740c496,2025-12,1,0.9740780703707618,1.0
4ff198e9-6116-4c9d-80f2-d2cf3c88ae72,d6268133-5904-3e9a-6956-9493d2f78a1d,0dbd34ff-df20-4e27-a2ad-bcd09666d64a,2025-12,0,0.157892903904297,0.25
602fc576-18ef-496f-8c90-a23866f8626f,d6d33436-345a-e39c-9f8d-91c76dca514e,1bb08655-ecc9-4795-8186-bb34f130a593,2025-12,0,0.06561238221859578,0.2
df22addc-46f5-4635-84a4-d36e93762c33,d77b5c1e-605d-6795-5eee-1e2f9b83e069,f6976df5-ab7b-4cb2-8ce9-e36efe843745,2025-12,1,0.9872294158080338,1.0
26781903-242a-464d-bf62-0776e4c55a60,d93d9661-c38b-55ac-e5ac-93c052d45622,f48bcd4d-b81e-4a57-a0f3-09dfa5e2e00f,2025-12,1,0.9066262712907834,0.5714285714285714
d49ce784-a107-4864-964d-f62cf9f33382,df5ea39c-c069-5211-271d-f0d3831adefa,3394785d-ad9b-442e-9c87-3ab4f47b1876,2025-12,1,0.9652680426893159,0.4375
9d25d1d4-82b8-43b3-a9af-71ac8ec40ad2,e04a7b1e-bb22-2ccf-a342-9eea602847ff,d3c75e3f-ebcf-4bd2-ba3f-80eb52ac9ee6,2025-12,1,0.9980277274179332,1.0
8d019cd8-2272-4747-bb16-d1c84a8b4158,e05ca394-0bd7-4177-15e5-369f9309fe8e,daf26ce0-60d0-49e1-ab9d-f4d2f44a1f9b,2025-12,0,0.08303006289393061,0.6388192166698823
efa39a75-3683-46b4-8234-b95c999618ac,e093abe2-fae5-a599-2ee8-ce612d47e63e,1dcbdc90-610b-4530-a9cb-a032f49707e3,2025-12,1,0.9995883895476131,1.0
0f38bab7-9dbc-49d5-b07b-d91ab50fdfe1,e10472f5-6434-2a96-6c28-13939f90427f,f51128e3-e243-4a13-9c81-ebeab17cc897,2025-12,0,0.43012651127624574,0.5
38347e69-2879-45c5-8290-0a12e6e1ba5d,e17238d1-34ce-0cbb-4dc0-f65e60ff52f7,5c6e4440-a7b7-4d5b-baec-a422ba050dcd,2025-12,1,0.9985893751711287,0.9
96bacdac-f5b8-460d-af63-9247d1d373cf,e51d0052-6144-0814-9748-12b1e6c3b68a,dd53ac44-fa85-4d55-862f-21ef23300b18,2025-12,0,0.3841191617152521,0.3333333333333333
929ab4f4-b267-40ea-af87-bb0c9f45b9ea,e54f192a-b17b-11b9-0448-1cf4ecbe5f43,52af2eb2-0f97-484b-aa94-fae6a75d64ab,2025-12,1,0.9983064978924876,0.75
26d9809f-d952-48dc-b26a-5a79ac6f7a28,e6dde6a9-4da9-d1a2-802a-faf5db207e8e,948c83b1-ecc1-440f-9997-479b290ef8a0,2025-12,0,0.5967483624631303,0.8076923076923077
ac396431-3f4a-4379-85e2-bb552a347239,e94dc9d5-cb52-49ec-80b1-98376aceb874,64e94573-3ff8-4444-8463-cc997625aa46,2025-12,1,0.29830311319975145,0.3125
b7ed0f74-8aa8-4d1c-a812-ba103f2cec39,ea7863ad-a459-79f5-e28d-4311e51922c1,b73b9bc5-69d7-459f-84dc-2612341f024a,2025-12,1,0.2108974153108213,1.0
7bb1b9e9-d7bc-456d-a96f-9acec74104f2,eb7de080-f310-4225-66d6-f15dc51fefcd,024b70d0-29db-40f3-a244-a9a228b5388b,2025-12,1,0.9576607518085672,0.875
f8d0b921-95b9-418a-ace9-5a286697d88d,ec6bd398-2413-2c67-18db-10bdd92ee4f9,83dd2c1e-368b-4c57-b9b8-fbcd6ae6ea9f,2025-12,1,0.995968848670161,1.0
b73dcf2b-4418-4864-b097-57f436334d98,f284b25b-d762-1399-a12e-ba7ffa6b6f97,1129e54a-0b3f-417c-b6db-e1090df6981b,2025-12,1,0.8192401895193306,0.2727272727272727
46bff80c-5689-4ddb-8386-2f917b6a5238,f2a00e3d-de04-40a3-6f41-a3ebfcab4a3c,4da78ee8-cbc6-4e20-949d-cf7237c7129e,2025-12,1,0.967887445534401,0.75
6bcd8521-b385-475b-917a-d58a18bbcf3d,f6c5c3d2-ceda-6c7f-aa96-359c7dc9ee92,43ba38ca-08a9-4fda-9c38-448a30f1cbe9,2025-12,1,0.8956003430125608,0.5
45389c85-cb94-45ff-9e20-6c2af914fdfc,f7d24c55-ed4d-270d-81fd-fb50566001d5,443012e2-1bde-493b-9e05-e6d366b5495b,2025-12,1,0.4980738348551928,0.3333333333333333
f0afbe5f-312d-4a5b-8875-388e8b1e0841,f7d24c55-ed4d-270d-81fd-fb50566001d5,63dc5133-4cd0-4c86-a93e-bf9b61b2d1ef,2025-12,1,0.5436089849808498,0.3333333333333333
31880b3c-0c3b-4ca9-868e-17033395241a,f8723af2-2adb-2870-b160-e1ad562524be,a710a504-eed4-465a-8668-bc3fbe646e62,2025-12,1,0.977439710935496,0.75
ce439282-f93c-4f30-98ee-b39abf6755f1,fc8a412e-e0d4-35e1-37fa-5f798b7dc7f4,ed381183-4ca6-4302-84bc-e1e05958ed09,2025-12,1,0.9973524977348005,0.8333333333333334
b326c12c-180d-4e9e-bc32-418c63500547,fd1d6483-722f-9ff9-67bd-a98f7e3f42af,43eec801-0423-458f-8e6c-dcadff5fcaf2,2025-12,1,0.992660704506544,0.6
323c0cb5-3ae7-4898-b4c6-00c52a7196e9,00ff5468-3680-2a12-23e4-82855ab3c697,4b303935-cf4d-4555-a274-6c5947063ef3,2026-01,1,0.9502359606942007,0.6388192166698823
8da01f0c-be90-4507-a366-807e4604b6cd,011b7d1c-5697-5394-c05b-fa0473640657,261c6838-0d2b-4ef8-b7c0-722341418ce5,2026-01,1,0.8933365330625859,1.0
b6b2ddec-53ce-400a-af74-7c6a6fff2a98,0278721a-a690-833b-298a-16a351fb7a3a,6555e453-3efe-45a0-9b81-711fbf2d0726,2026-01,1,0.9967123989358445,1.0
87565ada-ee24-42a3-9741-c3acd33f573b,03ce56c0-8798-b95d-7125-311b80363e74,90df3267-4239-48a4-89aa-4a61e24239bc,2026-01,1,0.9652752084315599,1.0
a778f50b-e4ee-4cf0-8519-e45b7460c568,04ba1c6f-6c06-819d-9ecc-a0c5f795b922,cbde9bdc-2d51-4e5d-a732-1df1160c4b74,2026-01,1,0.982312882427344,0.625
6578ad0f-e5c3-414c-a32a-2f874c39d67d,073e4bd7-f1f1-49d3-604f-c365b9952a6c,e70ad66e-a26a-4c8b-a6e1-9743710c50f9,2026-01,1,0.9933670528978514,0.5714285714285714
57e318c3-ec27-42f5-bfaa-ca9698f14acb,0a550b32-ac5f-efb6-6d3b-e9975e20a82d,1fbee6f2-3f66-44cf-b956-8e4f4fb8920d,2026-01,1,0.945087978583523,0.17142857142857143
bbaa9ed6-e132-4a92-abe4-3c118a2aa4ef,0ccdcf23-be43-796c-0739-a83013e52962,27061892-86db-42e5-9288-eb82923727ee,2026-01,0,0.0999727250109932,0.6388192166698823
d8394086-3a4e-41d0-b22b-f23caf633aba,0ea0c6d9-a99f-89ea-6b85-9ae409698bd3,9213b9cf-1bcf-41e7-a060-e578f718f991,2026-01,0,0.5400525652507495,0.4166666666666667
e129ab51-eb6a-4015-955e-939db49fe09e,104a66bf-0d87-2acc-ec03-a73d1c1cfd53,4285ffb5-00b5-43ed-8956-07fcaeccb965,2026-01,1,0.9894382867508107,0.6666666666666666
6abc64b2-3fa9-4b66-b499-3f7a9c4ed3a5,10f3edc6-4b03-b82d-8df1-09ddaf031c0c,d0b11ad6-7841-48cf-82cb-55e373063fac,2026-01,1,0.9684069919251261,0.7575757575757576
de045f9d-086d-4c60-821b-344e5801c8f3,11316c38-dc08-4983-3588-fcadd88bd5d2,597a1580-9401-42ce-a407-c9448d5017f6,2026-01,0,0.30762953388632114,0.5
9b24b704-1632-48b8-aae1-72ee36bab4f7,11e96dd2-92f4-f793-56db-439d5b3de156,3f072df4-ca44-4975-9844-ebd8be4312e0,2026-01,1,0.9746225903694752,1.0
3d2295ab-c131-4fd6-a236-5acbb79df68b,122c395f-56fd-4482-fe33-7fa3c3cd30b5,45df567e-3c5b-4da3-8bfd-6605e5e6c7a9,2026-01,0,0.15716409588999092,0.0
2a4c58b7-2f95-40e4-9b7d-07fdeac8a3d7,1287ac56-adee-78b5-6a6b-56b3e8dd7d48,c88936bc-cb40-4598-a743-3c301dd4dccf,2026-01,1,0.9564696277754238,0.9090909090909091
172540e7-2ab6-46b8-a9a7-b6bd75c8d2c2,146a8458-f956-54ed-317f-b99f7d16fff8,9698da1c-596f-48ae-8618-16b9c409f192,2026-01,0,0.2184363425626912,0.05263157894736842
0debe66e-cbb2-488d-99ab-7acccf40bc46,18788fe2-f6a2-826e-2199-6cec118c6d00,6a5d492b-8175-4c5d-86ac-ff94ea72d963,2026-01,0,0.1488501485180292,0.10526315789473684
e929f620-ddfa-4934-be28-157f33d0ab0a,18d86801-3cb7-11d4-8b9d-433429296014,9c5f6705-4936-4bf4-91d9-8bd75b4c341b,2026-01,1,0.9485179835462493,0.21739130434782608
ab2ed900-3f3e-4ce5-a093-3ff4f5e641a8,1932ea80-c6eb-874e-eca8-12410fa7a608,7ce79ba5-79fe-49c0-9e0a-2ace149ffbd0,2026-01,0,0.0624112212356613,0.08333333333333333
043c2800-9e33-468c-ba36-3dd05015228e,1a171004-7682-1c39-e6a2-758b668c33b0,d700c1e9-4564-4c4d-a800-2b6d68e962f7,2026-01,1,0.8570864957602805,0.6388192166698823
7c654310-1912-4ad2-9d41-46cb1e47e1bc,1a3b6c74-26e1-7124-0b5c-7f783d71624d,3aaba622-f423-48be-b5c5-5516fd1498a3,2026-01,0,0.1428679236803466,0.6388192166698823
0f09a36b-ea69-42de-810e-07df6d9256aa,1b003ea3-bdcb-0416-c3c2-8ff60f2f65f5,419e1438-3ed5-4447-9f4c-68505b3371d9,2026-01,1,0.9956225551254826,0.875
bfd88695-b230-4d1b-a789-2481572b8c2b,1d4c0119-5151-7a5b-2266-f16e44f67157,55469cc1-579d-4801-bbbd-4f113cad46e9,2026-01,1,0.9934300352419878,0.8333333333333334
ff048cb1-4c07-4afc-8f96-d0ac9f148a0a,1eb13d75-4e74-34de-0d7a-6936b746e12e,abf6275d-aab5-4614-963d-9dbe3ee0aa87,2026-01,1,0.8382113198741065,0.2
442eb610-6f3d-4e1d-97df-75542653f103,1eb13d75-4e74-34de-0d7a-6936b746e12e,abf6275d-aab5-4614-963d-9dbe3ee0aa87,2026-01,0,0.1754502548404052,0.3333333333333333
71a41faa-5c8e-4a66-b494-99eb632b5199,1fc0c3bb-f35c-8d5d-a4fa-a9c1723cd8ab,daa4363b-15ef-406b-adb8-5451eb652e2d,2026-01,1,0.9171305777462742,0.78125
8effb788-83ef-481a-aee3-03e073fde9a2,21e237d1-286e-324e-0cef-45725d629768,a6e807f3-afdf-44ff-b5cb-81a3f0906217,2026-01,1,0.3320296944609856,1.0
600270f5-0c50-4337-9748-b76ee60f6acb,227f376b-633a-5615-5670-c29559d0a08b,b98f8c1f-f2b7-4f45-a583-7bb76e52c466,2026-01,1,0.9363680656479418,0.21739130434782608
a34744b9-718a-4fc6-a28a-d7db4b770ba2,22a9494d-0e02-6fba-4aee-7947f1e6110b,a9694079-2985-486a-8cd6-bd3243751b22,2026-01,1,0.9970661053580631,0.9375
9113ac7c-bfd4-4e73-b2f2-0dfb322a575b,22b0be2d-52c5-1127-642d-4f1083b404ca,073645a4-3ce2-4cc7-96cf-54d0f49f2353,2026-01,0,0.9061041564964926,1.0
6f58aa7e-4736-4dba-8898-f7a6c7f1b1e6,238b347e-e7e9-b1a3-31a8-a2f8fed99f55,3d2bb31e-a4e2-4d67-b934-8fbb641505da,2026-01,1,0.9937107833055145,1.0
0ac4db1b-3950-4db0-bdd8-17c37ee89a81,23f7ef5f-6b26-a104-b616-b438d7e9243c,8cada743-d341-4211-b2f2-094d551e9ef3,2026-01,1,0.9956856801403268,1.0
c532354f-1244-4f1f-b542-f03f196463be,251051cf-e3b5-5d37-918f-bf22b4875790,05a7138b-3291-401c-b2bf-28981d85d111,2026-01,1,0.9990462434376173,1.0
d9b24b13-20ad-4f01-8bb6-480c888cbe5d,25aa2406-e171-b558-8249-7a525d126d8f,a0c56020-2eb8-4b3c-80a2-f837b1555d64,2026-01,1,0.9606074058855195,0.5
268bfe75-c3c2-4b34-9329-51e0b2aff7c6,2631ddfd-660e-8719-1876-82cf88e13a60,0c8b2433-3b52-4a31-973c-d1049e2367ce,2026-01,0,0.08093226478952886,0.09090909090909091
3d5a261e-2ced-4909-8bce-8f1001be72ff,26b16f30-da65-8aa3-d1ec-4867ac2a8f35,55c869da-c670-452e-aa98-469528be9efa,2026-01,1,0.9021169500605521,0.6388192166698823
1588feaf-d022-4315-ad78-191f792186c2,2794ccf7-4966-f00d-35d6-34ac17db73ea,29309a70-09a1-4c35-b877-ca27b04ec436,2026-01,1,0.9984361953760468,0.9117647058823529
5479b808-e73e-436b-8914-beba46d421b0,2ac2da6e-0954-f906-32d7-a1f55477c590,89e38df1-f4a2-4e81-9bff-b1f27d37faeb,2026-01,1,0.9021169500605521,0.6388192166698823
d1f26dc6-1cd0-476b-9ca1-2fea07ced40f,2b785f57-1c4f-d4a8-d486-b69e7b2db5bc,3c7ccdf6-cc34-4475-9b15-a0933043ad80,2026-01,1,0.9894064177480792,0.8888888888888888
97b4e7a6-1793-42c4-b597-166e8d119d9c,2bd67002-1f8f-faff-efc5-5063dbedf10f,fe2ad17f-410e-481b-ab4d-af0e65a40934,2026-01,1,0.9640630743134126,0.8571428571428571
1eed3e05-bf3a-4c12-94b6-c1036f9379cb,2c1980eb-be51-916e-8f61-1e8fe83afb0c,345fd782-4252-4f02-958d-3531a545878b,2026-01,1,0.7299277735673403,1.0
87716c1d-c45a-448b-bfcf-dd743169a824,2d24b7c1-6556-8eb5-73d6-3ed3913e6d40,cfafc812-f1cb-4018-be15-ee702308c132,2026-01,1,0.9153148093464772,0.5714285714285714
a220db91-0817-45dc-8d66-f954727d78e4,31f3f7a3-5dc4-21cd-ba54-b41347a7822a,2d403254-d4e3-484a-ab66-492809785e47,2026-01,1,0.9809822000567332,0.75
cea3aa1a-271d-4039-8e07-281cbf646fe1,367ff001-843b-4fab-01ff-1f341b84ef5f,52d2cd7a-2b95-4dce-ad9f-b5f2a7500872,2026-01,1,0.2884020149126018,0.0
2fd0dc7c-efa7-4972-91dc-13b7ee0275aa,38069f8b-d44e-0b86-a0d1-dafac5ae1232,0bb006a6-102a-47c8-8091-3f3a4bc5731a,2026-01,0,0.04613048864370678,0.11764705882352941
f270f65e-dfc3-4cb3-8301-f21dee5b809a,3b02f95a-b47e-1037-4f8a-f2f31e35c98e,ac6b528f-3e64-4f40-a65a-a073b663edd0,2026-01,1,0.9985382219945322,0.75
f6a34bf2-da41-484f-8326-4259e562469f,3b27dc97-dafa-0480-7b61-5549a3ea7eee,be99f7a0-c9f6-43b6-9cc5-04577043e0bb,2026-01,1,0.9985264719490219,1.0
053d88f9-2d3f-4691-9d6b-7a94540adccd,3b48ac67-d1fa-b227-f284-5da0a25e5ac0,a6ebee32-e984-46da-929f-4e1c0d37ccef,2026-01,1,0.981732898208076,0.8571428571428571
521d7804-bfdb-4856-812b-9b27ba289ab9,3e50af3d-452f-d098-b3bc-3c2a64576d55,288569c1-8892-451c-ae1f-6ccf0c41daa4,2026-01,0,0.4427272977947232,0.3076923076923077
7c921d7d-356f-45d4-9618-114d9c0f7552,3e99437f-aaa3-5ffe-27bc-cffb9898080d,84ed620a-626e-495a-895b-488a5812e183,2026-01,1,0.9581277009508845,0.42857142857142855
491949f9-63c8-4d32-8435-000f4676c847,417cb75b-9992-4df9-28ae-ad4d2313621f,bb51f6f8-2b1a-4e9f-b3e3-16a942773d8e,2026-01,0,0.9238403631065453,0.75
0dccf67a-1ca3-4ce9-b411-77fcca33cb7c,4505ca5d-0961-03c9-5943-ffda2a5ae270,0f6ef705-bedc-4008-88a1-8c600fe56c57,2026-01,0,0.2980853229865923,0.25
5253208e-5285-410f-ad6a-e05f17463d7c,4628a4bf-d4c5-9e5d-471c-271b9f3e7d03,460261c6-c1c2-4654-81fa-19637f3602a8,2026-01,1,0.9657502247024414,0.5757575757575758
c1065c3c-75e4-4f5b-a5a2-946da3028de4,4855a811-b83a-7e07-56f0-ae3a0026d582,1edcc724-251b-4277-9462-f2b9ccb93d6e,2026-01,1,0.9148560438478789,0.5
907bb7ed-bf9c-4149-be11-fa7cd46cef32,491b8136-32a1-37c5-5253-b53ff3991d86,78f157e9-bdd7-480f-9648-2b00b519de3c,2026-01,0,0.9853946297926655,1.0
feda8e77-2c19-4d97-ad35-26a253c616c9,491b8136-32a1-37c5-5253-b53ff3991d86,db02e562-aa09-448e-9187-bfa7c3788aca,2026-01,1,0.9758191766792278,1.0
f0d2adb0-62d8-4f91-8ed7-94a225f74ed2,49355947-7605-ec5f-7d81-a6597f38d76b,0318d74f-95a7-4ced-92bb-ded9eb88d273,2026-01,0,0.10350122522628308,0.0
4683c12a-141b-44ed-876c-1af86ba1f67f,4bdca5eb-f197-a87d-d26a-c63a9b3298a1,344e766d-803d-41b0-9ead-19b02ad20786,2026-01,0,0.06774687396705042,0.16666666666666666
6490c5cd-e922-49ce-aaa6-c701914a6073,4c4ad4c9-59bf-f152-d0ff-6502ec564cc9,91e9c4a4-cf9f-4ea2-bbce-8ca8d01150ff,2026-01,1,0.9966535677838435,1.0
a3708189-09ee-465c-b8f7-517bc3c58739,4cf13b7d-67b4-87af-6795-b532998a9b0d,924c2996-22b9-4f75-a760-a40afe04263f,2026-01,1,0.998733424812892,0.95
59965ebc-f25c-4ca1-a9b3-9c4f74767849,4f75b0ca-7bed-c37c-cfd4-1e361a1bb6d4,94474160-d37a-495d-a16f-f7280c3b7a29,2026-01,0,0.36929804683660866,0.4
09431cc3-564e-49f5-902f-345bb4758bef,5001bf67-3639-035a-75c2-912e5c878962,90db06be-f710-455c-91a5-b5e863bb2caf,2026-01,1,0.9534086291274453,1.0
9b798f88-47d6-4845-bbf5-b810c4c27348,5001bf67-3639-035a-75c2-912e5c878962,90db06be-f710-455c-91a5-b5e863bb2caf,2026-01,1,0.1341888808384784,0.5
717fc4cf-3b90-4a3c-a62d-22707f675bb5,510cd475-6538-7d02-413c-1a0f553ba4e6,26a0a5ca-7623-4406-8776-15d57ccb11fc,2026-01,0,0.11176823108994276,0.15384615384615385
44921895-9f2b-4b72-a41a-5af4efe288f7,53c9ff97-f078-6148-923e-9d1a21b9bb60,91ac3395-115d-464c-b811-f5b619028011,2026-01,1,0.6650045752718926,0.6666666666666666
9867947c-b6a1-409b-b6d2-e149c32f52e3,55ca6f7c-112a-ec33-7c1c-987508bc9e41,3820ef49-8442-45ed-aeee-6a7a0cec9205,2026-01,0,0.04963580014466342,0.1
265aecbb-e744-4965-888a-28572755ac8c,55e6e452-fae2-a5ac-3c12-21424bffbcac,16ba7f9b-b61c-4fb6-a957-8fdf8bf58876,2026-01,1,0.9987834815634268,1.0
a3052aa1-d591-436e-bd28-ebfa26e8ecfc,5925134f-40a7-6834-930a-b8d6906bd2a4,73f27fac-554e-48b2-b97d-1d42f202ef3e,2026-01,0,0.6576018493771603,1.0
d051a6fe-41c0-489a-8f3e-20407d89f469,5a4bd906-07d0-3c04-680d-6ee01f174660,6eda4f36-5ba8-4b93-b2de-022481039f46,2026-01,1,0.9948411768193052,1.0
a23ce01d-add9-47fb-aad7-a513c934718e,5b45a840-9d6c-242e-0e2f-2e2c972c2eec,1b8d196c-a429-4d7f-823b-82a43769d60d,2026-01,0,0.1330293383733792,0.0
d7fcd9f5-b55a-4e66-bd12-da3be3e0aa33,5d4122d1-48a3-607c-cb72-e1956caece73,0ab4614a-82b3-4810-b877-e696de754080,2026-01,0,0.09775787980227518,0.0
126d864b-d65b-4f53-b2f2-ac56cf6db3ae,5e901269-d116-cf62-7661-df859f5b02dc,a15489ed-053d-4793-b95b-de0cafc05473,2026-01,1,0.9941274334898045,1.0
e984b3c2-06d1-49b5-88cc-8f2e56ec7457,5fee0a79-3970-704a-2332-f7c7598e86c1,fad9c620-d9d5-479c-981d-4bc0521c94bb,2026-01,1,0.9881338164929608,0.6428571428571429
e04bedb1-98d1-4ab2-94d8-cc01429a018b,61031b0a-ef18-26aa-64b7-d412d7b3d276,99eb3f32-d53e-4470-ab2a-09ed6e9b3872,2026-01,1,0.9865034905167898,0.38095238095238093
a27c4b37-f36b-4f30-a239-8aeb5f367d69,6162731a-4a9c-e887-e586-1ea574985777,f2f4757e-a36f-4615-8d08-78e18eccf3b7,2026-01,1,0.9523822900208838,0.46153846153846156
d2f10cb5-b2ec-42ad-9250-06fe470673cf,6542b72b-196a-4538-a690-2db7cc212936,ad2138de-e1c7-4dff-92d0-7f9ade15e56a,2026-01,1,0.9795311998556797,0.8571428571428571
60126c45-88ce-4f0a-9632-736285756e37,658ecc07-55bf-045e-6651-ef83f51cb80c,5e06feb5-626b-4ffe-a13c-86bb5e349dfe,2026-01,1,0.9243067675943831,0.7777777777777778
0e5d6756-6d0d-40c3-9b19-87cbb3ac06d7,66fbcb59-3d06-d8cc-b1d5-53f38a599207,b6b48bf2-25a2-4810-9338-b1847a53c5ed,2026-01,0,0.06759333163961254,0.16666666666666666
0693a7e6-0ca8-4e8f-b9c4-0a158825265f,6ce85c3e-5f40-4297-8c38-22ac7432420e,43dd8c38-f19b-4e75-a934-ec4c973686b9,2026-01,1,0.9987559255078327,1.0
7d3502b0-a2a1-42ad-a356-a92c554e2cf9,6dd50e39-9843-4442-cc09-3b49fbe97fb9,874b3b50-b801-4e30-a0a9-808746433886,2026-01,0,0.07626053694952606,0.0
829087d8-089b-4068-a224-4a1ae34bda00,6df42279-282f-e2ae-a821-304ef8c14cfe,47ff34bd-dce4-48e4-91d4-a599695e48f1,2026-01,1,0.9279845652257799,0.6666666666666666
b7260310-1888-427e-bcc4-f725544348ac,6f622055-47c5-9b2c-b332-2d5d01953e51,020b9ca6-f237-414a-a692-e254856c4cef,2026-01,1,0.9504757204969004,0.6388192166698823
13237783-6a67-40da-83bb-618c1a996882,71afee6b-f2ab-0218-c8a3-84b8ca8ed21f,4911da55-b10d-4ff0-811b-eeddb6a48ef5,2026-01,0,0.5823516434599694,0.5
13d60795-1730-40e3-92f4-5fc13f373513,7282a267-9160-04c3-a636-0268501bdf4e,76907e36-77a4-4a95-a8cb-02e265eb29bf,2026-01,1,0.9942399845333366,0.7142857142857143
97c1b0e2-6b77-432f-98e7-ffd1329260af,72ac33cc-b9b2-9cc4-47fd-d37096c8f30d,c7f06da4-2365-433f-adc3-9f9169263644,2026-01,0,0.5184331139944937,0.0
4ff529d0-b23b-428a-94ff-518015c05c3b,733dd472-3b1e-dd43-76e5-082ddfe66c5b,43058d1d-6ce8-4ad0-9f04-48ad2efa67c4,2026-01,0,0.1742893586987785,0.16666666666666666
cc9040a9-75cd-46fa-8456-62b92aa4d4fb,73715344-908a-b7fa-00cc-34358ffb16f0,3aabe842-7390-4208-9bde-936af6f8b658,2026-01,1,0.3942929356674315,0.6388192166698823
6178d0ea-9514-4998-9453-54a519f7fe3d,74c6b975-b0ab-c8b3-8acd-2cf53597a72b,ea40fdca-3e27-466c-910c-99fef52b75d6,2026-01,1,0.977252867200275,0.7241379310344828
c9d3a40a-f20a-410b-8986-d344b57c53a1,752aa71f-8b74-a2d8-0b6e-dd06a73bacf2,4f712d5e-a137-4d11-a1e4-eadf54abc093,2026-01,1,0.9148574998891764,0.875
2ba8e28e-b8cc-4858-a3a6-cf9626ad6b57,77dd12b8-a20b-05c8-2372-79ba1b1624a9,3ca315cc-b9c4-4379-be8c-c2df8c0e42d6,2026-01,0,0.05432136654121318,0.0
f9c5729e-e6ef-40e3-badf-7c682af357bf,79d4d3fe-73c5-a965-030f-c60220ee20cb,ed99994f-80a9-48cc-afab-45db09c246e1,2026-01,1,0.9948867865797765,1.0
8c145f5f-a837-468d-a407-81894d5ac931,79e31f6f-69dc-a40c-27d7-3f076878f83c,a0cd9c66-c067-4001-ad7b-586b6c15537e,2026-01,1,0.8514291936335858,0.13043478260869565
b8d2d4c4-4511-4067-9b1c-b7f0fc54f406,8123af5e-305b-80f8-20db-4d54b7f628c7,e42d2bdf-7c18-4bd9-982c-de09a231f52f,2026-01,1,0.9885046976758266,1.0
7c936776-512c-4723-afe0-96ae3da4e07a,82be44de-b1d6-4e48-e6bb-33ec98b83c7d,6edb4981-c302-4992-b7a8-e24912892b61,2026-01,1,0.17210978623224285,0.6388192166698823
f94e6d2c-5706-4216-991a-b6a82d78960c,83af11b3-a274-7404-3265-ec658f74f8cf,a592d732-fe7f-4bfa-841d-7433e477f43e,2026-01,1,0.9524271500345409,0.6666666666666666
a75d3c3d-3700-4f44-94be-f9b979522d79,83f51f9d-9d36-eda9-e7fb-5b1badbbd5d9,2f49d447-f15d-424d-9a7d-be051dc880d2,2026-01,1,0.9794454773694341,0.8
c8338546-a9e3-444b-8319-85dbef5db12c,854c86e3-8b7f-0ca8-f4ac-c6a073699611,8db9e51a-5204-4143-a5a0-086b8cd03403,2026-01,1,0.99817300763217,1.0
10e0eb53-9b8e-4d3f-9a34-745ceb4409a0,855f3f6a-72ae-46f4-4cc2-a9a0d5df5b70,9131c211-f95d-4213-9955-02879ced6aaf,2026-01,0,0.04304862135079687,0.07407407407407407
d27f8aa4-4013-4520-a5e3-baf2a368ff43,86cd2239-fa55-0389-437e-e8fd505dc931,20d5e9a6-73cd-4f5f-9b27-ba9a13e7864e,2026-01,1,0.7669411917213146,0.3333333333333333
d36413f3-40c2-40fd-9f98-ee397887be88,890b32d9-f754-8150-5a18-8a21fcdf3828,badc4f52-9209-4008-bcff-ed3cf3a3726f,2026-01,0,0.9649144616681039,0.875
003ae6ee-b1fc-41f0-91c3-afdf1cc65066,8aacbc78-5e56-b3c0-f8bc-fcb5490b94f3,d06e259b-0f3f-4c09-bc77-00ec39ab5924,2026-01,1,0.9930064538194577,0.9
4526eb2e-1685-449a-b75e-6c17173ab4fd,8b48adf3-c14a-fa6d-9785-b4bcb35f8fbb,656473e2-7641-46ed-9ba0-9fa996a8b682,2026-01,1,0.9638726763719194,1.0
9f2ddb45-ea06-408a-afda-7272829e24b3,8fd367e7-7404-4ef6-530b-a40219a48f1e,de3fc75a-dc8c-4bfb-b959-494a94a5d287,2026-01,0,0.6775088946323804,0.5
93ed2717-9654-40f6-9eab-24a828f399b8,93eb3d6a-d35b-ef1f-83b8-7430b6ad1674,c812ba7b-6318-4ce6-b0dd-78749fff30e5,2026-01,1,0.9798257398749153,0.38095238095238093
4dd19a08-6c82-4d16-9941-c115f26db244,94a44555-23ae-3135-5416-01dc72f3397c,bd4e74fa-afbd-42f9-bf0e-26b018e644af,2026-01,0,0.9759093089821971,1.0
82a0699a-b0b4-419d-b0f1-f5e969711f34,94a44555-23ae-3135-5416-01dc72f3397c,bd4e74fa-afbd-42f9-bf0e-26b018e644af,2026-01,0,0.677636222149402,0.6666666666666666
f5b27923-28d8-41d6-9559-f02621fdd2aa,950dd22f-78fa-d205-48b3-fe5a5cc7438e,62887698-aebf-475f-9c98-0a212110dd24,2026-01,1,0.9962184637041566,0.8181818181818182
ecdf626e-473e-474f-86a6-c6f55b90f727,9541a16d-d020-eb78-80f1-a4a2d4b7775f,bf9b5cd5-13dc-4229-9b7f-2fd8541f64b3,2026-01,1,0.3198290687525747,0.6388192166698823
41943322-6149-45df-a8af-b89a34dda4fa,9653a402-ff75-bbdf-8cc6-1cb0ca01f233,81f71080-dac7-40e9-bb6b-3526cdd47015,2026-01,0,0.26267515314368606,0.2
7d8bba5c-4c74-4ad7-933b-e4c279ae766e,9714e9c1-0eab-8c23-1dd7-2071a458be87,fbdb22d0-94a8-44e6-9c98-b1d8881da9e9,2026-01,1,0.9884770952348946,1.0
9128138d-e3a8-4831-8e2e-d6b083edad7f,982397b8-b96b-4d87-eb8b-62916e148d45,e053e915-af46-443c-ae72-9afc7fde4294,2026-01,1,0.9714332735782225,0.75
568d8ff1-f864-48ba-8644-92d69bb256e4,9aab8e6f-97e4-131f-c6cd-a91d11668656,c2b24d33-90f8-4d46-aca8-d99bb1f2c844,2026-01,1,0.9731862958849913,0.3
c3bf275a-aaf5-4cc8-bfa1-7113bc60b9a2,9b3925f8-4a9e-4735-7dbc-bf5a8dfff4d6,4c3b1aca-4db5-4dbe-94c8-4acaa07739cc,2026-01,0,0.46458681710813393,0.5714285714285714
56785a8f-62b9-4517-b07e-e0373db5aa78,9defe9e8-4059-ba6b-5abd-0d1304e73008,4e78638f-65ec-472b-9991-cea4565d4ea7,2026-01,1,0.9864437412636998,1.0
06b6b5f6-6cca-490d-bdd0-8b6dac8ea243,9defe9e8-4059-ba6b-5abd-0d1304e73008,f56bff0c-85b6-4ece-9597-a0712f4e6908,2026-01,1,0.9726640144440044,1.0
16c837ed-633d-4641-b5a1-869b3705d888,a4709d2c-85e2-3d68-7467-1eaf879ba2c9,a38411a4-41ea-4525-b071-7072a55c3975,2026-01,0,0.6491049742218732,1.0
a0a2a0f9-f0c5-4609-86db-1a4f517f65dd,a7798da2-f8ee-1840-a1f3-f29a9e764b97,9ffe9701-32ac-461a-b5a1-8bb653d34a4b,2026-01,1,0.9952203234197001,1.0
364c4deb-d488-49b4-919c-fc8f23b583e3,a80f0ed1-4b00-bbc6-7203-370029c6bb04,780dc984-9bf9-4aa8-bc3c-227a2829f184,2026-01,1,0.5317497423736097,0.6388192166698823
65c20eaa-66af-46e4-93c2-5c5ceb358476,a80f0ed1-4b00-bbc6-7203-370029c6bb04,780dc984-9bf9-4aa8-bc3c-227a2829f184,2026-01,0,0.13891893976452124,1.0
58f55281-d5b6-421b-a78d-7b61dfea9e55,a83c1af9-decf-48ef-8576-c97d8b3ca11b,35f09de9-4fca-40ec-9b64-d79630bafd60,2026-01,1,0.3520633853114866,0.4
7c254dc9-7ba9-44cd-adbe-1fc9519b68d6,ae55ee92-2de5-2688-0d4d-095d6b247552,2de6ee53-a917-4a9b-962f-37e5d429949a,2026-01,1,0.9606724783322577,0.8333333333333334
24262b4f-5f49-4e0a-b794-72c5259ea872,af12a12c-92bf-088b-3073-292fe4dfc478,bdc2c4ae-b9b2-4aa7-b8bd-01fdd0145e27,2026-01,1,0.9847118797072694,0.875
80dbaaaf-2819-439b-9322-34d164d7517e,af16fe79-211b-993d-45cc-0c97af4a725c,d8e97056-6537-4159-bcea-802e2f37fbff,2026-01,1,0.945961837551184,0.6
9a5acd93-e91f-4b2c-8937-06a0c9d7bbbb,af8d560f-407a-4e9b-49e9-88f54d8671f4,56e6630d-239f-4544-99e4-87ae533ed05a,2026-01,0,0.10234047233491157,0.0
0fc99ef1-fa02-48f3-ad71-a3e1a380809e,b0348aa8-ad9f-d0dd-94e8-c71a6627c930,db9ec732-0eba-43c2-8e97-5e7a05e17561,2026-01,1,0.979438724539395,0.5833333333333334
aeecb56a-1dfe-4aae-8dea-fd542bb464e7,b0a6f0b5-9fd8-112e-2bfa-24fa8a25779b,f5dc7322-00ac-4867-a914-e2bddeac9a0f,2026-01,1,0.9868886743023714,0.8888888888888888
e2fdd491-56c8-43da-a8d0-4beb5a3362f6,b111e4dd-be1d-2c79-3945-480547761b5f,1e0bb8aa-b4ea-473a-90f7-c89d96df2323,2026-01,1,0.999456935467071,1.0
9649393e-c6ab-45fc-987c-e6a7e2190ed6,b19dfc6c-a5d5-734c-3d3d-6389c281b3bb,2ddbff71-425b-4f25-a932-e1bf574b2035,2026-01,1,0.9941380453718575,0.95
c292d14d-611c-43b6-aae7-ad1c48bbc537,b285539d-6e4c-f6f5-ee68-2dc683541067,8199be90-a807-4cdf-9133-819a6efc1905,2026-01,1,0.9866427517792257,1.0
9aef7ea3-80b8-4f03-afe8-e8c1a4606230,b350bfbd-5bbb-d523-c32f-5c5d2cc7e980,ff8ca2ee-9523-4a03-ba50-e7e02ce9fed6,2026-01,1,0.9161874711039277,0.6666666666666666
9afcad83-8dce-48db-b693-957cbdbeb6a4,b4a50439-db13-dc26-d980-eb079b321460,902fa4e5-f7dd-4671-9d39-6516ba2e51d8,2026-01,1,0.9858942747484236,0.75
86cce736-7e12-4dc7-917e-5f2ef31d7b30,b85e5e22-b8bb-e217-167e-913ce5dc381e,f2d9195b-c864-4a69-a8a5-cacea5959a3b,2026-01,1,0.917932730514145,0.5714285714285714
89b2e68c-088a-456c-8fcb-fa62c591d16d,ba8dd5e0-ed0e-8b6a-7098-2732476feb31,31a1c073-bb44-4019-8548-0c5a8114de7b,2026-01,1,0.9102876274902363,0.23809523809523808
01f86928-b6f5-4fa6-ae7d-3042520f0878,bb36c2de-ac80-369b-bef1-b7a9025ad305,8e96a43e-6fd9-4323-8d17-2c4e2317d420,2026-01,1,0.9606724783322577,0.8333333333333334
86920d82-82a7-4255-85fe-de9c5341f9b6,bcf8ffc1-fd5c-f6ab-0453-7a73c73786dd,d1981985-ab9a-4777-b85f-46da934e391c,2026-01,0,0.20610380877945012,0.05263157894736842
db16750c-9fef-4ed8-9710-cf23d7bae61f,bdcc24e3-6077-3ea9-b25e-2747d0f07be7,34b48e10-aa34-478c-954d-06259adb5384,2026-01,1,0.9730584111534798,0.36363636363636365
060bf4dc-e08c-4a2d-8dcc-d9ef984f4cf6,be68c44d-d4d2-478a-7b1e-c9c3fefac406,c6bf983e-033d-46e6-825f-5620364a403d,2026-01,1,0.971166388828356,1.0
e1d7449a-eaf8-4ac7-8dd6-ce7be1e17807,be84008a-74d3-3cc1-6fd6-bcef998f7bff,4ab14a0f-9437-43ed-9504-94985a2312ab,2026-01,1,0.997267053261356,1.0
b16cc7ff-9c1b-41f7-984c-1e832c9979e9,c02eb961-2471-c285-9c28-fb9a12aaf70a,c1c258d3-0750-49fb-8d6a-a5a84de41974,2026-01,1,0.9587024683208246,0.75
bbe8336a-9b5f-4205-a092-6b6113df1c10,c0791d4c-9325-bf1b-30af-7af648c26338,86f462a2-856c-4214-90c9-478d801f7838,2026-01,0,0.2075282548423279,0.6388192166698823
23eb86f8-42e9-4500-81ef-ab716f62dae7,c09e703c-d287-38c8-d1c1-239145e17df9,d60bf084-22b7-4aeb-a8fd-b48b4786c6fd,2026-01,1,0.9962525509487655,1.0
60877adc-a755-4e9c-99ab-c451b088eddf,c2329858-525d-2f70-5e31-bf9a8358eb3e,956b173b-5f08-4c46-999e-d04c26cb3609,2026-01,0,0.3422732584003456,0.13333333333333333
886d3b99-3638-4d2f-a49b-f255e2764122,c39e5b6a-5497-09b6-25cc-89f1ea8a608c,014f81be-2724-4302-8681-1c89fa734cce,2026-01,1,0.9818688887137336,0.75
7d831420-bc49-44a7-81e4-99d6a691bb78,c3c77367-5f51-f7a7-e667-0e3480f53751,1d2dab29-e24f-4dd8-adeb-4c7b2bd792e0,2026-01,1,0.9021169500605521,0.6388192166698823
f737aa5d-1b8c-4635-9c50-c5377752536e,c511ac63-cb7e-1453-92d5-ea4ffba1c360,53bd63b6-67b1-4de6-94a4-66b940e4e20a,2026-01,0,0.31082550862399033,0.6
d87711d8-c7c6-407b-8468-7f0fbebaea64,c675e97a-0958-0695-90b3-49311eec8fd7,f3d5faeb-a060-4d56-bb7c-559d3f157f51,2026-01,1,0.9661095001148303,0.6
3e1221d0-ef3c-4b37-bf51-950c7989e4c4,cd2c3f97-4df7-b32f-d0c0-12031beae516,1265235c-5696-491b-925f-044ee29ba97e,2026-01,0,0.09195615218802969,0.09523809523809523
090b2a56-a98c-4547-b2ca-0f3fc831cc86,cda37b51-1bbc-af0d-a560-49af88fdc751,467a4a8e-2db8-4bd3-a0b3-e4d37731be26,2026-01,1,0.9948385791989717,0.6875
79b80867-1364-4e8b-9280-6f3d549834f1,cf1318a5-0564-4af6-d90e-c3e76de1ef08,5268e485-491e-40b7-942f-61c133c796bb,2026-01,1,0.9964739164649307,0.9629629629629629
c277a84e-db8c-476a-9f1c-56cce213bc1d,d225973a-f437-d98e-4e24-0fb32a7bfbe8,0eaaeaef-9e94-4d72-ab6c-6f4fa8a5eb26,2026-01,1,0.9755153260105386,0.5
9e05df12-205b-49fa-bc80-9ff565cd3ef3,d257c87f-0e42-048c-8409-362e925d86fc,597c2d33-b758-4acd-811b-c7b22289dcbc,2026-01,1,0.9977248215442743,0.9047619047619048
e214895b-5e23-48ea-bdb8-fe96f683b512,d3bef05d-1db4-2516-4e44-0c1b2d5ab25f,025b834b-6af6-47c5-9e91-8ad4dd4f36c3,2026-01,1,0.8226163825428304,0.25
4ee835e1-e51e-414e-babc-2ce2da31a798,d497808b-36e2-ea42-d247-85b4e409078c,6a566076-355d-47b3-840f-1ddcb740c496,2026-01,1,0.9849311616639906,1.0
a09c7907-fb6a-4c75-8f8d-bc299e6c4fd8,d497808b-36e2-ea42-d247-85b4e409078c,959010dc-2b21-4db0-bbcc-902c491be61d,2026-01,1,0.98539613299031,1.0
973753a0-d1a9-49ed-bb7c-b86946f7bf69,d6268133-5904-3e9a-6956-9493d2f78a1d,0dbd34ff-df20-4e27-a2ad-bcd09666d64a,2026-01,0,0.24486751042869423,0.2
8cab57c6-1a3b-47e5-8574-398c02fea8ae,d6d33436-345a-e39c-9f8d-91c76dca514e,1bb08655-ecc9-4795-8186-bb34f130a593,2026-01,0,0.09298184628339086,0.16666666666666666
d39fbca7-ffc1-40c6-b38b-1d28d0adead3,d77b5c1e-605d-6795-5eee-1e2f9b83e069,ae68c045-42d5-44b9-877b-34c32d98fdbf,2026-01,0,0.9665043281376752,1.0
c5f44ef9-c42b-4c35-b441-198771d4137a,d77b5c1e-605d-6795-5eee-1e2f9b83e069,f6976df5-ab7b-4cb2-8ce9-e36efe843745,2026-01,1,0.9825530743175794,1.0
347a95a8-61cc-4def-a4b5-adcf6df60851,df5ea39c-c069-5211-271d-f0d3831adefa,3394785d-ad9b-442e-9c87-3ab4f47b1876,2026-01,1,0.9657579765698449,0.45454545454545453
4092383a-3d90-438c-9274-27cf99eaedf6,e04a7b1e-bb22-2ccf-a342-9eea602847ff,d3c75e3f-ebcf-4bd2-ba3f-80eb52ac9ee6,2026-01,1,0.9834445821187938,1.0
360a32a5-61a5-466a-9b15-c5fc94daadaf,e04a7b1e-bb22-2ccf-a342-9eea602847ff,d3c75e3f-ebcf-4bd2-ba3f-80eb52ac9ee6,2026-01,0,0.7087959874114995,1.0
3bc3546e-7e9f-4826-9cdc-793a4a47f502,e04a7b1e-bb22-2ccf-a342-9eea602847ff,ed206b50-b8c2-4587-907e-681f2c148f8e,2026-01,0,0.8897376810940795,1.0
7da2e785-646c-4ae3-b6fc-8fb257a23fb0,e093abe2-fae5-a599-2ee8-ce612d47e63e,1dcbdc90-610b-4530-a9cb-a032f49707e3,2026-01,1,0.9978920602728345,1.0
90717afb-7194-4e0c-8ffe-96fb04b6a0d6,e10472f5-6434-2a96-6c28-13939f90427f,f51128e3-e243-4a13-9c81-ebeab17cc897,2026-01,1,0.7946670266014578,0.4
77e9cff0-96ce-4fab-8f3b-5f38f9a42709,e17238d1-34ce-0cbb-4dc0-f65e60ff52f7,5c6e4440-a7b7-4d5b-baec-a422ba050dcd,2026-01,1,0.9969045575035812,0.9090909090909091
b2bd732c-d686-40dc-a0cc-469193d6b822,e426d68a-16d2-9097-ff7d-ae2521fb52e5,9c588654-a04c-4dad-9514-9aff226de468,2026-01,0,0.34420186377437456,0.6388192166698823
915457dd-7855-4aae-97b7-71450ffe8b6d,e51d0052-6144-0814-9748-12b1e6c3b68a,dd53ac44-fa85-4d55-862f-21ef23300b18,2026-01,0,0.2638303042456589,0.25
ca1cfb20-7c6d-4db1-92cf-be4b17e289dc,e54f192a-b17b-11b9-0448-1cf4ecbe5f43,52af2eb2-0f97-484b-aa94-fae6a75d64ab,2026-01,1,0.9984173693268911,0.8
ef001a4d-3aa4-48fe-8a86-1b4e4deb3d75,e6dde6a9-4da9-d1a2-802a-faf5db207e8e,948c83b1-ecc1-440f-9997-479b290ef8a0,2026-01,0,0.4475583912098059,0.7777777777777778
bf044606-d336-4564-93b5-b75361ed981b,e99afa10-6249-3f5b-4364-da75f89e34f9,4dd63429-058d-4acd-b326-3620e2c9624b,2026-01,1,0.897791291051766,0.6388192166698823
557d2680-061c-440b-b02c-d7003961a809,ea7863ad-a459-79f5-e28d-4311e51922c1,b73b9bc5-69d7-459f-84dc-2612341f024a,2026-01,0,0.9759093089821971,1.0
8bd0222a-8547-4d9d-8aef-89632974aff5,eb7de080-f310-4225-66d6-f15dc51fefcd,024b70d0-29db-40f3-a244-a9a228b5388b,2026-01,1,0.9918492728735325,0.8888888888888888
f1067e17-f4d0-4396-94c9-acf0e761eb33,ec6bd398-2413-2c67-18db-10bdd92ee4f9,83dd2c1e-368b-4c57-b9b8-fbcd6ae6ea9f,2026-01,1,0.9693840270272603,1.0
7f14ed1b-c0d2-487b-accc-bce1e8dd2397,f284b25b-d762-1399-a12e-ba7ffa6b6f97,1129e54a-0b3f-417c-b6db-e1090df6981b,2026-01,1,0.9706070051316427,0.3333333333333333
07f84f49-d283-4592-aa50-a68b8f790f19,f2a00e3d-de04-40a3-6f41-a3ebfcab4a3c,4da78ee8-cbc6-4e20-949d-cf7237c7129e,2026-01,1,0.9825030691857441,0.8
17867663-53a4-42f3-8190-63c15338eec8,f6c5c3d2-ceda-6c7f-aa96-359c7dc9ee92,43ba38ca-08a9-4fda-9c38-448a30f1cbe9,2026-01,1,0.986637584720314,0.5714285714285714
3230d97f-a8b9-4ba1-9dcf-1ffa7aaf3beb,f7d24c55-ed4d-270d-81fd-fb50566001d5,443012e2-1bde-493b-9e05-e6d366b5495b,2026-01,1,0.8511753453329662,0.6
ac42e1cc-6e01-4b14-85fd-2e8f3d041627,f7d24c55-ed4d-270d-81fd-fb50566001d5,63dc5133-4cd0-4c86-a93e-bf9b61b2d1ef,2026-01,1,0.9482118289456714,0.6
3d47c885-d5c6-4e42-95fc-bbc9cd2d58aa,f8723af2-2adb-2870-b160-e1ad562524be,a710a504-eed4-465a-8668-bc3fbe646e62,2026-01,1,0.9849709480653907,0.8
795b63b2-c11a-438b-bedd-d653ab7ca9bf,fc8a412e-e0d4-35e1-37fa-5f798b7dc7f4,ed381183-4ca6-4302-84bc-e1e05958ed09,2026-01,1,0.9795311998556797,0.8571428571428571
29def7a5-96b1-4ef1-8cb5-1ff8cc79b9dc,fd1d6483-722f-9ff9-67bd-a98f7e3f42af,43eec801-0423-458f-8e6c-dcadff5fcaf2,2026-01,1,0.9967718381421411,0.6666666666666666
e71130ac-1fb9-446b-8ba9-b9b92d2bd6be,00ff5468-3680-2a12-23e4-82855ab3c697,4b303935-cf4d-4555-a274-6c5947063ef3,2026-02,0,0.8086083505882149,1.0
8deac298-e6a6-4a85-a1b3-07d5849edcd3,011b7d1c-5697-5394-c05b-fa0473640657,261c6838-0d2b-4ef8-b7c0-722341418ce5,2026-02,1,0.9809884379087479,1.0
c12abf78-b732-4d15-9115-480e008d0ea2,024cbfa9-4c24-ccad-9d51-c10966293351,2a75ba7a-e5ca-4409-ae0f-8efe8993c4ea,2026-02,0,0.3252566336106716,0.6388192166698823
a55fabc4-0680-4a10-915c-9bc3d20a3444,0278721a-a690-833b-298a-16a351fb7a3a,6555e453-3efe-45a0-9b81-711fbf2d0726,2026-02,1,0.9977144381815078,1.0
6ca5c6cd-7df4-485c-be0d-2efcfd47b6e8,03ce56c0-8798-b95d-7125-311b80363e74,90df3267-4239-48a4-89aa-4a61e24239bc,2026-02,1,0.9303865360990402,1.0
6b9aa000-0331-4cf3-be35-64ba55cc7d2e,04ba1c6f-6c06-819d-9ecc-a0c5f795b922,cbde9bdc-2d51-4e5d-a732-1df1160c4b74,2026-02,1,0.9802883749792296,0.6666666666666666
536d1508-2819-4f35-996b-24f2d753cbb5,073e4bd7-f1f1-49d3-604f-c365b9952a6c,e70ad66e-a26a-4c8b-a6e1-9743710c50f9,2026-02,1,0.9705635522570492,0.625
9a5dd14b-7930-4994-812f-35bda933721e,0ea0c6d9-a99f-89ea-6b85-9ae409698bd3,9213b9cf-1bcf-41e7-a060-e578f718f991,2026-02,0,0.3667034868592611,0.38461538461538464
492d0fa0-e1c0-42e7-b250-1550636af547,104a66bf-0d87-2acc-ec03-a73d1c1cfd53,4285ffb5-00b5-43ed-8956-07fcaeccb965,2026-02,1,0.9788573965150298,0.75
8a829378-5cdd-4b7e-9c99-e8ef70276774,10f3edc6-4b03-b82d-8df1-09ddaf031c0c,d0b11ad6-7841-48cf-82cb-55e373063fac,2026-02,1,0.9879191383197179,0.7647058823529411
cced0a1a-cf35-43b3-b33d-9ca569b60e34,11316c38-dc08-4983-3588-fcadd88bd5d2,597a1580-9401-42ce-a407-c9448d5017f6,2026-02,0,0.14897067691396498,0.42857142857142855
a1beb905-9d81-41a8-bb16-19b58ece9ddb,11e96dd2-92f4-f793-56db-439d5b3de156,3f072df4-ca44-4975-9844-ebd8be4312e0,2026-02,1,0.948955257315749,1.0
029d91a3-9ce8-449f-876b-6e54e37fa37a,122c395f-56fd-4482-fe33-7fa3c3cd30b5,45df567e-3c5b-4da3-8bfd-6605e5e6c7a9,2026-02,0,0.09953032227965712,0.0
431bd1e7-7f31-4d82-982f-816d7ef38f72,1287ac56-adee-78b5-6a6b-56b3e8dd7d48,c88936bc-cb40-4598-a743-3c301dd4dccf,2026-02,1,0.954978306976813,0.9166666666666666
972ae92a-f7df-4e42-b763-d6541641c2bb,1422ace8-beea-6d1b-73fd-1d30597b40d5,cc479b4c-9ff2-4d88-8eff-9314403f6113,2026-02,1,0.46483331120159477,0.6388192166698823
a79e6e6c-be41-453d-9ea9-ba6c97856078,146a8458-f956-54ed-317f-b99f7d16fff8,9698da1c-596f-48ae-8618-16b9c409f192,2026-02,0,0.08156511673058962,0.05
577b28cb-7a97-4a96-a4cc-42ce2d8da176,18788fe2-f6a2-826e-2199-6cec118c6d00,6a5d492b-8175-4c5d-86ac-ff94ea72d963,2026-02,0,0.12196325686384725,0.1
0f5acfaa-736f-4834-972b-23ca4fafb38e,18d86801-3cb7-11d4-8b9d-433429296014,9c5f6705-4936-4bf4-91d9-8bd75b4c341b,2026-02,1,0.9571361537967603,0.25
41c1361c-1e02-4fbc-9590-f3bef04c9fe0,1932ea80-c6eb-874e-eca8-12410fa7a608,7ce79ba5-79fe-49c0-9e0a-2ace149ffbd0,2026-02,0,0.06136667860228967,0.07692307692307693
0946beb8-7c61-42af-85d0-1115bf1590e0,1a171004-7682-1c39-e6a2-758b668c33b0,d700c1e9-4564-4c4d-a800-2b6d68e962f7,2026-02,1,0.6695142097758772,1.0
7f4fe92c-d5ae-491d-9032-19d149b18caa,1a3b6c74-26e1-7124-0b5c-7f783d71624d,3aaba622-f423-48be-b5c5-5516fd1498a3,2026-02,1,0.4156505134994463,0.0
1b1f5e9d-a271-43c6-a2d1-e4e419794ff0,1b003ea3-bdcb-0416-c3c2-8ff60f2f65f5,419e1438-3ed5-4447-9f4c-68505b3371d9,2026-02,1,0.9947628486481229,0.8888888888888888
118285ba-d218-4a1f-8570-d21abfadd535,1d4c0119-5151-7a5b-2266-f16e44f67157,55469cc1-579d-4801-bbbd-4f113cad46e9,2026-02,1,0.9967228776998096,0.8571428571428571
a58e4d1b-d3d9-45ba-a16b-46ee6a1c2b2c,1eb13d75-4e74-34de-0d7a-6936b746e12e,abf6275d-aab5-4614-963d-9dbe3ee0aa87,2026-02,1,0.9234838946128924,0.2857142857142857
e17f5310-5a27-4360-baef-7147d7891071,1fc0c3bb-f35c-8d5d-a4fa-a9c1723cd8ab,daa4363b-15ef-406b-adb8-5451eb652e2d,2026-02,0,0.790055769007326,0.7878787878787878
aaf8e6bc-3031-46f1-ba3b-2fbc6eb212e4,21e237d1-286e-324e-0cef-45725d629768,a6e807f3-afdf-44ff-b5cb-81a3f0906217,2026-02,1,0.9251279524749404,1.0
616fa4ba-3747-4f09-abb7-969cd92b823f,227f376b-633a-5615-5670-c29559d0a08b,b98f8c1f-f2b7-4f45-a583-7bb76e52c466,2026-02,1,0.9716522154948006,0.25
92eb9dc2-eaa4-4784-b026-8d2ad4e1e715,22a9494d-0e02-6fba-4aee-7947f1e6110b,a9694079-2985-486a-8cd6-bd3243751b22,2026-02,1,0.998524012455794,0.9411764705882353
d957da34-e7fc-4929-9219-87d0f355bdc9,22b0be2d-52c5-1127-642d-4f1083b404ca,073645a4-3ce2-4cc7-96cf-54d0f49f2353,2026-02,0,0.3899684338520479,0.5
c88dbe61-86f9-4090-a274-15e85cbef24f,238b347e-e7e9-b1a3-31a8-a2f8fed99f55,3d2bb31e-a4e2-4d67-b934-8fbb641505da,2026-02,1,0.997584421689669,1.0
74958b36-7e0d-42a5-9c5c-6a889b6034c0,23f7ef5f-6b26-a104-b616-b438d7e9243c,8cada743-d341-4211-b2f2-094d551e9ef3,2026-02,1,0.9793387274000558,1.0
4fa56dc9-403e-44c1-bf20-4e0be83b4040,251051cf-e3b5-5d37-918f-bf22b4875790,05a7138b-3291-401c-b2bf-28981d85d111,2026-02,1,0.9990222127047215,1.0
cd9b30c7-c08c-4ce8-a0d2-62f035ed1963,25aa2406-e171-b558-8249-7a525d126d8f,a0c56020-2eb8-4b3c-80a2-f837b1555d64,2026-02,1,0.9766477839024087,0.6666666666666666
fc8d1bf3-84d4-4537-921f-60a7daeb04da,2631ddfd-660e-8719-1876-82cf88e13a60,0c8b2433-3b52-4a31-973c-d1049e2367ce,2026-02,0,0.060322001639584254,0.08333333333333333
649cc3c7-fed4-4ea2-b12d-9158bd8f56b7,26b16f30-da65-8aa3-d1ec-4867ac2a8f35,55c869da-c670-452e-aa98-469528be9efa,2026-02,0,0.31345907981574345,1.0
5dc75aeb-480a-4df0-b270-6af8ba3efbf1,2794ccf7-4966-f00d-35d6-34ac17db73ea,29309a70-09a1-4c35-b877-ca27b04ec436,2026-02,1,0.9994253522986671,0.9142857142857143
2437c932-9fd2-4a7e-962b-8ff97cca9865,2ac2da6e-0954-f906-32d7-a1f55477c590,7c23b4a5-63fa-47d1-8211-a565f6ed8ee9,2026-02,0,0.2847259944086139,1.0
36eb60c8-8e6a-4f81-bd88-09609250b7e9,2b785f57-1c4f-d4a8-d486-b69e7b2db5bc,3c7ccdf6-cc34-4475-9b15-a0933043ad80,2026-02,1,0.9904113770379075,0.9
1da33894-e159-4aa1-9fb2-3e732fab30aa,2bd67002-1f8f-faff-efc5-5063dbedf10f,fe2ad17f-410e-481b-ab4d-af0e65a40934,2026-02,1,0.9617850050774591,0.875
ecbf0b8f-4313-4fe5-8934-88f1ac194ad8,2c1980eb-be51-916e-8f61-1e8fe83afb0c,345fd782-4252-4f02-958d-3531a545878b,2026-02,0,0.5871346833129101,1.0
94637c1a-f4bf-4bdf-a737-8542f01e4513,31f3f7a3-5dc4-21cd-ba54-b41347a7822a,2d403254-d4e3-484a-ab66-492809785e47,2026-02,1,0.9815182997503902,0.7692307692307693
a38771fa-42eb-49bf-b05f-a6239b970b05,367ff001-843b-4fab-01ff-1f341b84ef5f,52d2cd7a-2b95-4dce-ad9f-b5f2a7500872,2026-02,1,0.8647530934021677,0.3333333333333333
059af4af-21a7-44db-8195-0e6c185539db,38069f8b-d44e-0b86-a0d1-dafac5ae1232,0bb006a6-102a-47c8-8091-3f3a4bc5731a,2026-02,0,0.10475459126860334,0.1111111111111111
23dd06a9-981e-4b3f-8181-b36c8b7c0306,38305983-db92-2c3c-7949-96f7ca7833eb,f9922902-5337-46f5-bf1f-7d8982a685af,2026-02,0,0.46483331120159477,0.6388192166698823
3517cd29-151c-46b8-a62a-744a409b41be,3b02f95a-b47e-1037-4f8a-f2f31e35c98e,ac6b528f-3e64-4f40-a65a-a073b663edd0,2026-02,1,0.9960384022171681,0.8
72cf7f78-14ac-47d6-920e-3fb06479ecef,3b27dc97-dafa-0480-7b61-5549a3ea7eee,be99f7a0-c9f6-43b6-9cc5-04577043e0bb,2026-02,1,0.9987326171143761,1.0
09548512-fba1-437a-a206-4826b864358b,3b48ac67-d1fa-b227-f284-5da0a25e5ac0,a6ebee32-e984-46da-929f-4e1c0d37ccef,2026-02,1,0.9801078387018962,0.875
cd0821af-e56c-49e0-93f0-80fe956b1691,3e50af3d-452f-d098-b3bc-3c2a64576d55,288569c1-8892-451c-ae1f-6ccf0c41daa4,2026-02,1,0.371718370013669,0.2857142857142857
aaabfa3c-2541-4106-96d9-f8359e20da36,3e99437f-aaa3-5ffe-27bc-cffb9898080d,84ed620a-626e-495a-895b-488a5812e183,2026-02,1,0.9487643136137294,0.5
4ca1a7b2-ba1d-4892-adf5-6caf6e4e6e86,417cb75b-9992-4df9-28ae-ad4d2313621f,bb51f6f8-2b1a-4e9f-b3e3-16a942773d8e,2026-02,0,0.5532506416505503,0.6666666666666666
890293e7-ea3e-44d8-b892-3a7623fc2cdb,43774f3c-9ce6-fc78-7857-b8607c3e1966,db615118-b5d5-48fb-aa2b-90a5dc340c0f,2026-02,1,0.9697496523894535,0.6388192166698823
9b873c89-262f-441a-8526-177c5dd0c496,4505ca5d-0961-03c9-5943-ffda2a5ae270,0f6ef705-bedc-4008-88a1-8c600fe56c57,2026-02,0,0.20569550513610624,0.2
56648bef-5255-4244-80a3-50d4629f95f1,4628a4bf-d4c5-9e5d-471c-271b9f3e7d03,460261c6-c1c2-4654-81fa-19637f3602a8,2026-02,1,0.9911341587049859,0.5882352941176471
6dc36d91-0c05-4d38-bbf9-0bda73e9725d,491b8136-32a1-37c5-5253-b53ff3991d86,db02e562-aa09-448e-9187-bfa7c3788aca,2026-02,0,0.740088320483863,0.8571428571428571
0b8b6f6b-bc3e-4e46-a011-6c3b5bbf4a6e,49355947-7605-ec5f-7d81-a6597f38d76b,0318d74f-95a7-4ced-92bb-ded9eb88d273,2026-02,0,0.04605999224240487,0.0
7c98cee9-7b01-488f-afe3-69a0feb96225,4bdca5eb-f197-a87d-d26a-c63a9b3298a1,344e766d-803d-41b0-9ead-19b02ad20786,2026-02,0,0.04797405399291687,0.14285714285714285
bae35c8f-52bf-475d-8065-3980355529d4,4c4ad4c9-59bf-f152-d0ff-6502ec564cc9,91e9c4a4-cf9f-4ea2-bbce-8ca8d01150ff,2026-02,1,0.9967054660891691,1.0
7adefc0b-101d-4fd1-8a90-9109bdd14a6a,4cf13b7d-67b4-87af-6795-b532998a9b0d,924c2996-22b9-4f75-a760-a40afe04263f,2026-02,1,0.9928834103959329,0.9523809523809523
173ecbeb-d91b-4c76-91d8-8aae0743e37a,4f75b0ca-7bed-c37c-cfd4-1e361a1bb6d4,94474160-d37a-495d-a16f-f7280c3b7a29,2026-02,0,0.14528671535446228,0.3333333333333333
1e288f85-12a6-468b-b5ba-e9e74474a98a,5001bf67-3639-035a-75c2-912e5c878962,90db06be-f710-455c-91a5-b5e863bb2caf,2026-02,1,0.912095024148612,0.6
e96b496c-f1bc-44d0-a4b2-0bd1d1d23799,510cd475-6538-7d02-413c-1a0f553ba4e6,26a0a5ca-7623-4406-8776-15d57ccb11fc,2026-02,0,0.0488866821800589,0.14285714285714285
635f7120-6d0a-4e1f-8bfb-d25be36c2487,5115834b-41f7-ba99-845c-e46780a8c7da,9ae6a01c-a37b-4aed-858c-91ea566d38ab,2026-02,1,0.6224482788172303,1.0
9d09a461-fab7-4ab0-acc9-f542d5df5df1,5115834b-41f7-ba99-845c-e46780a8c7da,aad07001-80a0-4f08-982c-ef64795d4775,2026-02,1,0.48510212334262615,1.0
972e00d4-3b51-440f-8fb8-adace7b4826e,5115834b-41f7-ba99-845c-e46780a8c7da,9ae6a01c-a37b-4aed-858c-91ea566d38ab,2026-02,1,0.3038949313251599,1.0
631c6d9c-0093-459f-8b11-10bb76f1f1cd,51403227-2816-46f5-cdc7-feaa35b7c061,879a2c88-0d40-4f5c-8c97-44596d6d79b6,2026-02,1,0.9010011946144331,0.6388192166698823
fe331532-0ee9-43d2-ac2a-4c72250a5537,53c9ff97-f078-6148-923e-9d1a21b9bb60,91ac3395-115d-464c-b811-f5b619028011,2026-02,0,0.6576454026498165,0.7142857142857143
2d311bc2-871b-4140-914b-a4cda71f7fd1,55ca6f7c-112a-ec33-7c1c-987508bc9e41,3820ef49-8442-45ed-aeee-6a7a0cec9205,2026-02,0,0.04370397818266202,0.09090909090909091
17c92e87-97d1-472e-becf-2abf80fae78f,55e6e452-fae2-a5ac-3c12-21424bffbcac,16ba7f9b-b61c-4fb6-a957-8fdf8bf58876,2026-02,1,0.9927934319984258,1.0
704f5f95-2fed-4aae-83b7-9e50edfe6c20,55e779dc-a32b-2acb-173b-7de67750927a,5dac2237-5cf3-47ca-a63e-d32f16420f6f,2026-02,1,0.9254421025244878,0.6388192166698823
4e77e2d8-5596-466c-973f-f5747f8c829d,5925134f-40a7-6834-930a-b8d6906bd2a4,73f27fac-554e-48b2-b97d-1d42f202ef3e,2026-02,0,0.2967774744353068,0.5
88ecf42f-e16a-4639-8775-99c378932b1b,5a4bd906-07d0-3c04-680d-6ee01f174660,6eda4f36-5ba8-4b93-b2de-022481039f46,2026-02,1,0.9740271436220335,1.0
0d1dbce1-a338-452b-96fd-3fdda88c44fd,5b45a840-9d6c-242e-0e2f-2e2c972c2eec,1b8d196c-a429-4d7f-823b-82a43769d60d,2026-02,0,0.07235942287625964,0.0
973f1d3f-3283-4f33-b55c-4344f6faab33,5d4122d1-48a3-607c-cb72-e1956caece73,0ab4614a-82b3-4810-b877-e696de754080,2026-02,0,0.011661196831579712,0.0
2ddc52c7-cd3e-4443-b081-e3eb2a915cbd,5e901269-d116-cf62-7661-df859f5b02dc,a15489ed-053d-4793-b95b-de0cafc05473,2026-02,1,0.9945235708933594,1.0
fc2e271f-7cda-480f-8a2c-8f35f2967bf8,5fee0a79-3970-704a-2332-f7c7598e86c1,fad9c620-d9d5-479c-981d-4bc0521c94bb,2026-02,1,0.9808303763403713,0.6666666666666666
a76425a3-c7ba-42cb-897d-9cf7cc861ff8,61031b0a-ef18-26aa-64b7-d412d7b3d276,99eb3f32-d53e-4470-ab2a-09ed6e9b3872,2026-02,1,0.9935593417421306,0.4090909090909091
ffce673c-b302-42bb-a08d-07855f9d7cf9,6162731a-4a9c-e887-e586-1ea574985777,f2f4757e-a36f-4615-8d08-78e18eccf3b7,2026-02,1,0.9499797662656533,0.5
f4862c96-e84a-463a-9683-6adc4b3e25ac,618f174c-7c45-cb54-907b-cacc78483918,19cc5bbe-1012-4cbe-bea4-9ed7f1aa163e,2026-02,1,0.4916140522701558,0.6388192166698823
6e7f07d6-db35-4bb0-9fbf-7f270ee06e7e,630c8120-bdbc-832c-24ca-aca9e6b49891,cdbd0a31-d685-4189-af7e-25c08d80399b,2026-02,1,0.37132299250772227,0.6388192166698823
67a2f26e-a76e-44f1-b21f-fa895b2fac4f,6542b72b-196a-4538-a690-2db7cc212936,ad2138de-e1c7-4dff-92d0-7f9ade15e56a,2026-02,1,0.9610290270172391,0.875
772633b7-32a6-486c-a308-b3f5387c5762,66fbcb59-3d06-d8cc-b1d5-53f38a599207,b6b48bf2-25a2-4810-9338-b1847a53c5ed,2026-02,0,0.05453009098781528,0.15384615384615385
38e446f0-a1a5-4823-b060-f36bd85b4e27,6ce85c3e-5f40-4297-8c38-22ac7432420e,43dd8c38-f19b-4e75-a934-ec4c973686b9,2026-02,1,0.9974963841423273,1.0
c9560406-7aad-4a1c-88aa-71799397d5d5,6dd50e39-9843-4442-cc09-3b49fbe97fb9,874b3b50-b801-4e30-a0a9-808746433886,2026-02,0,0.04924372709543728,0.0
78c52347-2d88-4490-91fe-d27518276f4b,6f622055-47c5-9b2c-b332-2d5d01953e51,020b9ca6-f237-414a-a692-e254856c4cef,2026-02,0,0.4980383362503395,1.0
65ed79b2-067c-46e6-bf1d-fe490b9da477,71afee6b-f2ab-0218-c8a3-84b8ca8ed21f,4911da55-b10d-4ff0-811b-eeddb6a48ef5,2026-02,0,0.365992907640908,0.3333333333333333
6bd78907-841b-48ce-a4cd-07dcadc3984b,71afee6b-f2ab-0218-c8a3-84b8ca8ed21f,4911da55-b10d-4ff0-811b-eeddb6a48ef5,2026-02,0,0.09368714569916017,0.3333333333333333
d3810955-ef27-47ec-a1fe-e1e58499dbfa,7282a267-9160-04c3-a636-0268501bdf4e,76907e36-77a4-4a95-a8cb-02e265eb29bf,2026-02,1,0.9309425043462913,0.75
e8a84782-64ca-43c7-ad54-358a840b4ddd,72ac33cc-b9b2-9cc4-47fd-d37096c8f30d,c7f06da4-2365-433f-adc3-9f9169263644,2026-02,0,0.19567332658300707,0.0
262fd7f3-c1cc-454a-8666-64999e070aa3,733dd472-3b1e-dd43-76e5-082ddfe66c5b,43058d1d-6ce8-4ad0-9f04-48ad2efa67c4,2026-02,1,0.07535364477104899,0.14285714285714285
71bd71de-6abe-4f13-8eea-98a667dfcac6,73715344-908a-b7fa-00cc-34358ffb16f0,3aabe842-7390-4208-9bde-936af6f8b658,2026-02,0,0.3911796061034979,1.0
f38f9720-5a11-4fb0-8331-86dea72ecb28,74c6b975-b0ab-c8b3-8acd-2cf53597a72b,ea40fdca-3e27-466c-910c-99fef52b75d6,2026-02,1,0.9947843521308851,0.7333333333333333
23799760-2d0c-4ede-9e28-225c4921392b,77dd12b8-a20b-05c8-2372-79ba1b1624a9,3ca315cc-b9c4-4379-be8c-c2df8c0e42d6,2026-02,0,0.04141319533061472,0.0
08a11d8f-fafd-4b6c-838f-bd0e2e7f3b2d,79d4d3fe-73c5-a965-030f-c60220ee20cb,ed99994f-80a9-48cc-afab-45db09c246e1,2026-02,1,0.9945819083756835,1.0
73aece4c-cae6-46bf-8277-cb0bce698388,79e31f6f-69dc-a40c-27d7-3f076878f83c,a0cd9c66-c067-4001-ad7b-586b6c15537e,2026-02,1,0.925947229630617,0.16666666666666666
9591ebfb-70c0-452e-bd52-58434dca6a5e,7e2a1e58-e10a-4352-ca15-59fd22f2c07e,0f7ffc2e-0a2e-4aff-92cd-c4f4478f694e,2026-02,0,0.7045410553527928,0.6388192166698823
6a489cc0-ebb2-45d1-9f2d-301627b096cd,8123af5e-305b-80f8-20db-4d54b7f628c7,e42d2bdf-7c18-4bd9-982c-de09a231f52f,2026-02,1,0.9934112541312784,1.0
572bac1f-8172-486f-88c9-204d81d77a98,82be44de-b1d6-4e48-e6bb-33ec98b83c7d,6edb4981-c302-4992-b7a8-e24912892b61,2026-02,1,0.35056153757589165,1.0
55db84d6-0631-4c93-ac9f-c1e3c04869ae,83af11b3-a274-7404-3265-ec658f74f8cf,a592d732-fe7f-4bfa-841d-7433e477f43e,2026-02,0,0.3881866325480057,0.75
6de6fba9-adce-4bfd-929e-3d6d9bd94f5e,83f51f9d-9d36-eda9-e7fb-5b1badbbd5d9,2f49d447-f15d-424d-9a7d-be051dc880d2,2026-02,1,0.9596163911830112,0.8333333333333334
485223c3-0c55-49db-b751-52fc1a6b5be8,854c86e3-8b7f-0ca8-f4ac-c6a073699611,8db9e51a-5204-4143-a5a0-086b8cd03403,2026-02,1,0.9996607544027954,1.0
0f1f7ae5-bea3-46f5-94d2-c074a83ebf5d,855f3f6a-72ae-46f4-4cc2-a9a0d5df5b70,9131c211-f95d-4213-9955-02879ced6aaf,2026-02,0,0.00823700881604265,0.07142857142857142
2b3008cd-c4cb-43a7-8ada-a012d09496f1,86cd2239-fa55-0389-437e-e8fd505dc931,20d5e9a6-73cd-4f5f-9b27-ba9a13e7864e,2026-02,1,0.9313577356947913,0.38461538461538464
1cb86db3-a782-4a71-8b98-e0acac910fd5,87a1e515-e2e0-110f-05d1-04f5a83c066a,a089c1bf-e6c1-4700-b4bd-52304e5c006f,2026-02,1,0.37132299250772227,0.6388192166698823
89e5d9fb-52c4-4677-a565-aff998a466f4,890b32d9-f754-8150-5a18-8a21fcdf3828,badc4f52-9209-4008-bcff-ed3cf3a3726f,2026-02,0,0.6924795116672654,0.7777777777777778
3cb19df5-5221-4ed8-91a6-ff46be422759,89d188b4-94a9-2f97-e068-155ed8ec3f5e,9ddc3b2e-3ea3-44e6-b674-4cc843ee0e0d,2026-02,0,0.27500585171608793,0.75
1d8cbdb9-404c-452c-8bed-74f84a1c4900,8aacbc78-5e56-b3c0-f8bc-fcb5490b94f3,d06e259b-0f3f-4c09-bc77-00ec39ab5924,2026-02,1,0.9939173996679835,0.9032258064516129
7e75717a-e7a1-43b2-8d46-62bcbf4ceef0,8b48adf3-c14a-fa6d-9785-b4bcb35f8fbb,656473e2-7641-46ed-9ba0-9fa996a8b682,2026-02,1,0.9807199414809173,1.0
c55d225e-921d-40d0-90db-08da5b920502,8fd367e7-7404-4ef6-530b-a40219a48f1e,de3fc75a-dc8c-4bfb-b959-494a94a5d287,2026-02,1,0.23951347099904458,0.42857142857142855
d3b676df-68ad-44c3-9b1d-e46f079377b8,93eb3d6a-d35b-ef1f-83b8-7430b6ad1674,c812ba7b-6318-4ce6-b0dd-78749fff30e5,2026-02,1,0.9946089480038299,0.4090909090909091
0dfca82f-5903-4dc1-9160-6ffa9d392df7,94a44555-23ae-3135-5416-01dc72f3397c,bd4e74fa-afbd-42f9-bf0e-26b018e644af,2026-02,1,0.7634390092687839,0.6666666666666666
8dbfd7e3-ae39-4de6-bb66-db3eabc85fca,950dd22f-78fa-d205-48b3-fe5a5cc7438e,62887698-aebf-475f-9c98-0a212110dd24,2026-02,1,0.9959106340306011,0.8235294117647058
a36b63e3-8a59-4a81-82f4-0fd7d44c2c4d,9541a16d-d020-eb78-80f1-a4a2d4b7775f,bf9b5cd5-13dc-4229-9b7f-2fd8541f64b3,2026-02,1,0.405450590906456,1.0
f92b5f25-60dc-44dd-b06f-f84a8f1331e7,9653a402-ff75-bbdf-8cc6-1cb0ca01f233,81f71080-dac7-40e9-bb6b-3526cdd47015,2026-02,0,0.276288976704628,0.1875
7b4dc4b1-d8f9-41b4-8efa-983334dd0b69,982397b8-b96b-4d87-eb8b-62916e148d45,e053e915-af46-443c-ae72-9afc7fde4294,2026-02,1,0.972863068737948,0.8
3efa5cf7-2fc8-4d11-9b88-c1e1655477a5,9aab8e6f-97e4-131f-c6cd-a91d11668656,c2b24d33-90f8-4d46-aca8-d99bb1f2c844,2026-02,1,0.8579717057675996,0.3333333333333333
e3721fe3-d47b-4eeb-b7e3-f83ce1f076c4,9b3925f8-4a9e-4735-7dbc-bf5a8dfff4d6,4c3b1aca-4db5-4dbe-94c8-4acaa07739cc,2026-02,0,0.2887465281813338,0.5
38fdc3c1-f852-4c97-90c5-92f5a4403f7b,9b3925f8-4a9e-4735-7dbc-bf5a8dfff4d6,4c3b1aca-4db5-4dbe-94c8-4acaa07739cc,2026-02,0,0.07647510401956045,0.5
a0e77973-da6a-4a93-ba1e-60e37614c77a,9defe9e8-4059-ba6b-5abd-0d1304e73008,f56bff0c-85b6-4ece-9597-a0712f4e6908,2026-02,1,0.9853606830559377,1.0
519dd47f-3543-414e-b455-23650bea03fa,a4709d2c-85e2-3d68-7467-1eaf879ba2c9,a38411a4-41ea-4525-b071-7072a55c3975,2026-02,0,0.3259153596212536,0.5
c81f6969-e091-4139-a3c7-7006a2e9a9af,a4fda539-b878-9e2f-4784-30335f386517,88123924-7cf3-4c60-b7ea-b90a9b780b9c,2026-02,1,0.5737825569370083,0.6388192166698823
f2220296-e5e1-48e1-8df3-b560f1455dbe,a7798da2-f8ee-1840-a1f3-f29a9e764b97,9ffe9701-32ac-461a-b5a1-8bb653d34a4b,2026-02,1,0.9962342343404393,1.0
cd697b07-c578-44fa-9328-242aab8f7a2b,a7dadee2-80e3-eba0-084f-5f1847bb3aa4,a2b0ee31-8c68-4f88-82a0-a97f2818ee85,2026-02,1,0.3586128323622038,0.6388192166698823
fd7bb878-9c11-44a6-a2e3-f31f91a5c8ec,a80f0ed1-4b00-bbc6-7203-370029c6bb04,780dc984-9bf9-4aa8-bc3c-227a2829f184,2026-02,1,0.6151739003861808,0.5
073864d8-60c8-4af3-bf88-49adb6c2cc6c,a80f0ed1-4b00-bbc6-7203-370029c6bb04,780dc984-9bf9-4aa8-bc3c-227a2829f184,2026-02,1,0.16195029810155565,0.5
9e259b69-438f-4e00-91b7-dbe45abc7932,a83c1af9-decf-48ef-8576-c97d8b3ca11b,35f09de9-4fca-40ec-9b64-d79630bafd60,2026-02,1,0.4939259387054114,0.5
76f7c1a6-18e4-428b-b742-cf51dfc01920,aa88d180-8c53-dbe4-70de-ecf38130d3ce,ac2059a9-ac22-4c7c-94a1-cbc4cfbeb93d,2026-02,1,0.171127212108305,0.6388192166698823
8f73f9ab-d441-4723-8297-7c39ce56af80,af12a12c-92bf-088b-3073-292fe4dfc478,bdc2c4ae-b9b2-4aa7-b8bd-01fdd0145e27,2026-02,1,0.9913861472400105,0.8888888888888888
01a46a4f-eede-4323-90d4-b06ed2cde589,af8d560f-407a-4e9b-49e9-88f54d8671f4,56e6630d-239f-4544-99e4-87ae533ed05a,2026-02,0,0.14538707800873515,0.0
6bedc60c-edda-4a43-8213-66abbdd9e3cb,b0348aa8-ad9f-d0dd-94e8-c71a6627c930,db9ec732-0eba-43c2-8e97-5e7a05e17561,2026-02,1,0.987311963307059,0.6153846153846154
42a0be6e-fe35-41dd-b351-3617cde49eb9,b0a6f0b5-9fd8-112e-2bfa-24fa8a25779b,f5dc7322-00ac-4867-a914-e2bddeac9a0f,2026-02,1,0.9736932462840594,0.9
ccf456c3-2357-4698-ab39-2cfe7840d0b3,b111e4dd-be1d-2c79-3945-480547761b5f,1e0bb8aa-b4ea-473a-90f7-c89d96df2323,2026-02,1,0.996983233611332,1.0
1647e3dd-4952-49e8-ae95-50bc40f85726,b19dfc6c-a5d5-734c-3d3d-6389c281b3bb,2ddbff71-425b-4f25-a932-e1bf574b2035,2026-02,1,0.9933624989208711,0.9523809523809523
d2a826a9-11ff-4c9a-84b7-7e6b7c281016,b285539d-6e4c-f6f5-ee68-2dc683541067,8199be90-a807-4cdf-9133-819a6efc1905,2026-02,1,0.9984991734439228,1.0
3fc11c4c-93c8-4379-b7bb-58725aff801d,b4a50439-db13-dc26-d980-eb079b321460,902fa4e5-f7dd-4671-9d39-6516ba2e51d8,2026-02,1,0.9846894879850581,0.8
71b6c586-a28f-43c1-bebf-c94bad47ca7c,ba8dd5e0-ed0e-8b6a-7098-2732476feb31,31a1c073-bb44-4019-8548-0c5a8114de7b,2026-02,1,0.925738954532122,0.2727272727272727
f59c0c37-ac1b-4cdf-87b6-5132c0677db4,ba90613b-fe14-4fa4-d646-199878d3f058,9c29f798-675e-422a-b4fa-e91d17f84eb4,2026-02,1,0.46483331120159477,0.6388192166698823
8e2bca0d-11dd-4d19-a791-baf5409ac346,bcf8ffc1-fd5c-f6ab-0453-7a73c73786dd,d1981985-ab9a-4777-b85f-46da934e391c,2026-02,0,0.1282214801390429,0.05
4046f9e4-2c15-439d-9ce4-c00afe2c20ce,bdcc24e3-6077-3ea9-b25e-2747d0f07be7,34b48e10-aa34-478c-954d-06259adb5384,2026-02,1,0.9858440256497784,0.4166666666666667
596b4e81-ea3f-4718-a980-19e4acbdc996,be68c44d-d4d2-478a-7b1e-c9c3fefac406,c6bf983e-033d-46e6-825f-5620364a403d,2026-02,1,0.9354209792753996,1.0
33613765-9898-4e98-aaaf-32e9a5f9b9ff,be84008a-74d3-3cc1-6fd6-bcef998f7bff,4ab14a0f-9437-43ed-9504-94985a2312ab,2026-02,1,0.9969049743404176,1.0
34677ddf-47cc-4a4f-8b34-9ab71dd47dc4,c02eb961-2471-c285-9c28-fb9a12aaf70a,c1c258d3-0750-49fb-8d6a-a5a84de41974,2026-02,1,0.968492628422926,0.7777777777777778
27b2b362-2314-43c2-873a-5dd2d9b8c8ea,c0791d4c-9325-bf1b-30af-7af648c26338,c55284ff-f120-4606-8d96-29c8ec1ce454,2026-02,1,0.6777520946480042,0.0
40e901a3-0f5b-4d8b-a25d-742ffb89fddc,c09e703c-d287-38c8-d1c1-239145e17df9,d60bf084-22b7-4aeb-a8fd-b48b4786c6fd,2026-02,1,0.9988633132656026,1.0
72dcd2a6-61c5-4a9d-acb6-f7ca955068fd,c2329858-525d-2f70-5e31-bf9a8358eb3e,956b173b-5f08-4c46-999e-d04c26cb3609,2026-02,0,0.14752299580366196,0.125
d53a3e36-d93d-490c-81c7-9d15d06b1803,c39e5b6a-5497-09b6-25cc-89f1ea8a608c,014f81be-2724-4302-8681-1c89fa734cce,2026-02,1,0.9884338691364645,0.7777777777777778
c452a20c-c27c-439d-9d8d-444510d57395,c3c77367-5f51-f7a7-e667-0e3480f53751,1d2dab29-e24f-4dd8-adeb-4c7b2bd792e0,2026-02,0,0.31345907981574345,1.0
841da068-b19d-4205-8eaa-2dcaaec7c8b7,c511ac63-cb7e-1453-92d5-ea4ffba1c360,53bd63b6-67b1-4de6-94a4-66b940e4e20a,2026-02,0,0.17211392726598,0.5
829f275a-1ad8-45fe-8e51-628b0541a8d0,c675e97a-0958-0695-90b3-49311eec8fd7,f3d5faeb-a060-4d56-bb7c-559d3f157f51,2026-02,1,0.9687003176140146,0.6666666666666666
c8f3520e-5577-4a31-ac4b-fb80499d5cd3,cd2c3f97-4df7-b32f-d0c0-12031beae516,1265235c-5696-491b-925f-044ee29ba97e,2026-02,0,0.13769831675473548,0.09090909090909091
576dde5f-8e23-4bcd-b05b-5dc364c016ba,cda37b51-1bbc-af0d-a560-49af88fdc751,467a4a8e-2db8-4bd3-a0b3-e4d37731be26,2026-02,1,0.9818540983174748,0.7058823529411765
42c16517-6326-4373-86ad-c8a63f6fe708,cf1318a5-0564-4af6-d90e-c3e76de1ef08,5268e485-491e-40b7-942f-61c133c796bb,2026-02,1,0.9968480216086637,0.9642857142857143
575afcba-895a-4ca9-9845-1d5ca0ec775c,d225973a-f437-d98e-4e24-0fb32a7bfbe8,0eaaeaef-9e94-4d72-ab6c-6f4fa8a5eb26,2026-02,1,0.9805310081942838,0.6666666666666666
52e39388-b292-47f8-81d2-286900213dec,d257c87f-0e42-048c-8409-362e925d86fc,597c2d33-b758-4acd-811b-c7b22289dcbc,2026-02,1,0.9982198817623986,0.9090909090909091
fc370a32-6caa-46b4-8851-a60e0dc8ccd8,d497808b-36e2-ea42-d247-85b4e409078c,6a566076-355d-47b3-840f-1ddcb740c496,2026-02,0,0.7977568122424152,1.0
2ad45a82-b20c-4742-9f3e-a2d084e3a396,d497808b-36e2-ea42-d247-85b4e409078c,959010dc-2b21-4db0-bbcc-902c491be61d,2026-02,0,0.5829105508849672,1.0
f43490bc-e85f-4f90-bee0-59ac8e2a4bef,d497808b-36e2-ea42-d247-85b4e409078c,959010dc-2b21-4db0-bbcc-902c491be61d,2026-02,1,0.5092882519538366,1.0
c8649d3d-3803-4e7c-85c6-e109153f0d90,d6268133-5904-3e9a-6956-9493d2f78a1d,0dbd34ff-df20-4e27-a2ad-bcd09666d64a,2026-02,1,0.08756418230157344,0.16666666666666666
9b0a465a-2254-4990-a01a-48c457b481eb,d69476f4-ff97-e238-b732-85cc4b70703d,6194596e-7834-47cd-88c4-b13082ada4ee,2026-02,1,0.9254421025244878,0.6388192166698823
c8b096f2-cbf3-4ef0-8d76-2a4a07a9d638,d6d33436-345a-e39c-9f8d-91c76dca514e,1bb08655-ecc9-4795-8186-bb34f130a593,2026-02,0,0.05473182532898714,0.14285714285714285
9da6e97a-f222-432a-833f-9d8a7c1471a7,d77b5c1e-605d-6795-5eee-1e2f9b83e069,ae68c045-42d5-44b9-877b-34c32d98fdbf,2026-02,0,0.48062221685397305,0.8571428571428571
23b52695-eaf7-48b0-8ed0-e9222a704cc4,d77b5c1e-605d-6795-5eee-1e2f9b83e069,f6976df5-ab7b-4cb2-8ce9-e36efe843745,2026-02,1,0.8958381777365653,0.75
64ea7f58-c1e9-4edb-a62f-ef70b876ed8f,df5ea39c-c069-5211-271d-f0d3831adefa,3394785d-ad9b-442e-9c87-3ab4f47b1876,2026-02,1,0.8616449149934051,0.47058823529411764
538c01bc-ba0d-4bb9-8edf-e9e95a607daf,e04a7b1e-bb22-2ccf-a342-9eea602847ff,d3c75e3f-ebcf-4bd2-ba3f-80eb52ac9ee6,2026-02,1,0.9433165855379685,0.8181818181818182
3bda1da7-9784-40dc-a7ee-2924dc72a473,e093abe2-fae5-a599-2ee8-ce612d47e63e,1dcbdc90-610b-4530-a9cb-a032f49707e3,2026-02,1,0.9995528568896711,1.0
f7e1e6b1-e685-4541-9f44-d948deb235bc,e17238d1-34ce-0cbb-4dc0-f65e60ff52f7,5c6e4440-a7b7-4d5b-baec-a422ba050dcd,2026-02,1,0.9968259019847765,0.9166666666666666
109223e4-954b-4fd0-ab35-a966c91df8f0,e2ee0891-8bc9-980a-ba57-b0a11ba15019,b98116fe-247d-44f2-b608-5bb481b84f9a,2026-02,1,0.9010011946144331,0.6388192166698823
0e35f101-eaba-4b01-bb91-4754ffb64b3d,e426d68a-16d2-9097-ff7d-ae2521fb52e5,9c588654-a04c-4dad-9514-9aff226de468,2026-02,0,0.4942867562816552,0.0
2d656a60-ac3b-46a5-a242-0710468b2043,e51d0052-6144-0814-9748-12b1e6c3b68a,dd53ac44-fa85-4d55-862f-21ef23300b18,2026-02,1,0.1713999473878197,0.2
9bce4540-35e9-42e0-b9ef-6aa7600fdc95,e51d0052-6144-0814-9748-12b1e6c3b68a,dd53ac44-fa85-4d55-862f-21ef23300b18,2026-02,0,0.1325990766860917,0.3333333333333333
19d48492-0c4e-4fbe-be40-70e17b0e9511,e54f192a-b17b-11b9-0448-1cf4ecbe5f43,52af2eb2-0f97-484b-aa94-fae6a75d64ab,2026-02,1,0.9924422517175788,0.8333333333333334
97fb9a15-5fc3-4fe9-a7e3-1cf64c0a4fdb,e54f192a-b17b-11b9-0448-1cf4ecbe5f43,52af2eb2-0f97-484b-aa94-fae6a75d64ab,2026-02,1,0.7792066648832796,0.8333333333333334
4f09b326-5791-44ff-9891-a7caf4453e11,e54f192a-b17b-11b9-0448-1cf4ecbe5f43,52af2eb2-0f97-484b-aa94-fae6a75d64ab,2026-02,1,0.598989519455028,0.8333333333333334
cd8a329c-3fe5-47cc-93b6-985d14a10120,e6dde6a9-4da9-d1a2-802a-faf5db207e8e,948c83b1-ecc1-440f-9997-479b290ef8a0,2026-02,0,0.20058740016662766,0.75
9879c6dc-a80b-41cd-9430-6d6950bce6a4,e99afa10-6249-3f5b-4364-da75f89e34f9,0299869f-22a5-4429-95e8-27424b5d4291,2026-02,0,0.3303857219680331,1.0
d3d29168-2e62-4c22-811f-0d2acd33508c,ea7863ad-a459-79f5-e28d-4311e51922c1,b73b9bc5-69d7-459f-84dc-2612341f024a,2026-02,1,0.7634390092687839,0.6666666666666666
d36e68df-99c6-41c1-93d7-e16530292bca,eb7de080-f310-4225-66d6-f15dc51fefcd,024b70d0-29db-40f3-a244-a9a228b5388b,2026-02,1,0.98528983349337,0.9
4f5647ba-229b-4c7d-a5ed-808e66b8e1d1,eb7de080-f310-4225-66d6-f15dc51fefcd,024b70d0-29db-40f3-a244-a9a228b5388b,2026-02,1,0.8781060508759063,0.9090909090909091
1c4b58aa-ad23-4e50-8f99-264de0ca0c22,ec6bd398-2413-2c67-18db-10bdd92ee4f9,83dd2c1e-368b-4c57-b9b8-fbcd6ae6ea9f,2026-02,1,0.9459450905525738,1.0
6fb8f7e3-380e-4561-b582-47a65a24f2c2,f284b25b-d762-1399-a12e-ba7ffa6b6f97,1129e54a-0b3f-417c-b6db-e1090df6981b,2026-02,1,0.985793492257976,0.38461538461538464
8c3a30da-2b31-4486-b2e7-195d810b8bb5,f2a00e3d-de04-40a3-6f41-a3ebfcab4a3c,4da78ee8-cbc6-4e20-949d-cf7237c7129e,2026-02,1,0.9743990791293498,0.8333333333333334
a2398b8c-69cf-412a-b0b8-e34645653df5,f59fa4ad-6dca-c7e7-d459-5326609a6412,22fa5986-8a5e-46e5-8860-bcd0d2050e7e,2026-02,1,0.961640089294659,0.6388192166698823
84a42acd-9849-4235-b857-0250ca6ee441,f6c5c3d2-ceda-6c7f-aa96-359c7dc9ee92,43ba38ca-08a9-4fda-9c38-448a30f1cbe9,2026-02,1,0.9869512016496681,0.625
9a770a32-8ee6-4de5-8ba3-9fa4494601db,f8723af2-2adb-2870-b160-e1ad562524be,a710a504-eed4-465a-8668-bc3fbe646e62,2026-02,1,0.9874088068588227,0.8333333333333334
ce543c1f-bab6-4f78-8aff-57a63e0ce67c,fc8a412e-e0d4-35e1-37fa-5f798b7dc7f4,ed381183-4ca6-4302-84bc-e1e05958ed09,2026-02,1,0.9610290270172391,0.875
127fb8ef-7667-4d4d-889d-5b1d13a416c2,fd1d6483-722f-9ff9-67bd-a98f7e3f42af,43eec801-0423-458f-8e6c-dcadff5fcaf2,2026-02,1,0.9886532816942625,0.7142857142857143
98636940-9de8-4e96-a571-7aae4a08efa8,00ff5468-3680-2a12-23e4-82855ab3c697,4b303935-cf4d-4555-a274-6c5947063ef3,2026-03,0,0.2128108252573866,0.5
0614f3b5-f259-4bb0-94ba-14bb462f670d,011b7d1c-5697-5394-c05b-fa0473640657,261c6838-0d2b-4ef8-b7c0-722341418ce5,2026-03,1,0.9751237087460259,1.0
214d5c4e-3100-444b-b978-6291d6bda8fc,024cbfa9-4c24-ccad-9d51-c10966293351,2a75ba7a-e5ca-4409-ae0f-8efe8993c4ea,2026-03,0,0.4579662460078874,0.0
6aa6e503-2067-42d7-a898-30bae139661a,0278721a-a690-833b-298a-16a351fb7a3a,6555e453-3efe-45a0-9b81-711fbf2d0726,2026-03,1,0.9991468003912825,1.0
f350efa6-e86b-4099-96c9-628fd3aa2aae,03ce56c0-8798-b95d-7125-311b80363e74,90df3267-4239-48a4-89aa-4a61e24239bc,2026-03,1,0.9492498880995404,1.0
ab252e88-12af-4f90-9558-8c5bd5b90149,04ba1c6f-6c06-819d-9ecc-a0c5f795b922,cbde9bdc-2d51-4e5d-a732-1df1160c4b74,2026-03,1,0.9849146608547885,0.7
805c2471-0111-47f4-9642-bd04c943b7cb,073e4bd7-f1f1-49d3-604f-c365b9952a6c,e70ad66e-a26a-4c8b-a6e1-9743710c50f9,2026-03,1,0.5628937163638085,0.6666666666666666
5484e830-52c4-44b2-a777-aa3e8b3daf24,0ea0c6d9-a99f-89ea-6b85-9ae409698bd3,9213b9cf-1bcf-41e7-a060-e578f718f991,2026-03,1,0.8583772016170095,0.35714285714285715
51ec7d67-3ddf-438d-80ad-beff64e71dda,104a66bf-0d87-2acc-ec03-a73d1c1cfd53,4285ffb5-00b5-43ed-8956-07fcaeccb965,2026-03,1,0.9918701142281308,0.8
a957e7b1-5f55-491f-b6f6-9413a7e2c095,10f3edc6-4b03-b82d-8df1-09ddaf031c0c,d0b11ad6-7841-48cf-82cb-55e373063fac,2026-03,1,0.9878222840285641,0.7714285714285715
4ab8b19d-d4ce-486b-889c-9b0e917e0601,11316c38-dc08-4983-3588-fcadd88bd5d2,597a1580-9401-42ce-a407-c9448d5017f6,2026-03,0,0.15455947240705298,0.375
dbb22d0c-2c57-4206-a772-68f68dac3627,11e96dd2-92f4-f793-56db-439d5b3de156,3f072df4-ca44-4975-9844-ebd8be4312e0,2026-03,1,0.970313377860285,1.0
1d7ced2e-c195-4bae-8efb-c98e9cbed353,122c395f-56fd-4482-fe33-7fa3c3cd30b5,45df567e-3c5b-4da3-8bfd-6605e5e6c7a9,2026-03,0,0.04896273653093981,0.0
53f711f4-56f2-424e-8391-70903f144ad8,1287ac56-adee-78b5-6a6b-56b3e8dd7d48,c88936bc-cb40-4598-a743-3c301dd4dccf,2026-03,1,0.9698396268966396,0.9230769230769231
7211a981-242c-4c42-8f90-3f04a2ef2bf3,1422ace8-beea-6d1b-73fd-1d30597b40d5,cc479b4c-9ff2-4d88-8eff-9314403f6113,2026-03,1,0.9872596640492111,1.0
4432da69-6e94-4fea-ba98-912a13a3ea61,146a8458-f956-54ed-317f-b99f7d16fff8,9698da1c-596f-48ae-8618-16b9c409f192,2026-03,0,0.07334967462137242,0.047619047619047616
5bb073d2-b8f3-4d98-a225-373312d98551,18788fe2-f6a2-826e-2199-6cec118c6d00,6a5d492b-8175-4c5d-86ac-ff94ea72d963,2026-03,0,0.06968112039759937,0.09523809523809523
8874e09f-a877-43a5-b735-230179b663ef,18d86801-3cb7-11d4-8b9d-433429296014,9c5f6705-4936-4bf4-91d9-8bd75b4c341b,2026-03,1,0.9872481990231586,0.28
82812886-de24-4256-a631-256a2cd84917,1932ea80-c6eb-874e-eca8-12410fa7a608,7ce79ba5-79fe-49c0-9e0a-2ace149ffbd0,2026-03,0,0.03334041682984643,0.07142857142857142
d63c6a6a-3955-4922-8bd8-548caa52bd48,1a171004-7682-1c39-e6a2-758b668c33b0,d700c1e9-4564-4c4d-a800-2b6d68e962f7,2026-03,1,0.5837689372180618,1.0
a4f83b2f-a8a6-4216-95a7-ea12049f83d3,1a3b6c74-26e1-7124-0b5c-7f783d71624d,3aaba622-f423-48be-b5c5-5516fd1498a3,2026-03,1,0.3978256324366363,0.5
e619cc42-3685-4d79-8262-4e7f5ab091c7,1b003ea3-bdcb-0416-c3c2-8ff60f2f65f5,419e1438-3ed5-4447-9f4c-68505b3371d9,2026-03,1,0.9964538794593539,0.9
7e48f2ce-6dbe-459a-84fb-edc8feff4b8c,1d4c0119-5151-7a5b-2266-f16e44f67157,55469cc1-579d-4801-bbbd-4f113cad46e9,2026-03,1,0.9978914616764522,0.875
fdb5a1fc-3896-4732-a0ad-86c5ea2a866f,1fc0c3bb-f35c-8d5d-a4fa-a9c1723cd8ab,daa4363b-15ef-406b-adb8-5451eb652e2d,2026-03,0,0.35068468088708166,0.7647058823529411
63ed1d30-7ca2-47d3-a157-3b2a1f537f18,21e237d1-286e-324e-0cef-45725d629768,a6e807f3-afdf-44ff-b5cb-81a3f0906217,2026-03,1,0.9905633519486591,1.0
253d28cc-8ed7-4e84-9bba-7ebce683faf1,227f376b-633a-5615-5670-c29559d0a08b,b98f8c1f-f2b7-4f45-a583-7bb76e52c466,2026-03,1,0.9965289962053794,0.28
8274b317-41f0-470f-a836-b7133266b8bf,22a9494d-0e02-6fba-4aee-7947f1e6110b,a9694079-2985-486a-8cd6-bd3243751b22,2026-03,1,0.9990737205494853,0.9444444444444444
24b917a4-d05c-491d-9ab0-2368f64114a0,22b0be2d-52c5-1127-642d-4f1083b404ca,073645a4-3ce2-4cc7-96cf-54d0f49f2353,2026-03,0,0.1990837197249615,0.3333333333333333
3491c3f9-8ed6-4b89-a763-383dd7ba3599,238b347e-e7e9-b1a3-31a8-a2f8fed99f55,3d2bb31e-a4e2-4d67-b934-8fbb641505da,2026-03,1,0.9988527166158255,1.0
050d7ca4-e710-4e76-93dd-9758fe714af4,23f7ef5f-6b26-a104-b616-b438d7e9243c,8cada743-d341-4211-b2f2-094d551e9ef3,2026-03,1,0.9881461245897425,1.0
7de62435-013b-4cb8-8644-d08e947206eb,251051cf-e3b5-5d37-918f-bf22b4875790,05a7138b-3291-401c-b2bf-28981d85d111,2026-03,1,0.9989544391954305,1.0
a49c1243-a802-4645-8324-26718604dab0,25aa2406-e171-b558-8249-7a525d126d8f,a0c56020-2eb8-4b3c-80a2-f837b1555d64,2026-03,1,0.9823967495705012,0.75
256e413f-6849-4d5b-a77e-fe93b68b2cfd,2631ddfd-660e-8719-1876-82cf88e13a60,0c8b2433-3b52-4a31-973c-d1049e2367ce,2026-03,0,0.0444379274284031,0.07692307692307693
62c25c17-588b-42f0-923e-7651a343d21b,26b16f30-da65-8aa3-d1ec-4867ac2a8f35,55c869da-c670-452e-aa98-469528be9efa,2026-03,1,0.1784919633039364,0.5
f4a697bf-51d1-4f32-84d6-04b86423962b,2794ccf7-4966-f00d-35d6-34ac17db73ea,29309a70-09a1-4c35-b877-ca27b04ec436,2026-03,1,0.9925246214891811,0.9166666666666666
a9c74e25-1236-494c-a4c6-7137b18474ae,2ac2da6e-0954-f906-32d7-a1f55477c590,7c23b4a5-63fa-47d1-8211-a565f6ed8ee9,2026-03,1,0.2130671682388601,0.5
a7b580dd-59ef-4a5c-afac-85122b5577ad,2b785f57-1c4f-d4a8-d486-b69e7b2db5bc,3c7ccdf6-cc34-4475-9b15-a0933043ad80,2026-03,1,0.9922880798436972,0.9090909090909091
7e440686-41a0-4c0e-b296-8a3de1d0b31f,2bd67002-1f8f-faff-efc5-5063dbedf10f,fe2ad17f-410e-481b-ab4d-af0e65a40934,2026-03,1,0.9856598676421227,0.8888888888888888
22d5edd7-bd70-45e3-b65d-96d6372c7981,2c1980eb-be51-916e-8f61-1e8fe83afb0c,345fd782-4252-4f02-958d-3531a545878b,2026-03,0,0.19853073107147268,0.8571428571428571
ce7faa10-328d-4e92-b7cd-48c5d66b45ac,31f3f7a3-5dc4-21cd-ba54-b41347a7822a,2d403254-d4e3-484a-ab66-492809785e47,2026-03,1,0.9886710528946421,0.7857142857142857
c12f1882-8f43-477d-9eab-a260ab0b774d,38069f8b-d44e-0b86-a0d1-dafac5ae1232,0bb006a6-102a-47c8-8091-3f3a4bc5731a,2026-03,0,0.055421806465574895,0.10526315789473684
3a667bd1-ebfe-47a2-95b8-92bbc5f481a2,38305983-db92-2c3c-7949-96f7ca7833eb,f9922902-5337-46f5-bf1f-7d8982a685af,2026-03,1,0.5103393270457257,0.0
0fed8160-2329-4892-9df0-10dd6bc41652,3b02f95a-b47e-1037-4f8a-f2f31e35c98e,ac6b528f-3e64-4f40-a65a-a073b663edd0,2026-03,1,0.9990104979627746,0.8333333333333334
09ff6868-c7d6-4731-ada7-366bbb5e48c6,3b27dc97-dafa-0480-7b61-5549a3ea7eee,be99f7a0-c9f6-43b6-9cc5-04577043e0bb,2026-03,1,0.9991267358313338,1.0
1d8211cc-e4cf-40b0-8e54-3616650187b1,3b48ac67-d1fa-b227-f284-5da0a25e5ac0,a6ebee32-e984-46da-929f-4e1c0d37ccef,2026-03,1,0.9938334251376901,0.8888888888888888
561d75f2-1d97-445f-8799-2308900980b9,3e50af3d-452f-d098-b3bc-3c2a64576d55,288569c1-8892-451c-ae1f-6ccf0c41daa4,2026-03,0,0.3970514723492652,0.3333333333333333
f64a8633-7921-463a-9e75-a7a996758e8e,3e99437f-aaa3-5ffe-27bc-cffb9898080d,84ed620a-626e-495a-895b-488a5812e183,2026-03,1,0.9765112718970912,0.5555555555555556
674433fc-79d3-432e-8e9f-0a50bebc2094,417cb75b-9992-4df9-28ae-ad4d2313621f,bb51f6f8-2b1a-4e9f-b3e3-16a942773d8e,2026-03,0,0.46083304976974965,0.6
d433fda3-2106-499a-8f09-9be771a9f1cb,43774f3c-9ce6-fc78-7857-b8607c3e1966,db615118-b5d5-48fb-aa2b-90a5dc340c0f,2026-03,1,0.16555022560576424,1.0
e33068c4-359a-4cae-8865-b9542bb36f80,4505ca5d-0961-03c9-5943-ffda2a5ae270,0f6ef705-bedc-4008-88a1-8c600fe56c57,2026-03,0,0.14952317258971848,0.16666666666666666
214f5625-e971-4641-ada2-ece886e1ad20,4628a4bf-d4c5-9e5d-471c-271b9f3e7d03,460261c6-c1c2-4654-81fa-19637f3602a8,2026-03,1,0.9941117450576212,0.6
7616e43c-8cb2-4cb3-b02c-914f9768748e,491b8136-32a1-37c5-5253-b53ff3991d86,db02e562-aa09-448e-9187-bfa7c3788aca,2026-03,0,0.4695685094626433,0.75
ae9ac8eb-646f-4d90-a1d3-8db30baccb8f,49355947-7605-ec5f-7d81-a6597f38d76b,0318d74f-95a7-4ced-92bb-ded9eb88d273,2026-03,0,0.06167660458331493,0.0
b6448807-1a90-49d0-b3b8-dec32def5ef1,4bdca5eb-f197-a87d-d26a-c63a9b3298a1,344e766d-803d-41b0-9ead-19b02ad20786,2026-03,1,0.5355058974713367,0.125
0e58bb64-029a-47c2-8f41-4156a6dbe12d,4bdca5eb-f197-a87d-d26a-c63a9b3298a1,344e766d-803d-41b0-9ead-19b02ad20786,2026-03,1,0.8740835545618133,0.2222222222222222
d240a54a-6901-4eea-bce1-f577bbdd732f,4c4ad4c9-59bf-f152-d0ff-6502ec564cc9,91e9c4a4-cf9f-4ea2-bbce-8ca8d01150ff,2026-03,1,0.9860583804979505,1.0
5b2df341-8d0a-40e9-8de4-d5772154f7c8,4cf13b7d-67b4-87af-6795-b532998a9b0d,924c2996-22b9-4f75-a760-a40afe04263f,2026-03,1,0.9986943129827421,0.9545454545454546
f2189300-37e9-438a-8cb1-3fd9818a5cca,4f75b0ca-7bed-c37c-cfd4-1e361a1bb6d4,94474160-d37a-495d-a16f-f7280c3b7a29,2026-03,0,0.10438626120026265,0.2857142857142857
74c46c3a-eabb-484a-b7ec-71067186be2f,510cd475-6538-7d02-413c-1a0f553ba4e6,26a0a5ca-7623-4406-8776-15d57ccb11fc,2026-03,0,0.025952580140953974,0.13333333333333333
40f0338d-91f2-4b96-a1cc-b992b3fada44,5115834b-41f7-ba99-845c-e46780a8c7da,9ae6a01c-a37b-4aed-858c-91ea566d38ab,2026-03,1,0.9938517771621229,1.0
7b983a28-82d0-438d-a9f8-7b275ba3fe21,5115834b-41f7-ba99-845c-e46780a8c7da,aad07001-80a0-4f08-982c-ef64795d4775,2026-03,1,0.9758752938277823,1.0
3be71b4c-0539-4aa5-a220-26f13b76ca6c,51403227-2816-46f5-cdc7-feaa35b7c061,879a2c88-0d40-4f5c-8c97-44596d6d79b6,2026-03,1,0.6257554104909885,1.0
6b78b36e-d58c-4027-b98a-4464d3a850dc,53c9ff97-f078-6148-923e-9d1a21b9bb60,91ac3395-115d-464c-b811-f5b619028011,2026-03,1,0.9208692685444967,0.625
936b2868-f4cb-4e31-a0df-6f26b80dd85f,55ca6f7c-112a-ec33-7c1c-987508bc9e41,3820ef49-8442-45ed-aeee-6a7a0cec9205,2026-03,0,0.0403381727766496,0.08333333333333333
57c5cdf2-f21b-4546-8f5a-e5f7f199930c,55e779dc-a32b-2acb-173b-7de67750927a,5dac2237-5cf3-47ca-a63e-d32f16420f6f,2026-03,1,0.3930765425332894,1.0
5720bae4-b1b2-4691-bcea-bf30581dd9da,5925134f-40a7-6834-930a-b8d6906bd2a4,73f27fac-554e-48b2-b97d-1d42f202ef3e,2026-03,0,0.2961470613750368,0.3333333333333333
5b3f2c99-baee-4bf4-98c1-c5cc5eb2446e,5b45a840-9d6c-242e-0e2f-2e2c972c2eec,1b8d196c-a429-4d7f-823b-82a43769d60d,2026-03,0,0.07157195518933715,0.0
ed7983ed-0d60-4ced-9182-33ba55b2fe42,5d4122d1-48a3-607c-cb72-e1956caece73,0ab4614a-82b3-4810-b877-e696de754080,2026-03,0,0.13215278737024175,0.0
6814fd3e-3536-498a-b45b-0c0a2fe276fd,5e901269-d116-cf62-7661-df859f5b02dc,a15489ed-053d-4793-b95b-de0cafc05473,2026-03,1,0.9967380454361567,1.0
1c1a6c21-2a8f-4e5f-b8ef-99905e34a41d,5fa2b264-379d-b6b2-9929-86237eb38f30,a3dc9118-c86d-4044-9933-2e34438e1e68,2026-03,0,0.47383071348321665,0.6388192166698823
f8fb890b-ba77-4492-8707-8eed87562ef7,5fee0a79-3970-704a-2332-f7c7598e86c1,fad9c620-d9d5-479c-981d-4bc0521c94bb,2026-03,1,0.9908856951889953,0.6875
4b032437-251c-4b1d-9780-9076e4e220bc,61031b0a-ef18-26aa-64b7-d412d7b3d276,99eb3f32-d53e-4470-ab2a-09ed6e9b3872,2026-03,1,0.9825231429729644,0.43478260869565216
6ac0a28f-9234-4d0e-8e04-db2a33ee33a3,6162731a-4a9c-e887-e586-1ea574985777,f2f4757e-a36f-4615-8d08-78e18eccf3b7,2026-03,1,0.9870921458488365,0.5333333333333333
2cdc08a6-f48d-4163-94eb-f5a30f1113bf,618f174c-7c45-cb54-907b-cacc78483918,19cc5bbe-1012-4cbe-bea4-9ed7f1aa163e,2026-03,1,0.3790930919302144,1.0
33bbd4e7-08db-425c-a5f2-52e21baf5d24,630c8120-bdbc-832c-24ca-aca9e6b49891,cdbd0a31-d685-4189-af7e-25c08d80399b,2026-03,1,0.419140554112826,1.0
f471106b-dfe1-4a3f-a378-aea3eb070b86,6542b72b-196a-4538-a690-2db7cc212936,ad2138de-e1c7-4dff-92d0-7f9ade15e56a,2026-03,1,0.9876044580760311,0.8888888888888888
8fa87e0a-fbf3-47df-a252-f7a3a3e33c43,66fbcb59-3d06-d8cc-b1d5-53f38a599207,b6b48bf2-25a2-4810-9338-b1847a53c5ed,2026-03,0,0.03280459031768342,0.14285714285714285
20ef4881-2e3e-4787-844f-59adef78ed98,6ce85c3e-5f40-4297-8c38-22ac7432420e,43dd8c38-f19b-4e75-a934-ec4c973686b9,2026-03,1,0.9995711967391058,1.0
f1b59871-cdf4-4931-9913-8752cc9ab7d2,6dd50e39-9843-4442-cc09-3b49fbe97fb9,874b3b50-b801-4e30-a0a9-808746433886,2026-03,0,0.029777219241576856,0.0
4a4cad18-4185-4b43-8860-9dcec22fc9ec,6f622055-47c5-9b2c-b332-2d5d01953e51,020b9ca6-f237-414a-a692-e254856c4cef,2026-03,0,0.28388653117398227,0.5
f55642aa-b75e-49bc-8df9-6f61fb0c911e,71afee6b-f2ab-0218-c8a3-84b8ca8ed21f,4911da55-b10d-4ff0-811b-eeddb6a48ef5,2026-03,1,0.8246195265449309,0.2
e8a4676b-cb58-40a8-a87b-6e7d07691237,72ac33cc-b9b2-9cc4-47fd-d37096c8f30d,c7f06da4-2365-433f-adc3-9f9169263644,2026-03,0,0.15692969952686237,0.0
506fb3d6-2363-42fc-aecc-bfde8e416c0a,733dd472-3b1e-dd43-76e5-082ddfe66c5b,43058d1d-6ce8-4ad0-9f04-48ad2efa67c4,2026-03,0,0.1226828246304097,0.25
3afbe555-e6fe-4c4a-a425-ac950b52c33c,73715344-908a-b7fa-00cc-34358ffb16f0,3aabe842-7390-4208-9bde-936af6f8b658,2026-03,0,0.25161518848426767,0.5
98363a65-8bea-4c8f-a53d-96ab458d6941,74c6b975-b0ab-c8b3-8acd-2cf53597a72b,ea40fdca-3e27-466c-910c-99fef52b75d6,2026-03,1,0.9952124482872052,0.7419354838709677
cc8a8429-b760-4a68-9865-2cd3109b6cb8,77dd12b8-a20b-05c8-2372-79ba1b1624a9,3ca315cc-b9c4-4379-be8c-c2df8c0e42d6,2026-03,0,0.02757606007145486,0.0
446c244f-b5a6-4502-bb3b-10ef116c1d1e,79d4d3fe-73c5-a965-030f-c60220ee20cb,ed99994f-80a9-48cc-afab-45db09c246e1,2026-03,1,0.993972018808786,1.0
85d0bdcb-a7de-4ea9-818d-e3f28b183234,79e31f6f-69dc-a40c-27d7-3f076878f83c,a0cd9c66-c067-4001-ad7b-586b6c15537e,2026-03,1,0.9730586240758533,0.2
57f635e9-fb10-4846-b3ca-b9a122f5241f,7e2a1e58-e10a-4352-ca15-59fd22f2c07e,0f7ffc2e-0a2e-4aff-92cd-c4f4478f694e,2026-03,1,0.3404519859489867,0.0
f742fbaf-b330-4e5c-8071-f5d3def440f0,8123af5e-305b-80f8-20db-4d54b7f628c7,e42d2bdf-7c18-4bd9-982c-de09a231f52f,2026-03,1,0.9930940810046543,1.0
3489bcd5-ebbc-4a7a-a096-45b4826baa6c,82be44de-b1d6-4e48-e6bb-33ec98b83c7d,6edb4981-c302-4992-b7a8-e24912892b61,2026-03,1,0.9515828052031959,1.0
15c5db9b-01f4-4311-850b-b84a09b06884,8334eb99-0bc0-3c80-9ff8-83bea3d7b5ef,cae46a0c-8545-4ee9-ae5e-3f94bfa02442,2026-03,0,0.06744196384276131,0.25
bf952b0a-5bce-465b-ad5d-149dcd5c5e9f,83af11b3-a274-7404-3265-ec658f74f8cf,a592d732-fe7f-4bfa-841d-7433e477f43e,2026-03,0,0.23392234331105544,0.6
fb994d08-9c69-48a9-9d03-9de2fb21b3c5,83f51f9d-9d36-eda9-e7fb-5b1badbbd5d9,2f49d447-f15d-424d-9a7d-be051dc880d2,2026-03,1,0.9720687648560417,0.8571428571428571
eb4c352f-6e02-4f25-9d67-adb6d2bbf228,854c86e3-8b7f-0ca8-f4ac-c6a073699611,8db9e51a-5204-4143-a5a0-086b8cd03403,2026-03,1,0.9995266952892918,1.0
5b645b51-e74e-414b-aa41-0e468fdb5f13,855f3f6a-72ae-46f4-4cc2-a9a0d5df5b70,9131c211-f95d-4213-9955-02879ced6aaf,2026-03,0,0.04806269344652125,0.06896551724137931
4842cb5a-ef2f-43a8-8961-af630a84736f,86cd2239-fa55-0389-437e-e8fd505dc931,20d5e9a6-73cd-4f5f-9b27-ba9a13e7864e,2026-03,1,0.9512962256734445,0.42857142857142855
70cf7a5e-20fa-4aa5-bab2-6d658aaaabb9,87a1e515-e2e0-110f-05d1-04f5a83c066a,a089c1bf-e6c1-4700-b4bd-52304e5c006f,2026-03,1,0.419140554112826,1.0
aaffab88-a70e-4a38-892e-8c7115fd6686,890b32d9-f754-8150-5a18-8a21fcdf3828,badc4f52-9209-4008-bcff-ed3cf3a3726f,2026-03,0,0.43067409820208574,0.7
c72d6276-5499-40c5-84c4-a12b684e7770,89d188b4-94a9-2f97-e068-155ed8ec3f5e,9ddc3b2e-3ea3-44e6-b674-4cc843ee0e0d,2026-03,1,0.2823175772158702,0.6
19b4cac7-990d-4e12-b724-ba0a6a891644,8aacbc78-5e56-b3c0-f8bc-fcb5490b94f3,d06e259b-0f3f-4c09-bc77-00ec39ab5924,2026-03,1,0.9946918755434281,0.90625
ab9758d9-8c32-4001-a01d-c64428f3233d,8b48adf3-c14a-fa6d-9785-b4bcb35f8fbb,656473e2-7641-46ed-9ba0-9fa996a8b682,2026-03,1,0.9891103990888412,1.0
e2634321-7b39-4a26-8849-c90c7f037d40,8fd367e7-7404-4ef6-530b-a40219a48f1e,de3fc75a-dc8c-4bfb-b959-494a94a5d287,2026-03,0,0.29495789787412013,0.5
07d1a587-d2f6-4670-b3ac-204af055cc92,93eb3d6a-d35b-ef1f-83b8-7430b6ad1674,c812ba7b-6318-4ce6-b0dd-78749fff30e5,2026-03,1,0.9894152300680382,0.43478260869565216
c65283ed-680a-4b3a-808f-99e083b0ba2c,94a44555-23ae-3135-5416-01dc72f3397c,bd4e74fa-afbd-42f9-bf0e-26b018e644af,2026-03,1,0.9968149466338823,0.6
ea46797e-e9c1-4d73-8e97-805902810061,950dd22f-78fa-d205-48b3-fe5a5cc7438e,62887698-aebf-475f-9c98-0a212110dd24,2026-03,1,0.9944372265337645,0.8285714285714286
d5b59a6d-079f-43b8-92d7-ad4f802281ae,9541a16d-d020-eb78-80f1-a4a2d4b7775f,bf9b5cd5-13dc-4229-9b7f-2fd8541f64b3,2026-03,1,0.9151014476026478,1.0
651a535a-1cf2-4764-a8e5-64c18aa2185d,9653a402-ff75-bbdf-8cc6-1cb0ca01f233,81f71080-dac7-40e9-bb6b-3526cdd47015,2026-03,0,0.13805156366617374,0.17647058823529413
d669f355-19f9-405a-90f8-01e2c48bd7e7,982397b8-b96b-4d87-eb8b-62916e148d45,e053e915-af46-443c-ae72-9afc7fde4294,2026-03,1,0.988179643291366,0.8333333333333334
6dd0d777-768a-4224-8f8d-8b7fb588d442,9b3925f8-4a9e-4735-7dbc-bf5a8dfff4d6,4c3b1aca-4db5-4dbe-94c8-4acaa07739cc,2026-03,1,0.8094346750052559,0.4
f8178e13-e149-49a2-8430-5ab36e80f228,9defe9e8-4059-ba6b-5abd-0d1304e73008,f56bff0c-85b6-4ece-9597-a0712f4e6908,2026-03,1,0.9907467830914686,1.0
d5b1a33d-b6b8-4c34-8b35-2def3e696085,a4709d2c-85e2-3d68-7467-1eaf879ba2c9,a38411a4-41ea-4525-b071-7072a55c3975,2026-03,0,0.27125803041886637,0.3333333333333333
e24104f4-733d-4a2f-a973-695a87ea56f6,a4ef95bf-1c7c-4c4d-0497-ae38085af6cc,22638b59-a59b-46e7-86b9-34c7ea2d2847,2026-03,0,0.5227138995700277,0.6388192166698823
a2615762-8dbf-478b-9126-e6084fc1e66b,a4fda539-b878-9e2f-4784-30335f386517,88123924-7cf3-4c60-b7ea-b90a9b780b9c,2026-03,1,0.5947463065670076,1.0
570cba6f-7c85-45bb-bcd1-b9d27a83a295,a6037691-771e-8146-3714-f9dedb8acbcc,9b2b3fe5-0f02-4525-a84a-61d6418d0fa4,2026-03,1,0.9608145457488056,0.6388192166698823
736aa5ae-bcad-41b4-a1e4-aecd40a8f8ca,a7798da2-f8ee-1840-a1f3-f29a9e764b97,9ffe9701-32ac-461a-b5a1-8bb653d34a4b,2026-03,1,0.9990870616936919,1.0
b944cad9-1436-4ffa-a97f-4c2ac8f28b28,a7dadee2-80e3-eba0-084f-5f1847bb3aa4,a2b0ee31-8c68-4f88-82a0-a97f2818ee85,2026-03,0,0.47301086664427916,1.0
d012fe19-dd25-40fc-b2a5-7b09bee0ac29,a80f0ed1-4b00-bbc6-7203-370029c6bb04,780dc984-9bf9-4aa8-bc3c-227a2829f184,2026-03,1,0.9424342203413513,0.75
921ce2b8-1121-458c-8b06-51ceadfb8d98,aa88d180-8c53-dbe4-70de-ecf38130d3ce,ac2059a9-ac22-4c7c-94a1-cbc4cfbeb93d,2026-03,1,0.9359871120158413,1.0
367b0cc8-bc84-47a2-85f0-71e483ea4df6,af12a12c-92bf-088b-3073-292fe4dfc478,bdc2c4ae-b9b2-4aa7-b8bd-01fdd0145e27,2026-03,1,0.9932968695596648,0.9
df88f79b-b75f-438a-a3ed-28504be31686,af8d560f-407a-4e9b-49e9-88f54d8671f4,56e6630d-239f-4544-99e4-87ae533ed05a,2026-03,0,0.07636766981603592,0.0
07a25c71-1ab0-40cd-b198-169aff0bcfef,b0348aa8-ad9f-d0dd-94e8-c71a6627c930,db9ec732-0eba-43c2-8e97-5e7a05e17561,2026-03,1,0.996892511716177,0.6428571428571429
07e9c8cc-1115-4a49-adfd-282427ad4d27,b0a6f0b5-9fd8-112e-2bfa-24fa8a25779b,f5dc7322-00ac-4867-a914-e2bddeac9a0f,2026-03,1,0.9758960305769778,0.9090909090909091
b1e6a7f7-1646-44da-b981-cf122925786c,b111e4dd-be1d-2c79-3945-480547761b5f,1e0bb8aa-b4ea-473a-90f7-c89d96df2323,2026-03,1,0.9287812026772434,1.0
786121d9-88a9-42da-ac08-f6b922c02b7d,b19dfc6c-a5d5-734c-3d3d-6389c281b3bb,2ddbff71-425b-4f25-a932-e1bf574b2035,2026-03,1,0.9964068266490945,0.9545454545454546
3e8c41df-1ea2-41d8-825f-7ba6b3528a27,b285539d-6e4c-f6f5-ee68-2dc683541067,8199be90-a807-4cdf-9133-819a6efc1905,2026-03,1,0.9981861961003795,1.0
32b6e5bd-a0f1-4976-a904-ae1752a563bf,b2f85d5d-acf9-7c53-dc5b-0d3b67b462c5,ca99fa52-1a9f-4d9c-809e-b7b9c30d2129,2026-03,1,0.6665660265974405,0.6388192166698823
a66b7d25-e8c3-4828-afe0-4a9c8127ba49,b2f85d5d-acf9-7c53-dc5b-0d3b67b462c5,ca99fa52-1a9f-4d9c-809e-b7b9c30d2129,2026-03,0,0.41095018385452786,1.0
6895d16f-e853-4195-aec8-f052346c9e5f,b4a50439-db13-dc26-d980-eb079b321460,902fa4e5-f7dd-4671-9d39-6516ba2e51d8,2026-03,1,0.9910855165830657,0.8333333333333334
0e2a0e47-b149-4565-b132-37e1f892df4a,ba8dd5e0-ed0e-8b6a-7098-2732476feb31,31a1c073-bb44-4019-8548-0c5a8114de7b,2026-03,1,0.8999828233398647,0.30434782608695654
2d78db42-1c20-4f69-aec0-07371144d8de,ba90613b-fe14-4fa4-d646-199878d3f058,9c29f798-675e-422a-b4fa-e91d17f84eb4,2026-03,1,0.9955704001437434,1.0
34f86b14-f6c6-4a08-bed5-6d6922bdc1db,bcf8ffc1-fd5c-f6ab-0453-7a73c73786dd,d1981985-ab9a-4777-b85f-46da934e391c,2026-03,0,0.06312226874553395,0.047619047619047616
46a1a133-e4bd-4c3b-b01b-0693e2b4fc67,bdcc24e3-6077-3ea9-b25e-2747d0f07be7,34b48e10-aa34-478c-954d-06259adb5384,2026-03,1,0.9970162372260856,0.46153846153846156
fc0f2dcc-f416-4510-9fc4-59cbe1fffafe,be68c44d-d4d2-478a-7b1e-c9c3fefac406,c6bf983e-033d-46e6-825f-5620364a403d,2026-03,1,0.9359887864464236,1.0
2617cbc0-68c3-44c3-973b-4ee8aa1a22cb,be84008a-74d3-3cc1-6fd6-bcef998f7bff,4ab14a0f-9437-43ed-9504-94985a2312ab,2026-03,1,0.9977368326542726,1.0
05db343f-f261-4126-9f53-35c78386e97a,c02eb961-2471-c285-9c28-fb9a12aaf70a,c1c258d3-0750-49fb-8d6a-a5a84de41974,2026-03,0,0.9793247545383719,0.8
aa59c72c-fc29-4c06-953b-1d0110dbdba8,c0791d4c-9325-bf1b-30af-7af648c26338,c55284ff-f120-4606-8d96-29c8ec1ce454,2026-03,1,0.4807511358730768,0.5
90bbfefe-bf6a-4a40-852d-8f09a6f89af2,c09e703c-d287-38c8-d1c1-239145e17df9,d60bf084-22b7-4aeb-a8fd-b48b4786c6fd,2026-03,1,0.9974261428356995,1.0
5b718af4-e4d0-4a1e-8ccb-f9a5e29c586b,c2329858-525d-2f70-5e31-bf9a8358eb3e,956b173b-5f08-4c46-999e-d04c26cb3609,2026-03,0,0.1422209979854492,0.11764705882352941
389c0d82-bb17-4e7b-b403-71e45c432049,c39e5b6a-5497-09b6-25cc-89f1ea8a608c,014f81be-2724-4302-8681-1c89fa734cce,2026-03,1,0.9897991084584765,0.8
fadffb0f-70b1-4ccd-92a3-ac5e1588ac0d,c3c77367-5f51-f7a7-e667-0e3480f53751,1d2dab29-e24f-4dd8-adeb-4c7b2bd792e0,2026-03,0,0.1784919633039364,0.5
fd4f3d2e-b2d3-42da-bff5-e62d9aa217b9,c511ac63-cb7e-1453-92d5-ea4ffba1c360,53bd63b6-67b1-4de6-94a4-66b940e4e20a,2026-03,0,0.14553586730952137,0.42857142857142855
5483a9d0-9038-4348-ac34-f72542c94316,c675e97a-0958-0695-90b3-49311eec8fd7,f3d5faeb-a060-4d56-bb7c-559d3f157f51,2026-03,1,0.9780979484233697,0.7142857142857143
35e0c3be-2b03-4323-b0c0-da912374cfcb,c7e6aeb2-e9e9-328e-5313-6707fdea4eaa,618077c8-5dec-479f-834c-c71ced52966e,2026-03,1,0.9330289002671456,0.6388192166698823
a6b5a544-6b30-4f25-b1af-4d758d435b30,cd2c3f97-4df7-b32f-d0c0-12031beae516,1265235c-5696-491b-925f-044ee29ba97e,2026-03,0,0.04593918271196999,0.08695652173913043
a9893063-b1ba-4045-9229-9d2021b5972a,cda37b51-1bbc-af0d-a560-49af88fdc751,467a4a8e-2db8-4bd3-a0b3-e4d37731be26,2026-03,1,0.9835833432372852,0.7222222222222222
3fb564c5-41f2-43ba-82fa-249f9ea7efcc,cf1318a5-0564-4af6-d90e-c3e76de1ef08,5268e485-491e-40b7-942f-61c133c796bb,2026-03,1,0.9986980190880199,0.9655172413793104
ecfe71f2-529f-48a5-8ca2-82dc87aa06bc,d178a884-0bd1-601d-4cd1-042bac71c6db,f775eabb-5fcf-4725-8ffa-808159d48485,2026-03,1,0.913220596323692,1.0
2b908283-682c-40e6-804a-b516b5e03b0b,d225973a-f437-d98e-4e24-0fb32a7bfbe8,0eaaeaef-9e94-4d72-ab6c-6f4fa8a5eb26,2026-03,1,0.9720779575133475,0.75
8297b69f-fae2-4f19-be76-d8dc61585df8,d257c87f-0e42-048c-8409-362e925d86fc,597c2d33-b758-4acd-811b-c7b22289dcbc,2026-03,1,0.9993617997192797,0.9130434782608695
5b164563-f7a4-4fcc-8651-d3aaf474086e,d497808b-36e2-ea42-d247-85b4e409078c,959010dc-2b21-4db0-bbcc-902c491be61d,2026-03,1,0.9663843911500799,0.8
985227fc-224a-4df0-8552-b1fa158b41fd,d6268133-5904-3e9a-6956-9493d2f78a1d,0dbd34ff-df20-4e27-a2ad-bcd09666d64a,2026-03,1,0.8258708570202105,0.2857142857142857
f451ad9d-6f1a-4eb2-b507-f797ef70baf3,d69476f4-ff97-e238-b732-85cc4b70703d,6194596e-7834-47cd-88c4-b13082ada4ee,2026-03,0,0.3930765425332894,1.0
b7dad5be-09de-4df4-80ca-c96fb28469c7,d6d33436-345a-e39c-9f8d-91c76dca514e,1bb08655-ecc9-4795-8186-bb34f130a593,2026-03,0,0.05539090930587622,0.125
046484f9-de77-4366-86ab-231ecaceab99,d751c131-c1c9-4f5c-88f8-7e4c6cb710b3,452510c9-42bd-481f-b8df-4cfcdf59bb2f,2026-03,1,0.9607763379312408,0.6388192166698823
c6c50f53-aacc-4264-9e6d-9ec8d910d7f2,d751c131-c1c9-4f5c-88f8-7e4c6cb710b3,452510c9-42bd-481f-b8df-4cfcdf59bb2f,2026-03,1,0.1190496007442398,1.0
fbcc34ea-4975-4cc8-a61b-058fe3cbbdd7,d77b5c1e-605d-6795-5eee-1e2f9b83e069,ae68c045-42d5-44b9-877b-34c32d98fdbf,2026-03,0,0.48642167185090845,0.7777777777777778
9b60cdfa-fdbd-444e-a03b-fe6598ac12f8,df5ea39c-c069-5211-271d-f0d3831adefa,3394785d-ad9b-442e-9c87-3ab4f47b1876,2026-03,1,0.8362590383495864,0.4857142857142857
8024c6c2-fbd9-4134-b881-620e639bc02d,e093abe2-fae5-a599-2ee8-ce612d47e63e,1dcbdc90-610b-4530-a9cb-a032f49707e3,2026-03,1,0.9997554387071257,1.0
e69ddbbe-534e-4b6f-bab8-df5a49266321,e17238d1-34ce-0cbb-4dc0-f65e60ff52f7,5c6e4440-a7b7-4d5b-baec-a422ba050dcd,2026-03,1,0.9980669813931949,0.9230769230769231
b2907c16-ace8-4f50-b320-fd310db81195,e2ee0891-8bc9-980a-ba57-b0a11ba15019,b98116fe-247d-44f2-b608-5bb481b84f9a,2026-03,1,0.6257554104909885,1.0
5b390033-332f-44c0-8dc9-a2a83daa636a,e426d68a-16d2-9097-ff7d-ae2521fb52e5,9c588654-a04c-4dad-9514-9aff226de468,2026-03,0,0.15726483774314998,0.0
822dc9c1-2ec7-4c92-8e94-149fc8894ff7,e51d0052-6144-0814-9748-12b1e6c3b68a,dd53ac44-fa85-4d55-862f-21ef23300b18,2026-03,1,0.30510086841128614,0.2857142857142857
056bfb85-9bae-4c6e-9506-d41f30f7645b,e54f192a-b17b-11b9-0448-1cf4ecbe5f43,52af2eb2-0f97-484b-aa94-fae6a75d64ab,2026-03,1,0.9192469675456479,0.8888888888888888
cc489497-b8ac-400f-8653-a10b6cfdbb14,e6dde6a9-4da9-d1a2-802a-faf5db207e8e,948c83b1-ecc1-440f-9997-479b290ef8a0,2026-03,0,0.6404132270455015,0.7241379310344828
3e8270c6-a867-4973-ad9c-130c170d7457,e99afa10-6249-3f5b-4364-da75f89e34f9,0299869f-22a5-4429-95e8-27424b5d4291,2026-03,1,0.1683283484757369,0.5
bbe6d2fd-99a9-4e9e-a206-1fa07899d963,ea7863ad-a459-79f5-e28d-4311e51922c1,b73b9bc5-69d7-459f-84dc-2612341f024a,2026-03,1,0.996303607599817,0.75
5befc174-c2a0-433e-a9af-82eaadee7199,ec6bd398-2413-2c67-18db-10bdd92ee4f9,83dd2c1e-368b-4c57-b9b8-fbcd6ae6ea9f,2026-03,1,0.9543546273344113,1.0
8ddfd68c-bc8a-4ca6-8608-2655bf908398,f16a668c-ea8a-b26d-9dff-4da3c53fccc7,1b2b14f1-f84a-404b-8ef1-fec032dd447f,2026-03,0,0.2513388995551299,0.6388192166698823
1c7117d1-245a-4824-98e9-b176c3f49135,f284b25b-d762-1399-a12e-ba7ffa6b6f97,1129e54a-0b3f-417c-b6db-e1090df6981b,2026-03,1,0.9934819848425541,0.42857142857142855
842e5bc6-44c4-4927-9719-c98e88b419c5,f2a00e3d-de04-40a3-6f41-a3ebfcab4a3c,4da78ee8-cbc6-4e20-949d-cf7237c7129e,2026-03,1,0.9820047010184634,0.8571428571428571
409c1e9c-1071-4c15-90f4-bb7075d1b775,f59fa4ad-6dca-c7e7-d459-5326609a6412,22fa5986-8a5e-46e5-8860-bcd0d2050e7e,2026-03,0,0.16973760280332983,1.0
e9890b72-11f6-4898-989e-fcbdf1507ff8,f6c5c3d2-ceda-6c7f-aa96-359c7dc9ee92,43ba38ca-08a9-4fda-9c38-448a30f1cbe9,2026-03,1,0.951064173982351,0.6666666666666666
d1bc0939-48d5-4c71-b6d2-ba589fbcceab,f8723af2-2adb-2870-b160-e1ad562524be,a710a504-eed4-465a-8668-bc3fbe646e62,2026-03,1,0.9921598094260924,0.8571428571428571
fb87c38d-2278-47d6-ba97-8d820636c48b,fc8a412e-e0d4-35e1-37fa-5f798b7dc7f4,ed381183-4ca6-4302-84bc-e1e05958ed09,2026-03,1,0.9885680622462045,0.8888888888888888
c67a5006-3f8c-4e01-b9a9-f3f72d35ebc5,fd1d6483-722f-9ff9-67bd-a98f7e3f42af,43eec801-0423-458f-8e6c-dcadff5fcaf2,2026-03,1,0.9244699205461488,0.75
b4a4cc62-5354-4d91-8def-d8e41ea7986e,00ff5468-3680-2a12-23e4-82855ab3c697,4b303935-cf4d-4555-a274-6c5947063ef3,2026-04,0,0.16096807071850747,0.3333333333333333
6d2567bb-9f58-4d4b-852f-73a2ba42a499,011b7d1c-5697-5394-c05b-fa0473640657,261c6838-0d2b-4ef8-b7c0-722341418ce5,2026-04,1,0.9746863703398863,1.0
9420de5b-beb1-4cf1-9d1c-599fd74a7679,024cbfa9-4c24-ccad-9d51-c10966293351,2a75ba7a-e5ca-4409-ae0f-8efe8993c4ea,2026-04,0,0.1778589164749199,0.0
aa1c0801-b478-4ab9-8eb5-e7c0c4ebaee6,0278721a-a690-833b-298a-16a351fb7a3a,6555e453-3efe-45a0-9b81-711fbf2d0726,2026-04,1,0.9981858634762447,1.0
1a0cd49c-5ac2-4aa3-9abe-9e8b435d6dcd,03ce56c0-8798-b95d-7125-311b80363e74,90df3267-4239-48a4-89aa-4a61e24239bc,2026-04,1,0.9605723107431637,1.0
5b19c5f4-65a9-428c-8548-e6123c058fc7,04ba1c6f-6c06-819d-9ecc-a0c5f795b922,cbde9bdc-2d51-4e5d-a732-1df1160c4b74,2026-04,1,0.9826229913381072,0.7272727272727273
8109c40e-f1eb-4926-ac7b-01822a2a9a6c,073e4bd7-f1f1-49d3-604f-c365b9952a6c,e70ad66e-a26a-4c8b-a6e1-9743710c50f9,2026-04,1,0.9669695467525421,0.7
cc7a2a01-c1b4-49b4-a1f4-50a67205a98a,104a66bf-0d87-2acc-ec03-a73d1c1cfd53,4285ffb5-00b5-43ed-8956-07fcaeccb965,2026-04,1,0.9926642503110421,0.8333333333333334
94261730-487e-43d4-b977-e31d775c5454,10f3edc6-4b03-b82d-8df1-09ddaf031c0c,d0b11ad6-7841-48cf-82cb-55e373063fac,2026-04,1,0.9982486291610708,0.7777777777777778
6c822743-46a7-4e98-95c9-5cf3f229a50d,11316c38-dc08-4983-3588-fcadd88bd5d2,597a1580-9401-42ce-a407-c9448d5017f6,2026-04,0,0.17199411120213073,0.3333333333333333
b99e64a3-213a-43b1-b757-6bb334d42169,11e96dd2-92f4-f793-56db-439d5b3de156,3f072df4-ca44-4975-9844-ebd8be4312e0,2026-04,1,0.9780776145677924,1.0
65b2fef4-39ed-4bc6-9a8d-576d9baa2441,122c395f-56fd-4482-fe33-7fa3c3cd30b5,45df567e-3c5b-4da3-8bfd-6605e5e6c7a9,2026-04,0,0.034177778469034775,0.0
30a9f857-7ce4-41b5-b2a9-f4cc4ce56fb3,1287ac56-adee-78b5-6a6b-56b3e8dd7d48,c88936bc-cb40-4598-a743-3c301dd4dccf,2026-04,1,0.9854529186297509,0.9285714285714286
23e88acb-e394-4fa9-b683-15c2d58f5183,1422ace8-beea-6d1b-73fd-1d30597b40d5,cc479b4c-9ff2-4d88-8eff-9314403f6113,2026-04,1,0.9993990180874485,1.0
e815d6ce-afd5-4f8a-b987-6f878cf441c3,146a8458-f956-54ed-317f-b99f7d16fff8,9698da1c-596f-48ae-8618-16b9c409f192,2026-04,0,0.07878938336308661,0.045454545454545456
dcc9751d-54bb-471a-92be-68502d04c009,15ff5934-5a4f-43fb-8bf6-4d798bd6a28b,9af60a9e-6b26-4092-a74d-63db07835fca,2026-04,0,0.17337351356237526,0.6388192166698823
1bf45702-17c3-45b0-a6dc-1f9e7de87c35,18788fe2-f6a2-826e-2199-6cec118c6d00,6a5d492b-8175-4c5d-86ac-ff94ea72d963,2026-04,0,0.13095236821819253,0.09090909090909091
9fbebba8-4b3a-4c4a-a399-22a0a13b9d40,18d86801-3cb7-11d4-8b9d-433429296014,9c5f6705-4936-4bf4-91d9-8bd75b4c341b,2026-04,1,0.9860022765337465,0.3076923076923077
505959d4-1ad4-49b8-88ae-92d89388ec08,1932ea80-c6eb-874e-eca8-12410fa7a608,7ce79ba5-79fe-49c0-9e0a-2ace149ffbd0,2026-04,0,0.025260967878652396,0.06666666666666667
4a42a261-d92d-4461-b8d1-6e075ab4b06e,1a171004-7682-1c39-e6a2-758b668c33b0,d700c1e9-4564-4c4d-a800-2b6d68e962f7,2026-04,1,0.9895978893228417,1.0
0e951cd0-58a1-4202-9a75-9450fc7c958f,1a3b6c74-26e1-7124-0b5c-7f783d71624d,3aaba622-f423-48be-b5c5-5516fd1498a3,2026-04,1,0.952755759956043,0.6666666666666666
ed1d3993-b9a1-486a-994a-c202f9e08d88,1b003ea3-bdcb-0416-c3c2-8ff60f2f65f5,419e1438-3ed5-4447-9f4c-68505b3371d9,2026-04,1,0.9992072937512204,0.9090909090909091
f6661df1-7c29-4161-8aad-b1695af69a76,1d4c0119-5151-7a5b-2266-f16e44f67157,55469cc1-579d-4801-bbbd-4f113cad46e9,2026-04,1,0.9979962269353537,0.8888888888888888
5875e106-1873-4863-8b39-899f465c289d,1dc2bdca-ae79-4cd5-9d74-961c02cce282,53f80b16-81c6-48dc-a5b5-3ffad0099564,2026-04,0,0.4883535727491681,0.6388192166698823
589265cc-f9c0-4e9d-8dd7-52e75a47428f,1fc0c3bb-f35c-8d5d-a4fa-a9c1723cd8ab,daa4363b-15ef-406b-adb8-5451eb652e2d,2026-04,0,0.3666200539895146,0.7428571428571429
5201f493-621a-4021-8155-61f5417af8e1,21e237d1-286e-324e-0cef-45725d629768,a6e807f3-afdf-44ff-b5cb-81a3f0906217,2026-04,1,0.9973582055982375,1.0
4c263db6-1ecb-4bf2-8fa1-1dabb807ebec,227f376b-633a-5615-5670-c29559d0a08b,b98f8c1f-f2b7-4f45-a583-7bb76e52c466,2026-04,1,0.9956924435370509,0.3076923076923077
2a5103d7-23f3-470a-ba73-d4f86fe42901,22a9494d-0e02-6fba-4aee-7947f1e6110b,a9694079-2985-486a-8cd6-bd3243751b22,2026-04,1,0.9983134552881696,0.9473684210526315
a891dcad-bbd7-4cc1-bfd9-671e2b8127ba,22b0be2d-52c5-1127-642d-4f1083b404ca,073645a4-3ce2-4cc7-96cf-54d0f49f2353,2026-04,0,0.11370714676036754,0.25
b708485e-a99d-4dd4-a047-9d4d3cca8786,238b347e-e7e9-b1a3-31a8-a2f8fed99f55,3d2bb31e-a4e2-4d67-b934-8fbb641505da,2026-04,1,0.9993095318160057,1.0
2ba18814-cc9d-49ca-917f-a50eef1cdbbb,23f7ef5f-6b26-a104-b616-b438d7e9243c,8cada743-d341-4211-b2f2-094d551e9ef3,2026-04,1,0.9863274874384935,1.0
9d2c22d5-38cf-4727-b8d6-5f147893208b,251051cf-e3b5-5d37-918f-bf22b4875790,05a7138b-3291-401c-b2bf-28981d85d111,2026-04,1,0.9993607316383198,1.0
4bb9b181-c43f-4e27-8dc4-97c1aa3b3d3a,25aa2406-e171-b558-8249-7a525d126d8f,a0c56020-2eb8-4b3c-80a2-f837b1555d64,2026-04,1,0.9979159488459497,0.8
154e0d44-5cbd-4449-be93-ae3e75219088,2631ddfd-660e-8719-1876-82cf88e13a60,0c8b2433-3b52-4a31-973c-d1049e2367ce,2026-04,0,0.03244996227781252,0.07142857142857142
6ecfa375-80fb-4422-b0fc-183941a88505,26b16f30-da65-8aa3-d1ec-4867ac2a8f35,55c869da-c670-452e-aa98-469528be9efa,2026-04,1,0.9106180480016943,0.6666666666666666
8e20afb2-b68d-4267-9f0e-305a951dcc28,2794ccf7-4966-f00d-35d6-34ac17db73ea,29309a70-09a1-4c35-b877-ca27b04ec436,2026-04,1,0.9911678928146718,0.918918918918919
4d8029a9-3dc0-4c27-8017-8c690c0787ce,2ac2da6e-0954-f906-32d7-a1f55477c590,7c23b4a5-63fa-47d1-8211-a565f6ed8ee9,2026-04,1,0.648881168536465,0.6666666666666666
b79f3a84-8140-47ac-b833-481b655e9e50,2b785f57-1c4f-d4a8-d486-b69e7b2db5bc,3c7ccdf6-cc34-4475-9b15-a0933043ad80,2026-04,1,0.9905783974694108,0.9166666666666666
8938cd6f-1f28-4b04-a4b2-35725335ecbc,2bd67002-1f8f-faff-efc5-5063dbedf10f,fe2ad17f-410e-481b-ab4d-af0e65a40934,2026-04,1,0.9888049543600448,0.9
3e684edb-602d-4ff2-b048-3020cc0517b5,2c1980eb-be51-916e-8f61-1e8fe83afb0c,345fd782-4252-4f02-958d-3531a545878b,2026-04,1,0.7851382885167977,0.75
498e0503-dcf4-4bc8-b482-a779dd6db0c8,31f3f7a3-5dc4-21cd-ba54-b41347a7822a,2d403254-d4e3-484a-ab66-492809785e47,2026-04,1,0.9863286729699783,0.8
6ce15619-f068-46a1-a826-6b3751a79e7b,38069f8b-d44e-0b86-a0d1-dafac5ae1232,0bb006a6-102a-47c8-8091-3f3a4bc5731a,2026-04,0,0.06797840065768866,0.1
b4fbac70-a15e-4efb-8f75-c25525cdcfb5,38305983-db92-2c3c-7949-96f7ca7833eb,f9922902-5337-46f5-bf1f-7d8982a685af,2026-04,1,0.9404875768553331,0.5
ab07e8db-b506-4883-a725-33534ee871b5,3b02f95a-b47e-1037-4f8a-f2f31e35c98e,ac6b528f-3e64-4f40-a65a-a073b663edd0,2026-04,1,0.9993633707563767,0.8571428571428571
982b6360-27af-4721-aa71-400e11c1ff1b,3b27dc97-dafa-0480-7b61-5549a3ea7eee,be99f7a0-c9f6-43b6-9cc5-04577043e0bb,2026-04,1,0.9996663679996695,1.0
97b8843b-0571-4405-9fbb-a0a7583b2b97,3b48ac67-d1fa-b227-f284-5da0a25e5ac0,a6ebee32-e984-46da-929f-4e1c0d37ccef,2026-04,1,0.9900385215140076,0.9
5993e962-c484-4202-bfcd-984871bd2c6c,3e50af3d-452f-d098-b3bc-3c2a64576d55,288569c1-8892-451c-ae1f-6ccf0c41daa4,2026-04,0,0.2566198127116514,0.3125
d546e046-2bb8-4221-b827-e38323a43217,3e99437f-aaa3-5ffe-27bc-cffb9898080d,84ed620a-626e-495a-895b-488a5812e183,2026-04,0,0.9465570804436918,0.6
50fa37c3-5e6b-42ae-87f2-920d784cda40,3e99437f-aaa3-5ffe-27bc-cffb9898080d,84ed620a-626e-495a-895b-488a5812e183,2026-04,0,0.5522197773540641,0.6
0b9fda07-1826-4a53-9e13-9c9a7563bb4c,417cb75b-9992-4df9-28ae-ad4d2313621f,bb51f6f8-2b1a-4e9f-b3e3-16a942773d8e,2026-04,0,0.342972468526838,0.5454545454545454
bc8dda1a-66ab-4d60-af92-adcb6cfc0f4c,43774f3c-9ce6-fc78-7857-b8607c3e1966,db615118-b5d5-48fb-aa2b-90a5dc340c0f,2026-04,1,0.9797749556251529,1.0
69bd4a9f-f3c9-47e1-bee0-ea342ab2551f,4505ca5d-0961-03c9-5943-ffda2a5ae270,0f6ef705-bedc-4008-88a1-8c600fe56c57,2026-04,0,0.08624259729686785,0.14285714285714285
e208b66c-60c8-4be6-b2ce-2a850293806a,4628a4bf-d4c5-9e5d-471c-271b9f3e7d03,460261c6-c1c2-4654-81fa-19637f3602a8,2026-04,1,0.9872546942662724,0.6111111111111112
d06e1ac5-3310-412e-a2e8-203677367bb3,491b8136-32a1-37c5-5253-b53ff3991d86,db02e562-aa09-448e-9187-bfa7c3788aca,2026-04,0,0.9002876622549606,0.6666666666666666
3eb0bacb-50e2-4036-bffc-a5d0af7f9e24,491b8136-32a1-37c5-5253-b53ff3991d86,db02e562-aa09-448e-9187-bfa7c3788aca,2026-04,0,0.6911060290401103,0.6666666666666666
f7c88513-86bd-4a27-b6a0-884dd9a12cef,49355947-7605-ec5f-7d81-a6597f38d76b,0318d74f-95a7-4ced-92bb-ded9eb88d273,2026-04,0,0.11736054623146808,0.0
e2a36a42-aa37-4fc1-bc1b-f78478780116,4c4ad4c9-59bf-f152-d0ff-6502ec564cc9,91e9c4a4-cf9f-4ea2-bbce-8ca8d01150ff,2026-04,1,0.9665550318422798,1.0
ebb3c07d-5e98-4842-a472-732b09139852,4cf13b7d-67b4-87af-6795-b532998a9b0d,924c2996-22b9-4f75-a760-a40afe04263f,2026-04,0,0.4882925400903413,0.9565217391304348
d572fd26-7a34-4962-a9ae-d25c8172bcb1,4f75b0ca-7bed-c37c-cfd4-1e361a1bb6d4,94474160-d37a-495d-a16f-f7280c3b7a29,2026-04,0,0.19219070923322845,0.25
77462aeb-5270-4795-8262-3d2eda93478b,510cd475-6538-7d02-413c-1a0f553ba4e6,26a0a5ca-7623-4406-8776-15d57ccb11fc,2026-04,0,0.061401710888618566,0.125
cbdeffc1-d6d1-43dc-9b0e-010a9c428f98,51403227-2816-46f5-cdc7-feaa35b7c061,879a2c88-0d40-4f5c-8c97-44596d6d79b6,2026-04,0,0.7324909321799304,1.0
e634f2f4-0a94-4046-9e5d-e120053c4fc4,51403227-2816-46f5-cdc7-feaa35b7c061,879a2c88-0d40-4f5c-8c97-44596d6d79b6,2026-04,0,0.15493527158759604,1.0
3f3cd779-70a2-4619-9eeb-19bd63ced416,51c3d3a9-bfa0-4a8e-a687-3ef46bc022cc,6b4279c2-88e5-42c6-84c1-71f20002952b,2026-04,0,0.1641483079431729,0.6388192166698823
55f59d7a-2836-4a8c-8e52-846afeb91a16,521635f8-15aa-4ce1-ab2f-276095cbbe1a,fafe913c-97b3-41f6-b828-d278cd6b473d,2026-04,0,0.9350183689937162,0.6388192166698823
0a815643-598f-4c11-ab75-05bc5e2f86a8,5527e05d-475b-45ed-a6f4-284340eed262,76f856ea-75bf-4a65-b822-9265eb344968,2026-04,0,0.9568578849792477,0.6388192166698823
685bc1c5-548c-48d9-b372-66352c97bc8d,55ca6f7c-112a-ec33-7c1c-987508bc9e41,3820ef49-8442-45ed-aeee-6a7a0cec9205,2026-04,0,0.13761721205489974,0.07692307692307693
84cd01cd-483f-4389-8c70-93120bdbe65a,55e779dc-a32b-2acb-173b-7de67750927a,5dac2237-5cf3-47ca-a63e-d32f16420f6f,2026-04,1,0.9989038567132466,1.0
13626409-d799-485e-b9fe-a1530ec0a3b5,55e779dc-a32b-2acb-173b-7de67750927a,5dac2237-5cf3-47ca-a63e-d32f16420f6f,2026-04,1,0.4618934131826874,1.0
7c3435b7-cd21-4da5-abc6-402d6434dde8,5925134f-40a7-6834-930a-b8d6906bd2a4,73f27fac-554e-48b2-b97d-1d42f202ef3e,2026-04,0,0.363474811732934,0.25
9694f989-23db-40f6-a389-96f1abd878f5,5925134f-40a7-6834-930a-b8d6906bd2a4,73f27fac-554e-48b2-b97d-1d42f202ef3e,2026-04,0,0.1513201713457509,0.25
a76870f8-23cd-4c6c-8ee4-7e5f713fad05,5b45a840-9d6c-242e-0e2f-2e2c972c2eec,1b8d196c-a429-4d7f-823b-82a43769d60d,2026-04,0,0.14355369709592639,0.0
7a525886-53d0-4216-a073-a2e129518553,5d4122d1-48a3-607c-cb72-e1956caece73,0ab4614a-82b3-4810-b877-e696de754080,2026-04,0,0.23665984357348827,0.0
1e882c51-7beb-4cfd-a760-f93f1d5858c1,5e901269-d116-cf62-7661-df859f5b02dc,a15489ed-053d-4793-b95b-de0cafc05473,2026-04,1,0.999189264382467,1.0
fd70a6e8-c870-47b0-b3e6-87fb1b355fdc,5fee0a79-3970-704a-2332-f7c7598e86c1,fad9c620-d9d5-479c-981d-4bc0521c94bb,2026-04,1,0.9769100904440599,0.7058823529411765
bd80a42e-bf13-43e7-be84-b7e5c42af474,61031b0a-ef18-26aa-64b7-d412d7b3d276,99eb3f32-d53e-4470-ab2a-09ed6e9b3872,2026-04,1,0.9967213701864325,0.4583333333333333
550a1ca1-1af9-4b2c-a43e-d15fa59b44f6,6162731a-4a9c-e887-e586-1ea574985777,f2f4757e-a36f-4615-8d08-78e18eccf3b7,2026-04,1,0.9821730345802886,0.5625
79296736-7ed4-4b6d-bd3b-d35691ae0637,618f174c-7c45-cb54-907b-cacc78483918,19cc5bbe-1012-4cbe-bea4-9ed7f1aa163e,2026-04,1,0.9950907979356494,1.0
859e9270-2a62-4c5f-b000-e60d7ba57f5c,630c8120-bdbc-832c-24ca-aca9e6b49891,cdbd0a31-d685-4189-af7e-25c08d80399b,2026-04,1,0.9569030439977043,1.0
62a95d3c-c31d-4f1d-b4d9-6c5cc3b40f3b,6542b72b-196a-4538-a690-2db7cc212936,ad2138de-e1c7-4dff-92d0-7f9ade15e56a,2026-04,1,0.997807351352708,0.9
e5579ba1-3d34-4474-891e-b23199005f32,66fbcb59-3d06-d8cc-b1d5-53f38a599207,b6b48bf2-25a2-4810-9338-b1847a53c5ed,2026-04,0,0.031951439780052146,0.13333333333333333
2311b676-3dec-4f96-a058-a817cad52e3a,6b4a40d5-2eff-4bcc-9de7-8882d77546c0,f312b2ae-7f10-492c-9287-54120aec2b40,2026-04,0,0.9093432759526959,0.6388192166698823
f89545f2-35cd-40fd-b6d5-22539d84dbab,6dd50e39-9843-4442-cc09-3b49fbe97fb9,874b3b50-b801-4e30-a0a9-808746433886,2026-04,0,0.03790368754632099,0.0
4f8073cf-2a47-405d-b715-5908d559b118,6f622055-47c5-9b2c-b332-2d5d01953e51,020b9ca6-f237-414a-a692-e254856c4cef,2026-04,0,0.2465716468289362,0.3333333333333333
4566ba95-831c-492b-8a56-3393a0d3016a,72ac33cc-b9b2-9cc4-47fd-d37096c8f30d,c7f06da4-2365-433f-adc3-9f9169263644,2026-04,0,0.077567784749204,0.0
3ebe6b8a-b647-4130-8032-dd6b2ed0db08,733dd472-3b1e-dd43-76e5-082ddfe66c5b,43058d1d-6ce8-4ad0-9f04-48ad2efa67c4,2026-04,0,0.08296478273888286,0.2222222222222222
9b25ba23-0010-447f-91c6-0bc2d3bdacf2,73715344-908a-b7fa-00cc-34358ffb16f0,3aabe842-7390-4208-9bde-936af6f8b658,2026-04,1,0.20513151270360627,0.3333333333333333
05b2f0b4-cba2-4536-b997-216166969ad0,77dd12b8-a20b-05c8-2372-79ba1b1624a9,3ca315cc-b9c4-4379-be8c-c2df8c0e42d6,2026-04,0,0.10041895192073491,0.0
bc4fff8f-dc08-47c8-b9cd-1ecc537fcea4,791c16c3-5afa-4081-a47c-53439979e5b3,3e77d5cd-7102-4a50-a5a1-f77aced5ebb8,2026-04,0,0.8790489557531013,0.6388192166698823
ef373c4d-eea3-4dac-b27a-5728f84fbb92,79d4d3fe-73c5-a965-030f-c60220ee20cb,ed99994f-80a9-48cc-afab-45db09c246e1,2026-04,1,0.9978105785397591,1.0
ea64a29f-8b8f-4c30-a7c6-9a7a62c31b59,79e31f6f-69dc-a40c-27d7-3f076878f83c,a0cd9c66-c067-4001-ad7b-586b6c15537e,2026-04,1,0.9847907920728681,0.23076923076923078
37da861c-5db8-4bd4-9e2f-450d014a1ec1,7e2a1e58-e10a-4352-ca15-59fd22f2c07e,0f7ffc2e-0a2e-4aff-92cd-c4f4478f694e,2026-04,1,0.9887614112845919,0.5
b83f8be6-e1d1-48cb-b3d4-2b2347da2f79,8123af5e-305b-80f8-20db-4d54b7f628c7,e42d2bdf-7c18-4bd9-982c-de09a231f52f,2026-04,1,0.9982177808164195,1.0
06b7cd8c-e88d-4117-aff3-09e50b847a8a,82be44de-b1d6-4e48-e6bb-33ec98b83c7d,6edb4981-c302-4992-b7a8-e24912892b61,2026-04,1,0.9280451660586152,1.0
a94d9e7a-351a-4ee8-b7ba-cdf0a75b22a8,8334eb99-0bc0-3c80-9ff8-83bea3d7b5ef,cae46a0c-8545-4ee9-ae5e-3f94bfa02442,2026-04,1,0.1442190790935714,0.2
4a3ac8ca-abcf-4fe5-9d2c-22de6c8f49a0,83af11b3-a274-7404-3265-ec658f74f8cf,a592d732-fe7f-4bfa-841d-7433e477f43e,2026-04,0,0.09216956616839796,0.5
e244dc61-ecf1-4d31-b3ef-cc5da2e19b99,83f51f9d-9d36-eda9-e7fb-5b1badbbd5d9,2f49d447-f15d-424d-9a7d-be051dc880d2,2026-04,1,0.9823903268846732,0.875
c83016e0-cb25-4762-8ea5-ccdca405ccab,84c2199c-67b0-4d65-bf33-31f2a6ad244f,0ff1b2b8-e451-49cd-a49e-a90da9e8bb9b,2026-04,0,0.3283650303967167,0.6388192166698823
1c05e219-6db8-4840-ae6b-6f8bc62039ea,854c86e3-8b7f-0ca8-f4ac-c6a073699611,8db9e51a-5204-4143-a5a0-086b8cd03403,2026-04,1,0.9995275464996464,1.0
85317201-88df-4eb2-a10b-75f42b7ca4f1,855f3f6a-72ae-46f4-4cc2-a9a0d5df5b70,9131c211-f95d-4213-9955-02879ced6aaf,2026-04,0,0.12135765153661504,0.06666666666666667
97103a3b-e67d-4dad-9b14-590096f3f116,86cd2239-fa55-0389-437e-e8fd505dc931,20d5e9a6-73cd-4f5f-9b27-ba9a13e7864e,2026-04,1,0.9890041967272654,0.4666666666666667
7c3ff9d4-5257-49e1-9388-59d2155492b3,87a1e515-e2e0-110f-05d1-04f5a83c066a,a089c1bf-e6c1-4700-b4bd-52304e5c006f,2026-04,1,0.9569030439977043,1.0
2992fb32-9dad-410d-8705-29adebe67d2c,890b32d9-f754-8150-5a18-8a21fcdf3828,badc4f52-9209-4008-bcff-ed3cf3a3726f,2026-04,0,0.47258305117712385,0.6363636363636364
a42660dc-2d60-4857-b100-b65adfe8dd25,89d188b4-94a9-2f97-e068-155ed8ec3f5e,9ddc3b2e-3ea3-44e6-b674-4cc843ee0e0d,2026-04,1,0.9257006729427126,0.6666666666666666
5fe90f5f-2491-41e0-9191-949e7d33532b,8aacbc78-5e56-b3c0-f8bc-fcb5490b94f3,d06e259b-0f3f-4c09-bc77-00ec39ab5924,2026-04,1,0.9956758868153833,0.9090909090909091
88058c59-110c-4e4e-bd45-8a7dbc03b56b,8b48adf3-c14a-fa6d-9785-b4bcb35f8fbb,656473e2-7641-46ed-9ba0-9fa996a8b682,2026-04,1,0.9936907624193895,1.0
69ef1428-e723-48aa-857f-e70cb2229b00,8e125a87-1a3e-4b52-855b-635c06bafd87,d2cd92f7-dd23-41a8-a665-1d8e656732e6,2026-04,1,0.9654400829030506,0.6388192166698823
ae1df924-5a28-4df6-91f3-53705c13a75c,8e39a9bd-3317-b2a6-22a6-16fa4cab9632,14f9659a-5710-47bd-945d-74b61d0ed70a,2026-04,0,0.9829489419264776,1.0
513c6d4d-991e-4a9e-9a2e-d67937569b93,8fd367e7-7404-4ef6-530b-a40219a48f1e,de3fc75a-dc8c-4bfb-b959-494a94a5d287,2026-04,0,0.13973366404586654,0.4444444444444444
36d0cb1b-c3c4-4745-a896-06eecebc9b0d,93eb3d6a-d35b-ef1f-83b8-7430b6ad1674,c812ba7b-6318-4ce6-b0dd-78749fff30e5,2026-04,1,0.9941741840935937,0.4583333333333333
83b51aff-9b3a-447c-8af2-2535dc38f0c2,950dd22f-78fa-d205-48b3-fe5a5cc7438e,62887698-aebf-475f-9c98-0a212110dd24,2026-04,1,0.9932947527400549,0.8333333333333334
f6071b68-300c-4f42-b009-d08ad932fa40,9541a16d-d020-eb78-80f1-a4a2d4b7775f,bf9b5cd5-13dc-4229-9b7f-2fd8541f64b3,2026-04,1,0.9585729193202489,1.0
b78f98c2-b829-4e2a-abdb-a37164cafcab,9653a402-ff75-bbdf-8cc6-1cb0ca01f233,81f71080-dac7-40e9-bb6b-3526cdd47015,2026-04,0,0.20884489223014915,0.16666666666666666
7e27a9ec-1564-486b-a2fe-9e114466399c,982397b8-b96b-4d87-eb8b-62916e148d45,e053e915-af46-443c-ae72-9afc7fde4294,2026-04,1,0.9942407132514673,0.8571428571428571
d193494b-b4b8-495e-b7c4-24c873d942da,9defe9e8-4059-ba6b-5abd-0d1304e73008,f56bff0c-85b6-4ece-9597-a0712f4e6908,2026-04,1,0.9968195166110781,1.0
32aa50a4-680a-4714-8c1d-2d0d82386d1f,a4709d2c-85e2-3d68-7467-1eaf879ba2c9,a38411a4-41ea-4525-b071-7072a55c3975,2026-04,0,0.13585523356346302,0.25
ea5189cf-de7f-4a35-b7df-9a0ad8645bd3,a4ef95bf-1c7c-4c4d-0497-ae38085af6cc,22638b59-a59b-46e7-86b9-34c7ea2d2847,2026-04,1,0.4197414151266418,0.0
3ab2ceeb-b937-4c82-ba59-c7bfcb671c55,a6037691-771e-8146-3714-f9dedb8acbcc,9b2b3fe5-0f02-4525-a84a-61d6418d0fa4,2026-04,1,0.9843174200375888,1.0
c64e9962-a1de-4836-ab2e-d1bc9511b66a,a7798da2-f8ee-1840-a1f3-f29a9e764b97,9ffe9701-32ac-461a-b5a1-8bb653d34a4b,2026-04,1,0.9995766043983855,1.0
31e58578-c836-41a3-bd67-b18b6488638f,a7dadee2-80e3-eba0-084f-5f1847bb3aa4,a2b0ee31-8c68-4f88-82a0-a97f2818ee85,2026-04,0,0.2168929207238082,0.5
db10cefb-86f4-4e2c-9331-d79cf507c7af,aa88d180-8c53-dbe4-70de-ecf38130d3ce,ac2059a9-ac22-4c7c-94a1-cbc4cfbeb93d,2026-04,1,0.9941562726704417,1.0
e6356412-6ef4-4ad7-a6f8-f1965a44e853,af12a12c-92bf-088b-3073-292fe4dfc478,bdc2c4ae-b9b2-4aa7-b8bd-01fdd0145e27,2026-04,1,0.9944701484292747,0.9090909090909091
f498e1c6-fc1e-4c0f-9bb2-174a9d8ffee5,af8d560f-407a-4e9b-49e9-88f54d8671f4,56e6630d-239f-4544-99e4-87ae533ed05a,2026-04,0,0.049615114335128635,0.0
2e27f64d-5ed4-4f51-837f-9d40d6f11e55,b0348aa8-ad9f-d0dd-94e8-c71a6627c930,db9ec732-0eba-43c2-8e97-5e7a05e17561,2026-04,1,0.9942195427512598,0.6666666666666666
e81fdc92-206c-4484-9d9e-2ca34d4aaf87,b0a6f0b5-9fd8-112e-2bfa-24fa8a25779b,f5dc7322-00ac-4867-a914-e2bddeac9a0f,2026-04,1,0.9859187675200024,0.9166666666666666
662e89df-bb54-4f53-83cc-41f3da763c03,b19dfc6c-a5d5-734c-3d3d-6389c281b3bb,2ddbff71-425b-4f25-a932-e1bf574b2035,2026-04,1,0.993614684640671,0.9565217391304348
8687e053-2286-4ed0-909a-a0df45cc6b35,b285539d-6e4c-f6f5-ee68-2dc683541067,8199be90-a807-4cdf-9133-819a6efc1905,2026-04,1,0.8994052661661969,1.0
6b80fcbe-7a77-4d2c-a0b4-3ebb59cbf0ca,b285539d-6e4c-f6f5-ee68-2dc683541067,8199be90-a807-4cdf-9133-819a6efc1905,2026-04,0,0.6743847084650099,1.0
007bc6b1-4149-4553-b0cb-6854a9b36e2e,b2f85d5d-acf9-7c53-dc5b-0d3b67b462c5,ca99fa52-1a9f-4d9c-809e-b7b9c30d2129,2026-04,1,0.31760408709591076,0.5
d752f956-0f0c-4f32-ae3a-7faff89152ac,b3002707-86e9-43d5-956d-cf108fb6a23f,0775dc45-b49a-4b77-ac42-878673bade62,2026-04,0,0.805572301896405,0.6388192166698823
565908a9-ee71-488c-8af5-39f39586fb6f,b4a50439-db13-dc26-d980-eb079b321460,902fa4e5-f7dd-4671-9d39-6516ba2e51d8,2026-04,1,0.9965801739772462,0.8571428571428571
2731c5ed-e876-4d7e-a619-74b652ca2cf5,ba8dd5e0-ed0e-8b6a-7098-2732476feb31,31a1c073-bb44-4019-8548-0c5a8114de7b,2026-04,1,0.9705270326800685,0.3333333333333333
f4e7b91f-e55b-436d-b82c-8c44585d21ec,ba90613b-fe14-4fa4-d646-199878d3f058,9c29f798-675e-422a-b4fa-e91d17f84eb4,2026-04,1,0.9978985547060159,1.0
c7dae9af-f342-41bb-a00b-ba14cb4fae28,bcf8ffc1-fd5c-f6ab-0453-7a73c73786dd,d1981985-ab9a-4777-b85f-46da934e391c,2026-04,0,0.06183578329884436,0.045454545454545456
802d8eb7-fa87-428d-bf68-3b567fca669a,bdcc24e3-6077-3ea9-b25e-2747d0f07be7,34b48e10-aa34-478c-954d-06259adb5384,2026-04,1,0.9963154801001032,0.5
b9a30dd8-f635-4a88-b857-e713e382de8a,be68c44d-d4d2-478a-7b1e-c9c3fefac406,c6bf983e-033d-46e6-825f-5620364a403d,2026-04,1,0.944346588180029,1.0
2f064813-8f1a-40e6-a8b1-be7db59342f3,be84008a-74d3-3cc1-6fd6-bcef998f7bff,4ab14a0f-9437-43ed-9504-94985a2312ab,2026-04,1,0.9957941333308122,1.0
83f8b482-9e05-4f93-bb55-dd491922a23a,c02eb961-2471-c285-9c28-fb9a12aaf70a,c1c258d3-0750-49fb-8d6a-a5a84de41974,2026-04,1,0.3981103357926991,0.7272727272727273
748cb6b3-0f2d-4b28-b7ab-19ff016c8288,c0791d4c-9325-bf1b-30af-7af648c26338,c55284ff-f120-4606-8d96-29c8ec1ce454,2026-04,1,0.9888478484628025,0.6666666666666666
0ce80cc2-7614-4403-851a-c810f9344622,c09e703c-d287-38c8-d1c1-239145e17df9,d60bf084-22b7-4aeb-a8fd-b48b4786c6fd,2026-04,1,0.9958778925782442,1.0
36de7873-343c-47d4-846a-a8d86f146097,c2329858-525d-2f70-5e31-bf9a8358eb3e,956b173b-5f08-4c46-999e-d04c26cb3609,2026-04,0,0.24982018844930542,0.1111111111111111
8f77ce97-c6e0-4b43-864a-41059bd29724,c39e5b6a-5497-09b6-25cc-89f1ea8a608c,014f81be-2724-4302-8681-1c89fa734cce,2026-04,1,0.99599006760361,0.8181818181818182
495c575d-96b8-446f-9f56-e4c3d283f992,c3c77367-5f51-f7a7-e667-0e3480f53751,1d2dab29-e24f-4dd8-adeb-4c7b2bd792e0,2026-04,0,0.1534226010493101,0.3333333333333333
48b3edde-0bd7-4a76-ac7c-0be436d7f3d8,c511ac63-cb7e-1453-92d5-ea4ffba1c360,53bd63b6-67b1-4de6-94a4-66b940e4e20a,2026-04,0,0.2697357909536386,0.375
eadb97f1-faba-4608-b995-a31ce392126f,c675e97a-0958-0695-90b3-49311eec8fd7,f3d5faeb-a060-4d56-bb7c-559d3f157f51,2026-04,1,0.9864425384467111,0.75
c4dceaf8-603e-4be3-9b65-31c9fcd3cd54,c7e6aeb2-e9e9-328e-5313-6707fdea4eaa,618077c8-5dec-479f-834c-c71ced52966e,2026-04,1,0.803618951642536,1.0
716c00c0-4246-4bc8-b540-b8adeae75fd8,c7e6aeb2-e9e9-328e-5313-6707fdea4eaa,618077c8-5dec-479f-834c-c71ced52966e,2026-04,0,0.15995296106914417,1.0
f0563784-ae81-4f0b-b5f2-0782af0ab6ad,cd2c3f97-4df7-b32f-d0c0-12031beae516,1265235c-5696-491b-925f-044ee29ba97e,2026-04,0,0.028803010056417826,0.08333333333333333
7712f1a2-81c7-4713-b341-70752bb1db8b,cda37b51-1bbc-af0d-a560-49af88fdc751,467a4a8e-2db8-4bd3-a0b3-e4d37731be26,2026-04,1,0.9760521380738522,0.7368421052631579
920f8d23-fee7-40ce-85c6-627f06853c90,cebf32f4-3855-47cb-849b-815d2a2b5228,2b92c273-4b4e-466c-9430-ff2378db6372,2026-04,0,0.3283650303967167,0.6388192166698823
4c3e09ff-7f56-4a6c-9d8e-c65aa09acebc,cf1318a5-0564-4af6-d90e-c3e76de1ef08,5268e485-491e-40b7-942f-61c133c796bb,2026-04,1,0.998214386616396,0.9666666666666667
a9dfe59c-69ec-4b48-8625-95c1a163a5d7,d178a884-0bd1-601d-4cd1-042bac71c6db,f775eabb-5fcf-4725-8ffa-808159d48485,2026-04,1,0.9986183210999231,1.0
691b808f-39d7-40a8-9b23-bb5e5d36cb80,d225973a-f437-d98e-4e24-0fb32a7bfbe8,0eaaeaef-9e94-4d72-ab6c-6f4fa8a5eb26,2026-04,1,0.9990542339021832,0.8
6b7baa05-f83a-4f85-a1b9-c666d18db9e0,d2449d75-0593-4deb-a6c2-fae99fc83ab0,6d852880-001e-41ee-b447-e94c58384795,2026-04,0,0.1324826457134063,0.6388192166698823
c1d53b18-807b-4535-a702-78fa7947db3d,d257c87f-0e42-048c-8409-362e925d86fc,597c2d33-b758-4acd-811b-c7b22289dcbc,2026-04,1,0.9994404333735762,0.9166666666666666
c45197fa-7716-4667-90a9-f56d4bc1bfee,d497808b-36e2-ea42-d247-85b4e409078c,959010dc-2b21-4db0-bbcc-902c491be61d,2026-04,1,0.9946245619876982,0.8181818181818182
282ee740-0f66-45e9-8853-5bde5df56f2a,d6268133-5904-3e9a-6956-9493d2f78a1d,0dbd34ff-df20-4e27-a2ad-bcd09666d64a,2026-04,1,0.8458490116354269,0.375
78f5cffd-d22f-4e57-926a-6f2fc2cd7598,d69476f4-ff97-e238-b732-85cc4b70703d,6194596e-7834-47cd-88c4-b13082ada4ee,2026-04,1,0.4798636469728463,0.5
c65b80a0-6fd6-473c-b321-75ed3e5c798e,d6d33436-345a-e39c-9f8d-91c76dca514e,1bb08655-ecc9-4795-8186-bb34f130a593,2026-04,0,0.08302985648358209,0.1111111111111111
504ee12f-3be5-4650-9c8d-bfee78ca473e,d6d6b302-4f36-4d0b-8751-2dceccd295bd,0da14d53-61b8-4b58-b20e-46f13ee71f42,2026-04,0,0.3737240682707838,0.6388192166698823
44d6a69a-d3e5-4456-9024-da8ad680e017,d751c131-c1c9-4f5c-88f8-7e4c6cb710b3,452510c9-42bd-481f-b8df-4cfcdf59bb2f,2026-04,1,0.8848170094950946,1.0
0fcf5699-4322-4bda-831d-cbbe2460c39e,d77b5c1e-605d-6795-5eee-1e2f9b83e069,ae68c045-42d5-44b9-877b-34c32d98fdbf,2026-04,0,0.9301876212491977,0.7
bc7369ee-b0a8-4f94-b4ea-724ce11746d9,df5ea39c-c069-5211-271d-f0d3831adefa,3394785d-ad9b-442e-9c87-3ab4f47b1876,2026-04,1,0.8728162732239124,0.5
c6aedbb4-ca83-45d5-aa11-f88b9c3b0458,e093abe2-fae5-a599-2ee8-ce612d47e63e,1dcbdc90-610b-4530-a9cb-a032f49707e3,2026-04,1,0.9995922334539554,1.0
bbc88630-1ca0-47e7-b0d3-96277e03cc40,e17238d1-34ce-0cbb-4dc0-f65e60ff52f7,5c6e4440-a7b7-4d5b-baec-a422ba050dcd,2026-04,1,0.9970720151454577,0.9285714285714286
cec19fbd-a44b-4a82-91ee-60df50154be1,e2ee0891-8bc9-980a-ba57-b0a11ba15019,b98116fe-247d-44f2-b608-5bb481b84f9a,2026-04,0,0.7862734401286434,1.0
cb94b401-9fde-4c56-b0dc-4385d0f4fd8c,e2ee0891-8bc9-980a-ba57-b0a11ba15019,b98116fe-247d-44f2-b608-5bb481b84f9a,2026-04,0,0.46426020163552695,1.0
a860393a-dd0a-4bb9-a430-020e152cb8d9,e426d68a-16d2-9097-ff7d-ae2521fb52e5,9c588654-a04c-4dad-9514-9aff226de468,2026-04,0,0.08029635114701535,0.0
76624b03-affd-4900-bb09-ef8e1102ef25,e51d0052-6144-0814-9748-12b1e6c3b68a,dd53ac44-fa85-4d55-862f-21ef23300b18,2026-04,1,0.5563780196169724,0.375
51787c96-86e9-4006-9c4d-46908814901f,e6dde6a9-4da9-d1a2-802a-faf5db207e8e,948c83b1-ecc1-440f-9997-479b290ef8a0,2026-04,0,0.6768775010341254,0.7
7a4dd3c4-3ee0-4a07-adc8-ca0ddc9489f9,e99afa10-6249-3f5b-4364-da75f89e34f9,0299869f-22a5-4429-95e8-27424b5d4291,2026-04,1,0.648881168536465,0.6666666666666666
34644208-9485-4129-92cf-b8f5109096b4,ec6bd398-2413-2c67-18db-10bdd92ee4f9,83dd2c1e-368b-4c57-b9b8-fbcd6ae6ea9f,2026-04,1,0.9985546232899701,1.0
d6ccbd45-a857-42bd-acd7-a6ad13b1f6a7,f16a668c-ea8a-b26d-9dff-4da3c53fccc7,1b2b14f1-f84a-404b-8ef1-fec032dd447f,2026-04,1,0.4929767460643705,0.0
fd9ef054-b259-4553-9313-ec35c400d31d,f284b25b-d762-1399-a12e-ba7ffa6b6f97,1129e54a-0b3f-417c-b6db-e1090df6981b,2026-04,1,0.9896138608945019,0.4666666666666667
aae88da9-b7a6-4aac-b32f-b63d81428597,f2a00e3d-de04-40a3-6f41-a3ebfcab4a3c,4da78ee8-cbc6-4e20-949d-cf7237c7129e,2026-04,1,0.9872089937758605,0.875
87ddd459-6e44-4e91-944f-b55ed0f661ad,f59fa4ad-6dca-c7e7-d459-5326609a6412,22fa5986-8a5e-46e5-8860-bcd0d2050e7e,2026-04,0,0.21096383666117421,0.5
88236ab8-6e61-4ce4-925e-a2f965f0ac9f,f7b7f5b3-6e63-4ae3-8a79-515d431392fa,56b0ee82-1177-443e-8a50-b939786d1aad,2026-04,1,0.9093432759526959,0.6388192166698823
237472fc-6142-4df0-a712-98bb24275b23,f8723af2-2adb-2870-b160-e1ad562524be,a710a504-eed4-465a-8668-bc3fbe646e62,2026-04,1,0.9969110520797981,0.875
53791a84-1107-401f-ae6d-599f8e6c91c7,f9eb9b23-5f60-4ec4-b990-8313323bb759,ed5ebbd4-719a-47b9-b71a-3f69da2e9369,2026-04,0,0.1641483079431729,0.6388192166698823
983a8bb5-a98c-463a-a322-34cbca620924,fc8a412e-e0d4-35e1-37fa-5f798b7dc7f4,ed381183-4ca6-4302-84bc-e1e05958ed09,2026-04,1,0.9972282706235563,0.9
07fed98d-22f8-4112-9f46-42df861edfb3,00ff5468-3680-2a12-23e4-82855ab3c697,4b303935-cf4d-4555-a274-6c5947063ef3,2026-05,0,0.0848589964567305,0.25
09e3d8c1-0e3e-4a15-9f52-23c2dfb73651,011b7d1c-5697-5394-c05b-fa0473640657,261c6838-0d2b-4ef8-b7c0-722341418ce5,2026-05,1,0.9904043212052568,1.0
3aec5030-42f0-4677-a7c1-9bb31bdedf4a,024cbfa9-4c24-ccad-9d51-c10966293351,2a75ba7a-e5ca-4409-ae0f-8efe8993c4ea,2026-05,1,0.11331102575203711,0.0
6a3ed4a5-541f-445a-808a-f85851190bc4,024cbfa9-4c24-ccad-9d51-c10966293351,2a75ba7a-e5ca-4409-ae0f-8efe8993c4ea,2026-05,1,0.2203990290528367,0.0
38a905fa-689c-496a-8636-af778e7e8c80,0278721a-a690-833b-298a-16a351fb7a3a,6555e453-3efe-45a0-9b81-711fbf2d0726,2026-05,1,0.999650280658629,1.0
347ec16e-5d53-4b36-b05a-167446febf3e,03ce56c0-8798-b95d-7125-311b80363e74,90df3267-4239-48a4-89aa-4a61e24239bc,2026-05,0,0.9656800342260179,1.0
d8d3e854-54b3-4a72-9139-b97e95e88ba2,04ba1c6f-6c06-819d-9ecc-a0c5f795b922,cbde9bdc-2d51-4e5d-a732-1df1160c4b74,2026-05,1,0.981429486737294,0.75
8847cac2-eb01-49c4-825f-55f3d28dbcdb,073e4bd7-f1f1-49d3-604f-c365b9952a6c,e70ad66e-a26a-4c8b-a6e1-9743710c50f9,2026-05,1,0.9781743225764667,0.7272727272727273
5800aedc-f315-4b7c-8eaf-c469e2d75f37,080eae03-9f65-4515-aec2-8924472923dd,6b62e693-85c9-473d-a3a5-e0329b7dba62,2026-05,0,0.6174688275994833,0.6388192166698823
f5876dc4-ad8e-4166-a669-21854fe7bb5c,104a66bf-0d87-2acc-ec03-a73d1c1cfd53,4285ffb5-00b5-43ed-8956-07fcaeccb965,2026-05,1,0.995807976487042,0.8571428571428571
3e09f83a-de0d-46c3-a9b3-5a760f3efc2e,10f3edc6-4b03-b82d-8df1-09ddaf031c0c,d0b11ad6-7841-48cf-82cb-55e373063fac,2026-05,1,0.9975749608342147,0.7837837837837838
049f22b7-40ed-47ea-bd54-1edd076dbc51,11316c38-dc08-4983-3588-fcadd88bd5d2,597a1580-9401-42ce-a407-c9448d5017f6,2026-05,1,0.14376679015186103,0.3
c7a9d7b0-b57e-43c0-94ee-ea985c37eb7a,11e96dd2-92f4-f793-56db-439d5b3de156,3f072df4-ca44-4975-9844-ebd8be4312e0,2026-05,1,0.983258671107499,1.0
f3b1e0bb-7576-4277-a46b-cd69319a98e9,1218c50c-4da4-4f61-baec-5182a25958e3,2acd9f1d-5e5c-475b-b951-24e908d2fd9a,2026-05,0,0.6077351754530632,0.6388192166698823
f5839a02-4ac0-4b2f-b927-d70d2e296e11,122c395f-56fd-4482-fe33-7fa3c3cd30b5,45df567e-3c5b-4da3-8bfd-6605e5e6c7a9,2026-05,0,0.04394812779765418,0.0
f5cbbc10-8f6d-42f8-bef3-c6bc3a79b2c8,1261d726-9481-43dd-bac5-f1b158c8ab32,e6357f5c-05c6-4829-9508-d39b4be473cf,2026-05,0,0.12293841553676342,0.6388192166698823
731bbf73-5cbb-49fd-be30-df45a62a12be,1287ac56-adee-78b5-6a6b-56b3e8dd7d48,c88936bc-cb40-4598-a743-3c301dd4dccf,2026-05,1,0.9841554863255064,0.9333333333333333
ce21c63c-11f2-4f43-817a-13ccdd4672b8,1422ace8-beea-6d1b-73fd-1d30597b40d5,cc479b4c-9ff2-4d88-8eff-9314403f6113,2026-05,1,0.9995804465397973,1.0
106b6880-6150-41b6-a58d-de92cb77b39d,146a8458-f956-54ed-317f-b99f7d16fff8,9698da1c-596f-48ae-8618-16b9c409f192,2026-05,0,0.03188775540869726,0.043478260869565216
452816fe-0da0-45ca-a954-798d0a422e93,15ff5934-5a4f-43fb-8bf6-4d798bd6a28b,9af60a9e-6b26-4092-a74d-63db07835fca,2026-05,1,0.573157594351812,0.0
24580c4e-7836-4cb4-aa96-dc079ee8eb7e,18788fe2-f6a2-826e-2199-6cec118c6d00,6a5d492b-8175-4c5d-86ac-ff94ea72d963,2026-05,0,0.07515065598546536,0.08695652173913043
94d67da8-d3da-4fe9-9d05-d224b064979c,18d86801-3cb7-11d4-8b9d-433429296014,9c5f6705-4936-4bf4-91d9-8bd75b4c341b,2026-05,1,0.6678941576112509,0.3333333333333333
4d13a058-c757-4cf5-936c-9477a1cc0ba2,19214e19-efc4-4eea-8118-944c998e3ab6,6d956c8b-fb4b-472a-86dc-1822f77d09b6,2026-05,0,0.7775791793946712,0.6388192166698823
2395ef8e-74ce-4e3f-9b43-e303b1b3de02,1932ea80-c6eb-874e-eca8-12410fa7a608,7ce79ba5-79fe-49c0-9e0a-2ace149ffbd0,2026-05,1,0.07563905554735433,0.0625
5b41cedb-01c5-498b-b1ff-3284c3913628,1a171004-7682-1c39-e6a2-758b668c33b0,d700c1e9-4564-4c4d-a800-2b6d68e962f7,2026-05,1,0.996106885763416,1.0
bd2c2c4a-ec21-4452-a63b-9556ed2653ee,1a3b6c74-26e1-7124-0b5c-7f783d71624d,3aaba622-f423-48be-b5c5-5516fd1498a3,2026-05,1,0.9960075590600567,0.75
b2b73058-bd58-4cae-94d3-0a8d8b7de8a1,1b003ea3-bdcb-0416-c3c2-8ff60f2f65f5,419e1438-3ed5-4447-9f4c-68505b3371d9,2026-05,1,0.950238467041092,0.9166666666666666
2b27310e-f7d9-423e-b9f0-6664815c3ed3,1d4c0119-5151-7a5b-2266-f16e44f67157,55469cc1-579d-4801-bbbd-4f113cad46e9,2026-05,1,0.9990397948583736,0.9
6e717f04-d67a-4aef-93fa-3aeb2e23791b,1dc2bdca-ae79-4cd5-9d74-961c02cce282,53f80b16-81c6-48dc-a5b5-3ffad0099564,2026-05,1,0.6041004941801507,0.0
dc524efe-0181-4e3d-92be-fb71dd89c4fc,1fc0c3bb-f35c-8d5d-a4fa-a9c1723cd8ab,daa4363b-15ef-406b-adb8-5451eb652e2d,2026-05,0,0.22994057731777304,0.7222222222222222
ee25bcb1-772e-4e3a-9148-f175e1132f53,21e237d1-286e-324e-0cef-45725d629768,a6e807f3-afdf-44ff-b5cb-81a3f0906217,2026-05,1,0.9951530867501311,1.0
e79609c8-e158-43ba-be1a-b8fde712e87f,227f376b-633a-5615-5670-c29559d0a08b,b98f8c1f-f2b7-4f45-a583-7bb76e52c466,2026-05,1,0.7245717246164138,0.3333333333333333
241670b9-1d14-4816-89be-c0a6649af1d9,22a9494d-0e02-6fba-4aee-7947f1e6110b,a9694079-2985-486a-8cd6-bd3243751b22,2026-05,1,0.9990512513140763,0.95
c13419cb-9070-40db-90f1-30e73770f5de,22b0be2d-52c5-1127-642d-4f1083b404ca,073645a4-3ce2-4cc7-96cf-54d0f49f2353,2026-05,0,0.12237896532795178,0.2
420cdf9c-e8a0-4b94-9446-01c85c9acd88,238b347e-e7e9-b1a3-31a8-a2f8fed99f55,3d2bb31e-a4e2-4d67-b934-8fbb641505da,2026-05,1,0.9988180645343445,1.0
c89c0a45-ad31-40ec-8ce3-f9be02d8cb70,23f7ef5f-6b26-a104-b616-b438d7e9243c,8cada743-d341-4211-b2f2-094d551e9ef3,2026-05,1,0.9795034389232479,1.0
0866240f-3ffa-4536-a7cc-4f4e8de6af82,251051cf-e3b5-5d37-918f-bf22b4875790,05a7138b-3291-401c-b2bf-28981d85d111,2026-05,1,0.9993524519138159,1.0
e117548a-2564-47f6-8a11-3ffb2ccc66fa,257579ca-bef0-99b8-f916-e518891ffdab,66d111c1-cc43-45d5-a2c0-be03b4449aeb,2026-05,0,0.33549656515337417,0.6388192166698823
7bb14fea-307a-4322-b155-d1c72b0867a5,25aa2406-e171-b558-8249-7a525d126d8f,a0c56020-2eb8-4b3c-80a2-f837b1555d64,2026-05,1,0.9958658422227102,0.8333333333333334
3d103a1f-f0d9-4228-a7d9-6eb24b7b4d7d,25ef6338-6197-45a8-82d9-ddd0a846f1b2,4a578608-57b6-49f8-ac47-7386b4e4ba50,2026-05,0,0.2570111815884429,0.6388192166698823
bcb4b7a2-53a7-422d-b5b6-648f26af8e7f,2631ddfd-660e-8719-1876-82cf88e13a60,0c8b2433-3b52-4a31-973c-d1049e2367ce,2026-05,1,0.049635959661097614,0.06666666666666667
a5990e77-517b-451b-9935-0a3696ab7f33,26b16f30-da65-8aa3-d1ec-4867ac2a8f35,55c869da-c670-452e-aa98-469528be9efa,2026-05,1,0.9527576352485971,0.75
72b438b7-3338-487a-b3d1-709ec5ff06e8,2794ccf7-4966-f00d-35d6-34ac17db73ea,29309a70-09a1-4c35-b877-ca27b04ec436,2026-05,1,0.9954244172157535,0.9210526315789473
90978e61-6b38-4a2c-b96d-55ecbd9f7deb,2ac2da6e-0954-f906-32d7-a1f55477c590,7c23b4a5-63fa-47d1-8211-a565f6ed8ee9,2026-05,1,0.9742127943566407,0.75
21e84ddc-b7f7-48f6-81a1-8582de15898e,2b785f57-1c4f-d4a8-d486-b69e7b2db5bc,3c7ccdf6-cc34-4475-9b15-a0933043ad80,2026-05,1,0.9921533398188185,0.9230769230769231
cb659c61-fe01-4211-be89-9b3eef477078,2ba81159-3fd3-401a-b806-4cf09e7dce86,c6035e5d-f32d-44de-a23b-055e75dcfa6b,2026-05,0,0.29787536751709554,0.6388192166698823
67b6da93-eda5-4201-9906-50967f49dd29,2bd67002-1f8f-faff-efc5-5063dbedf10f,fe2ad17f-410e-481b-ab4d-af0e65a40934,2026-05,1,0.9866133706303541,0.9090909090909091
73473f1d-2c12-4819-97d1-b035b269d585,2c05db07-e980-4d52-a524-1b1ee5185554,3359585a-5168-44d0-8c31-fe926dcaa27e,2026-05,0,0.11060694360790735,0.6388192166698823
370b8c73-d4c3-418b-ae66-3ee657c74191,2c1980eb-be51-916e-8f61-1e8fe83afb0c,345fd782-4252-4f02-958d-3531a545878b,2026-05,0,0.7345424986529278,0.7777777777777778
e3fe5bf2-9320-4883-934b-424aeb1bf9db,31f3f7a3-5dc4-21cd-ba54-b41347a7822a,2d403254-d4e3-484a-ab66-492809785e47,2026-05,1,0.9965678405652563,0.8125
48439ffa-584f-4b0c-8cc3-767ced84a37e,38069f8b-d44e-0b86-a0d1-dafac5ae1232,0bb006a6-102a-47c8-8091-3f3a4bc5731a,2026-05,0,0.05977706151680528,0.09523809523809523
a2c1cdbf-5a72-460e-9fc7-58144eedc6ad,38305983-db92-2c3c-7949-96f7ca7833eb,f9922902-5337-46f5-bf1f-7d8982a685af,2026-05,1,0.9811128467723575,0.6666666666666666
573dc184-54a6-46fb-a0eb-358e7674806b,389859df-460c-4966-a71d-eb7bbebae67b,1fa23c51-df27-441b-b6f9-749824d586dc,2026-05,1,0.5650876628899032,0.6388192166698823
c49de441-1822-4e9b-9900-555371e04d13,389859df-460c-4966-a71d-eb7bbebae67b,1fa23c51-df27-441b-b6f9-749824d586dc,2026-05,1,0.731777725996927,1.0
15ab5c40-2719-4f24-b462-f14b2295a316,389859df-460c-4966-a71d-eb7bbebae67b,28f1c8a3-249a-4338-a9c2-c9f51b3b5e20,2026-05,1,0.03260105213996159,1.0
b271a452-6b28-42fc-9e03-200af75ea084,389859df-460c-4966-a71d-eb7bbebae67b,28f1c8a3-249a-4338-a9c2-c9f51b3b5e20,2026-05,1,0.7838314655789934,1.0
72aeae08-25a1-4fa9-9dfb-9fcc2d19b913,3b02f95a-b47e-1037-4f8a-f2f31e35c98e,ac6b528f-3e64-4f40-a65a-a073b663edd0,2026-05,1,0.9996161821281241,0.875
967523b3-2710-44db-8660-1cbbbc9528b1,3b27dc97-dafa-0480-7b61-5549a3ea7eee,be99f7a0-c9f6-43b6-9cc5-04577043e0bb,2026-05,1,0.9993885937556709,1.0
d57dac34-52de-4133-a54e-d4c65dd9889e,3b48ac67-d1fa-b227-f284-5da0a25e5ac0,a6ebee32-e984-46da-929f-4e1c0d37ccef,2026-05,1,0.9720914478380556,0.9090909090909091
768ea324-38fb-4666-9a0e-c1f80f3cdafa,3b48ac67-d1fa-b227-f284-5da0a25e5ac0,a6ebee32-e984-46da-929f-4e1c0d37ccef,2026-05,1,0.8910918853068686,0.9090909090909091
84dbbf59-7e8b-4e24-a320-1cedd851930c,3b48ac67-d1fa-b227-f284-5da0a25e5ac0,a6ebee32-e984-46da-929f-4e1c0d37ccef,2026-05,1,0.5480048470660425,0.9230769230769231
5145a725-83d7-4cb2-9509-109b181f6c45,3e50af3d-452f-d098-b3bc-3c2a64576d55,288569c1-8892-451c-ae1f-6ccf0c41daa4,2026-05,0,0.5003580812638646,0.29411764705882354
700088aa-e515-4ef3-aa7d-1ed1484eaa2c,417cb75b-9992-4df9-28ae-ad4d2313621f,bb51f6f8-2b1a-4e9f-b3e3-16a942773d8e,2026-05,0,0.3377710162575806,0.5
61b78d3c-d9ac-431a-8941-4f7db6a92659,43774f3c-9ce6-fc78-7857-b8607c3e1966,db615118-b5d5-48fb-aa2b-90a5dc340c0f,2026-05,0,0.9826032381615711,1.0
2e461c89-1a68-49e9-b223-8c3de8cf0fbc,44bf5771-a669-438c-a190-88aab999cfae,aabe391a-b8fc-4f8b-9b7c-414468bc4d54,2026-05,0,0.1233390376069826,0.6388192166698823
42403e01-c976-4d55-882e-68899e02783e,4505ca5d-0961-03c9-5943-ffda2a5ae270,0f6ef705-bedc-4008-88a1-8c600fe56c57,2026-05,1,0.06996844360547592,0.125
41ca7270-5b70-4075-93bb-cd825f74fa9c,4628a4bf-d4c5-9e5d-471c-271b9f3e7d03,460261c6-c1c2-4654-81fa-19637f3602a8,2026-05,1,0.9907458354381764,0.6216216216216216
6b26b104-c8d9-49a7-b290-c8286531c82d,491b8136-32a1-37c5-5253-b53ff3991d86,db02e562-aa09-448e-9187-bfa7c3788aca,2026-05,1,0.3560145679172292,0.5454545454545454
5f97fdd6-1653-4ff6-8a36-ab13b7d24e7f,49355947-7605-ec5f-7d81-a6597f38d76b,0318d74f-95a7-4ced-92bb-ded9eb88d273,2026-05,0,0.11455048580965277,0.0
8330b831-c377-4107-933f-ef28802680b3,4c4ad4c9-59bf-f152-d0ff-6502ec564cc9,91e9c4a4-cf9f-4ea2-bbce-8ca8d01150ff,2026-05,1,0.9929641067356797,1.0
f52888de-5e3d-4fb1-8fcc-e5106a97ccf5,4e39608a-6f55-4cc0-ac26-00c939421464,af516c5e-d805-42d6-b74d-de67dc41d376,2026-05,0,0.6737828953757561,0.6388192166698823
739896ef-11ac-48ce-a0b4-575127b8c25a,4f75b0ca-7bed-c37c-cfd4-1e361a1bb6d4,94474160-d37a-495d-a16f-f7280c3b7a29,2026-05,0,0.2702280231172407,0.2222222222222222
f6962bbc-bf6f-4b53-8875-be03f44b5a95,510cd475-6538-7d02-413c-1a0f553ba4e6,26a0a5ca-7623-4406-8776-15d57ccb11fc,2026-05,0,0.04056611323626042,0.11764705882352941
4e6ddba4-4e4a-46bb-ae96-387f2fcea997,51c3d3a9-bfa0-4a8e-a687-3ef46bc022cc,6b4279c2-88e5-42c6-84c1-71f20002952b,2026-05,0,0.4925519015242446,0.0
19de3e02-ae8a-41db-86b3-805610d7c655,521635f8-15aa-4ce1-ab2f-276095cbbe1a,fafe913c-97b3-41f6-b828-d278cd6b473d,2026-05,1,0.3284713716842262,0.0
a46b8d60-c456-494f-8097-b1b63e31bdc5,53416e34-aaed-471f-937d-0fea74c444b8,4423cb72-755e-42c0-8b73-0855bef4f660,2026-05,0,0.16464363849580108,0.6388192166698823
ba758cf4-5700-470e-9e24-85000cce9bb9,5527e05d-475b-45ed-a6f4-284340eed262,76f856ea-75bf-4a65-b822-9265eb344968,2026-05,0,0.6093239022472395,0.0
5a9d3a75-f299-4ef8-af50-ffaed5d693d7,55ca6f7c-112a-ec33-7c1c-987508bc9e41,3820ef49-8442-45ed-aeee-6a7a0cec9205,2026-05,0,0.14180972888012602,0.07142857142857142
60d02def-1b85-466b-bcde-c9d04b291626,55e6e452-fae2-a5ac-3c12-21424bffbcac,052eaacd-614f-4cac-8bee-618b1549c36d,2026-05,1,0.947650843835728,1.0
b9225742-6213-48b3-a2f7-1b4d21213d61,55e779dc-a32b-2acb-173b-7de67750927a,5dac2237-5cf3-47ca-a63e-d32f16420f6f,2026-05,1,0.96546539079673,1.0
11562014-78b0-4a3b-aae4-51d75520aaf9,5b45a840-9d6c-242e-0e2f-2e2c972c2eec,1b8d196c-a429-4d7f-823b-82a43769d60d,2026-05,0,0.09512151908867571,0.0
976afe53-a6f0-4838-b453-8cd244c4c01a,5e901269-d116-cf62-7661-df859f5b02dc,a15489ed-053d-4793-b95b-de0cafc05473,2026-05,1,0.939535740257291,1.0
3eb741a7-adaf-4a51-bcaa-6f25e7e1e6b6,5fee0a79-3970-704a-2332-f7c7598e86c1,fad9c620-d9d5-479c-981d-4bc0521c94bb,2026-05,1,0.9907568029710639,0.7222222222222222
04716353-4f44-4f86-a034-55f9ef19df62,61031b0a-ef18-26aa-64b7-d412d7b3d276,99eb3f32-d53e-4470-ab2a-09ed6e9b3872,2026-05,1,0.9920438171396371,0.48
85fb6e9e-5991-4895-81c5-b0dfab90e5c3,6162731a-4a9c-e887-e586-1ea574985777,f2f4757e-a36f-4615-8d08-78e18eccf3b7,2026-05,1,0.9935908951465664,0.5882352941176471
45ba56c0-17d5-4b41-a489-7ff5886ccb51,618f174c-7c45-cb54-907b-cacc78483918,19cc5bbe-1012-4cbe-bea4-9ed7f1aa163e,2026-05,1,0.9963551745617565,1.0
5889a0a5-8910-4d05-b0c9-2dc9ab10bbd0,630c8120-bdbc-832c-24ca-aca9e6b49891,cdbd0a31-d685-4189-af7e-25c08d80399b,2026-05,1,0.9891016646196387,1.0
b83c1575-e9ae-4c3e-af1b-23164a42dfd3,6542b72b-196a-4538-a690-2db7cc212936,ad2138de-e1c7-4dff-92d0-7f9ade15e56a,2026-05,1,0.9970006518518273,0.9090909090909091
6ac3f15b-cdcb-4f96-b597-66d91fe7df88,66fbcb59-3d06-d8cc-b1d5-53f38a599207,b6b48bf2-25a2-4810-9338-b1847a53c5ed,2026-05,0,0.07563905554735433,0.125
e7fdca6d-c0a0-4cca-ab14-103ca3df9819,6b4a40d5-2eff-4bcc-9de7-8882d77546c0,f312b2ae-7f10-492c-9287-54120aec2b40,2026-05,1,0.23974290837942436,0.0
b4fc6e19-e5dc-4efd-a083-229d7de49dcc,6b4a40d5-2eff-4bcc-9de7-8882d77546c0,f312b2ae-7f10-492c-9287-54120aec2b40,2026-05,1,0.4699890439065601,0.0
4cd834c3-b729-4fff-bb0c-dd85f82ead9d,6dd50e39-9843-4442-cc09-3b49fbe97fb9,874b3b50-b801-4e30-a0a9-808746433886,2026-05,0,0.016480177068338882,0.0
a7bb02b9-7563-470b-bf34-1a408ff62c86,6f622055-47c5-9b2c-b332-2d5d01953e51,020b9ca6-f237-414a-a692-e254856c4cef,2026-05,1,0.08464220010495693,0.25
6212f820-23cd-45b9-b2e7-5adb7a2531db,6f622055-47c5-9b2c-b332-2d5d01953e51,020b9ca6-f237-414a-a692-e254856c4cef,2026-05,1,0.07928124819370073,0.25
c923c293-8d71-414e-8d1c-da827511b83e,706ec709-36e3-4de0-a55a-522efd0b3957,8872ba1f-ebbe-4b26-b0c9-a5b330c229f7,2026-05,0,0.7769368219897143,0.6388192166698823
724253de-c42c-402c-aff8-23806a4c7776,72ac33cc-b9b2-9cc4-47fd-d37096c8f30d,c7f06da4-2365-433f-adc3-9f9169263644,2026-05,1,0.12344202170327778,0.0
23254c1f-0a9d-4bd3-9b74-4692bcbbab5a,733dd472-3b1e-dd43-76e5-082ddfe66c5b,43058d1d-6ce8-4ad0-9f04-48ad2efa67c4,2026-05,0,0.09431233077261747,0.2
20b5c43a-41ca-4b30-980a-38eac0346b91,73715344-908a-b7fa-00cc-34358ffb16f0,3aabe842-7390-4208-9bde-936af6f8b658,2026-05,1,0.9411396782524202,0.5
8559893e-0b5f-4f27-a7bd-70cbb3b353d0,77dd12b8-a20b-05c8-2372-79ba1b1624a9,3ca315cc-b9c4-4379-be8c-c2df8c0e42d6,2026-05,0,0.02467070014335027,0.0
48894d02-2c1a-4b28-9031-e012585e4649,791c16c3-5afa-4081-a47c-53439979e5b3,3e77d5cd-7102-4a50-a5a1-f77aced5ebb8,2026-05,0,0.331032107819534,0.0
d2ace94e-e138-46e8-bb90-ea69748afdee,79d4d3fe-73c5-a965-030f-c60220ee20cb,ed99994f-80a9-48cc-afab-45db09c246e1,2026-05,1,0.9944669193544479,1.0
d935db11-368d-4c89-b0aa-f2006214a08f,79d4d3fe-73c5-a965-030f-c60220ee20cb,e1603fed-7593-4717-b5a0-f63c1e03483e,2026-05,1,0.8719348203391009,1.0
c789feca-58d8-4689-843b-c7c36445b9af,79e31f6f-69dc-a40c-27d7-3f076878f83c,a0cd9c66-c067-4001-ad7b-586b6c15537e,2026-05,1,0.6313916018217443,0.25925925925925924
8b5a89a4-988e-44e7-a52d-5ff71470f299,7e2a1e58-e10a-4352-ca15-59fd22f2c07e,0f7ffc2e-0a2e-4aff-92cd-c4f4478f694e,2026-05,1,0.9957631930892219,0.6666666666666666
9f80a3ee-1755-485d-8e91-3bb6d59bf807,8123af5e-305b-80f8-20db-4d54b7f628c7,e42d2bdf-7c18-4bd9-982c-de09a231f52f,2026-05,1,0.9976209715936757,1.0
3b50d04e-c37d-47e5-acfd-b84355f0687b,82be44de-b1d6-4e48-e6bb-33ec98b83c7d,6edb4981-c302-4992-b7a8-e24912892b61,2026-05,1,0.9840119229328543,1.0
73776e7f-89b8-491f-a803-dc229d28d67d,8334eb99-0bc0-3c80-9ff8-83bea3d7b5ef,cae46a0c-8545-4ee9-ae5e-3f94bfa02442,2026-05,1,0.9490515701884302,0.3333333333333333
9ef81a96-aa0b-490d-889c-f8d213e5e5bf,83af11b3-a274-7404-3265-ec658f74f8cf,a592d732-fe7f-4bfa-841d-7433e477f43e,2026-05,1,0.12798719298170255,0.42857142857142855
01452897-5644-4775-8d8a-787b17863c4d,83f51f9d-9d36-eda9-e7fb-5b1badbbd5d9,2f49d447-f15d-424d-9a7d-be051dc880d2,2026-05,1,0.9829131681278933,0.8888888888888888
1c9fbe5c-0e84-4906-8db6-7ebd0c971cd9,84c2199c-67b0-4d65-bf33-31f2a6ad244f,0ff1b2b8-e451-49cd-a49e-a90da9e8bb9b,2026-05,0,0.5488354671012536,0.0
7a208468-0d76-4e7f-9827-9394134e7044,84c2199c-67b0-4d65-bf33-31f2a6ad244f,0ff1b2b8-e451-49cd-a49e-a90da9e8bb9b,2026-05,1,0.09667688635055235,0.0
ac8c6948-1ff8-4f63-ad33-3d3d15cd6126,854c86e3-8b7f-0ca8-f4ac-c6a073699611,8db9e51a-5204-4143-a5a0-086b8cd03403,2026-05,1,0.9996215644271496,1.0
f6d43da9-e5bb-4140-8f20-df29d285d361,855f3f6a-72ae-46f4-4cc2-a9a0d5df5b70,9131c211-f95d-4213-9955-02879ced6aaf,2026-05,0,0.12131637829634975,0.06451612903225806
0d763e43-edca-47b5-8806-499ffacc7607,86cd2239-fa55-0389-437e-e8fd505dc931,20d5e9a6-73cd-4f5f-9b27-ba9a13e7864e,2026-05,1,0.986224328732246,0.5
7afd00a0-2cee-48c2-898c-9a4d32dc099c,8709ca2e-a8a6-48a4-b8ce-e813c4796ab9,4c47b9e1-78f5-473f-99e9-31c4da4f0f0d,2026-05,1,0.9139262072315052,0.6388192166698823
44cf49e7-e2ea-425b-a114-d176de8f8a90,8709ca2e-a8a6-48a4-b8ce-e813c4796ab9,4c47b9e1-78f5-473f-99e9-31c4da4f0f0d,2026-05,1,0.6407329484110379,1.0
f2338223-7877-4aa8-ad87-214c483ad5ad,8709ca2e-a8a6-48a4-b8ce-e813c4796ab9,a6efc369-3910-43e4-b870-b5daf647ecd8,2026-05,0,0.09491894622743284,1.0
14b0b445-588f-4a5a-8ca9-7da5ad0295ec,8709ca2e-a8a6-48a4-b8ce-e813c4796ab9,a6efc369-3910-43e4-b870-b5daf647ecd8,2026-05,1,0.4975100719686068,1.0
e8676339-74f3-4124-a2b5-5107746d045c,87a1e515-e2e0-110f-05d1-04f5a83c066a,a089c1bf-e6c1-4700-b4bd-52304e5c006f,2026-05,1,0.9891016646196387,1.0
6ca67d11-3a09-47d0-80a6-e5943a53649e,890b32d9-f754-8150-5a18-8a21fcdf3828,badc4f52-9209-4008-bcff-ed3cf3a3726f,2026-05,0,0.39040452638017004,0.5833333333333334
567ed315-6c70-465b-bcb1-c1e0ae58e02e,8971261e-a813-477f-94c0-0a9661dc4c34,4f2cdcfa-282c-461d-84f8-aefe0567d4f0,2026-05,0,0.7775791793946712,0.6388192166698823
94c96f17-a969-4ff2-ac8f-3f06756e42ae,8996897f-e383-4fca-87f9-654e1b14b3c2,31c9b57f-ed29-48c0-8c4e-e04fee5d8436,2026-05,0,0.7886410489764405,0.6388192166698823
387609f1-cdc9-4fc5-a377-c81c04b99ad4,89d188b4-94a9-2f97-e068-155ed8ec3f5e,9ddc3b2e-3ea3-44e6-b674-4cc843ee0e0d,2026-05,1,0.979505136756501,0.7142857142857143
a74ce17f-3060-4b5d-a1e9-334575bfbff0,8aacbc78-5e56-b3c0-f8bc-fcb5490b94f3,d06e259b-0f3f-4c09-bc77-00ec39ab5924,2026-05,1,0.9961870290888897,0.9117647058823529
b28d2d63-3777-4062-bce7-7de2dc31f82b,8b48adf3-c14a-fa6d-9785-b4bcb35f8fbb,656473e2-7641-46ed-9ba0-9fa996a8b682,2026-05,1,0.9947877260839231,1.0
1419d272-e40c-4f1c-9f9d-76c561c8491b,8e125a87-1a3e-4b52-855b-635c06bafd87,d2cd92f7-dd23-41a8-a665-1d8e656732e6,2026-05,0,0.34061411174688966,1.0
f048cb30-8bd5-4098-b7ab-64a6122dd64f,8e39a9bd-3317-b2a6-22a6-16fa4cab9632,14f9659a-5710-47bd-945d-74b61d0ed70a,2026-05,1,0.9333282676749017,0.8
bbc6b466-53c5-4f11-ab11-ed7f16729bfe,8fd367e7-7404-4ef6-530b-a40219a48f1e,de3fc75a-dc8c-4bfb-b959-494a94a5d287,2026-05,1,0.0919042620606948,0.4
d4b7581f-2cc5-4da4-a166-58d77dd07263,8fd367e7-7404-4ef6-530b-a40219a48f1e,de3fc75a-dc8c-4bfb-b959-494a94a5d287,2026-05,1,0.2658265274650112,0.4
bb3258d4-67de-4588-9d1e-9660043cc74e,93eb3d6a-d35b-ef1f-83b8-7430b6ad1674,c812ba7b-6318-4ce6-b0dd-78749fff30e5,2026-05,1,0.9866647663872269,0.48
07f616d5-5e1f-47d3-8eb6-587e77229395,94927866-7ca0-4311-b799-972822792cb8,8cd3ef09-94c7-4773-b3fb-823d2cf16c19,2026-05,0,0.9192409989278636,0.6388192166698823
ece48847-f454-45b9-8fcf-2ecc01c6656f,950dd22f-78fa-d205-48b3-fe5a5cc7438e,62887698-aebf-475f-9c98-0a212110dd24,2026-05,1,0.9978271608970809,0.8378378378378378
91fd5125-0192-4f95-99e9-f347ae8c3914,9541a16d-d020-eb78-80f1-a4a2d4b7775f,bf9b5cd5-13dc-4229-9b7f-2fd8541f64b3,2026-05,1,0.9788575868535964,1.0
92713bad-c8a3-4768-bfd2-ceaa59f5a23f,9653a402-ff75-bbdf-8cc6-1cb0ca01f233,81f71080-dac7-40e9-bb6b-3526cdd47015,2026-05,1,0.1590799472292867,0.15789473684210525
a657ebf6-b0ad-421c-9c37-7d3bb134b643,982397b8-b96b-4d87-eb8b-62916e148d45,e053e915-af46-443c-ae72-9afc7fde4294,2026-05,1,0.9963580419940711,0.875
6b85fe3e-c056-4da9-8038-14cfd8c42435,982397b8-b96b-4d87-eb8b-62916e148d45,e053e915-af46-443c-ae72-9afc7fde4294,2026-05,1,0.5896180055987092,0.8888888888888888
d4d97e9d-bb13-432c-b24b-45faba30208e,9c88cc60-ea13-4dd1-9930-ca14ff0c6aa0,da786425-8bf1-4da0-b417-6371476a7bfe,2026-05,0,0.11060694360790735,0.6388192166698823
bebb7b81-62bc-441a-81a0-b7e820002efa,9defe9e8-4059-ba6b-5abd-0d1304e73008,f56bff0c-85b6-4ece-9597-a0712f4e6908,2026-05,1,0.4323679832038947,1.0
09e3a2c6-fc72-4b79-9c73-630b0fafd10d,9defe9e8-4059-ba6b-5abd-0d1304e73008,f56bff0c-85b6-4ece-9597-a0712f4e6908,2026-05,1,0.9788228233812822,1.0
dd327a83-3212-4fdc-8277-cef2a70ed2f8,9e188cc2-9f75-4d15-8fa3-9348236cae71,30bf7a47-8033-40e6-9b42-8c799808df57,2026-05,0,0.0828943268022541,0.6388192166698823
42f399f7-a1c0-4b24-8a44-4e6e28f8d5d5,a267e3ee-ef69-4d54-8414-357c81b2eb3c,4eb2b3b6-d5de-4190-81ab-e563885218a3,2026-05,1,0.03899664663089242,0.6388192166698823
2dbc7ce0-7863-4b44-b719-7d2a2934ac3d,a267e3ee-ef69-4d54-8414-357c81b2eb3c,20a89758-648a-468f-afde-36d66ffa0044,2026-05,0,0.34061350226624953,1.0
b117e4a3-9e19-4a50-84e3-93a1eaf2176b,a467df39-5ec5-465e-a471-e2b54be7bc71,55765ce0-31dd-476c-87de-500e35aa75ed,2026-05,0,0.2570111815884429,0.6388192166698823
4ae1e277-92af-428d-9a9f-b091e9c0278c,a4709d2c-85e2-3d68-7467-1eaf879ba2c9,a38411a4-41ea-4525-b071-7072a55c3975,2026-05,0,0.12936731006947827,0.2
8758c70b-6334-499f-964f-5acf0748cd2a,a4ef95bf-1c7c-4c4d-0497-ae38085af6cc,22638b59-a59b-46e7-86b9-34c7ea2d2847,2026-05,1,0.9909569611818663,0.5
66aef6d0-962d-4082-86f5-bee17ffa4451,a6037691-771e-8146-3714-f9dedb8acbcc,9b2b3fe5-0f02-4525-a84a-61d6418d0fa4,2026-05,1,0.994653662738336,1.0
cc890810-159b-4044-8fc1-4e366e9ad61d,a7798da2-f8ee-1840-a1f3-f29a9e764b97,9ffe9701-32ac-461a-b5a1-8bb653d34a4b,2026-05,1,0.9990877871165852,1.0
2f4acbe0-8b5a-4b1b-8744-c7854d308bdf,a7dadee2-80e3-eba0-084f-5f1847bb3aa4,a2b0ee31-8c68-4f88-82a0-a97f2818ee85,2026-05,1,0.11767576371391376,0.3333333333333333
4cfcc5cd-2680-4f78-96ba-ed9846f8e6ab,aa88d180-8c53-dbe4-70de-ecf38130d3ce,ac2059a9-ac22-4c7c-94a1-cbc4cfbeb93d,2026-05,1,0.9987079753237524,1.0
53588af2-427b-4396-9b6d-47a020aed546,af12a12c-92bf-088b-3073-292fe4dfc478,bdc2c4ae-b9b2-4aa7-b8bd-01fdd0145e27,2026-05,1,0.9979946907695401,0.9166666666666666
b7ce3f4c-95aa-440a-84b8-bef1c906043d,af8d560f-407a-4e9b-49e9-88f54d8671f4,56e6630d-239f-4544-99e4-87ae533ed05a,2026-05,0,0.07449330556703584,0.0
1ab87862-d6aa-4d35-b20f-aed276559134,b0348aa8-ad9f-d0dd-94e8-c71a6627c930,db9ec732-0eba-43c2-8e97-5e7a05e17561,2026-05,1,0.9956995469378381,0.6875
2a5975e1-e8bb-480e-a97c-b9b210fa2f71,b0a6f0b5-9fd8-112e-2bfa-24fa8a25779b,f5dc7322-00ac-4867-a914-e2bddeac9a0f,2026-05,1,0.9880510700050535,0.9230769230769231
edf64777-6eec-4f1b-909d-d0e0f3e17804,b19dfc6c-a5d5-734c-3d3d-6389c281b3bb,2ddbff71-425b-4f25-a932-e1bf574b2035,2026-05,1,0.9953709185189387,0.9583333333333334
3daed8ae-40f1-4090-b5c0-99e6f16bacfa,b2f85d5d-acf9-7c53-dc5b-0d3b67b462c5,ca99fa52-1a9f-4d9c-809e-b7b9c30d2129,2026-05,1,0.9489001168168892,0.6666666666666666
21dcf37a-937c-416d-b0c4-8bd06131bf0b,b3002707-86e9-43d5-956d-cf108fb6a23f,0775dc45-b49a-4b77-ac42-878673bade62,2026-05,1,0.25756556636168215,0.0
d91668ed-aa03-441f-8b73-39fee18deaa4,b4a50439-db13-dc26-d980-eb079b321460,902fa4e5-f7dd-4671-9d39-6516ba2e51d8,2026-05,1,0.995097537876449,0.875
37fb7235-f922-4d88-aad3-ce0a974dede2,b6263381-5732-4544-952b-edde50fdfc28,7013f2db-d34c-4c31-b3eb-91d6dda154ff,2026-05,0,0.782016151714537,0.6388192166698823
984a330e-27e5-4536-a350-8e83302052af,ba8dd5e0-ed0e-8b6a-7098-2732476feb31,31a1c073-bb44-4019-8548-0c5a8114de7b,2026-05,1,0.9675031725162139,0.36
b284c0db-1aa9-4b1f-9229-b82a784c7b99,ba90613b-fe14-4fa4-d646-199878d3f058,9c29f798-675e-422a-b4fa-e91d17f84eb4,2026-05,1,0.9774287846806321,1.0
806afb36-979f-4379-ba15-609548ef7251,ba90613b-fe14-4fa4-d646-199878d3f058,9c29f798-675e-422a-b4fa-e91d17f84eb4,2026-05,1,0.6923229377326652,1.0
effc0b8a-9192-4f96-b716-9c7a3f4a1199,ba90613b-fe14-4fa4-d646-199878d3f058,9c29f798-675e-422a-b4fa-e91d17f84eb4,2026-05,1,0.5722518599561572,1.0
af1c1095-7068-4719-9b2d-5212c622616e,ba90613b-fe14-4fa4-d646-199878d3f058,9c29f798-675e-422a-b4fa-e91d17f84eb4,2026-05,1,0.4482067810386236,1.0
a29b871e-5a23-42b6-b8d5-b8b17fb01e36,bcf8ffc1-fd5c-f6ab-0453-7a73c73786dd,d1981985-ab9a-4777-b85f-46da934e391c,2026-05,0,0.16329801199553468,0.043478260869565216
21f69f96-f542-4293-b70a-4c1ca17e1f24,bdcc24e3-6077-3ea9-b25e-2747d0f07be7,34b48e10-aa34-478c-954d-06259adb5384,2026-05,1,0.7702080814491185,0.5333333333333333
395347d3-8979-4310-a00a-ce0b94a21128,be68c44d-d4d2-478a-7b1e-c9c3fefac406,c6bf983e-033d-46e6-825f-5620364a403d,2026-05,1,0.9537982468589975,1.0
c789191c-3098-4db9-9bb8-d3f3579a26c1,be84008a-74d3-3cc1-6fd6-bcef998f7bff,4ab14a0f-9437-43ed-9504-94985a2312ab,2026-05,1,0.9981294757660187,1.0
991f4961-c3ff-4d41-8e4a-ef7a5ebb0d32,c02eb961-2471-c285-9c28-fb9a12aaf70a,c1c258d3-0750-49fb-8d6a-a5a84de41974,2026-05,1,0.9907872596734245,0.75
57e3b4e2-e145-4fbc-86f3-efb3db0d19f0,c0791d4c-9325-bf1b-30af-7af648c26338,c55284ff-f120-4606-8d96-29c8ec1ce454,2026-05,1,0.9988774663804592,0.75
dca3dcd7-a67c-4d47-be48-ebbf4f6ef4cf,c09e703c-d287-38c8-d1c1-239145e17df9,d60bf084-22b7-4aeb-a8fd-b48b4786c6fd,2026-05,1,0.997111505199776,1.0
79d1926f-f2aa-4ea3-96a9-2db20fa37bc3,c2329858-525d-2f70-5e31-bf9a8358eb3e,956b173b-5f08-4c46-999e-d04c26cb3609,2026-05,0,0.15406033004408085,0.10526315789473684
dad6e88d-db9d-4300-94a7-749a5c73618b,c39e5b6a-5497-09b6-25cc-89f1ea8a608c,014f81be-2724-4302-8681-1c89fa734cce,2026-05,1,0.9963188054529936,0.8333333333333334
e69cb29c-cddf-4353-bfba-0ecbf833d4b5,c3c77367-5f51-f7a7-e667-0e3480f53751,1d2dab29-e24f-4dd8-adeb-4c7b2bd792e0,2026-05,0,0.08685809455980047,0.25
39fbdd46-3d7d-4cf5-906f-ee1285471370,c49181cd-07c5-4c6a-a996-4146d002c886,d01b8836-44a2-4310-a6f9-2f87d399cc4a,2026-05,0,0.11619229700135257,0.6388192166698823
f625ae0f-4607-4368-940a-cd67b50ab5c4,c511ac63-cb7e-1453-92d5-ea4ffba1c360,53bd63b6-67b1-4de6-94a4-66b940e4e20a,2026-05,0,0.28078019672178867,0.3333333333333333
c81b2f3a-d5da-4854-9135-ac3fd42bd399,c675e97a-0958-0695-90b3-49311eec8fd7,f3d5faeb-a060-4d56-bb7c-559d3f157f51,2026-05,1,0.9891233784156642,0.7777777777777778
2d4c5d2c-964a-4bbc-9d79-883ab097e524,cb2574c2-6caf-4598-82dc-12b9569a6451,c5047a0f-6374-4758-87f4-9afa4ef861b8,2026-05,0,0.11060694360790735,0.6388192166698823
7942bb97-ced6-45c6-8d8a-34b67dec316e,cd2c3f97-4df7-b32f-d0c0-12031beae516,1265235c-5696-491b-925f-044ee29ba97e,2026-05,0,0.14884521643989515,0.08
e256b45d-2876-4e12-8839-a1781b93f231,cda37b51-1bbc-af0d-a560-49af88fdc751,467a4a8e-2db8-4bd3-a0b3-e4d37731be26,2026-05,1,0.9713403738366341,0.75
b97b8697-7cc5-4a6f-b264-246d41ed8a91,cebf32f4-3855-47cb-849b-815d2a2b5228,2b92c273-4b4e-466c-9430-ff2378db6372,2026-05,0,0.5488354671012536,0.0
c9cbfec4-206e-4b5d-a998-779d0784bf9d,cebf32f4-3855-47cb-849b-815d2a2b5228,2b92c273-4b4e-466c-9430-ff2378db6372,2026-05,1,0.09667688635055235,0.0
c3d61140-6c28-4297-87fa-94975529cba4,cf1318a5-0564-4af6-d90e-c3e76de1ef08,5268e485-491e-40b7-942f-61c133c796bb,2026-05,1,0.9983756141381975,0.967741935483871
3579c39c-6c79-4981-8f9c-433e7fa9128f,d178a884-0bd1-601d-4cd1-042bac71c6db,f775eabb-5fcf-4725-8ffa-808159d48485,2026-05,1,0.9996495833657557,1.0
da08b73a-ab0d-4549-b1fe-83f8358f2cbd,d225973a-f437-d98e-4e24-0fb32a7bfbe8,0eaaeaef-9e94-4d72-ab6c-6f4fa8a5eb26,2026-05,1,0.9979803677424256,0.8333333333333334
fd6d9ee7-09f2-4707-8c74-07b74684c53a,d2449d75-0593-4deb-a6c2-fae99fc83ab0,6d852880-001e-41ee-b447-e94c58384795,2026-05,0,0.2992561063199474,0.0
1623c485-bdf5-48c1-830a-6f6de87a238c,d257c87f-0e42-048c-8409-362e925d86fc,597c2d33-b758-4acd-811b-c7b22289dcbc,2026-05,1,0.9985850026005554,0.92
60e21be4-bfa1-4ecf-b3b0-f39e627e4999,d497808b-36e2-ea42-d247-85b4e409078c,959010dc-2b21-4db0-bbcc-902c491be61d,2026-05,1,0.9898667844335672,0.8333333333333334
fde4cf07-fdf2-4457-b2b1-582e34ba1176,d6268133-5904-3e9a-6956-9493d2f78a1d,0dbd34ff-df20-4e27-a2ad-bcd09666d64a,2026-05,0,0.15071745173217033,0.4444444444444444
97a9b403-bd76-42ad-af22-f28c43e4183a,d6268133-5904-3e9a-6956-9493d2f78a1d,0dbd34ff-df20-4e27-a2ad-bcd09666d64a,2026-05,1,0.968994420277157,0.4444444444444444
66ddaa6e-d876-4de7-9b9f-b2d95be5d8e7,d69476f4-ff97-e238-b732-85cc4b70703d,6194596e-7834-47cd-88c4-b13082ada4ee,2026-05,1,0.6930421359814094,0.6666666666666666
df6b98e5-55c2-4165-a00d-3285fdd7dc19,d69476f4-ff97-e238-b732-85cc4b70703d,6194596e-7834-47cd-88c4-b13082ada4ee,2026-05,1,0.8539590047394987,0.6666666666666666
49a37923-7e5e-43b8-88d3-8f425886e9cf,d6d33436-345a-e39c-9f8d-91c76dca514e,1bb08655-ecc9-4795-8186-bb34f130a593,2026-05,1,0.07640451733522823,0.1
664fa28f-555a-4f05-a331-f19b45a02bcb,d6d6b302-4f36-4d0b-8751-2dceccd295bd,0da14d53-61b8-4b58-b20e-46f13ee71f42,2026-05,0,0.4398162534654648,0.0
803e0d7c-0165-4a5e-8143-993641d99cc7,d751c131-c1c9-4f5c-88f8-7e4c6cb710b3,452510c9-42bd-481f-b8df-4cfcdf59bb2f,2026-05,1,0.9924653150330963,1.0
b383f970-f9b3-4a94-93ee-d4951ddc172d,d77b5c1e-605d-6795-5eee-1e2f9b83e069,ae68c045-42d5-44b9-877b-34c32d98fdbf,2026-05,1,0.6131724806641802,0.6363636363636364
8b4effbc-e758-426c-8145-41e7fe3908e2,d8c4b3c5-9b2a-4c6e-b1e8-0a98c9175234,bcffd7fb-53a0-457f-9d14-6d9ef2bbf48b,2026-05,0,0.11060694360790735,0.6388192166698823
393d8a5a-502f-429f-b753-685a5ece4731,de481a65-2fb4-4974-b7db-0ec990ea852d,fea05c11-59c1-4026-b397-4565e58eca15,2026-05,1,0.03899664663089242,0.6388192166698823
be39094b-fbe6-4fc7-8b16-747265c2e3ac,de481a65-2fb4-4974-b7db-0ec990ea852d,dfbde8b3-e621-44a0-905c-e17f85d8c21e,2026-05,0,0.34061350226624953,1.0
fdaa7154-f6ce-41fc-a2cc-ca5920decd96,df5ea39c-c069-5211-271d-f0d3831adefa,3394785d-ad9b-442e-9c87-3ab4f47b1876,2026-05,1,0.7649235240401394,0.5135135135135135
1df2cf03-655c-4940-afb7-d42e095ae222,e093abe2-fae5-a599-2ee8-ce612d47e63e,1dcbdc90-610b-4530-a9cb-a032f49707e3,2026-05,1,0.6835031685145968,1.0
5be3830f-d794-4a79-9a3f-5a8ba67b84ca,e093abe2-fae5-a599-2ee8-ce612d47e63e,1dcbdc90-610b-4530-a9cb-a032f49707e3,2026-05,1,0.9987259515694158,1.0
cdc36256-5e6d-4ef5-bcc9-5c91f8cb6a7f,e17238d1-34ce-0cbb-4dc0-f65e60ff52f7,5c6e4440-a7b7-4d5b-baec-a422ba050dcd,2026-05,1,0.9987075923547183,0.9333333333333333
94720a0a-582b-42ae-aad6-6d2bd04f0388,e426d68a-16d2-9097-ff7d-ae2521fb52e5,9c588654-a04c-4dad-9514-9aff226de468,2026-05,1,0.16196697135237778,0.0
2890caf0-e8d0-4577-8915-c6e5880ed304,e51d0052-6144-0814-9748-12b1e6c3b68a,dd53ac44-fa85-4d55-862f-21ef23300b18,2026-05,1,0.9005273602534909,0.4444444444444444
2c2ab409-b403-4ff3-9e87-ce92d20ab3ab,e6dde6a9-4da9-d1a2-802a-faf5db207e8e,948c83b1-ecc1-440f-9997-479b290ef8a0,2026-05,1,0.6876616442196566,0.6774193548387096
2676b772-c7a4-47a1-a156-1ac20ff3033b,e99afa10-6249-3f5b-4364-da75f89e34f9,0299869f-22a5-4429-95e8-27424b5d4291,2026-05,1,0.9742127943566407,0.75
7bf10a82-fc7b-4824-884e-8cd93e40a99c,ec6bd398-2413-2c67-18db-10bdd92ee4f9,83dd2c1e-368b-4c57-b9b8-fbcd6ae6ea9f,2026-05,1,0.9975120135525261,1.0
67a50d11-1d05-463f-9513-bceb5b15141e,edee54e5-b970-ea10-551f-b156c26d8f0a,ddc84784-c683-4996-b4e4-d17137b9a82d,2026-05,0,0.6387060149910232,1.0
4dd3acf8-8d3d-41bc-8581-3547cf7cd343,f16a668c-ea8a-b26d-9dff-4da3c53fccc7,1b2b14f1-f84a-404b-8ef1-fec032dd447f,2026-05,1,0.9786982364731239,0.5
11ccade9-03d7-4a1d-b4aa-24acb06e0133,f284b25b-d762-1399-a12e-ba7ffa6b6f97,1129e54a-0b3f-417c-b6db-e1090df6981b,2026-05,1,0.9923221545773715,0.5
6a50f9f3-fb3c-4b49-b6ec-c360bb891209,f295149c-bcb1-4d48-93ce-d2ea593d29c3,fb6ca425-9e5f-4f51-811c-c180458d07ca,2026-05,0,0.07103307954566906,0.6388192166698823
79ab1b34-83fb-48f4-89e2-f0758b7b1d97,f2a00e3d-de04-40a3-6f41-a3ebfcab4a3c,4da78ee8-cbc6-4e20-949d-cf7237c7129e,2026-05,1,0.9877607915046662,0.8888888888888888
e51c64ad-5a34-4862-9f09-ccc6a0b89db0,f59fa4ad-6dca-c7e7-d459-5326609a6412,22fa5986-8a5e-46e5-8860-bcd0d2050e7e,2026-05,0,0.14281255236087823,0.3333333333333333
e4d7fe1e-bd33-4982-bba5-4a524eab9c47,f7b7f5b3-6e63-4ae3-8a79-515d431392fa,56b0ee82-1177-443e-8a50-b939786d1aad,2026-05,1,0.04633039817205863,1.0
556071ad-6c53-4b32-99a5-44865f77c00d,f7b7f5b3-6e63-4ae3-8a79-515d431392fa,56b0ee82-1177-443e-8a50-b939786d1aad,2026-05,1,0.6318456235312584,1.0
7204ddd0-89d7-45ab-b240-abca1dedf390,f8723af2-2adb-2870-b160-e1ad562524be,a710a504-eed4-465a-8668-bc3fbe646e62,2026-05,1,0.782059192861651,0.8888888888888888
6ca4fc21-9115-4621-bd34-53bf625b555a,f8723af2-2adb-2870-b160-e1ad562524be,a710a504-eed4-465a-8668-bc3fbe646e62,2026-05,1,0.7203971288625071,0.8888888888888888
b5677a70-4757-4558-9f33-674ebacf8f86,f8723af2-2adb-2870-b160-e1ad562524be,a710a504-eed4-465a-8668-bc3fbe646e62,2026-05,1,0.6304471759435517,0.8888888888888888
ae868c50-da17-44ec-ba01-5d84bd550b68,f91c2854-a88b-4630-b2a6-c48401e4dd14,5d25f43a-c0a9-4111-b201-e334553b2899,2026-05,0,0.7628928580066987,0.6388192166698823
7940abf2-435d-428a-afd9-afbac1a22324,f9eb9b23-5f60-4ec4-b990-8313323bb759,ed5ebbd4-719a-47b9-b71a-3f69da2e9369,2026-05,1,0.3663354762386524,0.0
ddba7785-afb6-42c3-b748-600f9c8c79ca,fc8a412e-e0d4-35e1-37fa-5f798b7dc7f4,ed381183-4ca6-4302-84bc-e1e05958ed09,2026-05,1,0.9970151799978695,0.9090909090909091
f236deea-7c9c-4ebc-8161-33049185fa90,00ff5468-3680-2a12-23e4-82855ab3c697,4b303935-cf4d-4555-a274-6c5947063ef3,2026-06,1,0.09749083368129982,0.2
81f8ef84-d02e-4b2c-916c-5c14207f60c3,011b7d1c-5697-5394-c05b-fa0473640657,261c6838-0d2b-4ef8-b7c0-722341418ce5,2026-06,1,0.9703956043634571,1.0
76d250e6-ef95-4196-9d89-5520f555dc86,0278721a-a690-833b-298a-16a351fb7a3a,6555e453-3efe-45a0-9b81-711fbf2d0726,2026-06,1,0.9996490589228377,1.0
9509d90b-6577-4650-866d-5be2c07c1767,03ce56c0-8798-b95d-7125-311b80363e74,90df3267-4239-48a4-89aa-4a61e24239bc,2026-06,0,0.8141630201357629,0.9285714285714286
54568dd8-1bad-493d-a7a4-56804a056cbe,04ba1c6f-6c06-819d-9ecc-a0c5f795b922,cbde9bdc-2d51-4e5d-a732-1df1160c4b74,2026-06,1,0.9901707928940301,0.7692307692307693
5df92277-0e51-43a8-a1d7-e6ea589344eb,06061874-ce68-4008-82f6-50ace2ba4bf4,f0913317-e6dc-4581-b4bc-db324957bb05,2026-06,0,0.672495599612229,0.6388192166698823
1db12c7b-f40e-4455-adba-9dd9773b92ca,062b56c4-c469-4ef7-b4e6-9615dd770ec9,3a99b199-56c3-415c-bebd-c2d8b28f0972,2026-06,0,0.13156629723901817,0.6388192166698823
3a64f026-d39e-4d21-8fea-501ba8cc8934,073e4bd7-f1f1-49d3-604f-c365b9952a6c,e70ad66e-a26a-4c8b-a6e1-9743710c50f9,2026-06,1,0.9949658834983085,0.75
68e660d9-d1ce-4f71-b387-a6bbc05fd2e7,07734943-434c-4c8b-b1fa-49d7c4e8a7fe,d08cab43-6304-4be3-8531-9f4066c2c461,2026-06,1,0.45304423623619827,0.6388192166698823
1b6e0e63-e17c-4614-965d-c319f64c514c,080eae03-9f65-4515-aec2-8924472923dd,deef0c83-4c8c-46e7-bbae-139905f81a3c,2026-06,1,0.21612327581123736,0.0
57074ee5-32e8-49aa-a76e-0bb7faccd877,080eae03-9f65-4515-aec2-8924472923dd,6b62e693-85c9-473d-a3a5-e0329b7dba62,2026-06,1,0.9522147666641914,0.0
88fbf647-21e1-4bea-941a-6fc1d0afda66,080eae03-9f65-4515-aec2-8924472923dd,deef0c83-4c8c-46e7-bbae-139905f81a3c,2026-06,1,0.37517412785366255,0.0
7447a5d8-d5ce-418b-a899-45dafef1fa0b,104a66bf-0d87-2acc-ec03-a73d1c1cfd53,4285ffb5-00b5-43ed-8956-07fcaeccb965,2026-06,1,0.989849651806144,0.875
fdd89d2c-d2c2-4fef-a7ea-5067702a8f84,10f3edc6-4b03-b82d-8df1-09ddaf031c0c,d0b11ad6-7841-48cf-82cb-55e373063fac,2026-06,1,0.974672514781018,0.7894736842105263
d167904b-afd2-4a4c-b2c7-8982bb636ded,11316c38-dc08-4983-3588-fcadd88bd5d2,597a1580-9401-42ce-a407-c9448d5017f6,2026-06,1,0.36457721808361865,0.36363636363636365
be2cb165-3cca-422a-af2b-d444160f4ebe,11e59c65-004e-4eea-a733-d3a6a7c65fb1,44b14c26-5b84-4a81-912c-9b0e2c7b5ab2,2026-06,0,0.1535085025283396,0.6388192166698823
4b177a6d-59fd-4066-94c5-ae9da7939b97,11e96dd2-92f4-f793-56db-439d5b3de156,3f072df4-ca44-4975-9844-ebd8be4312e0,2026-06,1,0.9941615129826352,1.0
28a0b27b-0e72-437c-99af-6c44a369980f,1218c50c-4da4-4f61-baec-5182a25958e3,2acd9f1d-5e5c-475b-b951-24e908d2fd9a,2026-06,0,0.4345017823051266,0.0
0e79836f-bc38-48d2-b2fb-35560ceca93e,122c395f-56fd-4482-fe33-7fa3c3cd30b5,45df567e-3c5b-4da3-8bfd-6605e5e6c7a9,2026-06,1,0.05580873682335314,0.0
f78c40b2-5d45-40df-999d-349bf44a6199,1261d726-9481-43dd-bac5-f1b158c8ab32,e6357f5c-05c6-4829-9508-d39b4be473cf,2026-06,1,0.5517461966093812,0.0
e5c9de8d-9b2d-4799-9684-95b35af5b539,1287ac56-adee-78b5-6a6b-56b3e8dd7d48,c88936bc-cb40-4598-a743-3c301dd4dccf,2026-06,1,0.9828461815695158,0.9375
c36fe7e2-0b38-42ad-9b67-35bf71637ca7,1422ace8-beea-6d1b-73fd-1d30597b40d5,cc479b4c-9ff2-4d88-8eff-9314403f6113,2026-06,1,0.9967294606934562,1.0
3954b117-fce8-49a1-afba-1243495f9b44,1422ace8-beea-6d1b-73fd-1d30597b40d5,cc479b4c-9ff2-4d88-8eff-9314403f6113,2026-06,1,0.9159169812645408,1.0
9afcbcd2-3c6f-44e3-9feb-a9d161f92170,1422ace8-beea-6d1b-73fd-1d30597b40d5,cc479b4c-9ff2-4d88-8eff-9314403f6113,2026-06,1,0.9581837615248079,1.0
48c97ac8-5ae2-48d0-a103-bd51a1c7054a,146a8458-f956-54ed-317f-b99f7d16fff8,9698da1c-596f-48ae-8618-16b9c409f192,2026-06,1,0.04561311598906167,0.041666666666666664
02598dcb-ed88-4616-bd8f-c5a847ff77e6,1604768e-85d5-4c44-882a-b748eddc1f37,17bf7a07-4e73-4ce5-8aa7-b66cd8363946,2026-06,0,0.6369496259524341,0.6388192166698823
a299cf0e-5e62-4830-972b-3520a54a57c7,18788fe2-f6a2-826e-2199-6cec118c6d00,6a5d492b-8175-4c5d-86ac-ff94ea72d963,2026-06,1,0.08868703930039129,0.08333333333333333
c45749d6-5e5c-4aa9-8ca1-1e686e886cb2,18d86801-3cb7-11d4-8b9d-433429296014,9c5f6705-4936-4bf4-91d9-8bd75b4c341b,2026-06,1,0.9984156003679238,0.35714285714285715
6a10c039-6957-4ade-b075-984ad0ba54b1,19214e19-efc4-4eea-8118-944c998e3ab6,6d956c8b-fb4b-472a-86dc-1822f77d09b6,2026-06,0,0.46575094310406845,0.0
de7f679b-bf62-4045-85fe-869ccbc63750,1932ea80-c6eb-874e-eca8-12410fa7a608,7ce79ba5-79fe-49c0-9e0a-2ace149ffbd0,2026-06,1,0.97909092516497,0.11764705882352941
bbac482a-02d5-4974-ba85-9c368501dae5,1a171004-7682-1c39-e6a2-758b668c33b0,d700c1e9-4564-4c4d-a800-2b6d68e962f7,2026-06,1,0.9970570915371196,1.0
082075d2-3696-4472-8518-a23944d03905,1a3b6c74-26e1-7124-0b5c-7f783d71624d,3aaba622-f423-48be-b5c5-5516fd1498a3,2026-06,1,0.9957065604809185,0.8
25e63110-07c2-4bde-8332-b2071d1be070,1b003ea3-bdcb-0416-c3c2-8ff60f2f65f5,419e1438-3ed5-4447-9f4c-68505b3371d9,2026-06,1,0.9987516263623224,0.9230769230769231
5fd494bc-6973-45c6-af4a-223ebe944b02,1bc75090-ac1a-44a6-bb22-f211aca7c760,9a5c2a4d-3f8a-401f-b8aa-d0410e196176,2026-06,0,0.21569847115970556,0.6388192166698823
0bb193c0-88c2-4a69-8ed6-c106f4678ee0,1d4c0119-5151-7a5b-2266-f16e44f67157,55469cc1-579d-4801-bbbd-4f113cad46e9,2026-06,1,0.9990078781806584,0.9090909090909091
21c35f69-116d-478b-b666-d298211ecbf8,1dc2bdca-ae79-4cd5-9d74-961c02cce282,53f80b16-81c6-48dc-a5b5-3ffad0099564,2026-06,0,0.5406482388285453,0.5
2c18e639-d2eb-42fc-90f5-904f95b10c98,1fc0c3bb-f35c-8d5d-a4fa-a9c1723cd8ab,daa4363b-15ef-406b-adb8-5451eb652e2d,2026-06,0,0.2026260001198709,0.7027027027027027
06b36665-76a8-4c92-af85-2d603dd80907,21e237d1-286e-324e-0cef-45725d629768,a6e807f3-afdf-44ff-b5cb-81a3f0906217,2026-06,1,0.996149093056484,1.0
76fb2320-c5c8-4d67-885f-dd3cd5fb8ebd,22a9494d-0e02-6fba-4aee-7947f1e6110b,a9694079-2985-486a-8cd6-bd3243751b22,2026-06,1,0.998866361203486,0.9523809523809523
facf7e24-4a01-4507-ac3c-87d1a475290e,22b0be2d-52c5-1127-642d-4f1083b404ca,073645a4-3ce2-4cc7-96cf-54d0f49f2353,2026-06,0,0.08331144724451744,0.16666666666666666
ab4fd76b-3ec9-473c-b226-13c9131fbc47,238b347e-e7e9-b1a3-31a8-a2f8fed99f55,3d2bb31e-a4e2-4d67-b934-8fbb641505da,2026-06,1,0.9984080304947466,1.0
596aa38f-d435-43b9-a679-e6c93774dcd0,23f7ef5f-6b26-a104-b616-b438d7e9243c,8cada743-d341-4211-b2f2-094d551e9ef3,2026-06,1,0.9933313898231488,1.0
ed318fe2-b7fb-415b-b997-b7d3dd31d0de,251051cf-e3b5-5d37-918f-bf22b4875790,05a7138b-3291-401c-b2bf-28981d85d111,2026-06,0,0.7348979454471172,1.0
8ad508c0-7d2c-4990-b6b0-dd20da8517a2,257579ca-bef0-99b8-f916-e518891ffdab,66d111c1-cc43-45d5-a2c0-be03b4449aeb,2026-06,0,0.5757138137037503,0.0
1eef1d60-b37c-4f76-a1a1-d39dda75e0f9,25aa2406-e171-b558-8249-7a525d126d8f,a0c56020-2eb8-4b3c-80a2-f837b1555d64,2026-06,1,0.994766087902934,0.8571428571428571
71467e0f-1914-4958-9fa9-969c10246ac9,25ef6338-6197-45a8-82d9-ddd0a846f1b2,7e0d9e6f-f4ea-425d-9869-e4649eabffab,2026-06,1,0.3829145365895302,0.0
733e963a-4842-41e8-b04e-c4fee5e52802,2631ddfd-660e-8719-1876-82cf88e13a60,0c8b2433-3b52-4a31-973c-d1049e2367ce,2026-06,0,0.08214034805412677,0.125
76b11326-2207-4085-a534-c74bc9d34107,26b16f30-da65-8aa3-d1ec-4867ac2a8f35,55c869da-c670-452e-aa98-469528be9efa,2026-06,1,0.9863386850844129,0.8
f9deb464-3d09-4d7f-9661-4429296c011c,2794ccf7-4966-f00d-35d6-34ac17db73ea,29309a70-09a1-4c35-b877-ca27b04ec436,2026-06,1,0.9992321540432495,0.9230769230769231
2c99b5aa-0268-4f07-9d69-0245a00313f3,284ce00f-b05a-4366-9117-bf73f7449a76,1b31b0cd-0f96-4d1a-bd73-aa703f095a42,2026-06,0,0.42125248405135945,0.6388192166698823
cf46b8ab-e653-45ea-bb8d-e881085b4dd3,2a00764b-10fd-4f2c-84a8-b611cf9b893a,bd43bb0e-75cc-46d3-9bb3-0970271f685b,2026-06,0,0.6369496259524341,0.6388192166698823
cfa9f7e0-2f6e-483d-bef5-0dd5231493fc,2ac2da6e-0954-f906-32d7-a1f55477c590,7c23b4a5-63fa-47d1-8211-a565f6ed8ee9,2026-06,1,0.9760677183256407,0.8
e7823f02-eee8-4a4a-8c2f-bb4d0f71417b,2b785f57-1c4f-d4a8-d486-b69e7b2db5bc,3c7ccdf6-cc34-4475-9b15-a0933043ad80,2026-06,1,0.9957845445388215,0.9285714285714286
842cfc29-7370-4f51-ae55-5be74031a9ea,2ba81159-3fd3-401a-b806-4cf09e7dce86,c6035e5d-f32d-44de-a23b-055e75dcfa6b,2026-06,0,0.6060445951590546,0.0
3834592e-8e3a-4d3b-a693-079f6c3cfb21,2bd67002-1f8f-faff-efc5-5063dbedf10f,fe2ad17f-410e-481b-ab4d-af0e65a40934,2026-06,1,0.9951248782840566,0.9166666666666666
1c029563-3a0d-4b3d-8ab3-c989e00682c7,2c05db07-e980-4d52-a524-1b1ee5185554,3359585a-5168-44d0-8c31-fe926dcaa27e,2026-06,0,0.48836721184181936,0.0
c96d1c54-a71a-4a6e-b714-d4039446e653,2c1980eb-be51-916e-8f61-1e8fe83afb0c,345fd782-4252-4f02-958d-3531a545878b,2026-06,1,0.7979927195640678,0.7
181e8907-be9f-4565-854c-5c1c4a9b31c6,2d700a6b-44c4-438b-841f-febe1b2c47a7,481d5ba9-f2ad-47b5-85a8-606cab8e96c1,2026-06,0,0.6574973257117044,0.6388192166698823
ce8367a6-0a43-48c1-90c2-384addca3408,31f3f7a3-5dc4-21cd-ba54-b41347a7822a,2d403254-d4e3-484a-ab66-492809785e47,2026-06,1,0.9853542345191274,0.8235294117647058
0adbcd63-dcfe-4d00-8aef-d6c221519fde,38069f8b-d44e-0b86-a0d1-dafac5ae1232,0bb006a6-102a-47c8-8091-3f3a4bc5731a,2026-06,1,0.10047801089760619,0.09090909090909091
384949bf-2d5e-407d-a871-651a76f67e6c,38305983-db92-2c3c-7949-96f7ca7833eb,f9922902-5337-46f5-bf1f-7d8982a685af,2026-06,1,0.9943385472767097,0.75
e424ddf7-4d65-4a25-8c6c-01725d21c3c3,389859df-460c-4966-a71d-eb7bbebae67b,28f1c8a3-249a-4338-a9c2-c9f51b3b5e20,2026-06,0,0.439863905188893,1.0
cdf4b178-5979-48fe-95a8-ba7e1b94f0a3,3b02f95a-b47e-1037-4f8a-f2f31e35c98e,ac6b528f-3e64-4f40-a65a-a073b663edd0,2026-06,1,0.9993121028999206,0.8888888888888888
92d58620-5b1e-4630-819b-3860eae2a5a7,3b27dc97-dafa-0480-7b61-5549a3ea7eee,be99f7a0-c9f6-43b6-9cc5-04577043e0bb,2026-06,1,0.9996342634492968,1.0
f6be2147-6c6e-49a1-9671-141e7d55326c,3d18aa61-88d3-4390-b5d3-db4cb2e31e11,9d8d4a1e-75b6-41fa-9add-21e6b87958b7,2026-06,0,0.43899917032773983,0.6388192166698823
ffa0cbda-5b82-43be-ae79-c09d06a538f0,3d18aa61-88d3-4390-b5d3-db4cb2e31e11,9d8d4a1e-75b6-41fa-9add-21e6b87958b7,2026-06,1,0.3858855287830218,0.0
db0463a5-afd2-4780-944b-5229e5fbbe43,3d18aa61-88d3-4390-b5d3-db4cb2e31e11,9d8d4a1e-75b6-41fa-9add-21e6b87958b7,2026-06,1,0.3858855287830218,0.0
de3dca5a-d7a8-4688-8959-03118db0cd0e,3e50af3d-452f-d098-b3bc-3c2a64576d55,288569c1-8892-451c-ae1f-6ccf0c41daa4,2026-06,1,0.609197206259695,0.2777777777777778
bcbcc705-b0f9-44a4-9f7a-fd1f8704ad1b,417cb75b-9992-4df9-28ae-ad4d2313621f,bb51f6f8-2b1a-4e9f-b3e3-16a942773d8e,2026-06,0,0.4225832195032997,0.46153846153846156
5d386fa7-f8db-427a-abcd-eb179cfbd70f,43774f3c-9ce6-fc78-7857-b8607c3e1966,db615118-b5d5-48fb-aa2b-90a5dc340c0f,2026-06,0,0.6512113525075423,0.75
6e571587-64e1-460b-836f-85d0bcb8fd51,44bf5771-a669-438c-a190-88aab999cfae,aabe391a-b8fc-4f8b-9b7c-414468bc4d54,2026-06,0,0.4693343401565898,0.0
065fd4c4-6942-4e83-946d-0cba75b7d622,4505ca5d-0961-03c9-5943-ffda2a5ae270,0f6ef705-bedc-4008-88a1-8c600fe56c57,2026-06,1,0.9123980572022676,0.2222222222222222
2c1245cd-f47a-4c5c-aaf9-ea05f5ed90e7,4628a4bf-d4c5-9e5d-471c-271b9f3e7d03,460261c6-c1c2-4654-81fa-19637f3602a8,2026-06,1,0.9956883983033842,0.631578947368421
d31f6db6-16a2-4399-ba8d-add63c5042b2,491b8136-32a1-37c5-5253-b53ff3991d86,db02e562-aa09-448e-9187-bfa7c3788aca,2026-06,1,0.9583435940176951,0.5833333333333334
6fb588d1-21fa-403d-a812-55c5d0ce41fc,49355947-7605-ec5f-7d81-a6597f38d76b,0318d74f-95a7-4ced-92bb-ded9eb88d273,2026-06,0,0.1468215267465574,0.0
d9993cb9-4e2d-469a-b2fc-a98330104954,4c4ad4c9-59bf-f152-d0ff-6502ec564cc9,91e9c4a4-cf9f-4ea2-bbce-8ca8d01150ff,2026-06,1,0.99354014366174,1.0
ac19ccb2-0634-4210-9241-f9c5ecd354eb,4e39608a-6f55-4cc0-ac26-00c939421464,af516c5e-d805-42d6-b74d-de67dc41d376,2026-06,1,0.22872452457593387,0.0
2a5ec3d3-eef4-4592-b3a1-8af59e9bf4c6,4e39608a-6f55-4cc0-ac26-00c939421464,af516c5e-d805-42d6-b74d-de67dc41d376,2026-06,1,0.38145290990385666,0.5
4b9f1886-487d-410f-8d3c-9d32713cdae5,4e39608a-6f55-4cc0-ac26-00c939421464,af516c5e-d805-42d6-b74d-de67dc41d376,2026-06,1,0.2526416081284005,0.5
5f983963-2837-4828-b201-605ec79a4842,4f75b0ca-7bed-c37c-cfd4-1e361a1bb6d4,94474160-d37a-495d-a16f-f7280c3b7a29,2026-06,0,0.46207373850063,0.2
9f82b56d-f25b-4521-8fab-03e39d6f5f63,510cd475-6538-7d02-413c-1a0f553ba4e6,26a0a5ca-7623-4406-8776-15d57ccb11fc,2026-06,0,0.09732394693865665,0.1111111111111111
92c66d08-fcfe-41e6-8d7b-5a87ba4572bd,51c3d3a9-bfa0-4a8e-a687-3ef46bc022cc,6b4279c2-88e5-42c6-84c1-71f20002952b,2026-06,1,0.055857496341955304,0.0
53e89399-8a99-469e-b877-39bab546775c,521635f8-15aa-4ce1-ab2f-276095cbbe1a,fafe913c-97b3-41f6-b828-d278cd6b473d,2026-06,0,0.3597181397122128,0.5
7cdcce0d-5187-42ce-9f52-e2544fb7b7b2,53416e34-aaed-471f-937d-0fea74c444b8,4423cb72-755e-42c0-8b73-0855bef4f660,2026-06,0,0.43409677285117143,0.0
ede8b3f4-c9ae-4230-a61c-6fb985623e54,53416e34-aaed-471f-937d-0fea74c444b8,4423cb72-755e-42c0-8b73-0855bef4f660,2026-06,1,0.2982125114966551,0.0
90fd01b5-4c24-4aab-8dba-36ae588ce421,53416e34-aaed-471f-937d-0fea74c444b8,4423cb72-755e-42c0-8b73-0855bef4f660,2026-06,1,0.2982125114966551,0.0
4360fad3-1493-48cc-9f2d-e3101572876b,5527e05d-475b-45ed-a6f4-284340eed262,76f856ea-75bf-4a65-b822-9265eb344968,2026-06,1,0.1025916573431354,0.0
15c6194f-93cb-41fd-99e3-d2d468d82292,55ca6f7c-112a-ec33-7c1c-987508bc9e41,3820ef49-8442-45ed-aeee-6a7a0cec9205,2026-06,1,0.21537765043206628,0.06666666666666667
7d707749-7017-4a24-be59-1d52483721f0,55e6e452-fae2-a5ac-3c12-21424bffbcac,052eaacd-614f-4cac-8bee-618b1549c36d,2026-06,1,0.9550553962713005,1.0
88a104ce-6141-464b-a7a2-0f06de161952,5b45a840-9d6c-242e-0e2f-2e2c972c2eec,1b8d196c-a429-4d7f-823b-82a43769d60d,2026-06,0,0.0344661631776402,0.0
e0f6ba74-a34d-4af2-ba8a-db4ab06b6278,5e901269-d116-cf62-7661-df859f5b02dc,a15489ed-053d-4793-b95b-de0cafc05473,2026-06,1,0.9989503336202953,1.0
40c18c6a-5f2d-42de-8a0a-f1b2d68bde58,5eb9cf08-d888-4c7c-b6da-0b773bb39bba,4eff7b9c-84b9-48f9-b546-e0556106f1e8,2026-06,0,0.4155558896118123,0.6388192166698823
1bfe86b5-a5ea-4d05-b27d-7d9327257e3c,5fee0a79-3970-704a-2332-f7c7598e86c1,fad9c620-d9d5-479c-981d-4bc0521c94bb,2026-06,1,0.9715714313977937,0.7368421052631579
459dacb1-cc46-4b35-af5f-4620bff18ff3,61031b0a-ef18-26aa-64b7-d412d7b3d276,99eb3f32-d53e-4470-ab2a-09ed6e9b3872,2026-06,1,0.9983698208981878,0.5
c10582bd-9a77-447d-a93a-cf820985be8d,618f174c-7c45-cb54-907b-cacc78483918,19cc5bbe-1012-4cbe-bea4-9ed7f1aa163e,2026-06,1,0.9946208099899497,1.0
401b1c0c-d8a7-4488-be16-f2b336a5b881,630c8120-bdbc-832c-24ca-aca9e6b49891,cdbd0a31-d685-4189-af7e-25c08d80399b,2026-06,1,0.9939745263605942,1.0
81693c98-b6db-44aa-aa79-e9c611db15fd,6542b72b-196a-4538-a690-2db7cc212936,ad2138de-e1c7-4dff-92d0-7f9ade15e56a,2026-06,1,0.9977082100653374,0.9166666666666666
62a7b2d9-f82a-46bf-a427-17641c689788,66fbcb59-3d06-d8cc-b1d5-53f38a599207,b6b48bf2-25a2-4810-9338-b1847a53c5ed,2026-06,0,0.10343213469669038,0.11764705882352941
12ffdb6c-f1da-4ca9-82fc-b6826266075d,6770176e-5bc2-4e8a-aeaf-6a7249e266d6,0a2c28ae-9266-47bd-8c14-aa39f370e0fa,2026-06,0,0.23624374476411067,0.6388192166698823
6b84877c-5cf8-41ed-a6ca-254dfe1eae1d,696a4512-7d08-4e23-a774-91ee1afc42d1,5a78509d-339f-4045-a024-d2fe14b0f8b6,2026-06,0,0.3814625809539496,0.6388192166698823
b6b80381-a5ef-461b-a55b-e4f274197021,6d60a9d5-34ce-4336-9c23-231057dffa71,6658b5f8-6798-48ed-9e21-3fe4df3c32c4,2026-06,0,0.1766577416709121,0.6388192166698823
21a91399-f190-4e9e-a426-d99af5b71b01,6dd50e39-9843-4442-cc09-3b49fbe97fb9,874b3b50-b801-4e30-a0a9-808746433886,2026-06,0,0.055984849011352526,0.0
59ac5c9a-976c-40ad-95de-dfb8d9fed6bb,706ec709-36e3-4de0-a55a-522efd0b3957,8872ba1f-ebbe-4b26-b0c9-a5b330c229f7,2026-06,0,0.4398342759848617,0.0
4ced76cd-99df-4f66-b22e-873288099976,71a9340d-9832-4609-a110-d9b5aaffc020,70452c2a-f59d-452c-8eae-71979521ff54,2026-06,1,0.48439784343846104,0.6388192166698823
9bbaf1d2-9556-4e96-a75d-a03d2c32a81d,72ac33cc-b9b2-9cc4-47fd-d37096c8f30d,c7f06da4-2365-433f-adc3-9f9169263644,2026-06,0,0.10105725804680248,0.16666666666666666
5653465d-545f-438d-b299-0b891fe29e1d,733dd472-3b1e-dd43-76e5-082ddfe66c5b,43058d1d-6ce8-4ad0-9f04-48ad2efa67c4,2026-06,1,0.11865219842343912,0.18181818181818182
66029766-6767-47e3-87d3-a14faa740f27,73715344-908a-b7fa-00cc-34358ffb16f0,3aabe842-7390-4208-9bde-936af6f8b658,2026-06,1,0.9870342328582064,0.6
1c5d349e-9bef-477d-b62f-f344ecfba530,77dd12b8-a20b-05c8-2372-79ba1b1624a9,3ca315cc-b9c4-4379-be8c-c2df8c0e42d6,2026-06,0,0.0154086418207242,0.0
32e019ff-ab6a-4518-a337-57427a9971ac,791c16c3-5afa-4081-a47c-53439979e5b3,3e77d5cd-7102-4a50-a5a1-f77aced5ebb8,2026-06,1,0.6523466724264017,0.0
b1e34004-5d96-4056-a872-629eaa1d22ff,79d4d3fe-73c5-a965-030f-c60220ee20cb,e1603fed-7593-4717-b5a0-f63c1e03483e,2026-06,1,0.9925023438712012,1.0
3cde0708-c7bc-4e61-a4e3-b0db888a2364,79d4d3fe-73c5-a965-030f-c60220ee20cb,e1603fed-7593-4717-b5a0-f63c1e03483e,2026-06,1,0.9657665418336228,1.0
c9edef55-2960-44c4-a721-ef1bb71f4f82,79e31f6f-69dc-a40c-27d7-3f076878f83c,a0cd9c66-c067-4001-ad7b-586b6c15537e,2026-06,1,0.9971654792199551,0.2857142857142857
627dcd37-5668-4135-a0dd-267b3c063f02,7e2a1e58-e10a-4352-ca15-59fd22f2c07e,0f7ffc2e-0a2e-4aff-92cd-c4f4478f694e,2026-06,1,0.9838027027903301,0.75
85bd615a-ccaa-49aa-b5b9-9aef4e7d4fd8,8123af5e-305b-80f8-20db-4d54b7f628c7,e42d2bdf-7c18-4bd9-982c-de09a231f52f,2026-06,1,0.9983811365655196,1.0
8167f5f2-208d-4f14-95b6-c335d1d7bef2,82be44de-b1d6-4e48-e6bb-33ec98b83c7d,6edb4981-c302-4992-b7a8-e24912892b61,2026-06,1,0.9860101355217191,1.0
5e703096-bb76-4706-8d06-c3fee91f1431,8334eb99-0bc0-3c80-9ff8-83bea3d7b5ef,cae46a0c-8545-4ee9-ae5e-3f94bfa02442,2026-06,1,0.965404062969123,0.42857142857142855
76c6b23e-75d4-4b3a-af19-eec5eb313331,83af11b3-a274-7404-3265-ec658f74f8cf,a592d732-fe7f-4bfa-841d-7433e477f43e,2026-06,1,0.6668786800610841,0.5
f5af5018-c06d-49c9-8626-85ca9c126c87,83f51f9d-9d36-eda9-e7fb-5b1badbbd5d9,2f49d447-f15d-424d-9a7d-be051dc880d2,2026-06,1,0.9750946046068597,0.9
10fc89d2-be9c-45f3-bc1b-07d45aa2a8f0,854c86e3-8b7f-0ca8-f4ac-c6a073699611,8db9e51a-5204-4143-a5a0-086b8cd03403,2026-06,1,0.9996998002213944,1.0
105adf3b-0114-4ae2-a558-405fcf0160e4,855f3f6a-72ae-46f4-4cc2-a9a0d5df5b70,9131c211-f95d-4213-9955-02879ced6aaf,2026-06,1,0.13018338234652732,0.0625
d49e3853-645f-4c3c-946e-c4f58b2570e9,86cd2239-fa55-0389-437e-e8fd505dc931,20d5e9a6-73cd-4f5f-9b27-ba9a13e7864e,2026-06,1,0.987792392336242,0.5294117647058824
f4957456-caad-4172-ab02-ea2a2836a044,8709ca2e-a8a6-48a4-b8ce-e813c4796ab9,a6efc369-3910-43e4-b870-b5daf647ecd8,2026-06,0,0.9737881576482026,0.75
84ae2da5-7a20-426f-9398-6a60a4dba71f,87a1e515-e2e0-110f-05d1-04f5a83c066a,a089c1bf-e6c1-4700-b4bd-52304e5c006f,2026-06,1,0.9942685332016672,1.0
8f47eaf9-548e-43d7-8e93-5232aeaabb4a,890b32d9-f754-8150-5a18-8a21fcdf3828,badc4f52-9209-4008-bcff-ed3cf3a3726f,2026-06,1,0.72272165850271,0.5384615384615384
6168dce2-96d4-46ab-a7d7-b1cca6e4f2b8,8971261e-a813-477f-94c0-0a9661dc4c34,4f2cdcfa-282c-461d-84f8-aefe0567d4f0,2026-06,0,0.5884556338874507,0.0
6bb8bc3b-6238-46fc-8be1-387487cde0b0,8996897f-e383-4fca-87f9-654e1b14b3c2,31c9b57f-ed29-48c0-8c4e-e04fee5d8436,2026-06,1,0.3739057530626509,0.0
d061f6c3-e6d5-4165-96f5-2caea06fb567,89d188b4-94a9-2f97-e068-155ed8ec3f5e,9ddc3b2e-3ea3-44e6-b674-4cc843ee0e0d,2026-06,1,0.9154812833562965,0.75
0ada0952-1b08-4f40-a0eb-0554164f2ca9,8aacbc78-5e56-b3c0-f8bc-fcb5490b94f3,d06e259b-0f3f-4c09-bc77-00ec39ab5924,2026-06,1,0.9970862187350543,0.9142857142857143
66d620df-bcae-4509-8210-86ca97bc641a,8b48adf3-c14a-fa6d-9785-b4bcb35f8fbb,656473e2-7641-46ed-9ba0-9fa996a8b682,2026-06,1,0.9948832888011,1.0
81c25986-4e3f-4628-ac13-01982282ba04,8e125a87-1a3e-4b52-855b-635c06bafd87,d2cd92f7-dd23-41a8-a665-1d8e656732e6,2026-06,1,0.36512614861365766,0.5
042cd053-5402-4351-9210-64929528e69c,8e125a87-1a3e-4b52-855b-635c06bafd87,d2cd92f7-dd23-41a8-a665-1d8e656732e6,2026-06,1,0.4273615755401914,0.5
b0bcb2c8-816c-488e-89bf-28b79c76d2c3,8e39a9bd-3317-b2a6-22a6-16fa4cab9632,14f9659a-5710-47bd-945d-74b61d0ed70a,2026-06,1,0.999373096534484,0.8333333333333334
144059cb-16a7-4c24-8ba1-ed28121fe89c,8fd367e7-7404-4ef6-530b-a40219a48f1e,de3fc75a-dc8c-4bfb-b959-494a94a5d287,2026-06,1,0.9669694968852124,0.5
76b9204a-4c8b-498c-b04f-73ac18a4f19f,93eb3d6a-d35b-ef1f-83b8-7430b6ad1674,c812ba7b-6318-4ce6-b0dd-78749fff30e5,2026-06,1,0.9600908207245981,0.5
b1dcd897-8ef1-4639-b7dc-c21bc2679649,94927866-7ca0-4311-b799-972822792cb8,8cd3ef09-94c7-4773-b3fb-823d2cf16c19,2026-06,1,0.4482664520862459,0.0
2ef5f0ec-d814-45f3-902e-f9c884f19abf,950dd22f-78fa-d205-48b3-fe5a5cc7438e,62887698-aebf-475f-9c98-0a212110dd24,2026-06,1,0.9947342832783568,0.8421052631578947
6a930926-d66b-4d7c-9093-a436184b20d3,9541a16d-d020-eb78-80f1-a4a2d4b7775f,bf9b5cd5-13dc-4229-9b7f-2fd8541f64b3,2026-06,1,0.9926410355151247,1.0
a3fd34c7-8dc4-43e6-a749-202980c1d4f2,9653a402-ff75-bbdf-8cc6-1cb0ca01f233,81f71080-dac7-40e9-bb6b-3526cdd47015,2026-06,1,0.4585365641284139,0.2
6a05b2a8-2d2d-45af-9d20-ba50a177596d,9c88cc60-ea13-4dd1-9930-ca14ff0c6aa0,da786425-8bf1-4da0-b417-6371476a7bfe,2026-06,1,0.49241551914273496,0.0
88dbc566-3129-40b1-828d-485c0464e233,9e188cc2-9f75-4d15-8fa3-9348236cae71,30bf7a47-8033-40e6-9b42-8c799808df57,2026-06,1,0.35596947572444165,0.0
71740e90-ffba-4edf-a801-83676a3fbd10,a267e3ee-ef69-4d54-8414-357c81b2eb3c,4eb2b3b6-d5de-4190-81ab-e563885218a3,2026-06,1,0.4839719259417059,0.5
85d84dd0-37dc-4f6b-a9a5-23a9fe86cb9e,a467df39-5ec5-465e-a471-e2b54be7bc71,b158eb96-519d-492e-9c1c-6a34701ba7e6,2026-06,1,0.3670553115260717,0.0
1b9c0ad8-039d-4a01-bc2c-5b6ec6e6e4a0,a4709d2c-85e2-3d68-7467-1eaf879ba2c9,a38411a4-41ea-4525-b071-7072a55c3975,2026-06,0,0.07980938214648284,0.16666666666666666
4d40725c-ef8f-46c6-b127-f959734f006d,a4ef95bf-1c7c-4c4d-0497-ae38085af6cc,22638b59-a59b-46e7-86b9-34c7ea2d2847,2026-06,1,0.9937357099147334,0.6666666666666666
f564dcac-5cc9-4f33-8e11-85ef336fa05e,a6037691-771e-8146-3714-f9dedb8acbcc,9b2b3fe5-0f02-4525-a84a-61d6418d0fa4,2026-06,1,0.9995482284867001,1.0
ff837f40-7c4b-4b88-9304-563053387915,a7798da2-f8ee-1840-a1f3-f29a9e764b97,9ffe9701-32ac-461a-b5a1-8bb653d34a4b,2026-06,1,0.8212956980830456,1.0
32a08994-42d7-4203-ae0d-c671bb00185f,a7dadee2-80e3-eba0-084f-5f1847bb3aa4,a2b0ee31-8c68-4f88-82a0-a97f2818ee85,2026-06,1,0.9089866498343991,0.5
730c44cc-1264-49dc-920c-e48dd9ad1db2,aa88d180-8c53-dbe4-70de-ecf38130d3ce,ac2059a9-ac22-4c7c-94a1-cbc4cfbeb93d,2026-06,1,0.9973598740844174,1.0
0e661b29-2042-48c4-9c52-27d4104299a1,af12a12c-92bf-088b-3073-292fe4dfc478,bdc2c4ae-b9b2-4aa7-b8bd-01fdd0145e27,2026-06,1,0.9979756021373996,0.9230769230769231
7913c48a-1d55-410a-802b-6b64b3fc57df,af8d560f-407a-4e9b-49e9-88f54d8671f4,56e6630d-239f-4544-99e4-87ae533ed05a,2026-06,1,0.09504743186697398,0.0
bcdf1904-5914-43ab-b7fc-10210c4e95f1,b0348aa8-ad9f-d0dd-94e8-c71a6627c930,db9ec732-0eba-43c2-8e97-5e7a05e17561,2026-06,1,0.9907868751801061,0.7058823529411765
a41195bb-4e65-48e1-ae03-ff8697dfc926,b0a6f0b5-9fd8-112e-2bfa-24fa8a25779b,f5dc7322-00ac-4867-a914-e2bddeac9a0f,2026-06,1,0.9920628826944111,0.9285714285714286
d06cc4ce-235c-4ba6-bd7e-85caa90d6f8b,b19dfc6c-a5d5-734c-3d3d-6389c281b3bb,2ddbff71-425b-4f25-a932-e1bf574b2035,2026-06,1,0.9987871745975563,0.96
5b4eb65b-4a0f-43a5-8529-c8f0459131b3,b2f85d5d-acf9-7c53-dc5b-0d3b67b462c5,ca99fa52-1a9f-4d9c-809e-b7b9c30d2129,2026-06,1,0.9677355076239338,0.75
34e3b517-bf8f-49c3-9b92-939cdc1038df,b3002707-86e9-43d5-956d-cf108fb6a23f,0775dc45-b49a-4b77-ac42-878673bade62,2026-06,0,0.5456040795425832,0.5
04cb70b9-bc83-4ef6-8593-25648856b7e7,b4a50439-db13-dc26-d980-eb079b321460,902fa4e5-f7dd-4671-9d39-6516ba2e51d8,2026-06,1,0.9970790916326787,0.8888888888888888
ca15eb7d-f523-410c-a641-d9237f18279c,b6263381-5732-4544-952b-edde50fdfc28,7013f2db-d34c-4c31-b3eb-91d6dda154ff,2026-06,1,0.3561861462446786,0.0
f25b4128-f36e-48e2-8cdf-4f839ef5f896,ba8dd5e0-ed0e-8b6a-7098-2732476feb31,31a1c073-bb44-4019-8548-0c5a8114de7b,2026-06,1,0.987919668411606,0.38461538461538464
d3285f5e-1b0e-410a-8ba3-de31ed526e48,bcf8ffc1-fd5c-f6ab-0453-7a73c73786dd,d1981985-ab9a-4777-b85f-46da934e391c,2026-06,1,0.059708089725065326,0.041666666666666664
6ed1a176-4ee5-4c9f-868e-3db5405d6bd0,bdcc24e3-6077-3ea9-b25e-2747d0f07be7,34b48e10-aa34-478c-954d-06259adb5384,2026-06,1,0.9544950627564814,0.5625
3ea01ac3-a05c-45af-8988-3258247149ca,be68c44d-d4d2-478a-7b1e-c9c3fefac406,c6bf983e-033d-46e6-825f-5620364a403d,2026-06,1,0.9749691478469003,1.0
f29e484f-890a-47d2-9ce9-544ce5a3e440,be84008a-74d3-3cc1-6fd6-bcef998f7bff,4ab14a0f-9437-43ed-9504-94985a2312ab,2026-06,1,0.9970922696109148,1.0
c40bfee7-9fd5-48d0-b42c-00ad44a8e295,c02eb961-2471-c285-9c28-fb9a12aaf70a,c1c258d3-0750-49fb-8d6a-a5a84de41974,2026-06,1,0.9970963931795302,0.7692307692307693
6057d9fa-5459-4984-a02f-abdeb420d146,c0791d4c-9325-bf1b-30af-7af648c26338,c55284ff-f120-4606-8d96-29c8ec1ce454,2026-06,1,0.9914398994026796,0.8
9157fc38-b7e5-42ca-9e2e-a98913f48e47,c09e703c-d287-38c8-d1c1-239145e17df9,d60bf084-22b7-4aeb-a8fd-b48b4786c6fd,2026-06,1,0.9964474126258015,1.0
afa1adb1-804e-4723-b7b3-3a1ef2fe0e39,c2329858-525d-2f70-5e31-bf9a8358eb3e,956b173b-5f08-4c46-999e-d04c26cb3609,2026-06,1,0.1674879828731341,0.1
742bfb7a-1992-49a0-90d5-28b3f78d1a50,c39e5b6a-5497-09b6-25cc-89f1ea8a608c,014f81be-2724-4302-8681-1c89fa734cce,2026-06,1,0.9943583248279015,0.8461538461538461
9a48b076-b047-4d6d-b705-a707d61b1e48,c3c77367-5f51-f7a7-e667-0e3480f53751,1d2dab29-e24f-4dd8-adeb-4c7b2bd792e0,2026-06,1,0.16260354611543834,0.2
c27ed1c7-76de-4503-918e-7340596b4d8b,c49181cd-07c5-4c6a-a996-4146d002c886,d01b8836-44a2-4310-a6f9-2f87d399cc4a,2026-06,0,0.3670553115260717,0.0
90a2e0c4-c24e-4bdb-bbd1-a37a96290721,c511ac63-cb7e-1453-92d5-ea4ffba1c360,53bd63b6-67b1-4de6-94a4-66b940e4e20a,2026-06,1,0.13569750821794713,0.3
2c079c1d-4673-4f59-814f-dfa839749a84,c675e97a-0958-0695-90b3-49311eec8fd7,f3d5faeb-a060-4d56-bb7c-559d3f157f51,2026-06,1,0.9861985319132541,0.8
924f351a-6fe4-4dc4-8016-ea6cd9c56a14,cb2574c2-6caf-4598-82dc-12b9569a6451,c5047a0f-6374-4758-87f4-9afa4ef861b8,2026-06,1,0.49241551914273496,0.0
bd0bc294-e88b-422e-b8d1-9dfa30940d72,cd2c3f97-4df7-b32f-d0c0-12031beae516,1265235c-5696-491b-925f-044ee29ba97e,2026-06,0,0.11231703003277328,0.07692307692307693
ac672ba2-c09e-4272-9b4d-68f7accef501,cda37b51-1bbc-af0d-a560-49af88fdc751,467a4a8e-2db8-4bd3-a0b3-e4d37731be26,2026-06,1,0.950573973562381,0.7619047619047619
e4e3a756-a73d-4468-83f0-fbc5396586fa,cf1318a5-0564-4af6-d90e-c3e76de1ef08,5268e485-491e-40b7-942f-61c133c796bb,2026-06,1,0.9962287371439796,0.96875
ff3bdedb-15e2-4ffc-bcd7-4b141709c9f7,d225973a-f437-d98e-4e24-0fb32a7bfbe8,0eaaeaef-9e94-4d72-ab6c-6f4fa8a5eb26,2026-06,1,0.9984037290130654,0.8571428571428571
c772c2a2-ae87-470d-99a2-1998c87717df,d2449d75-0593-4deb-a6c2-fae99fc83ab0,6d852880-001e-41ee-b447-e94c58384795,2026-06,1,0.1244807437964081,0.0
00f44296-6c90-49c7-ad60-6af645ccc393,d257c87f-0e42-048c-8409-362e925d86fc,597c2d33-b758-4acd-811b-c7b22289dcbc,2026-06,1,0.9987554735108458,0.9230769230769231
38583d2b-78db-488c-a6ca-865fe2d6faa3,d497808b-36e2-ea42-d247-85b4e409078c,959010dc-2b21-4db0-bbcc-902c491be61d,2026-06,1,0.9945149463787591,0.8461538461538461
1f59dd1c-26d0-4702-80f4-208901c5b18d,d6399dd9-db95-454d-8705-856132cdb66b,d6b9850d-fe17-4c67-b36f-05e0bc58188b,2026-06,0,0.12216518700490873,0.6388192166698823
c19c0c51-395a-4413-9284-03f55ebf0945,d6399dd9-db95-454d-8705-856132cdb66b,d6b9850d-fe17-4c67-b36f-05e0bc58188b,2026-06,1,0.560658322045939,0.0
db31fcf1-4c71-436d-93f7-9ca11b168d62,d6399dd9-db95-454d-8705-856132cdb66b,d6b9850d-fe17-4c67-b36f-05e0bc58188b,2026-06,1,0.39031246007130804,0.0
af1742e5-5350-41c4-b4da-505392e69b75,d6d33436-345a-e39c-9f8d-91c76dca514e,1bb08655-ecc9-4795-8186-bb34f130a593,2026-06,0,0.10060958383346419,0.18181818181818182
b0d39c84-bf49-4cee-a1fe-9fa020326455,d6d6b302-4f36-4d0b-8751-2dceccd295bd,0da14d53-61b8-4b58-b20e-46f13ee71f42,2026-06,1,0.25727387693175197,0.0
4fd09926-ed80-4c03-926f-32620c3090df,d6d6b302-4f36-4d0b-8751-2dceccd295bd,0da14d53-61b8-4b58-b20e-46f13ee71f42,2026-06,1,0.2031570266131764,0.3333333333333333
61ebf0c1-e450-46d7-92d4-04bb1dba9ad0,d751c131-c1c9-4f5c-88f8-7e4c6cb710b3,452510c9-42bd-481f-b8df-4cfcdf59bb2f,2026-06,1,0.9411309479712817,1.0
f94d68a8-f62b-433f-9196-96a0decfafd2,d77b5c1e-605d-6795-5eee-1e2f9b83e069,ae68c045-42d5-44b9-877b-34c32d98fdbf,2026-06,1,0.8299763449444928,0.6666666666666666
a992ca37-36de-4658-a023-2670277318a7,d8c4b3c5-9b2a-4c6e-b1e8-0a98c9175234,bcffd7fb-53a0-457f-9d14-6d9ef2bbf48b,2026-06,1,0.5517461966093812,0.0
92bbbea4-449e-41e2-b076-30ebb1382850,de481a65-2fb4-4974-b7db-0ec990ea852d,fea05c11-59c1-4026-b397-4565e58eca15,2026-06,1,0.4839719259417059,0.5
88c5e93f-350b-4486-8b35-e300f2dc2273,df5ea39c-c069-5211-271d-f0d3831adefa,3394785d-ad9b-442e-9c87-3ab4f47b1876,2026-06,1,0.9342007285666245,0.5263157894736842
34a8642a-acd3-4bb6-823b-faf252154b4c,e0174322-3fb7-483f-91a0-61b903ae3e49,e8538798-34a4-4d14-b1a1-7bf0f633ccee,2026-06,0,0.7018009804075993,0.6388192166698823
221390d5-fdef-4553-b837-f429e4e2e447,e17238d1-34ce-0cbb-4dc0-f65e60ff52f7,5c6e4440-a7b7-4d5b-baec-a422ba050dcd,2026-06,1,0.9990242043502123,0.9375
d3ae9c54-bc74-4012-9bc8-36fd7124eb93,e426d68a-16d2-9097-ff7d-ae2521fb52e5,9c588654-a04c-4dad-9514-9aff226de468,2026-06,0,0.20926496764472147,0.2
36e62893-634f-4869-944a-7d042c763eaf,e6dde6a9-4da9-d1a2-802a-faf5db207e8e,948c83b1-ecc1-440f-9997-479b290ef8a0,2026-06,1,0.9488113681927927,0.6875
2513a20a-f905-4480-aa9e-acfa165ddb54,e99afa10-6249-3f5b-4364-da75f89e34f9,0299869f-22a5-4429-95e8-27424b5d4291,2026-06,1,0.9903790400408564,0.8
e974da76-40eb-4c6d-bb0e-c202758fc74c,ec6bd398-2413-2c67-18db-10bdd92ee4f9,83dd2c1e-368b-4c57-b9b8-fbcd6ae6ea9f,2026-06,1,0.9932181116580505,1.0
d5bc16ab-3cbd-442b-9f1f-f2f0c3dda027,edee54e5-b970-ea10-551f-b156c26d8f0a,ddc84784-c683-4996-b4e4-d17137b9a82d,2026-06,1,0.4099969948712714,0.8333333333333334
55c0761a-dc41-4055-940f-2f15cbded99c,f16a668c-ea8a-b26d-9dff-4da3c53fccc7,1b2b14f1-f84a-404b-8ef1-fec032dd447f,2026-06,1,0.9851802627343991,0.6666666666666666
0dcbb0a6-3f09-4a3e-958b-398e2506a326,f284b25b-d762-1399-a12e-ba7ffa6b6f97,1129e54a-0b3f-417c-b6db-e1090df6981b,2026-06,1,0.995422781859315,0.5294117647058824
f6c0eb96-f85a-4ca6-8e81-1c87ee2f8c1b,f295149c-bcb1-4d48-93ce-d2ea593d29c3,fb6ca425-9e5f-4f51-811c-c180458d07ca,2026-06,0,0.48836721184181936,0.0
2c168206-6149-4b19-886e-53c485a8365d,f2a00e3d-de04-40a3-6f41-a3ebfcab4a3c,4da78ee8-cbc6-4e20-949d-cf7237c7129e,2026-06,1,0.9750946046068597,0.9
1af6205f-dfe7-4728-ba3f-b17f7807d342,f59fa4ad-6dca-c7e7-d459-5326609a6412,22fa5986-8a5e-46e5-8860-bcd0d2050e7e,2026-06,1,0.26644647729360055,0.25
b88ba93d-48b4-436c-af1f-2e049ff4694e,f70ae790-e17b-aca8-a21a-82ddd895450b,53e90bf9-8b82-4fc9-ac46-406163bf802d,2026-06,0,0.8976123063156406,1.0
f73ebdb6-6e89-4b63-9332-6b07b15d4e09,f91c2854-a88b-4630-b2a6-c48401e4dd14,5d25f43a-c0a9-4111-b201-e334553b2899,2026-06,1,0.6309346696361764,0.0
a01658e3-746c-422b-8fdf-3c0b37f5c7f5,f9eb9b23-5f60-4ec4-b990-8313323bb759,ed5ebbd4-719a-47b9-b71a-3f69da2e9369,2026-06,1,0.9700987624854955,0.5
b7d46798-ce9c-44c4-a43d-7864c9f62b1b,fc8a412e-e0d4-35e1-37fa-5f798b7dc7f4,ed381183-4ca6-4302-84bc-e1e05958ed09,2026-06,1,0.9977082100653374,0.9166666666666666
83946230-9e45-42e7-ae72-6abb6465a64b,011b7d1c-5697-5394-c05b-fa0473640657,261c6838-0d2b-4ef8-b7c0-722341418ce5,2026-07,1,0.9205028025521863,1.0
1a1b13db-a8bf-48fc-a2ec-1c83a71755db,01af6f97-6cb1-4799-9476-493b8af42437,65441d96-c57b-4b05-b65b-a7ff2a0b9127,2026-07,0,0.05462391120079735,0.6388192166698823
601c8d51-5697-4706-a4b6-75c701fdfa95,0278721a-a690-833b-298a-16a351fb7a3a,6555e453-3efe-45a0-9b81-711fbf2d0726,2026-07,1,0.9994190042653439,1.0
37c5e7b0-e3ad-450d-9725-7e58c7c2048c,0366c854-a2dd-42cd-b83a-7a0affb3fa85,c0fa4ec4-61f4-4502-afd0-f819dff3ab5b,2026-07,0,0.494622733079544,0.6388192166698823
eec6ec9b-716a-4885-bcdf-3107ec930418,03ce56c0-8798-b95d-7125-311b80363e74,90df3267-4239-48a4-89aa-4a61e24239bc,2026-07,1,0.8352842305893383,0.8666666666666667
09ac49f2-0a26-4246-873d-f469c76be3a0,04ba1c6f-6c06-819d-9ecc-a0c5f795b922,cbde9bdc-2d51-4e5d-a732-1df1160c4b74,2026-07,1,0.9899338259928947,0.7857142857142857
230268ae-232b-479b-8590-d8ab6c46c605,06061874-ce68-4008-82f6-50ace2ba4bf4,f0913317-e6dc-4581-b4bc-db324957bb05,2026-07,0,0.48567599777282616,0.0
fd95f6c5-75c1-44f6-80b4-4a8f916112ae,062b56c4-c469-4ef7-b4e6-9615dd770ec9,3a99b199-56c3-415c-bebd-c2d8b28f0972,2026-07,0,0.6712599356273918,0.0
c8aa7c85-777f-4308-9df3-ed937c8a90e8,073e4bd7-f1f1-49d3-604f-c365b9952a6c,e70ad66e-a26a-4c8b-a6e1-9743710c50f9,2026-07,1,0.9982647830689535,0.7692307692307693
233d16b2-2a6e-42d2-be1d-c59ce5c48769,07734943-434c-4c8b-b1fa-49d7c4e8a7fe,d08cab43-6304-4be3-8531-9f4066c2c461,2026-07,0,0.5702378659262357,1.0
59d6ee22-3d09-4d51-b5f2-39d409d36379,080eae03-9f65-4515-aec2-8924472923dd,deef0c83-4c8c-46e7-bbae-139905f81a3c,2026-07,1,0.985848084248834,0.75
14102a99-b8ae-462a-b93f-80156274bd8d,11316c38-dc08-4983-3588-fcadd88bd5d2,597a1580-9401-42ce-a407-c9448d5017f6,2026-07,0,0.5356870245740485,0.4166666666666667
eee31e5d-c04a-41ce-a7a2-5bca3f183dbf,11e59c65-004e-4eea-a733-d3a6a7c65fb1,44b14c26-5b84-4a81-912c-9b0e2c7b5ab2,2026-07,0,0.6992076627360978,0.0
22b5c76d-308b-4fef-83aa-7e6bfca612c1,11e96dd2-92f4-f793-56db-439d5b3de156,3f072df4-ca44-4975-9844-ebd8be4312e0,2026-07,1,0.9930408647041099,1.0
b5caa611-61ec-46e0-b507-ec7524b0c8f7,12062e7c-25cc-4c45-8869-abf33c8a981c,a6a2c8c9-399e-49c5-bc51-3f362c903208,2026-07,0,0.16546708801070378,0.6388192166698823
7403d520-6986-4601-8865-e9ea574393d6,12062e7c-25cc-4c45-8869-abf33c8a981c,6ca3eea4-73dc-4e3e-809a-bc43ca4d4e08,2026-07,1,0.6776533302126422,0.0
b1786963-d56b-4d3e-b2a0-56fe0a5cd973,12062e7c-25cc-4c45-8869-abf33c8a981c,a6a2c8c9-399e-49c5-bc51-3f362c903208,2026-07,1,0.9837648758765432,0.0
2e821d57-1f85-4ce6-a9a9-19f297b44cb5,12062e7c-25cc-4c45-8869-abf33c8a981c,6ca3eea4-73dc-4e3e-809a-bc43ca4d4e08,2026-07,1,0.7177266003841968,0.0
4a094588-ca5f-4e23-85e2-be50ffe62755,1218c50c-4da4-4f61-baec-5182a25958e3,2acd9f1d-5e5c-475b-b951-24e908d2fd9a,2026-07,0,0.433524115058835,0.0
14703d78-7701-485e-9eb4-c0357d4e92b6,122c395f-56fd-4482-fe33-7fa3c3cd30b5,45df567e-3c5b-4da3-8bfd-6605e5e6c7a9,2026-07,0,0.44251728183929934,0.07142857142857142
126e9cf2-126e-448e-b837-18b0ad5ef21c,1261d726-9481-43dd-bac5-f1b158c8ab32,e6357f5c-05c6-4829-9508-d39b4be473cf,2026-07,1,0.965337021387617,0.5
745156ec-252b-4948-9c87-4f7b5b0ad514,1287ac56-adee-78b5-6a6b-56b3e8dd7d48,c88936bc-cb40-4598-a743-3c301dd4dccf,2026-07,1,0.8998815220060538,0.9411764705882353
bd910d60-5506-4fe3-a2c3-ef36128938fa,146a8458-f956-54ed-317f-b99f7d16fff8,9698da1c-596f-48ae-8618-16b9c409f192,2026-07,0,0.1656589966470901,0.08
2b95eb32-436b-461d-8dff-4ce7d45f69ed,1604768e-85d5-4c44-882a-b748eddc1f37,17bf7a07-4e73-4ce5-8aa7-b66cd8363946,2026-07,1,0.39521160916162645,0.0
e761a138-487c-48c2-a6b4-9d95eb133b1f,18788fe2-f6a2-826e-2199-6cec118c6d00,6a5d492b-8175-4c5d-86ac-ff94ea72d963,2026-07,1,0.7339040438821732,0.12
adec2cf2-d06c-44ab-9c93-f7f5fe621627,18d86801-3cb7-11d4-8b9d-433429296014,9c5f6705-4936-4bf4-91d9-8bd75b4c341b,2026-07,1,0.9978771677679932,0.3793103448275862
4ab4df80-87c8-4497-aece-9b3306c9315d,19214e19-efc4-4eea-8118-944c998e3ab6,6d956c8b-fb4b-472a-86dc-1822f77d09b6,2026-07,1,0.5579140753307773,0.0
e01e5c53-4892-4c72-9f12-45d57a7ba7eb,1932ea80-c6eb-874e-eca8-12410fa7a608,7ce79ba5-79fe-49c0-9e0a-2ace149ffbd0,2026-07,1,0.2609036790672597,0.16666666666666666
32f00025-0af1-45cc-9194-923f4c38dc9f,1a171004-7682-1c39-e6a2-758b668c33b0,d700c1e9-4564-4c4d-a800-2b6d68e962f7,2026-07,1,0.9979884615988048,1.0
8285171f-22c5-447f-9c7c-4b00267c1159,1a3b6c74-26e1-7124-0b5c-7f783d71624d,3aaba622-f423-48be-b5c5-5516fd1498a3,2026-07,1,0.8625092219684175,0.8333333333333334
dda8a845-8a76-423b-96b2-d30f381355ba,1a3b6c74-26e1-7124-0b5c-7f783d71624d,74d85a8c-cf99-492c-8656-d7bb8666ae7c,2026-07,1,0.9360664275686899,0.8333333333333334
ed0c6dc3-6e4d-4ba1-9c9a-b34f358e490c,1b003ea3-bdcb-0416-c3c2-8ff60f2f65f5,419e1438-3ed5-4447-9f4c-68505b3371d9,2026-07,1,0.9991725856382668,0.9285714285714286
21f29c25-d4a9-4688-8637-7f1e3b09f3f0,1b1e4294-4ed3-42e4-b820-7c443e8ddfcf,d92acb4f-8c3f-48ac-8e6b-e7e693fef3d9,2026-07,0,0.08316457272761295,0.6388192166698823
fc8daa11-ba97-4f62-9bd4-c10961808f33,1bc75090-ac1a-44a6-bb22-f211aca7c760,9a5c2a4d-3f8a-401f-b8aa-d0410e196176,2026-07,0,0.5347389608104496,0.0
a9a3ee42-864c-4ccc-b462-654cee5ebebc,1d4c0119-5151-7a5b-2266-f16e44f67157,55469cc1-579d-4801-bbbd-4f113cad46e9,2026-07,1,0.998899954882545,0.9166666666666666
6919c9e3-f589-42a2-ba7e-65a8a58622c6,1dc2bdca-ae79-4cd5-9d74-961c02cce282,53f80b16-81c6-48dc-a5b5-3ffad0099564,2026-07,1,0.2408840133771148,0.3333333333333333
0f0bf387-a2cd-4f2f-91b0-8e8645621db2,1fc0c3bb-f35c-8d5d-a4fa-a9c1723cd8ab,daa4363b-15ef-406b-adb8-5451eb652e2d,2026-07,1,0.1855996367884363,0.6842105263157895
11334e0e-3a8a-48c0-8cfc-a051309a7f64,21e237d1-286e-324e-0cef-45725d629768,a6e807f3-afdf-44ff-b5cb-81a3f0906217,2026-07,1,0.994413085459974,1.0
c08221a0-7659-4ea7-9fca-ddf7593d4bf0,22a9494d-0e02-6fba-4aee-7947f1e6110b,a9694079-2985-486a-8cd6-bd3243751b22,2026-07,1,0.9987652399408445,0.9545454545454546
cf933365-c52c-4f3c-88e1-ffc62b4f9bd6,22b0be2d-52c5-1127-642d-4f1083b404ca,073645a4-3ce2-4cc7-96cf-54d0f49f2353,2026-07,1,0.08014526903513551,0.14285714285714285
42834448-a916-4952-a258-511ae5ae7bfc,238b347e-e7e9-b1a3-31a8-a2f8fed99f55,3d2bb31e-a4e2-4d67-b934-8fbb641505da,2026-07,1,0.998374768139222,1.0
dee55b8e-92dc-45fa-8761-73964a3d1290,23f7ef5f-6b26-a104-b616-b438d7e9243c,8cada743-d341-4211-b2f2-094d551e9ef3,2026-07,1,0.9903312224293029,1.0
4e07c437-c4d9-4e62-bce4-8a7c23a92ac1,257579ca-bef0-99b8-f916-e518891ffdab,66d111c1-cc43-45d5-a2c0-be03b4449aeb,2026-07,0,0.16338717548156012,0.0
dbba8021-562e-46d6-acd1-ea34bd8481fd,25aa2406-e171-b558-8249-7a525d126d8f,a0c56020-2eb8-4b3c-80a2-f837b1555d64,2026-07,1,0.9959005434569467,0.875
00d6cfa5-9e1a-4ca9-b6e1-30591e8e7ee0,25ef6338-6197-45a8-82d9-ddd0a846f1b2,7e0d9e6f-f4ea-425d-9869-e4649eabffab,2026-07,0,0.3926455687662277,0.5
e392bde4-937f-499e-b70d-fca5b37f0c15,2631ddfd-660e-8719-1876-82cf88e13a60,0c8b2433-3b52-4a31-973c-d1049e2367ce,2026-07,0,0.10118774368868934,0.11764705882352941
b5b00661-8214-40d1-ada2-59bde8932f31,26b16f30-da65-8aa3-d1ec-4867ac2a8f35,55c869da-c670-452e-aa98-469528be9efa,2026-07,1,0.9199523535962287,0.8333333333333334
e350da71-d30a-430d-963c-df9455611345,2794ccf7-4966-f00d-35d6-34ac17db73ea,29309a70-09a1-4c35-b877-ca27b04ec436,2026-07,1,0.9987855086698504,0.925
f84b3500-2f9e-449f-b9c7-2aeeb8f0321f,284ce00f-b05a-4366-9117-bf73f7449a76,1b31b0cd-0f96-4d1a-bd73-aa703f095a42,2026-07,1,0.6651292290937182,0.0
ede71c47-8321-49b7-93ca-b0c4c7687848,2a00764b-10fd-4f2c-84a8-b611cf9b893a,bd43bb0e-75cc-46d3-9bb3-0970271f685b,2026-07,1,0.39521160916162645,0.0
c31bc39b-65c7-41c6-a78b-0ff96670e2a5,2ac2da6e-0954-f906-32d7-a1f55477c590,7c23b4a5-63fa-47d1-8211-a565f6ed8ee9,2026-07,1,0.9821936909308132,0.8333333333333334
f0342d57-2d7a-4f46-9899-b5da852ed01b,2b785f57-1c4f-d4a8-d486-b69e7b2db5bc,3c7ccdf6-cc34-4475-9b15-a0933043ad80,2026-07,1,0.9929789376976572,0.9333333333333333
e681a022-f32c-4968-9f77-f517bc90bd41,2ba81159-3fd3-401a-b806-4cf09e7dce86,c6035e5d-f32d-44de-a23b-055e75dcfa6b,2026-07,0,0.20735291094318023,0.0
d4bae020-64de-44b8-bc91-6eba14b0b2c0,2c05db07-e980-4d52-a524-1b1ee5185554,3359585a-5168-44d0-8c31-fe926dcaa27e,2026-07,1,0.6380887179182606,0.0
0d30c337-1686-4d57-81d3-f3afe3879e8e,2c1980eb-be51-916e-8f61-1e8fe83afb0c,345fd782-4252-4f02-958d-3531a545878b,2026-07,1,0.8740043370138473,0.7272727272727273
789615fd-1cb7-45d4-a1bb-970bf5b1cc1c,2d700a6b-44c4-438b-841f-febe1b2c47a7,32d53862-5d4f-46ee-a5d3-3372c75389c1,2026-07,1,0.8489928244868984,0.0
acb26317-17c8-4413-8fa2-932b4cfc9779,2d700a6b-44c4-438b-841f-febe1b2c47a7,481d5ba9-f2ad-47b5-85a8-606cab8e96c1,2026-07,0,0.9611378955449088,0.0
187922ed-896d-4d02-a92f-8aca7fa38007,2d700a6b-44c4-438b-841f-febe1b2c47a7,32d53862-5d4f-46ee-a5d3-3372c75389c1,2026-07,1,0.43900740116255466,0.0
ce73e7b2-af80-4e86-855b-bc0f68b89f73,30f37c32-22c8-495f-9468-246790e56559,f45d9f5f-f04f-4a35-88cd-5579e5341445,2026-07,0,0.08316457272761295,0.6388192166698823
a8577970-7fc7-47f1-bcbe-a5f74c48e3cb,3191d29c-7cc3-4be1-8972-df4076747878,3cefa430-cbfb-4bcc-be8e-442a4a193045,2026-07,0,0.5078111841896441,0.6388192166698823
e061f83d-1e91-4c4a-95a6-247934cb9e01,31f3f7a3-5dc4-21cd-ba54-b41347a7822a,2d403254-d4e3-484a-ab66-492809785e47,2026-07,1,0.9916393693859341,0.8333333333333334
6d22fb34-8685-4e20-b715-4c6b17f50b18,34e36bb4-6313-46d3-af36-4f9ef75dc0a4,ca1e5c59-fbe8-4786-b241-43233c852dc1,2026-07,1,0.8907468169791031,0.6388192166698823
062f22ff-459c-4bf8-ad23-17a27864ac7c,34e36bb4-6313-46d3-af36-4f9ef75dc0a4,d507ffac-5fb5-480b-b385-262ca3ff3224,2026-07,1,0.21826757272951333,1.0
6e0da838-44cd-4935-8f14-05b2a0224c51,34e36bb4-6313-46d3-af36-4f9ef75dc0a4,d507ffac-5fb5-480b-b385-262ca3ff3224,2026-07,1,0.8679925881629075,1.0
e4f26ce0-1a01-43b3-8ac8-276ff2e8be05,34e36bb4-6313-46d3-af36-4f9ef75dc0a4,ca1e5c59-fbe8-4786-b241-43233c852dc1,2026-07,1,0.6072798519640347,1.0
edf0fe35-98e7-4eee-82c5-9897d735e7b0,38069f8b-d44e-0b86-a0d1-dafac5ae1232,0bb006a6-102a-47c8-8091-3f3a4bc5731a,2026-07,0,0.20150227410573843,0.13043478260869565
7ff5ed0a-5db2-4037-9b6b-32faad4891bd,38305983-db92-2c3c-7949-96f7ca7833eb,f9922902-5337-46f5-bf1f-7d8982a685af,2026-07,1,0.9945730845316584,0.8
128bcb60-130f-4e5f-a609-c93d6f5625e9,389859df-460c-4966-a71d-eb7bbebae67b,28f1c8a3-249a-4338-a9c2-c9f51b3b5e20,2026-07,1,0.5916517152081895,0.8
a929eb7a-8d83-4376-a556-b7b540ddf009,3b02f95a-b47e-1037-4f8a-f2f31e35c98e,ac6b528f-3e64-4f40-a65a-a073b663edd0,2026-07,1,0.993158428781633,0.9
4ae4414e-d014-4a9b-8df9-6c3f732758d9,3b27dc97-dafa-0480-7b61-5549a3ea7eee,be99f7a0-c9f6-43b6-9cc5-04577043e0bb,2026-07,1,0.9994822389049809,1.0
238cd159-11e9-49e3-a226-89c6e78239dd,3d18aa61-88d3-4390-b5d3-db4cb2e31e11,9d8d4a1e-75b6-41fa-9add-21e6b87958b7,2026-07,1,0.8676131962284478,0.6666666666666666
480f7184-bdde-47d6-bd14-7207a4266bc3,3e50af3d-452f-d098-b3bc-3c2a64576d55,288569c1-8892-451c-ae1f-6ccf0c41daa4,2026-07,1,0.6926198101419921,0.3157894736842105
faf6ebf8-7d81-413a-a907-7b44902a23b8,417cb75b-9992-4df9-28ae-ad4d2313621f,bb51f6f8-2b1a-4e9f-b3e3-16a942773d8e,2026-07,0,0.5822146766947145,0.42857142857142855
cb5ca7be-6a74-4466-b11e-8abddb570573,41a311d7-b970-4e78-a30e-a633fc4e5f2f,323a69fe-46d3-4b0d-b2ea-a768741e7f3e,2026-07,0,0.08316457272761295,0.6388192166698823
454187b9-2c17-4ece-8eeb-02b8353df2f6,43774f3c-9ce6-fc78-7857-b8607c3e1966,db615118-b5d5-48fb-aa2b-90a5dc340c0f,2026-07,0,0.7031143154018835,0.6
bd475b86-c462-4e94-b677-8caebb7752d0,44bf5771-a669-438c-a190-88aab999cfae,aabe391a-b8fc-4f8b-9b7c-414468bc4d54,2026-07,1,0.16491984506464705,0.0
e86ad0d4-c8d9-4c93-ab65-49a6da0dfd27,4505ca5d-0961-03c9-5943-ffda2a5ae270,0f6ef705-bedc-4008-88a1-8c600fe56c57,2026-07,1,0.9748289930550982,0.3
0cb659ed-dbfd-40f5-a9fd-54f9e2ca9b8e,4628a4bf-d4c5-9e5d-471c-271b9f3e7d03,460261c6-c1c2-4654-81fa-19637f3602a8,2026-07,1,0.9951091279655873,0.6410256410256411
a79bb0c1-d838-4d40-b298-f63301222b10,491b8136-32a1-37c5-5253-b53ff3991d86,db02e562-aa09-448e-9187-bfa7c3788aca,2026-07,1,0.9423544146827915,0.6153846153846154
c151428f-57d7-40e4-8a43-27fade29d96c,49355947-7605-ec5f-7d81-a6597f38d76b,0318d74f-95a7-4ced-92bb-ded9eb88d273,2026-07,0,0.07250662582544955,0.0
5b271316-d14f-4851-adf0-10fc2d08a908,4c4ad4c9-59bf-f152-d0ff-6502ec564cc9,91e9c4a4-cf9f-4ea2-bbce-8ca8d01150ff,2026-07,1,0.9912005678793661,1.0
eed77448-ce76-4445-aacf-23c504a78770,4f75b0ca-7bed-c37c-cfd4-1e361a1bb6d4,94474160-d37a-495d-a16f-f7280c3b7a29,2026-07,1,0.17920563450312424,0.18181818181818182
327a3759-faae-402d-ae5b-636537bfe44c,510cd475-6538-7d02-413c-1a0f553ba4e6,26a0a5ca-7623-4406-8776-15d57ccb11fc,2026-07,0,0.2352107921258948,0.10526315789473684
465c6588-5810-424a-96f5-ee45d6e4e914,51c3d3a9-bfa0-4a8e-a687-3ef46bc022cc,6b4279c2-88e5-42c6-84c1-71f20002952b,2026-07,0,0.3415327470891114,0.3333333333333333
ba5ef25b-a1e2-4704-b359-99cee682b97c,521635f8-15aa-4ce1-ab2f-276095cbbe1a,fafe913c-97b3-41f6-b828-d278cd6b473d,2026-07,1,0.7937440560268199,0.3333333333333333
0004220d-3a6a-40eb-9b75-83a26f5f2eb5,5527e05d-475b-45ed-a6f4-284340eed262,76f856ea-75bf-4a65-b822-9265eb344968,2026-07,0,0.5056338096819328,0.3333333333333333
3f16046f-d0f0-49b2-80e8-a5dd6cd71b56,55ca6f7c-112a-ec33-7c1c-987508bc9e41,3820ef49-8442-45ed-aeee-6a7a0cec9205,2026-07,0,0.29187071218767324,0.125
f7beb16b-7933-4344-9baa-677167327859,55e6e452-fae2-a5ac-3c12-21424bffbcac,052eaacd-614f-4cac-8bee-618b1549c36d,2026-07,1,0.9888691851127086,1.0
8c24abd6-7232-40e1-ae9d-6a13bdba19a6,55e6e452-fae2-a5ac-3c12-21424bffbcac,052eaacd-614f-4cac-8bee-618b1549c36d,2026-07,1,0.9982691105516752,1.0
1c89281f-fe72-4d24-9377-c7352a74a479,5b45a840-9d6c-242e-0e2f-2e2c972c2eec,1b8d196c-a429-4d7f-823b-82a43769d60d,2026-07,0,0.1268907058623597,0.0
c06462a6-05dd-4552-b9fd-a55f9966e6ed,5ce46f7c-d9f9-426d-be11-5e3b6a2bedb0,bbdf0229-85be-4048-ad84-553cde28b461,2026-07,0,0.06312320983254166,0.6388192166698823
3e172345-6a04-4c44-af99-d49f61a1ef0a,5ce46f7c-d9f9-426d-be11-5e3b6a2bedb0,bbdf0229-85be-4048-ad84-553cde28b461,2026-07,1,0.9816219554352585,0.0
4a8cd93f-c77d-4866-bb8e-9bb46d829b78,5ce46f7c-d9f9-426d-be11-5e3b6a2bedb0,1d8b2085-b87b-4a65-a8c6-ee6b287ba381,2026-07,1,0.33777322024434486,0.5
dbdb648c-5b17-4611-b554-e6c9f5e764ae,5ce46f7c-d9f9-426d-be11-5e3b6a2bedb0,eeb747fd-a4c0-4097-a86f-55f604dadabe,2026-07,1,0.8996971796589801,0.5
6c5834ad-4561-40e0-b838-bf62f461285e,5e901269-d116-cf62-7661-df859f5b02dc,a15489ed-053d-4793-b95b-de0cafc05473,2026-07,1,0.9988624210789759,1.0
c749a0a4-afdf-4b0a-b463-9e16909be734,5eb9cf08-d888-4c7c-b6da-0b773bb39bba,4eff7b9c-84b9-48f9-b546-e0556106f1e8,2026-07,1,0.23045037389101328,0.0
e315ce7d-3931-4303-8e27-b185656728d4,5fee0a79-3970-704a-2332-f7c7598e86c1,fad9c620-d9d5-479c-981d-4bc0521c94bb,2026-07,1,0.9726088735425966,0.75
696fd58e-3afa-49f6-b476-f8bc04adb138,61031b0a-ef18-26aa-64b7-d412d7b3d276,99eb3f32-d53e-4470-ab2a-09ed6e9b3872,2026-07,1,0.9988652030710643,0.5185185185185185
cb30312a-7f8b-49ec-8dce-48f4e34bb8ad,61492721-611b-479f-9815-e09e0d7c95fd,047e4ff5-1a8d-4524-801a-60c70f28caf8,2026-07,1,0.15775359311057008,0.6388192166698823
83390700-5061-4783-b0ae-400d3df8658d,618f174c-7c45-cb54-907b-cacc78483918,19cc5bbe-1012-4cbe-bea4-9ed7f1aa163e,2026-07,1,0.9973288640315349,1.0
d3ff5ae7-b384-4c33-a871-b80bf1cb3e58,630c8120-bdbc-832c-24ca-aca9e6b49891,cdbd0a31-d685-4189-af7e-25c08d80399b,2026-07,1,0.994729540520058,1.0
f59896f9-4995-4125-896d-c4fea0c5b3d8,66fbcb59-3d06-d8cc-b1d5-53f38a599207,b6b48bf2-25a2-4810-9338-b1847a53c5ed,2026-07,0,0.09989847163550296,0.1111111111111111
cebbcf06-6913-4515-b500-828e8620ee9f,6770176e-5bc2-4e8a-aeaf-6a7249e266d6,0a2c28ae-9266-47bd-8c14-aa39f370e0fa,2026-07,1,0.6212916171582122,0.0
6557c3ff-a05b-4069-9b65-d7e44ffb9f19,696a4512-7d08-4e23-a774-91ee1afc42d1,5a78509d-339f-4045-a024-d2fe14b0f8b6,2026-07,1,0.49563210624074694,0.0
a5a02b1b-5e9d-4353-9bf7-2e97502ab7c6,696a4512-7d08-4e23-a774-91ee1afc42d1,5a78509d-339f-4045-a024-d2fe14b0f8b6,2026-07,1,0.6395145112814009,0.5
d6b23083-ec4a-4083-81e7-87da668a0895,696a4512-7d08-4e23-a774-91ee1afc42d1,5a78509d-339f-4045-a024-d2fe14b0f8b6,2026-07,1,0.6395145112814009,0.5
b78c13ee-71d9-45ce-b5dd-6dff51e62cc6,6d60a9d5-34ce-4336-9c23-231057dffa71,6658b5f8-6798-48ed-9e21-3fe4df3c32c4,2026-07,0,0.3798991139639942,0.0
bd9bd10b-358f-4091-abeb-093d9c000172,6dd50e39-9843-4442-cc09-3b49fbe97fb9,874b3b50-b801-4e30-a0a9-808746433886,2026-07,0,0.029508805979090627,0.0
2ba04883-83dc-4ae3-8b9c-e3de759c9ca1,6e29f80e-ffb7-4c7e-9f39-a7980c00926b,cb8517a4-2c13-42bf-b7c0-95130bfd7275,2026-07,0,0.47091644446770475,0.6388192166698823
b67d62cc-1ad9-43b4-a6ea-7f62014fa48c,6e52de53-d0e1-4fff-871f-36aa18ac4720,1a8854ae-648e-4d46-afb7-3ddbf102976d,2026-07,0,0.7391308791798897,0.6388192166698823
c99b0eab-ebdb-4125-a278-f9e4617db90b,706ec709-36e3-4de0-a55a-522efd0b3957,8872ba1f-ebbe-4b26-b0c9-a5b330c229f7,2026-07,1,0.31905302635540994,0.0
11902a2a-a8f0-46b9-8582-9a11eedcfbfe,71492154-2bd6-41d1-b8b8-3acec9cedd1f,2c97d0a2-8c5a-49ab-a12c-e9aeaa347808,2026-07,0,0.5830041105083712,0.6388192166698823
409e38ff-9c03-49b3-a03d-cf991969a0e0,71a9340d-9832-4609-a110-d9b5aaffc020,f70dca28-1fc9-495a-aa3b-8966f09e7f57,2026-07,1,0.8697179909982636,1.0
4cdf76e4-c55d-4f3c-b21c-455672d01732,71a9340d-9832-4609-a110-d9b5aaffc020,f70dca28-1fc9-495a-aa3b-8966f09e7f57,2026-07,1,0.9560732037694122,1.0
382c72d0-0c44-41e8-9ddd-e7ff5bd1c00e,72ac33cc-b9b2-9cc4-47fd-d37096c8f30d,c7f06da4-2365-433f-adc3-9f9169263644,2026-07,1,0.152130452345241,0.14285714285714285
b0267afb-5d62-4b05-869d-a5f2d96c55c3,733dd472-3b1e-dd43-76e5-082ddfe66c5b,43058d1d-6ce8-4ad0-9f04-48ad2efa67c4,2026-07,0,0.2981544920498733,0.25
816c48dc-337d-43bf-b888-1f3d7c8cc02a,73715344-908a-b7fa-00cc-34358ffb16f0,3aabe842-7390-4208-9bde-936af6f8b658,2026-07,1,0.9860417995944911,0.6666666666666666
fef5feb0-8261-4f13-b004-3eb33e148d39,77dd12b8-a20b-05c8-2372-79ba1b1624a9,3ca315cc-b9c4-4379-be8c-c2df8c0e42d6,2026-07,1,0.03443982679793014,0.0
14ba8cc2-8ec2-4728-8024-b94bffa93d41,791c16c3-5afa-4081-a47c-53439979e5b3,3e77d5cd-7102-4a50-a5a1-f77aced5ebb8,2026-07,0,0.8626873933432475,0.3333333333333333
a6f80e19-d5a1-4406-ba1a-a1567f4ff56f,7949646a-1455-41bc-9b8a-d19f84772bbb,f08f0b98-4740-41e3-9fb3-cdc9d4e943cc,2026-07,0,0.48802494283231984,0.6388192166698823
2f455de7-840d-4be5-b436-8c53f0f1ee37,7976ec26-6b18-471f-96d3-aa39a03abac8,81960dab-ecf9-49d3-af4d-cae4502c1e9e,2026-07,0,0.08096160273821351,0.6388192166698823
a4ebd39e-aaca-4a07-be4e-9af1d70da082,79d4d3fe-73c5-a965-030f-c60220ee20cb,e1603fed-7593-4717-b5a0-f63c1e03483e,2026-07,1,0.9976478869388378,1.0
342ec4d7-0887-4410-bb28-72eef2dded2a,79e31f6f-69dc-a40c-27d7-3f076878f83c,a0cd9c66-c067-4001-ad7b-586b6c15537e,2026-07,1,0.991745813108839,0.3103448275862069
74ddb608-947c-4258-82c5-f7b5ca8b89a0,8123af5e-305b-80f8-20db-4d54b7f628c7,e42d2bdf-7c18-4bd9-982c-de09a231f52f,2026-07,1,0.9957481737488162,1.0
335c758a-a82e-48b9-9c9c-f5b9b1f953f5,82be44de-b1d6-4e48-e6bb-33ec98b83c7d,6edb4981-c302-4992-b7a8-e24912892b61,2026-07,1,0.983253599710296,1.0
943c602c-3e5b-4f63-a327-88335320a4cc,8334eb99-0bc0-3c80-9ff8-83bea3d7b5ef,cae46a0c-8545-4ee9-ae5e-3f94bfa02442,2026-07,1,0.6189625586395737,0.5
2c31a8b4-3662-4c4a-b5a7-c4b36b43a8d5,83af11b3-a274-7404-3265-ec658f74f8cf,a592d732-fe7f-4bfa-841d-7433e477f43e,2026-07,1,0.7119520932844713,0.5555555555555556
06fe5d78-89cb-45a0-bfdd-82a07fdfd911,83af11b3-a274-7404-3265-ec658f74f8cf,a592d732-fe7f-4bfa-841d-7433e477f43e,2026-07,1,0.6556854133077327,0.6
d21446a2-a497-4c24-b2f3-8a3faa25de13,83af11b3-a274-7404-3265-ec658f74f8cf,a592d732-fe7f-4bfa-841d-7433e477f43e,2026-07,1,0.6556854133077327,0.6
9e2b581f-84bd-4449-ba3e-4be4f243fdd0,83f51f9d-9d36-eda9-e7fb-5b1badbbd5d9,2f49d447-f15d-424d-9a7d-be051dc880d2,2026-07,1,0.9686394038213795,0.9090909090909091
d3885d06-fc43-4bd0-afb0-85f5724f067c,854c86e3-8b7f-0ca8-f4ac-c6a073699611,8db9e51a-5204-4143-a5a0-086b8cd03403,2026-07,1,0.9994590298530713,1.0
3dad052b-6262-42a7-a5bf-01271baa684a,855f3f6a-72ae-46f4-4cc2-a9a0d5df5b70,9131c211-f95d-4213-9955-02879ced6aaf,2026-07,0,0.3013586507953052,0.09090909090909091
d9bdde32-41d8-426d-b9fa-ca5d8d6f0772,86cd2239-fa55-0389-437e-e8fd505dc931,20d5e9a6-73cd-4f5f-9b27-ba9a13e7864e,2026-07,1,0.9831059342931574,0.5555555555555556
d909fe8f-b444-400d-b521-06e2a936f4a4,8709ca2e-a8a6-48a4-b8ce-e813c4796ab9,a6efc369-3910-43e4-b870-b5daf647ecd8,2026-07,1,0.2969077200113363,0.6
56906135-a62d-4d42-a1e7-ad65d307a83f,87a1e515-e2e0-110f-05d1-04f5a83c066a,a089c1bf-e6c1-4700-b4bd-52304e5c006f,2026-07,1,0.994729540520058,1.0
3fa6f134-7bf0-4c45-ae60-31e218a290c2,890b32d9-f754-8150-5a18-8a21fcdf3828,badc4f52-9209-4008-bcff-ed3cf3a3726f,2026-07,0,0.7370592327974802,0.5714285714285714
365734db-4a35-41ab-b3e0-1feaca9b41b7,8971261e-a813-477f-94c0-0a9661dc4c34,4f2cdcfa-282c-461d-84f8-aefe0567d4f0,2026-07,0,0.6068196654502525,0.0
5c7fa873-7b1f-48d0-9298-8115015fc2e7,8996897f-e383-4fca-87f9-654e1b14b3c2,31c9b57f-ed29-48c0-8c4e-e04fee5d8436,2026-07,0,0.38435679986699584,0.5
d6ebadee-ca10-4d96-850a-fec0d54c6e66,89d188b4-94a9-2f97-e068-155ed8ec3f5e,9ddc3b2e-3ea3-44e6-b674-4cc843ee0e0d,2026-07,1,0.6115125130433844,0.7777777777777778
f181ed01-c904-4f95-b725-31a7dc51f568,8aacbc78-5e56-b3c0-f8bc-fcb5490b94f3,d06e259b-0f3f-4c09-bc77-00ec39ab5924,2026-07,1,0.9978326833539597,0.9166666666666666
b7b49070-ba19-4b7a-9d06-34b13aa8c2ef,8b48adf3-c14a-fa6d-9785-b4bcb35f8fbb,656473e2-7641-46ed-9ba0-9fa996a8b682,2026-07,1,0.9936978556397352,1.0
ac00279b-99d6-4b81-ad6b-ce01b2cdddf5,8e39a9bd-3317-b2a6-22a6-16fa4cab9632,14f9659a-5710-47bd-945d-74b61d0ed70a,2026-07,1,0.9671915077790457,0.8571428571428571
61ac2af7-4382-4463-b35b-ad8634fd1619,8fd367e7-7404-4ef6-530b-a40219a48f1e,de3fc75a-dc8c-4bfb-b959-494a94a5d287,2026-07,1,0.7652999943824111,0.5384615384615384
ccdd0721-da81-443c-b416-39d51639df8f,918b6526-10a3-4e0e-b3d8-7862211d2485,5c326c75-6587-41cb-a153-ab42deb95efc,2026-07,0,0.7548562219068655,0.6388192166698823
0119a18a-86a1-4d2a-a709-78778397e498,918b6526-10a3-4e0e-b3d8-7862211d2485,5c326c75-6587-41cb-a153-ab42deb95efc,2026-07,1,0.9746678864222399,0.0
3319a544-a8a0-49f6-b8da-70876f3b271a,93eb3d6a-d35b-ef1f-83b8-7430b6ad1674,c812ba7b-6318-4ce6-b0dd-78749fff30e5,2026-07,1,0.846624111654639,0.5185185185185185
35a3fef1-a6da-4183-a385-29d69812c22c,94927866-7ca0-4311-b799-972822792cb8,8cd3ef09-94c7-4773-b3fb-823d2cf16c19,2026-07,0,0.5712478310531806,0.5
b3a62fdc-9b38-4076-8c3b-3d27e3241ffb,950dd22f-78fa-d205-48b3-fe5a5cc7438e,62887698-aebf-475f-9c98-0a212110dd24,2026-07,1,0.9966472285752123,0.8461538461538461
7a29db7a-8a5c-4b02-a0ae-27e02ef123fe,9541a16d-d020-eb78-80f1-a4a2d4b7775f,bf9b5cd5-13dc-4229-9b7f-2fd8541f64b3,2026-07,1,0.9897825454512781,1.0
47d4001b-2228-4429-b4fa-b18fc82c86bf,961c950e-debe-4dd2-8e5f-08bf92bda977,9494194d-43c9-47ad-8402-0c22cde7b00f,2026-07,0,0.5830041105083712,0.6388192166698823
e8734846-e5fd-4446-aab6-6cdf61712176,9653a402-ff75-bbdf-8cc6-1cb0ca01f233,81f71080-dac7-40e9-bb6b-3526cdd47015,2026-07,1,0.3477505322852491,0.23809523809523808
c3ebdcbf-8211-470b-baba-c82c51a3d89b,9c88cc60-ea13-4dd1-9930-ca14ff0c6aa0,da786425-8bf1-4da0-b417-6371476a7bfe,2026-07,0,0.7593940809818016,0.5
fe4e12fe-1dd3-41e1-a426-9c08669e3cfd,9e188cc2-9f75-4d15-8fa3-9348236cae71,30bf7a47-8033-40e6-9b42-8c799808df57,2026-07,0,0.3704154299262852,0.5
a481788a-262a-48f8-a4ce-a04ab0e86c9c,9eb73523-a830-4796-9317-1a3f4e9e7254,63c00eb8-28c7-4176-a247-574b0ca40a4c,2026-07,1,0.5830041105083712,0.6388192166698823
5046d523-dd64-41d2-80e9-d8160c921874,9eb73523-a830-4796-9317-1a3f4e9e7254,af77c84c-c34c-43ff-a61d-62b390f12d3f,2026-07,1,0.27539186272047445,1.0
3d6eaf4b-016e-41a1-b565-ae73a779baea,9eb73523-a830-4796-9317-1a3f4e9e7254,63c00eb8-28c7-4176-a247-574b0ca40a4c,2026-07,0,0.9126190091829901,1.0
2885aefa-b667-4970-ace9-68c737da86e6,9eb73523-a830-4796-9317-1a3f4e9e7254,af77c84c-c34c-43ff-a61d-62b390f12d3f,2026-07,0,0.7268836307322655,1.0
b8bef20e-5ece-4c84-8000-b16c1075fa7d,9fd15f79-3f68-411c-a282-24af6ade0fdb,4fbf07dd-60c4-4e20-a04f-3714c378ffec,2026-07,0,0.335282972386501,0.6388192166698823
fc2e2aaf-beef-42cd-b3b7-d49ef5b03957,a267e3ee-ef69-4d54-8414-357c81b2eb3c,4eb2b3b6-d5de-4190-81ab-e563885218a3,2026-07,1,0.9760126302694199,0.6666666666666666
d004bf74-817d-48da-8716-b2bf041a043c,a467df39-5ec5-465e-a471-e2b54be7bc71,b158eb96-519d-492e-9c1c-6a34701ba7e6,2026-07,0,0.2797396644159452,0.5
b630cb6e-027d-41e9-85bf-9ec754f36954,a4709d2c-85e2-3d68-7467-1eaf879ba2c9,a38411a4-41ea-4525-b071-7072a55c3975,2026-07,0,0.13519820283391054,0.14285714285714285
c0850206-9cd5-4f91-ac16-c12a799fb1e1,a4ef95bf-1c7c-4c4d-0497-ae38085af6cc,22638b59-a59b-46e7-86b9-34c7ea2d2847,2026-07,1,0.9960538716249261,0.75
dc80e992-bb4f-4c5c-9e82-379072713119,a6037691-771e-8146-3714-f9dedb8acbcc,9b2b3fe5-0f02-4525-a84a-61d6418d0fa4,2026-07,1,0.9989166546759889,1.0
7225bfdd-2a7f-43d1-90a3-ed1234bb54d9,a7dadee2-80e3-eba0-084f-5f1847bb3aa4,a2b0ee31-8c68-4f88-82a0-a97f2818ee85,2026-07,1,0.9677962455763387,0.6
45157ffd-6e9a-4603-8b7f-0aee19dd6596,aa88d180-8c53-dbe4-70de-ecf38130d3ce,ac2059a9-ac22-4c7c-94a1-cbc4cfbeb93d,2026-07,1,0.9980217475796148,1.0
df089a8c-4777-446b-a107-25d47067496d,af12a12c-92bf-088b-3073-292fe4dfc478,bdc2c4ae-b9b2-4aa7-b8bd-01fdd0145e27,2026-07,1,0.995848653133649,0.9285714285714286
60e4ba8d-40ad-467f-b7e0-f0107c57ce04,b0348aa8-ad9f-d0dd-94e8-c71a6627c930,db9ec732-0eba-43c2-8e97-5e7a05e17561,2026-07,1,0.9875296665096006,0.7222222222222222
8d0f08d4-4487-4702-b557-bdcb0e442107,b0a6f0b5-9fd8-112e-2bfa-24fa8a25779b,f5dc7322-00ac-4867-a914-e2bddeac9a0f,2026-07,1,0.9852118806939135,0.9333333333333333
8222baed-94ea-4715-886b-bbbd58847c75,b19dfc6c-a5d5-734c-3d3d-6389c281b3bb,2ddbff71-425b-4f25-a932-e1bf574b2035,2026-07,1,0.9980456644935007,0.9615384615384616
431ff227-f2dc-40d1-9d6f-805121b9353a,b2f85d5d-acf9-7c53-dc5b-0d3b67b462c5,ca99fa52-1a9f-4d9c-809e-b7b9c30d2129,2026-07,1,0.9822893277980813,0.8
83bcc104-0343-4d81-a667-6b31c90f5a00,b3002707-86e9-43d5-956d-cf108fb6a23f,0775dc45-b49a-4b77-ac42-878673bade62,2026-07,0,0.24096561583311435,0.3333333333333333
189448e8-4b4b-4dd4-9df8-3b06e52406a0,b4a50439-db13-dc26-d980-eb079b321460,902fa4e5-f7dd-4671-9d39-6516ba2e51d8,2026-07,1,0.8675500608757747,0.9
3c2947f9-9dee-4285-8aa8-6011ca8a8677,b6263381-5732-4544-952b-edde50fdfc28,7013f2db-d34c-4c31-b3eb-91d6dda154ff,2026-07,1,0.7461456064185118,0.5
c94633eb-ee77-41a9-94c8-277dfc5e6d32,ba8dd5e0-ed0e-8b6a-7098-2732476feb31,31a1c073-bb44-4019-8548-0c5a8114de7b,2026-07,1,0.9855092410126465,0.4074074074074074
f1d1da75-0fc2-4506-9262-48dcfea0a391,bcf8ffc1-fd5c-f6ab-0453-7a73c73786dd,d1981985-ab9a-4777-b85f-46da934e391c,2026-07,0,0.23163313283845494,0.08
2bfcbb33-afdb-40ef-9145-938e1cdf7caa,bdcc24e3-6077-3ea9-b25e-2747d0f07be7,34b48e10-aa34-478c-954d-06259adb5384,2026-07,1,0.9063208110134825,0.5882352941176471
0f2eaf4e-655a-4cd7-a80a-4effef73feb8,be2214d4-f4b5-4c51-825a-83cddbfb06f8,45f06c81-d7ff-4111-a873-a9531d7c18b2,2026-07,0,0.7368628909016182,0.6388192166698823
34b61bad-d90d-4b16-b05c-be1105dbb12b,be68c44d-d4d2-478a-7b1e-c9c3fefac406,c6bf983e-033d-46e6-825f-5620364a403d,2026-07,1,0.9411773730879598,1.0
e817d9bc-ab36-4b4c-aae7-aec80e67a7fd,be84008a-74d3-3cc1-6fd6-bcef998f7bff,4ab14a0f-9437-43ed-9504-94985a2312ab,2026-07,1,0.999195775556699,1.0
34bb8bfa-04a3-4c6c-862d-802d6007abe5,c02eb961-2471-c285-9c28-fb9a12aaf70a,c1c258d3-0750-49fb-8d6a-a5a84de41974,2026-07,1,0.9964225869062917,0.7857142857142857
fc6e6155-fdab-460a-a6b1-c4db781754d1,c09e703c-d287-38c8-d1c1-239145e17df9,d60bf084-22b7-4aeb-a8fd-b48b4786c6fd,2026-07,1,0.9975028402282863,1.0
802462bc-c768-4a9e-a6a0-506141feaf2b,c2329858-525d-2f70-5e31-bf9a8358eb3e,956b173b-5f08-4c46-999e-d04c26cb3609,2026-07,1,0.29614246159263014,0.14285714285714285
eb1fcd9c-431e-449a-8f2f-19d6d1712afb,c2f58086-b0e6-4083-b634-acc444ebc69f,cd9ca88a-0864-48e3-b8e7-296f64e06185,2026-07,1,0.5830041105083712,0.6388192166698823
fce0dd71-ff55-4d41-93b7-ab538e495206,c2f58086-b0e6-4083-b634-acc444ebc69f,e02f5ad1-ec73-468d-8cb6-27d54cb62b81,2026-07,1,0.27539186272047445,1.0
07118777-1f0e-487d-87bb-3d7738489ec6,c2f58086-b0e6-4083-b634-acc444ebc69f,cd9ca88a-0864-48e3-b8e7-296f64e06185,2026-07,0,0.9126190091829901,1.0
a5ba72ca-eaf6-4848-a2cf-907325934f8c,c2f58086-b0e6-4083-b634-acc444ebc69f,e02f5ad1-ec73-468d-8cb6-27d54cb62b81,2026-07,0,0.7268836307322655,1.0
fe05c569-fd27-4731-94f4-c0bc540f9b38,c39e5b6a-5497-09b6-25cc-89f1ea8a608c,014f81be-2724-4302-8681-1c89fa734cce,2026-07,1,0.91811028937514,0.8571428571428571
53ab57cc-2d26-4d8a-96cf-48d221926242,c39e5b6a-5497-09b6-25cc-89f1ea8a608c,014f81be-2724-4302-8681-1c89fa734cce,2026-07,1,0.8580691547024996,0.8571428571428571
412ab910-8074-4c52-83fc-5ec66cc845b1,c3c77367-5f51-f7a7-e667-0e3480f53751,1d2dab29-e24f-4dd8-adeb-4c7b2bd792e0,2026-07,0,0.2982676068152888,0.3333333333333333
00972509-04c3-42a4-a0dd-c5b339e98169,c49181cd-07c5-4c6a-a996-4146d002c886,d01b8836-44a2-4310-a6f9-2f87d399cc4a,2026-07,0,0.19931931906490855,0.0
edbf6255-8c67-4a8f-8d53-c9500eba1f26,c511ac63-cb7e-1453-92d5-ea4ffba1c360,53bd63b6-67b1-4de6-94a4-66b940e4e20a,2026-07,1,0.9491376997934375,0.36363636363636365
059fd274-5fb8-4eea-abb8-9606977f5c0a,c675e97a-0958-0695-90b3-49311eec8fd7,f3d5faeb-a060-4d56-bb7c-559d3f157f51,2026-07,1,0.9848835900888052,0.8181818181818182
a8b7587a-847b-4295-9f47-3aafe14fffe2,cb2574c2-6caf-4598-82dc-12b9569a6451,c5047a0f-6374-4758-87f4-9afa4ef861b8,2026-07,0,0.744883476229423,0.5
5431286a-b4a8-457c-bc9f-61cd6b05103f,cd2c3f97-4df7-b32f-d0c0-12031beae516,1265235c-5696-491b-925f-044ee29ba97e,2026-07,0,0.2549170983480195,0.07407407407407407
2d537f17-1600-4343-894d-55e52a0b7a2a,cda37b51-1bbc-af0d-a560-49af88fdc751,467a4a8e-2db8-4bd3-a0b3-e4d37731be26,2026-07,1,0.4502163450329078,0.7727272727272727
add1d48c-26a9-4f22-bba6-6e40e76d0776,cf1318a5-0564-4af6-d90e-c3e76de1ef08,5268e485-491e-40b7-942f-61c133c796bb,2026-07,1,0.9966365840111984,0.9696969696969697
068da225-2fa2-43bb-b02a-ecbcee03ce01,d225973a-f437-d98e-4e24-0fb32a7bfbe8,0eaaeaef-9e94-4d72-ab6c-6f4fa8a5eb26,2026-07,1,0.9983120225786984,0.875
a2e31bfc-e9ec-4eb1-87ce-ec88606d608d,d2449d75-0593-4deb-a6c2-fae99fc83ab0,6d852880-001e-41ee-b447-e94c58384795,2026-07,1,0.4902165740073247,0.3333333333333333
e818a3c4-8e5b-4092-bc5c-2ace5a895e19,d257c87f-0e42-048c-8409-362e925d86fc,597c2d33-b758-4acd-811b-c7b22289dcbc,2026-07,1,0.999397012836612,0.9259259259259259
10f6f14a-f89e-4624-bdba-d3adf2211beb,d2de48e8-0097-4d6d-8e3d-62ee7c8f2fcd,c27e2530-59cb-4fcf-9950-ddbc7703f3ee,2026-07,0,0.0626690752294825,0.6388192166698823
5ff8960d-7ae3-4a48-a0b0-f8922e5ebcec,d4890451-59e6-45f4-a75f-b2199aa5a3a7,dad1b29f-8aff-47de-904a-221021ab7353,2026-07,0,0.1320373587146217,0.6388192166698823
9cb076b7-87dd-48f7-b9fc-7a9b618e0612,d497808b-36e2-ea42-d247-85b4e409078c,959010dc-2b21-4db0-bbcc-902c491be61d,2026-07,1,0.9919347803902926,0.8571428571428571
ca93778b-4719-4ea1-a302-ee04e64df637,d6d33436-345a-e39c-9f8d-91c76dca514e,1bb08655-ecc9-4795-8186-bb34f130a593,2026-07,0,0.18112938986559463,0.16666666666666666
8559730f-18d6-4366-99b5-73771fd98c90,d751c131-c1c9-4f5c-88f8-7e4c6cb710b3,452510c9-42bd-481f-b8df-4cfcdf59bb2f,2026-07,1,0.9940295975946789,1.0
b65d5536-03b2-4018-b3cd-0b5dd7ba19e7,d77b5c1e-605d-6795-5eee-1e2f9b83e069,ae68c045-42d5-44b9-877b-34c32d98fdbf,2026-07,0,0.8701380866642232,0.6923076923076923
788883e4-2b9f-457a-a732-7061cc073cf3,d8c4b3c5-9b2a-4c6e-b1e8-0a98c9175234,bcffd7fb-53a0-457f-9d14-6d9ef2bbf48b,2026-07,1,0.9644791238601322,0.5
faaa913f-d16c-40e6-ad43-6a0c131ed484,d926094a-e5b5-4bc7-af79-7f822211d3f3,edccd11e-94f9-462f-b112-ac7a25e14c27,2026-07,0,0.18072051749310183,0.6388192166698823
1a2a98c3-4115-451a-970d-675c1f3b1b67,d926094a-e5b5-4bc7-af79-7f822211d3f3,2cbbaf40-cfba-4ec9-93dd-f9cab8685a47,2026-07,1,0.5558435357207624,0.0
575b81c6-fcdf-4319-a1dd-1c07eee9b0cc,d926094a-e5b5-4bc7-af79-7f822211d3f3,edccd11e-94f9-462f-b112-ac7a25e14c27,2026-07,1,0.9737744549408386,0.0
eb858e4a-4b17-4d3e-8477-9074ee939595,d926094a-e5b5-4bc7-af79-7f822211d3f3,2cbbaf40-cfba-4ec9-93dd-f9cab8685a47,2026-07,1,0.8691475375141005,0.0
419275a9-a44c-4377-a341-65de39ccbcfb,de481a65-2fb4-4974-b7db-0ec990ea852d,fea05c11-59c1-4026-b397-4565e58eca15,2026-07,1,0.9760126302694199,0.6666666666666666
f055c25e-8172-4aca-af41-31d58925c66c,df5ea39c-c069-5211-271d-f0d3831adefa,3394785d-ad9b-442e-9c87-3ab4f47b1876,2026-07,1,0.9471903790312025,0.5384615384615384
e68f6f41-f93f-4191-80f8-b15dd36f0d4c,e0174322-3fb7-483f-91a0-61b903ae3e49,e8538798-34a4-4d14-b1a1-7bf0f633ccee,2026-07,0,0.5052829405493898,0.0
055c0af8-b9f9-452b-ab66-b89b7f6c8706,e17238d1-34ce-0cbb-4dc0-f65e60ff52f7,5c6e4440-a7b7-4d5b-baec-a422ba050dcd,2026-07,1,0.9987892372602749,0.9411764705882353
380f2aec-7072-48a5-8b6b-ec98b35be06c,e426d68a-16d2-9097-ff7d-ae2521fb52e5,9c588654-a04c-4dad-9514-9aff226de468,2026-07,1,0.1730772446148685,0.16666666666666666
f16853a2-ef8d-407d-a050-991dffac7b8b,e6dde6a9-4da9-d1a2-802a-faf5db207e8e,948c83b1-ecc1-440f-9997-479b290ef8a0,2026-07,1,0.9540906470261155,0.696969696969697
3182fe56-55ad-4e91-8525-03a673f0f7c6,ec6bd398-2413-2c67-18db-10bdd92ee4f9,83dd2c1e-368b-4c57-b9b8-fbcd6ae6ea9f,2026-07,1,0.9949162951757791,1.0
ea869205-6218-4ec4-87b3-2e8f6b5d3122,edee54e5-b970-ea10-551f-b156c26d8f0a,ddc84784-c683-4996-b4e4-d17137b9a82d,2026-07,1,0.9835214128298091,0.8571428571428571
76eaa07c-5784-4291-b7f9-27dbefc51f6d,edee54e5-b970-ea10-551f-b156c26d8f0a,ddc84784-c683-4996-b4e4-d17137b9a82d,2026-07,1,0.8373127855865753,0.875
9897872c-ef28-4174-a368-c56257a0f24c,f16a668c-ea8a-b26d-9dff-4da3c53fccc7,1b2b14f1-f84a-404b-8ef1-fec032dd447f,2026-07,1,0.9924415056970931,0.75
d003c2f2-97cf-405f-a1dc-2c2040627739,f284b25b-d762-1399-a12e-ba7ffa6b6f97,1129e54a-0b3f-417c-b6db-e1090df6981b,2026-07,1,0.9958184123247935,0.5555555555555556
7c290a13-6669-452f-afe6-2270f106cc0d,f295149c-bcb1-4d48-93ce-d2ea593d29c3,fb6ca425-9e5f-4f51-811c-c180458d07ca,2026-07,0,0.4037351400775161,0.0
fb35f43a-054f-4c8c-b5b5-88e5f4ead4fd,f2a00e3d-de04-40a3-6f41-a3ebfcab4a3c,4da78ee8-cbc6-4e20-949d-cf7237c7129e,2026-07,1,0.9673687634526078,0.9090909090909091
1a2e4cfc-8517-4346-8168-b1f61823eac8,f59fa4ad-6dca-c7e7-d459-5326609a6412,22fa5986-8a5e-46e5-8860-bcd0d2050e7e,2026-07,0,0.7401349074428901,0.4
22da353d-1375-45d6-b4a9-0835e39b2685,f70ae790-e17b-aca8-a21a-82ddd895450b,53e90bf9-8b82-4fc9-ac46-406163bf802d,2026-07,1,0.9624472202209283,0.6666666666666666
162758ad-a556-4dcc-9a78-cc1f3ba105be,f91c2854-a88b-4630-b2a6-c48401e4dd14,5d25f43a-c0a9-4111-b201-e334553b2899,2026-07,0,0.3358988840999236,0.5
ea87fd56-9363-426a-8696-78c611273720,f9eb9b23-5f60-4ec4-b990-8313323bb759,ed5ebbd4-719a-47b9-b71a-3f69da2e9369,2026-07,1,0.9873396942351174,0.6666666666666666
0df4e4e5-62d0-4980-b31e-85270d2035c1,011b7d1c-5697-5394-c05b-fa0473640657,261c6838-0d2b-4ef8-b7c0-722341418ce5,2026-08,1,0.9895511562818398,1.0
00b1c9e6-5a39-443e-9070-7e37c3ee20c0,01af6f97-6cb1-4799-9476-493b8af42437,65441d96-c57b-4b05-b65b-a7ff2a0b9127,2026-08,0,0.4423869414205512,0.0
86e5d137-c011-46d2-a875-5c1c3fbf4d2e,0278721a-a690-833b-298a-16a351fb7a3a,6555e453-3efe-45a0-9b81-711fbf2d0726,2026-08,1,0.9995085761578221,1.0
08921217-7532-401a-a55c-1cac4e325d16,0366c854-a2dd-42cd-b83a-7a0affb3fa85,c0fa4ec4-61f4-4502-afd0-f819dff3ab5b,2026-08,0,0.5144708723439453,0.0
5a3bdef2-a7f6-4a2f-88c3-f82c3c44ca5a,03ce56c0-8798-b95d-7125-311b80363e74,90df3267-4239-48a4-89aa-4a61e24239bc,2026-08,1,0.9940356355411223,0.875
4930fcaa-2907-4794-b322-8af3d1cec975,04ba1c6f-6c06-819d-9ecc-a0c5f795b922,cbde9bdc-2d51-4e5d-a732-1df1160c4b74,2026-08,1,0.9966160233701796,0.8
3832fc96-fc13-477c-8382-81d6e7e1ff0b,06061874-ce68-4008-82f6-50ace2ba4bf4,f0913317-e6dc-4581-b4bc-db324957bb05,2026-08,0,0.3181314124020446,0.0
c4d2132c-2906-4243-9ff5-82dab3a04c5c,062b56c4-c469-4ef7-b4e6-9615dd770ec9,3a99b199-56c3-415c-bebd-c2d8b28f0972,2026-08,1,0.14006446343202397,0.0
feeb7562-64c0-4eac-a1fa-367aa6673330,073e4bd7-f1f1-49d3-604f-c365b9952a6c,e70ad66e-a26a-4c8b-a6e1-9743710c50f9,2026-08,1,0.9619577122456919,0.7857142857142857
a9ee45d3-8ae3-4d29-a70f-1e577ad3e06f,07734943-434c-4c8b-b1fa-49d7c4e8a7fe,d08cab43-6304-4be3-8531-9f4066c2c461,2026-08,0,0.2621907802993487,0.5
cdc8f6e8-8619-47f8-b975-0fad1034a978,080eae03-9f65-4515-aec2-8924472923dd,deef0c83-4c8c-46e7-bbae-139905f81a3c,2026-08,1,0.941767747193312,0.8
98d34fbc-6e00-4325-887a-990ab2f96a2c,0f9eb102-09ca-440e-adfa-ded3e743f533,508c8a41-f86d-4b1c-877c-32061f4f7bcb,2026-08,1,0.12899816203494072,0.6388192166698823
d7d90c84-fbc0-4abf-a6fd-aab10aff10d2,11316c38-dc08-4983-3588-fcadd88bd5d2,597a1580-9401-42ce-a407-c9448d5017f6,2026-08,1,0.3358024572696049,0.38461538461538464
e884c8e6-1a7b-48f8-808a-39fff5ae3c5c,11e59c65-004e-4eea-a733-d3a6a7c65fb1,44b14c26-5b84-4a81-912c-9b0e2c7b5ab2,2026-08,0,0.23261682722507465,0.0
a6ebe29c-93ce-4aa4-bb49-c307ccaa144a,11e96dd2-92f4-f793-56db-439d5b3de156,3f072df4-ca44-4975-9844-ebd8be4312e0,2026-08,1,0.9796909239558091,1.0
b31cfa22-6582-4f99-95b5-55e5bb0ffdd8,12062e7c-25cc-4c45-8869-abf33c8a981c,6ca3eea4-73dc-4e3e-809a-bc43ca4d4e08,2026-08,1,0.8972752725300417,0.75
3a4b8f63-3afb-4711-be9d-081e65c68feb,1218c50c-4da4-4f61-baec-5182a25958e3,2acd9f1d-5e5c-475b-b951-24e908d2fd9a,2026-08,0,0.23148562210207912,0.0
669315d4-334e-4437-85ab-8b734cb0570f,1287ac56-adee-78b5-6a6b-56b3e8dd7d48,c88936bc-cb40-4598-a743-3c301dd4dccf,2026-08,1,0.9426530216150119,0.9444444444444444
e75e65e2-8dcf-45b8-a2db-e2b54c4cb137,146a8458-f956-54ed-317f-b99f7d16fff8,9698da1c-596f-48ae-8618-16b9c409f192,2026-08,0,0.09424270087250797,0.07692307692307693
06fb2812-95e0-47c9-b077-2b43add28db7,1604768e-85d5-4c44-882a-b748eddc1f37,17bf7a07-4e73-4ce5-8aa7-b66cd8363946,2026-08,0,0.4426218449402339,0.5
a1431c50-73f7-4ef7-8f30-4b3e35295d3a,18d86801-3cb7-11d4-8b9d-433429296014,9c5f6705-4936-4bf4-91d9-8bd75b4c341b,2026-08,1,0.9992457379668847,0.4
7ef14e53-b173-4d1a-bb3f-10e03dd8f680,1932ea80-c6eb-874e-eca8-12410fa7a608,7ce79ba5-79fe-49c0-9e0a-2ace149ffbd0,2026-08,0,0.5596361817453579,0.21052631578947367
ebb2c140-6b1a-4842-b6b1-2525905057b0,1a171004-7682-1c39-e6a2-758b668c33b0,d700c1e9-4564-4c4d-a800-2b6d68e962f7,2026-08,1,0.9941595940331378,1.0
d4ff2323-b116-4ec6-9b23-33656da01ef4,1a3b6c74-26e1-7124-0b5c-7f783d71624d,74d85a8c-cf99-492c-8656-d7bb8666ae7c,2026-08,1,0.9949027099057515,0.875
19037d32-55cb-4237-b522-85e3f50a2e4e,1b003ea3-bdcb-0416-c3c2-8ff60f2f65f5,419e1438-3ed5-4447-9f4c-68505b3371d9,2026-08,1,0.9993878718903234,0.9333333333333333
c04a91cd-5104-47db-951e-f6328b8ae1df,1b1e4294-4ed3-42e4-b820-7c443e8ddfcf,d92acb4f-8c3f-48ac-8e6b-e7e693fef3d9,2026-08,1,0.4975176732393368,0.0
6d452c2e-ff91-472e-8398-397fd4f7e683,1bc75090-ac1a-44a6-bb22-f211aca7c760,9a5c2a4d-3f8a-401f-b8aa-d0410e196176,2026-08,0,0.19160903350793843,0.0
c098c9bf-1ab4-4164-b6f0-d94a797589a1,1d4c0119-5151-7a5b-2266-f16e44f67157,55469cc1-579d-4801-bbbd-4f113cad46e9,2026-08,1,0.9945643129362731,0.9230769230769231
8ffbf90c-25f1-40a3-8c5b-927be26b89f8,1dc2bdca-ae79-4cd5-9d74-961c02cce282,53f80b16-81c6-48dc-a5b5-3ffad0099564,2026-08,1,0.9563288674172786,0.5
bc710f23-8fe3-46e0-9f96-dba820b452d7,1fc0c3bb-f35c-8d5d-a4fa-a9c1723cd8ab,daa4363b-15ef-406b-adb8-5451eb652e2d,2026-08,1,0.9818853594292976,0.6923076923076923
1b45684c-2a4a-4932-b6d8-957a64f28ba6,21e237d1-286e-324e-0cef-45725d629768,a6e807f3-afdf-44ff-b5cb-81a3f0906217,2026-08,1,0.9962993561825182,1.0
acbd44a3-80c4-40e7-afa6-98c8f38b3f4d,22a9494d-0e02-6fba-4aee-7947f1e6110b,a9694079-2985-486a-8cd6-bd3243751b22,2026-08,1,0.9985544744555772,0.9565217391304348
baf70654-1d26-478d-8f0f-4f509cc8747c,22b0be2d-52c5-1127-642d-4f1083b404ca,073645a4-3ce2-4cc7-96cf-54d0f49f2353,2026-08,1,0.18762248132405654,0.25
e8afaa58-7e6a-4ecc-b5d9-133d63cd24c8,238b347e-e7e9-b1a3-31a8-a2f8fed99f55,3d2bb31e-a4e2-4d67-b934-8fbb641505da,2026-08,1,0.9985785113800312,1.0
6f6db963-c4ba-4a5d-8b1d-df901a4edd64,23bfb4c1-7bea-4ace-a564-9ae166eb6d35,403fd948-6055-496f-bf65-b5f1c7f8ab55,2026-08,0,0.05823939149490807,0.6388192166698823
31426215-d02a-41d2-afac-a5fa860b4cb8,23f7ef5f-6b26-a104-b616-b438d7e9243c,8cada743-d341-4211-b2f2-094d551e9ef3,2026-08,1,0.982267687911551,1.0
b8f7c5d7-1ef4-483a-b68c-9302613f09a4,257579ca-bef0-99b8-f916-e518891ffdab,66d111c1-cc43-45d5-a2c0-be03b4449aeb,2026-08,1,0.143757128302076,0.0
e6821015-3a40-4e78-baca-08c8c7a4ec8f,25aa2406-e171-b558-8249-7a525d126d8f,a0c56020-2eb8-4b3c-80a2-f837b1555d64,2026-08,1,0.9963216828030439,0.8888888888888888
1624416e-5fb3-408f-88d6-db2d5642f8f3,25ef6338-6197-45a8-82d9-ddd0a846f1b2,7e0d9e6f-f4ea-425d-9869-e4649eabffab,2026-08,0,0.3179545007874668,0.3333333333333333
d909531d-49bd-4adb-b21b-fd55f96b377c,2631ddfd-660e-8719-1876-82cf88e13a60,0c8b2433-3b52-4a31-973c-d1049e2367ce,2026-08,0,0.16992177877853396,0.1111111111111111
51fb7d3b-e7d5-4467-aae1-ea6d0a1bc112,2794ccf7-4966-f00d-35d6-34ac17db73ea,29309a70-09a1-4c35-b877-ca27b04ec436,2026-08,1,0.9991544016134809,0.926829268292683
f0c8e4ea-c3eb-47cc-bd1f-49a8b10185c3,2a00764b-10fd-4f2c-84a8-b611cf9b893a,bd43bb0e-75cc-46d3-9bb3-0970271f685b,2026-08,0,0.5608195363682804,0.5
6ca9c9ef-acf2-4511-8a3a-7a1157a9fa5d,2ac2da6e-0954-f906-32d7-a1f55477c590,7c23b4a5-63fa-47d1-8211-a565f6ed8ee9,2026-08,1,0.9913347547614794,0.8571428571428571
38343ffa-7f70-45c7-a973-4845839b06b5,2b785f57-1c4f-d4a8-d486-b69e7b2db5bc,3c7ccdf6-cc34-4475-9b15-a0933043ad80,2026-08,1,0.9957266202551555,0.9375
af81c712-61e5-4033-9558-1bdc8cdd6e01,2ba81159-3fd3-401a-b806-4cf09e7dce86,c6035e5d-f32d-44de-a23b-055e75dcfa6b,2026-08,0,0.2117689325604716,0.0
a4e705ac-defb-4a84-9cf5-4432b20fe25a,2c1980eb-be51-916e-8f61-1e8fe83afb0c,345fd782-4252-4f02-958d-3531a545878b,2026-08,1,0.9740328190263464,0.75
c1c9af7d-8b61-46f1-a530-c8f262aa2016,2d700a6b-44c4-438b-841f-febe1b2c47a7,32d53862-5d4f-46ee-a5d3-3372c75389c1,2026-08,1,0.9357624115131673,0.5
574bdf90-bc5f-420f-8e19-e6506d7a79d1,2e7429df-04ff-40b8-8b77-da551c9573fa,21d670a9-7003-48a3-9542-b7615c12760f,2026-08,1,0.13626117854136047,0.6388192166698823
ea31a70a-12b4-4cd0-a415-2930c2c46f62,30f37c32-22c8-495f-9468-246790e56559,f45d9f5f-f04f-4a35-88cd-5579e5341445,2026-08,0,0.5919413623387012,0.0
8296aa87-3968-41d0-bcea-acbfa9978e17,3191d29c-7cc3-4be1-8972-df4076747878,3cefa430-cbfb-4bcc-be8e-442a4a193045,2026-08,0,0.48394647991646017,0.0
704e6f54-2096-449c-a9f1-6fb45a33920a,31f3f7a3-5dc4-21cd-ba54-b41347a7822a,2d403254-d4e3-484a-ab66-492809785e47,2026-08,1,0.9978403534673579,0.8421052631578947
04559784-422e-4c06-a158-0161d1fac1d4,34e36bb4-6313-46d3-af36-4f9ef75dc0a4,ca1e5c59-fbe8-4786-b241-43233c852dc1,2026-08,0,0.9234716416991349,1.0
a5b19abd-025c-41be-9680-a1ca999cb501,38069f8b-d44e-0b86-a0d1-dafac5ae1232,0bb006a6-102a-47c8-8091-3f3a4bc5731a,2026-08,0,0.3516856073301046,0.125
40c30fe0-eb75-4528-9981-ccd5fc066991,38305983-db92-2c3c-7949-96f7ca7833eb,f9922902-5337-46f5-bf1f-7d8982a685af,2026-08,1,0.9861224287472719,0.8333333333333334
d5b32fe5-c3e7-42df-b35f-dd5d5d61e1c4,3a22eac5-cd9d-4b21-9d6b-20e9106fdcff,fd43045b-00f1-45a8-9961-b318b8081c9f,2026-08,0,0.059436340106407616,0.6388192166698823
316eecd0-c28f-4453-a545-b4f715e432f7,3b27dc97-dafa-0480-7b61-5549a3ea7eee,be99f7a0-c9f6-43b6-9cc5-04577043e0bb,2026-08,1,0.7653163532077457,1.0
105c367d-7fad-4af9-934d-65b8f12a3aa6,3e50af3d-452f-d098-b3bc-3c2a64576d55,288569c1-8892-451c-ae1f-6ccf0c41daa4,2026-08,1,0.9908866147867527,0.35
190a75a0-b650-434b-aa10-47dea7d1c619,417cb75b-9992-4df9-28ae-ad4d2313621f,bb51f6f8-2b1a-4e9f-b3e3-16a942773d8e,2026-08,0,0.5461086633808344,0.4
eb4d04f2-ed87-4f26-b968-b0afaf4ce1b8,41a311d7-b970-4e78-a30e-a633fc4e5f2f,323a69fe-46d3-4b0d-b2ea-a768741e7f3e,2026-08,1,0.5919413623387012,0.0
d97d641d-900a-4f34-b9d9-7aa810734ef5,43774f3c-9ce6-fc78-7857-b8607c3e1966,db615118-b5d5-48fb-aa2b-90a5dc340c0f,2026-08,0,0.4347658558065943,0.5
e01d8dcd-4baa-4257-a7a9-54762bef0f8a,4505ca5d-0961-03c9-5943-ffda2a5ae270,0f6ef705-bedc-4008-88a1-8c600fe56c57,2026-08,1,0.9832522472573095,0.36363636363636365
ead95cb8-9eb4-4ac2-acc5-66810d5e666d,4628a4bf-d4c5-9e5d-471c-271b9f3e7d03,460261c6-c1c2-4654-81fa-19637f3602a8,2026-08,1,0.9981028036008565,0.65
bea65658-1ccb-4dc1-bea0-9f422e7703fd,491b8136-32a1-37c5-5253-b53ff3991d86,db02e562-aa09-448e-9187-bfa7c3788aca,2026-08,1,0.9506336842055071,0.6428571428571429
374ad8fd-b7b2-49f6-babb-74111255e089,49355947-7605-ec5f-7d81-a6597f38d76b,0318d74f-95a7-4ced-92bb-ded9eb88d273,2026-08,0,0.12423049079101205,0.0
ec4993b1-daeb-4d7d-b034-8bec303d2417,4c4ad4c9-59bf-f152-d0ff-6502ec564cc9,91e9c4a4-cf9f-4ea2-bbce-8ca8d01150ff,2026-08,1,0.9785657239674569,1.0
f6159f33-3c42-42f7-832a-bd6074e55618,4f75b0ca-7bed-c37c-cfd4-1e361a1bb6d4,94474160-d37a-495d-a16f-f7280c3b7a29,2026-08,1,0.8783145394134071,0.25
09796461-342a-40c3-8474-77118a4a7256,510cd475-6538-7d02-413c-1a0f553ba4e6,26a0a5ca-7623-4406-8776-15d57ccb11fc,2026-08,0,0.2416987505123013,0.1
97a1bd8f-f8b5-4ec6-9083-1b31000c657c,51c3d3a9-bfa0-4a8e-a687-3ef46bc022cc,6b4279c2-88e5-42c6-84c1-71f20002952b,2026-08,0,0.16650873008455203,0.25
431e1298-0f3e-4105-91e0-05bf8d46c547,5527e05d-475b-45ed-a6f4-284340eed262,76f856ea-75bf-4a65-b822-9265eb344968,2026-08,0,0.3165629673849108,0.25
03f96498-e716-43c5-abb7-49c80310e53d,55ca6f7c-112a-ec33-7c1c-987508bc9e41,3820ef49-8442-45ed-aeee-6a7a0cec9205,2026-08,0,0.23939189932237692,0.11764705882352941
0b28c63a-d7ba-4590-ac1f-59e03610e3a7,55e6e452-fae2-a5ac-3c12-21424bffbcac,6f08860a-522c-400d-b39a-2c974ff6f3cf,2026-08,1,0.9964221563341266,1.0
4ef29451-1b57-4a67-870f-1b0501200ea0,55e6e452-fae2-a5ac-3c12-21424bffbcac,052eaacd-614f-4cac-8bee-618b1549c36d,2026-08,1,0.9736479648221407,1.0
35639fa7-9ae0-4b59-85d8-d0058dd2a66f,5b45a840-9d6c-242e-0e2f-2e2c972c2eec,1b8d196c-a429-4d7f-823b-82a43769d60d,2026-08,1,0.054701112677951164,0.0
56a9f5e2-22a0-4679-a5ce-1afdfdbb9d37,5ce46f7c-d9f9-426d-be11-5e3b6a2bedb0,1d8b2085-b87b-4a65-a8c6-ee6b287ba381,2026-08,1,0.9264519146164298,0.75
70948315-5bad-4e2f-974b-1faf329588f5,5e901269-d116-cf62-7661-df859f5b02dc,a15489ed-053d-4793-b95b-de0cafc05473,2026-08,1,0.9985006400632958,1.0
cc009640-75b1-4eba-94da-dcfcb2922128,5eb9cf08-d888-4c7c-b6da-0b773bb39bba,4eff7b9c-84b9-48f9-b546-e0556106f1e8,2026-08,1,0.5108223462052294,0.5
845a0814-8d02-4319-8900-1c473ccbb9d3,5fee0a79-3970-704a-2332-f7c7598e86c1,fad9c620-d9d5-479c-981d-4bc0521c94bb,2026-08,1,0.9836833132805788,0.7619047619047619
73820571-6a09-4b8c-b7dc-e57fe6b452a9,61031b0a-ef18-26aa-64b7-d412d7b3d276,99eb3f32-d53e-4470-ab2a-09ed6e9b3872,2026-08,1,0.9989089564727024,0.5357142857142857
7817ae50-d5c3-4e91-b853-925d1fdbd363,61492721-611b-479f-9815-e09e0d7c95fd,a7aee36f-3d41-45fa-b6f5-99d3affc290c,2026-08,0,0.7732749394417594,1.0
a62aaf64-d00d-4f61-8c88-fcb7b26c60c8,618f174c-7c45-cb54-907b-cacc78483918,19cc5bbe-1012-4cbe-bea4-9ed7f1aa163e,2026-08,1,0.9989953166284694,1.0
93066ec2-cba5-4b0c-8a14-6e1b090f68f5,630c8120-bdbc-832c-24ca-aca9e6b49891,cdbd0a31-d685-4189-af7e-25c08d80399b,2026-08,1,0.9967610242613362,1.0
dbcc2c7f-6b26-4dc1-8a02-eae1d3c683c3,65dd3a53-9f8a-4d86-8de1-c52a46dcb5cf,34b068b8-ff44-4f19-bc55-ff1ccc2bcad5,2026-08,0,0.09317816105337848,0.6388192166698823
6b61be68-e4bf-4aa5-a41b-c29934c9050d,66fbcb59-3d06-d8cc-b1d5-53f38a599207,b6b48bf2-25a2-4810-9338-b1847a53c5ed,2026-08,0,0.09727297766032598,0.10526315789473684
86e2d1e5-0487-4ee5-aa8e-7b1a805182ed,696a4512-7d08-4e23-a774-91ee1afc42d1,5a78509d-339f-4045-a024-d2fe14b0f8b6,2026-08,1,0.8747843072653293,0.75
5261f66b-df99-4c90-9b7c-5607e75cb162,6d60a9d5-34ce-4336-9c23-231057dffa71,6658b5f8-6798-48ed-9e21-3fe4df3c32c4,2026-08,1,0.23261682722507465,0.0
517cb68f-d2b2-482a-8e83-2d24a5af60ba,6dd50e39-9843-4442-cc09-3b49fbe97fb9,874b3b50-b801-4e30-a0a9-808746433886,2026-08,0,0.06379432975186225,0.0
e368be74-8564-42c9-97cf-bffc5396c201,6e29f80e-ffb7-4c7e-9f39-a7980c00926b,cb8517a4-2c13-42bf-b7c0-95130bfd7275,2026-08,1,0.3979617940091327,0.0
77d514a1-60a1-4fda-9cd8-2d8284637c1a,6e52de53-d0e1-4fff-871f-36aa18ac4720,1a8854ae-648e-4d46-afb7-3ddbf102976d,2026-08,0,0.47520837213158956,0.0
3ade7b7d-2ede-4bdf-8bf7-e8980121c098,71492154-2bd6-41d1-b8b8-3acec9cedd1f,2c97d0a2-8c5a-49ab-a12c-e9aeaa347808,2026-08,1,0.3304045113434666,0.0
698d6164-ccb6-48f9-9704-3efafc4973de,71a9340d-9832-4609-a110-d9b5aaffc020,f70dca28-1fc9-495a-aa3b-8966f09e7f57,2026-08,1,0.9968405110853513,1.0
31162868-5769-409d-a653-e5b95d0fc1b9,72ac33cc-b9b2-9cc4-47fd-d37096c8f30d,c7f06da4-2365-433f-adc3-9f9169263644,2026-08,0,0.15560144644451082,0.25
15217236-2634-42e2-85bb-fb018d523a9b,733dd472-3b1e-dd43-76e5-082ddfe66c5b,43058d1d-6ce8-4ad0-9f04-48ad2efa67c4,2026-08,0,0.24947424211186825,0.23076923076923078
cb11c3d2-3858-4dc0-9b68-ced16224d5cd,73715344-908a-b7fa-00cc-34358ffb16f0,3aabe842-7390-4208-9bde-936af6f8b658,2026-08,1,0.9937183312235706,0.7142857142857143
611e6801-fd61-44c5-b582-06f948dd5b93,77dd12b8-a20b-05c8-2372-79ba1b1624a9,3ca315cc-b9c4-4379-be8c-c2df8c0e42d6,2026-08,0,0.043774132533961674,0.038461538461538464
28e403ee-cbdf-4b7c-b1c7-46079e4deb54,7949646a-1455-41bc-9b8a-d19f84772bbb,f08f0b98-4740-41e3-9fb3-cdc9d4e943cc,2026-08,0,0.38881334882640234,0.0
b8bae329-57c5-4f46-83ce-de6999d8288b,7976ec26-6b18-471f-96d3-aa39a03abac8,81960dab-ecf9-49d3-af4d-cae4502c1e9e,2026-08,0,0.4626348438258694,0.0
41d9de4d-2574-4fc9-9390-81ca83798b37,79d4d3fe-73c5-a965-030f-c60220ee20cb,e1603fed-7593-4717-b5a0-f63c1e03483e,2026-08,1,0.9917487857305761,1.0
2e6c665f-33ff-4e4c-9ae0-392d7bf9c830,79e31f6f-69dc-a40c-27d7-3f076878f83c,a0cd9c66-c067-4001-ad7b-586b6c15537e,2026-08,1,0.9977273078124004,0.3333333333333333
4d8855ba-1d44-4205-8313-7ce66c5b90b8,8123af5e-305b-80f8-20db-4d54b7f628c7,e42d2bdf-7c18-4bd9-982c-de09a231f52f,2026-08,1,0.9982765827673648,1.0
88133a80-d0e9-441d-a437-6caa8f6eeb64,82be44de-b1d6-4e48-e6bb-33ec98b83c7d,6edb4981-c302-4992-b7a8-e24912892b61,2026-08,1,0.9717364284771435,1.0
038f556c-3b08-4a22-bd79-220201195d18,8334eb99-0bc0-3c80-9ff8-83bea3d7b5ef,cae46a0c-8545-4ee9-ae5e-3f94bfa02442,2026-08,1,0.9887280147434699,0.5555555555555556
69a4e4e6-9ce4-4200-a392-e823202b016c,83af11b3-a274-7404-3265-ec658f74f8cf,a592d732-fe7f-4bfa-841d-7433e477f43e,2026-08,1,0.977665675202391,0.6666666666666666
0787349f-f0f1-437d-812e-948e75243151,83f51f9d-9d36-eda9-e7fb-5b1badbbd5d9,2f49d447-f15d-424d-9a7d-be051dc880d2,2026-08,1,0.9765790027536762,0.9166666666666666
7b90a2a8-fb82-4dd1-a5ac-5ce4f4af433b,854c86e3-8b7f-0ca8-f4ac-c6a073699611,8db9e51a-5204-4143-a5a0-086b8cd03403,2026-08,1,0.5787291577506622,1.0
ec5e2a73-8ffb-4e0a-8d5e-cb3ef7c3e72e,855f3f6a-72ae-46f4-4cc2-a9a0d5df5b70,9131c211-f95d-4213-9955-02879ced6aaf,2026-08,1,0.22752373701437403,0.08823529411764706
7b8664a0-04aa-41b3-a2fa-c0336ebb6aa6,86cd2239-fa55-0389-437e-e8fd505dc931,20d5e9a6-73cd-4f5f-9b27-ba9a13e7864e,2026-08,1,0.9810729548660034,0.5789473684210527
6bd12adc-34ff-4ce5-9be1-63ef8e9e0532,8709ca2e-a8a6-48a4-b8ce-e813c4796ab9,a6efc369-3910-43e4-b870-b5daf647ecd8,2026-08,1,0.5146183632322926,0.6666666666666666
9bf0df1d-2539-4873-99b1-b5ac3bc52b22,87a1e515-e2e0-110f-05d1-04f5a83c066a,a089c1bf-e6c1-4700-b4bd-52304e5c006f,2026-08,1,0.9966929469730317,1.0
4544c17c-5b52-4717-9c80-be432a807d28,890b32d9-f754-8150-5a18-8a21fcdf3828,badc4f52-9209-4008-bcff-ed3cf3a3726f,2026-08,1,0.6444807617301367,0.5333333333333333
1e53a483-0db9-4f6c-96ee-4703f9df0684,8971261e-a813-477f-94c0-0a9661dc4c34,4f2cdcfa-282c-461d-84f8-aefe0567d4f0,2026-08,1,0.3338268696696949,0.0
5154b116-6105-45dc-be0d-afcb9d9a9ce9,8996897f-e383-4fca-87f9-654e1b14b3c2,31c9b57f-ed29-48c0-8c4e-e04fee5d8436,2026-08,0,0.3244992662750655,0.3333333333333333
cd6f4c74-993a-4de5-bf0e-4bc78655c1c6,89d188b4-94a9-2f97-e068-155ed8ec3f5e,9ddc3b2e-3ea3-44e6-b674-4cc843ee0e0d,2026-08,1,0.9899757442859788,0.8
41deea45-6941-40c1-a7f9-2abfc9f454e6,8aacbc78-5e56-b3c0-f8bc-fcb5490b94f3,d06e259b-0f3f-4c09-bc77-00ec39ab5924,2026-08,1,0.9993019796954411,0.918918918918919
0f1c0a48-ed53-4e86-be38-d33c435583d5,8b48adf3-c14a-fa6d-9785-b4bcb35f8fbb,656473e2-7641-46ed-9ba0-9fa996a8b682,2026-08,1,0.9953679431490114,1.0
7d69306a-b593-42ed-a324-08d65baf014b,8d6ebc38-e2c1-4d2b-9366-4a456a82a6e2,86bbf62d-82b7-4d2d-85bc-ff008b7dc293,2026-08,0,0.06599316294277822,0.6388192166698823
92807ea0-6057-476f-9a13-eb18af0a8e68,8e39a9bd-3317-b2a6-22a6-16fa4cab9632,14f9659a-5710-47bd-945d-74b61d0ed70a,2026-08,1,0.9977403488057728,0.875
cb8089f8-ebcf-4468-9f40-e224e4f6bfd7,8fd367e7-7404-4ef6-530b-a40219a48f1e,de3fc75a-dc8c-4bfb-b959-494a94a5d287,2026-08,1,0.9205795996386117,0.5714285714285714
4fc255f7-c9a0-47d3-a6f0-c41c13ecabde,918b6526-10a3-4e0e-b3d8-7862211d2485,3cabe0f9-bb7f-492b-b069-bfa191e91033,2026-08,0,0.9366503482052625,0.5
a7d1b3a3-333c-4d38-af85-8c0d100da7a5,93eb3d6a-d35b-ef1f-83b8-7430b6ad1674,c812ba7b-6318-4ce6-b0dd-78749fff30e5,2026-08,1,0.9817588608897231,0.5357142857142857
4fe15f27-ed95-4c07-86e8-12ecdee9eb7a,950dd22f-78fa-d205-48b3-fe5a5cc7438e,62887698-aebf-475f-9c98-0a212110dd24,2026-08,1,0.9981538609661016,0.85
98fdacf3-4e28-43d4-982f-86240ff9dfac,9541a16d-d020-eb78-80f1-a4a2d4b7775f,bf9b5cd5-13dc-4229-9b7f-2fd8541f64b3,2026-08,1,0.9899260875171945,1.0
815bdc85-91a0-4df9-a218-1a6c75483b06,961c950e-debe-4dd2-8e5f-08bf92bda977,9494194d-43c9-47ad-8402-0c22cde7b00f,2026-08,1,0.29399378949928817,0.0
09ed32a8-649f-49d2-96ad-b98110b2e3d2,9653a402-ff75-bbdf-8cc6-1cb0ca01f233,81f71080-dac7-40e9-bb6b-3526cdd47015,2026-08,1,0.7456285979650408,0.2727272727272727
673851cb-eaa2-411c-9acf-f261f010ab25,9defe9e8-4059-ba6b-5abd-0d1304e73008,944f619a-6c14-4de8-8dae-91a253cabb83,2026-08,1,0.5198482391584961,1.0
3a1fd8b9-37d6-498c-b263-0a7146b357b7,9e188cc2-9f75-4d15-8fa3-9348236cae71,30bf7a47-8033-40e6-9b42-8c799808df57,2026-08,0,0.220817879790468,0.3333333333333333
73a2d6d5-fd85-41cd-97a8-737849e45112,9eb73523-a830-4796-9317-1a3f4e9e7254,af77c84c-c34c-43ff-a61d-62b390f12d3f,2026-08,0,0.9390508894574563,0.5
789b74e5-31d9-4254-9bf7-6a29a2d2a781,9fd15f79-3f68-411c-a282-24af6ade0fdb,4fbf07dd-60c4-4e20-a04f-3714c378ffec,2026-08,1,0.5973385149263278,0.0
07e264f2-91ea-433c-9f96-790c4ac4e64b,a467df39-5ec5-465e-a471-e2b54be7bc71,b158eb96-519d-492e-9c1c-6a34701ba7e6,2026-08,0,0.28532278560905505,0.3333333333333333
147c5a80-2f2d-4935-8c07-af04f426ea61,a4709d2c-85e2-3d68-7467-1eaf879ba2c9,a38411a4-41ea-4525-b071-7072a55c3975,2026-08,0,0.24062204100946905,0.125
e607d174-3a31-443c-b1dd-c8ef3dd8c144,a4ef95bf-1c7c-4c4d-0497-ae38085af6cc,22638b59-a59b-46e7-86b9-34c7ea2d2847,2026-08,1,0.9989414775321037,0.8
7caa5613-385a-4935-bc81-b2abe58c4d39,a6037691-771e-8146-3714-f9dedb8acbcc,9b2b3fe5-0f02-4525-a84a-61d6418d0fa4,2026-08,1,0.9988900861520368,1.0
c875befb-e32c-4971-a493-9adfa5e722cf,a7dadee2-80e3-eba0-084f-5f1847bb3aa4,a2b0ee31-8c68-4f88-82a0-a97f2818ee85,2026-08,1,0.9512697945687714,0.6666666666666666
17df809a-e3c8-4660-a618-00fb718563aa,aa88d180-8c53-dbe4-70de-ecf38130d3ce,ac2059a9-ac22-4c7c-94a1-cbc4cfbeb93d,2026-08,0,0.9987028759237307,1.0
82e6ad89-6a9f-4258-9a6c-19540fa3ca4a,af12a12c-92bf-088b-3073-292fe4dfc478,bdc2c4ae-b9b2-4aa7-b8bd-01fdd0145e27,2026-08,1,0.9969913208206347,0.9333333333333333
7801732d-bb81-4ffc-be28-c597fe387246,b0348aa8-ad9f-d0dd-94e8-c71a6627c930,db9ec732-0eba-43c2-8e97-5e7a05e17561,2026-08,1,0.9918316244269963,0.7368421052631579
f34a320c-da43-44b6-9a9e-624e28b1b6be,b0a6f0b5-9fd8-112e-2bfa-24fa8a25779b,f5dc7322-00ac-4867-a914-e2bddeac9a0f,2026-08,1,0.9912532149603249,0.9375
19dc0228-5b12-4442-9df0-451eff381319,b19dfc6c-a5d5-734c-3d3d-6389c281b3bb,2ddbff71-425b-4f25-a932-e1bf574b2035,2026-08,1,0.9990924063072406,0.9629629629629629
b905069a-8bec-44c6-ae8c-4dcddb5874bd,b2f85d5d-acf9-7c53-dc5b-0d3b67b462c5,ca99fa52-1a9f-4d9c-809e-b7b9c30d2129,2026-08,1,0.992018089247896,0.8333333333333334
62559f7d-e441-4fbf-b403-70bfcfdd59a1,b3002707-86e9-43d5-956d-cf108fb6a23f,0775dc45-b49a-4b77-ac42-878673bade62,2026-08,0,0.1342053851676241,0.25
556650af-a115-4d69-a8a0-c15454556482,b4a50439-db13-dc26-d980-eb079b321460,902fa4e5-f7dd-4671-9d39-6516ba2e51d8,2026-08,1,0.9943877221184908,0.9090909090909091
7b188fe8-83b4-411a-93c3-f243f038ee77,ba8dd5e0-ed0e-8b6a-7098-2732476feb31,31a1c073-bb44-4019-8548-0c5a8114de7b,2026-08,1,0.97838170858141,0.42857142857142855
7fb8302a-6d32-485f-ba29-20f4361b1c98,bcf8ffc1-fd5c-f6ab-0453-7a73c73786dd,d1981985-ab9a-4777-b85f-46da934e391c,2026-08,0,0.13978166719082777,0.07692307692307693
2ae3cdd6-ed08-4fb2-b25f-d1860fc8f487,bdcc24e3-6077-3ea9-b25e-2747d0f07be7,34b48e10-aa34-478c-954d-06259adb5384,2026-08,1,0.996228864792175,0.6111111111111112
4f9dbbfe-3580-43b0-bb94-d2ba7a52bd09,be2214d4-f4b5-4c51-825a-83cddbfb06f8,45f06c81-d7ff-4111-a873-a9531d7c18b2,2026-08,0,0.5435952448189808,0.0
e8558cca-9f5b-4f33-ac61-3d192b4f796a,be2214d4-f4b5-4c51-825a-83cddbfb06f8,d90be848-529b-49b3-ad05-997993e57c0a,2026-08,1,0.9326374748072332,0.0
77c53fa8-8e5a-417a-a73d-f62d0225f52f,be2214d4-f4b5-4c51-825a-83cddbfb06f8,d90be848-529b-49b3-ad05-997993e57c0a,2026-08,1,0.5335914797203737,0.0
3918a752-d713-4580-bf92-1c70cad1f016,be68c44d-d4d2-478a-7b1e-c9c3fefac406,c6bf983e-033d-46e6-825f-5620364a403d,2026-08,1,0.9165939591810042,1.0
4922bf0c-c19d-4dd2-9597-87a499327026,be84008a-74d3-3cc1-6fd6-bcef998f7bff,4ab14a0f-9437-43ed-9504-94985a2312ab,2026-08,1,0.9992614440759233,1.0
5500d6f6-e9d2-42bd-bbd0-049971bea7bf,c02eb961-2471-c285-9c28-fb9a12aaf70a,c1c258d3-0750-49fb-8d6a-a5a84de41974,2026-08,1,0.9971369945031665,0.8
c22f19b3-ad18-460f-99f3-95a50e098f19,c09e703c-d287-38c8-d1c1-239145e17df9,d60bf084-22b7-4aeb-a8fd-b48b4786c6fd,2026-08,1,0.9990750797606633,1.0
bc06e34d-1148-441a-873a-eeef83328e74,c2329858-525d-2f70-5e31-bf9a8358eb3e,956b173b-5f08-4c46-999e-d04c26cb3609,2026-08,0,0.4774678507214423,0.18181818181818182
ad32ad44-283a-4200-a248-66201410d026,c2f58086-b0e6-4083-b634-acc444ebc69f,e02f5ad1-ec73-468d-8cb6-27d54cb62b81,2026-08,0,0.9390508894574563,0.5
8dfed249-dd5f-461f-abb5-d1d519428ed3,c3c77367-5f51-f7a7-e667-0e3480f53751,1d2dab29-e24f-4dd8-adeb-4c7b2bd792e0,2026-08,0,0.2007538289207538,0.2857142857142857
a5653c5b-ce94-46d2-bffd-7aeda41f6258,c49181cd-07c5-4c6a-a996-4146d002c886,d01b8836-44a2-4310-a6f9-2f87d399cc4a,2026-08,0,0.14771894802113358,0.0
c21ab206-217e-4181-9082-b98bf85f5fd4,c511ac63-cb7e-1453-92d5-ea4ffba1c360,53bd63b6-67b1-4de6-94a4-66b940e4e20a,2026-08,1,0.3670623780158713,0.4166666666666667
a62525bc-054b-460a-8221-2b94970784db,c675e97a-0958-0695-90b3-49311eec8fd7,f3d5faeb-a060-4d56-bb7c-559d3f157f51,2026-08,1,0.9825779254180593,0.8333333333333334
370aa89a-90c3-4ee1-afd6-ae60e718cff2,cd2c3f97-4df7-b32f-d0c0-12031beae516,1265235c-5696-491b-925f-044ee29ba97e,2026-08,0,0.26635269461103056,0.07142857142857142
c99c69b7-1dac-4e81-919a-034e3b826d6f,cda37b51-1bbc-af0d-a560-49af88fdc751,467a4a8e-2db8-4bd3-a0b3-e4d37731be26,2026-08,1,0.9963964599279206,0.782608695652174
8c1b2b32-a89d-418d-8bd5-589cf346951a,cf1318a5-0564-4af6-d90e-c3e76de1ef08,5268e485-491e-40b7-942f-61c133c796bb,2026-08,1,0.9986244517606688,0.9705882352941176
30245d12-bd21-49c4-ae45-a40c062d4b7d,d225973a-f437-d98e-4e24-0fb32a7bfbe8,0eaaeaef-9e94-4d72-ab6c-6f4fa8a5eb26,2026-08,1,0.9984729949594923,0.8888888888888888
02f63cd2-38f9-4867-9372-2ba9e68177bf,d257c87f-0e42-048c-8409-362e925d86fc,597c2d33-b758-4acd-811b-c7b22289dcbc,2026-08,1,0.961265353962426,0.9285714285714286
406883b3-4c81-434e-bf3e-55d26d001904,d2de48e8-0097-4d6d-8e3d-62ee7c8f2fcd,c27e2530-59cb-4fcf-9950-ddbc7703f3ee,2026-08,0,0.3448670253605464,0.0
0ef36ab3-87d7-443b-be1d-aa08439f014d,d4890451-59e6-45f4-a75f-b2199aa5a3a7,dad1b29f-8aff-47de-904a-221021ab7353,2026-08,0,0.6210630645382061,0.0
59610567-0da4-42f8-b780-2aeaa05b2629,d497808b-36e2-ea42-d247-85b4e409078c,959010dc-2b21-4db0-bbcc-902c491be61d,2026-08,1,0.9944642763476665,0.8666666666666667
8ab9317c-43ee-4119-80bf-c812068f41c6,d5ef5788-b130-4329-b2e7-5e0112badb3b,537d7700-2397-448d-a0b5-3579e13e2964,2026-08,1,0.052810648557698917,0.6388192166698823
0b44f982-2850-441f-a2ff-5418c536025e,d6d33436-345a-e39c-9f8d-91c76dca514e,1bb08655-ecc9-4795-8186-bb34f130a593,2026-08,1,0.1557901929877185,0.15384615384615385
bda00ae0-464b-4e7a-8f69-f9c93800b761,d751c131-c1c9-4f5c-88f8-7e4c6cb710b3,452510c9-42bd-481f-b8df-4cfcdf59bb2f,2026-08,1,0.9980238221223587,1.0
fe0d7474-dff6-4aaa-a402-178a1642ae88,d77b5c1e-605d-6795-5eee-1e2f9b83e069,ae68c045-42d5-44b9-877b-34c32d98fdbf,2026-08,1,0.6556853561965834,0.6428571428571429
a919f954-532d-4330-b45c-a99590d2873c,d8c4b3c5-9b2a-4c6e-b1e8-0a98c9175234,bcffd7fb-53a0-457f-9d14-6d9ef2bbf48b,2026-08,1,0.9593999374411275,0.6666666666666666
787e6508-7e07-449a-813a-a6dd6b944b60,d926094a-e5b5-4bc7-af79-7f822211d3f3,2cbbaf40-cfba-4ec9-93dd-f9cab8685a47,2026-08,1,0.944609682508635,0.75
ef36d67c-fbc5-49f0-9680-57c0901ed518,df5ea39c-c069-5211-271d-f0d3831adefa,3394785d-ad9b-442e-9c87-3ab4f47b1876,2026-08,1,0.972142259886291,0.55
0eada564-2538-4c74-b279-45375a147280,e0174322-3fb7-483f-91a0-61b903ae3e49,e8538798-34a4-4d14-b1a1-7bf0f633ccee,2026-08,0,0.3816810536223396,0.0
947357c4-f600-4b7e-903b-bf7d941e6d91,e17238d1-34ce-0cbb-4dc0-f65e60ff52f7,5c6e4440-a7b7-4d5b-baec-a422ba050dcd,2026-08,1,0.9989450996924941,0.9444444444444444
81d246b6-f3c1-4583-b607-5daef9b4c847,e6dde6a9-4da9-d1a2-802a-faf5db207e8e,948c83b1-ecc1-440f-9997-479b290ef8a0,2026-08,1,0.9983518683713068,0.7058823529411765
7d139418-f9db-44d1-9be1-c2989ec2222c,e8530c57-faad-4ff7-aec4-fb01b6118ece,e365af46-795b-4530-ae58-60e0e516d232,2026-08,0,0.17833107283085314,0.6388192166698823
cf0c5a13-e581-4413-915f-6337a666b23b,e9138531-774b-4761-92b5-ba28b517d0dd,30d902fd-ac49-49ee-9adc-50287807f836,2026-08,0,0.06930631990516241,0.6388192166698823
378406d3-a568-4e6e-b0e5-b227fd54a34d,ec6bd398-2413-2c67-18db-10bdd92ee4f9,83dd2c1e-368b-4c57-b9b8-fbcd6ae6ea9f,2026-08,1,0.9982215328078944,1.0
463196f3-615d-4d2b-bc60-ab6b559a83a6,edee54e5-b970-ea10-551f-b156c26d8f0a,ddc84784-c683-4996-b4e4-d17137b9a82d,2026-08,1,0.7937664101425452,0.8888888888888888
6a5bfce2-46c6-492e-a3be-840d4b9186c1,f284b25b-d762-1399-a12e-ba7ffa6b6f97,1129e54a-0b3f-417c-b6db-e1090df6981b,2026-08,1,0.9874924757425142,0.5789473684210527
2f9b321a-da49-428e-b81c-c0d4503e537a,f2a00e3d-de04-40a3-6f41-a3ebfcab4a3c,4da78ee8-cbc6-4e20-949d-cf7237c7129e,2026-08,1,0.9599332939466495,0.9166666666666666
9e2b8c99-3fda-4486-bdad-495546144e75,f59fa4ad-6dca-c7e7-d459-5326609a6412,22fa5986-8a5e-46e5-8860-bcd0d2050e7e,2026-08,0,0.2563594516752266,0.3333333333333333
f0e5358e-cade-4dd6-acad-fb8a15a4ef11,f70ae790-e17b-aca8-a21a-82ddd895450b,53e90bf9-8b82-4fc9-ac46-406163bf802d,2026-08,1,0.9971471156964934,0.75
85c6ba63-0f90-4667-9eba-23933470bf94,f91c2854-a88b-4630-b2a6-c48401e4dd14,5d25f43a-c0a9-4111-b201-e334553b2899,2026-08,1,0.30108236663048876,0.3333333333333333
439deaef-96e3-45f5-b17c-9f5824f5ea15,f9eb9b23-5f60-4ec4-b990-8313323bb759,ed5ebbd4-719a-47b9-b71a-3f69da2e9369,2026-08,1,0.9922363298460791,0.75
